target,delta,ci_lo,ci_hi,delta_blockeq,ci_lo_beq,ci_hi_beq,ci_lo_c,ci_hi_c,ci_lo_beq_c,ci_hi_beq_c,p_cell,p_beq,p_two,p_eq,verdict4,verdict4_d10,verdict4_common,ci_dependence,noninf,noninf_d10,worse,rmse_A,rmse_B,rmse_p0,rmse_p0_beq,delta_rel,delta_rel_beq,verdict4_rel,limit_dependence,test_id,contrast,scope,n_splits,n_blocks_split_min,n,small_note,method,alpha,nboot,nboot_capped
Russia_W|x,-0.3584704368191609,-3.038784813653508,2.0734071207231106,0.9051182873496515,-2.0218539931122685,3.5791476485220977,-5.177746334691612,4.260854306805082,-4.121178959847361,5.494553666292025,0.8006,0.5144,0.8006,0.6173,미결정,미결정,미결정,,False,False,False,42.62078097128083,42.97925140809999,42.97925140809999,38.431604391888996,0.8595850281619999,0.7686320878377799,미결정,,L1,D0-P0|all,region,5,7,-1,,,,10000,False
Russia_E|x,4.405477327440555,1.4592459071397905,6.735743591513058,3.5551641748912495,1.3225412729131472,5.983934043152652,-0.07922945392226595,7.429022714696597,0.20283389405448915,7.204521548791926,0.005,0.0032,0.005,0.9952,열세,열세,미결정,분할 독립 가정 의존,False,False,True,34.12870447536169,29.723227147921126,29.723227147921126,12.447111736968571,0.5944645429584225,0.24894223473937144,열세,,L1,D0-P0|all,region,5,8,-1,,,,10000,False
Lena|x,-0.20206422420683906,-0.4418163296873943,0.12094081696792844,-0.03155479396866312,-0.2515001366537037,0.182760181022316,-0.5384897647485322,0.2862732123004774,-0.3646059008810026,0.2775977448181911,0.2352,0.7764,0.7764,0.0072,동등,동등,미결정,분할 독립 가정 의존,True,True,False,21.57064036768827,21.772704591895113,21.694280538290833,23.810091857494438,0.43388561076581666,0.4762018371498888,미결정,한계 의존,L3,R0@nested-R0@a1|n10,region,5,5,10,,,,10000,False
Lena|x,-0.12364017060256174,-0.367037491209958,0.11968521997346386,-0.23102016324552038,-0.47939688538265346,0.008707731669085587,-0.41221269621345474,0.2134543305455268,-0.5723303738878083,0.09823586954206286,0.2844,0.0588,0.2844,0.0178,동등,동등,미결정,분할 독립 가정 의존,True,True,False,21.57064036768827,21.694280538290833,21.694280538290833,23.810091857494438,0.43388561076581666,0.4762018371498888,미결정,한계 의존,L3,R0@nested-P0|n10,region,5,5,10,,,,10000,False
Lena|x,-0.17771398108444175,-0.4918153996197433,0.004537736663375598,-0.03830692553918311,-0.2377172917295157,0.1695665022936315,-0.4514487583408285,-0.03438862133972108,-0.25288380754841333,0.21952865730975196,0.056,0.719,0.719,0.0228,동등,동등,동등,,True,True,False,21.386015348152938,21.563729329237383,21.694280538290833,23.810091857494438,0.43388561076581666,0.4762018371498888,미결정,한계 의존,L3,R0@nested-R0@a1|n40,region,5,5,40,,,,10000,False
Lena|x,-0.30826519013789666,-0.7206050588536058,-0.08258773343453726,-0.27168028759371055,-0.486671881220631,-0.04527606430613759,-0.6671284622728904,-0.07197874100974971,-0.5011120526890765,-0.010135268496084173,0.0074,0.0182,0.0182,0.2236,우세,우세,우세,,True,True,False,21.386015348152938,21.694280538290833,21.694280538290833,23.810091857494438,0.43388561076581666,0.4762018371498888,우세,,L3,R0@nested-P0|n40,region,5,5,40,통계적으로 구별되나 크기는 0.5 cm 미만,,,10000,False
Canada|x,0.24424559332393797,-0.08706146233587268,0.4250728790627081,0.2538681567113592,0.04759698472378564,0.4570165997864792,-0.18618892234074833,0.4195478463634395,-0.02619427296385111,0.5265203477756648,0.2128,0.0146,0.2128,0.0104,동등,동등,미결정,분할 독립 가정 의존,True,True,False,27.655449148274368,27.41120355495043,28.164510627275728,21.7685645470174,0.5632902125455146,0.43537129094034804,미결정,한계 의존,L3,R0@nested-R0@a1|n10,region,5,12,10,,,,10000,False
Canada|x,-0.5090614790013624,-0.9139049746467873,-0.2747064761630781,-0.6399389545751802,-0.9719322465482441,-0.3251828133783269,-1.0529164334325811,-0.24547288297572886,-1.1613595663321452,-0.1499146052194446,0.0001,0.0002,0.0002,0.8044,우세,우세,우세,,True,True,False,27.655449148274368,28.164510627275728,28.164510627275728,21.7685645470174,0.5632902125455146,0.43537129094034804,우세,,L3,R0@nested-P0|n10,region,5,12,10,,,,10000,False
Canada|x,0.19988254708130385,-0.0658291458765642,0.37558550922118467,0.30910036886347925,0.1101304892250585,0.506102980919811,-0.12872441819604144,0.38655597192922275,0.06476362094791309,0.5551517217182882,0.1744,0.0026,0.1744,0.0288,미결정,동등,미결정,,False,True,False,27.625847661771708,27.425965114690406,28.164510627275728,21.7685645470174,0.5632902125455146,0.43537129094034804,미결정,한계 의존,L3,R0@nested-R0@a1|n40,region,5,12,40,,,,10000,False
Canada|x,-0.5386629655040217,-0.8858369269615014,-0.2968517124807604,-0.5193809621863515,-0.8489443221536009,-0.2019702273944724,-0.9765969176743554,-0.2956427799710614,-1.0089105982500224,-0.05421407148754381,0.0001,0.002,0.002,0.6698,우세,우세,우세,,True,True,False,27.625847661771708,28.164510627275728,28.164510627275728,21.7685645470174,0.5632902125455146,0.43537129094034804,우세,,L3,R0@nested-P0|n40,region,5,12,40,,,,10000,False
AL-2|i,-0.40912992949978066,-0.4567097157231258,-0.37697396082331924,-0.27968648567765725,-0.42384034408589216,-0.11938557885518013,-0.47228745257545524,-0.3771201430419847,-0.4672913499801182,-0.05882541455870067,0.0001,0.0008,0.0008,0.0005,우세,우세,우세,,True,True,False,13.90699230709969,14.316122236599472,13.141195223673824,16.992748685495886,0.2628239044734765,0.33985497370991774,우세,,L3,R0@nested-R0@a1|n10,region,5,5,10,통계적으로 구별되나 크기는 0.5 cm 미만,,,10000,False
AL-2|i,0.7657970834258656,0.6516632525897769,1.192177442861542,0.46268390324820813,0.14551146760133865,0.7688068938181897,0.5765888445946822,1.25544403882969,-0.06774602023291465,0.9345633925477832,0.0001,0.004,0.004,0.9993,열세,열세,미결정,분할 독립 가정 의존,False,False,True,13.90699230709969,13.141195223673824,13.141195223673824,16.992748685495886,0.2628239044734765,0.33985497370991774,열세,,L3,R0@nested-P0|n10,region,5,5,10,,,,10000,False
AL-2|i,-0.5899308517149006,-0.6381075914014659,-0.5551405464787885,-0.5186463680759491,-0.6559080871106785,-0.3780350338494333,-0.6515154856486283,-0.5645977515337889,-0.6979796683862712,-0.32282015306094874,0.0001,0.0001,0.0001,0.9999,우세,우세,우세,,True,True,False,13.611328311091375,14.201259162806277,13.141195223673824,16.992748685495886,0.2628239044734765,0.33985497370991774,우세,,L3,R0@nested-R0@a1|n40,region,5,5,40,,,,10000,False
AL-2|i,0.47013308741755183,0.36624206473885984,0.8334176672055063,0.13341739936981475,-0.17596670167837267,0.4278171419171812,0.28078918805077446,0.9191597544564812,-0.3899127777678891,0.5949460919258982,0.0001,0.3958,0.3958,0.5046,미결정,동등,미결정,,False,True,False,13.611328311091375,13.141195223673824,13.141195223673824,16.992748685495886,0.2628239044734765,0.33985497370991774,미결정,한계 의존,L3,R0@nested-P0|n40,region,5,5,40,,,,10000,False
AL-5|i,0.5282076161533311,0.1781075424102196,0.9264362096968222,0.4601313836526952,0.15123837084092773,0.8000635157028378,0.14181330198697412,0.93326733269755,0.1506792342103134,0.8194504924991154,0.0052,0.0034,0.0052,0.6858,열세,열세,열세,,False,True,True,22.12250259489294,21.59429497873961,21.84889719109507,16.83155045314178,0.4369779438219014,0.3366310090628356,열세,,L3,R0@nested-R0@a1|n10,region,5,4,10,,,,10000,False
AL-5|i,0.2736054037978718,-0.2676278235558035,0.5667008466027306,0.033957093309169295,-0.33211097226058084,0.40132046288438505,-0.2666310639726032,0.5181011349285829,-0.34583966720421927,0.44904315517669025,0.132,0.9028,0.9028,0.0692,미결정,동등,미결정,,False,True,False,22.12250259489294,21.84889719109507,21.84889719109507,16.83155045314178,0.4369779438219014,0.3366310090628356,미결정,한계 의존,L3,R0@nested-P0|n10,region,5,4,10,,,,10000,False
AL-5|i,0.3907565040405586,-0.18018578301377133,0.9067848772938741,0.09960653901326069,-0.4079548910321047,0.6169567152813359,-0.3899748551184353,0.9924358871657415,-0.5317251679925403,0.7638860447237236,0.1004,0.7144,0.7144,0.4243,미결정,동등,미결정,,False,True,False,22.022916436235324,21.632159932194764,21.84889719109507,16.83155045314178,0.4369779438219014,0.3366310090628356,미결정,한계 의존,L3,R0@nested-R0@a1|n40,region,5,4,40,,,,10000,False
AL-5|i,0.17401924514025352,-0.6410237071914111,0.6656574018765651,-0.17286149443480384,-0.7465998471223085,0.4186562008145012,-0.7853395134056197,0.7119549037129157,-0.9159058393386673,0.5909642736211747,0.1826,0.5734,0.5734,0.1452,미결정,동등,미결정,,False,True,False,22.022916436235324,21.84889719109507,21.84889719109507,16.83155045314178,0.4369779438219014,0.3366310090628356,미결정,한계 의존,L3,R0@nested-P0|n40,region,5,4,40,,,,10000,False
AL-1|i,5.75393560029669,0.2367116111230477,11.04793617620098,9.646834406509779,5.85342645370319,13.357799150180016,-4.036242924108236,10.64143500749282,2.061813821807644,14.64844639494538,0.0268,0.0001,0.0268,1.0,열세,열세,미결정,분할 독립 가정 의존,False,False,True,24.72486602025501,18.97093041995832,18.97093041995832,10.597496763650701,0.3794186083991664,0.21194993527301403,열세,,L6,D0@a1-P0|n10,region,4,2,10,,D0,1,10000,False
AL-1|i,5.561560104001603,0.11598564841153294,10.612546259022308,8.942747763476952,5.431968482424168,12.394698037134932,-3.839459913779171,9.706893060293375,1.8407228600903665,13.548503819853726,0.0416,0.0001,0.0416,1.0,열세,열세,미결정,분할 독립 가정 의존,False,False,True,24.532490523959925,18.97093041995832,18.97093041995832,10.597496763650701,0.3794186083991664,0.21194993527301403,열세,,L6,D0@a1-P0|n40,region,4,2,40,,D0,1,10000,False
AL-1|i,4.803762878040769,0.1473889319629824,9.42973802756608,7.5148885069185445,4.291196364047952,10.78736301023184,-3.83214082567638,8.152469408350909,0.6770370653444562,11.47033465074007,0.0382,0.0001,0.0382,1.0,열세,열세,미결정,분할 독립 가정 의존,False,False,True,23.774693297999093,18.97093041995832,18.97093041995832,10.597496763650701,0.3794186083991664,0.21194993527301403,열세,,L6,D0@a1-P0|n160,region,4,2,160,,D0,1,10000,False
AL-1|i,6.0133741015097,0.9781930386224256,11.128463294675429,8.704664913224573,5.1752347189188805,12.278660293000026,-3.4284287965315716,9.480793992466268,1.085782453112375,13.020129648929224,0.0001,0.0001,0.0001,1.0,열세,열세,미결정,분할 독립 가정 의존,False,False,True,24.98430452146802,18.97093041995832,18.97093041995832,10.597496763650701,0.3794186083991664,0.21194993527301403,열세,,L6,D0@a10-P0|n10,region,4,2,10,,D0,10,10000,False
AL-1|i,4.505306108923497,-0.036431682418360256,9.433032469058988,7.293537363919668,3.956493664260083,10.684869218025955,-3.773714616382074,7.928349397902688,0.5846174565573309,11.355549308036597,0.0528,0.0001,0.0528,1.0,미결정,미결정,미결정,,False,False,False,23.47623652888182,18.97093041995832,18.97093041995832,10.597496763650701,0.3794186083991664,0.21194993527301403,미결정,,L6,D0@a10-P0|n40,region,4,2,40,,D0,10,10000,False
AL-1|i,4.42280324458964,-0.3202458796980485,9.829748865746165,6.9027228358776,3.339611905250482,10.370799477861127,-4.003498175083348,7.978484151571695,0.1454444995681025,10.940011555252367,0.1388,0.0001,0.1388,1.0,미결정,미결정,미결정,,False,False,False,23.393733664547963,18.97093041995832,18.97093041995832,10.597496763650701,0.3794186083991664,0.21194993527301403,미결정,,L6,D0@a10-P0|n160,region,4,2,160,,D0,10,10000,False
AL-1|i,6.0729473445688456,0.9828867694011514,11.468015854530615,8.16771099344348,4.528882366857568,11.855922141830257,-3.4798302826056915,9.172524785698055,0.5174065912342853,12.240175238482502,0.0001,0.0001,0.0001,1.0,열세,열세,미결정,분할 독립 가정 의존,False,False,True,25.043877764527167,18.97093041995832,18.97093041995832,10.597496763650701,0.3794186083991664,0.21194993527301403,열세,,L6,D0@a100-P0|n10,region,4,2,10,,D0,100,10000,False
AL-1|i,4.702262938469994,0.19039450469825903,7.770386414378661,5.910075148091647,3.4899081665508374,8.33193097204409,-3.2874264751419147,6.967016467403454,0.6738358959940532,8.960283176250599,0.0136,0.0001,0.0136,1.0,열세,열세,미결정,분할 독립 가정 의존,False,False,True,23.673193358428318,18.97093041995832,18.97093041995832,10.597496763650701,0.3794186083991664,0.21194993527301403,열세,,L6,D0@a100-P0|n40,region,4,2,40,,D0,100,10000,False
AL-1|i,1.4054261012719458,-1.9898522450022347,4.589512369297891,3.7687206154205315,1.600847595929856,5.924998485998226,-4.708226177870426,4.4253457997622885,-0.30003256183110105,6.434068924883251,0.4072,0.0001,0.4072,0.9991,미결정,미결정,미결정,,False,False,False,20.376356521230267,18.97093041995832,18.97093041995832,10.597496763650701,0.3794186083991664,0.21194993527301403,미결정,,L6,D0@a100-P0|n160,region,4,2,160,,D0,100,10000,False
AL-1|i,13.538158284068636,6.838256394762601,16.56126857257009,11.37525246094994,8.097700087682991,14.582176000999356,2.749956474013529,14.884127813149988,3.087673762211379,15.429077962167346,0.0001,0.0001,0.0001,1.0,열세,열세,열세,,False,False,True,32.50908870402696,18.97093041995832,18.97093041995832,10.597496763650701,0.3794186083991664,0.21194993527301403,열세,,L6,D0@acont-P0|n10,region,4,2,10,,D0,cont,10000,False
AL-1|i,12.946060221381876,6.149476929892347,16.08051316799316,11.569679936408157,8.303027387807845,14.64707631081239,2.824303633045262,14.54172096863104,4.578028516096861,15.43081745385369,0.0001,0.0001,0.0001,1.0,열세,열세,열세,,False,False,True,31.9169906413402,18.97093041995832,18.97093041995832,10.597496763650701,0.3794186083991664,0.21194993527301403,열세,,L6,D0@acont-P0|n40,region,4,2,40,,D0,cont,10000,False
AL-1|i,11.451508958756618,5.336650076515392,14.987588218347078,11.82820859641269,8.907306049687953,14.700925707228075,1.0426439631379367,14.251296878552987,5.10038388804276,15.232261870747157,0.0001,0.0001,0.0001,1.0,열세,열세,열세,,False,False,True,30.42243937871494,18.97093041995832,18.97093041995832,10.597496763650701,0.3794186083991664,0.21194993527301403,열세,,L6,D0@acont-P0|n160,region,4,2,160,,D0,cont,10000,False
AL-1|i,1.0903008002955228,-1.1534445155827509,4.7206854106911145,3.2667575521484156,0.522751925914259,5.979161925260165,-2.729971132992078,4.638643683355177,-0.7625684726777208,6.574808824091347,0.3602,0.0118,0.3602,0.9763,미결정,미결정,미결정,,False,False,False,20.061231220253845,18.97093041995832,18.97093041995832,10.597496763650701,0.3794186083991664,0.21194993527301403,미결정,,L6,D1@a1-P0|n10,region,4,2,10,,D1,1,10000,False
AL-1|i,2.32085998074479,-1.2787175128050394,6.872821047242702,5.353506141703101,1.9945907953638007,8.68438561267666,-3.611490210824273,6.141066982809898,0.15373821265697468,9.439725737150539,0.3414,0.0002,0.3414,0.9993,미결정,미결정,미결정,,False,False,False,21.291790400703114,18.97093041995832,18.97093041995832,10.597496763650701,0.3794186083991664,0.21194993527301403,미결정,,L6,D1@a1-P0|n40,region,4,2,40,,D1,1,10000,False
AL-1|i,2.9052376804617532,-0.3703844007853446,6.593089138237575,6.532649477414739,3.437201143857476,9.792833997905399,-3.7348629460621208,6.679786329559124,0.9761986132631626,10.64690757603113,0.146,0.0001,0.146,1.0,미결정,미결정,미결정,,False,False,False,21.876168100420077,18.97093041995832,18.97093041995832,10.597496763650701,0.3794186083991664,0.21194993527301403,미결정,,L6,D1@a1-P0|n160,region,4,2,160,,D1,1,10000,False
AL-1|i,-2.0876187669456687,-2.951750116891257,1.3478624928258003,1.3836557694625964,-0.5697515508037584,3.335319657556091,-3.0973670895075096,1.7385460562552844,-1.334333026772992,3.980859670203631,0.377,0.1754,0.377,0.7987,미결정,미결정,미결정,,False,False,False,16.883311653012655,18.97093041995832,18.97093041995832,10.597496763650701,0.3794186083991664,0.21194993527301403,미결정,,L6,P1@a1-P0|n10,region,4,2,10,,P1,1,10000,False
AL-1|i,-2.4723531086522983,-3.8209002636956657,2.9821101161281516,3.297427075880577,0.5280817663998981,6.098142317017367,-4.08718683207714,3.5002376071182812,-0.6745032183497504,7.0831851443713125,0.6028,0.0144,0.6028,0.9763,미결정,미결정,미결정,,False,False,False,16.498577311306022,18.97093041995832,18.97093041995832,10.597496763650701,0.3794186083991664,0.21194993527301403,미결정,,L6,P1@a1-P0|n40,region,4,2,40,,P1,1,10000,False
AL-1|i,-2.2620558134503543,-3.679113661071638,4.280191730453346,4.492739695827204,1.1088830817442366,7.776810133858522,-4.31603962335619,4.7412360908561535,-0.22601436853918486,8.876174224963018,0.695,0.0054,0.695,0.9912,미결정,미결정,미결정,,False,False,False,16.70887460650797,18.97093041995832,18.97093041995832,10.597496763650701,0.3794186083991664,0.21194993527301403,미결정,,L6,P1@a1-P0|n160,region,4,2,160,,P1,1,10000,False
AL-1|i,-1.9826324992364732,-3.210879851254898,4.218273143965247,4.584717258215437,1.4943687743678082,7.699193763202929,-3.6095008251115015,4.658320123689779,0.16934461017372643,8.729966534745019,0.7402,0.002,0.7402,0.9972,미결정,미결정,미결정,,False,False,False,16.98829792072185,18.97093041995832,18.97093041995832,10.597496763650701,0.3794186083991664,0.21194993527301403,미결정,,L6,P2@a1-P0|n10,region,4,2,10,,P2,1,10000,False
AL-1|i,-2.2110094688416924,-3.6007076025165885,4.334279260902426,4.84566331154747,1.5954940253647136,7.912719402616566,-3.846264243772604,4.993662917179356,0.26785628449271964,9.178592011692261,0.7282,0.0012,0.7282,0.9966,미결정,미결정,미결정,,False,False,False,16.75992095111663,18.97093041995832,18.97093041995832,10.597496763650701,0.3794186083991664,0.21194993527301403,미결정,,L6,P2@a1-P0|n40,region,4,2,40,,P2,1,10000,False
AL-1|i,-2.1252726382466087,-3.599625910897032,4.685163452433118,4.995561984452273,1.6305004555025546,8.389830527498411,-4.240537837592324,5.153874379315982,0.11410585634097134,9.534364508310217,0.749,0.001,0.749,0.9978,미결정,미결정,미결정,,False,False,False,16.84565778171171,18.97093041995832,18.97093041995832,10.597496763650701,0.3794186083991664,0.21194993527301403,미결정,,L6,P2@a1-P0|n160,region,4,2,160,,P2,1,10000,False
AL-1|i,-2.0361033957216335,-3.1751972226541443,2.6474112317643805,2.750525860927686,0.12500969139853826,5.387601539642023,-3.3885435822243988,3.5621836076703484,-0.8354291983840905,6.180637678907306,0.5614,0.0404,0.5614,0.9469,미결정,미결정,미결정,,False,False,False,16.93482702423669,18.97093041995832,18.97093041995832,10.597496763650701,0.3794186083991664,0.21194993527301403,미결정,,L6,P3@a1-P0|n10,region,4,2,10,,P3,1,10000,False
AL-1|i,-2.4207755574675747,-3.8332501824204757,3.2028102364065054,3.4896407495643,0.5785990386603012,6.308755532077097,-4.085056377150118,3.7749969317812466,-0.5741604380621981,7.365254602538052,0.6046,0.0154,0.6046,0.9793,미결정,미결정,미결정,,False,False,False,16.550154862490746,18.97093041995832,18.97093041995832,10.597496763650701,0.3794186083991664,0.21194993527301403,미결정,,L6,P3@a1-P0|n40,region,4,2,40,,P3,1,10000,False
AL-1|i,-2.4180370931555997,-3.8732546164707276,3.506593495739056,3.58843932152807,0.5287759690421842,6.667124086933313,-4.339384231392091,4.099125964530634,-0.7630604821705844,7.650387871761894,0.6194,0.018,0.6194,0.9762,미결정,미결정,미결정,,False,False,False,16.552893326802725,18.97093041995832,18.97093041995832,10.597496763650701,0.3794186083991664,0.21194993527301403,미결정,,L6,P3@a1-P0|n160,region,4,2,160,,P3,1,10000,False
AL-1|i,-1.2705940092859644,-1.566921862930991,0.9936176323767033,0.5162249062649193,-0.7883653296079804,1.8360556063389621,-1.3565913574342083,1.1172954524265903,-1.1928608262813571,2.113479439166593,0.5038,0.4994,0.5038,0.7355,미결정,미결정,미결정,,False,False,False,17.700336410672357,18.97093041995832,18.97093041995832,10.597496763650701,0.3794186083991664,0.21194993527301403,미결정,,L6,R0@a1-P0|n10,region,4,2,10,,R0,1,10000,False
AL-1|i,-1.1946354747549868,-1.5430826701118288,0.9294236166966587,0.3563601523102564,-0.8617932783510666,1.5725538681231273,-1.4198480688623174,1.0883548015818205,-1.2289547169774127,1.839888295219679,0.4968,0.5954,0.5954,0.7421,미결정,미결정,미결정,,False,False,False,17.776294945203336,18.97093041995832,18.97093041995832,10.597496763650701,0.3794186083991664,0.21194993527301403,미결정,,L6,R0@a1-P0|n40,region,4,2,40,,R0,1,10000,False
AL-1|i,-1.2495898897995303,-1.7094738737136603,0.7089629825912723,0.21861043753452014,-0.9220192147086329,1.3486200965774184,-1.6316950331416118,0.7982734807331533,-1.2332890200836462,1.5781422748607474,0.4588,0.6894,0.6894,0.7462,미결정,미결정,미결정,,False,False,False,17.72134053015879,18.97093041995832,18.97093041995832,10.597496763650701,0.3794186083991664,0.21194993527301403,미결정,,L6,R0@a1-P0|n160,region,4,2,160,,R0,1,10000,False
AL-1|i,-1.2291664850777924,-1.6236908530782168,1.0601583486915245,0.45045822547991765,-0.8705662913756265,1.7643011749042747,-1.481181665717657,1.210938000966582,-1.2284991923823636,2.044826195800891,0.5026,0.5296,0.5296,0.7409,미결정,미결정,미결정,,False,False,False,17.74176393488053,18.97093041995832,18.97093041995832,10.597496763650701,0.3794186083991664,0.21194993527301403,미결정,,L6,R0@a10-P0|n10,region,4,2,10,,R0,10,10000,False
AL-1|i,-1.0988319754694968,-1.643904636680884,0.7304221973650112,0.254648081555378,-0.8635273649458242,1.359874268995155,-1.5813651653663416,0.8577937020612191,-1.1901055132117007,1.6098739770392645,0.4652,0.6572,0.6572,0.7415,미결정,미결정,미결정,,False,False,False,17.872098444488824,18.97093041995832,18.97093041995832,10.597496763650701,0.3794186083991664,0.21194993527301403,미결정,,L6,R0@a10-P0|n40,region,4,2,40,,R0,10,10000,False
AL-1|i,-0.9865860975722094,-1.4205124534516083,0.3925522184480342,0.1191542472891669,-0.741696627308897,0.9978973529462736,-1.3255091070322507,0.5377402123157677,-1.0637594955283953,1.2279275384102877,0.336,0.8168,0.8168,0.7427,미결정,미결정,미결정,,False,True,False,17.984344322386114,18.97093041995832,18.97093041995832,10.597496763650701,0.3794186083991664,0.21194993527301403,미결정,,L6,R0@a10-P0|n160,region,4,2,160,,R0,10,10000,False
AL-1|i,-1.3830126023704175,-1.7327395367199792,1.0282114527797432,0.5047336283321369,-0.8500069038625638,1.8720094621199568,-1.5813443795971482,1.3675019848621242,-1.1555836947004938,2.1439027757228595,0.4984,0.5128,0.5128,0.7411,미결정,미결정,미결정,,False,False,False,17.587917817587908,18.97093041995832,18.97093041995832,10.597496763650701,0.3794186083991664,0.21194993527301403,미결정,,L6,R0@a100-P0|n10,region,4,2,10,,R0,100,10000,False
AL-1|i,-1.4090242986724233,-1.6087857727084782,0.40827956156410256,0.2881315801836122,-0.7035698202128831,1.2862444454024122,-1.455485872528715,0.7293067624454507,-0.9582120864077623,1.5553102643257424,0.2336,0.594,0.594,0.7426,미결정,미결정,미결정,,False,False,False,17.561906121285897,18.97093041995832,18.97093041995832,10.597496763650701,0.3794186083991664,0.21194993527301403,미결정,,L6,R0@a100-P0|n40,region,4,2,40,,R0,100,10000,False
AL-1|i,-1.4111211567774742,-1.550543829444384,0.18102520408126113,0.2155555692188198,-0.6323144709026727,1.0563786990888686,-1.453886266830279,0.4148303427415683,-0.8350794300404308,1.2903948844121842,0.1338,0.64,0.64,0.7494,미결정,미결정,미결정,,False,False,False,17.55980926318085,18.97093041995832,18.97093041995832,10.597496763650701,0.3794186083991664,0.21194993527301403,미결정,,L6,R0@a100-P0|n160,region,4,2,160,,R0,100,10000,False
AL-1|i,-1.189707320692042,-1.4358142025776774,1.3283850855210493,0.6069147944096671,-0.858244940214973,2.0872090689657647,-1.324793960866925,1.614053662411225,-1.325414004179767,2.4358597622084726,0.5012,0.467,0.5012,0.7297,미결정,미결정,미결정,,False,False,False,17.781223099266278,18.97093041995832,18.97093041995832,10.597496763650701,0.3794186083991664,0.21194993527301403,미결정,,L6,R0@acont-P0|n10,region,4,2,10,,R0,cont,10000,False
AL-1|i,-1.1870010134377287,-1.4306589753523518,1.1517365929159078,0.659828768972686,-0.7640035787438092,2.130098391211472,-1.2635604948838295,1.5414242375810645,-1.18420404831653,2.4436923501385617,0.5282,0.4066,0.5282,0.7067,미결정,미결정,미결정,,False,False,False,17.783929406520592,18.97093041995832,18.97093041995832,10.597496763650701,0.3794186083991664,0.21194993527301403,미결정,,L6,R0@acont-P0|n40,region,4,2,40,,R0,cont,10000,False
AL-1|i,-1.3995893130963384,-1.6409550991631048,1.0825972922419944,0.6711276873210283,-0.7620991848985191,2.1204039955556024,-1.4591650260007412,1.4076910907645013,-1.136691849177298,2.4281954101040344,0.494,0.4258,0.494,0.7359,미결정,미결정,미결정,,False,False,False,17.571341106861983,18.97093041995832,18.97093041995832,10.597496763650701,0.3794186083991664,0.21194993527301403,미결정,,L6,R0@acont-P0|n160,region,4,2,160,,R0,cont,10000,False
AL-1|i,-2.298289328218437,-3.519465503920544,2.6620537359228487,2.349291700439732,-0.45511142275402744,5.1791404446028375,-3.8091613307387298,3.055151333101496,-1.5579297682200863,5.9710631826932055,0.5026,0.1206,0.5026,0.8789,미결정,미결정,미결정,,False,False,False,16.672641091739884,18.97093041995832,18.97093041995832,10.597496763650701,0.3794186083991664,0.21194993527301403,미결정,,L6,R1@a1-P0|n10,region,4,2,10,,R1,1,10000,False
AL-1|i,-2.0099528283194035,-3.7567882775876016,4.329724118517275,4.355646916931586,1.0247815493577666,7.672010585311391,-4.272894952510711,4.651148159915244,-0.36026389484815396,8.705627911251968,0.6932,0.0042,0.6932,0.9914,미결정,미결정,미결정,,False,False,False,16.96097759163892,18.97093041995832,18.97093041995832,10.597496763650701,0.3794186083991664,0.21194993527301403,미결정,,L6,R1@a1-P0|n40,region,4,2,40,,R1,1,10000,False
AL-1|i,-1.4998571638951996,-3.4711249648492672,5.624923725776515,5.585363350589934,1.856574171511032,9.2307628578435,-4.563544519892004,5.999426547218988,0.2751073228645149,10.36053341604174,0.8364,0.001,0.8364,0.9986,미결정,미결정,미결정,,False,False,False,17.471073256063125,18.97093041995832,18.97093041995832,10.597496763650701,0.3794186083991664,0.21194993527301403,미결정,,L6,R1@a1-P0|n160,region,4,2,160,,R1,1,10000,False
AL-1|i,-2.25417157092779,-3.4899384963953635,2.625108367994517,2.212049073739533,-0.574098685963389,4.966373922183073,-3.778594697901995,3.1107663603999174,-1.5713931284520335,5.734835640344864,0.4948,0.1572,0.4948,0.8543,미결정,미결정,미결정,,False,False,False,16.716758849030533,18.97093041995832,18.97093041995832,10.597496763650701,0.3794186083991664,0.21194993527301403,미결정,,L6,R1@a10-P0|n10,region,4,2,10,,R1,10,10000,False
AL-1|i,-1.9397694021862613,-3.761557466125774,4.323325843762288,4.2277069969541845,0.9520747217914085,7.473942329195229,-4.324595816947743,4.706976136635994,-0.43547577605058213,8.557745918289902,0.6756,0.009,0.6756,0.988,미결정,미결정,미결정,,False,False,False,17.031161017772064,18.97093041995832,18.97093041995832,10.597496763650701,0.3794186083991664,0.21194993527301403,미결정,,L6,R1@a10-P0|n40,region,4,2,40,,R1,10,10000,False
AL-1|i,-1.5474539919812949,-3.4741037489604603,5.3581484942952375,5.161935380281887,1.5685743255861329,8.733887227657176,-4.622233494448374,5.708635276724812,0.0022471475632139973,9.815302578954002,0.7908,0.002,0.7908,0.9959,미결정,미결정,미결정,,False,False,False,17.42347642797703,18.97093041995832,18.97093041995832,10.597496763650701,0.3794186083991664,0.21194993527301403,미결정,,L6,R1@a10-P0|n160,region,4,2,160,,R1,10,10000,False
AL-1|i,-2.000454628801826,-3.2849460759014057,2.8732390191468196,2.342012756060607,-0.4050633189588017,5.123625846511057,-3.7331712258352643,3.31823181402831,-1.4443641976056227,5.870247360887335,0.5344,0.1156,0.5344,0.8848,미결정,미결정,미결정,,False,False,False,16.970475791156495,18.97093041995832,18.97093041995832,10.597496763650701,0.3794186083991664,0.21194993527301403,미결정,,L6,R1@a100-P0|n10,region,4,2,10,,R1,100,10000,False
AL-1|i,-1.7614103162939894,-3.7044840498522027,4.003575939388477,3.9661683696215473,0.8988571455967486,6.995845814711164,-4.392311350912926,4.18341037327046,-0.4446174788546133,8.031874292921941,0.653,0.0066,0.653,0.9901,미결정,미결정,미결정,,False,False,False,17.20952010366433,18.97093041995832,18.97093041995832,10.597496763650701,0.3794186083991664,0.21194993527301403,미결정,,L6,R1@a100-P0|n40,region,4,2,40,,R1,100,10000,False
AL-1|i,-1.964559880767737,-3.728388197582227,4.3796330479015895,4.576584471885509,1.3344402125319081,7.849145496163277,-4.75125054741119,4.804036269910786,-0.21169651917138926,8.950757233180914,0.6796,0.004,0.6796,0.9944,미결정,미결정,미결정,,False,False,False,17.006370539190584,18.97093041995832,18.97093041995832,10.597496763650701,0.3794186083991664,0.21194993527301403,미결정,,L6,R1@a100-P0|n160,region,4,2,160,,R1,100,10000,False
AL-1|i,-1.8700912289898697,-3.108099979127048,2.6038656880786517,2.2715911463256284,-0.3697021524922897,5.0009200875369535,-3.3374101293540344,3.109579903642084,-1.4325896449846358,5.719967415349354,0.5366,0.1104,0.5366,0.8873,미결정,미결정,미결정,,False,False,False,17.100839190968454,18.97093041995832,18.97093041995832,10.597496763650701,0.3794186083991664,0.21194993527301403,미결정,,L6,R1@acont-P0|n10,region,4,2,10,,R1,cont,10000,False
AL-1|i,-1.867954495243176,-3.514412921758254,3.9338475907936816,4.226153032140395,1.077177952330651,7.380476439873605,-3.9374253181492755,4.506212512830683,-0.34953531264843507,8.470692095592787,0.679,0.0026,0.679,0.9925,미결정,미결정,미결정,,False,False,False,17.102975924715146,18.97093041995832,18.97093041995832,10.597496763650701,0.3794186083991664,0.21194993527301403,미결정,,L6,R1@acont-P0|n40,region,4,2,40,,R1,cont,10000,False
AL-1|i,-1.7358446882485632,-3.535908213324475,4.774440250187608,5.1792355354952235,1.6716684029068762,8.611185747486253,-4.367468447482672,5.49790933972987,0.15518644632890902,9.80745244105287,0.7076,0.002,0.7076,0.9969,미결정,미결정,미결정,,False,False,False,17.23508573170976,18.97093041995832,18.97093041995832,10.597496763650701,0.3794186083991664,0.21194993527301403,미결정,,L6,R1@acont-P0|n160,region,4,2,160,,R1,cont,10000,False
AL-1|i,-2.2308697791335743,-3.1616103026975972,2.393111995073558,1.8188800964115468,-0.8599853030178477,4.482274973680983,-3.2720871046515927,2.907058359899941,-1.6338186028830473,5.097425250260055,0.4984,0.2322,0.4984,0.7999,미결정,미결정,미결정,,False,False,False,16.740060640824748,18.97093041995832,18.97093041995832,10.597496763650701,0.3794186083991664,0.21194993527301403,미결정,,L6,R2@a1-P0|n10,region,4,2,10,,R2,1,10000,False
AL-1|i,-2.252010992490136,-3.8840006233893347,4.003335850886255,3.860809834890491,0.5928168277873653,7.176434348168257,-4.287403709292903,4.578085663452202,-0.736335372825254,8.143101804037398,0.6338,0.018,0.6338,0.9786,미결정,미결정,미결정,,False,False,False,16.718919427468187,18.97093041995832,18.97093041995832,10.597496763650701,0.3794186083991664,0.21194993527301403,미결정,,L6,R2@a1-P0|n40,region,4,2,40,,R2,1,10000,False
AL-1|i,-2.046327212102692,-3.683244475951765,4.789745848960924,4.832674414461227,1.2508063670505873,8.37819407524849,-4.5291138119989265,5.315321190987198,-0.2000658380863292,9.462271637220253,0.6922,0.0042,0.6922,0.9942,미결정,미결정,미결정,,False,False,False,16.924603207855633,18.97093041995832,18.97093041995832,10.597496763650701,0.3794186083991664,0.21194993527301403,미결정,,L6,R2@a1-P0|n160,region,4,2,160,,R2,1,10000,False
AL-1|i,1.4852303156343907,-1.0629560347905724,5.24850480626674,3.758768681605146,0.9495134805656128,6.564928592135485,-2.8529933370812186,4.937635444141644,-0.5186124000567915,7.19744800672722,0.3514,0.0016,0.3514,0.9935,미결정,미결정,미결정,,False,False,False,20.45616073559271,18.97093041995832,18.97093041995832,10.597496763650701,0.3794186083991664,0.21194993527301403,미결정,,L6,R3@a1-P0|n10,region,4,2,10,,R3,1,10000,False
AL-1|i,2.60913239556967,-1.0802816064398852,7.255067354802794,5.71371307861676,2.3188943899811627,9.111208577269224,-3.5332872208342447,6.414828341230586,0.3417498691622884,9.898851127663624,0.292,0.0002,0.292,0.9999,미결정,미결정,미결정,,False,False,False,21.580062815527995,18.97093041995832,18.97093041995832,10.597496763650701,0.3794186083991664,0.21194993527301403,미결정,,L6,R3@a1-P0|n40,region,4,2,40,,R3,1,10000,False
AL-1|i,3.1327560809119603,-0.2292613644485748,6.8920915118996655,6.831186493689444,3.5919225728429285,10.042097260444631,-3.6745123731459484,6.989136322472619,1.1114070755185443,11.074289403029951,0.1032,0.0001,0.1032,1.0,미결정,미결정,미결정,,False,False,False,22.103686500870282,18.97093041995832,18.97093041995832,10.597496763650701,0.3794186083991664,0.21194993527301403,미결정,,L6,R3@a1-P0|n160,region,4,2,160,,R3,1,10000,False
AL-1|i,4.39801841533995,0.9051163248369828,5.136834173661445,0.10075445923804871,-2.560787329091887,2.672461743459753,0.2589644980656658,4.934064122445515,-3.922574002604058,4.33036588194278,0.0186,0.945,0.945,0.9833,미결정,미결정,미결정,,False,False,False,23.368948835298273,18.97093041995832,18.97093041995832,10.597496763650701,0.3794186083991664,0.21194993527301403,미결정,,L6,V1@a1-P0|n10,region,4,2,10,,V1,1,10000,False
AL-1|i,2.7691439136554905,-0.8859480154376203,3.156672669552244,-1.1235576028570646,-3.3880688144251456,1.1989615437282455,-1.3095370608849481,3.126399807904386,-4.5047457343360175,2.5664730896189103,0.1712,0.3608,0.3608,0.777,미결정,미결정,미결정,,False,False,False,21.740074333613812,18.97093041995832,18.97093041995832,10.597496763650701,0.3794186083991664,0.21194993527301403,미결정,,L6,V1@a1-P0|n40,region,4,2,40,,V1,1,10000,False
AL-1|i,0.7356694331360769,-1.4822342474013106,0.9158512868535932,-1.479512800966279,-2.8937123508362457,-0.015504446973785899,-1.7334438402263799,0.9892443819192734,-3.5859537182732844,0.8699766064847197,0.9724,0.0476,0.9724,0.9072,미결정,미결정,미결정,,False,True,False,19.7065998530944,18.97093041995832,18.97093041995832,10.597496763650701,0.3794186083991664,0.21194993527301403,미결정,,L6,V1@a1-P0|n160,region,4,2,160,,V1,1,10000,False
AL-1|i,2.7708804979087738,-0.32541579279999044,3.410369979470632,-1.1468885186324793,-3.2023822104247195,0.9054139650315705,-0.8045288677792137,3.321329902369657,-4.300670993277445,2.168570974631205,0.0658,0.2878,0.2878,0.934,미결정,미결정,미결정,,False,False,False,21.741810917867095,18.97093041995832,18.97093041995832,10.597496763650701,0.3794186083991664,0.21194993527301403,미결정,,L6,V1r@a1-P0|n10,region,4,2,10,,V1r,1,10000,False
AL-1|i,1.3008749367675612,-1.128494895605962,1.5865079698883826,-1.50900681332989,-2.9272786563801807,-0.08778613108646692,-1.411699993565505,1.5507931406571802,-3.711860059538508,0.7610477348614636,0.3394,0.0376,0.3394,0.9131,미결정,미결정,미결정,,False,False,False,20.271805356725885,18.97093041995832,18.97093041995832,10.597496763650701,0.3794186083991664,0.21194993527301403,미결정,,L6,V1r@a1-P0|n40,region,4,2,40,,V1r,1,10000,False
AL-1|i,-0.5125728215888512,-1.7550319494919298,-0.07566360435082425,-1.4999334207785706,-2.4206277890066343,-0.5967217838398199,-2.1005717326433313,-0.09209058070505442,-2.9391844403885807,-0.22930644242307197,0.0086,0.0004,0.0086,0.9849,우세,우세,우세,,True,True,False,18.45835759836947,18.97093041995832,18.97093041995832,10.597496763650701,0.3794186083991664,0.21194993527301403,우세,,L6,V1r@a1-P0|n160,region,4,2,160,,V1r,1,10000,False
AL-2|i,1.3887826217953863,1.0940275479748733,3.1322834943766513,1.5759553027349065,0.7120028767828231,2.4791479858193584,0.8985221587047874,4.410506708842418,0.07546482302572202,3.059782523178286,0.0001,0.0008,0.0008,1.0,열세,열세,열세,,False,False,True,14.52997784546921,13.141195223673824,13.141195223673824,16.992748685495886,0.2628239044734765,0.33985497370991774,열세,,L6,D0@a1-P0|n10,region,5,5,10,,D0,1,10000,False
AL-2|i,1.2662925539156364,0.9748630627591418,2.9335366908256,1.4307401698312614,0.5350703961013387,2.3418174278800805,0.7884787671005292,4.221767503483767,-0.061476301614447317,2.9118653478934067,0.0001,0.0014,0.0014,1.0,열세,열세,미결정,분할 독립 가정 의존,False,False,True,14.407487777589461,13.141195223673824,13.141195223673824,16.992748685495886,0.2628239044734765,0.33985497370991774,열세,,L6,D0@a1-P0|n40,region,5,5,40,,D0,1,10000,False
AL-2|i,0.8732745355369762,0.5925685103051604,2.3985741878791482,0.9286903993235238,0.06393751590815862,1.8088967058765117,0.417557846960954,3.5974445534959294,-0.5553556243395332,2.391279080013583,0.0001,0.0354,0.0354,0.9956,열세,열세,미결정,분할 독립 가정 의존,False,False,True,14.014469759210803,13.141195223673824,13.141195223673824,16.992748685495886,0.2628239044734765,0.33985497370991774,열세,,L6,D0@a1-P0|n160,region,5,5,160,,D0,1,10000,False
AL-2|i,1.0502840520070316,0.7696008320698635,2.5738826304258646,1.177885415429093,0.325861016843045,2.0275482629479873,0.6042571142101888,3.8010157114975964,-0.24691798698636058,2.582775682201071,0.0001,0.006,0.006,0.9997,열세,열세,미결정,분할 독립 가정 의존,False,False,True,14.191479275680857,13.141195223673824,13.141195223673824,16.992748685495886,0.2628239044734765,0.33985497370991774,열세,,L6,D0@a10-P0|n10,region,5,5,10,,D0,10,10000,False
AL-2|i,0.7311146135245877,0.46449133731981773,2.1349789102909127,0.653869535354724,-0.2188004218105086,1.539010058393155,0.28670470940196224,3.3288896203800737,-0.8190326024367239,2.0852432863258277,0.0001,0.14,0.14,0.9603,미결정,미결정,미결정,,False,False,False,13.872309837198411,13.141195223673824,13.141195223673824,16.992748685495886,0.2628239044734765,0.33985497370991774,미결정,,L6,D0@a10-P0|n40,region,5,5,40,,D0,10,10000,False
AL-2|i,0.20087314900819564,-0.09570482642604881,1.383768624434555,0.009286367884907065,-0.872092145122447,0.8766350506733402,-0.31103303982396513,2.5157316160034964,-1.468862914275775,1.3992292989482844,0.126,0.9868,0.9868,0.4519,미결정,미결정,미결정,,False,False,False,13.342068372682018,13.141195223673824,13.141195223673824,16.992748685495886,0.2628239044734765,0.33985497370991774,미결정,,L6,D0@a10-P0|n160,region,5,5,160,,D0,10,10000,False
AL-2|i,0.767612539619947,0.5245745920948419,1.9558599218855761,0.922309275787125,0.1447779843774422,1.7067486380590287,0.4063955684228327,2.8892084345694564,-0.3179685011681457,2.127530362643475,0.0004,0.0164,0.0164,0.9832,열세,열세,미결정,분할 독립 가정 의존,False,False,True,13.90880776329377,13.141195223673824,13.141195223673824,16.992748685495886,0.2628239044734765,0.33985497370991774,열세,,L6,D0@a100-P0|n10,region,5,5,10,,D0,100,10000,False
AL-2|i,0.37946430542828863,0.07132463576473927,1.450166653749233,0.2826928489739785,-0.4580950058888321,1.0597388543774715,-0.16386982999620145,2.475974633850465,-0.9426994729260015,1.4464273866389763,0.0266,0.4574,0.4574,0.5821,미결정,미결정,미결정,,False,False,False,13.520659529102113,13.141195223673824,13.141195223673824,16.992748685495886,0.2628239044734765,0.33985497370991774,미결정,,L6,D0@a100-P0|n40,region,5,5,40,,D0,100,10000,False
AL-2|i,-0.22983261985478903,-0.542225143404786,0.7528652389616669,-0.1913401492543926,-0.9365819406204502,0.545989828135831,-0.727544362798091,1.60932474554714,-1.4002507932181756,0.930281216480732,0.9236,0.6202,0.9236,0.2067,미결정,동등,미결정,,False,True,False,12.911362603819034,13.141195223673824,13.141195223673824,16.992748685495886,0.2628239044734765,0.33985497370991774,미결정,한계 의존,L6,D0@a100-P0|n160,region,5,5,160,,D0,100,10000,False
AL-2|i,1.8246614916822843,1.3831319884127526,2.8565950207519326,1.1005622974051654,0.015098863531704126,2.116567947424247,1.1230538614950496,3.825744097471404,-0.8217213500595552,2.7243644998562466,0.0001,0.0468,0.0468,1.0,열세,열세,미결정,분할 독립 가정 의존,False,False,True,14.965856715356107,13.141195223673824,13.141195223673824,16.992748685495886,0.2628239044734765,0.33985497370991774,열세,,L6,D0@acont-P0|n10,region,5,5,10,,D0,cont,10000,False
AL-2|i,0.8090808812951579,0.3772328220174908,2.2202018991210037,0.4570926857165215,-0.4838964585303883,1.3702195300788973,0.047533790496421605,3.755381400910386,-1.1450148095265797,2.0222075076811703,0.0018,0.3444,0.3444,0.9251,미결정,미결정,미결정,,False,False,False,13.950276104968982,13.141195223673824,13.141195223673824,16.992748685495886,0.2628239044734765,0.33985497370991774,미결정,,L6,D0@acont-P0|n40,region,5,5,40,,D0,cont,10000,False
AL-2|i,0.0032859640509304454,-0.4243652150481661,1.159379475185899,-0.760021460961584,-2.026258229801766,0.3517770419261518,-0.699150179206133,2.346162233365865,-2.927796266544619,1.0446437937742596,0.6146,0.1992,0.6146,0.6467,미결정,미결정,미결정,,False,False,False,13.144481187724756,13.141195223673824,13.141195223673824,16.992748685495886,0.2628239044734765,0.33985497370991774,미결정,,L6,D0@acont-P0|n160,region,5,5,160,,D0,cont,10000,False
AL-2|i,0.07216302297081256,-0.12654021653721298,0.5534658878137463,0.22126033746701773,-0.14078383488291615,0.5874610670855503,-0.1785760939214772,0.7365325311681999,-0.2665762485781365,0.7142107996477789,0.255,0.241,0.255,0.069,미결정,동등,미결정,,False,True,False,13.213358246644637,13.141195223673824,13.141195223673824,16.992748685495886,0.2628239044734765,0.33985497370991774,미결정,한계 의존,L6,D1@a1-P0|n10,region,5,5,10,,D1,1,10000,False
AL-2|i,-0.09665911920106644,-0.30664968133599946,0.3163806937841977,-0.16980916144756328,-0.6192718805097456,0.28460822494216753,-0.3819745029269628,0.4282218306751182,-0.8192050151687917,0.4502890979472691,0.8566,0.4578,0.8566,0.0732,미결정,동등,미결정,,True,True,False,13.04453610447276,13.141195223673824,13.141195223673824,16.992748685495886,0.2628239044734765,0.33985497370991774,미결정,한계 의존,L6,D1@a1-P0|n40,region,5,5,40,,D1,1,10000,False
AL-2|i,-0.2968525210547096,-0.49151317868458855,0.12147477739396251,-0.1792995509518928,-0.5097473122585698,0.14236147664423313,-0.5750348142998423,0.2660826091762399,-0.6391224414869654,0.26838327104095006,0.1802,0.2754,0.2754,0.0293,미결정,동등,미결정,,True,True,False,12.844342702619116,13.141195223673824,13.141195223673824,16.992748685495886,0.2628239044734765,0.33985497370991774,미결정,한계 의존,L6,D1@a1-P0|n160,region,5,5,160,,D1,1,10000,False
AL-2|i,0.06412000978923693,-0.325851350355986,0.15203021490804217,0.04505001730700649,-0.22848017453679514,0.32156691426294776,-0.34017222314712275,0.15827265921954484,-0.3414998459594395,0.44960520557410033,0.8074,0.762,0.8074,0.0007,동등,동등,동등,,True,True,False,13.20531523346306,13.141195223673824,13.141195223673824,16.992748685495886,0.2628239044734765,0.33985497370991774,미결정,한계 의존,L6,P1@a1-P0|n10,region,5,5,10,,P1,1,10000,False
AL-2|i,0.08573071336455129,-0.43123922600003145,0.18791082947463594,-0.2778298688834443,-0.6274524589764169,0.09257592868594396,-0.4257465592701059,0.16423715259456956,-0.5721010146513724,0.051580819686663275,0.8426,0.1386,0.8426,0.1094,미결정,동등,미결정,,True,True,False,13.226925937038377,13.141195223673824,13.141195223673824,16.992748685495886,0.2628239044734765,0.33985497370991774,미결정,한계 의존,L6,P1@a1-P0|n40,region,5,5,40,,P1,1,10000,False
AL-2|i,-0.14652596535769896,-0.6565793827069808,-0.06719906033036659,-0.2666292380056053,-0.6022926018880845,0.10022761434502823,-0.6926353176595604,-0.051180539509119743,-0.7424662553261312,0.231628045336537,0.0008,0.1456,0.1456,0.2595,미결정,동등,미결정,,True,True,False,12.994669258316126,13.141195223673824,13.141195223673824,16.992748685495886,0.2628239044734765,0.33985497370991774,미결정,한계 의존,L6,P1@a1-P0|n160,region,5,5,160,,P1,1,10000,False
AL-2|i,0.6055596168713155,-0.11987470801181928,0.7826132291671882,0.5206537754718614,-0.006455001987044918,1.0496094735731838,-0.1645413617052392,0.8255513162792536,-0.24943971331942724,1.3149348553492504,0.2072,0.0524,0.2072,0.5642,미결정,미결정,미결정,,False,False,False,13.74675484054514,13.141195223673824,13.141195223673824,16.992748685495886,0.2628239044734765,0.33985497370991774,미결정,,L6,P2@a1-P0|n10,region,5,5,10,,P2,1,10000,False
AL-2|i,0.18041210247966682,-0.47289644853548707,0.30513821902305543,-0.27926697765198727,-0.7115838544256707,0.17456239583343408,-0.4648167647518902,0.279337215182703,-0.6595159611585866,0.14366599490194704,0.7496,0.2258,0.7496,0.1695,미결정,동등,미결정,,True,True,False,13.321607326153492,13.141195223673824,13.141195223673824,16.992748685495886,0.2628239044734765,0.33985497370991774,미결정,한계 의존,L6,P2@a1-P0|n40,region,5,5,40,,P2,1,10000,False
AL-2|i,-0.14529062972538326,-0.6939333605935982,-0.0605185039935855,-0.2765032695046507,-0.6430790442232678,0.10462973654346638,-0.7261853883771486,-0.04376474439848272,-0.7817549473307203,0.2519493352766111,0.0024,0.1578,0.1578,0.2907,미결정,동등,미결정,,True,True,False,12.995904593948442,13.141195223673824,13.141195223673824,16.992748685495886,0.2628239044734765,0.33985497370991774,미결정,한계 의존,L6,P2@a1-P0|n160,region,5,5,160,,P2,1,10000,False
AL-2|i,1.0678217688520857,0.5529086819683184,1.2997409966521338,1.0688207219865593,0.6709873824231466,1.465399237716856,0.5595542490667227,1.3953409441788618,0.7143357777866024,1.4345486860527852,0.0001,0.0001,0.0001,0.9982,열세,열세,열세,,False,False,True,14.209016992525912,13.141195223673824,13.141195223673824,16.992748685495886,0.2628239044734765,0.33985497370991774,열세,,L6,P3@a1-P0|n10,region,5,5,10,,P3,1,10000,False
AL-2|i,0.9275148897916239,0.48439204352294235,1.1255658339173746,0.6332515927096811,0.1856162180230417,1.0730593586228818,0.5032470986289712,1.1978233011678803,0.2996431732824576,0.9319309720963221,0.0001,0.0064,0.0064,0.9636,열세,열세,열세,,False,False,True,14.068710113465448,13.141195223673824,13.141195223673824,16.992748685495886,0.2628239044734765,0.33985497370991774,열세,,L6,P3@a1-P0|n40,region,5,5,40,,P3,1,10000,False
AL-2|i,0.6747723543251809,0.3087603797025825,0.8521799983360807,0.5410696633671644,0.18044594631891614,0.891542458333223,0.30477861618853797,0.9734168515890582,0.3060012197644909,0.7748238162749559,0.0001,0.0028,0.0028,0.6941,열세,열세,열세,,False,True,True,13.815967577999007,13.141195223673824,13.141195223673824,16.992748685495886,0.2628239044734765,0.33985497370991774,열세,,L6,P3@a1-P0|n160,region,5,5,160,,P3,1,10000,False
AL-2|i,1.1749270129256462,1.0557701887315947,1.6134277199378573,0.7423703889258654,0.3454751992559962,1.1099382881498372,0.9674410813142474,1.7046172843350815,0.0778216354460926,1.3564423742270004,0.0001,0.0004,0.0004,0.9999,열세,열세,열세,,False,False,True,14.316122236599472,13.141195223673824,13.141195223673824,16.992748685495886,0.2628239044734765,0.33985497370991774,열세,,L6,R0@a1-P0|n10,region,5,5,10,,R0,1,10000,False
AL-2|i,1.0600639391324524,0.9533908406031133,1.4357892173066737,0.6520637674457639,0.2802517852650525,1.009455683440784,0.8662011525634916,1.5276770589308803,0.03208643378349309,1.219879808997865,0.0001,0.0004,0.0004,1.0,열세,열세,열세,,False,False,True,14.201259162806277,13.141195223673824,13.141195223673824,16.992748685495886,0.2628239044734765,0.33985497370991774,열세,,L6,R0@a1-P0|n40,region,5,5,40,,R0,1,10000,False
AL-2|i,0.8640896659981472,0.7725521720394379,1.119714673940913,0.45488539423734375,0.1399167259860628,0.754295906703655,0.6799429177293278,1.1549988436696053,-0.07729819371013621,0.9251566553168489,0.0001,0.007,0.007,0.9999,열세,열세,미결정,분할 독립 가정 의존,False,False,True,14.005284889671973,13.141195223673824,13.141195223673824,16.992748685495886,0.2628239044734765,0.33985497370991774,열세,,L6,R0@a1-P0|n160,region,5,5,160,,R0,1,10000,False
AL-2|i,0.9467629685748719,0.8504785227699442,1.240163713999071,0.5312523803797337,0.19230159766905264,0.8586806669993434,0.7516210824735137,1.3130313946968326,-0.03461028880372285,1.0416966513829469,0.0001,0.001,0.001,0.9997,열세,열세,미결정,분할 독립 가정 의존,False,False,True,14.087958192248696,13.141195223673824,13.141195223673824,16.992748685495886,0.2628239044734765,0.33985497370991774,열세,,L6,R0@a10-P0|n10,region,5,5,10,,R0,10,10000,False
AL-2|i,0.5769845246290444,0.5069410677537255,0.807744984170466,0.24533549315926031,-0.065356675477828,0.5357342316319879,0.4461032233669295,0.8802856533124634,-0.2529511301244695,0.6858335705777717,0.0001,0.1218,0.1218,0.9801,미결정,동등,미결정,,False,True,False,13.71817974830287,13.141195223673824,13.141195223673824,16.992748685495886,0.2628239044734765,0.33985497370991774,미결정,한계 의존,L6,R0@a10-P0|n40,region,5,5,40,,R0,10,10000,False
AL-2|i,0.19466524479604425,0.13944349122403626,0.40394130276837903,-0.010603257738863902,-0.2904868363415555,0.2469215587309928,0.08806185902743684,0.48045682540782353,-0.435239320446539,0.35885314340211166,0.0016,0.9492,0.9492,0.0019,동등,동등,동등,,True,True,False,13.33586046846987,13.141195223673824,13.141195223673824,16.992748685495886,0.2628239044734765,0.33985497370991774,미결정,한계 의존,L6,R0@a10-P0|n160,region,5,5,160,,R0,10,10000,False
AL-2|i,0.43719993877763236,0.37236329195407436,0.6221177089151302,0.21554985680621036,-0.05369994646079601,0.46736874984566773,0.33117094302716565,0.6545040365657424,-0.1942985143955474,0.5659976209190989,0.0001,0.1154,0.1154,0.3288,미결정,동등,미결정,,False,True,False,13.578395162451454,13.141195223673824,13.141195223673824,16.992748685495886,0.2628239044734765,0.33985497370991774,미결정,한계 의존,L6,R0@a100-P0|n10,region,5,5,10,,R0,100,10000,False
AL-2|i,0.11763752494626445,0.05343720984697794,0.28083616958949553,-0.1170162908925235,-0.35440050348623914,0.1049936877719826,0.016526556750795264,0.34334715263183513,-0.4750028043029436,0.18748745033552638,0.0122,0.3226,0.3226,0.0012,동등,동등,동등,,True,True,False,13.25883274862009,13.141195223673824,13.141195223673824,16.992748685495886,0.2628239044734765,0.33985497370991774,미결정,한계 의존,L6,R0@a100-P0|n40,region,5,5,40,,R0,100,10000,False
AL-2|i,-0.15682696009727656,-0.25551306830758064,0.008446561057410094,-0.27930916293460195,-0.47386520628682255,-0.08368141279571328,-0.3274593524750882,0.09857194903121604,-0.5625317247973417,-0.03308682771113249,0.062,0.0044,0.062,0.0132,동등,동등,미결정,분할 독립 가정 의존,True,True,False,12.984368263576547,13.141195223673824,13.141195223673824,16.992748685495886,0.2628239044734765,0.33985497370991774,미결정,한계 의존,L6,R0@a100-P0|n160,region,5,5,160,,R0,100,10000,False
AL-2|i,0.6697005685813231,0.5288857791496846,0.7811948328566102,0.14917169435191333,-0.21488455482362726,0.49089271019500136,0.33653418626881604,0.7911770273449088,-0.5107561434810437,0.6664677642946918,0.0002,0.395,0.395,0.9868,미결정,동등,미결정,,False,True,False,13.810895792255149,13.141195223673824,13.141195223673824,16.992748685495886,0.2628239044734765,0.33985497370991774,미결정,한계 의존,L6,R0@acont-P0|n10,region,5,5,10,,R0,cont,10000,False
AL-2|i,0.24770639249525567,0.13490641974788445,0.44445360678313933,-0.1854251699454231,-0.5383520458071627,0.15940821237666936,0.007762748543309447,0.6688459176440588,-0.7823262026392553,0.3300728185049672,0.0066,0.3112,0.3112,0.0417,미결정,동등,미결정,,True,True,False,13.388901616169083,13.141195223673824,13.141195223673824,16.992748685495886,0.2628239044734765,0.33985497370991774,미결정,한계 의존,L6,R0@acont-P0|n40,region,5,5,40,,R0,cont,10000,False
AL-2|i,-0.11779306240709922,-0.22845676722874403,0.15688946446282956,-0.45567315897873684,-0.8787449431091457,-0.06128319854568721,-0.35827228514970744,0.4196428995412583,-1.194062833170188,0.16358157411776902,0.4368,0.0202,0.4368,0.4036,미결정,동등,미결정,,True,True,False,13.023402161266725,13.141195223673824,13.141195223673824,16.992748685495886,0.2628239044734765,0.33985497370991774,미결정,한계 의존,L6,R0@acont-P0|n160,region,5,5,160,,R0,cont,10000,False
AL-2|i,1.1211886157613447,1.02849878099513,1.2607749654117495,0.7021657018008408,0.36223686758945917,1.0155685721940222,0.9309319595893566,1.3261778425851956,0.15839730083948828,1.1433362826617741,0.0001,0.0001,0.0001,1.0,열세,열세,열세,,False,False,True,14.262383839435168,13.141195223673824,13.141195223673824,16.992748685495886,0.2628239044734765,0.33985497370991774,열세,,L6,R1@a1-P0|n10,region,5,5,10,,R1,1,10000,False
AL-2|i,1.0651777893047718,0.8484072581946418,1.1930134577270848,0.34734748594372855,-0.1627473080716144,0.8043249543404397,0.7674736314143242,1.2369328661875634,-0.26566548259096534,0.8669305625622934,0.0001,0.1642,0.1642,1.0,미결정,미결정,미결정,,False,False,False,14.206373012978593,13.141195223673824,13.141195223673824,16.992748685495886,0.2628239044734765,0.33985497370991774,미결정,,L6,R1@a1-P0|n40,region,5,5,40,,R1,1,10000,False
AL-2|i,0.623723624305557,0.33349583015320317,0.6854945027199504,0.12975662997853837,-0.2041329193729969,0.44995725270536685,0.32053094911250224,0.6830487927205249,-0.34339228350463646,0.5089782060556302,0.0001,0.4312,0.4312,0.6547,미결정,동등,미결정,,False,True,False,13.764918847979379,13.141195223673824,13.141195223673824,16.992748685495886,0.2628239044734765,0.33985497370991774,미결정,한계 의존,L6,R1@a1-P0|n160,region,5,5,160,,R1,1,10000,False
AL-2|i,0.9363439885840006,0.7853467903619928,1.0545027727751874,0.5518172974209972,0.23001927001437888,0.856432678498258,0.7331570564728408,1.1206218040521632,0.034355583065844936,0.9663675997982479,0.0001,0.001,0.001,0.9999,열세,열세,열세,,False,False,True,14.077539212257827,13.141195223673824,13.141195223673824,16.992748685495886,0.2628239044734765,0.33985497370991774,열세,,L6,R1@a10-P0|n10,region,5,5,10,,R1,10,10000,False
AL-2|i,0.6065602051924163,0.2951869787401036,0.7407810415203072,-0.03337463745836189,-0.47767504798923427,0.3718468525423379,0.3114286940842036,0.7323522473256893,-0.5658917690079898,0.4022519050819532,0.0004,0.888,0.888,0.663,미결정,동등,미결정,,False,True,False,13.747755428866242,13.141195223673824,13.141195223673824,16.992748685495886,0.2628239044734765,0.33985497370991774,미결정,한계 의존,L6,R1@a10-P0|n40,region,5,5,40,,R1,10,10000,False
AL-2|i,0.057198135856955545,-0.2775859541093804,0.13581323559013572,-0.27723189935232534,-0.6301527334711918,0.0742072106081021,-0.2784672655347942,0.15418981171210047,-0.8586137877845634,0.23350150523675353,0.783,0.1262,0.783,0.1077,미결정,동등,미결정,,True,True,False,13.19839335953078,13.141195223673824,13.141195223673824,16.992748685495886,0.2628239044734765,0.33985497370991774,미결정,한계 의존,L6,R1@a10-P0|n160,region,5,5,160,,R1,10,10000,False
AL-2|i,0.4622441800460958,0.23717847802718628,0.5688423115927527,0.254501671859526,-0.04535176735995873,0.5451869155185761,0.23501337801643124,0.5725862011590773,-0.23991135971745353,0.6892295899592031,0.0001,0.0962,0.0962,0.1844,미결정,동등,미결정,,False,True,False,13.603439403719921,13.141195223673824,13.141195223673824,16.992748685495886,0.2628239044734765,0.33985497370991774,미결정,한계 의존,L6,R1@a100-P0|n10,region,5,5,10,,R1,100,10000,False
AL-2|i,0.1768391834090103,-0.19003876316564333,0.29204455134019525,-0.34384347859160835,-0.7089330213151891,0.003972896993297878,-0.17613724107010914,0.2737813940384938,-0.7498916522618408,-0.003526156857247828,0.6456,0.0542,0.6456,0.1931,미결정,동등,미결정,,True,True,False,13.318034407082834,13.141195223673824,13.141195223673824,16.992748685495886,0.2628239044734765,0.33985497370991774,미결정,한계 의존,L6,R1@a100-P0|n40,region,5,5,40,,R1,100,10000,False
AL-2|i,-0.30876407361489233,-0.6868681815905284,-0.22657565911833777,-0.5258227571122379,-0.8522274570733451,-0.19427200109079767,-0.7174521853588003,-0.19705366509813502,-1.0200805887543476,-0.0158870719102876,0.0001,0.0014,0.0014,0.5717,우세,우세,우세,,True,True,False,12.832431150058932,13.141195223673824,13.141195223673824,16.992748685495886,0.2628239044734765,0.33985497370991774,우세,,L6,R1@a100-P0|n160,region,5,5,160,통계적으로 구별되나 크기는 0.5 cm 미만,R1,100,10000,False
AL-2|i,0.75944126317107,0.40182521681101274,0.8444417792742808,0.21354160971111397,-0.26323659493733026,0.6633431893373314,0.36090657726672454,0.8344036477682059,-0.6391193192091216,0.9114571856427883,0.0004,0.3746,0.3746,0.8276,미결정,동등,미결정,,False,True,False,13.900636486844894,13.141195223673824,13.141195223673824,16.992748685495886,0.2628239044734765,0.33985497370991774,미결정,한계 의존,L6,R1@acont-P0|n10,region,5,5,10,,R1,cont,10000,False
AL-2|i,0.38392272968339114,-0.07103408977620676,0.5775353055596414,-0.38093908870144266,-0.9186363469084935,0.13497758378322267,-0.13563328070119893,0.698298293031636,-1.112264404738201,0.24477344507097523,0.1742,0.1568,0.1742,0.3272,미결정,동등,미결정,,False,True,False,13.525117953357215,13.141195223673824,13.141195223673824,16.992748685495886,0.2628239044734765,0.33985497370991774,미결정,한계 의존,L6,R1@acont-P0|n40,region,5,5,40,,R1,cont,10000,False
AL-2|i,-0.1606289210398799,-0.5840414549735402,0.018838914344499618,-0.6674863519095873,-1.2562333639360073,-0.12086749542474931,-0.6613257315920448,0.19721342527169125,-1.63410947010958,0.17077228279208048,0.0744,0.0154,0.0744,0.718,미결정,미결정,미결정,,True,True,False,12.980566302633942,13.141195223673824,13.141195223673824,16.992748685495886,0.2628239044734765,0.33985497370991774,미결정,,L6,R1@acont-P0|n160,region,5,5,160,,R1,cont,10000,False
AL-2|i,0.1513354981145966,-0.15905222319597398,0.24668675181562924,0.12916447050744537,-0.0755041698556563,0.34213526504511327,-0.17544402800408135,0.23065439808708296,-0.1368225341581694,0.39729591291272714,0.5406,0.2192,0.5406,0.0003,동등,동등,동등,,True,True,False,13.29253072178842,13.141195223673824,13.141195223673824,16.992748685495886,0.2628239044734765,0.33985497370991774,미결정,한계 의존,L6,R2@a1-P0|n10,region,5,5,10,,R2,1,10000,False
AL-2|i,0.14983885341280684,-0.28552344961926945,0.28739695418540434,-0.2063297263603598,-0.5300123339275484,0.10822544644635608,-0.27963514405072903,0.21811110639583528,-0.46665921189655146,0.06886586649826011,0.7294,0.2016,0.7294,0.0374,미결정,동등,동등,분할 독립 가정 의존,True,True,False,13.29103407708663,13.141195223673824,13.141195223673824,16.992748685495886,0.2628239044734765,0.33985497370991774,미결정,한계 의존,L6,R2@a1-P0|n40,region,5,5,40,,R2,1,10000,False
AL-2|i,-0.2007976358477844,-0.6105430079189411,-0.07746950885664546,-0.27195959068873954,-0.5413475012094154,0.0033417776007612643,-0.6057198707902847,-0.108992908561385,-0.6249468879974536,0.09019752950375981,0.0008,0.0524,0.0524,0.1689,미결정,동등,미결정,,True,True,False,12.940397587826041,13.141195223673824,13.141195223673824,16.992748685495886,0.2628239044734765,0.33985497370991774,미결정,한계 의존,L6,R2@a1-P0|n160,region,5,5,160,,R2,1,10000,False
AL-2|i,0.24454298447108408,0.08907533029954923,0.7862673481682423,0.2895333891340691,-0.07712646846416948,0.6609240497592198,0.019163548212796006,0.9567363002508281,-0.2520746440451252,0.7815227022814137,0.0156,0.125,0.125,0.2361,미결정,동등,미결정,,False,True,False,13.38573820814491,13.141195223673824,13.141195223673824,16.992748685495886,0.2628239044734765,0.33985497370991774,미결정,한계 의존,L6,R3@a1-P0|n10,region,5,5,10,,R3,1,10000,False
AL-2|i,0.03430444556193457,-0.12122185347595724,0.5294729429000768,-0.10534437371697578,-0.5779254583620473,0.3425993709098129,-0.23130049419333526,0.6682229223288964,-0.808982920074378,0.5264287658757,0.357,0.657,0.657,0.0481,미결정,동등,미결정,,False,True,False,13.175499669235757,13.141195223673824,13.141195223673824,16.992748685495886,0.2628239044734765,0.33985497370991774,미결정,한계 의존,L6,R3@a1-P0|n40,region,5,5,40,,R3,1,10000,False
AL-2|i,-0.15736489607770282,-0.32104427668382973,0.32725072197930793,-0.13957875622940358,-0.5099555998842334,0.2079305602258832,-0.45059147761006996,0.49581513732792226,-0.7050027188746187,0.36686571838691406,0.7816,0.4434,0.7816,0.0284,미결정,동등,미결정,,True,True,False,12.98383032759612,13.141195223673824,13.141195223673824,16.992748685495886,0.2628239044734765,0.33985497370991774,미결정,한계 의존,L6,R3@a1-P0|n160,region,5,5,160,,R3,1,10000,False
AL-2|i,4.44074171144364,4.111914649551593,5.7373264432262685,4.506449301202499,3.3012067154816855,5.651017828244665,3.9138476330043215,6.780535629984359,2.417983273879463,6.399609573203113,0.0001,0.0001,0.0001,1.0,열세,열세,열세,,False,False,True,17.581936935117465,13.141195223673824,13.141195223673824,16.992748685495886,0.2628239044734765,0.33985497370991774,열세,,L6,V1@a1-P0|n10,region,5,5,10,,V1,1,10000,False
AL-2|i,3.716273730557198,3.371515214529581,4.991803361116469,3.8507715305467913,2.695495059481747,4.938670015031456,3.1832066493900557,6.062486355168189,1.9203700400697032,5.644424139497551,0.0001,0.0001,0.0001,1.0,열세,열세,열세,,False,False,True,16.85746895423102,13.141195223673824,13.141195223673824,16.992748685495886,0.2628239044734765,0.33985497370991774,열세,,L6,V1@a1-P0|n40,region,5,5,40,,V1,1,10000,False
AL-2|i,2.269544621626379,1.9494921004047632,3.5361320574129174,2.503789725997115,1.5757044174392771,3.472350711162012,1.7500550369702588,4.500526928882094,0.939217136828832,4.034145772348822,0.0001,0.0001,0.0001,1.0,열세,열세,열세,,False,False,True,15.410739845300203,13.141195223673824,13.141195223673824,16.992748685495886,0.2628239044734765,0.33985497370991774,열세,,L6,V1@a1-P0|n160,region,5,5,160,,V1,1,10000,False
AL-2|i,4.337692723985378,3.9969410291576857,5.682242911749475,3.9963300704951954,2.841167026524104,5.117028783768889,3.8365473371335903,6.620468860136326,1.983689080218669,5.820040815930326,0.0001,0.0001,0.0001,1.0,열세,열세,열세,,False,False,True,17.4788879476592,13.141195223673824,13.141195223673824,16.992748685495886,0.2628239044734765,0.33985497370991774,열세,,L6,V1r@a1-P0|n10,region,5,5,10,,V1r,1,10000,False
AL-2|i,3.6175305891288665,3.2787268049736262,4.925616162933706,3.3416591492375955,2.2418509836029994,4.419154621882399,3.1168269313469885,5.914771224402432,1.4790522340769645,5.056762387858657,0.0001,0.0001,0.0001,1.0,열세,열세,열세,,False,False,True,16.75872581280269,13.141195223673824,13.141195223673824,16.992748685495886,0.2628239044734765,0.33985497370991774,열세,,L6,V1r@a1-P0|n40,region,5,5,40,,V1r,1,10000,False
AL-2|i,2.1731050138416177,1.8753007454933799,3.427647064535867,2.094242925520194,1.1645897865753891,3.0103743308217092,1.6852778072378225,4.354827873195734,0.5820094319128297,3.5716714440412547,0.0001,0.0001,0.0001,1.0,열세,열세,열세,,False,False,True,15.314300237515443,13.141195223673824,13.141195223673824,16.992748685495886,0.2628239044734765,0.33985497370991774,열세,,L6,V1r@a1-P0|n160,region,5,5,160,,V1r,1,10000,False
AL-3|i,-3.1788711697182874,-4.377636335245292,-2.782381605969714,-4.3523118489771475,-5.32636512775728,-3.4175333898762226,-5.148308529237211,-2.4315604424186357,-5.669050664970725,-2.950279456545973,0.0001,0.0001,0.0001,1.0,우세,우세,우세,,True,True,False,15.771957793650822,18.95082896336911,18.95082896336911,17.47535299134318,0.3790165792673822,0.3495070598268636,우세,,L6,D0@a1-P0|n10,region,5,3,10,,D0,1,10000,False
AL-3|i,-3.8563341892950183,-5.023752083701134,-3.3947989166914683,-4.595991233571748,-5.336398899392507,-3.78865562101581,-5.496766307551537,-2.999246884899666,-5.54091216283397,-3.5432382090728503,0.0001,0.0001,0.0001,1.0,우세,우세,우세,,True,True,False,15.09449477407409,18.95082896336911,18.95082896336911,17.47535299134318,0.3790165792673822,0.3495070598268636,우세,,L6,D0@a1-P0|n40,region,5,3,40,,D0,1,10000,False
AL-3|i,-4.725151781233823,-6.290804747869886,-4.127358239231775,-5.7480829333588925,-6.786353017861943,-4.671512577339866,-6.826641658320149,-3.5807968812807056,-6.912529335219236,-4.337820191002375,0.0001,0.0001,0.0001,1.0,우세,우세,우세,,True,True,False,14.225677182135286,18.95082896336911,18.95082896336911,17.47535299134318,0.3790165792673822,0.3495070598268636,우세,,L6,D0@a1-P0|n160,region,5,3,160,,D0,1,10000,False
AL-3|i,-4.367492767187813,-5.766550384048969,-3.8072584528380933,-5.276179349014436,-6.204468804064713,-4.2862333665255905,-6.283691855531229,-3.317922783304972,-6.566622387380058,-3.8221242704732363,0.0001,0.0001,0.0001,1.0,우세,우세,우세,,True,True,False,14.583336196181296,18.95082896336911,18.95082896336911,17.47535299134318,0.3790165792673822,0.3495070598268636,우세,,L6,D0@a10-P0|n10,region,5,3,10,,D0,10,10000,False
AL-3|i,-5.457137657813982,-7.220197518262084,-4.714877964891345,-5.950342174593011,-6.96264275101194,-4.877625116611814,-7.977842111333745,-4.0972724777829495,-7.30959727463138,-4.330308644800692,0.0001,0.0001,0.0001,1.0,우세,우세,우세,,True,True,False,13.493691305555126,18.95082896336911,18.95082896336911,17.47535299134318,0.3790165792673822,0.3495070598268636,우세,,L6,D0@a10-P0|n40,region,5,3,40,,D0,10,10000,False
AL-3|i,-5.981978493564183,-8.121272582444455,-5.124820051245326,-6.847102711727411,-8.07491225411466,-5.5972964295584795,-9.09197442220376,-4.401694005613043,-8.356334381226352,-5.066064341459301,0.0001,0.0001,0.0001,1.0,우세,우세,우세,,True,True,False,12.968850469804925,18.95082896336911,18.95082896336911,17.47535299134318,0.3790165792673822,0.3495070598268636,우세,,L6,D0@a10-P0|n160,region,5,3,160,,D0,10,10000,False
AL-3|i,-5.483266154254762,-7.59039667131547,-4.630560885287048,-6.4760819336435915,-7.667554717191298,-5.256356132483256,-8.499760296181135,-3.950169826845534,-8.125402612747205,-4.611239994518275,0.0001,0.0001,0.0001,1.0,우세,우세,우세,,True,True,False,13.467562809114346,18.95082896336911,18.95082896336911,17.47535299134318,0.3790165792673822,0.3495070598268636,우세,,L6,D0@a100-P0|n10,region,5,3,10,,D0,100,10000,False
AL-3|i,-6.017910854485869,-8.21883900593718,-5.055412383936123,-6.270930247595291,-7.668380240016683,-4.761379787112666,-9.296768372017041,-4.259833557753196,-8.310365993987121,-3.8071833163625737,0.0001,0.0001,0.0001,1.0,우세,우세,우세,,True,True,False,12.93291810888324,18.95082896336911,18.95082896336911,17.47535299134318,0.3790165792673822,0.3495070598268636,우세,,L6,D0@a100-P0|n40,region,5,3,40,,D0,100,10000,False
AL-3|i,-6.075269493264615,-8.43883162693523,-5.0161190299097616,-5.9172624933485025,-7.436572899052439,-4.262856730486572,-9.570761804590182,-4.144189988926148,-8.232725766371841,-3.0731470135549777,0.0001,0.0001,0.0001,1.0,우세,우세,우세,,True,True,False,12.875559470104495,18.95082896336911,18.95082896336911,17.47535299134318,0.3790165792673822,0.3495070598268636,우세,,L6,D0@a100-P0|n160,region,5,3,160,,D0,100,10000,False
AL-3|i,-4.837490876150868,-7.303202689657635,-3.9332113816250414,-6.8372782969893535,-8.553318702287806,-5.053940960280123,-8.122081713282343,-3.2265780639893236,-9.219752217503002,-4.239284906280526,0.0001,0.0001,0.0001,1.0,우세,우세,우세,,True,True,False,14.113338087218239,18.95082896336911,18.95082896336911,17.47535299134318,0.3790165792673822,0.3495070598268636,우세,,L6,D0@acont-P0|n10,region,5,3,10,,D0,cont,10000,False
AL-3|i,-5.393820224321307,-7.796403701356913,-4.426536484266099,-7.3417628735354965,-9.177013209435549,-5.516257388487608,-8.871942539727437,-3.6610752483333786,-9.864827577669958,-4.556963838014484,0.0001,0.0001,0.0001,1.0,우세,우세,우세,,True,True,False,13.557008739047802,18.95082896336911,18.95082896336911,17.47535299134318,0.3790165792673822,0.3495070598268636,우세,,L6,D0@acont-P0|n40,region,5,3,40,,D0,cont,10000,False
AL-3|i,-5.787495368709247,-8.314380112227804,-4.816008940692589,-7.858828975256861,-9.56531687063139,-6.071490787873786,-9.317023500347977,-4.063536577805868,-10.293422509137478,-5.246309037198931,0.0001,0.0001,0.0001,1.0,우세,우세,우세,,True,True,False,13.16333359465986,18.95082896336911,18.95082896336911,17.47535299134318,0.3790165792673822,0.3495070598268636,우세,,L6,D0@acont-P0|n160,region,5,3,160,,D0,cont,10000,False
AL-3|i,-4.540306966410425,-5.919486281341373,-3.9593430065934543,-5.224281420360968,-6.425278613455594,-3.866157186494916,-6.420413849238763,-3.5103371814101605,-6.65963667511911,-3.4376161501372633,0.0001,0.0001,0.0001,1.0,우세,우세,우세,,True,True,False,14.410521996958684,18.95082896336911,18.95082896336911,17.47535299134318,0.3790165792673822,0.3495070598268636,우세,,L6,D1@a1-P0|n10,region,5,3,10,,D1,1,10000,False
AL-3|i,-5.930623011397911,-7.957186332107244,-5.097308930188966,-6.966745933776575,-8.514367187649272,-5.382541971449273,-8.825521449705994,-4.425470442243089,-8.85694733045093,-4.892343874193197,0.0001,0.0001,0.0001,1.0,우세,우세,우세,,True,True,False,13.020205951971198,18.95082896336911,18.95082896336911,17.47535299134318,0.3790165792673822,0.3495070598268636,우세,,L6,D1@a1-P0|n40,region,5,3,40,,D1,1,10000,False
AL-3|i,-5.901590701324565,-8.254372262427024,-4.904342075364398,-6.486755400933814,-7.974787055551216,-4.976407503606086,-9.361639136880646,-4.126433405100022,-8.650041962969947,-4.031671699247758,0.0001,0.0001,0.0001,1.0,우세,우세,우세,,True,True,False,13.049238262044543,18.95082896336911,18.95082896336911,17.47535299134318,0.3790165792673822,0.3495070598268636,우세,,L6,D1@a1-P0|n160,region,5,3,160,,D1,1,10000,False
AL-3|i,-4.400036296200166,-5.52007084689861,-3.7177813246354505,-3.8377002119043055,-5.3270962574649285,-2.064437188000331,-5.93615856683719,-2.664833029946797,-5.986536381679399,-0.8646836441973919,0.0001,0.0002,0.0002,1.0,우세,우세,우세,,True,True,False,14.550792667168944,18.95082896336911,18.95082896336911,17.47535299134318,0.3790165792673822,0.3495070598268636,우세,,L6,P1@a1-P0|n10,region,5,3,10,,P1,1,10000,False
AL-3|i,-5.93985500152788,-7.638922262901119,-4.756235811988281,-4.7316349367981765,-7.24051849672657,-1.9575507635577631,-8.447751497683372,-2.8183923296872364,-8.293843494142955,0.10357816480569024,0.0002,0.0016,0.0016,0.9999,우세,우세,미결정,분할 독립 가정 의존,True,True,False,13.01097396184123,18.95082896336911,18.95082896336911,17.47535299134318,0.3790165792673822,0.3495070598268636,우세,,L6,P1@a1-P0|n40,region,5,3,40,,P1,1,10000,False
AL-3|i,-6.216215975240897,-8.242721465763156,-4.824947959687129,-4.862887971736839,-7.6388759427305555,-1.8000093078470483,-9.229695551523832,-2.672175737666673,-8.849332234979096,0.4888216485145088,0.0002,0.0038,0.0038,0.9999,우세,우세,미결정,분할 독립 가정 의존,True,True,False,12.73461298812821,18.95082896336911,18.95082896336911,17.47535299134318,0.3790165792673822,0.3495070598268636,우세,,L6,P1@a1-P0|n160,region,5,3,160,,P1,1,10000,False
AL-3|i,-5.35679799132411,-7.5104706301052495,-3.933055208808217,-3.599549182783753,-6.311674996051936,-0.5464576467680914,-8.506242093298923,-1.5647639905951687,-7.44920563257296,1.6438289338545027,0.0004,0.0234,0.0234,0.9998,우세,우세,미결정,분할 독립 가정 의존,True,True,False,13.594030972045,18.95082896336911,18.95082896336911,17.47535299134318,0.3790165792673822,0.3495070598268636,우세,,L6,P2@a1-P0|n10,region,5,3,10,,P2,1,10000,False
AL-3|i,-6.192960320071388,-8.300701931322298,-4.62655518033863,-4.4592072981479145,-7.346014654643994,-1.1364713475716905,-9.373853972344328,-2.1605981786643955,-8.681295438945314,1.2530697737008338,0.0004,0.0094,0.0094,0.9997,우세,우세,미결정,분할 독립 가정 의존,True,True,False,12.757868643297718,18.95082896336911,18.95082896336911,17.47535299134318,0.3790165792673822,0.3495070598268636,우세,,L6,P2@a1-P0|n40,region,5,3,40,,P2,1,10000,False
AL-3|i,-6.257608735160974,-8.378748783577876,-4.7458206363754565,-4.78546794074763,-7.681331853741993,-1.5168268495787716,-9.463823077268538,-2.4647278253837155,-8.976389117164368,0.8278086712771904,0.0002,0.0064,0.0064,0.9999,우세,우세,미결정,분할 독립 가정 의존,True,True,False,12.693220228208133,18.95082896336911,18.95082896336911,17.47535299134318,0.3790165792673822,0.3495070598268636,우세,,L6,P2@a1-P0|n160,region,5,3,160,,P2,1,10000,False
AL-3|i,-5.641790666111575,-7.906865625692361,-3.995514440458596,-3.723469951747412,-6.578103774354433,-0.48361278952102105,-8.982682475612439,-1.4740145262159126,-7.900450456085731,1.9773040386863696,0.0002,0.0268,0.0268,0.9996,우세,우세,미결정,분할 독립 가정 의존,True,True,False,13.309038297257533,18.95082896336911,18.95082896336911,17.47535299134318,0.3790165792673822,0.3495070598268636,우세,,L6,P3@a1-P0|n10,region,5,3,10,,P3,1,10000,False
AL-3|i,-6.186558982477855,-8.53784403299269,-4.270460228487106,-4.053348788378576,-7.176699108030435,-0.4170339274113554,-9.647230864652565,-1.6139506772793721,-8.566270120352662,2.1434810038687773,0.0002,0.0302,0.0302,0.9996,우세,우세,미결정,분할 독립 가정 의존,True,True,False,12.764269980891253,18.95082896336911,18.95082896336911,17.47535299134318,0.3790165792673822,0.3495070598268636,우세,,L6,P3@a1-P0|n40,region,5,3,40,,P3,1,10000,False
AL-3|i,-6.226737561304698,-8.591505032611877,-4.579708839727308,-4.361754176796428,-7.490531746946857,-0.8728224904617938,-9.751914088818646,-1.7838723310481668,-8.887562629442494,1.757744241421238,0.0002,0.017,0.017,0.9999,우세,우세,미결정,분할 독립 가정 의존,True,True,False,12.724091402064408,18.95082896336911,18.95082896336911,17.47535299134318,0.3790165792673822,0.3495070598268636,우세,,L6,P3@a1-P0|n160,region,5,3,160,,P3,1,10000,False
AL-3|i,-0.511379458903189,-0.7159279748191661,-0.3696945946822636,-0.8891835490014259,-1.625735340554132,-0.2987822642645654,-0.942606758411739,-0.3054975658301879,-2.0777589049249707,-0.05252925138314436,0.0001,0.0004,0.0004,0.8816,우세,우세,우세,,True,True,False,18.43944950446592,18.95082896336911,18.95082896336911,17.47535299134318,0.3790165792673822,0.3495070598268636,우세,,L6,R0@a1-P0|n10,region,5,3,10,,R0,1,10000,False
AL-3|i,-0.5999670420324442,-0.7558956281740841,-0.45734013502983584,-0.7013610558254048,-1.0562014817586376,-0.38626800046007037,-0.8510967120044748,-0.39077749583461485,-1.269805873019832,-0.22164867216965142,0.0001,0.0001,0.0001,0.9379,우세,우세,우세,,True,True,False,18.350861921336666,18.95082896336911,18.95082896336911,17.47535299134318,0.3790165792673822,0.3495070598268636,우세,,L6,R0@a1-P0|n40,region,5,3,40,,R0,1,10000,False
AL-3|i,-0.9996761928053403,-1.2304353697130792,-0.793443778077081,-1.1367730972523795,-1.686467210071855,-0.6862230731206009,-1.3949825639209494,-0.6802334976434937,-1.9470568573542641,-0.4612605350440146,0.0001,0.0001,0.0001,1.0,우세,우세,우세,,True,True,False,17.95115277056377,18.95082896336911,18.95082896336911,17.47535299134318,0.3790165792673822,0.3495070598268636,우세,,L6,R0@a1-P0|n160,region,5,3,160,,R0,1,10000,False
AL-3|i,-0.877308863438025,-1.1187740685478549,-0.6899484962831316,-1.1577112070845998,-1.8382763983638581,-0.5918037359101451,-1.2370381330599904,-0.5899064443628129,-2.264102215368947,-0.3137908555341057,0.0001,0.0001,0.0001,1.0,우세,우세,우세,,True,True,False,18.073520099931084,18.95082896336911,18.95082896336911,17.47535299134318,0.3790165792673822,0.3495070598268636,우세,,L6,R0@a10-P0|n10,region,5,3,10,,R0,10,10000,False
AL-3|i,-1.385539501130991,-1.6302090033218894,-1.107219496287632,-1.228723831620848,-1.577650399594561,-0.873034246277114,-1.8095196368431727,-0.9416481536397338,-1.7766039025933371,-0.6223469290718326,0.0001,0.0001,0.0001,1.0,우세,우세,우세,,True,True,False,17.565289462238116,18.95082896336911,18.95082896336911,17.47535299134318,0.3790165792673822,0.3495070598268636,우세,,L6,R0@a10-P0|n40,region,5,3,40,,R0,10,10000,False
AL-3|i,-1.9009987079925623,-2.303697277041839,-1.5851243928052863,-1.7762805344962456,-2.2435868482926415,-1.3408379599963507,-2.5667097030420507,-1.3396501825762177,-2.39841277718023,-1.075496536928717,0.0001,0.0001,0.0001,1.0,우세,우세,우세,,True,True,False,17.04983025537655,18.95082896336911,18.95082896336911,17.47535299134318,0.3790165792673822,0.3495070598268636,우세,,L6,R0@a10-P0|n160,region,5,3,160,,R0,10,10000,False
AL-3|i,-1.8233821493099307,-2.2131921831956243,-1.5138954798811723,-1.795406632367118,-2.310785234032989,-1.3180151231908301,-2.47037117258848,-1.300726638861325,-2.6025200589473854,-0.9773584437708795,0.0001,0.0001,0.0001,1.0,우세,우세,우세,,True,True,False,17.127446814059176,18.95082896336911,18.95082896336911,17.47535299134318,0.3790165792673822,0.3495070598268636,우세,,L6,R0@a100-P0|n10,region,5,3,10,,R0,100,10000,False
AL-3|i,-2.157628608226935,-2.580998126318372,-1.863513622309328,-1.8703238046602564,-2.1830663271480684,-1.5399359296414807,-2.860954875543708,-1.6222256528554144,-2.3698697373140547,-1.3241302350896955,0.0001,0.0001,0.0001,1.0,우세,우세,우세,,True,True,False,16.793200355142172,18.95082896336911,18.95082896336911,17.47535299134318,0.3790165792673822,0.3495070598268636,우세,,L6,R0@a100-P0|n40,region,5,3,40,,R0,100,10000,False
AL-3|i,-2.22406259405342,-2.60725465892235,-1.9791235461732661,-1.9186861659855292,-2.2123730897673686,-1.6088610481596688,-2.827891932879177,-1.6685950406157732,-2.3908607478120625,-1.3936174286268186,0.0001,0.0001,0.0001,1.0,우세,우세,우세,,True,True,False,16.72676636931569,18.95082896336911,18.95082896336911,17.47535299134318,0.3790165792673822,0.3495070598268636,우세,,L6,R0@a100-P0|n160,region,5,3,160,,R0,100,10000,False
AL-3|i,-2.176839442475636,-2.5855057927616225,-1.9733296129302555,-2.4353376448053554,-3.0270757010818343,-1.878867408360563,-2.7818556991319943,-1.8261397674457098,-3.3136845983609784,-1.6165239814988264,0.0001,0.0001,0.0001,1.0,우세,우세,우세,,True,True,False,16.773989520893473,18.95082896336911,18.95082896336911,17.47535299134318,0.3790165792673822,0.3495070598268636,우세,,L6,R0@acont-P0|n10,region,5,3,10,,R0,cont,10000,False
AL-3|i,-2.360795168183818,-2.791541607365323,-2.1546165819349254,-2.550086040636373,-3.036747340586634,-2.048137974686835,-3.0020286533065246,-1.9857268745240733,-3.220929710093178,-1.84499447070722,0.0001,0.0001,0.0001,1.0,우세,우세,우세,,True,True,False,16.59003379518529,18.95082896336911,18.95082896336911,17.47535299134318,0.3790165792673822,0.3495070598268636,우세,,L6,R0@acont-P0|n40,region,5,3,40,,R0,cont,10000,False
AL-3|i,-2.365402484155198,-2.7847529393047816,-2.1733525732563383,-2.5953297056428273,-3.0620281741202553,-2.138674881205434,-2.9719974141540226,-2.0133000867095503,-3.2402834087493924,-1.934986859530554,0.0001,0.0001,0.0001,1.0,우세,우세,우세,,True,True,False,16.585426479213908,18.95082896336911,18.95082896336911,17.47535299134318,0.3790165792673822,0.3495070598268636,우세,,L6,R0@acont-P0|n160,region,5,3,160,,R0,cont,10000,False
AL-3|i,-4.689331994203274,-5.935974784844276,-4.062831300823519,-4.624807029008769,-5.809239217125015,-3.350099912723587,-6.4523109393982,-3.5788228868909604,-6.269028883487506,-2.5853176526253634,0.0001,0.0001,0.0001,1.0,우세,우세,우세,,True,True,False,14.261496969165837,18.95082896336911,18.95082896336911,17.47535299134318,0.3790165792673822,0.3495070598268636,우세,,L6,R1@a1-P0|n10,region,5,3,10,,R1,1,10000,False
AL-3|i,-6.060851332766209,-7.878008365642021,-4.952056442811653,-5.193341911627924,-7.558003242026178,-2.6590642225827907,-8.769780388092624,-3.3553900131153833,-8.554436843510322,-0.8351710192626765,0.0001,0.0002,0.0002,1.0,우세,우세,우세,,True,True,False,12.8899776306029,18.95082896336911,18.95082896336911,17.47535299134318,0.3790165792673822,0.3495070598268636,우세,,L6,R1@a1-P0|n40,region,5,3,40,,R1,1,10000,False
AL-3|i,-6.262017227825441,-8.447042955896436,-5.091631647942281,-5.457079569866418,-7.892000436858437,-2.842612645729508,-9.446281487383278,-3.6551984771458197,-9.017768725720819,-0.9564288727490007,0.0001,0.0002,0.0002,1.0,우세,우세,우세,,True,True,False,12.688811735543668,18.95082896336911,18.95082896336911,17.47535299134318,0.3790165792673822,0.3495070598268636,우세,,L6,R1@a1-P0|n160,region,5,3,160,,R1,1,10000,False
AL-3|i,-4.7613817348403105,-6.05620276353691,-4.120396894836769,-4.69723854007574,-5.857509329818184,-3.4106771060246985,-6.571272558584367,-3.62570212724958,-6.344781200186954,-2.6621621972941614,0.0001,0.0001,0.0001,1.0,우세,우세,우세,,True,True,False,14.1894472285288,18.95082896336911,18.95082896336911,17.47535299134318,0.3790165792673822,0.3495070598268636,우세,,L6,R1@a10-P0|n10,region,5,3,10,,R1,10,10000,False
AL-3|i,-6.071314211296338,-7.956152638399262,-4.970364659671981,-5.207228883260038,-7.503777643615306,-2.6533469328031254,-8.799481730239835,-3.4321957824134546,-8.553909343292448,-0.8684997510651655,0.0001,0.0001,0.0001,1.0,우세,우세,우세,,True,True,False,12.87951475207277,18.95082896336911,18.95082896336911,17.47535299134318,0.3790165792673822,0.3495070598268636,우세,,L6,R1@a10-P0|n40,region,5,3,40,,R1,10,10000,False
AL-3|i,-6.268953228557207,-8.409680715394794,-5.136805698991927,-5.398631899890566,-7.880615730509524,-2.7258440797891357,-9.427081683312515,-3.5521046313020883,-8.994888982660473,-0.820880192371314,0.0001,0.0001,0.0001,1.0,우세,우세,우세,,True,True,False,12.681875734811902,18.95082896336911,18.95082896336911,17.47535299134318,0.3790165792673822,0.3495070598268636,우세,,L6,R1@a10-P0|n160,region,5,3,160,,R1,10,10000,False
AL-3|i,-4.9691333817720365,-6.366019322254855,-4.2715455915383025,-4.826385526447592,-6.1383738595299455,-3.4013615507789248,-6.955248940724051,-3.669874915069022,-6.675740400018829,-2.476828095382795,0.0001,0.0001,0.0001,1.0,우세,우세,우세,,True,True,False,13.981695581597075,18.95082896336911,18.95082896336911,17.47535299134318,0.3790165792673822,0.3495070598268636,우세,,L6,R1@a100-P0|n10,region,5,3,10,,R1,100,10000,False
AL-3|i,-6.088165010265891,-7.9625820278533395,-4.964130686697215,-5.195847929219345,-7.58184528805357,-2.5733362743391672,-8.838329975377114,-3.310162699625132,-8.628495115725975,-0.7144348026495605,0.0001,0.0001,0.0001,0.9999,우세,우세,우세,,True,True,False,12.862663953103217,18.95082896336911,18.95082896336911,17.47535299134318,0.3790165792673822,0.3495070598268636,우세,,L6,R1@a100-P0|n40,region,5,3,40,,R1,100,10000,False
AL-3|i,-6.254103024440191,-8.346776066382809,-4.9284209409405175,-5.109498834795112,-7.709803369530426,-2.1916658798720197,-9.37791170363371,-2.9724506144188374,-8.96991864405549,-0.04901571098112223,0.0001,0.0008,0.0008,1.0,우세,우세,우세,,True,True,False,12.696725938928918,18.95082896336911,18.95082896336911,17.47535299134318,0.3790165792673822,0.3495070598268636,우세,,L6,R1@a100-P0|n160,region,5,3,160,,R1,100,10000,False
AL-3|i,-5.04998959895444,-6.48825329934846,-4.373059459660694,-5.103168455519317,-6.340268951702616,-3.802019684265542,-7.055115285311262,-3.8722818212938757,-6.826096344040059,-3.025412593615853,0.0001,0.0001,0.0001,1.0,우세,우세,우세,,True,True,False,13.900839364414669,18.95082896336911,18.95082896336911,17.47535299134318,0.3790165792673822,0.3495070598268636,우세,,L6,R1@acont-P0|n10,region,5,3,10,,R1,cont,10000,False
AL-3|i,-6.081647322640092,-7.977572643793422,-5.071070012266478,-5.6606388473845035,-7.731524701992482,-3.4370513896798114,-8.845007654881154,-4.022921163824143,-8.674020928273901,-1.9523964060673362,0.0001,0.0001,0.0001,1.0,우세,우세,우세,,True,True,False,12.869181640729016,18.95082896336911,18.95082896336911,17.47535299134318,0.3790165792673822,0.3495070598268636,우세,,L6,R1@acont-P0|n40,region,5,3,40,,R1,cont,10000,False
AL-3|i,-6.293449085152167,-8.401681165857896,-5.192971643616666,-5.721059963970974,-7.994452203394449,-3.3117500258112273,-9.385140912745447,-3.9476394388641407,-8.96690965483755,-1.6939519360512023,0.0001,0.0001,0.0001,1.0,우세,우세,우세,,True,True,False,12.657379878216942,18.95082896336911,18.95082896336911,17.47535299134318,0.3790165792673822,0.3495070598268636,우세,,L6,R1@acont-P0|n160,region,5,3,160,,R1,cont,10000,False
AL-3|i,-4.472928516303471,-5.593107916474831,-3.913010884075447,-4.387628261442987,-5.612151795469546,-3.0428053232684853,-6.0273937941113385,-3.4953240069346836,-6.15125924167754,-2.2158149992774283,0.0001,0.0001,0.0001,1.0,우세,우세,우세,,True,True,False,14.47790044706564,18.95082896336911,18.95082896336911,17.47535299134318,0.3790165792673822,0.3495070598268636,우세,,L6,R2@a1-P0|n10,region,5,3,10,,R2,1,10000,False
AL-3|i,-5.9839362208756075,-7.760376465698384,-5.008253984098157,-5.320298141754764,-7.523260994229258,-2.9509700465902315,-8.55097688361798,-3.7435384661614357,-8.514451267644441,-1.264220063289948,0.0001,0.0001,0.0001,1.0,우세,우세,우세,,True,True,False,12.966892742493503,18.95082896336911,18.95082896336911,17.47535299134318,0.3790165792673822,0.3495070598268636,우세,,L6,R2@a1-P0|n40,region,5,3,40,,R2,1,10000,False
AL-3|i,-6.221125936359755,-8.307626499985478,-4.942274894614226,-5.096561408248269,-7.656958332849753,-2.217950053103606,-9.310024300531559,-3.052578115586851,-8.836371554847267,-0.14279071821113654,0.0001,0.0006,0.0006,1.0,우세,우세,우세,,True,True,False,12.729703027009352,18.95082896336911,18.95082896336911,17.47535299134318,0.3790165792673822,0.3495070598268636,우세,,L6,R2@a1-P0|n160,region,5,3,160,,R2,1,10000,False
AL-3|i,-4.432056862448112,-5.805418116902506,-3.8305381777171905,-5.086021330331226,-6.318154934630093,-3.718794323988242,-6.275928874144826,-3.410517340978031,-6.520236232769354,-3.283446540927947,0.0001,0.0001,0.0001,1.0,우세,우세,우세,,True,True,False,14.518772100920994,18.95082896336911,18.95082896336911,17.47535299134318,0.3790165792673822,0.3495070598268636,우세,,L6,R3@a1-P0|n10,region,5,3,10,,R3,1,10000,False
AL-3|i,-5.849482076065831,-7.847433732316149,-5.020474583072251,-6.952600252212756,-8.450906052116382,-5.438760617451474,-8.718927349194844,-4.367134703473704,-8.755207143785467,-4.962020301350096,0.0001,0.0001,0.0001,1.0,우세,우세,우세,,True,True,False,13.101346887303276,18.95082896336911,18.95082896336911,17.47535299134318,0.3790165792673822,0.3495070598268636,우세,,L6,R3@a1-P0|n40,region,5,3,40,,R3,1,10000,False
AL-3|i,-5.904867108851306,-8.194146450011722,-4.939616394817218,-6.785700395347871,-8.06894084641495,-5.456093206371371,-9.297416283185546,-4.205341503536343,-8.592374669384393,-4.784530622939194,0.0001,0.0001,0.0001,1.0,우세,우세,우세,,True,True,False,13.045961854517802,18.95082896336911,18.95082896336911,17.47535299134318,0.3790165792673822,0.3495070598268636,우세,,L6,R3@a1-P0|n160,region,5,3,160,,R3,1,10000,False
AL-3|i,-1.9446563982336986,-2.7470802832882346,-1.616219515036837,-1.9028183923690822,-3.2248105945784418,-0.5026232172914977,-3.066139838180689,-1.373192095060403,-3.57546609330064,-0.14775450374441135,0.0001,0.0092,0.0092,0.9999,우세,우세,우세,,True,True,False,17.006172565135408,18.95082896336911,18.95082896336911,17.47535299134318,0.3790165792673822,0.3495070598268636,우세,,L6,V1@a1-P0|n10,region,5,3,10,,V1,1,10000,False
AL-3|i,-2.501029270326795,-3.3265619372701094,-2.0743636676765194,-2.3054021078937446,-3.750202842098105,-0.8019639253781551,-3.5706785004029187,-1.7145199554151425,-4.093468958401723,-0.33568515212431155,0.0001,0.0028,0.0028,1.0,우세,우세,우세,,True,True,False,16.449799693042316,18.95082896336911,18.95082896336911,17.47535299134318,0.3790165792673822,0.3495070598268636,우세,,L6,V1@a1-P0|n40,region,5,3,40,,V1,1,10000,False
AL-3|i,-3.9200368936493875,-5.013963790666475,-3.289556722517096,-3.3983829794097744,-5.089148028064383,-1.6198593311786442,-5.41989480674811,-2.480371572232833,-5.562857041346164,-0.7539221738511589,0.0001,0.0002,0.0002,1.0,우세,우세,우세,,True,True,False,15.03079206971972,18.95082896336911,18.95082896336911,17.47535299134318,0.3790165792673822,0.3495070598268636,우세,,L6,V1@a1-P0|n160,region,5,3,160,,V1,1,10000,False
AL-3|i,-1.7409968049770144,-2.4698874398097614,-1.495293579182855,-2.080519644251964,-3.1964862711320072,-0.897835191376503,-2.827893306563485,-1.3668736694018446,-3.3079108644595268,-0.8693943813080495,0.0002,0.0008,0.0008,0.9998,우세,우세,우세,,True,True,False,17.209832158392096,18.95082896336911,18.95082896336911,17.47535299134318,0.3790165792673822,0.3495070598268636,우세,,L6,V1r@a1-P0|n10,region,5,3,10,,V1r,1,10000,False
AL-3|i,-2.335994567149661,-3.060554927193146,-1.9778697559973184,-2.161885762198819,-3.399279103582486,-0.8759222506175192,-3.2608780061088862,-1.657505326733604,-3.592572875382405,-0.6654624220782585,0.0001,0.002,0.002,0.9999,우세,우세,우세,,True,True,False,16.614834396219447,18.95082896336911,18.95082896336911,17.47535299134318,0.3790165792673822,0.3495070598268636,우세,,L6,V1r@a1-P0|n40,region,5,3,40,,V1r,1,10000,False
AL-3|i,-3.873664366873257,-4.8908307106429945,-3.327041764514671,-3.563316118500137,-4.899374840635987,-2.1493019472460095,-5.300869954504346,-2.9399097272550256,-5.182554148594086,-1.8040589064264934,0.0001,0.0001,0.0001,1.0,우세,우세,우세,,True,True,False,15.077164596495852,18.95082896336911,18.95082896336911,17.47535299134318,0.3790165792673822,0.3495070598268636,우세,,L6,V1r@a1-P0|n160,region,5,3,160,,V1r,1,10000,False
AL-4|i,0.7402641878599141,,,-0.20364865010742741,,,,,,,,,,,판정 불가,판정 불가,판정 불가,,False,False,False,24.416022510453544,23.675758322593634,23.675758322593634,24.998362580830157,0.4735151664518727,0.49996725161660316,판정 불가,,L6,D0@a1-P0|n10,region,3,2,10,,D0,1,10000,False
AL-4|i,0.9329267481650257,,,-0.12312834221139705,,,,,,,,,,,판정 불가,판정 불가,판정 불가,,False,False,False,24.608685070758657,23.675758322593634,23.675758322593634,24.998362580830157,0.4735151664518727,0.49996725161660316,판정 불가,,L6,D0@a1-P0|n40,region,3,2,40,,D0,1,10000,False
AL-4|i,0.9259369096162402,,,-1.1596998271176773,,,,,,,,,,,판정 불가,판정 불가,판정 불가,,False,False,False,31.24190802265374,30.3159711130375,23.675758322593634,24.998362580830157,0.4735151664518727,0.49996725161660316,판정 불가,,L6,D0@a1-P0|n160,region,1,3,160,,D0,1,10000,False
AL-4|i,1.316711595938397,,,0.4405277420715663,,,,,,,,,,,판정 불가,판정 불가,판정 불가,,False,False,False,24.992469918532027,23.675758322593634,23.675758322593634,24.998362580830157,0.4735151664518727,0.49996725161660316,판정 불가,,L6,D0@a10-P0|n10,region,3,2,10,,D0,10,10000,False
AL-4|i,1.2832814365079048,,,0.5427801463849254,,,,,,,,,,,판정 불가,판정 불가,판정 불가,,False,False,False,24.95903975910154,23.675758322593634,23.675758322593634,24.998362580830157,0.4735151664518727,0.49996725161660316,판정 불가,,L6,D0@a10-P0|n40,region,3,2,40,,D0,10,10000,False
AL-4|i,0.511957238298784,,,-0.8974162112839821,,,,,,,,,,,판정 불가,판정 불가,판정 불가,,False,False,False,30.827928351336283,30.3159711130375,23.675758322593634,24.998362580830157,0.4735151664518727,0.49996725161660316,판정 불가,,L6,D0@a10-P0|n160,region,1,3,160,,D0,10,10000,False
AL-4|i,1.775706005037275,,,0.6479690301350539,,,,,,,,,,,판정 불가,판정 불가,판정 불가,,False,False,False,25.451464327630905,23.675758322593634,23.675758322593634,24.998362580830157,0.4735151664518727,0.49996725161660316,판정 불가,,L6,D0@a100-P0|n10,region,3,2,10,,D0,100,10000,False
AL-4|i,0.5628860224462157,,,-0.2680729834581517,,,,,,,,,,,판정 불가,판정 불가,판정 불가,,False,False,False,24.238644345039848,23.675758322593634,23.675758322593634,24.998362580830157,0.4735151664518727,0.49996725161660316,판정 불가,,L6,D0@a100-P0|n40,region,3,2,40,,D0,100,10000,False
AL-4|i,-0.8186272862980246,,,-2.7579620186438625,,,,,,,,,,,판정 불가,판정 불가,판정 불가,,False,False,False,29.497343826739474,30.3159711130375,23.675758322593634,24.998362580830157,0.4735151664518727,0.49996725161660316,판정 불가,,L6,D0@a100-P0|n160,region,1,3,160,,D0,100,10000,False
AL-4|i,2.872739687471096,,,0.11530051502683965,,,,,,,,,,,판정 불가,판정 불가,판정 불가,,False,False,False,26.54849801006473,23.675758322593634,23.675758322593634,24.998362580830157,0.4735151664518727,0.49996725161660316,판정 불가,,L6,D0@acont-P0|n10,region,3,2,10,,D0,cont,10000,False
AL-4|i,1.896790827707477,,,0.27458167608784834,,,,,,,,,,,판정 불가,판정 불가,판정 불가,,False,False,False,25.572549150301104,23.675758322593634,23.675758322593634,24.998362580830157,0.4735151664518727,0.49996725161660316,판정 불가,,L6,D0@acont-P0|n40,region,3,2,40,,D0,cont,10000,False
AL-4|i,-0.3895773025894229,,,-2.5095966213109264,,,,,,,,,,,판정 불가,판정 불가,판정 불가,,False,False,False,29.926393810448076,30.3159711130375,23.675758322593634,24.998362580830157,0.4735151664518727,0.49996725161660316,판정 불가,,L6,D0@acont-P0|n160,region,1,3,160,,D0,cont,10000,False
AL-4|i,2.077704421348655,,,1.423393167090932,,,,,,,,,,,판정 불가,판정 불가,판정 불가,,False,False,False,25.75346274394229,23.675758322593634,23.675758322593634,24.998362580830157,0.4735151664518727,0.49996725161660316,판정 불가,,L6,D1@a1-P0|n10,region,3,2,10,,D1,1,10000,False
AL-4|i,1.0704556886224441,,,-0.637572524070503,,,,,,,,,,,판정 불가,판정 불가,판정 불가,,False,False,False,24.74621401121608,23.675758322593634,23.675758322593634,24.998362580830157,0.4735151664518727,0.49996725161660316,판정 불가,,L6,D1@a1-P0|n40,region,3,2,40,,D1,1,10000,False
AL-4|i,-0.9077773503759374,,,-5.1496860103038244,,,,,,,,,,,판정 불가,판정 불가,판정 불가,,False,False,False,29.40819376266156,30.3159711130375,23.675758322593634,24.998362580830157,0.4735151664518727,0.49996725161660316,판정 불가,,L6,D1@a1-P0|n160,region,1,3,160,,D1,1,10000,False
AL-4|i,0.9499191404548633,,,1.1268525549496584,,,,,,,,,,,판정 불가,판정 불가,판정 불가,,False,False,False,24.625677463048493,23.675758322593634,23.675758322593634,24.998362580830157,0.4735151664518727,0.49996725161660316,판정 불가,,L6,P1@a1-P0|n10,region,3,2,10,,P1,1,10000,False
AL-4|i,1.7158323162052298,,,1.7946439649594161,,,,,,,,,,,판정 불가,판정 불가,판정 불가,,False,False,False,25.39159063879886,23.675758322593634,23.675758322593634,24.998362580830157,0.4735151664518727,0.49996725161660316,판정 불가,,L6,P1@a1-P0|n40,region,3,2,40,,P1,1,10000,False
AL-4|i,-0.13394775480289667,,,-2.784153348028699,,,,,,,,,,,판정 불가,판정 불가,판정 불가,,False,False,False,30.182023358234602,30.3159711130375,23.675758322593634,24.998362580830157,0.4735151664518727,0.49996725161660316,판정 불가,,L6,P1@a1-P0|n160,region,1,3,160,,P1,1,10000,False
AL-4|i,2.722803146522748,,,2.798838234383831,,,,,,,,,,,판정 불가,판정 불가,판정 불가,,False,False,False,26.398561469116384,23.675758322593634,23.675758322593634,24.998362580830157,0.4735151664518727,0.49996725161660316,판정 불가,,L6,P2@a1-P0|n10,region,3,2,10,,P2,1,10000,False
AL-4|i,2.305879389824829,,,2.326014843447338,,,,,,,,,,,판정 불가,판정 불가,판정 불가,,False,False,False,25.98163771241846,23.675758322593634,23.675758322593634,24.998362580830157,0.4735151664518727,0.49996725161660316,판정 불가,,L6,P2@a1-P0|n40,region,3,2,40,,P2,1,10000,False
AL-4|i,-0.12013385997113346,,,-2.9490757571258825,,,,,,,,,,,판정 불가,판정 불가,판정 불가,,False,False,False,30.195837253066365,30.3159711130375,23.675758322593634,24.998362580830157,0.4735151664518727,0.49996725161660316,판정 불가,,L6,P2@a1-P0|n160,region,1,3,160,,P2,1,10000,False
AL-4|i,1.0993687274914674,,,-1.679139207584824,,,,,,,,,,,판정 불가,판정 불가,판정 불가,,False,False,False,24.7751270500851,23.675758322593634,23.675758322593634,24.998362580830157,0.4735151664518727,0.49996725161660316,판정 불가,,L6,P3@a1-P0|n10,region,3,2,10,,P3,1,10000,False
AL-4|i,-0.02142245532884246,,,-2.4554087858164366,,,,,,,,,,,판정 불가,판정 불가,판정 불가,,False,False,False,23.65433586726479,23.675758322593634,23.675758322593634,24.998362580830157,0.4735151664518727,0.49996725161660316,판정 불가,,L6,P3@a1-P0|n40,region,3,2,40,,P3,1,10000,False
AL-4|i,0.24605577887662733,,,-4.931232702300328,,,,,,,,,,,판정 불가,판정 불가,판정 불가,,False,False,False,30.562026891914126,30.3159711130375,23.675758322593634,24.998362580830157,0.4735151664518727,0.49996725161660316,판정 불가,,L6,P3@a1-P0|n160,region,1,3,160,,P3,1,10000,False
AL-4|i,0.6224758528368959,,,1.1465436654152654,,,,,,,,,,,판정 불가,판정 불가,판정 불가,,False,False,False,24.298234175430526,23.675758322593634,23.675758322593634,24.998362580830157,0.4735151664518727,0.49996725161660316,판정 불가,,L6,R0@a1-P0|n10,region,3,2,10,,R0,1,10000,False
AL-4|i,0.5966806152820053,,,1.0616209195261703,,,,,,,,,,,판정 불가,판정 불가,판정 불가,,False,False,False,24.272438937875638,23.675758322593634,23.675758322593634,24.998362580830157,0.4735151664518727,0.49996725161660316,판정 불가,,L6,R0@a1-P0|n40,region,3,2,40,,R0,1,10000,False
AL-4|i,0.784440422355221,,,0.9904543373713004,,,,,,,,,,,판정 불가,판정 불가,판정 불가,,False,False,False,31.10041153539272,30.3159711130375,23.675758322593634,24.998362580830157,0.4735151664518727,0.49996725161660316,판정 불가,,L6,R0@a1-P0|n160,region,1,3,160,,R0,1,10000,False
AL-4|i,0.5995244713416277,,,1.0218835141775802,,,,,,,,,,,판정 불가,판정 불가,판정 불가,,False,False,False,24.27528279393526,23.675758322593634,23.675758322593634,24.998362580830157,0.4735151664518727,0.49996725161660316,판정 불가,,L6,R0@a10-P0|n10,region,3,2,10,,R0,10,10000,False
AL-4|i,0.5365533957386717,,,0.7947564085332376,,,,,,,,,,,판정 불가,판정 불가,판정 불가,,False,False,False,24.212311718332302,23.675758322593634,23.675758322593634,24.998362580830157,0.4735151664518727,0.49996725161660316,판정 불가,,L6,R0@a10-P0|n40,region,3,2,40,,R0,10,10000,False
AL-4|i,0.3422013876516772,,,0.29767475033780144,,,,,,,,,,,판정 불가,판정 불가,판정 불가,,False,False,False,30.658172500689176,30.3159711130375,23.675758322593634,24.998362580830157,0.4735151664518727,0.49996725161660316,판정 불가,,L6,R0@a10-P0|n160,region,1,3,160,,R0,10,10000,False
AL-4|i,0.24699233196578518,,,0.44068297885513275,,,,,,,,,,,판정 불가,판정 불가,판정 불가,,False,False,False,23.92275065455941,23.675758322593634,23.675758322593634,24.998362580830157,0.4735151664518727,0.49996725161660316,판정 불가,,L6,R0@a100-P0|n10,region,3,2,10,,R0,100,10000,False
AL-4|i,-0.0564276033246666,,,-0.11100204303232293,,,,,,,,,,,판정 불가,판정 불가,판정 불가,,False,False,False,23.61933071926897,23.675758322593634,23.675758322593634,24.998362580830157,0.4735151664518727,0.49996725161660316,판정 불가,,L6,R0@a100-P0|n40,region,3,2,40,,R0,100,10000,False
AL-4|i,-0.26881332446397366,,,-0.5407770277081205,,,,,,,,,,,판정 불가,판정 불가,판정 불가,,False,False,False,30.047157788573525,30.3159711130375,23.675758322593634,24.998362580830157,0.4735151664518727,0.49996725161660316,판정 불가,,L6,R0@a100-P0|n160,region,1,3,160,,R0,100,10000,False
AL-4|i,0.8130120985648533,,,1.1904296843911648,,,,,,,,,,,판정 불가,판정 불가,판정 불가,,False,False,False,24.48877042115848,23.675758322593634,23.675758322593634,24.998362580830157,0.4735151664518727,0.49996725161660316,판정 불가,,L6,R0@acont-P0|n10,region,3,2,10,,R0,cont,10000,False
AL-4|i,0.9028138393167779,,,1.4966880927507695,,,,,,,,,,,판정 불가,판정 불가,판정 불가,,False,False,False,24.578572161910405,23.675758322593634,23.675758322593634,24.998362580830157,0.4735151664518727,0.49996725161660316,판정 불가,,L6,R0@acont-P0|n40,region,3,2,40,,R0,cont,10000,False
AL-4|i,0.5009804763799046,,,0.6061517256412827,,,,,,,,,,,판정 불가,판정 불가,판정 불가,,False,False,False,30.816951589417403,30.3159711130375,23.675758322593634,24.998362580830157,0.4735151664518727,0.49996725161660316,판정 불가,,L6,R0@acont-P0|n160,region,1,3,160,,R0,cont,10000,False
AL-4|i,1.5367049476947752,,,2.235408040631801,,,,,,,,,,,판정 불가,판정 불가,판정 불가,,False,False,False,25.212463270288406,23.675758322593634,23.675758322593634,24.998362580830157,0.4735151664518727,0.49996725161660316,판정 불가,,L6,R1@a1-P0|n10,region,3,2,10,,R1,1,10000,False
AL-4|i,2.179280929127888,,,2.7601570534709174,,,,,,,,,,,판정 불가,판정 불가,판정 불가,,False,False,False,25.85503925172152,23.675758322593634,23.675758322593634,24.998362580830157,0.4735151664518727,0.49996725161660316,판정 불가,,L6,R1@a1-P0|n40,region,3,2,40,,R1,1,10000,False
AL-4|i,0.4425928152349137,,,-1.8577537412218774,,,,,,,,,,,판정 불가,판정 불가,판정 불가,,False,False,False,30.758563928272412,30.3159711130375,23.675758322593634,24.998362580830157,0.4735151664518727,0.49996725161660316,판정 불가,,L6,R1@a1-P0|n160,region,1,3,160,,R1,1,10000,False
AL-4|i,1.5372556314048242,,,2.074105317393137,,,,,,,,,,,판정 불가,판정 불가,판정 불가,,False,False,False,25.213013953998455,23.675758322593634,23.675758322593634,24.998362580830157,0.4735151664518727,0.49996725161660316,판정 불가,,L6,R1@a10-P0|n10,region,3,2,10,,R1,10,10000,False
AL-4|i,2.124835865985913,,,2.5848212158911843,,,,,,,,,,,판정 불가,판정 불가,판정 불가,,False,False,False,25.80059418857955,23.675758322593634,23.675758322593634,24.998362580830157,0.4735151664518727,0.49996725161660316,판정 불가,,L6,R1@a10-P0|n40,region,3,2,40,,R1,10,10000,False
AL-4|i,0.038458895091260104,,,-2.3934005994485297,,,,,,,,,,,판정 불가,판정 불가,판정 불가,,False,False,False,30.35443000812876,30.3159711130375,23.675758322593634,24.998362580830157,0.4735151664518727,0.49996725161660316,판정 불가,,L6,R1@a10-P0|n160,region,1,3,160,,R1,10,10000,False
AL-4|i,1.2065471003790964,,,1.517195315537613,,,,,,,,,,,판정 불가,판정 불가,판정 불가,,False,False,False,24.882305422972724,23.675758322593634,23.675758322593634,24.998362580830157,0.4735151664518727,0.49996725161660316,판정 불가,,L6,R1@a100-P0|n10,region,3,2,10,,R1,100,10000,False
AL-4|i,1.4645447585530935,,,1.544826020980917,,,,,,,,,,,판정 불가,판정 불가,판정 불가,,False,False,False,25.140303081146726,23.675758322593634,23.675758322593634,24.998362580830157,0.4735151664518727,0.49996725161660316,판정 불가,,L6,R1@a100-P0|n40,region,3,2,40,,R1,100,10000,False
AL-4|i,-0.3717729843865101,,,-3.1890018583533184,,,,,,,,,,,판정 불가,판정 불가,판정 불가,,False,False,False,29.94419812865099,30.3159711130375,23.675758322593634,24.998362580830157,0.4735151664518727,0.49996725161660316,판정 불가,,L6,R1@a100-P0|n160,region,1,3,160,,R1,100,10000,False
AL-4|i,1.8089125788338787,,,2.25808026649826,,,,,,,,,,,판정 불가,판정 불가,판정 불가,,False,False,False,25.48467090142751,23.675758322593634,23.675758322593634,24.998362580830157,0.4735151664518727,0.49996725161660316,판정 불가,,L6,R1@acont-P0|n10,region,3,2,10,,R1,cont,10000,False
AL-4|i,2.3796433529429635,,,2.987756402436053,,,,,,,,,,,판정 불가,판정 불가,판정 불가,,False,False,False,26.055401675536597,23.675758322593634,23.675758322593634,24.998362580830157,0.4735151664518727,0.49996725161660316,판정 불가,,L6,R1@acont-P0|n40,region,3,2,40,,R1,cont,10000,False
AL-4|i,0.30734177557665987,,,-1.7238851482939204,,,,,,,,,,,판정 불가,판정 불가,판정 불가,,False,False,False,30.62331288861416,30.3159711130375,23.675758322593634,24.998362580830157,0.4735151664518727,0.49996725161660316,판정 불가,,L6,R1@acont-P0|n160,region,1,3,160,,R1,cont,10000,False
AL-4|i,1.3083988228308716,,,1.780986030049429,,,,,,,,,,,판정 불가,판정 불가,판정 불가,,False,False,False,24.984157145424504,23.675758322593634,23.675758322593634,24.998362580830157,0.4735151664518727,0.49996725161660316,판정 불가,,L6,R2@a1-P0|n10,region,3,2,10,,R2,1,10000,False
AL-4|i,1.7168327412503064,,,1.7675287707296548,,,,,,,,,,,판정 불가,판정 불가,판정 불가,,False,False,False,25.392591063843938,23.675758322593634,23.675758322593634,24.998362580830157,0.4735151664518727,0.49996725161660316,판정 불가,,L6,R2@a1-P0|n40,region,3,2,40,,R2,1,10000,False
AL-4|i,-0.34259040614507796,,,-3.089191749920488,,,,,,,,,,,판정 불가,판정 불가,판정 불가,,False,False,False,29.97338070689242,30.3159711130375,23.675758322593634,24.998362580830157,0.4735151664518727,0.49996725161660316,판정 불가,,L6,R2@a1-P0|n160,region,1,3,160,,R2,1,10000,False
AL-4|i,2.387733616239989,,,2.116743636598821,,,,,,,,,,,판정 불가,판정 불가,판정 불가,,False,False,False,26.06349193883362,23.675758322593634,23.675758322593634,24.998362580830157,0.4735151664518727,0.49996725161660316,판정 불가,,L6,R3@a1-P0|n10,region,3,2,10,,R3,1,10000,False
AL-4|i,1.3976825950616576,,,0.15931516715144056,,,,,,,,,,,판정 불가,판정 불가,판정 불가,,False,False,False,25.07344091765529,23.675758322593634,23.675758322593634,24.998362580830157,0.4735151664518727,0.49996725161660316,판정 불가,,L6,R3@a1-P0|n40,region,3,2,40,,R3,1,10000,False
AL-4|i,-0.3147299847036251,,,-3.953254495415951,,,,,,,,,,,판정 불가,판정 불가,판정 불가,,False,False,False,30.001241128333874,30.3159711130375,23.675758322593634,24.998362580830157,0.4735151664518727,0.49996725161660316,판정 불가,,L6,R3@a1-P0|n160,region,1,3,160,,R3,1,10000,False
AL-4|i,0.26434835353841873,,,-4.013005900047304,,,,,,,,,,,판정 불가,판정 불가,판정 불가,,False,False,False,23.940106676132046,23.675758322593634,23.675758322593634,24.998362580830157,0.4735151664518727,0.49996725161660316,판정 불가,,L6,V1@a1-P0|n10,region,3,2,10,,V1,1,10000,False
AL-4|i,0.21512413838507408,,,-4.076785735047081,,,,,,,,,,,판정 불가,판정 불가,판정 불가,,False,False,False,23.890882460978702,23.675758322593634,23.675758322593634,24.998362580830157,0.4735151664518727,0.49996725161660316,판정 불가,,L6,V1@a1-P0|n40,region,3,2,40,,V1,1,10000,False
AL-4|i,0.6463909698130195,,,-5.55134503838687,,,,,,,,,,,판정 불가,판정 불가,판정 불가,,False,False,False,30.962362082850518,30.3159711130375,23.675758322593634,24.998362580830157,0.4735151664518727,0.49996725161660316,판정 불가,,L6,V1@a1-P0|n160,region,1,3,160,,V1,1,10000,False
AL-4|i,0.31408664038362727,,,-3.2262920443145098,,,,,,,,,,,판정 불가,판정 불가,판정 불가,,False,False,False,23.98984496297726,23.675758322593634,23.675758322593634,24.998362580830157,0.4735151664518727,0.49996725161660316,판정 불가,,L6,V1r@a1-P0|n10,region,3,2,10,,V1r,1,10000,False
AL-4|i,0.18892038156465674,,,-3.384784565376762,,,,,,,,,,,판정 불가,판정 불가,판정 불가,,False,False,False,23.86467870415829,23.675758322593634,23.675758322593634,24.998362580830157,0.4735151664518727,0.49996725161660316,판정 불가,,L6,V1r@a1-P0|n40,region,3,2,40,,V1r,1,10000,False
AL-4|i,0.7936556633535261,,,-4.6595072398598205,,,,,,,,,,,판정 불가,판정 불가,판정 불가,,False,False,False,31.109626776391025,30.3159711130375,23.675758322593634,24.998362580830157,0.4735151664518727,0.49996725161660316,판정 불가,,L6,V1r@a1-P0|n160,region,1,3,160,,V1r,1,10000,False
AL-5|i,0.151753988457137,-0.6295411409947304,1.4275937781022185,-0.3550166827209701,-1.4317445069834764,0.7722600645866655,-1.1474293600007266,2.0388354074903763,-2.2723524047903365,1.5660041687305974,0.5064,0.5178,0.5178,0.4005,미결정,미결정,미결정,,False,False,False,22.000651179552207,21.84889719109507,21.84889719109507,16.83155045314178,0.4369779438219014,0.3366310090628356,미결정,,L6,D0@a1-P0|n10,region,5,4,10,,D0,1,10000,False
AL-5|i,0.3657943116630179,-0.8618202590576913,2.1701746084080287,-0.251109702811258,-1.6366142463991757,1.1917726827975876,-1.4853460194170156,2.627050534100323,-2.5889603156042753,1.9827015321397647,0.3512,0.7268,0.7268,0.5766,미결정,미결정,미결정,,False,False,False,22.21469150275809,21.84889719109507,21.84889719109507,16.83155045314178,0.4369779438219014,0.3366310090628356,미결정,,L6,D0@a1-P0|n40,region,5,4,40,,D0,1,10000,False
AL-5|i,1.217440031972614,-0.6135498451062706,3.494605671383192,0.19356135119492884,-1.682747741834578,2.086532715787817,-1.652007968339936,4.322488403435655,-2.8642517326398136,3.1095361794326135,0.1066,0.8496,0.8496,0.8897,미결정,미결정,미결정,,False,False,False,23.066337223067684,21.84889719109507,21.84889719109507,16.83155045314178,0.4369779438219014,0.3366310090628356,미결정,,L6,D0@a1-P0|n160,region,5,4,160,,D0,1,10000,False
AL-5|i,0.7533865043863223,-0.665974291277023,2.7848034549906546,-0.04335779629086822,-1.5565651095913164,1.5172317596662985,-1.377825869665305,3.206959304352425,-2.57747317196723,2.369625777502274,0.161,0.9548,0.9548,0.7833,미결정,미결정,미결정,,False,False,False,22.602283695481397,21.84889719109507,21.84889719109507,16.83155045314178,0.4369779438219014,0.3366310090628356,미결정,,L6,D0@a10-P0|n10,region,5,4,10,,D0,10,10000,False
AL-5|i,1.2571762108423805,-0.7704344383463707,3.5577164180567653,-0.19101775703037555,-2.0787158542719295,1.7510556612841683,-1.7174093290831174,4.151519420738821,-3.29492841977596,2.6747469584118453,0.1226,0.8446,0.8446,0.8853,미결정,미결정,미결정,,False,False,False,23.10607340193745,21.84889719109507,21.84889719109507,16.83155045314178,0.4369779438219014,0.3366310090628356,미결정,,L6,D0@a10-P0|n40,region,5,4,40,,D0,10,10000,False
AL-5|i,2.4634133054627503,0.8803205299203335,4.450924587114091,0.903394622088113,-0.9298806513608414,2.7397619585597757,-0.058185779979402705,5.296478588558499,-2.4032221747832136,3.7897450004666675,0.0068,0.3376,0.3376,0.9882,미결정,미결정,미결정,,False,False,False,24.31231049655782,21.84889719109507,21.84889719109507,16.83155045314178,0.4369779438219014,0.3366310090628356,미결정,,L6,D0@a10-P0|n160,region,5,4,160,,D0,10,10000,False
AL-5|i,1.5550709151020115,0.2940327018454327,3.4449195223463343,0.43349158412665645,-1.028942131114988,1.8998846015478608,-0.5053489013751302,3.946606710050653,-2.0194919491863925,2.6803491931878227,0.0262,0.5546,0.5546,0.9609,미결정,미결정,미결정,,False,False,False,23.40396810619708,21.84889719109507,21.84889719109507,16.83155045314178,0.4369779438219014,0.3366310090628356,미결정,,L6,D0@a100-P0|n10,region,5,4,10,,D0,100,10000,False
AL-5|i,1.4947214528653945,-0.0693968725124801,3.349279986325422,0.09033723886155265,-1.5026545480355142,1.639583367046378,-1.0265511671020162,3.8507984207740935,-2.5029960610154776,2.3912005627765143,0.0552,0.8958,0.8958,0.934,미결정,미결정,미결정,,False,False,False,23.343618643960465,21.84889719109507,21.84889719109507,16.83155045314178,0.4369779438219014,0.3366310090628356,미결정,,L6,D0@a100-P0|n40,region,5,4,40,,D0,100,10000,False
AL-5|i,2.4415914172806246,0.8249964391381527,4.570762949409529,1.1056355462979262,-0.5602308336383923,2.74672035167158,-0.3464869875568832,5.590431626950749,-1.7767934592275623,3.6671777502960494,0.0066,0.1972,0.1972,0.9879,미결정,미결정,미결정,,False,False,False,24.290488608375693,21.84889719109507,21.84889719109507,16.83155045314178,0.4369779438219014,0.3366310090628356,미결정,,L6,D0@a100-P0|n160,region,5,4,160,,D0,100,10000,False
AL-5|i,4.2509811251962875,2.501782932717475,6.442255131507737,2.344067557878904,0.5885179882230177,4.161815325831372,1.451226992979991,7.004768406286376,-0.44764827814474545,5.107667472763384,0.0001,0.0074,0.0074,0.9999,열세,열세,미결정,분할 독립 가정 의존,False,False,True,26.09987831629136,21.84889719109507,21.84889719109507,16.83155045314178,0.4369779438219014,0.3366310090628356,열세,,L6,D0@acont-P0|n10,region,5,4,10,,D0,cont,10000,False
AL-5|i,4.656606691658434,2.0261464014967183,7.063173268910803,2.0857075617772143,-0.21851902683460933,4.395186092625739,1.0753032515128025,7.337868625363933,-1.3778051035095056,5.342789896279751,0.0002,0.072,0.072,0.9991,미결정,미결정,미결정,,False,False,False,26.505503882753505,21.84889719109507,21.84889719109507,16.83155045314178,0.4369779438219014,0.3366310090628356,미결정,,L6,D0@acont-P0|n40,region,5,4,40,,D0,cont,10000,False
AL-5|i,5.934829912203125,3.6761166405936785,8.722792566164866,4.023827192456468,1.4864590330769745,6.514141927152039,2.335537993074661,9.672126290516744,-0.16387652573428024,7.96166620893521,0.0001,0.0024,0.0024,1.0,열세,열세,미결정,분할 독립 가정 의존,False,False,True,27.783727103298197,21.84889719109507,21.84889719109507,16.83155045314178,0.4369779438219014,0.3366310090628356,열세,,L6,D0@acont-P0|n160,region,5,4,160,,D0,cont,10000,False
AL-5|i,0.886109636738793,-0.08185591269328935,2.072234573898227,0.8863963566665738,0.0635044491285586,1.7241016107647174,-0.3077031766186923,2.844587038916719,-0.28410394614984913,2.2641817912152358,0.0596,0.033,0.0596,0.8876,미결정,미결정,미결정,,False,False,False,22.735006827833864,21.84889719109507,21.84889719109507,16.83155045314178,0.4369779438219014,0.3366310090628356,미결정,,L6,D1@a1-P0|n10,region,5,4,10,,D1,1,10000,False
AL-5|i,1.5085675017144404,-0.558979300334681,2.5818217845023024,0.6241539888963213,-0.6808156813981723,1.9559775195320164,-0.6267393910425061,2.6758659237045714,-1.0055203252499552,2.240222169696451,0.109,0.3584,0.3584,0.9389,미결정,미결정,미결정,,False,False,False,23.357464692809508,21.84889719109507,21.84889719109507,16.83155045314178,0.4369779438219014,0.3366310090628356,미결정,,L6,D1@a1-P0|n40,region,5,4,40,,D1,1,10000,False
AL-5|i,2.820402748051227,-0.0046859981329604805,4.337753822358487,0.7792243652214452,-1.1538496020314737,2.5055901475203273,-1.0293063157736995,5.010826071085723,-2.2311534110824143,3.3307448071720587,0.0502,0.4162,0.4162,0.9594,미결정,미결정,미결정,,False,False,False,24.669299939146292,21.84889719109507,21.84889719109507,16.83155045314178,0.4369779438219014,0.3366310090628356,미결정,,L6,D1@a1-P0|n160,region,5,4,160,,D1,1,10000,False
AL-5|i,1.0638465265628838,-0.7908399728263953,1.9019898921976015,0.4047795556880935,-0.6963680681326072,1.5286683174235158,-0.7754601656063614,1.8484873184528852,-0.7351797847874041,1.6044626592557227,0.1186,0.504,0.504,0.9404,미결정,미결정,미결정,,False,False,False,22.912743717657953,21.84889719109507,21.84889719109507,16.83155045314178,0.4369779438219014,0.3366310090628356,미결정,,L6,P1@a1-P0|n10,region,5,4,10,,P1,1,10000,False
AL-5|i,1.749390347557999,-0.9698057758639845,2.932282648038611,0.8835710707274813,-0.7077210248387846,2.3770204453185135,-1.219198211343665,2.8671922960796907,-1.1979146691673892,2.42326745006426,0.1136,0.2862,0.2862,0.9422,미결정,미결정,미결정,,False,False,False,23.598287538653068,21.84889719109507,21.84889719109507,16.83155045314178,0.4369779438219014,0.3366310090628356,미결정,,L6,P1@a1-P0|n40,region,5,4,40,,P1,1,10000,False
AL-5|i,2.0192095781236645,-0.9751128434297613,3.3351122936940163,1.290744520967063,-0.6039412039781658,2.9402294409120326,-1.253111434113816,3.2446600615733816,-1.1727679501814718,2.9319777668194082,0.1106,0.1686,0.1686,0.944,미결정,미결정,미결정,,False,False,False,23.868106769218734,21.84889719109507,21.84889719109507,16.83155045314178,0.4369779438219014,0.3366310090628356,미결정,,L6,P1@a1-P0|n160,region,5,4,160,,P1,1,10000,False
AL-5|i,2.755515870614782,-0.2732778077897196,4.126332717140223,1.9500786859517618,-0.009901767638534164,3.6283848137025254,-0.6056531463766197,4.022101124331733,-0.4794062140837403,3.608762764068298,0.0778,0.0522,0.0778,0.949,미결정,미결정,미결정,,False,False,False,24.604413061709852,21.84889719109507,21.84889719109507,16.83155045314178,0.4369779438219014,0.3366310090628356,미결정,,L6,P2@a1-P0|n10,region,5,4,10,,P2,1,10000,False
AL-5|i,2.3481357866261803,-0.7331750935872638,3.7089314234221042,1.3839426384860787,-0.5863275780991376,3.071954748751382,-1.2229362629501235,3.6387825412035375,-1.2069191951654574,3.0776383385134785,0.0998,0.1576,0.1576,0.9404,미결정,미결정,미결정,,False,False,False,24.19703297772125,21.84889719109507,21.84889719109507,16.83155045314178,0.4369779438219014,0.3366310090628356,미결정,,L6,P2@a1-P0|n40,region,5,4,40,,P2,1,10000,False
AL-5|i,2.181585502315202,-0.9695163703350271,3.5307235033005355,1.4463880167502619,-0.588747013690416,3.127822397216635,-1.2334370098906453,3.453968965102446,-1.150297313114169,3.1309350209017426,0.1128,0.1424,0.1424,0.9403,미결정,미결정,미결정,,False,False,False,24.03048269341027,21.84889719109507,21.84889719109507,16.83155045314178,0.4369779438219014,0.3366310090628356,미결정,,L6,P2@a1-P0|n160,region,5,4,160,,P2,1,10000,False
AL-5|i,1.5431465607060517,-1.5868161853100198,3.044104803637561,0.03437633495886274,-2.0212239535101197,1.769830996808208,-2.5833036543932426,3.4356504749772205,-2.9406399856869045,2.25431953007489,0.1162,0.9346,0.9346,0.9347,미결정,미결정,미결정,,False,False,False,23.392043751801122,21.84889719109507,21.84889719109507,16.83155045314178,0.4369779438219014,0.3366310090628356,미결정,,L6,P3@a1-P0|n10,region,5,4,10,,P3,1,10000,False
AL-5|i,1.6034375649963557,-1.6745450868424183,3.2289950907920244,-0.09069190131243517,-2.2424584411285826,1.7156320524916933,-2.7633843333431436,3.5808274141419116,-3.259986543703842,2.2468553539644627,0.121,0.9642,0.9642,0.928,미결정,미결정,미결정,,False,False,False,23.452334756091425,21.84889719109507,21.84889719109507,16.83155045314178,0.4369779438219014,0.3366310090628356,미결정,,L6,P3@a1-P0|n40,region,5,4,40,,P3,1,10000,False
AL-5|i,1.3587323510518658,-1.9451986980201474,2.9917192299583273,-0.40583049401015536,-2.62421551586743,1.4299590046085586,-3.088805131822145,3.4291906343248844,-3.6540228509430106,2.037602371082021,0.1194,0.7426,0.7426,0.9204,미결정,미결정,미결정,,False,False,False,23.207629542146936,21.84889719109507,21.84889719109507,16.83155045314178,0.4369779438219014,0.3366310090628356,미결정,,L6,P3@a1-P0|n160,region,5,4,160,,P3,1,10000,False
AL-5|i,-0.2546022123554593,-0.4932245051190525,-0.14790277295112067,-0.4261742903435259,-0.5867743553289492,-0.2701330340012826,-0.5549033780517556,-0.10774537109590746,-0.6841213859072425,-0.19532850528493698,0.0004,0.0001,0.0004,0.1772,우세,우세,우세,,True,True,False,21.59429497873961,21.84889719109507,21.84889719109507,16.83155045314178,0.4369779438219014,0.3366310090628356,우세,,L6,R0@a1-P0|n10,region,5,4,10,통계적으로 구별되나 크기는 0.5 cm 미만,R0,1,10000,False
AL-5|i,-0.2167372589003051,-0.4707318177232791,-0.10884102274858928,-0.27246803344806453,-0.45936982970804363,-0.09791325549221891,-0.5096355512963249,-0.05950464906686884,-0.5541182182396573,-0.005807019679305391,0.0016,0.0008,0.0016,0.0139,우세,우세,우세,,True,True,False,21.632159932194764,21.84889719109507,21.84889719109507,16.83155045314178,0.4369779438219014,0.3366310090628356,우세,,L6,R0@a1-P0|n40,region,5,4,40,통계적으로 구별되나 크기는 0.5 cm 미만,R0,1,10000,False
AL-5|i,-0.04341646061419553,-0.38478610249211714,0.1170697843032773,-0.10339809000499152,-0.3628605433229334,0.15995204502543064,-0.4292263618252116,0.14528456689862962,-0.46697806996637137,0.2556385882119037,0.7572,0.4438,0.7572,0.0012,동등,동등,동등,,True,True,False,21.805480730480873,21.84889719109507,21.84889719109507,16.83155045314178,0.4369779438219014,0.3366310090628356,미결정,한계 의존,L6,R0@a1-P0|n160,region,5,4,160,,R0,1,10000,False
AL-5|i,-0.07438922938639436,-0.38365858605126124,0.0922143299420607,-0.13278405307911711,-0.35880271545170783,0.0977380288496544,-0.4373320089624487,0.10430609265111929,-0.4638632269896164,0.19091780577098988,0.4356,0.281,0.4356,0.0009,동등,동등,동등,,True,True,False,21.77450796170867,21.84889719109507,21.84889719109507,16.83155045314178,0.4369779438219014,0.3366310090628356,미결정,한계 의존,L6,R0@a10-P0|n10,region,5,4,10,,R0,10,10000,False
AL-5|i,0.025317553155805684,-0.375141667303592,0.2894967291950086,-0.08701266589270702,-0.4037829007240367,0.23534744556476692,-0.46063335480524603,0.3378344724288536,-0.539738371403571,0.37331207745672007,0.539,0.597,0.597,0.0044,동등,동등,미결정,분할 독립 가정 의존,True,True,False,21.874214744250875,21.84889719109507,21.84889719109507,16.83155045314178,0.4369779438219014,0.3366310090628356,미결정,한계 의존,L6,R0@a10-P0|n40,region,5,4,40,,R0,10,10000,False
AL-5|i,0.22669236296187806,-0.2263584731709475,0.5891487179667475,-0.029624944179014533,-0.4722307128287137,0.407181171024996,-0.47011692713873887,0.7376618907202682,-0.6735485427197204,0.5675630233836179,0.1214,0.9076,0.9076,0.0806,미결정,동등,미결정,,False,True,False,22.07558955405695,21.84889719109507,21.84889719109507,16.83155045314178,0.4369779438219014,0.3366310090628356,미결정,한계 의존,L6,R0@a10-P0|n160,region,5,4,160,,R0,10,10000,False
AL-5|i,0.006623632178980899,-0.36280283805290237,0.32500712545253063,-0.10767018019238854,-0.44067575394661335,0.22146861438668838,-0.5071428582010032,0.4447602869391341,-0.580449051719706,0.37024372950380746,0.6848,0.508,0.6848,0.0087,동등,동등,미결정,분할 독립 가정 의존,True,True,False,21.855520823274052,21.84889719109507,21.84889719109507,16.83155045314178,0.4369779438219014,0.3366310090628356,미결정,한계 의존,L6,R0@a100-P0|n10,region,5,4,10,,R0,100,10000,False
AL-5|i,0.22554164577129257,-0.26133563206816374,0.6368250807769504,0.016975244344995134,-0.41886928836888127,0.4556062482898494,-0.44576531695553934,0.7520973061444686,-0.5866195286508011,0.5970863070343808,0.1324,0.953,0.953,0.124,미결정,동등,미결정,,False,True,False,22.07443883686636,21.84889719109507,21.84889719109507,16.83155045314178,0.4369779438219014,0.3366310090628356,미결정,한계 의존,L6,R0@a100-P0|n40,region,5,4,40,,R0,100,10000,False
AL-5|i,0.4592562636552593,-0.021708307663167625,1.0181576660831595,0.3138123080999364,-0.2313711540733554,0.8534780019382967,-0.31657105518265183,1.1645812983046795,-0.4414821237490102,1.0112459603509307,0.055,0.2742,0.2742,0.6137,미결정,미결정,미결정,,False,False,False,22.30815345475033,21.84889719109507,21.84889719109507,16.83155045314178,0.4369779438219014,0.3366310090628356,미결정,,L6,R0@a100-P0|n160,region,5,4,160,,R0,100,10000,False
AL-5|i,0.3258688584908477,-0.2232418904715468,0.6630263008772893,-0.08352870849684883,-0.5185288778660454,0.3408038988772585,-0.34383844581978773,0.687678481162797,-0.6024638676365468,0.44594463339035967,0.127,0.711,0.711,0.1729,미결정,동등,미결정,,False,True,False,22.174766049585916,21.84889719109507,21.84889719109507,16.83155045314178,0.4369779438219014,0.3366310090628356,미결정,한계 의존,L6,R0@acont-P0|n10,region,5,4,10,,R0,cont,10000,False
AL-5|i,0.30695876730417454,-0.5128552419306691,0.8293561842206202,-0.30589453951197215,-0.9085696583202946,0.3163262275164585,-0.6743617751418789,0.9051667286073322,-1.1317070377884575,0.5284949478660562,0.1302,0.34,0.34,0.2812,미결정,동등,미결정,,False,True,False,22.155855958399247,21.84889719109507,21.84889719109507,16.83155045314178,0.4369779438219014,0.3366310090628356,미결정,한계 의존,L6,R0@acont-P0|n40,region,5,4,40,,R0,cont,10000,False
AL-5|i,0.551628922027728,-0.22604420543058065,1.28654593687691,-0.03668496864807871,-0.7925417552507765,0.7128953037771294,-0.6605755732230251,1.5570657366642189,-1.1628580982946606,1.039524817078357,0.0938,0.9296,0.9296,0.7085,미결정,미결정,미결정,,False,False,False,22.400526113122798,21.84889719109507,21.84889719109507,16.83155045314178,0.4369779438219014,0.3366310090628356,미결정,,L6,R0@acont-P0|n160,region,5,4,160,,R0,cont,10000,False
AL-5|i,0.8064745325793374,-1.2697453995941301,1.5501245230621485,-0.000884980600401164,-1.1743567050265191,1.1910286577357183,-1.3048441397304356,1.5075683221297491,-1.3077039637301278,1.2687892279898587,0.1252,0.9882,0.9882,0.924,미결정,미결정,미결정,,False,False,False,22.65537172367441,21.84889719109507,21.84889719109507,16.83155045314178,0.4369779438219014,0.3366310090628356,미결정,,L6,R1@a1-P0|n10,region,5,4,10,,R1,1,10000,False
AL-5|i,1.464764669452562,-1.4236813010547233,2.5320954450403663,0.5289651589545109,-1.1047972233325765,2.0115534313720347,-1.5701194855238338,2.453152928722891,-1.5447921151386783,2.1110969857335196,0.119,0.5166,0.5166,0.9368,미결정,미결정,미결정,,False,False,False,23.313661860547633,21.84889719109507,21.84889719109507,16.83155045314178,0.4369779438219014,0.3366310090628356,미결정,,L6,R1@a1-P0|n40,region,5,4,40,,R1,1,10000,False
AL-5|i,1.7623653548179135,-1.264525973679232,2.992259708524022,1.0697704843217863,-0.8314325348186672,2.648672937283364,-1.5072916807775947,2.9066062261809145,-1.38959437877236,2.7540670036825228,0.1146,0.2538,0.2538,0.9426,미결정,미결정,미결정,,False,False,False,23.611262545912982,21.84889719109507,21.84889719109507,16.83155045314178,0.4369779438219014,0.3366310090628356,미결정,,L6,R1@a1-P0|n160,region,5,4,160,,R1,1,10000,False
AL-5|i,0.9086896682282735,-1.145678393534498,1.7485388138844038,0.21042156520293248,-0.9803734301868594,1.4302113497976563,-1.1633879843144646,1.6974325705082116,-1.078277461279106,1.55707751892787,0.1256,0.7344,0.7344,0.9349,미결정,미결정,미결정,,False,False,False,22.757586859323343,21.84889719109507,21.84889719109507,16.83155045314178,0.4369779438219014,0.3366310090628356,미결정,,L6,R1@a10-P0|n10,region,5,4,10,,R1,10,10000,False
AL-5|i,1.6380399288426268,-1.161207329086242,2.8141601123687354,0.7153233605947446,-0.9360789109308696,2.246509879230526,-1.434728055714847,2.735851801283545,-1.350184410631522,2.4370927765610464,0.1184,0.3954,0.3954,0.9385,미결정,미결정,미결정,,False,False,False,23.486937119937696,21.84889719109507,21.84889719109507,16.83155045314178,0.4369779438219014,0.3366310090628356,미결정,,L6,R1@a10-P0|n40,region,5,4,40,,R1,10,10000,False
AL-5|i,1.940956416731663,-1.121041184530818,3.2717049522944475,1.1962718216593493,-0.7224193881627442,2.7915281778038943,-1.3441929818595748,3.2520847784527,-1.1971154559148223,3.020994058318064,0.12,0.2158,0.2158,0.9392,미결정,미결정,미결정,,False,False,False,23.789853607826732,21.84889719109507,21.84889719109507,16.83155045314178,0.4369779438219014,0.3366310090628356,미결정,,L6,R1@a10-P0|n160,region,5,4,160,,R1,10,10000,False
AL-5|i,0.9081078698357494,-1.071902014330377,1.884310943110975,0.2689326947129892,-0.9068902915838312,1.510126285676679,-1.21064430083538,1.8807477867004354,-1.0767809491368943,1.6896802391863324,0.12,0.6806,0.6806,0.939,미결정,미결정,미결정,,False,False,False,22.75700506093082,21.84889719109507,21.84889719109507,16.83155045314178,0.4369779438219014,0.3366310090628356,미결정,,L6,R1@a100-P0|n10,region,5,4,10,,R1,100,10000,False
AL-5|i,1.7549260873717465,-0.8934362120878723,2.990400966740289,0.8852126058280689,-0.6829635930865379,2.342199497306898,-1.1173769945285221,2.9379157128082314,-1.0597865654375767,2.5537920860941203,0.1186,0.274,0.274,0.9388,미결정,미결정,미결정,,False,False,False,23.603823278466812,21.84889719109507,21.84889719109507,16.83155045314178,0.4369779438219014,0.3366310090628356,미결정,,L6,R1@a100-P0|n40,region,5,4,40,,R1,100,10000,False
AL-5|i,2.1742205498245872,-0.5454736836936749,3.591338498461245,1.6569904226302277,-0.14239101159277673,3.206510823669351,-0.8635102791053116,3.573700912793392,-0.6561059203706474,3.356097400753896,0.0872,0.0682,0.0872,0.9434,미결정,미결정,미결정,,False,False,False,24.023117740919655,21.84889719109507,21.84889719109507,16.83155045314178,0.4369779438219014,0.3366310090628356,미결정,,L6,R1@a100-P0|n160,region,5,4,160,,R1,100,10000,False
AL-5|i,1.1753093330784843,-0.8433169248487618,2.1001018744765836,0.3334675143672527,-0.8571368137421836,1.5433266495407025,-0.953526810488109,2.100776622898896,-0.9922461254706443,1.724202111862645,0.1266,0.6158,0.6158,0.9354,미결정,미결정,미결정,,False,False,False,23.024206524173554,21.84889719109507,21.84889719109507,16.83155045314178,0.4369779438219014,0.3366310090628356,미결정,,L6,R1@acont-P0|n10,region,5,4,10,,R1,cont,10000,False
AL-5|i,1.8367228923581806,-0.9466777407944249,3.1103644410276683,0.6687687223973388,-1.0371325369685793,2.1971898805869814,-1.286994451038111,3.072052837783631,-1.467336282068172,2.4551720806525994,0.1188,0.4314,0.4314,0.9393,미결정,미결정,미결정,,False,False,False,23.68562008345325,21.84889719109507,21.84889719109507,16.83155045314178,0.4369779438219014,0.3366310090628356,미결정,,L6,R1@acont-P0|n40,region,5,4,40,,R1,cont,10000,False
AL-5|i,2.122896563469086,-0.7384123084674041,3.591474368220101,1.2932552374557489,-0.6616912573721023,2.9237189250246254,-1.1875825179622517,3.6973628562429575,-1.2025737456441425,3.2520086176292864,0.1062,0.191,0.191,0.9391,미결정,미결정,미결정,,False,False,False,23.971793754564153,21.84889719109507,21.84889719109507,16.83155045314178,0.4369779438219014,0.3366310090628356,미결정,,L6,R1@acont-P0|n160,region,5,4,160,,R1,cont,10000,False
AL-5|i,0.9650025184399589,-0.9063580551871893,1.8271427845763968,0.26665772166526586,-0.8456920441386008,1.4160689411652294,-0.9387148946283482,1.7866050108689129,-0.9142002336383307,1.5358425452751863,0.115,0.6684,0.6684,0.9413,미결정,미결정,미결정,,False,False,False,22.81389970953503,21.84889719109507,21.84889719109507,16.83155045314178,0.4369779438219014,0.3366310090628356,미결정,,L6,R2@a1-P0|n10,region,5,4,10,,R2,1,10000,False
AL-5|i,1.647929931888362,-1.1233943090282819,2.7846426818882324,0.7703480616473033,-0.8089127693236345,2.256293492667552,-1.3110719138290448,2.717891891490076,-1.2596178325129457,2.3619707281029516,0.1154,0.3504,0.3504,0.9394,미결정,미결정,미결정,,False,False,False,23.496827122983433,21.84889719109507,21.84889719109507,16.83155045314178,0.4369779438219014,0.3366310090628356,미결정,,L6,R2@a1-P0|n40,region,5,4,40,,R2,1,10000,False
AL-5|i,2.194087650994418,-0.7409365839309023,3.47651602807422,1.5584214175701958,-0.3344871144335936,3.146594417408653,-1.030322608194345,3.410850932538671,-0.8705845540113395,3.209334360243081,0.0992,0.0942,0.0992,0.9428,미결정,미결정,미결정,,False,False,False,24.04298484208949,21.84889719109507,21.84889719109507,16.83155045314178,0.4369779438219014,0.3366310090628356,미결정,,L6,R2@a1-P0|n160,region,5,4,160,,R2,1,10000,False
AL-5|i,0.7833759292405688,-0.0013605874801358184,1.9708885266480556,0.8853308179306992,0.10955634085760182,1.6818094835729733,-0.28645876672976167,2.832521627086862,-0.30925659089015367,2.3447498308044867,0.0502,0.0224,0.0502,0.8316,미결정,미결정,미결정,,False,False,False,22.63227312033564,21.84889719109507,21.84889719109507,16.83155045314178,0.4369779438219014,0.3366310090628356,미결정,,L6,R3@a1-P0|n10,region,5,4,10,,R3,1,10000,False
AL-5|i,1.3722066168128648,-0.47096003560911653,2.447831154927398,0.5587686197685674,-0.6651379369022447,1.8205989114083194,-0.49081489451052984,2.584701342344697,-1.002070785243759,2.1240437716282137,0.1016,0.3816,0.3816,0.9388,미결정,미결정,미결정,,False,False,False,23.221103807907934,21.84889719109507,21.84889719109507,16.83155045314178,0.4369779438219014,0.3366310090628356,미결정,,L6,R3@a1-P0|n40,region,5,4,40,,R3,1,10000,False
AL-5|i,2.7364696712040733,-0.03100637225115514,4.217688766937085,0.7150890833322198,-1.1724926349061524,2.4096195576882766,-0.9602420120271631,4.822697645645843,-2.2406244134363296,3.2430100949589105,0.0526,0.4378,0.4378,0.9587,미결정,미결정,미결정,,False,False,False,24.585366862299143,21.84889719109507,21.84889719109507,16.83155045314178,0.4369779438219014,0.3366310090628356,미결정,,L6,R3@a1-P0|n160,region,5,4,160,,R3,1,10000,False
AL-5|i,-0.5733313526256012,-3.1793778534349277,1.0566649641954522,-1.8140000480873195,-3.5010600550067745,-0.13739987240343013,-4.600331847624277,1.9527665976073298,-4.61082444678537,0.8403314373806365,0.4132,0.033,0.4132,0.9386,미결정,미결정,미결정,,False,False,False,21.27556583846947,21.84889719109507,21.84889719109507,16.83155045314178,0.4369779438219014,0.3366310090628356,미결정,,L6,V1@a1-P0|n10,region,5,4,10,,V1,1,10000,False
AL-5|i,-0.3313960881963869,-2.9822675941558696,1.391002486078896,-1.829685874722466,-3.4211478085669995,-0.19684119161506072,-4.401935562749955,2.1962248788369436,-4.487674004792766,0.7695653853441795,0.554,0.0286,0.554,0.9452,미결정,미결정,미결정,,False,False,False,21.517501102898684,21.84889719109507,21.84889719109507,16.83155045314178,0.4369779438219014,0.3366310090628356,미결정,,L6,V1@a1-P0|n40,region,5,4,40,,V1,1,10000,False
AL-5|i,0.5350129716688056,-2.417248324009166,2.6796915290014653,-1.8179266758855224,-3.5840657145643005,0.05753398127591678,-3.801258230640903,3.400106925029872,-4.340577410801748,0.7613095466148786,0.9088,0.0578,0.9088,0.9185,미결정,미결정,미결정,,False,False,False,22.383910162763875,21.84889719109507,21.84889719109507,16.83155045314178,0.4369779438219014,0.3366310090628356,미결정,,L6,V1@a1-P0|n160,region,5,4,160,,V1,1,10000,False
AL-5|i,-0.7293332280418834,-3.20526202855403,0.928588455409999,-1.7260869902699008,-3.3727019647992247,-0.029011163918107676,-4.363359811408277,1.7034429966462514,-4.413825054306447,0.9721945944508956,0.314,0.0456,0.314,0.9208,미결정,미결정,미결정,,False,True,False,21.119563963053185,21.84889719109507,21.84889719109507,16.83155045314178,0.4369779438219014,0.3366310090628356,미결정,,L6,V1r@a1-P0|n10,region,5,4,10,,V1r,1,10000,False
AL-5|i,-0.48267328580658775,-2.9359420793284925,1.2096381820318038,-1.704296542483713,-3.2473234497210512,0.010072964769260102,-4.101371802388473,1.9801400289288507,-4.259782767868691,0.9469166335612466,0.4506,0.0514,0.4506,0.9234,미결정,미결정,미결정,,False,False,False,21.366223905288482,21.84889719109507,21.84889719109507,16.83155045314178,0.4369779438219014,0.3366310090628356,미결정,,L6,V1r@a1-P0|n40,region,5,4,40,,V1r,1,10000,False
AL-5|i,0.46008538802176274,-2.3744954464647887,2.6324402263324473,-1.4895743518673172,-3.171887192155969,0.2974509633247899,-3.5208186985643586,3.2728306676537,-3.7993833626667626,1.0008530990975038,0.946,0.1016,0.946,0.8687,미결정,미결정,미결정,,False,False,False,22.308982579116833,21.84889719109507,21.84889719109507,16.83155045314178,0.4369779438219014,0.3366310090628356,미결정,,L6,V1r@a1-P0|n160,region,5,4,160,,V1r,1,10000,False
AL-6|i,1.9479318902121805,,,8.898190434970997,,,,,,,,,,,판정 불가,판정 불가,판정 불가,,False,False,False,12.24455915230702,10.296627262094837,10.296627262094837,7.66526628979636,0.20593254524189675,0.1533053257959272,판정 불가,,L6,D0@a1-P0|n10,region,4,2,10,,D0,1,10000,False
AL-6|i,1.5883875531368723,,,7.5840003938752165,,,,,,,,,,,판정 불가,판정 불가,판정 불가,,False,False,False,11.88501481523171,10.296627262094837,10.296627262094837,7.66526628979636,0.20593254524189675,0.1533053257959272,판정 불가,,L6,D0@a1-P0|n40,region,4,2,40,,D0,1,10000,False
AL-6|i,1.6805355321944293,,,6.007737648534925,,,,,,,,,,,판정 불가,판정 불가,판정 불가,,False,False,False,11.977162794289267,10.296627262094837,10.296627262094837,7.66526628979636,0.20593254524189675,0.1533053257959272,판정 불가,,L6,D0@a1-P0|n160,region,4,2,160,,D0,1,10000,False
AL-6|i,1.6379165771894573,,,6.340175614175301,,,,,,,,,,,판정 불가,판정 불가,판정 불가,,False,False,False,11.934543839284295,10.296627262094837,10.296627262094837,7.66526628979636,0.20593254524189675,0.1533053257959272,판정 불가,,L6,D0@a10-P0|n10,region,4,2,10,,D0,10,10000,False
AL-6|i,0.9994279391529637,,,5.193144853377998,,,,,,,,,,,판정 불가,판정 불가,판정 불가,,False,False,False,11.2960552012478,10.296627262094837,10.296627262094837,7.66526628979636,0.20593254524189675,0.1533053257959272,판정 불가,,L6,D0@a10-P0|n40,region,4,2,40,,D0,10,10000,False
AL-6|i,0.6286918367027359,,,3.586148893308008,,,,,,,,,,,판정 불가,판정 불가,판정 불가,,False,False,False,10.925319098797575,10.296627262094837,10.296627262094837,7.66526628979636,0.20593254524189675,0.1533053257959272,판정 불가,,L6,D0@a10-P0|n160,region,4,2,160,,D0,10,10000,False
AL-6|i,1.0420251287431923,,,3.6790580264743244,,,,,,,,,,,판정 불가,판정 불가,판정 불가,,False,False,False,11.338652390838028,10.296627262094837,10.296627262094837,7.66526628979636,0.20593254524189675,0.1533053257959272,판정 불가,,L6,D0@a100-P0|n10,region,4,2,10,,D0,100,10000,False
AL-6|i,0.31548167995626164,,,3.0682469594083397,,,,,,,,,,,판정 불가,판정 불가,판정 불가,,False,False,False,10.6121089420511,10.296627262094837,10.296627262094837,7.66526628979636,0.20593254524189675,0.1533053257959272,판정 불가,,L6,D0@a100-P0|n40,region,4,2,40,,D0,100,10000,False
AL-6|i,-0.03145406711531251,,,2.7970150841985006,,,,,,,,,,,판정 불가,판정 불가,판정 불가,,False,False,False,10.265173194979525,10.296627262094837,10.296627262094837,7.66526628979636,0.20593254524189675,0.1533053257959272,판정 불가,,L6,D0@a100-P0|n160,region,4,2,160,,D0,100,10000,False
AL-6|i,9.28014020545924,,,17.781802037445285,,,,,,,,,,,판정 불가,판정 불가,판정 불가,,False,False,False,19.576767467554077,10.296627262094837,10.296627262094837,7.66526628979636,0.20593254524189675,0.1533053257959272,판정 불가,,L6,D0@acont-P0|n10,region,4,2,10,,D0,cont,10000,False
AL-6|i,7.991980052373486,,,15.64149302740627,,,,,,,,,,,판정 불가,판정 불가,판정 불가,,False,False,False,18.288607314468322,10.296627262094837,10.296627262094837,7.66526628979636,0.20593254524189675,0.1533053257959272,판정 불가,,L6,D0@acont-P0|n40,region,4,2,40,,D0,cont,10000,False
AL-6|i,8.389785985489464,,,14.218606450528476,,,,,,,,,,,판정 불가,판정 불가,판정 불가,,False,False,False,18.6864132475843,10.296627262094837,10.296627262094837,7.66526628979636,0.20593254524189675,0.1533053257959272,판정 불가,,L6,D0@acont-P0|n160,region,4,2,160,,D0,cont,10000,False
AL-6|i,0.7223571269846651,,,4.358158818538193,,,,,,,,,,,판정 불가,판정 불가,판정 불가,,False,False,False,11.018984389079503,10.296627262094837,10.296627262094837,7.66526628979636,0.20593254524189675,0.1533053257959272,판정 불가,,L6,D1@a1-P0|n10,region,4,2,10,,D1,1,10000,False
AL-6|i,0.6787038061194055,,,4.187831622077603,,,,,,,,,,,판정 불가,판정 불가,판정 불가,,False,False,False,10.975331068214244,10.296627262094837,10.296627262094837,7.66526628979636,0.20593254524189675,0.1533053257959272,판정 불가,,L6,D1@a1-P0|n40,region,4,2,40,,D1,1,10000,False
AL-6|i,0.6183124157485476,,,3.734231126347251,,,,,,,,,,,판정 불가,판정 불가,판정 불가,,False,False,False,10.914939677843385,10.296627262094837,10.296627262094837,7.66526628979636,0.20593254524189675,0.1533053257959272,판정 불가,,L6,D1@a1-P0|n160,region,4,2,160,,D1,1,10000,False
AL-6|i,0.15995537124609482,,,0.0374299733860175,,,,,,,,,,,판정 불가,판정 불가,판정 불가,,False,False,False,10.456582633340933,10.296627262094837,10.296627262094837,7.66526628979636,0.20593254524189675,0.1533053257959272,판정 불가,,L6,P1@a1-P0|n10,region,4,2,10,,P1,1,10000,False
AL-6|i,0.17444066589129736,,,-0.04402366050303108,,,,,,,,,,,판정 불가,판정 불가,판정 불가,,False,False,False,10.471067927986134,10.296627262094837,10.296627262094837,7.66526628979636,0.20593254524189675,0.1533053257959272,판정 불가,,L6,P1@a1-P0|n40,region,4,2,40,,P1,1,10000,False
AL-6|i,0.2111635296712473,,,-0.10504480280952344,,,,,,,,,,,판정 불가,판정 불가,판정 불가,,False,False,False,10.507790791766086,10.296627262094837,10.296627262094837,7.66526628979636,0.20593254524189675,0.1533053257959272,판정 불가,,L6,P1@a1-P0|n160,region,4,2,160,,P1,1,10000,False
AL-6|i,0.591005254551523,,,0.5457269052967528,,,,,,,,,,,판정 불가,판정 불가,판정 불가,,False,False,False,10.887632516646361,10.296627262094837,10.296627262094837,7.66526628979636,0.20593254524189675,0.1533053257959272,판정 불가,,L6,P2@a1-P0|n10,region,4,2,10,,P2,1,10000,False
AL-6|i,0.2535966943417116,,,-0.002787796259105857,,,,,,,,,,,판정 불가,판정 불가,판정 불가,,False,False,False,10.55022395643655,10.296627262094837,10.296627262094837,7.66526628979636,0.20593254524189675,0.1533053257959272,판정 불가,,L6,P2@a1-P0|n40,region,4,2,40,,P2,1,10000,False
AL-6|i,0.2323965830508654,,,-0.06857067809101935,,,,,,,,,,,판정 불가,판정 불가,판정 불가,,False,False,False,10.529023845145701,10.296627262094837,10.296627262094837,7.66526628979636,0.20593254524189675,0.1533053257959272,판정 불가,,L6,P2@a1-P0|n160,region,4,2,160,,P2,1,10000,False
AL-6|i,0.36742550943446917,,,0.09853520375626434,,,,,,,,,,,판정 불가,판정 불가,판정 불가,,False,False,False,10.664052771529306,10.296627262094837,10.296627262094837,7.66526628979636,0.20593254524189675,0.1533053257959272,판정 불가,,L6,P3@a1-P0|n10,region,4,2,10,,P3,1,10000,False
AL-6|i,0.10051842238898212,,,-0.4229717194577185,,,,,,,,,,,판정 불가,판정 불가,판정 불가,,False,False,False,10.39714568448382,10.296627262094837,10.296627262094837,7.66526628979636,0.20593254524189675,0.1533053257959272,판정 불가,,L6,P3@a1-P0|n40,region,4,2,40,,P3,1,10000,False
AL-6|i,0.10221741484366964,,,-0.412259802071439,,,,,,,,,,,판정 불가,판정 불가,판정 불가,,False,False,False,10.398844676938507,10.296627262094837,10.296627262094837,7.66526628979636,0.20593254524189675,0.1533053257959272,판정 불가,,L6,P3@a1-P0|n160,region,4,2,160,,P3,1,10000,False
AL-6|i,0.506521735578843,,,3.906874898137591,,,,,,,,,,,판정 불가,판정 불가,판정 불가,,False,False,False,10.80314899767368,10.296627262094837,10.296627262094837,7.66526628979636,0.20593254524189675,0.1533053257959272,판정 불가,,L6,R0@a1-P0|n10,region,4,2,10,,R0,1,10000,False
AL-6|i,0.27936663719733934,,,2.9621029950835003,,,,,,,,,,,판정 불가,판정 불가,판정 불가,,False,False,False,10.575993899292179,10.296627262094837,10.296627262094837,7.66526628979636,0.20593254524189675,0.1533053257959272,판정 불가,,L6,R0@a1-P0|n40,region,4,2,40,,R0,1,10000,False
AL-6|i,0.23486206022354006,,,2.4166058073936614,,,,,,,,,,,판정 불가,판정 불가,판정 불가,,False,False,False,10.531489322318379,10.296627262094837,10.296627262094837,7.66526628979636,0.20593254524189675,0.1533053257959272,판정 불가,,L6,R0@a1-P0|n160,region,4,2,160,,R0,1,10000,False
AL-6|i,0.22029434666338865,,,2.5773429447536285,,,,,,,,,,,판정 불가,판정 불가,판정 불가,,False,False,False,10.516921608758226,10.296627262094837,10.296627262094837,7.66526628979636,0.20593254524189675,0.1533053257959272,판정 불가,,L6,R0@a10-P0|n10,region,4,2,10,,R0,10,10000,False
AL-6|i,0.17923134144304065,,,2.4990182272345103,,,,,,,,,,,판정 불가,판정 불가,판정 불가,,False,False,False,10.47585860353788,10.296627262094837,10.296627262094837,7.66526628979636,0.20593254524189675,0.1533053257959272,판정 불가,,L6,R0@a10-P0|n40,region,4,2,40,,R0,10,10000,False
AL-6|i,0.20413320731347984,,,2.289397958984504,,,,,,,,,,,판정 불가,판정 불가,판정 불가,,False,False,False,10.500760469408318,10.296627262094837,10.296627262094837,7.66526628979636,0.20593254524189675,0.1533053257959272,판정 불가,,L6,R0@a10-P0|n160,region,4,2,160,,R0,10,10000,False
AL-6|i,0.2168608345121248,,,2.040053866856716,,,,,,,,,,,판정 불가,판정 불가,판정 불가,,False,False,False,10.513488096606963,10.296627262094837,10.296627262094837,7.66526628979636,0.20593254524189675,0.1533053257959272,판정 불가,,L6,R0@a100-P0|n10,region,4,2,10,,R0,100,10000,False
AL-6|i,0.1739354281179719,,,1.1711493569334883,,,,,,,,,,,판정 불가,판정 불가,판정 불가,,False,False,False,10.470562690212809,10.296627262094837,10.296627262094837,7.66526628979636,0.20593254524189675,0.1533053257959272,판정 불가,,L6,R0@a100-P0|n40,region,4,2,40,,R0,100,10000,False
AL-6|i,0.07684694313971008,,,0.7256507888542731,,,,,,,,,,,판정 불가,판정 불가,판정 불가,,False,False,False,10.373474205234547,10.296627262094837,10.296627262094837,7.66526628979636,0.20593254524189675,0.1533053257959272,판정 불가,,L6,R0@a100-P0|n160,region,4,2,160,,R0,100,10000,False
AL-6|i,1.6604990900627623,,,5.4291027409819606,,,,,,,,,,,판정 불가,판정 불가,판정 불가,,False,False,False,11.9571263521576,10.296627262094837,10.296627262094837,7.66526628979636,0.20593254524189675,0.1533053257959272,판정 불가,,L6,R0@acont-P0|n10,region,4,2,10,,R0,cont,10000,False
AL-6|i,1.4133351596780392,,,4.780229573248439,,,,,,,,,,,판정 불가,판정 불가,판정 불가,,False,False,False,11.709962421772879,10.296627262094837,10.296627262094837,7.66526628979636,0.20593254524189675,0.1533053257959272,판정 불가,,L6,R0@acont-P0|n40,region,4,2,40,,R0,cont,10000,False
AL-6|i,1.515442895775346,,,4.576577913154665,,,,,,,,,,,판정 불가,판정 불가,판정 불가,,False,False,False,11.812070157870185,10.296627262094837,10.296627262094837,7.66526628979636,0.20593254524189675,0.1533053257959272,판정 불가,,L6,R0@acont-P0|n160,region,4,2,160,,R0,cont,10000,False
AL-6|i,0.6420879990053088,,,3.8928327651283556,,,,,,,,,,,판정 불가,판정 불가,판정 불가,,False,False,False,10.938715261100146,10.296627262094837,10.296627262094837,7.66526628979636,0.20593254524189675,0.1533053257959272,판정 불가,,L6,R1@a1-P0|n10,region,4,2,10,,R1,1,10000,False
AL-6|i,0.4645433670554433,,,2.904885386354964,,,,,,,,,,,판정 불가,판정 불가,판정 불가,,False,False,False,10.761170629150282,10.296627262094837,10.296627262094837,7.66526628979636,0.20593254524189675,0.1533053257959272,판정 불가,,L6,R1@a1-P0|n40,region,4,2,40,,R1,1,10000,False
AL-6|i,0.4004140334492017,,,2.33063230521176,,,,,,,,,,,판정 불가,판정 불가,판정 불가,,False,False,False,10.69704129554404,10.296627262094837,10.296627262094837,7.66526628979636,0.20593254524189675,0.1533053257959272,판정 불가,,L6,R1@a1-P0|n160,region,4,2,160,,R1,1,10000,False
AL-6|i,0.4170649477499464,,,2.5874804781909875,,,,,,,,,,,판정 불가,판정 불가,판정 불가,,False,False,False,10.713692209844783,10.296627262094837,10.296627262094837,7.66526628979636,0.20593254524189675,0.1533053257959272,판정 불가,,L6,R1@a10-P0|n10,region,4,2,10,,R1,10,10000,False
AL-6|i,0.31209041408960037,,,2.5137588573922067,,,,,,,,,,,판정 불가,판정 불가,판정 불가,,False,False,False,10.608717676184439,10.296627262094837,10.296627262094837,7.66526628979636,0.20593254524189675,0.1533053257959272,판정 불가,,L6,R1@a10-P0|n40,region,4,2,40,,R1,10,10000,False
AL-6|i,0.36389202452462177,,,2.2023642860261567,,,,,,,,,,,판정 불가,판정 불가,판정 불가,,False,False,False,10.66051928661946,10.296627262094837,10.296627262094837,7.66526628979636,0.20593254524189675,0.1533053257959272,판정 불가,,L6,R1@a10-P0|n160,region,4,2,160,,R1,10,10000,False
AL-6|i,0.38569749115003704,,,2.083739429557852,,,,,,,,,,,판정 불가,판정 불가,판정 불가,,False,False,False,10.682324753244874,10.296627262094837,10.296627262094837,7.66526628979636,0.20593254524189675,0.1533053257959272,판정 불가,,L6,R1@a100-P0|n10,region,4,2,10,,R1,100,10000,False
AL-6|i,0.35431041441958966,,,1.151337669892838,,,,,,,,,,,판정 불가,판정 불가,판정 불가,,False,False,False,10.650937676514427,10.296627262094837,10.296627262094837,7.66526628979636,0.20593254524189675,0.1533053257959272,판정 불가,,L6,R1@a100-P0|n40,region,4,2,40,,R1,100,10000,False
AL-6|i,0.31796467768261305,,,0.7847721481545862,,,,,,,,,,,판정 불가,판정 불가,판정 불가,,False,False,False,10.614591939777451,10.296627262094837,10.296627262094837,7.66526628979636,0.20593254524189675,0.1533053257959272,판정 불가,,L6,R1@a100-P0|n160,region,4,2,160,,R1,100,10000,False
AL-6|i,1.7830849868508518,,,5.448539215114067,,,,,,,,,,,판정 불가,판정 불가,판정 불가,,False,False,False,12.07971224894569,10.296627262094837,10.296627262094837,7.66526628979636,0.20593254524189675,0.1533053257959272,판정 불가,,L6,R1@acont-P0|n10,region,4,2,10,,R1,cont,10000,False
AL-6|i,1.571840655031901,,,4.731870649308428,,,,,,,,,,,판정 불가,판정 불가,판정 불가,,False,False,False,11.86846791712674,10.296627262094837,10.296627262094837,7.66526628979636,0.20593254524189675,0.1533053257959272,판정 불가,,L6,R1@acont-P0|n40,region,4,2,40,,R1,cont,10000,False
AL-6|i,1.7071415119493873,,,4.444761464668761,,,,,,,,,,,판정 불가,판정 불가,판정 불가,,False,False,False,12.003768774044225,10.296627262094837,10.296627262094837,7.66526628979636,0.20593254524189675,0.1533053257959272,판정 불가,,L6,R1@acont-P0|n160,region,4,2,160,,R1,cont,10000,False
AL-6|i,0.30954373417210146,,,1.6852658739526434,,,,,,,,,,,판정 불가,판정 불가,판정 불가,,False,False,False,10.60617099626694,10.296627262094837,10.296627262094837,7.66526628979636,0.20593254524189675,0.1533053257959272,판정 불가,,L6,R2@a1-P0|n10,region,4,2,10,,R2,1,10000,False
AL-6|i,0.2647317423297104,,,1.577840331121493,,,,,,,,,,,판정 불가,판정 불가,판정 불가,,False,False,False,10.561359004424547,10.296627262094837,10.296627262094837,7.66526628979636,0.20593254524189675,0.1533053257959272,판정 불가,,L6,R2@a1-P0|n40,region,4,2,40,,R2,1,10000,False
AL-6|i,0.2008594556524046,,,1.2271695924763877,,,,,,,,,,,판정 불가,판정 불가,판정 불가,,False,False,False,10.497486717747243,10.296627262094837,10.296627262094837,7.66526628979636,0.20593254524189675,0.1533053257959272,판정 불가,,L6,R2@a1-P0|n160,region,4,2,160,,R2,1,10000,False
AL-6|i,0.9623179278421343,,,6.491471546140434,,,,,,,,,,,판정 불가,판정 불가,판정 불가,,False,False,False,11.258945189936972,10.296627262094837,10.296627262094837,7.66526628979636,0.20593254524189675,0.1533053257959272,판정 불가,,L6,R3@a1-P0|n10,region,4,2,10,,R3,1,10000,False
AL-6|i,0.8668380186791942,,,5.83388000318711,,,,,,,,,,,판정 불가,판정 불가,판정 불가,,False,False,False,11.163465280774034,10.296627262094837,10.296627262094837,7.66526628979636,0.20593254524189675,0.1533053257959272,판정 불가,,L6,R3@a1-P0|n40,region,4,2,40,,R3,1,10000,False
AL-6|i,0.8379923105406197,,,4.917666446249046,,,,,,,,,,,판정 불가,판정 불가,판정 불가,,False,False,False,11.134619572635458,10.296627262094837,10.296627262094837,7.66526628979636,0.20593254524189675,0.1533053257959272,판정 불가,,L6,R3@a1-P0|n160,region,4,2,160,,R3,1,10000,False
AL-6|i,2.885982914395675,,,7.2802862334234915,,,,,,,,,,,판정 불가,판정 불가,판정 불가,,False,False,False,13.182610176490513,10.296627262094837,10.296627262094837,7.66526628979636,0.20593254524189675,0.1533053257959272,판정 불가,,L6,V1@a1-P0|n10,region,4,2,10,,V1,1,10000,False
AL-6|i,2.31257505367548,,,6.3387453833401395,,,,,,,,,,,판정 불가,판정 불가,판정 불가,,False,False,False,12.609202315770318,10.296627262094837,10.296627262094837,7.66526628979636,0.20593254524189675,0.1533053257959272,판정 불가,,L6,V1@a1-P0|n40,region,4,2,40,,V1,1,10000,False
AL-6|i,1.3140611087098626,,,4.602036228545217,,,,,,,,,,,판정 불가,판정 불가,판정 불가,,False,False,False,11.6106883708047,10.296627262094837,10.296627262094837,7.66526628979636,0.20593254524189675,0.1533053257959272,판정 불가,,L6,V1@a1-P0|n160,region,4,2,160,,V1,1,10000,False
AL-6|i,2.8292687765341533,,,8.710941162919529,,,,,,,,,,,판정 불가,판정 불가,판정 불가,,False,False,False,13.12589603862899,10.296627262094837,10.296627262094837,7.66526628979636,0.20593254524189675,0.1533053257959272,판정 불가,,L6,V1r@a1-P0|n10,region,4,2,10,,V1r,1,10000,False
AL-6|i,2.2610021891194276,,,7.362773693307126,,,,,,,,,,,판정 불가,판정 불가,판정 불가,,False,False,False,12.557629451214265,10.296627262094837,10.296627262094837,7.66526628979636,0.20593254524189675,0.1533053257959272,판정 불가,,L6,V1r@a1-P0|n40,region,4,2,40,,V1r,1,10000,False
AL-6|i,1.347545486639269,,,5.602824472539989,,,,,,,,,,,판정 불가,판정 불가,판정 불가,,False,False,False,11.644172748734107,10.296627262094837,10.296627262094837,7.66526628979636,0.20593254524189675,0.1533053257959272,판정 불가,,L6,V1r@a1-P0|n160,region,4,2,160,,V1r,1,10000,False
Lena|x,2.2645592343547882,0.9114775276431648,3.3359375693630122,-0.4743811750353437,-1.9271432256841912,0.8633999997694859,-0.03372321006810555,3.9745854951400816,-2.91526052767566,1.7866094425937655,0.0024,0.514,0.514,0.9921,미결정,미결정,미결정,,False,False,False,23.95883977264562,21.694280538290833,21.694280538290833,23.810091857494438,0.43388561076581666,0.4762018371498888,미결정,,L6,D0@a1-P0|n10,region,5,5,10,,D0,1,10000,False
Lena|x,0.604331520319706,0.08418141387313068,1.3055253830615339,-0.8013596204930081,-1.6415999805396142,0.022887141188879263,-0.24633273677257972,1.5005807733182666,-2.2596481743068098,0.5522436572301027,0.0282,0.0568,0.0568,0.7605,미결정,미결정,미결정,,False,False,False,22.298612058610537,21.694280538290833,21.694280538290833,23.810091857494438,0.43388561076581666,0.4762018371498888,미결정,,L6,D0@a1-P0|n40,region,5,5,40,,D0,1,10000,False
Lena|x,0.5738017572454076,-0.2138351467983188,1.438579784611084,-0.6902448174455834,-1.7004470940857193,0.2960775003912733,-0.3667645381482492,1.3853628663796995,-2.188426348083754,0.7958510422691978,0.166,0.176,0.176,0.6404,미결정,미결정,미결정,,False,False,False,22.268082295536242,21.694280538290833,21.694280538290833,23.810091857494438,0.43388561076581666,0.4762018371498888,미결정,,L6,D0@a1-P0|n160,region,5,5,160,,D0,1,10000,False
Lena|x,1.2865616783666518,0.5440999629981713,2.389849099388885,-0.14037420683083965,-1.4909338019074896,1.1359622309736754,0.26406448850670566,2.9758843352141566,-2.215204634171612,1.836259391877814,0.0058,0.8528,0.8528,0.979,미결정,미결정,미결정,,False,False,False,22.980842216657486,21.694280538290833,21.694280538290833,23.810091857494438,0.43388561076581666,0.4762018371498888,미결정,,L6,D0@a10-P0|n10,region,5,5,10,,D0,10,10000,False
Lena|x,0.3618786669817755,-0.7309749338281454,1.3202980588220914,-0.30279006235977163,-1.2768745268075292,0.6666772434080501,-0.9183124463907006,1.399478224217049,-1.8832896009696247,1.2324225572344485,0.5538,0.5478,0.5538,0.3535,미결정,미결정,미결정,,False,False,False,22.05615920527261,21.694280538290833,21.694280538290833,23.810091857494438,0.43388561076581666,0.4762018371498888,미결정,,L6,D0@a10-P0|n40,region,5,5,40,,D0,10,10000,False
Lena|x,1.3828474070810315,-0.4053812562341749,3.119617076934834,0.5003830822075613,-1.1510636959622096,2.0617394056406417,-0.22241405411943496,3.153972685318505,-1.842116480829702,2.6513050762696957,0.1308,0.5498,0.5498,0.8336,미결정,미결정,미결정,,False,False,False,23.077127945371863,21.694280538290833,21.694280538290833,23.810091857494438,0.43388561076581666,0.4762018371498888,미결정,,L6,D0@a10-P0|n160,region,5,5,160,,D0,10,10000,False
Lena|x,1.4437861109650298,0.589663482817478,2.6163462803523734,0.9452075036345313,-0.5200367632917181,2.3761204193323366,0.4290619660243878,3.1978710289468304,-1.3084294405266266,3.019566901249354,0.004,0.2104,0.2104,0.9839,미결정,미결정,미결정,,False,False,False,23.13806664925587,21.694280538290833,21.694280538290833,23.810091857494438,0.43388561076581666,0.4762018371498888,미결정,,L6,D0@a100-P0|n10,region,5,5,10,,D0,100,10000,False
Lena|x,0.839445078428523,-1.2836872234081522,1.8789280012178553,0.4441214744444203,-0.8532984113463933,1.7493834089822928,-1.4869268204383077,1.8580556588289558,-1.5594702260110345,2.4169854064121252,0.544,0.52,0.544,0.5194,미결정,미결정,미결정,,False,False,False,22.53372561671936,21.694280538290833,21.694280538290833,23.810091857494438,0.43388561076581666,0.4762018371498888,미결정,,L6,D0@a100-P0|n40,region,5,5,40,,D0,100,10000,False
Lena|x,1.6855225893509433,-0.8700790694457955,3.584321217155131,0.6564956266045556,-1.056226174577661,2.365899665821753,-1.0231403678557855,3.4943691563197987,-1.747572919838021,2.7807149435770206,0.21,0.4344,0.4344,0.802,미결정,미결정,미결정,,False,False,False,23.37980312764178,21.694280538290833,21.694280538290833,23.810091857494438,0.43388561076581666,0.4762018371498888,미결정,,L6,D0@a100-P0|n160,region,5,5,160,,D0,100,10000,False
Lena|x,1.7802929988544123,0.5012646509355064,2.6236056039506015,0.47673567992886134,-0.7796695587680172,1.6632348625781825,0.07173739006387532,3.027195254171621,-1.4336391585968005,2.371864154540483,0.0068,0.4446,0.4446,0.9751,미결정,미결정,미결정,,False,False,False,23.474573537145247,21.694280538290833,21.694280538290833,23.810091857494438,0.43388561076581666,0.4762018371498888,미결정,,L6,D0@acont-P0|n10,region,5,5,10,,D0,cont,10000,False
Lena|x,1.623609336576386,-0.7003408352920009,2.6227545382217956,0.6512208468938375,-0.5515631451336174,1.8831663648491475,-0.6359677296260383,2.5465510231836945,-1.0144457451829851,2.419795041207223,0.2234,0.2872,0.2872,0.7667,미결정,미결정,미결정,,False,False,False,23.317889874867223,21.694280538290833,21.694280538290833,23.810091857494438,0.43388561076581666,0.4762018371498888,미결정,,L6,D0@acont-P0|n40,region,5,5,40,,D0,cont,10000,False
Lena|x,1.5564639494100931,-0.9434857557743582,3.1388138268839536,1.059902781927147,-0.5499364791188999,2.652237735969431,-1.083933031598568,2.984712116445115,-1.0338078841853675,3.162976556323181,0.2636,0.1892,0.2636,0.7618,미결정,미결정,미결정,,False,False,False,23.250744487700924,21.694280538290833,21.694280538290833,23.810091857494438,0.43388561076581666,0.4762018371498888,미결정,,L6,D0@acont-P0|n160,region,5,5,160,,D0,cont,10000,False
Lena|x,0.3031956810939242,-0.2633882341622785,0.9779505788184699,0.1735811972487909,-0.479830536836936,0.8261303576053368,-0.3946108139067762,1.1935584239737083,-0.8611110978221848,1.1513660791085438,0.3072,0.5966,0.5966,0.2887,미결정,동등,미결정,,False,True,False,21.997476219384758,21.694280538290833,21.694280538290833,23.810091857494438,0.43388561076581666,0.4762018371498888,미결정,한계 의존,L6,D1@a1-P0|n10,region,5,5,10,,D1,1,10000,False
Lena|x,-0.05997660954128712,-0.7280214645690885,0.8568346835548828,0.29525516636017457,-0.38089925652939005,0.9888852421810552,-0.9919802419257937,1.2108898538430437,-0.8458336961406777,1.4422160657446361,0.9774,0.3996,0.9774,0.277,미결정,동등,미결정,,False,True,False,21.634303928749546,21.694280538290833,21.694280538290833,23.810091857494438,0.43388561076581666,0.4762018371498888,미결정,한계 의존,L6,D1@a1-P0|n40,region,5,5,40,,D1,1,10000,False
Lena|x,0.2404621963681386,-0.3853082323298829,1.0239583446029892,0.25097072224104905,-0.5843275968364846,1.058460378304962,-0.6327727449869529,1.1373181529904641,-1.0819375446252473,1.5771049449533758,0.4388,0.5484,0.5484,0.2811,미결정,미결정,미결정,,False,False,False,21.934742734658972,21.694280538290833,21.694280538290833,23.810091857494438,0.43388561076581666,0.4762018371498888,미결정,,L6,D1@a1-P0|n160,region,5,5,160,,D1,1,10000,False
Lena|x,0.22126840866925973,-0.3153425953957087,0.9280931866970392,0.6946820897813076,0.24907897648973254,1.128230258378452,-0.5314355172284185,1.1417639058280804,0.05094693486109827,1.3195422188143064,0.4146,0.0026,0.4146,0.8031,미결정,미결정,미결정,,False,False,False,21.915548946960094,21.694280538290833,21.694280538290833,23.810091857494438,0.43388561076581666,0.4762018371498888,미결정,,L6,P1@a1-P0|n10,region,5,5,10,,P1,1,10000,False
Lena|x,-0.011942962673193235,-0.7733494222964815,1.1173869071359885,1.2514183972592448,0.5530183747487534,1.9469591626118221,-1.1433429159732849,1.6855405424492276,0.0753613968691289,2.406763559291724,0.822,0.0008,0.822,0.9826,미결정,미결정,미결정,,False,False,False,21.68233757561764,21.694280538290833,21.694280538290833,23.810091857494438,0.43388561076581666,0.4762018371498888,미결정,,L6,P1@a1-P0|n40,region,5,5,40,,P1,1,10000,False
Lena|x,0.0983448466911323,-0.6863189022806963,1.3053020163506135,1.3812093560891612,0.6501647292755955,2.0980151732075503,-1.1382875078200525,1.8569075728871876,0.14306701240085568,2.5745818849149797,0.6608,0.0002,0.6608,0.9904,미결정,미결정,미결정,,False,False,False,21.792625384981967,21.694280538290833,21.694280538290833,23.810091857494438,0.43388561076581666,0.4762018371498888,미결정,,L6,P1@a1-P0|n160,region,5,5,160,,P1,1,10000,False
Lena|x,1.2269938484662894,0.4608753564767072,2.408853870271405,2.334146966932316,1.5422769731694745,3.114063327481453,0.111073408795111,2.7641440549557035,1.2022564210308928,3.425574394349193,0.0012,0.0001,0.0012,1.0,열세,열세,열세,,False,False,True,22.921274386757126,21.694280538290833,21.694280538290833,23.810091857494438,0.43388561076581666,0.4762018371498888,열세,,L6,P2@a1-P0|n10,region,5,5,10,,P2,1,10000,False
Lena|x,0.21803229496059834,-0.652182388548422,1.6137379318397265,1.8392181251383746,0.9987290822747916,2.6726178441712394,-1.071649427876394,2.2429235177195372,0.4261653830281591,3.228651572331111,0.5234,0.0001,0.5234,0.999,미결정,미결정,미결정,,False,False,False,21.912312833251434,21.694280538290833,21.694280538290833,23.810091857494438,0.43388561076581666,0.4762018371498888,미결정,,L6,P2@a1-P0|n40,region,5,5,40,,P2,1,10000,False
Lena|x,0.1552439707790331,-0.6834188489334934,1.4470050086541197,1.5294664747515525,0.7696864854625383,2.2647762607682655,-1.1235697644313307,1.9980797463336675,0.23239103483439635,2.7786265597605495,0.5908,0.0001,0.5908,0.995,미결정,미결정,미결정,,False,False,False,21.84952450906987,21.694280538290833,21.694280538290833,23.810091857494438,0.43388561076581666,0.4762018371498888,미결정,,L6,P2@a1-P0|n160,region,5,5,160,,P2,1,10000,False
Lena|x,0.4392270016608055,-0.4966079991300988,1.8875989994208746,2.2429587996160327,1.2820302768936107,3.196217740008557,-0.9676038551451437,2.640659101791478,0.6719368041560466,3.789305916376791,0.3084,0.0001,0.3084,0.9998,미결정,미결정,미결정,,False,False,False,22.133507539951644,21.694280538290833,21.694280538290833,23.810091857494438,0.43388561076581666,0.4762018371498888,미결정,,L6,P3@a1-P0|n10,region,5,5,10,,P3,1,10000,False
Lena|x,0.16186590173297652,-0.9826323133037415,1.9368297376195844,2.600525088022178,1.4644024115456484,3.7545758978181887,-1.5399339953153601,2.973962713594794,0.6359025014947941,4.517033612828724,0.6314,0.0001,0.6314,1.0,미결정,미결정,미결정,,False,False,False,21.85614644002381,21.694280538290833,21.694280538290833,23.810091857494438,0.43388561076581666,0.4762018371498888,미결정,,L6,P3@a1-P0|n40,region,5,5,40,,P3,1,10000,False
Lena|x,0.059273762424177076,-1.0341495219889298,1.8355625867310124,2.4319502407443516,1.321084798477722,3.5475660061614906,-1.6257514252881489,2.862275494279165,0.49140125115606476,4.336591555146409,0.7226,0.0004,0.7226,0.9995,미결정,미결정,미결정,,False,False,False,21.753554300715013,21.694280538290833,21.694280538290833,23.810091857494438,0.43388561076581666,0.4762018371498888,미결정,,L6,P3@a1-P0|n160,region,5,5,160,,P3,1,10000,False
Lena|x,0.07842405360427733,-0.12244450693234465,0.17936086673919333,-0.19946536927685726,-0.4067801729816021,-0.005542212957528137,-0.23992463845576564,0.2437975570680884,-0.5535707291808905,0.1406737112047922,0.5118,0.0428,0.5118,0.0016,동등,동등,미결정,분할 독립 가정 의존,True,True,False,21.772704591895113,21.694280538290833,21.694280538290833,23.810091857494438,0.43388561076581666,0.4762018371498888,동등,,L6,R0@a1-P0|n10,region,5,5,10,,R0,1,10000,False
Lena|x,-0.1305512090534549,-0.28297886987794907,-0.03567157732596667,-0.23337336205452744,-0.34877438854998555,-0.11859931795217138,-0.31721491933994866,-0.00537986247534561,-0.41878682952114166,-0.049373945059428326,0.0116,0.0001,0.0116,0.0001,우세,우세,우세,,True,True,False,21.563729329237383,21.694280538290833,21.694280538290833,23.810091857494438,0.43388561076581666,0.4762018371498888,우세,,L6,R0@a1-P0|n40,region,5,5,40,통계적으로 구별되나 크기는 0.5 cm 미만,R0,1,10000,False
Lena|x,-0.17308620450953532,-0.4066195747804756,-0.0038131374848805006,-0.2763997093166964,-0.44599809736084295,-0.0977992247899446,-0.500851896519582,0.057084388892595574,-0.5311779927219641,-0.005802526885292433,0.0454,0.003,0.0454,0.0057,우세,우세,미결정,분할 독립 가정 의존,True,True,False,21.521194333781303,21.694280538290833,21.694280538290833,23.810091857494438,0.43388561076581666,0.4762018371498888,우세,,L6,R0@a1-P0|n160,region,5,5,160,통계적으로 구별되나 크기는 0.5 cm 미만,R0,1,10000,False
Lena|x,-0.17358711450371905,-0.3793015582577377,0.022093016541138426,-0.23393312053879284,-0.4659745640589481,-0.007714377392570833,-0.45101930560633113,0.13344915891311132,-0.5516558647544487,0.08775215591716397,0.0776,0.0444,0.0776,0.0111,동등,동등,미결정,분할 독립 가정 의존,True,True,False,21.520693423787115,21.694280538290833,21.694280538290833,23.810091857494438,0.43388561076581666,0.4762018371498888,동등,,L6,R0@a10-P0|n10,region,5,5,10,,R0,10,10000,False
Lena|x,-0.3258388351816496,-0.6282338425506543,-0.1386732926819046,-0.39127795348371847,-0.5913561476515046,-0.19525947786437814,-0.6279374280525782,-0.12269858326359773,-0.6563226684554772,-0.12245709691427241,0.0004,0.0001,0.0004,0.1446,우세,우세,우세,,True,True,False,21.368441703109184,21.694280538290833,21.694280538290833,23.810091857494438,0.43388561076581666,0.4762018371498888,우세,,L6,R0@a10-P0|n40,region,5,5,40,통계적으로 구별되나 크기는 0.5 cm 미만,R0,10,10000,False
Lena|x,-0.29374592586999954,-0.6513762552141535,-0.018228141005782544,-0.5320560123235338,-0.8540690601185883,-0.21645947041113361,-0.6567261695165605,-0.07338891584680861,-1.0041343184335865,-0.09234529495223485,0.0362,0.0008,0.0362,0.5681,우세,우세,우세,,True,True,False,21.400534612420834,21.694280538290833,21.694280538290833,23.810091857494438,0.43388561076581666,0.4762018371498888,우세,,L6,R0@a10-P0|n160,region,5,5,160,통계적으로 구별되나 크기는 0.5 cm 미만,R0,10,10000,False
Lena|x,0.0003118174756330916,-0.2009374864533138,0.22281998704721098,-0.15730217589486628,-0.4796022651867509,0.16670185261625853,-0.2365323007722596,0.28999611136629067,-0.6132283813406251,0.2839712816691668,0.9554,0.3426,0.9554,0.0192,동등,동등,미결정,분할 독립 가정 의존,True,True,False,21.694592355766467,21.694280538290833,21.694280538290833,23.810091857494438,0.43388561076581666,0.4762018371498888,미결정,한계 의존,L6,R0@a100-P0|n10,region,5,5,10,,R0,100,10000,False
Lena|x,-0.257576646847982,-0.680257250365321,-0.030020749384104196,-0.4431744933684797,-0.7099541888829217,-0.17651697751078457,-0.7347953565542996,-0.04219683997475721,-0.8189459207034782,-0.0792593204061989,0.0228,0.0004,0.0228,0.3385,우세,우세,우세,,True,True,False,21.436703891442853,21.694280538290833,21.694280538290833,23.810091857494438,0.43388561076581666,0.4762018371498888,우세,,L6,R0@a100-P0|n40,region,5,5,40,통계적으로 구별되나 크기는 0.5 cm 미만,R0,100,10000,False
Lena|x,-0.3869685655470875,-0.8969190976229413,-0.05260469138639996,-0.6441675560466706,-1.014408863764016,-0.2852895899530246,-1.027796567969332,-0.06781205241585397,-1.127319295274976,-0.20336176197932906,0.0232,0.0001,0.0232,0.781,우세,우세,우세,,True,True,False,21.307311972743744,21.694280538290833,21.694280538290833,23.810091857494438,0.43388561076581666,0.4762018371498888,우세,,L6,R0@a100-P0|n160,region,5,5,160,통계적으로 구별되나 크기는 0.5 cm 미만,R0,100,10000,False
Lena|x,-0.0684515856070103,-0.2880971455863928,0.1200383402758227,-0.13050639765620248,-0.31753120323520045,0.07338437743928966,-0.33328806688068124,0.15183662194561875,-0.36779610375914434,0.13502716365866255,0.4338,0.1996,0.4338,0.0001,동등,동등,동등,,True,True,False,21.625828952683825,21.694280538290833,21.694280538290833,23.810091857494438,0.43388561076581666,0.4762018371498888,동등,,L6,R0@acont-P0|n10,region,5,5,10,,R0,cont,10000,False
Lena|x,-0.12960879665638103,-0.6691463560789245,0.08831560847759658,-0.16221446350775537,-0.42634672831125037,0.10422589431520342,-0.5516182085434391,0.08712183116105975,-0.4298124415390516,0.15190935735253738,0.2316,0.2382,0.2382,0.095,미결정,동등,미결정,,True,True,False,21.564671741634452,21.694280538290833,21.694280538290833,23.810091857494438,0.43388561076581666,0.4762018371498888,미결정,한계 의존,L6,R0@acont-P0|n40,region,5,5,40,,R0,cont,10000,False
Lena|x,-0.2790931365710129,-0.7758948634200852,-0.03517990188872349,-0.27664879896007266,-0.5654834106280403,0.012038875917107164,-0.7746626986384023,-0.06168181410597803,-0.5764517275843603,0.06195487811080672,0.0248,0.0592,0.0592,0.232,미결정,동등,미결정,,True,True,False,21.415187401719823,21.694280538290833,21.694280538290833,23.810091857494438,0.43388561076581666,0.4762018371498888,미결정,한계 의존,L6,R0@acont-P0|n160,region,5,5,160,,R0,cont,10000,False
Lena|x,0.19571113748326283,-0.3054915188937918,0.7701154811756131,0.3470331988481433,-0.06857959590564955,0.7597583280154827,-0.4657898421790727,0.9050676814768251,-0.19546631456772168,0.8732649171029043,0.478,0.1016,0.478,0.237,미결정,동등,미결정,,False,True,False,21.889991675774098,21.694280538290833,21.694280538290833,23.810091857494438,0.43388561076581666,0.4762018371498888,미결정,한계 의존,L6,R1@a1-P0|n10,region,5,5,10,,R1,1,10000,False
Lena|x,-0.14562301546604567,-0.916905482074082,0.8768553314489442,0.8393515205405784,0.1874651035856058,1.4639944779287832,-1.2514415693635568,1.3583479009072499,-0.22401572687858115,1.9036840953138872,0.8634,0.014,0.8634,0.8477,미결정,미결정,미결정,,False,False,False,21.54865752282479,21.694280538290833,21.694280538290833,23.810091857494438,0.43388561076581666,0.4762018371498888,미결정,,L6,R1@a1-P0|n40,region,5,5,40,,R1,1,10000,False
Lena|x,-0.05049007259094011,-0.8575782316530638,1.0370736903857587,0.9030374192628592,0.23598019469397108,1.5558738545995585,-1.2796999341286992,1.4702949167193737,-0.18939292430636825,1.945039552638322,0.9736,0.006,0.9736,0.8898,미결정,미결정,미결정,,False,False,False,21.643790465699897,21.694280538290833,21.694280538290833,23.810091857494438,0.43388561076581666,0.4762018371498888,미결정,,L6,R1@a1-P0|n160,region,5,5,160,,R1,1,10000,False
Lena|x,0.0994153576800528,-0.4738737063660592,0.7500190902997846,0.45187570403322896,-0.03926356412231862,0.9539941289262301,-0.6926956634083251,0.9484642646529523,-0.21078519113252683,1.0824768956753419,0.731,0.0716,0.731,0.4193,미결정,동등,미결정,,False,True,False,21.793695895970888,21.694280538290833,21.694280538290833,23.810091857494438,0.43388561076581666,0.4762018371498888,미결정,한계 의존,L6,R1@a10-P0|n10,region,5,5,10,,R1,10,10000,False
Lena|x,-0.2521963531247053,-1.013186996324152,0.7049235978494117,0.7137725356264923,0.08708266915179659,1.3290620571906469,-1.3198410128957958,1.1106630108500746,-0.2928226000860032,1.709979311959154,0.6386,0.0254,0.6386,0.756,미결정,미결정,미결정,,False,False,False,21.44208418516613,21.694280538290833,21.694280538290833,23.810091857494438,0.43388561076581666,0.4762018371498888,미결정,,L6,R1@a10-P0|n40,region,5,5,40,,R1,10,10000,False
Lena|x,-0.3306538420698907,-0.993122743358707,0.5664341534154111,0.5361597085206945,-0.03862109317546123,1.116643099002745,-1.3331835440073299,0.8077678788239102,-0.4003691810937429,1.4422265196328206,0.516,0.0692,0.516,0.5605,미결정,미결정,미결정,,False,False,False,21.363626696220944,21.694280538290833,21.694280538290833,23.810091857494438,0.43388561076581666,0.4762018371498888,미결정,,L6,R1@a10-P0|n160,region,5,5,160,,R1,10,10000,False
Lena|x,0.2319963833549778,-0.34181868588434294,0.9484357602681253,0.5799169404432696,0.008354758558532438,1.1693567064551154,-0.5536096734797327,1.1509565424035058,-0.16572129121433066,1.3293224878367749,0.4224,0.047,0.4224,0.6024,미결정,미결정,미결정,,False,False,False,21.92627692164581,21.694280538290833,21.694280538290833,23.810091857494438,0.43388561076581666,0.4762018371498888,미결정,,L6,R1@a100-P0|n10,region,5,5,10,,R1,100,10000,False
Lena|x,-0.31632729262067727,-1.0018986625596613,0.5037869370628442,0.5239118332075492,-0.0428393214518751,1.1010882423102215,-1.2386990540263019,0.8074898634138149,-0.38487885734969,1.43417646294536,0.472,0.0664,0.472,0.5329,미결정,미결정,미결정,,False,False,False,21.377953245670156,21.694280538290833,21.694280538290833,23.810091857494438,0.43388561076581666,0.4762018371498888,미결정,,L6,R1@a100-P0|n40,region,5,5,40,,R1,100,10000,False
Lena|x,-0.48202627022628664,-1.119632132575073,0.3271223839319129,0.3297967152568404,-0.22806980996902695,0.8875462756545932,-1.385733595809312,0.4544703865640204,-0.5366926719143363,1.1847790899928303,0.2312,0.2584,0.2584,0.4529,미결정,미결정,미결정,,False,True,False,21.212254268064548,21.694280538290833,21.694280538290833,23.810091857494438,0.43388561076581666,0.4762018371498888,미결정,,L6,R1@a100-P0|n160,region,5,5,160,,R1,100,10000,False
Lena|x,0.23790856619779036,-0.37314162194401485,0.912593196509932,0.6237179940983687,0.10607023939047429,1.1570766804471189,-0.5875596190468538,1.1164499469898859,-0.10771134309630594,1.34504193250288,0.474,0.0178,0.474,0.6811,미결정,미결정,미결정,,False,False,False,21.932189104488625,21.694280538290833,21.694280538290833,23.810091857494438,0.43388561076581666,0.4762018371498888,미결정,,L6,R1@acont-P0|n10,region,5,5,10,,R1,cont,10000,False
Lena|x,-0.04769558292392269,-0.8916058018311211,0.8202330881265026,0.8965956807809426,0.19138432073233738,1.580910308011254,-1.0734866472132438,1.1416943139235116,-0.18029806561118808,2.0100798108593647,0.895,0.012,0.895,0.8691,미결정,미결정,미결정,,False,False,False,21.64658495536691,21.694280538290833,21.694280538290833,23.810091857494438,0.43388561076581666,0.4762018371498888,미결정,,L6,R1@acont-P0|n40,region,5,5,40,,R1,cont,10000,False
Lena|x,-0.3039223548108655,-0.9832535856494962,0.4843281697461772,0.7217914696007185,0.08355260644142666,1.3542419859076555,-1.2683250408378164,0.6173841782146485,-0.2695590456084962,1.7389136191293848,0.4648,0.026,0.4648,0.7558,미결정,미결정,미결정,,False,False,False,21.390358183479968,21.694280538290833,21.694280538290833,23.810091857494438,0.43388561076581666,0.4762018371498888,미결정,,L6,R1@acont-P0|n160,region,5,5,160,,R1,cont,10000,False
Lena|x,0.21109711918094193,-0.318266464849762,0.903880533197807,0.5337148065070423,0.05594111486908115,1.0172188038939585,-0.5416206886558887,1.1107564925527553,-0.12423503288627663,1.1672573216916746,0.4364,0.027,0.4364,0.5398,미결정,미결정,미결정,,False,False,False,21.905377657471778,21.694280538290833,21.694280538290833,23.810091857494438,0.43388561076581666,0.4762018371498888,미결정,,L6,R2@a1-P0|n10,region,5,5,10,,R2,1,10000,False
Lena|x,-0.07193604350710459,-0.8371821821968329,1.041987139473379,0.9449146888959475,0.31556960595085737,1.5769485319925194,-1.1708122741719034,1.5026969705189581,-0.09710952403780862,1.9713912503124378,0.9594,0.0028,0.9594,0.9166,미결정,미결정,미결정,,False,False,False,21.62234449478373,21.694280538290833,21.694280538290833,23.810091857494438,0.43388561076581666,0.4762018371498888,미결정,,L6,R2@a1-P0|n40,region,5,5,40,,R2,1,10000,False
Lena|x,-0.0610636632968891,-0.8172202778182424,1.0764960910608241,0.8967267229806979,0.2303231719475714,1.54215666163547,-1.2038171862323037,1.4650567896243687,-0.19109310827737697,1.9444361110070365,0.9538,0.008,0.9538,0.8821,미결정,미결정,미결정,,False,False,False,21.633216874993945,21.694280538290833,21.694280538290833,23.810091857494438,0.43388561076581666,0.4762018371498888,미결정,,L6,R2@a1-P0|n160,region,5,5,160,,R2,1,10000,False
Lena|x,0.2588121992823716,-0.262876711220496,0.8634959444200755,-0.019587744693242114,-0.7080184951173318,0.6383929631558949,-0.38121403686751065,1.0419497934113682,-1.0859753755703863,0.9763308920485132,0.3402,0.9694,0.9694,0.2245,미결정,동등,미결정,,False,True,False,21.953092737573208,21.694280538290833,21.694280538290833,23.810091857494438,0.43388561076581666,0.4762018371498888,미결정,한계 의존,L6,R3@a1-P0|n10,region,5,5,10,,R3,1,10000,False
Lena|x,-0.14982166876697284,-0.7979247183610538,0.6821551968344473,0.09254749273562837,-0.5736377759190797,0.7615094607106089,-1.080174862820599,1.0438160654262498,-1.032251323710691,1.2056476245830485,0.7748,0.792,0.792,0.1441,미결정,동등,미결정,,False,True,False,21.54445886952386,21.694280538290833,21.694280538290833,23.810091857494438,0.43388561076581666,0.4762018371498888,미결정,한계 의존,L6,R3@a1-P0|n40,region,5,5,40,,R3,1,10000,False
Lena|x,0.15348356259595378,-0.5324624895816247,0.8950442264133056,0.11271689440992319,-0.7276341642613492,0.9440192867337842,-0.7843083783549035,1.0724094521813623,-1.2551383592285028,1.462748600976659,0.6472,0.8008,0.8008,0.1744,미결정,동등,미결정,,False,True,False,21.84776410088679,21.694280538290833,21.694280538290833,23.810091857494438,0.43388561076581666,0.4762018371498888,미결정,한계 의존,L6,R3@a1-P0|n160,region,5,5,160,,R3,1,10000,False
Lena|x,4.992881137266307,2.0393161134022697,6.786845529759194,0.18944965707399036,-1.6928316590339694,2.009814516396718,0.06586307246558241,8.078120514126411,-3.0912572030029133,3.421090860065148,0.0006,0.8486,0.8486,0.9985,미결정,미결정,미결정,,False,False,False,26.68716167555714,21.694280538290833,21.694280538290833,23.810091857494438,0.43388561076581666,0.4762018371498888,미결정,,L6,V1@a1-P0|n10,region,5,5,10,,V1,1,10000,False
Lena|x,3.090932430439868,1.4782414699535087,4.2308362916130715,-0.35527444125982444,-1.6615811779978868,0.9237305806459193,0.5925835367769314,4.808066788178935,-2.6817411622406078,1.8766172826081902,0.0008,0.5872,0.5872,0.9987,미결정,미결정,미결정,,False,False,False,24.7852129687307,21.694280538290833,21.694280538290833,23.810091857494438,0.43388561076581666,0.4762018371498888,미결정,,L6,V1@a1-P0|n40,region,5,5,40,,V1,1,10000,False
Lena|x,2.0304637635489238,0.9811971373488806,3.305357258441291,0.09244012471366077,-1.0175078713063954,1.2170452761221258,0.6138966525972607,3.515157614478701,-1.8602984750873923,1.9345178043560496,0.0016,0.8604,0.8604,0.9961,미결정,미결정,미결정,,False,False,False,23.724744301839756,21.694280538290833,21.694280538290833,23.810091857494438,0.43388561076581666,0.4762018371498888,미결정,,L6,V1@a1-P0|n160,region,5,5,160,,V1,1,10000,False
Lena|x,4.871317858510012,1.9811665121589965,6.566771005855794,0.05413782165660166,-1.8003258479023325,1.8489680865921336,-0.02780768348321872,7.808944722918981,-3.1823910656827596,3.2148921177866914,0.002,0.9634,0.9634,0.998,미결정,미결정,미결정,,False,False,False,26.565598396800844,21.694280538290833,21.694280538290833,23.810091857494438,0.43388561076581666,0.4762018371498888,미결정,,L6,V1r@a1-P0|n10,region,5,5,10,,V1r,1,10000,False
Lena|x,2.9946124503457137,1.3296199943862088,4.073495180540594,-0.5852331040794546,-1.9583196492863721,0.7081318540028084,0.3367080935633356,4.62284172832001,-2.942017009898059,1.68178495069429,0.0006,0.3882,0.3882,0.9983,미결정,미결정,미결정,,False,False,False,24.688892988636546,21.694280538290833,21.694280538290833,23.810091857494438,0.43388561076581666,0.4762018371498888,미결정,,L6,V1r@a1-P0|n40,region,5,5,40,,V1r,1,10000,False
Lena|x,1.8806004327497021,0.6816430914501171,3.017425851566406,-0.3682029821609447,-1.5413411378503896,0.7640599041177146,0.3074644816874218,3.151122942956213,-2.302604862309953,1.5318844727547707,0.003,0.5294,0.5294,0.9883,미결정,미결정,미결정,,False,False,False,23.574880971040535,21.694280538290833,21.694280538290833,23.810091857494438,0.43388561076581666,0.4762018371498888,미결정,,L6,V1r@a1-P0|n160,region,5,5,160,,V1r,1,10000,False
Canada|x,-2.0047316611894708,-3.1735493302147963,-0.6628301968334342,-1.25292818646277,-2.5875687582370697,0.031326757471662955,-3.7033642257913306,-0.20532986628288277,-3.5966765857812057,0.7987158692832302,0.0006,0.0584,0.0584,0.9865,미결정,미결정,미결정,,True,True,False,26.159778966086257,28.164510627275728,28.164510627275728,21.7685645470174,0.5632902125455146,0.43537129094034804,미결정,,L6,D0@a1-P0|n10,region,5,12,10,,D0,1,10000,False
Canada|x,-1.544884143325774,-2.979349635099619,-0.3472515624404446,-0.9874905845088741,-2.318276514659465,0.32435932935501666,-3.7479035449202476,0.02053410034362478,-3.2842765306018658,1.031052703989761,0.0084,0.1394,0.1394,0.953,미결정,미결정,미결정,,True,True,False,26.61962648394995,28.164510627275728,28.164510627275728,21.7685645470174,0.5632902125455146,0.43537129094034804,미결정,,L6,D0@a1-P0|n40,region,5,12,40,,D0,1,10000,False
Canada|x,-1.8057377683514857,-3.1837140504704413,-0.5734866003881225,-1.1534870806155553,-2.475663651586267,0.15278962981794694,-3.702942930666292,-0.224132312625709,-3.459758486324266,0.8462054483242594,0.0002,0.0872,0.0872,0.9833,미결정,미결정,미결정,,True,True,False,26.358772858924244,28.164510627275728,28.164510627275728,21.7685645470174,0.5632902125455146,0.43537129094034804,미결정,,L6,D0@a1-P0|n160,region,5,12,160,,D0,1,10000,False
Canada|x,-0.8395364602143858,-2.3514292929402836,0.4536322676990077,-0.5242247820761143,-1.9272048488317035,0.827104938627817,-3.1061078820515298,0.6816797861742018,-2.915004399855067,1.5881153921685485,0.2058,0.4634,0.4634,0.706,미결정,미결정,미결정,,False,True,False,27.324974167061338,28.164510627275728,28.164510627275728,21.7685645470174,0.5632902125455146,0.43537129094034804,미결정,,L6,D0@a10-P0|n10,region,5,12,10,,D0,10,10000,False
Canada|x,-0.7556978674744294,-1.8094845547226823,0.5444830330809232,-0.5288112649244383,-1.8868700261628393,0.7702652971882246,-2.136204270940666,0.6722087479297602,-2.8347947572207657,1.4389273248888719,0.2858,0.4402,0.4402,0.6456,미결정,미결정,미결정,,False,True,False,27.4088127598013,28.164510627275728,28.164510627275728,21.7685645470174,0.5632902125455146,0.43537129094034804,미결정,,L6,D0@a10-P0|n40,region,5,12,40,,D0,10,10000,False
Canada|x,-2.0759826914814985,-3.0311401636459814,-0.2829621595381029,-1.2231169933712038,-2.472744853885091,-0.058896177387663465,-3.3400100452888255,0.20774168572944998,-3.1841576105159453,0.4731714550266699,0.0164,0.039,0.039,0.9512,우세,우세,미결정,분할 독립 가정 의존,True,True,False,26.08852793579423,28.164510627275728,28.164510627275728,21.7685645470174,0.5632902125455146,0.43537129094034804,우세,,L6,D0@a10-P0|n160,region,5,12,160,,D0,10,10000,False
Canada|x,0.14311530107487586,-1.226952546987731,1.5872076391111098,0.597479795681054,-0.7845406437925183,1.879567582651427,-1.5592666190734679,1.8370780623881031,-1.5957880486109088,2.5566734198558483,0.7854,0.3852,0.7854,0.5565,미결정,미결정,미결정,,False,False,False,28.307625928350603,28.164510627275728,28.164510627275728,21.7685645470174,0.5632902125455146,0.43537129094034804,미결정,,L6,D0@a100-P0|n10,region,5,12,10,,D0,100,10000,False
Canada|x,-0.8110805056766275,-1.7412614176234253,0.8601476652919612,0.11195304050081063,-1.1610597615064802,1.336981862323115,-1.8200407151216416,1.437296204596335,-1.872316369795927,1.927006443346816,0.4266,0.8218,0.8218,0.5421,미결정,미결정,미결정,,False,False,False,27.353430121599104,28.164510627275728,28.164510627275728,21.7685645470174,0.5632902125455146,0.43537129094034804,미결정,,L6,D0@a100-P0|n40,region,5,12,40,,D0,100,10000,False
Canada|x,-1.6384267745949166,-2.945419412764111,0.5903634251637669,-0.6325234706198352,-1.7862996092403054,0.4868219726994551,-3.0736361160008783,1.1120506278634952,-2.2736749305394612,0.918470954008333,0.1836,0.2618,0.2618,0.7991,미결정,미결정,미결정,,False,True,False,26.526083852680813,28.164510627275728,28.164510627275728,21.7685645470174,0.5632902125455146,0.43537129094034804,미결정,,L6,D0@a100-P0|n160,region,5,12,160,,D0,100,10000,False
Canada|x,2.206876538874569,0.129980737274637,3.9161590478183714,1.7422844773762485,0.1550416090418935,3.2586539732746567,-0.7001364969188115,3.6768786692486675,-0.6974028396229245,3.9861522575464092,0.029,0.0312,0.0312,0.9374,열세,열세,미결정,분할 독립 가정 의존,False,False,True,30.3713871661503,28.164510627275728,28.164510627275728,21.7685645470174,0.5632902125455146,0.43537129094034804,열세,,L6,D0@acont-P0|n10,region,5,12,10,,D0,cont,10000,False
Canada|x,2.355188305152681,0.8426056928320074,3.623643604051161,1.971065051874615,0.46099986943249693,3.4805697683470744,0.2816040413731411,3.491798952422324,-0.3623939803779872,4.1418944112092,0.0006,0.0098,0.0098,0.9931,열세,열세,미결정,분할 독립 가정 의존,False,False,True,30.519698932428412,28.164510627275728,28.164510627275728,21.7685645470174,0.5632902125455146,0.43537129094034804,열세,,L6,D0@acont-P0|n40,region,5,12,40,,D0,cont,10000,False
Canada|x,1.2102096936544129,-0.2590331993399156,2.1461757922654843,0.7123709335877578,-1.0050191466316207,2.3932904687431833,-1.222887635175513,2.4669233879394246,-1.9461300937579,3.209289205739953,0.1224,0.393,0.393,0.7929,미결정,미결정,미결정,,False,False,False,29.37472032093014,28.164510627275728,28.164510627275728,21.7685645470174,0.5632902125455146,0.43537129094034804,미결정,,L6,D0@acont-P0|n160,region,5,12,160,,D0,cont,10000,False
Canada|x,1.4739077079482357,-0.2673892370529766,2.2925469708637345,-0.22826135742943734,-1.291202187193376,0.8069342659363978,-1.1087069789744182,2.6444437718361025,-1.8993134732843222,1.228560513339568,0.1172,0.6676,0.6676,0.8142,미결정,미결정,미결정,,False,False,False,29.638418335223964,28.164510627275728,28.164510627275728,21.7685645470174,0.5632902125455146,0.43537129094034804,미결정,,L6,D1@a1-P0|n10,region,5,12,10,,D1,1,10000,False
Canada|x,1.137319961214424,-0.21655202004865093,2.0017863004421628,0.2983478207438516,-0.7686769781601266,1.3423629926551657,-1.01069990160942,2.2549457477287254,-1.2427249993585514,1.665817246981249,0.1094,0.5688,0.5688,0.7905,미결정,미결정,미결정,,False,False,False,29.301830588490155,28.164510627275728,28.164510627275728,21.7685645470174,0.5632902125455146,0.43537129094034804,미결정,,L6,D1@a1-P0|n40,region,5,12,40,,D1,1,10000,False
Canada|x,-0.324042231777954,-1.075931885182579,0.8362490974710939,0.3036533291473461,-0.7432958616903018,1.2567771552631195,-0.8780738885517589,1.0694743457105338,-1.0893317045649444,1.6117185616045757,0.7344,0.5506,0.7344,0.3502,미결정,미결정,미결정,,False,False,False,27.840468395497773,28.164510627275728,28.164510627275728,21.7685645470174,0.5632902125455146,0.43537129094034804,미결정,,L6,D1@a1-P0|n160,region,5,12,160,,D1,1,10000,False
Canada|x,2.260736619231725,0.7218188192695866,2.9267840052045027,1.42280016309889,0.6710892248350588,2.1431020341845946,0.006974441589101919,3.2423693598392704,0.4081143871539334,2.3561977728454253,0.0018,0.0002,0.0018,0.9913,열세,열세,열세,,False,False,True,30.425247246507457,28.164510627275728,28.164510627275728,21.7685645470174,0.5632902125455146,0.43537129094034804,열세,,L6,P1@a1-P0|n10,region,5,12,10,,P1,1,10000,False
Canada|x,3.982569210070993,1.8383703537185239,4.959153772028993,2.763629917384459,1.6734315354787503,3.8129804724519323,1.0620171006309493,5.380029435732387,1.668222668928305,3.770843285305633,0.0001,0.0001,0.0001,1.0,열세,열세,열세,,False,False,True,32.147079837346716,28.164510627275728,28.164510627275728,21.7685645470174,0.5632902125455146,0.43537129094034804,열세,,L6,P1@a1-P0|n40,region,5,12,40,,P1,1,10000,False
Canada|x,4.188418117315196,1.9138907187435668,5.248872793495996,2.866035830357388,1.6778195112885401,3.9702481696301635,1.0036495568229689,5.670568904257717,1.6558947399176247,3.962431384675312,0.0001,0.0001,0.0001,0.9999,열세,열세,열세,,False,False,True,32.352928744590926,28.164510627275728,28.164510627275728,21.7685645470174,0.5632902125455146,0.43537129094034804,열세,,L6,P1@a1-P0|n160,region,5,12,160,,P1,1,10000,False
Canada|x,5.515139786128104,2.957424379493764,6.673940563312741,4.315459350585087,3.0540291104046013,5.529112295840438,1.7921147891729452,7.190818657625075,2.5573621870089824,5.899074632833619,0.0001,0.0001,0.0001,1.0,열세,열세,열세,,False,False,True,33.679650413403834,28.164510627275728,28.164510627275728,21.7685645470174,0.5632902125455146,0.43537129094034804,열세,,L6,P2@a1-P0|n10,region,5,12,10,,P2,1,10000,False
Canada|x,5.263382762511631,2.7826766756697645,6.428536529231319,3.8558516986847913,2.516508589594339,5.126288844839182,1.827936227564261,6.925703700488513,2.507798196322239,5.07354881352072,0.0001,0.0001,0.0001,1.0,열세,열세,열세,,False,False,True,33.427893389787364,28.164510627275728,28.164510627275728,21.7685645470174,0.5632902125455146,0.43537129094034804,열세,,L6,P2@a1-P0|n40,region,5,12,40,,P2,1,10000,False
Canada|x,4.51505948612002,2.1141320079858206,5.606078218126149,3.1275721834677412,1.8675165796678905,4.342999805696779,1.1723222084537728,6.071532951757901,1.8389250901146006,4.290538668807577,0.0002,0.0001,0.0002,1.0,열세,열세,열세,,False,False,True,32.67957011339575,28.164510627275728,28.164510627275728,21.7685645470174,0.5632902125455146,0.43537129094034804,열세,,L6,P2@a1-P0|n160,region,5,12,160,,P2,1,10000,False
Canada|x,7.263503512304903,4.293198179354362,9.064990118833345,7.0556325556731965,5.507804524506301,8.522286289169678,2.309917783665159,9.935967433734673,4.526006394200419,9.289456405563264,0.0001,0.0001,0.0001,1.0,열세,열세,열세,,False,False,True,35.42801413958063,28.164510627275728,28.164510627275728,21.7685645470174,0.5632902125455146,0.43537129094034804,열세,,L6,P3@a1-P0|n10,region,5,12,10,,P3,1,10000,False
Canada|x,6.65852921674813,3.622044141183073,8.322391426854011,5.575500030560438,4.064231710149873,7.008995159311991,1.9212583407720052,8.98064078235215,3.4996190959816604,7.349875784258744,0.0001,0.0001,0.0001,1.0,열세,열세,열세,,False,False,True,34.82303984402386,28.164510627275728,28.164510627275728,21.7685645470174,0.5632902125455146,0.43537129094034804,열세,,L6,P3@a1-P0|n40,region,5,12,40,,P3,1,10000,False
Canada|x,6.004737687198817,2.922436839177024,7.603571417267195,4.986460649949608,3.5293766997133997,6.355349494805208,1.301163577273396,8.264218933192046,2.9633596803217683,6.715730335354373,0.0001,0.0001,0.0001,1.0,열세,열세,열세,,False,False,True,34.169248314474544,28.164510627275728,28.164510627275728,21.7685645470174,0.5632902125455146,0.43537129094034804,열세,,L6,P3@a1-P0|n160,region,5,12,160,,P3,1,10000,False
Canada|x,-0.7533070723253005,-0.9850235289348939,-0.5241654665318657,-0.8938071112865394,-1.2119711002527536,-0.5968202888409474,-1.1310830419956317,-0.4296670397544021,-1.4277840911502049,-0.4178939029583485,0.0001,0.0001,0.0001,0.9963,우세,우세,우세,,True,True,False,27.41120355495043,28.164510627275728,28.164510627275728,21.7685645470174,0.5632902125455146,0.43537129094034804,우세,,L6,R0@a1-P0|n10,region,5,12,10,,R0,1,10000,False
Canada|x,-0.7385455125853255,-0.978786904232279,-0.48316694462386295,-0.8284813310498308,-1.1462147220106516,-0.5181341924794168,-1.127200823353063,-0.41236649899231037,-1.3473088434486102,-0.3491089672063024,0.0001,0.0001,0.0001,0.982,우세,우세,우세,,True,True,False,27.425965114690406,28.164510627275728,28.164510627275728,21.7685645470174,0.5632902125455146,0.43537129094034804,우세,,L6,R0@a1-P0|n40,region,5,12,40,,R0,1,10000,False
Canada|x,-0.7385507564734063,-0.9721538322990376,-0.49267280839553085,-0.7850010223812646,-1.0985735555519944,-0.47749112390625026,-1.0991705717866749,-0.4164065470597928,-1.3020758919311894,-0.31878826485909706,0.0001,0.0001,0.0001,0.9714,우세,우세,우세,,True,True,False,27.425959870802323,28.164510627275728,28.164510627275728,21.7685645470174,0.5632902125455146,0.43537129094034804,우세,,L6,R0@a1-P0|n160,region,5,12,160,,R0,1,10000,False
Canada|x,-0.5251004053705273,-0.9132016040503271,-0.3097372540086981,-0.8390551638310626,-1.1573228661525892,-0.5400374744280002,-1.1165918859660855,-0.23292255277133725,-1.3832995632418243,-0.3472314429940653,0.0001,0.0001,0.0001,0.9878,우세,우세,우세,,True,True,False,27.6394102219052,28.164510627275728,28.164510627275728,21.7685645470174,0.5632902125455146,0.43537129094034804,우세,,L6,R0@a10-P0|n10,region,5,12,10,,R0,10,10000,False
Canada|x,-0.6218469259647328,-0.9005018314984926,-0.40313884193001115,-0.7525927994545313,-1.0677813069259854,-0.44591211612324805,-1.024901595668942,-0.37498863143862016,-1.2529612885499086,-0.2889130951661816,0.0001,0.0001,0.0001,0.9455,우세,우세,우세,,True,True,False,27.542663701311,28.164510627275728,28.164510627275728,21.7685645470174,0.5632902125455146,0.43537129094034804,우세,,L6,R0@a10-P0|n40,region,5,12,40,,R0,10,10000,False
Canada|x,-0.850556489098004,-1.0620220174115844,-0.5059881523636173,-0.7091138958306701,-1.0106801005720756,-0.41015280385092223,-1.1055626811201968,-0.39822177401904624,-1.186416734049912,-0.2666666096224297,0.0001,0.0001,0.0001,0.9773,우세,우세,우세,,True,True,False,27.313954138177724,28.164510627275728,28.164510627275728,21.7685645470174,0.5632902125455146,0.43537129094034804,우세,,L6,R0@a10-P0|n160,region,5,12,160,,R0,10,10000,False
Canada|x,-0.6046845008344078,-0.9591980914376779,-0.38705048994950547,-0.6937416409329231,-1.000338398818603,-0.4025158126129983,-1.0690208853699859,-0.357040998577693,-1.1974206481749088,-0.22130326418240934,0.0001,0.0001,0.0001,0.9,우세,우세,우세,,True,True,False,27.559826126441322,28.164510627275728,28.164510627275728,21.7685645470174,0.5632902125455146,0.43537129094034804,우세,,L6,R0@a100-P0|n10,region,5,12,10,,R0,100,10000,False
Canada|x,-0.719121250158085,-0.9304761384237685,-0.46917896076891924,-0.5718444073693583,-0.8144396574928572,-0.3317445993035645,-0.9593692148662131,-0.4442907005232863,-0.9693186604540492,-0.2086031747772549,0.0001,0.0001,0.0001,0.9597,우세,우세,우세,,True,True,False,27.445389377117642,28.164510627275728,28.164510627275728,21.7685645470174,0.5632902125455146,0.43537129094034804,우세,,L6,R0@a100-P0|n40,region,5,12,40,,R0,100,10000,False
Canada|x,-0.699451542688643,-1.0384474680801166,-0.15785015027875757,-0.5622538289469674,-0.8036837658497339,-0.3184653102793603,-1.1070732858417702,0.035616861851933544,-0.9344782833427446,-0.2179948064971088,0.0068,0.0001,0.0068,0.6956,우세,우세,미결정,분할 독립 가정 의존,True,True,False,27.465059084587086,28.164510627275728,28.164510627275728,21.7685645470174,0.5632902125455146,0.43537129094034804,우세,,L6,R0@a100-P0|n160,region,5,12,160,,R0,100,10000,False
Canada|x,-0.3822683409356685,-0.86688193029202,-0.09413378307277585,-0.626471613689489,-0.9571560712337368,-0.2880489507512423,-1.0395631948834323,-0.07704106398074577,-1.1592360570790774,-0.12217148742483769,0.013,0.0002,0.013,0.7655,우세,우세,우세,,True,True,False,27.78224228634006,28.164510627275728,28.164510627275728,21.7685645470174,0.5632902125455146,0.43537129094034804,우세,,L6,R0@acont-P0|n10,region,5,12,10,통계적으로 구별되나 크기는 0.5 cm 미만,R0,cont,10000,False
Canada|x,-0.5613859284267271,-0.9431883057869579,-0.29564672000154096,-0.5983369869449071,-0.9483966745543603,-0.24903528814299541,-1.077492512836555,-0.294094346562197,-1.121767129022153,-0.09701785793040796,0.0001,0.0004,0.0004,0.7327,우세,우세,우세,,True,True,False,27.603124698849,28.164510627275728,28.164510627275728,21.7685645470174,0.5632902125455146,0.43537129094034804,우세,,L6,R0@acont-P0|n40,region,5,12,40,,R0,cont,10000,False
Canada|x,-0.5407985935757935,-0.7696788470953284,-0.3567164637362079,-0.8186000825022802,-1.2301446812662957,-0.41568718506612023,-0.8488234507999651,-0.34177670806025007,-1.4449113251514842,-0.22975383787201634,0.0001,0.0001,0.0001,0.939,우세,우세,우세,,True,True,False,27.623712033699935,28.164510627275728,28.164510627275728,21.7685645470174,0.5632902125455146,0.43537129094034804,우세,,L6,R0@acont-P0|n160,region,5,12,160,,R0,cont,10000,False
Canada|x,1.3671101522727205,-0.19892163523505285,2.02254184642884,0.37007527421893727,-0.37900240098418697,1.0958631976398878,-0.8043375780850124,2.3053583592558478,-0.6755286117531072,1.3641440558071405,0.1,0.3256,0.3256,0.8055,미결정,미결정,미결정,,False,False,False,29.53162077954845,28.164510627275728,28.164510627275728,21.7685645470174,0.5632902125455146,0.43537129094034804,미결정,,L6,R1@a1-P0|n10,region,5,12,10,,R1,1,10000,False
Canada|x,2.9994951797203315,1.0300242023339583,3.8736924856550297,1.7729138719866804,0.6878667211957744,2.820984727165002,0.29554530218982006,4.271722083718277,0.6124175463315964,2.85125566580926,0.0012,0.0008,0.0012,0.9952,열세,열세,열세,,False,False,True,31.164005806996055,28.164510627275728,28.164510627275728,21.7685645470174,0.5632902125455146,0.43537129094034804,열세,,L6,R1@a1-P0|n40,region,5,12,40,,R1,1,10000,False
Canada|x,3.0614687408992096,0.9709804521027258,3.9820640458870162,1.79841741100605,0.654353964536672,2.922712322289659,0.16176805246293827,4.38645017353682,0.5663446034715449,2.942535433107637,0.0026,0.0018,0.0026,0.9941,열세,열세,열세,,False,False,True,31.22597936817494,28.164510627275728,28.164510627275728,21.7685645470174,0.5632902125455146,0.43537129094034804,열세,,L6,R1@a1-P0|n160,region,5,12,160,,R1,1,10000,False
Canada|x,1.5730039867970453,-0.09029844866895485,2.25578402041865,0.49489620273676993,-0.28985491537979874,1.2451582852745005,-0.7457440151264684,2.5631260257280086,-0.5932014822492142,1.5307430286786106,0.0734,0.2148,0.2148,0.8529,미결정,미결정,미결정,,False,False,False,29.737514614072772,28.164510627275728,28.164510627275728,21.7685645470174,0.5632902125455146,0.43537129094034804,미결정,,L6,R1@a10-P0|n10,region,5,12,10,,R1,10,10000,False
Canada|x,2.88239667196923,0.9893219740909954,3.674524232637887,1.6663045462641164,0.5968193556092997,2.663200717296551,0.3381223643556556,4.074755833740592,0.5496247866739474,2.6992846165037623,0.0006,0.0022,0.0022,0.9963,열세,열세,열세,,False,False,True,31.046907299244964,28.164510627275728,28.164510627275728,21.7685645470174,0.5632902125455146,0.43537129094034804,열세,,L6,R1@a10-P0|n40,region,5,12,40,,R1,10,10000,False
Canada|x,2.6627786915085934,0.8768980091265728,3.366975736976353,1.575902138831357,0.568416239569444,2.5895139995743075,0.29479020803876443,3.7267059886226805,0.4603209387311359,2.6111583345085627,0.0012,0.004,0.004,0.9941,열세,열세,열세,,False,False,True,30.827289318784324,28.164510627275728,28.164510627275728,21.7685645470174,0.5632902125455146,0.43537129094034804,열세,,L6,R1@a10-P0|n160,region,5,12,160,,R1,10,10000,False
Canada|x,1.481436800696742,-0.11693291603628016,2.122221143816177,0.5778520893133482,-0.17542393366122702,1.3159480542350872,-0.7134337362935371,2.3882673348997088,-0.4851012200353219,1.5837183451580579,0.0776,0.1364,0.1364,0.8418,미결정,미결정,미결정,,False,False,False,29.64594742797247,28.164510627275728,28.164510627275728,21.7685645470174,0.5632902125455146,0.43537129094034804,미결정,,L6,R1@a100-P0|n10,region,5,12,10,,R1,100,10000,False
Canada|x,2.709098725387668,0.8660840163600886,3.4721904342535352,1.6654115589554337,0.7165532858512063,2.601074933412885,0.25953275583795654,3.8687688922799848,0.6527448142277004,2.6397601886016493,0.0014,0.0008,0.0014,0.9923,열세,열세,열세,,False,False,True,30.8736093526634,28.164510627275728,28.164510627275728,21.7685645470174,0.5632902125455146,0.43537129094034804,열세,,L6,R1@a100-P0|n40,region,5,12,40,,R1,100,10000,False
Canada|x,2.5048831099800433,0.9216109246608524,3.131178934501918,1.5059480064158408,0.5070529299410048,2.470707344016661,0.3587455586510425,3.439530286176148,0.5062369213367921,2.44988845022032,0.0006,0.004,0.004,0.994,열세,열세,열세,,False,False,True,30.669393737255774,28.164510627275728,28.164510627275728,21.7685645470174,0.5632902125455146,0.43537129094034804,열세,,L6,R1@a100-P0|n160,region,5,12,160,,R1,100,10000,False
Canada|x,1.6297515345933924,0.0408331625604886,2.309939462633788,0.6445908525858208,-0.14853159062801327,1.4491337770694446,-0.6380026591685863,2.5680937514026048,-0.5090223107196266,1.7302900001104133,0.0428,0.1108,0.1108,0.8941,미결정,미결정,미결정,,False,False,False,29.794262161869124,28.164510627275728,28.164510627275728,21.7685645470174,0.5632902125455146,0.43537129094034804,미결정,,L6,R1@acont-P0|n10,region,5,12,10,,R1,cont,10000,False
Canada|x,2.6109004609122115,0.8085023399189998,3.4205316106503516,1.5637260667052715,0.589696535923019,2.5075799473097278,0.14471754443293178,3.7544870838531716,0.45099063297497477,2.5950653155935823,0.0016,0.0018,0.0018,0.9928,열세,열세,열세,,False,False,True,30.77541108818794,28.164510627275728,28.164510627275728,21.7685645470174,0.5632902125455146,0.43537129094034804,열세,,L6,R1@acont-P0|n40,region,5,12,40,,R1,cont,10000,False
Canada|x,2.4898967031311825,0.7901465933868688,3.238377055107128,1.2000324542194627,0.13978680645573346,2.1889370510635344,0.0832950810782244,3.5853313536001497,0.008926048667068961,2.309132062428904,0.0012,0.0278,0.0278,0.991,열세,열세,열세,,False,False,True,30.65440733040691,28.164510627275728,28.164510627275728,21.7685645470174,0.5632902125455146,0.43537129094034804,열세,,L6,R1@acont-P0|n160,region,5,12,160,,R1,cont,10000,False
Canada|x,2.129465072841735,0.5176739004311506,2.7928485583941143,1.0963859974597974,0.32804707193105953,1.8174262862497708,-0.14771156377094843,3.1084443369632795,0.040497287486029654,2.0702495398274627,0.0038,0.005,0.005,0.9761,열세,열세,미결정,분할 독립 가정 의존,False,False,True,30.293975700117464,28.164510627275728,28.164510627275728,21.7685645470174,0.5632902125455146,0.43537129094034804,열세,,L6,R2@a1-P0|n10,region,5,12,10,,R2,1,10000,False
Canada|x,3.615758867372213,1.573413236953234,4.535263678426824,2.3690823661653555,1.3228735900910507,3.4013237746359017,0.8108530522990104,4.9340418864804425,1.2620108152115477,3.373114942554337,0.0001,0.0001,0.0001,0.9999,열세,열세,열세,,False,False,True,31.780269494647946,28.164510627275728,28.164510627275728,21.7685645470174,0.5632902125455146,0.43537129094034804,열세,,L6,R2@a1-P0|n40,region,5,12,40,,R2,1,10000,False
Canada|x,3.2391720937616038,1.4682711467538117,3.995787654580035,2.1432224769704904,1.0511736606690594,3.1771842489260336,0.8236913401548018,4.331636781570854,1.0250235019960927,3.1766625611675563,0.0001,0.0004,0.0004,0.9994,열세,열세,열세,,False,False,True,31.40368272103733,28.164510627275728,28.164510627275728,21.7685645470174,0.5632902125455146,0.43537129094034804,열세,,L6,R2@a1-P0|n160,region,5,12,160,,R2,1,10000,False
Canada|x,0.912293690280697,-0.7487330617837462,1.6697644061732506,-0.7242246966540961,-1.8056852662226084,0.2702295325269434,-1.453960633396788,1.9938425740738144,-2.379149561717218,0.6787992344337301,0.3938,0.151,0.3938,0.6613,미결정,미결정,미결정,,False,False,False,29.076804317556423,28.164510627275728,28.164510627275728,21.7685645470174,0.5632902125455146,0.43537129094034804,미결정,,L6,R3@a1-P0|n10,region,5,12,10,,R3,1,10000,False
Canada|x,0.5392104569148017,-0.6804638184677466,1.3552585793422298,-0.11766122463635327,-1.1955443563895711,0.8913756322444889,-1.398089466985384,1.6142019960325107,-1.733352740218318,1.2751373784611013,0.4582,0.832,0.832,0.423,미결정,미결정,미결정,,False,False,False,28.703721084190526,28.164510627275728,28.164510627275728,21.7685645470174,0.5632902125455146,0.43537129094034804,미결정,,L6,R3@a1-P0|n40,region,5,12,40,,R3,1,10000,False
Canada|x,-0.7971006852667415,-1.5518480432753785,0.4422554576930556,-0.03935715681070917,-1.1461540336792337,0.9927152228093751,-1.4609582948167363,0.7247638380732513,-1.598773132493385,1.4072842457329553,0.2622,0.956,0.956,0.5823,미결정,미결정,미결정,,False,True,False,27.367409942008987,28.164510627275728,28.164510627275728,21.7685645470174,0.5632902125455146,0.43537129094034804,미결정,,L6,R3@a1-P0|n160,region,5,12,160,,R3,1,10000,False
Canada|x,8.283692218003655,3.5023090567876727,11.438432823508856,7.974451129532899,5.888115972162143,10.06921500589934,0.8268184860961113,13.01718916355943,4.500820455546167,11.386225580717877,0.0001,0.0001,0.0001,1.0,열세,열세,열세,,False,False,True,36.448202845279376,28.164510627275728,28.164510627275728,21.7685645470174,0.5632902125455146,0.43537129094034804,열세,,L6,V1@a1-P0|n10,region,5,12,10,,V1,1,10000,False
Canada|x,7.022049403420506,2.550997324422745,9.822805516633398,6.804520885856968,4.898279277294516,8.768744725475857,0.14131016871161498,11.318624051071028,3.6130010120928056,9.960908130693914,0.0004,0.0001,0.0004,1.0,열세,열세,열세,,False,False,True,35.186560030696235,28.164510627275728,28.164510627275728,21.7685645470174,0.5632902125455146,0.43537129094034804,열세,,L6,V1@a1-P0|n40,region,5,12,40,,V1,1,10000,False
Canada|x,4.753029345423044,1.1386890784468482,7.004737505939066,4.649748165403946,2.934835931976301,6.414801684719082,-1.0525285824819164,8.220402489065469,1.87759323852091,7.387181922083299,0.0072,0.0001,0.0072,1.0,열세,열세,미결정,분할 독립 가정 의존,False,False,True,32.917539972698776,28.164510627275728,28.164510627275728,21.7685645470174,0.5632902125455146,0.43537129094034804,열세,,L6,V1@a1-P0|n160,region,5,12,160,,V1,1,10000,False
Canada|x,6.683120159165942,1.3747797366269736,9.523728637722403,5.558103758913608,3.5535905286218377,7.648288806843316,-1.1263616223882902,11.220396566697438,2.1877858880954446,8.944106552993356,0.0082,0.0001,0.0082,1.0,열세,열세,미결정,분할 독립 가정 의존,False,False,True,34.84763078644168,28.164510627275728,28.164510627275728,21.7685645470174,0.5632902125455146,0.43537129094034804,열세,,L6,V1r@a1-P0|n10,region,5,12,10,,V1r,1,10000,False
Canada|x,5.613083574692622,1.002159593767776,8.15505370449642,4.738823563299507,2.8619929635832135,6.664031308459555,-1.3855838615999438,9.658936359696208,1.649228178929102,7.85500627327763,0.0118,0.0001,0.0118,1.0,열세,열세,미결정,분할 독립 가정 의존,False,False,True,33.777594201968355,28.164510627275728,28.164510627275728,21.7685645470174,0.5632902125455146,0.43537129094034804,열세,,L6,V1r@a1-P0|n40,region,5,12,40,,V1r,1,10000,False
Canada|x,3.6557853175836903,-0.021924124302903757,5.699069400955162,3.1803207894082215,1.4598555128851065,4.906490689650201,-2.0474818416902183,6.912361031638798,0.4875840308366901,5.902307168506331,0.052,0.0001,0.052,0.9995,미결정,미결정,미결정,,False,False,False,31.820295944859417,28.164510627275728,28.164510627275728,21.7685645470174,0.5632902125455146,0.43537129094034804,미결정,,L6,V1r@a1-P0|n160,region,5,12,160,,V1r,1,10000,False
Russia_W|x,0.6552613118360199,-2.433469047903888,3.1251392601805987,1.289379783870558,-1.6968336609893009,3.9844542540247825,-4.7754690078491855,5.107438620900332,-3.9800878014266305,5.8937136686176705,0.6804,0.3738,0.6804,0.7122,미결정,미결정,미결정,,False,False,False,43.63451271993601,42.97925140809999,42.97925140809999,38.431604391888996,0.8595850281619999,0.7686320878377799,미결정,,L6,D0@a1-P0|n10,region,5,7,10,,D0,1,10000,False
Russia_W|x,-8.65271792135271,-11.769408234843072,-5.233750204972653,-7.793054677919687,-12.27428450415067,-2.9388546122469066,-13.407818753144053,-2.763481313505195,-14.464035049223323,-0.26786267931320185,0.0001,0.0024,0.0024,1.0,우세,우세,우세,,True,True,False,34.32653348674728,42.97925140809999,42.97925140809999,38.431604391888996,0.8595850281619999,0.7686320878377799,우세,,L6,D0@a10-P0|n10,region,5,7,10,,D0,10,10000,False
Russia_W|x,-12.702823120832724,-16.5214430691138,-8.353979010707304,-12.67345443584045,-17.65666329165486,-6.939092677592634,-18.380838846057905,-5.508957832577201,-19.882008779095607,-4.312378834261363,0.0001,0.0001,0.0001,1.0,우세,우세,우세,,True,True,False,30.276428287267265,42.97925140809999,42.97925140809999,38.431604391888996,0.8595850281619999,0.7686320878377799,우세,,L6,D0@a100-P0|n10,region,5,7,10,,D0,100,10000,False
Russia_W|x,-12.597786830563392,-16.49211482015096,-8.806897521303837,-13.95817891593037,-18.84376523903101,-8.557895262855139,-18.84725653184357,-6.694217994592943,-21.43727859917953,-5.978710799929933,0.0001,0.0001,0.0001,1.0,우세,우세,우세,,True,True,False,30.381464577536597,42.97925140809999,42.97925140809999,38.431604391888996,0.8595850281619999,0.7686320878377799,우세,,L6,D0@acont-P0|n10,region,5,7,10,,D0,cont,10000,False
Russia_W|x,-9.311071946329445,-12.581523513684992,-5.871412768930582,-9.792478410740749,-14.42783703118654,-4.611699096703483,-13.315373977230694,-4.052716451909965,-15.79523624974566,-2.9154783656499688,0.0001,0.0006,0.0006,1.0,우세,우세,우세,,True,True,False,33.66817946177055,42.97925140809999,42.97925140809999,38.431604391888996,0.8595850281619999,0.7686320878377799,우세,,L6,D1@a1-P0|n10,region,5,7,10,,D1,1,10000,False
Russia_W|x,-11.964733930026489,-13.672416482906742,-10.488097242781427,-13.296097054727108,-15.716256870440457,-10.478148016781109,-14.681584582039989,-9.69976086388404,-16.782594200744185,-9.172562209026607,0.0001,0.0001,0.0001,1.0,우세,우세,우세,,True,True,False,31.014517478073504,42.97925140809999,42.97925140809999,38.431604391888996,0.8595850281619999,0.7686320878377799,우세,,L6,P1@a1-P0|n10,region,5,7,10,,P1,1,10000,False
Russia_W|x,-13.407191577265559,-18.120760911091075,-8.430772767708113,-14.149177002092255,-19.658787165549878,-8.494830996148002,-20.810763539708695,-5.404365657401283,-22.55131120466118,-5.032025329439652,0.0001,0.0001,0.0001,1.0,우세,우세,우세,,True,True,False,29.57205983083444,42.97925140809999,42.97925140809999,38.431604391888996,0.8595850281619999,0.7686320878377799,우세,,L6,P2@a1-P0|n10,region,5,7,10,,P2,1,10000,False
Russia_W|x,-14.090632477475134,-17.550768974697718,-10.598131420891063,-15.384704604688125,-19.780881008500167,-10.690222479924564,-19.42386647815505,-8.565896081826812,-22.025478752466178,-8.2179101917477,0.0001,0.0001,0.0001,1.0,우세,우세,우세,,True,True,False,28.888618930624858,42.97925140809999,42.97925140809999,38.431604391888996,0.8595850281619999,0.7686320878377799,우세,,L6,P3@a1-P0|n10,region,5,7,10,,P3,1,10000,False
Russia_W|x,-0.6035834620112979,-1.3634716581993978,0.005125602963399696,-0.40066773295760927,-1.134767353831524,0.2910865812360613,-1.9051419448492446,0.518167223754236,-1.6789965331689642,0.731737543508821,0.0528,0.2742,0.2742,0.6485,미결정,미결정,미결정,,True,True,False,42.37566794608869,42.97925140809999,42.97925140809999,38.431604391888996,0.8595850281619999,0.7686320878377799,미결정,,L6,R0@a1-P0|n10,region,5,7,10,,R0,1,10000,False
Russia_W|x,-2.5191650028981387,-3.270898488336658,-1.8390573911826749,-2.0872595752737917,-3.122551922849784,-0.9245366349560739,-3.6883709485569245,-1.2762823970264705,-3.627122408595119,-0.31436976604530836,0.0001,0.0006,0.0006,1.0,우세,우세,우세,,True,True,False,40.460086405201864,42.97925140809999,42.97925140809999,38.431604391888996,0.8595850281619999,0.7686320878377799,우세,,L6,R0@a10-P0|n10,region,5,7,10,,R0,10,10000,False
Russia_W|x,-4.133160391593329,-4.957567305918813,-3.394624084180733,-3.9348982677524,-5.1283384969557435,-2.4581336412982426,-5.348911454574532,-2.9628389152418513,-5.573670189537646,-1.8602963726518185,0.0001,0.0001,0.0001,1.0,우세,우세,우세,,True,True,False,38.84609101650667,42.97925140809999,42.97925140809999,38.431604391888996,0.8595850281619999,0.7686320878377799,우세,,L6,R0@a100-P0|n10,region,5,7,10,,R0,100,10000,False
Russia_W|x,-5.39927589960276,-6.468645451957713,-4.705438664635364,-5.706387926711581,-6.925127719146055,-4.33217815288939,-7.040948079541736,-4.26699217742495,-7.391091022408916,-3.686219824831045,0.0001,0.0001,0.0001,1.0,우세,우세,우세,,True,True,False,37.579975508497235,42.97925140809999,42.97925140809999,38.431604391888996,0.8595850281619999,0.7686320878377799,우세,,L6,R0@acont-P0|n10,region,5,7,10,,R0,cont,10000,False
Russia_W|x,-12.521159528471815,-14.32813173396103,-11.034056266208905,-13.539928159284983,-16.049138815437352,-10.708780897121274,-15.366700873723145,-10.04061995831389,-17.091849559391694,-9.276320093188426,0.0001,0.0001,0.0001,1.0,우세,우세,우세,,True,True,False,30.45809187962818,42.97925140809999,42.97925140809999,38.431604391888996,0.8595850281619999,0.7686320878377799,우세,,L6,R1@a1-P0|n10,region,5,7,10,,R1,1,10000,False
Russia_W|x,-13.131148641999294,-15.123207509217886,-11.232899359952318,-14.056475493701138,-16.879412425315103,-10.712392492433548,-16.267011379161886,-10.060435443878616,-18.07331328385069,-9.145634869107642,0.0001,0.0001,0.0001,1.0,우세,우세,우세,,True,True,False,29.8481027661007,42.97925140809999,42.97925140809999,38.431604391888996,0.8595850281619999,0.7686320878377799,우세,,L6,R1@a10-P0|n10,region,5,7,10,,R1,10,10000,False
Russia_W|x,-13.482203919375669,-15.600676826368556,-11.326101982423888,-14.417531433973977,-17.49329183797058,-10.76227942038154,-16.851836800700426,-10.082178760593258,-18.755727617812436,-9.148966856271398,0.0001,0.0001,0.0001,1.0,우세,우세,우세,,True,True,False,29.49704748872432,42.97925140809999,42.97925140809999,38.431604391888996,0.8595850281619999,0.7686320878377799,우세,,L6,R1@a100-P0|n10,region,5,7,10,,R1,100,10000,False
Russia_W|x,-13.326950252290521,-15.559335981076702,-11.26685140373208,-14.516830840943962,-17.65124492948678,-10.950129818569678,-16.868315675057044,-10.053149601828746,-18.957055714239296,-9.206524617073308,0.0001,0.0001,0.0001,1.0,우세,우세,우세,,True,True,False,29.65230115580947,42.97925140809999,42.97925140809999,38.431604391888996,0.8595850281619999,0.7686320878377799,우세,,L6,R1@acont-P0|n10,region,5,7,10,,R1,cont,10000,False
Russia_W|x,-12.771572842780058,-14.759215523121384,-10.961778330270157,-13.961190505681728,-16.857457648598505,-10.626226201087267,-15.884368783829292,-9.929686845497281,-18.034217811091953,-9.00836991692998,0.0001,0.0001,0.0001,1.0,우세,우세,우세,,True,True,False,30.20767856531994,42.97925140809999,42.97925140809999,38.431604391888996,0.8595850281619999,0.7686320878377799,우세,,L6,R2@a1-P0|n10,region,5,7,10,,R2,1,10000,False
Russia_W|x,-9.186855052017162,-12.343295782490511,-5.9620907447693,-9.667266157953728,-14.18114201399685,-4.82435702199751,-13.038601306850289,-4.25324322433758,-15.423118408394844,-3.1260919385067134,0.0001,0.0004,0.0004,1.0,우세,우세,우세,,True,True,False,33.79239635608284,42.97925140809999,42.97925140809999,38.431604391888996,0.8595850281619999,0.7686320878377799,우세,,L6,R3@a1-P0|n10,region,5,7,10,,R3,1,10000,False
Russia_W|x,1.6847280775614137,-0.18062432774266768,3.621983990268852,2.8259835027475857,0.9886007103247161,4.62109718105197,-1.7080310379532089,5.117743004994323,-0.43926488794853663,5.912186324099642,0.0736,0.0032,0.0736,0.9916,미결정,미결정,미결정,,False,False,False,44.66397948566141,42.97925140809999,42.97925140809999,38.431604391888996,0.8595850281619999,0.7686320878377799,미결정,,L6,V1@a1-P0|n10,region,5,7,10,,V1,1,10000,False
Russia_W|x,1.2379964313166512,-0.7915656439352258,3.3007740587621113,2.439000184942799,0.3973555259439466,4.400379621956214,-2.459896869328951,4.955348781495647,-1.1811456680107746,5.884755870600618,0.2142,0.02,0.2142,0.9692,미결정,미결정,미결정,,False,False,False,44.21724783941664,42.97925140809999,42.97925140809999,38.431604391888996,0.8595850281619999,0.7686320878377799,미결정,,L6,V1r@a1-P0|n10,region,5,7,10,,V1r,1,10000,False
Russia_E|x,4.338149895927824,1.4631369169306125,6.156757480180221,3.435900606125969,1.318792148330108,5.60830591373876,-0.19481909130718078,6.90347491941365,0.21420681651723478,6.884972019652757,0.0032,0.0016,0.0032,0.9967,열세,열세,미결정,분할 독립 가정 의존,False,False,True,34.06137704384896,29.723227147921126,29.723227147921126,12.447111736968571,0.5944645429584225,0.24894223473937144,열세,,L6,D0@a1-P0|n10,region,5,8,10,,D0,1,10000,False
Russia_E|x,3.68744737024643,1.5719223746623912,5.234662204293566,3.4377495218149337,1.836026527290298,5.078509320217281,0.26636230589689924,5.903450786635773,0.8975940431635775,5.985051220242172,0.0004,0.0001,0.0004,0.9998,열세,열세,열세,,False,False,True,33.41067451816756,29.723227147921126,29.723227147921126,12.447111736968571,0.5944645429584225,0.24894223473937144,열세,,L6,D0@a10-P0|n10,region,5,8,10,,D0,10,10000,False
Russia_E|x,1.3108137402938724,0.49998403193224594,3.535911326127395,2.440897203593642,1.1546391563820517,3.8764411840862,0.4707553264197783,4.253456122604024,0.6166403828478373,4.392126547817118,0.0036,0.0002,0.0036,0.9991,열세,열세,열세,,False,False,True,31.034040888215003,29.723227147921126,29.723227147921126,12.447111736968571,0.5944645429584225,0.24894223473937144,열세,,L6,D0@a100-P0|n10,region,5,8,10,,D0,100,10000,False
Russia_E|x,5.61738531781289,3.0434108028842846,7.517281524688907,4.141451488899368,2.103961169132279,6.2771835642188805,1.8628758375498886,7.986541594083374,1.0567802179354442,7.340898761633777,0.0001,0.0002,0.0002,1.0,열세,열세,열세,,False,False,True,35.34061246573402,29.723227147921126,29.723227147921126,12.447111736968571,0.5944645429584225,0.24894223473937144,열세,,L6,D0@acont-P0|n10,region,5,8,10,,D0,cont,10000,False
Russia_E|x,-0.6872652598382775,-1.3427108516914492,1.7757388319111622,1.0373602146495993,-0.06724663868943599,2.244846282932046,-1.6300273059829726,2.414662248556167,-0.41175857172801117,2.4882493346129473,0.8796,0.0692,0.8796,0.8147,미결정,미결정,미결정,,False,False,False,29.035961888082852,29.723227147921126,29.723227147921126,12.447111736968571,0.5944645429584225,0.24894223473937144,미결정,,L6,D1@a1-P0|n10,region,5,8,10,,D1,1,10000,False
Russia_E|x,-0.3353089895860162,-0.9172680296605443,1.3195266330081992,0.7081966119251211,-0.08456985551452542,1.46452014307813,-1.1040573763673458,1.6334237986013866,-0.38443313417046227,1.70777195171903,0.9952,0.0804,0.9952,0.7045,미결정,미결정,미결정,,False,False,False,29.38791815833511,29.723227147921126,29.723227147921126,12.447111736968571,0.5944645429584225,0.24894223473937144,미결정,,L6,P1@a1-P0|n10,region,5,8,10,,P1,1,10000,False
Russia_E|x,0.2132730541725394,-0.9457042042314032,3.126699871397607,2.486961114527844,1.133877855380546,3.7052373801882075,-1.340077395701187,3.8125560371951805,0.6891363534028623,4.044258703689307,0.427,0.0004,0.427,0.9972,미결정,미결정,미결정,,False,False,False,29.93650020209367,29.723227147921126,29.723227147921126,12.447111736968571,0.5944645429584225,0.24894223473937144,미결정,,L6,P2@a1-P0|n10,region,5,8,10,,P2,1,10000,False
Russia_E|x,-0.0002479773004761654,-0.5315756692437322,1.2993948997817666,0.6635233660068314,-0.029368103021607257,1.3371990723222669,-0.5761342389893892,1.4399866672065094,-0.12367717715434196,1.4149174524411023,0.6292,0.0624,0.6292,0.6837,미결정,미결정,미결정,,False,False,False,29.722979170620647,29.723227147921126,29.723227147921126,12.447111736968571,0.5944645429584225,0.24894223473937144,미결정,,L6,P3@a1-P0|n10,region,5,8,10,,P3,1,10000,False
Russia_E|x,0.5084041944286735,-0.5215827985078322,0.9439700862034224,0.14082831453196717,-0.4812463383388342,0.730042682167545,-1.079167775924314,1.116128901340155,-0.8566358603649068,1.0138689027542933,0.392,0.6168,0.6168,0.3789,미결정,동등,미결정,,False,True,False,30.231631342349807,29.723227147921126,29.723227147921126,12.447111736968571,0.5944645429584225,0.24894223473937144,미결정,한계 의존,L6,R0@a1-P0|n10,region,5,8,10,,R0,1,10000,False
Russia_E|x,0.4546550146491143,-0.2368194626880759,0.7448988592224792,0.16361395817654714,-0.30456638289868987,0.5818676339275092,-0.5646969074526167,0.8793077993159285,-0.536047539914988,0.8126595976844297,0.2358,0.4698,0.4698,0.2767,미결정,동등,미결정,,False,True,False,30.177882162570246,29.723227147921126,29.723227147921126,12.447111736968571,0.5944645429584225,0.24894223473937144,미결정,한계 의존,L6,R0@a10-P0|n10,region,5,8,10,,R0,10,10000,False
Russia_E|x,0.04794548981467202,-0.20118784028183745,0.4239907585983043,0.16375841489945894,-0.2057043563479713,0.5217652948911092,-0.22434361509835518,0.5053772001531351,-0.3686153802663792,0.6774791110691418,0.5882,0.3788,0.5882,0.0342,미결정,동등,미결정,,False,True,False,29.7711726377358,29.723227147921126,29.723227147921126,12.447111736968571,0.5944645429584225,0.24894223473937144,미결정,한계 의존,L6,R0@a100-P0|n10,region,5,8,10,,R0,100,10000,False
Russia_E|x,1.0333152570048107,-0.18029497194872834,1.6724786181789797,0.14053783643441395,-0.5885266692625898,0.9101439040741578,-0.6370901115712594,1.7912523745409747,-0.9547470358229083,1.2720037360712735,0.1042,0.7062,0.7062,0.736,미결정,미결정,미결정,,False,False,False,30.756542404925938,29.723227147921126,29.723227147921126,12.447111736968571,0.5944645429584225,0.24894223473937144,미결정,,L6,R0@acont-P0|n10,region,5,8,10,,R0,cont,10000,False
Russia_E|x,0.42915212293752525,-0.6507626022145334,2.065455493050275,1.1952057936346248,0.19673395188973872,2.1433366795131876,-0.9743346921772159,2.6016338485033117,-0.34106187456129267,2.4764207278975574,0.3674,0.0228,0.3674,0.9195,미결정,미결정,미결정,,False,False,False,30.152379270858653,29.723227147921126,29.723227147921126,12.447111736968571,0.5944645429584225,0.24894223473937144,미결정,,L6,R1@a1-P0|n10,region,5,8,10,,R1,1,10000,False
Russia_E|x,0.24643537802793708,-0.5829532839450389,1.8299467635769808,1.0397691004450864,0.16227510525127245,1.8646523177493044,-0.7261315482481847,2.2671962321955363,-0.20359008040350474,2.1432566344361756,0.4364,0.0204,0.4364,0.8896,미결정,미결정,미결정,,False,False,False,29.969662525949065,29.723227147921126,29.723227147921126,12.447111736968571,0.5944645429584225,0.24894223473937144,미결정,,L6,R1@a10-P0|n10,region,5,8,10,,R1,10,10000,False
Russia_E|x,-0.1308411595726465,-0.7636255439031142,1.5450183894319747,0.909207613052982,0.10166196177456631,1.685251335583297,-0.9170214603269227,1.9024002750102733,-0.18708279486486779,1.9301708177481365,0.7558,0.028,0.7558,0.8508,미결정,미결정,미결정,,False,False,False,29.592385988348486,29.723227147921126,29.723227147921126,12.447111736968571,0.5944645429584225,0.24894223473937144,미결정,,L6,R1@a100-P0|n10,region,5,8,10,,R1,100,10000,False
Russia_E|x,0.8753444600928816,-0.14851060898716628,2.0863552828360854,0.8188934710014207,0.014780563938496534,1.6534458380003594,-0.39032685109808485,2.44917241752431,-0.12511464065949307,1.8182087204201658,0.1002,0.0474,0.1002,0.7758,미결정,미결정,미결정,,False,False,False,30.598571608014016,29.723227147921126,29.723227147921126,12.447111736968571,0.5944645429584225,0.24894223473937144,미결정,,L6,R1@acont-P0|n10,region,5,8,10,,R1,cont,10000,False
Russia_E|x,-0.6215665308900651,-1.1649154972280553,0.9915384289736814,0.4776348960675074,-0.2377486650499682,1.161457455465352,-1.3790311101689368,1.3227820703978959,-0.46865968218574844,1.32649679165581,0.676,0.1904,0.676,0.4812,미결정,미결정,미결정,,False,False,False,29.101660617031065,29.723227147921126,29.723227147921126,12.447111736968571,0.5944645429584225,0.24894223473937144,미결정,,L6,R2@a1-P0|n10,region,5,8,10,,R2,1,10000,False
Russia_E|x,-0.5361567615824552,-1.18258875664647,2.1556325937954743,1.0748459911956112,-0.17920396500238223,2.493267198517575,-1.45050671600032,2.9559850934873735,-0.49879165591813773,2.778739053834082,0.98,0.0994,0.98,0.7923,미결정,미결정,미결정,,False,False,False,29.18707038633867,29.723227147921126,29.723227147921126,12.447111736968571,0.5944645429584225,0.24894223473937144,미결정,,L6,R3@a1-P0|n10,region,5,8,10,,R3,1,10000,False
Russia_E|x,10.702827003922843,6.226825552272411,12.438059045963048,5.593101486567994,2.964559010486366,8.156935262211066,3.7070296011448773,13.759090016611129,1.1065223773430823,10.278846530444039,0.0001,0.0002,0.0002,1.0,열세,열세,열세,,False,False,True,40.42605415184397,29.723227147921126,29.723227147921126,12.447111736968571,0.5944645429584225,0.24894223473937144,열세,,L6,V1@a1-P0|n10,region,5,8,10,,V1,1,10000,False
Russia_E|x,9.388563303180266,4.950689950295905,11.000315352975969,4.0868161278856965,1.5104823586558545,6.714646124336139,2.6359816258752096,12.20629163598098,-0.43280370768239057,8.78317988129092,0.0001,0.003,0.003,1.0,열세,열세,미결정,분할 독립 가정 의존,False,False,True,39.11179045110139,29.723227147921126,29.723227147921126,12.447111736968571,0.5944645429584225,0.24894223473937144,열세,,L6,V1r@a1-P0|n10,region,5,8,10,,V1r,1,10000,False
Canada|x,4.002481164560847,0.5957342174526851,5.961854505117304,3.5715619161710657,1.970168728580505,5.196725923978411,-1.3776671884404539,7.047467868738654,1.0172743404365294,6.0810498475092105,0.018,0.0002,0.018,0.9998,열세,열세,미결정,분할 독립 가정 의존,False,False,True,32.16699179183657,28.164510627275728,28.164510627275728,21.7685645470174,0.5632902125455146,0.43537129094034804,열세,,L7,V1-P0|n-1,region,5,12,-1,,,,10000,False
Canada|x,2.9388462539248836,-0.31630066102729426,4.763009489539493,2.2981007915473626,0.6835456211658628,3.9067446554844283,-2.225446317751442,5.771874139997607,-0.1847823369350897,4.789828719986415,0.0828,0.004,0.0828,0.9866,미결정,미결정,미결정,,False,False,False,31.103356881200614,28.164510627275728,28.164510627275728,21.7685645470174,0.5632902125455146,0.43537129094034804,미결정,,L7,V1r-P0|n-1,region,5,12,-1,,,,10000,False
Canada|x,-0.635690789282954,-2.6285816887270466,1.3310072317477728,0.34128803599252533,-1.2898546005477718,1.9369121602472794,-3.727917728766478,1.8194923026742804,-1.7499690736236437,2.4156263628496,0.5268,0.6866,0.6866,0.5716,미결정,미결정,미결정,,False,False,False,32.16699179183657,32.80268258111953,28.164510627275728,21.7685645470174,0.5632902125455146,0.43537129094034804,미결정,,L7,V1-P1|n-1,region,5,12,-1,,,,10000,False
Canada|x,-1.699325699918918,-3.6486553991861546,0.189144141336309,-0.9321730886311776,-2.5888591959607252,0.6842103422372884,-4.834408156658894,0.6061559247026778,-3.0641974051309813,1.2298341143711848,0.085,0.2582,0.2582,0.8803,미결정,미결정,미결정,,False,True,False,31.103356881200614,32.80268258111953,28.164510627275728,21.7685645470174,0.5632902125455146,0.43537129094034804,미결정,,L7,V1r-P1|n-1,region,5,12,-1,,,,10000,False
Canada|x,7.022049403420506,2.6182603860327167,9.833372694085705,6.804520885856968,4.876554688395367,8.745737446885265,0.14131016871161498,11.318624051071028,3.6130010120928056,9.960908130693914,0.0008,0.0001,0.0008,1.0,열세,열세,열세,,False,False,True,35.186560030696235,28.164510627275728,28.164510627275728,21.7685645470174,0.5632902125455146,0.43537129094034804,열세,,L7,V1-P0|n40,region,5,12,40,,,,10000,False
Canada|x,5.613083574692622,0.9687394362662125,8.193974292187027,4.738823563299507,2.844932921674604,6.6589667572936015,-1.3855838615999438,9.658936359696208,1.649228178929102,7.85500627327763,0.0112,0.0001,0.0112,1.0,열세,열세,미결정,분할 독립 가정 의존,False,False,True,33.777594201968355,28.164510627275728,28.164510627275728,21.7685645470174,0.5632902125455146,0.43537129094034804,열세,,L7,V1r-P0|n40,region,5,12,40,,,,10000,False
Canada|x,3.039480193349513,-0.28917074177445845,5.933474204913411,4.0408909684725085,2.1276535242193866,5.9549067418250745,-1.8300072585991924,6.834439063575634,1.2733089651836176,6.760462868730803,0.0788,0.0001,0.0788,1.0,미결정,미결정,미결정,,False,False,False,35.186560030696235,32.147079837346716,28.164510627275728,21.7685645470174,0.5632902125455146,0.43537129094034804,미결정,,L7,V1-P1|n40,region,5,12,40,,,,10000,False
Canada|x,1.6305143646216294,-1.8504162775566653,4.195387737821057,1.9751936459150479,0.04641336038199455,3.8664998549008804,-3.6598506448654624,5.073582117902336,-0.7801384596658071,4.740181579279643,0.436,0.0452,0.436,0.9327,미결정,미결정,미결정,,False,False,False,33.777594201968355,32.147079837346716,28.164510627275728,21.7685645470174,0.5632902125455146,0.43537129094034804,미결정,,L7,V1r-P1|n40,region,5,12,40,,,,10000,False
Canada|x,4.753029345423044,1.0744693928373572,6.997319823339626,4.649748165403946,2.915609702576847,6.40591634775034,-1.0525285824819164,8.220402489065469,1.87759323852091,7.387181922083299,0.0088,0.0001,0.0088,1.0,열세,열세,미결정,분할 독립 가정 의존,False,False,True,32.917539972698776,28.164510627275728,28.164510627275728,21.7685645470174,0.5632902125455146,0.43537129094034804,열세,,L7,V1-P0|n160,region,5,12,160,,,,10000,False
Canada|x,3.6557853175836903,0.007832135905497027,5.697928921866415,3.1803207894082215,1.4771174371488638,4.899962566718971,-2.0474818416902183,6.912361031638798,0.4875840308366901,5.902307168506331,0.049,0.0002,0.049,0.9991,열세,열세,미결정,분할 독립 가정 의존,False,False,True,31.820295944859417,28.164510627275728,28.164510627275728,21.7685645470174,0.5632902125455146,0.43537129094034804,열세,,L7,V1r-P0|n160,region,5,12,160,,,,10000,False
Canada|x,0.5646112281078473,-1.9189796378000674,2.900040806072259,1.7837123350465582,0.029004750835569616,3.5007270077055046,-3.0970807557606284,3.490731122549908,-0.5325888232934883,4.087329771628089,0.6864,0.0466,0.6864,0.925,미결정,미결정,미결정,,False,False,False,32.917539972698776,32.352928744590926,28.164510627275728,21.7685645470174,0.5632902125455146,0.43537129094034804,미결정,,L7,V1-P1|n160,region,5,12,160,,,,10000,False
Canada|x,-0.5326327997315061,-3.0087068004495405,1.6372234968368624,0.31428495905083337,-1.4175545343330436,2.0633306621119263,-4.327940960800273,2.1561616934252767,-2.0585566430876425,2.700414244282513,0.5804,0.7144,0.7144,0.5518,미결정,미결정,미결정,,False,False,False,31.820295944859417,32.352928744590926,28.164510627275728,21.7685645470174,0.5632902125455146,0.43537129094034804,미결정,,L7,V1r-P1|n160,region,5,12,160,,,,10000,False
Canada|x,4.1790612549481985,0.7758858069714833,6.177846044519804,3.7607313800322166,2.063842316354098,5.357310617304404,-1.3025166432648831,7.298362154492064,1.142601858512098,6.320525228295988,0.0154,0.0001,0.0154,0.9999,열세,열세,미결정,분할 독립 가정 의존,False,False,True,32.34357188222393,28.164510627275728,28.164510627275728,21.7685645470174,0.5632902125455146,0.43537129094034804,열세,,L7,V1-P0|n320,region,5,12,320,,,,10000,False
Canada|x,3.147637883508198,-0.25221667992033325,5.0016656747891,2.481868381241024,0.8859906088229033,4.080834642832842,-2.174541135678241,6.066647117222525,-0.04295656658620083,5.0112118272142325,0.0712,0.0022,0.0712,0.9935,미결정,미결정,미결정,,False,False,False,31.312148510783924,28.164510627275728,28.164510627275728,21.7685645470174,0.5632902125455146,0.43537129094034804,미결정,,L7,V1r-P0|n320,region,5,12,320,,,,10000,False
Canada|x,-0.48057871849726935,-2.5107488620098724,1.537163602364022,0.5209934885547568,-1.1282540197356068,2.1921618164001853,-3.6395745603491116,2.0415965680382056,-1.6069082233294456,2.642937666767944,0.6186,0.5362,0.6186,0.5102,미결정,미결정,미결정,,False,False,False,32.34357188222393,32.8241506007212,28.164510627275728,21.7685645470174,0.5632902125455146,0.43537129094034804,미결정,,L7,V1-P1|n320,region,5,12,320,,,,10000,False
Canada|x,-1.5120020899372697,-3.5818391186982894,0.4318836824397521,-0.7578695102364357,-2.4361020661204638,0.9002961742421934,-4.75896786907636,0.8305793682154081,-2.929598053323974,1.440772886815084,0.1422,0.3714,0.3714,0.8356,미결정,미결정,미결정,,False,True,False,31.312148510783924,32.8241506007212,28.164510627275728,21.7685645470174,0.5632902125455146,0.43537129094034804,미결정,,L7,V1r-P1|n320,region,5,12,320,,,,10000,False
CA-3|i,4.066523632716965,-0.4481878764977473,4.706141458496803,3.092036449664382,-0.1240716577788206,6.480822570607829,-2.8619744579221287,5.487573098848879,-2.6043926253912617,9.237446332942135,0.0908,0.0624,0.0908,0.9384,미결정,미결정,미결정,,False,False,False,35.125350380443074,31.05882674772611,31.05882674772611,19.559632517509417,0.6211765349545222,0.39119265035018835,미결정,,L7,V1-P0|n-1,region,5,3,-1,,,,10000,False
CA-3|i,3.6875985876927837,-0.48113900431696693,4.28650350135661,3.1520306781054757,-0.3992867549002113,6.893928411537125,-3.002062094550614,6.098387761319035,-2.7622096821946647,9.94948899984791,0.0958,0.0898,0.0958,0.9215,미결정,미결정,미결정,,False,False,False,34.74642533541889,31.05882674772611,31.05882674772611,19.559632517509417,0.6211765349545222,0.39119265035018835,미결정,,L7,V1r-P0|n-1,region,5,3,-1,,,,10000,False
CA-3|i,2.8280843869807484,-3.9006090825009943,3.9954390703782976,-0.7845982030809914,-4.625587042035424,3.0362005022004803,-7.884877862436471,4.969104902249781,-7.221251517738018,5.415371256217676,0.6296,0.7044,0.7044,0.6057,미결정,미결정,미결정,,False,False,False,35.125350380443074,32.297265993462325,31.05882674772611,19.559632517509417,0.6211765349545222,0.39119265035018835,미결정,,L7,V1-P1|n-1,region,5,3,-1,,,,10000,False
CA-3|i,2.449159341956567,-3.8741651468572855,3.6698913567628235,-0.7246039746398978,-4.789880430535611,3.259759110086848,-8.013001152297774,4.768027424874304,-7.4443932442984915,6.004468538538752,0.7088,0.7314,0.7314,0.5636,미결정,미결정,미결정,,False,False,False,34.74642533541889,32.297265993462325,31.05882674772611,19.559632517509417,0.6211765349545222,0.39119265035018835,미결정,,L7,V1r-P1|n-1,region,5,3,-1,,,,10000,False
CA-3|i,5.4742198323891875,0.5433762791150744,6.745532802700716,4.630304010386867,1.2249069783711886,8.091893240430357,-1.91590241144879,7.81722298100812,-1.1457488832720755,10.674753721208397,0.0286,0.0064,0.0286,0.9923,열세,열세,미결정,분할 독립 가정 의존,False,False,True,36.5330465801153,31.05882674772611,31.05882674772611,19.559632517509417,0.6211765349545222,0.39119265035018835,열세,,L7,V1-P0|n40,region,5,3,40,,,,10000,False
CA-3|i,4.246040600699972,-0.5939486250984786,5.220848152634697,3.5980071962385836,0.0319729910502067,7.336682096196401,-2.909705580326652,6.18381070160424,-2.426489233190336,10.268566073332947,0.095,0.0482,0.095,0.9508,미결정,미결정,미결정,,False,False,False,35.30486734842608,31.05882674772611,31.05882674772611,19.559632517509417,0.6211765349545222,0.39119265035018835,미결정,,L7,V1r-P0|n40,region,5,3,40,,,,10000,False
CA-3|i,4.872305876863604,-2.2588355784217695,6.054837896285256,1.5127732490212131,-2.433105048704358,5.238695295051155,-5.450987823751625,7.38080845877579,-4.913975896955485,7.641915335815085,0.2404,0.4444,0.4444,0.8407,미결정,미결정,미결정,,False,False,False,36.5330465801153,31.66074070325169,31.05882674772611,19.559632517509417,0.6211765349545222,0.39119265035018835,미결정,,L7,V1-P1|n40,region,5,3,40,,,,10000,False
CA-3|i,3.6441266451743877,-3.28937871017078,4.76496828462554,0.4804764348729293,-3.60744424881899,4.479058896926673,-6.8700149878750105,5.863155047111513,-6.229268969323666,6.980167463093928,0.4584,0.8034,0.8034,0.712,미결정,미결정,미결정,,False,False,False,35.30486734842608,31.66074070325169,31.05882674772611,19.559632517509417,0.6211765349545222,0.39119265035018835,미결정,,L7,V1r-P1|n40,region,5,3,40,,,,10000,False
CA-3|i,4.291282099297852,-1.6817001170756611,5.189350283864567,3.423720082831071,-1.1991531687907828,8.165187533816754,-2.3714706525282243,8.713285544688265,-2.7001445207328243,9.748575680035094,0.1836,0.1576,0.1836,0.8851,미결정,미결정,미결정,,False,False,False,32.11423024377551,27.822948144477653,31.05882674772611,19.559632517509417,0.6211765349545222,0.39119265035018835,미결정,,L7,V1-P0|n160,region,3,3,160,,,,10000,False
CA-3|i,3.9564401823861792,-1.5440884382136533,4.712014688557013,3.3466697517803574,-1.6487322459013458,8.630530142888507,-2.243592690441932,10.110034131821193,-3.001628715941589,10.75651344369243,0.195,0.2186,0.2186,0.8593,미결정,미결정,미결정,,False,False,False,31.779388326863835,27.822948144477653,31.05882674772611,19.559632517509417,0.6211765349545222,0.39119265035018835,미결정,,L7,V1r-P0|n160,region,3,3,160,,,,10000,False
CA-3|i,0.9385059025193753,-7.37236049383704,2.408165863475466,-1.8946538624258835,-7.464784810028331,3.2103166809438513,-8.273508486094086,4.086398206441954,-8.962768261467717,4.53337925494556,0.9042,0.5044,0.9042,0.6798,미결정,미결정,미결정,,False,False,False,32.11423024377551,31.17572434125613,31.05882674772611,19.559632517509417,0.6211765349545222,0.39119265035018835,미결정,,L7,V1-P1|n160,region,3,3,160,,,,10000,False
CA-3|i,0.6036639856077018,-7.220765545523791,2.2435216616328386,-1.9717041934765973,-7.905255710054515,3.679524190253406,-8.575773364059714,4.847052758323905,-9.439300665329062,5.253433930716876,0.9374,0.5086,0.9374,0.6862,미결정,미결정,미결정,,False,False,False,31.779388326863835,31.17572434125613,31.05882674772611,19.559632517509417,0.6211765349545222,0.39119265035018835,미결정,,L7,V1r-P1|n160,region,3,3,160,,,,10000,False
