target,delta,ci_lo,ci_hi,delta_blockeq,ci_lo_beq,ci_hi_beq,p_boot,p_eq,rmse_A,rmse_B,ci_lo_c,ci_hi_c,ci_lo_beq_c,ci_hi_beq_c,verdict4,verdict4_d10,verdict4_common,mode,n,stratum,contrast,n_splits
AL-1|i,0.3851958361440486,-0.2194127695107985,1.2130412919166331,0.6564156781851498,0.02909870741437655,1.2845997115104215,0.23452380952380952,0.678125,18.95908815411105,18.573892317967,-0.6230710296506431,1.268789969673462,-0.36322418235843146,1.6428519967543125,미결정,미결정,미결정,i,-1,near,R1-P1,4
AL-1|i,-3.628464222905018,-4.363377006238073,3.8071229412903627,3.5170863369703365,-0.13797561974330802,7.053050375246655,0.555952380952381,0.940029761904762,18.573892317967,22.202356540872017,-4.520342133666905,8.402626586288452,-0.8130213370659374,11.075050139824542,미결정,미결정,미결정,i,-1,near,P1-P0,4
AL-1|i,1.4583221401664819,-1.0154120426033781,7.023026271667556,5.092598834043242,1.8038642948464827,8.444383995439983,0.27589285714285716,0.9994047619047619,23.660678681038497,22.202356540872017,-4.212548766206645,8.534811964163135,-0.10818812679219723,12.041316102931834,미결정,미결정,미결정,i,-1,near,D0-P0,4
AL-1|i,-3.2432683867609695,-4.235733267557337,4.904838407556143,4.173502015155487,0.13185263298663621,8.147895439392842,0.5985119047619047,0.9590773809523809,18.95908815411105,22.202356540872017,-4.8177742609429615,8.507651200722478,-0.5892981524359002,12.566326300659705,미결정,미결정,미결정,i,-1,near,R1-P0,4
AL-1|i,-0.9035796633633262,-1.3510826103568359,0.7035952758722689,0.2428073675572726,-0.6979842451800146,1.192671221938041,0.45982142857142855,0.6971726190476191,21.298776877508693,22.202356540872017,-1.4836340124297172,0.990158492650052,-0.8995348678766971,1.7206554065086292,미결정,미결정,미결정,i,-1,near,R0-P0,4
AL-1|i,0.824381846628512,0.8232916294507113,1.0770478113268476,0.9501697203887796,0.8232916294507096,1.0770478113268476,0.0003365870077415012,1.0,15.232299597261251,14.407917750632741,-0.4437713533866319,2.0903546122880545,-0.4437713533866319,2.0903546122880545,열세,열세,미결정,i,-1,mid,R1-P1,4
AL-1|i,-1.115942217178612,-1.2185649497869313,-1.1073092775862805,-1.1694933151900906,-1.2185649497869313,-1.1204216805932492,0.0003365870077415012,1.0,14.407917750632741,15.523859967811353,-6.01241449085261,3.7715711296661096,-6.143272183110852,3.7715711296661096,우세,우세,미결정,i,-1,mid,P1-P0,4
AL-1|i,5.610365022633486,5.222680326028641,5.614330311458901,5.4154866665854255,5.222680326028641,5.608293007142209,0.0003365870077415012,1.0,21.134224990444835,15.523859967811353,-5.095391116688844,16.31197713097326,-5.609541358173603,16.31197713097326,열세,열세,미결정,i,-1,mid,D0-P0,4
AL-1|i,-0.2915603705501,-0.29713005114253965,-0.14151713846008374,-0.21932359480131103,-0.29713005114253965,-0.14151713846008374,0.0003365870077415012,0.0003365870077415012,15.232299597261251,15.523859967811353,-6.456185844239242,5.861925741954164,-6.456185844239242,5.861925741954164,우세,우세,미결정,i,-1,mid,R1-P0,4
AL-1|i,-0.6456220091450056,-0.9210607969524685,-0.6453496144489095,-0.7832052057006895,-0.9210607969524687,-0.6453496144489095,0.0003365870077415012,1.0,14.878237958666347,15.523859967811353,-1.75613246888983,-0.5547012504389857,-1.75613246888983,-0.5547012504389857,우세,우세,우세,i,-1,mid,R0-P0,4
AL-1|i,0.6416297207053447,0.44135937313445994,0.9532192232538182,0.7109204424260245,0.4060406742771011,1.01105202285005,0.00014936519790888724,0.9105302464525765,14.27753721429111,13.635907493585766,-0.5746776801377835,0.9310806796986975,-0.22722971432856373,1.0396292680870376,열세,열세,미결정,i,-1,far,R1-P1,4
AL-1|i,-3.132367056844605,-4.201040166279584,0.3374118576409043,-0.6560536984369656,-2.3965744979215717,1.2155231235709052,0.06183719193427931,0.8976848394324123,13.635907493585766,16.76827455043037,-4.99084161493715,-0.14220562351571617,-1.72679917858232,2.5299648872654297,미결정,미결정,미결정,i,-1,far,P1-P0,4
AL-1|i,3.824175317494091,-0.12183454459998436,6.014302466610567,3.8832046040123176,1.3502292190262448,6.481046921821239,0.1075429424943988,0.9989544436146378,20.59244986792446,16.76827455043037,-4.814112254768397,5.953263439614251,-2.5379534638284893,6.498934942344533,미결정,미결정,미결정,i,-1,far,D0-P0,4
AL-1|i,-2.49073733613926,-3.731288942089362,1.1298223034796748,0.054866743989058886,-1.7749103391335235,2.046063819905511,0.22285287528005976,0.8507841672890216,14.27753721429111,16.76827455043037,-5.393289078233839,0.6949932993094007,-1.177954753776625,2.6609450447634386,미결정,미결정,미결정,i,-1,far,R1-P0,4
AL-1|i,-1.499905367240482,-1.868751945807892,-0.9787268539355186,-1.3301352954361825,-1.6829383809980394,-0.9737268832669486,0.00014936519790888724,1.0,15.268369183189888,16.76827455043037,-1.7968159321220025,-0.5843472018140746,-1.631795305041243,-0.10448929862130196,우세,우세,우세,i,-1,far,R0-P0,4
AL-1|i,-0.5960160591306156,-0.7009002726192021,1.7023759761650679,1.1742166318467908,0.014036447625836281,2.3349161795840963,0.817408704352176,0.8383191595797899,17.464361597512664,18.06037765664328,-0.7114767877062445,2.098301567457975,-0.5271736880939091,2.5965536963371827,미결정,미결정,미결정,i,10,near,R1-P1,4
AL-1|i,-2.7265984202674907,-3.18624607017035,2.578498245890109,1.9722784075967175,-0.1471553241627329,4.063416040795305,0.48924462231115556,0.9021510755377689,18.06037765664328,20.78697607691077,-3.195970218221361,3.0551528789611173,-0.970495268312709,4.4227074270916376,미결정,미결정,미결정,i,10,near,P1-P0,4
AL-1|i,2.354317119223292,-1.1829001048161758,12.426866155521402,10.195508304553101,5.486255104705351,14.980335216002853,0.16008004002001,1.0,23.14129319613406,20.78697607691077,-3.8861625401125175,12.888521281402014,2.492343102373445,15.798906364185571,미결정,미결정,미결정,i,10,near,D0-P0,4
AL-1|i,-3.3226144793981063,-3.8819607957274553,4.2404140878691,3.1464950394435083,0.026005177116219354,6.2273783856798985,0.6839419709854927,0.9437718859429715,17.464361597512664,20.78697607691077,-3.8952628524484676,4.885213170390693,-1.0611819174966828,6.7003501249461195,미결정,미결정,미결정,i,10,near,R1-P0,4
AL-1|i,-1.3440117455849472,-1.4240012693649715,1.3606251672747607,0.8366521124965391,-0.5297059172064542,2.2244622101435487,0.5344672336168084,0.6824412206103051,19.442964331325822,20.78697607691077,-1.3669975119071225,1.8503019304639758,-1.085840155590751,2.489521309914714,미결정,미결정,미결정,i,10,near,R0-P0,4
AL-1|i,0.5153026732976649,0.4018808954958717,0.5161435933969094,0.45837210124576266,0.4018808954958708,0.5148633069956534,0.0003365870077415012,0.722652305621003,14.194242358103416,13.678939684805751,-1.0573927668892056,1.8178604781200614,-1.0573927668892056,1.8178604781200614,열세,열세,미결정,i,10,mid,R1-P1,4
AL-1|i,-1.3626179419755786,-1.577708158266095,-1.3591511535578622,-1.4710671238500286,-1.577708158266095,-1.3644260894339624,0.0003365870077415012,1.0,13.678939684805751,15.04155762678133,-3.208035285215588,0.34252685185396725,-3.3557551224980697,0.34252685185396725,우세,우세,미결정,i,10,mid,P1-P0,4
AL-1|i,8.555488594260108,8.477673976566955,8.561725861748098,8.514962158332576,8.477673976566955,8.552250340098194,0.0003365870077415012,1.0,23.59704622104144,15.04155762678133,-3.9888553284888313,21.09335600868522,-4.088290479863815,21.09335600868522,열세,열세,미결정,i,10,mid,D0-P0,4
AL-1|i,-0.8473152686779137,-1.1758272627702233,-0.8430075601609528,-1.012695022604266,-1.1758272627702242,-0.8495627824383098,0.0003365870077415012,1.0,14.194242358103416,15.04155762678133,-4.265428052104793,2.1603873299740286,-4.294532201959868,2.1603873299740286,우세,우세,미결정,i,10,mid,R1-P0,4
AL-1|i,-0.6608503548010951,-0.9356881855805428,-0.660574984600685,-0.7981315850906139,-0.9356881855805428,-0.660574984600685,0.0003365870077415012,1.0,14.380707271980235,15.04155762678133,-1.7510389355358278,-0.44685558820420646,-1.7510389355358278,-0.44685558820420646,우세,우세,우세,i,10,mid,R0-P0,4
AL-1|i,-0.800224699049759,-0.9038252679105848,-0.31601396195258324,-0.6404633754624167,-0.980059775407708,-0.307275710602116,0.00022241992882562276,0.7964857651245552,15.1833175257436,15.98354222479336,-1.7327288408638815,-0.2080025819892688,-1.4578826186148557,-0.2641301530280562,우세,우세,우세,i,10,far,R1-P1,4
AL-1|i,-2.4940650875522743,-2.688998401496524,-1.5674206798350205,-2.0608672651634277,-2.7508030085813737,-1.3143153760902926,0.00022241992882562276,1.0,15.98354222479336,18.477607312345636,-3.385714770607322,-1.072683768145061,-3.5769268856074774,-0.7682996302913423,우세,우세,우세,i,10,far,P1-P0,4
AL-1|i,5.289861689715648,4.823846184492445,7.4201818007658185,6.422028617190965,5.321342945022889,7.482929076247087,0.00022241992882562276,1.0,23.767469002061283,18.477607312345636,-5.317028336905764,7.599839826371075,-4.0464849025598895,8.954078169731511,열세,열세,미결정,i,10,far,D0-P0,4
AL-1|i,-3.2942897866020333,-3.591473852211676,-1.8814237571943269,-2.7013306406258444,-3.6648535773725444,-1.619279243113184,0.00022241992882562276,1.0,15.1833175257436,18.477607312345636,-5.234378212538672,-1.277468106126653,-5.09862345488865,-1.078544536388152,우세,우세,우세,i,10,far,R1-P0,4
AL-1|i,-1.9113081917193004,-2.0498858391892973,-1.2776301739916431,-1.771680898024351,-2.0997306442607275,-1.4482518253018775,0.00022241992882562276,1.0,16.566299120626333,18.477607312345636,-2.4951444496915234,-0.08647957049639476,-2.6611330819871752,-0.3373790987291385,우세,우세,우세,i,10,far,R0-P0,4
AL-1|i,0.06512053617432567,-0.22880251613280397,1.679347685271761,0.9374284215020743,0.21085027984901025,1.9907381647141074,0.30575287643821913,0.864232116058029,17.83075751780001,17.765636981625683,-0.29785267618822936,1.7364674815594485,-0.13347855577463677,2.1689234545270475,미결정,미결정,미결정,i,40,near,R1-P1,4
AL-1|i,-3.5991808297195633,-4.199289577601283,5.063656434727569,3.134754423055568,0.4710508836726109,7.22836523991863,0.560280140070035,0.9735867933966984,17.765636981625683,21.364817811345247,-4.277794192352904,6.9271176951667295,-0.7607150283803449,7.990279817658775,미결정,미결정,미결정,i,40,near,P1-P0,4
AL-1|i,2.2125094207730114,-1.1503742921503337,11.612058950151203,8.024329527297844,4.390498109835303,13.708524928721626,0.16048024012006004,1.0,23.577327232118257,21.364817811345247,-3.708572059556929,11.715853085161598,1.97802181609173,14.433303518506348,미결정,미결정,미결정,i,40,near,D0-P0,4
AL-1|i,-3.5340602935452377,-4.256386765331349,6.648708146711002,4.072182844557642,0.900335477221077,9.051413434063342,0.7507753876938469,0.9882941470735368,17.83075751780001,21.364817811345247,-4.418541762247417,7.38635961764848,-0.44065726059365184,9.730012688342619,미결정,미결정,미결정,i,40,near,R1-P0,4
AL-1|i,-1.2253096952365228,-1.4568800751775928,1.231886307685885,0.34331282649266726,-0.6826069893298199,1.8620935103236038,0.5240620310155077,0.6785392696348174,20.139508116108722,21.364817811345247,-1.3521281926328679,1.5643614636676006,-1.0377356803918758,2.073957580976154,미결정,미결정,미결정,i,40,near,R0-P0,4
AL-1|i,0.9918017511440067,0.9911677436147097,1.0532576441476529,1.022212693881182,0.9911677436147097,1.0532576441476533,0.0003365870077415012,1.0,14.748989104690645,13.75718735354664,-0.48655014230919935,2.468885629538619,-0.48655014230919935,2.468885629538619,열세,열세,미결정,i,40,mid,R1-P1,4
AL-1|i,-1.4233600921331804,-1.6617659005510022,-1.417411505773757,-1.5441100782277002,-1.6617659005510026,-1.4264542559043982,0.0003365870077415012,1.0,13.75718735354664,15.180547445679819,-5.181808977877706,2.3289004660689097,-5.495557837406513,2.3289004660689097,우세,우세,미결정,i,40,mid,P1-P0,4
AL-1|i,8.254297341645675,8.249940234315414,8.481954423352935,8.365947328834174,8.249940234315417,8.481954423352935,0.0003365870077415012,1.0,23.434844787325492,15.180547445679819,-4.26629460651958,20.766175075150414,-4.26629460651958,20.766175075150414,열세,열세,미결정,i,40,mid,D0-P0,4
AL-1|i,-0.43155834098917367,-0.6085082564033493,-0.42438119940644636,-0.5218973843465182,-0.6085082564033493,-0.4352865122896885,0.0003365870077415012,0.6149444631437226,14.748989104690645,15.180547445679819,-5.6683591201869055,4.7977860956075284,-5.899321445671787,4.7977860956075284,우세,우세,미결정,i,40,mid,R1-P0,4
AL-1|i,-0.5904953651441842,-0.8929377935881551,-0.5901196864625906,-0.7415287400253725,-0.8929377935881546,-0.5901196864625906,0.0003365870077415012,1.0,14.590052080535635,15.180547445679819,-1.8457402515498282,-0.48133334736334143,-1.8457402515498282,-0.48133334736334143,우세,우세,우세,i,40,mid,R0-P0,4
AL-1|i,0.06698906089699186,-0.007828501750312966,1.4368201067748434,0.340076081606554,-0.027169637480667044,1.537447032686955,0.13097776424002436,0.35470606152908923,14.73808196107328,14.67109290017629,-0.8450350075240471,1.339944365940729,-0.6948297421570987,1.4593525241942709,미결정,미결정,미결정,i,40,far,R1-P1,4
AL-1|i,-3.1485333555764408,-3.547130519917889,1.8172437219759754,-1.463920841996955,-2.7318282356040093,2.2706961454966104,0.2857142857142857,0.7596710325921413,14.67109290017629,17.81962625575273,-4.099530499756418,2.923923480894757,-2.4153030252918204,2.9601777318005995,미결정,미결정,미결정,i,40,far,P1-P0,4
AL-1|i,5.099328612432869,4.6548854030402955,11.377312024712749,7.172495675005969,6.056429066272437,11.938952211035694,0.00015229972586049346,1.0,22.9189548681856,17.81962625575273,-4.802258915331709,9.667937344556163,-1.884644287927655,10.152617369375212,열세,열세,미결정,i,40,far,D0-P0,4
AL-1|i,-3.081544294679449,-3.549014968793116,3.2099221674923486,-1.123844760390401,-2.636073099645395,3.731588168688856,0.5434054218702407,0.7190070057873896,14.73808196107328,17.81962625575273,-4.879903825531131,4.125926419474484,-2.440116140717529,4.333425741484948,미결정,미결정,미결정,i,40,far,R1-P0,4
AL-1|i,-1.8586539215955042,-1.9729398244920509,0.6770743949844662,-1.4389393276424662,-1.863666845170042,0.6541173257005383,0.5053304904051172,0.7456594578129759,15.960972334157228,17.81962625575273,-1.9731162660961579,1.7792044683756143,-1.8646939469983632,1.690465304670135,미결정,미결정,미결정,i,40,far,R0-P0,4
AL-1|i,0.3214365944385822,-0.16263568755483912,1.492147059541419,0.7979351099678036,0.14487026239578946,1.622955707594295,0.19732142857142856,0.7827380952380952,18.909071754298203,18.587635159859623,-0.43293532502538495,1.7722089068780387,-0.12416130458136083,2.196387283107222,미결정,미결정,미결정,i,160,near,R1-P1,4
AL-1|i,-3.6610260352847304,-4.403137809181936,3.65076182937028,2.682838505226952,-0.49343595547118607,6.5648346483378885,0.5464285714285714,0.9053571428571429,18.587635159859623,22.24866119514435,-4.451800000359884,7.803997426254988,-1.1586565189141171,10.295288895994501,미결정,미결정,미결정,i,160,near,P1-P0,4
AL-1|i,1.5124125020073156,-1.168433047390135,9.19658537265041,5.784846652811577,2.26705534458833,10.266870625864474,0.23809523809523808,0.999702380952381,23.761073697151666,22.24866119514435,-3.704174277646011,10.49262092634876,0.7895740982975473,14.124578072390998,미결정,미결정,미결정,i,160,near,D0-P0,4
AL-1|i,-3.339589440846148,-4.290949007022835,5.086538520549221,3.4807736151947557,-0.1283680447446193,8.003217668035736,0.5785714285714286,0.9392857142857143,18.909071754298203,22.24866119514435,-4.683361276290654,8.723724340334146,-0.7979102478785004,12.297542652568817,미결정,미결정,미결정,i,160,near,R1-P0,4
AL-1|i,-1.2416364083985925,-1.6205789791754366,0.8745950161803028,0.010266865506516343,-0.9270983920895048,1.2756655231992002,0.48095238095238096,0.731845238095238,21.00702478674576,22.24866119514435,-1.588244728301275,1.2423024768174615,-1.0974114872802117,1.9255557331489528,미결정,미결정,미결정,i,160,near,R0-P0,4
AL-1|i,1.0613023302991507,1.0601475449456053,1.3095948793134562,1.184871212129532,1.0601475449456053,1.3095948793134564,0.0003365870077415012,1.0,15.553587045838379,14.492284715539228,-0.5449289975250089,2.6652240874162194,-0.5449289975250089,2.6652240874162194,열세,열세,미결정,i,160,mid,R1-P1,4
AL-1|i,-0.8234193387841815,-0.9500479793771164,-0.8154677140769593,-0.8887974437324502,-0.9500479793771164,-0.8275469080877835,0.0003365870077415012,1.0,14.492284715539228,15.315704054323408,-5.690942235693902,4.0358484195183335,-5.854276997413012,4.0358484195183335,우세,우세,미결정,i,160,mid,P1-P0,4
AL-1|i,7.406895785233768,7.403515528818145,7.436706234591419,7.420110881704784,7.403515528818145,7.436706234591419,0.0003365870077415012,1.0,22.722599839557176,15.315704054323408,-3.453758931547587,18.260789989183877,-3.453758931547587,18.260789989183877,열세,열세,미결정,i,160,mid,D0-P0,4
AL-1|i,0.23788299151496917,0.23260063685782084,0.3595468999363398,0.29607376839708177,0.23260063685782084,0.3595468999363398,0.0003365870077415012,0.0003365870077415012,15.553587045838379,15.315704054323408,-6.235871233218911,6.701072506934553,-6.235871233218911,6.701072506934553,열세,열세,미결정,i,160,mid,R1-P0,4
AL-1|i,-0.7825276437559858,-1.0465717919929216,-0.7825276437559858,-0.9145517370856013,-1.0465717919929216,-0.7825316821782828,0.0003365870077415012,1.0,14.533176410567423,15.315704054323408,-1.941629112660923,-0.47198966728938085,-1.941629112660923,-0.47198966728938085,우세,우세,우세,i,160,mid,R0-P0,4
AL-1|i,0.6635685375542604,0.5805311969107005,1.7569535087172645,1.0359084206208138,0.7295757044486457,1.9231878195243033,0.00011097547442015315,1.0,14.4277715151712,13.764202977616938,-0.20865124905104407,1.780633117851477,0.19354842458697247,1.8996230635150215,열세,열세,미결정,i,160,far,R1-P1,4
AL-1|i,-3.1021467600800663,-4.290153326036744,3.7297412504077547,-0.19082930878137017,-2.137262676547289,4.712738043376646,0.5364554433470203,0.6819442903118411,13.764202977616938,16.866349737697004,-4.669955568124154,3.895848758405651,-1.716043274923262,6.367039227528569,미결정,미결정,미결정,i,160,far,P1-P0,4
AL-1|i,4.513653983887718,-0.14469213493415517,9.190864711618921,6.05980191361471,1.6988904913278424,10.045428015209673,0.08678282099655976,0.9997780490511597,21.380003721584725,16.866349737697004,-4.619543676711435,7.588316591311138,-2.467848986194937,9.540043394194823,미결정,미결정,미결정,i,160,far,D0-P0,4
AL-1|i,-2.438578222525806,-3.5692372838200357,5.219120956098433,0.8450791118394436,-1.2006033944602248,6.490153195914645,0.6824991676839418,0.6353345910553767,14.4277715151712,16.866349737697004,-4.733915915515004,5.262711267116224,-0.9242378841326764,8.016039457795456,미결정,미결정,미결정,i,160,far,R1-P0,4
AL-1|i,-1.8671973683168614,-2.244135146623701,0.47253386244329465,-1.3292238312686306,-1.874646922354303,0.596580445327371,0.2925313505715237,0.7429808012429253,14.999152369380143,16.866349737697004,-2.045715116386027,1.1067252396723457,-1.8384775477120718,1.5780469028214188,미결정,미결정,미결정,i,160,far,R0-P0,4
AL-1|x,0.4375161041742812,0.02275524936545814,0.5747844516747682,0.4598481981499942,0.09207501128717481,0.8410920489567554,0.02049736247174077,0.4186887716654107,19.007920751427314,18.57040464725303,-0.32029951405425894,0.8834233793718335,-0.08773144519116802,1.1733096781441161,열세,열세,미결정,x,-1,near,R1-P1,4
AL-1|x,-4.142648373645222,-4.892584915278213,3.9297468484094087,3.557107263903082,-0.2179918849539191,7.339746019168936,0.5235870384325546,0.935644310474755,18.57040464725303,22.71305302089825,-5.093317999121298,8.821595968060034,-1.1567552427945342,11.764034776632606,미결정,미결정,미결정,x,-1,near,P1-P0,4
AL-1|x,-0.018806524844455996,-2.3024579480477345,4.927135073032713,4.198016736858293,1.1613127227794209,7.127560485696541,0.5971363978899774,0.9948756593820648,22.694246496053797,22.71305302089825,-4.831014731194638,7.316384318040844,0.043367959193943,11.080513635100461,미결정,미결정,미결정,x,-1,near,D0-P0,4
AL-1|x,-3.7051322694709405,-4.857185343365531,4.4455653666829225,4.016955462053076,0.21845075131308625,7.817108853668297,0.5510173323285606,0.962471740768651,19.007920751427314,22.71305302089825,-5.399924866746351,9.154478330670196,-0.7376088606895723,12.512089857997937,미결정,미결정,미결정,x,-1,near,R1-P0,4
AL-1|x,-1.806036724210276,-1.9627066901945776,0.4797640416644524,-0.08889690225353464,-1.2746482565203543,1.0956555523999822,0.20376789751318763,0.7489073097211756,20.907016296687978,22.71305302089825,-1.8317659584460817,1.0866676143651208,-1.4329399977636117,1.9158259626852556,미결정,미결정,미결정,x,-1,near,R0-P0,4
AL-1|x,0.710403434386188,0.709234470171004,0.9281296600825351,0.8186820651267694,0.709234470171004,0.9281296600825351,0.00033886818027787193,1.0,15.11167786300872,14.401274428622532,-0.628676803404915,2.047145743746923,-0.628676803404915,2.047145743746923,열세,열세,미결정,x,-1,mid,R1-P1,4
AL-1|x,-1.5957073561889663,-1.7521620487511937,-1.5865604457802296,-1.6763097488151613,-1.7521620487511935,-1.600457448879129,0.00033886818027787193,1.0,14.401274428622532,15.9969817848115,-6.6895581006403635,3.4886432028821055,-6.891830900469783,3.4886432028821055,우세,우세,미결정,x,-1,mid,P1-P0,4
AL-1|x,3.5198537108841164,3.2340643816257475,3.527606745166165,3.3749429187988094,3.234064381625747,3.5158214559718717,0.00033886818027787193,1.0,19.516835495695616,15.9969817848115,-6.5030034054155355,13.534646317359279,-6.878679504543703,13.534646317359279,열세,열세,미결정,x,-1,mid,D0-P0,4
AL-1|x,-0.8853039218027785,-0.8912229787081252,-0.8240323886686589,-0.857627683688392,-0.8912229787081252,-0.8240323886686585,0.00033886818027787193,1.0,15.11167786300872,15.9969817848115,-7.318234904045279,5.535788946629029,-7.318234904045279,5.535788946629029,우세,우세,미결정,x,-1,mid,R1-P0,4
AL-1|x,-1.3836646448588104,-1.3848715041297481,-1.3794929628634338,-1.3821822334965912,-1.3848715041297481,-1.3794929628634338,0.00033886818027787193,1.0,14.613317139952688,15.9969817848115,-1.8591078631729072,-0.910635145086589,-1.8591078631729072,-0.910635145086589,우세,우세,우세,x,-1,mid,R0-P0,4
AL-1|x,0.8842564332312044,0.4487035274570952,1.918946723358131,1.0634339249525968,0.6237980185384083,1.5043407068413917,0.00014695077149155033,0.9963262307127112,14.515961106218278,13.631704672987071,-0.493939354208786,2.0061192271498927,0.32629010592028734,1.6128351051093968,열세,열세,미결정,x,-1,far,R1-P1,4
AL-1|x,-3.6566968767870667,-4.831354364780021,0.04699655404294686,-1.0153719860378734,-2.8546760850943076,0.8563412545349575,0.050551065393093314,0.9454812637766348,13.631704672987071,17.28840154977414,-5.6883492134432325,-0.5190711837976716,-2.1901974725414224,2.368307604479649,미결정,미결정,미결정,x,-1,far,P1-P0,4
AL-1|x,3.9106560265183345,-0.855616500653331,11.582123278084863,3.9286807504845065,0.7766878171168407,7.1007882346196585,0.11638501102130787,0.9853049228508449,21.199057576292475,17.28840154977414,-5.115758305307061,11.794360600863467,-2.6363174437034798,8.077325074741863,미결정,미결정,미결정,x,-1,far,D0-P0,4
AL-1|x,-2.7724404435558623,-4.351930356917106,1.4279858792744493,0.048061938914723434,-1.9291074309362477,2.0170010608669053,0.25628214548126377,0.8182218956649523,14.515961106218278,17.28840154977414,-5.6427307287701725,1.317136579746902,-1.2159586552707842,3.1302034095046,미결정,미결정,미결정,x,-1,far,R1-P0,4
AL-1|x,-2.0556110636857823,-2.552525921053546,-1.3822141629667382,-1.7770444496886233,-2.239445872751716,-1.3515986489590124,0.00014695077149155033,1.0,15.232790486088359,17.28840154977414,-2.4481493573506268,-1.135845872494273,-2.055804054011292,-0.45944856216605723,우세,우세,우세,x,-1,far,R0-P0,4
AL-1|x,-0.501081680472208,-0.5395567888709726,1.8223723198238981,1.36223599335665,0.5817070155860842,2.4579594330646453,0.7040224134480688,0.9863918351010607,17.864604146493946,18.365685826966153,-0.5391449332535084,2.2760897541275584,0.21473909014922607,2.6905793551142194,미결정,미결정,미결정,x,10,near,R1-P1,4
AL-1|x,-3.227120993540297,-3.7841571118427666,2.7804358816231236,1.520451538185402,-0.5271585670815313,4.4266140396674185,0.45387232339403644,0.8371022613568141,18.365685826966153,21.59280682050645,-3.7716040909591215,3.353599683485831,-1.4779627769925605,4.89975498752151,미결정,미결정,미결정,x,10,near,P1-P0,4
AL-1|x,3.3460400505956667,-0.030417343720896807,11.9269846878601,10.071230377945955,6.862612723250047,14.54124625075642,0.05183109865919552,1.0,24.93884687110212,21.59280682050645,-3.5157158243928253,12.793513750995709,4.101533273423064,15.555622854246007,미결정,미결정,미결정,x,10,near,D0-P0,4
AL-1|x,-3.728202674012505,-4.328896727719544,4.626823155204319,2.882687531542052,0.16059757514282066,6.769625083108575,0.7014208525115069,0.9561737042225336,17.864604146493946,21.59280682050645,-4.255185552032913,5.457201746609324,-1.1400801484209737,7.391899082398022,미결정,미결정,미결정,x,10,near,R1-P0,4
AL-1|x,-2.0347326043233362,-2.0606109049065306,1.3382389183657333,0.5056852198957449,-0.7618826727963495,2.2927051708118653,0.3147888733239944,0.6823093856313788,19.558074216183115,21.59280682050645,-2.0565584747878143,1.7963430029851821,-1.2590318066578559,2.558874681268987,미결정,미결정,미결정,x,10,near,R0-P0,4
AL-1|x,0.5701267029490154,0.5691039011295784,0.572100812534931,0.57002772990453,0.5691039011295784,0.5709515586794827,0.00033886818027787193,1.0,14.401861480477331,13.831734777528316,-1.1605521856727212,2.298759987931878,-1.1605521856727212,2.298759987931878,열세,열세,미결정,x,10,mid,R1-P1,4
AL-1|x,-1.7752639642620904,-2.0030950619788737,-1.7720889135158115,-1.8900089604864982,-2.0030950619788737,-1.7769228589941237,0.00033886818027787193,1.0,13.831734777528316,15.606998741790406,-3.6874904799772414,0.133644761988994,-3.9890534172902434,0.133644761988994,우세,우세,미결정,x,10,mid,P1-P0,4
AL-1|x,8.621182960794297,8.498414573630262,8.629961665861718,8.557519546797042,8.498414573630262,8.616624519963834,0.00033886818027787193,1.0,24.228181702584703,15.606998741790406,-5.523966701412059,22.757215741339728,-5.681579963190156,22.757215741339728,열세,열세,미결정,x,10,mid,D0-P0,4
AL-1|x,-1.205137261313075,-1.432143503299391,-1.1999881009808806,-1.3199812305819683,-1.432143503299391,-1.2078189578645453,0.00033886818027787193,1.0,14.401861480477331,15.606998741790406,-4.848042665649963,2.432404749920872,-5.147142059563091,2.432404749920872,우세,우세,미결정,x,10,mid,R1-P0,4
AL-1|x,-1.1948031059944622,-1.2632217255922638,-1.1928642040615502,-1.229518131593356,-1.2632217255922638,-1.1958145375944487,0.00033886818027787193,1.0,14.412195635795944,15.606998741790406,-1.6814606201210562,-0.7101684550678411,-1.7713368707848094,-0.7101684550678411,우세,우세,우세,x,10,mid,R0-P0,4
AL-1|x,-0.3170599776202172,-0.6569766062415161,1.2967846947005506,-0.021691509068636483,-0.5470952812473003,1.1987694399790934,0.9290576312206927,0.25714717894418393,15.37059457872298,15.687654556343194,-0.886752588247182,1.5852695025506076,-0.651732802968338,1.3201549863194466,미결정,미결정,미결정,x,10,far,R1-P1,4
AL-1|x,-2.9633557764864156,-3.169493462148255,0.8402659621399485,-1.9590193009225891,-2.6510621006135295,1.2309325242045457,0.25442444410830434,0.7319618817122977,15.687654556343194,18.65101033282961,-3.1733424363305462,2.1434224866549374,-2.4892809652761936,2.534425212005128,미결정,미결정,미결정,x,10,far,P1-P0,4
AL-1|x,7.470702285759773,5.622704377658768,14.920606875493956,10.281869018243048,7.483510444549485,14.850197819338929,0.00015126304643775526,1.0,26.121712618589385,18.65101033282961,-3.0459691531423108,14.492990691117814,0.29669977604436143,14.634674159957742,열세,열세,미결정,x,10,far,D0-P0,4
AL-1|x,-3.2804157541066328,-3.6703649095465045,2.27788383536193,-1.9807108099912256,-3.166833644614622,2.465522729907619,0.5212524580245046,0.6883981243382242,15.37059457872298,18.65101033282961,-3.942914155985272,3.8988251137748864,-3.031554925720496,3.9953152222927955,미결정,미결정,미결정,x,10,far,R1-P0,4
AL-1|x,-2.3736102178440026,-3.048982890223881,-0.38453385644241717,-2.2992967439571377,-2.805691731241171,-0.24289216865905816,0.039025865980940856,0.9096959612766601,16.277400114985607,18.65101033282961,-3.0237200281837833,0.5821105101921047,-2.6958874025580526,0.7589578436232868,우세,우세,미결정,x,10,far,R0-P0,4
AL-1|x,0.39939244038098654,0.2262735924540337,1.3083928287910873,1.1167523914232258,0.6786132863561086,1.7466168657398917,0.00010006003602161297,0.9962977786672004,18.67105835165776,18.271665911276774,-0.03954818081515377,1.5138740327620996,0.36146508079644485,1.968304658808962,열세,열세,미결정,x,40,near,R1-P1,4
AL-1|x,-3.9186429616000122,-4.607254817660726,5.533048826006695,3.1828915963278077,-0.20586296732260326,7.930763424705906,0.7234340604362618,0.9370622373424055,18.271665911276774,22.190308872876784,-4.653435431380895,6.430413177913327,-1.3482336965165393,8.612027115168312,미결정,미결정,미결정,x,40,near,P1-P0,4
AL-1|x,2.789979850615173,-0.44458050338919014,10.872737668300426,8.400597698507157,4.930947315752865,12.787990916861638,0.08044826896137683,1.0,24.98028872349196,22.190308872876784,-3.9514726502295248,10.91546079772418,2.4698138923474082,13.687578743651546,미결정,미결정,미결정,x,40,near,D0-P0,4
AL-1|x,-3.5192505212190257,-4.389672871884465,6.858199682269984,4.2996439877510335,0.6661642795114022,9.497123510781224,0.750250150090054,0.9808885331198719,18.67105835165776,22.190308872876784,-4.687263394824074,7.718831334919906,-0.6265446993671691,10.268259317663652,미결정,미결정,미결정,x,40,near,R1-P0,4
AL-1|x,-1.6924634303098425,-1.7649806395793872,1.084250488378366,0.3440862722217637,-1.0182393776457175,2.0050957150790216,0.4976986191715029,0.7378427056233741,20.49784544256694,22.190308872876784,-1.7083630820995144,1.4785891731367438,-1.360049529313418,2.2311823400861828,미결정,미결정,미결정,x,40,near,R0-P0,4
AL-1|x,1.0796196511674063,1.0788348043636133,1.1332273195746065,1.1060310619691096,1.0788348043636133,1.1332273195746065,0.00033886818027787193,1.0,15.65509756898646,14.575477917819054,-0.5952712969440039,2.752940905671231,-0.5952712969440039,2.752940905671231,열세,열세,미결정,x,40,mid,R1-P1,4
AL-1|x,-1.0622905357854842,-1.3636885232796379,-1.0570658520153076,-1.2143515606270536,-1.3636885232796379,-1.0650145979744692,0.00033886818027787193,1.0,14.575477917819054,15.637768453604538,-5.393426446395086,3.263397250446147,-5.791658346801979,3.263397250446147,우세,우세,미결정,x,40,mid,P1-P0,4
AL-1|x,8.080989374759636,8.012333002687477,8.091085392940302,8.044041832381662,8.012333002687477,8.075750662075848,0.00033886818027787193,1.0,23.718757828364172,15.637768453604538,-5.947821785629119,22.099323109780816,-6.032378664813613,22.099323109780816,열세,열세,미결정,x,40,mid,D0-P0,4
AL-1|x,0.017329115381922167,-0.23046120370503131,0.024073059845125755,-0.10832049865794402,-0.23046120370503176,0.013820206389144163,0.5449000338868181,0.00033886818027787193,15.65509756898646,15.637768453604538,-5.98869774333909,6.016338156117378,-6.314406290131325,6.016338156117378,동등,동등,미결정,x,40,mid,R1-P0,4
AL-1|x,-0.753380406015205,-0.8035995649649685,-0.7524851412027143,-0.7787242198237938,-0.8035995649649685,-0.7538488746826191,0.00033886818027787193,1.0,14.884388047589333,15.637768453604538,-0.926212459595293,-0.7386077612948649,-0.926212459595293,-0.7386077612948649,우세,우세,우세,x,40,mid,R0-P0,4
AL-1|x,0.9457942451887003,0.7489316153844101,1.6812420464682707,1.1179562193871837,0.8112839396260305,1.4348448221162384,0.00014695077149155033,1.0,15.608434257199356,14.662640012010653,-0.37074891160856777,1.684726021937059,-0.06882610609154734,1.4390881515931395,열세,열세,미결정,x,40,far,R1-P1,4
AL-1|x,-3.3825122186490244,-4.6400159505760605,-0.3565855161934408,-1.6526979297475595,-3.262520072286061,0.14336670959955222,0.03232916972814107,0.9595885378398237,14.662640012010653,18.045152230659678,-5.287696561727279,-0.5394804509202039,-2.9627538321561935,0.6804940936036926,미결정,미결정,미결정,x,40,far,P1-P0,4
AL-1|x,6.649037748131826,2.6697169872762085,12.472256742620523,8.67137265214236,4.5629435035639325,10.897713907692271,0.00014695077149155033,1.0,24.694189978791503,18.045152230659678,-3.8355796144952263,12.53297092650842,-0.09246553833565377,11.237058084190897,열세,열세,미결정,x,40,far,D0-P0,4
AL-1|x,-2.436717973460324,-3.8132525289172103,0.9090535476107535,-0.5347417103603758,-2.353837154981784,1.3851093154754999,0.23188831741366642,0.8689199118295371,15.608434257199356,18.045152230659678,-4.953370771607356,0.5416036450282056,-2.379516091717802,1.1205528974738832,미결정,미결정,미결정,x,40,far,R1-P0,4
AL-1|x,-1.9555713403220611,-2.624043206118848,-1.4818154500272536,-1.9838041175267225,-2.5139231812951257,-1.51048969312375,0.00014695077149155033,1.0,16.08958089033762,18.045152230659678,-2.451705662311662,-0.7518453628888698,-2.2837877703212435,-0.443127618239297,우세,우세,우세,x,40,far,R0-P0,4
AL-1|x,0.22887690424348817,-0.02990302997351003,0.7494682920337615,0.5440714116382899,0.08115038427969488,1.0134070385355816,0.10007535795026375,0.5709118311981914,18.596700136420058,18.36782323217657,-0.16829272736221115,1.0342197294715814,-0.07270303637311067,1.4485416527181372,미결정,미결정,미결정,x,160,near,R1-P1,4
AL-1|x,-4.407567138756855,-5.186381449705482,3.5963525333303505,2.8773314605206686,-0.7777863410103493,6.58694920075667,0.49525244913338357,0.8822908816880181,18.36782323217657,22.77539037093343,-5.273565763742611,8.074387869242784,-1.6613307193219522,10.646956943583264,미결정,미결정,미결정,x,160,near,P1-P0,4
AL-1|x,0.6242084314114105,-2.3164401207044616,6.790606191761591,4.983448392957623,1.5226052710808597,8.36674422625795,0.31077618688771663,0.9974378296910325,23.399598802344837,22.77539037093343,-4.211297797538295,8.792137492132746,0.5415039298101736,12.434729610200277,미결정,미결정,미결정,x,160,near,D0-P0,4
AL-1|x,-4.178690234513367,-5.190365894054141,4.247627335362178,3.4214028721589584,-0.4768403938627827,7.354794963715498,0.5275056518462697,0.9116804822908817,18.596700136420058,22.77539037093343,-5.414977962949916,8.478900489550627,-1.394702218248623,11.75668082038424,미결정,미결정,미결정,x,160,near,R1-P0,4
AL-1|x,-1.4834842850611825,-1.5658109617087683,0.4292922668270585,0.04035609285043096,-1.0546833634809483,1.135251593877255,0.2079879427279578,0.746345139412208,21.291906085872245,22.77539037093343,-1.4992616229673905,0.9100052730393489,-1.265818181472199,1.7233757761682271,미결정,미결정,미결정,x,160,near,R0-P0,4
AL-1|x,0.8532128464081314,0.8523920538182621,0.986418599619985,0.9194053267191225,0.8523920538182621,0.986418599619985,0.00033886818027787193,1.0,14.99437908124971,14.141166234841577,-0.4171223581958885,2.1219064658324127,-0.4171223581958885,2.1219064658324127,열세,열세,미결정,x,160,mid,R1-P1,4
AL-1|x,-1.5982695008620817,-1.7776285381611683,-1.58944628492001,-1.6902406269079004,-1.7776285381611683,-1.6028527156546328,0.00033886818027787193,1.0,14.141166234841577,15.73943573570366,-6.658866993250657,3.453161561941391,-6.891901423259371,3.453161561941391,우세,우세,미결정,x,160,mid,P1-P0,4
AL-1|x,5.783787343297645,5.56978669958541,5.791235344904926,5.674850733434871,5.56978669958541,5.7799147672843345,0.00033886818027787193,1.0,21.523223079001305,15.73943573570366,-5.14467177077994,16.692505024073622,-5.412846246436853,16.692505024073622,열세,열세,미결정,x,160,mid,D0-P0,4
AL-1|x,-0.7450566544539501,-0.791209938541183,-0.7346401955278563,-0.7708353001887778,-0.791209938541183,-0.7504606618363705,0.00033886818027787193,1.0,14.99437908124971,15.73943573570366,-7.075989351446545,5.575068027773804,-7.130321720386297,5.575068027773804,우세,우세,미결정,x,160,mid,R1-P0,4
AL-1|x,-0.8350514230718544,-0.8650213047634248,-0.8338187815454812,-0.8503576049711952,-0.8650213047634248,-0.8356939051789678,0.00033886818027787193,1.0,14.904384312631805,15.73943573570366,-0.9499451739949105,-0.7798133079984568,-0.9499451739949105,-0.7798133079984568,우세,우세,우세,x,160,mid,R0-P0,4
AL-1|x,0.9414431109089612,0.5774390895012858,1.768519725044823,1.160840329091156,0.7423745327280321,1.4873919494745964,0.00014695077149155033,0.9997060984570169,14.51362787795604,13.572184767047078,-0.044344023514253296,1.8133956751084739,0.39900420899919886,1.555058471168106,열세,열세,미결정,x,160,far,R1-P1,4
AL-1|x,-3.831285831073088,-5.043238885275156,-0.13361982723340216,-0.9747123460136837,-2.947851858411669,0.7966954766266426,0.0458486407053637,0.9629684055841293,13.572184767047078,17.40347059812017,-5.87888290216039,-0.6951070341414932,-2.2578412980861984,2.360861473469345,미결정,미결정,미결정,x,160,far,P1-P0,4
AL-1|x,4.718113287904011,0.6993013999227689,9.759924807074306,5.858687166437035,2.156819572038779,7.595495626746045,0.0005878030859662013,1.0,22.121583886024176,17.40347059812017,-2.8431072935815327,9.842567323480393,-0.6267932538333476,8.016440034743427,열세,열세,미결정,x,160,far,D0-P0,4
AL-1|x,-2.889842720164127,-4.44527078194859,1.1222663388381549,0.18612798307747225,-1.9249847171002392,1.9640911557079221,0.23482733284349744,0.846730345334313,14.51362787795604,17.40347059812017,-5.607480782934369,0.9742764059426784,-1.2861075315036374,3.145063441927336,미결정,미결정,미결정,x,160,far,R1-P0,4
AL-1|x,-1.729604616348969,-2.266723914261112,-1.3269854051642023,-1.5871746268141587,-2.0738103785668534,-1.2231949150861006,0.00014695077149155033,1.0,15.673865981771199,17.40347059812017,-2.1446177051996123,-0.7659223322586076,-1.9236233829980551,-0.1947159236898417,우세,우세,우세,x,160,far,R0-P0,4
AL-2|i,0.28681686560788505,0.15792956593744847,0.4201221311495284,0.32115718164799495,0.1719465486408659,0.47384510196424645,0.0001002004008016032,0.010721442885771542,11.861903496732529,11.575086631124645,0.06546801717188809,0.492377269565607,0.11436606239085517,0.5495509209294396,열세,열세,열세,i,-1,near,R1-P1,5
AL-2|i,-0.3093496754187054,-0.6979681758021583,-0.08938869752910615,-0.4703998896380682,-0.7693452175753117,-0.18148576644354728,0.008817635270541082,0.4079158316633267,11.575086631124645,11.884436306543348,-0.7809106716949971,0.012263213588394306,-0.8691602372669829,-0.10395409714404313,우세,우세,미결정,i,-1,near,P1-P0,5
AL-2|i,1.332449324043696,0.5435470758548118,2.291409657962745,1.5274000372606296,0.7571504335937481,2.3175680471706217,0.0002004008016032064,0.9957915831663327,13.216885630587047,11.884436306543348,0.24589560619065207,3.007666799962488,0.4619631786152374,2.5863223886469844,열세,열세,열세,i,-1,near,D0-P0,5
AL-2|i,-0.022532809810820353,-0.37512261341400016,0.17129311242467088,-0.14924270799007325,-0.38025801896437267,0.07933625167332269,0.8511022044088177,0.0032064128256513026,11.861903496732529,11.884436306543348,-0.3787429113454156,0.17870895238252857,-0.37367300108382395,0.09852993032985312,동등,동등,동등,i,-1,near,R1-P0,5
AL-2|i,0.23308941713898684,0.11060278984886308,0.3745652100063193,0.2948552307036717,0.14479052222646227,0.4413595725857211,0.0002004008016032064,0.003406813627254509,12.117525723682336,11.884436306543348,0.050827166212241634,0.44768740658807926,0.10416559938317972,0.49650318783009145,열세,열세,열세,i,-1,near,R0-P0,5
AL-2|i,0.29045311374109845,-0.39656536577790324,0.42832462928267395,-0.023893700110838623,-0.5927759771567314,0.40422297055609185,0.22865329512893984,0.05100286532951289,14.052317815547184,13.761864701806086,-1.7731313972272578,0.45252903563981706,-1.7731313972272578,0.4751952765776714,미결정,동등,미결정,i,-1,mid,R1-P1,5
AL-2|i,-0.4679100846501193,-0.9758345817396507,-0.19703410990586567,-0.602347668181179,-0.9548061603794471,-0.22607804800250417,0.00014326647564469913,0.6627507163323783,13.761864701806086,14.229774786456204,-1.026838355481983,0.061041047730520624,-1.159323026602407,-0.01560874491706521,우세,우세,미결정,i,-1,mid,P1-P0,5
AL-2|i,-0.4430553074674119,-1.88814942022978,0.5062340393559133,-0.7289057389113399,-2.2214367534490247,0.5327792774248781,0.5040114613180515,0.6191977077363897,13.786719478988795,14.229774786456204,-4.332546698374258,1.3103931850043435,-4.661207933692073,1.7949556212310203,미결정,미결정,미결정,i,-1,mid,D0-P0,5
AL-2|i,-0.17745697090902085,-0.8612262932715622,-0.13008915794582723,-0.6262413682920176,-1.0545244479422393,-0.253876842798105,0.00014326647564469913,0.709025787965616,14.052317815547184,14.229774786456204,-1.8953951940540807,0.1873058482637875,-2.124556874650061,0.012360978509883491,우세,우세,미결정,i,-1,mid,R1-P0,5
AL-2|i,0.22488368963104896,-0.4452418483140036,0.32136399643783164,-0.10548744487610442,-0.6210948114331362,0.288703253239703,0.24240687679083095,0.06690544412607449,14.454658476087252,14.229774786456204,-1.817513772347141,0.3955988077676156,-1.8175137723471408,0.3850063833938485,미결정,동등,미결정,i,-1,mid,R0-P0,5
AL-2|i,-0.13282094461552346,-0.36027812491529476,0.3741620626871773,-0.014828159560762088,-0.36415768291373235,0.3207829980524408,0.7548793914523071,0.005104594134721249,13.429094456943716,13.561915401559242,-0.5044516155528913,0.4214270269180814,-0.5305518211467478,0.4282484561265197,동등,동등,미결정,i,-1,far,R1-P1,5
AL-2|i,0.3731604593485372,-0.6934798750887444,0.5559159643117063,-0.16342183643156324,-0.6217043111823847,0.289997300665242,0.6898208387548794,0.18356520868781903,13.561915401559242,13.188754942210702,-0.7247325008057094,0.5720460475142537,-0.6950927552259288,0.38762985796592186,미결정,동등,미결정,i,-1,far,P1-P0,5
AL-2|i,-0.05504188413095505,-0.6725648559710155,1.3415321894263181,-0.0774726967189661,-1.113317981454367,0.9847625864410703,0.7014312881593434,0.2937643879491542,13.13371305807975,13.188754942210702,-1.116164159615678,1.9079818322314754,-1.6406482543158307,1.3873427547200818,미결정,미결정,미결정,i,-1,far,D0-P0,5
AL-2|i,0.2403395147330137,-0.5276474024401279,0.5608558563683831,-0.17824999599232533,-0.6943165764535607,0.34327396430297513,0.7312581323190872,0.11290161145030528,13.429094456943716,13.188754942210702,-0.6827568386584436,0.6712208023526641,-1.0205056582792895,0.5886641100368064,미결정,동등,미결정,i,-1,far,R1-P0,5
AL-2|i,-0.05812906749507114,-0.3264102563229555,0.4534702720928328,0.00044116817941741715,-0.38757730304546784,0.3590746242995535,0.9642678410569513,0.012511260134120709,13.130625874715633,13.188754942210702,-0.4841165789896633,0.5172671005285434,-0.5865957820903648,0.49068382411670836,동등,동등,미결정,i,-1,far,R0-P0,5
AL-2|i,0.9756266283286216,0.33355566254384617,1.3838621018696986,0.9160745984205179,0.2985900548006093,1.2999222375719808,0.00421179302045728,0.9448455675892499,13.482214476425408,12.506587848096789,0.27209116103059794,1.4219257480610572,0.09987058439255221,1.3986789921849392,열세,열세,열세,i,10,near,R1-P1,5
AL-2|i,-0.09174283176933748,-0.31530514041911517,0.4164039800950798,-0.0557548838400173,-0.32682215957865524,0.37105217862843315,0.6730846369835539,0.011833132771760931,12.506587848096789,12.598330679866125,-0.30990323706525164,0.5158805287317041,-0.28792713570726436,0.41424630293027515,동등,동등,미결정,i,10,near,P1-P0,5
AL-2|i,1.4613591957397307,0.5928841266504962,3.037860363172339,1.7499485164081814,0.6710132715990403,2.947183419816844,0.006217408744484557,0.9865623746490172,14.059689875605859,12.598330679866125,1.0340981154077413,3.319263031701418,0.42653791901202853,3.268224765698089,열세,열세,열세,i,10,near,D0-P0,5
AL-2|i,0.8838837965592841,0.49327629476251494,1.3841346334376605,0.8603197145805005,0.3930622493064989,1.319102542466354,0.00010028078620136381,0.9733253108704373,13.482214476425408,12.598330679866125,0.4973462298456028,1.406135043545048,0.28368970784789305,1.341686787808472,열세,열세,열세,i,10,near,R1-P0,5
AL-2|i,1.06215856813041,0.39631994748660815,1.552374311917597,1.020020546786475,0.36452951537558453,1.4395112793641895,0.003810669875651825,0.9621941436020859,13.660489247996534,12.598330679866125,0.3557686511912532,1.5853087210025458,0.14991315185616522,1.5558996688991336,열세,열세,열세,i,10,near,R0-P0,5
AL-2|i,1.3999803414015186,0.7840243682441573,2.155577713259443,1.3588123321775125,0.6010254251720323,1.980027453586545,0.00021720243266724586,0.99250651607298,15.49646651104943,14.096486169647914,-0.34859274636776527,2.3567515666811505,-0.574937857418205,2.307643646802023,열세,열세,미결정,i,10,mid,R1-P1,5
AL-2|i,-0.160365505724711,-0.7004434993200852,0.6823986663316043,-0.030130644665853624,-0.61818737124445,0.7185351693708624,0.3711989574283232,0.14335360556038226,14.096486169647914,14.256851675372625,-0.5756005233156894,0.6715281859429374,-0.5809958610113584,0.6434215780617798,미결정,동등,미결정,i,10,mid,P1-P0,5
AL-2|i,0.8681859433164061,0.2835666413038074,3.274743154195955,1.546012472780815,0.503916677650521,3.2089268311982044,0.009339704604691572,0.9756733275412685,15.12503761868903,14.256851675372625,0.25650380864163524,4.745028556690448,0.37026780762426326,4.600318478095029,열세,열세,열세,i,10,mid,D0-P0,5
AL-2|i,1.2396148356768077,0.7253599770686,1.8033828315036124,1.328681687511659,0.7495464596196514,1.787739183753641,0.0008688097306689834,0.9918549087749783,15.49646651104943,14.256851675372625,-0.4731348435081464,2.002830508666411,-0.32936392511625323,1.8972010534899968,열세,열세,미결정,i,10,mid,R1-P0,5
AL-2|i,1.4479767411211402,0.8421600751326325,2.234555136840823,1.4159533440438998,0.699513376181878,2.0553752340250426,0.00010860121633362293,0.995981754995656,15.704828416493765,14.256851675372625,-0.18933541019761924,2.4224388390745597,-0.398226407351989,2.363421279643478,열세,열세,미결정,i,10,mid,R0-P0,5
AL-2|i,0.7792459467181672,0.5437178379124237,1.3791596687146994,0.5247440905179598,0.162033773141812,0.8772334643526917,0.0001,0.9886,13.64179881173187,12.862552865013706,0.3821689454047609,1.448461619053568,-0.01086694688446087,1.0664092027477734,열세,열세,미결정,i,10,far,R1-P1,5
AL-2|i,0.4217927815837491,-0.3076791651933206,0.5560198693860954,0.21345834715602585,-0.139376942121708,0.5640997318156148,0.482,0.1045,12.862552865013706,12.440760083429955,-0.35255935888956097,0.559977296436365,-0.2418211399505528,0.6408636006832233,미결정,동등,미결정,i,10,far,P1-P0,5
AL-2|i,1.9066494488032106,1.28289653103305,3.5617695564029326,1.5636148719985115,0.7186241776216697,2.364626548809825,0.0001,1.0,14.347409532233167,12.440760083429955,0.9805163036900678,4.062473972297787,0.314110457365187,2.7834686936167055,열세,열세,열세,i,10,far,D0-P0,5
AL-2|i,1.2010387283019164,0.8969343970846779,1.3309807882922173,0.7382024376739856,0.36404607950625395,1.0855747068875663,0.0001,1.0,13.64179881173187,12.440760083429955,0.78674009671356,1.388013455561902,0.16068470316574168,1.2245943880903551,열세,열세,열세,i,10,far,R1-P0,5
AL-2|i,0.9755899038678588,0.7440674196510009,1.5762850210383832,0.6618958219662872,0.26944289570195135,1.0344313378783683,0.0001,0.9998,13.416349987297815,12.440760083429955,0.5851496736485388,1.6277651570042442,0.06415197040393854,1.2600985113120462,열세,열세,열세,i,10,far,R0-P0,5
AL-2|i,1.048375674952355,0.5697003810627056,1.3001652889790352,0.9346114184272075,0.5388976961614363,1.2823693699726701,0.00010029084344599338,0.9891685889078328,12.992591269852866,11.944215594900509,0.41814515126945334,1.3156658275661604,0.37066679122461615,1.357065957617064,열세,열세,열세,i,40,near,R1-P1,5
AL-2|i,-0.15201905463242618,-0.5734241406026893,0.21675675127118205,-0.41923655556039174,-0.8456624784006841,-0.05865693703708752,0.26015444789890685,0.3619496539965901,11.944215594900509,12.096234649532937,-0.6607908326360279,0.2612104999190703,-1.0672338921190658,0.0019977523751266786,미결정,동등,미결정,i,40,near,P1-P0,5
AL-2|i,1.8090926075586666,1.173445203391303,2.8531621369995497,1.8850997827727505,1.1562463572216832,2.785280184913577,0.00010029084344599338,1.0,13.905327257091603,12.096234649532937,1.1799773107477256,3.144054551700949,0.8172958117063578,3.0991238581363096,열세,열세,열세,i,40,near,D0-P0,5
AL-2|i,0.8963566203199289,0.4073245049957629,1.168783071250139,0.5153748628668158,0.04475589536186657,0.8351643361885912,0.007220940728111524,0.9585798816568047,12.992591269852866,12.096234649532937,0.3308802013755588,1.0515293205150282,-0.1979065751361885,0.844705699176521,열세,열세,미결정,i,40,near,R1-P0,5
AL-2|i,1.0528945920371424,0.5554765305468845,1.3125501297987163,0.8861134898187825,0.4493072155645055,1.2385913435283606,0.00010029084344599338,0.9849563734831009,13.149129241570076,12.096234649532937,0.4145929031819048,1.324761660662874,0.24819011141520506,1.3494013702710523,열세,열세,열세,i,40,near,R0-P0,5
AL-2|i,1.355770791313565,0.8547815187153929,2.115226177006305,1.395094775673257,0.6602026780742247,1.9634206879797185,0.00010460251046025104,0.9937238493723849,15.759150258241371,14.403379466927806,-0.3085301600213871,2.201796737479538,-0.26312691868976323,2.0367826325959397,열세,열세,미결정,i,40,mid,R1-P1,5
AL-2|i,-0.19701368624104773,-0.9191016210499215,0.6534110860018446,-0.333825139547281,-0.9489090710419928,0.5923541768987614,0.15083682008368202,0.30167364016736403,14.403379466927806,14.600393153168856,-0.9011126381457386,0.6712731155563205,-0.8266289712282031,0.6125766400129358,미결정,동등,미결정,i,40,mid,P1-P0,5
AL-2|i,0.7008233904263548,0.15707210001929142,3.2694123072125425,1.7992308544557887,0.6147379154292747,3.4580954276473896,0.010251046025104602,0.9834728033472804,15.301216543595208,14.600393153168856,0.2602750345947479,3.8725427145169427,0.2802200577953359,3.9736733922916914,열세,열세,열세,i,40,mid,D0-P0,5
AL-2|i,1.1587571050725174,0.42890619830744847,1.7128438776404409,1.0612696361259761,0.35008113163898014,1.6147198168457688,0.0035564853556485356,0.9621338912133891,15.759150258241371,14.600393153168856,-0.16344675593745922,1.7340855811804565,-0.03166698944984915,1.5116589176711204,열세,열세,미결정,i,40,mid,R1-P0,5
AL-2|i,1.3761958190536732,0.9022044961979117,2.0949359266626635,1.4828996744781762,0.8376990192394949,1.9838839933378982,0.00010460251046025104,0.997907949790795,15.976588972222526,14.600393153168856,0.2968422005232531,2.157496673355571,0.3436360673588837,2.076570842437547,열세,열세,열세,i,40,mid,R0-P0,5
AL-2|i,0.5127600735211179,0.3477046618117572,1.1927116177668506,0.4936906124412612,0.11943947641836539,0.8611350749125326,0.0001,0.7503,13.615380678900442,13.102620605379325,0.2871978069879696,1.3645950019326631,-0.0639707902365575,1.0433359304194911,열세,열세,미결정,i,40,far,R1-P1,5
AL-2|i,0.5841535456805147,-0.39726139814758726,0.735132164530417,-0.037679067788079126,-0.5306585450061968,0.4534480327891967,0.5514,0.5154,13.102620605379325,12.51846705969881,-0.42977452056517945,0.7292301694467764,-0.4921240012926625,0.48724735979094846,미결정,동등,미결정,i,40,far,P1-P0,5
AL-2|i,1.4151172401486594,0.8233584443681775,3.5478886919910604,1.7075175959313604,0.7294217803600157,2.6839189145482556,0.0001,0.9993,13.933584299847471,12.51846705969881,0.5217784034109015,4.244010640107117,0.1456803102387758,3.1029142319939615,열세,열세,열세,i,40,far,D0-P0,5
AL-2|i,1.0969136192016324,0.5619765266422403,1.442812501122551,0.4560115446531821,-0.09850244235092373,0.9826709918174817,0.0001,0.9882,13.615380678900442,12.51846705969881,0.510359125455029,1.6023845196522393,-0.16347022187116902,1.0044540168002865,미결정,미결정,미결정,i,40,far,R1-P0,5
AL-2|i,0.7012157943375701,0.5077242887355221,1.349635660654228,0.5723582006206801,0.19751354787775321,0.9315056649244934,0.0001,0.9788,13.219682854036382,12.51846705969881,0.4305062772919081,1.508728987713099,-0.004901784462824344,1.1327139593682651,열세,열세,미결정,i,40,far,R0-P0,5
AL-2|i,0.7927337530876635,0.3187943344098185,0.9881348682456759,0.5347574440600237,0.12135181363751443,0.9009579907927993,0.0014028056112224449,0.9041082164328658,12.393885231198201,11.601151478110538,0.1350885632835719,0.9902077013816419,-0.05543468093916191,1.0382719876752915,열세,열세,미결정,i,160,near,R1-P1,5
AL-2|i,-0.3048408908326383,-0.6500754029461453,-0.03679319040950747,-0.38668875645353323,-0.6850990873989379,-0.07703188343302733,0.034468937875751504,0.23517034068136272,11.601151478110538,11.905992368943178,-0.6646456599659623,0.008442524914159963,-0.7194648121660078,-0.044169800375351814,우세,우세,미결정,i,160,near,P1-P0,5
AL-2|i,1.522338594919654,0.9142815955831564,2.465513297713916,1.5358602024186108,0.7547051249860669,2.396151473456625,0.0001002004008016032,0.9987975951903808,13.42833096386283,11.905992368943178,0.8168651026764768,2.87356107241986,0.3903413317972796,2.874397683107614,열세,열세,열세,i,160,near,D0-P0,5
AL-2|i,0.48789286225502515,0.025943555816166745,0.6736235551963962,0.14806868760649045,-0.20465942327793135,0.4557835312037528,0.04028056112224449,0.3256513026052104,12.393885231198201,11.905992368943178,-0.13419804653718745,0.6886362291512174,-0.27544015420000123,0.48117651415615526,미결정,동등,미결정,i,160,near,R1-P0,5
AL-2|i,0.8242393926979414,0.3369947975533621,1.015144477969678,0.5514545101084369,0.1332512498435022,0.9158805594920119,0.0012024048096192384,0.9199398797595191,12.730231761641116,11.905992368943178,0.15136632163313798,1.007914230848356,-0.059430928542198794,1.051008868969213,열세,열세,미결정,i,160,near,R0-P0,5
AL-2|i,1.1597264674558232,0.6912407718314583,1.5621368409676517,1.1604635586519727,0.6016109739736035,1.5052780890786122,0.0004596116281741928,0.988279903481558,15.326823749360708,14.167097281904883,0.005333761736141621,1.6216115043226627,0.009266422120471338,1.566509355669164,열세,열세,열세,i,160,mid,R1-P1,5
AL-2|i,-0.4685214817113167,-0.9823665916143468,-0.42197014059515103,-0.7535740927470972,-1.020823533796858,-0.4807028125831465,0.0001149029070435482,0.9555325749741469,14.167097281904883,14.635618763616202,-1.018242641970622,-0.2875763729842854,-1.0331625755111116,-0.3326158840831663,우세,우세,우세,i,160,mid,P1-P0,5
AL-2|i,0.41320873471660313,0.2514539403137452,2.711572346914626,1.7164209915043784,0.5574173947268921,3.190755534034221,0.027576697690451568,0.9804665058025968,15.048827498332804,14.635618763616202,0.2900720442881045,3.658842608657377,0.25728854642479526,3.937000425697191,열세,열세,열세,i,160,mid,D0-P0,5
AL-2|i,0.6912049857445066,0.036268257119475476,0.766501106421424,0.4068894659048755,-0.1397301271050037,0.6782799005672069,0.04343329886246122,0.8566011720096518,15.326823749360708,14.635618763616202,-0.46024176652588566,1.2023200695584066,-0.5019111845254322,1.0550874346370704,미결정,동등,미결정,i,160,mid,R1-P0,5
AL-2|i,1.2128234924355084,0.7363798927267798,1.5799225102173664,1.184874254418998,0.6297706355985186,1.517830618931127,0.0002298058140870964,0.9925313110421694,15.848442256051708,14.635618763616202,0.09979103450096528,1.6409852251345987,0.08180981326387056,1.5732991966153027,열세,열세,열세,i,160,mid,R0-P0,5
AL-2|i,0.3208078207351246,0.11089487507130237,0.8786471163707213,0.3162530888953473,0.007976459438419327,0.6145073571810508,0.003,0.3499,13.333182682107463,13.012374861372336,0.06687851829974784,0.9539000829854399,-0.14980574887174,0.7629000066608559,열세,열세,미결정,i,160,far,R1-P1,5
AL-2|i,0.33276615836116685,-0.6699984794256945,0.5161817968601307,-0.09778861697852648,-0.5288079248307008,0.33042644123977855,0.6904,0.1658,13.012374861372336,12.679608703011171,-0.7359920625581089,0.5575809261022142,-0.6378786917228859,0.4533208628118862,미결정,동등,미결정,i,160,far,P1-P0,5
AL-2|i,0.7951916207981536,0.23900741817591048,2.716106664387985,1.1486846499218086,0.20669918525480552,2.1016649191818755,0.0076,0.9046,13.474800323809324,12.679608703011171,0.06215579746194618,3.3624625703889794,-0.33090349453648576,2.52907957574382,열세,열세,미결정,i,160,far,D0-P0,5
AL-2|i,0.6535739790962914,0.07614741538301369,0.801518744765754,0.2184644719168208,-0.17494304657424234,0.5995134478111626,0.0102,0.6245,13.333182682107463,12.679608703011171,0.08303951848337116,0.860950936597851,-0.324450933548638,0.6806487430337504,미결정,동등,미결정,i,160,far,R1-P0,5
AL-2|i,0.4967638400918581,0.27729984345061487,1.0251114272097732,0.4112464223574953,0.09586146478457651,0.711076473896581,0.0001,0.5949,13.176372543103028,12.679608703011171,0.21768701672533955,1.0788490602032483,-0.07218380500641355,0.861690813845482,열세,열세,미결정,i,160,far,R0-P0,5
AL-2|x,-0.04046072016765443,-0.17716556625918836,0.1100092897473562,0.08943915464909366,-0.12885064555392506,0.3680767305100302,0.5427397534823128,0.0034071550255536627,11.536111026090643,11.576571746258297,-0.16427516206147572,0.10158794474112814,-0.1847429143731587,0.42809208796441,동등,동등,동등,x,-1,near,R1-P1,5
AL-2|x,-0.7221107686483037,-1.2239420489798074,-0.29847408045232704,-0.7547674591250033,-1.21421181084546,-0.27184912177319437,0.002805892373985369,0.8902695660887865,11.576571746258297,12.298682514906599,-1.325547797430669,0.02038123690460298,-1.451691220475277,-0.02164231290185372,우세,우세,미결정,x,-1,near,P1-P0,5
AL-2|x,0.009578089322452854,-1.4842235821255712,1.613248906951196,0.5075834950737569,-0.8613905114148994,2.1066657387098897,0.985669906804289,0.48471790760597255,12.308260604229055,12.298682514906599,-1.7967059871853928,2.2374070958844956,-1.4287615767498822,3.213432755285495,미결정,미결정,미결정,x,-1,near,D0-P0,5
AL-2|x,-0.7625714888159582,-1.3242487121188107,-0.22147128842142344,-0.6653283044759096,-1.1767302303849299,-0.1112054884710508,0.007615993586531717,0.8821525202926145,11.536111026090643,12.298682514906599,-1.4249831368687926,0.08678765874378289,-1.4767624319301944,0.2705512382365172,우세,우세,미결정,x,-1,near,R1-P0,5
AL-2|x,-0.3064816554523251,-0.48088562839224025,-0.1128773676423027,-0.22233153903855474,-0.45770447219503463,0.041922258322686444,0.011223569495941476,0.014430303637639042,11.992200859454277,12.298682514906599,-0.4735726127908317,-0.07370122445283875,-0.5306675444534015,0.16411271499406146,동등,동등,미결정,x,-1,near,R0-P0,5
AL-2|x,-0.738666733984515,-1.0486851719438586,-0.43301852710187383,-0.6639965015123532,-0.932460739277115,-0.41477350425910636,0.0001434102968593145,0.9239925426645633,13.025660030907758,13.764326764892271,-1.1461813959132947,-0.08784891944586448,-0.942680838571326,-0.037008926965642175,우세,우세,우세,x,-1,mid,R1-P1,5
AL-2|x,-1.0145097228380255,-1.7179380001231757,-0.39459123900111204,-1.069607710427383,-1.6461428266941074,-0.3967787580369001,0.002294564749749032,0.9555428079736125,13.764326764892271,14.778836487730297,-1.833092655794843,0.6597282317270583,-2.0082785019286344,0.265128500431094,우세,우세,미결정,x,-1,mid,P1-P0,5
AL-2|x,-2.299993800104952,-4.10367899722094,-0.480420700589389,-2.1623460370431515,-3.7145763308968474,-0.6561789327788353,0.000573641187437258,0.9885271762512549,12.478842687625347,14.778836487730297,-3.7742947600806662,-1.744711046462464,-3.375180201251532,-1.7154558080854692,우세,우세,우세,x,-1,mid,D0-P0,5
AL-2|x,-1.7531764568225405,-2.601451910497041,-1.087003314907437,-1.7336042119397361,-2.3995990096443576,-1.0055377210919694,0.0001434102968593145,0.9994263588125627,13.025660030907758,14.778836487730297,-2.726875274932273,0.2062402979958442,-2.6330612066296757,-0.1425931149467304,우세,우세,미결정,x,-1,mid,R1-P0,5
AL-2|x,-1.0195482778399316,-1.3618190154605136,-0.7961594307962552,-1.001161564888876,-1.2609554128848017,-0.7549447165201948,0.0001434102968593145,1.0,13.759288209890366,14.778836487730297,-1.5924931588748392,-0.4208950412296441,-1.3871959200925623,-0.4301539372703269,우세,우세,우세,x,-1,mid,R0-P0,5
AL-2|x,-0.5006279356151058,-0.8577309083197009,-0.003195044859664839,-0.4951323455758505,-1.02858247747243,0.04005375585931744,0.0484048404840484,0.49204920492049203,13.061643183781104,13.562271119396211,-1.2484716607889113,0.13125672686986048,-1.296619068005124,0.2006552674368203,미결정,미결정,미결정,x,-1,far,R1-P1,5
AL-2|x,0.14943202631851732,-1.2364448861664543,0.415335377559239,-0.5739326506369377,-1.1926314088858185,0.06983321374503558,0.9250925092509251,0.5927592759275928,13.562271119396211,13.412839093077693,-1.3852758007780388,0.4337142428808488,-1.3999468326598858,0.3091465249287196,미결정,미결정,미결정,x,-1,far,P1-P0,5
AL-2|x,0.9284838910080925,-0.8486798455221244,3.0703561020488066,0.6090140261025621,-1.4206157882017243,2.858208090105722,0.30443044304430444,0.6469646964696469,14.341322984085787,13.412839093077693,-2.316189951685907,4.161491863147306,-2.5455429440313506,3.928244622220518,미결정,미결정,미결정,x,-1,far,D0-P0,5
AL-2|x,-0.3511959092965885,-1.7532252251665914,0.2361169844985209,-1.0690649962127883,-2.0379069429965253,-0.05327318113768652,0.1486148614861486,0.8603860386038604,13.061643183781104,13.412839093077693,-2.127800937738293,0.4447120455469565,-2.441893599475174,0.3783774305050216,미결정,미결정,미결정,x,-1,far,R1-P0,5
AL-2|x,-0.6827714697935054,-1.0731888344494434,-0.19452559597217586,-0.6535918174005904,-1.2018025666071646,-0.07342707987170709,0.0072007200720072,0.7532753275327533,12.730067623284189,13.412839093077693,-1.3650253601165814,0.017624177340262656,-1.4749432102351403,0.13879129509951899,우세,우세,미결정,x,-1,far,R0-P0,5
AL-2|x,-0.3377216841595345,-0.6268533715401208,0.42883385827258624,-0.1952012539126809,-0.6362038473733325,0.3199474756356144,0.17094539527302363,0.1395680521597392,12.526677621551096,12.864399305710629,-0.6394553688883441,0.4184025523559428,-0.7152868317522276,0.4512090503228342,미결정,동등,미결정,x,10,near,R1-P1,5
AL-2|x,-0.37059393180081524,-0.6187962585915611,0.4008453217666349,-0.2109504301760854,-0.5987396645652898,0.482627649706841,0.3640994295028525,0.10941320293398533,12.864399305710629,13.234993237511446,-0.5951925187627177,0.7311844016480802,-0.716189638741224,0.7233076184173013,미결정,동등,미결정,x,10,near,P1-P0,5
AL-2|x,1.0821223068094779,-0.6029900312815679,4.016012655186641,1.4212527252336222,-0.6644325542961564,3.6079082419617383,0.25488997555012227,0.7413406682966586,14.317115544320922,13.234993237511446,-1.0656528868910664,4.065296185860896,-1.424338432677485,4.079621213479911,미결정,미결정,미결정,x,10,near,D0-P0,5
AL-2|x,-0.7083156159603498,-1.1929089569783722,0.5597999664788401,-0.4061516840887663,-1.1539118162353292,0.5968796397647947,0.24286878565607173,0.6747147514262428,12.526677621551096,13.234993237511446,-1.1720147891281647,1.0725109317094363,-1.3596312204746905,1.0483348037776858,미결정,미결정,미결정,x,10,near,R1-P0,5
AL-2|x,-0.6816953541719866,-0.9406715521468302,0.29597099938525595,-0.4363977305980331,-0.9149651385753726,0.19318017816698152,0.13651181744091279,0.8353708231458843,12.553297883339459,13.234993237511446,-0.9461269959585296,0.4015011666181869,-0.9932584709473817,0.38722451684862536,미결정,동등,미결정,x,10,near,R0-P0,5
AL-2|x,-0.8545684062172519,-1.4307080381913857,-0.47545585744235286,-0.8357164319581706,-1.202484790403171,-0.4104949182214144,0.00010933741526350318,0.9664334135141045,13.097371193246222,13.951939599463472,-1.7011146618767021,0.03995898595457836,-1.7011146618767021,0.08946763619147191,우세,우세,미결정,x,10,mid,R1-P1,5
AL-2|x,-0.6575448494955249,-1.416429883915089,0.21154910145411138,-0.8043966433956588,-1.4316242572040976,0.04906532844297808,0.14541876230045922,0.9136234419418325,13.951939599463472,14.609484448958998,-1.8108860070963835,0.29728412155696304,-1.676221755480192,0.14761566340077154,미결정,미결정,미결정,x,10,mid,P1-P0,5
AL-2|x,-1.7497077799431224,-5.405167782366286,0.3631458069543267,-2.5767563774496542,-4.673435099334516,0.01675567588140565,0.06319702602230483,0.9468620161819374,12.859776669015876,14.609484448958998,-7.1797065743266675,1.1034855233896241,-6.583607129711359,1.9316360164584052,미결정,미결정,미결정,x,10,mid,D0-P0,5
AL-2|x,-1.512113255712777,-2.681276837419556,-0.37510926995778604,-1.6401130753538293,-2.418674492644807,-0.5129801679098646,0.0004373496610540127,0.9773671550404548,13.097371193246222,14.609484448958998,-3.038332406225405,-0.14085557745288071,-2.8274290025915247,-0.05908241444967395,우세,우세,우세,x,10,mid,R1-P0,5
AL-2|x,-1.188627013589628,-1.6807263801702117,-0.788686701962503,-1.1155778306880808,-1.4662916218686393,-0.724481033292049,0.00010933741526350318,0.999125300677892,13.420857435369367,14.609484448958998,-1.9226913924491669,-0.3764843701901215,-1.9226913924491669,-0.30473618919261747,우세,우세,우세,x,10,mid,R0-P0,5
AL-2|x,-0.06177870537493675,-0.4442417866537321,0.20440009375774248,-0.00040165405373286943,-0.5014515132872486,0.4831577646629296,0.5882,0.0256,12.545658678694249,12.607437384069184,-0.5233048130415348,0.3086938043126739,-0.8125328051606288,0.7303083130018831,미결정,동등,미결정,x,10,far,R1-P1,5
AL-2|x,-0.06308562181398365,-0.8373632826234993,0.1323495831098234,-0.249809250237492,-0.6519363964761905,0.1634508175661841,0.4268,0.2963,12.607437384069184,12.670523005883169,-0.922110393742887,0.2839371212087808,-0.8883921334854739,0.3898720282182644,미결정,동등,미결정,x,10,far,P1-P0,5
AL-2|x,1.8659987583893412,-0.13762382118337874,2.7589618975226546,1.6131125728937388,-0.14097612416083508,3.4387739779867172,0.0784,0.8884,14.53652176427251,12.670523005883169,-0.9496395974114218,3.543566891891077,-1.3018129144661443,4.687025503379635,미결정,미결정,미결정,x,10,far,D0-P0,5
AL-2|x,-0.1248643271889204,-1.2220677079375926,0.25650957887850845,-0.2502109042912249,-1.0894119125562505,0.5979865992603174,0.4324,0.3264,12.545658678694249,12.670523005883169,-1.2994615888657641,0.4619169525504011,-1.6138021476000473,1.0777776685837406,미결정,미결정,미결정,x,10,far,R1-P0,5
AL-2|x,-0.35163367019087594,-0.7913037978261246,-0.04075895544662534,-0.14419200839113627,-0.6873178890460815,0.3860436204446556,0.0268,0.2595,12.318889335692294,12.670523005883169,-0.9138033325485774,0.11561393602355492,-1.0475147651875374,0.6883753036056651,미결정,동등,미결정,x,10,far,R0-P0,5
AL-2|x,-0.2974490465779301,-0.5057879811717522,0.4136091065647271,-0.24437163985964006,-0.4604689152387631,0.40440455373149176,0.22738287560581583,0.02716074313408724,11.768383457200269,12.065832503778196,-0.48497503460685953,0.6570402883912694,-0.48064565709433904,0.5969392575223382,미결정,동등,미결정,x,40,near,R1-P1,5
AL-2|x,-0.5505510789853894,-0.8449076555975369,0.07876486335577286,-0.5993185764530928,-0.8982708036657576,0.028007003501284256,0.1050080775444265,0.6718497576736672,12.065832503778196,12.616383582763586,-0.8208935934101983,-0.028189672544520608,-0.8643438837044028,-0.12912626056127863,미결정,동등,우세,x,40,near,P1-P0,5
AL-2|x,-0.20146343078656556,-1.0449475451330155,2.8262276133826907,-0.23122601565645873,-0.9798877488444727,2.688884222366402,0.5228190630048465,0.2898828756058158,12.414920151977022,12.616383582763586,-0.8954671267812244,2.3911634492236242,-0.7995978181259565,2.2293595287686743,미결정,미결정,미결정,x,40,near,D0-P0,5
AL-2|x,-0.8480001255633194,-1.258231554888248,0.4516853820153871,-0.8436902163127329,-1.206641557586479,0.37341559651285416,0.1908319870759289,0.8584410339256866,11.768383457200269,12.616383582763586,-1.2575237271372917,0.5411649247531134,-1.1989658294879408,0.33264219934893974,미결정,미결정,미결정,x,40,near,R1-P0,5
AL-2|x,-0.5612417435083217,-0.8331727406788141,0.3659299152008431,-0.5007366002155095,-0.7699152213326433,0.3415482557973222,0.194264943457189,0.5726978998384491,12.055141839255265,12.616383582763586,-0.8290073319784856,0.6188086366882188,-0.7956666630983678,0.5321908453700014,미결정,동등,미결정,x,40,near,R0-P0,5
AL-2|x,-0.7282821418304867,-0.9828101242130913,-0.30648392801804836,-0.7430993002342756,-0.9290650510818743,-0.33313054967305933,0.00043416910886790404,0.9068707261478346,13.768217165776488,14.496499307606973,-0.9616613424080093,-0.3231541895832165,-0.8897714985088484,-0.3109956597542619,우세,우세,우세,x,40,mid,R1-P1,5
AL-2|x,-0.6600493622572383,-1.4887386543637482,0.25525944051418403,-0.5169485357598887,-1.3839577059418335,0.4965026730142514,0.08813632910018453,0.850754368826658,14.496499307606973,15.156548669864213,-1.587760483019685,0.47740103892406116,-1.5014287592632267,0.6809203879814201,미결정,미결정,미결정,x,40,mid,P1-P0,5
AL-2|x,-2.169068034904054,-4.144398849374624,0.23861693704432332,-2.1960451100439147,-3.4206288998556746,0.5262252716656118,0.08726799088244871,0.940735916639531,12.98748063496016,15.156548669864213,-4.347733878526951,1.9705496330981782,-4.032887440860728,2.517663913944276,미결정,미결정,미결정,x,40,mid,D0-P0,5
AL-2|x,-1.3883315040877249,-2.1386065480706673,-0.35146769586872095,-1.2600478359941643,-2.0462213251242227,-0.08946819807988783,0.013676326929338978,0.950396179311842,13.768217165776488,15.156548669864213,-2.388430654096494,-0.10972293502845698,-2.2782521370828066,0.3244058734576676,우세,우세,미결정,x,40,mid,R1-P0,5
AL-2|x,-0.9644596424912507,-1.2424536331940736,-0.290854139579551,-0.7766453677082886,-1.080252209315509,-0.13540597071294544,0.0034733528709432323,0.9323781612938239,14.192089027372964,15.156548669864213,-1.2774793991085542,0.16516212340820657,-1.13977052828803,0.34799195624028423,우세,우세,미결정,x,40,mid,R0-P0,5
AL-2|x,-0.04811348914219345,-0.2426185955827957,0.31518813137871343,-0.025965953914909433,-0.4193158126023359,0.37663697114247735,0.9464,0.0092,12.732283315697941,12.780396804840136,-0.30069872190401453,0.3929083476912113,-0.6337194763819162,0.5037878261302733,동등,동등,미결정,x,40,far,R1-P1,5
AL-2|x,0.14577689241896685,-0.8064170029535699,0.2878691978090796,-0.28368133185297173,-0.7487753333847985,0.20558188450381137,0.9252,0.2002,12.780396804840136,12.634619912421169,-0.9352491539938145,0.3331637557980974,-0.9222040441357948,0.4002758531569837,미결정,동등,미결정,x,40,far,P1-P0,5
AL-2|x,1.3962077195971858,-0.18674881091019827,2.4707383709069544,1.1538563506022494,-0.37986807636606745,2.8109859856363375,0.0962,0.8126,14.030827632018354,12.634619912421169,-1.0081617057049668,2.483999121451948,-1.2443039293358833,3.6901547542047024,미결정,미결정,미결정,x,40,far,D0-P0,5
AL-2|x,0.0976634032767734,-0.8705629255052336,0.4612882127492379,-0.3096472857678812,-1.0822965729581884,0.48568970297482866,0.9684,0.3207,12.732283315697941,12.634619912421169,-0.9730476157720138,0.5422212549206613,-1.4029898030290886,0.8131819374168624,미결정,미결정,미결정,x,40,far,R1-P0,5
AL-2|x,-0.19638763282164326,-0.462056052006955,0.16235491543948913,-0.17862690703909365,-0.6400751564930578,0.2900682405175584,0.26,0.0863,12.438232279599527,12.634619912421169,-0.541243003750305,0.2609199434060855,-0.8651585034369981,0.4313144716683915,미결정,동등,미결정,x,40,far,R0-P0,5
AL-2|x,-0.07695049628036905,-0.27416539789557326,0.21223739498421548,-0.023171917007486796,-0.2756551848232663,0.2316789521625976,0.7313358051909009,0.0003006313257841467,11.553097640791473,11.63004813707184,-0.2558672436318704,0.23032361916218447,-0.3863691477134935,0.2704590606870975,동등,동등,동등,x,160,near,R1-P1,5
AL-2|x,-0.6089027372819708,-1.0449837491223537,-0.2838038311688989,-0.6345978088091648,-1.0112041724209269,-0.23069100809904572,0.0012025253031365869,0.7831446036677022,11.63004813707184,12.238950874353812,-1.083598049806718,-0.1321791464106952,-1.165174216277093,-0.059084307881119395,우세,우세,우세,x,160,near,P1-P0,5
AL-2|x,-0.055839293713284735,-1.0714603518859407,1.154298122122131,-0.08713295989667565,-0.9219433893131015,0.8119182944564237,0.8612085379296522,0.23719811604369176,12.183111580640526,12.238950874353812,-1.1384957892431609,1.4129510604546265,-1.2556592940067899,1.2522508250839912,미결정,미결정,미결정,x,160,near,D0-P0,5
AL-2|x,-0.6858532335623397,-1.2131698436917662,-0.15819487903143645,-0.6577697258166516,-1.0439104693186847,-0.25106555571040895,0.010421885960517087,0.7804389217356449,11.553097640791473,12.238950874353812,-1.2122725519468487,-0.03707307154840497,-1.1483355778488686,-0.09435877660831797,우세,우세,우세,x,160,near,R1-P0,5
AL-2|x,-0.34741544674716207,-0.5713118647475214,0.009360720634346996,-0.26661744373292,-0.5305863418997979,-0.009254680801908789,0.05872331896983666,0.07846477602966229,11.89153542760665,12.238950874353812,-0.6082189304439322,0.07778339576754553,-0.6315174737490804,0.03900193532915704,미결정,동등,미결정,x,160,near,R0-P0,5
AL-2|x,-0.7995461202006318,-1.099303449433388,-0.3223827010871063,-0.6823889786753682,-0.9276606460353036,-0.2893049107828698,0.0012569393526762334,0.8817429559023777,13.484840327396464,14.284386447597091,-0.9790041619675733,-0.271518207901574,-0.8881987426794765,-0.22183600366883702,우세,우세,우세,x,160,mid,R1-P1,5
AL-2|x,-0.8610764936492046,-1.746749490235459,0.28558552073132815,-1.0124162860920396,-1.6687332622731956,0.25497069209119744,0.05530533151775427,0.9595684508222478,14.284386447597091,15.145462941246299,-1.8335821897664921,0.38659880840133415,-1.7828085762563801,0.5073606131454202,미결정,미결정,미결정,x,160,mid,P1-P0,5
AL-2|x,-2.280643106570099,-3.7589733963952687,-0.6389972818968025,-2.2431237612142323,-3.3691405864116466,-0.3639780227693608,0.011312454174086101,0.9819838692783073,12.8648198346762,15.145462941246299,-3.704063149192176,-0.293873781105245,-3.4472256401155854,0.18792954640562626,우세,우세,미결정,x,160,mid,D0-P0,5
AL-2|x,-1.6606226138498363,-2.458088319740348,-0.741614686964568,-1.694805264767408,-2.3071272679790518,-0.557554373437925,0.0025138787053524667,0.985754687336336,13.484840327396464,15.145462941246299,-2.414869759947348,-0.47669158196182193,-2.2848576164881607,-0.30535579673897406,우세,우세,우세,x,160,mid,R1-P0,5
AL-2|x,-1.0277900471758847,-1.361556880319233,-0.5666366881181635,-0.8472326380630257,-1.2006967666015538,-0.39534990423284483,0.00020948989211270555,0.9856499423902797,14.117672894070413,15.145462941246299,-1.2350751151803059,0.10515112545830856,-1.1474989790314307,0.140619891458473,우세,우세,미결정,x,160,mid,R0-P0,5
AL-2|x,-0.21665248674521537,-0.5112210786585896,0.2756180379851146,-0.14545936477092986,-0.6281634784973341,0.33531520230156525,0.4288,0.0762,12.916089652608246,13.132742139353462,-0.697942631210265,0.37538006562865667,-0.8572614801497768,0.45741442569208496,미결정,동등,미결정,x,160,far,R1-P1,5
AL-2|x,0.10584785333111206,-1.096714312362882,0.3056966971925834,-0.4198796582289329,-0.9684761060820474,0.1532157711859638,0.9382,0.3889,13.132742139353462,13.02689428602235,-1.1840860454765998,0.33852682877535994,-1.1589197003016654,0.35122935473921757,미결정,미결정,미결정,x,160,far,P1-P0,5
AL-2|x,0.7986965046585979,-0.5937560743459666,2.0869284115479707,0.8781348810505761,-0.5244950592658155,2.3888253287121657,0.351,0.6831,13.825590790680945,13.02689428602235,-1.2341661156425285,2.367843259054739,-1.1643084239772534,3.004162814668243,미결정,미결정,미결정,x,160,far,D0-P0,5
AL-2|x,-0.11080463341410329,-1.3594144412599316,0.4569277490734702,-0.5653390229998628,-1.442337960797797,0.3298665326091842,0.5758,0.557,12.916089652608246,13.02689428602235,-1.4377810998142757,0.594719009177776,-1.745295568031101,0.6623835340217891,미결정,미결정,미결정,x,160,far,R1-P0,5
AL-2|x,-0.4400092109592347,-0.739129386764587,0.07199855947833837,-0.307575031339562,-0.8283526373718723,0.20169956987339502,0.0978,0.2287,12.586885075063114,13.02689428602235,-0.8687952885861134,0.21038804107581105,-1.0670541425880613,0.3516922943253768,미결정,동등,미결정,x,160,far,R0-P0,5
AL-3|i,-0.09158204310247556,-0.15902412192920484,0.04130013587121848,-0.018583299065611313,-0.11917847808026175,0.08578073095792133,0.19416535528386394,0.0001210507202517855,10.817542976975528,10.909125020078003,-0.1632915722549465,0.09000005311011407,-0.1280967846654164,0.1254935590027788,동등,동등,동등,i,-1,near,R1-P1,5
AL-3|i,-8.457544462799785,-9.45227647824234,-6.640547882162654,-7.555086727371259,-8.799089323785473,-6.36550849263266,0.0001210507202517855,1.0,10.909125020078003,19.36666948287779,-9.498546765670653,-6.75558508904416,-8.951844883416728,-6.602177945651641,우세,우세,우세,i,-1,near,P1-P0,5
AL-3|i,-6.579438119546862,-7.4278792039114325,-5.692792391823454,-6.255154535835995,-7.072445791834653,-5.476819526383799,0.0001210507202517855,1.0,12.787231363330926,19.36666948287779,-7.448125784414138,-5.291003441869957,-7.334755141557994,-5.240296366656454,우세,우세,우세,i,-1,near,D0-P0,5
AL-3|i,-8.549126505902262,-9.609045044189159,-6.612077249491337,-7.57367002643687,-8.914350820327538,-6.305140671386161,0.0001210507202517855,1.0,10.817542976975528,19.36666948287779,-9.661625072175752,-6.6442445008550735,-9.086403049623895,-6.524556428658974,우세,우세,우세,i,-1,near,R1-P0,5
AL-3|i,-1.5351069303464668,-1.7131310309183803,-1.371500761488425,-1.5137887511762422,-1.6608507128206247,-1.3789002063257016,0.0001210507202517855,1.0,17.831562552531324,19.36666948287779,-1.871959704453487,-1.2859192162639375,-1.7845908095500922,-1.2888233545533168,우세,우세,우세,i,-1,near,R0-P0,5
AL-3|i,0.047395910702211094,0.025690513490908274,0.07801199553221352,0.05160107420948527,0.02640436578109586,0.07915391742388579,0.0002555583950932788,0.0002555583950932788,13.382566609449404,13.335170698747195,-0.05855955874810892,0.11025881140534288,-0.05855955874810981,0.10663067946160905,열세,열세,동등,i,-1,mid,R1-P1,5
AL-3|i,-5.235220161583024,-6.0017545713913325,-4.899664705960209,-5.511485276605205,-6.028704801989397,-4.926342414960304,0.0002555583950932788,1.0,13.335170698747195,18.570390860330217,-7.88658722838301,-3.082006110788225,-7.88658722838301,-3.193943850555259,우세,우세,우세,i,-1,mid,P1-P0,5
AL-3|i,-4.51525815813361,-5.135412635814201,-4.26459129093597,-4.711461685281219,-5.157856141245796,-4.301793520033527,0.0002555583950932788,1.0,14.055132702196607,18.570390860330217,-6.5867254014718215,-3.183409968628736,-6.5867254014718215,-3.2395399141109102,우세,우세,우세,i,-1,mid,D0-P0,5
AL-3|i,-5.187824250880813,-5.919295128035012,-4.856705989607306,-5.459884202395719,-5.949407575744018,-4.882940625052044,0.0002555583950932788,1.0,13.382566609449404,18.570390860330217,-7.8397074166588085,-2.971747299382882,-7.8397074166588085,-3.08731317109365,우세,우세,우세,i,-1,mid,R1-P0,5
AL-3|i,-1.255125578629928,-1.476973945721337,-1.1255902116251526,-1.3147447557841716,-1.4877953810932176,-1.1510373083064143,0.0002555583950932788,1.0,17.315265281700288,18.570390860330217,-1.829586128266979,-1.0876017797388162,-1.829586128266979,-1.090882286924775,우세,우세,우세,i,-1,mid,R0-P0,5
AL-3|i,-0.09011568461106237,-1.3929957492355156,0.058364518924497066,-0.8262326341740845,-1.71738277290417,-0.10062785808398518,0.1781723237597911,0.7681462140992167,13.062137738631312,13.152253423242376,-1.848318368353238,0.12614134250972248,-2.3861030380646304,0.07023053820141577,미결정,미결정,미결정,i,-1,far,R1-P1,5
AL-3|i,-5.6265217623611345,-7.346562604380938,-0.9986330324786735,-3.1591891005758104,-6.743460520436893,0.6142225960283418,0.01796344647519582,0.9850652741514361,13.152253423242376,18.778775185603507,-7.161649986261473,1.464448317789889,-8.475078400518731,3.390239881280359,미결정,미결정,미결정,i,-1,far,P1-P0,5
AL-3|i,-5.078001601389766,-6.760277041345205,-3.6680703394225613,-5.570503438953571,-7.33315602455761,-3.8355196622571,0.00010443864229765013,1.0,13.700773584213744,18.778775185603507,-7.416076556034068,-3.183794387610941,-7.824658518699883,-3.2850322677946213,우세,우세,우세,i,-1,far,D0-P0,5
AL-3|i,-5.716637446972197,-7.484375418168439,-1.8627350196419679,-3.9854217347498944,-7.287296758523629,-0.6687743902286897,0.005848563968668407,0.9950913838120105,13.062137738631312,18.778775185603507,-7.298745011123583,-0.0880148798603133,-8.665388072936638,1.3619813417721933,우세,우세,미결정,i,-1,far,R1-P0,5
AL-3|i,-1.1863117266489442,-1.9925207368277995,-0.6848751125396162,-1.3156078478987514,-2.1469959983942597,-0.5949123257146552,0.00010443864229765013,0.9935248041775457,17.592463458954562,18.778775185603507,-2.2958591704367444,-0.4249671470607082,-2.6141248867937597,-0.1731570113404235,우세,우세,우세,i,-1,far,R0-P0,5
AL-3|i,-0.3920549239569159,-0.48841798673962644,-0.27341039477019397,-0.34430904044087673,-0.4528701925445503,-0.24589798992596842,0.00011188185276348176,0.009957484895949878,13.517674863156042,13.90972978711296,-0.5121683456318513,-0.2049282632329909,-0.4968069737935732,-0.1810237176253633,우세,우세,우세,i,10,near,R1-P1,5
AL-3|i,-5.161709751608437,-5.590104747634499,-4.564062907024142,-4.9128539856371685,-5.3706671509065425,-4.517495640840826,0.00011188185276348176,1.0,13.90972978711296,19.0714395387214,-5.676062752847597,-4.206843196897298,-5.539555367647916,-4.278196839428254,우세,우세,우세,i,10,near,P1-P0,5
AL-3|i,-3.650363041457445,-4.32290402860751,-3.1222318442472163,-3.618137839945746,-4.215451926293565,-3.1041685860161166,0.00011188185276348176,1.0,15.42107649726395,19.0714395387214,-4.5529394351951025,-2.774759969308004,-4.4350907945400735,-2.7694664818920227,우세,우세,우세,i,10,near,D0-P0,5
AL-3|i,-5.553764675565353,-6.06881362666661,-4.870470582607198,-5.257163026078044,-5.8109267669715505,-4.794803408701788,0.00011188185276348176,1.0,13.517674863156042,19.0714395387214,-6.183373795121657,-4.488557993806814,-6.032749384649657,-4.499732566966448,우세,우세,우세,i,10,near,R1-P0,5
AL-3|i,-0.6276937912337068,-0.6990946902101013,-0.554533116199455,-0.6129027220656095,-0.6847281124384599,-0.544319856186032,0.00011188185276348176,0.9993287088834191,18.44374574748769,19.0714395387214,-0.7248101835605656,-0.5061529531465235,-0.7137005809817423,-0.4977729741575987,우세,우세,우세,i,10,near,R0-P0,5
AL-3|i,-0.2270839392132288,-0.3575622469045906,-0.17277567315756023,-0.2687171344901639,-0.3645209400915732,-0.19251823997728837,0.0001313370107696349,0.0001313370107696349,14.836526273051643,15.063610212264871,-0.47256759131024983,-0.05851848019569653,-0.47166126608800285,-0.0774538326768699,우세,우세,우세,i,10,mid,R1-P1,5
AL-3|i,-3.8031255041187877,-5.13851475533494,-3.348548140722208,-4.118193435323484,-5.200048001797147,-3.522154214602628,0.0001313370107696349,1.0,15.063610212264871,18.86673571638366,-5.573004718973905,-2.211526130707694,-5.573252361351878,-2.422104072426687,우세,우세,우세,i,10,mid,P1-P0,5
AL-3|i,-2.687259144776065,-3.4435028131581,-2.3696072944599145,-2.9051551810474403,-3.504069089975432,-2.4894277786911463,0.0001313370107696349,1.0,16.179476571607598,18.86673571638366,-3.92524882493651,-1.831777716817477,-3.9685211268868392,-1.954359871674323,우세,우세,우세,i,10,mid,D0-P0,5
AL-3|i,-4.030209443332017,-5.463596434827112,-3.529178721583186,-4.386910569813648,-5.551914621221073,-3.7234150731932676,0.0001313370107696349,1.0,14.836526273051643,18.86673571638366,-6.043398962348965,-2.270099960569391,-6.043777946862897,-2.499460131991499,우세,우세,우세,i,10,mid,R1-P0,5
AL-3|i,-0.477240864671321,-0.5952795594678051,-0.42367304823055874,-0.5128308114021471,-0.6062973548093739,-0.4408084465701124,0.0001313370107696349,0.6778303125820856,18.38949485171234,18.86673571638366,-0.6914078421791006,-0.35405142965638453,-0.6995652474242267,-0.37135663173403916,우세,우세,우세,i,10,mid,R0-P0,5
AL-3|i,-0.276289039147877,-1.4978445290537625,-0.07050785169083963,-0.8675653659888851,-1.7859825310253346,-0.10905182029405755,0.015679967835963413,0.7968640064328073,14.050015634014471,14.32630467316235,-1.8641888241148774,-0.02419160543630328,-2.3897021333932162,0.0682126664415897,우세,우세,미결정,i,10,far,R1-P1,5
AL-3|i,-4.437725768800589,-5.247367840160212,-1.9604087868189102,-3.163658682516581,-5.212494702558361,-1.0665440915220912,0.0006030756859985928,0.9984923107850036,14.32630467316235,18.764030441962937,-5.376718406165534,-1.231985418274992,-6.05508382309405,0.2417497114699987,우세,우세,미결정,i,10,far,P1-P0,5
AL-3|i,-3.2876660405997398,-4.685618705368826,-2.4974056258143804,-4.112808353879113,-5.418537104259495,-2.8733986878522826,0.0001005126143330988,1.0,15.476364401363199,18.764030441962937,-5.263810878149558,-2.436723097205313,-5.931813032611025,-2.3210372176583687,우세,우세,우세,i,10,far,D0-P0,5
AL-3|i,-4.714014807948467,-5.563534194816034,-2.9421170198604916,-4.031224048505466,-5.69555437907275,-2.4137014692404666,0.0001005126143330988,1.0,14.050015634014471,18.764030441962937,-5.632222051950502,-2.702603087995637,-6.247459549024273,-1.853667921155326,우세,우세,우세,i,10,far,R1-P0,5
AL-3|i,-0.4298372654661833,-1.4675296983488455,-0.09399121898067449,-0.9140614183025481,-1.8844893024604017,-0.11178699616456067,0.021107649009950748,0.8172680671424264,18.33419317649675,18.764030441962937,-1.7462693190324594,-0.015867341207693692,-2.5133148275092045,0.16567405910085004,우세,우세,미결정,i,10,far,R0-P0,5
AL-3|i,-0.20486210581531558,-0.2987645574574509,-0.04486541268648923,-0.12115665308024433,-0.24577291255900846,0.007596302289029744,0.01210507202517855,0.0001210507202517855,11.79542371741178,12.000285823227093,-0.3119077532538565,-0.0039041767478227452,-0.27513574231871196,0.03361196870798544,동등,동등,동등,i,40,near,R1-P1,5
AL-3|i,-7.370715451063177,-8.282508715761683,-6.115251676158026,-6.865673630582096,-7.8439463997130705,-5.914839998264844,0.0001210507202517855,1.0,12.000285823227093,19.371001274290272,-8.394693741576864,-5.98292150762146,-8.069969077665904,-5.885074125781972,우세,우세,우세,i,40,near,P1-P0,5
AL-3|i,-4.454713475238798,-5.185775446524197,-3.879605786416972,-4.430425127228418,-5.0492781969864176,-3.811659626787253,0.0001210507202517855,1.0,14.916287799051474,19.371001274290272,-5.408394897045071,-3.5478750581970835,-5.306915806642391,-3.5081747558867975,우세,우세,우세,i,40,near,D0-P0,5
AL-3|i,-7.575577556878493,-8.58019924306816,-6.174365173357337,-6.98683028366234,-8.080119305602794,-5.9253927292268305,0.0001210507202517855,1.0,11.79542371741178,19.371001274290272,-8.707233098644993,-5.971069995977609,-8.340488908892103,-5.878556604635358,우세,우세,우세,i,40,near,R1-P0,5
AL-3|i,-0.7089924541761988,-0.8068033224831475,-0.6376065723775892,-0.7034523227337524,-0.7830977152947444,-0.6263276238856366,0.0001210507202517855,1.0,18.662008820114075,19.371001274290272,-0.8653295460771981,-0.5841299979639013,-0.8329386245648367,-0.5749318874148844,우세,우세,우세,i,40,near,R0-P0,5
AL-3|i,-0.03735708039075085,-0.145790178573737,-0.011096275915882003,-0.06196251241335027,-0.1466390823029254,-0.010635048291782665,0.00018754688672168043,0.00018754688672168043,13.783043656788001,13.820400737178753,-0.265980965548934,0.06687087193861647,-0.2659809655489334,0.04260566158970688,우세,우세,동등,i,40,mid,R1-P1,5
AL-3|i,-4.907638921086109,-6.575533148276901,-4.449255145918498,-5.407022861474716,-6.622378640588044,-4.544829111416824,0.00018754688672168043,1.0,13.820400737178753,18.728039658264862,-7.975409150331364,-2.7972391919142257,-7.975409150331364,-3.0981650106807943,우세,우세,우세,i,40,mid,P1-P0,5
AL-3|i,-3.261063142884514,-4.254850119614124,-2.9883128695166166,-3.533160595420734,-4.292772441329087,-3.037377695468206,0.00018754688672168043,1.0,15.466976515380349,18.728039658264862,-5.135057871093288,-2.2305930985076947,-5.135057871093288,-2.414038590030047,우세,우세,우세,i,40,mid,D0-P0,5
AL-3|i,-4.944996001476859,-6.702420767262974,-4.4688095587483865,-5.468985373888065,-6.745147590401845,-4.573539485645823,0.00018754688672168043,1.0,13.783043656788001,18.728039658264862,-8.149602547147046,-2.729956821021932,-8.149602547147046,-3.056816658413377,우세,우세,우세,i,40,mid,R1-P0,5
AL-3|i,-0.5433990049260956,-0.6787453134667908,-0.48777152348033115,-0.5798721889088299,-0.6876636064231118,-0.49999159737892923,0.00018754688672168043,0.9744936234058514,18.184640653338768,18.728039658264862,-0.8410549097616904,-0.42009493770609185,-0.8410549097616902,-0.4390240642600105,우세,우세,우세,i,40,mid,R0-P0,5
AL-3|i,-0.15429163714642513,-0.7716682908308926,-0.005839537167723365,-0.5119759726877906,-0.9440362425932052,-0.13314424895867935,0.04422555030656347,0.5019599959794955,12.517202532915938,12.671494170062363,-0.9965039787304338,0.031819297440701784,-1.2492765049862573,-0.005407077968419038,우세,우세,미결정,i,40,far,R1-P1,5
AL-3|i,-5.920859134342561,-6.963523362279998,-1.8094199227932775,-3.545774245834752,-6.628874688823647,-0.2736886490321623,0.007839983917981706,0.9935671926826817,12.671494170062363,18.592353304404924,-7.04663283174349,-0.07686499083106002,-8.044713122201076,1.856312562911281,우세,우세,미결정,i,40,far,P1-P0,5
AL-3|i,-3.988468856469433,-4.955429397214206,-3.153832786464679,-4.272233334449778,-5.314319284257716,-3.198995382171233,0.0001005126143330988,1.0,14.60388444793549,18.592353304404924,-5.299835042383509,-2.8147518285216964,-5.57137985169466,-2.992210524127926,우세,우세,우세,i,40,far,D0-P0,5
AL-3|i,-6.075150771488985,-7.193713773518165,-2.323143920870823,-4.057750218522541,-7.023259251251002,-1.0497639402133507,0.0018092270579957784,0.9982912855563373,12.517202532915938,18.592353304404924,-7.240266901993578,-0.9644045348958487,-8.281522204048528,0.7529367529932164,우세,우세,미결정,i,40,far,R1-P0,5
AL-3|i,-0.5482060323766322,-0.9848212103619405,-0.2803833688899835,-0.6500107178818126,-1.1162873842397203,-0.2385321749791305,0.0001005126143330988,0.7414815559352699,18.04414727202829,18.592353304404924,-1.1179315392652729,-0.20627836660225282,-1.4056781197421373,-0.05497323853021239,우세,우세,우세,i,40,far,R0-P0,5
AL-3|i,-0.12823023426147168,-0.20719301620244704,0.030386838483832612,-0.04070121588774249,-0.15823161016524204,0.08196156727904062,0.11669289432272122,0.0001210507202517855,10.870902543116943,10.999132777378414,-0.21335313763785207,0.08840703766850726,-0.17061779301791696,0.12044453954911383,동등,동등,동등,i,160,near,R1-P1,5
AL-3|i,-8.352421280006094,-9.326097782191976,-6.6221864298044135,-7.491077144222629,-8.68989495401322,-6.3503977760870765,0.0001210507202517855,1.0,10.999132777378414,19.35155405738451,-9.366281760344148,-6.669349659289867,-8.869251674268137,-6.542969911677432,우세,우세,우세,i,160,near,P1-P0,5
AL-3|i,-5.829735799046384,-6.645958563274812,-5.086866640758869,-5.635863174173666,-6.379074944602115,-4.931832989067875,0.0001210507202517855,1.0,13.521818258338124,19.35155405738451,-6.804639380765036,-4.66437353993563,-6.685018850164932,-4.605391405219327,우세,우세,우세,i,160,near,D0-P0,5
AL-3|i,-8.480651514267567,-9.533796265756331,-6.611553941187588,-7.531778360110371,-8.84101703851479,-6.293057969255336,0.0001210507202517855,1.0,10.870902543116943,19.35155405738451,-9.577665532768977,-6.5686998878148675,-9.036887036045574,-6.459170741257691,우세,우세,우세,i,160,near,R1-P0,5
AL-3|i,-1.1633002275440987,-1.2930821907299488,-1.0493888681922554,-1.14490528068945,-1.253467703803245,-1.0472961726726435,0.0001210507202517855,1.0,18.18825382984041,19.35155405738451,-1.3897941499401663,-0.9663800975443912,-1.3282633372179888,-0.9663800975443912,우세,우세,우세,i,160,near,R0-P0,5
AL-3|i,0.034843758169753866,0.006956396066798051,0.06441310870705781,0.03707662410548558,0.007821528580464943,0.06465905560234218,0.0002555583950932788,0.0002555583950932788,13.426777355259654,13.3919335970899,-0.09432241205438707,0.11767875554295355,-0.09432241205438796,0.11245945942142477,열세,열세,동등,i,160,mid,R1-P1,5
AL-3|i,-5.1834154756662745,-5.937549032698068,-4.82589529867864,-5.467490900390018,-5.963880417662542,-4.852295822366342,0.0002555583950932788,1.0,13.3919335970899,18.575349072756175,-7.772215244368421,-3.0478513507263725,-7.772215244368419,-3.171614179694085,우세,우세,우세,i,160,mid,P1-P0,5
AL-3|i,-4.018873603837593,-4.568917336215218,-3.7872840531710965,-4.196180741843216,-4.582428094570846,-3.812137923177446,0.0002555583950932788,1.0,14.556475468918581,18.575349072756175,-5.780666424615955,-2.9487488890061058,-5.780666424615954,-3.0066921356768446,우세,우세,우세,i,160,mid,D0-P0,5
AL-3|i,-5.148571717496521,-5.868139131127278,-4.793379625414548,-5.430414276284532,-5.9025074442864,-4.8196770681248555,0.0002555583950932788,1.0,13.426777355259654,18.575349072756175,-7.750612205917146,-2.930172595183419,-7.750612205917146,-3.05915472027266,우세,우세,우세,i,160,mid,R1-P0,5
AL-3|i,-0.9435280256702697,-1.0736845997430642,-0.8689535762247136,-0.9800725438811302,-1.0796583132486215,-0.8826496602459621,0.0002555583950932788,1.0,17.631821047085904,18.575349072756175,-1.3005547465351934,-0.8258367842111068,-1.300554746535192,-0.8362211216606829,우세,우세,우세,i,160,mid,R0-P0,5
AL-3|i,-0.08275552918226481,-0.7607503059312029,0.07423736410044587,-0.6083398751858397,-1.3223423515941923,-0.05127201658997776,0.20992167101827677,0.5894516971279373,13.085883349276298,13.168638878458562,-1.4591431497947243,0.12519111778876296,-1.9195041043916181,0.08934493087238286,미결정,미결정,미결정,i,160,far,R1-P1,5
AL-3|i,-5.621499954878438,-7.279967322558761,-1.0124418860299091,-3.1355699295995088,-6.650677859034367,0.577510655701076,0.017336814621409923,0.985378590078329,13.168638878458562,18.790138833337,-7.078590668124514,1.3963470158090754,-8.337314415740877,3.3020446125447567,미결정,미결정,미결정,i,160,far,P1-P0,5
AL-3|i,-4.541365000525593,-5.861138436763896,-3.413641881603182,-5.056664454073979,-6.471919329874332,-3.611422350553562,0.00010443864229765013,1.0,14.248773832811406,18.790138833337,-6.2454328953056315,-2.9305420956699884,-6.7436520599909935,-3.2539476969897447,우세,우세,우세,i,160,far,D0-P0,5
AL-3|i,-5.7042554840607025,-7.425424714346039,-1.4768115553551038,-3.7439098047853485,-7.003123129576165,-0.4690018499338363,0.007310704960835509,0.993107049608355,13.085883349276298,18.790138833337,-7.17861594847981,0.1002355610561796,-8.42566868917099,1.602244354632329,우세,우세,미결정,i,160,far,R1-P0,5
AL-3|i,-0.8890328446448941,-1.245613718315218,-0.5350357641582559,-1.0084924120239371,-1.6302128369301871,-0.4558685524607024,0.00010443864229765013,0.9842297650130548,17.901105988692105,18.790138833337,-1.4428430777265973,-0.29733095751136124,-1.979685211351107,-0.1333581935483491,우세,우세,우세,i,160,far,R0-P0,5
AL-3|x,0.042447977672158646,-0.027134556464644265,0.10513668530900318,0.04061615550897315,-0.018724000534089534,0.09803579574799341,0.2704341498908562,0.00012127091923356779,10.922775104883328,10.880327127211173,-0.041236093159748854,0.15690095174189628,-0.03728230745009213,0.1423266306275428,동등,동등,동등,x,-1,near,R1-P1,5
AL-3|x,-5.654840765965785,-6.513375191480074,-3.9680851254607212,-4.791055106686973,-5.9257412837643635,-3.6899356749267227,0.00012127091923356779,1.0,10.880327127211173,16.535167893176958,-6.554599722195258,-4.127864116983038,-6.01284781506728,-3.930551027565121,우세,우세,우세,x,-1,near,P1-P0,5
AL-3|x,-4.259087766070235,-5.241081485444738,-2.9527767528130076,-3.7323102728640043,-4.717034790984539,-2.8283311734884564,0.00012127091923356779,1.0,12.27608012710672,16.535167893176958,-5.673822985537024,-2.6417171257618635,-5.321966367866306,-2.6450186196409944,우세,우세,우세,x,-1,near,D0-P0,5
AL-3|x,-5.612392788293627,-6.503948294534512,-3.911106369155362,-4.750438951177999,-5.908186296582722,-3.638479405392871,0.00012127091923356779,1.0,10.922775104883328,16.535167893176958,-6.572852611769031,-4.042760539243806,-6.032770453921429,-3.8705760942083978,우세,우세,우세,x,-1,near,R1-P0,5
AL-3|x,-1.4397834193637309,-1.6454682356674206,-1.0988839357627678,-1.3477781517385226,-1.5720979858723236,-1.107650572097415,0.00012127091923356779,1.0,15.095384473813226,16.535167893176958,-1.7145098569620376,-0.9158206862381428,-1.6371180941501924,-1.0140273803348228,우세,우세,우세,x,-1,near,R0-P0,5
AL-3|x,0.13425590281933175,0.052102181614589585,0.18540677020279048,0.1122166677430915,0.051381002144012644,0.18001358241186233,0.0002549069589599796,0.0002549069589599796,13.470535191098628,13.336279288279297,-0.09877405754682538,0.32913930375108147,-0.09508739995175652,0.32409562072405806,열세,열세,동등,x,-1,mid,R1-P1,5
AL-3|x,-3.010480153233005,-3.5411182163558172,-2.764283864787856,-3.222075292257646,-3.5700321082006288,-2.776716473392353,0.0002549069589599796,1.0,13.336279288279297,16.3467594415123,-4.874355809584831,-1.330405094197722,-4.874355809584831,-1.3622788793248388,우세,우세,우세,x,-1,mid,P1-P0,5
AL-3|x,-2.8164062719989746,-3.3893856340433124,-2.598852217163731,-3.0108543053345427,-3.4130665388609813,-2.6161147702365133,0.0002549069589599796,1.0,13.530353169513328,16.3467594415123,-4.382409511006356,-1.5459787714781101,-4.422637206871117,-1.5681265002620226,우세,우세,우세,x,-1,mid,D0-P0,5
AL-3|x,-2.8762242504136735,-3.483561196356657,-2.595114125186917,-3.1098586245145543,-3.506504128342642,-2.6190068529412267,0.0002549069589599796,1.0,13.470535191098628,16.3467594415123,-4.965554345346936,-1.0012657904466404,-4.965554345346936,-1.0381832586007806,우세,우세,우세,x,-1,mid,R1-P0,5
AL-3|x,-1.2147253711333241,-1.3855798909082317,-1.126815527001138,-1.25009403773636,-1.381309264224058,-1.1366628117147588,0.0002549069589599796,1.0,15.132034070378978,16.3467594415123,-1.5257460458053718,-0.9848889558395234,-1.5257460458053709,-0.9848889558395226,우세,우세,우세,x,-1,mid,R0-P0,5
AL-3|x,0.07014489286519066,-1.0571824338402969,0.2172300302616589,-0.6150616025184924,-1.5051196988990512,0.14840733140504817,0.9218227424749164,0.5920777591973244,13.22479812641034,13.154653233545151,-1.897392913847363,0.3155523256192299,-2.341827190067515,0.4597134853864774,미결정,미결정,미결정,x,-1,far,R1-P1,5
AL-3|x,-3.2482957774794543,-4.5651559954697305,0.28353834248527215,-1.4094917787681926,-4.0990743495645034,1.320982694037389,0.07713210702341138,0.9180602006688964,13.154653233545151,16.402949011024607,-4.390120097895802,2.38358126463965,-5.367951539759309,3.7453446106734183,미결정,미결정,미결정,x,-1,far,P1-P0,5
AL-3|x,-3.1747723949330307,-4.6439624052368,-1.3749063861721653,-2.8799231504870915,-5.171453278862012,-0.722075181255991,0.0006270903010033445,0.9978051839464883,13.228176616091574,16.402949011024607,-5.5126839213850545,-0.5753779927735942,-6.728343282889522,0.8448527706922211,우세,우세,미결정,x,-1,far,D0-P0,5
AL-3|x,-3.1781508846142636,-4.6205755026824065,-0.3555573130528446,-2.024553381286685,-4.283145658810329,0.19555201706541828,0.021948160535117056,0.9661371237458194,13.22479812641034,16.402949011024607,-4.35255269270067,0.7508217437731227,-5.2030174270841005,1.6293619366197016,미결정,미결정,미결정,x,-1,far,R1-P0,5
AL-3|x,-1.1896004744510187,-1.6651420010355154,-0.595137100078796,-1.0922954592275569,-1.7287584652168926,-0.5031092732398812,0.00010451505016722408,0.9868311036789298,15.213348536573585,16.402949011024607,-1.9304375594162224,-0.4811843993965772,-2.0856542331970394,-0.1880509060389311,우세,우세,우세,x,-1,far,R0-P0,5
AL-3|x,0.8444248562336387,0.5894212733077528,1.1191900925005394,0.8176134117176932,0.5610283945585431,1.0729048091476034,0.00011668611435239207,0.996732788798133,14.116195794734718,13.271770938501081,0.36825014437054193,1.2202146481112244,0.4116369890011796,1.1829823165100772,열세,열세,열세,x,10,near,R1-P1,5
AL-3|x,-3.110030368176124,-3.494141893260124,-2.6213723387090013,-2.9107000593605883,-3.3098404363422476,-2.555069965542515,0.00011668611435239207,1.0,13.271770938501081,16.381801306677204,-3.6211144589391924,-2.3486251192181857,-3.499751171107217,-2.3486251192181857,우세,우세,우세,x,10,near,P1-P0,5
AL-3|x,2.3571654557590622,1.4172942987468096,3.780026546006507,2.542258523279348,1.5775986182342967,3.679772555178682,0.00011668611435239207,1.0,18.738966762436267,16.381801306677204,1.0514547034359998,5.284725327756621,1.2182187320388849,4.835219251202151,열세,열세,열세,x,10,near,D0-P0,5
AL-3|x,-2.265605511942485,-2.4897177160727186,-1.8809401972744253,-2.093086647642895,-2.3577129155762906,-1.8468555410206253,0.00011668611435239207,1.0,14.116195794734718,16.381801306677204,-2.5908747599359443,-1.7965118814021817,-2.4201348500915887,-1.791608073392665,우세,우세,우세,x,10,near,R1-P0,5
AL-3|x,0.6080878221707564,0.3464942337793382,0.9893651211750788,0.6630963206109761,0.3703112981319998,0.9774092785625168,0.00011668611435239207,0.8526254375729289,16.98988912884796,16.381801306677204,0.18598644959638938,1.121840121160312,0.21594842756453048,1.0811880891739574,열세,열세,열세,x,10,near,R0-P0,5
AL-3|x,0.4472043772008522,0.2702433676743104,0.9723372660643578,0.5826256142590825,0.3056919175489944,0.9953085819788584,0.00013709898546750753,0.7437619961612284,15.211486777236649,14.764282400035793,0.06158213662214947,1.1625870313335174,0.11878556376670464,1.1625870313335174,열세,열세,열세,x,10,mid,R1-P1,5
AL-3|x,-2.278770358275252,-3.8861439022325825,-2.0055906383419506,-2.5000754193168615,-3.950960441336194,-2.088961816377337,0.00013709898546750753,1.0,14.764282400035793,17.043052758311045,-4.464525085253694,-0.9366772919339267,-4.5012169532311574,-1.025903229334342,우세,우세,우세,x,10,mid,P1-P0,5
AL-3|x,1.0169112133899465,0.03400386036764062,2.4313429057179983,1.347020958411268,0.08103972718283879,2.4702689407074896,0.036468330134357005,0.9038936111872772,18.059963971700995,17.043052758311045,-0.013902796882260779,3.5895393217341667,0.06447158608785425,3.5895393217341667,열세,열세,미결정,x,10,mid,D0-P0,5
AL-3|x,-1.8315659810743998,-3.0370640927468338,-1.6392045743232107,-1.9174498050577788,-3.0589441013601033,-1.6656969903599443,0.00013709898546750753,1.0,15.211486777236649,17.043052758311045,-3.577357412369647,-0.8332779118198133,-3.607351794287869,-0.832642167348857,우세,우세,우세,x,10,mid,R1-P0,5
AL-3|x,0.25052870809962613,0.04283619336989948,0.7458948146155695,0.3738250905177075,0.06616671725361603,0.7615881104476111,0.01727447216890595,0.2968193035371538,17.29358146641067,17.043052758311045,-0.07797734427798868,0.8760825107948573,-0.04393609371997407,0.8760825107948573,열세,열세,미결정,x,10,mid,R0-P0,5
AL-3|x,0.8784966595465871,-0.5155007310887357,1.3191429562894468,0.2628624581274039,-1.135407157435516,1.4559922926323206,0.19704730340463994,0.7197951190117505,13.983535138974721,13.105038479428135,-1.201288005977916,1.5945607071466696,-2.1428462501508965,1.950016455395401,미결정,미결정,미결정,x,10,far,R1-P1,5
AL-3|x,-2.6839384612182378,-3.1146908348942226,-0.8672123165337651,-1.6956285914652338,-3.142171234146081,-0.11349528508340005,0.006628502561012353,0.9884503364467209,13.105038479428135,15.788976940646373,-3.399673226507922,-0.028254062550659164,-3.785907682373473,1.0178465037079227,우세,우세,미결정,x,10,far,P1-P0,5
AL-3|x,4.162313488167763,1.0524612661494368,8.327056753293155,4.225721686046809,-0.6452044041249344,8.93874416845099,0.014261323691875064,0.988651200160691,19.951290428814136,15.788976940646373,-0.7401661854094453,10.244771816353325,-3.7760448804887465,11.55104243577195,미결정,미결정,미결정,x,10,far,D0-P0,5
AL-3|x,-1.8054418016716507,-2.105340328867769,-0.8053575596437065,-1.4327661333378299,-2.0290269921884763,-0.7665446372273658,0.00010043185698503566,0.9956814301496435,13.983535138974721,15.788976940646373,-2.2276096752947314,-0.6108056135886756,-2.1436826104843605,-0.6435193028388204,우세,우세,우세,x,10,far,R1-P0,5
AL-3|x,0.9607462039688428,-0.24763539311210245,1.6879880092822828,0.60313541267031,-0.9148315043042644,1.9016421765884612,0.0923973084262328,0.8526664658029527,16.749723144615213,15.788976940646373,-0.7896089213786229,2.046268462874492,-1.9360120735891855,2.505217136469985,미결정,미결정,미결정,x,10,far,R0-P0,5
AL-3|x,0.2503836585750442,0.08644815537097332,0.3543810066889453,0.17983430695181113,0.05323610514817685,0.30413372924549475,0.0004484304932735426,0.00011210762331838565,11.794886213055202,11.544502554480156,0.06565306533657704,0.37470674450083274,0.0372864873095106,0.3342702960844095,열세,열세,열세,x,40,near,R1-P1,5
AL-3|x,-4.933209167580253,-5.68911173200371,-3.7556527305299823,-4.38481447058617,-5.2618232423259705,-3.560110932913836,0.00011210762331838565,1.0,11.544502554480156,16.477711722060413,-5.814451431582323,-3.8006395672279654,-5.46152745142376,-3.6350757369663453,우세,우세,우세,x,40,near,P1-P0,5
AL-3|x,-1.1923669011123639,-2.15535310965025,-0.07607978795051216,-1.126504765868754,-2.0030200368234206,-0.2474799930751624,0.030493273542600896,0.9169282511210762,15.285344820948046,16.477711722060413,-2.487895619983144,0.74937070098483,-2.3522265708055,0.5172086979505051,우세,우세,미결정,x,40,near,D0-P0,5
AL-3|x,-4.68282550900521,-5.394169891077344,-3.6185267371442644,-4.2049801636343584,-5.000424176003796,-3.476741268668807,0.00011210762331838565,1.0,11.794886213055202,16.477711722060413,-5.532702361213949,-3.6789463521122086,-5.205210621747806,-3.54465959193142,우세,우세,우세,x,40,near,R1-P0,5
AL-3|x,-0.5106636483317484,-0.7116380714137461,-0.20382556374873312,-0.48237335338845105,-0.7016251056324485,-0.24372871846364044,0.00011210762331838565,0.48161434977578477,15.967048073728659,16.477711722060413,-0.7737654265302876,-0.033090938563546675,-0.7598614123809835,-0.09971878071754318,우세,우세,우세,x,40,near,R0-P0,5
AL-3|x,0.11664026046386163,0.06479642087568109,0.3466100685105566,0.15165383264637172,0.06601805669892791,0.3484678691363899,0.0001870207593042828,0.0001870207593042828,13.832859946256042,13.716219685792183,0.06866530737549184,0.4212211893632102,0.06774985881817415,0.41838133419807,열세,열세,열세,x,40,mid,R1-P1,5
AL-3|x,-2.8607043271973978,-4.058273930661783,-2.581289260495594,-3.1895984008659446,-4.098326820808623,-2.6736280923918203,0.0001870207593042828,1.0,13.716219685792183,16.576924012989576,-5.0964004991089515,-1.3548133002390628,-5.0964004991089515,-1.5578483061756785,우세,우세,우세,x,40,mid,P1-P0,5
AL-3|x,-1.234093706615551,-1.466951843218817,-0.5493741637635182,-1.2006062648431925,-1.4680589250644789,-0.5590108609232324,0.0001870207593042828,0.9927061903871329,15.342830306374026,16.576924012989576,-1.437688505197433,-0.3562302217645109,-1.4428809811838552,-0.37179189586854733,우세,우세,우세,x,40,mid,D0-P0,5
AL-3|x,-2.7440640667335363,-3.7775790810874375,-2.4660634261022394,-3.037944568219573,-3.802289935636169,-2.5376269001971865,0.0001870207593042828,1.0,13.832859946256042,16.576924012989576,-4.699463451187353,-1.269054273675506,-4.699463451187353,-1.4376986430781418,우세,우세,우세,x,40,mid,R1-P0,5
AL-3|x,-0.5981264778618922,-0.7030527935011818,-0.3222259313231959,-0.5755291949090413,-0.7070509134745019,-0.32806751203029805,0.0001870207593042828,0.6743968580512437,15.978797535127688,16.576924012989576,-0.6677901908108815,-0.25867311764171075,-0.6672399744823097,-0.263147416467421,우세,우세,우세,x,40,mid,R0-P0,5
AL-3|x,0.20990061375577299,-0.8070346614758991,0.4278425663787032,-0.29923756334167917,-1.3284257016666663,0.5895471263031417,0.6573581115017579,0.3270718232044199,13.009865163916231,12.799964550160457,-1.5309362695458044,0.6139457025189256,-2.081304345079929,0.9977149208457913,미결정,미결정,미결정,x,40,far,R1-P1,5
AL-3|x,-3.398267799805198,-4.3515217356742975,-0.3556654793434148,-1.7607620399618895,-4.0367576599179165,0.553985052297999,0.03053741838272225,0.9698643897538926,12.799964550160457,16.198232349965654,-4.326905511159259,1.1361311644501506,-5.100534164650836,2.2936656887730513,미결정,미결정,미결정,x,40,far,P1-P0,5
AL-3|x,0.5140238407431482,-1.9315540536765827,3.7493810259521747,0.7176921061310129,-2.96482503433898,4.355032415012731,0.7073832245102963,0.550175791059769,16.712256190708807,16.198232349965654,-2.7669016696425106,5.765852845395016,-5.2219480140748855,6.71353527293865,미결정,미결정,미결정,x,40,far,D0-P0,5
AL-3|x,-3.1883671860494256,-4.126939458370671,-0.8249273053268796,-2.059999603303569,-3.714838617483332,-0.3992371200992961,0.005826217980914114,0.987945755901557,13.009865163916231,16.198232349965654,-4.0622575063613775,-0.2909142231716774,-4.309337520273984,0.40165958508448063,우세,우세,미결정,x,40,far,R1-P0,5
AL-3|x,-0.25720559795934894,-0.9357457840549034,0.3661532457071913,-0.301285856137515,-1.3092493229247828,0.5754692076154031,0.35720743345052736,0.3282772476142642,15.941026752006309,16.198232349965654,-1.1816386620007517,0.8049709081018835,-1.984109725618111,1.0563215931991798,미결정,미결정,미결정,x,40,far,R0-P0,5
AL-3|x,0.07619592350179616,-7.166390516495369e-05,0.14475485590686835,0.0642626977318752,-0.004196996279321042,0.13227813976104286,0.050448702401164204,0.00012127091923356779,11.122586573657259,11.046390650155463,-0.028605893283639126,0.2043017158363738,-0.03114959946167062,0.18290612479395163,동등,동등,동등,x,160,near,R1-P1,5
AL-3|x,-5.508618674852342,-6.300872585475319,-4.005496410541707,-4.740119151203284,-5.76413642548225,-3.7433213765309574,0.00012127091923356779,1.0,11.046390650155463,16.555009325007802,-6.371816044249733,-4.08775259413276,-5.905084784700804,-3.9089941908344152,우세,우세,우세,x,160,near,P1-P0,5
AL-3|x,-3.5991191929964423,-4.485709975947472,-2.4814620878256353,-3.26358622036508,-4.09209215394881,-2.4748604055925014,0.00012127091923356779,1.0,12.955890132011362,16.555009325007802,-4.94403650470687,-2.047709495706279,-4.676219487481761,-2.1543820372531552,우세,우세,우세,x,160,near,D0-P0,5
AL-3|x,-5.432422751350545,-6.238481841591106,-3.942805775188197,-4.675856453471409,-5.702173274827202,-3.691646788296188,0.00012127091923356779,1.0,11.122586573657259,16.555009325007802,-6.339508454498814,-3.98431351470538,-5.8763737932034426,-3.8465117671076534,우세,우세,우세,x,160,near,R1-P0,5
AL-3|x,-1.1545146399635169,-1.3370333705721575,-0.8584057489565068,-1.0991444136704644,-1.2946566873280354,-0.8798652724480713,0.00012127091923356779,1.0,15.400494685044288,16.555009325007802,-1.4147426899355249,-0.7103124524467663,-1.401677865123574,-0.7895588324237318,우세,우세,우세,x,160,near,R0-P0,5
AL-3|x,0.11377477717604734,0.01836588462565253,0.17045140104113177,0.09390888994436467,0.017966794978092438,0.16138970700898123,0.00673274733495418,0.0001870207593042828,13.469897793469087,13.35612301629304,-0.06182673888043766,0.2642079357072588,-0.06182673888043766,0.2503805208852403,열세,열세,동등,x,160,mid,R1-P1,5
AL-3|x,-2.970154782153803,-3.5652649649403956,-2.7308558881751934,-3.193831812828065,-3.5978580985914306,-2.7650773934850106,0.0001870207593042828,1.0,13.35612301629304,16.326277798446846,-4.589227929350517,-1.4236613032542698,-4.644695025947413,-1.5237535618135953,우세,우세,우세,x,160,mid,P1-P0,5
AL-3|x,-2.557962990597262,-3.0773111026121205,-2.3903362704216686,-2.718675995159738,-3.0821531465576277,-2.400512159958505,0.0001870207593042828,1.0,13.768314807849583,16.326277798446846,-3.592249961532448,-1.6808181333264742,-3.614561931955022,-1.7325727031217175,우세,우세,우세,x,160,mid,D0-P0,5
AL-3|x,-2.8563800049777557,-3.549836909977247,-2.5880493329649457,-3.0999229228837004,-3.562260705169416,-2.6172665769836554,0.0001870207593042828,1.0,13.469897793469087,16.326277798446846,-4.631242430671146,-1.1594533675470111,-4.684504806277204,-1.273373040928355,우세,우세,우세,x,160,mid,R1-P0,5
AL-3|x,-1.0721104925879335,-1.2147939024520524,-0.9761787005871849,-1.0957373133287511,-1.2143808931336577,-0.9812483150254295,0.0001870207593042828,1.0,15.25416730585891,16.326277798446846,-1.298728490622593,-0.9489390954825456,-1.298728490622593,-0.9483751570691528,우세,우세,우세,x,160,mid,R0-P0,5
AL-3|x,0.11541747007534049,-0.9963002861304697,0.2985998604808637,-0.4415535591414514,-1.4777501402395752,0.47094382415131447,0.8712374581939799,0.4412625418060201,13.312962107872313,13.197544637796971,-1.8526011245658773,0.4104338832954314,-2.3688342666197917,0.9005723384089426,미결정,미결정,미결정,x,160,far,R1-P1,5
AL-3|x,-3.2054043732276334,-4.472959281829097,0.21097664588970344,-1.4266220951258646,-4.0193444647940275,1.1853500600422644,0.06981605351170568,0.9207775919732442,13.197544637796971,16.402949011024607,-4.260045823092824,2.1875814660038584,-5.218664908294356,3.478351330747857,미결정,미결정,미결정,x,160,far,P1-P0,5
AL-3|x,-2.0079992787257144,-3.751003406238369,0.2195883852477336,-1.4595494154870559,-4.268092456655978,1.1905296069220783,0.07629598662207358,0.9099080267558528,14.394949732298889,16.402949011024607,-4.590831968808336,1.8810189602690885,-6.019482070299751,3.4563995508334235,미결정,미결정,미결정,x,160,far,D0-P0,5
AL-3|x,-3.089986903152293,-4.460237336677575,-0.2956567145141119,-1.868175654267316,-3.9469206586078394,0.1787465426772852,0.02508361204013378,0.9621655518394648,13.312962107872313,16.402949011024607,-4.17038228936606,0.5737175546208315,-4.6763974330028955,1.3415634254699556,미결정,미결정,미결정,x,160,far,R1-P0,5
AL-3|x,-0.8675726438373677,-1.4357852278826644,-0.22670287566134886,-0.8009800871307423,-1.644968097837081,-0.06589764019038565,0.008570234113712374,0.9116847826086957,15.535376367187235,16.402949011024607,-1.7148234106290472,0.16779116799762234,-2.208420619715382,0.4496802310829234,우세,우세,미결정,x,160,far,R0-P0,5
AL-4|i,0.6080527092710616,,,0.352796761054158,,,,,25.833918635423014,25.22586592615195,,,,,판정 불가,판정 불가,판정 불가,i,-1,near,R1-P1,3
AL-4|i,1.0906749570533378,,,1.4548894750135954,,,,,25.22586592615195,24.135190969098616,,,,,판정 불가,판정 불가,판정 불가,i,-1,near,P1-P0,3
AL-4|i,2.4426757458365684,,,2.115572026493986,,,,,26.577866714935183,24.135190969098616,,,,,판정 불가,판정 불가,판정 불가,i,-1,near,D0-P0,3
AL-4|i,1.6987276663243993,,,1.8076862360677535,,,,,25.833918635423014,24.135190969098616,,,,,판정 불가,판정 불가,판정 불가,i,-1,near,R1-P0,3
AL-4|i,0.6511968204158668,,,0.49618539051560145,,,,,24.78638778951448,24.135190969098616,,,,,판정 불가,판정 불가,판정 불가,i,-1,near,R0-P0,3
AL-4|i,-0.1242882080137478,,,-0.1242882080137478,,,,,22.857262984638666,22.981551192652418,,,,,판정 불가,판정 불가,판정 불가,i,-1,mid,R1-P1,3
AL-4|i,0.7415760121232265,,,0.7415760121232265,,,,,22.981551192652418,22.23997518052919,,,,,판정 불가,판정 불가,판정 불가,i,-1,mid,P1-P0,3
AL-4|i,0.21265090832745534,,,0.21265090832745534,,,,,22.452626088856647,22.23997518052919,,,,,판정 불가,판정 불가,판정 불가,i,-1,mid,D0-P0,3
AL-4|i,0.6172878041094787,,,0.6172878041094787,,,,,22.857262984638666,22.23997518052919,,,,,판정 불가,판정 불가,판정 불가,i,-1,mid,R1-P0,3
AL-4|i,0.08365948805176397,,,0.08365948805176397,,,,,22.323634668580954,22.23997518052919,,,,,판정 불가,판정 불가,판정 불가,i,-1,mid,R0-P0,3
AL-4|i,1.0302478742534487,,,0.8943481395180038,,,,,26.095336990601556,25.065089116348105,,,,,판정 불가,판정 불가,판정 불가,i,-1,far,R1-P1,3
AL-4|i,1.1998505062694658,,,0.6121422206684741,,,,,25.065089116348105,23.865238610078638,,,,,판정 불가,판정 불가,판정 불가,i,-1,far,P1-P0,3
AL-4|i,0.9794294037851886,,,-0.5302216067084989,,,,,24.844668013863828,23.865238610078638,,,,,판정 불가,판정 불가,판정 불가,i,-1,far,D0-P0,3
AL-4|i,2.2300983805229144,,,1.506490360186478,,,,,26.095336990601556,23.865238610078638,,,,,판정 불가,판정 불가,판정 불가,i,-1,far,R1-P0,3
AL-4|i,1.0994358292302,,,0.9575747696712291,,,,,24.96467443930884,23.865238610078638,,,,,판정 불가,판정 불가,판정 불가,i,-1,far,R0-P0,3
AL-4|i,0.6593950997350161,,,0.39715400976258647,,,,,25.687979994471693,25.028584894736678,,,,,판정 불가,판정 불가,판정 불가,i,10,near,R1-P1,3
AL-4|i,1.0969580203693425,,,1.0856995205226987,,,,,25.028584894736678,23.931626874367335,,,,,판정 불가,판정 불가,판정 불가,i,10,near,P1-P0,3
AL-4|i,1.3707124414421064,,,1.0797141276797635,,,,,25.302339315809437,23.931626874367335,,,,,판정 불가,판정 불가,판정 불가,i,10,near,D0-P0,3
AL-4|i,1.7563531201043585,,,1.4828535302852852,,,,,25.687979994471693,23.931626874367335,,,,,판정 불가,판정 불가,판정 불가,i,10,near,R1-P0,3
AL-4|i,0.6698584263598448,,,0.4010483052873539,,,,,24.601485300727177,23.931626874367335,,,,,판정 불가,판정 불가,판정 불가,i,10,near,R0-P0,3
AL-4|i,-0.006703124914873608,,,-0.006703124914873608,,,,,22.289048708485264,22.295751833400136,,,,,판정 불가,판정 불가,판정 불가,i,10,mid,R1-P1,3
AL-4|i,0.7514523029769181,,,0.7514523029769181,,,,,22.295751833400136,21.544299530423217,,,,,판정 불가,판정 불가,판정 불가,i,10,mid,P1-P0,3
AL-4|i,0.05044220177554415,,,0.05044220177554415,,,,,21.59474173219876,21.544299530423217,,,,,판정 불가,판정 불가,판정 불가,i,10,mid,D0-P0,3
AL-4|i,0.7447491780620444,,,0.7447491780620444,,,,,22.289048708485264,21.544299530423217,,,,,판정 불가,판정 불가,판정 불가,i,10,mid,R1-P0,3
AL-4|i,0.04681079403850082,,,0.04681079403850082,,,,,21.59111032446172,21.544299530423217,,,,,판정 불가,판정 불가,판정 불가,i,10,mid,R0-P0,3
AL-4|i,0.9988476106077009,,,0.881999823265442,,,,,26.801777997243036,25.802930386635335,,,,,판정 불가,판정 불가,판정 불가,i,10,far,R1-P1,3
AL-4|i,0.9096342966871541,,,0.8668573529962001,,,,,25.802930386635335,24.89329608994818,,,,,판정 불가,판정 불가,판정 불가,i,10,far,P1-P0,3
AL-4|i,0.6621641266033448,,,-0.8661784076045187,,,,,25.555460216551523,24.89329608994818,,,,,판정 불가,판정 불가,판정 불가,i,10,far,D0-P0,3
AL-4|i,1.9084819072948551,,,1.748857176261642,,,,,26.801777997243036,24.89329608994818,,,,,판정 불가,판정 불가,판정 불가,i,10,far,R1-P0,3
AL-4|i,1.0459868211710213,,,0.9397321696393076,,,,,25.939282911119204,24.89329608994818,,,,,판정 불가,판정 불가,판정 불가,i,10,far,R0-P0,3
AL-4|i,0.5125451219316707,,,0.2823074399714507,,,,,26.024627369637912,25.512082247706243,,,,,판정 불가,판정 불가,판정 불가,i,40,near,R1-P1,3
AL-4|i,1.631346397021731,,,2.038191694243461,,,,,25.512082247706243,23.880735850684513,,,,,판정 불가,판정 불가,판정 불가,i,40,near,P1-P0,3
AL-4|i,1.8512075643903916,,,1.5578328151639138,,,,,25.731943415074905,23.880735850684513,,,,,판정 불가,판정 불가,판정 불가,i,40,near,D0-P0,3
AL-4|i,2.1438915189534016,,,2.3204991342149115,,,,,26.024627369637912,23.880735850684513,,,,,판정 불가,판정 불가,판정 불가,i,40,near,R1-P0,3
AL-4|i,0.7301538043493873,,,0.49090360134302574,,,,,24.6108896550339,23.880735850684513,,,,,판정 불가,판정 불가,판정 불가,i,40,near,R0-P0,3
AL-4|i,-0.10494728439106993,,,-0.10494728439106993,,,,,22.45464682657079,22.559594110961864,,,,,판정 불가,판정 불가,판정 불가,i,40,mid,R1-P1,3
AL-4|i,1.1963838855407012,,,1.1963838855407012,,,,,22.559594110961864,21.36321022542116,,,,,판정 불가,판정 불가,판정 불가,i,40,mid,P1-P0,3
AL-4|i,0.19414776849522988,,,0.19414776849522988,,,,,21.557357993916387,21.36321022542116,,,,,판정 불가,판정 불가,판정 불가,i,40,mid,D0-P0,3
AL-4|i,1.0914366011496313,,,1.0914366011496313,,,,,22.45464682657079,21.36321022542116,,,,,판정 불가,판정 불가,판정 불가,i,40,mid,R1-P0,3
AL-4|i,0.046555978183738134,,,0.046555978183738134,,,,,21.4097662036049,21.36321022542116,,,,,판정 불가,판정 불가,판정 불가,i,40,mid,R0-P0,3
AL-4|i,0.9101941425097925,,,0.7610649698773292,,,,,27.957218131594914,27.047023989085123,,,,,판정 불가,판정 불가,판정 불가,i,40,far,R1-P1,3
AL-4|i,1.889010797190669,,,1.2237637940671722,,,,,27.047023989085123,25.158013191894455,,,,,판정 불가,판정 불가,판정 불가,i,40,far,P1-P0,3
AL-4|i,0.5935712881101646,,,-0.9977339114361486,,,,,25.75158448000462,25.158013191894455,,,,,판정 불가,판정 불가,판정 불가,i,40,far,D0-P0,3
AL-4|i,2.7992049397004615,,,1.9848287639445015,,,,,27.957218131594914,25.158013191894455,,,,,판정 불가,판정 불가,판정 불가,i,40,far,R1-P0,3
AL-4|i,0.9237130152732161,,,0.8320365911710196,,,,,26.081726207167673,25.158013191894455,,,,,판정 불가,판정 불가,판정 불가,i,40,far,R0-P0,3
AL-4|i,1.5207261583779825,,,0.8122333339661765,,,,,26.40788411455573,24.88715795617775,,,,,판정 불가,판정 불가,판정 불가,i,160,near,R1-P1,1
AL-4|i,-2.4773095422800218,,,-1.2829694288990403,,,,,24.88715795617775,27.36446749845777,,,,,판정 불가,판정 불가,판정 불가,i,160,near,P1-P0,1
AL-4|i,2.2791556342241286,,,1.295494839590333,,,,,29.6436231326819,27.36446749845777,,,,,판정 불가,판정 불가,판정 불가,i,160,near,D0-P0,1
AL-4|i,-0.9565833839020392,,,-0.47073609493286384,,,,,26.40788411455573,27.36446749845777,,,,,판정 불가,판정 불가,판정 불가,i,160,near,R1-P0,1
AL-4|i,1.847217996254198,,,1.094982039553372,,,,,29.21168549471197,27.36446749845777,,,,,판정 불가,판정 불가,판정 불가,i,160,near,R0-P0,1
AL-4|i,0.2789336696520195,,,0.2789336696520195,,,,,35.91435675873707,35.63542308908505,,,,,판정 불가,판정 불가,판정 불가,i,160,mid,R1-P1,1
AL-4|i,1.0076158497342362,,,1.0076158497342362,,,,,35.63542308908505,34.627807239350815,,,,,판정 불가,판정 불가,판정 불가,i,160,mid,P1-P0,1
AL-4|i,0.5513609203911187,,,0.5513609203911187,,,,,35.179168159741934,34.627807239350815,,,,,판정 불가,판정 불가,판정 불가,i,160,mid,D0-P0,1
AL-4|i,1.2865495193862557,,,1.2865495193862557,,,,,35.91435675873707,34.627807239350815,,,,,판정 불가,판정 불가,판정 불가,i,160,mid,R1-P0,1
AL-4|i,0.4559462700175345,,,0.4559462700175345,,,,,35.08375350936835,34.627807239350815,,,,,판정 불가,판정 불가,판정 불가,i,160,mid,R0-P0,1
AL-4|i,0.11248471372958235,,,0.17384509700477935,,,,,29.11964673121373,29.00716201748415,,,,,판정 불가,판정 불가,판정 불가,i,160,far,R1-P1,1
AL-4|i,0.6074212083576249,,,-2.319745929301167,,,,,29.00716201748415,28.399740809126524,,,,,판정 불가,판정 불가,판정 불가,i,160,far,P1-P0,1
AL-4|i,0.009410866188165556,,,-3.4250746108503485,,,,,28.40915167531469,28.399740809126524,,,,,판정 불가,판정 불가,판정 불가,i,160,far,D0-P0,1
AL-4|i,0.7199059220872073,,,-2.1459008322963875,,,,,29.11964673121373,28.399740809126524,,,,,판정 불가,판정 불가,판정 불가,i,160,far,R1-P0,1
AL-4|i,0.1238045174582112,,,0.13488092314813827,,,,,28.523545326584735,28.399740809126524,,,,,판정 불가,판정 불가,판정 불가,i,160,far,R0-P0,1
AL-4|x,1.5892594079587354,,,1.1897611332902815,,,,,26.690908627432773,25.101649219474037,,,,,판정 불가,판정 불가,판정 불가,x,-1,near,R1-P1,3
AL-4|x,2.8373822852232373,,,2.906322967456249,,,,,25.101649219474037,22.2642669342508,,,,,판정 불가,판정 불가,판정 불가,x,-1,near,P1-P0,3
AL-4|x,7.80884236695007,,,6.6469760938238585,,,,,30.07310930120087,22.2642669342508,,,,,판정 불가,판정 불가,판정 불가,x,-1,near,D0-P0,3
AL-4|x,4.426641693181973,,,4.0960841007465305,,,,,26.690908627432773,22.2642669342508,,,,,판정 불가,판정 불가,판정 불가,x,-1,near,R1-P0,3
AL-4|x,2.1876215116086057,,,1.71208676140409,,,,,24.451888445859407,22.2642669342508,,,,,판정 불가,판정 불가,판정 불가,x,-1,near,R0-P0,3
AL-4|x,-0.5621102363521935,,,-0.5621102363521935,,,,,22.388442299472672,22.95055253582487,,,,,판정 불가,판정 불가,판정 불가,x,-1,mid,R1-P1,3
AL-4|x,0.29086425303258184,,,0.29086425303258184,,,,,22.95055253582487,22.659688282792285,,,,,판정 불가,판정 불가,판정 불가,x,-1,mid,P1-P0,3
AL-4|x,3.240727601153458,,,3.240727601153458,,,,,25.900415883945744,22.659688282792285,,,,,판정 불가,판정 불가,판정 불가,x,-1,mid,D0-P0,3
AL-4|x,-0.27124598331961164,,,-0.27124598331961164,,,,,22.388442299472672,22.659688282792285,,,,,판정 불가,판정 불가,판정 불가,x,-1,mid,R1-P0,3
AL-4|x,-0.8523349974577977,,,-0.8523349974577977,,,,,21.80735328533449,22.659688282792285,,,,,판정 불가,판정 불가,판정 불가,x,-1,mid,R0-P0,3
AL-4|x,0.7560293735229102,,,1.0994584338919466,,,,,25.758198744510704,25.00216937098779,,,,,판정 불가,판정 불가,판정 불가,x,-1,far,R1-P1,3
AL-4|x,1.5904237741109526,,,2.009977718115144,,,,,25.00216937098779,23.41174559687684,,,,,판정 불가,판정 불가,판정 불가,x,-1,far,P1-P0,3
AL-4|x,10.159118542394578,,,7.186245696762224,,,,,33.57086413927142,23.41174559687684,,,,,판정 불가,판정 불가,판정 불가,x,-1,far,D0-P0,3
AL-4|x,2.346453147633863,,,3.1094361520070906,,,,,25.758198744510704,23.41174559687684,,,,,판정 불가,판정 불가,판정 불가,x,-1,far,R1-P0,3
AL-4|x,0.7259829182044335,,,1.0540409719799027,,,,,24.137728515081278,23.41174559687684,,,,,판정 불가,판정 불가,판정 불가,x,-1,far,R0-P0,3
AL-4|x,3.868722518446939,,,3.379041169160606,,,,,27.324618634976275,23.455896116529335,,,,,판정 불가,판정 불가,판정 불가,x,10,near,R1-P1,3
AL-4|x,1.5199075757094438,,,1.3791798529579005,,,,,23.455896116529335,21.935988540819892,,,,,판정 불가,판정 불가,판정 불가,x,10,near,P1-P0,3
AL-4|x,16.320773583889082,,,15.029498478289364,,,,,38.25676212470898,21.935988540819892,,,,,판정 불가,판정 불가,판정 불가,x,10,near,D0-P0,3
AL-4|x,5.388630094156383,,,4.758221022118506,,,,,27.324618634976275,21.935988540819892,,,,,판정 불가,판정 불가,판정 불가,x,10,near,R1-P0,3
AL-4|x,3.6310748643986677,,,3.108301135855175,,,,,25.567063405218562,21.935988540819892,,,,,판정 불가,판정 불가,판정 불가,x,10,near,R0-P0,3
AL-4|x,0.029441206895516103,,,0.029441206895516103,,,,,21.906416419263138,21.876975212367615,,,,,판정 불가,판정 불가,판정 불가,x,10,mid,R1-P1,3
AL-4|x,0.13530244386700593,,,0.13530244386700593,,,,,21.876975212367615,21.74167276850061,,,,,판정 불가,판정 불가,판정 불가,x,10,mid,P1-P0,3
AL-4|x,8.57317647171652,,,8.57317647171652,,,,,30.314849240217132,21.74167276850061,,,,,판정 불가,판정 불가,판정 불가,x,10,mid,D0-P0,3
AL-4|x,0.16474365076252204,,,0.16474365076252204,,,,,21.906416419263138,21.74167276850061,,,,,판정 불가,판정 불가,판정 불가,x,10,mid,R1-P0,3
AL-4|x,-0.6274382568899389,,,-0.6274382568899389,,,,,21.114234511610675,21.74167276850061,,,,,판정 불가,판정 불가,판정 불가,x,10,mid,R0-P0,3
AL-4|x,1.0628798495910299,,,1.6483666206186502,,,,,26.489708555280913,25.426828705689882,,,,,판정 불가,판정 불가,판정 불가,x,10,far,R1-P1,3
AL-4|x,0.6235610841198458,,,1.19469565900609,,,,,25.426828705689882,24.803267621570033,,,,,판정 불가,판정 불가,판정 불가,x,10,far,P1-P0,3
AL-4|x,12.761895490655101,,,11.225407328230993,,,,,37.56516311222514,24.803267621570033,,,,,판정 불가,판정 불가,판정 불가,x,10,far,D0-P0,3
AL-4|x,1.6864409337108757,,,2.8430622796247405,,,,,26.489708555280913,24.803267621570033,,,,,판정 불가,판정 불가,판정 불가,x,10,far,R1-P0,3
AL-4|x,0.6222858882915681,,,1.4063592657669233,,,,,25.425553509861604,24.803267621570033,,,,,판정 불가,판정 불가,판정 불가,x,10,far,R0-P0,3
AL-4|x,2.8008351948464885,,,2.3414308070550724,,,,,27.434109114283277,24.63327391943679,,,,,판정 불가,판정 불가,판정 불가,x,40,near,R1-P1,3
AL-4|x,2.5659740212445357,,,2.5722933504248764,,,,,24.63327391943679,22.06729989819225,,,,,판정 불가,판정 불가,판정 불가,x,40,near,P1-P0,3
AL-4|x,11.483819817800267,,,10.088089965720453,,,,,33.55111971599252,22.06729989819225,,,,,판정 불가,판정 불가,판정 불가,x,40,near,D0-P0,3
AL-4|x,5.366809216091024,,,4.913724157479948,,,,,27.434109114283277,22.06729989819225,,,,,판정 불가,판정 불가,판정 불가,x,40,near,R1-P0,3
AL-4|x,2.7344819470041,,,2.265556168527379,,,,,24.801781845196356,22.06729989819225,,,,,판정 불가,판정 불가,판정 불가,x,40,near,R0-P0,3
AL-4|x,-0.20848795500777348,,,-0.20848795500777348,,,,,22.146129315980986,22.354617270988758,,,,,판정 불가,판정 불가,판정 불가,x,40,mid,R1-P1,3
AL-4|x,0.23175588369264588,,,0.23175588369264588,,,,,22.354617270988758,22.122861387296116,,,,,판정 불가,판정 불가,판정 불가,x,40,mid,P1-P0,3
AL-4|x,4.191616878952697,,,4.191616878952697,,,,,26.314478266248813,22.122861387296116,,,,,판정 불가,판정 불가,판정 불가,x,40,mid,D0-P0,3
AL-4|x,0.023267928684872412,,,0.023267928684872412,,,,,22.146129315980986,22.122861387296116,,,,,판정 불가,판정 불가,판정 불가,x,40,mid,R1-P0,3
AL-4|x,-0.7633696497606147,,,-0.7633696497606147,,,,,21.359491737535496,22.122861387296116,,,,,판정 불가,판정 불가,판정 불가,x,40,mid,R0-P0,3
AL-4|x,0.7244255841672201,,,1.15868690252188,,,,,26.31618497737705,25.59175939320983,,,,,판정 불가,판정 불가,판정 불가,x,40,far,R1-P1,3
AL-4|x,1.360160240821081,,,1.8862196771503612,,,,,25.59175939320983,24.23159915238875,,,,,판정 불가,판정 불가,판정 불가,x,40,far,P1-P0,3
AL-4|x,9.246121721234468,,,7.358773753796985,,,,,33.47772087362322,24.23159915238875,,,,,판정 불가,판정 불가,판정 불가,x,40,far,D0-P0,3
AL-4|x,2.084585824988301,,,3.0449065796722414,,,,,26.31618497737705,24.23159915238875,,,,,판정 불가,판정 불가,판정 불가,x,40,far,R1-P0,3
AL-4|x,0.6542933180579086,,,1.1273288247888817,,,,,24.88589247044666,24.23159915238875,,,,,판정 불가,판정 불가,판정 불가,x,40,far,R0-P0,3
AL-4|x,2.6751407453245015,,,1.338757310577435,,,,,27.89815378692478,25.22301304160028,,,,,판정 불가,판정 불가,판정 불가,x,160,near,R1-P1,1
AL-4|x,-0.4218451732012589,,,-0.1929938938503959,,,,,25.22301304160028,25.644858214801538,,,,,판정 불가,판정 불가,판정 불가,x,160,near,P1-P0,1
AL-4|x,9.195673530809223,,,5.587266515232425,,,,,34.84053174561076,25.644858214801538,,,,,판정 불가,판정 불가,판정 불가,x,160,near,D0-P0,1
AL-4|x,2.2532955721232426,,,1.1457634167270392,,,,,27.89815378692478,25.644858214801538,,,,,판정 불가,판정 불가,판정 불가,x,160,near,R1-P0,1
AL-4|x,2.7099610633524307,,,1.3864917646671628,,,,,28.35481927815397,25.644858214801538,,,,,판정 불가,판정 불가,판정 불가,x,160,near,R0-P0,1
AL-4|x,-2.2523843055913417,,,-2.2523843055913417,,,,,33.88531769834763,36.13770200393897,,,,,판정 불가,판정 불가,판정 불가,x,160,mid,R1-P1,1
AL-4|x,0.269748255688917,,,0.269748255688917,,,,,36.13770200393897,35.86795374825005,,,,,판정 불가,판정 불가,판정 불가,x,160,mid,P1-P0,1
AL-4|x,6.970952370966536,,,6.970952370966536,,,,,42.83890611921659,35.86795374825005,,,,,판정 불가,판정 불가,판정 불가,x,160,mid,D0-P0,1
AL-4|x,-1.9826360499024247,,,-1.9826360499024247,,,,,33.88531769834763,35.86795374825005,,,,,판정 불가,판정 불가,판정 불가,x,160,mid,R1-P0,1
AL-4|x,-1.992151632436503,,,-1.992151632436503,,,,,33.87580211581355,35.86795374825005,,,,,판정 불가,판정 불가,판정 불가,x,160,mid,R0-P0,1
AL-4|x,0.12236431187740138,,,1.0772486736688265,,,,,28.241158886964712,28.11879457508731,,,,,판정 불가,판정 불가,판정 불가,x,160,far,R1-P1,1
AL-4|x,0.15976963655786136,,,-0.46628934897871943,,,,,28.11879457508731,27.95902493852945,,,,,판정 불가,판정 불가,판정 불가,x,160,far,P1-P0,1
AL-4|x,19.104564507287723,,,10.909428107864507,,,,,47.06358944581717,27.95902493852945,,,,,판정 불가,판정 불가,판정 불가,x,160,far,D0-P0,1
AL-4|x,0.28213394843526274,,,0.610959324690107,,,,,28.241158886964712,27.95902493852945,,,,,판정 불가,판정 불가,판정 불가,x,160,far,R1-P0,1
AL-4|x,0.5418848037795563,,,1.2989698554946258,,,,,28.500909742309005,27.95902493852945,,,,,판정 불가,판정 불가,판정 불가,x,160,far,R0-P0,1
AL-5|i,-0.14933722714438175,-0.5082877629005996,0.158523246550764,-0.3026741286621011,-0.6442565734999626,0.04243566962312815,0.34888839973585734,0.1271186440677966,25.008032131354618,25.157369358499004,-0.612534798392556,0.17021350025585746,-0.8084810190395487,0.0926858357748774,미결정,동등,미결정,i,-1,near,R1-P1,5
AL-5|i,1.8926578910668688,0.793220621051657,3.6793890482608225,2.523033057223066,1.2061446483176947,3.7634219177109514,0.00011005943209333039,1.0,25.157369358499004,23.264711467432136,0.8578974574465065,3.3177352096818975,1.2841532000913063,3.4626721161302663,열세,열세,열세,i,-1,near,P1-P0,5
AL-5|i,2.010129105886416,0.11714168988213429,4.6812306649703,1.5375355818528669,-1.1856508722405308,4.209066997099429,0.04050187101034559,0.9511336121505614,25.27484057331855,23.264711467432136,-1.3143515380061963,4.633610041171214,-3.0717265338245454,4.647672085155752,미결정,미결정,미결정,i,-1,near,D0-P0,5
AL-5|i,1.743320663922487,0.630590736965678,3.567183909514982,2.220358928560965,0.8790423231914037,3.549412631973144,0.001100594320933304,0.9969183359013868,25.008032131354618,23.264711467432136,0.6687836632473552,3.1834798308766654,0.6544985461090237,3.2625533471454045,열세,열세,열세,i,-1,near,R1-P0,5
AL-5|i,0.029540566726745255,-0.3113498814023672,0.4324787138462405,0.020077282268196227,-0.3356780858072655,0.3876716902934974,0.7186880915694475,0.009575170592119745,23.29425203415888,23.264711467432136,-0.46670895328211964,0.4539130314683087,-0.5829562051453427,0.445417852912052,동등,동등,미결정,i,-1,near,R0-P0,5
AL-5|i,-0.3799377611174073,-0.557982112727364,-0.26142064172001894,-0.44226081527328526,-0.5649733796280603,-0.31581093093180995,0.00028392958546280523,0.20471323111868256,23.01540958970963,23.395347350827038,-0.7794226239101553,-0.1502208674905745,-0.776951945507926,-0.1562548048565957,우세,우세,우세,i,-1,mid,R1-P1,5
AL-5|i,2.252417217767852,2.1338113073704017,2.459716684393385,2.3094641441376926,2.1637256921513277,2.4572207992173483,0.00028392958546280523,1.0,23.395347350827038,21.142930133059185,1.1032242723810484,4.4184745098356135,1.1294104265724165,4.468911709347311,열세,열세,열세,i,-1,mid,P1-P0,5
AL-5|i,0.327802094979922,-0.7815643975844405,1.6296172437268273,0.3255681815131979,-0.8437379734281095,1.480468307645129,0.5565019875070982,0.43781942078364566,21.470732228039104,21.142930133059185,-2.1128626281343736,2.448170037325459,-2.584394362213324,2.139538448722992,미결정,미결정,미결정,i,-1,mid,D0-P0,5
AL-5|i,1.872479456650445,1.6637787905753512,2.098974326597176,1.8672033288644072,1.6692797073550814,2.0667284526558594,0.00028392958546280523,1.0,23.01540958970963,21.142930133059185,0.5696407875660056,4.23206453416727,0.5568887456245907,4.272664075971969,열세,열세,열세,i,-1,mid,R1-P0,5
AL-5|i,-0.10198604860994606,-0.33484311339436773,0.049610955127133496,-0.15735634578345065,-0.3435581555934085,0.0252679654702036,0.4616695059625213,0.00028392958546280523,21.04094408444924,21.142930133059185,-0.5979949662448791,0.4214951313104957,-0.6435857198116337,0.39167402364425724,동등,동등,미결정,i,-1,mid,R0-P0,5
AL-5|i,-0.056949737881979344,-0.4427820371146265,0.23542557873784256,-0.16062679695594967,-0.4129909855716804,0.1095299510113766,0.5030823648307226,0.007074279939363315,22.387445003060538,22.444394740942514,-0.4876357448754655,0.31406258229344325,-0.44380966533764177,0.13536272016257114,동등,동등,동등,i,-1,far,R1-P1,5
AL-5|i,2.1581794463456747,-1.6086965199972387,2.67875419351373,0.6481387865345315,-1.5674750331158096,2.404242464934362,0.49984840828701366,0.7445174330469935,22.444394740942514,20.28621529459684,-1.6526067728049616,2.7180380417454857,-1.7031048389513914,2.517862683023785,미결정,미결정,미결정,i,-1,far,P1-P0,5
AL-5|i,3.039461379899741,-1.1431510269134038,5.3017216254321164,-0.09721040757300763,-2.4773370898963725,2.5371602582789214,0.18979282465891864,0.8457806973218798,23.32567667449658,20.28621529459684,-2.553499047899035,6.161919836186129,-3.4452828881642525,3.490997339439018,미결정,미결정,미결정,i,-1,far,D0-P0,5
AL-5|i,2.1012297084636957,-1.719642777858052,2.6285822269715,0.4875119895785819,-1.6886618324140206,2.293390780305633,0.5087417887822132,0.7440121273370389,22.387445003060538,20.28621529459684,-1.7654436323325449,2.592248309881082,-1.8426645155273578,2.448393349153906,미결정,미결정,미결정,i,-1,far,R1-P0,5
AL-5|i,0.2419220803540103,-0.4518168537679666,0.5436108037584236,-0.08122270235461641,-0.4368736285607223,0.31760235894562233,0.6684183931278423,0.04224355735219808,20.528137374950852,20.28621529459684,-0.43933106615841155,0.5972093528759305,-0.46326797856835344,0.38187188931111765,미결정,동등,미결정,i,-1,far,R0-P0,5
AL-5|i,-0.39498009963759984,-0.6867447349313841,-0.280166691605101,-0.47880064498551034,-0.7274788467549794,-0.3178360950206478,0.00010032102728731942,0.4727126805778491,24.66517082428729,25.06015092392489,-0.7249147729399368,-0.264947246476044,-0.7942631653191873,-0.24577662730354377,우세,우세,우세,i,10,near,R1-P1,5
AL-5|i,0.9607822971072217,-0.7337486925605251,1.7043874517355468,1.0076388207137703,-0.5565905214675686,1.7369648318286781,0.12780898876404495,0.9218499197431782,25.06015092392489,24.09936862681767,-0.4671345028090503,1.5266307614978054,-0.3966006460357573,1.71378582332198,미결정,미결정,미결정,i,10,near,P1-P0,5
AL-5|i,-1.0504031884486857,-1.9419465470442838,-0.2046479679420457,-1.4451614928110956,-2.231079273345763,-0.5950059027337854,0.014245585874799358,0.9849518459069021,23.048965438368988,24.09936862681767,-2.320271786645586,-0.12682162745739803,-2.5932006501811826,-0.30484060007840413,우세,우세,우세,i,10,near,D0-P0,5
AL-5|i,0.5658021974696219,-1.4055345631628848,1.2490889956460092,0.5288381757282601,-1.2697311594421965,1.2461947529061543,0.14526484751203853,0.6598113964686998,24.66517082428729,24.09936862681767,-1.1790034834271363,1.079018410678458,-1.1597353464858093,1.24809922782041,미결정,미결정,미결정,i,10,near,R1-P0,5
AL-5|i,-0.3742124258697011,-0.6859427879622325,-0.2844750116233245,-0.46319599559413654,-0.7404617064365066,-0.3160369107979549,0.00010032102728731942,0.41342295345104335,23.725156200947968,24.09936862681767,-0.7247346937598971,-0.27133933887992745,-0.7982788448232224,-0.24592264774961803,우세,우세,우세,i,10,near,R0-P0,5
AL-5|i,-0.34096690404457064,-0.6341536956585355,-0.24340714078575607,-0.34596614439422807,-0.6295393497921923,-0.26332628832592575,0.00023640661938534278,0.21418439716312057,22.508685735950866,22.849652639995437,-1.118462282778527,-0.0738975016887009,-1.10646809670313,-0.07264122584004706,우세,우세,우세,i,10,mid,R1-P1,5
AL-5|i,1.0819781418629097,0.9934265866591683,2.5047005389584687,1.1815258105951039,1.059993628379895,2.502701564516882,0.00023640661938534278,1.0,22.849652639995437,21.76767449813253,0.4735573631205297,3.1671424463632127,0.49169566000752624,3.171902273711868,열세,열세,열세,i,10,mid,P1-P0,5
AL-5|i,0.05300890968562157,-2.2009847405473275,0.7458958671883529,-0.3801183162699672,-2.4288100915285527,0.5047728345924434,0.8997635933806146,0.45602836879432623,21.820683407818148,21.76767449813253,-6.1667032247779225,1.492758024090982,-6.129277096566875,1.35183173100324,미결정,미결정,미결정,i,10,mid,D0-P0,5
AL-5|i,0.7410112378183392,0.699177600125257,1.8267505469162904,0.8355596662008757,0.7357060745546263,1.8473173819203823,0.00023640661938534278,1.0,22.508685735950866,21.76767449813253,-0.007848247061575473,2.3938535331277593,0.05427966367289194,2.3694885519064104,열세,열세,미결정,i,10,mid,R1-P0,5
AL-5|i,-0.3245506795349968,-0.6120586073682734,-0.23313644896090055,-0.34696604532663,-0.6136314987217221,-0.26005042302403125,0.00023640661938534278,0.18014184397163122,21.44312381859753,21.76767449813253,-1.1364922210694473,-0.0816472710839129,-1.1215934275219563,-0.10272509482682833,우세,우세,우세,i,10,mid,R0-P0,5
AL-5|i,-0.0730176041969898,-0.2816281884313622,0.08792299302855817,-0.23512441431028536,-0.424322690230765,-0.06920805092845571,0.2888,0.0033,18.66695315326371,18.739970757460693,-0.3440596174460952,0.15514965342493864,-0.5091931124275151,-0.004960333597619351,동등,동등,미결정,i,10,far,R1-P1,5
AL-5|i,0.9152209907379536,-0.9050551966963585,1.3766442380767943,0.028845844673510257,-0.8819945278953513,1.0326985541637286,0.1516,0.7655,18.739970757460693,17.824749766722743,-0.9763588337285964,1.4635493327339955,-1.082835398428481,1.3043592915096662,미결정,미결정,미결정,i,10,far,P1-P0,5
AL-5|i,1.8506598695571193,0.15170567297642382,3.5367504187033285,0.6719947661224239,-0.7613644936852751,2.18284529534403,0.0312,0.9424,19.675409636279863,17.824749766722743,-0.6789075458802343,4.787381150096136,-1.840753894871271,3.268401295577849,미결정,미결정,미결정,i,10,far,D0-P0,5
AL-5|i,0.8422033865409638,-1.0998541372345072,1.334684370755496,-0.2062785696367751,-1.1560697326532259,0.8297171997377288,0.1936,0.694,18.66695315326371,17.824749766722743,-1.1176336593606784,1.3267422787182168,-1.3834277236133528,1.1269892615364834,미결정,미결정,미결정,i,10,far,R1-P0,5
AL-5|i,-0.04732272194703171,-0.29333966085538543,0.11119549462844096,-0.2526156500077594,-0.4522277567441485,-0.0766780994333862,0.4012,0.008,17.777427044775713,17.824749766722743,-0.34148815352617035,0.15756214665479956,-0.5427109312847723,-0.010900092678390814,동등,동등,미결정,i,10,far,R0-P0,5
AL-5|i,-0.46128420579171703,-0.6001137611774952,-0.3149999463551471,-0.4315762476279669,-0.6073969761743605,-0.25439443116694965,0.00010032102728731942,0.3192215088282504,25.53194088370674,25.99322508949846,-0.6262732319081291,-0.2702011685098648,-0.6935360735592127,-0.16167885424425651,우세,우세,우세,i,40,near,R1-P1,5
AL-5|i,2.0069374777954097,-1.2219710532470638,3.329066194279685,2.130506068989939,-1.1711892494241862,3.116485771976395,0.12620385232744782,0.9368980738362761,25.99322508949846,23.986287611703048,-1.1301923927855158,3.177613397079563,-1.1215867270865878,3.0851206827578648,미결정,미결정,미결정,i,40,near,P1-P0,5
AL-5|i,-0.3604413580834603,-1.8683290503601149,1.168096385354588,-0.616456143919045,-2.4072388237005473,0.7658887831343929,0.6865971107544141,0.5824638844301766,23.625846253619585,23.986287611703048,-2.5136477476481582,1.3210472217900187,-3.0769235168834745,1.1319823289901663,미결정,미결정,미결정,i,40,near,D0-P0,5
AL-5|i,1.5456532720036926,-1.706884712915295,2.834695253126708,1.6989298213619723,-1.6134293831029243,2.670758676385566,0.12620385232744782,0.9334871589085072,25.53194088370674,23.986287611703048,-1.6330947123700403,2.698743356895036,-1.5988323177797454,2.674369951416351,미결정,미결정,미결정,i,40,near,R1-P0,5
AL-5|i,-0.35131611535732077,-0.543453371559826,-0.18696854906162308,-0.289953499389253,-0.5070335488590902,-0.12220841804091061,0.00020064205457463884,0.04313804173354735,23.63497149634573,23.986287611703048,-0.6235978969095635,-0.1333664700170478,-0.6058516247401031,-0.02813550474259611,우세,우세,우세,i,40,near,R0-P0,5
AL-5|i,-0.3418283626781161,-0.5059800795464809,-0.0500514373976257,-0.34254789121560025,-0.4908645857874525,-0.04301629455842501,0.0066649577031530375,0.028710587028966932,22.67281620165381,23.014644564331924,-0.7680667359121571,0.2545420870418429,-0.7357103930220058,0.2586652962414622,우세,우세,미결정,i,40,mid,R1-P1,5
AL-5|i,1.6978411767849764,1.0341037379487865,3.339326221052758,1.5596246261307314,0.9566907866187009,3.3043361451310576,0.0002563445270443476,1.0,23.014644564331924,21.316803387546948,0.524685689865472,4.80463090488514,0.22785716864023364,4.6369193674965725,열세,열세,열세,i,40,mid,P1-P0,5
AL-5|i,-0.05160048564699053,-0.5508022157455723,2.968562588495627,0.5360530627846991,-0.3054705877864098,2.9273730012664636,0.7167392976159959,0.5472955652396821,21.265202901899958,21.316803387546948,-1.2250878541675898,5.339573735138875,-0.9855079706629745,4.983213876406456,미결정,미결정,미결정,i,40,mid,D0-P0,5
AL-5|i,1.3560128141068604,0.6942044207943252,3.260693876514477,1.2170767349151312,0.561403968788206,3.2537696402120195,0.0002563445270443476,0.9910279415534479,22.67281620165381,21.316803387546948,0.0709102883947478,5.069127792311051,-0.16151756047354726,4.885843896419921,열세,열세,미결정,i,40,mid,R1-P0,5
AL-5|i,-0.2826553092526957,-0.4294308575634059,0.07431850460334921,-0.26722308916835685,-0.4140161221275417,0.0906471114497796,0.13176108690079466,0.0002563445270443476,21.03414807829425,21.316803387546948,-0.666616934278412,0.5148059763658352,-0.638443186307179,0.5054724626871443,동등,동등,미결정,i,40,mid,R0-P0,5
AL-5|i,-0.05540083194642627,-0.37607150652695803,0.09491080772029603,-0.27396609901817504,-0.47419159132606703,-0.07727899661205738,0.2790604296326039,0.012346918289500101,19.912230288724935,19.967631120671363,-0.47423945766933634,0.1556968554764829,-0.5405872737123242,0.009986268739458867,동등,동등,미결정,i,40,far,R1-P1,5
AL-5|i,1.3780279445080268,-1.9552836396626396,2.069200700394059,0.04450961574533778,-1.8965275515312465,1.5251169585630495,0.5508933949006224,0.6846014856454528,19.967631120671363,18.589603176163337,-1.9773133127868834,1.9946006438397237,-2.0363111066496162,1.5758099136594033,미결정,미결정,미결정,i,40,far,P1-P0,5
AL-5|i,1.9101419936953572,-0.6753942665874266,3.5309244416652983,-0.05390510885181108,-1.7897052498771613,1.7482115189097813,0.16583015458743225,0.8338687010640433,20.49974516985869,18.589603176163337,-2.156092381550443,4.535380450941133,-2.7536988349319502,2.8891546197403413,미결정,미결정,미결정,i,40,far,D0-P0,5
AL-5|i,1.3226271125616005,-2.1796362941566794,2.0226012449394224,-0.22945648327283727,-2.195170787418547,1.352447164033009,0.5796024894599479,0.6627183296526802,19.912230288724935,18.589603176163337,-2.2355164570251174,1.9286642844336366,-2.3268399647355333,1.4350218889951931,미결정,미결정,미결정,i,40,far,R1-P0,5
AL-5|i,0.008448034613531163,-0.39902875605969873,0.18576939643446644,-0.19388176893499393,-0.46593328031596926,0.02558099355791038,0.6892190323228268,0.013651877133105802,18.598051210776866,18.589603176163337,-0.4501370963576918,0.26575256111858414,-0.5305805997506284,0.1108180550483118,동등,동등,미결정,i,40,far,R0-P0,5
AL-5|i,-0.2808637173028082,-0.4900757982708898,-0.06017569362484779,-0.23719108436695358,-0.5166222474224379,0.05635662330187827,0.012421030088874612,0.03180212014134275,25.299620065591792,25.5804837828946,-0.48829326899917985,-0.06671341130032482,-0.5837545228353505,0.1665947643098525,미결정,동등,미결정,i,160,near,R1-P1,5
AL-5|i,2.057705748949091,1.1545130219010715,3.601063566130326,2.6497060199034856,1.5510953883185572,3.7059338061713563,0.00010707784559374665,1.0,25.5804837828946,23.522778033945507,1.1414036224718085,3.23419954420922,1.2977378467747491,3.428561770607012,열세,열세,열세,i,160,near,P1-P0,5
AL-5|i,0.5856922783593674,-0.812475436182079,2.6423296539494623,0.8261870714378109,-1.266459052759009,2.8923623670342513,0.3317271656494271,0.6210515044437306,24.108470312304874,23.522778033945507,-2.057563712610869,2.772816222564856,-2.704418695434182,3.3005017792986617,미결정,미결정,미결정,i,160,near,D0-P0,5
AL-5|i,1.776842031646283,0.8820275208321076,3.281627355871339,2.412514935536532,1.2767713066149757,3.4956268935151247,0.00010707784559374665,1.0,25.299620065591792,23.522778033945507,0.781550397606599,2.919111476512966,0.9110807803366212,3.2542853172273367,열세,열세,열세,i,160,near,R1-P0,5
AL-5|i,-0.03502709340941479,-0.2372713777033925,0.26326794250279606,0.08634879745422772,-0.21946981792122472,0.40689557197455045,0.8679730163829104,0.005568047970874826,23.487750940536092,23.522778033945507,-0.34421738143659986,0.17406465503333368,-0.36079034892869855,0.46091192367042433,동등,동등,동등,i,160,near,R0-P0,5
AL-5|i,-0.3944792086196195,-0.4861782258233708,-0.20291908059794803,-0.3515502380843465,-0.48923124776811644,-0.21649286628568448,0.0002563445270443476,0.01717508331197129,22.533201450773838,22.927680659393456,-0.6126899085224607,-0.10624670597147423,-0.5971817418399833,-0.11037631328028989,우세,우세,우세,i,160,mid,R1-P1,5
AL-5|i,1.750585547420858,1.6652473061425024,2.054795327022286,1.8230512951231546,1.6784741381495558,2.054049417738467,0.0002563445270443476,1.0,22.927680659393456,21.177095111972598,0.8985432871076249,3.1814335147116424,0.9376056995004776,3.1917322748131642,열세,열세,열세,i,160,mid,P1-P0,5
AL-5|i,-0.31347676519908846,-1.2680341033722926,1.4502094525225373,-0.027482751511600866,-1.0768559119028347,1.3519073142684028,0.9043834914124583,0.3183799025890797,20.863618346773514,21.177095111972598,-3.7353452512892935,2.0705259745553106,-2.978230441718526,1.9887161701848752,미결정,미결정,미결정,i,160,mid,D0-P0,5
AL-5|i,1.3561063388012387,1.2667923447801885,1.6655211159780872,1.471501057038808,1.2826487676473377,1.7050228622880592,0.0002563445270443476,1.0,22.533201450773838,21.177095111972598,0.49276675977129525,2.843826223542015,0.5228298842736425,2.7562833260212676,열세,열세,열세,i,160,mid,R1-P0,5
AL-5|i,-0.27651374775700077,-0.3453909486789183,-0.02998165684841201,-0.2040125433683734,-0.3520522327289495,-0.04507225858280055,0.014355293514483466,0.0002563445270443476,20.9005813642156,21.177095111972598,-0.48265599619599453,0.18303595504843165,-0.4757355113001809,0.16442035133350194,우세,우세,동등,i,160,mid,R0-P0,5
AL-5|i,-0.1036839835895453,-0.31340324686374743,0.03180894380421317,-0.18629304082477632,-0.36500428600451484,-0.01265112676645773,0.0979091274628066,0.0002010454362685967,21.3004839754827,21.404167959072247,-0.3947502979461797,0.02481390852279385,-0.4304585543891212,0.03470638765908363,동등,동등,동등,i,160,far,R1-P1,5
AL-5|i,2.19740170898842,-1.676134712578838,2.6376398218694606,0.5956721728787773,-1.6376152134782924,2.3746954488223544,0.503015681544029,0.7444712505026135,21.404167959072247,19.206766250083827,-1.7351979738548824,2.7035832241876028,-1.7682248458393184,2.4794856179164793,미결정,미결정,미결정,i,160,far,P1-P0,5
AL-5|i,3.7668411400710626,-0.15462033006626394,6.1953713153109495,0.3723542502368623,-1.8496798548129503,2.913847961407219,0.0611178126256534,0.9383795737836751,22.97360739015489,19.206766250083827,-1.526159821330688,7.444116960599193,-2.89487102014887,4.33130624446799,미결정,미결정,미결정,i,160,far,D0-P0,5
AL-5|i,2.0937177253988746,-1.8277578122608833,2.5399007226480705,0.409379132054001,-1.8329194591185105,2.2237769376981666,0.509449135504624,0.7437675914756735,21.3004839754827,19.206766250083827,-1.8889227336445686,2.6356247106159234,-1.959401919471606,2.350722712348529,미결정,미결정,미결정,i,160,far,R1-P0,5
AL-5|i,0.1615508891870082,-0.3362036989143588,0.2938302754666866,-0.13948185247007922,-0.406396309762366,0.17785199501734308,0.6664656212303981,0.002010454362685967,19.368317139270836,19.206766250083827,-0.34488699916191023,0.28263400308612086,-0.4562627497936826,0.2332670680492821,동등,동등,동등,i,160,far,R0-P0,5
AL-5|x,0.5245638119600884,-0.08406465799917925,0.9233850833173349,0.22631288040059588,-0.30850175366995114,0.7320749003468124,0.09337415263503171,0.481303301989941,25.66767859071693,25.14311477875684,-0.3412879717412033,0.924024748044682,-0.4203979705472783,0.7957027727524744,미결정,동등,미결정,x,-1,near,R1-P1,5
AL-5|x,2.6009665643631044,0.37879887418711977,4.895262897744211,3.819708857674617,2.0035164194541477,5.418011998001128,0.02339820686638968,1.0,25.14311477875684,22.542148214393734,-0.38838961234886576,4.662522923136768,1.7208365236641823,4.981044791157112,열세,열세,미결정,x,-1,near,P1-P0,5
AL-5|x,4.234643149140405,1.0912053581035164,6.617143920806417,3.626430988016659,1.106632498006335,6.06474428848215,0.006341570085283184,0.9944237918215614,26.77679136353414,22.542148214393734,1.4027069833733352,6.478170023836477,1.0800131480630013,6.022035433760108,열세,열세,열세,x,-1,near,D0-P0,5
AL-5|x,3.125530376323193,0.9709696794090463,5.288667930744191,4.046021738075213,2.274778064280323,5.656744138403242,0.002624097966324076,1.0,25.66767859071693,22.542148214393734,0.33675361962616684,5.4047547131159455,1.976393850469723,5.5421886789694215,열세,열세,열세,x,-1,near,R1-P0,5
AL-5|x,1.0043764499980157,0.34901643901969437,1.5302943861027232,0.9622940150093495,0.3801445104028687,1.5194169928891583,0.004592171441067133,0.9429258692324514,23.54652466439175,22.542148214393734,0.33079621506948076,1.679186218332919,0.3175209703692793,1.6083921647814066,열세,열세,열세,x,-1,near,R0-P0,5
AL-5|x,0.22117700109857666,-0.22457951107511775,0.5488699835045882,0.12915275566731096,-0.1984964591998185,0.46553281513226025,0.3287750945592086,0.04626127436718068,23.59355783458993,23.372380833491356,-0.9425321961935053,1.1467065953444293,-0.897429951755917,1.1360528086234005,미결정,동등,미결정,x,-1,mid,R1-P1,5
AL-5|x,3.4919430447636453,3.173780643020125,4.5577012942055415,3.922785495601849,3.288049012628022,4.564895339133717,0.0002909514111143439,1.0,23.372380833491356,19.88043778872771,2.6834925124133338,6.085375540518072,2.8644517756598393,6.113513531483829,열세,열세,열세,x,-1,mid,P1-P0,5
AL-5|x,4.130818790549343,3.1029218180984746,4.646241489263014,3.9014430007850907,3.1708955230728675,4.6223019634305516,0.0002909514111143439,1.0,24.011256579277052,19.88043778872771,1.309973491274806,8.297631992172162,1.3891231914762099,8.345721378862612,열세,열세,열세,x,-1,mid,D0-P0,5
AL-5|x,3.7131200458622216,3.1821632253856373,4.756828983624381,4.051938251269161,3.3562646216187546,4.785582442972722,0.0002909514111143439,1.0,23.59355783458993,19.88043778872771,2.8257937511337254,7.117075949252369,3.033400834262527,7.194644214609875,열세,열세,열세,x,-1,mid,R1-P0,5
AL-5|x,0.9279524598802162,0.7281502396011366,1.2439101253295164,0.9785118090535778,0.746355034857644,1.2130302281194887,0.0002909514111143439,1.0,20.808390248607925,19.88043778872771,0.4372745512260169,2.09639959767709,0.538159852780101,2.1411385327930557,열세,열세,열세,x,-1,mid,R0-P0,5
AL-5|x,-0.012604812884567097,-0.5576788946949531,0.8487123901177259,0.20966330140508482,-0.4606667641044842,0.9675346074201597,0.8704171295828704,0.21916978083021918,22.423701893045823,22.436306705930388,-0.6245796995506787,0.8668719286303022,-0.5664851712295134,1.0426976818994655,미결정,동등,미결정,x,-1,far,R1-P1,5
AL-5|x,2.516643563822289,-0.2947745545656172,4.339543597451998,2.6414040369738823,0.3946207318699768,4.516600464429934,0.09493990506009493,0.9692960307039693,22.436306705930388,19.9196631421081,-0.4903696417228629,4.891170053183068,-0.11563183506333707,4.896541027558514,미결정,미결정,미결정,x,-1,far,P1-P0,5
AL-5|x,3.2731070333615557,1.6337468936862884,5.0010816029659555,3.0825753290872044,0.7608262399071184,5.247268161125857,0.00201999798000202,0.9954550045449955,23.192770175469654,19.9196631421081,0.9009822248077434,5.278485752310246,-0.05016003984325501,5.734556914163263,열세,열세,미결정,x,-1,far,D0-P0,5
AL-5|x,2.5040387509377218,0.298880284657691,4.267636689759625,2.851067338378967,0.9973017397757113,4.517192196884583,0.01939198060801939,0.9925260074739926,22.423701893045823,19.9196631421081,0.16621145109857097,4.742570517853857,0.3950604527686382,4.925439591807375,열세,열세,열세,x,-1,far,R1-P0,5
AL-5|x,0.39365282231342463,0.07681894100452177,0.8841584825048617,0.7631797593269816,0.25489358662562656,1.264890757105338,0.028885971114028887,0.846076153923846,20.313315964421527,19.9196631421081,0.10107555919381647,1.0102209974627172,0.0931977310790033,1.4709967797878194,열세,열세,열세,x,-1,far,R0-P0,5
AL-5|x,1.757344074352759,1.0837728646468576,3.128264469701019,2.3412386004761334,1.7465225129227733,3.4439464736322294,0.00010061374383740819,1.0,27.057898753995566,25.300554679642808,0.8729777480886138,3.539984285954118,1.414726726929026,3.7750211947709253,열세,열세,열세,x,10,near,R1-P1,5
AL-5|x,2.298087263629462,0.6512329508910306,2.964202509089553,2.2958052128194124,0.8281135509155859,2.976279807652506,0.00020122748767481639,1.0,25.300554679642808,23.002467416013346,0.7257102127307234,2.872098794178597,0.877416123581262,2.9741740852822103,열세,열세,열세,x,10,near,P1-P0,5
AL-5|x,10.814850819193847,5.910229365428335,14.837707609840711,12.41007297917456,9.015659257817221,15.936522230274052,0.00010061374383740819,1.0,33.817318235207196,23.002467416013346,4.139225540476682,17.632435156115744,7.118120943509728,18.015127655718704,열세,열세,열세,x,10,near,D0-P0,5
AL-5|x,4.055431337982221,3.1293279028158176,4.997982677890644,4.637043813295546,3.9978593756252385,5.329392649705246,0.00010061374383740819,1.0,27.057898753995566,23.002467416013346,3.0225356651190327,5.019739286646949,3.8613200475333143,5.432954987246853,열세,열세,열세,x,10,near,R1-P0,5
AL-5|x,2.061302250778156,1.2718110407743368,3.0811568675178105,2.6773664509025332,2.0915938144834216,3.487698053835296,0.00010061374383740819,1.0,25.0637696667915,23.002467416013346,1.0285227432991086,3.5558397768397176,1.7546428409168084,3.828677334022292,열세,열세,열세,x,10,near,R0-P0,5
AL-5|x,1.523023568827662,0.048418515958681074,1.694192138332468,1.0261335486616936,-0.04148385009328352,1.6111062197953998,0.02912377604820487,0.9163946773788602,22.974463467288018,21.451439898460357,-0.9673663139085589,2.41970900234112,-0.9673663139085589,2.294638641664608,미결정,미결정,미결정,x,10,mid,R1-P1,5
AL-5|x,1.6697493884123253,0.24673849613694543,3.0136528924750183,1.433095450686229,0.3264127520434517,2.968506026959303,0.00025106703489831785,0.9435099171478785,21.451439898460357,19.78169051004803,-0.35279311377625433,3.6275918743010114,-0.3443302609784187,3.6275918743010114,열세,열세,미결정,x,10,mid,P1-P0,5
AL-5|x,12.105824924259165,4.058349858882043,12.94852416120956,9.174567871932295,3.1179799246125053,12.161359370894196,0.00025106703489831785,1.0,31.887515434307193,19.78169051004803,-2.577820895889773,15.794648724446429,-2.577820895889773,14.748794986051838,열세,열세,미결정,x,10,mid,D0-P0,5
AL-5|x,3.1927729572399874,0.6039314713043661,4.053452927972691,2.4592289993479226,0.5380996726052258,3.724104125058667,0.00025106703489831785,0.9786593020336429,22.974463467288018,19.78169051004803,0.3641284677560046,4.032509802649059,0.32043660993586,3.9589390366241544,열세,열세,열세,x,10,mid,R1-P0,5
AL-5|x,1.560660067581948,0.0002943069652203797,1.8060313485984945,1.0529746022008624,-0.08925772992719772,1.6990488415761376,0.05021340697966357,0.9108712026110971,21.34235057762998,19.78169051004803,-0.829690470365934,2.2947161658863866,-0.829690470365934,2.151180641181997,미결정,미결정,미결정,x,10,mid,R0-P0,5
AL-5|x,-0.394414479256298,-1.5023699330486862,1.0204472196844263,0.25792225479612974,-0.7171106132911711,1.3460115192661697,0.693301291679183,0.3543606688695304,18.805767829800736,19.200182309057038,-2.2477435680115705,2.0876572322313622,-1.3562735050138754,2.0937417360263075,미결정,미결정,미결정,x,10,far,R1-P1,5
AL-5|x,0.7130145876988585,-0.5809146798605267,1.894397121304691,0.9918993657937765,-0.37587518374218865,1.9719548621084366,0.23911084409732652,0.8121558025433063,19.200182309057038,18.48716772135818,-0.8162662908905504,2.381170377586367,-0.6770888762753193,2.241616705388906,미결정,미결정,미결정,x,10,far,P1-P0,5
AL-5|x,5.770354637290401,-0.6453071207642432,12.087582441589772,7.646013407872705,3.2086209317162018,12.023084834787635,0.0728947631921498,0.9987984379693602,24.25752235864858,18.48716772135818,-5.609065463005061,15.348840946572194,-0.3955092435232333,14.576017542978322,미결정,미결정,미결정,x,10,far,D0-P0,5
AL-5|x,0.31860010844256054,-1.7045806482264627,2.659992712916319,1.2498216205899062,-0.5408234903090863,2.891839441290416,0.6852908781415841,0.8078502052668469,18.805767829800736,18.48716772135818,-2.8527238854517583,3.598283641578108,-1.3993101356065738,3.783451640375583,미결정,미결정,미결정,x,10,far,R1-P0,5
AL-5|x,-0.47741979290615716,-1.4131396398875922,1.389325767904738,0.7921688846141205,-0.2619070436104958,1.9434027893328623,0.8847501752277961,0.735456092920797,18.009747928452022,18.48716772135818,-2.120657478043625,2.3207208450983234,-0.9502709962043822,2.6373907948242814,미결정,미결정,미결정,x,10,far,R0-P0,5
AL-5|x,0.6672907677335793,0.04969083098248533,1.1926831150590012,0.7794814006828567,0.4108933089535718,1.14568341315632,0.026782867467318526,0.9313423318099692,25.06455460725727,24.397263839523692,-0.007895911224932543,1.823873905847976,0.32889185384616376,1.7418458902382283,열세,열세,미결정,x,40,near,R1-P1,5
AL-5|x,3.207417687081837,1.917516873761369,4.837749162053675,4.194437645921171,3.292921009405119,5.261265492526817,0.00010628122010840685,1.0,24.397263839523692,21.189846152441852,1.6803864825599095,4.442579129122061,3.178162801309261,4.935803068015401,열세,열세,열세,x,40,near,P1-P0,5
AL-5|x,5.554107658205232,1.4470358214866308,8.611109196329135,6.7001009381110475,4.202247124982078,8.94883627713501,0.0031884366032522054,1.0,26.74395381064709,21.189846152441852,0.21715710784251152,11.425837909394499,2.983527937582937,11.344706087005822,열세,열세,열세,x,40,near,D0-P0,5
AL-5|x,3.8747084548154165,2.215296267213457,5.694273267548528,4.973919046604029,3.9218221651935443,6.162520008786636,0.00010628122010840685,1.0,25.06455460725727,21.189846152441852,1.8798830260227275,5.953636842238545,3.718926590837688,6.359347676234636,열세,열세,열세,x,40,near,R1-P0,5
AL-5|x,1.0655149880588517,0.38855889385521364,1.6957782245960984,1.4534843612307804,1.0361690618571555,1.8541072810797976,0.0002125624402168137,0.9998937187798916,22.255361140500703,21.189846152441852,0.2587038942635439,2.191523695943696,0.8677069097849095,2.29322806470765,열세,열세,열세,x,40,near,R0-P0,5
AL-5|x,1.1714205857713509,0.2550402471945744,1.380278196030802,0.7518946791996441,0.1217767441034845,1.2943955315535343,0.006880127017729558,0.8822439798888595,24.975415991272957,23.803995405501606,-0.2693178340839322,1.9235368572053746,-0.4482559556527808,1.8082637484969455,열세,열세,미결정,x,40,mid,R1-P1,5
AL-5|x,2.7871027910867845,1.6106073649711041,3.8155338068784723,2.717614498527708,1.5353722001070849,3.852384072450416,0.0002646202699126753,1.0,23.803995405501606,21.016892614414825,0.9208911721709622,4.730422755591539,0.6935347423622991,4.7927290866186905,열세,열세,열세,x,40,mid,P1-P0,5
AL-5|x,8.693732467413515,3.7307546023176648,9.86990857984417,6.143804045159811,2.7091466182896062,9.334647392922065,0.0002646202699126753,0.9997353797300873,29.710625081828333,21.016892614414825,0.7646374367658049,11.777484507300247,-0.4849012330535295,11.238272234881254,열세,열세,미결정,x,40,mid,D0-P0,5
AL-5|x,3.9585233768581354,2.4908810094672402,4.538938905955668,3.4695091777273523,2.0950313001241003,4.5886966303352335,0.0002646202699126753,1.0,24.975415991272957,21.016892614414825,1.8263748982850916,5.179217173737442,1.4037581459238753,5.2736236557984,열세,열세,열세,x,40,mid,R1-P0,5
AL-5|x,1.209796002843386,0.4188699102572471,1.4622497944100055,0.8674961729882888,0.2768141587302152,1.4151202749263152,0.0026462026991267533,0.9573961365440593,22.22668861725821,21.016892614414825,-0.01730485677862485,1.7836877805755595,-0.17539426993764984,1.7403938329181623,열세,열세,미결정,x,40,mid,R0-P0,5
AL-5|x,0.26959504238528637,-0.4523975860963216,1.1897527014483127,0.37799636615862936,-0.4567729161553663,1.2556708232982285,0.4284855769230769,0.38912259615384615,21.23745985812366,20.967864815738373,-0.744006730856684,1.539879027240699,-0.8183937470193184,1.5842355138558257,미결정,미결정,미결정,x,40,far,R1-P1,5
AL-5|x,1.5478819110803048,-0.8483319663184223,3.581353055558209,2.0216282824698673,0.19601046374265815,3.7063912042579057,0.19451121794871795,0.9491185897435898,20.967864815738373,19.41998290465807,-1.3673967702443282,4.603923685775254,-0.36932488810218,4.166298140358533,미결정,미결정,미결정,x,40,far,P1-P0,5
AL-5|x,4.072951261636623,0.48062472896608277,8.298150649907134,5.439164492495843,2.357040503590866,8.357502022657183,0.027443910256410256,0.9985977564102564,23.492934166294695,19.41998290465807,-1.88036304705294,9.85783176078832,0.4968377023514272,9.818367505640813,열세,열세,미결정,x,40,far,D0-P0,5
AL-5|x,1.8174769534655912,-0.4331288505962031,4.1608983401920945,2.399624648628497,0.4703752089167197,4.222486881525751,0.11358173076923077,0.9731570512820513,21.23745985812366,19.41998290465807,-1.1865068120217146,5.028260641961144,-0.38234085592009776,4.9918443248771345,미결정,미결정,미결정,x,40,far,R1-P0,5
AL-5|x,-0.06856407658454913,-0.6494199419933654,1.073754602789137,0.7115315131525829,-0.07358370342831513,1.4618583257518862,0.7289663461538461,0.7100360576923077,19.351418828073523,19.41998290465807,-0.8725996441210644,1.4004210379436253,-0.48834238708596234,1.8685614588918273,미결정,미결정,미결정,x,40,far,R0-P0,5
AL-5|x,0.35644705649188924,-0.25073804013107825,0.8211565726164738,0.17896488431752927,-0.31035219232791855,0.7207105270394345,0.2738057069573581,0.22945388479213424,24.56871949373853,24.21227243724664,-0.16556514251379584,1.0189479169048354,-0.2423887812372541,0.855625331420312,미결정,동등,미결정,x,160,near,R1-P1,5
AL-5|x,2.4095577178949936,0.40460863212152376,4.619732792805844,3.6939487297623104,2.113955294622167,5.1943928186915205,0.01945067863631506,1.0,24.21227243724664,21.802714719351645,-0.15027838891541404,4.529154817795015,1.7641302229413343,4.7492481617043145,열세,열세,미결정,x,160,near,P1-P0,5
AL-5|x,3.0548100866045163,0.0753088370791738,5.951104203504751,3.2647221284685104,0.7840316892574547,6.051590129460215,0.044031206583306615,0.9870685048626696,24.85752480595616,21.802714719351645,-0.5203836292785745,6.9701357784855515,0.5371886772217669,6.666792470884836,열세,열세,미결정,x,160,near,D0-P0,5
AL-5|x,2.766004774386883,0.517450966917526,5.115020686329614,3.8729136140798404,2.0225617067106065,5.612297306701382,0.016458266538420432,1.0,24.56871949373853,21.802714719351645,-0.07077179281189633,5.269984444097524,1.7111913366471216,5.483563444342292,열세,열세,미결정,x,160,near,R1-P0,5
AL-5|x,0.7216646370276564,-0.021139289438180605,1.5465672910529285,0.9444416062428221,0.2756875042597635,1.6359630361736746,0.0579245484663888,0.8970823982045527,22.524379356379303,21.802714719351645,-0.089979193720668,1.701864546724964,0.24237609706093383,1.7223245708197166,미결정,미결정,미결정,x,160,near,R0-P0,5
AL-5|x,0.7473694042437827,0.4382591996152164,0.8627779909999603,0.7207516625139718,0.48160279855754456,0.8776345695383859,0.0002599428125812321,0.966467377177021,24.667612525347074,23.92024312110329,-0.08457039400638902,1.2159434657946595,-0.006935633809639289,1.2558268933340284,열세,열세,미결정,x,160,mid,R1-P1,5
AL-5|x,3.0962403454906338,2.877441843063034,4.317786135939239,3.5561456953242008,3.036432683424143,4.340487264413265,0.0002599428125812321,1.0,23.92024312110329,20.824002775612655,2.502366411353356,5.408372336729273,2.704085265998193,5.512622332431995,열세,열세,열세,x,160,mid,P1-P0,5
AL-5|x,5.9997205636424695,4.451989980126046,6.670521614878215,5.822467049550328,4.649836615045,6.687653789588412,0.0002599428125812321,1.0,26.82372333925512,20.824002775612655,3.9462608764058063,7.673094263707357,4.218256314421397,7.789474677787243,열세,열세,열세,x,160,mid,D0-P0,5
AL-5|x,3.8436097497344166,3.663521988535978,4.821569484382856,4.276897357838172,3.872329601750222,4.891672361607486,0.0002599428125812321,1.0,24.667612525347074,20.824002775612655,3.628381453679412,6.306718070025226,3.861075648572738,6.443925084876633,열세,열세,열세,x,160,mid,R1-P0,5
AL-5|x,1.1847730178327034,1.0568911470345763,1.351955116131965,1.2810403722989592,1.1246056535542106,1.401137605003301,0.0002599428125812321,1.0,22.00877579344536,20.824002775612655,0.9842609215454874,1.9521515504389604,1.0542231040966992,2.056474539953646,열세,열세,열세,x,160,mid,R0-P0,5
AL-5|x,0.38811739960186775,-0.19526539554215083,1.068259188913986,0.3669007889481513,-0.2609459376136851,1.053825024540983,0.16048265460030167,0.34731020613373553,22.331599467932147,21.94348206833028,-0.26199087794595105,1.135642671284989,-0.4191103107489596,1.20331515401637,미결정,미결정,미결정,x,160,far,R1-P1,5
AL-5|x,2.580100199990062,-0.20575699153016513,4.2175376966577245,2.524000140404847,0.461049804351065,4.28240945151995,0.08185017596782303,0.9729512317747612,21.94348206833028,19.363381868340216,-0.383206005265728,4.7922326662338675,0.0026677695164829276,4.66444204165641,미결정,미결정,미결정,x,160,far,P1-P0,5
AL-5|x,4.142159312312011,2.07694678288999,6.360233171518186,4.182188985762089,1.6345841207198386,6.619621869011434,0.00040221216691804925,0.9990950226244344,23.505541180652227,19.363381868340216,1.7930594543968574,6.381371894752181,0.41834167111411524,7.523194833329674,열세,열세,열세,x,160,far,D0-P0,5
AL-5|x,2.96821759959193,0.59218784218443,4.493890148034957,2.8909009293529984,1.0049591861528049,4.574774281498035,0.011664152840623429,0.9931623931623932,22.331599467932147,19.363381868340216,0.4914482054401496,4.938351396404738,0.4198029059865559,5.000231150259853,열세,열세,열세,x,160,far,R1-P0,5
AL-5|x,0.5892923415468786,0.10983994700590942,1.1275474169377382,0.8783914824470962,0.26534107344150815,1.4649179329350321,0.023529411764705882,0.8929110105580694,19.952674209887096,19.363381868340216,0.0984558229069079,1.1833996694911781,0.03323175657046209,1.7317500204454448,열세,열세,열세,x,160,far,R0-P0,5
AL-6|i,0.13022945518474427,,,0.13022945518474427,,,,,8.599098368572836,8.468868913388091,,,,,판정 불가,판정 불가,판정 불가,i,-1,near,R1-P1,4
AL-6|i,0.19591411025078354,,,0.19591411025078354,,,,,8.468868913388091,8.272954803137306,,,,,판정 불가,판정 불가,판정 불가,i,-1,near,P1-P0,4
AL-6|i,0.5141838847729914,,,0.5141838847729914,,,,,8.787138687910298,8.272954803137306,,,,,판정 불가,판정 불가,판정 불가,i,-1,near,D0-P0,4
AL-6|i,0.3261435654355278,,,0.3261435654355278,,,,,8.599098368572836,8.272954803137306,,,,,판정 불가,판정 불가,판정 불가,i,-1,near,R1-P0,4
AL-6|i,0.19098132739972384,,,0.19098132739972384,,,,,8.463936130537032,8.272954803137306,,,,,판정 불가,판정 불가,판정 불가,i,-1,near,R0-P0,4
AL-6|i,-0.004230530411947431,,,-0.004230530411947431,,,,,9.837489300887697,9.841719831299644,,,,,판정 불가,판정 불가,판정 불가,i,-1,mid,R1-P1,4
AL-6|i,0.1469264377963131,,,0.1469264377963131,,,,,9.841719831299644,9.694793393503332,,,,,판정 불가,판정 불가,판정 불가,i,-1,mid,P1-P0,4
AL-6|i,0.11523138338643424,,,0.11523138338643424,,,,,9.810024776889765,9.694793393503332,,,,,판정 불가,판정 불가,판정 불가,i,-1,mid,D0-P0,4
AL-6|i,0.14269590738436566,,,0.14269590738436566,,,,,9.837489300887697,9.694793393503332,,,,,판정 불가,판정 불가,판정 불가,i,-1,mid,R1-P0,4
AL-6|i,0.06354828928447098,,,0.06354828928447098,,,,,9.758341682787801,9.694793393503332,,,,,판정 불가,판정 불가,판정 불가,i,-1,mid,R0-P0,4
AL-6|i,0.09355090158519586,,,2.2867798367134737,,,,,12.6311411524079,12.537590250822703,,,,,판정 불가,판정 불가,판정 불가,i,-1,far,R1-P1,4
AL-6|i,0.19942859581326955,,,-0.1186473241736663,,,,,12.537590250822703,12.338161655009435,,,,,판정 불가,판정 불가,판정 불가,i,-1,far,P1-P0,4
AL-6|i,0.2725351430630054,,,3.6400507613355035,,,,,12.61069679807244,12.338161655009435,,,,,판정 불가,판정 불가,판정 불가,i,-1,far,D0-P0,4
AL-6|i,0.2929794973984654,,,2.1681325125398074,,,,,12.6311411524079,12.338161655009435,,,,,판정 불가,판정 불가,판정 불가,i,-1,far,R1-P0,4
AL-6|i,0.19406003159816088,,,2.2136226816796674,,,,,12.532221686607596,12.338161655009435,,,,,판정 불가,판정 불가,판정 불가,i,-1,far,R0-P0,4
AL-6|i,0.3154286259663004,,,0.3154286259663004,,,,,8.882210415187735,8.566781789221434,,,,,판정 불가,판정 불가,판정 불가,i,10,near,R1-P1,4
AL-6|i,0.21592437815945398,,,0.21592437815945398,,,,,8.566781789221434,8.35085741106198,,,,,판정 불가,판정 불가,판정 불가,i,10,near,P1-P0,4
AL-6|i,1.4167526705569367,,,1.4167526705569367,,,,,9.767610081618917,8.35085741106198,,,,,판정 불가,판정 불가,판정 불가,i,10,near,D0-P0,4
AL-6|i,0.5313530041257544,,,0.5313530041257544,,,,,8.882210415187735,8.35085741106198,,,,,판정 불가,판정 불가,판정 불가,i,10,near,R1-P0,4
AL-6|i,0.3110704431429385,,,0.3110704431429385,,,,,8.661927854204919,8.35085741106198,,,,,판정 불가,판정 불가,판정 불가,i,10,near,R0-P0,4
AL-6|i,0.34414005762380473,,,0.34414005762380473,,,,,10.200358073573767,9.856218015949963,,,,,판정 불가,판정 불가,판정 불가,i,10,mid,R1-P1,4
AL-6|i,0.1458074461968133,,,0.1458074461968133,,,,,9.856218015949963,9.71041056975315,,,,,판정 불가,판정 불가,판정 불가,i,10,mid,P1-P0,4
AL-6|i,1.5731252139215597,,,1.5731252139215597,,,,,11.28353578367471,9.71041056975315,,,,,판정 불가,판정 불가,판정 불가,i,10,mid,D0-P0,4
AL-6|i,0.489947503820618,,,0.489947503820618,,,,,10.200358073573767,9.71041056975315,,,,,판정 불가,판정 불가,판정 불가,i,10,mid,R1-P0,4
AL-6|i,0.3498897612195768,,,0.3498897612195768,,,,,10.060300330972726,9.71041056975315,,,,,판정 불가,판정 불가,판정 불가,i,10,mid,R0-P0,4
AL-6|i,0.6974178675876992,,,3.8992593008142897,,,,,13.089701250376953,12.392283382789254,,,,,판정 불가,판정 불가,판정 불가,i,10,far,R1-P1,4
AL-6|i,0.12819478912411997,,,0.027908932009434784,,,,,12.392283382789254,12.264088593665134,,,,,판정 불가,판정 불가,판정 불가,i,10,far,P1-P0,4
AL-6|i,2.5843576105087087,,,9.02808899936825,,,,,14.848446204173843,12.264088593665134,,,,,판정 불가,판정 불가,판정 불가,i,10,far,D0-P0,4
AL-6|i,0.8256126567118192,,,3.9271682328237247,,,,,13.089701250376953,12.264088593665134,,,,,판정 불가,판정 불가,판정 불가,i,10,far,R1-P0,4
AL-6|i,0.7499342865310088,,,3.956923811775328,,,,,13.014022880196144,12.264088593665134,,,,,판정 불가,판정 불가,판정 불가,i,10,far,R0-P0,4
AL-6|i,0.2706322790111344,,,0.2706322790111344,,,,,8.73716604207457,8.466533763063435,,,,,판정 불가,판정 불가,판정 불가,i,40,near,R1-P1,4
AL-6|i,0.1962250319987615,,,0.1962250319987615,,,,,8.466533763063435,8.270308731064675,,,,,판정 불가,판정 불가,판정 불가,i,40,near,P1-P0,4
AL-6|i,1.3294305521204073,,,1.3294305521204073,,,,,9.599739283185082,8.270308731064675,,,,,판정 불가,판정 불가,판정 불가,i,40,near,D0-P0,4
AL-6|i,0.4668573110098959,,,0.4668573110098959,,,,,8.73716604207457,8.270308731064675,,,,,판정 불가,판정 불가,판정 불가,i,40,near,R1-P0,4
AL-6|i,0.25735734808695576,,,0.25735734808695576,,,,,8.52766607915163,8.270308731064675,,,,,판정 불가,판정 불가,판정 불가,i,40,near,R0-P0,4
AL-6|i,0.16291893822717096,,,0.16291893822717096,,,,,10.037689194485676,9.874770256258504,,,,,판정 불가,판정 불가,판정 불가,i,40,mid,R1-P1,4
AL-6|i,0.15942124318568318,,,0.15942124318568318,,,,,9.874770256258504,9.71534901307282,,,,,판정 불가,판정 불가,판정 불가,i,40,mid,P1-P0,4
AL-6|i,1.1499169405348653,,,1.1499169405348653,,,,,10.865265953607686,9.71534901307282,,,,,판정 불가,판정 불가,판정 불가,i,40,mid,D0-P0,4
AL-6|i,0.32234018141285414,,,0.32234018141285414,,,,,10.037689194485676,9.71534901307282,,,,,판정 불가,판정 불가,판정 불가,i,40,mid,R1-P0,4
AL-6|i,0.13592815282143222,,,0.13592815282143222,,,,,9.851277165894253,9.71534901307282,,,,,판정 불가,판정 불가,판정 불가,i,40,mid,R0-P0,4
AL-6|i,0.3938166261943503,,,2.9666090916200165,,,,,12.874790186029145,12.480973559834794,,,,,판정 불가,판정 불가,판정 불가,i,40,far,R1-P1,4
AL-6|i,0.16304798646640117,,,-0.05483656988902341,,,,,12.480973559834794,12.317925573368393,,,,,판정 불가,판정 불가,판정 불가,i,40,far,P1-P0,4
AL-6|i,2.091644564473004,,,7.677902534041676,,,,,14.409570137841397,12.317925573368393,,,,,판정 불가,판정 불가,판정 불가,i,40,far,D0-P0,4
AL-6|i,0.5568646126607515,,,2.911772521730993,,,,,12.874790186029145,12.317925573368393,,,,,판정 불가,판정 불가,판정 불가,i,40,far,R1-P0,4
AL-6|i,0.3972836681261236,,,2.982643875645383,,,,,12.715209241494517,12.317925573368393,,,,,판정 불가,판정 불가,판정 불가,i,40,far,R0-P0,4
AL-6|i,0.21723948173442964,,,0.21723948173442964,,,,,8.73296842013194,8.515728938397508,,,,,판정 불가,판정 불가,판정 불가,i,160,near,R1-P1,4
AL-6|i,0.24344747806972844,,,0.24344747806972844,,,,,8.515728938397508,8.27228146032778,,,,,판정 불가,판정 불가,판정 불가,i,160,near,P1-P0,4
AL-6|i,1.4360694959172375,,,1.4360694959172375,,,,,9.708350956245019,8.27228146032778,,,,,판정 불가,판정 불가,판정 불가,i,160,near,D0-P0,4
AL-6|i,0.4606869598041581,,,0.4606869598041581,,,,,8.73296842013194,8.27228146032778,,,,,판정 불가,판정 불가,판정 불가,i,160,near,R1-P0,4
AL-6|i,0.2599735758631039,,,0.2599735758631039,,,,,8.532255036190884,8.27228146032778,,,,,판정 불가,판정 불가,판정 불가,i,160,near,R0-P0,4
AL-6|i,0.06321733778451755,,,0.06321733778451755,,,,,9.935547154658343,9.872329816873824,,,,,판정 불가,판정 불가,판정 불가,i,160,mid,R1-P1,4
AL-6|i,0.17695378840376952,,,0.17695378840376952,,,,,9.872329816873824,9.695376028470056,,,,,판정 불가,판정 불가,판정 불가,i,160,mid,P1-P0,4
AL-6|i,1.3046966821416364,,,1.3046966821416364,,,,,11.000072710611693,9.695376028470056,,,,,판정 불가,판정 불가,판정 불가,i,160,mid,D0-P0,4
AL-6|i,0.24017112618828707,,,0.24017112618828707,,,,,9.935547154658343,9.695376028470056,,,,,판정 불가,판정 불가,판정 불가,i,160,mid,R1-P0,4
AL-6|i,0.10362657911517514,,,0.10362657911517514,,,,,9.79900260758523,9.695376028470056,,,,,판정 불가,판정 불가,판정 불가,i,160,mid,R0-P0,4
AL-6|i,0.26185104067778875,,,2.4470282077154994,,,,,12.798513498334344,12.536662457656556,,,,,판정 불가,판정 불가,판정 불가,i,160,far,R1-P1,4
AL-6|i,0.19850080264712133,,,-0.12304088164888927,,,,,12.536662457656556,12.338161655009435,,,,,판정 불가,판정 불가,판정 불가,i,160,far,P1-P0,4
AL-6|i,2.1256681453001023,,,6.081707126953747,,,,,14.463829800309536,12.338161655009435,,,,,판정 불가,판정 불가,판정 불가,i,160,far,D0-P0,4
AL-6|i,0.4603518433249101,,,2.32398732606661,,,,,12.798513498334344,12.338161655009435,,,,,판정 불가,판정 불가,판정 불가,i,160,far,R1-P0,4
AL-6|i,0.3136879498939211,,,2.428414664356287,,,,,12.651849604903354,12.338161655009435,,,,,판정 불가,판정 불가,판정 불가,i,160,far,R0-P0,4
AL-6|x,0.06436114695990014,,,0.06436114695990014,,,,,8.534273596118384,8.469912449158484,,,,,판정 불가,판정 불가,판정 불가,x,-1,near,R1-P1,4
AL-6|x,-0.7664825560595023,,,-0.7664825560595023,,,,,8.469912449158484,9.236395005217986,,,,,판정 불가,판정 불가,판정 불가,x,-1,near,P1-P0,4
AL-6|x,-0.5024901246753126,,,-0.5024901246753126,,,,,8.733904880542674,9.236395005217986,,,,,판정 불가,판정 불가,판정 불가,x,-1,near,D0-P0,4
AL-6|x,-0.7021214090996022,,,-0.7021214090996022,,,,,8.534273596118384,9.236395005217986,,,,,판정 불가,판정 불가,판정 불가,x,-1,near,R1-P0,4
AL-6|x,-0.3898277956743641,,,-0.3898277956743641,,,,,8.846567209543622,9.236395005217986,,,,,판정 불가,판정 불가,판정 불가,x,-1,near,R0-P0,4
AL-6|x,-0.028827836233237925,,,-0.028827836233237925,,,,,9.811111804164367,9.839939640397606,,,,,판정 불가,판정 불가,판정 불가,x,-1,mid,R1-P1,4
AL-6|x,-0.26110344209768144,,,-0.26110344209768144,,,,,9.839939640397606,10.101043082495288,,,,,판정 불가,판정 불가,판정 불가,x,-1,mid,P1-P0,4
AL-6|x,-0.16623839763170967,,,-0.16623839763170967,,,,,9.934804684863577,10.101043082495288,,,,,판정 불가,판정 불가,판정 불가,x,-1,mid,D0-P0,4
AL-6|x,-0.28993127833091936,,,-0.28993127833091936,,,,,9.811111804164367,10.101043082495288,,,,,판정 불가,판정 불가,판정 불가,x,-1,mid,R1-P0,4
AL-6|x,-0.35954135176518776,,,-0.35954135176518776,,,,,9.7415017307301,10.101043082495288,,,,,판정 불가,판정 불가,판정 불가,x,-1,mid,R0-P0,4
AL-6|x,0.11601020347791957,,,2.7146032419642756,,,,,12.645101876606873,12.529091673128951,,,,,판정 불가,판정 불가,판정 불가,x,-1,far,R1-P1,4
AL-6|x,1.293416284933742,,,1.430622595768798,,,,,12.529091673128951,11.235675388195208,,,,,판정 불가,판정 불가,판정 불가,x,-1,far,P1-P0,4
AL-6|x,1.773942752768125,,,9.913205394142686,,,,,13.009618140963335,11.235675388195208,,,,,판정 불가,판정 불가,판정 불가,x,-1,far,D0-P0,4
AL-6|x,1.4094264884116616,,,4.145225837733074,,,,,12.645101876606873,11.235675388195208,,,,,판정 불가,판정 불가,판정 불가,x,-1,far,R1-P0,4
AL-6|x,0.21306587840446856,,,1.976086338406241,,,,,11.44874126659968,11.235675388195208,,,,,판정 불가,판정 불가,판정 불가,x,-1,far,R0-P0,4
AL-6|x,-0.036343544805612193,,,-0.036343544805612193,,,,,8.607154553319269,8.64349809812488,,,,,판정 불가,판정 불가,판정 불가,x,10,near,R1-P1,4
AL-6|x,-0.6197929509831417,,,-0.6197929509831417,,,,,8.64349809812488,9.263291049108023,,,,,판정 불가,판정 불가,판정 불가,x,10,near,P1-P0,4
AL-6|x,6.947206374335284,,,6.947206374335284,,,,,16.210497423443307,9.263291049108023,,,,,판정 불가,판정 불가,판정 불가,x,10,near,D0-P0,4
AL-6|x,-0.6561364957887539,,,-0.6561364957887539,,,,,8.607154553319269,9.263291049108023,,,,,판정 불가,판정 불가,판정 불가,x,10,near,R1-P0,4
AL-6|x,-0.873756570836578,,,-0.873756570836578,,,,,8.389534478271443,9.263291049108023,,,,,판정 불가,판정 불가,판정 불가,x,10,near,R0-P0,4
AL-6|x,0.3239886301809918,,,0.3239886301809918,,,,,10.141787171268255,9.817798541087264,,,,,판정 불가,판정 불가,판정 불가,x,10,mid,R1-P1,4
AL-6|x,-0.25294293696328074,,,-0.25294293696328074,,,,,9.817798541087264,10.070741478050543,,,,,판정 불가,판정 불가,판정 불가,x,10,mid,P1-P0,4
AL-6|x,7.782105925090173,,,7.782105925090173,,,,,17.852847403140714,10.070741478050543,,,,,판정 불가,판정 불가,판정 불가,x,10,mid,D0-P0,4
AL-6|x,0.07104569321771104,,,0.07104569321771104,,,,,10.141787171268255,10.070741478050543,,,,,판정 불가,판정 불가,판정 불가,x,10,mid,R1-P0,4
AL-6|x,-0.3525548019536635,,,-0.3525548019536635,,,,,9.718186676096881,10.070741478050543,,,,,판정 불가,판정 불가,판정 불가,x,10,mid,R0-P0,4
AL-6|x,1.075055017801736,,,3.788397424887416,,,,,13.066058335836424,11.991003318034688,,,,,판정 불가,판정 불가,판정 불가,x,10,far,R1-P1,4
AL-6|x,0.7510726627088307,,,0.7410169404067188,,,,,11.991003318034688,11.239930655325855,,,,,판정 불가,판정 불가,판정 불가,x,10,far,P1-P0,4
AL-6|x,11.159574723558464,,,13.766560330537931,,,,,22.39950537888432,11.239930655325855,,,,,판정 불가,판정 불가,판정 불가,x,10,far,D0-P0,4
AL-6|x,1.8261276805105666,,,4.529414365294135,,,,,13.066058335836424,11.239930655325855,,,,,판정 불가,판정 불가,판정 불가,x,10,far,R1-P0,4
AL-6|x,0.7516910497249674,,,2.7983350579522503,,,,,11.991621705050822,11.239930655325855,,,,,판정 불가,판정 불가,판정 불가,x,10,far,R0-P0,4
AL-6|x,0.08575499639558237,,,0.08575499639558237,,,,,8.682991230189819,8.597236233794236,,,,,판정 불가,판정 불가,판정 불가,x,40,near,R1-P1,4
AL-6|x,-0.6370113276564375,,,-0.6370113276564375,,,,,8.597236233794236,9.234247561450674,,,,,판정 불가,판정 불가,판정 불가,x,40,near,P1-P0,4
AL-6|x,2.8627541486183556,,,2.8627541486183556,,,,,12.09700171006903,9.234247561450674,,,,,판정 불가,판정 불가,판정 불가,x,40,near,D0-P0,4
AL-6|x,-0.5512563312608552,,,-0.5512563312608552,,,,,8.682991230189819,9.234247561450674,,,,,판정 불가,판정 불가,판정 불가,x,40,near,R1-P0,4
AL-6|x,-0.7260809760238249,,,-0.7260809760238249,,,,,8.50816658542685,9.234247561450674,,,,,판정 불가,판정 불가,판정 불가,x,40,near,R0-P0,4
AL-6|x,0.18753491889735274,,,0.18753491889735274,,,,,10.163471238576971,9.975936319679619,,,,,판정 불가,판정 불가,판정 불가,x,40,mid,R1-P1,4
AL-6|x,-0.12745331936454463,,,-0.12745331936454463,,,,,9.975936319679619,10.103389639044163,,,,,판정 불가,판정 불가,판정 불가,x,40,mid,P1-P0,4
AL-6|x,3.5622027304606156,,,3.5622027304606156,,,,,13.665592369504777,10.103389639044163,,,,,판정 불가,판정 불가,판정 불가,x,40,mid,D0-P0,4
AL-6|x,0.060081599532808116,,,0.060081599532808116,,,,,10.163471238576971,10.103389639044163,,,,,판정 불가,판정 불가,판정 불가,x,40,mid,R1-P0,4
AL-6|x,-0.3763173607871724,,,-0.3763173607871724,,,,,9.72707227825699,10.103389639044163,,,,,판정 불가,판정 불가,판정 불가,x,40,mid,R0-P0,4
AL-6|x,0.4921648188038388,,,3.1865192214203875,,,,,13.13369200782412,12.641527189020282,,,,,판정 불가,판정 불가,판정 불가,x,40,far,R1-P1,4
AL-6|x,1.4057926624088783,,,1.5918985267464205,,,,,12.641527189020282,11.235734526611406,,,,,판정 불가,판정 불가,판정 불가,x,40,far,P1-P0,4
AL-6|x,6.456234225551171,,,10.7915400279059,,,,,17.691968752162573,11.235734526611406,,,,,판정 불가,판정 불가,판정 불가,x,40,far,D0-P0,4
AL-6|x,1.8979574812127171,,,4.778417748166808,,,,,13.13369200782412,11.235734526611406,,,,,판정 불가,판정 불가,판정 불가,x,40,far,R1-P0,4
AL-6|x,0.36958149107503013,,,2.41718783988254,,,,,11.605316017686432,11.235734526611406,,,,,판정 불가,판정 불가,판정 불가,x,40,far,R0-P0,4
AL-6|x,-0.0022001910428774973,,,-0.0022001910428774973,,,,,8.489933655635777,8.492133846678655,,,,,판정 불가,판정 불가,판정 불가,x,160,near,R1-P1,4
AL-6|x,-0.7418651239901781,,,-0.7418651239901781,,,,,8.492133846678655,9.233998970668836,,,,,판정 불가,판정 불가,판정 불가,x,160,near,P1-P0,4
AL-6|x,1.1402428038444947,,,1.1402428038444947,,,,,10.37424177451333,9.233998970668836,,,,,판정 불가,판정 불가,판정 불가,x,160,near,D0-P0,4
AL-6|x,-0.7440653150330556,,,-0.7440653150330556,,,,,8.489933655635777,9.233998970668836,,,,,판정 불가,판정 불가,판정 불가,x,160,near,R1-P0,4
AL-6|x,-0.5229785898748678,,,-0.5229785898748678,,,,,8.711020380793965,9.233998970668836,,,,,판정 불가,판정 불가,판정 불가,x,160,near,R0-P0,4
AL-6|x,-0.026242914526221295,,,-0.026242914526221295,,,,,9.829268709518436,9.855511624044656,,,,,판정 불가,판정 불가,판정 불가,x,160,mid,R1-P1,4
AL-6|x,-0.24776497760836502,,,-0.24776497760836502,,,,,9.855511624044656,10.103276601653022,,,,,판정 불가,판정 불가,판정 불가,x,160,mid,P1-P0,4
AL-6|x,1.4277340337085205,,,1.4277340337085205,,,,,11.531010635361543,10.103276601653022,,,,,판정 불가,판정 불가,판정 불가,x,160,mid,D0-P0,4
AL-6|x,-0.2740078921345863,,,-0.2740078921345863,,,,,9.829268709518436,10.103276601653022,,,,,판정 불가,판정 불가,판정 불가,x,160,mid,R1-P0,4
AL-6|x,-0.3429727369619946,,,-0.3429727369619946,,,,,9.760303864691029,10.103276601653022,,,,,판정 불가,판정 불가,판정 불가,x,160,mid,R0-P0,4
AL-6|x,0.10236645361926833,,,3.033265149894904,,,,,12.6179397197042,12.515573266084933,,,,,판정 불가,판정 불가,판정 불가,x,160,far,R1-P1,4
AL-6|x,1.279897877889724,,,1.428583699931167,,,,,12.515573266084933,11.235675388195208,,,,,판정 불가,판정 불가,판정 불가,x,160,far,P1-P0,4
AL-6|x,3.8471166696167263,,,10.555285012261551,,,,,15.082792057811936,11.235675388195208,,,,,판정 불가,판정 불가,판정 불가,x,160,far,D0-P0,4
AL-6|x,1.3822643315089924,,,4.4618488498260716,,,,,12.6179397197042,11.235675388195208,,,,,판정 불가,판정 불가,판정 불가,x,160,far,R1-P0,4
AL-6|x,0.2143621340179358,,,2.3100594591234205,,,,,11.450037522213146,11.235675388195208,,,,,판정 불가,판정 불가,판정 불가,x,160,far,R0-P0,4
Alaska|x,-0.3658659735719002,-0.7876236109071688,-0.12309588077930239,-0.3766158968008881,-0.6681575333851615,-0.0733716326033384,0.0052,0.3096,14.395732390611391,14.76159836418329,-0.9568964760705482,-0.057545356863215415,-0.7354906614646141,-0.016583452290028625,우세,우세,우세,x,-1,near,R1-P1,5
Alaska|x,-0.03327241157972196,-0.675724964271804,1.1642134818082415,1.2365969046234278,0.4151950417791005,2.0624014151938157,0.805,0.9608,14.76159836418329,14.794870775763012,-0.8893245136439484,1.58749748375268,0.17648041681067833,2.342256477520601,미결정,미결정,미결정,x,-1,near,P1-P0,5
Alaska|x,-0.3984527978948549,-1.1925360504487201,0.36328659812311126,0.5142267094745374,-0.6384907619408559,1.848685125785564,0.2164,0.4888,14.39641797786816,14.794870775763012,-1.3010094842418833,0.43231408423361745,-0.6867863468822943,1.8607472186882779,미결정,미결정,미결정,x,-1,near,D0-P0,5
Alaska|x,-0.3991383851516222,-0.9830645555571614,0.5370415259003196,0.8599810078225396,0.1435102548098585,1.5770216593687088,0.4498,0.8367,14.395732390611391,14.794870775763012,-1.1094210665950675,0.7383633454481215,0.007604066179934689,1.7812432689197233,미결정,미결정,미결정,x,-1,near,R1-P0,5
Alaska|x,-0.3898431367723056,-0.6094904024399744,-0.18533475589538898,-0.07911656974174405,-0.33463844924841085,0.18912310969214272,0.001,0.1474,14.405027638990708,14.794870775763012,-0.6315649024648912,-0.19594853033768558,-0.3381163324335608,0.2060019567463894,미결정,동등,미결정,x,-1,near,R0-P0,5
Alaska|x,-0.48401355277138725,-0.8076531140484526,-0.2257318987422913,-0.5090912166079796,-0.8442917848087145,-0.1523052747682616,0.00017853954650955185,0.533476164970541,12.694437233311394,13.178450786082783,-0.7440678965263322,0.1212117965346435,-0.845350603442033,0.2531867888384463,우세,우세,미결정,x,-1,mid,R1-P1,5
Alaska|x,-0.059767123183587144,-0.5930693364214796,1.1469268684214324,1.0729651400836733,0.13957825660935938,2.0031448898402644,0.7730762363863596,0.8857346902338868,13.178450786082783,13.238217909266368,-0.6489677463935746,1.8809266529781472,-0.02112705828446833,2.9203909857578374,미결정,미결정,미결정,x,-1,mid,P1-P0,5
Alaska|x,3.6292378615264385,0.34899650886834654,4.205414598679384,2.4858711629365287,0.4553608173542315,4.481729134004255,0.0007141581860382074,0.9701838957329049,16.86745577079281,13.238217909266368,-1.2623384789824221,4.2362591889469385,-1.1798933466705834,4.579356544189106,열세,열세,미결정,x,-1,mid,D0-P0,5
Alaska|x,-0.5437806759549744,-0.8989768977726573,0.5275231791552837,0.5638739234756937,-0.3402580506847315,1.4459946342562333,0.3410105338332441,0.5597214783074451,12.694437233311394,13.238217909266368,-0.9152238936945369,1.458060506493607,-0.45181070737030526,2.6532687044129473,미결정,미결정,미결정,x,-1,mid,R1-P0,5
Alaska|x,-0.544220966778434,-0.7558329199917576,-0.3209195446939653,-0.39527050708787714,-0.6749362522674762,-0.1260731918090876,0.00017853954650955185,0.7009462595965006,12.693996942487933,13.238217909266368,-0.7399164787998078,-0.02817654362512129,-0.6747027102462909,0.25679884121440943,우세,우세,미결정,x,-1,mid,R0-P0,5
Alaska|x,-0.218131760425112,-0.8381848860644161,0.8183226201275702,-0.015170917480615742,-0.72060282586851,0.7799050731487459,0.8401881316921845,0.09316521565095567,15.26111301114032,15.479244771565433,-0.8936044404980918,1.0164957870205553,-0.7888746876875583,0.9529617918768604,미결정,동등,미결정,x,-1,far,R1-P1,5
Alaska|x,0.3124244550335035,-0.33574119856619256,1.5360809534191033,1.2934325849212622,0.23347095968732695,2.3023616755205483,0.28039627739417594,0.931752226558591,15.479244771565433,15.166820316531929,-0.3011841652657753,1.5454527351874063,-0.13423101993982883,2.592586890106625,미결정,미결정,미결정,x,-1,far,P1-P0,5
Alaska|x,4.04270327072315,-0.18681511991712693,4.765327619025863,0.03580122493634974,-1.9821149688556878,2.0726444287328407,0.07505253677574301,0.9158410887621335,19.20952358725508,15.166820316531929,-0.8175780692252466,4.902751544820969,-2.5673036140221344,2.818441539866147,미결정,미결정,미결정,x,-1,far,D0-P0,5
Alaska|x,0.09429269460839151,-0.6333944627670193,1.833296198615085,1.2782616674406466,0.016505884481342152,2.5638565329543956,0.4991494045832082,0.889422595817072,15.26111301114032,15.166820316531929,-0.5729259912680269,2.089571027294661,-0.3767570423771571,2.8816994987441564,미결정,미결정,미결정,x,-1,far,R1-P0,5
Alaska|x,-0.6338830988500405,-0.9229406681147803,0.39665248406035325,-0.11554850132441956,-0.6548581157887082,0.4765735344421476,0.2527769438607025,0.41929350545381766,14.532937217681887,15.166820316531929,-0.9553633206823808,0.5880601909598578,-0.7582909218478887,0.6434310432809534,미결정,동등,미결정,x,-1,far,R0-P0,5
Alaska|x,0.5323810960784894,0.0535196088213,1.0152484620106306,1.349112773797751,0.7736470811559333,1.9239409422053069,0.0304,0.9983,14.971143877477047,14.438762781398557,-0.09443531009403139,1.1314121261475587,0.4226637087203094,2.2064066964480773,열세,열세,미결정,x,10,near,R1-P1,5
Alaska|x,-0.10222761733900647,-0.3386097754692547,0.35928442008591227,0.6716480755400237,0.2675787559267244,1.082705619995907,0.61,0.8056,14.438762781398557,14.540990398737563,-0.3761670200396058,0.4437747044178663,0.06119765352804617,1.27387314838708,미결정,미결정,미결정,x,10,near,P1-P0,5
Alaska|x,7.124327324159038,3.4940614447415634,8.614051329587516,6.779671577175753,5.0520980178641315,8.554606218112559,0.0001,1.0,21.6653177228966,14.540990398737563,2.6819668502462717,8.987262982305255,4.4292287988862,9.257311938738312,열세,열세,열세,x,10,near,D0-P0,5
Alaska|x,0.43015347873948284,-0.15513090639578128,1.2089493726668188,2.020760849337775,1.146862628226342,2.8989196391348018,0.14,0.9998,14.971143877477047,14.540990398737563,-0.32247643265859893,1.375867598073624,0.5887844740560872,3.350201041515233,미결정,미결정,미결정,x,10,near,R1-P0,5
Alaska|x,-0.3587393790506258,-0.6544687853795332,0.2965163219931547,0.949230124223271,0.3550029866055253,1.5447493222108062,0.3146,0.9309,14.182251019686936,14.540990398737563,-0.6848142053366079,0.4665022097965011,-0.07129990605709707,1.8734582470910308,미결정,미결정,미결정,x,10,near,R0-P0,5
Alaska|x,-0.0018172741434046458,-0.365794728332218,1.5048396249862586,0.397546112474236,-0.05008649987147404,1.5157997250272341,0.5793614067561315,0.46263304025913926,13.73824500356234,13.740062277705743,-0.43378413172156977,1.911791023074869,-0.1369520206241469,1.9281269727371906,미결정,미결정,미결정,x,10,mid,R1-P1,5
Alaska|x,-0.22147119454889577,-0.3854308788362395,1.0365228850929133,0.4650269853564698,-0.015458195605907488,1.420050007068661,0.8509949097639982,0.5201295696436835,13.740062277705743,13.96153347225464,-0.40673625836175675,1.258059875767586,-0.08782633057746607,1.7363866972765993,미결정,미결정,미결정,x,10,mid,P1-P0,5
Alaska|x,8.883690896906467,5.75834198022055,11.812239044204475,8.949379864696832,6.718176426208654,10.915153715770613,0.00011568718186024989,1.0,22.845224369161105,13.96153347225464,4.935066608540251,12.01669134852579,5.634979311684091,10.571816864264626,열세,열세,열세,x,10,mid,D0-P0,5
Alaska|x,-0.2232884686923004,-0.6665770016120814,2.4150199896203426,0.8625730978307058,-0.004801188766974011,2.8147481735643582,0.8475242943081907,0.7871355853771402,13.73824500356234,13.96153347225464,-0.7381604769095556,3.0642458538470128,-0.17002186784687426,3.576224236209305,미결정,미결정,미결정,x,10,mid,R1-P0,5
Alaska|x,-0.772175502127267,-0.9660756414313318,0.8444970850441059,-0.06505889334791952,-0.608499130223243,1.1942737346377856,0.6427579824155484,0.5295002313743638,13.189357970127372,13.96153347225464,-0.9807882729937449,1.2283617755885663,-0.7077483725130307,1.6128279399261154,미결정,미결정,미결정,x,10,mid,R0-P0,5
Alaska|x,1.1493163705323295,0.7399093715733601,2.650868541331852,2.0219582659646216,1.2741226178207719,2.915641927976151,0.0054005400540054005,0.9973997399739974,16.121303326994383,14.971986956462052,0.5597742998005104,3.220486631039856,0.995964040217589,3.222378446066697,열세,열세,열세,x,10,far,R1-P1,5
Alaska|x,0.21912729173605924,0.005477661593381989,1.4317732620196786,0.9820879207655565,0.4810147652454957,1.8871936019068734,0.0464046404640464,0.9703970397039704,14.971986956462052,14.752859664725994,-0.04308930971538853,1.5369770217644831,0.3755605252679083,1.9573649694020645,열세,열세,미결정,x,10,far,P1-P0,5
Alaska|x,14.250948807430058,10.805665506192714,16.6302324253075,12.907650487904212,10.186724525696885,15.11370652586374,0.00010001000100010001,1.0,29.003808472156056,14.752859664725994,9.554434280517937,17.50771783400913,9.125389739094475,15.995526612646106,열세,열세,열세,x,10,far,D0-P0,5
Alaska|x,1.3684436622683886,0.7889555134329372,3.858022159815492,3.0040461867301778,1.8406396905875442,4.668231762538117,0.008200820082008202,0.9981998199819982,16.121303326994383,14.752859664725994,0.574954901392057,4.593149355205725,1.4329381806997425,5.029564281183574,열세,열세,열세,x,10,far,R1-P0,5
Alaska|x,0.1272840847425048,-0.3029403868503107,1.8943431920257485,1.5091045431449222,0.6940271403872942,2.498715998756112,0.27102710271027103,0.9914991499149916,14.880143749468502,14.752859664725994,-0.46978408702186775,2.55274414496378,0.43091991895583237,2.8208931822105288,미결정,미결정,미결정,x,10,far,R0-P0,5
Alaska|x,0.4551631849130974,0.1813897661341346,0.9725547515288531,1.1068290036320074,0.7182062584038104,1.4853737866094796,0.002,0.9989,15.141097845593716,14.685934660680621,0.14806847419675126,0.99348330857354,0.5580123177525332,1.6249193132306303,열세,열세,열세,x,40,near,R1-P1,5
Alaska|x,0.5455306063058956,0.29620859432363095,1.47001570324191,1.6371756005251243,1.0121245139343333,2.2379971969081427,0.0028,0.9998,14.685934660680621,14.140404054374724,0.20878987562666418,1.5781667610056476,0.7845042839491984,2.4543009919376173,열세,열세,열세,x,40,near,P1-P0,5
Alaska|x,3.4710597479711582,2.110925433095503,4.699310008806332,4.750960471446993,3.352624795742619,6.144738728175049,0.0001,1.0,17.611463802345884,14.140404054374724,1.8933010182032475,4.7857194823979485,2.8807110215042773,6.5938163898494535,열세,열세,열세,x,40,near,D0-P0,5
Alaska|x,1.000693791218993,0.6006586642185102,2.3025458570451365,2.7440046041571318,1.8593855504359844,3.6095060478046617,0.0012,1.0,15.141097845593716,14.140404054374724,0.4927391348623112,2.4464284873723985,1.5076510709762503,3.916227446315987,열세,열세,열세,x,40,near,R1-P0,5
Alaska|x,-0.23940222151023177,-0.47658391345847123,0.518943989579215,0.9177805619937576,0.4886830192785172,1.3381611730142586,0.8532,0.9718,13.901001832864495,14.140404054374724,-0.5334503288474279,0.6317867449810374,0.29992595110587444,1.5069912972960133,미결정,미결정,미결정,x,40,near,R0-P0,5
Alaska|x,-0.05045774857495999,-0.4894751994785188,0.6749129284711636,0.20610840346027856,-0.13075003614471822,0.5607267139587615,0.9423728813559322,0.09027653880463872,14.361731000444617,14.412188749019577,-0.5151926382478482,1.5736815572389735,-0.1714354793857528,1.541839741649896,미결정,동등,미결정,x,40,mid,R1-P1,5
Alaska|x,0.054710642181245814,-0.47612054204876514,0.7163443848252444,0.44303999279891854,-0.14774875764362316,1.0893687637672647,0.7614629794826048,0.4494201605709188,14.412188749019577,14.357478106838332,-0.6287868062701165,1.146628487992633,-0.2775209894985525,1.7746342754907454,미결정,미결정,미결정,x,40,mid,P1-P0,5
Alaska|x,6.845656565132276,3.714723682360465,9.096293874030495,6.8026768394829045,5.001536884802081,8.229386882076312,0.0001784121320249777,1.0,21.203134671970606,14.357478106838332,1.2832543050784928,9.241446133456769,2.969046652506412,8.446225186785998,열세,열세,열세,x,40,mid,D0-P0,5
Alaska|x,0.004252893606285823,-0.8352748393507885,1.2251786895760848,0.6491483962591971,-0.1830861021070424,1.5868008820345805,0.8681534344335414,0.6526315789473685,14.361731000444617,14.357478106838332,-0.8120860412449207,2.469138401113267,-0.30399865840668544,3.1358235947693838,미결정,미결정,미결정,x,40,mid,R1-P0,5
Alaska|x,-0.6511559967473041,-0.8755780447260286,-0.07101850780380678,-0.1467491004141987,-0.5389138956216152,0.2791714740205349,0.02925958965209634,0.5611061552185549,13.706322110091028,14.357478106838332,-0.8927885216631776,0.6265006225615941,-0.5881981304992442,1.1500940211973711,미결정,동등,미결정,x,40,mid,R0-P0,5
Alaska|x,0.9120671496397499,0.28501187202954387,2.509408569308729,1.7072781520601192,0.7765911600802519,2.531481936605403,0.007715736040609137,0.9950253807106599,15.732134118404122,14.820066968764374,0.14361601682306388,2.970932720030416,0.6125034153231342,2.814292456487628,열세,열세,열세,x,40,far,R1-P1,5
Alaska|x,0.12047017118236632,-0.12615549937491263,1.5670539216907127,1.6163793418351542,0.8970445333656842,2.554458321461924,0.18294416243654824,0.9996954314720812,14.820066968764374,14.699596797582007,-0.182217878198289,1.6864156906094576,0.6976307625315713,2.687780611053348,미결정,미결정,미결정,x,40,far,P1-P0,5
Alaska|x,11.77998504769813,7.971842740265134,14.09904790418534,10.851335041595956,7.923883666975974,12.782644347328148,0.0001015228426395939,1.0,26.479581845280137,14.699596797582007,6.951536741928699,14.6245660398868,7.091450138661039,13.149304643122836,열세,열세,열세,x,40,far,D0-P0,5
Alaska|x,1.0325373208221162,0.4801315365040114,3.6055862111590447,3.3236574938952734,1.9284854472506738,4.670664021384155,0.003248730964467005,1.0,15.732134118404122,14.699596797582007,0.2599729652812788,4.231290839686309,1.5476156411632227,5.137297403842189,열세,열세,열세,x,40,far,R1-P0,5
Alaska|x,-0.39338366304355754,-0.7387904672364654,1.4868076991628705,1.0788883165091339,0.18683935973843444,2.0138117573495435,0.896243654822335,0.8901522842639594,14.30621313453845,14.699596797582007,-0.8398861637213964,2.008162214989579,-0.044919983444915955,2.3532051690870395,미결정,미결정,미결정,x,40,far,R0-P0,5
Alaska|x,0.012576724417985474,-0.2379667009000889,0.41324976000620905,0.4628794426963488,0.16380717299882916,0.7751427958864896,0.757,0.3981,13.962152206144939,13.949575481726953,-0.35059006426876355,0.42992035408025964,0.06717322896851181,0.8568645795958302,미결정,동등,미결정,x,160,near,R1-P1,5
Alaska|x,-0.03227383582954424,-0.5733305604249925,1.0153855314865732,0.8841027142674974,0.20275556594542743,1.5923791573250459,0.8022,0.859,13.949575481726953,13.981849317556499,-0.6744770595455826,1.3531451386683946,-0.025461467512833565,1.8789561371571712,미결정,미결정,미결정,x,160,near,P1-P0,5
Alaska|x,0.7653133886573326,-0.26137018614055274,2.58190088716166,2.238758022523151,1.0612829498249865,3.4508243274177426,0.1374,0.9985,14.747162706213828,13.981849317556499,-0.406450001908405,2.707245017936223,0.8861570288985033,3.6178044313376514,미결정,미결정,미결정,x,160,near,D0-P0,5
Alaska|x,-0.019697111411558766,-0.6624818079275145,1.2803091571727998,1.3469821569638463,0.5648511506360704,2.16654866797323,0.7708,0.9831,13.962152206144939,13.981849317556499,-0.8012620388718933,1.5870903026936707,0.3304359774255798,2.431999995471288,미결정,미결정,미결정,x,160,near,R1-P0,5
Alaska|x,-0.3959625588377943,-0.640249896242279,0.1473809900827818,0.39492562905923234,0.02979791137007638,0.7715759827851199,0.1684,0.2816,13.585886758718704,13.981849317556499,-0.6736133196878599,0.23634063721354362,-0.08048752443663056,0.8721562847430236,미결정,동등,미결정,x,160,near,R0-P0,5
Alaska|x,-0.030767716418293033,-0.4684250904719207,1.1954843703606237,0.221796365410853,-0.13020154067099052,0.827695462373152,0.8366336633663366,0.21743095362167797,14.328595975733265,14.359363692151558,-0.5279519309620536,1.5898377163572832,-0.18490359957803343,1.2880333294485757,미결정,미결정,미결정,x,160,mid,R1-P1,5
Alaska|x,-0.20836644941966895,-0.5093241169154198,0.6637974209065096,0.8782599905110053,0.3301561669888229,1.563137534229421,0.7420531526836894,0.9187076602397082,14.359363692151558,14.567730141571227,-0.6148796108200303,1.0104084062394378,0.1764226319436302,2.243131322532392,미결정,미결정,미결정,x,160,mid,P1-P0,5
Alaska|x,7.748428209227508,2.518862873718116,10.927015590555566,7.511929336011645,3.011658203107156,8.912199173786568,0.00013027618551328816,1.0,22.316158350798737,14.567730141571227,1.1993502633203055,11.271848719403353,2.2794382889570444,9.148928315306472,열세,열세,열세,x,160,mid,D0-P0,5
Alaska|x,-0.239134165837962,-0.8191492433447349,1.4596747932644223,1.1000563559218584,0.34966500728641037,2.2023507790614105,0.9499739447628973,0.9485409067222512,14.328595975733265,14.567730141571227,-0.8819010292930102,2.2160258611025743,0.16586839714777202,3.389828678342924,미결정,미결정,미결정,x,160,mid,R1-P0,5
Alaska|x,-0.6743090674268377,-0.9228660700691436,0.25400877813166683,-0.07401067295934816,-0.4399064585540738,0.5971501195573796,0.1829077644606566,0.47668056279312143,13.89342107414439,14.567730141571227,-0.9604538892363413,0.6030121139002607,-0.5034708289266073,1.087238280179263,미결정,동등,미결정,x,160,mid,R0-P0,5
Alaska|x,0.8257902270719718,0.5205758023182474,2.1826898417707437,1.6298282578601548,0.9838051617111492,2.411231154791227,0.00011427265455376528,1.0,15.495224928049401,14.669434700977428,-0.8652458882330538,2.4724341478404814,-0.18104759477384247,2.5163440198185967,열세,열세,미결정,x,160,far,R1-P1,5
Alaska|x,0.02415407304534547,-0.40829161695656924,1.1281871593836827,0.7562427603121904,-0.06452899447905151,1.577887510516013,0.5894183521883213,0.7104330933607588,14.669434700977428,14.645280627932081,-0.4324747698621522,1.3153378743976318,-0.25081149713727335,1.7443650535259014,미결정,미결정,미결정,x,160,far,P1-P0,5
Alaska|x,12.219178448735144,7.268419925754319,14.055494146904053,9.361206454147313,6.8132620318629575,11.592494258671284,0.00011427265455376528,1.0,26.86445907666723,14.645280627932081,3.770605713412195,14.28525997337751,3.2231449339755174,11.817387065436955,열세,열세,열세,x,160,far,D0-P0,5
Alaska|x,0.8499443001173173,0.2556979206603528,3.201321183749536,2.3860710181723452,1.015175243629095,3.7920590290158627,0.005256542109473203,0.9982859101816935,15.495224928049401,14.645280627932081,-1.0902662673378796,3.6422890753570925,-0.007431153698187193,4.006711745128259,열세,열세,미결정,x,160,far,R1-P0,5
Alaska|x,-0.2878759534809497,-0.7067178097368412,1.3562438905976475,0.7778222600619653,-0.0773809098260755,1.6964561951701516,0.7676836932921952,0.7449434350359959,14.357404674451132,14.645280627932081,-1.3077431405206885,1.650882585850308,-0.4693160464029494,1.8391120070623008,미결정,미결정,미결정,x,160,far,R0-P0,5
CA-2|i,-1.1975406117414527,-1.481602772661236,-1.0011688803264769,-1.312916207906064,-1.6422996597864707,-1.0582283712021459,0.00030864197530864197,1.0,19.897566664908915,21.095107276650367,-1.547239567362944,-0.1312167673909519,-1.6883594694311388,-0.3120371337364246,우세,우세,우세,i,-1,near,R1-P1,5
CA-2|i,-3.982529512234541,-4.93429823801104,-1.5146951436975065,-2.6747785981464007,-4.452691692906756,-0.9276040944131515,0.00030864197530864197,0.9978395061728395,21.095107276650367,25.07763678888491,-5.28259943172648,4.607062884177835,-4.969015331678768,4.6244478351168805,우세,우세,미결정,i,-1,near,P1-P0,5
CA-2|i,-6.89933459768839,-8.136894134363706,-4.855427182926569,-6.545051565623456,-8.093810661815949,-5.075412069447491,0.00030864197530864197,1.0,18.17830219119652,25.07763678888491,-9.190022057188148,1.3547157140013266,-9.297659649670809,-0.06138381974480594,우세,우세,미결정,i,-1,near,D0-P0,5
CA-2|i,-5.180070123975994,-6.221976660156877,-2.7514137225851907,-3.9876948060524646,-5.776018877712722,-2.2325658897884684,0.00030864197530864197,1.0,19.897566664908915,25.07763678888491,-6.441066089244388,4.328091959335687,-6.290562782199147,3.9051534328967543,우세,우세,미결정,i,-1,near,R1-P0,5
CA-2|i,-1.2305159147882492,-1.4850717271351475,-0.901908715084821,-1.1661217578727872,-1.5650976128411147,-0.8511987713781501,0.00030864197530864197,1.0,23.84712087409666,25.07763678888491,-1.7920110684103008,0.1858775607862566,-1.8661852639312981,0.096890631148645,우세,우세,미결정,i,-1,near,R0-P0,5
CA-2|i,-1.1679067413914956,-1.2154430333865953,-0.7669491072514291,-0.9708872613632373,-1.1936179159951414,-0.7683683130119061,0.0004597701149425287,1.0,18.51503299075897,19.682939732150466,-1.4028877910290993,0.32510652820484154,-1.3920882312414058,0.32510652820484154,우세,우세,미결정,i,-1,mid,R1-P1,5
CA-2|i,-3.4965904922168427,-3.7331793376768188,-0.8030167846050297,-2.2885688205678547,-3.868429370139617,-0.7708720342324021,0.0004597701149425287,1.0,19.682939732150466,23.179530224367305,-4.574483246043503,15.284085053421713,-4.057477828291488,15.284085053421713,우세,우세,미결정,i,-1,mid,P1-P0,5
CA-2|i,-6.595020171654708,-6.6716349169751314,-6.269385853060621,-6.466214579555119,-6.674414607571054,-6.275744846840821,0.0004597701149425287,1.0,16.5845100527126,23.179530224367305,-8.09092876336931,-0.13008342246330784,-8.008285264331494,-0.13008342246330784,우세,우세,우세,i,-1,mid,D0-P0,5
CA-2|i,-4.664497233608339,-4.8895522434266,-1.5699658918564587,-3.2594560819310923,-5.0265814619065825,-1.5392403472443086,0.0004597701149425287,1.0,18.51503299075897,23.179530224367305,-5.9773710370726025,15.609191581626554,-5.42431387972463,15.609191581626554,우세,우세,미결정,i,-1,mid,R1-P0,5
CA-2|i,-1.3796780167753742,-1.395585624616637,-1.2706593734167744,-1.3379912212216216,-1.3974400511269391,-1.261451574970938,0.0004597701149425287,1.0,21.799852207591933,23.179530224367305,-1.4911246170336763,0.24181166387671776,-1.475154146055071,0.34640370240153473,우세,우세,미결정,i,-1,mid,R0-P0,5
CA-2|i,-0.2695230526635875,-0.43379881030192885,0.1723553433712503,0.006836049157374191,-0.22813407273844233,0.2459527535115654,0.3343877089923181,0.00391625244765778,15.179211191796355,15.448734244459942,-0.4370687770475542,0.4041633260015316,-0.28185639478905405,0.3825218340487782,동등,동등,동등,i,-1,far,R1-P1,5
CA-2|i,-1.398829816946207,-2.8930739644928463,3.5148990903868937,1.799778691150881,-1.5267353546690419,5.097604133771066,0.9338755836722398,0.7680373550233469,15.448734244459942,16.84756406140615,-1.818533975167832,6.129603267300448,-2.9602144223222013,7.326653530597925,미결정,미결정,미결정,i,-1,far,P1-P0,5
CA-2|i,-1.8369239175153116,-3.7918414930703532,-0.2310318881368892,-0.9643037067934394,-2.694903783956625,0.49328561502448615,0.025003765627353517,0.9395993372495858,15.01064014389084,16.84756406140615,-3.065859176084656,0.8172586572787872,-2.6433707399794235,1.245331794432446,미결정,미결정,미결정,i,-1,far,D0-P0,5
CA-2|i,-1.6683528696097945,-3.1783212730996913,3.522640286437253,1.8066147403082553,-1.6291352745600953,5.2253846878319195,0.8805543003464377,0.7614098508811568,15.179211191796355,16.84756406140615,-2.054348136588097,6.453877781344762,-3.040209541382167,7.478825045684997,미결정,미결정,미결정,i,-1,far,R1-P0,5
CA-2|i,-0.7324322068388447,-0.7932434649649993,-0.2464398019575898,-0.3503057505009529,-0.7234212800799703,0.052031454783831955,0.006025003765627353,0.6773610483506552,16.115131854567302,16.84756406140615,-0.7849450884607581,0.09552534673700754,-0.7123090577675306,0.2710557866498945,미결정,동등,미결정,i,-1,far,R0-P0,5
CA-2|i,-0.9765369000990571,-1.2336544468843968,-0.6477395186458884,-0.8799980860928954,-1.143365958372388,-0.6176699404038992,0.00020275750202757503,0.9993917274939172,21.58221403554066,22.558750935639715,-1.2281267631993797,0.45986060304885923,-1.1846413340545134,0.40098266926623494,우세,우세,미결정,i,10,near,R1-P1,5
CA-2|i,-2.779399075449778,-3.3534388580095196,0.5254161097332793,-0.7988101524494183,-2.794520619059963,1.1351982783133472,0.1362530413625304,0.8773317112733171,22.558750935639715,25.338150011089493,-3.3285988441817844,2.4019134833947047,-2.8484130253810083,4.370218522102146,미결정,미결정,미결정,i,10,near,P1-P0,5
CA-2|i,-7.199474844504225,-8.258674328282982,-4.3197906567112385,-5.682435089792056,-7.466120191277178,-3.9330128726227596,0.00020275750202757503,1.0,18.13867516658527,25.338150011089493,-7.716205275531486,1.5434898678915463,-7.395023208329299,1.9644589031877784,우세,우세,미결정,i,10,near,D0-P0,5
CA-2|i,-3.755935975548835,-4.46694915555495,-0.37729307404180085,-1.6788082385423138,-3.7405545614505415,0.3273696013606634,0.021492295214922953,0.9677615571776156,21.58221403554066,25.338150011089493,-4.351771046130261,2.6156527762240858,-3.8023094164492317,4.5770770962085185,미결정,미결정,미결정,i,10,near,R1-P0,5
CA-2|i,-1.4290212258512276,-1.5947392331659989,-0.989720289340591,-1.197197569337466,-1.481600045002017,-0.88984148225636,0.00020275750202757503,1.0,23.909128785238266,25.338150011089493,-1.5725143852464123,-0.09133222892074797,-1.525471632933418,0.021579993441690825,우세,우세,미결정,i,10,near,R0-P0,5
CA-2|i,-0.9602124792862199,-1.0844793669719401,-0.9435039639560742,-0.9965389512189681,-1.087338597760056,-0.9435039639560742,0.0004597701149425287,1.0,19.406151245290065,20.36636372457628,-1.3778962326863553,0.35743185342131945,-1.3811864273876582,0.42615201913177714,우세,우세,미결정,i,10,mid,R1-P1,5
CA-2|i,-2.6291870840316043,-3.5177768324946457,-1.1530458035437796,-2.4008258511923124,-3.519791924001615,-1.1530458035437796,0.0004597701149425287,1.0,20.36636372457628,22.995550808607888,-4.276798748068977,-0.10951852221730007,-3.7596358833511614,4.456689895419011,우세,우세,미결정,i,10,mid,P1-P0,5
CA-2|i,-6.358041266243514,-7.031882072897479,-6.195222228967516,-6.4960581009832765,-7.037389412898965,-6.161558637242381,0.0004597701149425287,1.0,16.637509542364374,22.995550808607888,-8.198671613975533,-0.8218983345772113,-8.205187407101226,0.08635091576408982,우세,우세,미결정,i,10,mid,D0-P0,5
CA-2|i,-3.589399563317824,-4.601965767440247,-2.10696927828577,-3.3973648024112806,-4.60713052176167,-2.10696927828577,0.0004597701149425287,1.0,19.406151245290065,22.995550808607888,-5.1341306454949684,0.12538956165305493,-5.140254060558897,4.882841914550788,우세,우세,미결정,i,10,mid,R1-P0,5
CA-2|i,-1.4994877367289863,-1.5381305619267398,-1.3124057564213945,-1.4457972365576108,-1.5364314250439848,-1.3124057564213945,0.0004597701149425287,1.0,21.4960630718789,22.995550808607888,-1.7004320340600332,-0.3275127156595339,-1.698725389474351,0.20806280846634806,우세,우세,미결정,i,10,mid,R0-P0,5
CA-2|i,-0.3953695753412262,-1.0622105990031943,0.012554736347184755,-0.26742662467779327,-0.7748772981033826,0.17199708187917945,0.056335184250378596,0.2602725896012115,14.70900990373716,15.104379479078386,-1.1578557694906557,0.11717872338729429,-0.9178580326481276,0.17881010577127068,미결정,미결정,미결정,i,10,far,R1-P1,5
CA-2|i,-1.844379129367637,-2.731444336970448,0.7990429253421337,-0.26368791236834427,-2.465589480866403,1.9242151728863213,0.21726400807672894,0.780010095911156,15.104379479078386,16.948758608446024,-3.259563656061127,1.5636392031642277,-3.909896278186476,3.1382880483774547,미결정,미결정,미결정,i,10,far,P1-P0,5
CA-2|i,-2.871311506738882,-4.698134824008238,-0.8853110321217083,-1.9746847158663925,-3.9628408563195086,-0.05430959272164231,0.0034326097930338214,0.990610802624937,14.07744710170714,16.948758608446024,-5.088072987584587,-0.37951756860024277,-5.041778164085868,0.2732163129062646,우세,우세,미결정,i,10,far,D0-P0,5
CA-2|i,-2.2397487047088633,-3.0921717816552814,0.3395942789893452,-0.5311145370461375,-2.792523268005848,1.7612360015040518,0.09994952044422009,0.8798586572438163,14.70900990373716,16.948758608446024,-3.580934440948941,1.3194740470915152,-4.320903612843962,2.9467416001523206,미결정,미결정,미결정,i,10,far,R1-P0,5
CA-2|i,-1.1375465717626176,-1.5852600749075982,-0.45340293278973604,-0.5349130402213735,-1.0799731489750242,0.009087056246859215,0.0006057546693589097,0.9637556789500252,15.811212036683406,16.948758608446024,-1.6308981277602983,-0.26204734425262666,-1.3331896235756882,0.0789418186676858,미결정,미결정,미결정,i,10,far,R0-P0,5
CA-2|i,-0.7348242852422526,-1.0017065591525434,-0.46991244373078217,-0.7227183761811766,-0.9954944956710207,-0.49142073030832945,0.00020283975659229209,0.9687626774847871,20.037480171467386,20.77230445670964,-1.0129967932587092,0.6224208719313865,-1.0274396513477504,0.4880503232123506,우세,우세,미결정,i,40,near,R1-P1,5
CA-2|i,-4.403753561743129,-5.209645015007622,0.21019081308406057,-2.0260136946847425,-4.348938898625388,0.9450606351417278,0.06206896551724138,0.9535496957403651,20.77230445670964,25.176058018452768,-5.178693375358221,5.419755187538722,-4.529841909345086,6.630456404167571,미결정,미결정,미결정,i,40,near,P1-P0,5
CA-2|i,-7.467939126320803,-8.53117844524014,-4.74630885399362,-6.2223174853698255,-7.89478154237283,-4.449933931335762,0.00020283975659229209,1.0,17.708118892131967,25.176058018452768,-8.146998707080103,1.742910893455366,-7.935990286242971,1.6427428468653567,우세,우세,미결정,i,40,near,D0-P0,5
CA-2|i,-5.138577846985382,-6.0754552340777686,-0.4578518274032058,-2.748732070865919,-5.1713570456292,0.2641411129605279,0.02434077079107505,0.9740365111561866,20.037480171467386,25.176058018452768,-6.009434020123532,5.944830546128475,-5.383607141522538,6.95004909368574,미결정,미결정,미결정,i,40,near,R1-P0,5
CA-2|i,-1.392034477127351,-1.5777926014494825,-0.952849528561692,-1.1631429678438152,-1.4754990660596274,-0.8740175157868993,0.00020283975659229209,1.0,23.784023541325418,25.176058018452768,-1.5591061275838367,0.009646342386086826,-1.5068156068222924,0.08497924607904106,우세,우세,미결정,i,40,near,R0-P0,5
CA-2|i,-0.7260687778329874,-0.8091596929245889,-0.7170361713112116,-0.7737279010266409,-0.822797898761127,-0.7226242308935916,0.0004576659038901602,1.0,18.177349590611392,18.90341836844438,-1.1458769671019162,0.5969776445876274,-1.1645231868467087,0.5465086561079806,우세,우세,미결정,i,40,mid,R1-P1,5
CA-2|i,-4.189810371835537,-4.887528715767583,-3.2750403670347352,-3.934340883258207,-4.896470158734397,-2.7644095873709595,0.0004576659038901602,1.0,18.90341836844438,23.09322874027992,-5.598332710497853,2.4986768267565274,-5.543036529086354,4.693829584549933,우세,우세,미결정,i,40,mid,P1-P0,5
CA-2|i,-6.567096475153742,-6.9681344894357755,-6.496050134120824,-6.6299320817534495,-6.882542692074968,-6.4260457417001975,0.0004576659038901602,1.0,16.526132265126176,23.09322874027992,-8.191564354334583,-0.9208009199357079,-8.067592176462206,-0.2845950505494094,우세,우세,우세,i,40,mid,D0-P0,5
CA-2|i,-4.915879149668524,-5.646671522803885,-4.019668583215253,-4.708068784284848,-5.708524116478023,-3.532294404919464,0.0004576659038901602,1.0,18.177349590611392,23.09322874027992,-6.69941962334875,2.7009588877382136,-6.661418898689946,5.077991236153554,우세,우세,미결정,i,40,mid,R1-P0,5
CA-2|i,-1.4709978010946387,-1.501482109978141,-1.3290008176347572,-1.4153053364685,-1.478481227622897,-1.3202279698812989,0.0004576659038901602,1.0,21.62223093918528,23.09322874027992,-1.6414700880540734,-0.18439836249439956,-1.5904661364080779,0.08001780531021119,우세,우세,미결정,i,40,mid,R0-P0,5
CA-2|i,0.09242221204952905,-0.6698876977551272,0.28833690703105275,-0.029762977871155272,-0.5481900857618327,0.3417974260678154,0.7065118626956083,0.07723372034326098,15.144822980716674,15.052400768667145,-0.874098964300501,0.37989307301884423,-0.7508577586100725,0.3464763635986594,미결정,동등,미결정,i,40,far,R1-P1,5
CA-2|i,-1.9103098166205918,-2.9447395207528895,2.5922514307800597,1.2296319452013686,-1.873109559771572,4.338958940179746,0.6328117112569409,0.6756183745583039,15.052400768667145,16.962710585287734,-3.0901535897707504,4.309386275234078,-3.541093675185834,5.802797366887491,미결정,미결정,미결정,i,40,far,P1-P0,5
CA-2|i,-2.500745778791345,-4.457698739009891,-0.4404815070060888,-1.578596217663123,-3.622538563191633,0.425292742191729,0.015345784957092377,0.9711256940938919,14.461964806496391,16.962710585287734,-4.587516750597251,-0.07084805918851365,-4.588975804322309,0.7019849220566488,미결정,미결정,미결정,i,40,far,D0-P0,5
CA-2|i,-1.8178876045710628,-2.9070473554672445,2.430217305664401,1.1998689673302134,-1.8221505365484807,4.3233973419568095,0.6124179707218577,0.6701665825340737,15.144822980716674,16.962710585287734,-3.081670156450905,3.95947620222692,-3.583180457748439,5.646687101065806,미결정,미결정,미결정,i,40,far,R1-P0,5
CA-2|i,-1.0290985902381824,-1.3797229012473136,-0.3525490391901828,-0.46612870218399893,-0.9769026440820436,0.06307102902476602,0.002624936900555275,0.941140837960626,15.933611995049555,16.962710585287734,-1.418458551245227,-0.24187920645989539,-1.1566252261557837,0.1270428060811032,미결정,미결정,미결정,i,40,far,R0-P0,5
CA-2|i,-1.0484985696481446,-1.241538058626099,-0.6262615585952975,-1.1155906999842409,-1.3679993085888449,-0.659934055816039,0.00022406453058480843,1.0,20.10844177180884,21.15694034145699,-1.283414697058365,0.1265420060033321,-1.4021627072059066,0.049989124792961824,우세,우세,미결정,i,160,near,R1-P1,5
CA-2|i,-3.8323523733399525,-4.738489320833867,1.5909777371535627,-2.0160841279248993,-3.812632428115817,2.4877768808602134,0.26305175890656507,0.7992381805960117,21.15694034145699,24.98929271479694,-4.872736047583959,6.610692100225663,-4.199714039205504,8.12998780012632,미결정,미결정,미결정,i,160,near,P1-P0,5
CA-2|i,-6.714903946149414,-7.971554445008556,-4.595155515941285,-6.077898147196292,-7.655693863925713,-4.583923745951629,0.00022406453058480843,1.0,18.274388768647523,24.98929271479694,-8.590856234329317,1.5532328302715974,-8.30912864080687,0.6743507303681375,우세,우세,미결정,i,160,near,D0-P0,5
CA-2|i,-4.880850942988097,-5.8969133082968535,0.8896709070994863,-3.13167482790914,-4.94413826599824,1.717748870112579,0.18014788259018596,0.8875196056464262,20.10844177180884,24.98929271479694,-5.9647250727762025,6.626123625840892,-5.3536148377319925,8.079568557369372,미결정,미결정,미결정,i,160,near,R1-P0,5
CA-2|i,-1.323223319988832,-1.5371123697075109,-0.849658934531296,-1.1775723313806978,-1.498951945236784,-0.7851827209253656,0.00022406453058480843,1.0,23.66606939480811,24.98929271479694,-1.702781641508095,0.1871884532706729,-1.6709076474276492,0.1618791558281406,우세,우세,미결정,i,160,near,R0-P0,5
CA-2|i,-1.0275873130242914,-1.0659882764590056,-0.7288861781542031,-0.8865430663312402,-1.0681724213460615,-0.7395257632395867,0.0004576659038901602,1.0,18.744550439105133,19.772137752129417,-1.2515080080183112,0.2956189334605632,-1.2527819613409097,0.2760046396162572,우세,우세,미결정,i,160,mid,R1-P1,5
CA-2|i,-3.4093562158084767,-3.657487639358257,-1.1632937164415458,-2.412386367914704,-3.714810730609888,-0.9844523566468858,0.0004576659038901602,1.0,19.772137752129417,23.1814939679379,-4.401920535800151,12.128842652551125,-3.8387239229567776,12.145796462595879,우세,우세,미결정,i,160,mid,P1-P0,5
CA-2|i,-6.480906781443609,-6.552487342132874,-6.179496207456675,-6.332813427048846,-6.524979428235558,-6.095119191249353,0.0004576659038901602,1.0,16.70058718649429,23.1814939679379,-7.902119922192444,0.038818769639573814,-7.78127074320179,0.17857651573048045,우세,우세,미결정,i,160,mid,D0-P0,5
CA-2|i,-4.436943528832767,-4.6335440281221265,-1.9011017908883447,-3.298929434245944,-4.756169106040877,-1.71636206351831,0.0004576659038901602,1.0,18.744550439105133,23.1814939679379,-5.652475290311866,12.530515636528005,-5.071559027075155,12.55129010398376,우세,우세,미결정,i,160,mid,R1-P0,5
CA-2|i,-1.4592957970528786,-1.476281041048685,-1.3347798497161347,-1.4090521381497318,-1.4708095438061248,-1.3301282770626224,0.0004576659038901602,1.0,21.72219817088502,23.1814939679379,-1.5572806322066106,0.12911151935800358,-1.5323430607530382,0.1768790110750076,우세,우세,미결정,i,160,mid,R0-P0,5
CA-2|i,-0.15850187951872668,-0.5386725798988251,0.181935846464231,-0.04176505646043971,-0.3812345163648068,0.23404557636032353,0.4254818302192144,0.033838458143298514,15.58185961877246,15.74036149829119,-0.5680835840443389,0.2595229371508434,-0.5617139692770052,0.352941646910148,미결정,동등,미결정,i,160,far,R1-P1,5
CA-2|i,-1.268744229745927,-1.7908787973767366,3.1785556594641178,1.816446113796982,-1.1071089493498183,4.719058947225234,0.9986758864204797,0.805061056348389,15.74036149829119,17.009105728037117,-1.6557469671445684,5.544273980234758,-2.490157280172204,7.139530536314032,미결정,미결정,미결정,i,160,far,P1-P0,5
CA-2|i,-1.8324263812783137,-3.3596956767405732,-0.15950431671844167,-0.9826849795298042,-2.5468437668812247,0.4816964576066921,0.033838458143298514,0.9340885684860968,15.1766793467588,17.009105728037117,-2.852800896905284,0.4815301972061728,-2.57668740413813,1.0025036336411943,미결정,미결정,미결정,i,160,far,D0-P0,5
CA-2|i,-1.4272461092646538,-2.1112136941901327,3.137720986649253,1.7746810573365424,-1.239375726929446,4.713614082581347,0.947771075474474,0.790348683242607,15.58185961877246,17.009105728037117,-1.791953368010597,5.622355547272329,-2.675116082150838,7.227608938574729,미결정,미결정,미결정,i,160,far,R1-P0,5
CA-2|i,-0.8241291647808004,-1.0019912561277782,-0.3963497802545865,-0.4808429598586109,-0.8534990600556281,-0.1021295121285908,0.00029424746211563924,0.8437545976165955,16.184976563256317,17.009105728037117,-0.9692513011713224,-0.11070860564909464,-0.910169888289572,0.09035326980626363,우세,우세,미결정,i,160,far,R0-P0,5
CA-2|x,-1.0343901098889703,-1.3258164389512876,-0.8570126850744004,-1.2781009753668406,-1.6497900235049112,-0.9807108662299683,0.0003045066991473812,1.0,20.05481931429548,21.089209424184446,-1.5033693460445672,-0.20508163534864096,-1.8497512895893387,-0.6259345624004575,우세,우세,우세,x,-1,near,R1-P1,5
CA-2|x,-3.691491648348305,-4.638472180355657,-1.4397709459496744,-2.4046794432387673,-4.1836498054485975,-0.6965992585025307,0.001218026796589525,0.9963459196102314,21.089209424184446,24.78070107253275,-4.969997617559051,4.279834338207975,-4.543308440453065,4.509489206055833,우세,우세,미결정,x,-1,near,P1-P0,5
CA-2|x,-6.220599267750876,-7.535756995187642,-4.18575575696366,-5.620722587230567,-7.2835877379071325,-3.9973960533452515,0.0003045066991473812,1.0,18.560101804781876,24.78070107253275,-9.553491928699868,2.520932351381886,-9.482751114992732,1.7607120619740786,우세,우세,미결정,x,-1,near,D0-P0,5
CA-2|x,-4.725881758237275,-5.726150867959201,-2.480259158266083,-3.6827804186056077,-5.472980270410954,-1.9436706651575462,0.0003045066991473812,1.0,20.05481931429548,24.78070107253275,-5.900390633840617,3.637992085994514,-5.850342161887617,3.598295346102314,우세,우세,미결정,x,-1,near,R1-P0,5
CA-2|x,-1.189858420632954,-1.392836197291908,-0.8532307451987717,-1.0757339653593025,-1.4090989229919704,-0.7612013356245684,0.0003045066991473812,1.0,23.5908426518998,24.78070107253275,-1.7097502654143528,0.19724469503745606,-1.7487296763488396,0.15124982847944235,우세,우세,미결정,x,-1,near,R0-P0,5
CA-2|x,-1.0636033043219286,-1.1180231785554393,-0.6387253121827179,-0.8498811053888374,-1.0983501558096065,-0.6365798925749608,0.000444247001332741,1.0,18.613790928219196,19.677394232541126,-1.2512769570445652,0.3051966230523959,-1.2512769570445648,0.3051966230523959,우세,우세,미결정,x,-1,mid,R1-P1,5
CA-2|x,-3.195034684280907,-3.440162505332083,-0.5740640671748579,-2.0361194339217135,-3.5807092346457328,-0.5496966225566332,0.000444247001332741,0.9822301199466904,19.677394232541126,22.872428916822034,-4.549167219774274,14.937595448512646,-4.549167219774276,14.937595448512646,우세,우세,미결정,x,-1,mid,P1-P0,5
CA-2|x,-6.6077083429759345,-6.8951180345790615,-6.050378605819627,-6.538181441636636,-6.951817589352492,-6.137413399084786,0.000444247001332741,1.0,16.2647205738461,22.872428916822034,-8.418380371824501,1.8955956951793382,-8.380367692109138,1.0086675880254905,우세,우세,미결정,x,-1,mid,D0-P0,5
CA-2|x,-4.258637988602835,-4.492887530430486,-1.2239452443387477,-2.88600053931055,-4.60763547472239,-1.1974763024179744,0.000444247001332741,1.0,18.613790928219196,22.872428916822034,-5.80044417681884,15.377189519001604,-5.800444176818841,15.377189519001604,우세,우세,미결정,x,-1,mid,R1-P0,5
CA-2|x,-1.3096894434786854,-1.3206570269659366,-1.1750062953215132,-1.2570452976521165,-1.323141204615539,-1.1613536567858946,0.000444247001332741,1.0,21.56273947334335,22.872428916822034,-1.420073060229365,0.3037756665460911,-1.4200730602293654,0.603298059138929,우세,우세,미결정,x,-1,mid,R0-P0,5
CA-2|x,-0.29588104392684433,-0.5306044828777008,0.16227440488702852,-0.04008914505043961,-0.34655840898104967,0.27620109766188156,0.23625624716038165,0.04119339694078449,15.154928175520007,15.45080921944685,-0.6046251181033561,0.4060209556947317,-0.47599389176370854,0.43788885906975683,미결정,동등,미결정,x,-1,far,R1-P1,5
CA-2|x,-1.1704622290159894,-2.626547653398499,3.5565540272559373,1.896559836385557,-1.2780877112574929,5.29263153722345,0.982583674087536,0.7993336362259579,15.45080921944685,16.621271448462842,-1.6453201519146048,6.153014008430137,-2.7492119925115315,7.213864720929135,미결정,미결정,미결정,x,-1,far,P1-P0,5
CA-2|x,-1.2541339904762197,-2.082160339969348,1.0381254201083876,0.35404950193840606,-1.2065730570292503,1.9809668305900525,0.4258670301378161,0.6537937301226715,15.36713745798662,16.621271448462842,-1.5192518574984013,2.6554324823818987,-1.3468582723365898,3.009727653525196,미결정,미결정,미결정,x,-1,far,D0-P0,5
CA-2|x,-1.4663432729428336,-2.6195826786175123,3.418273057297746,1.8564706913351174,-1.307846265276597,5.202441294361393,0.9347266394063305,0.793275783734666,15.154928175520007,16.621271448462842,-1.7996513284911397,6.300467020758794,-2.710265819345351,7.157398754772047,미결정,미결정,미결정,x,-1,far,R1-P0,5
CA-2|x,-0.6398611792643998,-1.0774792474770887,-0.2633964315961386,-0.49012178637881726,-0.9464378307647404,-0.0695348052755459,0.00030289262456459186,0.7764652430713312,15.98141026919844,16.621271448462842,-1.1403018635567006,0.02265573494012877,-1.0195365683964903,0.12801976431384957,우세,우세,미결정,x,-1,far,R0-P0,5
CA-2|x,-0.8400182978704791,-1.104050464033936,-0.21138697219687877,-0.7730422983590295,-1.062121007638146,-0.21088792494424402,0.003246753246753247,0.7923430735930735,21.93703062031928,22.777048918189756,-1.1596115920204864,0.47973585419946685,-1.1250285420105663,0.3666678668285311,우세,우세,미결정,x,10,near,R1-P1,5
CA-2|x,-1.8443025537719138,-2.554737757179694,1.069996783622584,-0.4225262725082167,-2.364898097289617,1.2603383250615332,0.41314935064935066,0.7252435064935064,22.777048918189756,24.621351471961674,-2.985503938668578,2.0833340081422054,-2.598172249684499,2.506297759841999,미결정,미결정,미결정,x,10,near,P1-P0,5
CA-2|x,-6.515385738636043,-7.6271184077208725,-2.4744826846388386,-5.5113079461816685,-7.136576784506167,-2.1068922315134975,0.00013528138528138528,1.0,18.10596573332563,24.621351471961674,-7.287327057452383,1.547217567598679,-7.2147649795381685,1.4244471614659302,우세,우세,미결정,x,10,near,D0-P0,5
CA-2|x,-2.6843208516423926,-3.393225557734733,0.5484097668811336,-1.195568570867246,-3.087668583483576,0.717040713670308,0.13555194805194806,0.8625541125541125,21.93703062031928,24.621351471961674,-3.5815413366315827,2.0983491837529087,-3.204343873217588,2.5623284239479336,미결정,미결정,미결정,x,10,near,R1-P0,5
CA-2|x,-1.1221509803943601,-1.3017982500937995,-0.34750156284025613,-0.9189665710497728,-1.1932248347655148,-0.27463386779574755,0.0013528138528138528,0.9253246753246753,23.499200491567315,24.621351471961674,-1.2577152669797502,0.20990020083342087,-1.2330192658039774,0.27704684666927143,우세,우세,미결정,x,10,near,R0-P0,5
CA-2|x,-0.9813236822986081,-1.101559667933507,-0.9079414761089616,-0.9919018013448543,-1.101559667933507,-0.9079414761089616,0.00045310376076121433,1.0,20.09297871502465,21.074302397323258,-1.7393017878776813,0.20854559301593767,-1.7393017878776813,0.5498719204097604,우세,우세,미결정,x,10,mid,R1-P1,5
CA-2|x,-1.853538684653881,-2.6917537545546866,-0.3212492531104168,-1.590884527088876,-2.6917537545546866,-0.3212492531104168,0.00045310376076121433,0.9107385591300408,21.074302397323258,22.927841081977142,-4.600826999304735,0.2646314395507865,-4.600826999304735,4.881191006472346,우세,우세,미결정,x,10,mid,P1-P0,5
CA-2|x,-5.918290238583505,-6.664752863134444,-5.682447528668752,-6.04727189962441,-6.664752863134444,-5.682447528668752,0.00045310376076121433,1.0,17.009550843393637,22.927841081977142,-9.205159595008945,-0.6540481705763481,-9.205159595008945,0.3808415300592394,우세,우세,미결정,x,10,mid,D0-P0,5
CA-2|x,-2.834862366952489,-3.793313422488194,-1.2291907292193784,-2.5827863284337305,-3.793313422488194,-1.2291907292193784,0.00045310376076121433,1.0,20.09297871502465,22.927841081977142,-4.825427846193152,0.47317703256672417,-4.825427846193152,5.431062926882106,우세,우세,미결정,x,10,mid,R1-P0,5
CA-2|x,-1.278708066828602,-1.3230802775455988,-1.0446075041321354,-1.2144766213296154,-1.3230802775455988,-1.0446075041321354,0.00045310376076121433,1.0,21.649133015148543,22.927841081977142,-1.7108419450921157,-0.16308663181166239,-1.7108419450921133,0.48469265334297873,우세,우세,미결정,x,10,mid,R0-P0,5
CA-2|x,-0.44405877050302645,-1.0742329062852194,-0.13659086628688863,-0.4244907103116127,-0.9055549279870191,0.022254027294965107,0.006680838141512299,0.3882984107703209,15.161449019447854,15.605507789950883,-1.1058319901239297,-0.008866277398629413,-1.1017123717327726,0.14892028687086592,미결정,미결정,미결정,x,10,far,R1-P1,5
CA-2|x,-1.2935785581440977,-2.0291416845132932,0.9932272723253935,0.015394333972090024,-1.8056769345562618,1.7984648312004234,0.3046867091810912,0.6207105982386881,15.605507789950883,16.899086348094976,-2.57656373091516,1.3613766238044351,-2.8253593393715803,2.409406438064333,미결정,미결정,미결정,x,10,far,P1-P0,5
CA-2|x,-2.67092011893713,-4.7996426546323825,0.08673054733711243,-0.9669904586337179,-3.249740300199621,1.2392755272343636,0.05911529507035125,0.9286365016702095,14.228166229157846,16.899086348094976,-5.172417703115185,0.447959533546813,-4.336386108214417,1.6270313989671892,미결정,미결정,미결정,x,10,far,D0-P0,5
CA-2|x,-1.7376373286471243,-2.4703800446952267,0.3594370791501593,-0.40909637633952267,-2.245054097174761,1.420575691890563,0.13948780240915074,0.8162769511084118,15.161449019447854,16.899086348094976,-2.979840220209684,0.7917176145766052,-3.312418991605664,2.0819351750645785,미결정,미결정,미결정,x,10,far,R1-P0,5
CA-2|x,-0.9527949638172185,-1.4018658915225908,-0.29545117690073097,-0.5066960814181354,-1.057160173116983,0.04639674835357351,0.004453892094341533,0.9284340520295576,15.94629138427776,16.899086348094976,-1.458329981450022,-0.17332651371688004,-1.2915251647226555,0.21886541728702621,미결정,미결정,미결정,x,10,far,R0-P0,5
CA-2|x,-0.7104317525969606,-1.1170549814611965,-0.4419858699221108,-0.7778212986286193,-1.0823022051492535,-0.5076337364932471,0.00020214271275520516,0.9787750151607034,21.755143179746533,22.465574932343493,-1.108567115305449,0.683199803627367,-1.0881817738960358,0.416245576215924,우세,우세,미결정,x,40,near,R1-P1,5
CA-2|x,-2.69018674773675,-3.6472293358363013,1.5787267522067838,-0.2307134335833055,-3.064205216969522,2.429795786100826,0.3072569233879119,0.7715787345866182,22.465574932343493,25.155761680080246,-3.6852293951119472,4.883080829023439,-3.281808736480152,7.027839295152252,미결정,미결정,미결정,x,40,near,P1-P0,5
CA-2|x,-6.920093896307137,-8.14896785295231,-4.386621595213095,-5.7366767554417954,-7.600617001082459,-3.8192425161773955,0.00020214271275520516,1.0,18.23566778377311,25.155761680080246,-7.7644008898291474,1.9739863273987093,-7.672219852817287,2.132366899367836,우세,우세,미결정,x,40,near,D0-P0,5
CA-2|x,-3.400618500333711,-4.507861355395607,0.7450464142407863,-1.0085347322119247,-3.8592356246314408,1.6657477503642746,0.15039417828987264,0.8861936527188194,21.755143179746533,25.155761680080246,-4.615350585377319,4.903508574433911,-4.201468056491888,7.139819585608005,미결정,미결정,미결정,x,40,near,R1-P0,5
CA-2|x,-1.3127612041629662,-1.4923105422067624,-0.7780716371439024,-1.0285488322889194,-1.3402044714044525,-0.6602860054425979,0.00020214271275520516,0.9997978572872448,23.84300047591728,25.155761680080246,-1.4198531964656635,0.006479091167039328,-1.3620800192265645,0.22725542717965888,우세,우세,미결정,x,40,near,R0-P0,5
CA-2|x,-0.6639980203526843,-0.7746139636798635,-0.6494025623760905,-0.6962750734983534,-0.7746139636798635,-0.6494025623760905,0.00045310376076121433,1.0,19.537411365868277,20.201409386220963,-1.5295916205802602,0.6708810249301642,-1.5295916205802602,0.6708810249301642,우세,우세,미결정,x,40,mid,R1-P1,5
CA-2|x,-2.48683750728015,-3.7584349204134626,-0.39222675277531704,-2.1714751500897806,-3.7584349204134626,-0.39222675277531704,0.00045310376076121433,0.9107385591300408,20.201409386220963,22.68824689350111,-4.800016134819092,2.5886539481393207,-4.800016134819092,8.664816535733497,우세,우세,미결정,x,40,mid,P1-P0,5
CA-2|x,-5.78215581424886,-6.433049838146976,-5.568593196539214,-5.8955809491334765,-6.433049838146976,-5.568593196539214,0.00045310376076121433,1.0,16.906091079252253,22.68824689350111,-9.251552185627943,-0.3110507917738552,-9.251552185627943,0.6352402004459314,우세,우세,미결정,x,40,mid,D0-P0,5
CA-2|x,-3.1508355276328337,-4.533048884093326,-1.0570354472144217,-2.8677502235881334,-4.533048884093326,-1.0570354472144217,0.00045310376076121433,1.0,19.537411365868277,22.68824689350111,-5.728296321638069,2.9617416267257646,-5.728296321638069,9.232628208632423,우세,우세,미결정,x,40,mid,R1-P0,5
CA-2|x,-1.3293223442756066,-1.3600978552801446,-1.074906842942056,-1.2549627229629223,-1.3600978552801446,-1.074906842942056,0.00045310376076121433,1.0,21.358924549225506,22.68824689350111,-1.7524569059373067,-0.11741301463126419,-1.7524569059373067,0.515738638589152,우세,우세,미결정,x,40,mid,R0-P0,5
CA-2|x,-0.04042528974979405,-0.8743675074013453,0.19835755811941702,-0.18864766790419019,-0.7376085833850125,0.287001683506971,0.6186861018321692,0.18190100212572122,14.984035377945403,15.024460667695198,-0.9078209486825671,0.2812758167411134,-0.7322435322469694,0.22319213706328228,미결정,동등,미결정,x,40,far,R1-P1,5
CA-2|x,-1.5675631461836783,-2.5818776583714484,1.8813481683989297,0.47659814500799697,-2.2717840324855176,3.2793867812289075,0.46401457637412696,0.6354894220062759,15.024460667695198,16.59202381387888,-3.357398331842659,2.717471585141099,-3.724827463925294,4.382353705139822,미결정,미결정,미결정,x,40,far,P1-P0,5
CA-2|x,-2.5281740309109066,-4.9032281331247125,0.36456250057146805,-0.7987522427496849,-3.3155046743653522,1.6205414543103973,0.08259945338597025,0.9102135843708877,14.063849782967969,16.59202381387888,-5.296530406958337,0.7756418526874087,-4.414135258375349,2.0647564185403042,미결정,미결정,미결정,x,40,far,D0-P0,5
CA-2|x,-1.6079884359334724,-2.792122268418751,1.5084410322781217,0.2879504771038068,-2.37373523223244,2.97130476850904,0.3391031480919121,0.7091810912035631,14.984035377945403,16.59202381387888,-3.2365881306533684,2.3974778004091917,-3.843350544692036,4.044229725632865,미결정,미결정,미결정,x,40,far,R1-P0,5
CA-2|x,-1.0127121452973586,-1.513827771357561,-0.36118008750537567,-0.6400721934716262,-1.2201252505411966,-0.047992208106033295,0.002631845328474542,0.9554610790565847,15.579311668581516,16.59202381387888,-1.5897876149643448,-0.2707003927290089,-1.4724528346327126,0.0736559656725503,우세,우세,미결정,x,40,far,R0-P0,5
CA-2|x,-1.0173526520832112,-1.2481776330597891,-0.8664395429205143,-1.193439212809593,-1.4972747672733193,-0.9537903754261199,0.0003045066991473812,1.0,19.922813382263136,20.94016603434635,-1.3368733855264434,-0.1596624519843143,-1.6023041306945682,-0.46613316586066045,우세,우세,우세,x,160,near,R1-P1,5
CA-2|x,-3.8112846886271114,-4.730761843008958,-1.4654575381822936,-2.5175125712510646,-4.21583722301414,-0.8479724917620771,0.001218026796589525,0.9981729598051157,20.94016603434635,24.75145072297346,-4.96550751421424,4.119175593534976,-4.549638569602818,4.359097385193996,우세,우세,미결정,x,160,near,P1-P0,5
CA-2|x,-6.286589803177021,-7.5490464575551055,-4.266526760737103,-5.802988611528332,-7.40960470996121,-4.251560818817404,0.0003045066991473812,1.0,18.464860919796436,24.75145072297346,-9.35013433570033,2.2378138840848476,-9.364703698077577,1.2726154956324889,우세,우세,미결정,x,160,near,D0-P0,5
CA-2|x,-4.828637340710323,-5.816359750948349,-2.550147754960599,-3.710951784060657,-5.450026118531079,-2.019593242455418,0.0003045066991473812,1.0,19.922813382263136,24.75145072297346,-5.961592856981348,3.6439715316106827,-5.82096702833138,3.69930761220047,우세,우세,미결정,x,160,near,R1-P0,5
CA-2|x,-1.1152603427817636,-1.3230420917593264,-0.7989380830549005,-1.0330747590151266,-1.3435625150608328,-0.735461521226321,0.0003045066991473812,1.0,23.636190380191696,24.75145072297346,-1.6655239648421123,0.22966476056028048,-1.7242229796238446,0.1800361587347266,우세,우세,미결정,x,160,near,R0-P0,5
CA-2|x,-1.0399723607539904,-1.08803088182511,-0.6590076905496474,-0.8503766880984415,-1.071547409751527,-0.6565994061855335,0.000444247001332741,1.0,18.530855806966773,19.570828167720762,-1.2744497394110166,0.30600759502130614,-1.2744497394110175,0.30600759502130614,우세,우세,미결정,x,160,mid,R1-P1,5
CA-2|x,-3.347776101869124,-3.581240325692053,-0.7981325041609345,-2.220060452900364,-3.7214642912867157,-0.7747134936164229,0.000444247001332741,1.0,19.570828167720762,22.91860426958989,-4.634138308762555,14.031139935013165,-4.634138308762555,14.031139935013165,우세,우세,미결정,x,160,mid,P1-P0,5
CA-2|x,-6.16676195543784,-6.219510645218923,-5.904392488258298,-6.087299594719943,-6.2918096853303505,-5.901723342417329,0.000444247001332741,1.0,16.75184231415205,22.91860426958989,-7.573532607754734,0.7495068290537041,-7.552797712659409,0.7495068290537024,우세,우세,미결정,x,160,mid,D0-P0,5
CA-2|x,-4.387748462623114,-4.616377346795123,-1.4699409808602604,-3.0704371409988056,-4.733155716818789,-1.4441630161387295,0.000444247001332741,1.0,18.530855806966773,22.91860426958989,-5.908588048173572,14.491348926075744,-5.9085880481735735,14.491348926075744,우세,우세,미결정,x,160,mid,R1-P0,5
CA-2|x,-1.211990755855966,-1.249851002948747,-1.0926896182133015,-1.168090476878288,-1.2480169625267545,-1.084342524217373,0.000444247001332741,1.0,21.70661351373392,22.91860426958989,-1.3364975799617058,0.6472056955427092,-1.3364975799617067,0.7088958576025615,우세,우세,미결정,x,160,mid,R0-P0,5
CA-2|x,-0.20956791530722646,-0.7577278529279384,0.0698595131497473,-0.1108274276768448,-0.6874366033539396,0.16273673449847956,0.12227958295374025,0.13442656139285353,15.11470677223357,15.324274687540798,-0.8775330824034494,0.07762532817764463,-0.898282587233904,0.1483801477299063,미결정,동등,미결정,x,160,far,R1-P1,5
CA-2|x,-1.292511248115725,-2.344390945808474,3.3574136706979996,1.6437817796692353,-1.475187642223948,5.093401675876363,0.967506832675372,0.7747747747747747,15.324274687540798,16.616785935656523,-2.2683564635906133,4.816359492271489,-3.071628036742352,6.213080371846893,미결정,미결정,미결정,x,160,far,P1-P0,5
CA-2|x,-1.3099869017165442,-2.668635026113684,1.1460598090697802,0.20592539203892385,-1.7909540343579298,2.0347278281773566,0.39558659783378886,0.7304383034720113,15.306799033939978,16.616785935656523,-2.781137495190787,1.5688361431993538,-2.9766162290133664,2.4274216683201653,미결정,미결정,미결정,x,160,far,D0-P0,5
CA-2|x,-1.5020791634229513,-2.7445682664482387,3.098059734984166,1.5329543519923905,-1.6651606069213751,4.875255860593157,0.8438101022370685,0.7412693592468873,15.11470677223357,16.616785935656523,-2.8792782693315075,4.511076134718681,-3.4276677740158705,6.017670120899826,미결정,미결정,미결정,x,160,far,R1-P0,5
CA-2|x,-0.5190874130385797,-0.991457171324061,-0.05661912978634436,-0.3633279159990117,-0.8374449935842884,0.1315170255637841,0.03846543172385869,0.6345783986233424,16.09769852261794,16.616785935656523,-1.0901936661760225,0.12282781047066517,-1.059967044574809,0.28375614266360305,미결정,동등,미결정,x,160,far,R0-P0,5
CA-3|i,-0.6666440367243013,-1.2289035199309146,-0.29551698594233616,-0.8101251209025655,-1.2946834060984929,-0.3595206717697109,0.0004296455424274973,0.9084854994629431,25.98194435991423,26.64858839663853,-1.4615487159167229,0.026322131549198248,-1.4801632247311474,0.022978493599692697,우세,우세,미결정,i,-1,near,R1-P1,5
CA-3|i,1.6256643226940952,-2.277959397855047,5.463688570259976,2.0434016320371926,-1.9644012467670418,5.812360403344656,0.29172932330827067,0.7885069817400644,26.64858839663853,25.02292407394443,-4.354094386252734,6.999516925977756,-3.913499997078245,7.002768316201883,미결정,미결정,미결정,i,-1,near,P1-P0,5
CA-3|i,-1.233003142010891,-3.4983175165890423,0.06008730836023956,-1.8680347562303807,-3.7271721192958256,-0.1997966548100172,0.06423200859291085,0.9368421052631579,23.789920931933544,25.02292407394443,-3.9851101368842525,0.07002813271611577,-4.528039991901187,0.19934744752773456,미결정,미결정,미결정,i,-1,near,D0-P0,5
CA-3|i,0.9590202859697939,-2.6592697450862794,4.334909797438217,1.2332765111346269,-2.3965058010074385,4.5710804329046395,0.4485499462943072,0.6714285714285714,25.98194435991423,25.02292407394443,-4.40976427028785,5.7848717603134565,-4.108743662274554,5.714266730983594,미결정,미결정,미결정,i,-1,near,R1-P0,5
CA-3|i,-0.5332507062599667,-1.1659155072272807,-0.11995870661887553,-0.6532543142380852,-1.2200781025033365,-0.19839583329863544,0.00010741138560687433,0.6962406015037594,24.489673367684468,25.02292407394443,-1.359118008115613,-0.14270195138024194,-1.4837672513823392,-0.1624046504446614,우세,우세,우세,i,-1,near,R0-P0,5
CA-3|i,-0.5243336759833106,-0.6609766195875975,0.08021130922085179,-0.2275371495285185,-0.5465248941948821,0.10164166014575067,0.11439466158245949,0.2747378455672069,33.62280411330835,34.147137789291655,-1.4971494417357256,0.3028901891723965,-1.3347629606921672,0.26383020754244857,미결정,동등,미결정,i,-1,mid,R1-P1,5
CA-3|i,2.6567503244975073,-0.74838328755348,5.312729487065879,1.7751705274796294,-2.0676685567950077,5.127853085513311,0.07168732125834128,0.9315538608198284,34.147137789291655,31.490387464794157,-6.2743483229596215,11.32042585875987,-6.2743483229596215,9.576151967701518,미결정,미결정,미결정,i,-1,mid,P1-P0,5
CA-3|i,0.29755832317380426,-1.007457965917763,3.4295784109041825,0.5406064882734192,-2.225982288886891,3.148966526046465,0.6024785510009533,0.5195424213536701,31.787945787967953,31.490387464794157,-4.6403579960174355,4.521121672209281,-4.6403579960174355,3.9957641697205153,미결정,미결정,미결정,i,-1,mid,D0-P0,5
CA-3|i,2.1324166485141967,-0.9331377103407514,5.109682706749917,1.547633377951111,-2.37918691551885,4.938509381939467,0.10981887511916111,0.8833174451858913,33.62280411330835,31.490387464794157,-6.668049450245814,9.858860022069013,-6.668049450245814,8.582850595705263,미결정,미결정,미결정,i,-1,mid,R1-P0,5
CA-3|i,-0.4678823416001272,-0.893681380650348,0.6291523518291373,-0.20817069241078415,-1.0162538356856743,0.5977435187881504,0.590276453765491,0.3111534795042898,31.022505123194026,31.490387464794157,-1.6497119207245703,1.0528966648797526,-1.6497119207245703,0.9599674463390739,미결정,미결정,미결정,i,-1,mid,R0-P0,5
CA-3|i,-0.36522096285652667,-0.6284425169195065,0.7434790049902253,0.1672318083212602,-0.56664104362069,1.0188283987427025,0.6459351399378054,0.20835184362505554,34.718061930605565,35.0832828934621,-0.7251161308444467,1.3137874175956856,-0.8751809815549934,1.5039251171168193,미결정,미결정,미결정,i,-1,far,R1-P1,5
CA-3|i,0.25020388549592953,-1.2366053184199988,4.55172868519735,3.7102072679833222,1.2961337597029678,5.981056893208294,0.29498000888494,0.9954464682363394,35.0832828934621,34.83307900796616,-1.2582428295225816,4.835955019970652,0.2301610867425199,6.5024286483341385,미결정,미결정,미결정,i,-1,far,P1-P0,5
CA-3|i,0.8176636698209997,-0.9770705643843635,9.522387448953902,5.264926461009604,0.1879305952273412,10.88202122713243,0.2803198578409596,0.9649044868947134,35.650742677787164,34.83307900796616,-1.0484563257131567,12.970601510010617,-1.3754423226164088,13.671253157790265,미결정,미결정,미결정,i,-1,far,D0-P0,5
CA-3|i,-0.11501707736059714,-1.6292691865740592,4.919252417483678,3.877439076304582,1.0386015674544269,6.565395746266708,0.5142159040426477,0.9925588627276766,34.718061930605565,34.83307900796616,-1.73967419748856,5.4449321133267325,-0.27038840793655566,7.176160777871762,미결정,미결정,미결정,i,-1,far,R1-P0,5
CA-3|i,-0.49406325274913454,-0.7468154918238623,1.1626279508948492,0.5992045970619735,-0.4725124363873101,1.7893605927982765,0.6976899155930697,0.5516437139049312,34.339015755217034,34.83307900796616,-0.9491125619265207,2.06418489094501,-0.8394531487501214,2.391820621832316,미결정,미결정,미결정,i,-1,far,R0-P0,5
CA-3|i,0.05358202133362795,-0.40096620952172884,0.20088177310803026,-0.20126469772342545,-0.5410690942956723,0.10452398593798087,0.7771163353849259,0.04318434063162143,27.58329474700645,27.529712725672823,-0.7145158533552214,0.3036490757665461,-0.7508418343460472,0.22462919570880974,미결정,동등,미결정,i,10,near,R1-P1,5
CA-3|i,0.5543329312161653,-0.5083428206129779,2.6411605114486885,0.9857994480549295,-0.3446516382892753,2.6652206878113027,0.17495711835334476,0.7879124205428312,27.529712725672823,26.975379794456654,-0.8435447704268489,2.928916869420294,-1.0494699840833124,2.8784710058299967,미결정,미결정,미결정,i,10,near,P1-P0,5
CA-3|i,1.2882280912970359,-0.3342234194216818,2.142883539988027,0.6188711457492708,-0.7390241434609307,1.943447977998695,0.12914942992634446,0.8021390374331551,28.263607885753693,26.975379794456654,-1.4618866217130084,2.366440829552221,-1.5098418836286953,2.318518854369907,미결정,미결정,미결정,i,10,near,D0-P0,5
CA-3|i,0.6079149525497932,-0.6772279100357228,2.4945811284609025,0.784534750331504,-0.5600884452420701,2.432605600405227,0.21410553929976794,0.7229341136111391,27.58329474700645,26.975379794456654,-0.9729581407416366,2.6832029942183007,-1.1671337616327249,2.599662806619991,미결정,미결정,미결정,i,10,near,R1-P0,5
CA-3|i,-0.42487456486084485,-0.8811398022786621,-0.2052233305860736,-0.6595604908390378,-1.0032643234460457,-0.30817351091942735,0.00010089799212995662,0.7481586116436283,26.550505229595807,26.975379794456654,-1.1451361357216885,-0.19818699580925947,-1.205728914659229,-0.2674531153923889,우세,우세,우세,i,10,near,R0-P0,5
CA-3|i,-0.2839021701767706,-0.5127491415667633,0.3342711229687562,-0.10501319462686354,-0.4763272897104689,0.32709354612967756,0.5936848376526661,0.02770330652368186,34.16195874483408,34.44586091501085,-0.6461687028722727,0.8085497681162829,-0.6876534924077449,0.6895304577360756,미결정,동등,미결정,i,10,mid,R1-P1,5
CA-3|i,-1.1301857303755178,-1.924834287869475,1.4777025902499779,-0.6247220415143125,-2.0658055172846597,1.256408835505283,0.42359249329758714,0.6216860291927316,34.44586091501085,35.57604664538637,-2.629845910888033,2.894486552353152,-2.809740447786746,2.2972076861287913,미결정,미결정,미결정,i,10,mid,P1-P0,5
CA-3|i,-0.7777819016610472,-2.0589293419617585,3.610193840035848,0.2622133014141717,-2.0239178399575475,3.5847321746761063,0.9904676794757223,0.44399761691986894,34.79826474372532,35.57604664538637,-2.649033449847432,5.327034515310592,-2.467593148965022,4.596182603567651,미결정,미결정,미결정,i,10,mid,D0-P0,5
CA-3|i,-1.4140879005522884,-2.361182139355616,1.6896157516066528,-0.7297352361411761,-2.435146420620016,1.4551613756208615,0.44146559428060766,0.6435805778969318,34.16195874483408,35.57604664538637,-3.067959560648146,3.3022289650660737,-3.3488466684559604,2.7548847212125094,미결정,미결정,미결정,i,10,mid,R1-P0,5
CA-3|i,-0.6611109712841603,-0.9362176924130949,0.10774130986102345,-0.42416763388084744,-0.8622882327324938,0.12832330671634132,0.09830205540661305,0.5034256776884123,34.91493567410221,35.57604664538637,-1.242383368616969,0.5182428374292094,-1.1135908603225522,0.4953760421383271,미결정,동등,미결정,i,10,mid,R0-P0,5
CA-3|i,-0.12961789666856732,-0.4524815819912526,0.9064849603480061,0.45301216561932733,-0.33629869008136787,1.27055820427425,0.8394047090182142,0.4521323856063972,28.304406977124025,28.434024873792588,-0.5764968597661415,1.5333779265110683,-0.7375322539969329,1.8625519022955879,미결정,미결정,미결정,i,10,far,R1-P1,5
CA-3|i,0.144624278679224,-2.0507220755343503,3.019498460082587,1.6852689672495351,-0.5772710361915884,3.672551266272478,0.4691248334073745,0.8198578409595735,28.434024873792588,28.289400595113364,-1.9976439181124641,3.6796567732099343,-1.224458487451664,4.2117756278917575,미결정,미결정,미결정,i,10,far,P1-P0,5
CA-3|i,-0.2087545088495844,-3.1428488448579017,5.6342478529351085,2.7307399746265526,-1.6508783521730217,6.775362918621218,0.7905375388716126,0.8155264326965793,28.080646086263776,28.289400595113364,-3.4655660491824967,9.039127954858257,-3.5285149695625484,9.768673329614115,미결정,미결정,미결정,i,10,far,D0-P0,5
CA-3|i,0.015006382010656693,-2.43446651805975,3.807470653261712,2.1382811328688627,-0.585425504314956,4.593190043759423,0.5837405597512216,0.8632829853398489,28.304406977124025,28.289400595113364,-2.395948728153588,4.722537209844113,-1.5200528821103734,5.51242810967773,미결정,미결정,미결정,i,10,far,R1-P0,5
CA-3|i,-0.47851080927950135,-0.96790824927561,0.7650473500513288,0.21372758378696374,-0.7538346063637382,1.1874478634075636,0.5466459351399378,0.2850955131052865,27.810889785833865,28.289400595113364,-1.0731669675300022,1.5008610438446441,-1.171679906880854,1.8234866361257238,미결정,미결정,미결정,i,10,far,R0-P0,5
CA-3|i,-0.24042164823325649,-0.6374570623425221,-0.12032569453672223,-0.42732673353000195,-0.7169116679555276,-0.18612854751545135,0.00010437323870159691,0.31635528650454026,27.05214355745297,27.292565205686223,-0.8615284564421322,-0.05204862654377256,-0.8872560703351723,-0.08347067857961363,우세,우세,우세,i,40,near,R1-P1,5
CA-3|i,1.0425685790160841,-2.2944559743253183,4.405782038724738,1.5356950699151646,-1.8118256149991354,4.812099772141015,0.3149984344014195,0.7468948961486275,27.292565205686223,26.249996626670146,-3.6686484482703507,5.601403978372146,-3.173937653185906,5.6316908741010865,미결정,미결정,미결정,i,40,near,P1-P0,5
CA-3|i,-1.1678715656434044,-3.3979842238831814,0.04390807911285908,-1.7128163586792007,-3.561916034528261,-0.12106630374426466,0.06116271787913579,0.919215113244964,25.082125061026737,26.249996626670146,-4.018049142550478,0.05659031823347054,-4.408819990016814,0.13098537122698542,미결정,미결정,미결정,i,40,near,D0-P0,5
CA-3|i,0.8021469307828276,-2.622394772109008,3.976624204039946,1.1083683363851626,-2.2462707500132724,4.248154429272786,0.4158229829871621,0.6748773614445256,27.05214355745297,26.249996626670146,-3.939381317759854,5.070761210412063,-3.5762004202122086,5.06768306338194,미결정,미결정,미결정,i,40,near,R1-P0,5
CA-3|i,-0.5575859008426896,-1.2485955183009247,-0.1597128172723014,-0.6979560506995156,-1.2889873222194383,-0.21406758804394244,0.00010437323870159691,0.7249765160212921,25.69241072582745,26.249996626670146,-1.462034037736536,-0.15165265090416805,-1.547687594581454,-0.14919164763690154,우세,우세,우세,i,40,near,R0-P0,5
CA-3|i,-0.12772842284610347,-0.4929700007027693,0.28309185222454947,-0.029562787052702787,-0.40402231563971647,0.21804640788340393,0.7571513706793802,0.023092967818831942,34.54111916576712,34.668847588613225,-0.5338044625889438,0.5733201555161712,-0.5108396616094922,0.46557117052568714,동등,동등,미결정,i,40,mid,R1-P1,5
CA-3|i,1.2914467750893253,-2.840952495518748,3.798902089369023,0.7776387874280651,-2.7497608864363143,3.606747462381003,0.13170441001191896,0.8614421930870083,34.668847588613225,33.377400813523906,-3.0368399741271626,5.652189960634288,-2.9918919105761668,5.289093201253661,미결정,미결정,미결정,i,40,mid,P1-P0,5
CA-3|i,0.5556826920490863,-2.108218599940244,3.3424908291351403,0.27192656986787966,-2.2470818959807164,2.877033280658788,0.5140047675804529,0.5786650774731824,33.93308350557299,33.377400813523906,-2.483865720467388,4.448842180024715,-2.4874810306732793,3.5671385659492203,미결정,미결정,미결정,i,40,mid,D0-P0,5
CA-3|i,1.1637183522432217,-2.9456237535043073,3.725028957407678,0.7480760003753624,-2.883582357010567,3.58875842760613,0.1361740166865316,0.8554827175208581,34.54111916576712,33.377400813523906,-3.4629906160139363,5.796726494468349,-3.3043322892615894,5.462478611973815,미결정,미결정,미결정,i,40,mid,R1-P0,5
CA-3|i,-0.3556109142152515,-0.8872726001678037,0.34234669124155787,-0.32073831737416897,-0.923193016402927,0.2782926701192257,0.3536948748510131,0.2781585220500596,33.02178989930865,33.377400813523906,-1.0127332752491445,0.7609197416550674,-1.0893978265713207,0.5842882795792699,미결정,동등,미결정,i,40,mid,R0-P0,5
CA-3|i,0.049718443844693636,-0.20811808460594877,0.9580339105340666,0.5658230672431067,-0.15459494846779342,1.3212096740386539,0.4795646379386939,0.5504220346512662,32.0077616744278,31.958043230583105,-0.42018914809415636,1.6171289621458131,-0.5541850515545591,1.8099699635597193,미결정,미결정,미결정,i,40,far,R1-P1,5
CA-3|i,0.35446669931595665,-0.5332998495083302,4.084747636091534,3.342915423467897,1.2991591217167167,5.27025234162314,0.19613505108840515,0.9978898267436694,31.958043230583105,31.603576531267144,-0.5073384728489769,4.56955166797181,0.2924349081340727,5.750092649259769,미결정,미결정,미결정,i,40,far,P1-P0,5
CA-3|i,0.805216051021388,-0.48680710062439886,7.217725599882767,4.438433119230109,0.4957275091126025,8.694155527526144,0.2019102621057308,0.974788982674367,32.40879258228854,31.603576531267144,-0.667713442779074,10.427055322755585,-1.1463705735526566,11.239161086229158,미결정,미결정,미결정,i,40,far,D0-P0,5
CA-3|i,0.4041851431606503,-0.55439019055143,4.736981843055128,3.9087384907110034,1.4725941834146898,6.263561974392233,0.19080408707241225,0.9984451354953354,32.0077616744278,31.603576531267144,-0.577893214549438,5.420912254200745,0.179292950557934,6.967189095627446,미결정,미결정,미결정,i,40,far,R1-P0,5
CA-3|i,-0.3411916499663207,-0.524601271109434,0.8963482194386129,0.5289604626013368,-0.3392351025420945,1.4576585565328581,0.6936916925810751,0.5139937805419813,31.26238488130083,31.603576531267144,-0.6322779123118607,1.6260906347204502,-0.7058388752754874,1.982572051395861,미결정,미결정,미결정,i,40,far,R0-P0,5
CA-3|i,-0.867396820605998,-1.4214316375542315,-0.32172091429536565,-0.8741356153121723,-1.4494584883515504,-0.31705706048084537,0.0016597510373443983,0.9094398340248963,25.42262660776845,26.29002342837445,-1.5584644148196818,0.005762972149046419,-1.5527395590301236,0.006895865546503351,우세,우세,미결정,i,160,near,R1-P1,3
CA-3|i,2.4463108349153955,-4.625641003339481,7.94855891815551,2.296290328974886,-4.243852922506433,8.270570101758183,0.3755186721991701,0.7674273858921162,26.29002342837445,23.843712593459056,-7.172953271588107,10.29259359219216,-6.962295050708314,10.292784780538705,미결정,미결정,미결정,i,160,near,P1-P0,3
CA-3|i,-1.9334390763844074,-5.0806656880064835,0.21367314597245576,-2.4389748782489042,-5.121824560056868,-0.08976444687894572,0.091701244813278,0.9396265560165975,21.910273517074646,23.843712593459056,-6.2731280229887085,0.36352572832164753,-6.5838429941111,0.1009307563958517,미결정,미결정,미결정,i,160,near,D0-P0,3
CA-3|i,1.5789140143093974,-4.968621813613333,6.6430394477789845,1.4221547136627137,-4.713801198752442,6.844369426706459,0.5114107883817427,0.6803941908713693,25.42262660776845,23.843712593459056,-7.210272541746581,8.876663642890222,-7.0729330448814425,8.88691146324461,미결정,미결정,미결정,i,160,near,R1-P0,3
CA-3|i,-0.6880748782789811,-1.6871971704100894,0.01547019358637582,-0.7521548025337642,-1.6949123429046822,-0.020507586267423623,0.07655601659751038,0.6926348547717842,23.155637715180074,23.843712593459056,-2.060563738191983,0.04233327304301682,-2.1232687994910315,0.00791621087746878,미결정,미결정,미결정,i,160,near,R0-P0,3
CA-3|i,-0.74012135801647,-0.9768161154761591,-0.24548618744280523,-0.5818599669861962,-0.8897026948070916,-0.2725419881750497,0.00015179113539769278,0.7997874924104432,30.799535241025932,31.539656599042406,-1.3763128582748383,-0.24602900962072619,-1.2070745609733198,-0.2583456201566676,우세,우세,우세,i,160,mid,R1-P1,3
CA-3|i,5.9775348693290296,0.6564738610772937,8.827331304268638,2.853908725872595,-3.2495648622992928,8.144329854484708,0.0482695810564663,0.9751062537947783,31.539656599042406,25.56212172971338,-9.815340913384066,11.487361881200368,-9.815340913384066,10.486420465791458,미결정,미결정,미결정,i,160,mid,P1-P0,3
CA-3|i,1.5053211715838846,-0.289439749654621,5.155207034253668,0.47017615328862306,-3.303255740805842,4.352204808554364,0.08864602307225258,0.7152398299939283,27.067442901297255,25.56212172971338,-6.843472491024457,6.485444854326368,-6.843472491024457,5.113629314623579,미결정,미결정,미결정,i,160,mid,D0-P0,3
CA-3|i,5.2374135113125595,0.4158063526006555,8.249379116330266,2.272048758886399,-3.7455282002847454,7.508080747705411,0.048573163327261686,0.9737401335761992,30.799535241025932,25.56212172971338,-10.37306791556804,10.299219874917581,-10.37306791556804,9.675355616425122,미결정,미결정,미결정,i,160,mid,R1-P0,3
CA-3|i,-0.11903130837912101,-0.8751418061471709,0.7302263299517749,-0.4683527543172872,-1.4928959520620602,0.5145297958626914,0.5922890103217973,0.46463266545233756,25.44309042133425,25.56212172971338,-2.321870201168938,0.6465344535019408,-2.321870201168938,0.5145297958626914,미결정,미결정,미결정,i,160,mid,R0-P0,3
CA-3|i,-0.3414891542867456,-0.703938692589736,1.0377201691241111,0.20356209495770253,-0.6696206499681848,1.1042720380070898,0.5325221238938053,0.3141592920353982,34.61557308172856,34.957062236015304,-0.864013164735708,1.1819327630176006,-0.8874594356618862,1.4375837931306905,미결정,미결정,미결정,i,160,far,R1-P1,3
CA-3|i,2.4452292392006107,0.015432760703111798,7.229696768985267,5.164579127447035,1.7822793672497093,8.473989825308443,0.03982300884955752,0.9972345132743363,34.957062236015304,32.5118329968147,0.7061461671398273,6.469498602004504,1.6203462076550517,9.31091540148122,열세,열세,열세,i,160,far,P1-P0,3
CA-3|i,2.0985228421882254,-0.48118391171202596,11.37814605896296,5.457907050166728,-0.6013249847685821,11.450136122568367,0.2957964601769911,0.9241150442477876,34.61035583900292,32.5118329968147,-0.40517698477277436,11.424172408695778,-1.6001401808460853,12.23278538023064,미결정,미결정,미결정,i,160,far,D0-P0,3
CA-3|i,2.103740084913865,-0.3655322256093957,7.871373231744039,5.368141222404738,1.359266197536662,9.315633324123116,0.2493362831858407,0.9933628318584071,34.61557308172856,32.5118329968147,0.13601548326382046,6.957155359940835,1.039118302644066,9.781835155419012,미결정,미결정,열세,i,160,far,R1-P0,3
CA-3|i,-0.24903541845332575,-0.6292792159682304,1.7300981366503707,0.712044787336883,-0.6190961155268868,2.045389563380074,0.5865044247787611,0.5889380530973451,32.262797578361365,32.5118329968147,-0.9235285746313547,1.793278445650259,-0.925116954297553,2.2338786024128825,미결정,미결정,미결정,i,160,far,R0-P0,3
CA-3|x,-0.4784731647444964,-0.8244559661474146,-0.18152040725765986,-0.5219265952565373,-0.8445004996562617,-0.20102725414973763,0.0010780508840017248,0.5504527813712807,26.17726026171145,26.655733426455946,-0.9333668318563412,0.028253192820214677,-0.936031966894659,0.030119990253504626,우세,우세,미결정,x,-1,near,R1-P1,5
CA-3|x,1.691533586280419,-2.1587649792266,5.360659516204078,2.034830455612483,-1.8503144148133976,5.606003746040629,0.2856834842604571,0.7973264338076758,26.655733426455946,24.964199840175528,-4.167074357748888,6.870947021675055,-3.7921320353145163,6.841115931637248,미결정,미결정,미결정,x,-1,near,P1-P0,5
CA-3|x,-1.1972702447669499,-3.437794701473929,0.09097800047452695,-1.8790843216755229,-3.777387004905362,-0.2096983298585935,0.06921086675291074,0.9459896507115135,23.766929595408577,24.964199840175528,-3.9952164226619837,0.23557219359972875,-4.650473212229296,0.23159489294948485,미결정,미결정,미결정,x,-1,near,D0-P0,5
CA-3|x,1.2130604215359226,-2.385685744621008,4.54938740863574,1.5129038603559457,-2.0975717111088272,4.7798301154597524,0.37084950409659334,0.728115567054765,26.17726026171145,24.964199840175528,-4.179203530865395,6.022362084663944,-3.8520061354165285,5.963834174794835,미결정,미결정,미결정,x,-1,near,R1-P0,5
CA-3|x,-0.46349228663586645,-0.998945940091791,-0.05992631021906867,-0.49518904759331905,-1.0136540758708301,-0.0836265540038585,0.006252695127210005,0.4602199223803364,24.500707553539666,24.964199840175528,-1.210428257768271,-0.010368351506269136,-1.275115711811545,-0.03064831225403661,우세,우세,우세,x,-1,near,R0-P0,5
CA-3|x,-0.5524511663210703,-0.6545061786824292,0.32647119706503974,-0.07641558424245645,-0.5449973287648724,0.3932504909848005,0.5473321858864028,0.36106330082233695,33.59131847796874,34.143769644289804,-1.0386414198816682,0.6005931232495669,-0.8464183306727104,0.6283515346151001,미결정,동등,미결정,x,-1,mid,R1-P1,5
CA-3|x,2.7957336845523457,-0.6080754531758442,5.25792074921567,1.844949431242835,-2.0816563243853206,5.028491810144042,0.07343660355708548,0.9504685408299867,34.143769644289804,31.348035959737466,-2.2204685729513733,11.215932179462193,-5.922343762115995,9.299323382244177,미결정,미결정,미결정,x,-1,mid,P1-P0,5
CA-3|x,0.5148833884922148,-0.7494915268112805,3.613086796358867,0.9471053997377303,-1.44124600300059,3.4241137897120373,0.47121820615796517,0.6291834002677377,31.862919348229678,31.348035959737466,-1.4339249510872136,4.52871855857909,-3.1673406217005855,4.266894512540368,미결정,미결정,미결정,x,-1,mid,D0-P0,5
CA-3|x,2.2432825182312754,-0.8036558728553213,5.377645000189865,1.7685338470003784,-2.1223815533256434,5.077079156059125,0.08529355517307324,0.9020845285905527,33.59131847796874,31.348035959737466,-2.6777709776723833,10.159352880551264,-6.20313298511029,8.430681462867705,미결정,미결정,미결정,x,-1,mid,R1-P0,5
CA-3|x,-0.4159981134126497,-0.9248669320818983,0.7767531901682194,-0.1547233881413561,-1.0342443729563418,0.7136895609846686,0.6215337540638746,0.2767259514247466,30.932037846324818,31.348035959737466,-1.0335581044091882,1.1568970246296528,-1.6702591731906864,1.0899209308870441,미결정,미결정,미결정,x,-1,mid,R0-P0,5
CA-3|x,-0.22705441878108487,-0.4534717209747475,0.6501702706944525,0.26489168340089436,-0.3700180507170356,0.9461887350259577,0.6062423636565589,0.2706875485949128,34.849488580925126,35.076542999706206,-0.5395514466049212,1.1185067410530947,-0.620765540586202,1.3134391409241433,미결정,동등,미결정,x,-1,far,R1-P1,5
CA-3|x,0.45446078314552735,-0.9751025560175844,4.612989288433049,3.691398200260174,1.4980786756234046,5.778870575448314,0.21104076418971454,0.9975563700988559,35.076542999706206,34.622082216560685,-0.9554314191780972,4.773181138566413,0.4631910278348799,6.2776447508498805,미결정,미결정,미결정,x,-1,far,P1-P0,5
CA-3|x,0.6614586965286918,-0.8812890721526837,9.169128354290496,5.117671148897714,0.310159346628189,10.320215673722425,0.2528046206819949,0.9674552926802177,35.28354091308937,34.622082216560685,-0.8349063190808111,11.59132242948641,-0.8911123387219159,12.56285167168738,미결정,미결정,미결정,x,-1,far,D0-P0,5
CA-3|x,0.22740636436444248,-1.2532458618747007,4.905323150109043,3.9562898836610687,1.4314062118636666,6.388573717147348,0.28257247584138623,0.9966677774075309,34.849488580925126,34.622082216560685,-1.3148546687220515,5.243230924122342,0.14638123894793348,6.940792860036857,미결정,미결정,미결정,x,-1,far,R1-P0,5
CA-3|x,-0.43358154787439246,-0.740669275580901,1.1825945725182452,0.555424169542136,-0.46373305071909193,1.6353402138984485,0.6482283683216705,0.5358213928690436,34.18850066868629,34.622082216560685,-0.9019687306071199,1.7167459660930626,-0.8186216426942836,2.0859448041745785,미결정,미결정,미결정,x,-1,far,R0-P0,5
CA-3|x,0.19356354324083683,-0.19922317448895394,0.3851884147124246,0.0651786172757042,-0.21529674026536558,0.3334790259925567,0.33360323886639676,0.0006072874493927126,26.170907682058008,25.97734413881717,-0.3178096641689788,0.4011359167433128,-0.3175177489689473,0.3430628302787323,동등,동등,동등,x,10,near,R1-P1,5
CA-3|x,0.44490334322864983,-0.6778891235096873,1.97350733639776,0.3880011151243927,-0.8644531640907932,1.8458706376574971,0.41417004048582995,0.5388663967611336,25.97734413881717,25.53244079558852,-1.0734845416850722,2.248166297440108,-1.354070505480439,2.120306096201002,미결정,미결정,미결정,x,10,near,P1-P0,5
CA-3|x,0.09186645636173055,-1.9636670030023977,0.8663676890695288,-0.7693722349246201,-2.2225011225926354,0.5620016598228273,0.7508097165991903,0.6385627530364373,25.62430725195025,25.53244079558852,-3.4038291300657586,1.1336335716447035,-3.176085663974695,0.9697242355332045,미결정,미결정,미결정,x,10,near,D0-P0,5
CA-3|x,0.6384668864694867,-0.7802879625797676,2.243586081709558,0.4531797324000969,-0.9746407175552981,2.0709123001886414,0.35465587044534413,0.6139676113360324,26.170907682058008,25.53244079558852,-1.353433963958433,2.499428280613565,-1.556090123604134,2.3744805168869574,미결정,미결정,미결정,x,10,near,R1-P0,5
CA-3|x,-0.28529442610948336,-0.6043452305269328,-0.0006320632952805096,-0.2790145245321007,-0.5601845281809156,0.0018752066465064128,0.04959514170040486,0.09554655870445344,25.247146369479037,25.53244079558852,-0.7131975228787849,0.037204217066569144,-0.6676208855865474,0.03962805045804965,미결정,동등,미결정,x,10,near,R0-P0,5
CA-3|x,0.1376333192184127,-0.09579335827406593,0.6594550143031107,0.22195729494257604,-0.12030163164572785,0.582739702037811,0.18195093457943926,0.06804906542056074,36.315142021276245,36.177508702057835,-0.2213819226762399,1.0051150833681999,-0.21142031812295048,0.7873772266958596,미결정,동등,미결정,x,10,mid,R1-P1,5
CA-3|x,1.1788374441272815,-0.24540124611573014,2.375981840658373,1.0531618033611772,-0.25672848177683716,2.2794416449525743,0.08907710280373832,0.9245035046728972,36.177508702057835,34.99867125793056,-1.2166947537768016,3.925601449773149,-1.4537438668766522,3.480727356886124,미결정,미결정,미결정,x,10,mid,P1-P0,5
CA-3|x,1.4709400305770017,-0.14894080022560569,4.442758420025969,1.7894747194678864,-0.27353407088958176,3.898069051324998,0.08557242990654206,0.8637558411214953,36.469611288507565,34.99867125793056,-0.16840536665314843,5.2438325155987835,0.09248723759945501,4.679082324077577,미결정,미결정,미결정,x,10,mid,D0-P0,5
CA-3|x,1.3164707633456942,-0.3208776102718419,2.973280965349667,1.2751190983037533,-0.31726389143018713,2.816836398104526,0.09287383177570094,0.9288843457943925,36.315142021276245,34.99867125793056,-1.4197994297256122,4.886607981775505,-1.6808408751847312,4.188784896516152,미결정,미결정,미결정,x,10,mid,R1-P0,5
CA-3|x,-0.029650994232494555,-0.30638029371918973,0.6721358473524214,0.10307307681336368,-0.34988396495760127,0.5724210977278191,0.9649532710280374,0.06147780373831776,34.96902026369806,34.99867125793056,-0.5516244851531014,1.0670920311475591,-0.5241977471093547,0.8649379082422426,미결정,동등,미결정,x,10,mid,R0-P0,5
CA-3|x,0.06458164723142304,-0.03351110494015947,0.9582578954779964,0.6147936148183952,0.058067594993458996,1.2523693930860935,0.11773536349989278,0.6560154407034098,30.58219698203713,30.517615334805704,-0.10453106994952159,1.3767029949172553,-0.17117168088638407,1.5934968820265538,미결정,미결정,미결정,x,10,far,R1-P1,5
CA-3|x,0.5720180793941203,0.35679708719816955,3.545354792075338,1.775407936772456,0.7584353494557983,4.204734682058177,0.006862534848809779,0.9913146043319752,30.517615334805704,29.945597255411588,0.1360457930873666,4.559813117742626,0.40678906581233976,5.004947438992664,열세,열세,열세,x,10,far,P1-P0,5
CA-3|x,0.48651006454171436,-0.01222909964741854,5.598356348969121,3.470444936707146,0.48374745284215503,6.6689618811127005,0.05339909929230109,0.9741582672099507,30.432107319953296,29.945597255411588,-0.5777778689880101,7.942871664593985,-0.8114931413684358,8.626761388364248,미결정,미결정,미결정,x,10,far,D0-P0,5
CA-3|x,0.6365997266255434,0.4685738396106324,3.876975272415288,2.3902015515908515,1.090303372368898,4.961294540200246,0.0038601758524555007,0.9980699120737723,30.58219698203713,29.945597255411588,0.11101130501679261,4.826072638433402,0.46608994688431576,6.001284667875281,열세,열세,열세,x,10,far,R1-P0,5
CA-3|x,-0.3117001138081406,-0.3935696634463457,0.76540666594013,0.33663691968748777,-0.26953713835663545,1.1053954311369847,0.7250696976195582,0.38054900278790477,29.633897141603445,29.945597255411588,-0.47787305539977964,1.1583671353966107,-0.5510053801109106,1.4927102370057717,미결정,미결정,미결정,x,10,far,R0-P0,5
CA-3|x,-0.015279867482596642,-0.22643230315090462,0.07950846945554498,-0.09241129048235094,-0.25674289351942703,0.051449603971218935,0.5552282768777614,0.00010519671786240269,27.171115512070923,27.186395379553517,-0.3126019092101824,0.10457488775373798,-0.35886882277143445,0.09996405693654575,동등,동등,동등,x,40,near,R1-P1,5
CA-3|x,1.3621891532445018,-1.9489197825070619,4.344747688491286,1.5249191153342543,-1.7112628900465061,4.49353098240203,0.2844519250999369,0.7783505154639175,27.186395379553517,25.824206226309013,-3.4482305266110456,5.629455188978959,-3.165261208226018,5.476153441621319,미결정,미결정,미결정,x,40,near,P1-P0,5
CA-3|x,-0.939167664243356,-3.3048251054635998,0.3235017568025397,-1.7181226624796664,-3.6775116811958592,-0.0158987318338375,0.13528297917104987,0.9114243635598569,24.885038562065663,25.824206226309013,-3.858321416086838,0.2845532284988975,-4.539093522549352,0.3468323926253308,미결정,미결정,미결정,x,40,near,D0-P0,5
CA-3|x,1.3469092857619054,-2.1190813587425996,4.331188380814558,1.4325078248519034,-1.9240615978172144,4.457710430118011,0.30801598990111506,0.7626762045024196,27.171115512070923,25.824206226309013,-3.6620059983843687,5.711841528538675,-3.4285380896339546,5.566905180255061,미결정,미결정,미결정,x,40,near,R1-P0,5
CA-3|x,-0.37730096253864004,-0.9574836207238497,0.0718358701140216,-0.38491762915743594,-0.9523138611708523,0.07770926915790755,0.1173995371344414,0.3208499894803282,25.446905263770375,25.824206226309013,-1.2032103471154643,0.16542697770909923,-1.2347881839229744,0.16334416149320063,미결정,동등,미결정,x,40,near,R0-P0,5
CA-3|x,0.0625985404759021,-0.25369938921620294,0.2891748958745353,-0.006148435435199673,-0.3292963081042686,0.20564115755919277,0.6903474903474903,0.0006177606177606178,34.52300371389428,34.46040517341838,-0.2835145001392191,0.38587171052844305,-0.29786156734823965,0.26913116607538357,동등,동등,동등,x,40,mid,R1-P1,5
CA-3|x,2.0818224952053086,-1.8126543039846046,4.0944623359206345,0.4678523098149533,-3.176062204675575,3.6610380563447715,0.34934362934362934,0.7752895752895753,34.46040517341838,32.37858267821308,-4.0063930654606486,5.401149745109637,-4.669209925008996,4.358626205150761,미결정,미결정,미결정,x,40,mid,P1-P0,5
CA-3|x,0.934621160684641,-1.6550915940683475,3.1044392034960815,-0.28348618714675455,-2.569176708915208,2.192885629585606,0.5603088803088803,0.5057915057915058,33.31320383889771,32.37858267821308,-2.1358470598856223,1.9346172571285927,-2.1148914744798404,1.3348443895527042,미결정,미결정,미결정,x,40,mid,D0-P0,5
CA-3|x,2.144421035681211,-1.916003051606341,4.188962631637755,0.46170387437975363,-3.326288614288321,3.772123005683778,0.36108108108108106,0.7735907335907336,34.52300371389428,32.37858267821308,-4.690552450507897,5.428770932722808,-4.932457988289063,4.439753150846442,미결정,미결정,미결정,x,40,mid,R1-P0,5
CA-3|x,-0.1969964323598063,-0.9130623710022284,0.4096832193835958,-0.4001024637536723,-1.0901913631869262,0.2530993322641039,0.425019305019305,0.4010810810810811,32.18158624585327,32.37858267821308,-1.2322975208389937,0.3855848138084321,-1.2286203622471594,0.18162990729793135,미결정,미결정,미결정,x,40,mid,R0-P0,5
CA-3|x,-0.03611788423755158,-0.1621055393874887,0.8157619801027812,0.4636416110827426,-0.11076171799174854,1.0890945539346475,0.9935569873361475,0.45478782492779385,33.49573615482818,33.53185403906573,-0.2648189821130639,1.3281271604034648,-0.35183275558155264,1.47306859498629,미결정,미결정,미결정,x,40,far,R1-P1,5
CA-3|x,0.770032236138789,-0.3096086517085874,4.058920596379932,3.156408935633825,1.4056497774509447,4.807945146209845,0.1433014885580982,0.9987780493223728,33.53185403906573,32.761821802926946,-0.07626890218575487,3.964593565229548,0.7460364206376897,5.166882640744715,미결정,미결정,미결정,x,40,far,P1-P0,5
CA-3|x,1.2071719814655473,-0.28416957975318086,6.851134059658639,4.168017427510412,0.8162289340443272,7.829970585646461,0.1752943790268829,0.9875583203732504,33.96899378439249,32.761821802926946,-0.3779546732950169,9.541750214565345,-0.6018980245426012,9.994302843003883,미결정,미결정,미결정,x,40,far,D0-P0,5
CA-3|x,0.7339143519012374,-0.4018563660465121,4.389124054924769,3.6200505467165676,1.6461134773654877,5.471173365701696,0.14774494556765164,0.9991113085980893,33.49573615482818,32.761821802926946,-0.22613410480026105,4.53509226202928,0.665440910627458,5.906948269596831,미결정,미결정,미결정,x,40,far,R1-P0,5
CA-3|x,-0.2862100487769631,-0.5564565680698835,0.783926482365368,0.37952183111210935,-0.3358128674467552,1.1484445652577306,0.7422794934459009,0.3752499444567874,32.47561175414998,32.761821802926946,-0.5937254643185632,1.335186888706158,-0.6565683313643582,1.5734653412103625,미결정,미결정,미결정,x,40,far,R0-P0,5
CA-3|x,-0.6035215266143865,-0.993635356092477,-0.19850767264365032,-0.6007529176508287,-1.010127814843165,-0.202212579572965,0.0026998961578400833,0.7082035306334372,25.477844988482605,26.081366515096988,-1.0550700724294149,0.031918717490865944,-1.0640067189678764,0.03409566475246469,우세,우세,미결정,x,160,near,R1-P1,3
CA-3|x,2.451516994542031,-4.338581749835233,7.759658913843942,2.301609925428887,-4.0383445165437974,7.984867781567703,0.37673935617860854,0.7643821391484943,26.081366515096988,23.62984952055496,-6.9341650217842306,10.091054996476561,-6.738430668203521,10.091054996476561,미결정,미결정,미결정,x,160,near,P1-P0,3
CA-3|x,-1.8610272885691128,-5.031097620326306,0.30778751924488823,-2.4196833378778693,-5.252186659205713,0.031219187660471565,0.10882658359293873,0.9252336448598131,21.768822231985848,23.62984952055496,-6.167427785261178,0.37170817070907525,-6.686922761054511,0.12411590596354453,미결정,미결정,미결정,x,160,near,D0-P0,3
CA-3|x,1.847995467927645,-4.52967138569452,6.848143169042792,1.7008570077780583,-4.220719132992198,7.03446122123906,0.47497403946002076,0.7052959501557632,25.477844988482605,23.62984952055496,-6.922873904821164,9.082807041621345,-6.767826398671016,9.082807041621345,미결정,미결정,미결정,x,160,near,R1-P0,3
CA-3|x,-0.5822490897978744,-1.4483759831554484,0.13940822640141212,-0.5639241370620974,-1.4403891068366974,0.14111637203723845,0.16988577362409138,0.5713395638629284,23.047600430757086,23.62984952055496,-1.827280182680287,0.2215031738871215,-1.8498849679570124,0.22799584492146252,미결정,미결정,미결정,x,160,near,R0-P0,3
CA-3|x,-0.4799346775290445,-0.600428588284668,-0.24780065669637247,-0.3793739873255563,-0.535994522510015,-0.23729460775446753,0.0001520450053215752,0.30287365060057775,31.166712145866324,31.646646823395372,-0.7487243914560269,-0.11478141121971319,-0.6144755665151322,-0.08380852757182566,우세,우세,우세,x,160,mid,R1-P1,3
CA-3|x,5.916027284636218,-2.439503352990792,8.58827098430203,2.7942183693691454,-3.8767539705588407,7.808086719660454,0.05078303177740611,0.9741523490953322,31.646646823395372,25.730619538759147,-2.1774801644658766,11.304932238993366,-9.96360975533495,10.36513324758048,미결정,미결정,미결정,x,160,mid,P1-P0,3
CA-3|x,1.8327175093076054,-2.872167172499456,5.360364116187035,0.8829191606960229,-2.872167172499456,4.590073127738461,0.05716892200091227,0.8807967158278851,27.563337048066757,25.730619538759147,-1.1874110275746332,5.861565043125861,-5.683877922008077,5.144404103256946,미결정,미결정,미결정,x,160,mid,D0-P0,3
CA-3|x,5.436092607107174,-2.7625526056239296,8.159635467705499,2.4148443820435888,-4.096289177686082,7.261937116773848,0.05078303177740611,0.9692869089250418,31.166712145866324,25.730619538759147,-2.468177385402271,10.611417565436277,-10.102912247895551,9.751074999262155,미결정,미결정,미결정,x,160,mid,R1-P0,3
CA-3|x,0.0011257115818530394,-1.346380900098681,0.9027554409776618,-0.4023251352243425,-1.5533715543076916,0.6541838698239495,0.8499315797476052,0.416603314581116,25.731745250341003,25.730619538759147,-1.0095336583682872,0.7782800994335872,-2.3684514189281014,0.6413351943433288,미결정,미결정,미결정,x,160,mid,R0-P0,3
CA-3|x,-0.25691800486263955,-0.5694939044878135,1.0243436153994203,0.31864041710920193,-0.46585284671809174,1.1078028050376723,0.542702463816153,0.36073362059440944,34.573208985411206,34.83012699027385,-0.6858258735451102,1.165850326494136,-0.5962136306667823,1.4265486494760988,미결정,미결정,미결정,x,160,far,R1-P1,3
CA-3|x,2.594263283257726,0.23181155295086092,7.3029017118926625,5.107525665700286,1.9273147679955134,8.215541238047782,0.00011048502927853276,0.9976798143851509,34.83012699027385,32.23586370701612,0.7819424107789189,6.420504736216576,1.707488718358867,8.982385400564088,열세,열세,열세,x,160,far,P1-P0,3
CA-3|x,2.2998569676436964,-0.36696680573957724,12.271942855852329,6.144269755640665,-0.16212155981202425,12.458924682321094,0.2695834714396199,0.9468567009170258,34.53572067465982,32.23586370701612,-0.42158162350620015,12.5763362209805,-1.1203090500044548,13.335635973119182,미결정,미결정,미결정,x,160,far,D0-P0,3
CA-3|x,2.337345278395086,-0.019176514054601412,7.984722714699279,5.4261660828094875,1.7408135631712829,9.112040169870387,0.06363937686443487,0.9963539940338084,34.573208985411206,32.23586370701612,0.3423234268325193,6.82704486704503,1.3322596386458625,9.448782840032809,미결정,미결정,열세,x,160,far,R1-P0,3
CA-3|x,-0.16597065148446197,-0.6994419966571762,1.838054665125983,0.7059588369468965,-0.6816232743187183,2.095913742556357,0.6558391337973705,0.5933046072257209,32.06989305553166,32.23586370701612,-0.8674993039682718,1.8525039442250724,-0.980579430113988,2.266492482794219,미결정,미결정,미결정,x,160,far,R0-P0,3
Canada|x,-1.1489073091406865,-1.6489517984658673,-0.8793709096212174,-1.239235412989308,-1.637417784261117,-0.8274909689264157,0.0001524390243902439,0.9998475609756098,27.647322678648532,28.796229987789225,-1.6049931592848092,-0.8123643320083351,-1.6584904923011579,-0.6889640198041366,우세,우세,우세,x,-1,near,R1-P1,5
Canada|x,2.364660072100164,0.49771081751404167,4.284024206470335,2.5953581254985196,0.7971788436736323,4.328222668110061,0.01524390243902439,0.9896341463414634,28.796229987789225,26.431569915689057,0.42767204685567534,5.802175441658279,1.0019101826626056,5.676649845333208,열세,열세,열세,x,-1,near,P1-P0,5
Canada|x,-2.6296639754672517,-3.976108171059748,-2.0000665958418997,-3.1345545173787976,-4.455070637943653,-1.9346844187027223,0.0001524390243902439,1.0,23.801905940221804,26.431569915689057,-4.182427236734358,-0.29788163259214,-4.591135904530008,-0.16693229974313084,우세,우세,우세,x,-1,near,D0-P0,5
Canada|x,1.2157527629594775,-0.5525813745700986,2.8560857772966464,1.3561227125092117,-0.19870327992242753,2.9087505221013816,0.17256097560975608,0.8586890243902439,27.647322678648532,26.431569915689057,-0.6479067153610474,4.475767787821812,-0.017266217517728145,4.440131415510628,미결정,미결정,미결정,x,-1,near,R1-P0,5
Canada|x,-0.9135392522727394,-1.201500268343601,-0.6038310277525748,-0.8340358488803716,-1.1299170595316035,-0.531817573853272,0.0001524390243902439,0.9952743902439024,25.518030663416315,26.431569915689057,-1.2165233188809768,-0.3687272125420011,-1.1515583996588994,-0.2601380483880645,우세,우세,우세,x,-1,near,R0-P0,5
Canada|x,-1.242669573847735,-2.105924034783785,-0.8735850578025431,-1.4205625446082883,-2.0841791828198812,-0.8013051579464676,0.00020312817387771684,0.9980702823481616,34.317133148328956,35.559802722176684,-2.3001134718881993,-0.8826775919986871,-2.2302290422097935,-0.7488932379879976,우세,우세,우세,x,-1,mid,R1-P1,5
Canada|x,5.569179872633461,3.7989703262496497,7.184892158035394,5.744823353948273,3.6884947559192796,7.616134172267998,0.00010156408693885842,1.0,35.559802722176684,29.99062284954323,2.8511633399148133,7.077506695249813,3.3248589150397723,7.750603144470717,열세,열세,열세,x,-1,mid,P1-P0,5
Canada|x,-1.240518280793205,-3.317965945524132,0.20114372528655836,-1.462068690567398,-4.026848507192809,0.7073025687938699,0.08734511476741824,0.8621775340239691,28.75010456875002,29.99062284954323,-3.5665667313347806,0.24248536590575548,-4.539174039416128,1.0727974335378365,미결정,미결정,미결정,x,-1,mid,D0-P0,5
Canada|x,4.326510298785726,2.549315188127373,5.801405535259615,4.324260809339984,2.433276231271971,6.082685509609394,0.0006093845216331506,0.9996953077391835,34.317133148328956,29.99062284954323,1.7720865320278811,5.385086602707996,2.176663795979251,6.2076168855200935,열세,열세,열세,x,-1,mid,R1-P0,5
Canada|x,-0.6369461207023278,-1.0942240840937771,-0.1629842865008829,-0.528178733371664,-1.0818744567032943,-0.010010829091856932,0.013812715823684745,0.7938249035141174,29.353676728840902,29.99062284954323,-1.19866391544763,-0.10772378145607023,-1.1829839205968566,0.05778917550794322,우세,우세,미결정,x,-1,mid,R0-P0,5
Canada|x,-1.1334224891836702,-1.669265328338797,-0.15230271788283417,-1.0537231369308793,-1.7714579080993624,-0.33665007852440515,0.0038870469875385847,0.9172287641477078,27.441589065155846,28.57501155433952,-1.7217180497857025,-0.15237700197403023,-1.819146836529585,-0.31852654288227095,우세,우세,우세,x,-1,far,R1-P1,5
Canada|x,3.760023951511571,1.7196619871880106,5.382306036303454,3.363728402229673,1.7636038277853785,4.901744183193512,0.00045729964559277465,0.9997713501772036,28.57501155433952,24.81498760282794,0.6943110629705662,5.605330406494196,0.7164349128933282,5.231444048352553,열세,열세,열세,x,-1,far,P1-P0,5
Canada|x,-2.28402663616271,-3.459333956041484,3.0430711566602673,-0.12560440920500965,-3.7621581900347696,3.3796743286240787,0.5233794443809306,0.732022407682634,22.53096096666523,24.81498760282794,-3.5936419532035475,3.099990940589514,-4.286272967038397,3.625151181629737,미결정,미결정,미결정,x,-1,far,D0-P0,5
Canada|x,2.626601462327901,0.60622093818626,4.507591192818849,2.310005265298794,0.6750462047043038,3.914097792915846,0.009831942380244655,0.9845661369612438,27.441589065155846,24.81498760282794,-0.35668211025568497,4.623669408180552,-0.35731818114648345,4.139321094901818,열세,열세,미결정,x,-1,far,R1-P0,5
Canada|x,-0.6609401230279541,-1.2674021474458348,0.4615559353033971,-0.6681556347901463,-1.4532600345228002,0.1171267148916132,0.4419801074654167,0.7168171944666742,24.15404747979999,24.81498760282794,-1.2994929941491504,0.4671247089251201,-1.5848476230809934,0.19006545615069148,미결정,미결정,미결정,x,-1,far,R0-P0,5
Canada|x,-1.0809283286990052,-1.5070505598476405,-0.8700106318184391,-1.225931218485681,-1.5615700532968493,-0.8595140128665898,0.0001,1.0,27.710040011045358,28.790968339744364,-1.6862752066737956,-0.7710001931633323,-1.7935455692956648,-0.6648546538481931,우세,우세,우세,x,10,near,R1-P1,5
Canada|x,1.850876630921301,0.8855226038487347,3.0038051678751083,2.12570028158247,1.4265539149287458,2.9206215880246593,0.0001,1.0,28.790968339744364,26.940091708823058,0.5848680926612015,3.1763400671110777,1.2684177107458092,3.0364480118784143,열세,열세,열세,x,10,near,P1-P0,5
Canada|x,-3.3027952141353962,-4.200910465460624,-1.5754369400269113,-3.1876114813426972,-4.235536972573994,-1.2778200451224404,0.0001,0.9998,23.637296494687668,26.940091708823058,-4.734126501622592,-1.2617853665283443,-4.93996278696041,-0.6862280713037895,우세,우세,우세,x,10,near,D0-P0,5
Canada|x,0.7699483022222957,-0.2423314856817,1.7773858038128088,0.8997690630967888,0.1762185336964404,1.7443181968223516,0.152,0.8717,27.710040011045358,26.940091708823058,-0.5188173329749661,1.9782795303470213,-0.02948086479051581,1.951952000730561,미결정,미결정,미결정,x,10,near,R1-P0,5
Canada|x,-1.0280223065200615,-1.3465446228584361,-0.7751635143767192,-1.0220932564953735,-1.363607582606707,-0.6411128289251282,0.0001,0.9999,25.912069402303,26.940091708823058,-1.5252070177375847,-0.6518601592235322,-1.6071395724161726,-0.4311038188286436,우세,우세,우세,x,10,near,R0-P0,5
Canada|x,-0.7194583010585334,-1.4821654231467039,-0.4899257272059146,-0.9595809151036896,-1.6526433872183457,-0.6086010292413171,0.00010119409026512852,0.994434325035418,31.175085749630842,31.894544050689376,-1.6929184536158453,-0.4915326457486942,-1.877346730215644,-0.5324044631527475,우세,우세,우세,x,10,mid,R1-P1,5
Canada|x,2.6241048584385567,1.6188127482088368,3.3363288667807907,2.879930099702076,2.072519758941303,3.520897918850176,0.00010119409026512852,1.0,31.894544050689376,29.27043919225082,1.1674901209614226,3.2580344089390065,1.7757221682113835,3.522268783861256,열세,열세,열세,x,10,mid,P1-P0,5
Canada|x,-1.401916981631397,-3.42509184836477,0.31851591497320914,-1.6693453513941399,-3.888562339260162,0.23673657318375352,0.10665857113944546,0.8798826148552924,27.868522210619425,29.27043919225082,-3.896937445247722,0.8877675145935673,-4.898143329065289,1.0559539526975892,미결정,미결정,미결정,x,10,mid,D0-P0,5
Canada|x,1.9046465573800233,0.5450753052806933,2.534702110245131,1.9203491845983862,0.8599667623759026,2.6120326051627356,0.0026310463468933415,0.9970653713823113,31.175085749630842,29.27043919225082,0.010018515032355868,2.5283969025236885,0.449509761610354,2.687615139743401,열세,열세,열세,x,10,mid,R1-P0,5
Canada|x,-0.5800284902569466,-1.1646938592253115,-0.3316651988045572,-0.7136845812023616,-1.2947239372359025,-0.36194842118508125,0.0006071645415907711,0.8932402347702895,28.690410701993876,29.27043919225082,-1.326793245724774,-0.3157682488787434,-1.5333467086683221,-0.26565505552075336,우세,우세,우세,x,10,mid,R0-P0,5
Canada|x,-0.787241396424131,-1.21214663393898,-0.22510861621695546,-1.014299522867267,-1.4880892462293773,-0.5397598207636727,0.00040012003601080324,0.9829948984695409,24.596505015957582,25.38374641238171,-1.3038501869149353,-0.20560537281951033,-1.5779340784885545,-0.44228121173086693,우세,우세,우세,x,10,far,R1-P1,5
Canada|x,0.8756684565547935,-0.1798265003191033,1.5327906530635413,0.8046793427873731,-0.06484326124755083,1.6480931430287262,0.10643192957887367,0.7660298089426828,25.38374641238171,24.508077955826916,-0.5552906369270201,1.7027931405734142,-0.33485569564819756,1.9274095750260003,미결정,미결정,미결정,x,10,far,P1-P0,5
Canada|x,-1.5274512433075755,-2.5155629563881443,2.051495983367832,-0.08166250101714496,-2.4489905174862314,2.2270852780071975,0.5803741122336701,0.6451935580674202,22.980626712519342,24.508077955826916,-2.7716688436920287,2.3276954491367863,-3.133634620412148,2.8280931877160893,미결정,미결정,미결정,x,10,far,D0-P0,5
Canada|x,0.08842706013066248,-1.0046676146219988,0.8813251841236449,-0.20962018007989408,-1.070955325681466,0.7064017978058716,0.9894968490547165,0.25387616284885467,24.596505015957582,24.508077955826916,-1.4947620033835691,1.056568957368418,-1.3632414462357119,0.959488064107823,미결정,미결정,미결정,x,10,far,R1-P0,5
Canada|x,-0.6212641035643507,-1.046451125793108,-0.10351551926285149,-0.8827115474864484,-1.3659797518216843,-0.40140329903436583,0.008202460738221467,0.9357807342202661,23.88681385226257,24.508077955826916,-1.1509817615344529,-0.09852379461390617,-1.5090541319235748,-0.25921184217167675,우세,우세,우세,x,10,far,R0-P0,5
Canada|x,-1.1222130393651681,-1.6056356852808478,-0.8862592612004512,-1.2944146998310893,-1.634345682439718,-0.9818752091292389,0.00015241579027587258,1.0,27.503577835473834,28.625790874838998,-1.6333597862764182,-0.7142932570088534,-1.65706984502684,-0.7800495779201919,우세,우세,우세,x,40,near,R1-P1,5
Canada|x,2.5118852054239467,1.179872868663029,4.435220592038691,2.93946862751744,1.7103260539873317,4.204866522757595,0.00030483158055174517,0.9998475842097241,28.625790874838998,26.113905669415054,1.3358860007887514,5.490623865826235,1.936392224453769,5.266637210005452,열세,열세,열세,x,40,near,P1-P0,5
Canada|x,-3.1304558036594172,-4.035840467988839,-2.366185012036732,-2.829168723529297,-3.767224392407617,-1.9384185866216181,0.00015241579027587258,1.0,22.983449865755638,26.113905669415054,-4.195879209348177,-0.45833282774847633,-3.8260669255903346,0.10123373847858301,우세,우세,미결정,x,40,near,D0-P0,5
Canada|x,1.3896721660587787,0.08517612637323353,3.0461218297966695,1.645053927686351,0.4662930981817439,2.8909467480094944,0.04054260021338211,0.9711934156378601,27.503577835473834,26.113905669415054,0.18097144841765592,4.278367621974994,0.643778526249411,4.089597881606124,열세,열세,열세,x,40,near,R1-P0,5
Canada|x,-1.0429529062052574,-1.3589152451266167,-0.8066411134138768,-1.027261147421693,-1.3336428250379775,-0.7311210090511935,0.00015241579027587258,1.0,25.070952763209796,26.113905669415054,-1.420368393841562,-0.5580024146627113,-1.388542117221004,-0.4417393161482949,우세,우세,우세,x,40,near,R0-P0,5
Canada|x,-0.8644530652898247,-1.4691230936307513,-0.341758641846008,-0.9671904688509777,-1.5066263270553468,-0.2642818891378937,0.01846647932557206,0.9530309112806102,31.843785791775396,32.708238857065226,-1.5921979002024367,-0.17579404059255097,-1.6727156181139642,-0.1057131759435624,우세,우세,우세,x,40,mid,R1-P1,5
Canada|x,4.263448032454519,2.3649837111457424,5.699537019189198,4.844600360618014,2.790085624193467,5.808384897049651,0.00010036130068245685,1.0,32.708238857065226,28.44479082461071,1.5988363483233288,5.503531096497257,2.4460347184233266,5.774039529805861,열세,열세,열세,x,40,mid,P1-P0,5
Canada|x,-0.8524291830099031,-3.176511798293316,0.6166639077249275,-1.7706867584741985,-4.027741975665012,0.3466280956195789,0.2242071457246086,0.8603974307507025,27.592361641600803,28.44479082461071,-3.727972766123602,0.4953719433233626,-4.771126042113101,0.8410007751604541,미결정,미결정,미결정,x,40,mid,D0-P0,5
Canada|x,3.3989949671646946,1.7916493570412446,4.72750949848313,3.8774098917670363,2.198710848641921,4.920148936338873,0.00010036130068245685,0.9998996386993175,31.843785791775396,28.44479082461071,1.149245079476017,4.397765661301506,1.9484457075078752,4.895376678187819,열세,열세,열세,x,40,mid,R1-P0,5
Canada|x,-0.5416273441560122,-1.0696498541019404,0.12707031761951057,-0.6797901474013252,-1.2113560839917585,0.01795601584029107,0.06704134885588117,0.6949016459253312,27.903163480454698,28.44479082461071,-1.2365596693984482,0.1847111203310863,-1.3843526453756705,0.141722532690561,미결정,미결정,미결정,x,40,mid,R0-P0,5
Canada|x,-0.7916640465281152,-1.2824076140658964,-0.13579770548664996,-0.852599224779788,-1.3548279115764728,-0.3525973457161277,0.004611991177060357,0.9104672147583718,28.432099524362933,29.223763570891048,-1.3381339461910926,-0.12542864375706111,-1.4397530252254107,-0.25420526609121463,우세,우세,우세,x,40,far,R1-P1,5
Canada|x,3.093143993946757,1.1137212499733864,4.322967701524293,2.8854376224009366,1.4686865962781217,4.218843876231593,0.00120312813314618,0.9992981752556648,29.223763570891048,26.13061957694429,0.3693770009948827,4.459807427359827,1.043009529125583,4.553751942194182,열세,열세,열세,x,40,far,P1-P0,5
Canada|x,-1.4282147724456125,-2.615581332731114,2.7296774732240414,0.35063656545621386,-2.29225239860656,2.8881922754146396,0.6051734509725286,0.6235211550030079,24.702404804498677,26.13061957694429,-2.879477606484586,2.905782094523685,-3.0411492942705887,3.580561379661371,미결정,미결정,미결정,x,40,far,D0-P0,5
Canada|x,2.301479947418642,0.27692535383764355,3.6310671563027563,2.032838397621149,0.6128801047358932,3.3968899013010487,0.019450571485863245,0.9819530780028073,28.432099524362933,26.13061957694429,-0.5114271071853812,3.7840220110123237,0.21684208382577572,3.738828801584909,열세,열세,미결정,x,40,far,R1-P0,5
Canada|x,-0.6706506332463238,-1.1496875210321902,0.10893570514810197,-0.7477917478618548,-1.3275463864470733,-0.1711264313222272,0.15600561459795467,0.7934630038099058,25.45996894369797,26.13061957694429,-1.2525546689343834,0.14332636309001445,-1.4763376335104619,-0.013233291119438953,미결정,미결정,미결정,x,40,far,R0-P0,5
Canada|x,-1.2189157242985416,-1.7069714521781854,-0.968483571830679,-1.2983620570965342,-1.6713092821046274,-0.9313169481303533,0.00015241579027587258,1.0,26.95451419774368,28.173429922042224,-1.715550312297937,-0.8764953624313091,-1.7153685741804496,-0.7854542306369063,우세,우세,우세,x,160,near,R1-P1,5
Canada|x,2.4105540969037778,0.9097539349108068,4.37756224026837,2.697165655570951,1.2814509536935605,4.086792394546657,0.0030483158055174516,0.9978661789361378,28.173429922042224,25.762875825138444,1.0013424499227523,5.609106434225288,1.422096823768316,5.3302694208383254,열세,열세,열세,x,160,near,P1-P0,5
Canada|x,-3.1597483706042135,-3.950112071995722,-2.5178747405383985,-3.0723189110364593,-4.18035861681337,-2.0316140497950608,0.00015241579027587258,1.0,22.603127454534235,25.762875825138444,-4.045973112824101,-0.6996522464447088,-4.156354221642102,-0.15498777626629864,우세,우세,우세,x,160,near,D0-P0,5
Canada|x,1.191638372605236,-0.23150881039813315,2.8489417361666534,1.3988035984744165,0.09900905083047107,2.6818345860757598,0.08992531626276483,0.9119036732205457,26.95451419774368,25.762875825138444,-0.16478530186628348,4.2128262982828355,0.24995940145744194,4.034002300844621,미결정,미결정,미결정,x,160,near,R1-P0,5
Canada|x,-0.9897860092426868,-1.2697686096736345,-0.7451972997707366,-0.9646721137363962,-1.269902490302028,-0.6626942039494779,0.00015241579027587258,0.9995427526291724,24.77308981589576,25.762875825138444,-1.308176832958536,-0.49809861178549053,-1.2982174898906897,-0.39908871484056935,우세,우세,우세,x,160,near,R0-P0,5
Canada|x,-1.0069589002979384,-1.5429126694922428,-0.5391935471318712,-1.0622448145799914,-1.5842519194602258,-0.4283295361212967,0.0036202735317779565,0.9780772325020113,30.58958081157657,31.596539711874517,-1.5881451795120873,-0.3398081620644487,-1.7337519225943132,-0.24484889108146934,우세,우세,우세,x,160,mid,R1-P1,5
Canada|x,4.226394535473423,2.112229041662728,5.825226454414012,4.70365495412145,2.0315360418493267,6.155901029868459,0.008648431214802896,0.9958769106999196,31.596539711874517,27.370145176401092,1.1413053181466726,5.772645686379582,1.8386154126477319,6.074620759334052,열세,열세,열세,x,160,mid,P1-P0,5
Canada|x,-1.07169783123418,-3.0921949177831713,0.3291707098136814,-1.4922286064972468,-3.829764112510471,0.7065316280424083,0.13053097345132744,0.8242156074014481,26.29844734516691,27.370145176401092,-3.3445681842625703,0.29425801763380777,-4.704448694636383,1.3968681232741254,미결정,미결정,미결정,x,160,mid,D0-P0,5
Canada|x,3.219435635175485,1.3634252099262576,4.693152063319592,3.6414101395414584,1.45367004986336,5.066202205883369,0.011061946902654867,0.9933628318584071,30.58958081157657,27.370145176401092,0.6946826931150387,4.483973292030252,1.3014239793022608,4.991128596415746,열세,열세,열세,x,160,mid,R1-P0,5
Canada|x,-0.5461457984656356,-0.9379758681407933,-0.11479777953017883,-0.6677966004188441,-1.134024436274108,-0.126373036086321,0.017095736122284794,0.6814159292035398,26.82399937793545,27.370145176401092,-0.9644059091401145,-0.08629831492387295,-1.2972809700424481,0.034466792126810204,우세,우세,미결정,x,160,mid,R0-P0,5
Canada|x,-0.9628159677536072,-1.4245618716251587,-0.2705627681317626,-0.9869517989464626,-1.4886121432792452,-0.4829502180494874,0.0004036326942482341,0.9700302724520686,30.507213617577484,31.470029585331087,-1.3832820334802058,-0.29934771309916125,-1.5261862713817713,-0.4403003465900864,우세,우세,우세,x,160,far,R1-P1,5
Canada|x,3.8176959342091505,1.031063100982452,4.999370550106907,3.1093100143291093,1.5368962186138573,4.617436820544508,0.003229061553985873,0.9994954591321897,31.470029585331087,27.65233365112194,0.11252878624130298,5.290493643300742,1.0385039643430283,4.972599675638428,열세,열세,열세,x,160,far,P1-P0,5
Canada|x,-1.7192011887944751,-3.1659163036483555,2.660958909436164,0.1340415813721613,-2.6758537125826782,2.879247430526915,0.5434914228052472,0.6669021190716448,25.933132462327467,27.65233365112194,-3.2266801388764064,2.791422913334741,-3.339452325502283,3.468704792105782,미결정,미결정,미결정,x,160,far,D0-P0,5
Canada|x,2.8548799664555435,0.12787758581604552,4.160888357739686,2.1223582153826466,0.5780716562761092,3.63963488851198,0.03834510595358224,0.9808274470232089,30.507213617577484,27.65233365112194,-0.7602620809938753,4.3791706334107525,0.11127814302232032,3.990461630012481,열세,열세,미결정,x,160,far,R1-P0,5
Canada|x,-0.7364627579921045,-1.2646200457113597,0.06525733245345315,-0.7494201169009187,-1.3414222525515413,-0.1500972147675386,0.10393541876892028,0.7890010090817356,26.915870893129835,27.65233365112194,-1.3350484491687322,0.0740431452750553,-1.4750782941376737,0.006135273088164431,미결정,미결정,미결정,x,160,far,R0-P0,5
Greenland|x,-6.145617546915556,,,-6.145617546915556,,,,,12.156117175232847,18.301734722148403,,,,,판정 불가,판정 불가,판정 불가,x,-1,near,R1-P1,1
Greenland|x,-13.165646578802559,,,-13.165646578802559,,,,,18.301734722148403,31.46738130095096,,,,,판정 불가,판정 불가,판정 불가,x,-1,near,P1-P0,1
Greenland|x,-17.92247149796789,,,-17.92247149796789,,,,,13.54490980298307,31.46738130095096,,,,,판정 불가,판정 불가,판정 불가,x,-1,near,D0-P0,1
Greenland|x,-19.311264125718115,,,-19.311264125718115,,,,,12.156117175232847,31.46738130095096,,,,,판정 불가,판정 불가,판정 불가,x,-1,near,R1-P0,1
Greenland|x,-7.55952736747539,,,-7.55952736747539,,,,,23.90785393347557,31.46738130095096,,,,,판정 불가,판정 불가,판정 불가,x,-1,near,R0-P0,1
LE-1|i,-1.459062038122548,-2.1227766458121144,-0.41187733016943784,-1.1394457954946597,-1.765480848317812,-0.5490689047307571,0.00011019283746556474,0.9851239669421488,29.41819776663118,30.877259804753727,-2.6554439341766622,-0.4569504600025637,-1.9372112066268734,-0.621961153302553,우세,우세,우세,i,-1,near,R1-P1,4
LE-1|i,0.6775354365931134,-1.1748718526286437,2.8025281951794,0.7882364770479926,-1.0097529865717154,2.587366100781425,0.3596694214876033,0.651900826446281,30.877259804753727,30.199724368160616,-1.2800998307008509,3.6367514399093555,-1.1993790926828174,3.104421028943721,미결정,미결정,미결정,i,-1,near,P1-P0,4
LE-1|i,-2.643896754427468,-4.911290869441779,0.9027792806498411,-2.1310661617901046,-4.2456600331014185,-0.2635646275474235,0.26005509641873276,0.9548209366391185,27.555827613733147,30.199724368160616,-7.98608610679702,0.8419878595916761,-5.559506974409966,-0.250340580519249,미결정,미결정,미결정,i,-1,near,D0-P0,4
LE-1|i,-0.7815266015294347,-1.6855032286056224,0.9520758176632934,-0.35120931844666714,-1.7917701703602302,1.1305023241911136,0.512396694214876,0.6203856749311295,29.41819776663118,30.199724368160616,-1.783280184271128,1.5724595853254546,-2.063953033521965,1.5278977279482087,미결정,미결정,미결정,i,-1,near,R1-P0,4
LE-1|i,-1.190878578128812,-1.6455582122767614,-0.3613192760129735,-0.8506179893243946,-1.302857846848435,-0.4677467167702638,0.00011019283746556474,0.9604407713498623,29.008845790031806,30.199724368160616,-2.139792164715573,-0.33979448467873047,-1.561588427217195,-0.4345782471746022,우세,우세,우세,i,-1,near,R0-P0,4
LE-1|i,0.6068179437106216,-0.3934762426911722,0.6380777290518393,0.12230074318033468,-0.3934762426911722,0.6380777290518393,0.5549193128578865,0.5325351379489849,13.411261950167225,12.804444006456603,-1.8773647412292007,0.6798604611795476,-1.8773647412292007,0.6798604611795476,미결정,동등,미결정,i,-1,mid,R1-P1,4
LE-1|i,-3.5665687465284686,-3.705147390845267,1.0691276674075003,-1.3180098617188842,-3.705147390845267,1.0691276674075003,0.14055179593961478,0.9297241020301926,12.804444006456603,16.37101275298507,-6.834552337369978,4.06712116106754,-6.834552337369978,4.067121161067533,미결정,미결정,미결정,i,-1,mid,P1-P0,4
LE-1|i,3.208490152107861,3.151879378456189,5.1345789334545655,4.143229155955377,3.151879378456189,5.1345789334545655,0.0002602811035918792,1.0,19.57950290509293,16.37101275298507,0.030432191356332794,3.7596444355214103,0.030432191356332794,4.905019153543883,열세,열세,열세,i,-1,mid,D0-P0,4
LE-1|i,-2.959750802817847,-3.0670696617934277,0.6756514247163281,-1.1957091185385496,-3.0670696617934277,0.6756514247163281,0.14055179593961478,0.9297241020301926,13.411261950167225,16.37101275298507,-6.321822804701263,2.5943810202434605,-6.321822804701263,2.5943810202434605,미결정,미결정,미결정,i,-1,mid,R1-P0,4
LE-1|i,0.1432900745798409,-0.17376134284500244,0.45650685512999223,0.14137275614249445,-0.17376134284500244,0.45650685512999223,0.4143675169182717,0.0002602811035918792,16.51430282756491,16.37101275298507,-0.7151327810252361,0.2315464176200314,-1.044729112584136,0.43120128577337685,동등,동등,미결정,i,-1,mid,R0-P0,4
LE-1|i,0.025414044101206734,-1.1667487934807284,0.670744394961586,-0.45141688271070723,-1.320054452895208,0.37612038981758744,0.7060118035410623,0.45113534060218063,25.72439800535124,25.69898396125003,-1.471208261130511,0.5615284110380095,-1.598423560011435,0.42567304179048865,미결정,미결정,미결정,i,-1,far,R1-P1,4
LE-1|i,0.4841350754821514,-0.7072454503448329,2.97805550049268,2.5998070314481705,1.2119657167039757,3.7640362086007078,0.34050215064519357,0.9977993398019406,25.69898396125003,25.21484888576788,-0.8407062535373749,3.2488350423032677,1.1478950775549661,4.357960927655592,미결정,미결정,미결정,i,-1,far,P1-P0,4
LE-1|i,3.7647696633555396,-1.9614981578631658,7.214134555782829,1.2402875739604067,-2.805825909269533,5.443409730068384,0.20526157847354207,0.871261378413524,28.979618549123416,25.21484888576788,-2.9829512726612024,6.582281123669304,-3.226860317928934,5.624968162990207,미결정,미결정,미결정,i,-1,far,D0-P0,4
LE-1|i,0.5095491195833581,-0.5886616386899814,2.3811351745754994,2.1483901487374633,0.9425697974409712,3.30128461200689,0.3347004101230369,0.9955986796038812,25.72439800535124,25.21484888576788,-0.5574574520035891,2.8645186873525934,0.9680908683682531,3.64818963362385,미결정,미결정,미결정,i,-1,far,R1-P0,4
LE-1|i,0.1182072295733434,-0.888667433981651,0.8185395797015572,-0.2259619401580757,-1.0709724154166804,0.6083674779014641,0.8904671401420426,0.25277583274982496,25.333056115341222,25.21484888576788,-1.1348619109479623,0.6929336147231439,-1.213384941648619,0.622595128921134,미결정,미결정,미결정,i,-1,far,R0-P0,4
LE-1|i,-0.12704131405511365,-0.5896062579346872,0.0758080801298032,-0.14016107614025586,-0.5393666879079518,0.04180319400827195,0.30445412990326354,0.05410864250026576,32.26423385928477,32.391275173339885,-0.795385059175258,0.0883297891644792,-0.7392599558899003,0.05034178806217471,미결정,동등,미결정,i,10,near,R1-P1,4
LE-1|i,0.6184782723809876,-1.33439671420066,2.1245505528400854,0.44314699774399013,-1.1425749878348732,2.0324539183864223,0.5663867332837249,0.529180397576273,32.391275173339885,31.772796900958898,-0.5915965967254716,2.7293385653414286,-0.6359313393485623,3.021562078514364,미결정,미결정,미결정,i,10,near,P1-P0,4
LE-1|i,-0.15012189392109487,-1.7062451239922887,0.4096653104339603,-0.20503941802568182,-1.5334692188137218,0.5019766395768208,0.5145104709259063,0.27734665674497716,31.622675007037802,31.772796900958898,-2.090352915199247,0.6459806211323889,-1.9289397221111901,0.6058102845622658,미결정,미결정,미결정,i,10,near,D0-P0,4
LE-1|i,0.491436958325874,-1.427735027082623,1.9035787812954341,0.3029859216037343,-1.342801991749797,1.8213258566444377,0.6244286169873499,0.3941745508663761,32.26423385928477,31.772796900958898,-0.5305051085181977,2.3096832396213967,-0.8964972534875922,2.5796816980183612,미결정,미결정,미결정,i,10,near,R1-P0,4
LE-1|i,-0.13470526479420286,-0.5553691798067698,0.11123904645943336,-0.06286418599196164,-0.43102986495168294,0.15483929659465595,0.3892845753162539,0.0469862868076964,31.638091636164695,31.772796900958898,-0.782577990903029,0.1639078173341635,-0.6050436320950134,0.2011012822519062,미결정,동등,미결정,i,10,near,R0-P0,4
LE-1|i,0.47715990260100716,-0.18369556012567712,0.4833945659756913,0.36066281775163445,-0.18369556012567712,0.4833945659756913,0.5380658436213992,0.000257201646090535,16.17328126656389,15.696121363962886,-1.1747825896488777,0.6293528631662474,-1.1747825896488777,0.6293528631662474,동등,동등,미결정,i,10,mid,R1-P1,4
LE-1|i,-1.2674491788348505,-1.3004147047341297,0.2978198378094068,-0.638157635062639,-1.3004147047341297,0.2978198378094068,0.14146090534979425,0.7245370370370371,15.696121363962886,16.963570542797736,-3.616087467725352,2.969898225651967,-3.6160874677253556,2.969898225651967,미결정,미결정,미결정,i,10,mid,P1-P0,4
LE-1|i,0.748126290110104,-0.8297390034507917,0.7596085487108377,0.45935327007707016,-0.8297390034507917,0.7596085487108377,0.5380658436213992,0.5262345679012346,17.71169683290784,16.963570542797736,-3.069109858516711,0.8568390243556993,-3.0691098585167076,0.8568390243556993,미결정,동등,미결정,i,10,mid,D0-P0,4
LE-1|i,-0.7902892762338434,-0.8170201387584384,0.11637199117931019,-0.27749481731100456,-0.8170201387584384,0.21158872049096544,0.5509259259259259,0.7245370370370371,16.17328126656389,16.963570542797736,-3.5705677933213327,1.7951156360030893,-3.5705677933213362,1.7951156360030893,미결정,동등,미결정,i,10,mid,R1-P0,4
LE-1|i,0.5810103305357117,-0.034701172557008775,0.5848878658002343,0.4848117970399173,-0.034701172557008775,0.5848878658002343,0.14146090534979425,0.5262345679012346,17.544580873333448,16.963570542797736,-1.0463888747205061,0.7581791218550483,-1.046388874720499,0.7581791218550483,미결정,동등,미결정,i,10,mid,R0-P0,4
LE-1|i,0.3191813511918875,-0.2975836545924676,0.44154091913636623,-0.12186336827681732,-0.5647416646448521,0.2557386634507908,0.45164516451645165,0.04390439043904391,23.94434404114814,23.62516268995625,-0.48112134311590754,0.47165932596797494,-0.8619673374272399,0.34970015546471095,미결정,동등,미결정,i,10,far,R1-P1,4
LE-1|i,0.18794523558447995,-0.7063182976968884,2.1245382895220937,0.9943940833137779,-0.027387519480794046,2.1921718002838073,0.6518651865186519,0.7853785378537854,23.62516268995625,23.43721745437177,-0.6211385313390196,1.9362763757742512,0.04223797918461542,2.2816064401467093,미결정,미결정,미결정,i,10,far,P1-P0,4
LE-1|i,0.17167741242192136,-1.283931934672778,0.47666644658680973,-1.130658673397713,-2.4765705818779034,0.03265042005542832,0.9326932693269326,0.8294829482948295,23.608894866793694,23.43721745437177,-1.2442662738427155,0.48837875427608424,-2.9456996149215464,0.3399048973038022,미결정,미결정,미결정,i,10,far,D0-P0,4
LE-1|i,0.5071265867763675,-0.6025481036438515,2.1417291559881213,0.8725307150369606,-0.17025819240340215,2.0529099239242625,0.39223922392239224,0.7372737273727372,23.94434404114814,23.43721745437177,-0.17425622282848469,1.7861469880584167,0.12422693624454634,2.050609414164755,미결정,미결정,미결정,i,10,far,R1-P0,4
LE-1|i,0.4116973386912006,-0.23367817867550275,0.5340135655033585,0.01937248269138081,-0.41972067657443457,0.4089773305253855,0.2708270827082708,0.0663066306630663,23.848914793062974,23.43721745437177,-0.39676971922856386,0.5576081475180391,-0.7002557520361244,0.5122125194148994,미결정,동등,미결정,i,10,far,R0-P0,4
LE-1|i,-0.3450978920082983,-0.6266145823098155,0.28420834241162385,-0.2907167821625736,-0.5974235971593683,0.22784296462424583,0.38929026774330644,0.17902677433064174,30.09675250956303,30.441850401571322,-0.8614020129047976,0.10356342515248496,-0.7772379659145909,0.09751896220712367,미결정,동등,미결정,i,40,near,R1-P1,4
LE-1|i,-0.07769141686745318,-2.2374924817907322,2.662836735586498,0.0037810695054201204,-1.9377304498678072,2.6246607862366167,0.8810029749256268,0.3565660858478538,30.441850401571322,30.519541818438782,-1.5845228968053833,3.8785701075965484,-1.2992101416508937,4.01694093934781,미결정,미결정,미결정,i,40,near,P1-P0,4
LE-1|i,-0.2314686909696091,-0.8121726114044441,0.23700435426719196,-0.3227654547042258,-0.8796819638737133,0.375192609841469,0.3937526561835954,0.24596260093497663,30.288073127469172,30.519541818438782,-0.7464197816943199,0.2883242078135154,-0.8059219714653172,0.4824059671030181,미결정,동등,미결정,i,40,near,D0-P0,4
LE-1|i,-0.4227893088757515,-1.96967530389189,2.0366288833634307,-0.28693571265715345,-1.7698000777111995,2.0820619773549334,0.6430089247768805,0.43232044198895025,30.09675250956303,30.519541818438782,-1.7121504338985902,2.8901539441550246,-1.439177822339604,3.2399786448892383,미결정,미결정,미결정,i,40,near,R1-P0,4
LE-1|i,-0.24136848865506177,-0.4301977651952743,0.10532734846911206,-0.22411036230646264,-0.38196127634999094,0.09284504973113934,0.1901827454313642,0.010305992350191246,30.27817332978372,30.519541818438782,-0.4626275574263131,0.10786466792187502,-0.4408755814216836,0.12600005702543945,동등,동등,동등,i,40,near,R0-P0,4
LE-1|i,0.5301657888838416,0.39780585902411136,0.5344614424857794,0.46613365075494384,0.3978058590241105,0.5344614424857794,0.0003518648838845883,0.7199155524278676,14.626074940960974,14.095909152077132,-0.5775177877866291,0.7229137412943581,-0.5775177877866291,0.7229137412943581,열세,열세,미결정,i,40,mid,R1-P1,4
LE-1|i,-2.043279453787131,-2.0886186823535744,-0.43935310565092234,-1.2639858940022473,-2.0886186823535744,-0.43935310565092145,0.0003518648838845883,0.7199155524278676,14.095909152077132,16.139188605864263,-5.3796539768243345,1.2174083299862737,-5.3796539768243345,1.2174083299862737,우세,우세,미결정,i,40,mid,P1-P0,4
LE-1|i,2.0118782035829046,1.9322163164252046,2.0134133141533264,1.9728148152892642,1.9322163164252046,2.0134133141533255,0.0003518648838845883,1.0,18.151066809447165,16.139188605864263,-1.1907087195040447,2.973191328401621,-1.1907087195040447,2.973191328401621,열세,열세,미결정,i,40,mid,D0-P0,4
LE-1|i,-1.5131136649032895,-1.554157239867795,-0.041547246626810974,-0.7978522432473034,-1.554157239867795,-0.041547246626810086,0.0003518648838845883,0.7199155524278676,14.626074940960974,16.139188605864263,-5.410549430764291,0.6398905421996446,-5.410549430764291,0.6398905421996446,우세,우세,미결정,i,40,mid,R1-P0,4
LE-1|i,0.45177892310516654,0.4509616350816983,0.4880811141315937,0.46952137460664556,0.4509616350816983,0.4880811141315946,0.0003518648838845883,0.0003518648838845883,16.59096752896943,16.139188605864263,-0.5396223691068762,0.7811563031445564,-0.5396223691068762,0.7811563031445564,열세,열세,미결정,i,40,mid,R0-P0,4
LE-1|i,0.4748173476517801,-0.34409261489300064,0.8087961265498316,0.14510792601000144,-0.48020539103727655,0.6867342392527771,0.2832849854956487,0.26888066419925977,25.541936434121496,25.067119086469717,-0.6392545098667994,0.6785774804808425,-0.8405370902490507,0.7449953004850479,미결정,동등,미결정,i,40,far,R1-P1,4
LE-1|i,-0.13861365251939706,-1.0478647485958092,2.384542504942396,1.5218747356598383,0.4952011577513492,3.0372051824586963,0.6665999799939982,0.9742922876863059,25.067119086469717,25.205732738989113,-1.2385279011731947,2.729805009209807,0.35594906012116817,3.607429381513544,미결정,미결정,미결정,i,40,far,P1-P0,4
LE-1|i,1.9443169958401185,-0.7050793145692764,2.9195758006753345,0.20903846638820145,-1.6390831913990103,2.0991714204624166,0.15704711413424027,0.8610583174952485,27.15004973482923,25.205732738989113,-1.3034488002769844,2.4675348077876498,-2.2033450630027724,2.3100427741526657,미결정,미결정,미결정,i,40,far,D0-P0,4
LE-1|i,0.336203695132383,-0.5174341332820365,2.443328175299951,1.6669826616698398,0.7679632997188668,3.0647820399825703,0.36711013303991197,0.9927978393518055,25.541936434121496,25.205732738989113,-0.5951213883422893,2.754747912628073,0.7681417957561769,3.355860965113847,미결정,미결정,미결정,i,40,far,R1-P0,4
LE-1|i,0.469121834558635,-0.2703527362489705,0.8263288629373586,0.2752616917249142,-0.28452773141913973,0.7946972162644815,0.2074622386716015,0.2943883164949485,25.674854573547748,25.205732738989113,-0.5149480192351552,0.7015891584988586,-0.5641154612229942,0.8553650477536969,미결정,동등,미결정,i,40,far,R0-P0,4
LE-1|i,-0.5605330654240719,-0.8975826364224136,-0.13076237748565867,-0.47329530710798906,-0.8665888357531045,-0.13977509255248485,0.0011019283746556473,0.5912947658402203,29.38559530151573,29.9461283669398,-0.8938636751808673,-0.061169018255713706,-0.8790272914725907,-0.047600453066333925,우세,우세,우세,i,160,near,R1-P1,4
LE-1|i,0.35701676667848226,-1.44903950749824,3.024797453179813,0.6319262335107982,-1.1688109820096813,2.873459741972307,0.4769146005509642,0.5484297520661157,29.9461283669398,29.589111600261315,-1.4358517693608415,3.763772765122857,-1.1955026655479977,3.2095798514862057,미결정,미결정,미결정,i,160,near,P1-P0,4
LE-1|i,-0.43617548598879097,-2.2094004304260677,0.9682153469304038,-0.6654957576242797,-2.0660825585351503,0.8060936291464827,0.5256198347107438,0.5486501377410469,29.152936114272528,29.589111600261315,-2.062031916127479,1.1482125341931058,-2.1994220711478407,1.0367274772672503,미결정,미결정,미결정,i,160,near,D0-P0,4
LE-1|i,-0.20351629874558963,-1.8126138847281383,2.3280371826692714,0.15863092640280918,-1.5281523524026153,2.224049859003543,0.8628099173553719,0.3899724517906336,29.38559530151573,29.589111600261315,-1.8619779505116782,3.341961751852409,-1.5214987155755488,2.5531073985324984,미결정,미결정,미결정,i,160,near,R1-P0,4
LE-1|i,-0.4041667570497536,-0.7396491901503262,-0.09872880848269952,-0.342555397633439,-0.6635160698621602,-0.03993912989244555,0.005509641873278237,0.16859504132231404,29.18494484321156,29.589111600261315,-0.6300566401869939,0.11221190620313706,-0.6399214959692242,0.14066303859397142,우세,우세,미결정,i,160,near,R0-P0,4
LE-1|i,0.6494264486586956,-0.12114254346816011,0.6634976654943614,0.3888869902421641,-0.17737023154794418,0.644981759413449,0.541104993354851,0.6781849250047466,13.971041070700426,13.321614622041732,-0.9093027806072733,0.9668307539150985,-0.9093027806072733,0.9668307539150985,미결정,동등,미결정,i,160,mid,R1-P1,4
LE-1|i,-3.0418965480476454,-3.1343012092233113,1.2160506101111421,-1.5559232900362412,-3.126772591055066,1.2304599940804177,0.1404974368710841,0.929751281564458,13.321614622041732,16.363511170089378,-6.746978180488085,1.7917312582692446,-6.746978180488096,1.7917312582692446,미결정,미결정,미결정,i,160,mid,P1-P0,4
LE-1|i,1.8256331315080425,-0.2614486832590166,3.6632179204770927,1.757467722215349,-0.08736434308270624,3.491091760846177,0.2927662806151509,0.827226124928802,18.189144301597423,16.363511170089378,-4.217374263370385,3.840124204889269,-4.217374263370395,3.840124204889269,미결정,미결정,미결정,i,160,mid,D0-P0,4
LE-1|i,-2.39247009938895,-3.022486670692302,1.665742258675151,-1.167036299794077,-2.7216707650222305,1.5451762584639654,0.1404974368710841,0.6498955762293526,13.971041070700426,16.363511170089378,-6.990736382642318,0.9754898061954727,-6.9907363826423286,0.9754898061954727,미결정,미결정,미결정,i,160,mid,R1-P0,4
LE-1|i,0.1680448208258838,-0.42055990442594204,0.6697740574111775,0.17512644860725857,-0.3895437006216351,0.5831319683176743,0.5031327131194229,0.0601860641731536,16.531555990915262,16.363511170089378,-1.597307435271567,0.7580348432305583,-1.5973074352715777,0.7580348432305583,미결정,동등,미결정,i,160,mid,R0-P0,4
LE-1|i,0.49489855733647126,-0.5161054753371169,0.8650336095153371,-0.003447055501438534,-0.6975830905377152,0.6310650125226692,0.3883164949484845,0.28808642592777833,27.28670866483732,26.79181010750085,-0.9531835711781362,0.6521850651587907,-1.0456554010117904,0.7070226336324599,미결정,동등,미결정,i,160,far,R1-P1,4
LE-1|i,0.8686505636059643,-0.3158541644436358,3.1148750726298675,2.855322503840455,1.5554568235338615,3.9170721580588137,0.15684705411623487,0.9991997599279784,26.79181010750085,25.92315954389489,-0.42157891732808456,3.243263945167692,1.4847489484013576,4.353094591559011,미결정,미결정,미결정,i,160,far,P1-P0,4
LE-1|i,3.765136865062514,-0.9161766695536822,5.449545343533796,1.6110743916513792,-1.2097506070707404,4.418130213408476,0.12143643092927878,0.915774732419726,29.688296408957402,25.92315954389489,-2.0673520494173205,4.432428438899611,-1.9296283567538215,4.584047935801107,미결정,미결정,미결정,i,160,far,D0-P0,4
LE-1|i,1.3635491209424355,-0.000563105163385335,3.303912945100866,2.8518754483390163,1.5585770910086318,4.002742389366432,0.050215064519355805,0.9993998199459838,27.28670866483732,25.92315954389489,0.19073295030851656,3.3110814028829094,1.6609920207829652,4.233469727375529,미결정,미결정,열세,i,160,far,R1-P0,4
LE-1|i,0.5836404134372994,-0.4486489329002808,0.9520479047471918,0.23273706853401332,-0.43995416641893464,0.8660836346420485,0.2806842052615785,0.5070521156346904,26.506799957332188,25.92315954389489,-0.7242283818317354,0.7814197537026092,-0.7243012601648735,0.8960613527666735,미결정,동등,미결정,i,160,far,R0-P0,4
LE-1|x,-1.5874188147564743,-2.579823769340043,-0.46602896157088547,-1.631556973318057,-2.4864218010876447,-0.7749432038533912,0.00011058277120424638,0.9981200928895279,29.289781448135273,30.87720026289174,-3.1914517278121033,-0.45989809510575574,-2.7666555665616572,-0.7851490491765256,우세,우세,우세,x,-1,near,R1-P1,4
LE-1|x,0.6765389266530315,-1.1930577620909504,2.7907168264019555,0.7872421351167782,-1.0435445882165053,2.60091539135136,0.3660289726860555,0.6528806811898706,30.87720026289174,30.200661336238714,-1.3032843957105602,3.476445093950585,-1.2043545471685655,3.048734827966129,미결정,미결정,미결정,x,-1,near,P1-P0,4
LE-1|x,-2.8931153000409706,-5.753796871757708,0.6411851885745428,-2.8768504094730147,-5.441389913387971,-0.5575314655063877,0.20192414021895388,0.9788786906999889,27.307546036197742,30.200661336238714,-10.42106736481412,0.6196102200903245,-7.828893284518437,-0.41902263497003167,미결정,미결정,미결정,x,-1,near,D0-P0,4
LE-1|x,-0.9108798881034428,-1.7492822746200167,0.3247812860239279,-0.8443148382012788,-2.013017273047101,0.3362675076917198,0.34678757049651665,0.73073095211766,29.289781448135273,30.200661336238714,-1.8894732274960353,0.5504671093048592,-2.3247910044951476,0.5827676962332538,미결정,미결정,미결정,x,-1,near,R1-P0,4
LE-1|x,-1.3490138503755107,-2.0031178918637944,-0.5645684712913626,-1.2726094129216996,-1.7866938155221803,-0.8180435213392698,0.00011058277120424638,1.0,28.851647485863204,30.200661336238714,-2.675800426105299,-0.5700435471309744,-2.223536676107387,-0.8152999084519675,우세,우세,우세,x,-1,near,R0-P0,4
LE-1|x,0.5979516168928827,-0.7671135700181271,0.6389202470511419,-0.06409666148349213,-0.7671135700181271,0.6389202470511419,0.9329156878099713,0.533281127642913,13.402524738824445,12.804573121931561,-2.5034715910532697,0.7865706189751798,-2.503471591053273,0.7865706189751798,미결정,동등,미결정,x,-1,mid,R1-P1,4
LE-1|x,-3.5818487245480632,-3.720655252981369,1.0646774112313455,-1.3279889208750113,-3.720655252981369,1.0646774112313455,0.14043330723048814,0.9297833463847559,12.804573121931561,16.386421846479625,-6.855535560373589,2.8086462196816377,-6.855535560373589,2.8086462196816413,미결정,미결정,미결정,x,-1,mid,P1-P0,4
LE-1|x,1.5003562754487327,1.4518742741801245,3.041032090295046,2.246453182237586,1.4518742741801245,3.041032090295046,0.00026102845210127906,1.0,17.88677812192836,16.386421846479625,-2.4350772725664314,2.793710335438575,-2.4350772725664314,3.4162611624253696,열세,열세,미결정,x,-1,mid,D0-P0,4
LE-1|x,-2.9838971076551806,-3.081735005930227,0.29756384121321844,-1.3920855823585034,-3.081735005930227,0.29756384121321844,0.14043330723048814,0.9297833463847559,13.402524738824445,16.386421846479625,-6.068964941398409,0.3051746286283681,-6.0689649413984075,0.3051746286283681,미결정,미결정,미결정,x,-1,mid,R1-P0,4
LE-1|x,-0.29392820240235595,-0.3389657227346814,-0.16078901670905354,-0.24987736972186836,-0.3389657227346814,-0.16078901670905354,0.00026102845210127906,0.00026102845210127906,16.09249364407727,16.386421846479625,-1.338858157609252,0.00020331014221675048,-1.338858157609252,0.08544285181739338,우세,우세,미결정,x,-1,mid,R0-P0,4
LE-1|x,-0.012195736974445204,-1.4651654770115008,0.5899979409421029,-0.8171233529022679,-1.8438947895300541,0.1625153751400182,0.5459275565339203,0.7328397038222934,25.68686881335647,25.699064550330913,-1.77581031138199,0.2866191264545518,-2.169502969624427,0.1741305520448702,미결정,미결정,미결정,x,-1,far,R1-P1,4
LE-1|x,0.47556010732819587,-0.6889893046055453,2.961599074392131,2.599723002158905,1.2950563962737376,3.7492802382620933,0.3402041224734841,0.9982989793876326,25.699064550330913,25.22350444300272,-0.8748540957309026,3.2537267487860686,1.1500229960735353,4.314954842102435,미결정,미결정,미결정,x,-1,far,P1-P0,4
LE-1|x,3.174832380474281,-3.171674937366821,6.154810431046788,0.2898395671046883,-3.9531651487515056,4.5437661870216575,0.31598959375625374,0.7800680408244947,28.398336823477003,25.22350444300272,-4.11239925033158,4.815055884931106,-4.478750664259624,4.6172299922892055,미결정,미결정,미결정,x,-1,far,D0-P0,4
LE-1|x,0.46336437035375067,-0.7706303694901406,2.17582059714353,1.7825996492566372,0.5417975604093842,3.018545385901909,0.4358615169101461,0.9789873924354613,25.68686881335647,25.22350444300272,-0.6895637520735776,2.667072664293026,0.5967837876194482,3.3238337454290923,미결정,미결정,미결정,x,-1,far,R1-P0,4
LE-1|x,-0.14566580199399048,-1.2466545322848452,0.5704010681346712,-0.514037870672988,-1.4332179252579573,0.40123888055806567,0.3145887532519512,0.5158094856914148,25.07783864100873,25.22350444300272,-1.4652182646739516,0.4289737484879216,-1.5982421506506004,0.3829008467909999,미결정,미결정,미결정,x,-1,far,R0-P0,4
LE-1|x,0.035068846575627255,-0.4111059702052651,0.29741955582266166,-0.00989377255938706,-0.4319007603061945,0.19991954734054143,0.9629398941139832,0.014221945396034465,33.22797674939192,33.192907902816295,-0.7824851231543354,0.3044035877987339,-0.7928159070948679,0.21571401056263234,동등,동등,미결정,x,10,near,R1-P1,4
LE-1|x,0.6983276791260478,-0.6480575175776719,1.4798760317857644,0.4033123212314269,-0.6335740174453987,1.2535749502104343,0.427281220803488,0.5332710474410879,33.192907902816295,32.49458022369025,-0.317499170287854,1.360522340931014,-0.4916722939566385,1.3439117664187237,미결정,미결정,미결정,x,10,near,P1-P0,4
LE-1|x,0.30560154886639523,-2.0244553566061434,1.9034407363243535,0.5077210594672277,-1.5339539206201491,1.7906243018003647,0.6014740994498079,0.4690127686079103,32.80018177255664,32.49458022369025,-2.873968387404419,1.9362448030427617,-2.3466125788995122,1.8592618153587077,미결정,미결정,미결정,x,10,near,D0-P0,4
LE-1|x,0.733396525701675,-0.6217527425703651,1.3240804981040641,0.39341854867203985,-0.7816594040184671,1.1121035721475285,0.45198795806083253,0.5817502335720959,33.22797674939192,32.49458022369025,-0.6036818668374052,0.9650979001384243,-0.8566299013481073,1.0030319221839765,미결정,미결정,미결정,x,10,near,R1-P0,4
LE-1|x,-0.05702615128402222,-0.6035922857280076,0.18432771826486016,-0.009902327594979887,-0.5176848453601408,0.22170689971388782,0.45780130800373714,0.06716495380462992,32.43755407240623,32.49458022369025,-0.9303315229489467,0.19743665229092736,-0.7240082630705384,0.2610185266642282,미결정,동등,미결정,x,10,near,R0-P0,4
LE-1|x,0.703492730649709,-0.38412479008723893,0.711081279758476,0.507208294677266,-0.4185823371832047,0.66720161310374,0.2821437773769647,0.4617366658077815,17.860823919762115,17.15733118911241,-1.0907816166229445,0.8500210486593627,-1.0907816166229445,0.7812681832688787,미결정,동등,미결정,x,10,mid,R1-P1,4
LE-1|x,0.19009050762492308,-2.574720383693073,2.1492553751941355,0.26409003194717506,-2.398960982170095,1.9904909191138254,0.6150476681267715,0.36691574336511207,17.15733118911241,16.967240681487485,-5.146984477259238,1.63730237565386,-5.146984477259238,2.0126211051793232,미결정,미결정,미결정,x,10,mid,P1-P0,4
LE-1|x,3.5805174477876913,-1.6297644487477445,3.6116119274763303,2.570923702515061,-1.8148897318091852,3.4149310558591557,0.2659108477196599,0.816026797217212,20.547758129275177,16.967240681487485,-5.142413516668462,3.649047105275702,-5.142413516668462,3.5667375905748733,미결정,미결정,미결정,x,10,mid,D0-P0,4
LE-1|x,0.893583238274632,-2.097045485128703,2.3574869392669062,0.7712983266244411,-2.051940837712862,2.085213601954384,0.4429270806493172,0.6259984540066993,17.860823919762115,16.967240681487485,-5.758444456435189,1.7511560747155417,-5.758444456435189,1.717501244350343,미결정,미결정,미결정,x,10,mid,R1-P0,4
LE-1|x,0.7099605175764139,-0.43209693701356144,0.7155318817606933,0.5194161729293114,-0.4405338813835389,0.6625514641695965,0.3576397835609379,0.3639525895387787,17.6772011990639,16.967240681487485,-1.0700656430017474,0.9342958294874286,-1.0700656430017474,0.8342695710474767,미결정,동등,미결정,x,10,mid,R0-P0,4
LE-1|x,0.3852986872103994,-0.34381845730948213,0.8105099408403857,0.004464533728746112,-0.6202770071619528,0.6025337693238187,0.4268853770754151,0.06621324264852971,23.48287040435728,23.097571717146877,-0.6140091642293715,0.7505814729324694,-0.9649304396874081,0.6685955051182638,미결정,동등,미결정,x,10,far,R1-P1,4
LE-1|x,0.3172959998819991,-1.0113860885106545,2.0762588296777524,0.9750863636291012,-0.29565528505104305,2.3542214903779963,0.378875775155031,0.794758951790358,23.097571717146877,22.780275717264878,-0.05576568788014464,2.2909731862437517,0.11794686489674659,2.551432613008145,미결정,미결정,미결정,x,10,far,P1-P0,4
LE-1|x,1.9936257416164533,-2.1753959552519118,2.7960733794978827,-1.1850561403016657,-3.811420483281655,1.2501649650084108,0.40948189637927584,0.7045409081816363,24.77390145888133,22.780275717264878,-2.489009619971113,2.958710240418906,-4.89283857375955,1.7956946606938797,미결정,미결정,미결정,x,10,far,D0-P0,4
LE-1|x,0.7025946870923985,-0.9138950591098058,2.139111025020231,0.9795508973578473,-0.6546660140059397,2.5466994748599583,0.3270654130826165,0.7476495299059812,23.48287040435728,22.780275717264878,-0.49498629646253783,2.818605462987684,-0.4863469420145882,2.967795998222924,미결정,미결정,미결정,x,10,far,R1-P0,4
LE-1|x,0.41346203999444064,-0.3550260052935856,0.9369121065039134,0.08657541094877441,-0.5915398907041308,0.7394792176185929,0.4006801360272054,0.10922184436887378,23.193737757259317,22.780275717264878,-0.5878502443591115,0.876436206300379,-0.9154068207951658,0.8601848204650445,미결정,동등,미결정,x,10,far,R0-P0,4
LE-1|x,-0.3293657506564176,-0.7078269285599179,-0.08997731899301777,-0.32678855806484197,-0.702722120657477,-0.08691585468998203,0.005086807475395334,0.2639610748645361,29.014770906690025,29.344136657346443,-0.910437446593459,-0.14352130551805498,-0.8398009251275242,-0.09831392024779276,우세,우세,우세,x,40,near,R1-P1,4
LE-1|x,-0.24896839089230083,-2.4189526298404633,2.634884752019278,-0.6118553211549385,-2.5249779975240534,2.249302523289189,0.643149397323897,0.5232776733384938,29.344136657346443,29.593105048238744,-1.921004828036614,2.679048850246356,-2.2607739668861506,2.7056456069988655,미결정,미결정,미결정,x,40,near,P1-P0,4
LE-1|x,-0.4604846104419362,-2.4568637552663395,0.020022586697855196,-1.0327217178097836,-2.5733428400130083,-0.03512671570959918,0.06900364923144973,0.8153267720889086,29.13262043779681,29.593105048238744,-3.445152511017467,-0.3103142058346336,-3.126395093474711,-0.08611649951818091,미결정,미결정,우세,x,40,near,D0-P0,4
LE-1|x,-0.5783341415487184,-2.571438720778433,1.964219742158687,-0.9386438792197804,-2.6581781435153293,1.6126182946128196,0.5181908658630985,0.6285524715249364,29.014770906690025,29.593105048238744,-2.0722280232797217,1.8209841819215167,-2.406944799547101,1.8546909460135736,미결정,미결정,미결정,x,40,near,R1-P0,4
LE-1|x,-0.29114754337002413,-0.5020110501153596,-0.17805217179318347,-0.32008899385174594,-0.4865819840259753,-0.1876919348201892,0.00011058277120424638,0.02631869954661064,29.301957504868717,29.593105048238744,-0.5299872705315573,-0.17580087816742995,-0.4943729367487065,-0.16467492067558756,우세,우세,우세,x,40,near,R0-P0,4
LE-1|x,0.3068937966602361,-0.7686739204253543,0.3147756962668118,0.1701259537188311,-0.7827974621696878,0.27651193159908943,0.9346496106785317,0.07397107897664071,14.372818107650264,14.065924310990031,-0.9144506692728669,0.4601565544454065,-0.9144506692728669,0.40263324354393565,미결정,동등,미결정,x,40,mid,R1-P1,4
LE-1|x,-2.3072543941838974,-2.391930669270886,1.8911193083092046,-0.9501174706644431,-2.1811272349406625,2.3741323043954328,0.5241935483870968,0.6954949944382648,14.065924310990031,16.373178705173927,-2.405525127546614,3.8832703050182196,-2.405525127546614,3.8832703050182196,미결정,미결정,미결정,x,40,mid,P1-P0,4
LE-1|x,1.268518126368257,-1.855478391464351,2.2373845209088215,1.2274980166911593,-1.7508797252059076,2.1298078140021617,0.6459955506117909,0.5842602892102335,17.641696831542184,16.373178705173927,-1.9988815192567841,2.1299980633239173,-1.9988815192567841,2.124766764311181,미결정,미결정,미결정,x,40,mid,D0-P0,4
LE-1|x,-2.0003605975236614,-2.077421814128648,1.3123145253910558,-0.779991516945612,-1.9079638960713154,1.8315053528812735,0.371523915461624,0.6302836484983315,14.372818107650264,16.373178705173927,-2.088274496947482,2.9033203806430534,-2.088274496947482,2.9033203806430543,미결정,미결정,미결정,x,40,mid,R1-P0,4
LE-1|x,0.09575891002450465,-0.6873945236219399,0.4742809495883207,0.1577930224046229,-0.5973500988232505,0.4332047720934292,0.871523915461624,0.0546440489432703,16.468937615198435,16.373178705173927,-0.8336206036588045,0.44814587942599243,-0.8336206036588045,0.4473660684817193,미결정,동등,미결정,x,40,mid,R0-P0,4
LE-1|x,0.18953235587305173,-0.5169353911526579,0.5871903393888926,-0.18812720797022475,-0.7621703094550499,0.3583762150164763,0.7386431859115469,0.1427856714028417,26.53390976276343,26.344377406890377,-0.8281272319548283,0.39067380465704465,-1.0308507129195865,0.40584238096054975,미결정,동등,미결정,x,40,far,R1-P1,4
LE-1|x,0.26705311730896764,-0.7752518745500913,2.8027509339294556,2.3625800427483714,1.1001718124346644,3.5611306689460798,0.3848308985391235,0.9973984390634381,26.344377406890377,26.07732428958141,-1.0790040587474385,3.340747870865436,0.8717065299363188,4.282148101035106,미결정,미결정,미결정,x,40,far,P1-P0,4
LE-1|x,1.609392634788061,-2.1878286899091637,3.1759720315602653,-0.9825795408234175,-3.641936061017211,1.6301212780406307,0.39003402041224733,0.6971182709625775,27.68671692436947,26.07732428958141,-3.1846683304860517,2.3792395349960573,-4.190651869789917,1.9157849525812034,미결정,미결정,미결정,x,40,far,D0-P0,4
LE-1|x,0.45658547318201936,-0.4936171203242993,2.566252011128354,2.1744528347781467,1.102142471298518,3.195841931064696,0.25735441264758857,0.9978987392435461,26.53390976276343,26.07732428958141,-0.7504838199806615,3.0533985683683587,0.9762371037391131,3.6620214472311168,미결정,미결정,미결정,x,40,far,R1-P0,4
LE-1|x,0.23903471423609624,-0.34547821321171274,0.7226157092654977,0.11383779641908554,-0.4533230758426436,0.6576154569973532,0.37982789673804285,0.08635181108665199,26.316359003817503,26.07732428958141,-0.5414546942927089,0.668279769678514,-0.6048055530211407,0.7140517308201169,미결정,동등,미결정,x,40,far,R0-P0,4
LE-1|x,-0.6184904585638442,-1.4040604906892056,-0.07552236639332242,-0.675632758198697,-1.4770836744855442,0.019137919317965393,0.04732942607541745,0.7287404622359837,29.308293620830757,29.9267840793946,-1.7284459502605845,0.3435678611576729,-1.8188679926668232,0.3141893160707788,미결정,미결정,미결정,x,160,near,R1-P1,4
LE-1|x,0.4646658709924676,-1.450192902407184,2.6961620436476195,0.5168180761459089,-1.2085759480731195,2.596877817042284,0.4889970142651775,0.5155368793541966,29.9267840793946,29.46211820840213,-1.4503111841208787,3.2699395703265868,-1.2453818721018903,3.0668421585695294,미결정,미결정,미결정,x,160,near,P1-P0,4
LE-1|x,-0.0726652964465373,-3.2650655033457223,0.2274315363051523,-1.783962649938717,-4.086228594015598,0.0656337602342346,0.3363927900033175,0.8854362490324007,29.389452911955594,29.46211820840213,-4.769861064683504,0.14281609723391497,-4.588454598158641,0.10269152083490975,미결정,미결정,미결정,x,160,near,D0-P0,4
LE-1|x,-0.15382458757137663,-1.836996564965154,1.4875894865910733,-0.15881468205278804,-1.6033677010520138,1.4795696136205485,0.7459913745438461,0.3330753068671901,29.308293620830757,29.46211820840213,-1.797923896001135,1.974243143860435,-1.4334942380052498,1.5972195106981424,미결정,미결정,미결정,x,160,near,R1-P0,4
LE-1|x,-0.4560882738504848,-0.9950977483065911,0.044160406570817004,-0.509687503811298,-1.0621259015894697,-0.0073378352811856815,0.061041689704744,0.5196284418887537,29.00602993455165,29.46211820840213,-1.1306929939731527,0.23275841192668104,-1.1805594261365302,0.1378666466183011,미결정,미결정,미결정,x,160,near,R0-P0,4
LE-1|x,0.7766606130540703,-0.307693209441799,0.7878241188948185,0.5744082935989652,-0.3487280092499767,0.7664339479428564,0.15665399239543726,0.5370722433460076,13.857046721081469,13.080386108027398,-1.0320979438380866,1.1443879824594745,-1.0320979438380842,1.1443879824594745,미결정,동등,미결정,x,160,mid,R1-P1,4
LE-1|x,-3.214815418815495,-3.333575082392436,1.3112429973827804,-1.4468897240692944,-3.354563755540784,1.3112429973827804,0.14334600760456273,0.9283269961977186,13.080386108027398,16.295201526842895,-6.832589197967797,2.0232553385431613,-6.8325891979677955,2.0232553385431586,미결정,미결정,미결정,x,160,mid,P1-P0,4
LE-1|x,2.573644012537646,-0.769191501655083,4.0504017520765245,2.8785534762158616,-0.601583460882682,3.8571131709690105,0.4022813688212928,0.7507604562737643,18.868845539380537,16.295201526842895,-4.24078589804871,4.8224895065574485,-4.24078589804871,4.814565910083233,미결정,미결정,미결정,x,160,mid,D0-P0,4
LE-1|x,-2.4381548057614246,-3.181091685886333,1.6519518742373482,-0.8724814304703292,-2.720492940444797,1.5959260210803956,0.14334600760456273,0.6397338403041825,13.857046721081469,16.295201526842895,-7.110623800840671,1.184156019753928,-7.110623800840671,1.184156019753928,미결정,미결정,미결정,x,160,mid,R1-P0,4
LE-1|x,0.13769266786998813,-0.6771739805664927,0.6616409647141306,0.28513953594118835,-0.6287526660501248,0.613776009064944,0.5433460076045628,0.14429657794676806,16.43289419471288,16.295201526842895,-1.7064816909987606,0.7431840781457009,-1.7064816909987606,0.7442745241745108,미결정,동등,미결정,x,160,mid,R0-P0,4
LE-1|x,0.6082043884379029,-0.4863215821889889,1.266358319457076,0.2187183603059788,-0.5803644504752186,0.9946887068542096,0.282569541725035,0.519911947168301,27.510560388036048,26.90235599959814,-0.9015030654775238,0.9332780786635699,-1.035765111529795,1.0444028958675902,미결정,미결정,미결정,x,160,far,R1-P1,4
LE-1|x,0.6673973180897521,-0.5027917925208182,3.1583188757150307,2.837468104862869,1.5555533118205902,3.9615686671907655,0.22233340004002403,0.999499699819892,26.90235599959814,26.23495868150839,-0.736144643318364,3.4171058936748784,1.3661600560167868,4.478290616585046,미결정,미결정,미결정,x,160,far,P1-P0,4
LE-1|x,4.469244873953339,-1.1635948845943196,7.267261800251658,1.6580206601734568,-1.9305472765186669,5.348487203411876,0.1164698819291575,0.9193516109665799,30.70420355546173,26.23495868150839,-2.6811740311351717,5.759259997495521,-2.9448821340699363,5.664262369499044,미결정,미결정,미결정,x,160,far,D0-P0,4
LE-1|x,1.275601706527655,-0.0013646622929635037,3.3752355877305913,3.0561864651688477,1.7960997492284747,4.221763509886629,0.05023013808284971,0.999499699819892,27.510560388036048,26.23495868150839,0.0197501721530421,3.720156041149637,1.8151438424512512,4.582634064935285,미결정,미결정,열세,x,160,far,R1-P0,4
LE-1|x,0.6006207873976575,-0.3237816773484225,1.5144280945655697,0.5398565764340253,-0.30341074930827455,1.3856854305476387,0.19791875125075045,0.5549329597758655,26.835579468906047,26.23495868150839,-0.6469266661917652,1.3245742318145963,-0.6063603244991228,1.4121062332151224,미결정,미결정,미결정,x,160,far,R0-P0,4
LE-2|i,-0.24046028884309342,,,-0.38359183575906225,,,,,18.020246509639154,18.26070679848225,,,,,판정 불가,판정 불가,판정 불가,i,-1,near,R1-P1,3
LE-2|i,1.1236266533788168,,,1.4726056493532063,,,,,18.26070679848225,17.137080145103432,,,,,판정 불가,판정 불가,판정 불가,i,-1,near,P1-P0,3
LE-2|i,0.42902493349256926,,,-0.31146412004882035,,,,,17.566105078596003,17.137080145103432,,,,,판정 불가,판정 불가,판정 불가,i,-1,near,D0-P0,3
LE-2|i,0.8831663645357235,,,1.0890138135941438,,,,,18.020246509639154,17.137080145103432,,,,,판정 불가,판정 불가,판정 불가,i,-1,near,R1-P0,3
LE-2|i,0.010479634557571652,,,-0.11850755747808724,,,,,17.147559779661005,17.137080145103432,,,,,판정 불가,판정 불가,판정 불가,i,-1,near,R0-P0,3
LE-2|i,0.0024501134829613136,,,-0.06314095313681516,,,,,17.282206130144328,17.279756016661363,,,,,판정 불가,판정 불가,판정 불가,i,-1,mid,R1-P1,3
LE-2|i,1.3517428862104157,,,1.380380674289185,,,,,17.279756016661363,15.92801313045095,,,,,판정 불가,판정 불가,판정 불가,i,-1,mid,P1-P0,3
LE-2|i,1.7005610116844256,,,1.5573922181982145,,,,,17.628574142135374,15.92801313045095,,,,,판정 불가,판정 불가,판정 불가,i,-1,mid,D0-P0,3
LE-2|i,1.354192999693377,,,1.3172397211523699,,,,,17.282206130144328,15.92801313045095,,,,,판정 불가,판정 불가,판정 불가,i,-1,mid,R1-P0,3
LE-2|i,0.26724998428740676,,,0.27327872033217204,,,,,16.195263114738356,15.92801313045095,,,,,판정 불가,판정 불가,판정 불가,i,-1,mid,R0-P0,3
LE-2|i,-0.06822314192932073,,,-0.612385321279555,,,,,17.034186838693547,17.10240998062287,,,,,판정 불가,판정 불가,판정 불가,i,-1,far,R1-P1,3
LE-2|i,-0.09235673365545989,,,0.1242261240355198,,,,,17.10240998062287,17.19476671427833,,,,,판정 불가,판정 불가,판정 불가,i,-1,far,P1-P0,3
LE-2|i,2.298974577653249,,,-1.158063955273222,,,,,19.493741291931578,17.19476671427833,,,,,판정 불가,판정 불가,판정 불가,i,-1,far,D0-P0,3
LE-2|i,-0.16057987558478062,,,-0.48815919724403517,,,,,17.034186838693547,17.19476671427833,,,,,판정 불가,판정 불가,판정 불가,i,-1,far,R1-P0,3
LE-2|i,0.1486860387878887,,,-0.3724937757304261,,,,,17.34345275306622,17.19476671427833,,,,,판정 불가,판정 불가,판정 불가,i,-1,far,R0-P0,3
LE-2|i,-0.07878940668844751,,,-0.31577810845172927,,,,,18.00067790039463,18.07946730708308,,,,,판정 불가,판정 불가,판정 불가,i,10,near,R1-P1,3
LE-2|i,0.6261888825213097,,,0.8275894933199522,,,,,18.07946730708308,17.453278424561766,,,,,판정 불가,판정 불가,판정 불가,i,10,near,P1-P0,3
LE-2|i,5.220833729514152,,,3.0785391742185113,,,,,22.674112154075917,17.453278424561766,,,,,판정 불가,판정 불가,판정 불가,i,10,near,D0-P0,3
LE-2|i,0.5473994758328621,,,0.511811384868223,,,,,18.00067790039463,17.453278424561766,,,,,판정 불가,판정 불가,판정 불가,i,10,near,R1-P0,3
LE-2|i,0.18346092417306833,,,-0.0924577121815755,,,,,17.636739348734835,17.453278424561766,,,,,판정 불가,판정 불가,판정 불가,i,10,near,R0-P0,3
LE-2|i,-0.022930351477585376,,,0.29014940277005036,,,,,16.393900693114347,16.41683104459193,,,,,판정 불가,판정 불가,판정 불가,i,10,mid,R1-P1,3
LE-2|i,0.7739864191818521,,,0.48182298089272163,,,,,16.41683104459193,15.642844625410078,,,,,판정 불가,판정 불가,판정 불가,i,10,mid,P1-P0,3
LE-2|i,6.9824672025696914,,,7.336511393487544,,,,,22.625311827979772,15.642844625410078,,,,,판정 불가,판정 불가,판정 불가,i,10,mid,D0-P0,3
LE-2|i,0.7510560677042667,,,0.771972383662772,,,,,16.393900693114347,15.642844625410078,,,,,판정 불가,판정 불가,판정 불가,i,10,mid,R1-P0,3
LE-2|i,0.40093210186087563,,,0.6303214771631241,,,,,16.043776727270956,15.642844625410078,,,,,판정 불가,판정 불가,판정 불가,i,10,mid,R0-P0,3
LE-2|i,0.6100886897337716,,,-0.3679845380114652,,,,,17.91343509790539,17.303346408171617,,,,,판정 불가,판정 불가,판정 불가,i,10,far,R1-P1,3
LE-2|i,0.15844695608153062,,,0.016657216210853438,,,,,17.303346408171617,17.144899452090087,,,,,판정 불가,판정 불가,판정 불가,i,10,far,P1-P0,3
LE-2|i,8.10606111160235,,,1.1270557859671868,,,,,25.250960563692434,17.144899452090087,,,,,판정 불가,판정 불가,판정 불가,i,10,far,D0-P0,3
LE-2|i,0.7685356458153022,,,-0.3513273218006117,,,,,17.91343509790539,17.144899452090087,,,,,판정 불가,판정 불가,판정 불가,i,10,far,R1-P0,3
LE-2|i,0.8963059007450523,,,-0.21254971863409247,,,,,18.04120535283514,17.144899452090087,,,,,판정 불가,판정 불가,판정 불가,i,10,far,R0-P0,3
LE-2|i,-0.3612709259524518,,,-0.5379557413714652,,,,,18.045282289260566,18.406553215213016,,,,,판정 불가,판정 불가,판정 불가,i,40,near,R1-P1,3
LE-2|i,1.0732297154123902,,,1.355568918106788,,,,,18.406553215213016,17.333323499800624,,,,,판정 불가,판정 불가,판정 불가,i,40,near,P1-P0,3
LE-2|i,1.8278925553978371,,,0.36929777945838005,,,,,19.161216055198462,17.333323499800624,,,,,판정 불가,판정 불가,판정 불가,i,40,near,D0-P0,3
LE-2|i,0.7119587894599384,,,0.817613176735323,,,,,18.045282289260566,17.333323499800624,,,,,판정 불가,판정 불가,판정 불가,i,40,near,R1-P0,3
LE-2|i,0.003574545160492567,,,-0.2161079751994451,,,,,17.336898044961117,17.333323499800624,,,,,판정 불가,판정 불가,판정 불가,i,40,near,R0-P0,3
LE-2|i,-0.17715599952138264,,,0.009164580174748119,,,,,16.91833236574113,17.09548836526251,,,,,판정 불가,판정 불가,판정 불가,i,40,mid,R1-P1,3
LE-2|i,1.1949999245298077,,,0.9843443011586395,,,,,17.09548836526251,15.900488440732707,,,,,판정 불가,판정 불가,판정 불가,i,40,mid,P1-P0,3
LE-2|i,3.5444759913309163,,,3.547443091707867,,,,,19.44496443206362,15.900488440732707,,,,,판정 불가,판정 불가,판정 불가,i,40,mid,D0-P0,3
LE-2|i,1.0178439250084252,,,0.9935088813333876,,,,,16.91833236574113,15.900488440732707,,,,,판정 불가,판정 불가,판정 불가,i,40,mid,R1-P0,3
LE-2|i,0.20379800668896011,,,0.33207652306136853,,,,,16.104286447421664,15.900488440732707,,,,,판정 불가,판정 불가,판정 불가,i,40,mid,R0-P0,3
LE-2|i,0.2320824896442648,,,-0.40149954961278606,,,,,17.40882267943723,17.176740189792962,,,,,판정 불가,판정 불가,판정 불가,i,40,far,R1-P1,3
LE-2|i,0.1393547170541017,,,-0.02218941218761235,,,,,17.176740189792962,17.037385472738862,,,,,판정 불가,판정 불가,판정 불가,i,40,far,P1-P0,3
LE-2|i,5.065964589194835,,,0.2238340819944297,,,,,22.103350061933696,17.037385472738862,,,,,판정 불가,판정 불가,판정 불가,i,40,far,D0-P0,3
LE-2|i,0.3714372066983665,,,-0.42368896180039844,,,,,17.40882267943723,17.037385472738862,,,,,판정 불가,판정 불가,판정 불가,i,40,far,R1-P0,3
LE-2|i,0.5562057965355857,,,-0.20380442722601266,,,,,17.593591269274444,17.037385472738862,,,,,판정 불가,판정 불가,판정 불가,i,40,far,R0-P0,3
LE-2|i,-0.4345629569859651,,,-0.5848259522020088,,,,,18.027005924173544,18.46156888115951,,,,,판정 불가,판정 불가,판정 불가,i,160,near,R1-P1,3
LE-2|i,1.1858898979531858,,,1.54466672693518,,,,,18.46156888115951,17.275678983206323,,,,,판정 불가,판정 불가,판정 불가,i,160,near,P1-P0,3
LE-2|i,0.34140063389124603,,,-0.5159212866128282,,,,,17.61707961709757,17.275678983206323,,,,,판정 불가,판정 불가,판정 불가,i,160,near,D0-P0,3
LE-2|i,0.7513269409672206,,,0.9598407747331711,,,,,18.027005924173544,17.275678983206323,,,,,판정 불가,판정 불가,판정 불가,i,160,near,R1-P0,3
LE-2|i,-0.09537644756457493,,,-0.2471259485683047,,,,,17.180302535641747,17.275678983206323,,,,,판정 불가,판정 불가,판정 불가,i,160,near,R0-P0,3
LE-2|i,-0.24788635617521373,,,-0.07069219174137527,,,,,16.788953803601427,17.03684015977664,,,,,판정 불가,판정 불가,판정 불가,i,160,mid,R1-P1,3
LE-2|i,1.2799904389031393,,,0.7414492745828062,,,,,17.03684015977664,15.756849720873499,,,,,판정 불가,판정 불가,판정 불가,i,160,mid,P1-P0,3
LE-2|i,1.6449950237430286,,,2.033820975601112,,,,,17.40184474461653,15.756849720873499,,,,,판정 불가,판정 불가,판정 불가,i,160,mid,D0-P0,3
LE-2|i,1.0321040827279255,,,0.670757082841431,,,,,16.788953803601427,15.756849720873499,,,,,판정 불가,판정 불가,판정 불가,i,160,mid,R1-P0,3
LE-2|i,0.10758854568568547,,,0.20937376461066393,,,,,15.864438266559183,15.756849720873499,,,,,판정 불가,판정 불가,판정 불가,i,160,mid,R0-P0,3
LE-2|i,-0.03868498094628,,,-0.459454800251829,,,,,17.109239589711965,17.147924570658244,,,,,판정 불가,판정 불가,판정 불가,i,160,far,R1-P1,3
LE-2|i,-0.05940958087720697,,,0.03763559457704465,,,,,17.147924570658244,17.20733415153545,,,,,판정 불가,판정 불가,판정 불가,i,160,far,P1-P0,3
LE-2|i,2.773256726651707,,,-0.3192075254174173,,,,,19.980590878187154,17.20733415153545,,,,,판정 불가,판정 불가,판정 불가,i,160,far,D0-P0,3
LE-2|i,-0.09809456182348697,,,-0.4218192056747843,,,,,17.109239589711965,17.20733415153545,,,,,판정 불가,판정 불가,판정 불가,i,160,far,R1-P0,3
LE-2|i,0.293485548217807,,,-0.18369489479010306,,,,,17.500819699753254,17.20733415153545,,,,,판정 불가,판정 불가,판정 불가,i,160,far,R0-P0,3
LE-2|x,-0.16907229023444614,,,-0.3330376064654417,,,,,18.091569236276868,18.260641526511314,,,,,판정 불가,판정 불가,판정 불가,x,-1,near,R1-P1,3
LE-2|x,1.1237354264529777,,,1.4708931184392213,,,,,18.260641526511314,17.136906100058336,,,,,판정 불가,판정 불가,판정 불가,x,-1,near,P1-P0,3
LE-2|x,0.3210676653002776,,,-0.3216036271651692,,,,,17.457973765358613,17.136906100058336,,,,,판정 불가,판정 불가,판정 불가,x,-1,near,D0-P0,3
LE-2|x,0.9546631362185316,,,1.1378555119737797,,,,,18.091569236276868,17.136906100058336,,,,,판정 불가,판정 불가,판정 불가,x,-1,near,R1-P0,3
LE-2|x,-0.02889337544362114,,,-0.13623045280494792,,,,,17.108012724614714,17.136906100058336,,,,,판정 불가,판정 불가,판정 불가,x,-1,near,R0-P0,3
LE-2|x,0.1260762010151891,,,0.029414110368360724,,,,,17.405543643674942,17.279467442659755,,,,,판정 불가,판정 불가,판정 불가,x,-1,mid,R1-P1,3
LE-2|x,1.3551020606503303,,,1.3819029615623404,,,,,17.279467442659755,15.924365382009425,,,,,판정 불가,판정 불가,판정 불가,x,-1,mid,P1-P0,3
LE-2|x,0.8807710472586349,,,1.1511294939358454,,,,,16.805136429268057,15.924365382009425,,,,,판정 불가,판정 불가,판정 불가,x,-1,mid,D0-P0,3
LE-2|x,1.4811782616655194,,,1.411317071930701,,,,,17.405543643674942,15.924365382009425,,,,,판정 불가,판정 불가,판정 불가,x,-1,mid,R1-P0,3
LE-2|x,0.3735956865272148,,,0.33824236206300046,,,,,16.297961068536637,15.924365382009425,,,,,판정 불가,판정 불가,판정 불가,x,-1,mid,R0-P0,3
LE-2|x,-0.10818028930944834,,,-0.6369534182665278,,,,,16.993808053597373,17.10198834290682,,,,,판정 불가,판정 불가,판정 불가,x,-1,far,R1-P1,3
LE-2|x,-0.07848346786348752,,,0.13076843476989097,,,,,17.10198834290682,17.180471810770307,,,,,판정 불가,판정 불가,판정 불가,x,-1,far,P1-P0,3
LE-2|x,1.223559522416019,,,-2.473447413255226,,,,,18.404031333186328,17.180471810770307,,,,,판정 불가,판정 불가,판정 불가,x,-1,far,D0-P0,3
LE-2|x,-0.18666375717293585,,,-0.5061849834966369,,,,,16.993808053597373,17.180471810770307,,,,,판정 불가,판정 불가,판정 불가,x,-1,far,R1-P0,3
LE-2|x,-0.002019946138447063,,,-0.6290726938637666,,,,,17.17845186463186,17.180471810770307,,,,,판정 불가,판정 불가,판정 불가,x,-1,far,R0-P0,3
LE-2|x,-0.2273737750370651,,,-0.3745117616919522,,,,,17.88480914372145,18.112182918758513,,,,,판정 불가,판정 불가,판정 불가,x,10,near,R1-P1,3
LE-2|x,0.6331005106005687,,,0.8742251926651831,,,,,18.112182918758513,17.479082408157947,,,,,판정 불가,판정 불가,판정 불가,x,10,near,P1-P0,3
LE-2|x,1.7448705234386186,,,0.5213917280615922,,,,,19.223952931596568,17.479082408157947,,,,,판정 불가,판정 불가,판정 불가,x,10,near,D0-P0,3
LE-2|x,0.40572673556350364,,,0.4997134309732309,,,,,17.88480914372145,17.479082408157947,,,,,판정 불가,판정 불가,판정 불가,x,10,near,R1-P0,3
LE-2|x,-0.05588290476987604,,,-0.24964016307974646,,,,,17.423199503388066,17.479082408157947,,,,,판정 불가,판정 불가,판정 불가,x,10,near,R0-P0,3
LE-2|x,-0.39676996647476653,,,-0.05180768733891187,,,,,15.994442968293695,16.39121293476846,,,,,판정 불가,판정 불가,판정 불가,x,10,mid,R1-P1,3
LE-2|x,0.6625123832048553,,,0.14043296086990983,,,,,16.39121293476846,15.728700551563605,,,,,판정 불가,판정 불가,판정 불가,x,10,mid,P1-P0,3
LE-2|x,3.047788673162362,,,3.5821712215449195,,,,,18.776489224725967,15.728700551563605,,,,,판정 불가,판정 불가,판정 불가,x,10,mid,D0-P0,3
LE-2|x,0.26574241673008875,,,0.08862527353099796,,,,,15.994442968293695,15.728700551563605,,,,,판정 불가,판정 불가,판정 불가,x,10,mid,R1-P0,3
LE-2|x,-0.11579231297719399,,,0.11020490994226566,,,,,15.612908238586412,15.728700551563605,,,,,판정 불가,판정 불가,판정 불가,x,10,mid,R0-P0,3
LE-2|x,0.10778330273407673,,,-0.4383399132330747,,,,,17.129298333763753,17.021515031029676,,,,,판정 불가,판정 불가,판정 불가,x,10,far,R1-P1,3
LE-2|x,-0.014345262086010871,,,0.008057230323485006,,,,,17.021515031029676,17.03586029311569,,,,,판정 불가,판정 불가,판정 불가,x,10,far,P1-P0,3
LE-2|x,4.100136658616761,,,-0.27405809019298505,,,,,21.13599695173245,17.03586029311569,,,,,판정 불가,판정 불가,판정 불가,x,10,far,D0-P0,3
LE-2|x,0.09343804064806586,,,-0.43028268290958965,,,,,17.129298333763753,17.03586029311569,,,,,판정 불가,판정 불가,판정 불가,x,10,far,R1-P0,3
LE-2|x,0.3509582716284996,,,-0.3080778495152643,,,,,17.38681856474419,17.03586029311569,,,,,판정 불가,판정 불가,판정 불가,x,10,far,R0-P0,3
LE-2|x,-0.2199560683510106,,,-0.3540890415084821,,,,,18.140681144497744,18.36063721284875,,,,,판정 불가,판정 불가,판정 불가,x,40,near,R1-P1,3
LE-2|x,0.8697983789664985,,,1.168816497300714,,,,,18.36063721284875,17.490838833882254,,,,,판정 불가,판정 불가,판정 불가,x,40,near,P1-P0,3
LE-2|x,0.8582729330454567,,,-0.17178499485372237,,,,,18.34911176692771,17.490838833882254,,,,,판정 불가,판정 불가,판정 불가,x,40,near,D0-P0,3
LE-2|x,0.6498423106154879,,,0.8147274557922319,,,,,18.140681144497744,17.490838833882254,,,,,판정 불가,판정 불가,판정 불가,x,40,near,R1-P0,3
LE-2|x,0.01772827639572287,,,-0.1418086689080956,,,,,17.508567110277976,17.490838833882254,,,,,판정 불가,판정 불가,판정 불가,x,40,near,R0-P0,3
LE-2|x,-0.1643997736775796,,,-0.018587688291494448,,,,,16.454750267986903,16.61915004166448,,,,,판정 불가,판정 불가,판정 불가,x,40,mid,R1-P1,3
LE-2|x,1.0301222687428975,,,0.8657752036774765,,,,,16.61915004166448,15.589027772921582,,,,,판정 불가,판정 불가,판정 불가,x,40,mid,P1-P0,3
LE-2|x,1.661112257016267,,,1.9060814805240192,,,,,17.25014002993785,15.589027772921582,,,,,판정 불가,판정 불가,판정 불가,x,40,mid,D0-P0,3
LE-2|x,0.8657224950653178,,,0.8471875153859821,,,,,16.454750267986903,15.589027772921582,,,,,판정 불가,판정 불가,판정 불가,x,40,mid,R1-P0,3
LE-2|x,0.011933305466864516,,,0.13385745495983592,,,,,15.60096107838845,15.589027772921582,,,,,판정 불가,판정 불가,판정 불가,x,40,mid,R0-P0,3
LE-2|x,-0.0028045074185426935,,,-0.3563500910027149,,,,,17.21650622183385,17.21931072925239,,,,,판정 불가,판정 불가,판정 불가,x,40,far,R1-P1,3
LE-2|x,0.08115549865756992,,,-0.2255910165105656,,,,,17.21931072925239,17.13815523059482,,,,,판정 불가,판정 불가,판정 불가,x,40,far,P1-P0,3
LE-2|x,2.53854856973101,,,-0.831087154135569,,,,,19.67670380032583,17.13815523059482,,,,,판정 불가,판정 불가,판정 불가,x,40,far,D0-P0,3
LE-2|x,0.07835099123902722,,,-0.5819411075132805,,,,,17.21650622183385,17.13815523059482,,,,,판정 불가,판정 불가,판정 불가,x,40,far,R1-P0,3
LE-2|x,0.18817670489840607,,,-0.3364522807213059,,,,,17.32633193549323,17.13815523059482,,,,,판정 불가,판정 불가,판정 불가,x,40,far,R0-P0,3
LE-2|x,-0.27085956662146177,,,-0.40502374948795666,,,,,18.031754597976306,18.30261416459777,,,,,판정 불가,판정 불가,판정 불가,x,160,near,R1-P1,3
LE-2|x,1.0520847600607854,,,1.3831769270376935,,,,,18.30261416459777,17.250529404536987,,,,,판정 불가,판정 불가,판정 불가,x,160,near,P1-P0,3
LE-2|x,0.0733105117016013,,,-0.5533416060534145,,,,,17.323839916238587,17.250529404536987,,,,,판정 불가,판정 불가,판정 불가,x,160,near,D0-P0,3
LE-2|x,0.7812251934393236,,,0.9781531775497369,,,,,18.031754597976306,17.250529404536987,,,,,판정 불가,판정 불가,판정 불가,x,160,near,R1-P0,3
LE-2|x,-0.04377948435173865,,,-0.14033050318244378,,,,,17.206749920185242,17.250529404536987,,,,,판정 불가,판정 불가,판정 불가,x,160,near,R0-P0,3
LE-2|x,-0.1037786790062037,,,0.0048591869368893965,,,,,16.916869419582998,17.020648098589202,,,,,판정 불가,판정 불가,판정 불가,x,160,mid,R1-P1,3
LE-2|x,1.079070952756732,,,0.6320549597438809,,,,,17.020648098589202,15.941577145832468,,,,,판정 불가,판정 불가,판정 불가,x,160,mid,P1-P0,3
LE-2|x,0.9012521916211149,,,1.1021785963466044,,,,,16.842829337453583,15.941577145832468,,,,,판정 불가,판정 불가,판정 불가,x,160,mid,D0-P0,3
LE-2|x,0.9752922737505282,,,0.6369141466807703,,,,,16.916869419582998,15.941577145832468,,,,,판정 불가,판정 불가,판정 불가,x,160,mid,R1-P0,3
LE-2|x,0.21240091873031375,,,0.22000655517341272,,,,,16.153978064562782,15.941577145832468,,,,,판정 불가,판정 불가,판정 불가,x,160,mid,R0-P0,3
LE-2|x,-0.07880523613592179,,,-0.4491964240471802,,,,,16.844293876947223,16.923099113083143,,,,,판정 불가,판정 불가,판정 불가,x,160,far,R1-P1,3
LE-2|x,-0.1310986420146314,,,0.009095311730929959,,,,,16.923099113083143,17.054197755097775,,,,,판정 불가,판정 불가,판정 불가,x,160,far,P1-P0,3
LE-2|x,1.2524821439445422,,,-1.4745124908578588,,,,,18.30667989904232,17.054197755097775,,,,,판정 불가,판정 불가,판정 불가,x,160,far,D0-P0,3
LE-2|x,-0.2099038781505532,,,-0.4401011123162502,,,,,16.844293876947223,17.054197755097775,,,,,판정 불가,판정 불가,판정 불가,x,160,far,R1-P0,3
LE-2|x,0.07375480342218547,,,-0.44054757611035694,,,,,17.12795255851996,17.054197755097775,,,,,판정 불가,판정 불가,판정 불가,x,160,far,R0-P0,3
Lena|x,-1.3890514682569743,-1.9398534634589149,-0.686117691970131,-1.180991958803689,-1.5199569054611657,-0.8636091331777868,0.00010009008107296567,1.0,27.12176234613214,28.51081381438911,-2.147322180889162,-0.5024157892330605,-1.6118084972372726,-0.7573619247594793,우세,우세,우세,x,-1,near,R1-P1,5
Lena|x,1.0607056344005166,-0.15899121422732623,2.1860499130431617,1.0140334030554077,0.01568234006065046,1.9569468646178216,0.08968071264137724,0.8443599239315384,28.51081381438911,27.450108179988597,-0.6259434295144619,2.4515249722320243,-0.4876548866061604,2.3208037417300704,미결정,미결정,미결정,x,-1,near,P1-P0,5
Lena|x,-2.62651827478701,-4.437232841142473,0.07451540207923787,-1.4161495639979536,-2.731614054617668,-0.15493687697245956,0.05965368831948754,0.9246321689520568,24.823589905201583,27.450108179988597,-4.915998785656968,0.5674116865148394,-3.0782650712612263,0.11141825873558665,미결정,미결정,미결정,x,-1,near,D0-P0,5
Lena|x,-0.3283458338564579,-1.161466744231574,0.6149389087961765,-0.1669585557482815,-1.042456697729357,0.6342133736147061,0.5989390451406266,0.31788609748773894,27.12176234613214,27.450108179988597,-1.2395951036691524,0.6098079255463048,-1.3882511252574392,0.8784107089528574,미결정,미결정,미결정,x,-1,near,R1-P0,5
Lena|x,-1.0359942117378729,-1.513000050711647,-0.3390987832072466,-0.7755221986460377,-1.11593792988845,-0.45000159890893077,0.00020018016214593134,0.9500550495445901,26.414113968250724,27.450108179988597,-1.6330560730249293,-0.2382808070867102,-1.1958742397493871,-0.39391212564760886,우세,우세,우세,x,-1,near,R0-P0,5
Lena|x,0.014718779254794433,-0.6856928177582917,0.46089894813675913,-0.17998155368714527,-0.6785647544397143,0.3016881168270197,0.7439613526570048,0.12590579710144928,15.553417719202292,15.5386989399475,-0.7379549384250979,0.28039019223405554,-0.8387492010417974,0.40691875972914066,미결정,동등,미결정,x,-1,mid,R1-P1,5
Lena|x,-1.4977449423526707,-1.81492928673558,3.434664377419843,1.34498519451074,-1.1242969419706674,3.88999344202282,0.9510869565217391,0.7259963768115942,15.5386989399475,17.03644388230017,-1.716434340650666,4.935450625038948,-1.678245834837216,5.334217465931934,미결정,미결정,미결정,x,-1,mid,P1-P0,5
Lena|x,1.181263580911424,-0.36594037988658884,2.9392068230555015,1.361708800627143,-0.009207436967610871,2.7087175179392844,0.08907004830917874,0.8879830917874396,18.217707463211593,17.03644388230017,0.03447421341375664,2.4980319883573703,0.07172528020827938,2.8946485488560745,미결정,미결정,열세,x,-1,mid,D0-P0,5
Lena|x,-1.4830261630978765,-1.6799627107476682,2.8762990530012402,1.1650036408235949,-1.028823555998394,3.39638381373025,0.9426328502415459,0.7102958937198067,15.553417719202292,17.03644388230017,-1.688190408323129,4.424950424982441,-1.531875250833089,4.5728099193614336,미결정,미결정,미결정,x,-1,mid,R1-P0,5
Lena|x,-0.0910021660542398,-0.2259420383394865,0.39005199122869977,0.14081034498519962,-0.15465714797600066,0.44107349284535313,0.8991545893719807,0.016153381642512076,16.94544171624593,17.03644388230017,-0.15564847311994107,0.477218987541807,-0.15441780121512838,0.5513698479509861,동등,동등,미결정,x,-1,mid,R0-P0,5
Lena|x,-0.48540489697722294,-1.5829316798754232,-0.2130858630122688,-1.444306343565548,-2.020748670591013,-0.8780391831622645,0.00010107135637760258,0.9996967859308672,15.335928695527292,15.821333592504516,-1.804878345760993,-0.2339300871572148,-2.1372816222856743,-0.7464351969399388,우세,우세,우세,x,-1,far,R1-P1,5
Lena|x,-1.254505873229594,-1.9049769149893276,1.8149383980046307,1.394522286739233,0.20214422900424397,2.5238479734955512,0.7465130382049727,0.9329896907216495,15.821333592504516,17.07583946573411,-1.7467398483548364,1.896823892311382,-0.18310828718985017,2.7572518049991475,미결정,미결정,미결정,x,-1,far,P1-P0,5
Lena|x,0.7919432463151341,-2.13007240714459,2.283990909020448,-0.8777006841213385,-2.850603019327604,1.07201184196842,0.7689508793208005,0.6448352536891045,17.867782712049245,17.07583946573411,-2.373740062138361,1.7709448048742715,-3.4037744325818227,1.500123814474305,미결정,미결정,미결정,x,-1,far,D0-P0,5
Lena|x,-1.7399107702068168,-2.3189514773635396,0.4875035776902214,-0.04978405682631504,-0.8929993472134229,0.7741608347756823,0.18111987062866383,0.8043258540529614,15.335928695527292,17.07583946573411,-2.108061783031114,0.24038318601586758,-1.0703819066026332,0.843248676473101,미결정,미결정,미결정,x,-1,far,R1-P0,5
Lena|x,-0.30281076691513215,-0.991746072775545,9.559813287506928e-05,-0.7371219646111975,-1.1598052255470812,-0.30717028093421606,0.05033353547604609,0.8653729533050334,16.773028698818976,17.07583946573411,-1.0645959870028545,-0.10058612970158266,-1.2826701030583758,-0.20672041743974223,미결정,미결정,우세,x,-1,far,R0-P0,5
Lena|x,-0.12812936838829642,-0.2814508426658266,0.04384042490132574,-0.12751167558882912,-0.2812052123955697,0.011077067352742765,0.15662894098625707,0.00010105092966855295,28.303430557738107,28.431559926126408,-0.38616347761798114,0.12118153919631247,-0.39630793796566277,0.09217820883734451,동등,동등,동등,x,10,near,R1-P1,5
Lena|x,0.6956427434107155,-0.3484645293147517,1.3349940363432349,0.5852293826144077,-0.15962735261698988,1.1704738238787478,0.2497978981406629,0.5874090541632982,28.431559926126408,27.73591718271569,-0.5632105045307797,1.4302126541429017,-0.3251986557714332,1.354612021709778,미결정,미결정,미결정,x,10,near,P1-P0,5
Lena|x,1.509033285062489,0.2886794731886109,3.268452163993665,1.3739814405938553,0.21982075539047674,2.4490987975149894,0.015157639450282943,0.9494745351657236,29.244950467778175,27.73591718271569,-0.4949983516397568,4.168568619167428,-0.6735671810058425,3.1009633896669655,열세,열세,미결정,x,10,near,D0-P0,5
Lena|x,0.567513375022419,-0.3965116433804609,1.1303732187254187,0.45771770702557857,-0.27363911343114794,1.0040896488091422,0.32073565076798705,0.4867623282134196,28.303430557738107,27.73591718271569,-0.49984010851414273,1.1703014971642487,-0.36545138728463356,1.1235661086511186,미결정,미결정,미결정,x,10,near,R1-P0,5
Lena|x,-0.06963407187395418,-0.22691800278997803,0.14301885528676758,0.04936259186021345,-0.1376830666194507,0.22460204745012438,0.6119644300727567,0.00010105092966855295,27.666283110841732,27.73591718271569,-0.3276901573111921,0.2237163146654783,-0.2733199795022405,0.3308240328718921,동등,동등,동등,x,10,near,R0-P0,5
Lena|x,0.16313827856043978,-0.27236768237854153,0.23038948714555238,0.05750198003850038,-0.29093395464787175,0.1957744947607192,0.6643753735803944,0.00014943215780035862,14.453287137198378,14.29014885863794,-0.4007206277738336,0.23235602305862674,-0.40380364869774343,0.19673674794416118,동등,동등,동등,x,10,mid,R1-P1,5
Lena|x,-1.1571256954936744,-2.075968791495403,0.8246956042944832,-0.08524517471340828,-1.4775202178870597,1.0333716370212416,0.3233711894799761,0.7144351464435147,14.29014885863794,15.44727455413161,-1.8945564445199439,2.051206553702938,-1.4970999758327699,2.0410144647339856,미결정,미결정,미결정,x,10,mid,P1-P0,5
Lena|x,3.533964203924628,-0.5574538473089893,3.7224772158952155,2.227442324237221,-0.7341490072766621,3.6014075238624494,0.09025702331141662,0.8849372384937239,18.98123875805624,15.44727455413161,-1.8887768186698501,4.197715672231,-1.8918012495156376,3.7355232015457,미결정,미결정,미결정,x,10,mid,D0-P0,5
Lena|x,-0.9939874169332346,-2.0010438213759887,0.8238699824542886,-0.027743194674907913,-1.453126634385172,0.9031984549179186,0.3344291691572026,0.7092050209205021,14.453287137198378,15.44727455413161,-1.7723323280598648,1.616316538739036,-1.4137845779930214,1.6573524524564567,미결정,미결정,미결정,x,10,mid,R1-P0,5
Lena|x,0.2103712072338567,-0.27585816233436017,0.29738362074485275,0.12498719308098849,-0.2836813943275942,0.29529004685063975,0.6312014345487149,0.0008965929468021519,15.657645761365472,15.44727455413161,-0.36571194411509733,0.25156109910587077,-0.36738604839025246,0.28909200692839,동등,동등,동등,x,10,mid,R0-P0,5
Lena|x,0.010800384560777587,-0.48164765050071123,0.1476983787697099,-0.5109659193868424,-0.8081251721522246,-0.20806767887574648,0.528064032016008,0.5355677838919459,18.88438869755625,18.873588312995473,-0.6406006308813762,0.1876841391102004,-0.9348940264058436,-0.04046045422815707,미결정,동등,미결정,x,10,far,R1-P1,5
Lena|x,0.1366958135712494,-0.28897743394788394,1.0865378720191146,0.8295797101743879,0.2833377664601011,1.3852690007279922,0.287543771885943,0.8831415707853927,18.873588312995473,18.736892499424222,-0.2216679189665959,0.987576694925637,0.23392941857482605,1.3883451616470115,미결정,미결정,미결정,x,10,far,P1-P0,5
Lena|x,2.905442574314948,-0.6147739550072052,3.6068812498387426,-1.654559083370947,-3.971839505076377,0.7097776577486594,0.10805402701350675,0.9016508254127064,21.64233507373917,18.736892499424222,-1.7357252990916106,3.892552596646431,-5.057164878470235,2.0681929479866668,미결정,미결정,미결정,x,10,far,D0-P0,5
Lena|x,0.147496198132027,-0.4485074001311309,0.818341364397762,0.31861379078754554,-0.21740145480973347,0.8554655564691166,0.34937468734367183,0.25052526263131564,18.88438869755625,18.736892499424222,-0.2228861506241901,0.660157772328418,-0.17913017661281821,0.7586704537290736,미결정,동등,미결정,x,10,far,R1-P0,5
Lena|x,0.23003441171442418,-0.2846936088326828,0.35306886215595024,-0.3822596314743819,-0.7017839304527478,-0.05737488752659336,0.5368684342171085,0.24902451225612807,18.96692691113865,18.736892499424222,-0.43286627653023757,0.3939521428233297,-0.8338056024359966,0.11808493050406883,미결정,동등,미결정,x,10,far,R0-P0,5
Lena|x,-0.22275161864446708,-0.35271529508289345,-0.11105967102982488,-0.28256747727915404,-0.4154257632618762,-0.1754204882490373,0.00010005002501250626,0.001200600300150075,27.35784190747092,27.580593526115383,-0.40882803050238314,-0.06694206748497379,-0.4924465689922416,-0.11707939424991178,우세,우세,우세,x,40,near,R1-P1,5
Lena|x,0.6981722974757794,-0.5702662262322685,1.7789707420272134,0.9519048197377884,0.10250767694849,1.789589258171973,0.3099549774887444,0.8519259629814907,27.580593526115383,26.882421228639608,-0.9337311229319839,1.9659505749829884,-0.2661361930991355,2.086656912610198,미결정,미결정,미결정,x,40,near,P1-P0,5
Lena|x,0.3072505169943128,-0.2647386526962007,1.246381281844424,0.41360945345265954,-0.3339672962305552,1.1397718591089891,0.22531265632816408,0.4018009004502251,27.189671745633916,26.882421228639608,-0.3069211911678573,1.3991025677892808,-0.5634986378441486,1.2882241770362872,미결정,미결정,미결정,x,40,near,D0-P0,5
Lena|x,0.47542067883131234,-0.7267556593949203,1.4869035514535165,0.6693373424586344,-0.1368213031428012,1.4646352181602313,0.47143571785892946,0.6631315657828915,27.35784190747092,26.882421228639608,-1.0664738550584847,1.6063788899760463,-0.4575581675989926,1.7214454680057876,미결정,미결정,미결정,x,40,near,R1-P0,5
Lena|x,-0.19678160083777171,-0.30921213385231244,-0.0778301249414216,-0.0810928746510708,-0.21868909039761586,0.048993434159273055,0.0026013006503251626,0.00010005002501250626,26.685639627801834,26.882421228639608,-0.2995459671638389,-0.08324139566427301,-0.2541906775381454,0.07534200812695867,동등,동등,동등,x,40,near,R0-P0,5
Lena|x,0.059486542528031094,-0.29911778007636775,0.22333869771115442,-0.015515784061219761,-0.3140131061269929,0.20372001969083503,0.8761028954890021,0.00012426991425375916,14.444075576162845,14.384589033634816,-0.27702872598288,0.24404555171116374,-0.31871775662988255,0.22996645423193898,동등,동등,동등,x,40,mid,R1-P1,5
Lena|x,-1.6966224280120799,-2.0171257057923393,2.5306934720942285,0.2972573503410203,-1.1514642805871274,3.13797246007414,0.7714676276873369,0.5544923574002734,14.384589033634816,16.081211461646895,-1.857592708766901,3.9212820203957137,-1.3377600202665783,4.2579851752600035,미결정,미결정,미결정,x,40,mid,P1-P0,5
Lena|x,0.9240410428526392,0.2988084119756088,1.6601421702332777,0.9220580814480204,0.290258092853011,1.6747842306594913,0.011432832111345843,0.9137566795078912,17.00525250449953,16.081211461646895,-0.07566537466948153,1.6046514409525416,0.04631352964103785,1.6640649887123933,열세,열세,미결정,x,40,mid,D0-P0,5
Lena|x,-1.6371358854840488,-2.012634312416811,2.5170727344809105,0.2817415662798005,-1.1554471879504489,3.105627270110061,0.8214241332173481,0.531999502920343,14.444075576162845,16.081211461646895,-1.784530464416079,3.798871805096227,-1.3122739595712256,4.108911988018395,미결정,미결정,미결정,x,40,mid,R1-P0,5
Lena|x,-0.18582530421307872,-0.4477656414836346,0.3140284178479202,-0.03915103950117214,-0.35534564730338086,0.3278226318563835,0.5930160308189387,0.0041009071703740525,15.895386157433814,16.081211461646895,-0.47094712397578037,0.44111827454061214,-0.4014302807288261,0.43054052002047233,동등,동등,동등,x,40,mid,R0-P0,5
Lena|x,-0.1767144561949273,-0.5079327455686976,-0.04019406600047583,-0.4659756873290988,-0.6751946048084272,-0.2691752380544698,0.008605163097858715,0.3651190714428657,18.610331541140546,18.787045997335476,-0.6001320937866449,-0.013120905913083755,-0.7786031112901411,-0.1889656716185354,우세,우세,우세,x,40,far,R1-P1,5
Lena|x,-0.3951090579071554,-1.0682664960903243,1.6472370604022109,1.3128620216659832,0.3551977864263864,2.2545190141945333,0.852111266760056,0.9506704022413448,18.787045997335476,19.182155055242628,-1.1131720774496983,1.6031710440864246,-0.1308831321731062,2.647082820015833,미결정,미결정,미결정,x,40,far,P1-P0,5
Lena|x,0.9458631650144227,-0.9665238685061524,1.6193059915140442,-1.5244226582145308,-2.7687285558227783,-0.26932579248381144,0.36101660996597956,0.9483690214128477,20.128018220257054,19.182155055242628,-1.0419252184977383,1.4993744385088068,-3.2580042576251063,0.1739063637116293,미결정,미결정,미결정,x,40,far,D0-P0,5
Lena|x,-0.5718235141020827,-1.2457458907351582,1.2743147449845287,0.8468863343368845,-0.00568159582196126,1.6741018515572272,0.862717630578347,0.7899739843906344,18.610331541140546,19.182155055242628,-1.2399436178172516,1.1085103453780742,-0.40427689950350526,1.9725895367817048,미결정,미결정,미결정,x,40,far,R1-P0,5
Lena|x,-0.07295650649274563,-0.28459474245108846,0.07882856561527651,-0.30224926831442145,-0.45249142052557234,-0.14673303878865104,0.2889733840304182,0.0040024014408645186,19.109198548749884,19.182155055242628,-0.3097437016240446,0.0878677087751654,-0.5095522149721571,-0.12185584321623849,동등,동등,미결정,x,40,far,R0-P0,5
Lena|x,-0.3597536954322734,-0.5134834630162396,-0.1876726793270089,-0.35018057017811727,-0.511440145400944,-0.18597944897442142,0.00040020010005002504,0.03691845922961481,27.51524269277534,27.874996388207613,-0.602754141416382,-0.1391952884749622,-0.572745458873461,-0.13394536747674665,우세,우세,우세,x,160,near,R1-P1,5
Lena|x,0.9071056369370922,-0.35556124356568664,2.025823710927047,1.1007355203271316,0.17949951386464008,1.9948686371380526,0.1726863431715858,0.8961480740370185,27.874996388207613,26.967890751270517,-0.780677192853947,2.305229754988399,-0.3549472031473552,2.4083158605059145,미결정,미결정,미결정,x,160,near,P1-P0,5
Lena|x,0.13182781578001582,-0.5792068526587086,0.8638413535301176,0.07659053763367467,-0.7754983362185991,0.9314118114699123,0.6447223611805903,0.16288144072036018,27.099718567050537,26.967890751270517,-0.8960431508895338,1.015365899570788,-1.032725761709864,1.2987872948924097,미결정,동등,미결정,x,160,near,D0-P0,5
Lena|x,0.5473519415048187,-0.6204215297541035,1.5661392484794925,0.7505549501490144,-0.13443100011575024,1.6028504552498002,0.36438219109554776,0.7065532766383191,27.51524269277534,26.967890751270517,-1.0157865883232486,1.8012852538413517,-0.6061901303784726,1.9832517481520378,미결정,미결정,미결정,x,160,near,R1-P0,5
Lena|x,-0.2519508329038381,-0.43869117328494733,-0.06645993041639789,-0.17751961999281604,-0.39727301675236726,0.04371201332477898,0.011405702851425713,0.006903451725862931,26.71593991836668,26.967890751270517,-0.5074242448247509,-0.018063003349238545,-0.4429918919960594,0.1169657944788026,동등,동등,미결정,x,160,near,R0-P0,5
Lena|x,-0.08052795324914719,-0.42343457514295024,-0.021130074947718448,-0.26770478278545407,-0.4877001681068268,-0.10467957982016743,0.013877416157277384,0.02114653890632744,15.210446131849045,15.290974085098194,-0.884043594435286,-0.01205874399602807,-0.9293593844771656,-0.07849777853230314,우세,우세,우세,x,160,mid,R1-P1,5
Lena|x,-1.4849173257137207,-1.6933295497653904,1.7834473679563392,0.05800558321064351,-1.1215688767257044,1.929975225800222,0.5111514951263836,0.5785560878903023,15.290974085098194,16.775891410811916,-1.700329826029739,2.922368733129455,-1.178890076100299,3.1141794270141645,미결정,미결정,미결정,x,160,mid,P1-P0,5
Lena|x,-0.046856650748229,-0.7634052751729979,1.2013913870487105,0.12589060554068254,-0.6437999372575509,1.10446838800857,0.9687758136461259,0.1790847513629605,16.729034760063684,16.775891410811916,-1.468836210891073,1.1131960479998229,-1.3998990111647538,1.2110701585646275,미결정,미결정,미결정,x,160,mid,D0-P0,5
Lena|x,-1.565445278962868,-1.8733510646907763,1.5864547460106002,-0.20969919957481054,-1.335159399990273,1.6185827292653536,0.4173137287295556,0.6109367255906162,15.210446131849045,16.775891410811916,-1.7988335933249746,2.4510581901760484,-1.3668014687207308,2.6703543641586456,미결정,미결정,미결정,x,160,mid,R1-P0,5
Lena|x,-0.46227500397282206,-0.6929516776989411,0.08707082722468505,-0.35376330543519324,-0.6178554899793238,0.04898608266014395,0.11795803733685775,0.27060961506690895,16.31361640683909,16.775891410811916,-0.9147945453444678,0.2631255975190867,-0.7631300919106279,0.24574870804172932,미결정,동등,미결정,x,160,mid,R0-P0,5
Lena|x,0.04317503024577753,-0.6126966967633102,0.15640981294891826,-0.6306762021976837,-0.927768027037325,-0.3360302165079355,0.5485291174704823,0.805583350010006,17.663410974732948,17.62023594448717,-0.7829096687512181,0.18599549222193873,-1.0367129436866724,-0.2287710252358236,미결정,동등,미결정,x,160,far,R1-P1,5
Lena|x,-0.6658069171637123,-1.289112474797803,1.7779717163595334,1.4026185111073943,0.35027977181115105,2.4355715046839945,0.9375625375225135,0.9517710626375826,17.62023594448717,18.28604286165088,-1.2411677863498862,1.8937925410364198,-0.16110382893583322,2.809493222511286,미결정,미결정,미결정,x,160,far,P1-P0,5
Lena|x,1.3182025130636739,-0.9749338489765036,2.1918090183116212,-1.2657107867807262,-2.6883505869285798,0.14030035269972113,0.29917950770462276,0.8601160696417851,19.60424537471456,18.28604286165088,-1.0313332382757177,1.7998202001532242,-2.887554821506445,0.3321163254995705,미결정,미결정,미결정,x,160,far,D0-P0,5
Lena|x,-0.6226318869179348,-1.3852063986591048,1.481658425378616,0.7719423089097106,-0.16116043980372052,1.6645968623249863,0.8905343205923554,0.725435261156694,17.663410974732948,18.28604286165088,-1.1290961929979728,1.1675357066651808,-0.5159131514848947,1.891718845991632,미결정,미결정,미결정,x,160,far,R1-P0,5
Lena|x,-0.02455864330133508,-0.4688527124812922,0.20491917785417257,-0.3682898591965724,-0.6021701169613922,-0.1268198848545416,0.7428457074244547,0.13908345007004203,18.261484218349544,18.28604286165088,-0.44385603007819985,0.12456438722100822,-0.64108287320242,-0.13616099693313596,미결정,동등,미결정,x,160,far,R0-P0,5
Russia_C|x,-2.1622306598487087,,,-2.1411379674818365,,,,,54.34374044698457,56.50597110683327,,,,,판정 불가,판정 불가,판정 불가,x,-1,near,R1-P1,5
Russia_C|x,-0.6961586418031629,,,-0.6797930976349477,,,,,56.50597110683327,57.20212974863644,,,,,판정 불가,판정 불가,판정 불가,x,-1,near,P1-P0,5
Russia_C|x,2.843704834361314,,,2.8720824445196387,,,,,60.045834582997756,57.20212974863644,,,,,판정 불가,판정 불가,판정 불가,x,-1,near,D0-P0,5
Russia_C|x,-2.8583893016518713,,,-2.820931065116784,,,,,54.34374044698457,57.20212974863644,,,,,판정 불가,판정 불가,판정 불가,x,-1,near,R1-P0,5
Russia_C|x,-2.3365614663049383,,,-2.3171059765343798,,,,,54.8655682823315,57.20212974863644,,,,,판정 불가,판정 불가,판정 불가,x,-1,near,R0-P0,5
Russia_C|x,2.898927312254172,,,2.898927312254172,,,,,58.61490636385672,55.71597905160255,,,,,판정 불가,판정 불가,판정 불가,x,-1,mid,R1-P1,5
Russia_C|x,7.74374659523877,,,7.74374659523877,,,,,55.71597905160255,47.972232456363784,,,,,판정 불가,판정 불가,판정 불가,x,-1,mid,P1-P0,5
Russia_C|x,14.622992481190678,,,14.622992481190678,,,,,62.59522493755446,47.972232456363784,,,,,판정 불가,판정 불가,판정 불가,x,-1,mid,D0-P0,5
Russia_C|x,10.642673907492942,,,10.642673907492942,,,,,58.61490636385672,47.972232456363784,,,,,판정 불가,판정 불가,판정 불가,x,-1,mid,R1-P0,5
Russia_C|x,2.790279237471746,,,2.790279237471746,,,,,50.76251169383552,47.972232456363784,,,,,판정 불가,판정 불가,판정 불가,x,-1,mid,R0-P0,5
Russia_C|x,3.0392419301515003,,,3.0392419301515003,,,,,27.20554718455195,24.16630525440045,,,,,판정 불가,판정 불가,판정 불가,x,-1,far,R1-P1,5
Russia_C|x,6.092264437732112,,,6.092264437732112,,,,,24.16630525440045,18.074040816668333,,,,,판정 불가,판정 불가,판정 불가,x,-1,far,P1-P0,5
Russia_C|x,15.111303716051498,,,15.111303716051498,,,,,33.18534453271983,18.074040816668333,,,,,판정 불가,판정 불가,판정 불가,x,-1,far,D0-P0,5
Russia_C|x,9.131506367883613,,,9.131506367883613,,,,,27.20554718455195,18.074040816668333,,,,,판정 불가,판정 불가,판정 불가,x,-1,far,R1-P0,5
Russia_C|x,2.804935317138592,,,2.804935317138592,,,,,20.878976133806923,18.074040816668333,,,,,판정 불가,판정 불가,판정 불가,x,-1,far,R0-P0,5
Russia_E|x,1.5222566827894695,-0.27135956801271616,3.111579936339463,1.5849525183184299,-0.141757707849994,3.291956788134322,0.08971521322118932,0.883576803895529,46.605665849261094,45.08340916647163,-1.3748051839473714,4.227160707400542,-1.1730377247161397,4.306714849329685,미결정,미결정,미결정,x,-1,near,R1-P1,5
Russia_E|x,-2.5240293587925513,-3.14790790526706,-0.7450275828839646,-2.180956914790411,-3.2584997482856135,-0.6442791949507288,0.00206581083075107,0.9914416408440313,45.08340916647163,47.607438525264186,-3.616527046848116,0.28432845652852956,-3.4358546447000546,0.5336624633657454,우세,우세,미결정,x,-1,near,P1-P0,5
Russia_E|x,6.129900004049754,-1.0078076775215565,9.318711506465517,3.978285416841422,-1.3009812459588392,8.891868140794932,0.10122473070680242,0.9303526634203925,53.73733852931393,47.607438525264186,-4.828505551889103,11.156414729116927,-4.210738821034999,11.361075548922646,미결정,미결정,미결정,x,-1,near,D0-P0,5
Russia_E|x,-1.0017726760030818,-2.710400531044897,1.088635626458849,-0.5960043964719812,-2.536090066908794,1.2452178606862656,0.37479710786483694,0.6477792533569426,46.605665849261094,47.607438525264186,-3.9171006158898507,1.5906581476396395,-3.22668099459645,1.901833502003714,미결정,미결정,미결정,x,-1,near,R1-P0,5
Russia_E|x,0.886809184670095,-2.319014230654746,1.3683328131572146,-0.7819639480152485,-2.7031793851463233,0.9797194944240225,0.969750627121145,0.6070532684078501,48.49424770993427,47.607438525264186,-3.602679865992523,1.8829053629014112,-4.056150711259535,1.8894683918422928,미결정,미결정,미결정,x,-1,near,R0-P0,5
Russia_E|x,0.4623795282423277,-0.6459798399323311,1.8350037278157185,0.8065395793685977,-0.3412825541271733,1.9308685489885025,0.36468491139771414,0.7073503198070672,14.05326714802898,13.590887619786653,-0.7708132021513275,1.9302204781058514,-0.5853098167882034,1.9651742925849867,미결정,미결정,미결정,x,-1,mid,R1-P1,5
Russia_E|x,0.9794487754246031,-0.5863166314623389,3.490024053993956,1.951484355036677,-0.16869189825339154,3.5861284433137985,0.20446681346335324,0.9328929432735661,13.590887619786653,12.61143884436205,-0.7074317230960211,3.835125697761374,-0.21186167591697538,3.940227419838079,미결정,미결정,미결정,x,-1,mid,P1-P0,5
Russia_E|x,4.828066145236209,0.3691362177917657,11.326202451223812,6.044861797030016,1.222431229472817,11.744665735751779,0.030407885079165357,0.9884659746251442,17.439504989598255,12.61143884436205,0.26199527373598275,12.0064843837203,1.0495525877488634,12.187160872380577,열세,열세,열세,x,-1,mid,D0-P0,5
Russia_E|x,1.4418283036669308,-0.9574420810170765,4.986535025326936,2.7580239344052746,-0.2822034821129758,5.1618896170000825,0.21767851525636991,0.9422250183495858,14.05326714802898,12.61143884436205,-1.310767441570821,5.464434081240922,-0.5661452069995427,5.499905801909879,미결정,미결정,미결정,x,-1,mid,R1-P0,5
Russia_E|x,0.11222294349423798,-0.6281937917029387,1.755699192432689,0.7722731491617644,-0.29906279445126216,1.9457319435095017,0.5666352102338261,0.6808220614448988,12.723661787856287,12.61143884436205,-0.7066912675774848,1.881376340529155,-0.3728689693437924,2.1672737109783324,미결정,미결정,미결정,x,-1,mid,R0-P0,5
Russia_E|x,0.289666357105166,-0.2344412540412922,0.5984471914017206,0.11143952854057951,-0.33431352162487027,0.5251492931962454,0.18551752921535894,0.08336811352253756,11.01396487336595,10.724298516260784,-0.3341476690205557,0.6296609155867312,-0.362038307620277,0.48135573125678144,미결정,동등,미결정,x,-1,far,R1-P1,5
Russia_E|x,3.999545692399252,3.2024689110593743,4.5378658174560895,3.9361167612941514,2.86450332975335,4.655688895583977,0.00010434056761268782,1.0,10.724298516260784,6.7247528238615315,3.0473289744362613,4.859774304549743,2.6994940440720097,4.926374421832092,열세,열세,열세,x,-1,far,P1-P0,5
Russia_E|x,2.709358456299543,0.8368074523474217,3.7244466064822332,1.7965950623922864,0.31299026167859473,3.211712671453439,0.00333889816360601,0.9922787979966611,9.434111280161073,6.7247528238615315,-0.36276392527054296,4.183188249436615,-0.8184091634748698,3.856708189089527,열세,열세,미결정,x,-1,far,D0-P0,5
Russia_E|x,4.2892120495044175,3.32908629899214,4.894745993102935,4.0475562898347315,2.780018653416782,4.977202083878254,0.00010434056761268782,1.0,11.01396487336595,6.7247528238615315,3.3559424179762662,4.939293539999684,2.8489336439743242,4.958384965409177,열세,열세,열세,x,-1,far,R1-P0,5
Russia_E|x,0.2749728835933157,-0.013770588668157849,0.6286674744711258,0.3469409144529768,0.010993019344438944,0.6754296736591251,0.06197829716193656,0.1838480801335559,6.999725707454848,6.7247528238615315,-0.11233141535865024,0.6995213183021345,-0.15053780987131052,0.7873996588698849,미결정,동등,미결정,x,-1,far,R0-P0,5
Russia_E|x,1.133263635475504,-1.2708137129200918,1.8060356411117398,0.15635400499662602,-1.3495442277274183,1.6556759360690922,0.5005847953216375,0.5771929824561404,45.60045719241723,44.46719355694172,-2.0109215114256567,2.10475397744792,-1.9677215357968378,2.214995191652004,미결정,미결정,미결정,x,10,near,R1-P1,5
Russia_E|x,-1.681244276952023,-2.676456109048862,-0.9851642360844605,-1.7746465239970828,-2.713407155085554,-0.979893401873917,0.00011695906432748539,0.9978947368421053,44.46719355694172,46.14843783389375,-2.816826856601063,-0.5513374865737307,-2.832866543851227,-0.5715562538968424,우세,우세,우세,x,10,near,P1-P0,5
Russia_E|x,6.23297927285981,-0.9964655359632679,9.881046739174279,3.6790437622881975,-1.1491665159882312,9.10573388784788,0.09941520467836257,0.9347368421052632,52.38141710675357,46.14843783389375,-3.6261921341603216,11.96593809246911,-3.4414968684690947,12.222671590193132,미결정,미결정,미결정,x,10,near,D0-P0,5
Russia_E|x,-0.5479806414765193,-3.1947182232757574,0.34140027272296725,-1.6182925190004567,-3.3872168045930655,0.053076555911583743,0.13146198830409356,0.8872514619883041,45.60045719241723,46.14843783389375,-4.1350656944769515,0.8790270760364874,-4.133756119065415,0.7975447291778215,미결정,미결정,미결정,x,10,near,R1-P0,5
Russia_E|x,0.8229021031514208,-2.279076898576258,1.276741637311903,-0.7220049281839277,-2.5126038773324497,0.9285371055520273,0.9616374269005848,0.5716959064327486,46.97133993704517,46.14843783389375,-3.464539813883998,1.385757099367579,-3.557148146709369,1.3858811289047508,미결정,미결정,미결정,x,10,near,R0-P0,5
Russia_E|x,0.4479496862361355,-0.29080080381763107,1.4229899444798726,0.7041366836793186,-0.04334306359996251,1.487736231090823,0.21172703622173303,0.7015209125475285,16.311115300852546,15.863165614616412,-0.4791363907229639,1.6371905822568495,-0.24798330416068387,1.6830365892937167,미결정,미결정,미결정,x,10,mid,R1-P1,5
Russia_E|x,0.8855141715055195,0.03148862435151138,2.2179959472106847,1.251992654569778,0.296242829985629,2.125134815543304,0.042625575345207126,0.940264158495097,15.863165614616412,14.977651443110892,-0.10633475230495953,2.2702379616582378,0.12832004765926266,2.297442744290058,열세,열세,미결정,x,10,mid,P1-P0,5
Russia_E|x,3.216194547276301,0.993635448105266,7.338413482551263,4.096722794532758,1.5682686528637542,7.2940024734151585,0.005003001801080648,0.9976986191715029,18.193845990387196,14.977651443110892,0.43702783880035656,7.937913038399117,0.826006476636538,7.873582789059789,열세,열세,열세,x,10,mid,D0-P0,5
Russia_E|x,1.333463857741655,-0.026696853162903753,3.366539080264491,1.9561293382490963,0.507843011847239,3.302416160450441,0.055433259955973584,0.9754852911747048,16.311115300852546,14.977651443110892,-0.2925558069044195,3.6219664943789955,0.28726987929311265,3.446115695532021,미결정,미결정,미결정,x,10,mid,R1-P0,5
Russia_E|x,0.3049363617681303,-0.35104100275895644,1.2027118085635338,0.5572327552925265,-0.0718714605568243,1.194014966679196,0.32139283570142085,0.5687412447468481,15.282587804879023,14.977651443110892,-0.5141241854301825,1.4121055731856922,-0.28139201024983995,1.4193013830594867,미결정,미결정,미결정,x,10,mid,R0-P0,5
Russia_E|x,0.5642828145666428,0.29615333259845655,0.7881983744460339,0.5769870792281997,0.3114403732337706,0.8162155769682334,0.00020008003201280514,0.7259903961584634,9.074509963816201,8.510227149249557,0.22929340287612912,0.8268793504286903,0.24958796139250877,0.881341418584755,열세,열세,열세,x,10,far,R1-P1,5
Russia_E|x,1.8868708815515565,0.8607489222545563,2.303587006427841,1.4057413555628036,0.4821715666910936,2.1538949055204664,0.00040016006402561027,0.9953981592637055,8.510227149249557,6.623356267698,0.5088116397108691,2.391291828134921,0.1918684029017355,2.30764295661526,열세,열세,열세,x,10,far,P1-P0,5
Russia_E|x,3.6714174470774616,2.0514978380454507,4.9025545549506955,2.9363209307700275,1.590718791999863,4.444401542456617,0.00010004001600640257,1.0,10.294773714775463,6.623356267698,1.6658901608829109,5.193754327915397,1.2272411273834085,4.903011348695917,열세,열세,열세,x,10,far,D0-P0,5
Russia_E|x,2.4511536961181988,1.3901536844342168,2.881790281800061,1.982728434791003,1.0537170210740303,2.707442058992028,0.00010004001600640257,0.9998999599839936,9.074509963816201,6.623356267698,0.8886105197736729,2.91373786613625,0.7108637400248462,2.795697054094036,열세,열세,열세,x,10,far,R1-P0,5
Russia_E|x,0.4303454636229981,-0.2007940095859203,0.7240918390344607,0.3102482859338826,-0.24866633668768073,0.7270910857219675,0.11284513805522209,0.34813925570228094,7.053701731320999,6.623356267698,-0.3559866421886852,0.7864447518788023,-0.39844700571845865,0.8189264300189399,미결정,동등,미결정,x,10,far,R0-P0,5
Russia_W|x,-0.2648764734925283,-0.8799139142723681,0.9233077247604844,0.27072682912890433,-0.5582100474104572,1.0009409819144055,0.9553549034361676,0.290945573112616,24.518137395239112,24.78301386873164,-0.9424199132690405,0.9472028006591018,-0.612259897477927,0.981350598396425,미결정,미결정,미결정,x,-1,near,R1-P1,5
Russia_W|x,-13.454154668128016,-18.380172847948632,-10.170667412172698,-15.49922828169465,-19.7134861816508,-10.381478395686102,0.00012540757461750688,1.0,24.78301386873164,38.237168536859656,-18.497070482550164,-8.856718362320645,-20.074642342739345,-8.601157421899279,우세,우세,우세,x,-1,near,P1-P0,5
Russia_W|x,-0.016480967444237393,-3.4922207642054963,4.169162712189901,1.8222318292356683,-2.1948584032254588,4.893993974560368,0.7940807624780537,0.7796588913970404,38.22068756941542,38.237168536859656,-3.9553879374924175,4.35692942804716,-2.7125919392021696,5.117733389125395,미결정,미결정,미결정,x,-1,near,D0-P0,5
Russia_W|x,-13.719031141620544,-18.04424899081714,-9.91824719658045,-15.228501452565746,-19.240181795904594,-9.927662307123907,0.00012540757461750688,1.0,24.518137395239112,38.237168536859656,-18.313867500795396,-8.424406619647327,-19.737803152374624,-8.11464655884688,우세,우세,우세,x,-1,near,R1-P0,5
Russia_W|x,-0.14439758660863333,-0.8466284332999089,0.8775180669717141,0.4055931009222732,-0.49291013200867373,1.2885644672913805,0.928517682468021,0.4196137446701781,38.09277095025102,38.237168536859656,-0.9535867481460991,1.0443046227390889,-0.6114928217614389,1.4713452321224205,미결정,미결정,미결정,x,-1,near,R0-P0,5
Russia_W|x,-0.6785605151181116,-1.5843983779976847,0.4786521906309986,-0.20414008041672743,-1.2398184839199151,0.6206087173976658,0.34034293109026204,0.5503073439016499,23.948706083833613,24.627266598951728,-1.8225128950924647,0.6977935552075257,-1.510735357645054,0.8104537103750147,미결정,미결정,미결정,x,-1,mid,R1-P1,5
Russia_W|x,-10.325955642862834,-16.31460842789563,-3.292281908573072,-10.117635065751262,-17.009097466973625,-2.402808205894767,0.007548797584384773,0.9952550415183867,24.627266598951728,34.95322224181456,-18.680407387464868,-1.722555300323588,-18.85474276750995,-0.459310103931512,우세,우세,우세,x,-1,mid,P1-P0,5
Russia_W|x,-0.5678939841379694,-4.168568226483146,3.6265712064261146,0.29494687024602373,-3.7792012301141282,4.125368118990893,0.8644451633775477,0.4727704087134692,34.38532825767659,34.95322224181456,-5.973072250848977,4.556256687144431,-5.189397901937683,4.960376948834103,미결정,미결정,미결정,x,-1,mid,D0-P0,5
Russia_W|x,-11.004516157980945,-16.81238439163766,-3.6462132665270706,-10.32177514616799,-17.161014330728477,-2.6565661064111903,0.005607678205542975,0.9960099212768252,23.948706083833613,34.95322224181456,-19.14733652164184,-1.9098645999163202,-18.9682756172434,-0.6938946125360503,우세,우세,우세,x,-1,mid,R1-P0,5
Russia_W|x,-0.8207898604719901,-1.7649577906838345,0.24271024797374915,-0.5518363190204433,-1.6328358291990337,0.48124000456362853,0.13307451741615442,0.7177828103095008,34.13243238134257,34.95322224181456,-2.117308597857649,0.4431329179243502,-1.9061095480165728,0.6894847291478787,미결정,미결정,미결정,x,-1,mid,R0-P0,5
Russia_W|x,-0.6342990333867722,-1.514392304665102,0.18055462153284121,-0.5317130469315579,-1.4411073405395296,0.2670207476323341,0.12958541350119385,0.6144996744085088,34.49575813357468,35.13005716696146,-1.84427013673402,0.47195221461016085,-1.8006654536354,0.6783565227262939,미결정,미결정,미결정,x,-1,far,R1-P1,5
Russia_W|x,-16.242818144383495,-20.125713953367686,-14.763438400927022,-18.912519544355376,-21.327612647269603,-16.41650633152887,0.00010853049706967658,1.0,35.13005716696146,51.372875311344956,-21.341553740521984,-14.420166481241296,-22.24020766692412,-15.817225572025512,우세,우세,우세,x,-1,far,P1-P0,5
Russia_W|x,-0.5435699664818721,-4.168522183165548,4.445788460766395,1.640348974863543,-2.793719306207365,5.659424297417668,0.9763403516388105,0.6988278706316475,50.82930534486308,51.372875311344956,-5.946814081657829,7.694429420039043,-4.756620525661749,8.100762442730836,미결정,미결정,미결정,x,-1,far,D0-P0,5
Russia_W|x,-16.877117177770266,-20.582617048340555,-15.649427497114022,-19.444232591286937,-21.644554242093694,-17.180641972806253,0.00010853049706967658,1.0,34.49575813357468,51.372875311344956,-21.35068939851215,-15.35625688625466,-22.133593188457937,-16.776966136461617,우세,우세,우세,x,-1,far,R1-P0,5
Russia_W|x,-1.1479373492295473,-1.9246943893594344,-0.0682263965239905,-0.7739494857015728,-1.7311899510881852,0.21891462700648112,0.04080746689819839,0.8826785326676796,50.224937962115405,51.372875311344956,-2.1576551931590577,0.6929818943139047,-2.025219689546037,0.7968411187417918,미결정,미결정,미결정,x,-1,far,R0-P0,5
Russia_W|x,-0.2681657389526901,-0.8500244886284829,0.5999432811566862,0.19300233430976163,-0.5384547832404379,0.785128903845418,0.8247609461499749,0.21962757926522394,24.671126113601638,24.939291852554327,-0.8411972069066974,0.6195795815668835,-0.569177499261791,0.8051721609114482,미결정,동등,미결정,x,10,near,R1-P1,5
Russia_W|x,-11.88011142098905,-15.592532822031389,-8.55716323506728,-13.291718700514433,-16.751540815310214,-8.640071309968778,0.00010065425264217414,1.0,24.939291852554327,36.81940327354338,-16.487549568133886,-6.6820174725401875,-17.838100417102375,-6.46220215299606,우세,우세,우세,x,10,near,P1-P0,5
Russia_W|x,1.8591921572880188,-1.9344720394343982,5.165079592154968,2.6847988047187683,-1.2582825404729208,5.544358386582633,0.3031706089582285,0.8796175138399598,38.67859543083139,36.81940327354338,-1.9374771922841918,5.258646827109244,-1.5264441489242266,5.665480564368141,미결정,미결정,미결정,x,10,near,D0-P0,5
Russia_W|x,-12.148277159941738,-15.738076068487732,-8.576887861254852,-13.098716366204673,-16.53310813697007,-8.390779447270768,0.00010065425264217414,1.0,24.671126113601638,36.81940327354338,-16.636327363890192,-6.621819501037817,-17.6999046166752,-6.140030824186286,우세,우세,우세,x,10,near,R1-P0,5
Russia_W|x,-0.17946977110932494,-1.0816961161915029,0.7951481209573458,0.21009246153954209,-0.771955756451915,1.000882765167778,0.863613487669854,0.3123301459486663,36.639933502434054,36.81940327354338,-1.123587940098487,0.8392594679154144,-0.8732571712089906,1.0972539171285787,미결정,미결정,미결정,x,10,near,R0-P0,5
Russia_W|x,-0.7711778655594209,-1.5408109093882525,0.3169020729047897,-0.3971232221219651,-1.296400675811553,0.37008962216938784,0.2642835626066874,0.6149211768249824,28.205366589690907,28.97654445525033,-1.7286082083915895,0.47713834365017554,-1.4283772089035405,0.5025800800562303,미결정,미결정,미결정,x,10,mid,R1-P1,5
Russia_W|x,-10.200980919721454,-14.220414536744093,-5.12440431578804,-10.114393201304413,-14.642190940880173,-4.363936932989037,0.0006024701275228437,0.9995983532483181,28.97654445525033,39.17752537497178,-15.742088081873362,-3.9237496601499364,-15.834715760646558,-2.739708646350676,우세,우세,우세,x,10,mid,P1-P0,5
Russia_W|x,-0.6344126760636591,-4.195973708295125,3.333223447266086,-0.15475038626567966,-3.873574673741434,3.300803228804975,0.8187569033035446,0.4971382668942665,38.543112698908125,39.17752537497178,-5.544279103047111,4.872996053012753,-5.1004105572079546,4.9027100538595105,미결정,미결정,미결정,x,10,mid,D0-P0,5
Russia_W|x,-10.972158785280874,-14.886146177909833,-5.831978935902659,-10.51151642342638,-15.0060233520514,-4.975702521598119,0.0002008233758409479,0.9998995883120795,28.205366589690907,39.17752537497178,-16.31157497469628,-4.618536473783828,-16.21163219480282,-3.3829690261768066,우세,우세,우세,x,10,mid,R1-P0,5
Russia_W|x,-0.7925797692853755,-1.6123076732883135,0.2592676057532243,-0.5387156315293076,-1.4449341485410965,0.39832290559151323,0.16286775780700874,0.6921377648358269,38.38494560568641,39.17752537497178,-1.871448815912965,0.6703652490240685,-1.7183322683273274,0.7705948104783674,미결정,미결정,미결정,x,10,mid,R0-P0,5
Russia_W|x,-0.679799831082628,-1.6049128455019075,0.26290579807339226,-0.4412928477963106,-1.4187444804918081,0.4428925333303396,0.1696625670135604,0.6136865342163356,34.48443820692357,35.16423803800621,-1.852804513242151,0.6596349763595406,-1.7123251534040593,0.8165965771183149,미결정,미결정,미결정,x,10,far,R1-P1,5
Russia_W|x,-13.887370915400297,-16.8865186555991,-12.625370929960676,-15.95780189815444,-18.033123709570646,-13.77093364631873,0.00010511931041732366,1.0,35.16423803800621,49.0516089534065,-18.04906062026169,-12.10173708862056,-19.063827500917697,-12.992874051172167,우세,우세,우세,x,10,far,P1-P0,5
Russia_W|x,0.4656323521988142,-4.293880433063546,5.2613984091994705,1.6338939030346722,-3.517856566326072,6.144646531646471,0.709975822558604,0.6866393356459581,49.51724130560532,49.0516089534065,-6.026792218559629,7.633333612702857,-5.288579878598995,7.825980822330689,미결정,미결정,미결정,x,10,far,D0-P0,5
Russia_W|x,-14.567170746482924,-17.53270573079324,-13.325858957650993,-16.39909474595075,-18.431873100973064,-14.278925296647762,0.00010511931041732366,1.0,34.48443820692357,49.0516089534065,-18.256326466648414,-12.73932087940245,-19.059455108228494,-13.390595505796375,우세,우세,우세,x,10,far,R1-P0,5
Russia_W|x,-0.8879446461357403,-1.9088472961631293,0.17557754236099152,-0.7699818106940384,-1.8466382421609184,0.2822421372417372,0.10406811731315042,0.7458215074109114,48.16366430727076,49.0516089534065,-2.2611470547929775,0.7449491569707094,-2.203081459991126,0.7839484381628137,미결정,미결정,미결정,x,10,far,R0-P0,5
