,rmse,mae,n
IDW(거리),2.1717943690378942,1.6434962458534654,1574.0
RF(공변량만),1.5261123059092494,1.0641512400385114,1574.0
RF(전체),1.837888489974813,1.3240287344245167,1574.0
