proto,family,anchor,pseudo,resid,r,lam,rmse_mean,n_reg,name
half,analytic,cci,none,none,0.0,0.0,25.9035,2,위성제품
half,analytic,cci_cal,none,none,0.0,0.0,22.9905,2,위성제품(보정)
half,analytic,stefan,none,none,0.0,0.0,23.723,2,Stefan
half,analytic,stefan_cci,none,none,0.0,0.0,21.6775,2,Stefan+위성제품
half,analytic,stefan_cci_w,none,none,0.0,0.0,22.9115,2,Stefan+위성제품(가중학습)
half,anchored,stefan,cci,catboost,0.5,0.0,23.723,2,Stefan 앵커 + 부스팅 잔차(λ=0) · 위성제품 증강(r=0.5)
half,anchored,stefan,cci,catboost,0.5,0.25,22.3205,2,Stefan 앵커 + 부스팅 잔차(λ=0.25) · 위성제품 증강(r=0.5)
half,anchored,stefan,cci,catboost,0.5,0.5,21.816333333333333,2,Stefan 앵커 + 부스팅 잔차(λ=0.5) · 위성제품 증강(r=0.5)
half,anchored,stefan,cci,catboost,0.5,0.75,22.276666666666667,2,Stefan 앵커 + 부스팅 잔차(λ=0.75) · 위성제품 증강(r=0.5)
half,anchored,stefan,cci,catboost,0.5,1.0,23.634833333333333,2,Stefan 앵커 + 부스팅 잔차(λ=1) · 위성제품 증강(r=0.5)
half,anchored,stefan,cci,catboost,1.0,0.0,23.723,2,Stefan 앵커 + 부스팅 잔차(λ=0) · 위성제품 증강(r=1)
half,anchored,stefan,cci,catboost,1.0,0.25,22.353166666666667,2,Stefan 앵커 + 부스팅 잔차(λ=0.25) · 위성제품 증강(r=1)
half,anchored,stefan,cci,catboost,1.0,0.5,21.912333333333333,2,Stefan 앵커 + 부스팅 잔차(λ=0.5) · 위성제품 증강(r=1)
half,anchored,stefan,cci,catboost,1.0,0.75,22.460666666666665,2,Stefan 앵커 + 부스팅 잔차(λ=0.75) · 위성제품 증강(r=1)
half,anchored,stefan,cci,catboost,1.0,1.0,23.919666666666664,2,Stefan 앵커 + 부스팅 잔차(λ=1) · 위성제품 증강(r=1)
half,anchored,stefan,cci,catboost,2.0,0.0,23.723,2,Stefan 앵커 + 부스팅 잔차(λ=0) · 위성제품 증강(r=2)
half,anchored,stefan,cci,catboost,2.0,0.25,22.451999999999998,2,Stefan 앵커 + 부스팅 잔차(λ=0.25) · 위성제품 증강(r=2)
half,anchored,stefan,cci,catboost,2.0,0.5,22.106333333333332,2,Stefan 앵커 + 부스팅 잔차(λ=0.5) · 위성제품 증강(r=2)
half,anchored,stefan,cci,catboost,2.0,0.75,22.735666666666667,2,Stefan 앵커 + 부스팅 잔차(λ=0.75) · 위성제품 증강(r=2)
half,anchored,stefan,cci,catboost,2.0,1.0,24.257,2,Stefan 앵커 + 부스팅 잔차(λ=1) · 위성제품 증강(r=2)
half,anchored,stefan,cci,catboost,5.0,0.0,23.723,2,Stefan 앵커 + 부스팅 잔차(λ=0) · 위성제품 증강(r=5)
half,anchored,stefan,cci,catboost,5.0,0.25,22.442333333333337,2,Stefan 앵커 + 부스팅 잔차(λ=0.25) · 위성제품 증강(r=5)
half,anchored,stefan,cci,catboost,5.0,0.5,22.132833333333334,2,Stefan 앵커 + 부스팅 잔차(λ=0.5) · 위성제품 증강(r=5)
half,anchored,stefan,cci,catboost,5.0,0.75,22.84133333333333,2,Stefan 앵커 + 부스팅 잔차(λ=0.75) · 위성제품 증강(r=5)
half,anchored,stefan,cci,catboost,5.0,1.0,24.47266666666667,2,Stefan 앵커 + 부스팅 잔차(λ=1) · 위성제품 증강(r=5)
half,anchored,stefan,cci,catboost,10.0,0.0,23.723,2,Stefan 앵커 + 부스팅 잔차(λ=0) · 위성제품 증강(r=10)
half,anchored,stefan,cci,catboost,10.0,0.25,22.4065,2,Stefan 앵커 + 부스팅 잔차(λ=0.25) · 위성제품 증강(r=10)
half,anchored,stefan,cci,catboost,10.0,0.5,22.032833333333333,2,Stefan 앵커 + 부스팅 잔차(λ=0.5) · 위성제품 증강(r=10)
half,anchored,stefan,cci,catboost,10.0,0.75,22.653,2,Stefan 앵커 + 부스팅 잔차(λ=0.75) · 위성제품 증강(r=10)
half,anchored,stefan,cci,catboost,10.0,1.0,24.180833333333332,2,Stefan 앵커 + 부스팅 잔차(λ=1) · 위성제품 증강(r=10)
half,anchored,stefan,cci,mlp,1.0,0.0,23.723,2,Stefan 앵커 + 다층퍼셉트론 잔차(λ=0) · 위성제품 증강(r=1)
half,anchored,stefan,cci,mlp,1.0,0.25,21.324833333333334,2,Stefan 앵커 + 다층퍼셉트론 잔차(λ=0.25) · 위성제품 증강(r=1)
half,anchored,stefan,cci,mlp,1.0,0.5,22.887500000000003,2,Stefan 앵커 + 다층퍼셉트론 잔차(λ=0.5) · 위성제품 증강(r=1)
half,anchored,stefan,cci,mlp,1.0,0.75,27.551,2,Stefan 앵커 + 다층퍼셉트론 잔차(λ=0.75) · 위성제품 증강(r=1)
half,anchored,stefan,cci,mlp,1.0,1.0,33.9775,2,Stefan 앵커 + 다층퍼셉트론 잔차(λ=1) · 위성제품 증강(r=1)
half,anchored,stefan,cci,mlp,5.0,0.0,23.723,2,Stefan 앵커 + 다층퍼셉트론 잔차(λ=0) · 위성제품 증강(r=5)
half,anchored,stefan,cci,mlp,5.0,0.25,22.464333333333332,2,Stefan 앵커 + 다층퍼셉트론 잔차(λ=0.25) · 위성제품 증강(r=5)
half,anchored,stefan,cci,mlp,5.0,0.5,23.521,2,Stefan 앵커 + 다층퍼셉트론 잔차(λ=0.5) · 위성제품 증강(r=5)
half,anchored,stefan,cci,mlp,5.0,0.75,26.5185,2,Stefan 앵커 + 다층퍼셉트론 잔차(λ=0.75) · 위성제품 증강(r=5)
half,anchored,stefan,cci,mlp,5.0,1.0,30.832666666666665,2,Stefan 앵커 + 다층퍼셉트론 잔차(λ=1) · 위성제품 증강(r=5)
half,anchored,stefan,cci,mlp,10.0,0.0,23.723,2,Stefan 앵커 + 다층퍼셉트론 잔차(λ=0) · 위성제품 증강(r=10)
half,anchored,stefan,cci,mlp,10.0,0.25,22.251,2,Stefan 앵커 + 다층퍼셉트론 잔차(λ=0.25) · 위성제품 증강(r=10)
half,anchored,stefan,cci,mlp,10.0,0.5,22.086916666666667,2,Stefan 앵커 + 다층퍼셉트론 잔차(λ=0.5) · 위성제품 증강(r=10)
half,anchored,stefan,cci,mlp,10.0,0.75,23.25875,2,Stefan 앵커 + 다층퍼셉트론 잔차(λ=0.75) · 위성제품 증강(r=10)
half,anchored,stefan,cci,mlp,10.0,1.0,25.584249999999997,2,Stefan 앵커 + 다층퍼셉트론 잔차(λ=1) · 위성제품 증강(r=10)
half,anchored,stefan,cci,ridge,0.5,0.0,23.723,2,Stefan 앵커 + 선형 잔차(λ=0) · 위성제품 증강(r=0.5)
half,anchored,stefan,cci,ridge,0.5,0.25,22.771166666666666,2,Stefan 앵커 + 선형 잔차(λ=0.25) · 위성제품 증강(r=0.5)
half,anchored,stefan,cci,ridge,0.5,0.5,22.584833333333332,2,Stefan 앵커 + 선형 잔차(λ=0.5) · 위성제품 증강(r=0.5)
half,anchored,stefan,cci,ridge,0.5,0.75,23.18283333333333,2,Stefan 앵커 + 선형 잔차(λ=0.75) · 위성제품 증강(r=0.5)
half,anchored,stefan,cci,ridge,0.5,1.0,24.506333333333334,2,Stefan 앵커 + 선형 잔차(λ=1) · 위성제품 증강(r=0.5)
half,anchored,stefan,cci,ridge,1.0,0.0,23.723,2,Stefan 앵커 + 선형 잔차(λ=0) · 위성제품 증강(r=1)
half,anchored,stefan,cci,ridge,1.0,0.25,22.673833333333334,2,Stefan 앵커 + 선형 잔차(λ=0.25) · 위성제품 증강(r=1)
half,anchored,stefan,cci,ridge,1.0,0.5,22.535166666666665,2,Stefan 앵커 + 선형 잔차(λ=0.5) · 위성제품 증강(r=1)
half,anchored,stefan,cci,ridge,1.0,0.75,23.318833333333334,2,Stefan 앵커 + 선형 잔차(λ=0.75) · 위성제품 증강(r=1)
half,anchored,stefan,cci,ridge,1.0,1.0,24.932,2,Stefan 앵커 + 선형 잔차(λ=1) · 위성제품 증강(r=1)
half,anchored,stefan,cci,ridge,2.0,0.0,23.723,2,Stefan 앵커 + 선형 잔차(λ=0) · 위성제품 증강(r=2)
half,anchored,stefan,cci,ridge,2.0,0.25,22.51966666666667,2,Stefan 앵커 + 선형 잔차(λ=0.25) · 위성제품 증강(r=2)
half,anchored,stefan,cci,ridge,2.0,0.5,22.392,2,Stefan 앵커 + 선형 잔차(λ=0.5) · 위성제품 증강(r=2)
half,anchored,stefan,cci,ridge,2.0,0.75,23.349833333333333,2,Stefan 앵커 + 선형 잔차(λ=0.75) · 위성제품 증강(r=2)
half,anchored,stefan,cci,ridge,2.0,1.0,25.264666666666667,2,Stefan 앵커 + 선형 잔차(λ=1) · 위성제품 증강(r=2)
half,anchored,stefan,cci,ridge,5.0,0.0,23.723,2,Stefan 앵커 + 선형 잔차(λ=0) · 위성제품 증강(r=5)
half,anchored,stefan,cci,ridge,5.0,0.25,22.47716666666667,2,Stefan 앵커 + 선형 잔차(λ=0.25) · 위성제품 증강(r=5)
half,anchored,stefan,cci,ridge,5.0,0.5,22.4795,2,Stefan 앵커 + 선형 잔차(λ=0.5) · 위성제품 증강(r=5)
half,anchored,stefan,cci,ridge,5.0,0.75,23.718999999999998,2,Stefan 앵커 + 선형 잔차(λ=0.75) · 위성제품 증강(r=5)
half,anchored,stefan,cci,ridge,5.0,1.0,26.015333333333334,2,Stefan 앵커 + 선형 잔차(λ=1) · 위성제품 증강(r=5)
half,anchored,stefan,cci,ridge,10.0,0.0,23.723,2,Stefan 앵커 + 선형 잔차(λ=0) · 위성제품 증강(r=10)
half,anchored,stefan,cci,ridge,10.0,0.25,22.466499999999996,2,Stefan 앵커 + 선형 잔차(λ=0.25) · 위성제품 증강(r=10)
half,anchored,stefan,cci,ridge,10.0,0.5,22.538666666666668,2,Stefan 앵커 + 선형 잔차(λ=0.5) · 위성제품 증강(r=10)
half,anchored,stefan,cci,ridge,10.0,0.75,23.915166666666664,2,Stefan 앵커 + 선형 잔차(λ=0.75) · 위성제품 증강(r=10)
half,anchored,stefan,cci,ridge,10.0,1.0,26.386000000000003,2,Stefan 앵커 + 선형 잔차(λ=1) · 위성제품 증강(r=10)
half,anchored,stefan,none,catboost,0.0,0.0,23.723,2,Stefan 앵커 + 부스팅 잔차(λ=0)
half,anchored,stefan,none,catboost,0.0,0.25,23.878166666666665,2,Stefan 앵커 + 부스팅 잔차(λ=0.25)
half,anchored,stefan,none,catboost,0.0,0.5,24.189833333333333,2,Stefan 앵커 + 부스팅 잔차(λ=0.5)
half,anchored,stefan,none,catboost,0.0,0.75,24.645166666666668,2,Stefan 앵커 + 부스팅 잔차(λ=0.75)
half,anchored,stefan,none,catboost,0.0,1.0,25.232833333333332,2,Stefan 앵커 + 부스팅 잔차(λ=1)
half,anchored,stefan,none,ridge,0.0,0.0,23.723,2,Stefan 앵커 + 선형 잔차(λ=0)
half,anchored,stefan,none,ridge,0.0,0.25,24.886499999999998,2,Stefan 앵커 + 선형 잔차(λ=0.25)
half,anchored,stefan,none,ridge,0.0,0.5,26.7305,2,Stefan 앵커 + 선형 잔차(λ=0.5)
half,anchored,stefan,none,ridge,0.0,0.75,29.134,2,Stefan 앵커 + 선형 잔차(λ=0.75)
half,anchored,stefan,none,ridge,0.0,1.0,31.978500000000004,2,Stefan 앵커 + 선형 잔차(λ=1)
half,anchored,stefan,stefan,catboost,0.5,0.0,23.723,2,Stefan 앵커 + 부스팅 잔차(λ=0) · Stefan 증강(r=0.5)
half,anchored,stefan,stefan,catboost,0.5,0.25,23.796166666666664,2,Stefan 앵커 + 부스팅 잔차(λ=0.25) · Stefan 증강(r=0.5)
half,anchored,stefan,stefan,catboost,0.5,0.5,23.873166666666666,2,Stefan 앵커 + 부스팅 잔차(λ=0.5) · Stefan 증강(r=0.5)
half,anchored,stefan,stefan,catboost,0.5,0.75,23.95433333333333,2,Stefan 앵커 + 부스팅 잔차(λ=0.75) · Stefan 증강(r=0.5)
half,anchored,stefan,stefan,catboost,0.5,1.0,24.039,2,Stefan 앵커 + 부스팅 잔차(λ=1) · Stefan 증강(r=0.5)
half,anchored,stefan,stefan,catboost,1.0,0.0,23.723,2,Stefan 앵커 + 부스팅 잔차(λ=0) · Stefan 증강(r=1)
half,anchored,stefan,stefan,catboost,1.0,0.25,23.768166666666666,2,Stefan 앵커 + 부스팅 잔차(λ=0.25) · Stefan 증강(r=1)
half,anchored,stefan,stefan,catboost,1.0,0.5,23.81816666666667,2,Stefan 앵커 + 부스팅 잔차(λ=0.5) · Stefan 증강(r=1)
half,anchored,stefan,stefan,catboost,1.0,0.75,23.873333333333335,2,Stefan 앵커 + 부스팅 잔차(λ=0.75) · Stefan 증강(r=1)
half,anchored,stefan,stefan,catboost,1.0,1.0,23.933333333333334,2,Stefan 앵커 + 부스팅 잔차(λ=1) · Stefan 증강(r=1)
half,anchored,stefan,stefan,catboost,2.0,0.0,23.723,2,Stefan 앵커 + 부스팅 잔차(λ=0) · Stefan 증강(r=2)
half,anchored,stefan,stefan,catboost,2.0,0.25,23.698166666666665,2,Stefan 앵커 + 부스팅 잔차(λ=0.25) · Stefan 증강(r=2)
half,anchored,stefan,stefan,catboost,2.0,0.5,23.679833333333335,2,Stefan 앵커 + 부스팅 잔차(λ=0.5) · Stefan 증강(r=2)
half,anchored,stefan,stefan,catboost,2.0,0.75,23.667833333333334,2,Stefan 앵커 + 부스팅 잔차(λ=0.75) · Stefan 증강(r=2)
half,anchored,stefan,stefan,catboost,2.0,1.0,23.662166666666668,2,Stefan 앵커 + 부스팅 잔차(λ=1) · Stefan 증강(r=2)
half,anchored,stefan,stefan,catboost,5.0,0.0,23.723,2,Stefan 앵커 + 부스팅 잔차(λ=0) · Stefan 증강(r=5)
half,anchored,stefan,stefan,catboost,5.0,0.25,23.714333333333336,2,Stefan 앵커 + 부스팅 잔차(λ=0.25) · Stefan 증강(r=5)
half,anchored,stefan,stefan,catboost,5.0,0.5,23.712333333333333,2,Stefan 앵커 + 부스팅 잔차(λ=0.5) · Stefan 증강(r=5)
half,anchored,stefan,stefan,catboost,5.0,0.75,23.717,2,Stefan 앵커 + 부스팅 잔차(λ=0.75) · Stefan 증강(r=5)
half,anchored,stefan,stefan,catboost,5.0,1.0,23.728,2,Stefan 앵커 + 부스팅 잔차(λ=1) · Stefan 증강(r=5)
half,anchored,stefan,stefan,catboost,10.0,0.0,23.723,2,Stefan 앵커 + 부스팅 잔차(λ=0) · Stefan 증강(r=10)
half,anchored,stefan,stefan,catboost,10.0,0.25,23.664,2,Stefan 앵커 + 부스팅 잔차(λ=0.25) · Stefan 증강(r=10)
half,anchored,stefan,stefan,catboost,10.0,0.5,23.613500000000002,2,Stefan 앵커 + 부스팅 잔차(λ=0.5) · Stefan 증강(r=10)
half,anchored,stefan,stefan,catboost,10.0,0.75,23.57183333333333,2,Stefan 앵커 + 부스팅 잔차(λ=0.75) · Stefan 증강(r=10)
half,anchored,stefan,stefan,catboost,10.0,1.0,23.5385,2,Stefan 앵커 + 부스팅 잔차(λ=1) · Stefan 증강(r=10)
half,anchored,stefan,stefan,mlp,0.5,0.0,23.723,2,Stefan 앵커 + 다층퍼셉트론 잔차(λ=0) · Stefan 증강(r=0.5)
half,anchored,stefan,stefan,mlp,0.5,0.25,60.9885,2,Stefan 앵커 + 다층퍼셉트론 잔차(λ=0.25) · Stefan 증강(r=0.5)
half,anchored,stefan,stefan,mlp,0.5,0.5,105.76783333333334,2,Stefan 앵커 + 다층퍼셉트론 잔차(λ=0.5) · Stefan 증강(r=0.5)
half,anchored,stefan,stefan,mlp,0.5,0.75,151.17416666666665,2,Stefan 앵커 + 다층퍼셉트론 잔차(λ=0.75) · Stefan 증강(r=0.5)
half,anchored,stefan,stefan,mlp,0.5,1.0,196.75683333333333,2,Stefan 앵커 + 다층퍼셉트론 잔차(λ=1) · Stefan 증강(r=0.5)
half,anchored,stefan,stefan,mlp,2.0,0.0,23.723,2,Stefan 앵커 + 다층퍼셉트론 잔차(λ=0) · Stefan 증강(r=2)
half,anchored,stefan,stefan,mlp,2.0,0.25,35.7455,2,Stefan 앵커 + 다층퍼셉트론 잔차(λ=0.25) · Stefan 증강(r=2)
half,anchored,stefan,stefan,mlp,2.0,0.5,61.87483333333333,2,Stefan 앵커 + 다층퍼셉트론 잔차(λ=0.5) · Stefan 증강(r=2)
half,anchored,stefan,stefan,mlp,2.0,0.75,89.50583333333333,2,Stefan 앵커 + 다층퍼셉트론 잔차(λ=0.75) · Stefan 증강(r=2)
half,anchored,stefan,stefan,mlp,2.0,1.0,117.50800000000001,2,Stefan 앵커 + 다층퍼셉트론 잔차(λ=1) · Stefan 증강(r=2)
half,anchored,stefan,stefan,mlp,5.0,0.0,23.723,2,Stefan 앵커 + 다층퍼셉트론 잔차(λ=0) · Stefan 증강(r=5)
half,anchored,stefan,stefan,mlp,5.0,0.25,23.79725,2,Stefan 앵커 + 다층퍼셉트론 잔차(λ=0.25) · Stefan 증강(r=5)
half,anchored,stefan,stefan,mlp,5.0,0.5,23.87408333333333,2,Stefan 앵커 + 다층퍼셉트론 잔차(λ=0.5) · Stefan 증강(r=5)
half,anchored,stefan,stefan,mlp,5.0,0.75,23.952916666666667,2,Stefan 앵커 + 다층퍼셉트론 잔차(λ=0.75) · Stefan 증강(r=5)
half,anchored,stefan,stefan,mlp,5.0,1.0,24.035,2,Stefan 앵커 + 다층퍼셉트론 잔차(λ=1) · Stefan 증강(r=5)
half,anchored,stefan,stefan,mlp,10.0,0.0,23.723,2,Stefan 앵커 + 다층퍼셉트론 잔차(λ=0) · Stefan 증강(r=10)
half,anchored,stefan,stefan,mlp,10.0,0.25,40.30191666666666,2,Stefan 앵커 + 다층퍼셉트론 잔차(λ=0.25) · Stefan 증강(r=10)
half,anchored,stefan,stefan,mlp,10.0,0.5,65.47016666666667,2,Stefan 앵커 + 다층퍼셉트론 잔차(λ=0.5) · Stefan 증강(r=10)
half,anchored,stefan,stefan,mlp,10.0,0.75,91.0445,2,Stefan 앵커 + 다층퍼셉트론 잔차(λ=0.75) · Stefan 증강(r=10)
half,anchored,stefan,stefan,mlp,10.0,1.0,116.71691666666666,2,Stefan 앵커 + 다층퍼셉트론 잔차(λ=1) · Stefan 증강(r=10)
half,anchored,stefan,stefan,ridge,0.5,0.0,23.723,2,Stefan 앵커 + 선형 잔차(λ=0) · Stefan 증강(r=0.5)
half,anchored,stefan,stefan,ridge,0.5,0.25,24.151666666666667,2,Stefan 앵커 + 선형 잔차(λ=0.25) · Stefan 증강(r=0.5)
half,anchored,stefan,stefan,ridge,0.5,0.5,24.666666666666664,2,Stefan 앵커 + 선형 잔차(λ=0.5) · Stefan 증강(r=0.5)
half,anchored,stefan,stefan,ridge,0.5,0.75,25.25483333333333,2,Stefan 앵커 + 선형 잔차(λ=0.75) · Stefan 증강(r=0.5)
half,anchored,stefan,stefan,ridge,0.5,1.0,25.905166666666666,2,Stefan 앵커 + 선형 잔차(λ=1) · Stefan 증강(r=0.5)
half,anchored,stefan,stefan,ridge,1.0,0.0,23.723,2,Stefan 앵커 + 선형 잔차(λ=0) · Stefan 증강(r=1)
half,anchored,stefan,stefan,ridge,1.0,0.25,24.049500000000002,2,Stefan 앵커 + 선형 잔차(λ=0.25) · Stefan 증강(r=1)
half,anchored,stefan,stefan,ridge,1.0,0.5,24.430333333333333,2,Stefan 앵커 + 선형 잔차(λ=0.5) · Stefan 증강(r=1)
half,anchored,stefan,stefan,ridge,1.0,0.75,24.858666666666668,2,Stefan 앵커 + 선형 잔차(λ=0.75) · Stefan 증강(r=1)
half,anchored,stefan,stefan,ridge,1.0,1.0,25.32933333333333,2,Stefan 앵커 + 선형 잔차(λ=1) · Stefan 증강(r=1)
half,anchored,stefan,stefan,ridge,2.0,0.0,23.723,2,Stefan 앵커 + 선형 잔차(λ=0) · Stefan 증강(r=2)
half,anchored,stefan,stefan,ridge,2.0,0.25,23.862166666666667,2,Stefan 앵커 + 선형 잔차(λ=0.25) · Stefan 증강(r=2)
half,anchored,stefan,stefan,ridge,2.0,0.5,24.018166666666666,2,Stefan 앵커 + 선형 잔차(λ=0.5) · Stefan 증강(r=2)
half,anchored,stefan,stefan,ridge,2.0,0.75,24.19083333333333,2,Stefan 앵커 + 선형 잔차(λ=0.75) · Stefan 증강(r=2)
half,anchored,stefan,stefan,ridge,2.0,1.0,24.379333333333335,2,Stefan 앵커 + 선형 잔차(λ=1) · Stefan 증강(r=2)
half,anchored,stefan,stefan,ridge,5.0,0.0,23.723,2,Stefan 앵커 + 선형 잔차(λ=0) · Stefan 증강(r=5)
half,anchored,stefan,stefan,ridge,5.0,0.25,23.804833333333335,2,Stefan 앵커 + 선형 잔차(λ=0.25) · Stefan 증강(r=5)
half,anchored,stefan,stefan,ridge,5.0,0.5,23.895333333333333,2,Stefan 앵커 + 선형 잔차(λ=0.5) · Stefan 증강(r=5)
half,anchored,stefan,stefan,ridge,5.0,0.75,23.994500000000002,2,Stefan 앵커 + 선형 잔차(λ=0.75) · Stefan 증강(r=5)
half,anchored,stefan,stefan,ridge,5.0,1.0,24.1015,2,Stefan 앵커 + 선형 잔차(λ=1) · Stefan 증강(r=5)
half,anchored,stefan,stefan,ridge,10.0,0.0,23.723,2,Stefan 앵커 + 선형 잔차(λ=0) · Stefan 증강(r=10)
half,anchored,stefan,stefan,ridge,10.0,0.25,23.788833333333336,2,Stefan 앵커 + 선형 잔차(λ=0.25) · Stefan 증강(r=10)
half,anchored,stefan,stefan,ridge,10.0,0.5,23.860999999999997,2,Stefan 앵커 + 선형 잔차(λ=0.5) · Stefan 증강(r=10)
half,anchored,stefan,stefan,ridge,10.0,0.75,23.940333333333335,2,Stefan 앵커 + 선형 잔차(λ=0.75) · Stefan 증강(r=10)
half,anchored,stefan,stefan,ridge,10.0,1.0,24.0255,2,Stefan 앵커 + 선형 잔차(λ=1) · Stefan 증강(r=10)
half,anchored,stefan,stefan_cci,catboost,0.5,0.0,23.723,2,Stefan 앵커 + 부스팅 잔차(λ=0) · Stefan+위성 증강(r=0.5)
half,anchored,stefan,stefan_cci,catboost,0.5,0.25,22.877166666666668,2,Stefan 앵커 + 부스팅 잔차(λ=0.25) · Stefan+위성 증강(r=0.5)
half,anchored,stefan,stefan_cci,catboost,0.5,0.5,22.232,2,Stefan 앵커 + 부스팅 잔차(λ=0.5) · Stefan+위성 증강(r=0.5)
half,anchored,stefan,stefan_cci,catboost,0.5,0.75,21.806,2,Stefan 앵커 + 부스팅 잔차(λ=0.75) · Stefan+위성 증강(r=0.5)
half,anchored,stefan,stefan_cci,catboost,0.5,1.0,21.6125,2,Stefan 앵커 + 부스팅 잔차(λ=1) · Stefan+위성 증강(r=0.5)
half,anchored,stefan,stefan_cci,catboost,1.0,0.0,23.723,2,Stefan 앵커 + 부스팅 잔차(λ=0) · Stefan+위성 증강(r=1)
half,anchored,stefan,stefan_cci,catboost,1.0,0.25,23.008499999999998,2,Stefan 앵커 + 부스팅 잔차(λ=0.25) · Stefan+위성 증강(r=1)
half,anchored,stefan,stefan_cci,catboost,1.0,0.5,22.491333333333333,2,Stefan 앵커 + 부스팅 잔차(λ=0.5) · Stefan+위성 증강(r=1)
half,anchored,stefan,stefan_cci,catboost,1.0,0.75,22.186666666666667,2,Stefan 앵커 + 부스팅 잔차(λ=0.75) · Stefan+위성 증강(r=1)
half,anchored,stefan,stefan_cci,catboost,1.0,1.0,22.104666666666667,2,Stefan 앵커 + 부스팅 잔차(λ=1) · Stefan+위성 증강(r=1)
half,anchored,stefan,stefan_cci,catboost,2.0,0.0,23.723,2,Stefan 앵커 + 부스팅 잔차(λ=0) · Stefan+위성 증강(r=2)
half,anchored,stefan,stefan_cci,catboost,2.0,0.25,23.011833333333332,2,Stefan 앵커 + 부스팅 잔차(λ=0.25) · Stefan+위성 증강(r=2)
half,anchored,stefan,stefan_cci,catboost,2.0,0.5,22.506333333333334,2,Stefan 앵커 + 부스팅 잔차(λ=0.5) · Stefan+위성 증강(r=2)
half,anchored,stefan,stefan_cci,catboost,2.0,0.75,22.222833333333334,2,Stefan 앵커 + 부스팅 잔차(λ=0.75) · Stefan+위성 증강(r=2)
half,anchored,stefan,stefan_cci,catboost,2.0,1.0,22.171666666666667,2,Stefan 앵커 + 부스팅 잔차(λ=1) · Stefan+위성 증강(r=2)
half,anchored,stefan,stefan_cci,catboost,5.0,0.0,23.723,2,Stefan 앵커 + 부스팅 잔차(λ=0) · Stefan+위성 증강(r=5)
half,anchored,stefan,stefan_cci,catboost,5.0,0.25,22.938666666666666,2,Stefan 앵커 + 부스팅 잔차(λ=0.25) · Stefan+위성 증강(r=5)
half,anchored,stefan,stefan_cci,catboost,5.0,0.5,22.371,2,Stefan 앵커 + 부스팅 잔차(λ=0.5) · Stefan+위성 증강(r=5)
half,anchored,stefan,stefan_cci,catboost,5.0,0.75,22.037333333333333,2,Stefan 앵커 + 부스팅 잔차(λ=0.75) · Stefan+위성 증강(r=5)
half,anchored,stefan,stefan_cci,catboost,5.0,1.0,21.950166666666668,2,Stefan 앵커 + 부스팅 잔차(λ=1) · Stefan+위성 증강(r=5)
half,anchored,stefan,stefan_cci,catboost,10.0,0.0,23.723,2,Stefan 앵커 + 부스팅 잔차(λ=0) · Stefan+위성 증강(r=10)
half,anchored,stefan,stefan_cci,catboost,10.0,0.25,22.983666666666664,2,Stefan 앵커 + 부스팅 잔차(λ=0.25) · Stefan+위성 증강(r=10)
half,anchored,stefan,stefan_cci,catboost,10.0,0.5,22.448833333333333,2,Stefan 앵커 + 부스팅 잔차(λ=0.5) · Stefan+위성 증강(r=10)
half,anchored,stefan,stefan_cci,catboost,10.0,0.75,22.134333333333334,2,Stefan 앵커 + 부스팅 잔차(λ=0.75) · Stefan+위성 증강(r=10)
half,anchored,stefan,stefan_cci,catboost,10.0,1.0,22.051166666666667,2,Stefan 앵커 + 부스팅 잔차(λ=1) · Stefan+위성 증강(r=10)
half,anchored,stefan,stefan_cci,mlp,5.0,0.0,23.723,2,Stefan 앵커 + 다층퍼셉트론 잔차(λ=0) · Stefan+위성 증강(r=5)
half,anchored,stefan,stefan_cci,mlp,5.0,0.25,31.819999999999997,2,Stefan 앵커 + 다층퍼셉트론 잔차(λ=0.25) · Stefan+위성 증강(r=5)
half,anchored,stefan,stefan_cci,mlp,5.0,0.5,42.527,2,Stefan 앵커 + 다층퍼셉트론 잔차(λ=0.5) · Stefan+위성 증강(r=5)
half,anchored,stefan,stefan_cci,mlp,5.0,0.75,53.8225,2,Stefan 앵커 + 다층퍼셉트론 잔차(λ=0.75) · Stefan+위성 증강(r=5)
half,anchored,stefan,stefan_cci,mlp,5.0,1.0,65.53483333333332,2,Stefan 앵커 + 다층퍼셉트론 잔차(λ=1) · Stefan+위성 증강(r=5)
half,anchored,stefan,stefan_cci,mlp,10.0,0.0,23.723,2,Stefan 앵커 + 다층퍼셉트론 잔차(λ=0) · Stefan+위성 증강(r=10)
half,anchored,stefan,stefan_cci,mlp,10.0,0.25,22.92283333333333,2,Stefan 앵커 + 다층퍼셉트론 잔차(λ=0.25) · Stefan+위성 증강(r=10)
half,anchored,stefan,stefan_cci,mlp,10.0,0.5,22.423,2,Stefan 앵커 + 다층퍼셉트론 잔차(λ=0.5) · Stefan+위성 증강(r=10)
half,anchored,stefan,stefan_cci,mlp,10.0,0.75,22.244,2,Stefan 앵커 + 다층퍼셉트론 잔차(λ=0.75) · Stefan+위성 증강(r=10)
half,anchored,stefan,stefan_cci,mlp,10.0,1.0,22.393666666666668,2,Stefan 앵커 + 다층퍼셉트론 잔차(λ=1) · Stefan+위성 증강(r=10)
half,anchored,stefan,stefan_cci,ridge,0.5,0.0,23.723,2,Stefan 앵커 + 선형 잔차(λ=0) · Stefan+위성 증강(r=0.5)
half,anchored,stefan,stefan_cci,ridge,0.5,0.25,23.361,2,Stefan 앵커 + 선형 잔차(λ=0.25) · Stefan+위성 증강(r=0.5)
half,anchored,stefan,stefan_cci,ridge,0.5,0.5,23.212833333333336,2,Stefan 앵커 + 선형 잔차(λ=0.5) · Stefan+위성 증강(r=0.5)
half,anchored,stefan,stefan_cci,ridge,0.5,0.75,23.283333333333335,2,Stefan 앵커 + 선형 잔차(λ=0.75) · Stefan+위성 증강(r=0.5)
half,anchored,stefan,stefan_cci,ridge,0.5,1.0,23.57183333333333,2,Stefan 앵커 + 선형 잔차(λ=1) · Stefan+위성 증강(r=0.5)
half,anchored,stefan,stefan_cci,ridge,1.0,0.0,23.723,2,Stefan 앵커 + 선형 잔차(λ=0) · Stefan+위성 증강(r=1)
half,anchored,stefan,stefan_cci,ridge,1.0,0.25,23.242833333333337,2,Stefan 앵커 + 선형 잔차(λ=0.25) · Stefan+위성 증강(r=1)
half,anchored,stefan,stefan_cci,ridge,1.0,0.5,22.98966666666667,2,Stefan 앵커 + 선형 잔차(λ=0.5) · Stefan+위성 증강(r=1)
half,anchored,stefan,stefan_cci,ridge,1.0,0.75,22.972499999999997,2,Stefan 앵커 + 선형 잔차(λ=0.75) · Stefan+위성 증강(r=1)
half,anchored,stefan,stefan_cci,ridge,1.0,1.0,23.192833333333333,2,Stefan 앵커 + 선형 잔차(λ=1) · Stefan+위성 증강(r=1)
half,anchored,stefan,stefan_cci,ridge,2.0,0.0,23.723,2,Stefan 앵커 + 선형 잔차(λ=0) · Stefan+위성 증강(r=2)
half,anchored,stefan,stefan_cci,ridge,2.0,0.25,23.0545,2,Stefan 앵커 + 선형 잔차(λ=0.25) · Stefan+위성 증강(r=2)
half,anchored,stefan,stefan_cci,ridge,2.0,0.5,22.633166666666664,2,Stefan 앵커 + 선형 잔차(λ=0.5) · Stefan+위성 증강(r=2)
half,anchored,stefan,stefan_cci,ridge,2.0,0.75,22.47233333333333,2,Stefan 앵커 + 선형 잔차(λ=0.75) · Stefan+위성 증강(r=2)
half,anchored,stefan,stefan_cci,ridge,2.0,1.0,22.576,2,Stefan 앵커 + 선형 잔차(λ=1) · Stefan+위성 증강(r=2)
half,anchored,stefan,stefan_cci,ridge,5.0,0.0,23.723,2,Stefan 앵커 + 선형 잔차(λ=0) · Stefan+위성 증강(r=5)
half,anchored,stefan,stefan_cci,ridge,5.0,0.25,22.988333333333333,2,Stefan 앵커 + 선형 잔차(λ=0.25) · Stefan+위성 증강(r=5)
half,anchored,stefan,stefan_cci,ridge,5.0,0.5,22.546666666666667,2,Stefan 앵커 + 선형 잔차(λ=0.5) · Stefan+위성 증강(r=5)
half,anchored,stefan,stefan_cci,ridge,5.0,0.75,22.4145,2,Stefan 앵커 + 선형 잔차(λ=0.75) · Stefan+위성 증강(r=5)
half,anchored,stefan,stefan_cci,ridge,5.0,1.0,22.595,2,Stefan 앵커 + 선형 잔차(λ=1) · Stefan+위성 증강(r=5)
half,anchored,stefan,stefan_cci,ridge,10.0,0.0,23.723,2,Stefan 앵커 + 선형 잔차(λ=0) · Stefan+위성 증강(r=10)
half,anchored,stefan,stefan_cci,ridge,10.0,0.25,22.967,2,Stefan 앵커 + 선형 잔차(λ=0.25) · Stefan+위성 증강(r=10)
half,anchored,stefan,stefan_cci,ridge,10.0,0.5,22.526666666666667,2,Stefan 앵커 + 선형 잔차(λ=0.5) · Stefan+위성 증강(r=10)
half,anchored,stefan,stefan_cci,ridge,10.0,0.75,22.419166666666666,2,Stefan 앵커 + 선형 잔차(λ=0.75) · Stefan+위성 증강(r=10)
half,anchored,stefan,stefan_cci,ridge,10.0,1.0,22.647000000000002,2,Stefan 앵커 + 선형 잔차(λ=1) · Stefan+위성 증강(r=10)
half,anchored,stefan_cci,cci,catboost,0.5,0.0,21.6775,2,Stefan+위성제품 앵커 + 부스팅 잔차(λ=0) · 위성제품 증강(r=0.5)
half,anchored,stefan_cci,cci,catboost,0.5,0.25,21.8375,2,Stefan+위성제품 앵커 + 부스팅 잔차(λ=0.25) · 위성제품 증강(r=0.5)
half,anchored,stefan_cci,cci,catboost,0.5,0.5,22.2135,2,Stefan+위성제품 앵커 + 부스팅 잔차(λ=0.5) · 위성제품 증강(r=0.5)
half,anchored,stefan_cci,cci,catboost,0.5,0.75,22.79483333333333,2,Stefan+위성제품 앵커 + 부스팅 잔차(λ=0.75) · 위성제품 증강(r=0.5)
half,anchored,stefan_cci,cci,catboost,0.5,1.0,23.566499999999998,2,Stefan+위성제품 앵커 + 부스팅 잔차(λ=1) · 위성제품 증강(r=0.5)
half,anchored,stefan_cci,cci,catboost,1.0,0.0,21.6775,2,Stefan+위성제품 앵커 + 부스팅 잔차(λ=0) · 위성제품 증강(r=1)
half,anchored,stefan_cci,cci,catboost,1.0,0.25,21.796833333333332,2,Stefan+위성제품 앵커 + 부스팅 잔차(λ=0.25) · 위성제품 증강(r=1)
half,anchored,stefan_cci,cci,catboost,1.0,0.5,22.158166666666666,2,Stefan+위성제품 앵커 + 부스팅 잔차(λ=0.5) · 위성제품 증강(r=1)
half,anchored,stefan_cci,cci,catboost,1.0,0.75,22.750666666666667,2,Stefan+위성제품 앵커 + 부스팅 잔차(λ=0.75) · 위성제품 증강(r=1)
half,anchored,stefan_cci,cci,catboost,1.0,1.0,23.55633333333333,2,Stefan+위성제품 앵커 + 부스팅 잔차(λ=1) · 위성제품 증강(r=1)
half,anchored,stefan_cci,cci,catboost,2.0,0.0,21.6775,2,Stefan+위성제품 앵커 + 부스팅 잔차(λ=0) · 위성제품 증강(r=2)
half,anchored,stefan_cci,cci,catboost,2.0,0.25,21.830833333333334,2,Stefan+위성제품 앵커 + 부스팅 잔차(λ=0.25) · 위성제품 증강(r=2)
half,anchored,stefan_cci,cci,catboost,2.0,0.5,22.310166666666667,2,Stefan+위성제품 앵커 + 부스팅 잔차(λ=0.5) · 위성제품 증강(r=2)
half,anchored,stefan_cci,cci,catboost,2.0,0.75,23.095,2,Stefan+위성제품 앵커 + 부스팅 잔차(λ=0.75) · 위성제품 증강(r=2)
half,anchored,stefan_cci,cci,catboost,2.0,1.0,24.1555,2,Stefan+위성제품 앵커 + 부스팅 잔차(λ=1) · 위성제품 증강(r=2)
half,anchored,stefan_cci,cci,catboost,5.0,0.0,21.6775,2,Stefan+위성제품 앵커 + 부스팅 잔차(λ=0) · 위성제품 증강(r=5)
half,anchored,stefan_cci,cci,catboost,5.0,0.25,21.949,2,Stefan+위성제품 앵커 + 부스팅 잔차(λ=0.25) · 위성제품 증강(r=5)
half,anchored,stefan_cci,cci,catboost,5.0,0.5,22.4925,2,Stefan+위성제품 앵커 + 부스팅 잔차(λ=0.5) · 위성제품 증강(r=5)
half,anchored,stefan_cci,cci,catboost,5.0,0.75,23.289,2,Stefan+위성제품 앵커 + 부스팅 잔차(λ=0.75) · 위성제품 증강(r=5)
half,anchored,stefan_cci,cci,catboost,5.0,1.0,24.314333333333337,2,Stefan+위성제품 앵커 + 부스팅 잔차(λ=1) · 위성제품 증강(r=5)
half,anchored,stefan_cci,cci,catboost,10.0,0.0,21.6775,2,Stefan+위성제품 앵커 + 부스팅 잔차(λ=0) · 위성제품 증강(r=10)
half,anchored,stefan_cci,cci,catboost,10.0,0.25,21.970333333333333,2,Stefan+위성제품 앵커 + 부스팅 잔차(λ=0.25) · 위성제품 증강(r=10)
half,anchored,stefan_cci,cci,catboost,10.0,0.5,22.532,2,Stefan+위성제품 앵커 + 부스팅 잔차(λ=0.5) · 위성제품 증강(r=10)
half,anchored,stefan_cci,cci,catboost,10.0,0.75,23.344,2,Stefan+위성제품 앵커 + 부스팅 잔차(λ=0.75) · 위성제품 증강(r=10)
half,anchored,stefan_cci,cci,catboost,10.0,1.0,24.381500000000003,2,Stefan+위성제품 앵커 + 부스팅 잔차(λ=1) · 위성제품 증강(r=10)
half,anchored,stefan_cci,cci,mlp,5.0,0.0,21.6775,2,Stefan+위성제품 앵커 + 다층퍼셉트론 잔차(λ=0) · 위성제품 증강(r=5)
half,anchored,stefan_cci,cci,mlp,5.0,0.25,22.112333333333332,2,Stefan+위성제품 앵커 + 다층퍼셉트론 잔차(λ=0.25) · 위성제품 증강(r=5)
half,anchored,stefan_cci,cci,mlp,5.0,0.5,22.853749999999998,2,Stefan+위성제품 앵커 + 다층퍼셉트론 잔차(λ=0.5) · 위성제품 증강(r=5)
half,anchored,stefan_cci,cci,mlp,5.0,0.75,23.87375,2,Stefan+위성제품 앵커 + 다층퍼셉트론 잔차(λ=0.75) · 위성제품 증강(r=5)
half,anchored,stefan_cci,cci,mlp,5.0,1.0,25.13925,2,Stefan+위성제품 앵커 + 다층퍼셉트론 잔차(λ=1) · 위성제품 증강(r=5)
half,anchored,stefan_cci,cci,mlp,10.0,0.0,21.6775,2,Stefan+위성제품 앵커 + 다층퍼셉트론 잔차(λ=0) · 위성제품 증강(r=10)
half,anchored,stefan_cci,cci,mlp,10.0,0.25,22.103499999999997,2,Stefan+위성제품 앵커 + 다층퍼셉트론 잔차(λ=0.25) · 위성제품 증강(r=10)
half,anchored,stefan_cci,cci,mlp,10.0,0.5,22.859833333333334,2,Stefan+위성제품 앵커 + 다층퍼셉트론 잔차(λ=0.5) · 위성제품 증강(r=10)
half,anchored,stefan_cci,cci,mlp,10.0,0.75,23.915249999999997,2,Stefan+위성제품 앵커 + 다층퍼셉트론 잔차(λ=0.75) · 위성제품 증강(r=10)
half,anchored,stefan_cci,cci,mlp,10.0,1.0,25.231833333333334,2,Stefan+위성제품 앵커 + 다층퍼셉트론 잔차(λ=1) · 위성제품 증강(r=10)
half,anchored,stefan_cci,cci,ridge,0.5,0.0,21.6775,2,Stefan+위성제품 앵커 + 선형 잔차(λ=0) · 위성제품 증강(r=0.5)
half,anchored,stefan_cci,cci,ridge,0.5,0.25,21.965666666666667,2,Stefan+위성제품 앵커 + 선형 잔차(λ=0.25) · 위성제품 증강(r=0.5)
half,anchored,stefan_cci,cci,ridge,0.5,0.5,22.394166666666667,2,Stefan+위성제품 앵커 + 선형 잔차(λ=0.5) · 위성제품 증강(r=0.5)
half,anchored,stefan_cci,cci,ridge,0.5,0.75,22.954666666666665,2,Stefan+위성제품 앵커 + 선형 잔차(λ=0.75) · 위성제품 증강(r=0.5)
half,anchored,stefan_cci,cci,ridge,0.5,1.0,23.637666666666668,2,Stefan+위성제품 앵커 + 선형 잔차(λ=1) · 위성제품 증강(r=0.5)
half,anchored,stefan_cci,cci,ridge,1.0,0.0,21.6775,2,Stefan+위성제품 앵커 + 선형 잔차(λ=0) · 위성제품 증강(r=1)
half,anchored,stefan_cci,cci,ridge,1.0,0.25,22.038333333333334,2,Stefan+위성제품 앵커 + 선형 잔차(λ=0.25) · 위성제품 증강(r=1)
half,anchored,stefan_cci,cci,ridge,1.0,0.5,22.568666666666665,2,Stefan+위성제품 앵커 + 선형 잔차(λ=0.5) · 위성제품 증강(r=1)
half,anchored,stefan_cci,cci,ridge,1.0,0.75,23.256666666666668,2,Stefan+위성제품 앵커 + 선형 잔차(λ=0.75) · 위성제품 증강(r=1)
half,anchored,stefan_cci,cci,ridge,1.0,1.0,24.088833333333334,2,Stefan+위성제품 앵커 + 선형 잔차(λ=1) · 위성제품 증강(r=1)
half,anchored,stefan_cci,cci,ridge,2.0,0.0,21.6775,2,Stefan+위성제품 앵커 + 선형 잔차(λ=0) · 위성제품 증강(r=2)
half,anchored,stefan_cci,cci,ridge,2.0,0.25,22.067833333333333,2,Stefan+위성제품 앵커 + 선형 잔차(λ=0.25) · 위성제품 증강(r=2)
half,anchored,stefan_cci,cci,ridge,2.0,0.5,22.671,2,Stefan+위성제품 앵커 + 선형 잔차(λ=0.5) · 위성제품 증강(r=2)
half,anchored,stefan_cci,cci,ridge,2.0,0.75,23.4695,2,Stefan+위성제품 앵커 + 선형 잔차(λ=0.75) · 위성제품 증강(r=2)
half,anchored,stefan_cci,cci,ridge,2.0,1.0,24.442833333333333,2,Stefan+위성제품 앵커 + 선형 잔차(λ=1) · 위성제품 증강(r=2)
half,anchored,stefan_cci,cci,ridge,5.0,0.0,21.6775,2,Stefan+위성제품 앵커 + 선형 잔차(λ=0) · 위성제품 증강(r=5)
half,anchored,stefan_cci,cci,ridge,5.0,0.25,22.175,2,Stefan+위성제품 앵커 + 선형 잔차(λ=0.25) · 위성제품 증강(r=5)
half,anchored,stefan_cci,cci,ridge,5.0,0.5,22.953,2,Stefan+위성제품 앵커 + 선형 잔차(λ=0.5) · 위성제품 증강(r=5)
half,anchored,stefan_cci,cci,ridge,5.0,0.75,23.982,2,Stefan+위성제품 앵커 + 선형 잔차(λ=0.75) · 위성제품 증강(r=5)
half,anchored,stefan_cci,cci,ridge,5.0,1.0,25.23,2,Stefan+위성제품 앵커 + 선형 잔차(λ=1) · 위성제품 증강(r=5)
half,anchored,stefan_cci,cci,ridge,10.0,0.0,21.6775,2,Stefan+위성제품 앵커 + 선형 잔차(λ=0) · 위성제품 증강(r=10)
half,anchored,stefan_cci,cci,ridge,10.0,0.25,22.23,2,Stefan+위성제품 앵커 + 선형 잔차(λ=0.25) · 위성제품 증강(r=10)
half,anchored,stefan_cci,cci,ridge,10.0,0.5,23.096333333333334,2,Stefan+위성제품 앵커 + 선형 잔차(λ=0.5) · 위성제품 증강(r=10)
half,anchored,stefan_cci,cci,ridge,10.0,0.75,24.240166666666667,2,Stefan+위성제품 앵커 + 선형 잔차(λ=0.75) · 위성제품 증강(r=10)
half,anchored,stefan_cci,cci,ridge,10.0,1.0,25.622500000000002,2,Stefan+위성제품 앵커 + 선형 잔차(λ=1) · 위성제품 증강(r=10)
half,anchored,stefan_cci,none,catboost,0.0,0.0,21.6775,2,Stefan+위성제품 앵커 + 부스팅 잔차(λ=0)
half,anchored,stefan_cci,none,catboost,0.0,0.25,21.745333333333335,2,Stefan+위성제품 앵커 + 부스팅 잔차(λ=0.25)
half,anchored,stefan_cci,none,catboost,0.0,0.5,22.328166666666664,2,Stefan+위성제품 앵커 + 부스팅 잔차(λ=0.5)
half,anchored,stefan_cci,none,catboost,0.0,0.75,23.31066666666667,2,Stefan+위성제품 앵커 + 부스팅 잔차(λ=0.75)
half,anchored,stefan_cci,none,catboost,0.0,1.0,24.584000000000003,2,Stefan+위성제품 앵커 + 부스팅 잔차(λ=1)
half,anchored,stefan_cci,none,ridge,0.0,0.0,21.6775,2,Stefan+위성제품 앵커 + 선형 잔차(λ=0)
half,anchored,stefan_cci,none,ridge,0.0,0.25,22.241500000000002,2,Stefan+위성제품 앵커 + 선형 잔차(λ=0.25)
half,anchored,stefan_cci,none,ridge,0.0,0.5,24.201999999999998,2,Stefan+위성제품 앵커 + 선형 잔차(λ=0.5)
half,anchored,stefan_cci,none,ridge,0.0,0.75,27.242,2,Stefan+위성제품 앵커 + 선형 잔차(λ=0.75)
half,anchored,stefan_cci,none,ridge,0.0,1.0,31.018,2,Stefan+위성제품 앵커 + 선형 잔차(λ=1)
half,anchored,stefan_cci,stefan,catboost,0.5,0.0,21.6775,2,Stefan+위성제품 앵커 + 부스팅 잔차(λ=0) · Stefan 증강(r=0.5)
half,anchored,stefan_cci,stefan,catboost,0.5,0.25,21.770333333333333,2,Stefan+위성제품 앵커 + 부스팅 잔차(λ=0.25) · Stefan 증강(r=0.5)
half,anchored,stefan_cci,stefan,catboost,0.5,0.5,22.240333333333332,2,Stefan+위성제품 앵커 + 부스팅 잔차(λ=0.5) · Stefan 증강(r=0.5)
half,anchored,stefan_cci,stefan,catboost,0.5,0.75,23.064833333333336,2,Stefan+위성제품 앵커 + 부스팅 잔차(λ=0.75) · Stefan 증강(r=0.5)
half,anchored,stefan_cci,stefan,catboost,0.5,1.0,24.20666666666667,2,Stefan+위성제품 앵커 + 부스팅 잔차(λ=1) · Stefan 증강(r=0.5)
half,anchored,stefan_cci,stefan,catboost,1.0,0.0,21.6775,2,Stefan+위성제품 앵커 + 부스팅 잔차(λ=0) · Stefan 증강(r=1)
half,anchored,stefan_cci,stefan,catboost,1.0,0.25,21.800333333333334,2,Stefan+위성제품 앵커 + 부스팅 잔차(λ=0.25) · Stefan 증강(r=1)
half,anchored,stefan_cci,stefan,catboost,1.0,0.5,22.3315,2,Stefan+위성제품 앵커 + 부스팅 잔차(λ=0.5) · Stefan 증강(r=1)
half,anchored,stefan_cci,stefan,catboost,1.0,0.75,23.243,2,Stefan+위성제품 앵커 + 부스팅 잔차(λ=0.75) · Stefan 증강(r=1)
half,anchored,stefan_cci,stefan,catboost,1.0,1.0,24.493166666666667,2,Stefan+위성제품 앵커 + 부스팅 잔차(λ=1) · Stefan 증강(r=1)
half,anchored,stefan_cci,stefan,catboost,2.0,0.0,21.6775,2,Stefan+위성제품 앵커 + 부스팅 잔차(λ=0) · Stefan 증강(r=2)
half,anchored,stefan_cci,stefan,catboost,2.0,0.25,21.779333333333334,2,Stefan+위성제품 앵커 + 부스팅 잔차(λ=0.25) · Stefan 증강(r=2)
half,anchored,stefan_cci,stefan,catboost,2.0,0.5,22.286166666666666,2,Stefan+위성제품 앵커 + 부스팅 잔차(λ=0.5) · Stefan 증강(r=2)
half,anchored,stefan_cci,stefan,catboost,2.0,0.75,23.170333333333335,2,Stefan+위성제품 앵커 + 부스팅 잔차(λ=0.75) · Stefan 증강(r=2)
half,anchored,stefan_cci,stefan,catboost,2.0,1.0,24.392166666666668,2,Stefan+위성제품 앵커 + 부스팅 잔차(λ=1) · Stefan 증강(r=2)
half,anchored,stefan_cci,stefan,catboost,5.0,0.0,21.6775,2,Stefan+위성제품 앵커 + 부스팅 잔차(λ=0) · Stefan 증강(r=5)
half,anchored,stefan_cci,stefan,catboost,5.0,0.25,21.7625,2,Stefan+위성제품 앵커 + 부스팅 잔차(λ=0.25) · Stefan 증강(r=5)
half,anchored,stefan_cci,stefan,catboost,5.0,0.5,22.218333333333334,2,Stefan+위성제품 앵커 + 부스팅 잔차(λ=0.5) · Stefan 증강(r=5)
half,anchored,stefan_cci,stefan,catboost,5.0,0.75,23.02283333333333,2,Stefan+위성제품 앵커 + 부스팅 잔차(λ=0.75) · Stefan 증강(r=5)
half,anchored,stefan_cci,stefan,catboost,5.0,1.0,24.141166666666667,2,Stefan+위성제품 앵커 + 부스팅 잔차(λ=1) · Stefan 증강(r=5)
half,anchored,stefan_cci,stefan,catboost,10.0,0.0,21.6775,2,Stefan+위성제품 앵커 + 부스팅 잔차(λ=0) · Stefan 증강(r=10)
half,anchored,stefan_cci,stefan,catboost,10.0,0.25,21.754,2,Stefan+위성제품 앵커 + 부스팅 잔차(λ=0.25) · Stefan 증강(r=10)
half,anchored,stefan_cci,stefan,catboost,10.0,0.5,22.173,2,Stefan+위성제품 앵커 + 부스팅 잔차(λ=0.5) · Stefan 증강(r=10)
half,anchored,stefan_cci,stefan,catboost,10.0,0.75,22.91583333333333,2,Stefan+위성제품 앵커 + 부스팅 잔차(λ=0.75) · Stefan 증강(r=10)
half,anchored,stefan_cci,stefan,catboost,10.0,1.0,23.9515,2,Stefan+위성제품 앵커 + 부스팅 잔차(λ=1) · Stefan 증강(r=10)
half,anchored,stefan_cci,stefan,mlp,1.0,0.0,21.6775,2,Stefan+위성제품 앵커 + 다층퍼셉트론 잔차(λ=0) · Stefan 증강(r=1)
half,anchored,stefan_cci,stefan,mlp,1.0,0.25,21.684166666666666,2,Stefan+위성제품 앵커 + 다층퍼셉트론 잔차(λ=0.25) · Stefan 증강(r=1)
half,anchored,stefan_cci,stefan,mlp,1.0,0.5,22.126,2,Stefan+위성제품 앵커 + 다층퍼셉트론 잔차(λ=0.5) · Stefan 증강(r=1)
half,anchored,stefan_cci,stefan,mlp,1.0,0.75,22.977666666666668,2,Stefan+위성제품 앵커 + 다층퍼셉트론 잔차(λ=0.75) · Stefan 증강(r=1)
half,anchored,stefan_cci,stefan,mlp,1.0,1.0,24.195999999999998,2,Stefan+위성제품 앵커 + 다층퍼셉트론 잔차(λ=1) · Stefan 증강(r=1)
half,anchored,stefan_cci,stefan,mlp,2.0,0.0,21.6775,2,Stefan+위성제품 앵커 + 다층퍼셉트론 잔차(λ=0) · Stefan 증강(r=2)
half,anchored,stefan_cci,stefan,mlp,2.0,0.25,21.5925,2,Stefan+위성제품 앵커 + 다층퍼셉트론 잔차(λ=0.25) · Stefan 증강(r=2)
half,anchored,stefan_cci,stefan,mlp,2.0,0.5,21.9015,2,Stefan+위성제품 앵커 + 다층퍼셉트론 잔차(λ=0.5) · Stefan 증강(r=2)
half,anchored,stefan_cci,stefan,mlp,2.0,0.75,22.588833333333334,2,Stefan+위성제품 앵커 + 다층퍼셉트론 잔차(λ=0.75) · Stefan 증강(r=2)
half,anchored,stefan_cci,stefan,mlp,2.0,1.0,23.6215,2,Stefan+위성제품 앵커 + 다층퍼셉트론 잔차(λ=1) · Stefan 증강(r=2)
half,anchored,stefan_cci,stefan,mlp,5.0,0.0,21.6775,2,Stefan+위성제품 앵커 + 다층퍼셉트론 잔차(λ=0) · Stefan 증강(r=5)
half,anchored,stefan_cci,stefan,mlp,5.0,0.25,21.635333333333335,2,Stefan+위성제품 앵커 + 다층퍼셉트론 잔차(λ=0.25) · Stefan 증강(r=5)
half,anchored,stefan_cci,stefan,mlp,5.0,0.5,22.036499999999997,2,Stefan+위성제품 앵커 + 다층퍼셉트론 잔차(λ=0.5) · Stefan 증강(r=5)
half,anchored,stefan_cci,stefan,mlp,5.0,0.75,22.857999999999997,2,Stefan+위성제품 앵커 + 다층퍼셉트론 잔차(λ=0.75) · Stefan 증강(r=5)
half,anchored,stefan_cci,stefan,mlp,5.0,1.0,24.0575,2,Stefan+위성제품 앵커 + 다층퍼셉트론 잔차(λ=1) · Stefan 증강(r=5)
half,anchored,stefan_cci,stefan,mlp,10.0,0.0,21.6775,2,Stefan+위성제품 앵커 + 다층퍼셉트론 잔차(λ=0) · Stefan 증강(r=10)
half,anchored,stefan_cci,stefan,mlp,10.0,0.25,21.654333333333334,2,Stefan+위성제품 앵커 + 다층퍼셉트론 잔차(λ=0.25) · Stefan 증강(r=10)
half,anchored,stefan_cci,stefan,mlp,10.0,0.5,22.075666666666667,2,Stefan+위성제품 앵커 + 다층퍼셉트론 잔차(λ=0.5) · Stefan 증강(r=10)
half,anchored,stefan_cci,stefan,mlp,10.0,0.75,22.917333333333332,2,Stefan+위성제품 앵커 + 다층퍼셉트론 잔차(λ=0.75) · Stefan 증강(r=10)
half,anchored,stefan_cci,stefan,mlp,10.0,1.0,24.13533333333333,2,Stefan+위성제품 앵커 + 다층퍼셉트론 잔차(λ=1) · Stefan 증강(r=10)
half,anchored,stefan_cci,stefan,ridge,0.5,0.0,21.6775,2,Stefan+위성제품 앵커 + 선형 잔차(λ=0) · Stefan 증강(r=0.5)
half,anchored,stefan_cci,stefan,ridge,0.5,0.25,21.705333333333336,2,Stefan+위성제품 앵커 + 선형 잔차(λ=0.25) · Stefan 증강(r=0.5)
half,anchored,stefan_cci,stefan,ridge,0.5,0.5,22.325333333333333,2,Stefan+위성제품 앵커 + 선형 잔차(λ=0.5) · Stefan 증강(r=0.5)
half,anchored,stefan_cci,stefan,ridge,0.5,0.75,23.4645,2,Stefan+위성제품 앵커 + 선형 잔차(λ=0.75) · Stefan 증강(r=0.5)
half,anchored,stefan_cci,stefan,ridge,0.5,1.0,25.04,2,Stefan+위성제품 앵커 + 선형 잔차(λ=1) · Stefan 증강(r=0.5)
half,anchored,stefan_cci,stefan,ridge,1.0,0.0,21.6775,2,Stefan+위성제품 앵커 + 선형 잔차(λ=0) · Stefan 증강(r=1)
half,anchored,stefan_cci,stefan,ridge,1.0,0.25,21.614333333333335,2,Stefan+위성제품 앵커 + 선형 잔차(λ=0.25) · Stefan 증강(r=1)
half,anchored,stefan_cci,stefan,ridge,1.0,0.5,22.088833333333334,2,Stefan+위성제품 앵커 + 선형 잔차(λ=0.5) · Stefan 증강(r=1)
half,anchored,stefan_cci,stefan,ridge,1.0,0.75,23.051666666666666,2,Stefan+위성제품 앵커 + 선형 잔차(λ=0.75) · Stefan 증강(r=1)
half,anchored,stefan_cci,stefan,ridge,1.0,1.0,24.4385,2,Stefan+위성제품 앵커 + 선형 잔차(λ=1) · Stefan 증강(r=1)
half,anchored,stefan_cci,stefan,ridge,2.0,0.0,21.6775,2,Stefan+위성제품 앵커 + 선형 잔차(λ=0) · Stefan 증강(r=2)
half,anchored,stefan_cci,stefan,ridge,2.0,0.25,21.467833333333335,2,Stefan+위성제품 앵커 + 선형 잔차(λ=0.25) · Stefan 증강(r=2)
half,anchored,stefan_cci,stefan,ridge,2.0,0.5,21.7095,2,Stefan+위성제품 앵커 + 선형 잔차(λ=0.5) · Stefan 증강(r=2)
half,anchored,stefan_cci,stefan,ridge,2.0,0.75,22.383833333333335,2,Stefan+위성제품 앵커 + 선형 잔차(λ=0.75) · Stefan 증강(r=2)
half,anchored,stefan_cci,stefan,ridge,2.0,1.0,23.452166666666667,2,Stefan+위성제품 앵커 + 선형 잔차(λ=1) · Stefan 증강(r=2)
half,anchored,stefan_cci,stefan,ridge,5.0,0.0,21.6775,2,Stefan+위성제품 앵커 + 선형 잔차(λ=0) · Stefan 증강(r=5)
half,anchored,stefan_cci,stefan,ridge,5.0,0.25,21.446,2,Stefan+위성제품 앵커 + 선형 잔차(λ=0.25) · Stefan 증강(r=5)
half,anchored,stefan_cci,stefan,ridge,5.0,0.5,21.626333333333335,2,Stefan+위성제품 앵커 + 선형 잔차(λ=0.5) · Stefan 증강(r=5)
half,anchored,stefan_cci,stefan,ridge,5.0,0.75,22.208666666666666,2,Stefan+위성제품 앵커 + 선형 잔차(λ=0.75) · Stefan 증강(r=5)
half,anchored,stefan_cci,stefan,ridge,5.0,1.0,23.163,2,Stefan+위성제품 앵커 + 선형 잔차(λ=1) · Stefan 증강(r=5)
half,anchored,stefan_cci,stefan,ridge,10.0,0.0,21.6775,2,Stefan+위성제품 앵커 + 선형 잔차(λ=0) · Stefan 증강(r=10)
half,anchored,stefan_cci,stefan,ridge,10.0,0.25,21.443,2,Stefan+위성제품 앵커 + 선형 잔차(λ=0.25) · Stefan 증강(r=10)
half,anchored,stefan_cci,stefan,ridge,10.0,0.5,21.609,2,Stefan+위성제품 앵커 + 선형 잔차(λ=0.5) · Stefan 증강(r=10)
half,anchored,stefan_cci,stefan,ridge,10.0,0.75,22.16583333333333,2,Stefan+위성제품 앵커 + 선형 잔차(λ=0.75) · Stefan 증강(r=10)
half,anchored,stefan_cci,stefan,ridge,10.0,1.0,23.085833333333333,2,Stefan+위성제품 앵커 + 선형 잔차(λ=1) · Stefan 증강(r=10)
half,anchored,stefan_cci,stefan_cci,catboost,0.5,0.0,21.6775,2,Stefan+위성제품 앵커 + 부스팅 잔차(λ=0) · Stefan+위성 증강(r=0.5)
half,anchored,stefan_cci,stefan_cci,catboost,0.5,0.25,21.6035,2,Stefan+위성제품 앵커 + 부스팅 잔차(λ=0.25) · Stefan+위성 증강(r=0.5)
half,anchored,stefan_cci,stefan_cci,catboost,0.5,0.5,21.55216666666667,2,Stefan+위성제품 앵커 + 부스팅 잔차(λ=0.5) · Stefan+위성 증강(r=0.5)
half,anchored,stefan_cci,stefan_cci,catboost,0.5,0.75,21.52366666666667,2,Stefan+위성제품 앵커 + 부스팅 잔차(λ=0.75) · Stefan+위성 증강(r=0.5)
half,anchored,stefan_cci,stefan_cci,catboost,0.5,1.0,21.5185,2,Stefan+위성제품 앵커 + 부스팅 잔차(λ=1) · Stefan+위성 증강(r=0.5)
half,anchored,stefan_cci,stefan_cci,catboost,1.0,0.0,21.6775,2,Stefan+위성제품 앵커 + 부스팅 잔차(λ=0) · Stefan+위성 증강(r=1)
half,anchored,stefan_cci,stefan_cci,catboost,1.0,0.25,21.59616666666667,2,Stefan+위성제품 앵커 + 부스팅 잔차(λ=0.25) · Stefan+위성 증강(r=1)
half,anchored,stefan_cci,stefan_cci,catboost,1.0,0.5,21.535666666666664,2,Stefan+위성제품 앵커 + 부스팅 잔차(λ=0.5) · Stefan+위성 증강(r=1)
half,anchored,stefan_cci,stefan_cci,catboost,1.0,0.75,21.495833333333334,2,Stefan+위성제품 앵커 + 부스팅 잔차(λ=0.75) · Stefan+위성 증강(r=1)
half,anchored,stefan_cci,stefan_cci,catboost,1.0,1.0,21.477666666666668,2,Stefan+위성제품 앵커 + 부스팅 잔차(λ=1) · Stefan+위성 증강(r=1)
half,anchored,stefan_cci,stefan_cci,catboost,2.0,0.0,21.6775,2,Stefan+위성제품 앵커 + 부스팅 잔차(λ=0) · Stefan+위성 증강(r=2)
half,anchored,stefan_cci,stefan_cci,catboost,2.0,0.25,21.584833333333336,2,Stefan+위성제품 앵커 + 부스팅 잔차(λ=0.25) · Stefan+위성 증강(r=2)
half,anchored,stefan_cci,stefan_cci,catboost,2.0,0.5,21.510166666666667,2,Stefan+위성제품 앵커 + 부스팅 잔차(λ=0.5) · Stefan+위성 증강(r=2)
half,anchored,stefan_cci,stefan_cci,catboost,2.0,0.75,21.453833333333336,2,Stefan+위성제품 앵커 + 부스팅 잔차(λ=0.75) · Stefan+위성 증강(r=2)
half,anchored,stefan_cci,stefan_cci,catboost,2.0,1.0,21.416333333333334,2,Stefan+위성제품 앵커 + 부스팅 잔차(λ=1) · Stefan+위성 증강(r=2)
half,anchored,stefan_cci,stefan_cci,catboost,5.0,0.0,21.6775,2,Stefan+위성제품 앵커 + 부스팅 잔차(λ=0) · Stefan+위성 증강(r=5)
half,anchored,stefan_cci,stefan_cci,catboost,5.0,0.25,21.598666666666666,2,Stefan+위성제품 앵커 + 부스팅 잔차(λ=0.25) · Stefan+위성 증강(r=5)
half,anchored,stefan_cci,stefan_cci,catboost,5.0,0.5,21.536,2,Stefan+위성제품 앵커 + 부스팅 잔차(λ=0.5) · Stefan+위성 증강(r=5)
half,anchored,stefan_cci,stefan_cci,catboost,5.0,0.75,21.49,2,Stefan+위성제품 앵커 + 부스팅 잔차(λ=0.75) · Stefan+위성 증강(r=5)
half,anchored,stefan_cci,stefan_cci,catboost,5.0,1.0,21.46033333333333,2,Stefan+위성제품 앵커 + 부스팅 잔차(λ=1) · Stefan+위성 증강(r=5)
half,anchored,stefan_cci,stefan_cci,catboost,10.0,0.0,21.6775,2,Stefan+위성제품 앵커 + 부스팅 잔차(λ=0) · Stefan+위성 증강(r=10)
half,anchored,stefan_cci,stefan_cci,catboost,10.0,0.25,21.599833333333333,2,Stefan+위성제품 앵커 + 부스팅 잔차(λ=0.25) · Stefan+위성 증강(r=10)
half,anchored,stefan_cci,stefan_cci,catboost,10.0,0.5,21.53516666666667,2,Stefan+위성제품 앵커 + 부스팅 잔차(λ=0.5) · Stefan+위성 증강(r=10)
half,anchored,stefan_cci,stefan_cci,catboost,10.0,0.75,21.484833333333334,2,Stefan+위성제품 앵커 + 부스팅 잔차(λ=0.75) · Stefan+위성 증강(r=10)
half,anchored,stefan_cci,stefan_cci,catboost,10.0,1.0,21.448333333333334,2,Stefan+위성제품 앵커 + 부스팅 잔차(λ=1) · Stefan+위성 증강(r=10)
half,anchored,stefan_cci,stefan_cci,mlp,2.0,0.0,21.6775,2,Stefan+위성제품 앵커 + 다층퍼셉트론 잔차(λ=0) · Stefan+위성 증강(r=2)
half,anchored,stefan_cci,stefan_cci,mlp,2.0,0.25,21.662333333333333,2,Stefan+위성제품 앵커 + 다층퍼셉트론 잔차(λ=0.25) · Stefan+위성 증강(r=2)
half,anchored,stefan_cci,stefan_cci,mlp,2.0,0.5,21.653666666666666,2,Stefan+위성제품 앵커 + 다층퍼셉트론 잔차(λ=0.5) · Stefan+위성 증강(r=2)
half,anchored,stefan_cci,stefan_cci,mlp,2.0,0.75,21.651333333333334,2,Stefan+위성제품 앵커 + 다층퍼셉트론 잔차(λ=0.75) · Stefan+위성 증강(r=2)
half,anchored,stefan_cci,stefan_cci,mlp,2.0,1.0,21.6555,2,Stefan+위성제품 앵커 + 다층퍼셉트론 잔차(λ=1) · Stefan+위성 증강(r=2)
half,anchored,stefan_cci,stefan_cci,mlp,5.0,0.0,21.6775,2,Stefan+위성제품 앵커 + 다층퍼셉트론 잔차(λ=0) · Stefan+위성 증강(r=5)
half,anchored,stefan_cci,stefan_cci,mlp,5.0,0.25,21.654999999999998,2,Stefan+위성제품 앵커 + 다층퍼셉트론 잔차(λ=0.25) · Stefan+위성 증강(r=5)
half,anchored,stefan_cci,stefan_cci,mlp,5.0,0.5,21.637666666666664,2,Stefan+위성제품 앵커 + 다층퍼셉트론 잔차(λ=0.5) · Stefan+위성 증강(r=5)
half,anchored,stefan_cci,stefan_cci,mlp,5.0,0.75,21.625666666666667,2,Stefan+위성제품 앵커 + 다층퍼셉트론 잔차(λ=0.75) · Stefan+위성 증강(r=5)
half,anchored,stefan_cci,stefan_cci,mlp,5.0,1.0,21.61916666666667,2,Stefan+위성제품 앵커 + 다층퍼셉트론 잔차(λ=1) · Stefan+위성 증강(r=5)
half,anchored,stefan_cci,stefan_cci,mlp,10.0,0.0,21.6775,2,Stefan+위성제품 앵커 + 다층퍼셉트론 잔차(λ=0) · Stefan+위성 증강(r=10)
half,anchored,stefan_cci,stefan_cci,mlp,10.0,0.25,21.63,2,Stefan+위성제품 앵커 + 다층퍼셉트론 잔차(λ=0.25) · Stefan+위성 증강(r=10)
half,anchored,stefan_cci,stefan_cci,mlp,10.0,0.5,21.5875,2,Stefan+위성제품 앵커 + 다층퍼셉트론 잔차(λ=0.5) · Stefan+위성 증강(r=10)
half,anchored,stefan_cci,stefan_cci,mlp,10.0,0.75,21.550916666666666,2,Stefan+위성제품 앵커 + 다층퍼셉트론 잔차(λ=0.75) · Stefan+위성 증강(r=10)
half,anchored,stefan_cci,stefan_cci,mlp,10.0,1.0,21.52,2,Stefan+위성제품 앵커 + 다층퍼셉트론 잔차(λ=1) · Stefan+위성 증강(r=10)
half,anchored,stefan_cci,stefan_cci,ridge,0.5,0.0,21.6775,2,Stefan+위성제품 앵커 + 선형 잔차(λ=0) · Stefan+위성 증강(r=0.5)
half,anchored,stefan_cci,stefan_cci,ridge,0.5,0.25,21.718,2,Stefan+위성제품 앵커 + 선형 잔차(λ=0.25) · Stefan+위성 증강(r=0.5)
half,anchored,stefan_cci,stefan_cci,ridge,0.5,0.5,21.902,2,Stefan+위성제품 앵커 + 선형 잔차(λ=0.5) · Stefan+위성 증강(r=0.5)
half,anchored,stefan_cci,stefan_cci,ridge,0.5,0.75,22.215999999999998,2,Stefan+위성제품 앵커 + 선형 잔차(λ=0.75) · Stefan+위성 증강(r=0.5)
half,anchored,stefan_cci,stefan_cci,ridge,0.5,1.0,22.6455,2,Stefan+위성제품 앵커 + 선형 잔차(λ=1) · Stefan+위성 증강(r=0.5)
half,anchored,stefan_cci,stefan_cci,ridge,1.0,0.0,21.6775,2,Stefan+위성제품 앵커 + 선형 잔차(λ=0) · Stefan+위성 증강(r=1)
half,anchored,stefan_cci,stefan_cci,ridge,1.0,0.25,21.6905,2,Stefan+위성제품 앵커 + 선형 잔차(λ=0.25) · Stefan+위성 증강(r=1)
half,anchored,stefan_cci,stefan_cci,ridge,1.0,0.5,21.794666666666664,2,Stefan+위성제품 앵커 + 선형 잔차(λ=0.5) · Stefan+위성 증강(r=1)
half,anchored,stefan_cci,stefan_cci,ridge,1.0,0.75,21.98316666666667,2,Stefan+위성제품 앵커 + 선형 잔차(λ=0.75) · Stefan+위성 증강(r=1)
half,anchored,stefan_cci,stefan_cci,ridge,1.0,1.0,22.249666666666663,2,Stefan+위성제품 앵커 + 선형 잔차(λ=1) · Stefan+위성 증강(r=1)
half,anchored,stefan_cci,stefan_cci,ridge,2.0,0.0,21.6775,2,Stefan+위성제품 앵커 + 선형 잔차(λ=0) · Stefan+위성 증강(r=2)
half,anchored,stefan_cci,stefan_cci,ridge,2.0,0.25,21.614833333333333,2,Stefan+위성제품 앵커 + 선형 잔차(λ=0.25) · Stefan+위성 증강(r=2)
half,anchored,stefan_cci,stefan_cci,ridge,2.0,0.5,21.5825,2,Stefan+위성제품 앵커 + 선형 잔차(λ=0.5) · Stefan+위성 증강(r=2)
half,anchored,stefan_cci,stefan_cci,ridge,2.0,0.75,21.580166666666667,2,Stefan+위성제품 앵커 + 선형 잔차(λ=0.75) · Stefan+위성 증강(r=2)
half,anchored,stefan_cci,stefan_cci,ridge,2.0,1.0,21.60733333333333,2,Stefan+위성제품 앵커 + 선형 잔차(λ=1) · Stefan+위성 증강(r=2)
half,anchored,stefan_cci,stefan_cci,ridge,5.0,0.0,21.6775,2,Stefan+위성제품 앵커 + 선형 잔차(λ=0) · Stefan+위성 증강(r=5)
half,anchored,stefan_cci,stefan_cci,ridge,5.0,0.25,21.642,2,Stefan+위성제품 앵커 + 선형 잔차(λ=0.25) · Stefan+위성 증강(r=5)
half,anchored,stefan_cci,stefan_cci,ridge,5.0,0.5,21.622,2,Stefan+위성제품 앵커 + 선형 잔차(λ=0.5) · Stefan+위성 증강(r=5)
half,anchored,stefan_cci,stefan_cci,ridge,5.0,0.75,21.618166666666667,2,Stefan+위성제품 앵커 + 선형 잔차(λ=0.75) · Stefan+위성 증강(r=5)
half,anchored,stefan_cci,stefan_cci,ridge,5.0,1.0,21.630166666666668,2,Stefan+위성제품 앵커 + 선형 잔차(λ=1) · Stefan+위성 증강(r=5)
half,anchored,stefan_cci,stefan_cci,ridge,10.0,0.0,21.6775,2,Stefan+위성제품 앵커 + 선형 잔차(λ=0) · Stefan+위성 증강(r=10)
half,anchored,stefan_cci,stefan_cci,ridge,10.0,0.25,21.6605,2,Stefan+위성제품 앵커 + 선형 잔차(λ=0.25) · Stefan+위성 증강(r=10)
half,anchored,stefan_cci,stefan_cci,ridge,10.0,0.5,21.657,2,Stefan+위성제품 앵커 + 선형 잔차(λ=0.5) · Stefan+위성 증강(r=10)
half,anchored,stefan_cci,stefan_cci,ridge,10.0,0.75,21.666833333333333,2,Stefan+위성제품 앵커 + 선형 잔차(λ=0.75) · Stefan+위성 증강(r=10)
half,anchored,stefan_cci,stefan_cci,ridge,10.0,1.0,21.690166666666663,2,Stefan+위성제품 앵커 + 선형 잔차(λ=1) · Stefan+위성 증강(r=10)
half,direct,none,const,catboost,0.5,1.0,30.043999999999997,2,부스팅 · 상수 증강(r=0.5)
half,direct,none,const,catboost,1.0,1.0,30.178833333333333,2,부스팅 · 상수 증강(r=1)
half,direct,none,const,catboost,2.0,1.0,30.058500000000002,2,부스팅 · 상수 증강(r=2)
half,direct,none,const,catboost,5.0,1.0,30.167833333333334,2,부스팅 · 상수 증강(r=5)
half,direct,none,const,catboost,10.0,1.0,30.107,2,부스팅 · 상수 증강(r=10)
half,direct,none,const,ftt,0.5,1.0,29.92966666666667,2,트랜스포머 · 상수 증강(r=0.5)
half,direct,none,const,ftt,1.0,1.0,30.31666666666667,2,트랜스포머 · 상수 증강(r=1)
half,direct,none,const,ftt,2.0,1.0,30.38133333333333,2,트랜스포머 · 상수 증강(r=2)
half,direct,none,const,ftt,5.0,1.0,30.230333333333334,2,트랜스포머 · 상수 증강(r=5)
half,direct,none,const,ftt,10.0,1.0,30.168333333333333,2,트랜스포머 · 상수 증강(r=10)
half,direct,none,const,mlp,5.0,1.0,35.13891666666667,2,다층퍼셉트론 · 상수 증강(r=5)
half,direct,none,const,mlp,10.0,1.0,30.28125,2,다층퍼셉트론 · 상수 증강(r=10)
half,direct,none,const,ridge,0.5,1.0,30.347166666666666,2,선형 · 상수 증강(r=0.5)
half,direct,none,const,ridge,1.0,1.0,30.177500000000002,2,선형 · 상수 증강(r=1)
half,direct,none,const,ridge,2.0,1.0,29.823833333333333,2,선형 · 상수 증강(r=2)
half,direct,none,const,ridge,5.0,1.0,30.07283333333333,2,선형 · 상수 증강(r=5)
half,direct,none,const,ridge,10.0,1.0,30.287166666666668,2,선형 · 상수 증강(r=10)
half,direct,none,none,catboost,0.0,1.0,27.934666666666665,2,부스팅 · 증강없음
half,direct,none,none,ftt,0.0,1.0,24.838333333333335,2,트랜스포머 · 증강없음
half,direct,none,none,ridge,0.0,1.0,31.970000000000006,2,선형 · 증강없음
half,direct,none,stefan,catboost,0.5,1.0,24.8075,2,부스팅 · Stefan 증강(r=0.5)
half,direct,none,stefan,catboost,1.0,1.0,24.691666666666666,2,부스팅 · Stefan 증강(r=1)
half,direct,none,stefan,catboost,2.0,1.0,24.503666666666668,2,부스팅 · Stefan 증강(r=2)
half,direct,none,stefan,catboost,5.0,1.0,24.358666666666664,2,부스팅 · Stefan 증강(r=5)
half,direct,none,stefan,catboost,10.0,1.0,24.180666666666667,2,부스팅 · Stefan 증강(r=10)
half,direct,none,stefan,ftt,0.5,1.0,24.906333333333336,2,트랜스포머 · Stefan 증강(r=0.5)
half,direct,none,stefan,ftt,1.0,1.0,24.666333333333334,2,트랜스포머 · Stefan 증강(r=1)
half,direct,none,stefan,ftt,2.0,1.0,24.638999999999996,2,트랜스포머 · Stefan 증강(r=2)
half,direct,none,stefan,ftt,5.0,1.0,24.276833333333332,2,트랜스포머 · Stefan 증강(r=5)
half,direct,none,stefan,ftt,10.0,1.0,24.17716666666667,2,트랜스포머 · Stefan 증강(r=10)
half,direct,none,stefan,mlp,2.0,1.0,71.77016666666667,2,다층퍼셉트론 · Stefan 증강(r=2)
half,direct,none,stefan,mlp,5.0,1.0,24.544333333333334,2,다층퍼셉트론 · Stefan 증강(r=5)
half,direct,none,stefan,mlp,10.0,1.0,24.594,2,다층퍼셉트론 · Stefan 증강(r=10)
half,direct,none,stefan,ridge,0.5,1.0,25.963666666666665,2,선형 · Stefan 증강(r=0.5)
half,direct,none,stefan,ridge,1.0,1.0,25.359833333333334,2,선형 · Stefan 증강(r=1)
half,direct,none,stefan,ridge,2.0,1.0,24.380000000000003,2,선형 · Stefan 증강(r=2)
half,direct,none,stefan,ridge,5.0,1.0,24.1,2,선형 · Stefan 증강(r=5)
half,direct,none,stefan,ridge,10.0,1.0,24.024833333333333,2,선형 · Stefan 증강(r=10)
loro,analytic,cci,none,none,0.0,0.0,26.271,2,위성제품
loro,analytic,cci_cal,none,none,0.0,0.0,23.4775,2,위성제품(보정)
loro,analytic,stefan,none,none,0.0,0.0,24.5985,2,Stefan
loro,analytic,stefan_cci,none,none,0.0,0.0,23.266,2,Stefan+위성제품
loro,analytic,stefan_cci_w,none,none,0.0,0.0,24.110999999999997,2,Stefan+위성제품(가중학습)
loro,anchored,stefan,cci,catboost,0.5,0.0,24.5985,2,Stefan 앵커 + 부스팅 잔차(λ=0) · 위성제품 증강(r=0.5)
loro,anchored,stefan,cci,catboost,0.5,0.25,23.71816666666667,2,Stefan 앵커 + 부스팅 잔차(λ=0.25) · 위성제품 증강(r=0.5)
loro,anchored,stefan,cci,catboost,0.5,0.5,23.801499999999997,2,Stefan 앵커 + 부스팅 잔차(λ=0.5) · 위성제품 증강(r=0.5)
loro,anchored,stefan,cci,catboost,0.5,0.75,24.83683333333333,2,Stefan 앵커 + 부스팅 잔차(λ=0.75) · 위성제품 증강(r=0.5)
loro,anchored,stefan,cci,catboost,0.5,1.0,26.706833333333336,2,Stefan 앵커 + 부스팅 잔차(λ=1) · 위성제품 증강(r=0.5)
loro,anchored,stefan,cci,catboost,1.0,0.0,24.5985,2,Stefan 앵커 + 부스팅 잔차(λ=0) · 위성제품 증강(r=1)
loro,anchored,stefan,cci,catboost,1.0,0.25,23.721999999999998,2,Stefan 앵커 + 부스팅 잔차(λ=0.25) · 위성제품 증강(r=1)
loro,anchored,stefan,cci,catboost,1.0,0.5,23.817666666666668,2,Stefan 앵커 + 부스팅 잔차(λ=0.5) · 위성제품 증강(r=1)
loro,anchored,stefan,cci,catboost,1.0,0.75,24.869999999999997,2,Stefan 앵커 + 부스팅 잔차(λ=0.75) · 위성제품 증강(r=1)
loro,anchored,stefan,cci,catboost,1.0,1.0,26.761333333333333,2,Stefan 앵커 + 부스팅 잔차(λ=1) · 위성제품 증강(r=1)
loro,anchored,stefan,cci,catboost,2.0,0.0,24.5985,2,Stefan 앵커 + 부스팅 잔차(λ=0) · 위성제품 증강(r=2)
loro,anchored,stefan,cci,catboost,2.0,0.25,23.7215,2,Stefan 앵커 + 부스팅 잔차(λ=0.25) · 위성제품 증강(r=2)
loro,anchored,stefan,cci,catboost,2.0,0.5,23.821166666666667,2,Stefan 앵커 + 부스팅 잔차(λ=0.5) · 위성제품 증강(r=2)
loro,anchored,stefan,cci,catboost,2.0,0.75,24.881833333333333,2,Stefan 앵커 + 부스팅 잔차(λ=0.75) · 위성제품 증강(r=2)
loro,anchored,stefan,cci,catboost,2.0,1.0,26.784333333333333,2,Stefan 앵커 + 부스팅 잔차(λ=1) · 위성제품 증강(r=2)
loro,anchored,stefan,cci,catboost,5.0,0.0,24.5985,2,Stefan 앵커 + 부스팅 잔차(λ=0) · 위성제품 증강(r=5)
loro,anchored,stefan,cci,catboost,5.0,0.25,23.732166666666664,2,Stefan 앵커 + 부스팅 잔차(λ=0.25) · 위성제품 증강(r=5)
loro,anchored,stefan,cci,catboost,5.0,0.5,23.847666666666665,2,Stefan 앵커 + 부스팅 잔차(λ=0.5) · 위성제품 증강(r=5)
loro,anchored,stefan,cci,catboost,5.0,0.75,24.927666666666664,2,Stefan 앵커 + 부스팅 잔차(λ=0.75) · 위성제품 증강(r=5)
loro,anchored,stefan,cci,catboost,5.0,1.0,26.85033333333333,2,Stefan 앵커 + 부스팅 잔차(λ=1) · 위성제품 증강(r=5)
loro,anchored,stefan,cci,catboost,10.0,0.0,24.5985,2,Stefan 앵커 + 부스팅 잔차(λ=0) · 위성제품 증강(r=10)
loro,anchored,stefan,cci,catboost,10.0,0.25,23.732999999999997,2,Stefan 앵커 + 부스팅 잔차(λ=0.25) · 위성제품 증강(r=10)
loro,anchored,stefan,cci,catboost,10.0,0.5,23.85066666666667,2,Stefan 앵커 + 부스팅 잔차(λ=0.5) · 위성제품 증강(r=10)
loro,anchored,stefan,cci,catboost,10.0,0.75,24.933333333333337,2,Stefan 앵커 + 부스팅 잔차(λ=0.75) · 위성제품 증강(r=10)
loro,anchored,stefan,cci,catboost,10.0,1.0,26.859,2,Stefan 앵커 + 부스팅 잔차(λ=1) · 위성제품 증강(r=10)
loro,anchored,stefan,cci,mlp,0.5,0.0,24.5985,2,Stefan 앵커 + 다층퍼셉트론 잔차(λ=0) · 위성제품 증강(r=0.5)
loro,anchored,stefan,cci,mlp,0.5,0.25,23.7395,2,Stefan 앵커 + 다층퍼셉트론 잔차(λ=0.25) · 위성제품 증강(r=0.5)
loro,anchored,stefan,cci,mlp,0.5,0.5,23.83416666666667,2,Stefan 앵커 + 다층퍼셉트론 잔차(λ=0.5) · 위성제품 증강(r=0.5)
loro,anchored,stefan,cci,mlp,0.5,0.75,24.866833333333332,2,Stefan 앵커 + 다층퍼셉트론 잔차(λ=0.75) · 위성제품 증강(r=0.5)
loro,anchored,stefan,cci,mlp,0.5,1.0,26.723333333333333,2,Stefan 앵커 + 다층퍼셉트론 잔차(λ=1) · 위성제품 증강(r=0.5)
loro,anchored,stefan,cci,mlp,1.0,0.0,24.5985,2,Stefan 앵커 + 다층퍼셉트론 잔차(λ=0) · 위성제품 증강(r=1)
loro,anchored,stefan,cci,mlp,1.0,0.25,23.711666666666666,2,Stefan 앵커 + 다층퍼셉트론 잔차(λ=0.25) · 위성제품 증강(r=1)
loro,anchored,stefan,cci,mlp,1.0,0.5,23.804333333333332,2,Stefan 앵커 + 다층퍼셉트론 잔차(λ=0.5) · 위성제품 증강(r=1)
loro,anchored,stefan,cci,mlp,1.0,0.75,24.860166666666668,2,Stefan 앵커 + 다층퍼셉트론 잔차(λ=0.75) · 위성제품 증강(r=1)
loro,anchored,stefan,cci,mlp,1.0,1.0,26.760166666666663,2,Stefan 앵커 + 다층퍼셉트론 잔차(λ=1) · 위성제품 증강(r=1)
loro,anchored,stefan,cci,mlp,2.0,0.0,24.5985,2,Stefan 앵커 + 다층퍼셉트론 잔차(λ=0) · 위성제품 증강(r=2)
loro,anchored,stefan,cci,mlp,2.0,0.25,23.706833333333336,2,Stefan 앵커 + 다층퍼셉트론 잔차(λ=0.25) · 위성제품 증강(r=2)
loro,anchored,stefan,cci,mlp,2.0,0.5,23.798166666666667,2,Stefan 앵커 + 다층퍼셉트론 잔차(λ=0.5) · 위성제품 증강(r=2)
loro,anchored,stefan,cci,mlp,2.0,0.75,24.8575,2,Stefan 앵커 + 다층퍼셉트론 잔차(λ=0.75) · 위성제품 증강(r=2)
loro,anchored,stefan,cci,mlp,2.0,1.0,26.763166666666667,2,Stefan 앵커 + 다층퍼셉트론 잔차(λ=1) · 위성제품 증강(r=2)
loro,anchored,stefan,cci,mlp,5.0,0.0,24.5985,2,Stefan 앵커 + 다층퍼셉트론 잔차(λ=0) · 위성제품 증강(r=5)
loro,anchored,stefan,cci,mlp,5.0,0.25,23.71683333333333,2,Stefan 앵커 + 다층퍼셉트론 잔차(λ=0.25) · 위성제품 증강(r=5)
loro,anchored,stefan,cci,mlp,5.0,0.5,23.823166666666665,2,Stefan 앵커 + 다층퍼셉트론 잔차(λ=0.5) · 위성제품 증강(r=5)
loro,anchored,stefan,cci,mlp,5.0,0.75,24.90083333333333,2,Stefan 앵커 + 다층퍼셉트론 잔차(λ=0.75) · 위성제품 증강(r=5)
loro,anchored,stefan,cci,mlp,5.0,1.0,26.826833333333333,2,Stefan 앵커 + 다층퍼셉트론 잔차(λ=1) · 위성제품 증강(r=5)
loro,anchored,stefan,cci,mlp,10.0,0.0,24.5985,2,Stefan 앵커 + 다층퍼셉트론 잔차(λ=0) · 위성제품 증강(r=10)
loro,anchored,stefan,cci,mlp,10.0,0.25,23.71066666666667,2,Stefan 앵커 + 다층퍼셉트론 잔차(λ=0.25) · 위성제품 증강(r=10)
loro,anchored,stefan,cci,mlp,10.0,0.5,23.80383333333333,2,Stefan 앵커 + 다층퍼셉트론 잔차(λ=0.5) · 위성제품 증강(r=10)
loro,anchored,stefan,cci,mlp,10.0,0.75,24.862333333333332,2,Stefan 앵커 + 다층퍼셉트론 잔차(λ=0.75) · 위성제품 증강(r=10)
loro,anchored,stefan,cci,mlp,10.0,1.0,26.76533333333333,2,Stefan 앵커 + 다층퍼셉트론 잔차(λ=1) · 위성제품 증강(r=10)
loro,anchored,stefan,cci,ridge,0.5,0.0,24.5985,2,Stefan 앵커 + 선형 잔차(λ=0) · 위성제품 증강(r=0.5)
loro,anchored,stefan,cci,ridge,0.5,0.25,23.704500000000003,2,Stefan 앵커 + 선형 잔차(λ=0.25) · 위성제품 증강(r=0.5)
loro,anchored,stefan,cci,ridge,0.5,0.5,23.697666666666667,2,Stefan 앵커 + 선형 잔차(λ=0.5) · 위성제품 증강(r=0.5)
loro,anchored,stefan,cci,ridge,0.5,0.75,24.578833333333336,2,Stefan 앵커 + 선형 잔차(λ=0.75) · 위성제품 증강(r=0.5)
loro,anchored,stefan,cci,ridge,0.5,1.0,26.256833333333333,2,Stefan 앵커 + 선형 잔차(λ=1) · 위성제품 증강(r=0.5)
loro,anchored,stefan,cci,ridge,1.0,0.0,24.5985,2,Stefan 앵커 + 선형 잔차(λ=0) · 위성제품 증강(r=1)
loro,anchored,stefan,cci,ridge,1.0,0.25,23.720666666666666,2,Stefan 앵커 + 선형 잔차(λ=0.25) · 위성제품 증강(r=1)
loro,anchored,stefan,cci,ridge,1.0,0.5,23.7635,2,Stefan 앵커 + 선형 잔차(λ=0.5) · 위성제품 증강(r=1)
loro,anchored,stefan,cci,ridge,1.0,0.75,24.720166666666664,2,Stefan 앵커 + 선형 잔차(λ=0.75) · 위성제품 증강(r=1)
loro,anchored,stefan,cci,ridge,1.0,1.0,26.488333333333333,2,Stefan 앵커 + 선형 잔차(λ=1) · 위성제품 증강(r=1)
loro,anchored,stefan,cci,ridge,2.0,0.0,24.5985,2,Stefan 앵커 + 선형 잔차(λ=0) · 위성제품 증강(r=2)
loro,anchored,stefan,cci,ridge,2.0,0.25,23.736166666666666,2,Stefan 앵커 + 선형 잔차(λ=0.25) · 위성제품 증강(r=2)
loro,anchored,stefan,cci,ridge,2.0,0.5,23.817,2,Stefan 앵커 + 선형 잔차(λ=0.5) · 위성제품 증강(r=2)
loro,anchored,stefan,cci,ridge,2.0,0.75,24.828500000000002,2,Stefan 앵커 + 선형 잔차(λ=0.75) · 위성제품 증강(r=2)
loro,anchored,stefan,cci,ridge,2.0,1.0,26.661166666666666,2,Stefan 앵커 + 선형 잔차(λ=1) · 위성제품 증강(r=2)
loro,anchored,stefan,cci,ridge,5.0,0.0,24.5985,2,Stefan 앵커 + 선형 잔차(λ=0) · 위성제품 증강(r=5)
loro,anchored,stefan,cci,ridge,5.0,0.25,23.744666666666667,2,Stefan 앵커 + 선형 잔차(λ=0.25) · 위성제품 증강(r=5)
loro,anchored,stefan,cci,ridge,5.0,0.5,23.852666666666664,2,Stefan 앵커 + 선형 잔차(λ=0.5) · 위성제품 증강(r=5)
loro,anchored,stefan,cci,ridge,5.0,0.75,24.906,2,Stefan 앵커 + 선형 잔차(λ=0.75) · 위성제품 증강(r=5)
loro,anchored,stefan,cci,ridge,5.0,1.0,26.78783333333333,2,Stefan 앵커 + 선형 잔차(λ=1) · 위성제품 증강(r=5)
loro,anchored,stefan,cci,ridge,10.0,0.0,24.5985,2,Stefan 앵커 + 선형 잔차(λ=0) · 위성제품 증강(r=10)
loro,anchored,stefan,cci,ridge,10.0,0.25,23.7465,2,Stefan 앵커 + 선형 잔차(λ=0.25) · 위성제품 증강(r=10)
loro,anchored,stefan,cci,ridge,10.0,0.5,23.863999999999997,2,Stefan 앵커 + 선형 잔차(λ=0.5) · 위성제품 증강(r=10)
loro,anchored,stefan,cci,ridge,10.0,0.75,24.933833333333336,2,Stefan 앵커 + 선형 잔차(λ=0.75) · 위성제품 증강(r=10)
loro,anchored,stefan,cci,ridge,10.0,1.0,26.836,2,Stefan 앵커 + 선형 잔차(λ=1) · 위성제품 증강(r=10)
loro,anchored,stefan,none,catboost,0.0,0.0,24.5985,2,Stefan 앵커 + 부스팅 잔차(λ=0)
loro,anchored,stefan,none,catboost,0.0,0.25,24.556333333333335,2,Stefan 앵커 + 부스팅 잔차(λ=0.25)
loro,anchored,stefan,none,catboost,0.0,0.5,24.701666666666668,2,Stefan 앵커 + 부스팅 잔차(λ=0.5)
loro,anchored,stefan,none,catboost,0.0,0.75,25.02616666666667,2,Stefan 앵커 + 부스팅 잔차(λ=0.75)
loro,anchored,stefan,none,catboost,0.0,1.0,25.520000000000003,2,Stefan 앵커 + 부스팅 잔차(λ=1)
loro,anchored,stefan,none,ridge,0.0,0.0,24.5985,2,Stefan 앵커 + 선형 잔차(λ=0)
loro,anchored,stefan,none,ridge,0.0,0.25,24.530500000000004,2,Stefan 앵커 + 선형 잔차(λ=0.25)
loro,anchored,stefan,none,ridge,0.0,0.5,25.576999999999998,2,Stefan 앵커 + 선형 잔차(λ=0.5)
loro,anchored,stefan,none,ridge,0.0,0.75,27.5995,2,Stefan 앵커 + 선형 잔차(λ=0.75)
loro,anchored,stefan,none,ridge,0.0,1.0,30.394000000000005,2,Stefan 앵커 + 선형 잔차(λ=1)
loro,anchored,stefan,stefan,catboost,0.5,0.0,24.5985,2,Stefan 앵커 + 부스팅 잔차(λ=0) · Stefan 증강(r=0.5)
loro,anchored,stefan,stefan,catboost,0.5,0.25,24.603499999999997,2,Stefan 앵커 + 부스팅 잔차(λ=0.25) · Stefan 증강(r=0.5)
loro,anchored,stefan,stefan,catboost,0.5,0.5,24.608666666666664,2,Stefan 앵커 + 부스팅 잔차(λ=0.5) · Stefan 증강(r=0.5)
loro,anchored,stefan,stefan,catboost,0.5,0.75,24.61433333333333,2,Stefan 앵커 + 부스팅 잔차(λ=0.75) · Stefan 증강(r=0.5)
loro,anchored,stefan,stefan,catboost,0.5,1.0,24.62,2,Stefan 앵커 + 부스팅 잔차(λ=1) · Stefan 증강(r=0.5)
loro,anchored,stefan,stefan,catboost,1.0,0.0,24.5985,2,Stefan 앵커 + 부스팅 잔차(λ=0) · Stefan 증강(r=1)
loro,anchored,stefan,stefan,catboost,1.0,0.25,24.600666666666665,2,Stefan 앵커 + 부스팅 잔차(λ=0.25) · Stefan 증강(r=1)
loro,anchored,stefan,stefan,catboost,1.0,0.5,24.6035,2,Stefan 앵커 + 부스팅 잔차(λ=0.5) · Stefan 증강(r=1)
loro,anchored,stefan,stefan,catboost,1.0,0.75,24.606333333333335,2,Stefan 앵커 + 부스팅 잔차(λ=0.75) · Stefan 증강(r=1)
loro,anchored,stefan,stefan,catboost,1.0,1.0,24.609166666666667,2,Stefan 앵커 + 부스팅 잔차(λ=1) · Stefan 증강(r=1)
loro,anchored,stefan,stefan,catboost,2.0,0.0,24.5985,2,Stefan 앵커 + 부스팅 잔차(λ=0) · Stefan 증강(r=2)
loro,anchored,stefan,stefan,catboost,2.0,0.25,24.5995,2,Stefan 앵커 + 부스팅 잔차(λ=0.25) · Stefan 증강(r=2)
loro,anchored,stefan,stefan,catboost,2.0,0.5,24.600833333333334,2,Stefan 앵커 + 부스팅 잔차(λ=0.5) · Stefan 증강(r=2)
loro,anchored,stefan,stefan,catboost,2.0,0.75,24.60216666666667,2,Stefan 앵커 + 부스팅 잔차(λ=0.75) · Stefan 증강(r=2)
loro,anchored,stefan,stefan,catboost,2.0,1.0,24.60383333333333,2,Stefan 앵커 + 부스팅 잔차(λ=1) · Stefan 증강(r=2)
loro,anchored,stefan,stefan,catboost,5.0,0.0,24.5985,2,Stefan 앵커 + 부스팅 잔차(λ=0) · Stefan 증강(r=5)
loro,anchored,stefan,stefan,catboost,5.0,0.25,24.598999999999997,2,Stefan 앵커 + 부스팅 잔차(λ=0.25) · Stefan 증강(r=5)
loro,anchored,stefan,stefan,catboost,5.0,0.5,24.599833333333333,2,Stefan 앵커 + 부스팅 잔차(λ=0.5) · Stefan 증강(r=5)
loro,anchored,stefan,stefan,catboost,5.0,0.75,24.6005,2,Stefan 앵커 + 부스팅 잔차(λ=0.75) · Stefan 증강(r=5)
loro,anchored,stefan,stefan,catboost,5.0,1.0,24.601666666666667,2,Stefan 앵커 + 부스팅 잔차(λ=1) · Stefan 증강(r=5)
loro,anchored,stefan,stefan,catboost,10.0,0.0,24.5985,2,Stefan 앵커 + 부스팅 잔차(λ=0) · Stefan 증강(r=10)
loro,anchored,stefan,stefan,catboost,10.0,0.25,24.5985,2,Stefan 앵커 + 부스팅 잔차(λ=0.25) · Stefan 증강(r=10)
loro,anchored,stefan,stefan,catboost,10.0,0.5,24.598999999999997,2,Stefan 앵커 + 부스팅 잔차(λ=0.5) · Stefan 증강(r=10)
loro,anchored,stefan,stefan,catboost,10.0,0.75,24.5995,2,Stefan 앵커 + 부스팅 잔차(λ=0.75) · Stefan 증강(r=10)
loro,anchored,stefan,stefan,catboost,10.0,1.0,24.599833333333333,2,Stefan 앵커 + 부스팅 잔차(λ=1) · Stefan 증강(r=10)
loro,anchored,stefan,stefan,mlp,0.5,0.0,24.5985,2,Stefan 앵커 + 다층퍼셉트론 잔차(λ=0) · Stefan 증강(r=0.5)
loro,anchored,stefan,stefan,mlp,0.5,0.25,24.598833333333335,2,Stefan 앵커 + 다층퍼셉트론 잔차(λ=0.25) · Stefan 증강(r=0.5)
loro,anchored,stefan,stefan,mlp,0.5,0.5,24.59966666666667,2,Stefan 앵커 + 다층퍼셉트론 잔차(λ=0.5) · Stefan 증강(r=0.5)
loro,anchored,stefan,stefan,mlp,0.5,0.75,24.600833333333334,2,Stefan 앵커 + 다층퍼셉트론 잔차(λ=0.75) · Stefan 증강(r=0.5)
loro,anchored,stefan,stefan,mlp,0.5,1.0,24.603,2,Stefan 앵커 + 다층퍼셉트론 잔차(λ=1) · Stefan 증강(r=0.5)
loro,anchored,stefan,stefan,mlp,1.0,0.0,24.5985,2,Stefan 앵커 + 다층퍼셉트론 잔차(λ=0) · Stefan 증강(r=1)
loro,anchored,stefan,stefan,mlp,1.0,0.25,24.594,2,Stefan 앵커 + 다층퍼셉트론 잔차(λ=0.25) · Stefan 증강(r=1)
loro,anchored,stefan,stefan,mlp,1.0,0.5,24.589666666666666,2,Stefan 앵커 + 다층퍼셉트론 잔차(λ=0.5) · Stefan 증강(r=1)
loro,anchored,stefan,stefan,mlp,1.0,0.75,24.585833333333333,2,Stefan 앵커 + 다층퍼셉트론 잔차(λ=0.75) · Stefan 증강(r=1)
loro,anchored,stefan,stefan,mlp,1.0,1.0,24.58233333333333,2,Stefan 앵커 + 다층퍼셉트론 잔차(λ=1) · Stefan 증강(r=1)
loro,anchored,stefan,stefan,mlp,2.0,0.0,24.5985,2,Stefan 앵커 + 다층퍼셉트론 잔차(λ=0) · Stefan 증강(r=2)
loro,anchored,stefan,stefan,mlp,2.0,0.25,24.597666666666665,2,Stefan 앵커 + 다층퍼셉트론 잔차(λ=0.25) · Stefan 증강(r=2)
loro,anchored,stefan,stefan,mlp,2.0,0.5,24.597166666666666,2,Stefan 앵커 + 다층퍼셉트론 잔차(λ=0.5) · Stefan 증강(r=2)
loro,anchored,stefan,stefan,mlp,2.0,0.75,24.596666666666668,2,Stefan 앵커 + 다층퍼셉트론 잔차(λ=0.75) · Stefan 증강(r=2)
loro,anchored,stefan,stefan,mlp,2.0,1.0,24.596333333333334,2,Stefan 앵커 + 다층퍼셉트론 잔차(λ=1) · Stefan 증강(r=2)
loro,anchored,stefan,stefan,mlp,5.0,0.0,24.5985,2,Stefan 앵커 + 다층퍼셉트론 잔차(λ=0) · Stefan 증강(r=5)
loro,anchored,stefan,stefan,mlp,5.0,0.25,24.596333333333334,2,Stefan 앵커 + 다층퍼셉트론 잔차(λ=0.25) · Stefan 증강(r=5)
loro,anchored,stefan,stefan,mlp,5.0,0.5,24.59466666666667,2,Stefan 앵커 + 다층퍼셉트론 잔차(λ=0.5) · Stefan 증강(r=5)
loro,anchored,stefan,stefan,mlp,5.0,0.75,24.593,2,Stefan 앵커 + 다층퍼셉트론 잔차(λ=0.75) · Stefan 증강(r=5)
loro,anchored,stefan,stefan,mlp,5.0,1.0,24.591499999999996,2,Stefan 앵커 + 다층퍼셉트론 잔차(λ=1) · Stefan 증강(r=5)
loro,anchored,stefan,stefan,mlp,10.0,0.0,24.5985,2,Stefan 앵커 + 다층퍼셉트론 잔차(λ=0) · Stefan 증강(r=10)
loro,anchored,stefan,stefan,mlp,10.0,0.25,24.598333333333333,2,Stefan 앵커 + 다층퍼셉트론 잔차(λ=0.25) · Stefan 증강(r=10)
loro,anchored,stefan,stefan,mlp,10.0,0.5,24.598666666666666,2,Stefan 앵커 + 다층퍼셉트론 잔차(λ=0.5) · Stefan 증강(r=10)
loro,anchored,stefan,stefan,mlp,10.0,0.75,24.59833333333333,2,Stefan 앵커 + 다층퍼셉트론 잔차(λ=0.75) · Stefan 증강(r=10)
loro,anchored,stefan,stefan,mlp,10.0,1.0,24.5985,2,Stefan 앵커 + 다층퍼셉트론 잔차(λ=1) · Stefan 증강(r=10)
loro,anchored,stefan,stefan,ridge,0.5,0.0,24.5985,2,Stefan 앵커 + 선형 잔차(λ=0) · Stefan 증강(r=0.5)
loro,anchored,stefan,stefan,ridge,0.5,0.25,24.585166666666666,2,Stefan 앵커 + 선형 잔차(λ=0.25) · Stefan 증강(r=0.5)
loro,anchored,stefan,stefan,ridge,0.5,0.5,24.586833333333335,2,Stefan 앵커 + 선형 잔차(λ=0.5) · Stefan 증강(r=0.5)
loro,anchored,stefan,stefan,ridge,0.5,0.75,24.602666666666664,2,Stefan 앵커 + 선형 잔차(λ=0.75) · Stefan 증강(r=0.5)
loro,anchored,stefan,stefan,ridge,0.5,1.0,24.633499999999998,2,Stefan 앵커 + 선형 잔차(λ=1) · Stefan 증강(r=0.5)
loro,anchored,stefan,stefan,ridge,1.0,0.0,24.5985,2,Stefan 앵커 + 선형 잔차(λ=0) · Stefan 증강(r=1)
loro,anchored,stefan,stefan,ridge,1.0,0.25,24.587333333333333,2,Stefan 앵커 + 선형 잔차(λ=0.25) · Stefan 증강(r=1)
loro,anchored,stefan,stefan,ridge,1.0,0.5,24.5835,2,Stefan 앵커 + 선형 잔차(λ=0.5) · Stefan 증강(r=1)
loro,anchored,stefan,stefan,ridge,1.0,0.75,24.587,2,Stefan 앵커 + 선형 잔차(λ=0.75) · Stefan 증강(r=1)
loro,anchored,stefan,stefan,ridge,1.0,1.0,24.59766666666666,2,Stefan 앵커 + 선형 잔차(λ=1) · Stefan 증강(r=1)
loro,anchored,stefan,stefan,ridge,2.0,0.0,24.5985,2,Stefan 앵커 + 선형 잔차(λ=0) · Stefan 증강(r=2)
loro,anchored,stefan,stefan,ridge,2.0,0.25,24.5905,2,Stefan 앵커 + 선형 잔차(λ=0.25) · Stefan 증강(r=2)
loro,anchored,stefan,stefan,ridge,2.0,0.5,24.586,2,Stefan 앵커 + 선형 잔차(λ=0.5) · Stefan 증강(r=2)
loro,anchored,stefan,stefan,ridge,2.0,0.75,24.58483333333333,2,Stefan 앵커 + 선형 잔차(λ=0.75) · Stefan 증강(r=2)
loro,anchored,stefan,stefan,ridge,2.0,1.0,24.58683333333333,2,Stefan 앵커 + 선형 잔차(λ=1) · Stefan 증강(r=2)
loro,anchored,stefan,stefan,ridge,5.0,0.0,24.5985,2,Stefan 앵커 + 선형 잔차(λ=0) · Stefan 증강(r=5)
loro,anchored,stefan,stefan,ridge,5.0,0.25,24.595333333333333,2,Stefan 앵커 + 선형 잔차(λ=0.25) · Stefan 증강(r=5)
loro,anchored,stefan,stefan,ridge,5.0,0.5,24.59466666666667,2,Stefan 앵커 + 선형 잔차(λ=0.5) · Stefan 증강(r=5)
loro,anchored,stefan,stefan,ridge,5.0,0.75,24.595,2,Stefan 앵커 + 선형 잔차(λ=0.75) · Stefan 증강(r=5)
loro,anchored,stefan,stefan,ridge,5.0,1.0,24.596666666666668,2,Stefan 앵커 + 선형 잔차(λ=1) · Stefan 증강(r=5)
loro,anchored,stefan,stefan,ridge,10.0,0.0,24.5985,2,Stefan 앵커 + 선형 잔차(λ=0) · Stefan 증강(r=10)
loro,anchored,stefan,stefan,ridge,10.0,0.25,24.597166666666666,2,Stefan 앵커 + 선형 잔차(λ=0.25) · Stefan 증강(r=10)
loro,anchored,stefan,stefan,ridge,10.0,0.5,24.597166666666666,2,Stefan 앵커 + 선형 잔차(λ=0.5) · Stefan 증강(r=10)
loro,anchored,stefan,stefan,ridge,10.0,0.75,24.59766666666667,2,Stefan 앵커 + 선형 잔차(λ=0.75) · Stefan 증강(r=10)
loro,anchored,stefan,stefan,ridge,10.0,1.0,24.598999999999997,2,Stefan 앵커 + 선형 잔차(λ=1) · Stefan 증강(r=10)
loro,anchored,stefan,stefan_cci,catboost,0.5,0.0,24.5985,2,Stefan 앵커 + 부스팅 잔차(λ=0) · Stefan+위성 증강(r=0.5)
loro,anchored,stefan,stefan_cci,catboost,0.5,0.25,24.045333333333332,2,Stefan 앵커 + 부스팅 잔차(λ=0.25) · Stefan+위성 증강(r=0.5)
loro,anchored,stefan,stefan_cci,catboost,0.5,0.5,23.721666666666668,2,Stefan 앵커 + 부스팅 잔차(λ=0.5) · Stefan+위성 증강(r=0.5)
loro,anchored,stefan,stefan_cci,catboost,0.5,0.75,23.636833333333335,2,Stefan 앵커 + 부스팅 잔차(λ=0.75) · Stefan+위성 증강(r=0.5)
loro,anchored,stefan,stefan_cci,catboost,0.5,1.0,23.793166666666664,2,Stefan 앵커 + 부스팅 잔차(λ=1) · Stefan+위성 증강(r=0.5)
loro,anchored,stefan,stefan_cci,catboost,1.0,0.0,24.5985,2,Stefan 앵커 + 부스팅 잔차(λ=0) · Stefan+위성 증강(r=1)
loro,anchored,stefan,stefan_cci,catboost,1.0,0.25,24.039166666666667,2,Stefan 앵커 + 부스팅 잔차(λ=0.25) · Stefan+위성 증강(r=1)
loro,anchored,stefan,stefan_cci,catboost,1.0,0.5,23.712833333333336,2,Stefan 앵커 + 부스팅 잔차(λ=0.5) · Stefan+위성 증강(r=1)
loro,anchored,stefan,stefan_cci,catboost,1.0,0.75,23.628666666666668,2,Stefan 앵커 + 부스팅 잔차(λ=0.75) · Stefan+위성 증강(r=1)
loro,anchored,stefan,stefan_cci,catboost,1.0,1.0,23.788666666666664,2,Stefan 앵커 + 부스팅 잔차(λ=1) · Stefan+위성 증강(r=1)
loro,anchored,stefan,stefan_cci,catboost,2.0,0.0,24.5985,2,Stefan 앵커 + 부스팅 잔차(λ=0) · Stefan+위성 증강(r=2)
loro,anchored,stefan,stefan_cci,catboost,2.0,0.25,24.038833333333336,2,Stefan 앵커 + 부스팅 잔차(λ=0.25) · Stefan+위성 증강(r=2)
loro,anchored,stefan,stefan_cci,catboost,2.0,0.5,23.713833333333334,2,Stefan 앵커 + 부스팅 잔차(λ=0.5) · Stefan+위성 증강(r=2)
loro,anchored,stefan,stefan_cci,catboost,2.0,0.75,23.633833333333335,2,Stefan 앵커 + 부스팅 잔차(λ=0.75) · Stefan+위성 증강(r=2)
loro,anchored,stefan,stefan_cci,catboost,2.0,1.0,23.800333333333334,2,Stefan 앵커 + 부스팅 잔차(λ=1) · Stefan+위성 증강(r=2)
loro,anchored,stefan,stefan_cci,catboost,5.0,0.0,24.5985,2,Stefan 앵커 + 부스팅 잔차(λ=0) · Stefan+위성 증강(r=5)
loro,anchored,stefan,stefan_cci,catboost,5.0,0.25,24.043833333333335,2,Stefan 앵커 + 부스팅 잔차(λ=0.25) · Stefan+위성 증강(r=5)
loro,anchored,stefan,stefan_cci,catboost,5.0,0.5,23.726,2,Stefan 앵커 + 부스팅 잔차(λ=0.5) · Stefan+위성 증강(r=5)
loro,anchored,stefan,stefan_cci,catboost,5.0,0.75,23.654,2,Stefan 앵커 + 부스팅 잔차(λ=0.75) · Stefan+위성 증강(r=5)
loro,anchored,stefan,stefan_cci,catboost,5.0,1.0,23.830166666666663,2,Stefan 앵커 + 부스팅 잔차(λ=1) · Stefan+위성 증강(r=5)
loro,anchored,stefan,stefan_cci,catboost,10.0,0.0,24.5985,2,Stefan 앵커 + 부스팅 잔차(λ=0) · Stefan+위성 증강(r=10)
loro,anchored,stefan,stefan_cci,catboost,10.0,0.25,24.04566666666667,2,Stefan 앵커 + 부스팅 잔차(λ=0.25) · Stefan+위성 증강(r=10)
loro,anchored,stefan,stefan_cci,catboost,10.0,0.5,23.730166666666666,2,Stefan 앵커 + 부스팅 잔차(λ=0.5) · Stefan+위성 증강(r=10)
loro,anchored,stefan,stefan_cci,catboost,10.0,0.75,23.66166666666667,2,Stefan 앵커 + 부스팅 잔차(λ=0.75) · Stefan+위성 증강(r=10)
loro,anchored,stefan,stefan_cci,catboost,10.0,1.0,23.840833333333336,2,Stefan 앵커 + 부스팅 잔차(λ=1) · Stefan+위성 증강(r=10)
loro,anchored,stefan,stefan_cci,mlp,0.5,0.0,24.5985,2,Stefan 앵커 + 다층퍼셉트론 잔차(λ=0) · Stefan+위성 증강(r=0.5)
loro,anchored,stefan,stefan_cci,mlp,0.5,0.25,24.081666666666663,2,Stefan 앵커 + 다층퍼셉트론 잔차(λ=0.25) · Stefan+위성 증강(r=0.5)
loro,anchored,stefan,stefan_cci,mlp,0.5,0.5,23.807,2,Stefan 앵커 + 다층퍼셉트론 잔차(λ=0.5) · Stefan+위성 증강(r=0.5)
loro,anchored,stefan,stefan_cci,mlp,0.5,0.75,23.782833333333336,2,Stefan 앵커 + 다층퍼셉트론 잔차(λ=0.75) · Stefan+위성 증강(r=0.5)
loro,anchored,stefan,stefan_cci,mlp,0.5,1.0,24.009,2,Stefan 앵커 + 다층퍼셉트론 잔차(λ=1) · Stefan+위성 증강(r=0.5)
loro,anchored,stefan,stefan_cci,mlp,1.0,0.0,24.5985,2,Stefan 앵커 + 다층퍼셉트론 잔차(λ=0) · Stefan+위성 증강(r=1)
loro,anchored,stefan,stefan_cci,mlp,1.0,0.25,24.086666666666666,2,Stefan 앵커 + 다층퍼셉트론 잔차(λ=0.25) · Stefan+위성 증강(r=1)
loro,anchored,stefan,stefan_cci,mlp,1.0,0.5,23.83066666666667,2,Stefan 앵커 + 다층퍼셉트론 잔차(λ=0.5) · Stefan+위성 증강(r=1)
loro,anchored,stefan,stefan_cci,mlp,1.0,0.75,23.838500000000003,2,Stefan 앵커 + 다층퍼셉트론 잔차(λ=0.75) · Stefan+위성 증강(r=1)
loro,anchored,stefan,stefan_cci,mlp,1.0,1.0,24.109666666666666,2,Stefan 앵커 + 다층퍼셉트론 잔차(λ=1) · Stefan+위성 증강(r=1)
loro,anchored,stefan,stefan_cci,mlp,2.0,0.0,24.5985,2,Stefan 앵커 + 다층퍼셉트론 잔차(λ=0) · Stefan+위성 증강(r=2)
loro,anchored,stefan,stefan_cci,mlp,2.0,0.25,24.073,2,Stefan 앵커 + 다층퍼셉트론 잔차(λ=0.25) · Stefan+위성 증강(r=2)
loro,anchored,stefan,stefan_cci,mlp,2.0,0.5,23.794,2,Stefan 앵커 + 다층퍼셉트론 잔차(λ=0.5) · Stefan+위성 증강(r=2)
loro,anchored,stefan,stefan_cci,mlp,2.0,0.75,23.769666666666666,2,Stefan 앵커 + 다층퍼셉트론 잔차(λ=0.75) · Stefan+위성 증강(r=2)
loro,anchored,stefan,stefan_cci,mlp,2.0,1.0,24.0,2,Stefan 앵커 + 다층퍼셉트론 잔차(λ=1) · Stefan+위성 증강(r=2)
loro,anchored,stefan,stefan_cci,mlp,5.0,0.0,24.5985,2,Stefan 앵커 + 다층퍼셉트론 잔차(λ=0) · Stefan+위성 증강(r=5)
loro,anchored,stefan,stefan_cci,mlp,5.0,0.25,24.076833333333333,2,Stefan 앵커 + 다층퍼셉트론 잔차(λ=0.25) · Stefan+위성 증강(r=5)
loro,anchored,stefan,stefan_cci,mlp,5.0,0.5,23.796499999999998,2,Stefan 앵커 + 다층퍼셉트론 잔차(λ=0.5) · Stefan+위성 증강(r=5)
loro,anchored,stefan,stefan_cci,mlp,5.0,0.75,23.765666666666668,2,Stefan 앵커 + 다층퍼셉트론 잔차(λ=0.75) · Stefan+위성 증강(r=5)
loro,anchored,stefan,stefan_cci,mlp,5.0,1.0,23.984333333333332,2,Stefan 앵커 + 다층퍼셉트론 잔차(λ=1) · Stefan+위성 증강(r=5)
loro,anchored,stefan,stefan_cci,mlp,10.0,0.0,24.5985,2,Stefan 앵커 + 다층퍼셉트론 잔차(λ=0) · Stefan+위성 증강(r=10)
loro,anchored,stefan,stefan_cci,mlp,10.0,0.25,24.060833333333335,2,Stefan 앵커 + 다층퍼셉트론 잔차(λ=0.25) · Stefan+위성 증강(r=10)
loro,anchored,stefan,stefan_cci,mlp,10.0,0.5,23.773666666666667,2,Stefan 앵커 + 다층퍼셉트론 잔차(λ=0.5) · Stefan+위성 증강(r=10)
loro,anchored,stefan,stefan_cci,mlp,10.0,0.75,23.745,2,Stefan 앵커 + 다층퍼셉트론 잔차(λ=0.75) · Stefan+위성 증강(r=10)
loro,anchored,stefan,stefan_cci,mlp,10.0,1.0,23.9755,2,Stefan 앵커 + 다층퍼셉트론 잔차(λ=1) · Stefan+위성 증강(r=10)
loro,anchored,stefan,stefan_cci,ridge,0.5,0.0,24.5985,2,Stefan 앵커 + 선형 잔차(λ=0) · Stefan+위성 증강(r=0.5)
loro,anchored,stefan,stefan_cci,ridge,0.5,0.25,24.049166666666665,2,Stefan 앵커 + 선형 잔차(λ=0.25) · Stefan+위성 증강(r=0.5)
loro,anchored,stefan,stefan_cci,ridge,0.5,0.5,23.727666666666668,2,Stefan 앵커 + 선형 잔차(λ=0.5) · Stefan+위성 증강(r=0.5)
loro,anchored,stefan,stefan_cci,ridge,0.5,0.75,23.642333333333333,2,Stefan 앵커 + 선형 잔차(λ=0.75) · Stefan+위성 증강(r=0.5)
loro,anchored,stefan,stefan_cci,ridge,0.5,1.0,23.797,2,Stefan 앵커 + 선형 잔차(λ=1) · Stefan+위성 증강(r=0.5)
loro,anchored,stefan,stefan_cci,ridge,1.0,0.0,24.5985,2,Stefan 앵커 + 선형 잔차(λ=0) · Stefan+위성 증강(r=1)
loro,anchored,stefan,stefan_cci,ridge,1.0,0.25,24.052999999999997,2,Stefan 앵커 + 선형 잔차(λ=0.25) · Stefan+위성 증강(r=1)
loro,anchored,stefan,stefan_cci,ridge,1.0,0.5,23.73766666666667,2,Stefan 앵커 + 선형 잔차(λ=0.5) · Stefan+위성 증강(r=1)
loro,anchored,stefan,stefan_cci,ridge,1.0,0.75,23.661833333333334,2,Stefan 앵커 + 선형 잔차(λ=0.75) · Stefan+위성 증강(r=1)
loro,anchored,stefan,stefan_cci,ridge,1.0,1.0,23.827333333333332,2,Stefan 앵커 + 선형 잔차(λ=1) · Stefan+위성 증강(r=1)
loro,anchored,stefan,stefan_cci,ridge,2.0,0.0,24.5985,2,Stefan 앵커 + 선형 잔차(λ=0) · Stefan+위성 증강(r=2)
loro,anchored,stefan,stefan_cci,ridge,2.0,0.25,24.058833333333332,2,Stefan 앵커 + 선형 잔차(λ=0.25) · Stefan+위성 증강(r=2)
loro,anchored,stefan,stefan_cci,ridge,2.0,0.5,23.751499999999997,2,Stefan 앵커 + 선형 잔차(λ=0.5) · Stefan+위성 증강(r=2)
loro,anchored,stefan,stefan_cci,ridge,2.0,0.75,23.685333333333332,2,Stefan 앵커 + 선형 잔차(λ=0.75) · Stefan+위성 증강(r=2)
loro,anchored,stefan,stefan_cci,ridge,2.0,1.0,23.861833333333333,2,Stefan 앵커 + 선형 잔차(λ=1) · Stefan+위성 증강(r=2)
loro,anchored,stefan,stefan_cci,ridge,5.0,0.0,24.5985,2,Stefan 앵커 + 선형 잔차(λ=0) · Stefan+위성 증강(r=5)
loro,anchored,stefan,stefan_cci,ridge,5.0,0.25,24.064500000000002,2,Stefan 앵커 + 선형 잔차(λ=0.25) · Stefan+위성 증강(r=5)
loro,anchored,stefan,stefan_cci,ridge,5.0,0.5,23.765833333333333,2,Stefan 앵커 + 선형 잔차(λ=0.5) · Stefan+위성 증강(r=5)
loro,anchored,stefan,stefan_cci,ridge,5.0,0.75,23.7115,2,Stefan 앵커 + 선형 잔차(λ=0.75) · Stefan+위성 증강(r=5)
loro,anchored,stefan,stefan_cci,ridge,5.0,1.0,23.902166666666666,2,Stefan 앵커 + 선형 잔차(λ=1) · Stefan+위성 증강(r=5)
loro,anchored,stefan,stefan_cci,ridge,10.0,0.0,24.5985,2,Stefan 앵커 + 선형 잔차(λ=0) · Stefan+위성 증강(r=10)
loro,anchored,stefan,stefan_cci,ridge,10.0,0.25,24.065333333333335,2,Stefan 앵커 + 선형 잔차(λ=0.25) · Stefan+위성 증강(r=10)
loro,anchored,stefan,stefan_cci,ridge,10.0,0.5,23.769166666666667,2,Stefan 앵커 + 선형 잔차(λ=0.5) · Stefan+위성 증강(r=10)
loro,anchored,stefan,stefan_cci,ridge,10.0,0.75,23.718333333333334,2,Stefan 앵커 + 선형 잔차(λ=0.75) · Stefan+위성 증강(r=10)
loro,anchored,stefan,stefan_cci,ridge,10.0,1.0,23.914166666666667,2,Stefan 앵커 + 선형 잔차(λ=1) · Stefan+위성 증강(r=10)
loro,anchored,stefan_cci,cci,catboost,0.5,0.0,23.266,2,Stefan+위성제품 앵커 + 부스팅 잔차(λ=0) · 위성제품 증강(r=0.5)
loro,anchored,stefan_cci,cci,catboost,0.5,0.25,23.66233333333333,2,Stefan+위성제품 앵커 + 부스팅 잔차(λ=0.25) · 위성제품 증강(r=0.5)
loro,anchored,stefan_cci,cci,catboost,0.5,0.5,24.287333333333333,2,Stefan+위성제품 앵커 + 부스팅 잔차(λ=0.5) · 위성제품 증강(r=0.5)
loro,anchored,stefan_cci,cci,catboost,0.5,0.75,25.123666666666665,2,Stefan+위성제품 앵커 + 부스팅 잔차(λ=0.75) · 위성제품 증강(r=0.5)
loro,anchored,stefan_cci,cci,catboost,0.5,1.0,26.14966666666667,2,Stefan+위성제품 앵커 + 부스팅 잔차(λ=1) · 위성제품 증강(r=0.5)
loro,anchored,stefan_cci,cci,catboost,1.0,0.0,23.266,2,Stefan+위성제품 앵커 + 부스팅 잔차(λ=0) · 위성제품 증강(r=1)
loro,anchored,stefan_cci,cci,catboost,1.0,0.25,23.667499999999997,2,Stefan+위성제품 앵커 + 부스팅 잔차(λ=0.25) · 위성제품 증강(r=1)
loro,anchored,stefan_cci,cci,catboost,1.0,0.5,24.299999999999997,2,Stefan+위성제품 앵커 + 부스팅 잔차(λ=0.5) · 위성제품 증강(r=1)
loro,anchored,stefan_cci,cci,catboost,1.0,0.75,25.1455,2,Stefan+위성제품 앵커 + 부스팅 잔차(λ=0.75) · 위성제품 증강(r=1)
loro,anchored,stefan_cci,cci,catboost,1.0,1.0,26.182666666666663,2,Stefan+위성제품 앵커 + 부스팅 잔차(λ=1) · 위성제품 증강(r=1)
loro,anchored,stefan_cci,cci,catboost,2.0,0.0,23.266,2,Stefan+위성제품 앵커 + 부스팅 잔차(λ=0) · 위성제품 증강(r=2)
loro,anchored,stefan_cci,cci,catboost,2.0,0.25,23.670499999999997,2,Stefan+위성제품 앵커 + 부스팅 잔차(λ=0.25) · 위성제품 증강(r=2)
loro,anchored,stefan_cci,cci,catboost,2.0,0.5,24.307833333333335,2,Stefan+위성제품 앵커 + 부스팅 잔차(λ=0.5) · 위성제품 증강(r=2)
loro,anchored,stefan_cci,cci,catboost,2.0,0.75,25.160000000000004,2,Stefan+위성제품 앵커 + 부스팅 잔차(λ=0.75) · 위성제품 증강(r=2)
loro,anchored,stefan_cci,cci,catboost,2.0,1.0,26.205166666666667,2,Stefan+위성제품 앵커 + 부스팅 잔차(λ=1) · 위성제품 증강(r=2)
loro,anchored,stefan_cci,cci,catboost,5.0,0.0,23.266,2,Stefan+위성제품 앵커 + 부스팅 잔차(λ=0) · 위성제품 증강(r=5)
loro,anchored,stefan_cci,cci,catboost,5.0,0.25,23.676333333333332,2,Stefan+위성제품 앵커 + 부스팅 잔차(λ=0.25) · 위성제품 증강(r=5)
loro,anchored,stefan_cci,cci,catboost,5.0,0.5,24.32133333333333,2,Stefan+위성제품 앵커 + 부스팅 잔차(λ=0.5) · 위성제품 증강(r=5)
loro,anchored,stefan_cci,cci,catboost,5.0,0.75,25.181000000000004,2,Stefan+위성제품 앵커 + 부스팅 잔차(λ=0.75) · 위성제품 증강(r=5)
loro,anchored,stefan_cci,cci,catboost,5.0,1.0,26.234499999999997,2,Stefan+위성제품 앵커 + 부스팅 잔차(λ=1) · 위성제품 증강(r=5)
loro,anchored,stefan_cci,cci,catboost,10.0,0.0,23.266,2,Stefan+위성제품 앵커 + 부스팅 잔차(λ=0) · 위성제품 증강(r=10)
loro,anchored,stefan_cci,cci,catboost,10.0,0.25,23.678333333333335,2,Stefan+위성제품 앵커 + 부스팅 잔차(λ=0.25) · 위성제품 증강(r=10)
loro,anchored,stefan_cci,cci,catboost,10.0,0.5,24.325166666666668,2,Stefan+위성제품 앵커 + 부스팅 잔차(λ=0.5) · 위성제품 증강(r=10)
loro,anchored,stefan_cci,cci,catboost,10.0,0.75,25.188000000000002,2,Stefan+위성제품 앵커 + 부스팅 잔차(λ=0.75) · 위성제품 증강(r=10)
loro,anchored,stefan_cci,cci,catboost,10.0,1.0,26.244166666666665,2,Stefan+위성제품 앵커 + 부스팅 잔차(λ=1) · 위성제품 증강(r=10)
loro,anchored,stefan_cci,cci,mlp,0.5,0.0,23.266,2,Stefan+위성제품 앵커 + 다층퍼셉트론 잔차(λ=0) · 위성제품 증강(r=0.5)
loro,anchored,stefan_cci,cci,mlp,0.5,0.25,23.681333333333335,2,Stefan+위성제품 앵커 + 다층퍼셉트론 잔차(λ=0.25) · 위성제품 증강(r=0.5)
loro,anchored,stefan_cci,cci,mlp,0.5,0.5,24.329,2,Stefan+위성제품 앵커 + 다층퍼셉트론 잔차(λ=0.5) · 위성제품 증강(r=0.5)
loro,anchored,stefan_cci,cci,mlp,0.5,0.75,25.190666666666665,2,Stefan+위성제품 앵커 + 다층퍼셉트론 잔차(λ=0.75) · 위성제품 증강(r=0.5)
loro,anchored,stefan_cci,cci,mlp,0.5,1.0,26.244500000000002,2,Stefan+위성제품 앵커 + 다층퍼셉트론 잔차(λ=1) · 위성제품 증강(r=0.5)
loro,anchored,stefan_cci,cci,mlp,1.0,0.0,23.266,2,Stefan+위성제품 앵커 + 다층퍼셉트론 잔차(λ=0) · 위성제품 증강(r=1)
loro,anchored,stefan_cci,cci,mlp,1.0,0.25,23.6765,2,Stefan+위성제품 앵커 + 다층퍼셉트론 잔차(λ=0.25) · 위성제품 증강(r=1)
loro,anchored,stefan_cci,cci,mlp,1.0,0.5,24.319666666666667,2,Stefan+위성제품 앵커 + 다층퍼셉트론 잔차(λ=0.5) · 위성제품 증강(r=1)
loro,anchored,stefan_cci,cci,mlp,1.0,0.75,25.177833333333336,2,Stefan+위성제품 앵커 + 다층퍼셉트론 잔차(λ=0.75) · 위성제품 증강(r=1)
loro,anchored,stefan_cci,cci,mlp,1.0,1.0,26.22833333333333,2,Stefan+위성제품 앵커 + 다층퍼셉트론 잔차(λ=1) · 위성제품 증강(r=1)
loro,anchored,stefan_cci,cci,mlp,2.0,0.0,23.266,2,Stefan+위성제품 앵커 + 다층퍼셉트론 잔차(λ=0) · 위성제품 증강(r=2)
loro,anchored,stefan_cci,cci,mlp,2.0,0.25,23.673000000000002,2,Stefan+위성제품 앵커 + 다층퍼셉트론 잔차(λ=0.25) · 위성제품 증강(r=2)
loro,anchored,stefan_cci,cci,mlp,2.0,0.5,24.311833333333333,2,Stefan+위성제품 앵커 + 다층퍼셉트론 잔차(λ=0.5) · 위성제품 증강(r=2)
loro,anchored,stefan_cci,cci,mlp,2.0,0.75,25.16433333333333,2,Stefan+위성제품 앵커 + 다층퍼셉트론 잔차(λ=0.75) · 위성제품 증강(r=2)
loro,anchored,stefan_cci,cci,mlp,2.0,1.0,26.2085,2,Stefan+위성제품 앵커 + 다층퍼셉트론 잔차(λ=1) · 위성제품 증강(r=2)
loro,anchored,stefan_cci,cci,mlp,5.0,0.0,23.266,2,Stefan+위성제품 앵커 + 다층퍼셉트론 잔차(λ=0) · 위성제품 증강(r=5)
loro,anchored,stefan_cci,cci,mlp,5.0,0.25,23.679166666666664,2,Stefan+위성제품 앵커 + 다층퍼셉트론 잔차(λ=0.25) · 위성제품 증강(r=5)
loro,anchored,stefan_cci,cci,mlp,5.0,0.5,24.325999999999997,2,Stefan+위성제품 앵커 + 다층퍼셉트론 잔차(λ=0.5) · 위성제품 증강(r=5)
loro,anchored,stefan_cci,cci,mlp,5.0,0.75,25.188000000000002,2,Stefan+위성제품 앵커 + 다층퍼셉트론 잔차(λ=0.75) · 위성제품 증강(r=5)
loro,anchored,stefan_cci,cci,mlp,5.0,1.0,26.243333333333332,2,Stefan+위성제품 앵커 + 다층퍼셉트론 잔차(λ=1) · 위성제품 증강(r=5)
loro,anchored,stefan_cci,cci,mlp,10.0,0.0,23.266,2,Stefan+위성제품 앵커 + 다층퍼셉트론 잔차(λ=0) · 위성제품 증강(r=10)
loro,anchored,stefan_cci,cci,mlp,10.0,0.25,23.679666666666666,2,Stefan+위성제품 앵커 + 다층퍼셉트론 잔차(λ=0.25) · 위성제품 증강(r=10)
loro,anchored,stefan_cci,cci,mlp,10.0,0.5,24.324333333333332,2,Stefan+위성제품 앵커 + 다층퍼셉트론 잔차(λ=0.5) · 위성제품 증강(r=10)
loro,anchored,stefan_cci,cci,mlp,10.0,0.75,25.1815,2,Stefan+위성제품 앵커 + 다층퍼셉트론 잔차(λ=0.75) · 위성제품 증강(r=10)
loro,anchored,stefan_cci,cci,mlp,10.0,1.0,26.23016666666667,2,Stefan+위성제품 앵커 + 다층퍼셉트론 잔차(λ=1) · 위성제품 증강(r=10)
loro,anchored,stefan_cci,cci,ridge,0.5,0.0,23.266,2,Stefan+위성제품 앵커 + 선형 잔차(λ=0) · 위성제품 증강(r=0.5)
loro,anchored,stefan_cci,cci,ridge,0.5,0.25,23.54416666666667,2,Stefan+위성제품 앵커 + 선형 잔차(λ=0.25) · 위성제품 증강(r=0.5)
loro,anchored,stefan_cci,cci,ridge,0.5,0.5,24.036,2,Stefan+위성제품 앵커 + 선형 잔차(λ=0.5) · 위성제품 증강(r=0.5)
loro,anchored,stefan_cci,cci,ridge,0.5,0.75,24.729,2,Stefan+위성제품 앵커 + 선형 잔차(λ=0.75) · 위성제품 증강(r=0.5)
loro,anchored,stefan_cci,cci,ridge,0.5,1.0,25.607,2,Stefan+위성제품 앵커 + 선형 잔차(λ=1) · 위성제품 증강(r=0.5)
loro,anchored,stefan_cci,cci,ridge,1.0,0.0,23.266,2,Stefan+위성제품 앵커 + 선형 잔차(λ=0) · 위성제품 증강(r=1)
loro,anchored,stefan_cci,cci,ridge,1.0,0.25,23.597166666666666,2,Stefan+위성제품 앵커 + 선형 잔차(λ=0.25) · 위성제품 증강(r=1)
loro,anchored,stefan_cci,cci,ridge,1.0,0.5,24.149,2,Stefan+위성제품 앵커 + 선형 잔차(λ=0.5) · 위성제품 증강(r=1)
loro,anchored,stefan_cci,cci,ridge,1.0,0.75,24.906333333333333,2,Stefan+위성제품 앵커 + 선형 잔차(λ=0.75) · 위성제품 증강(r=1)
loro,anchored,stefan_cci,cci,ridge,1.0,1.0,25.851333333333336,2,Stefan+위성제품 앵커 + 선형 잔차(λ=1) · 위성제품 증강(r=1)
loro,anchored,stefan_cci,cci,ridge,2.0,0.0,23.266,2,Stefan+위성제품 앵커 + 선형 잔차(λ=0) · 위성제품 증강(r=2)
loro,anchored,stefan_cci,cci,ridge,2.0,0.25,23.634833333333333,2,Stefan+위성제품 앵커 + 선형 잔차(λ=0.25) · 위성제품 증강(r=2)
loro,anchored,stefan_cci,cci,ridge,2.0,0.5,24.229,2,Stefan+위성제품 앵커 + 선형 잔차(λ=0.5) · 위성제품 증강(r=2)
loro,anchored,stefan_cci,cci,ridge,2.0,0.75,25.032166666666665,2,Stefan+위성제품 앵커 + 선형 잔차(λ=0.75) · 위성제품 증강(r=2)
loro,anchored,stefan_cci,cci,ridge,2.0,1.0,26.024,2,Stefan+위성제품 앵커 + 선형 잔차(λ=1) · 위성제품 증강(r=2)
loro,anchored,stefan_cci,cci,ridge,5.0,0.0,23.266,2,Stefan+위성제품 앵커 + 선형 잔차(λ=0) · 위성제품 증강(r=5)
loro,anchored,stefan_cci,cci,ridge,5.0,0.25,23.66316666666667,2,Stefan+위성제품 앵커 + 선형 잔차(λ=0.25) · 위성제품 증강(r=5)
loro,anchored,stefan_cci,cci,ridge,5.0,0.5,24.290666666666667,2,Stefan+위성제품 앵커 + 선형 잔차(λ=0.5) · 위성제품 증강(r=5)
loro,anchored,stefan_cci,cci,ridge,5.0,0.75,25.129833333333334,2,Stefan+위성제품 앵커 + 선형 잔차(λ=0.75) · 위성제품 증강(r=5)
loro,anchored,stefan_cci,cci,ridge,5.0,1.0,26.16,2,Stefan+위성제품 앵커 + 선형 잔차(λ=1) · 위성제품 증강(r=5)
loro,anchored,stefan_cci,cci,ridge,10.0,0.0,23.266,2,Stefan+위성제품 앵커 + 선형 잔차(λ=0) · 위성제품 증강(r=10)
loro,anchored,stefan_cci,cci,ridge,10.0,0.25,23.672666666666668,2,Stefan+위성제품 앵커 + 선형 잔차(λ=0.25) · 위성제품 증강(r=10)
loro,anchored,stefan_cci,cci,ridge,10.0,0.5,24.311166666666665,2,Stefan+위성제품 앵커 + 선형 잔차(λ=0.5) · 위성제품 증강(r=10)
loro,anchored,stefan_cci,cci,ridge,10.0,0.75,25.163666666666664,2,Stefan+위성제품 앵커 + 선형 잔차(λ=0.75) · 위성제품 증강(r=10)
loro,anchored,stefan_cci,cci,ridge,10.0,1.0,26.208333333333336,2,Stefan+위성제품 앵커 + 선형 잔차(λ=1) · 위성제품 증강(r=10)
loro,anchored,stefan_cci,none,catboost,0.0,0.0,23.266,2,Stefan+위성제품 앵커 + 부스팅 잔차(λ=0)
loro,anchored,stefan_cci,none,catboost,0.0,0.25,22.919333333333334,2,Stefan+위성제품 앵커 + 부스팅 잔차(λ=0.25)
loro,anchored,stefan_cci,none,catboost,0.0,0.5,23.048499999999997,2,Stefan+위성제품 앵커 + 부스팅 잔차(λ=0.5)
loro,anchored,stefan_cci,none,catboost,0.0,0.75,23.612333333333332,2,Stefan+위성제품 앵커 + 부스팅 잔차(λ=0.75)
loro,anchored,stefan_cci,none,catboost,0.0,1.0,24.547666666666665,2,Stefan+위성제품 앵커 + 부스팅 잔차(λ=1)
loro,anchored,stefan_cci,none,ridge,0.0,0.0,23.266,2,Stefan+위성제품 앵커 + 선형 잔차(λ=0)
loro,anchored,stefan_cci,none,ridge,0.0,0.25,23.0035,2,Stefan+위성제품 앵커 + 선형 잔차(λ=0.25)
loro,anchored,stefan_cci,none,ridge,0.0,0.5,24.1965,2,Stefan+위성제품 앵커 + 선형 잔차(λ=0.5)
loro,anchored,stefan_cci,none,ridge,0.0,0.75,26.646,2,Stefan+위성제품 앵커 + 선형 잔차(λ=0.75)
loro,anchored,stefan_cci,none,ridge,0.0,1.0,29.988999999999997,2,Stefan+위성제품 앵커 + 선형 잔차(λ=1)
loro,anchored,stefan_cci,stefan,catboost,0.5,0.0,23.266,2,Stefan+위성제품 앵커 + 부스팅 잔차(λ=0) · Stefan 증강(r=0.5)
loro,anchored,stefan_cci,stefan,catboost,0.5,0.25,23.112833333333334,2,Stefan+위성제품 앵커 + 부스팅 잔차(λ=0.25) · Stefan 증강(r=0.5)
loro,anchored,stefan_cci,stefan,catboost,0.5,0.5,23.211,2,Stefan+위성제품 앵커 + 부스팅 잔차(λ=0.5) · Stefan 증강(r=0.5)
loro,anchored,stefan_cci,stefan,catboost,0.5,0.75,23.558166666666665,2,Stefan+위성제품 앵커 + 부스팅 잔차(λ=0.75) · Stefan 증강(r=0.5)
loro,anchored,stefan_cci,stefan,catboost,0.5,1.0,24.143500000000003,2,Stefan+위성제품 앵커 + 부스팅 잔차(λ=1) · Stefan 증강(r=0.5)
loro,anchored,stefan_cci,stefan,catboost,1.0,0.0,23.266,2,Stefan+위성제품 앵커 + 부스팅 잔차(λ=0) · Stefan 증강(r=1)
loro,anchored,stefan_cci,stefan,catboost,1.0,0.25,23.110500000000002,2,Stefan+위성제품 앵커 + 부스팅 잔차(λ=0.25) · Stefan 증강(r=1)
loro,anchored,stefan_cci,stefan,catboost,1.0,0.5,23.206500000000002,2,Stefan+위성제품 앵커 + 부스팅 잔차(λ=0.5) · Stefan 증강(r=1)
loro,anchored,stefan_cci,stefan,catboost,1.0,0.75,23.55166666666667,2,Stefan+위성제품 앵커 + 부스팅 잔차(λ=0.75) · Stefan 증강(r=1)
loro,anchored,stefan_cci,stefan,catboost,1.0,1.0,24.1355,2,Stefan+위성제품 앵커 + 부스팅 잔차(λ=1) · Stefan 증강(r=1)
loro,anchored,stefan_cci,stefan,catboost,2.0,0.0,23.266,2,Stefan+위성제품 앵커 + 부스팅 잔차(λ=0) · Stefan 증강(r=2)
loro,anchored,stefan_cci,stefan,catboost,2.0,0.25,23.106499999999997,2,Stefan+위성제품 앵커 + 부스팅 잔차(λ=0.25) · Stefan 증강(r=2)
loro,anchored,stefan_cci,stefan,catboost,2.0,0.5,23.200000000000003,2,Stefan+위성제품 앵커 + 부스팅 잔차(λ=0.5) · Stefan 증강(r=2)
loro,anchored,stefan_cci,stefan,catboost,2.0,0.75,23.543999999999997,2,Stefan+위성제품 앵커 + 부스팅 잔차(λ=0.75) · Stefan 증강(r=2)
loro,anchored,stefan_cci,stefan,catboost,2.0,1.0,24.128,2,Stefan+위성제품 앵커 + 부스팅 잔차(λ=1) · Stefan 증강(r=2)
loro,anchored,stefan_cci,stefan,catboost,5.0,0.0,23.266,2,Stefan+위성제품 앵커 + 부스팅 잔차(λ=0) · Stefan 증강(r=5)
loro,anchored,stefan_cci,stefan,catboost,5.0,0.25,23.103833333333334,2,Stefan+위성제품 앵커 + 부스팅 잔차(λ=0.25) · Stefan 증강(r=5)
loro,anchored,stefan_cci,stefan,catboost,5.0,0.5,23.195833333333333,2,Stefan+위성제품 앵커 + 부스팅 잔차(λ=0.5) · Stefan 증강(r=5)
loro,anchored,stefan_cci,stefan,catboost,5.0,0.75,23.53933333333333,2,Stefan+위성제품 앵커 + 부스팅 잔차(λ=0.75) · Stefan 증강(r=5)
loro,anchored,stefan_cci,stefan,catboost,5.0,1.0,24.124333333333336,2,Stefan+위성제품 앵커 + 부스팅 잔차(λ=1) · Stefan 증강(r=5)
loro,anchored,stefan_cci,stefan,catboost,10.0,0.0,23.266,2,Stefan+위성제품 앵커 + 부스팅 잔차(λ=0) · Stefan 증강(r=10)
loro,anchored,stefan_cci,stefan,catboost,10.0,0.25,23.102000000000004,2,Stefan+위성제품 앵커 + 부스팅 잔차(λ=0.25) · Stefan 증강(r=10)
loro,anchored,stefan_cci,stefan,catboost,10.0,0.5,23.192999999999998,2,Stefan+위성제품 앵커 + 부스팅 잔차(λ=0.5) · Stefan 증강(r=10)
loro,anchored,stefan_cci,stefan,catboost,10.0,0.75,23.536,2,Stefan+위성제품 앵커 + 부스팅 잔차(λ=0.75) · Stefan 증강(r=10)
loro,anchored,stefan_cci,stefan,catboost,10.0,1.0,24.120999999999995,2,Stefan+위성제품 앵커 + 부스팅 잔차(λ=1) · Stefan 증강(r=10)
loro,anchored,stefan_cci,stefan,mlp,0.5,0.0,23.266,2,Stefan+위성제품 앵커 + 다층퍼셉트론 잔차(λ=0) · Stefan 증강(r=0.5)
loro,anchored,stefan_cci,stefan,mlp,0.5,0.25,23.106,2,Stefan+위성제품 앵커 + 다층퍼셉트론 잔차(λ=0.25) · Stefan 증강(r=0.5)
loro,anchored,stefan_cci,stefan,mlp,0.5,0.5,23.194666666666667,2,Stefan+위성제품 앵커 + 다층퍼셉트론 잔차(λ=0.5) · Stefan 증강(r=0.5)
loro,anchored,stefan_cci,stefan,mlp,0.5,0.75,23.53,2,Stefan+위성제품 앵커 + 다층퍼셉트론 잔차(λ=0.75) · Stefan 증강(r=0.5)
loro,anchored,stefan_cci,stefan,mlp,0.5,1.0,24.101166666666664,2,Stefan+위성제품 앵커 + 다층퍼셉트론 잔차(λ=1) · Stefan 증강(r=0.5)
loro,anchored,stefan_cci,stefan,mlp,1.0,0.0,23.266,2,Stefan+위성제품 앵커 + 다층퍼셉트론 잔차(λ=0) · Stefan 증강(r=1)
loro,anchored,stefan_cci,stefan,mlp,1.0,0.25,23.105000000000004,2,Stefan+위성제품 앵커 + 다층퍼셉트론 잔차(λ=0.25) · Stefan 증강(r=1)
loro,anchored,stefan_cci,stefan,mlp,1.0,0.5,23.189833333333333,2,Stefan+위성제품 앵커 + 다층퍼셉트론 잔차(λ=0.5) · Stefan 증강(r=1)
loro,anchored,stefan_cci,stefan,mlp,1.0,0.75,23.519166666666663,2,Stefan+위성제품 앵커 + 다층퍼셉트론 잔차(λ=0.75) · Stefan 증강(r=1)
loro,anchored,stefan_cci,stefan,mlp,1.0,1.0,24.082166666666666,2,Stefan+위성제품 앵커 + 다층퍼셉트론 잔차(λ=1) · Stefan 증강(r=1)
loro,anchored,stefan_cci,stefan,mlp,2.0,0.0,23.266,2,Stefan+위성제품 앵커 + 다층퍼셉트론 잔차(λ=0) · Stefan 증강(r=2)
loro,anchored,stefan_cci,stefan,mlp,2.0,0.25,23.108,2,Stefan+위성제품 앵커 + 다층퍼셉트론 잔차(λ=0.25) · Stefan 증강(r=2)
loro,anchored,stefan_cci,stefan,mlp,2.0,0.5,23.200166666666668,2,Stefan+위성제품 앵커 + 다층퍼셉트론 잔차(λ=0.5) · Stefan 증강(r=2)
loro,anchored,stefan_cci,stefan,mlp,2.0,0.75,23.53966666666667,2,Stefan+위성제품 앵커 + 다층퍼셉트론 잔차(λ=0.75) · Stefan 증강(r=2)
loro,anchored,stefan_cci,stefan,mlp,2.0,1.0,24.116,2,Stefan+위성제품 앵커 + 다층퍼셉트론 잔차(λ=1) · Stefan 증강(r=2)
loro,anchored,stefan_cci,stefan,mlp,5.0,0.0,23.266,2,Stefan+위성제품 앵커 + 다층퍼셉트론 잔차(λ=0) · Stefan 증강(r=5)
loro,anchored,stefan_cci,stefan,mlp,5.0,0.25,23.105166666666666,2,Stefan+위성제품 앵커 + 다층퍼셉트론 잔차(λ=0.25) · Stefan 증강(r=5)
loro,anchored,stefan_cci,stefan,mlp,5.0,0.5,23.194000000000003,2,Stefan+위성제품 앵커 + 다층퍼셉트론 잔차(λ=0.5) · Stefan 증강(r=5)
loro,anchored,stefan_cci,stefan,mlp,5.0,0.75,23.5305,2,Stefan+위성제품 앵커 + 다층퍼셉트론 잔차(λ=0.75) · Stefan 증강(r=5)
loro,anchored,stefan_cci,stefan,mlp,5.0,1.0,24.105,2,Stefan+위성제품 앵커 + 다층퍼셉트론 잔차(λ=1) · Stefan 증강(r=5)
loro,anchored,stefan_cci,stefan,mlp,10.0,0.0,23.266,2,Stefan+위성제품 앵커 + 다층퍼셉트론 잔차(λ=0) · Stefan 증강(r=10)
loro,anchored,stefan_cci,stefan,mlp,10.0,0.25,23.102333333333334,2,Stefan+위성제품 앵커 + 다층퍼셉트론 잔차(λ=0.25) · Stefan 증강(r=10)
loro,anchored,stefan_cci,stefan,mlp,10.0,0.5,23.19,2,Stefan+위성제품 앵커 + 다층퍼셉트론 잔차(λ=0.5) · Stefan 증강(r=10)
loro,anchored,stefan_cci,stefan,mlp,10.0,0.75,23.526833333333336,2,Stefan+위성제품 앵커 + 다층퍼셉트론 잔차(λ=0.75) · Stefan 증강(r=10)
loro,anchored,stefan_cci,stefan,mlp,10.0,1.0,24.1025,2,Stefan+위성제품 앵커 + 다층퍼셉트론 잔차(λ=1) · Stefan 증강(r=10)
loro,anchored,stefan_cci,stefan,ridge,0.5,0.0,23.266,2,Stefan+위성제품 앵커 + 선형 잔차(λ=0) · Stefan 증강(r=0.5)
loro,anchored,stefan_cci,stefan,ridge,0.5,0.25,23.091166666666666,2,Stefan+위성제품 앵커 + 선형 잔차(λ=0.25) · Stefan 증강(r=0.5)
loro,anchored,stefan_cci,stefan,ridge,0.5,0.5,23.182333333333336,2,Stefan+위성제품 앵커 + 선형 잔차(λ=0.5) · Stefan 증강(r=0.5)
loro,anchored,stefan_cci,stefan,ridge,0.5,0.75,23.537333333333333,2,Stefan+위성제품 앵커 + 선형 잔차(λ=0.75) · Stefan 증강(r=0.5)
loro,anchored,stefan_cci,stefan,ridge,0.5,1.0,24.145333333333333,2,Stefan+위성제품 앵커 + 선형 잔차(λ=1) · Stefan 증강(r=0.5)
loro,anchored,stefan_cci,stefan,ridge,1.0,0.0,23.266,2,Stefan+위성제품 앵커 + 선형 잔차(λ=0) · Stefan 증강(r=1)
loro,anchored,stefan_cci,stefan,ridge,1.0,0.25,23.090833333333332,2,Stefan+위성제품 앵커 + 선형 잔차(λ=0.25) · Stefan 증강(r=1)
loro,anchored,stefan_cci,stefan,ridge,1.0,0.5,23.1755,2,Stefan+위성제품 앵커 + 선형 잔차(λ=0.5) · Stefan 증강(r=1)
loro,anchored,stefan_cci,stefan,ridge,1.0,0.75,23.518666666666668,2,Stefan+위성제품 앵커 + 선형 잔차(λ=0.75) · Stefan 증강(r=1)
loro,anchored,stefan_cci,stefan,ridge,1.0,1.0,24.109166666666667,2,Stefan+위성제품 앵커 + 선형 잔차(λ=1) · Stefan 증강(r=1)
loro,anchored,stefan_cci,stefan,ridge,2.0,0.0,23.266,2,Stefan+위성제품 앵커 + 선형 잔차(λ=0) · Stefan 증강(r=2)
loro,anchored,stefan_cci,stefan,ridge,2.0,0.25,23.09,2,Stefan+위성제품 앵커 + 선형 잔차(λ=0.25) · Stefan 증강(r=2)
loro,anchored,stefan_cci,stefan,ridge,2.0,0.5,23.172333333333334,2,Stefan+위성제품 앵커 + 선형 잔차(λ=0.5) · Stefan 증강(r=2)
loro,anchored,stefan_cci,stefan,ridge,2.0,0.75,23.5115,2,Stefan+위성제품 앵커 + 선형 잔차(λ=0.75) · Stefan 증강(r=2)
loro,anchored,stefan_cci,stefan,ridge,2.0,1.0,24.096666666666668,2,Stefan+위성제품 앵커 + 선형 잔차(λ=1) · Stefan 증강(r=2)
loro,anchored,stefan_cci,stefan,ridge,5.0,0.0,23.266,2,Stefan+위성제품 앵커 + 선형 잔차(λ=0) · Stefan 증강(r=5)
loro,anchored,stefan_cci,stefan,ridge,5.0,0.25,23.095166666666668,2,Stefan+위성제품 앵커 + 선형 잔차(λ=0.25) · Stefan 증강(r=5)
loro,anchored,stefan_cci,stefan,ridge,5.0,0.5,23.181666666666665,2,Stefan+위성제품 앵커 + 선형 잔차(λ=0.5) · Stefan 증강(r=5)
loro,anchored,stefan_cci,stefan,ridge,5.0,0.75,23.523333333333333,2,Stefan+위성제품 앵커 + 선형 잔차(λ=0.75) · Stefan 증강(r=5)
loro,anchored,stefan_cci,stefan,ridge,5.0,1.0,24.10966666666667,2,Stefan+위성제품 앵커 + 선형 잔차(λ=1) · Stefan 증강(r=5)
loro,anchored,stefan_cci,stefan,ridge,10.0,0.0,23.266,2,Stefan+위성제품 앵커 + 선형 잔차(λ=0) · Stefan 증강(r=10)
loro,anchored,stefan_cci,stefan,ridge,10.0,0.25,23.096833333333333,2,Stefan+위성제품 앵커 + 선형 잔차(λ=0.25) · Stefan 증강(r=10)
loro,anchored,stefan_cci,stefan,ridge,10.0,0.5,23.184,2,Stefan+위성제품 앵커 + 선형 잔차(λ=0.5) · Stefan 증강(r=10)
loro,anchored,stefan_cci,stefan,ridge,10.0,0.75,23.526000000000003,2,Stefan+위성제품 앵커 + 선형 잔차(λ=0.75) · Stefan 증강(r=10)
loro,anchored,stefan_cci,stefan,ridge,10.0,1.0,24.112333333333332,2,Stefan+위성제품 앵커 + 선형 잔차(λ=1) · Stefan 증강(r=10)
loro,anchored,stefan_cci,stefan_cci,catboost,0.5,0.0,23.266,2,Stefan+위성제품 앵커 + 부스팅 잔차(λ=0) · Stefan+위성 증강(r=0.5)
loro,anchored,stefan_cci,stefan_cci,catboost,0.5,0.25,23.263166666666663,2,Stefan+위성제품 앵커 + 부스팅 잔차(λ=0.25) · Stefan+위성 증강(r=0.5)
loro,anchored,stefan_cci,stefan_cci,catboost,0.5,0.5,23.261000000000003,2,Stefan+위성제품 앵커 + 부스팅 잔차(λ=0.5) · Stefan+위성 증강(r=0.5)
loro,anchored,stefan_cci,stefan_cci,catboost,0.5,0.75,23.258833333333335,2,Stefan+위성제품 앵커 + 부스팅 잔차(λ=0.75) · Stefan+위성 증강(r=0.5)
loro,anchored,stefan_cci,stefan_cci,catboost,0.5,1.0,23.257666666666665,2,Stefan+위성제품 앵커 + 부스팅 잔차(λ=1) · Stefan+위성 증강(r=0.5)
loro,anchored,stefan_cci,stefan_cci,catboost,1.0,0.0,23.266,2,Stefan+위성제품 앵커 + 부스팅 잔차(λ=0) · Stefan+위성 증강(r=1)
loro,anchored,stefan_cci,stefan_cci,catboost,1.0,0.25,23.264666666666667,2,Stefan+위성제품 앵커 + 부스팅 잔차(λ=0.25) · Stefan+위성 증강(r=1)
loro,anchored,stefan_cci,stefan_cci,catboost,1.0,0.5,23.263666666666666,2,Stefan+위성제품 앵커 + 부스팅 잔차(λ=0.5) · Stefan+위성 증강(r=1)
loro,anchored,stefan_cci,stefan_cci,catboost,1.0,0.75,23.262500000000003,2,Stefan+위성제품 앵커 + 부스팅 잔차(λ=0.75) · Stefan+위성 증강(r=1)
loro,anchored,stefan_cci,stefan_cci,catboost,1.0,1.0,23.261666666666667,2,Stefan+위성제품 앵커 + 부스팅 잔차(λ=1) · Stefan+위성 증강(r=1)
loro,anchored,stefan_cci,stefan_cci,catboost,2.0,0.0,23.266,2,Stefan+위성제품 앵커 + 부스팅 잔차(λ=0) · Stefan+위성 증강(r=2)
loro,anchored,stefan_cci,stefan_cci,catboost,2.0,0.25,23.2655,2,Stefan+위성제품 앵커 + 부스팅 잔차(λ=0.25) · Stefan+위성 증강(r=2)
loro,anchored,stefan_cci,stefan_cci,catboost,2.0,0.5,23.264499999999998,2,Stefan+위성제품 앵커 + 부스팅 잔차(λ=0.5) · Stefan+위성 증강(r=2)
loro,anchored,stefan_cci,stefan_cci,catboost,2.0,0.75,23.263833333333334,2,Stefan+위성제품 앵커 + 부스팅 잔차(λ=0.75) · Stefan+위성 증강(r=2)
loro,anchored,stefan_cci,stefan_cci,catboost,2.0,1.0,23.263333333333335,2,Stefan+위성제품 앵커 + 부스팅 잔차(λ=1) · Stefan+위성 증강(r=2)
loro,anchored,stefan_cci,stefan_cci,catboost,5.0,0.0,23.266,2,Stefan+위성제품 앵커 + 부스팅 잔차(λ=0) · Stefan+위성 증강(r=5)
loro,anchored,stefan_cci,stefan_cci,catboost,5.0,0.25,23.266,2,Stefan+위성제품 앵커 + 부스팅 잔차(λ=0.25) · Stefan+위성 증강(r=5)
loro,anchored,stefan_cci,stefan_cci,catboost,5.0,0.5,23.265500000000003,2,Stefan+위성제품 앵커 + 부스팅 잔차(λ=0.5) · Stefan+위성 증강(r=5)
loro,anchored,stefan_cci,stefan_cci,catboost,5.0,0.75,23.265666666666668,2,Stefan+위성제품 앵커 + 부스팅 잔차(λ=0.75) · Stefan+위성 증강(r=5)
loro,anchored,stefan_cci,stefan_cci,catboost,5.0,1.0,23.26533333333333,2,Stefan+위성제품 앵커 + 부스팅 잔차(λ=1) · Stefan+위성 증강(r=5)
loro,anchored,stefan_cci,stefan_cci,catboost,10.0,0.0,23.266,2,Stefan+위성제품 앵커 + 부스팅 잔차(λ=0) · Stefan+위성 증강(r=10)
loro,anchored,stefan_cci,stefan_cci,catboost,10.0,0.25,23.266,2,Stefan+위성제품 앵커 + 부스팅 잔차(λ=0.25) · Stefan+위성 증강(r=10)
loro,anchored,stefan_cci,stefan_cci,catboost,10.0,0.5,23.265666666666668,2,Stefan+위성제품 앵커 + 부스팅 잔차(λ=0.5) · Stefan+위성 증강(r=10)
loro,anchored,stefan_cci,stefan_cci,catboost,10.0,0.75,23.265500000000003,2,Stefan+위성제품 앵커 + 부스팅 잔차(λ=0.75) · Stefan+위성 증강(r=10)
loro,anchored,stefan_cci,stefan_cci,catboost,10.0,1.0,23.265500000000003,2,Stefan+위성제품 앵커 + 부스팅 잔차(λ=1) · Stefan+위성 증강(r=10)
loro,anchored,stefan_cci,stefan_cci,mlp,0.5,0.0,23.266,2,Stefan+위성제품 앵커 + 다층퍼셉트론 잔차(λ=0) · Stefan+위성 증강(r=0.5)
loro,anchored,stefan_cci,stefan_cci,mlp,0.5,0.25,23.268666666666668,2,Stefan+위성제품 앵커 + 다층퍼셉트론 잔차(λ=0.25) · Stefan+위성 증강(r=0.5)
loro,anchored,stefan_cci,stefan_cci,mlp,0.5,0.5,23.2715,2,Stefan+위성제품 앵커 + 다층퍼셉트론 잔차(λ=0.5) · Stefan+위성 증강(r=0.5)
loro,anchored,stefan_cci,stefan_cci,mlp,0.5,0.75,23.275,2,Stefan+위성제품 앵커 + 다층퍼셉트론 잔차(λ=0.75) · Stefan+위성 증강(r=0.5)
loro,anchored,stefan_cci,stefan_cci,mlp,0.5,1.0,23.27916666666667,2,Stefan+위성제품 앵커 + 다층퍼셉트론 잔차(λ=1) · Stefan+위성 증강(r=0.5)
loro,anchored,stefan_cci,stefan_cci,mlp,1.0,0.0,23.266,2,Stefan+위성제품 앵커 + 다층퍼셉트론 잔차(λ=0) · Stefan+위성 증강(r=1)
loro,anchored,stefan_cci,stefan_cci,mlp,1.0,0.25,23.267500000000002,2,Stefan+위성제품 앵커 + 다층퍼셉트론 잔차(λ=0.25) · Stefan+위성 증강(r=1)
loro,anchored,stefan_cci,stefan_cci,mlp,1.0,0.5,23.268833333333333,2,Stefan+위성제품 앵커 + 다층퍼셉트론 잔차(λ=0.5) · Stefan+위성 증강(r=1)
loro,anchored,stefan_cci,stefan_cci,mlp,1.0,0.75,23.270666666666664,2,Stefan+위성제품 앵커 + 다층퍼셉트론 잔차(λ=0.75) · Stefan+위성 증강(r=1)
loro,anchored,stefan_cci,stefan_cci,mlp,1.0,1.0,23.2725,2,Stefan+위성제품 앵커 + 다층퍼셉트론 잔차(λ=1) · Stefan+위성 증강(r=1)
loro,anchored,stefan_cci,stefan_cci,mlp,2.0,0.0,23.266,2,Stefan+위성제품 앵커 + 다층퍼셉트론 잔차(λ=0) · Stefan+위성 증강(r=2)
loro,anchored,stefan_cci,stefan_cci,mlp,2.0,0.25,23.267,2,Stefan+위성제품 앵커 + 다층퍼셉트론 잔차(λ=0.25) · Stefan+위성 증강(r=2)
loro,anchored,stefan_cci,stefan_cci,mlp,2.0,0.5,23.267833333333336,2,Stefan+위성제품 앵커 + 다층퍼셉트론 잔차(λ=0.5) · Stefan+위성 증강(r=2)
loro,anchored,stefan_cci,stefan_cci,mlp,2.0,0.75,23.268500000000003,2,Stefan+위성제품 앵커 + 다층퍼셉트론 잔차(λ=0.75) · Stefan+위성 증강(r=2)
loro,anchored,stefan_cci,stefan_cci,mlp,2.0,1.0,23.269666666666666,2,Stefan+위성제품 앵커 + 다층퍼셉트론 잔차(λ=1) · Stefan+위성 증강(r=2)
loro,anchored,stefan_cci,stefan_cci,mlp,5.0,0.0,23.266,2,Stefan+위성제품 앵커 + 다층퍼셉트론 잔차(λ=0) · Stefan+위성 증강(r=5)
loro,anchored,stefan_cci,stefan_cci,mlp,5.0,0.25,23.266666666666666,2,Stefan+위성제품 앵커 + 다층퍼셉트론 잔차(λ=0.25) · Stefan+위성 증강(r=5)
loro,anchored,stefan_cci,stefan_cci,mlp,5.0,0.5,23.267,2,Stefan+위성제품 앵커 + 다층퍼셉트론 잔차(λ=0.5) · Stefan+위성 증강(r=5)
loro,anchored,stefan_cci,stefan_cci,mlp,5.0,0.75,23.2675,2,Stefan+위성제품 앵커 + 다층퍼셉트론 잔차(λ=0.75) · Stefan+위성 증강(r=5)
loro,anchored,stefan_cci,stefan_cci,mlp,5.0,1.0,23.268500000000003,2,Stefan+위성제품 앵커 + 다층퍼셉트론 잔차(λ=1) · Stefan+위성 증강(r=5)
loro,anchored,stefan_cci,stefan_cci,mlp,10.0,0.0,23.266,2,Stefan+위성제품 앵커 + 다층퍼셉트론 잔차(λ=0) · Stefan+위성 증강(r=10)
loro,anchored,stefan_cci,stefan_cci,mlp,10.0,0.25,23.265166666666666,2,Stefan+위성제품 앵커 + 다층퍼셉트론 잔차(λ=0.25) · Stefan+위성 증강(r=10)
loro,anchored,stefan_cci,stefan_cci,mlp,10.0,0.5,23.264333333333333,2,Stefan+위성제품 앵커 + 다층퍼셉트론 잔차(λ=0.5) · Stefan+위성 증강(r=10)
loro,anchored,stefan_cci,stefan_cci,mlp,10.0,0.75,23.263166666666663,2,Stefan+위성제품 앵커 + 다층퍼셉트론 잔차(λ=0.75) · Stefan+위성 증강(r=10)
loro,anchored,stefan_cci,stefan_cci,mlp,10.0,1.0,23.26233333333333,2,Stefan+위성제품 앵커 + 다층퍼셉트론 잔차(λ=1) · Stefan+위성 증강(r=10)
loro,anchored,stefan_cci,stefan_cci,ridge,0.5,0.0,23.266,2,Stefan+위성제품 앵커 + 선형 잔차(λ=0) · Stefan+위성 증강(r=0.5)
loro,anchored,stefan_cci,stefan_cci,ridge,0.5,0.25,23.205833333333334,2,Stefan+위성제품 앵커 + 선형 잔차(λ=0.25) · Stefan+위성 증강(r=0.5)
loro,anchored,stefan_cci,stefan_cci,ridge,0.5,0.5,23.163999999999998,2,Stefan+위성제품 앵커 + 선형 잔차(λ=0.5) · Stefan+위성 증강(r=0.5)
loro,anchored,stefan_cci,stefan_cci,ridge,0.5,0.75,23.139999999999997,2,Stefan+위성제품 앵커 + 선형 잔차(λ=0.75) · Stefan+위성 증강(r=0.5)
loro,anchored,stefan_cci,stefan_cci,ridge,0.5,1.0,23.134166666666665,2,Stefan+위성제품 앵커 + 선형 잔차(λ=1) · Stefan+위성 증강(r=0.5)
loro,anchored,stefan_cci,stefan_cci,ridge,1.0,0.0,23.266,2,Stefan+위성제품 앵커 + 선형 잔차(λ=0) · Stefan+위성 증강(r=1)
loro,anchored,stefan_cci,stefan_cci,ridge,1.0,0.25,23.227666666666668,2,Stefan+위성제품 앵커 + 선형 잔차(λ=0.25) · Stefan+위성 증강(r=1)
loro,anchored,stefan_cci,stefan_cci,ridge,1.0,0.5,23.198999999999998,2,Stefan+위성제품 앵커 + 선형 잔차(λ=0.5) · Stefan+위성 증강(r=1)
loro,anchored,stefan_cci,stefan_cci,ridge,1.0,0.75,23.180666666666667,2,Stefan+위성제품 앵커 + 선형 잔차(λ=0.75) · Stefan+위성 증강(r=1)
loro,anchored,stefan_cci,stefan_cci,ridge,1.0,1.0,23.172166666666666,2,Stefan+위성제품 앵커 + 선형 잔차(λ=1) · Stefan+위성 증강(r=1)
loro,anchored,stefan_cci,stefan_cci,ridge,2.0,0.0,23.266,2,Stefan+위성제품 앵커 + 선형 잔차(λ=0) · Stefan+위성 증강(r=2)
loro,anchored,stefan_cci,stefan_cci,ridge,2.0,0.25,23.2425,2,Stefan+위성제품 앵커 + 선형 잔차(λ=0.25) · Stefan+위성 증강(r=2)
loro,anchored,stefan_cci,stefan_cci,ridge,2.0,0.5,23.22483333333333,2,Stefan+위성제품 앵커 + 선형 잔차(λ=0.5) · Stefan+위성 증강(r=2)
loro,anchored,stefan_cci,stefan_cci,ridge,2.0,0.75,23.2125,2,Stefan+위성제품 앵커 + 선형 잔차(λ=0.75) · Stefan+위성 증강(r=2)
loro,anchored,stefan_cci,stefan_cci,ridge,2.0,1.0,23.205833333333334,2,Stefan+위성제품 앵커 + 선형 잔차(λ=1) · Stefan+위성 증강(r=2)
loro,anchored,stefan_cci,stefan_cci,ridge,5.0,0.0,23.266,2,Stefan+위성제품 앵커 + 선형 잔차(λ=0) · Stefan+위성 증강(r=5)
loro,anchored,stefan_cci,stefan_cci,ridge,5.0,0.25,23.256833333333333,2,Stefan+위성제품 앵커 + 선형 잔차(λ=0.25) · Stefan+위성 증강(r=5)
loro,anchored,stefan_cci,stefan_cci,ridge,5.0,0.5,23.250833333333333,2,Stefan+위성제품 앵커 + 선형 잔차(λ=0.5) · Stefan+위성 증강(r=5)
loro,anchored,stefan_cci,stefan_cci,ridge,5.0,0.75,23.247333333333334,2,Stefan+위성제품 앵커 + 선형 잔차(λ=0.75) · Stefan+위성 증강(r=5)
loro,anchored,stefan_cci,stefan_cci,ridge,5.0,1.0,23.246833333333335,2,Stefan+위성제품 앵커 + 선형 잔차(λ=1) · Stefan+위성 증강(r=5)
loro,anchored,stefan_cci,stefan_cci,ridge,10.0,0.0,23.266,2,Stefan+위성제품 앵커 + 선형 잔차(λ=0) · Stefan+위성 증강(r=10)
loro,anchored,stefan_cci,stefan_cci,ridge,10.0,0.25,23.261333333333333,2,Stefan+위성제품 앵커 + 선형 잔차(λ=0.25) · Stefan+위성 증강(r=10)
loro,anchored,stefan_cci,stefan_cci,ridge,10.0,0.5,23.258333333333333,2,Stefan+위성제품 앵커 + 선형 잔차(λ=0.5) · Stefan+위성 증강(r=10)
loro,anchored,stefan_cci,stefan_cci,ridge,10.0,0.75,23.256833333333333,2,Stefan+위성제품 앵커 + 선형 잔차(λ=0.75) · Stefan+위성 증강(r=10)
loro,anchored,stefan_cci,stefan_cci,ridge,10.0,1.0,23.257333333333335,2,Stefan+위성제품 앵커 + 선형 잔차(λ=1) · Stefan+위성 증강(r=10)
loro,direct,none,const,catboost,0.5,1.0,28.029666666666667,2,부스팅 · 상수 증강(r=0.5)
loro,direct,none,const,catboost,1.0,1.0,28.009833333333333,2,부스팅 · 상수 증강(r=1)
loro,direct,none,const,catboost,2.0,1.0,28.002833333333335,2,부스팅 · 상수 증강(r=2)
loro,direct,none,const,catboost,5.0,1.0,28.0035,2,부스팅 · 상수 증강(r=5)
loro,direct,none,const,catboost,10.0,1.0,28.000999999999998,2,부스팅 · 상수 증강(r=10)
loro,direct,none,const,ftt,0.5,1.0,28.045166666666667,2,트랜스포머 · 상수 증강(r=0.5)
loro,direct,none,const,ftt,1.0,1.0,28.069166666666668,2,트랜스포머 · 상수 증강(r=1)
loro,direct,none,const,ftt,2.0,1.0,28.071166666666667,2,트랜스포머 · 상수 증강(r=2)
loro,direct,none,const,ftt,5.0,1.0,28.018666666666668,2,트랜스포머 · 상수 증강(r=5)
loro,direct,none,const,ftt,10.0,1.0,28.024500000000003,2,트랜스포머 · 상수 증강(r=10)
loro,direct,none,const,mlp,0.5,1.0,27.976166666666664,2,다층퍼셉트론 · 상수 증강(r=0.5)
loro,direct,none,const,mlp,1.0,1.0,27.99566666666667,2,다층퍼셉트론 · 상수 증강(r=1)
loro,direct,none,const,mlp,2.0,1.0,27.9975,2,다층퍼셉트론 · 상수 증강(r=2)
loro,direct,none,const,mlp,5.0,1.0,27.981166666666667,2,다층퍼셉트론 · 상수 증강(r=5)
loro,direct,none,const,mlp,10.0,1.0,28.001666666666665,2,다층퍼셉트론 · 상수 증강(r=10)
loro,direct,none,const,ridge,0.5,1.0,27.874499999999998,2,선형 · 상수 증강(r=0.5)
loro,direct,none,const,ridge,1.0,1.0,27.892333333333333,2,선형 · 상수 증강(r=1)
loro,direct,none,const,ridge,2.0,1.0,27.9285,2,선형 · 상수 증강(r=2)
loro,direct,none,const,ridge,5.0,1.0,27.977666666666668,2,선형 · 상수 증강(r=5)
loro,direct,none,const,ridge,10.0,1.0,27.998833333333334,2,선형 · 상수 증강(r=10)
loro,direct,none,none,catboost,0.0,1.0,26.60333333333333,2,부스팅 · 증강없음
loro,direct,none,none,ftt,0.0,1.0,24.690333333333335,2,트랜스포머 · 증강없음
loro,direct,none,none,ridge,0.0,1.0,31.085500000000003,2,선형 · 증강없음
loro,direct,none,stefan,catboost,0.5,1.0,24.631666666666664,2,부스팅 · Stefan 증강(r=0.5)
loro,direct,none,stefan,catboost,1.0,1.0,24.619166666666665,2,부스팅 · Stefan 증강(r=1)
loro,direct,none,stefan,catboost,2.0,1.0,24.60983333333333,2,부스팅 · Stefan 증강(r=2)
loro,direct,none,stefan,catboost,5.0,1.0,24.604666666666667,2,부스팅 · Stefan 증강(r=5)
loro,direct,none,stefan,catboost,10.0,1.0,24.601333333333333,2,부스팅 · Stefan 증강(r=10)
loro,direct,none,stefan,ftt,0.5,1.0,24.5655,2,트랜스포머 · Stefan 증강(r=0.5)
loro,direct,none,stefan,ftt,1.0,1.0,24.574,2,트랜스포머 · Stefan 증강(r=1)
loro,direct,none,stefan,ftt,2.0,1.0,24.545333333333332,2,트랜스포머 · Stefan 증강(r=2)
loro,direct,none,stefan,ftt,5.0,1.0,24.564,2,트랜스포머 · Stefan 증강(r=5)
loro,direct,none,stefan,ftt,10.0,1.0,24.5815,2,트랜스포머 · Stefan 증강(r=10)
loro,direct,none,stefan,mlp,0.5,1.0,24.641000000000002,2,다층퍼셉트론 · Stefan 증강(r=0.5)
loro,direct,none,stefan,mlp,1.0,1.0,24.632999999999996,2,다층퍼셉트론 · Stefan 증강(r=1)
loro,direct,none,stefan,mlp,2.0,1.0,24.630000000000003,2,다층퍼셉트론 · Stefan 증강(r=2)
loro,direct,none,stefan,mlp,5.0,1.0,24.59616666666666,2,다층퍼셉트론 · Stefan 증강(r=5)
loro,direct,none,stefan,mlp,10.0,1.0,24.620166666666663,2,다층퍼셉트론 · Stefan 증강(r=10)
loro,direct,none,stefan,ridge,0.5,1.0,24.6175,2,선형 · Stefan 증강(r=0.5)
loro,direct,none,stefan,ridge,1.0,1.0,24.58883333333333,2,선형 · Stefan 증강(r=1)
loro,direct,none,stefan,ridge,2.0,1.0,24.58233333333333,2,선형 · Stefan 증강(r=2)
loro,direct,none,stefan,ridge,5.0,1.0,24.5955,2,선형 · Stefan 증강(r=5)
loro,direct,none,stefan,ridge,10.0,1.0,24.5985,2,선형 · Stefan 증강(r=10)
