setting,region,seed,lam,n,family,anchor,resid,pseudo,r,rmse_cm,bias_cm,ci_lo,ci_hi,error
indomain,Alaska,-1,0.0,6803,analytic,stefan,none,none,0.0,17.851,7.805,15.390377433017383,22.16913650069963,
indomain,Alaska,0,1.0,6803,model,none,catboost,none,0.0,16.359,-1.05,13.42256719856936,20.103427308828238,
indomain,Alaska,1,1.0,6803,model,none,catboost,none,0.0,16.332,0.244,13.614776511189996,21.192292902551962,
indomain,Alaska,2,1.0,6803,model,none,catboost,none,0.0,16.479,-1.87,13.692772636511782,20.76167134848448,
indomain,Alaska,0,0.0,6803,model,stefan,mlp,none,0.0,17.851,7.805,15.390377433017383,22.16913650069963,
indomain,Alaska,0,0.25,6803,model,stefan,mlp,none,0.0,17.448,7.091,15.262884875365872,20.95740501888001,
indomain,Alaska,0,0.5,6803,model,stefan,mlp,none,0.0,17.254,6.378,15.124545808393204,20.67645663349326,
indomain,Alaska,0,0.75,6803,model,stefan,mlp,none,0.0,17.274,5.664,15.093315911976909,20.757177891172315,
indomain,Alaska,0,1.0,6803,model,stefan,mlp,none,0.0,17.51,4.951,15.262079099723284,20.999912827312368,
indomain,Alaska,1,0.0,6803,model,stefan,mlp,none,0.0,17.851,7.805,15.644356686793948,22.764508678183304,
indomain,Alaska,1,0.25,6803,model,stefan,mlp,none,0.0,17.082,7.054,14.89510948249647,21.525582932313334,
indomain,Alaska,1,0.5,6803,model,stefan,mlp,none,0.0,16.539,6.303,14.208905987817193,20.818165549997712,
indomain,Alaska,1,0.75,6803,model,stefan,mlp,none,0.0,16.247,5.552,13.860186823497669,20.50810735247887,
indomain,Alaska,1,1.0,6803,model,stefan,mlp,none,0.0,16.218,4.801,13.727107159146872,20.643893969452126,
indomain,Alaska,2,0.0,6803,model,stefan,mlp,none,0.0,17.851,7.805,15.856610315177864,22.989366780352228,
indomain,Alaska,2,0.25,6803,model,stefan,mlp,none,0.0,17.814,7.997,16.171521979869652,21.882135783163072,
indomain,Alaska,2,0.5,6803,model,stefan,mlp,none,0.0,18.145,8.189,16.712494990394465,21.45508934836505,
indomain,Alaska,2,0.75,6803,model,stefan,mlp,none,0.0,18.825,8.381,17.253335637204575,21.99695134696807,
indomain,Alaska,2,1.0,6803,model,stefan,mlp,none,0.0,19.818,8.573,17.771540560017282,22.524735574105133,
indomain,Alaska,0,0.0,6803,model,stefan_cci,ridge,none,0.0,18.335,4.733,14.652187465093332,25.6578468471697,
indomain,Alaska,0,0.25,6803,model,stefan_cci,ridge,none,0.0,17.479,4.837,14.12924210161461,23.383671140874032,
indomain,Alaska,0,0.5,6803,model,stefan_cci,ridge,none,0.0,16.881,4.941,13.772382551971372,21.782612089640093,
indomain,Alaska,0,0.75,6803,model,stefan_cci,ridge,none,0.0,16.568,5.045,13.65073681216803,20.69361374786692,
indomain,Alaska,0,1.0,6803,model,stefan_cci,ridge,none,0.0,16.558,5.15,13.695240696998221,20.26272957525105,
indomain,Alaska,1,0.0,6803,model,stefan_cci,ridge,none,0.0,18.335,4.733,14.551537172075614,26.569713804307096,
indomain,Alaska,1,0.25,6803,model,stefan_cci,ridge,none,0.0,17.479,4.837,14.155462926858009,24.352677369473508,
indomain,Alaska,1,0.5,6803,model,stefan_cci,ridge,none,0.0,16.881,4.941,13.929357871824218,22.705847002904104,
indomain,Alaska,1,0.75,6803,model,stefan_cci,ridge,none,0.0,16.568,5.045,13.711349577353257,21.519260733122078,
indomain,Alaska,1,1.0,6803,model,stefan_cci,ridge,none,0.0,16.558,5.15,13.846628875573854,20.864459686111356,
indomain,Alaska,2,0.0,6803,model,stefan_cci,ridge,none,0.0,18.335,4.733,14.89583574995743,26.328262398153623,
indomain,Alaska,2,0.25,6803,model,stefan_cci,ridge,none,0.0,17.479,4.837,14.358785952743766,24.374912091224946,
indomain,Alaska,2,0.5,6803,model,stefan_cci,ridge,none,0.0,16.881,4.941,14.023303053229974,22.95776678789741,
indomain,Alaska,2,0.75,6803,model,stefan_cci,ridge,none,0.0,16.568,5.045,13.889333757881708,21.940751724694838,
indomain,Alaska,2,1.0,6803,model,stefan_cci,ridge,none,0.0,16.558,5.15,13.899393187788775,21.07639270783972,
pseudo,Lena,0,1.0,1518,model,none,ridge,stefan,1.0,21.587,15.278,19.72932185845162,27.058979587095028,
pseudo,Lena,1,1.0,1518,model,none,ridge,stefan,1.0,21.559,15.268,20.06559032575618,26.121446011855706,
pseudo,Lena,2,1.0,1518,model,none,ridge,stefan,1.0,21.336,14.969,19.64486025277547,26.405029015989193,
pseudo,Lena,0,1.0,1518,model,none,ridge,cci,5.0,,,,,Input y contains NaN.
pseudo,Lena,1,1.0,1518,model,none,ridge,cci,5.0,,,,,Input y contains NaN.
pseudo,Lena,2,1.0,1518,model,none,ridge,cci,5.0,,,,,Input y contains NaN.
pseudo,Lena,0,1.0,1518,model,none,ridge,stefan_cci,10.0,,,,,Input y contains NaN.
pseudo,Lena,1,1.0,1518,model,none,ridge,stefan_cci,10.0,,,,,Input y contains NaN.
pseudo,Lena,2,1.0,1518,model,none,ridge,stefan_cci,10.0,,,,,Input y contains NaN.
pseudo,Lena,0,1.0,1518,model,none,catboost,cci,1.0,,,,,catboost/libs/metrics/metric.cpp:7032: metric/loss-function RMSE does not allow nan values in target data
pseudo,Lena,1,1.0,1518,model,none,catboost,cci,1.0,,,,,catboost/libs/metrics/metric.cpp:7032: metric/loss-function RMSE does not allow nan values in target data
pseudo,Lena,2,1.0,1518,model,none,catboost,cci,1.0,,,,,catboost/libs/metrics/metric.cpp:7032: metric/loss-function RMSE does not allow nan values in target data
pseudo,Lena,0,1.0,1518,model,none,catboost,stefan_cci,5.0,,,,,catboost/libs/metrics/metric.cpp:7032: metric/loss-function RMSE does not allow nan values in target data
pseudo,Lena,1,1.0,1518,model,none,catboost,stefan_cci,5.0,,,,,catboost/libs/metrics/metric.cpp:7032: metric/loss-function RMSE does not allow nan values in target data
pseudo,Lena,2,1.0,1518,model,none,catboost,stefan_cci,5.0,,,,,catboost/libs/metrics/metric.cpp:7032: metric/loss-function RMSE does not allow nan values in target data
pseudo,Lena,0,1.0,1518,model,none,catboost,const,10.0,14.809,3.589,12.328144322615657,26.761564483576734,
pseudo,Lena,1,1.0,1518,model,none,catboost,const,10.0,15.047,3.806,12.434541169784234,24.233676270740254,
pseudo,Lena,2,1.0,1518,model,none,catboost,const,10.0,14.889,3.554,12.526963141401577,24.44548997268014,
pseudo,Lena,0,1.0,1518,model,none,mlp,stefan,10.0,19.099,12.522,16.550985543094278,26.586302958090137,
pseudo,Lena,1,1.0,1518,model,none,mlp,stefan,10.0,18.9,12.194,16.252951007772264,25.949489308992845,
pseudo,Lena,2,1.0,1518,model,none,mlp,stefan,10.0,18.723,12.027,16.48470430058787,25.34634938255069,
pseudo,Lena,0,1.0,1518,model,none,mlp,stefan_cci,1.0,,,,,diverged
pseudo,Lena,1,1.0,1518,model,none,mlp,stefan_cci,1.0,,,,,diverged
pseudo,Lena,2,1.0,1518,model,none,mlp,stefan_cci,1.0,,,,,diverged
pseudo,Lena,0,1.0,1518,model,none,mlp,const,5.0,14.697,3.053,12.166425107668385,27.15514056847359,
pseudo,Lena,1,1.0,1518,model,none,mlp,const,5.0,14.762,2.864,12.21858919372855,24.874815766286357,
pseudo,Lena,2,1.0,1518,model,none,mlp,const,5.0,14.702,3.099,12.35314107725187,24.832372641934334,
pseudo,Lena,0,0.0,1518,model,stefan,ridge,stefan,5.0,18.548,11.705,16.241707210329377,26.44619284415228,
pseudo,Lena,0,0.25,1518,model,stefan,ridge,stefan,5.0,18.723,12.001,16.50803528506321,26.445767992904727,
pseudo,Lena,0,0.5,1518,model,stefan,ridge,stefan,5.0,18.904,12.298,16.78009040790942,26.444716593935,
pseudo,Lena,0,0.75,1518,model,stefan,ridge,stefan,5.0,19.091,12.594,17.053590148156292,26.447219771262436,
pseudo,Lena,0,1.0,1518,model,stefan,ridge,stefan,5.0,19.284,12.89,17.334666121717976,26.444777244584195,
pseudo,Lena,1,0.0,1518,model,stefan,ridge,stefan,5.0,18.548,11.705,16.08377859260714,25.871935510091735,
pseudo,Lena,1,0.25,1518,model,stefan,ridge,stefan,5.0,18.724,12.005,16.364189525259402,25.838150808991152,
pseudo,Lena,1,0.5,1518,model,stefan,ridge,stefan,5.0,18.907,12.305,16.650675358772965,25.837994842001827,
pseudo,Lena,1,0.75,1518,model,stefan,ridge,stefan,5.0,19.096,12.604,16.947775504046824,25.841758045614373,
pseudo,Lena,1,1.0,1518,model,stefan,ridge,stefan,5.0,19.291,12.904,17.25233924151427,25.84872960186198,
pseudo,Lena,2,0.0,1518,model,stefan,ridge,stefan,5.0,18.548,11.705,16.277760661947624,25.419895252173298,
pseudo,Lena,2,0.25,1518,model,stefan,ridge,stefan,5.0,18.727,12.009,16.54063725550209,25.427708722479625,
pseudo,Lena,2,0.5,1518,model,stefan,ridge,stefan,5.0,18.914,12.313,16.82262121719715,25.437378305778253,
pseudo,Lena,2,0.75,1518,model,stefan,ridge,stefan,5.0,19.106,12.617,17.11244277884306,25.44890150846487,
pseudo,Lena,2,1.0,1518,model,stefan,ridge,stefan,5.0,19.305,12.921,17.412248884703917,25.462275311282134,
pseudo,Lena,0,0.0,1518,model,stefan,ridge,cci,10.0,18.548,11.705,16.241707210329377,26.44619284415228,
pseudo,Lena,0,0.25,1518,model,stefan,ridge,cci,10.0,16.261,7.378,14.101794522027216,26.499059255548193,
pseudo,Lena,0,0.5,1518,model,stefan,ridge,cci,10.0,14.957,3.051,12.661643676865072,27.58611170054632,
pseudo,Lena,0,0.75,1518,model,stefan,ridge,cci,10.0,14.898,-1.276,12.099737157813932,29.623055141670907,
pseudo,Lena,0,1.0,1518,model,stefan,ridge,cci,10.0,16.096,-5.603,12.457011993987178,32.282895667526816,
pseudo,Lena,1,0.0,1518,model,stefan,ridge,cci,10.0,18.548,11.705,16.08377859260714,25.871935510091735,
pseudo,Lena,1,0.25,1518,model,stefan,ridge,cci,10.0,16.259,7.378,14.037912195007918,24.911534508126458,
pseudo,Lena,1,0.5,1518,model,stefan,ridge,cci,10.0,14.954,3.05,12.63468529927285,25.3522093506302,
pseudo,Lena,1,0.75,1518,model,stefan,ridge,cci,10.0,14.894,-1.278,11.895456652928749,27.17979395935142,
pseudo,Lena,1,1.0,1518,model,stefan,ridge,cci,10.0,16.092,-5.605,11.888860383297073,29.832058419597285,
pseudo,Lena,2,0.0,1518,model,stefan,ridge,cci,10.0,18.548,11.705,16.277760661947624,25.419895252173298,
pseudo,Lena,2,0.25,1518,model,stefan,ridge,cci,10.0,16.262,7.381,14.179937725514575,24.07350743142703,
pseudo,Lena,2,0.5,1518,model,stefan,ridge,cci,10.0,14.959,3.057,12.822160225139845,25.243180969616994,
pseudo,Lena,2,0.75,1518,model,stefan,ridge,cci,10.0,14.899,-1.268,11.821222245735377,27.283976528023484,
pseudo,Lena,2,1.0,1518,model,stefan,ridge,cci,10.0,16.095,-5.592,12.15194474670084,30.015000706371364,
pseudo,Lena,0,0.0,1518,model,stefan,ridge,const,1.0,18.548,11.705,16.241707210329377,26.44619284415228,
pseudo,Lena,0,0.25,1518,model,stefan,ridge,const,1.0,17.73,10.209,15.672874376468725,26.367029292290507,
pseudo,Lena,0,0.5,1518,model,stefan,ridge,const,1.0,17.053,8.712,15.143441148811393,26.3162106805423,
pseudo,Lena,0,0.75,1518,model,stefan,ridge,const,1.0,16.535,7.215,14.671491912340512,26.62555007176192,
pseudo,Lena,0,1.0,1518,model,stefan,ridge,const,1.0,16.192,5.719,14.360073531604357,27.14350055249275,
pseudo,Lena,1,0.0,1518,model,stefan,ridge,const,1.0,18.548,11.705,16.08377859260714,25.871935510091735,
pseudo,Lena,1,0.25,1518,model,stefan,ridge,const,1.0,17.725,10.207,15.494093201421002,25.38060789426417,
pseudo,Lena,1,0.5,1518,model,stefan,ridge,const,1.0,17.042,8.708,15.042871784559544,24.81550837903581,
pseudo,Lena,1,0.75,1518,model,stefan,ridge,const,1.0,16.517,7.21,14.641384340613152,24.400804979630045,
pseudo,Lena,1,1.0,1518,model,stefan,ridge,const,1.0,16.165,5.711,14.294965303451237,24.55840881613336,
pseudo,Lena,2,0.0,1518,model,stefan,ridge,const,1.0,18.548,11.705,16.277760661947624,25.419895252173298,
pseudo,Lena,2,0.25,1518,model,stefan,ridge,const,1.0,17.698,10.163,15.650946253715917,24.62917161677154,
pseudo,Lena,2,0.5,1518,model,stefan,ridge,const,1.0,16.995,8.62,15.091687396852983,23.866395230897197,
pseudo,Lena,2,0.75,1518,model,stefan,ridge,const,1.0,16.456,7.077,14.701915974045544,24.195785189051303,
pseudo,Lena,2,1.0,1518,model,stefan,ridge,const,1.0,16.099,5.535,14.352100602707258,24.81661872795836,
pseudo,Lena,0,0.0,1518,model,stefan,catboost,stefan,1.0,18.548,11.705,16.241707210329377,26.44619284415228,
pseudo,Lena,0,0.25,1518,model,stefan,catboost,stefan,1.0,18.528,11.68,16.2324356774043,26.412709955214257,
pseudo,Lena,0,0.5,1518,model,stefan,catboost,stefan,1.0,18.51,11.656,16.223619679149298,26.373954261573385,
pseudo,Lena,0,0.75,1518,model,stefan,catboost,stefan,1.0,18.491,11.631,16.21525996298355,26.33799352724523,
pseudo,Lena,0,1.0,1518,model,stefan,catboost,stefan,1.0,18.473,11.606,16.207357238604367,26.303946608495455,
pseudo,Lena,1,0.0,1518,model,stefan,catboost,stefan,1.0,18.548,11.705,16.08377859260714,25.871935510091735,
pseudo,Lena,1,0.25,1518,model,stefan,catboost,stefan,1.0,18.566,11.717,16.092329959153332,25.832231035669377,
pseudo,Lena,1,0.5,1518,model,stefan,catboost,stefan,1.0,18.584,11.729,16.101477571811525,25.82849308091505,
pseudo,Lena,1,0.75,1518,model,stefan,catboost,stefan,1.0,18.603,11.741,16.110248224597875,25.828612689557836,
pseudo,Lena,1,1.0,1518,model,stefan,catboost,stefan,1.0,18.623,11.752,16.119431477379315,25.829533635247596,
pseudo,Lena,2,0.0,1518,model,stefan,catboost,stefan,1.0,18.548,11.705,16.277760661947624,25.419895252173298,
pseudo,Lena,2,0.25,1518,model,stefan,catboost,stefan,1.0,18.56,11.703,16.285849398756625,25.417381771883555,
pseudo,Lena,2,0.5,1518,model,stefan,catboost,stefan,1.0,18.574,11.702,16.294853213685542,25.415812718033585,
pseudo,Lena,2,0.75,1518,model,stefan,catboost,stefan,1.0,18.588,11.7,16.304770724281138,25.415188265368744,
pseudo,Lena,2,1.0,1518,model,stefan,catboost,stefan,1.0,18.602,11.698,16.316004642289162,25.41550848334907,
pseudo,Lena,0,0.0,1518,model,stefan,catboost,cci,5.0,18.548,11.705,16.241707210329377,26.44619284415228,
pseudo,Lena,0,0.25,1518,model,stefan,catboost,cci,5.0,15.936,6.807,13.746675012375015,26.508960406022222,
pseudo,Lena,0,0.5,1518,model,stefan,catboost,cci,5.0,14.593,1.91,12.23453512755447,27.761073378362667,
pseudo,Lena,0,0.75,1518,model,stefan,catboost,cci,5.0,14.865,-2.988,11.756335983057266,29.956576439901635,
pseudo,Lena,0,1.0,1518,model,stefan,catboost,cci,5.0,16.674,-7.886,13.007759277966208,32.89916150766532,
pseudo,Lena,1,0.0,1518,model,stefan,catboost,cci,5.0,18.548,11.705,16.08377859260714,25.871935510091735,
pseudo,Lena,1,0.25,1518,model,stefan,catboost,cci,5.0,15.913,6.758,13.69158972307739,24.7799197901285,
pseudo,Lena,1,0.5,1518,model,stefan,catboost,cci,5.0,14.573,1.81,12.11607955009401,25.519758621306952,
pseudo,Lena,1,0.75,1518,model,stefan,catboost,cci,5.0,14.882,-3.137,11.40260556506857,27.59482056523577,
pseudo,Lena,1,1.0,1518,model,stefan,catboost,cci,5.0,16.748,-8.085,12.279505726724144,30.553842926566585,
pseudo,Lena,2,0.0,1518,model,stefan,catboost,cci,5.0,18.548,11.705,16.277760661947624,25.419895252173298,
pseudo,Lena,2,0.25,1518,model,stefan,catboost,cci,5.0,15.907,6.747,13.81359599275455,24.149674707742815,
pseudo,Lena,2,0.5,1518,model,stefan,catboost,cci,5.0,14.563,1.788,12.287336378543072,25.49697644505934,
pseudo,Lena,2,0.75,1518,model,stefan,catboost,cci,5.0,14.872,-3.17,11.422843726053609,27.783510416222757,
pseudo,Lena,2,1.0,1518,model,stefan,catboost,cci,5.0,16.741,-8.129,12.588522204869431,30.7977803413315,
pseudo,Lena,0,0.0,1518,model,stefan,catboost,stefan_cci,10.0,18.548,11.705,16.241707210329377,26.44619284415228,
pseudo,Lena,0,0.25,1518,model,stefan,catboost,stefan_cci,10.0,17.128,9.391,14.97287902267769,26.29168854253448,
pseudo,Lena,0,0.5,1518,model,stefan,catboost,stefan_cci,10.0,15.935,7.076,13.823671717369848,26.35498818078084,
pseudo,Lena,0,0.75,1518,model,stefan,catboost,stefan_cci,10.0,15.023,4.762,12.863630459735797,26.66652280023979,
pseudo,Lena,0,1.0,1518,model,stefan,catboost,stefan_cci,10.0,14.443,2.447,12.223044376294583,27.279647816181296,
pseudo,Lena,1,0.0,1518,model,stefan,catboost,stefan_cci,10.0,18.548,11.705,16.08377859260714,25.871935510091735,
pseudo,Lena,1,0.25,1518,model,stefan,catboost,stefan_cci,10.0,17.13,9.374,14.840432206090332,25.117006136433396,
pseudo,Lena,1,0.5,1518,model,stefan,catboost,stefan_cci,10.0,15.942,7.043,13.80883234841623,24.445318549854118,
pseudo,Lena,1,0.75,1518,model,stefan,catboost,stefan_cci,10.0,15.04,4.711,12.932692557288494,24.32716162431019,
pseudo,Lena,1,1.0,1518,model,stefan,catboost,stefan_cci,10.0,14.477,2.38,12.176723837355022,24.711286293022724,
pseudo,Lena,2,0.0,1518,model,stefan,catboost,stefan_cci,10.0,18.548,11.705,16.277760661947624,25.419895252173298,
pseudo,Lena,2,0.25,1518,model,stefan,catboost,stefan_cci,10.0,17.11,9.323,14.978165244399102,24.187290769543367,
pseudo,Lena,2,0.5,1518,model,stefan,catboost,stefan_cci,10.0,15.913,6.941,13.884910987533704,23.943012196616284,
pseudo,Lena,2,0.75,1518,model,stefan,catboost,stefan_cci,10.0,15.014,4.56,13.003249649138864,24.337614738724177,
pseudo,Lena,2,1.0,1518,model,stefan,catboost,stefan_cci,10.0,14.47,2.178,12.31659815100265,24.967688409683284,
pseudo,Lena,0,0.0,1518,model,stefan,mlp,cci,1.0,18.548,11.705,16.241707210329377,26.44619284415228,
pseudo,Lena,0,0.25,1518,model,stefan,mlp,cci,1.0,15.898,6.831,13.668243100545505,26.555463674273778,
pseudo,Lena,0,0.5,1518,model,stefan,mlp,cci,1.0,14.495,1.956,12.088019812319587,27.819960038425357,
pseudo,Lena,0,0.75,1518,model,stefan,mlp,cci,1.0,14.702,-2.918,11.62715009868254,30.031659725154753,
pseudo,Lena,0,1.0,1518,model,stefan,mlp,cci,1.0,16.457,-7.793,12.878051329685627,32.95791341153726,
pseudo,Lena,1,0.0,1518,model,stefan,mlp,cci,1.0,18.548,11.705,16.08377859260714,25.871935510091735,
pseudo,Lena,1,0.25,1518,model,stefan,mlp,cci,1.0,15.903,6.778,13.618415454518873,24.93422288717725,
pseudo,Lena,1,0.5,1518,model,stefan,mlp,cci,1.0,14.548,1.851,11.970766125793084,25.89999604561083,
pseudo,Lena,1,0.75,1518,model,stefan,mlp,cci,1.0,14.842,-3.076,11.40910529876921,28.13266211932564,
pseudo,Lena,1,1.0,1518,model,stefan,mlp,cci,1.0,16.698,-8.003,12.3778422647577,31.214543327497136,
pseudo,Lena,2,0.0,1518,model,stefan,mlp,cci,1.0,18.548,11.705,16.277760661947624,25.419895252173298,
pseudo,Lena,2,0.25,1518,model,stefan,mlp,cci,1.0,15.967,6.874,13.869050220532861,24.22853530554327,
pseudo,Lena,2,0.5,1518,model,stefan,mlp,cci,1.0,14.616,2.043,12.308255987549476,25.601120204097608,
pseudo,Lena,2,0.75,1518,model,stefan,mlp,cci,1.0,14.835,-2.788,11.352587969935202,27.864554911530803,
pseudo,Lena,2,1.0,1518,model,stefan,mlp,cci,1.0,16.56,-7.62,12.406733563445721,30.820231305114795,
pseudo,Lena,0,0.0,1518,model,stefan,mlp,stefan_cci,5.0,18.548,11.705,16.241707210329377,26.44619284415228,
pseudo,Lena,0,0.25,1518,model,stefan,mlp,stefan_cci,5.0,17.097,9.257,14.888717687093632,26.435664433209947,
pseudo,Lena,0,0.5,1518,model,stefan,mlp,stefan_cci,5.0,15.902,6.808,13.66260356773772,26.5615780164812,
pseudo,Lena,0,0.75,1518,model,stefan,mlp,stefan_cci,5.0,15.026,4.36,12.697933625607918,27.100339395600617,
pseudo,Lena,0,1.0,1518,model,stefan,mlp,stefan_cci,5.0,14.526,1.911,12.100681314897672,27.902902758020947,
pseudo,Lena,1,0.0,1518,model,stefan,mlp,stefan_cci,5.0,18.548,11.705,16.08377859260714,25.871935510091735,
pseudo,Lena,1,0.25,1518,model,stefan,mlp,stefan_cci,5.0,17.109,9.237,14.785882835140688,25.31655959559503,
pseudo,Lena,1,0.5,1518,model,stefan,mlp,stefan_cci,5.0,15.935,6.769,13.722751052622176,24.87988569624988,
pseudo,Lena,1,0.75,1518,model,stefan,mlp,stefan_cci,5.0,15.086,4.301,12.872777442090417,25.091182089843006,
pseudo,Lena,1,1.0,1518,model,stefan,mlp,stefan_cci,5.0,14.621,1.833,12.158644954505096,25.797163950608038,
pseudo,Lena,2,0.0,1518,model,stefan,mlp,stefan_cci,5.0,18.548,11.705,16.277760661947624,25.419895252173298,
pseudo,Lena,2,0.25,1518,model,stefan,mlp,stefan_cci,5.0,17.141,9.273,14.978148224094225,24.320156958811474,
pseudo,Lena,2,0.5,1518,model,stefan,mlp,stefan_cci,5.0,15.991,6.841,13.908654706961453,24.249872380856328,
pseudo,Lena,2,0.75,1518,model,stefan,mlp,stefan_cci,5.0,15.156,4.409,13.046189139258765,24.823143180454757,
pseudo,Lena,2,1.0,1518,model,stefan,mlp,stefan_cci,5.0,14.691,1.977,12.422829492735124,25.646512082127206,
pseudo,Lena,0,0.0,1518,model,stefan,mlp,const,10.0,18.548,11.705,16.241707210329377,26.44619284415228,
pseudo,Lena,0,0.25,1518,model,stefan,mlp,const,10.0,17.227,9.461,14.94086446890815,26.388455784449285,
pseudo,Lena,0,0.5,1518,model,stefan,mlp,const,10.0,16.114,7.217,13.775959055484678,26.50511782272281,
pseudo,Lena,0,0.75,1518,model,stefan,mlp,const,10.0,15.252,4.973,12.827817915156986,26.753039169682392,
pseudo,Lena,0,1.0,1518,model,stefan,mlp,const,10.0,14.688,2.729,12.217834475427148,27.299544186300622,
pseudo,Lena,1,0.0,1518,model,stefan,mlp,const,10.0,18.548,11.705,16.08377859260714,25.871935510091735,
pseudo,Lena,1,0.25,1518,model,stefan,mlp,const,10.0,17.154,9.394,14.745429033276746,25.3437627051573,
pseudo,Lena,1,0.5,1518,model,stefan,mlp,const,10.0,15.976,7.082,13.650452011178913,24.847810556604358,
pseudo,Lena,1,0.75,1518,model,stefan,mlp,const,10.0,15.067,4.771,12.761158697477233,24.727885214852485,
pseudo,Lena,1,1.0,1518,model,stefan,mlp,const,10.0,14.477,2.46,12.059165307407564,25.143759598176242,
pseudo,Lena,2,0.0,1518,model,stefan,mlp,const,10.0,18.548,11.705,16.277760661947624,25.419895252173298,
pseudo,Lena,2,0.25,1518,model,stefan,mlp,const,10.0,17.181,9.389,14.952403095403026,24.464265384147712,
pseudo,Lena,2,0.5,1518,model,stefan,mlp,const,10.0,16.036,7.072,13.790996714164008,24.065963233294593,
pseudo,Lena,2,0.75,1518,model,stefan,mlp,const,10.0,15.162,4.756,12.90301352497526,24.484454485046733,
pseudo,Lena,2,1.0,1518,model,stefan,mlp,const,10.0,14.609,2.439,12.305472203095869,25.12393388382838,
pseudo,Lena,0,0.0,1518,model,cci,ridge,stefan,10.0,16.485,-7.016,,,
pseudo,Lena,0,0.25,1518,model,cci,ridge,stefan,10.0,14.872,-2.098,,,
pseudo,Lena,0,0.5,1518,model,cci,ridge,stefan,10.0,14.833,2.821,,,
pseudo,Lena,0,0.75,1518,model,cci,ridge,stefan,10.0,16.379,7.739,,,
pseudo,Lena,0,1.0,1518,model,cci,ridge,stefan,10.0,19.13,12.658,,,
pseudo,Lena,1,0.0,1518,model,cci,ridge,stefan,10.0,16.485,-7.016,,,
pseudo,Lena,1,0.25,1518,model,cci,ridge,stefan,10.0,14.871,-2.098,,,
pseudo,Lena,1,0.5,1518,model,cci,ridge,stefan,10.0,14.83,2.821,,,
pseudo,Lena,1,0.75,1518,model,cci,ridge,stefan,10.0,16.376,7.739,,,
pseudo,Lena,1,1.0,1518,model,cci,ridge,stefan,10.0,19.127,12.658,,,
pseudo,Lena,2,0.0,1518,model,cci,ridge,stefan,10.0,16.485,-7.016,,,
pseudo,Lena,2,0.25,1518,model,cci,ridge,stefan,10.0,14.872,-2.097,,,
pseudo,Lena,2,0.5,1518,model,cci,ridge,stefan,10.0,14.833,2.822,,,
pseudo,Lena,2,0.75,1518,model,cci,ridge,stefan,10.0,16.38,7.741,,,
pseudo,Lena,2,1.0,1518,model,cci,ridge,stefan,10.0,19.131,12.66,,,
pseudo,Lena,0,0.0,1518,model,cci,ridge,stefan_cci,1.0,16.485,-7.016,,,
pseudo,Lena,0,0.25,1518,model,cci,ridge,stefan_cci,1.0,15.409,-3.694,,,
pseudo,Lena,0,0.5,1518,model,cci,ridge,stefan_cci,1.0,15.052,-0.373,,,
pseudo,Lena,0,0.75,1518,model,cci,ridge,stefan_cci,1.0,15.466,2.949,,,
pseudo,Lena,0,1.0,1518,model,cci,ridge,stefan_cci,1.0,16.591,6.271,,,
pseudo,Lena,1,0.0,1518,model,cci,ridge,stefan_cci,1.0,16.485,-7.016,,,
pseudo,Lena,1,0.25,1518,model,cci,ridge,stefan_cci,1.0,15.404,-3.698,,,
pseudo,Lena,1,0.5,1518,model,cci,ridge,stefan_cci,1.0,15.041,-0.379,,,
pseudo,Lena,1,0.75,1518,model,cci,ridge,stefan_cci,1.0,15.447,2.939,,,
pseudo,Lena,1,1.0,1518,model,cci,ridge,stefan_cci,1.0,16.564,6.257,,,
pseudo,Lena,2,0.0,1518,model,cci,ridge,stefan_cci,1.0,16.485,-7.016,,,
pseudo,Lena,2,0.25,1518,model,cci,ridge,stefan_cci,1.0,15.416,-3.767,,,
pseudo,Lena,2,0.5,1518,model,cci,ridge,stefan_cci,1.0,15.036,-0.517,,,
pseudo,Lena,2,0.75,1518,model,cci,ridge,stefan_cci,1.0,15.394,2.732,,,
pseudo,Lena,2,1.0,1518,model,cci,ridge,stefan_cci,1.0,16.444,5.982,,,
pseudo,Lena,0,0.0,1518,model,cci,ridge,const,5.0,16.485,-7.016,,,
pseudo,Lena,0,0.25,1518,model,cci,ridge,const,5.0,15.334,-4.295,,,
pseudo,Lena,0,0.5,1518,model,cci,ridge,const,5.0,14.637,-1.575,,,
pseudo,Lena,0,0.75,1518,model,cci,ridge,const,5.0,14.46,1.146,,,
pseudo,Lena,0,1.0,1518,model,cci,ridge,const,5.0,14.823,3.867,,,
pseudo,Lena,1,0.0,1518,model,cci,ridge,const,5.0,16.485,-7.016,,,
pseudo,Lena,1,0.25,1518,model,cci,ridge,const,5.0,15.333,-4.296,,,
pseudo,Lena,1,0.5,1518,model,cci,ridge,const,5.0,14.635,-1.575,,,
pseudo,Lena,1,0.75,1518,model,cci,ridge,const,5.0,14.458,1.145,,,
pseudo,Lena,1,1.0,1518,model,cci,ridge,const,5.0,14.82,3.866,,,
pseudo,Lena,2,0.0,1518,model,cci,ridge,const,5.0,16.485,-7.016,,,
pseudo,Lena,2,0.25,1518,model,cci,ridge,const,5.0,15.332,-4.287,,,
pseudo,Lena,2,0.5,1518,model,cci,ridge,const,5.0,14.637,-1.558,,,
pseudo,Lena,2,0.75,1518,model,cci,ridge,const,5.0,14.465,1.171,,,
pseudo,Lena,2,1.0,1518,model,cci,ridge,const,5.0,14.835,3.901,,,
pseudo,Lena,0,0.0,1518,model,cci,catboost,stefan,5.0,16.485,-7.016,,,
pseudo,Lena,0,0.25,1518,model,cci,catboost,stefan,5.0,14.928,-2.052,,,
pseudo,Lena,0,0.5,1518,model,cci,catboost,stefan,5.0,14.964,2.912,,,
pseudo,Lena,0,0.75,1518,model,cci,catboost,stefan,5.0,16.582,7.876,,,
pseudo,Lena,0,1.0,1518,model,cci,catboost,stefan,5.0,19.39,12.839,,,
pseudo,Lena,1,0.0,1518,model,cci,catboost,stefan,5.0,16.485,-7.016,,,
pseudo,Lena,1,0.25,1518,model,cci,catboost,stefan,5.0,14.933,-2.037,,,
pseudo,Lena,1,0.5,1518,model,cci,catboost,stefan,5.0,14.988,2.943,,,
pseudo,Lena,1,0.75,1518,model,cci,catboost,stefan,5.0,16.634,7.922,,,
pseudo,Lena,1,1.0,1518,model,cci,catboost,stefan,5.0,19.472,12.902,,,
pseudo,Lena,2,0.0,1518,model,cci,catboost,stefan,5.0,16.485,-7.016,,,
pseudo,Lena,2,0.25,1518,model,cci,catboost,stefan,5.0,14.935,-1.985,,,
pseudo,Lena,2,0.5,1518,model,cci,catboost,stefan,5.0,15.021,3.045,,,
pseudo,Lena,2,0.75,1518,model,cci,catboost,stefan,5.0,16.719,8.076,,,
pseudo,Lena,2,1.0,1518,model,cci,catboost,stefan,5.0,19.614,13.106,,,
pseudo,Lena,0,0.0,1518,model,cci,catboost,cci,10.0,16.485,-7.016,,,
pseudo,Lena,0,0.25,1518,model,cci,catboost,cci,10.0,16.405,-6.796,,,
pseudo,Lena,0,0.5,1518,model,cci,catboost,cci,10.0,16.333,-6.576,,,
pseudo,Lena,0,0.75,1518,model,cci,catboost,cci,10.0,16.269,-6.356,,,
pseudo,Lena,0,1.0,1518,model,cci,catboost,cci,10.0,16.213,-6.136,,,
pseudo,Lena,1,0.0,1518,model,cci,catboost,cci,10.0,16.485,-7.016,,,
pseudo,Lena,1,0.25,1518,model,cci,catboost,cci,10.0,16.427,-6.833,,,
pseudo,Lena,1,0.5,1518,model,cci,catboost,cci,10.0,16.375,-6.65,,,
pseudo,Lena,1,0.75,1518,model,cci,catboost,cci,10.0,16.33,-6.468,,,
pseudo,Lena,1,1.0,1518,model,cci,catboost,cci,10.0,16.291,-6.285,,,
pseudo,Lena,2,0.0,1518,model,cci,catboost,cci,10.0,16.485,-7.016,,,
pseudo,Lena,2,0.25,1518,model,cci,catboost,cci,10.0,16.401,-6.809,,,
pseudo,Lena,2,0.5,1518,model,cci,catboost,cci,10.0,16.325,-6.601,,,
pseudo,Lena,2,0.75,1518,model,cci,catboost,cci,10.0,16.255,-6.394,,,
pseudo,Lena,2,1.0,1518,model,cci,catboost,cci,10.0,16.193,-6.186,,,
pseudo,Lena,0,0.0,1518,model,cci,catboost,const,1.0,16.485,-7.016,,,
pseudo,Lena,0,0.25,1518,model,cci,catboost,const,1.0,15.459,-4.521,,,
pseudo,Lena,0,0.5,1518,model,cci,catboost,const,1.0,14.815,-2.026,,,
pseudo,Lena,0,0.75,1518,model,cci,catboost,const,1.0,14.603,0.469,,,
pseudo,Lena,0,1.0,1518,model,cci,catboost,const,1.0,14.841,2.964,,,
pseudo,Lena,1,0.0,1518,model,cci,catboost,const,1.0,16.485,-7.016,,,
pseudo,Lena,1,0.25,1518,model,cci,catboost,const,1.0,15.459,-4.474,,,
pseudo,Lena,1,0.5,1518,model,cci,catboost,const,1.0,14.829,-1.931,,,
pseudo,Lena,1,0.75,1518,model,cci,catboost,const,1.0,14.645,0.611,,,
pseudo,Lena,1,1.0,1518,model,cci,catboost,const,1.0,14.924,3.154,,,
pseudo,Lena,2,0.0,1518,model,cci,catboost,const,1.0,16.485,-7.016,,,
pseudo,Lena,2,0.25,1518,model,cci,catboost,const,1.0,15.449,-4.515,,,
pseudo,Lena,2,0.5,1518,model,cci,catboost,const,1.0,14.789,-2.013,,,
pseudo,Lena,2,0.75,1518,model,cci,catboost,const,1.0,14.557,0.488,,,
pseudo,Lena,2,1.0,1518,model,cci,catboost,const,1.0,14.772,2.99,,,
pseudo,Lena,0,0.0,1518,model,cci,mlp,stefan,1.0,16.485,-7.016,,,
pseudo,Lena,0,0.25,1518,model,cci,mlp,stefan,1.0,15.024,-1.926,,,
pseudo,Lena,0,0.5,1518,model,cci,mlp,stefan,1.0,15.232,3.163,,,
pseudo,Lena,0,0.75,1518,model,cci,mlp,stefan,1.0,17.049,8.253,,,
pseudo,Lena,0,1.0,1518,model,cci,mlp,stefan,1.0,20.041,13.343,,,
pseudo,Lena,1,0.0,1518,model,cci,mlp,stefan,1.0,16.485,-7.016,,,
pseudo,Lena,1,0.25,1518,model,cci,mlp,stefan,1.0,14.943,-1.85,,,
pseudo,Lena,1,0.5,1518,model,cci,mlp,stefan,1.0,15.128,3.316,,,
pseudo,Lena,1,0.75,1518,model,cci,mlp,stefan,1.0,16.983,8.481,,,
pseudo,Lena,1,1.0,1518,model,cci,mlp,stefan,1.0,20.05,13.647,,,
pseudo,Lena,2,0.0,1518,model,cci,mlp,stefan,1.0,16.485,-7.016,,,
pseudo,Lena,2,0.25,1518,model,cci,mlp,stefan,1.0,14.899,-2.176,,,
pseudo,Lena,2,0.5,1518,model,cci,mlp,stefan,1.0,14.848,2.665,,,
pseudo,Lena,2,0.75,1518,model,cci,mlp,stefan,1.0,16.347,7.505,,,
pseudo,Lena,2,1.0,1518,model,cci,mlp,stefan,1.0,19.031,12.346,,,
pseudo,Lena,0,0.0,1518,model,cci,mlp,cci,5.0,16.485,-7.016,,,
pseudo,Lena,0,0.25,1518,model,cci,mlp,cci,5.0,16.484,-6.977,,,
pseudo,Lena,0,0.5,1518,model,cci,mlp,cci,5.0,16.484,-6.939,,,
pseudo,Lena,0,0.75,1518,model,cci,mlp,cci,5.0,16.484,-6.9,,,
pseudo,Lena,0,1.0,1518,model,cci,mlp,cci,5.0,16.485,-6.862,,,
pseudo,Lena,1,0.0,1518,model,cci,mlp,cci,5.0,16.485,-7.016,,,
pseudo,Lena,1,0.25,1518,model,cci,mlp,cci,5.0,16.486,-7.023,,,
pseudo,Lena,1,0.5,1518,model,cci,mlp,cci,5.0,16.487,-7.03,,,
pseudo,Lena,1,0.75,1518,model,cci,mlp,cci,5.0,16.489,-7.037,,,
pseudo,Lena,1,1.0,1518,model,cci,mlp,cci,5.0,16.492,-7.044,,,
pseudo,Lena,2,0.0,1518,model,cci,mlp,cci,5.0,16.485,-7.016,,,
pseudo,Lena,2,0.25,1518,model,cci,mlp,cci,5.0,16.491,-7.05,,,
pseudo,Lena,2,0.5,1518,model,cci,mlp,cci,5.0,16.498,-7.085,,,
pseudo,Lena,2,0.75,1518,model,cci,mlp,cci,5.0,16.505,-7.119,,,
pseudo,Lena,2,1.0,1518,model,cci,mlp,cci,5.0,16.512,-7.153,,,
pseudo,Lena,0,0.0,1518,model,cci,mlp,stefan_cci,10.0,16.485,-7.016,,,
pseudo,Lena,0,0.25,1518,model,cci,mlp,stefan_cci,10.0,15.556,-4.564,,,
pseudo,Lena,0,0.5,1518,model,cci,mlp,stefan_cci,10.0,14.982,-2.112,,,
pseudo,Lena,0,0.75,1518,model,cci,mlp,stefan_cci,10.0,14.805,0.339,,,
pseudo,Lena,0,1.0,1518,model,cci,mlp,stefan_cci,10.0,15.037,2.791,,,
pseudo,Lena,1,0.0,1518,model,cci,mlp,stefan_cci,10.0,16.485,-7.016,,,
pseudo,Lena,1,0.25,1518,model,cci,mlp,stefan_cci,10.0,15.525,-4.591,,,
pseudo,Lena,1,0.5,1518,model,cci,mlp,stefan_cci,10.0,14.911,-2.165,,,
pseudo,Lena,1,0.75,1518,model,cci,mlp,stefan_cci,10.0,14.686,0.26,,,
pseudo,Lena,1,1.0,1518,model,cci,mlp,stefan_cci,10.0,14.868,2.685,,,
pseudo,Lena,2,0.0,1518,model,cci,mlp,stefan_cci,10.0,16.485,-7.016,,,
pseudo,Lena,2,0.25,1518,model,cci,mlp,stefan_cci,10.0,15.544,-4.648,,,
pseudo,Lena,2,0.5,1518,model,cci,mlp,stefan_cci,10.0,14.935,-2.281,,,
pseudo,Lena,2,0.75,1518,model,cci,mlp,stefan_cci,10.0,14.7,0.087,,,
pseudo,Lena,2,1.0,1518,model,cci,mlp,stefan_cci,10.0,14.855,2.454,,,
pseudo,Lena,0,0.0,1518,model,stefan_cci,ridge,cci,1.0,14.757,2.343,,,
pseudo,Lena,0,0.25,1518,model,stefan_cci,ridge,cci,1.0,14.753,1.028,,,
pseudo,Lena,0,0.5,1518,model,stefan_cci,ridge,cci,1.0,14.932,-0.287,,,
pseudo,Lena,0,0.75,1518,model,stefan_cci,ridge,cci,1.0,15.287,-1.603,,,
pseudo,Lena,0,1.0,1518,model,stefan_cci,ridge,cci,1.0,15.807,-2.918,,,
pseudo,Lena,1,0.0,1518,model,stefan_cci,ridge,cci,1.0,14.757,2.343,,,
pseudo,Lena,1,0.25,1518,model,stefan_cci,ridge,cci,1.0,14.748,1.023,,,
pseudo,Lena,1,0.5,1518,model,stefan_cci,ridge,cci,1.0,14.923,-0.296,,,
pseudo,Lena,1,0.75,1518,model,stefan_cci,ridge,cci,1.0,15.274,-1.616,,,
pseudo,Lena,1,1.0,1518,model,stefan_cci,ridge,cci,1.0,15.79,-2.936,,,
pseudo,Lena,2,0.0,1518,model,stefan_cci,ridge,cci,1.0,14.757,2.343,,,
pseudo,Lena,2,0.25,1518,model,stefan_cci,ridge,cci,1.0,14.741,0.966,,,
pseudo,Lena,2,0.5,1518,model,stefan_cci,ridge,cci,1.0,14.917,-0.411,,,
pseudo,Lena,2,0.75,1518,model,stefan_cci,ridge,cci,1.0,15.279,-1.789,,,
pseudo,Lena,2,1.0,1518,model,stefan_cci,ridge,cci,1.0,15.813,-3.166,,,
pseudo,Lena,0,0.0,1518,model,stefan_cci,ridge,stefan_cci,5.0,14.757,2.343,,,
pseudo,Lena,0,0.25,1518,model,stefan_cci,ridge,stefan_cci,5.0,14.826,2.697,,,
pseudo,Lena,0,0.5,1518,model,stefan_cci,ridge,stefan_cci,5.0,14.908,3.05,,,
pseudo,Lena,0,0.75,1518,model,stefan_cci,ridge,stefan_cci,5.0,15.001,3.404,,,
pseudo,Lena,0,1.0,1518,model,stefan_cci,ridge,stefan_cci,5.0,15.107,3.757,,,
pseudo,Lena,1,0.0,1518,model,stefan_cci,ridge,stefan_cci,5.0,14.757,2.343,,,
pseudo,Lena,1,0.25,1518,model,stefan_cci,ridge,stefan_cci,5.0,14.826,2.7,,,
pseudo,Lena,1,0.5,1518,model,stefan_cci,ridge,stefan_cci,5.0,14.907,3.056,,,
pseudo,Lena,1,0.75,1518,model,stefan_cci,ridge,stefan_cci,5.0,15.001,3.412,,,
pseudo,Lena,1,1.0,1518,model,stefan_cci,ridge,stefan_cci,5.0,15.107,3.768,,,
pseudo,Lena,2,0.0,1518,model,stefan_cci,ridge,stefan_cci,5.0,14.757,2.343,,,
pseudo,Lena,2,0.25,1518,model,stefan_cci,ridge,stefan_cci,5.0,14.829,2.707,,,
pseudo,Lena,2,0.5,1518,model,stefan_cci,ridge,stefan_cci,5.0,14.914,3.071,,,
pseudo,Lena,2,0.75,1518,model,stefan_cci,ridge,stefan_cci,5.0,15.011,3.435,,,
pseudo,Lena,2,1.0,1518,model,stefan_cci,ridge,stefan_cci,5.0,15.121,3.799,,,
pseudo,Lena,0,0.0,1518,model,stefan_cci,ridge,const,10.0,14.757,2.343,,,
pseudo,Lena,0,0.25,1518,model,stefan_cci,ridge,const,10.0,14.737,2.687,,,
pseudo,Lena,0,0.5,1518,model,stefan_cci,ridge,const,10.0,14.736,3.032,,,
pseudo,Lena,0,0.75,1518,model,stefan_cci,ridge,const,10.0,14.753,3.376,,,
pseudo,Lena,0,1.0,1518,model,stefan_cci,ridge,const,10.0,14.789,3.72,,,
pseudo,Lena,1,0.0,1518,model,stefan_cci,ridge,const,10.0,14.757,2.343,,,
pseudo,Lena,1,0.25,1518,model,stefan_cci,ridge,const,10.0,14.736,2.684,,,
pseudo,Lena,1,0.5,1518,model,stefan_cci,ridge,const,10.0,14.733,3.025,,,
pseudo,Lena,1,0.75,1518,model,stefan_cci,ridge,const,10.0,14.748,3.366,,,
pseudo,Lena,1,1.0,1518,model,stefan_cci,ridge,const,10.0,14.782,3.707,,,
pseudo,Lena,2,0.0,1518,model,stefan_cci,ridge,const,10.0,14.757,2.343,,,
pseudo,Lena,2,0.25,1518,model,stefan_cci,ridge,const,10.0,14.738,2.688,,,
pseudo,Lena,2,0.5,1518,model,stefan_cci,ridge,const,10.0,14.737,3.032,,,
pseudo,Lena,2,0.75,1518,model,stefan_cci,ridge,const,10.0,14.754,3.376,,,
pseudo,Lena,2,1.0,1518,model,stefan_cci,ridge,const,10.0,14.79,3.721,,,
pseudo,Lena,0,0.0,1518,model,stefan_cci,catboost,stefan,10.0,14.757,2.343,,,
pseudo,Lena,0,0.25,1518,model,stefan_cci,catboost,stefan,10.0,15.339,4.911,,,
pseudo,Lena,0,0.5,1518,model,stefan_cci,catboost,stefan,10.0,16.314,7.479,,,
pseudo,Lena,0,0.75,1518,model,stefan_cci,catboost,stefan,10.0,17.618,10.047,,,
pseudo,Lena,0,1.0,1518,model,stefan_cci,catboost,stefan,10.0,19.183,12.615,,,
pseudo,Lena,1,0.0,1518,model,stefan_cci,catboost,stefan,10.0,14.757,2.343,,,
pseudo,Lena,1,0.25,1518,model,stefan_cci,catboost,stefan,10.0,15.329,4.86,,,
pseudo,Lena,1,0.5,1518,model,stefan_cci,catboost,stefan,10.0,16.281,7.376,,,
pseudo,Lena,1,0.75,1518,model,stefan_cci,catboost,stefan,10.0,17.552,9.893,,,
pseudo,Lena,1,1.0,1518,model,stefan_cci,catboost,stefan,10.0,19.077,12.41,,,
pseudo,Lena,2,0.0,1518,model,stefan_cci,catboost,stefan,10.0,14.757,2.343,,,
pseudo,Lena,2,0.25,1518,model,stefan_cci,catboost,stefan,10.0,15.341,4.91,,,
pseudo,Lena,2,0.5,1518,model,stefan_cci,catboost,stefan,10.0,16.32,7.477,,,
pseudo,Lena,2,0.75,1518,model,stefan_cci,catboost,stefan,10.0,17.628,10.043,,,
pseudo,Lena,2,1.0,1518,model,stefan_cci,catboost,stefan,10.0,19.199,12.61,,,
pseudo,Lena,0,0.0,1518,model,stefan_cci,catboost,stefan_cci,1.0,14.757,2.343,,,
pseudo,Lena,0,0.25,1518,model,stefan_cci,catboost,stefan_cci,1.0,14.769,2.445,,,
pseudo,Lena,0,0.5,1518,model,stefan_cci,catboost,stefan_cci,1.0,14.782,2.546,,,
pseudo,Lena,0,0.75,1518,model,stefan_cci,catboost,stefan_cci,1.0,14.797,2.648,,,
pseudo,Lena,0,1.0,1518,model,stefan_cci,catboost,stefan_cci,1.0,14.813,2.749,,,
pseudo,Lena,1,0.0,1518,model,stefan_cci,catboost,stefan_cci,1.0,14.757,2.343,,,
pseudo,Lena,1,0.25,1518,model,stefan_cci,catboost,stefan_cci,1.0,14.78,2.411,,,
pseudo,Lena,1,0.5,1518,model,stefan_cci,catboost,stefan_cci,1.0,14.804,2.479,,,
pseudo,Lena,1,0.75,1518,model,stefan_cci,catboost,stefan_cci,1.0,14.83,2.546,,,
pseudo,Lena,1,1.0,1518,model,stefan_cci,catboost,stefan_cci,1.0,14.858,2.614,,,
pseudo,Lena,2,0.0,1518,model,stefan_cci,catboost,stefan_cci,1.0,14.757,2.343,,,
pseudo,Lena,2,0.25,1518,model,stefan_cci,catboost,stefan_cci,1.0,14.786,2.474,,,
pseudo,Lena,2,0.5,1518,model,stefan_cci,catboost,stefan_cci,1.0,14.817,2.605,,,
pseudo,Lena,2,0.75,1518,model,stefan_cci,catboost,stefan_cci,1.0,14.851,2.737,,,
pseudo,Lena,2,1.0,1518,model,stefan_cci,catboost,stefan_cci,1.0,14.887,2.868,,,
pseudo,Lena,0,0.0,1518,model,stefan_cci,catboost,const,5.0,14.757,2.343,,,
pseudo,Lena,0,0.25,1518,model,stefan_cci,catboost,const,5.0,14.758,2.607,,,
pseudo,Lena,0,0.5,1518,model,stefan_cci,catboost,const,5.0,14.771,2.87,,,
pseudo,Lena,0,0.75,1518,model,stefan_cci,catboost,const,5.0,14.794,3.133,,,
pseudo,Lena,0,1.0,1518,model,stefan_cci,catboost,const,5.0,14.828,3.396,,,
pseudo,Lena,1,0.0,1518,model,stefan_cci,catboost,const,5.0,14.757,2.343,,,
pseudo,Lena,1,0.25,1518,model,stefan_cci,catboost,const,5.0,14.759,2.616,,,
pseudo,Lena,1,0.5,1518,model,stefan_cci,catboost,const,5.0,14.774,2.889,,,
pseudo,Lena,1,0.75,1518,model,stefan_cci,catboost,const,5.0,14.801,3.161,,,
pseudo,Lena,1,1.0,1518,model,stefan_cci,catboost,const,5.0,14.84,3.434,,,
pseudo,Lena,2,0.0,1518,model,stefan_cci,catboost,const,5.0,14.757,2.343,,,
pseudo,Lena,2,0.25,1518,model,stefan_cci,catboost,const,5.0,14.747,2.548,,,
pseudo,Lena,2,0.5,1518,model,stefan_cci,catboost,const,5.0,14.748,2.753,,,
pseudo,Lena,2,0.75,1518,model,stefan_cci,catboost,const,5.0,14.759,2.958,,,
pseudo,Lena,2,1.0,1518,model,stefan_cci,catboost,const,5.0,14.781,3.162,,,
pseudo,Lena,0,0.0,1518,model,stefan_cci,mlp,stefan,5.0,14.757,2.343,,,
pseudo,Lena,0,0.25,1518,model,stefan_cci,mlp,stefan,5.0,15.308,4.79,,,
pseudo,Lena,0,0.5,1518,model,stefan_cci,mlp,stefan,5.0,16.222,7.237,,,
pseudo,Lena,0,0.75,1518,model,stefan_cci,mlp,stefan,5.0,17.441,9.684,,,
pseudo,Lena,0,1.0,1518,model,stefan_cci,mlp,stefan,5.0,18.907,12.131,,,
pseudo,Lena,1,0.0,1518,model,stefan_cci,mlp,stefan,5.0,14.757,2.343,,,
pseudo,Lena,1,0.25,1518,model,stefan_cci,mlp,stefan,5.0,15.33,4.845,,,
pseudo,Lena,1,0.5,1518,model,stefan_cci,mlp,stefan,5.0,16.277,7.347,,,
pseudo,Lena,1,0.75,1518,model,stefan_cci,mlp,stefan,5.0,17.537,9.849,,,
pseudo,Lena,1,1.0,1518,model,stefan_cci,mlp,stefan,5.0,19.05,12.351,,,
pseudo,Lena,2,0.0,1518,model,stefan_cci,mlp,stefan,5.0,14.757,2.343,,,
pseudo,Lena,2,0.25,1518,model,stefan_cci,mlp,stefan,5.0,15.261,4.697,,,
pseudo,Lena,2,0.5,1518,model,stefan_cci,mlp,stefan,5.0,16.109,7.051,,,
pseudo,Lena,2,0.75,1518,model,stefan_cci,mlp,stefan,5.0,17.251,9.405,,,
pseudo,Lena,2,1.0,1518,model,stefan_cci,mlp,stefan,5.0,18.633,11.759,,,
pseudo,Lena,0,0.0,1518,model,stefan_cci,mlp,cci,10.0,14.757,2.343,,,
pseudo,Lena,0,0.25,1518,model,stefan_cci,mlp,cci,10.0,14.61,-0.064,,,
pseudo,Lena,0,0.5,1518,model,stefan_cci,mlp,cci,10.0,14.866,-2.472,,,
pseudo,Lena,0,0.75,1518,model,stefan_cci,mlp,cci,10.0,15.506,-4.879,,,
pseudo,Lena,0,1.0,1518,model,stefan_cci,mlp,cci,10.0,16.485,-7.286,,,
pseudo,Lena,1,0.0,1518,model,stefan_cci,mlp,cci,10.0,14.757,2.343,,,
pseudo,Lena,1,0.25,1518,model,stefan_cci,mlp,cci,10.0,14.622,-0.111,,,
pseudo,Lena,1,0.5,1518,model,stefan_cci,mlp,cci,10.0,14.904,-2.565,,,
pseudo,Lena,1,0.75,1518,model,stefan_cci,mlp,cci,10.0,15.582,-5.019,,,
pseudo,Lena,1,1.0,1518,model,stefan_cci,mlp,cci,10.0,16.606,-7.473,,,
pseudo,Lena,2,0.0,1518,model,stefan_cci,mlp,cci,10.0,14.757,2.343,,,
pseudo,Lena,2,0.25,1518,model,stefan_cci,mlp,cci,10.0,14.618,-0.076,,,
pseudo,Lena,2,0.5,1518,model,stefan_cci,mlp,cci,10.0,14.888,-2.496,,,
pseudo,Lena,2,0.75,1518,model,stefan_cci,mlp,cci,10.0,15.545,-4.916,,,
pseudo,Lena,2,1.0,1518,model,stefan_cci,mlp,cci,10.0,16.544,-7.335,,,
pseudo,Lena,0,0.0,1518,model,stefan_cci,mlp,const,1.0,14.757,2.343,,,
pseudo,Lena,0,0.25,1518,model,stefan_cci,mlp,const,1.0,14.783,2.479,,,
pseudo,Lena,0,0.5,1518,model,stefan_cci,mlp,const,1.0,14.816,2.615,,,
pseudo,Lena,0,0.75,1518,model,stefan_cci,mlp,const,1.0,14.856,2.75,,,
pseudo,Lena,0,1.0,1518,model,stefan_cci,mlp,const,1.0,14.902,2.886,,,
pseudo,Lena,1,0.0,1518,model,stefan_cci,mlp,const,1.0,14.757,2.343,,,
pseudo,Lena,1,0.25,1518,model,stefan_cci,mlp,const,1.0,14.731,2.475,,,
pseudo,Lena,1,0.5,1518,model,stefan_cci,mlp,const,1.0,14.713,2.607,,,
pseudo,Lena,1,0.75,1518,model,stefan_cci,mlp,const,1.0,14.701,2.739,,,
pseudo,Lena,1,1.0,1518,model,stefan_cci,mlp,const,1.0,14.697,2.871,,,
pseudo,Lena,2,0.0,1518,model,stefan_cci,mlp,const,1.0,14.757,2.343,,,
pseudo,Lena,2,0.25,1518,model,stefan_cci,mlp,const,1.0,14.69,2.276,,,
pseudo,Lena,2,0.5,1518,model,stefan_cci,mlp,const,1.0,14.634,2.209,,,
pseudo,Lena,2,0.75,1518,model,stefan_cci,mlp,const,1.0,14.59,2.142,,,
pseudo,Lena,2,1.0,1518,model,stefan_cci,mlp,const,1.0,14.558,2.074,,,
pseudo,Canada,0,1.0,371,model,none,ridge,stefan,1.0,30.464,-1.735,20.558852321807915,38.227680880033226,
pseudo,Canada,1,1.0,371,model,none,ridge,stefan,1.0,30.459,-1.76,20.550098174695737,39.7768241938772,
pseudo,Canada,2,1.0,371,model,none,ridge,stefan,1.0,30.468,-1.745,21.67459938909884,38.58620659400528,
pseudo,Canada,0,1.0,371,model,none,ridge,cci,5.0,37.204,9.054,22.8404354663926,56.24907824005368,
pseudo,Canada,1,1.0,371,model,none,ridge,cci,5.0,37.197,9.023,23.68498614326894,60.117783782261014,
pseudo,Canada,2,1.0,371,model,none,ridge,cci,5.0,37.204,9.06,21.679737716310353,58.93402790482053,
pseudo,Canada,0,1.0,371,model,none,ridge,stefan_cci,10.0,31.07,3.478,21.21294048236659,42.64809637086007,
pseudo,Canada,1,1.0,371,model,none,ridge,stefan_cci,10.0,31.068,3.477,21.353829908017108,46.50012437693457,
pseudo,Canada,2,1.0,371,model,none,ridge,stefan_cci,10.0,31.069,3.486,20.529708999779,45.75998352016099,
pseudo,Canada,0,1.0,371,model,none,catboost,cci,1.0,31.96,10.487,19.19281942842605,45.13397316201853,
pseudo,Canada,1,1.0,371,model,none,catboost,cci,1.0,29.66,6.792,18.721222795173947,45.18970199166619,
pseudo,Canada,2,1.0,371,model,none,catboost,cci,1.0,31.94,10.602,18.819522856840294,47.30958750367149,
pseudo,Canada,0,1.0,371,model,none,catboost,stefan_cci,5.0,28.234,3.564,19.573038497129257,37.2984347669577,
pseudo,Canada,1,1.0,371,model,none,catboost,stefan_cci,5.0,27.833,2.915,18.881045555607123,39.8246252866678,
pseudo,Canada,2,1.0,371,model,none,catboost,stefan_cci,5.0,28.29,2.188,18.716171525201744,39.68542512767589,
pseudo,Canada,0,1.0,371,model,none,catboost,const,10.0,47.264,-33.656,23.643758661264606,61.19868637377476,
pseudo,Canada,1,1.0,371,model,none,catboost,const,10.0,46.979,-33.368,24.61025291130143,61.87454684635054,
pseudo,Canada,2,1.0,371,model,none,catboost,const,10.0,46.87,-33.268,23.379804726623266,60.60323944246349,
pseudo,Canada,0,1.0,371,model,none,mlp,stefan,10.0,299.712,-18.437,19.931993296391624,752.4480621061366,
pseudo,Canada,1,1.0,371,model,none,mlp,stefan,10.0,72.709,-5.559,20.629396129772566,185.3715471996483,
pseudo,Canada,2,1.0,371,model,none,mlp,stefan,10.0,285.13,12.153,20.741646758875124,701.5940007955281,
pseudo,Canada,0,1.0,371,model,none,mlp,stefan_cci,1.0,,,,,diverged
pseudo,Canada,1,1.0,371,model,none,mlp,stefan_cci,1.0,,,,,diverged
pseudo,Canada,2,1.0,371,model,none,mlp,stefan_cci,1.0,,,,,diverged
pseudo,Canada,0,1.0,371,model,none,mlp,const,5.0,,,,,diverged
pseudo,Canada,1,1.0,371,model,none,mlp,const,5.0,,,,,diverged
pseudo,Canada,2,1.0,371,model,none,mlp,const,5.0,,,,,diverged
pseudo,Canada,0,0.0,371,model,stefan,ridge,stefan,5.0,29.962,-2.179,20.285512178884655,37.514269047645875,
pseudo,Canada,0,0.25,371,model,stefan,ridge,stefan,5.0,30.032,-2.234,20.22425614323256,37.679703329086145,
pseudo,Canada,0,0.5,371,model,stefan,ridge,stefan,5.0,30.105,-2.289,20.169482981136508,37.847900827811415,
pseudo,Canada,0,0.75,371,model,stefan,ridge,stefan,5.0,30.18,-2.345,20.12124696588641,38.01882498388913,
pseudo,Canada,0,1.0,371,model,stefan,ridge,stefan,5.0,30.258,-2.4,20.079594967600066,38.192439233851964,
pseudo,Canada,1,0.0,371,model,stefan,ridge,stefan,5.0,29.962,-2.179,20.73590848775231,38.87785838724893,
pseudo,Canada,1,0.25,371,model,stefan,ridge,stefan,5.0,30.032,-2.242,20.69651036426468,39.086789464608145,
pseudo,Canada,1,0.5,371,model,stefan,ridge,stefan,5.0,30.105,-2.304,20.661925543595796,39.28858604527309,
pseudo,Canada,1,0.75,371,model,stefan,ridge,stefan,5.0,30.18,-2.367,20.632180497433577,39.508775438449526,
pseudo,Canada,1,1.0,371,model,stefan,ridge,stefan,5.0,30.259,-2.429,20.607297961633908,39.740049609418115,
pseudo,Canada,2,0.0,371,model,stefan,ridge,stefan,5.0,29.962,-2.179,21.113981851455986,37.8881189748579,
pseudo,Canada,2,0.25,371,model,stefan,ridge,stefan,5.0,30.032,-2.237,21.03134059966148,38.03781742724523,
pseudo,Canada,2,0.5,371,model,stefan,ridge,stefan,5.0,30.105,-2.294,21.01042783139802,38.20094797967004,
pseudo,Canada,2,0.75,371,model,stefan,ridge,stefan,5.0,30.181,-2.351,20.992455548779052,38.41581235705244,
pseudo,Canada,2,1.0,371,model,stefan,ridge,stefan,5.0,30.26,-2.409,20.97743132960295,38.6419584315972,
pseudo,Canada,0,0.0,371,model,stefan,ridge,cci,10.0,29.962,-2.179,20.285512178884655,37.514269047645875,
pseudo,Canada,0,0.25,371,model,stefan,ridge,cci,10.0,29.666,0.664,20.23566406569363,37.79482111218266,
pseudo,Canada,0,0.5,371,model,stefan,ridge,cci,10.0,30.912,3.507,21.17589370398328,42.319439782190585,
pseudo,Canada,0,0.75,371,model,stefan,ridge,cci,10.0,33.527,6.35,21.347972270855845,49.26870670941732,
pseudo,Canada,0,1.0,371,model,stefan,ridge,cci,10.0,37.225,9.193,22.738613982258297,56.31235583894354,
pseudo,Canada,1,0.0,371,model,stefan,ridge,cci,10.0,29.962,-2.179,20.73590848775231,38.87785838724893,
pseudo,Canada,1,0.25,371,model,stefan,ridge,cci,10.0,29.664,0.666,20.76718219809031,40.252645149469316,
pseudo,Canada,1,0.5,371,model,stefan,ridge,cci,10.0,30.91,3.512,21.282149555624365,45.89305873119335,
pseudo,Canada,1,0.75,371,model,stefan,ridge,cci,10.0,33.526,6.358,22.13331077263143,52.13987507762805,
pseudo,Canada,1,1.0,371,model,stefan,ridge,cci,10.0,37.225,9.203,23.590290780960853,60.24795814837495,
pseudo,Canada,2,0.0,371,model,stefan,ridge,cci,10.0,29.962,-2.179,21.113981851455986,37.8881189748579,
pseudo,Canada,2,0.25,371,model,stefan,ridge,cci,10.0,29.665,0.668,20.48771406464219,39.27433607171831,
pseudo,Canada,2,0.5,371,model,stefan,ridge,cci,10.0,30.911,3.516,20.473314096311906,45.307968943255524,
pseudo,Canada,2,0.75,371,model,stefan,ridge,cci,10.0,33.528,6.363,20.715408004348344,51.47771734823252,
pseudo,Canada,2,1.0,371,model,stefan,ridge,cci,10.0,37.228,9.211,21.526993959864534,58.84523397285717,
pseudo,Canada,0,0.0,371,model,stefan,ridge,const,1.0,29.962,-2.179,20.285512178884655,37.514269047645875,
pseudo,Canada,0,0.25,371,model,stefan,ridge,const,1.0,31.957,-9.548,18.868093975563067,41.085231978555,
pseudo,Canada,0,0.5,371,model,stefan,ridge,const,1.0,35.509,-16.916,18.73537688333868,46.28677994662863,
pseudo,Canada,0,0.75,371,model,stefan,ridge,const,1.0,40.207,-24.284,20.100918973105156,52.210017506270866,
pseudo,Canada,0,1.0,371,model,stefan,ridge,const,1.0,45.698,-31.652,22.77959267121728,59.17229140985335,
pseudo,Canada,1,0.0,371,model,stefan,ridge,const,1.0,29.962,-2.179,20.73590848775231,38.87785838724893,
pseudo,Canada,1,0.25,371,model,stefan,ridge,const,1.0,31.942,-9.495,19.25718714102818,41.928327007583285,
pseudo,Canada,1,0.5,371,model,stefan,ridge,const,1.0,35.457,-16.811,19.76659215674866,47.21294741596475,
pseudo,Canada,1,0.75,371,model,stefan,ridge,const,1.0,40.105,-24.127,21.44298593865591,53.22062092090125,
pseudo,Canada,1,1.0,371,model,stefan,ridge,const,1.0,45.541,-31.443,24.17671417231412,59.99815679410009,
pseudo,Canada,2,0.0,371,model,stefan,ridge,const,1.0,29.962,-2.179,21.113981851455986,37.8881189748579,
pseudo,Canada,2,0.25,371,model,stefan,ridge,const,1.0,31.941,-9.505,19.52048495104319,41.88993931598383,
pseudo,Canada,2,0.5,371,model,stefan,ridge,const,1.0,35.461,-16.831,19.559043051782208,46.501092831265225,
pseudo,Canada,2,0.75,371,model,stefan,ridge,const,1.0,40.118,-24.157,21.029303157994825,52.24922550215243,
pseudo,Canada,2,1.0,371,model,stefan,ridge,const,1.0,45.565,-31.483,22.969164597124074,59.083658016381186,
pseudo,Canada,0,0.0,371,model,stefan,catboost,stefan,1.0,29.962,-2.179,20.285512178884655,37.514269047645875,
pseudo,Canada,0,0.25,371,model,stefan,catboost,stefan,1.0,29.992,-2.313,20.196285152928038,37.58573151351817,
pseudo,Canada,0,0.5,371,model,stefan,catboost,stefan,1.0,30.024,-2.447,20.109213414527332,37.603171094678466,
pseudo,Canada,0,0.75,371,model,stefan,catboost,stefan,1.0,30.059,-2.58,20.024322164443365,37.657178906382306,
pseudo,Canada,0,1.0,371,model,stefan,catboost,stefan,1.0,30.096,-2.714,19.941636348829793,37.75618891744168,
pseudo,Canada,1,0.0,371,model,stefan,catboost,stefan,1.0,29.962,-2.179,20.73590848775231,38.87785838724893,
pseudo,Canada,1,0.25,371,model,stefan,catboost,stefan,1.0,29.966,-2.396,20.58518740201365,38.877398163454856,
pseudo,Canada,1,0.5,371,model,stefan,catboost,stefan,1.0,29.975,-2.613,20.440049429876932,38.87863856271008,
pseudo,Canada,1,0.75,371,model,stefan,catboost,stefan,1.0,29.987,-2.829,20.29707393790752,38.88682761726255,
pseudo,Canada,1,1.0,371,model,stefan,catboost,stefan,1.0,30.003,-3.046,20.15641103352489,38.93434324364145,
pseudo,Canada,2,0.0,371,model,stefan,catboost,stefan,1.0,29.962,-2.179,21.113981851455986,37.8881189748579,
pseudo,Canada,2,0.25,371,model,stefan,catboost,stefan,1.0,29.992,-2.411,20.89939448823686,38.044984680455435,
pseudo,Canada,2,0.5,371,model,stefan,catboost,stefan,1.0,30.027,-2.642,20.700544180150068,38.20573706437666,
pseudo,Canada,2,0.75,371,model,stefan,catboost,stefan,1.0,30.067,-2.873,20.48519190868503,38.38584267661241,
pseudo,Canada,2,1.0,371,model,stefan,catboost,stefan,1.0,30.113,-3.104,20.28588236101777,38.568297673345434,
pseudo,Canada,0,0.0,371,model,stefan,catboost,cci,5.0,29.962,-2.179,20.285512178884655,37.514269047645875,
pseudo,Canada,0,0.25,371,model,stefan,catboost,cci,5.0,28.588,0.864,19.718717821246358,36.202235503665335,
pseudo,Canada,0,0.5,371,model,stefan,catboost,cci,5.0,28.525,3.908,19.989755381254568,38.22303374540586,
pseudo,Canada,0,0.75,371,model,stefan,catboost,cci,5.0,29.782,6.952,19.538843128526462,42.585142966253336,
pseudo,Canada,0,1.0,371,model,stefan,catboost,cci,5.0,32.204,9.995,19.611721327629237,47.71488869064173,
pseudo,Canada,1,0.0,371,model,stefan,catboost,cci,5.0,29.962,-2.179,20.73590848775231,38.87785838724893,
pseudo,Canada,1,0.25,371,model,stefan,catboost,cci,5.0,28.396,0.888,20.076315808290545,38.17320546812814,
pseudo,Canada,1,0.5,371,model,stefan,catboost,cci,5.0,28.208,3.955,19.758449609792876,40.872798337265024,
pseudo,Canada,1,0.75,371,model,stefan,catboost,cci,5.0,29.422,7.022,19.962089313148628,45.184646718145146,
pseudo,Canada,1,1.0,371,model,stefan,catboost,cci,5.0,31.879,10.089,20.695985413879825,49.8367428098239,
pseudo,Canada,2,0.0,371,model,stefan,catboost,cci,5.0,29.962,-2.179,21.113981851455986,37.8881189748579,
pseudo,Canada,2,0.25,371,model,stefan,catboost,cci,5.0,28.447,1.352,20.038379176183412,37.69151466245318,
pseudo,Canada,2,0.5,371,model,stefan,catboost,cci,5.0,28.514,4.883,19.24641756603122,41.265116487181,
pseudo,Canada,2,0.75,371,model,stefan,catboost,cci,5.0,30.152,8.414,19.199346099152724,45.42808455761894,
pseudo,Canada,2,1.0,371,model,stefan,catboost,cci,5.0,33.128,11.946,19.72727092109482,50.52950721958872,
pseudo,Canada,0,0.0,371,model,stefan,catboost,stefan_cci,10.0,29.962,-2.179,20.285512178884655,37.514269047645875,
pseudo,Canada,0,0.25,371,model,stefan,catboost,stefan_cci,10.0,28.951,-0.733,19.81149100136403,36.32776106868367,
pseudo,Canada,0,0.5,371,model,stefan,catboost,stefan_cci,10.0,28.282,0.714,19.51269456984196,36.02794801037263,
pseudo,Canada,0,0.75,371,model,stefan,catboost,stefan_cci,10.0,27.98,2.161,19.597246462690357,36.725866223379256,
pseudo,Canada,0,1.0,371,model,stefan,catboost,stefan_cci,10.0,28.056,3.607,19.37477815973899,37.827118357479286,
pseudo,Canada,1,0.0,371,model,stefan,catboost,stefan_cci,10.0,29.962,-2.179,20.73590848775231,38.87785838724893,
pseudo,Canada,1,0.25,371,model,stefan,catboost,stefan_cci,10.0,28.824,-0.735,20.177743567502542,37.661878423849075,
pseudo,Canada,1,0.5,371,model,stefan,catboost,stefan_cci,10.0,28.08,0.71,19.50645801147948,38.22896373865352,
pseudo,Canada,1,0.75,371,model,stefan,catboost,stefan_cci,10.0,27.76,2.155,19.078904381295295,38.795550430897045,
pseudo,Canada,1,1.0,371,model,stefan,catboost,stefan_cci,10.0,27.879,3.599,18.918139919561284,40.81633171690359,
pseudo,Canada,2,0.0,371,model,stefan,catboost,stefan_cci,10.0,29.962,-2.179,21.113981851455986,37.8881189748579,
pseudo,Canada,2,0.25,371,model,stefan,catboost,stefan_cci,10.0,28.859,-0.618,20.279656575895494,36.690974468158586,
pseudo,Canada,2,0.5,371,model,stefan,catboost,stefan_cci,10.0,28.126,0.942,19.67491676107797,37.218706146478056,
pseudo,Canada,2,0.75,371,model,stefan,catboost,stefan_cci,10.0,27.792,2.503,19.088958051173826,38.466804788249426,
pseudo,Canada,2,1.0,371,model,stefan,catboost,stefan_cci,10.0,27.871,4.064,18.661386797807385,40.41089215858002,
pseudo,Canada,0,0.0,371,model,stefan,mlp,cci,1.0,,,,,diverged
pseudo,Canada,0,0.25,371,model,stefan,mlp,cci,1.0,,,,,diverged
pseudo,Canada,0,0.5,371,model,stefan,mlp,cci,1.0,,,,,diverged
pseudo,Canada,0,0.75,371,model,stefan,mlp,cci,1.0,,,,,diverged
pseudo,Canada,0,1.0,371,model,stefan,mlp,cci,1.0,,,,,diverged
pseudo,Canada,1,0.0,371,model,stefan,mlp,cci,1.0,,,,,diverged
pseudo,Canada,1,0.25,371,model,stefan,mlp,cci,1.0,,,,,diverged
pseudo,Canada,1,0.5,371,model,stefan,mlp,cci,1.0,,,,,diverged
pseudo,Canada,1,0.75,371,model,stefan,mlp,cci,1.0,,,,,diverged
pseudo,Canada,1,1.0,371,model,stefan,mlp,cci,1.0,,,,,diverged
pseudo,Canada,2,0.0,371,model,stefan,mlp,cci,1.0,,,,,diverged
pseudo,Canada,2,0.25,371,model,stefan,mlp,cci,1.0,,,,,diverged
pseudo,Canada,2,0.5,371,model,stefan,mlp,cci,1.0,,,,,diverged
pseudo,Canada,2,0.75,371,model,stefan,mlp,cci,1.0,,,,,diverged
pseudo,Canada,2,1.0,371,model,stefan,mlp,cci,1.0,,,,,diverged
pseudo,Canada,0,0.0,371,model,stefan,mlp,stefan_cci,5.0,29.962,-2.179,20.285512178884655,37.514269047645875,
pseudo,Canada,0,0.25,371,model,stefan,mlp,stefan_cci,5.0,55.611,1.821,20.402491146743206,122.9411316398437,
pseudo,Canada,0,0.5,371,model,stefan,mlp,stefan_cci,5.0,109.506,5.821,20.482076566870216,267.74424355822265,
pseudo,Canada,0,0.75,371,model,stefan,mlp,stefan_cci,5.0,166.117,9.821,20.810212951752398,413.2529525333264,
pseudo,Canada,0,1.0,371,model,stefan,mlp,stefan_cci,5.0,223.388,13.821,21.424487400784972,558.9165388720158,
pseudo,Canada,1,0.0,371,model,stefan,mlp,stefan_cci,5.0,,,,,diverged
pseudo,Canada,1,0.25,371,model,stefan,mlp,stefan_cci,5.0,,,,,diverged
pseudo,Canada,1,0.5,371,model,stefan,mlp,stefan_cci,5.0,,,,,diverged
pseudo,Canada,1,0.75,371,model,stefan,mlp,stefan_cci,5.0,,,,,diverged
pseudo,Canada,1,1.0,371,model,stefan,mlp,stefan_cci,5.0,,,,,diverged
pseudo,Canada,2,0.0,371,model,stefan,mlp,stefan_cci,5.0,,,,,diverged
pseudo,Canada,2,0.25,371,model,stefan,mlp,stefan_cci,5.0,,,,,diverged
pseudo,Canada,2,0.5,371,model,stefan,mlp,stefan_cci,5.0,,,,,diverged
pseudo,Canada,2,0.75,371,model,stefan,mlp,stefan_cci,5.0,,,,,diverged
pseudo,Canada,2,1.0,371,model,stefan,mlp,stefan_cci,5.0,,,,,diverged
pseudo,Canada,0,0.0,371,model,stefan,mlp,const,10.0,29.962,-2.179,20.285512178884655,37.514269047645875,
pseudo,Canada,0,0.25,371,model,stefan,mlp,const,10.0,74.837,-5.779,19.13090972585869,173.35066261021598,
pseudo,Canada,0,0.5,371,model,stefan,mlp,const,10.0,150.433,-9.38,19.265436278718507,369.69640132117377,
pseudo,Canada,0,0.75,371,model,stefan,mlp,const,10.0,228.004,-12.98,21.782353791920233,566.5119166196035,
pseudo,Canada,0,1.0,371,model,stefan,mlp,const,10.0,306.053,-16.58,25.575838441732962,763.4340186710202,
pseudo,Canada,1,0.0,371,model,stefan,mlp,const,10.0,,,,,diverged
pseudo,Canada,1,0.25,371,model,stefan,mlp,const,10.0,,,,,diverged
pseudo,Canada,1,0.5,371,model,stefan,mlp,const,10.0,,,,,diverged
pseudo,Canada,1,0.75,371,model,stefan,mlp,const,10.0,,,,,diverged
pseudo,Canada,1,1.0,371,model,stefan,mlp,const,10.0,,,,,diverged
pseudo,Canada,2,0.0,371,model,stefan,mlp,const,10.0,,,,,diverged
pseudo,Canada,2,0.25,371,model,stefan,mlp,const,10.0,,,,,diverged
pseudo,Canada,2,0.5,371,model,stefan,mlp,const,10.0,,,,,diverged
pseudo,Canada,2,0.75,371,model,stefan,mlp,const,10.0,,,,,diverged
pseudo,Canada,2,1.0,371,model,stefan,mlp,const,10.0,,,,,diverged
pseudo,Canada,0,0.0,371,model,cci,ridge,stefan,10.0,35.322,10.245,,,
pseudo,Canada,0,0.25,371,model,cci,ridge,stefan,10.0,31.689,7.249,,,
pseudo,Canada,0,0.5,371,model,cci,ridge,stefan,10.0,29.146,4.254,,,
pseudo,Canada,0,0.75,371,model,cci,ridge,stefan,10.0,27.993,1.258,,,
pseudo,Canada,0,1.0,371,model,cci,ridge,stefan,10.0,28.4,-1.737,,,
pseudo,Canada,1,0.0,371,model,cci,ridge,stefan,10.0,35.322,10.245,,,
pseudo,Canada,1,0.25,371,model,cci,ridge,stefan,10.0,31.689,7.249,,,
pseudo,Canada,1,0.5,371,model,cci,ridge,stefan,10.0,29.146,4.253,,,
pseudo,Canada,1,0.75,371,model,cci,ridge,stefan,10.0,27.994,1.257,,,
pseudo,Canada,1,1.0,371,model,cci,ridge,stefan,10.0,28.401,-1.739,,,
pseudo,Canada,2,0.0,371,model,cci,ridge,stefan,10.0,35.322,10.245,,,
pseudo,Canada,2,0.25,371,model,cci,ridge,stefan,10.0,31.689,7.247,,,
pseudo,Canada,2,0.5,371,model,cci,ridge,stefan,10.0,29.147,4.25,,,
pseudo,Canada,2,0.75,371,model,cci,ridge,stefan,10.0,27.996,1.252,,,
pseudo,Canada,2,1.0,371,model,cci,ridge,stefan,10.0,28.405,-1.745,,,
pseudo,Canada,0,0.0,371,model,cci,ridge,stefan_cci,1.0,35.322,10.245,,,
pseudo,Canada,0,0.25,371,model,cci,ridge,stefan_cci,1.0,33.374,8.786,,,
pseudo,Canada,0,0.5,371,model,cci,ridge,stefan_cci,1.0,31.683,7.328,,,
pseudo,Canada,0,0.75,371,model,cci,ridge,stefan_cci,1.0,30.294,5.869,,,
pseudo,Canada,0,1.0,371,model,cci,ridge,stefan_cci,1.0,29.248,4.41,,,
pseudo,Canada,1,0.0,371,model,cci,ridge,stefan_cci,1.0,35.322,10.245,,,
pseudo,Canada,1,0.25,371,model,cci,ridge,stefan_cci,1.0,33.374,8.772,,,
pseudo,Canada,1,0.5,371,model,cci,ridge,stefan_cci,1.0,31.684,7.298,,,
pseudo,Canada,1,0.75,371,model,cci,ridge,stefan_cci,1.0,30.296,5.825,,,
pseudo,Canada,1,1.0,371,model,cci,ridge,stefan_cci,1.0,29.252,4.352,,,
pseudo,Canada,2,0.0,371,model,cci,ridge,stefan_cci,1.0,35.322,10.245,,,
pseudo,Canada,2,0.25,371,model,cci,ridge,stefan_cci,1.0,33.374,8.783,,,
pseudo,Canada,2,0.5,371,model,cci,ridge,stefan_cci,1.0,31.685,7.322,,,
pseudo,Canada,2,0.75,371,model,cci,ridge,stefan_cci,1.0,30.297,5.861,,,
pseudo,Canada,2,1.0,371,model,cci,ridge,stefan_cci,1.0,29.255,4.399,,,
pseudo,Canada,0,0.0,371,model,cci,ridge,const,5.0,35.322,10.245,,,
pseudo,Canada,0,0.25,371,model,cci,ridge,const,5.0,30.706,-0.613,,,
pseudo,Canada,0,0.5,371,model,cci,ridge,const,5.0,31.483,-11.471,,,
pseudo,Canada,0,0.75,371,model,cci,ridge,const,5.0,37.318,-22.329,,,
pseudo,Canada,0,1.0,371,model,cci,ridge,const,5.0,46.337,-33.186,,,
pseudo,Canada,1,0.0,371,model,cci,ridge,const,5.0,35.322,10.245,,,
pseudo,Canada,1,0.25,371,model,cci,ridge,const,5.0,30.705,-0.593,,,
pseudo,Canada,1,0.5,371,model,cci,ridge,const,5.0,31.463,-11.432,,,
pseudo,Canada,1,0.75,371,model,cci,ridge,const,5.0,37.267,-22.27,,,
pseudo,Canada,1,1.0,371,model,cci,ridge,const,5.0,46.257,-33.108,,,
pseudo,Canada,2,0.0,371,model,cci,ridge,const,5.0,35.322,10.245,,,
pseudo,Canada,2,0.25,371,model,cci,ridge,const,5.0,30.703,-0.604,,,
pseudo,Canada,2,0.5,371,model,cci,ridge,const,5.0,31.468,-11.453,,,
pseudo,Canada,2,0.75,371,model,cci,ridge,const,5.0,37.288,-22.303,,,
pseudo,Canada,2,1.0,371,model,cci,ridge,const,5.0,46.293,-33.152,,,
pseudo,Canada,0,0.0,371,model,cci,catboost,stefan,5.0,35.322,10.245,,,
pseudo,Canada,0,0.25,371,model,cci,catboost,stefan,5.0,33.467,7.501,,,
pseudo,Canada,0,0.5,371,model,cci,catboost,stefan,5.0,32.505,4.758,,,
pseudo,Canada,0,0.75,371,model,cci,catboost,stefan,5.0,32.517,2.014,,,
pseudo,Canada,0,1.0,371,model,cci,catboost,stefan,5.0,33.5,-0.73,,,
pseudo,Canada,1,0.0,371,model,cci,catboost,stefan,5.0,35.322,10.245,,,
pseudo,Canada,1,0.25,371,model,cci,catboost,stefan,5.0,33.554,7.549,,,
pseudo,Canada,1,0.5,371,model,cci,catboost,stefan,5.0,32.655,4.853,,,
pseudo,Canada,1,0.75,371,model,cci,catboost,stefan,5.0,32.697,2.157,,,
pseudo,Canada,1,1.0,371,model,cci,catboost,stefan,5.0,33.676,-0.539,,,
pseudo,Canada,2,0.0,371,model,cci,catboost,stefan,5.0,35.322,10.245,,,
pseudo,Canada,2,0.25,371,model,cci,catboost,stefan,5.0,33.595,7.665,,,
pseudo,Canada,2,0.5,371,model,cci,catboost,stefan,5.0,32.763,5.084,,,
pseudo,Canada,2,0.75,371,model,cci,catboost,stefan,5.0,32.893,2.504,,,
pseudo,Canada,2,1.0,371,model,cci,catboost,stefan,5.0,33.975,-0.076,,,
pseudo,Canada,0,0.0,371,model,cci,catboost,cci,10.0,35.322,10.245,,,
pseudo,Canada,0,0.25,371,model,cci,catboost,cci,10.0,35.255,10.092,,,
pseudo,Canada,0,0.5,371,model,cci,catboost,cci,10.0,35.189,9.939,,,
pseudo,Canada,0,0.75,371,model,cci,catboost,cci,10.0,35.126,9.786,,,
pseudo,Canada,0,1.0,371,model,cci,catboost,cci,10.0,35.065,9.633,,,
pseudo,Canada,1,0.0,371,model,cci,catboost,cci,10.0,35.322,10.245,,,
pseudo,Canada,1,0.25,371,model,cci,catboost,cci,10.0,35.243,10.018,,,
pseudo,Canada,1,0.5,371,model,cci,catboost,cci,10.0,35.167,9.791,,,
pseudo,Canada,1,0.75,371,model,cci,catboost,cci,10.0,35.093,9.564,,,
pseudo,Canada,1,1.0,371,model,cci,catboost,cci,10.0,35.022,9.336,,,
pseudo,Canada,2,0.0,371,model,cci,catboost,cci,10.0,35.322,10.245,,,
pseudo,Canada,2,0.25,371,model,cci,catboost,cci,10.0,35.221,9.916,,,
pseudo,Canada,2,0.5,371,model,cci,catboost,cci,10.0,35.125,9.586,,,
pseudo,Canada,2,0.75,371,model,cci,catboost,cci,10.0,35.033,9.257,,,
pseudo,Canada,2,1.0,371,model,cci,catboost,cci,10.0,34.946,8.928,,,
pseudo,Canada,0,0.0,371,model,cci,catboost,const,1.0,35.322,10.245,,,
pseudo,Canada,0,0.25,371,model,cci,catboost,const,1.0,32.326,0.43,,,
pseudo,Canada,0,0.5,371,model,cci,catboost,const,1.0,33.264,-9.385,,,
pseudo,Canada,0,0.75,371,model,cci,catboost,const,1.0,37.843,-19.2,,,
pseudo,Canada,0,1.0,371,model,cci,catboost,const,1.0,44.965,-29.015,,,
pseudo,Canada,1,0.0,371,model,cci,catboost,const,1.0,35.322,10.245,,,
pseudo,Canada,1,0.25,371,model,cci,catboost,const,1.0,32.356,0.321,,,
pseudo,Canada,1,0.5,371,model,cci,catboost,const,1.0,33.404,-9.604,,,
pseudo,Canada,1,0.75,371,model,cci,catboost,const,1.0,38.137,-19.528,,,
pseudo,Canada,1,1.0,371,model,cci,catboost,const,1.0,45.418,-29.452,,,
pseudo,Canada,2,0.0,371,model,cci,catboost,const,1.0,35.322,10.245,,,
pseudo,Canada,2,0.25,371,model,cci,catboost,const,1.0,32.704,-0.037,,,
pseudo,Canada,2,0.5,371,model,cci,catboost,const,1.0,34.338,-10.319,,,
pseudo,Canada,2,0.75,371,model,cci,catboost,const,1.0,39.701,-20.6,,,
pseudo,Canada,2,1.0,371,model,cci,catboost,const,1.0,47.549,-30.882,,,
pseudo,Canada,0,0.0,371,model,cci,mlp,stefan,1.0,,,,,diverged
pseudo,Canada,0,0.25,371,model,cci,mlp,stefan,1.0,,,,,diverged
pseudo,Canada,0,0.5,371,model,cci,mlp,stefan,1.0,,,,,diverged
pseudo,Canada,0,0.75,371,model,cci,mlp,stefan,1.0,,,,,diverged
pseudo,Canada,0,1.0,371,model,cci,mlp,stefan,1.0,,,,,diverged
pseudo,Canada,1,0.0,371,model,cci,mlp,stefan,1.0,,,,,diverged
pseudo,Canada,1,0.25,371,model,cci,mlp,stefan,1.0,,,,,diverged
pseudo,Canada,1,0.5,371,model,cci,mlp,stefan,1.0,,,,,diverged
pseudo,Canada,1,0.75,371,model,cci,mlp,stefan,1.0,,,,,diverged
pseudo,Canada,1,1.0,371,model,cci,mlp,stefan,1.0,,,,,diverged
pseudo,Canada,2,0.0,371,model,cci,mlp,stefan,1.0,,,,,diverged
pseudo,Canada,2,0.25,371,model,cci,mlp,stefan,1.0,,,,,diverged
pseudo,Canada,2,0.5,371,model,cci,mlp,stefan,1.0,,,,,diverged
pseudo,Canada,2,0.75,371,model,cci,mlp,stefan,1.0,,,,,diverged
pseudo,Canada,2,1.0,371,model,cci,mlp,stefan,1.0,,,,,diverged
pseudo,Canada,0,0.0,371,model,cci,mlp,cci,5.0,,,,,diverged
pseudo,Canada,0,0.25,371,model,cci,mlp,cci,5.0,,,,,diverged
pseudo,Canada,0,0.5,371,model,cci,mlp,cci,5.0,,,,,diverged
pseudo,Canada,0,0.75,371,model,cci,mlp,cci,5.0,,,,,diverged
pseudo,Canada,0,1.0,371,model,cci,mlp,cci,5.0,,,,,diverged
pseudo,Canada,1,0.0,371,model,cci,mlp,cci,5.0,35.322,10.245,,,
pseudo,Canada,1,0.25,371,model,cci,mlp,cci,5.0,35.273,10.204,,,
pseudo,Canada,1,0.5,371,model,cci,mlp,cci,5.0,35.226,10.164,,,
pseudo,Canada,1,0.75,371,model,cci,mlp,cci,5.0,35.181,10.123,,,
pseudo,Canada,1,1.0,371,model,cci,mlp,cci,5.0,35.139,10.083,,,
pseudo,Canada,2,0.0,371,model,cci,mlp,cci,5.0,,,,,diverged
pseudo,Canada,2,0.25,371,model,cci,mlp,cci,5.0,,,,,diverged
pseudo,Canada,2,0.5,371,model,cci,mlp,cci,5.0,,,,,diverged
pseudo,Canada,2,0.75,371,model,cci,mlp,cci,5.0,,,,,diverged
pseudo,Canada,2,1.0,371,model,cci,mlp,cci,5.0,,,,,diverged
pseudo,Canada,0,0.0,371,model,cci,mlp,stefan_cci,10.0,35.322,10.245,,,
pseudo,Canada,0,0.25,371,model,cci,mlp,stefan_cci,10.0,33.524,8.447,,,
pseudo,Canada,0,0.5,371,model,cci,mlp,stefan_cci,10.0,32.105,6.648,,,
pseudo,Canada,0,0.75,371,model,cci,mlp,stefan_cci,10.0,31.117,4.85,,,
pseudo,Canada,0,1.0,371,model,cci,mlp,stefan_cci,10.0,30.601,3.052,,,
pseudo,Canada,1,0.0,371,model,cci,mlp,stefan_cci,10.0,,,,,diverged
pseudo,Canada,1,0.25,371,model,cci,mlp,stefan_cci,10.0,,,,,diverged
pseudo,Canada,1,0.5,371,model,cci,mlp,stefan_cci,10.0,,,,,diverged
pseudo,Canada,1,0.75,371,model,cci,mlp,stefan_cci,10.0,,,,,diverged
pseudo,Canada,1,1.0,371,model,cci,mlp,stefan_cci,10.0,,,,,diverged
pseudo,Canada,2,0.0,371,model,cci,mlp,stefan_cci,10.0,,,,,diverged
pseudo,Canada,2,0.25,371,model,cci,mlp,stefan_cci,10.0,,,,,diverged
pseudo,Canada,2,0.5,371,model,cci,mlp,stefan_cci,10.0,,,,,diverged
pseudo,Canada,2,0.75,371,model,cci,mlp,stefan_cci,10.0,,,,,diverged
pseudo,Canada,2,1.0,371,model,cci,mlp,stefan_cci,10.0,,,,,diverged
pseudo,Canada,0,0.0,371,model,stefan_cci,ridge,cci,1.0,29.053,4.285,,,
pseudo,Canada,0,0.25,371,model,stefan_cci,ridge,cci,1.0,30.122,5.682,,,
pseudo,Canada,0,0.5,371,model,stefan_cci,ridge,cci,1.0,31.485,7.079,,,
pseudo,Canada,0,0.75,371,model,stefan_cci,ridge,cci,1.0,33.104,8.476,,,
pseudo,Canada,0,1.0,371,model,stefan_cci,ridge,cci,1.0,34.946,9.873,,,
pseudo,Canada,1,0.0,371,model,stefan_cci,ridge,cci,1.0,29.053,4.285,,,
pseudo,Canada,1,0.25,371,model,stefan_cci,ridge,cci,1.0,30.117,5.653,,,
pseudo,Canada,1,0.5,371,model,stefan_cci,ridge,cci,1.0,31.471,7.022,,,
pseudo,Canada,1,0.75,371,model,stefan_cci,ridge,cci,1.0,33.078,8.391,,,
pseudo,Canada,1,1.0,371,model,stefan_cci,ridge,cci,1.0,34.903,9.759,,,
pseudo,Canada,2,0.0,371,model,stefan_cci,ridge,cci,1.0,29.053,4.285,,,
pseudo,Canada,2,0.25,371,model,stefan_cci,ridge,cci,1.0,30.122,5.679,,,
pseudo,Canada,2,0.5,371,model,stefan_cci,ridge,cci,1.0,31.484,7.072,,,
pseudo,Canada,2,0.75,371,model,stefan_cci,ridge,cci,1.0,33.102,8.466,,,
pseudo,Canada,2,1.0,371,model,stefan_cci,ridge,cci,1.0,34.94,9.86,,,
pseudo,Canada,0,0.0,371,model,stefan_cci,ridge,stefan_cci,5.0,29.053,4.285,,,
pseudo,Canada,0,0.25,371,model,stefan_cci,ridge,stefan_cci,5.0,29.09,4.189,,,
pseudo,Canada,0,0.5,371,model,stefan_cci,ridge,stefan_cci,5.0,29.131,4.093,,,
pseudo,Canada,0,0.75,371,model,stefan_cci,ridge,stefan_cci,5.0,29.174,3.997,,,
pseudo,Canada,0,1.0,371,model,stefan_cci,ridge,stefan_cci,5.0,29.22,3.9,,,
pseudo,Canada,1,0.0,371,model,stefan_cci,ridge,stefan_cci,5.0,29.053,4.285,,,
pseudo,Canada,1,0.25,371,model,stefan_cci,ridge,stefan_cci,5.0,29.09,4.181,,,
pseudo,Canada,1,0.5,371,model,stefan_cci,ridge,stefan_cci,5.0,29.13,4.077,,,
pseudo,Canada,1,0.75,371,model,stefan_cci,ridge,stefan_cci,5.0,29.173,3.973,,,
pseudo,Canada,1,1.0,371,model,stefan_cci,ridge,stefan_cci,5.0,29.218,3.868,,,
pseudo,Canada,2,0.0,371,model,stefan_cci,ridge,stefan_cci,5.0,29.053,4.285,,,
pseudo,Canada,2,0.25,371,model,stefan_cci,ridge,stefan_cci,5.0,29.09,4.189,,,
pseudo,Canada,2,0.5,371,model,stefan_cci,ridge,stefan_cci,5.0,29.13,4.093,,,
pseudo,Canada,2,0.75,371,model,stefan_cci,ridge,stefan_cci,5.0,29.173,3.996,,,
pseudo,Canada,2,1.0,371,model,stefan_cci,ridge,stefan_cci,5.0,29.218,3.9,,,
pseudo,Canada,0,0.0,371,model,stefan_cci,ridge,const,10.0,29.053,4.285,,,
pseudo,Canada,0,0.25,371,model,stefan_cci,ridge,const,10.0,29.034,-5.235,,,
pseudo,Canada,0,0.5,371,model,stefan_cci,ridge,const,10.0,32.69,-14.755,,,
pseudo,Canada,0,0.75,371,model,stefan_cci,ridge,const,10.0,39.002,-24.275,,,
pseudo,Canada,0,1.0,371,model,stefan_cci,ridge,const,10.0,46.909,-33.795,,,
pseudo,Canada,1,0.0,371,model,stefan_cci,ridge,const,10.0,29.053,4.285,,,
pseudo,Canada,1,0.25,371,model,stefan_cci,ridge,const,10.0,29.033,-5.233,,,
pseudo,Canada,1,0.5,371,model,stefan_cci,ridge,const,10.0,32.687,-14.75,,,
pseudo,Canada,1,0.75,371,model,stefan_cci,ridge,const,10.0,38.995,-24.268,,,
pseudo,Canada,1,1.0,371,model,stefan_cci,ridge,const,10.0,46.898,-33.786,,,
pseudo,Canada,2,0.0,371,model,stefan_cci,ridge,const,10.0,29.053,4.285,,,
pseudo,Canada,2,0.25,371,model,stefan_cci,ridge,const,10.0,29.033,-5.237,,,
pseudo,Canada,2,0.5,371,model,stefan_cci,ridge,const,10.0,32.689,-14.758,,,
pseudo,Canada,2,0.75,371,model,stefan_cci,ridge,const,10.0,39.001,-24.28,,,
pseudo,Canada,2,1.0,371,model,stefan_cci,ridge,const,10.0,46.908,-33.801,,,
pseudo,Canada,0,0.0,371,model,stefan_cci,catboost,stefan,10.0,29.053,4.285,,,
pseudo,Canada,0,0.25,371,model,stefan_cci,catboost,stefan,10.0,29.034,2.923,,,
pseudo,Canada,0,0.5,371,model,stefan_cci,catboost,stefan,10.0,29.283,1.561,,,
pseudo,Canada,0,0.75,371,model,stefan_cci,catboost,stefan,10.0,29.791,0.199,,,
pseudo,Canada,0,1.0,371,model,stefan_cci,catboost,stefan,10.0,30.547,-1.163,,,
pseudo,Canada,1,0.0,371,model,stefan_cci,catboost,stefan,10.0,29.053,4.285,,,
pseudo,Canada,1,0.25,371,model,stefan_cci,catboost,stefan,10.0,29.026,2.896,,,
pseudo,Canada,1,0.5,371,model,stefan_cci,catboost,stefan,10.0,29.279,1.507,,,
pseudo,Canada,1,0.75,371,model,stefan_cci,catboost,stefan,10.0,29.803,0.118,,,
pseudo,Canada,1,1.0,371,model,stefan_cci,catboost,stefan,10.0,30.584,-1.271,,,
pseudo,Canada,2,0.0,371,model,stefan_cci,catboost,stefan,10.0,29.053,4.285,,,
pseudo,Canada,2,0.25,371,model,stefan_cci,catboost,stefan,10.0,28.953,3.019,,,
pseudo,Canada,2,0.5,371,model,stefan_cci,catboost,stefan,10.0,29.092,1.752,,,
pseudo,Canada,2,0.75,371,model,stefan_cci,catboost,stefan,10.0,29.467,0.486,,,
pseudo,Canada,2,1.0,371,model,stefan_cci,catboost,stefan,10.0,30.068,-0.78,,,
pseudo,Canada,0,0.0,371,model,stefan_cci,catboost,stefan_cci,1.0,29.053,4.285,,,
pseudo,Canada,0,0.25,371,model,stefan_cci,catboost,stefan_cci,1.0,29.068,4.128,,,
pseudo,Canada,0,0.5,371,model,stefan_cci,catboost,stefan_cci,1.0,29.088,3.971,,,
pseudo,Canada,0,0.75,371,model,stefan_cci,catboost,stefan_cci,1.0,29.111,3.814,,,
pseudo,Canada,0,1.0,371,model,stefan_cci,catboost,stefan_cci,1.0,29.138,3.657,,,
pseudo,Canada,1,0.0,371,model,stefan_cci,catboost,stefan_cci,1.0,29.053,4.285,,,
pseudo,Canada,1,0.25,371,model,stefan_cci,catboost,stefan_cci,1.0,29.041,4.162,,,
pseudo,Canada,1,0.5,371,model,stefan_cci,catboost,stefan_cci,1.0,29.031,4.039,,,
pseudo,Canada,1,0.75,371,model,stefan_cci,catboost,stefan_cci,1.0,29.023,3.916,,,
pseudo,Canada,1,1.0,371,model,stefan_cci,catboost,stefan_cci,1.0,29.016,3.794,,,
pseudo,Canada,2,0.0,371,model,stefan_cci,catboost,stefan_cci,1.0,29.053,4.285,,,
pseudo,Canada,2,0.25,371,model,stefan_cci,catboost,stefan_cci,1.0,29.034,4.057,,,
pseudo,Canada,2,0.5,371,model,stefan_cci,catboost,stefan_cci,1.0,29.02,3.829,,,
pseudo,Canada,2,0.75,371,model,stefan_cci,catboost,stefan_cci,1.0,29.011,3.601,,,
pseudo,Canada,2,1.0,371,model,stefan_cci,catboost,stefan_cci,1.0,29.006,3.373,,,
pseudo,Canada,0,0.0,371,model,stefan_cci,catboost,const,5.0,29.053,4.285,,,
pseudo,Canada,0,0.25,371,model,stefan_cci,catboost,const,5.0,29.495,-4.531,,,
pseudo,Canada,0,0.5,371,model,stefan_cci,catboost,const,5.0,32.941,-13.347,,,
pseudo,Canada,0,0.75,371,model,stefan_cci,catboost,const,5.0,38.596,-22.163,,,
pseudo,Canada,0,1.0,371,model,stefan_cci,catboost,const,5.0,45.644,-30.979,,,
pseudo,Canada,1,0.0,371,model,stefan_cci,catboost,const,5.0,29.053,4.285,,,
pseudo,Canada,1,0.25,371,model,stefan_cci,catboost,const,5.0,29.555,-4.719,,,
pseudo,Canada,1,0.5,371,model,stefan_cci,catboost,const,5.0,33.176,-13.722,,,
pseudo,Canada,1,0.75,371,model,stefan_cci,catboost,const,5.0,39.058,-22.726,,,
pseudo,Canada,1,1.0,371,model,stefan_cci,catboost,const,5.0,46.347,-31.729,,,
pseudo,Canada,2,0.0,371,model,stefan_cci,catboost,const,5.0,29.053,4.285,,,
pseudo,Canada,2,0.25,371,model,stefan_cci,catboost,const,5.0,29.609,-4.702,,,
pseudo,Canada,2,0.5,371,model,stefan_cci,catboost,const,5.0,33.307,-13.689,,,
pseudo,Canada,2,0.75,371,model,stefan_cci,catboost,const,5.0,39.268,-22.676,,,
pseudo,Canada,2,1.0,371,model,stefan_cci,catboost,const,5.0,46.633,-31.662,,,
pseudo,Canada,0,0.0,371,model,stefan_cci,mlp,stefan,5.0,,,,,diverged
pseudo,Canada,0,0.25,371,model,stefan_cci,mlp,stefan,5.0,,,,,diverged
pseudo,Canada,0,0.5,371,model,stefan_cci,mlp,stefan,5.0,,,,,diverged
pseudo,Canada,0,0.75,371,model,stefan_cci,mlp,stefan,5.0,,,,,diverged
pseudo,Canada,0,1.0,371,model,stefan_cci,mlp,stefan,5.0,,,,,diverged
pseudo,Canada,1,0.0,371,model,stefan_cci,mlp,stefan,5.0,29.053,4.285,,,
pseudo,Canada,1,0.25,371,model,stefan_cci,mlp,stefan,5.0,28.68,2.63,,,
pseudo,Canada,1,0.5,371,model,stefan_cci,mlp,stefan,5.0,28.74,0.976,,,
pseudo,Canada,1,0.75,371,model,stefan_cci,mlp,stefan,5.0,29.229,-0.678,,,
pseudo,Canada,1,1.0,371,model,stefan_cci,mlp,stefan,5.0,30.128,-2.333,,,
pseudo,Canada,2,0.0,371,model,stefan_cci,mlp,stefan,5.0,,,,,diverged
pseudo,Canada,2,0.25,371,model,stefan_cci,mlp,stefan,5.0,,,,,diverged
pseudo,Canada,2,0.5,371,model,stefan_cci,mlp,stefan,5.0,,,,,diverged
pseudo,Canada,2,0.75,371,model,stefan_cci,mlp,stefan,5.0,,,,,diverged
pseudo,Canada,2,1.0,371,model,stefan_cci,mlp,stefan,5.0,,,,,diverged
pseudo,Canada,0,0.0,371,model,stefan_cci,mlp,cci,10.0,29.053,4.285,,,
pseudo,Canada,0,0.25,371,model,stefan_cci,mlp,cci,10.0,29.941,5.537,,,
pseudo,Canada,0,0.5,371,model,stefan_cci,mlp,cci,10.0,31.103,6.789,,,
pseudo,Canada,0,0.75,371,model,stefan_cci,mlp,cci,10.0,32.51,8.04,,,
pseudo,Canada,0,1.0,371,model,stefan_cci,mlp,cci,10.0,34.13,9.292,,,
pseudo,Canada,1,0.0,371,model,stefan_cci,mlp,cci,10.0,29.053,4.285,,,
pseudo,Canada,1,0.25,371,model,stefan_cci,mlp,cci,10.0,29.884,5.865,,,
pseudo,Canada,1,0.5,371,model,stefan_cci,mlp,cci,10.0,31.013,7.445,,,
pseudo,Canada,1,0.75,371,model,stefan_cci,mlp,cci,10.0,32.408,9.025,,,
pseudo,Canada,1,1.0,371,model,stefan_cci,mlp,cci,10.0,34.037,10.605,,,
pseudo,Canada,2,0.0,371,model,stefan_cci,mlp,cci,10.0,,,,,diverged
pseudo,Canada,2,0.25,371,model,stefan_cci,mlp,cci,10.0,,,,,diverged
pseudo,Canada,2,0.5,371,model,stefan_cci,mlp,cci,10.0,,,,,diverged
pseudo,Canada,2,0.75,371,model,stefan_cci,mlp,cci,10.0,,,,,diverged
pseudo,Canada,2,1.0,371,model,stefan_cci,mlp,cci,10.0,,,,,diverged
pseudo,Canada,0,0.0,371,model,stefan_cci,mlp,const,1.0,,,,,diverged
pseudo,Canada,0,0.25,371,model,stefan_cci,mlp,const,1.0,,,,,diverged
pseudo,Canada,0,0.5,371,model,stefan_cci,mlp,const,1.0,,,,,diverged
pseudo,Canada,0,0.75,371,model,stefan_cci,mlp,const,1.0,,,,,diverged
pseudo,Canada,0,1.0,371,model,stefan_cci,mlp,const,1.0,,,,,diverged
pseudo,Canada,1,0.0,371,model,stefan_cci,mlp,const,1.0,,,,,diverged
pseudo,Canada,1,0.25,371,model,stefan_cci,mlp,const,1.0,,,,,diverged
pseudo,Canada,1,0.5,371,model,stefan_cci,mlp,const,1.0,,,,,diverged
pseudo,Canada,1,0.75,371,model,stefan_cci,mlp,const,1.0,,,,,diverged
pseudo,Canada,1,1.0,371,model,stefan_cci,mlp,const,1.0,,,,,diverged
pseudo,Canada,2,0.0,371,model,stefan_cci,mlp,const,1.0,,,,,diverged
pseudo,Canada,2,0.25,371,model,stefan_cci,mlp,const,1.0,,,,,diverged
pseudo,Canada,2,0.5,371,model,stefan_cci,mlp,const,1.0,,,,,diverged
pseudo,Canada,2,0.75,371,model,stefan_cci,mlp,const,1.0,,,,,diverged
pseudo,Canada,2,1.0,371,model,stefan_cci,mlp,const,1.0,,,,,diverged
transfer,Lena,-1,0.0,1518,analytic,stefan,none,none,0.0,18.548,11.705,16.241707210329377,26.44619284415228,
transfer,Lena,0,1.0,1518,model,none,catboost,none,0.0,19.684,12.541,17.236273598081436,26.892183101710728,
transfer,Lena,1,1.0,1518,model,none,catboost,none,0.0,19.643,12.293,16.908608590044583,26.826438813644014,
transfer,Lena,2,1.0,1518,model,none,catboost,none,0.0,19.787,12.494,17.322878767143077,26.663698129195872,
transfer,Lena,0,0.0,1518,model,stefan,mlp,none,0.0,,,,,diverged
transfer,Lena,0,0.25,1518,model,stefan,mlp,none,0.0,,,,,diverged
transfer,Lena,0,0.5,1518,model,stefan,mlp,none,0.0,,,,,diverged
transfer,Lena,0,0.75,1518,model,stefan,mlp,none,0.0,,,,,diverged
transfer,Lena,0,1.0,1518,model,stefan,mlp,none,0.0,,,,,diverged
transfer,Lena,1,0.0,1518,model,stefan,mlp,none,0.0,,,,,diverged
transfer,Lena,1,0.25,1518,model,stefan,mlp,none,0.0,,,,,diverged
transfer,Lena,1,0.5,1518,model,stefan,mlp,none,0.0,,,,,diverged
transfer,Lena,1,0.75,1518,model,stefan,mlp,none,0.0,,,,,diverged
transfer,Lena,1,1.0,1518,model,stefan,mlp,none,0.0,,,,,diverged
transfer,Lena,2,0.0,1518,model,stefan,mlp,none,0.0,,,,,diverged
transfer,Lena,2,0.25,1518,model,stefan,mlp,none,0.0,,,,,diverged
transfer,Lena,2,0.5,1518,model,stefan,mlp,none,0.0,,,,,diverged
transfer,Lena,2,0.75,1518,model,stefan,mlp,none,0.0,,,,,diverged
transfer,Lena,2,1.0,1518,model,stefan,mlp,none,0.0,,,,,diverged
transfer,Lena,0,0.0,1518,model,stefan_cci,ridge,none,0.0,14.757,2.343,,,
transfer,Lena,0,0.25,1518,model,stefan_cci,ridge,none,0.0,15.773,1.805,,,
transfer,Lena,0,0.5,1518,model,stefan_cci,ridge,none,0.0,17.309,1.266,,,
transfer,Lena,0,0.75,1518,model,stefan_cci,ridge,none,0.0,19.239,0.728,,,
transfer,Lena,0,1.0,1518,model,stefan_cci,ridge,none,0.0,21.459,0.189,,,
transfer,Lena,1,0.0,1518,model,stefan_cci,ridge,none,0.0,14.757,2.343,,,
transfer,Lena,1,0.25,1518,model,stefan_cci,ridge,none,0.0,15.773,1.805,,,
transfer,Lena,1,0.5,1518,model,stefan_cci,ridge,none,0.0,17.309,1.266,,,
transfer,Lena,1,0.75,1518,model,stefan_cci,ridge,none,0.0,19.239,0.728,,,
transfer,Lena,1,1.0,1518,model,stefan_cci,ridge,none,0.0,21.459,0.189,,,
transfer,Lena,2,0.0,1518,model,stefan_cci,ridge,none,0.0,14.757,2.343,,,
transfer,Lena,2,0.25,1518,model,stefan_cci,ridge,none,0.0,15.773,1.805,,,
transfer,Lena,2,0.5,1518,model,stefan_cci,ridge,none,0.0,17.309,1.266,,,
transfer,Lena,2,0.75,1518,model,stefan_cci,ridge,none,0.0,19.239,0.728,,,
transfer,Lena,2,1.0,1518,model,stefan_cci,ridge,none,0.0,21.459,0.189,,,
transfer,Canada,-1,0.0,371,analytic,stefan,none,none,0.0,29.962,-2.179,20.285512178884655,37.514269047645875,
transfer,Canada,0,1.0,371,model,none,catboost,none,0.0,37.278,-21.02,19.263249357071427,48.84179396839455,
transfer,Canada,1,1.0,371,model,none,catboost,none,0.0,38.309,-21.39,21.05110530405514,51.12239275789721,
transfer,Canada,2,1.0,371,model,none,catboost,none,0.0,38.174,-21.817,20.925903019550365,50.1241269316026,
transfer,Canada,0,0.0,371,model,stefan,mlp,none,0.0,,,,,diverged
transfer,Canada,0,0.25,371,model,stefan,mlp,none,0.0,,,,,diverged
transfer,Canada,0,0.5,371,model,stefan,mlp,none,0.0,,,,,diverged
transfer,Canada,0,0.75,371,model,stefan,mlp,none,0.0,,,,,diverged
transfer,Canada,0,1.0,371,model,stefan,mlp,none,0.0,,,,,diverged
transfer,Canada,1,0.0,371,model,stefan,mlp,none,0.0,,,,,diverged
transfer,Canada,1,0.25,371,model,stefan,mlp,none,0.0,,,,,diverged
transfer,Canada,1,0.5,371,model,stefan,mlp,none,0.0,,,,,diverged
transfer,Canada,1,0.75,371,model,stefan,mlp,none,0.0,,,,,diverged
transfer,Canada,1,1.0,371,model,stefan,mlp,none,0.0,,,,,diverged
transfer,Canada,2,0.0,371,model,stefan,mlp,none,0.0,,,,,diverged
transfer,Canada,2,0.25,371,model,stefan,mlp,none,0.0,,,,,diverged
transfer,Canada,2,0.5,371,model,stefan,mlp,none,0.0,,,,,diverged
transfer,Canada,2,0.75,371,model,stefan,mlp,none,0.0,,,,,diverged
transfer,Canada,2,1.0,371,model,stefan,mlp,none,0.0,,,,,diverged
transfer,Canada,0,0.0,371,model,stefan_cci,ridge,none,0.0,29.053,4.285,,,
transfer,Canada,0,0.25,371,model,stefan_cci,ridge,none,0.0,28.887,0.739,,,
transfer,Canada,0,0.5,371,model,stefan_cci,ridge,none,0.0,29.431,-2.806,,,
transfer,Canada,0,0.75,371,model,stefan_cci,ridge,none,0.0,30.648,-6.351,,,
transfer,Canada,0,1.0,371,model,stefan_cci,ridge,none,0.0,32.461,-9.897,,,
transfer,Canada,1,0.0,371,model,stefan_cci,ridge,none,0.0,29.053,4.285,,,
transfer,Canada,1,0.25,371,model,stefan_cci,ridge,none,0.0,28.887,0.739,,,
transfer,Canada,1,0.5,371,model,stefan_cci,ridge,none,0.0,29.431,-2.806,,,
transfer,Canada,1,0.75,371,model,stefan_cci,ridge,none,0.0,30.648,-6.351,,,
transfer,Canada,1,1.0,371,model,stefan_cci,ridge,none,0.0,32.461,-9.897,,,
transfer,Canada,2,0.0,371,model,stefan_cci,ridge,none,0.0,29.053,4.285,,,
transfer,Canada,2,0.25,371,model,stefan_cci,ridge,none,0.0,28.887,0.739,,,
transfer,Canada,2,0.5,371,model,stefan_cci,ridge,none,0.0,29.431,-2.806,,,
transfer,Canada,2,0.75,371,model,stefan_cci,ridge,none,0.0,30.648,-6.351,,,
transfer,Canada,2,1.0,371,model,stefan_cci,ridge,none,0.0,32.461,-9.897,,,
pseudo,Alaska,0,1.0,6803,model,none,ridge,stefan,1.0,16.591,5.994,14.1173787620328,20.32432108513276,
pseudo,Alaska,1,1.0,6803,model,none,ridge,stefan,1.0,16.591,5.994,14.202711355440666,21.101924517423566,
pseudo,Alaska,2,1.0,6803,model,none,ridge,stefan,1.0,16.59,5.991,14.407884875248575,21.397979856254192,
pseudo,Alaska,0,1.0,6803,model,none,ridge,cci,5.0,19.533,1.775,14.942109537846255,28.010991753012227,
pseudo,Alaska,1,1.0,6803,model,none,ridge,cci,5.0,19.584,1.77,14.899898310353265,29.733623473373523,
pseudo,Alaska,2,1.0,6803,model,none,ridge,cci,5.0,19.593,1.83,15.35174724950796,29.212822174306783,
pseudo,Alaska,0,1.0,6803,model,none,ridge,stefan_cci,10.0,17.945,4.478,14.340417252138284,24.768542046031314,
pseudo,Alaska,1,1.0,6803,model,none,ridge,stefan_cci,10.0,17.956,4.465,14.333683540943893,25.73671540720263,
pseudo,Alaska,2,1.0,6803,model,none,ridge,stefan_cci,10.0,17.954,4.467,14.63394924999835,25.662089894229673,
pseudo,Alaska,0,1.0,6803,model,none,catboost,cci,1.0,16.504,-0.711,13.467308368561888,21.293222524727323,
pseudo,Alaska,1,1.0,6803,model,none,catboost,cci,1.0,16.532,-1.584,13.840366768211439,21.41920877742648,
pseudo,Alaska,2,1.0,6803,model,none,catboost,cci,1.0,16.404,-0.63,13.748570528912701,21.18402325436227,
pseudo,Alaska,0,1.0,6803,model,none,catboost,stefan_cci,5.0,16.48,1.669,13.304559104849417,21.894644680049502,
pseudo,Alaska,1,1.0,6803,model,none,catboost,stefan_cci,5.0,16.614,1.548,13.435004755464133,22.617470391527675,
pseudo,Alaska,2,1.0,6803,model,none,catboost,stefan_cci,5.0,16.726,1.518,13.650859085562027,22.6819100041437,
pseudo,Alaska,0,1.0,6803,model,none,catboost,const,10.0,22.874,-14.429,18.216567142953895,26.879812686238395,
pseudo,Alaska,1,1.0,6803,model,none,catboost,const,10.0,22.75,-14.258,18.02456673175057,27.108734643040425,
pseudo,Alaska,2,1.0,6803,model,none,catboost,const,10.0,22.774,-14.26,18.29925419878912,26.784987809337036,
pseudo,Alaska,0,1.0,6803,model,none,mlp,stefan,10.0,17.669,7.504,15.186949597430624,21.91262167866702,
pseudo,Alaska,1,1.0,6803,model,none,mlp,stefan,10.0,17.178,6.238,14.5075850457533,22.483260507883276,
pseudo,Alaska,2,1.0,6803,model,none,mlp,stefan,10.0,17.34,5.947,14.934172793602045,22.51841785339801,
pseudo,Alaska,0,1.0,6803,model,none,mlp,stefan_cci,1.0,16.694,3.661,13.524372705810581,21.9362972317908,
pseudo,Alaska,1,1.0,6803,model,none,mlp,stefan_cci,1.0,16.24,2.883,13.003425428143018,21.80954894879049,
pseudo,Alaska,2,1.0,6803,model,none,mlp,stefan_cci,1.0,17.035,2.806,13.604411638489088,22.969235701949707,
pseudo,Alaska,0,1.0,6803,model,none,mlp,const,5.0,23.48,-15.095,18.355832807725555,27.587989037575973,
pseudo,Alaska,1,1.0,6803,model,none,mlp,const,5.0,23.343,-15.052,18.275851804556794,27.730941520007306,
pseudo,Alaska,2,1.0,6803,model,none,mlp,const,5.0,23.457,-15.115,18.66217647020556,27.376950105931545,
pseudo,Alaska,0,0.0,6803,model,stefan,ridge,stefan,5.0,17.851,7.805,15.390377433017383,22.16913650069963,
pseudo,Alaska,0,0.25,6803,model,stefan,ridge,stefan,5.0,17.673,7.574,15.186276129330835,21.84123908818583,
pseudo,Alaska,0,0.5,6803,model,stefan,ridge,stefan,5.0,17.502,7.344,14.997771165398648,21.542511709711164,
pseudo,Alaska,0,0.75,6803,model,stefan,ridge,stefan,5.0,17.339,7.113,14.833956267174159,21.29754596993664,
pseudo,Alaska,0,1.0,6803,model,stefan,ridge,stefan,5.0,17.183,6.883,14.680404937278164,21.02277254343742,
pseudo,Alaska,1,0.0,6803,model,stefan,ridge,stefan,5.0,17.851,7.805,15.644356686793948,22.764508678183304,
pseudo,Alaska,1,0.25,6803,model,stefan,ridge,stefan,5.0,17.68,7.584,15.469249030635044,22.570887989359743,
pseudo,Alaska,1,0.5,6803,model,stefan,ridge,stefan,5.0,17.516,7.363,15.300939061465098,22.38543315087412,
pseudo,Alaska,1,0.75,6803,model,stefan,ridge,stefan,5.0,17.36,7.142,15.114434633428909,22.20834866136976,
pseudo,Alaska,1,1.0,6803,model,stefan,ridge,stefan,5.0,17.211,6.921,14.907306194176442,21.999147375281822,
pseudo,Alaska,2,0.0,6803,model,stefan,ridge,stefan,5.0,17.851,7.805,15.856610315177864,22.989366780352228,
pseudo,Alaska,2,0.25,6803,model,stefan,ridge,stefan,5.0,17.683,7.57,15.669176742640008,22.792489718343784,
pseudo,Alaska,2,0.5,6803,model,stefan,ridge,stefan,5.0,17.521,7.335,15.487696452784764,22.564457189778086,
pseudo,Alaska,2,0.75,6803,model,stefan,ridge,stefan,5.0,17.366,7.1,15.312379870186225,22.344700565017387,
pseudo,Alaska,2,1.0,6803,model,stefan,ridge,stefan,5.0,17.219,6.866,15.143279290558244,22.161089938733127,
pseudo,Alaska,0,0.0,6803,model,stefan,ridge,cci,10.0,17.851,7.805,15.390377433017383,22.16913650069963,
pseudo,Alaska,0,0.25,6803,model,stefan,ridge,cci,10.0,17.685,6.301,14.723371471883686,23.265695355876577,
pseudo,Alaska,0,0.5,6803,model,stefan,ridge,cci,10.0,18.024,4.797,14.443688805838562,24.884294309691395,
pseudo,Alaska,0,0.75,6803,model,stefan,ridge,cci,10.0,18.842,3.293,14.56875017077314,26.94470238067189,
pseudo,Alaska,0,1.0,6803,model,stefan,ridge,cci,10.0,20.079,1.789,15.292954614660431,29.15004089374611,
pseudo,Alaska,1,0.0,6803,model,stefan,ridge,cci,10.0,17.851,7.805,15.644356686793948,22.764508678183304,
pseudo,Alaska,1,0.25,6803,model,stefan,ridge,cci,10.0,17.689,6.298,14.828475470163367,23.887553866676008,
pseudo,Alaska,1,0.5,6803,model,stefan,ridge,cci,10.0,18.038,4.791,14.451709736385599,25.792811228676882,
pseudo,Alaska,1,0.75,6803,model,stefan,ridge,cci,10.0,18.868,3.285,14.616852563330717,27.985395152629238,
pseudo,Alaska,1,1.0,6803,model,stefan,ridge,cci,10.0,20.121,1.778,15.229507962188828,30.8628435671748,
pseudo,Alaska,2,0.0,6803,model,stefan,ridge,cci,10.0,17.851,7.805,15.856610315177864,22.989366780352228,
pseudo,Alaska,2,0.25,6803,model,stefan,ridge,cci,10.0,17.687,6.296,15.098597872175723,23.827027329585952,
pseudo,Alaska,2,0.5,6803,model,stefan,ridge,cci,10.0,18.029,4.787,14.745562448308792,25.68559816347379,
pseudo,Alaska,2,0.75,6803,model,stefan,ridge,cci,10.0,18.85,3.277,15.045024022300941,27.646871099516463,
pseudo,Alaska,2,1.0,6803,model,stefan,ridge,cci,10.0,20.091,1.768,15.599205204439235,30.268398446844145,
pseudo,Alaska,0,0.0,6803,model,stefan,ridge,const,1.0,17.851,7.805,15.390377433017383,22.16913650069963,
pseudo,Alaska,0,0.25,6803,model,stefan,ridge,const,1.0,16.338,4.421,13.449946850175255,20.42774698577621,
pseudo,Alaska,0,0.5,6803,model,stefan,ridge,const,1.0,15.648,1.038,12.501713322657139,19.738877644216508,
pseudo,Alaska,0,0.75,6803,model,stefan,ridge,const,1.0,15.89,-2.345,12.686537178768917,19.55604006792074,
pseudo,Alaska,0,1.0,6803,model,stefan,ridge,const,1.0,17.023,-5.729,14.297375903498754,20.762410151484254,
pseudo,Alaska,1,0.0,6803,model,stefan,ridge,const,1.0,17.851,7.805,15.644356686793948,22.764508678183304,
pseudo,Alaska,1,0.25,6803,model,stefan,ridge,const,1.0,16.338,4.421,13.619523324921959,21.4454693797436,
pseudo,Alaska,1,0.5,6803,model,stefan,ridge,const,1.0,15.648,1.038,12.749385521863713,20.970206328427423,
pseudo,Alaska,1,0.75,6803,model,stefan,ridge,const,1.0,15.89,-2.346,13.144511382827384,21.164190142350233,
pseudo,Alaska,1,1.0,6803,model,stefan,ridge,const,1.0,17.023,-5.73,14.393106591640516,22.018857031692406,
pseudo,Alaska,2,0.0,6803,model,stefan,ridge,const,1.0,17.851,7.805,15.856610315177864,22.989366780352228,
pseudo,Alaska,2,0.25,6803,model,stefan,ridge,const,1.0,16.338,4.421,13.640450814278388,21.57071668174045,
pseudo,Alaska,2,0.5,6803,model,stefan,ridge,const,1.0,15.648,1.038,12.58995069054529,20.756524476059784,
pseudo,Alaska,2,0.75,6803,model,stefan,ridge,const,1.0,15.89,-2.345,13.160399252115953,20.6754605451978,
pseudo,Alaska,2,1.0,6803,model,stefan,ridge,const,1.0,17.023,-5.729,14.445166655387425,21.344558370584075,
pseudo,Alaska,0,0.0,6803,model,stefan,catboost,stefan,1.0,17.851,7.805,15.390377433017383,22.16913650069963,
pseudo,Alaska,0,0.25,6803,model,stefan,catboost,stefan,1.0,17.396,7.091,14.852674758937162,21.448065142449334,
pseudo,Alaska,0,0.5,6803,model,stefan,catboost,stefan,1.0,16.994,6.378,14.41338006349149,20.821524576324574,
pseudo,Alaska,0,0.75,6803,model,stefan,catboost,stefan,1.0,16.649,5.665,13.937802370837831,20.497250688623772,
pseudo,Alaska,0,1.0,6803,model,stefan,catboost,stefan,1.0,16.366,4.952,13.371566885896886,20.246304932657107,
pseudo,Alaska,1,0.0,6803,model,stefan,catboost,stefan,1.0,17.851,7.805,15.644356686793948,22.764508678183304,
pseudo,Alaska,1,0.25,6803,model,stefan,catboost,stefan,1.0,17.41,7.075,15.09033288466259,22.25573746545763,
pseudo,Alaska,1,0.5,6803,model,stefan,catboost,stefan,1.0,17.024,6.345,14.543982863559595,21.821356570817176,
pseudo,Alaska,1,0.75,6803,model,stefan,catboost,stefan,1.0,16.696,5.615,14.05656187593309,21.567371194476184,
pseudo,Alaska,1,1.0,6803,model,stefan,catboost,stefan,1.0,16.428,4.886,13.594627573886564,21.316420271944693,
pseudo,Alaska,2,0.0,6803,model,stefan,catboost,stefan,1.0,17.851,7.805,15.856610315177864,22.989366780352228,
pseudo,Alaska,2,0.25,6803,model,stefan,catboost,stefan,1.0,17.375,6.988,15.227178744066597,22.35377371935396,
pseudo,Alaska,2,0.5,6803,model,stefan,catboost,stefan,1.0,16.963,6.171,14.449407892711088,21.90996673389044,
pseudo,Alaska,2,0.75,6803,model,stefan,catboost,stefan,1.0,16.62,5.354,13.736255493834616,21.648530945341317,
pseudo,Alaska,2,1.0,6803,model,stefan,catboost,stefan,1.0,16.351,4.537,13.252139025606425,21.232477550580736,
pseudo,Alaska,0,0.0,6803,model,stefan,catboost,cci,5.0,17.851,7.805,15.390377433017383,22.16913650069963,
pseudo,Alaska,0,0.25,6803,model,stefan,catboost,cci,5.0,17.393,6.425,14.668947384539548,22.276139211280203,
pseudo,Alaska,0,0.5,6803,model,stefan,catboost,cci,5.0,17.18,5.045,14.116943979446141,22.787891581118018,
pseudo,Alaska,0,0.75,6803,model,stefan,catboost,cci,5.0,17.222,3.665,13.933181697831644,23.403870373963674,
pseudo,Alaska,0,1.0,6803,model,stefan,catboost,cci,5.0,17.516,2.286,13.91313761748366,24.05388338677689,
pseudo,Alaska,1,0.0,6803,model,stefan,catboost,cci,5.0,17.851,7.805,15.644356686793948,22.764508678183304,
pseudo,Alaska,1,0.25,6803,model,stefan,catboost,cci,5.0,17.442,6.512,14.913344416915379,22.94156443006253,
pseudo,Alaska,1,0.5,6803,model,stefan,catboost,cci,5.0,17.226,5.218,14.341589370676783,23.293580175980313,
pseudo,Alaska,1,0.75,6803,model,stefan,catboost,cci,5.0,17.208,3.925,13.980394111576148,23.807177188794167,
pseudo,Alaska,1,1.0,6803,model,stefan,catboost,cci,5.0,17.391,2.632,13.853956352721335,24.63087969650967,
pseudo,Alaska,2,0.0,6803,model,stefan,catboost,cci,5.0,17.851,7.805,15.856610315177864,22.989366780352228,
pseudo,Alaska,2,0.25,6803,model,stefan,catboost,cci,5.0,17.452,6.496,15.132028203679578,23.050369622505492,
pseudo,Alaska,2,0.5,6803,model,stefan,catboost,cci,5.0,17.27,5.187,14.612996142951992,23.43824515277497,
pseudo,Alaska,2,0.75,6803,model,stefan,catboost,cci,5.0,17.312,3.878,14.35666377274221,24.261584708886407,
pseudo,Alaska,2,1.0,6803,model,stefan,catboost,cci,5.0,17.576,2.569,14.475689383221125,25.107608454603923,
pseudo,Alaska,0,0.0,6803,model,stefan,catboost,stefan_cci,10.0,17.851,7.805,15.390377433017383,22.16913650069963,
pseudo,Alaska,0,0.25,6803,model,stefan,catboost,stefan_cci,10.0,17.649,7.203,15.079325865197662,22.196935019436314,
pseudo,Alaska,0,0.5,6803,model,stefan,catboost,stefan_cci,10.0,17.499,6.601,14.876277286956457,22.45723886844969,
pseudo,Alaska,0,0.75,6803,model,stefan,catboost,stefan_cci,10.0,17.403,5.999,14.59537963529076,22.78062233434669,
pseudo,Alaska,0,1.0,6803,model,stefan,catboost,stefan_cci,10.0,17.363,5.396,14.33866945242288,23.149164790724054,
pseudo,Alaska,1,0.0,6803,model,stefan,catboost,stefan_cci,10.0,17.851,7.805,15.644356686793948,22.764508678183304,
pseudo,Alaska,1,0.25,6803,model,stefan,catboost,stefan_cci,10.0,17.637,7.126,15.238165645369067,22.887404625406464,
pseudo,Alaska,1,0.5,6803,model,stefan,catboost,stefan_cci,10.0,17.485,6.447,14.909425993604883,23.109829332547758,
pseudo,Alaska,1,0.75,6803,model,stefan,catboost,stefan_cci,10.0,17.398,5.768,14.630990850743483,23.374771799842744,
pseudo,Alaska,1,1.0,6803,model,stefan,catboost,stefan_cci,10.0,17.376,5.089,14.41574003593131,23.707046587516356,
pseudo,Alaska,2,0.0,6803,model,stefan,catboost,stefan_cci,10.0,17.851,7.805,15.856610315177864,22.989366780352228,
pseudo,Alaska,2,0.25,6803,model,stefan,catboost,stefan_cci,10.0,17.645,7.145,15.478505264357846,23.09419453229763,
pseudo,Alaska,2,0.5,6803,model,stefan,catboost,stefan_cci,10.0,17.496,6.486,15.161978745245316,23.136887639070203,
pseudo,Alaska,2,0.75,6803,model,stefan,catboost,stefan_cci,10.0,17.407,5.826,14.90775629353134,23.350256947470555,
pseudo,Alaska,2,1.0,6803,model,stefan,catboost,stefan_cci,10.0,17.378,5.167,14.651508357965092,23.73197866707192,
pseudo,Alaska,0,0.0,6803,model,stefan,mlp,cci,1.0,17.851,7.805,15.390377433017383,22.16913650069963,
pseudo,Alaska,0,0.25,6803,model,stefan,mlp,cci,1.0,17.224,6.024,14.507851513845358,22.07885404107714,
pseudo,Alaska,0,0.5,6803,model,stefan,mlp,cci,1.0,16.829,4.243,13.713779452537292,22.05779073251104,
pseudo,Alaska,0,0.75,6803,model,stefan,mlp,cci,1.0,16.685,2.462,13.249508660252587,22.352249123868692,
pseudo,Alaska,0,1.0,6803,model,stefan,mlp,cci,1.0,16.796,0.681,13.283993883480292,22.856975068337057,
pseudo,Alaska,1,0.0,6803,model,stefan,mlp,cci,1.0,17.851,7.805,15.644356686793948,22.764508678183304,
pseudo,Alaska,1,0.25,6803,model,stefan,mlp,cci,1.0,17.231,6.164,14.654558949344219,22.568451045718827,
pseudo,Alaska,1,0.5,6803,model,stefan,mlp,cci,1.0,16.831,4.524,13.87959702303615,22.526364299521617,
pseudo,Alaska,1,0.75,6803,model,stefan,mlp,cci,1.0,16.668,2.883,13.440296392424928,22.803415807967813,
pseudo,Alaska,1,1.0,6803,model,stefan,mlp,cci,1.0,16.748,1.243,13.405972602287337,23.13145522301813,
pseudo,Alaska,2,0.0,6803,model,stefan,mlp,cci,1.0,17.851,7.805,15.856610315177864,22.989366780352228,
pseudo,Alaska,2,0.25,6803,model,stefan,mlp,cci,1.0,17.442,6.51,15.213878385563842,22.646426427150104,
pseudo,Alaska,2,0.5,6803,model,stefan,mlp,cci,1.0,17.193,5.215,14.491224915319185,22.95169788806031,
pseudo,Alaska,2,0.75,6803,model,stefan,mlp,cci,1.0,17.109,3.921,14.056719307394381,23.26334757475049,
pseudo,Alaska,2,1.0,6803,model,stefan,mlp,cci,1.0,17.195,2.626,13.826840438658486,23.745287257064888,
pseudo,Alaska,0,0.0,6803,model,stefan,mlp,stefan_cci,5.0,17.851,7.805,15.390377433017383,22.16913650069963,
pseudo,Alaska,0,0.25,6803,model,stefan,mlp,stefan_cci,5.0,17.7,7.067,15.147232269182684,22.45573710152425,
pseudo,Alaska,0,0.5,6803,model,stefan,mlp,stefan_cci,5.0,17.634,6.329,14.882640939648827,23.07342908650937,
pseudo,Alaska,0,0.75,6803,model,stefan,mlp,stefan_cci,5.0,17.654,5.591,14.612351884125099,23.564748250883323,
pseudo,Alaska,0,1.0,6803,model,stefan,mlp,stefan_cci,5.0,17.761,4.854,14.529058754402467,24.12424606073953,
pseudo,Alaska,1,0.0,6803,model,stefan,mlp,stefan_cci,5.0,17.851,7.805,15.644356686793948,22.764508678183304,
pseudo,Alaska,1,0.25,6803,model,stefan,mlp,stefan_cci,5.0,17.552,6.921,15.118958545713092,22.84260132641511,
pseudo,Alaska,1,0.5,6803,model,stefan,mlp,stefan_cci,5.0,17.322,6.037,14.653747596822265,22.94361949910871,
pseudo,Alaska,1,0.75,6803,model,stefan,mlp,stefan_cci,5.0,17.163,5.153,14.248458249702837,23.055687684419794,
pseudo,Alaska,1,1.0,6803,model,stefan,mlp,stefan_cci,5.0,17.077,4.269,13.948477068100592,23.205622796981615,
pseudo,Alaska,2,0.0,6803,model,stefan,mlp,stefan_cci,5.0,17.851,7.805,15.856610315177864,22.989366780352228,
pseudo,Alaska,2,0.25,6803,model,stefan,mlp,stefan_cci,5.0,17.567,6.699,15.263160586567079,23.19148975961744,
pseudo,Alaska,2,0.5,6803,model,stefan,mlp,stefan_cci,5.0,17.411,5.594,14.819397533822217,23.426959251731606,
pseudo,Alaska,2,0.75,6803,model,stefan,mlp,stefan_cci,5.0,17.385,4.489,14.517471344255483,23.99911118790362,
pseudo,Alaska,2,1.0,6803,model,stefan,mlp,stefan_cci,5.0,17.491,3.383,14.394078784127576,24.75570391039635,
pseudo,Alaska,0,0.0,6803,model,stefan,mlp,const,10.0,17.851,7.805,15.390377433017383,22.16913650069963,
pseudo,Alaska,0,0.25,6803,model,stefan,mlp,const,10.0,16.111,1.93,12.909285924802232,20.39059372043734,
pseudo,Alaska,0,0.5,6803,model,stefan,mlp,const,10.0,16.885,-3.944,13.74147301558043,20.73137318389857,
pseudo,Alaska,0,0.75,6803,model,stefan,mlp,const,10.0,19.881,-9.818,16.754119472338868,23.69031088851968,
pseudo,Alaska,0,1.0,6803,model,stefan,mlp,const,10.0,24.291,-15.692,18.469085717532227,28.79832217593397,
pseudo,Alaska,1,0.0,6803,model,stefan,mlp,const,10.0,17.851,7.805,15.644356686793948,22.764508678183304,
pseudo,Alaska,1,0.25,6803,model,stefan,mlp,const,10.0,16.079,2.294,13.103372780778727,21.50274444853677,
pseudo,Alaska,1,0.5,6803,model,stefan,mlp,const,10.0,16.482,-3.216,13.657193784998455,21.939195534161556,
pseudo,Alaska,1,0.75,6803,model,stefan,mlp,const,10.0,18.92,-8.727,16.13387641920997,23.74544342158443,
pseudo,Alaska,1,1.0,6803,model,stefan,mlp,const,10.0,22.749,-14.237,17.881824138755217,27.745083829476606,
pseudo,Alaska,2,0.0,6803,model,stefan,mlp,const,10.0,17.851,7.805,15.856610315177864,22.989366780352228,
pseudo,Alaska,2,0.25,6803,model,stefan,mlp,const,10.0,16.097,2.384,13.032503091543306,21.443404685661143,
pseudo,Alaska,2,0.5,6803,model,stefan,mlp,const,10.0,16.463,-3.037,13.654163989522779,21.449048426363102,
pseudo,Alaska,2,0.75,6803,model,stefan,mlp,const,10.0,18.823,-8.458,15.788425818835194,23.21442628534428,
pseudo,Alaska,2,1.0,6803,model,stefan,mlp,const,10.0,22.562,-13.878,17.953324608539653,27.16812345837635,
pseudo,Alaska,0,0.0,6803,model,cci,ridge,stefan,10.0,20.945,1.66,15.748526038612662,30.84926130387692,
pseudo,Alaska,0,0.25,6803,model,cci,ridge,stefan,10.0,19.388,3.065,14.770998329651512,28.078105210432895,
pseudo,Alaska,0,0.5,6803,model,cci,ridge,stefan,10.0,18.249,4.47,14.541916882384584,25.48763764134834,
pseudo,Alaska,0,0.75,6803,model,cci,ridge,stefan,10.0,17.61,5.875,14.594279889722916,23.366597317047393,
pseudo,Alaska,0,1.0,6803,model,cci,ridge,stefan,10.0,17.526,7.28,15.02230168377407,21.618582301233626,
pseudo,Alaska,1,0.0,6803,model,cci,ridge,stefan,10.0,20.945,1.66,15.678815413126097,32.6368444526404,
pseudo,Alaska,1,0.25,6803,model,cci,ridge,stefan,10.0,19.389,3.061,14.865612935502684,29.155335058137336,
pseudo,Alaska,1,0.5,6803,model,cci,ridge,stefan,10.0,18.249,4.463,14.457733521876284,26.441108635033434,
pseudo,Alaska,1,0.75,6803,model,cci,ridge,stefan,10.0,17.604,5.864,14.631602638947319,24.000699467766886,
pseudo,Alaska,1,1.0,6803,model,cci,ridge,stefan,10.0,17.511,7.265,15.270059205182609,22.440602656219756,
pseudo,Alaska,2,0.0,6803,model,cci,ridge,stefan,10.0,20.945,1.66,15.9891999289701,32.11884178314847,
pseudo,Alaska,2,0.25,6803,model,cci,ridge,stefan,10.0,19.391,3.066,15.303333334975944,28.79193458876859,
pseudo,Alaska,2,0.5,6803,model,cci,ridge,stefan,10.0,18.254,4.472,14.799732750592776,26.265994488549048,
pseudo,Alaska,2,0.75,6803,model,cci,ridge,stefan,10.0,17.616,5.878,14.936685078922997,23.979053484613527,
pseudo,Alaska,2,1.0,6803,model,cci,ridge,stefan,10.0,17.531,7.283,15.505016202205926,22.601670634102447,
pseudo,Alaska,0,0.0,6803,model,cci,ridge,stefan_cci,1.0,20.945,1.66,15.748526038612662,30.84926130387692,
pseudo,Alaska,0,0.25,6803,model,cci,ridge,stefan_cci,1.0,19.589,2.406,14.903178654633123,28.26091511372992,
pseudo,Alaska,0,0.5,6803,model,cci,ridge,stefan_cci,1.0,18.433,3.152,14.224165081879308,25.866645352494633,
pseudo,Alaska,0,0.75,6803,model,cci,ridge,stefan_cci,1.0,17.516,3.898,13.93460666919082,23.84433125868567,
pseudo,Alaska,0,1.0,6803,model,cci,ridge,stefan_cci,1.0,16.879,4.644,13.713302105123374,21.990650423556282,
pseudo,Alaska,1,0.0,6803,model,cci,ridge,stefan_cci,1.0,20.945,1.66,15.678815413126097,32.6368444526404,
pseudo,Alaska,1,0.25,6803,model,cci,ridge,stefan_cci,1.0,19.589,2.406,14.894470571107979,29.81014979851038,
pseudo,Alaska,1,0.5,6803,model,cci,ridge,stefan_cci,1.0,18.433,3.152,14.31065964973834,27.210405905571772,
pseudo,Alaska,1,0.75,6803,model,cci,ridge,stefan_cci,1.0,17.516,3.898,14.0680499078534,24.908803571209948,
pseudo,Alaska,1,1.0,6803,model,cci,ridge,stefan_cci,1.0,16.879,4.643,13.857631748264815,22.841218972402743,
pseudo,Alaska,2,0.0,6803,model,cci,ridge,stefan_cci,1.0,20.945,1.66,15.9891999289701,32.11884178314847,
pseudo,Alaska,2,0.25,6803,model,cci,ridge,stefan_cci,1.0,19.589,2.406,15.319536365816743,29.28656726070141,
pseudo,Alaska,2,0.5,6803,model,cci,ridge,stefan_cci,1.0,18.433,3.152,14.703167191124962,26.799279677174795,
pseudo,Alaska,2,0.75,6803,model,cci,ridge,stefan_cci,1.0,17.516,3.898,14.179197046039514,24.73927680763675,
pseudo,Alaska,2,1.0,6803,model,cci,ridge,stefan_cci,1.0,16.879,4.644,13.98688162091117,23.053070777320386,
pseudo,Alaska,0,0.0,6803,model,cci,ridge,const,5.0,20.945,1.66,15.748526038612662,30.84926130387692,
pseudo,Alaska,0,0.25,6803,model,cci,ridge,const,5.0,19.033,-1.893,15.338558887599374,26.571370921565688,
pseudo,Alaska,0,0.5,6803,model,cci,ridge,const,5.0,18.42,-5.446,15.95523118687713,23.538607192798434,
pseudo,Alaska,0,0.75,6803,model,cci,ridge,const,5.0,19.234,-8.998,16.649790197400698,22.65650805683948,
pseudo,Alaska,0,1.0,6803,model,cci,ridge,const,5.0,21.309,-12.551,17.38652328410723,25.1036261609305,
pseudo,Alaska,1,0.0,6803,model,cci,ridge,const,5.0,20.945,1.66,15.678815413126097,32.6368444526404,
pseudo,Alaska,1,0.25,6803,model,cci,ridge,const,5.0,19.027,-1.864,15.219085540389212,26.940584784216487,
pseudo,Alaska,1,0.5,6803,model,cci,ridge,const,5.0,18.395,-5.387,15.726190157088988,23.178648237655867,
pseudo,Alaska,1,0.75,6803,model,cci,ridge,const,5.0,19.175,-8.911,16.58819274588718,22.86845384402642,
pseudo,Alaska,1,1.0,6803,model,cci,ridge,const,5.0,21.213,-12.435,17.16364886928322,25.59855522355247,
pseudo,Alaska,2,0.0,6803,model,cci,ridge,const,5.0,20.945,1.66,15.9891999289701,32.11884178314847,
pseudo,Alaska,2,0.25,6803,model,cci,ridge,const,5.0,19.033,-1.915,15.715883911101415,26.860573785696996,
pseudo,Alaska,2,0.5,6803,model,cci,ridge,const,5.0,18.437,-5.49,16.201489394305305,23.532131952346276,
pseudo,Alaska,2,0.75,6803,model,cci,ridge,const,5.0,19.279,-9.065,16.658585164715465,22.699786306305626,
pseudo,Alaska,2,1.0,6803,model,cci,ridge,const,5.0,21.39,-12.64,17.36601338578038,25.21747064973269,
pseudo,Alaska,0,0.0,6803,model,cci,catboost,stefan,5.0,20.945,1.66,15.748526038612662,30.84926130387692,
pseudo,Alaska,0,0.25,6803,model,cci,catboost,stefan,5.0,19.941,2.474,15.060474484976178,28.912238538673797,
pseudo,Alaska,0,0.5,6803,model,cci,catboost,stefan,5.0,19.126,3.287,14.697612146803166,27.101363670341257,
pseudo,Alaska,0,0.75,6803,model,cci,catboost,stefan,5.0,18.526,4.101,14.395488437238638,25.437886011771088,
pseudo,Alaska,0,1.0,6803,model,cci,catboost,stefan,5.0,18.162,4.914,14.302058296754801,24.214919708293074,
pseudo,Alaska,1,0.0,6803,model,cci,catboost,stefan,5.0,20.945,1.66,15.678815413126097,32.6368444526404,
pseudo,Alaska,1,0.25,6803,model,cci,catboost,stefan,5.0,19.873,2.665,15.09379558584395,30.184659380948833,
pseudo,Alaska,1,0.5,6803,model,cci,catboost,stefan,5.0,19.041,3.67,14.769399385564245,28.120984337912297,
pseudo,Alaska,1,0.75,6803,model,cci,catboost,stefan,5.0,18.484,4.675,14.63254299816809,26.338063251566545,
pseudo,Alaska,1,1.0,6803,model,cci,catboost,stefan,5.0,18.226,5.68,14.840210262255974,24.757277469095534,
pseudo,Alaska,2,0.0,6803,model,cci,catboost,stefan,5.0,20.945,1.66,15.9891999289701,32.11884178314847,
pseudo,Alaska,2,0.25,6803,model,cci,catboost,stefan,5.0,19.976,2.083,15.639390111557441,29.668717483090578,
pseudo,Alaska,2,0.5,6803,model,cci,catboost,stefan,5.0,19.162,2.506,15.238482858312421,27.97144059219402,
pseudo,Alaska,2,0.75,6803,model,cci,catboost,stefan,5.0,18.522,2.929,14.680232672372032,26.386001225239355,
pseudo,Alaska,2,1.0,6803,model,cci,catboost,stefan,5.0,18.077,3.352,14.247393941662056,24.9266608696785,
pseudo,Alaska,0,0.0,6803,model,cci,catboost,cci,10.0,20.945,1.66,15.748526038612662,30.84926130387692,
pseudo,Alaska,0,0.25,6803,model,cci,catboost,cci,10.0,20.813,1.711,15.662713114071483,30.536188429431927,
pseudo,Alaska,0,0.5,6803,model,cci,catboost,cci,10.0,20.684,1.762,15.57917330942079,30.227860824252623,
pseudo,Alaska,0,0.75,6803,model,cci,catboost,cci,10.0,20.556,1.813,15.497943512883783,29.932388415904555,
pseudo,Alaska,0,1.0,6803,model,cci,catboost,cci,10.0,20.431,1.863,15.41906036945925,29.640937120634334,
pseudo,Alaska,1,0.0,6803,model,cci,catboost,cci,10.0,20.945,1.66,15.678815413126097,32.6368444526404,
pseudo,Alaska,1,0.25,6803,model,cci,catboost,cci,10.0,20.829,1.649,15.601558714852626,32.41711076861282,
pseudo,Alaska,1,0.5,6803,model,cci,catboost,cci,10.0,20.713,1.638,15.525245643499126,32.19905095019132,
pseudo,Alaska,1,0.75,6803,model,cci,catboost,cci,10.0,20.6,1.627,15.45034985510991,31.97133358082865,
pseudo,Alaska,1,1.0,6803,model,cci,catboost,cci,10.0,20.488,1.616,15.376892310879898,31.73333819385487,
pseudo,Alaska,2,0.0,6803,model,cci,catboost,cci,10.0,20.945,1.66,15.9891999289701,32.11884178314847,
pseudo,Alaska,2,0.25,6803,model,cci,catboost,cci,10.0,20.806,1.682,15.9196486853701,31.80159186263368,
pseudo,Alaska,2,0.5,6803,model,cci,catboost,cci,10.0,20.669,1.704,15.851684254316044,31.486684665037906,
pseudo,Alaska,2,0.75,6803,model,cci,catboost,cci,10.0,20.533,1.726,15.785327159296525,31.174191384547118,
pseudo,Alaska,2,1.0,6803,model,cci,catboost,cci,10.0,20.4,1.748,15.722554224590988,30.864185544839277,
pseudo,Alaska,0,0.0,6803,model,cci,catboost,const,1.0,20.945,1.66,15.748526038612662,30.84926130387692,
pseudo,Alaska,0,0.25,6803,model,cci,catboost,const,1.0,19.527,-0.216,15.116815569951651,27.662211441908003,
pseudo,Alaska,0,0.5,6803,model,cci,catboost,const,1.0,18.586,-2.092,14.935087409165282,25.165795390459202,
pseudo,Alaska,0,0.75,6803,model,cci,catboost,const,1.0,18.196,-3.969,15.136668506473269,23.39678869720474,
pseudo,Alaska,0,1.0,6803,model,cci,catboost,const,1.0,18.393,-5.845,15.640418829613603,22.388179709091833,
pseudo,Alaska,1,0.0,6803,model,cci,catboost,const,1.0,20.945,1.66,15.678815413126097,32.6368444526404,
pseudo,Alaska,1,0.25,6803,model,cci,catboost,const,1.0,19.487,-0.563,15.158205808194237,28.944960207521248,
pseudo,Alaska,1,0.5,6803,model,cci,catboost,const,1.0,18.628,-2.787,15.083165318582145,25.35276560673758,
pseudo,Alaska,1,0.75,6803,model,cci,catboost,const,1.0,18.451,-5.011,15.665726105858775,23.85899457893732,
pseudo,Alaska,1,1.0,6803,model,cci,catboost,const,1.0,18.975,-7.235,16.61684124118722,23.999999320082186,
pseudo,Alaska,2,0.0,6803,model,cci,catboost,const,1.0,20.945,1.66,15.9891999289701,32.11884178314847,
pseudo,Alaska,2,0.25,6803,model,cci,catboost,const,1.0,19.505,-0.606,15.750198917610296,28.21617076291336,
pseudo,Alaska,2,0.5,6803,model,cci,catboost,const,1.0,18.68,-2.872,15.512083147294794,25.575074509979586,
pseudo,Alaska,2,0.75,6803,model,cci,catboost,const,1.0,18.551,-5.138,16.0479168524434,23.748019929580042,
pseudo,Alaska,2,1.0,6803,model,cci,catboost,const,1.0,19.134,-7.404,16.489072434243486,23.405681539308695,
pseudo,Alaska,0,0.0,6803,model,cci,mlp,stefan,1.0,20.945,1.66,15.748526038612662,30.84926130387692,
pseudo,Alaska,0,0.25,6803,model,cci,mlp,stefan,1.0,19.863,2.451,15.045011118950775,28.63139300754027,
pseudo,Alaska,0,0.5,6803,model,cci,mlp,stefan,1.0,18.959,3.242,14.545891321893537,26.588460368116667,
pseudo,Alaska,0,0.75,6803,model,cci,mlp,stefan,1.0,18.261,4.034,14.287984669458654,24.833935308526353,
pseudo,Alaska,0,1.0,6803,model,cci,mlp,stefan,1.0,17.792,4.825,14.22715476813127,23.625334093355235,
pseudo,Alaska,1,0.0,6803,model,cci,mlp,stefan,1.0,20.945,1.66,15.678815413126097,32.6368444526404,
pseudo,Alaska,1,0.25,6803,model,cci,mlp,stefan,1.0,19.821,2.777,14.910401402893083,30.40856413698355,
pseudo,Alaska,1,0.5,6803,model,cci,mlp,stefan,1.0,18.913,3.894,14.526193574808488,28.305682274781493,
pseudo,Alaska,1,0.75,6803,model,cci,mlp,stefan,1.0,18.256,5.012,14.37946481909226,26.43336718920265,
pseudo,Alaska,1,1.0,6803,model,cci,mlp,stefan,1.0,17.876,6.129,14.479415248384852,24.836501027470312,
pseudo,Alaska,2,0.0,6803,model,cci,mlp,stefan,1.0,20.945,1.66,15.9891999289701,32.11884178314847,
pseudo,Alaska,2,0.25,6803,model,cci,mlp,stefan,1.0,19.835,2.968,15.348300942817446,29.691918849808467,
pseudo,Alaska,2,0.5,6803,model,cci,mlp,stefan,1.0,19.003,4.276,14.937299647934454,27.424706879681857,
pseudo,Alaska,2,0.75,6803,model,cci,mlp,stefan,1.0,18.485,5.583,14.997680648452103,25.692303992000966,
pseudo,Alaska,2,1.0,6803,model,cci,mlp,stefan,1.0,18.309,6.891,15.39042271926981,24.31445391295498,
pseudo,Alaska,0,0.0,6803,model,cci,mlp,cci,5.0,20.945,1.66,15.748526038612662,30.84926130387692,
pseudo,Alaska,0,0.25,6803,model,cci,mlp,cci,5.0,20.962,1.95,15.74712011506527,30.866427122049235,
pseudo,Alaska,0,0.5,6803,model,cci,mlp,cci,5.0,20.984,2.24,15.751145148509014,30.91403229884041,
pseudo,Alaska,0,0.75,6803,model,cci,mlp,cci,5.0,21.01,2.53,15.745510665672064,30.96402233951701,
pseudo,Alaska,0,1.0,6803,model,cci,mlp,cci,5.0,21.041,2.82,15.742098811401096,31.016389431068266,
pseudo,Alaska,1,0.0,6803,model,cci,mlp,cci,5.0,20.945,1.66,15.678815413126097,32.6368444526404,
pseudo,Alaska,1,0.25,6803,model,cci,mlp,cci,5.0,20.85,1.79,15.582843396762089,32.52639899969052,
pseudo,Alaska,1,0.5,6803,model,cci,mlp,cci,5.0,20.758,1.92,15.49082143352025,32.41788763285952,
pseudo,Alaska,1,0.75,6803,model,cci,mlp,cci,5.0,20.669,2.05,15.40328141870501,32.29210260535843,
pseudo,Alaska,1,1.0,6803,model,cci,mlp,cci,5.0,20.582,2.18,15.320300416344852,32.160713235154404,
pseudo,Alaska,2,0.0,6803,model,cci,mlp,cci,5.0,20.945,1.66,15.9891999289701,32.11884178314847,
pseudo,Alaska,2,0.25,6803,model,cci,mlp,cci,5.0,20.906,1.75,15.93536153217054,32.07342106036533,
pseudo,Alaska,2,0.5,6803,model,cci,mlp,cci,5.0,20.868,1.84,15.884516529872945,32.02925532781631,
pseudo,Alaska,2,0.75,6803,model,cci,mlp,cci,5.0,20.833,1.93,15.83669373720312,31.98634982105317,
pseudo,Alaska,2,1.0,6803,model,cci,mlp,cci,5.0,20.8,2.02,15.791920595706983,31.94470967706948,
pseudo,Alaska,0,0.0,6803,model,cci,mlp,stefan_cci,10.0,20.945,1.66,15.748526038612662,30.84926130387692,
pseudo,Alaska,0,0.25,6803,model,cci,mlp,stefan_cci,10.0,20.315,2.484,15.311769930198688,29.704204063558738,
pseudo,Alaska,0,0.5,6803,model,cci,mlp,stefan_cci,10.0,19.772,3.307,14.958487588824742,28.64209628068349,
pseudo,Alaska,0,0.75,6803,model,cci,mlp,stefan_cci,10.0,19.325,4.131,14.873783317634219,27.641205833769586,
pseudo,Alaska,0,1.0,6803,model,cci,mlp,stefan_cci,10.0,18.981,4.954,14.864728792666229,26.5843666432623,
pseudo,Alaska,1,0.0,6803,model,cci,mlp,stefan_cci,10.0,20.945,1.66,15.678815413126097,32.6368444526404,
pseudo,Alaska,1,0.25,6803,model,cci,mlp,stefan_cci,10.0,20.269,2.596,15.253763120808632,31.221169517186066,
pseudo,Alaska,1,0.5,6803,model,cci,mlp,stefan_cci,10.0,19.696,3.531,14.949214122147753,29.88101256740609,
pseudo,Alaska,1,0.75,6803,model,cci,mlp,stefan_cci,10.0,19.235,4.467,14.849739771799136,28.69963183307003,
pseudo,Alaska,1,1.0,6803,model,cci,mlp,stefan_cci,10.0,18.894,5.402,14.892123171731624,27.588517755312292,
pseudo,Alaska,2,0.0,6803,model,cci,mlp,stefan_cci,10.0,20.945,1.66,15.9891999289701,32.11884178314847,
pseudo,Alaska,2,0.25,6803,model,cci,mlp,stefan_cci,10.0,20.31,2.451,15.643898756126367,30.783416092047666,
pseudo,Alaska,2,0.5,6803,model,cci,mlp,stefan_cci,10.0,19.757,3.242,15.458489542743326,29.508682178929956,
pseudo,Alaska,2,0.75,6803,model,cci,mlp,stefan_cci,10.0,19.293,4.032,15.241372837114346,28.31565325481401,
pseudo,Alaska,2,1.0,6803,model,cci,mlp,stefan_cci,10.0,18.924,4.823,15.196551228939727,27.389713353008187,
pseudo,Alaska,0,0.0,6803,model,stefan_cci,ridge,cci,1.0,18.335,4.733,14.652187465093332,25.6578468471697,
pseudo,Alaska,0,0.25,6803,model,stefan_cci,ridge,cci,1.0,18.036,4.296,14.347100089528725,25.076613845763866,
pseudo,Alaska,0,0.5,6803,model,stefan_cci,ridge,cci,1.0,17.79,3.859,14.129057522069704,24.459562201616624,
pseudo,Alaska,0,0.75,6803,model,stefan_cci,ridge,cci,1.0,17.599,3.422,13.911797424773454,24.094091779058175,
pseudo,Alaska,0,1.0,6803,model,stefan_cci,ridge,cci,1.0,17.466,2.985,13.797284966197036,23.84739946448319,
pseudo,Alaska,1,0.0,6803,model,stefan_cci,ridge,cci,1.0,18.335,4.733,14.551537172075614,26.569713804307096,
pseudo,Alaska,1,0.25,6803,model,stefan_cci,ridge,cci,1.0,18.036,4.295,14.327587632419485,25.920434785123383,
pseudo,Alaska,1,0.5,6803,model,stefan_cci,ridge,cci,1.0,17.79,3.858,14.172372567335822,25.488160605407202,
pseudo,Alaska,1,0.75,6803,model,stefan_cci,ridge,cci,1.0,17.599,3.421,14.044485157988744,25.224162513429736,
pseudo,Alaska,1,1.0,6803,model,stefan_cci,ridge,cci,1.0,17.466,2.984,13.836411490268189,25.01729775744266,
pseudo,Alaska,2,0.0,6803,model,stefan_cci,ridge,cci,1.0,18.335,4.733,14.89583574995743,26.328262398153623,
pseudo,Alaska,2,0.25,6803,model,stefan_cci,ridge,cci,1.0,18.036,4.296,14.592940665659409,25.827923694355242,
pseudo,Alaska,2,0.5,6803,model,stefan_cci,ridge,cci,1.0,17.79,3.859,14.33948114052444,25.379053494956715,
pseudo,Alaska,2,0.75,6803,model,stefan_cci,ridge,cci,1.0,17.599,3.422,14.144113465468868,24.984425493168498,
pseudo,Alaska,2,1.0,6803,model,stefan_cci,ridge,cci,1.0,17.466,2.985,14.004275922111013,24.678396795693793,
pseudo,Alaska,0,0.0,6803,model,stefan_cci,ridge,stefan_cci,5.0,18.335,4.733,14.652187465093332,25.6578468471697,
pseudo,Alaska,0,0.25,6803,model,stefan_cci,ridge,stefan_cci,5.0,18.143,4.643,14.505772488181007,25.197079670766477,
pseudo,Alaska,0,0.5,6803,model,stefan_cci,ridge,stefan_cci,5.0,17.958,4.553,14.359557793584298,24.765523421243724,
pseudo,Alaska,0,0.75,6803,model,stefan_cci,ridge,stefan_cci,5.0,17.78,4.463,14.218522311435883,24.39416635703172,
pseudo,Alaska,0,1.0,6803,model,stefan_cci,ridge,stefan_cci,5.0,17.61,4.373,14.101963349465853,23.951019662247752,
pseudo,Alaska,1,0.0,6803,model,stefan_cci,ridge,stefan_cci,5.0,18.335,4.733,14.551537172075614,26.569713804307096,
pseudo,Alaska,1,0.25,6803,model,stefan_cci,ridge,stefan_cci,5.0,18.155,4.648,14.474681699876976,26.160049467316135,
pseudo,Alaska,1,0.5,6803,model,stefan_cci,ridge,stefan_cci,5.0,17.982,4.564,14.368991815130732,25.76030360749014,
pseudo,Alaska,1,0.75,6803,model,stefan_cci,ridge,stefan_cci,5.0,17.815,4.48,14.265732239592152,25.370947035538045,
pseudo,Alaska,1,1.0,6803,model,stefan_cci,ridge,stefan_cci,5.0,17.655,4.396,14.166603654235523,24.98033897163625,
pseudo,Alaska,2,0.0,6803,model,stefan_cci,ridge,stefan_cci,5.0,18.335,4.733,14.89583574995743,26.328262398153623,
pseudo,Alaska,2,0.25,6803,model,stefan_cci,ridge,stefan_cci,5.0,18.159,4.648,14.788483965887892,26.011019715616357,
pseudo,Alaska,2,0.5,6803,model,stefan_cci,ridge,stefan_cci,5.0,17.988,4.563,14.664750380658159,25.69993111279812,
pseudo,Alaska,2,0.75,6803,model,stefan_cci,ridge,stefan_cci,5.0,17.824,4.478,14.545596357825838,25.395229174069513,
pseudo,Alaska,2,1.0,6803,model,stefan_cci,ridge,stefan_cci,5.0,17.666,4.393,14.431159770084161,25.097153296065436,
pseudo,Alaska,0,0.0,6803,model,stefan_cci,ridge,const,10.0,18.335,4.733,14.652187465093332,25.6578468471697,
pseudo,Alaska,0,0.25,6803,model,stefan_cci,ridge,const,10.0,16.949,0.018,13.634057093506922,22.864153378627876,
pseudo,Alaska,0,0.5,6803,model,stefan_cci,ridge,const,10.0,17.327,-4.697,14.705428145796201,21.24605966379042,
pseudo,Alaska,0,0.75,6803,model,stefan_cci,ridge,const,10.0,19.368,-9.412,16.57969776926813,22.595393402212082,
pseudo,Alaska,0,1.0,6803,model,stefan_cci,ridge,const,10.0,22.625,-14.127,18.0212849794079,26.722937964260773,
pseudo,Alaska,1,0.0,6803,model,stefan_cci,ridge,const,10.0,18.335,4.733,14.551537172075614,26.569713804307096,
pseudo,Alaska,1,0.25,6803,model,stefan_cci,ridge,const,10.0,16.95,0.004,13.684369457854869,23.159636243876516,
pseudo,Alaska,1,0.5,6803,model,stefan_cci,ridge,const,10.0,17.341,-4.725,14.745715088004838,21.80451938922273,
pseudo,Alaska,1,0.75,6803,model,stefan_cci,ridge,const,10.0,19.402,-9.454,16.674973168547297,23.31296654764376,
pseudo,Alaska,1,1.0,6803,model,stefan_cci,ridge,const,10.0,22.681,-14.183,17.861501608947552,27.132435639114057,
pseudo,Alaska,2,0.0,6803,model,stefan_cci,ridge,const,10.0,18.335,4.733,14.89583574995743,26.328262398153623,
pseudo,Alaska,2,0.25,6803,model,stefan_cci,ridge,const,10.0,16.947,0.02,13.929997776295295,22.93148838196923,
pseudo,Alaska,2,0.5,6803,model,stefan_cci,ridge,const,10.0,17.327,-4.692,15.051845712938977,21.694936215137865,
pseudo,Alaska,2,0.75,6803,model,stefan_cci,ridge,const,10.0,19.369,-9.405,16.549792614125185,22.786739530432122,
pseudo,Alaska,2,1.0,6803,model,stefan_cci,ridge,const,10.0,22.629,-14.117,18.038939294617958,26.763553595935008,
pseudo,Alaska,0,0.0,6803,model,stefan_cci,catboost,stefan,10.0,18.335,4.733,14.652187465093332,25.6578468471697,
pseudo,Alaska,0,0.25,6803,model,stefan_cci,catboost,stefan,10.0,18.092,5.089,14.561961478505552,24.88326417323013,
pseudo,Alaska,0,0.5,6803,model,stefan_cci,catboost,stefan,10.0,17.909,5.445,14.56536315333293,24.163825303657806,
pseudo,Alaska,0,0.75,6803,model,stefan_cci,catboost,stefan,10.0,17.786,5.801,14.581336021816286,23.44860916638953,
pseudo,Alaska,0,1.0,6803,model,stefan_cci,catboost,stefan,10.0,17.727,6.157,14.606367141135728,22.865341831438858,
pseudo,Alaska,1,0.0,6803,model,stefan_cci,catboost,stefan,10.0,18.335,4.733,14.551537172075614,26.569713804307096,
pseudo,Alaska,1,0.25,6803,model,stefan_cci,catboost,stefan,10.0,18.061,5.118,14.539183130827524,25.622650936370135,
pseudo,Alaska,1,0.5,6803,model,stefan_cci,catboost,stefan,10.0,17.852,5.503,14.542735897184452,24.77521806153645,
pseudo,Alaska,1,0.75,6803,model,stefan_cci,catboost,stefan,10.0,17.712,5.888,14.589343186630948,23.987252072579345,
pseudo,Alaska,1,1.0,6803,model,stefan_cci,catboost,stefan,10.0,17.641,6.273,14.67584965524226,23.40451327604427,
pseudo,Alaska,2,0.0,6803,model,stefan_cci,catboost,stefan,10.0,18.335,4.733,14.89583574995743,26.328262398153623,
pseudo,Alaska,2,0.25,6803,model,stefan_cci,catboost,stefan,10.0,18.055,4.998,14.794419564283986,25.602267147814576,
pseudo,Alaska,2,0.5,6803,model,stefan_cci,catboost,stefan,10.0,17.832,5.263,14.751795796582076,24.75025179444798,
pseudo,Alaska,2,0.75,6803,model,stefan_cci,catboost,stefan,10.0,17.666,5.528,14.735320620105899,24.014873182020793,
pseudo,Alaska,2,1.0,6803,model,stefan_cci,catboost,stefan,10.0,17.56,5.793,14.735948073607402,23.52272827111748,
pseudo,Alaska,0,0.0,6803,model,stefan_cci,catboost,stefan_cci,1.0,18.335,4.733,14.652187465093332,25.6578468471697,
pseudo,Alaska,0,0.25,6803,model,stefan_cci,catboost,stefan_cci,1.0,17.928,4.503,14.321957288802084,24.595206548819434,
pseudo,Alaska,0,0.5,6803,model,stefan_cci,catboost,stefan_cci,1.0,17.567,4.274,14.089940797993203,23.569234416438427,
pseudo,Alaska,0,0.75,6803,model,stefan_cci,catboost,stefan_cci,1.0,17.257,4.045,13.830924522247974,22.904473366764844,
pseudo,Alaska,0,1.0,6803,model,stefan_cci,catboost,stefan_cci,1.0,17.0,3.816,13.5787950846956,22.25450228797656,
pseudo,Alaska,1,0.0,6803,model,stefan_cci,catboost,stefan_cci,1.0,18.335,4.733,14.551537172075614,26.569713804307096,
pseudo,Alaska,1,0.25,6803,model,stefan_cci,catboost,stefan_cci,1.0,17.946,4.612,14.339737082291196,25.514307512560418,
pseudo,Alaska,1,0.5,6803,model,stefan_cci,catboost,stefan_cci,1.0,17.61,4.492,14.171410601672608,24.603283266208173,
pseudo,Alaska,1,0.75,6803,model,stefan_cci,catboost,stefan_cci,1.0,17.328,4.371,14.062649183377559,23.7383254680562,
pseudo,Alaska,1,1.0,6803,model,stefan_cci,catboost,stefan_cci,1.0,17.105,4.251,13.823363523472905,23.02518516392824,
pseudo,Alaska,2,0.0,6803,model,stefan_cci,catboost,stefan_cci,1.0,18.335,4.733,14.89583574995743,26.328262398153623,
pseudo,Alaska,2,0.25,6803,model,stefan_cci,catboost,stefan_cci,1.0,17.928,4.392,14.52635493976339,25.385928668527722,
pseudo,Alaska,2,0.5,6803,model,stefan_cci,catboost,stefan_cci,1.0,17.572,4.052,14.197859702105772,24.500692105903745,
pseudo,Alaska,2,0.75,6803,model,stefan_cci,catboost,stefan_cci,1.0,17.271,3.712,13.853039333675904,23.86133780760344,
pseudo,Alaska,2,1.0,6803,model,stefan_cci,catboost,stefan_cci,1.0,17.029,3.372,13.625533509414753,23.279361075528936,
pseudo,Alaska,0,0.0,6803,model,stefan_cci,catboost,const,5.0,18.335,4.733,14.652187465093332,25.6578468471697,
pseudo,Alaska,0,0.25,6803,model,stefan_cci,catboost,const,5.0,17.12,0.914,13.637580406553345,23.287131936988985,
pseudo,Alaska,0,0.5,6803,model,stefan_cci,catboost,const,5.0,17.05,-2.905,13.934331367337593,21.840363940414033,
pseudo,Alaska,0,0.75,6803,model,stefan_cci,catboost,const,5.0,18.137,-6.724,15.483959449451566,21.995973282195568,
pseudo,Alaska,0,1.0,6803,model,stefan_cci,catboost,const,5.0,20.196,-10.542,16.612162866876616,23.97037647878466,
pseudo,Alaska,1,0.0,6803,model,stefan_cci,catboost,const,5.0,18.335,4.733,14.551537172075614,26.569713804307096,
pseudo,Alaska,1,0.25,6803,model,stefan_cci,catboost,const,5.0,17.157,0.577,13.78536765172846,23.572254612762883,
pseudo,Alaska,1,0.5,6803,model,stefan_cci,catboost,const,5.0,17.347,-3.579,14.533743984707113,22.131160491256196,
pseudo,Alaska,1,0.75,6803,model,stefan_cci,catboost,const,5.0,18.863,-7.735,16.270898544957387,22.87456229744774,
pseudo,Alaska,1,1.0,6803,model,stefan_cci,catboost,const,5.0,21.426,-11.891,17.398774753465936,25.062125758150366,
pseudo,Alaska,2,0.0,6803,model,stefan_cci,catboost,const,5.0,18.335,4.733,14.89583574995743,26.328262398153623,
pseudo,Alaska,2,0.25,6803,model,stefan_cci,catboost,const,5.0,17.113,0.877,13.92738902255449,23.46011340188619,
pseudo,Alaska,2,0.5,6803,model,stefan_cci,catboost,const,5.0,17.065,-2.978,14.186815051101808,22.25910750649467,
pseudo,Alaska,2,0.75,6803,model,stefan_cci,catboost,const,5.0,18.202,-6.834,15.617495088051184,22.271547850734173,
pseudo,Alaska,2,1.0,6803,model,stefan_cci,catboost,const,5.0,20.325,-10.689,16.90252257931248,24.33233381556993,
pseudo,Alaska,0,0.0,6803,model,stefan_cci,mlp,stefan,5.0,18.335,4.733,14.652187465093332,25.6578468471697,
pseudo,Alaska,0,0.25,6803,model,stefan_cci,mlp,stefan,5.0,18.151,5.501,14.715450301560887,24.85269617313125,
pseudo,Alaska,0,0.5,6803,model,stefan_cci,mlp,stefan,5.0,18.074,6.269,14.877264541195641,24.029940846524166,
pseudo,Alaska,0,0.75,6803,model,stefan_cci,mlp,stefan,5.0,18.106,7.037,15.135157198391667,23.34527008136333,
pseudo,Alaska,0,1.0,6803,model,stefan_cci,mlp,stefan,5.0,18.246,7.806,15.746038565322054,22.71205755434771,
pseudo,Alaska,1,0.0,6803,model,stefan_cci,mlp,stefan,5.0,18.335,4.733,14.551537172075614,26.569713804307096,
pseudo,Alaska,1,0.25,6803,model,stefan_cci,mlp,stefan,5.0,18.072,5.531,14.612779211585538,25.627698407772787,
pseudo,Alaska,1,0.5,6803,model,stefan_cci,mlp,stefan,5.0,17.917,6.33,14.763755462503282,24.75737497251097,
pseudo,Alaska,1,0.75,6803,model,stefan_cci,mlp,stefan,5.0,17.871,7.129,15.088141491647345,24.128160191766394,
pseudo,Alaska,1,1.0,6803,model,stefan_cci,mlp,stefan,5.0,17.936,7.928,15.41549211014705,23.54672942266132,
pseudo,Alaska,2,0.0,6803,model,stefan_cci,mlp,stefan,5.0,18.335,4.733,14.89583574995743,26.328262398153623,
pseudo,Alaska,2,0.25,6803,model,stefan_cci,mlp,stefan,5.0,18.1,5.516,14.973300206858,25.51070444109518,
pseudo,Alaska,2,0.5,6803,model,stefan_cci,mlp,stefan,5.0,17.975,6.299,15.21479206095185,24.560679012801867,
pseudo,Alaska,2,0.75,6803,model,stefan_cci,mlp,stefan,5.0,17.965,7.082,15.526270667733645,23.831505783925145,
pseudo,Alaska,2,1.0,6803,model,stefan_cci,mlp,stefan,5.0,18.069,7.865,15.950503828318002,23.28017626604118,
pseudo,Alaska,0,0.0,6803,model,stefan_cci,mlp,cci,10.0,18.335,4.733,14.652187465093332,25.6578468471697,
pseudo,Alaska,0,0.25,6803,model,stefan_cci,mlp,cci,10.0,18.414,3.905,14.532227994335845,25.982343365867518,
pseudo,Alaska,0,0.5,6803,model,stefan_cci,mlp,cci,10.0,18.554,3.077,14.449360435310444,26.49151875918509,
pseudo,Alaska,0,0.75,6803,model,stefan_cci,mlp,cci,10.0,18.751,2.249,14.479734100667207,27.048024165289217,
pseudo,Alaska,0,1.0,6803,model,stefan_cci,mlp,cci,10.0,19.005,1.421,14.585969300720759,27.749041389380785,
pseudo,Alaska,1,0.0,6803,model,stefan_cci,mlp,cci,10.0,18.335,4.733,14.551537172075614,26.569713804307096,
pseudo,Alaska,1,0.25,6803,model,stefan_cci,mlp,cci,10.0,18.418,3.94,14.511872666769333,26.98677764919282,
pseudo,Alaska,1,0.5,6803,model,stefan_cci,mlp,cci,10.0,18.564,3.148,14.50094934395046,27.408507597750003,
pseudo,Alaska,1,0.75,6803,model,stefan_cci,mlp,cci,10.0,18.772,2.356,14.525314042429986,27.949912513903893,
pseudo,Alaska,1,1.0,6803,model,stefan_cci,mlp,cci,10.0,19.04,1.564,14.663688781207695,28.523123230585725,
pseudo,Alaska,2,0.0,6803,model,stefan_cci,mlp,cci,10.0,18.335,4.733,14.89583574995743,26.328262398153623,
pseudo,Alaska,2,0.25,6803,model,stefan_cci,mlp,cci,10.0,18.456,4.112,14.919831255185557,26.799564304943726,
pseudo,Alaska,2,0.5,6803,model,stefan_cci,mlp,cci,10.0,18.616,3.491,15.01487920853245,27.317462735113086,
pseudo,Alaska,2,0.75,6803,model,stefan_cci,mlp,cci,10.0,18.816,2.87,15.074966558861819,27.87936563914354,
pseudo,Alaska,2,1.0,6803,model,stefan_cci,mlp,cci,10.0,19.052,2.249,15.125816119032617,28.48267346403444,
pseudo,Alaska,0,0.0,6803,model,stefan_cci,mlp,const,1.0,18.335,4.733,14.652187465093332,25.6578468471697,
pseudo,Alaska,0,0.25,6803,model,stefan_cci,mlp,const,1.0,17.057,0.9,13.639150982854359,22.97856522726597,
pseudo,Alaska,0,0.5,6803,model,stefan_cci,mlp,const,1.0,16.994,-2.933,14.133393034068904,21.250569736511768,
pseudo,Alaska,0,0.75,6803,model,stefan_cci,mlp,const,1.0,18.158,-6.766,15.89884490958843,21.275278185829446,
pseudo,Alaska,0,1.0,6803,model,stefan_cci,mlp,const,1.0,20.341,-10.599,17.131938458246005,23.34072105675623,
pseudo,Alaska,1,0.0,6803,model,stefan_cci,mlp,const,1.0,18.335,4.733,14.551537172075614,26.569713804307096,
pseudo,Alaska,1,0.25,6803,model,stefan_cci,mlp,const,1.0,17.164,0.882,13.779757753631383,23.779374513927607,
pseudo,Alaska,1,0.5,6803,model,stefan_cci,mlp,const,1.0,17.118,-2.968,14.284597988728555,22.080209532180874,
pseudo,Alaska,1,0.75,6803,model,stefan_cci,mlp,const,1.0,18.206,-6.818,16.00008299401343,21.611961066757054,
pseudo,Alaska,1,1.0,6803,model,stefan_cci,mlp,const,1.0,20.245,-10.669,17.320084495101263,23.127374179922455,
pseudo,Alaska,2,0.0,6803,model,stefan_cci,mlp,const,1.0,18.335,4.733,14.89583574995743,26.328262398153623,
pseudo,Alaska,2,0.25,6803,model,stefan_cci,mlp,const,1.0,17.113,1.321,13.84540135086559,23.47241849022252,
pseudo,Alaska,2,0.5,6803,model,stefan_cci,mlp,const,1.0,16.828,-2.09,13.741411056035822,22.153470685958222,
pseudo,Alaska,2,0.75,6803,model,stefan_cci,mlp,const,1.0,17.527,-5.501,14.86447452945442,21.807332485090388,
pseudo,Alaska,2,1.0,6803,model,stefan_cci,mlp,const,1.0,19.101,-8.913,16.070236508010588,23.114234050791065,
