est,variant,rule,scope,n,lam,vs,region_set,n_targets,complete,targets,delta,ci_lo,ci_hi,n_targets_improved
shrink_k10,E+res,none,n0,0,0.25,phys,AB4,4,True,"Lena,Canada,Russia_W,Russia_E",-0.11376000806267418,-0.706011943936936,0.19201046505635527,2
shrink_k10,E+res,none,n0,0,0.25,phys,ALL,15,True,"Lena,Canada,Russia_W,Russia_E,AL-1,AL-2,AL-3,AL-4,AL-5,AL-6,CA-1,CA-2,CA-3,LE-1,LE-2",0.06031535124477981,-0.12191171806164987,0.3028898537020453,9
shrink_k10,E+res,none,n0,0,0.5,phys,AB4,4,True,"Lena,Canada,Russia_W,Russia_E",0.02388644748143748,-1.0073848978519444,0.6941791076842075,2
shrink_k10,E+res,none,n0,0,0.5,phys,ALL,15,True,"Lena,Canada,Russia_W,Russia_E,AL-1,AL-2,AL-3,AL-4,AL-5,AL-6,CA-1,CA-2,CA-3,LE-1,LE-2",0.6638062980598882,0.31422319229393675,1.113753445768337,7
mixed_boost,E,none,n0,0,0.0,phys,AB4,4,True,"Lena,Canada,Russia_W,Russia_E",16.356339394528664,10.873480914570967,20.193163625608545,0
mixed_boost,E,none,n0,0,0.0,phys,ALL,15,True,"Lena,Canada,Russia_W,Russia_E,AL-1,AL-2,AL-3,AL-4,AL-5,AL-6,CA-1,CA-2,CA-3,LE-1,LE-2",13.257510944069415,11.065999408838458,15.131697845223036,2
mixed_boost,E+res,none,n0,0,0.25,phys,AB4,4,True,"Lena,Canada,Russia_W,Russia_E",16.320007761966636,10.762493739611104,20.22585710075451,0
mixed_boost,E+res,none,n0,0,0.25,phys,ALL,15,True,"Lena,Canada,Russia_W,Russia_E,AL-1,AL-2,AL-3,AL-4,AL-5,AL-6,CA-1,CA-2,CA-3,LE-1,LE-2",13.195915269123322,11.017742234979245,15.118064528560584,2
mixed_boost,E+res,none,n0,0,0.25,shrink,AB4,4,True,"Lena,Canada,Russia_W,Russia_E",16.433767770029313,10.983485176664676,20.393627070660095,0
mixed_boost,E+res,none,n0,0,0.25,shrink,ALL,15,True,"Lena,Canada,Russia_W,Russia_E,AL-1,AL-2,AL-3,AL-4,AL-5,AL-6,CA-1,CA-2,CA-3,LE-1,LE-2",13.135599917878542,10.95274813868826,15.023184356864164,1
mixed_boost,E+res,none,n0,0,0.5,phys,AB4,4,True,"Lena,Canada,Russia_W,Russia_E",16.28718666756575,10.673433712752832,20.268039622927216,0
mixed_boost,E+res,none,n0,0,0.5,phys,ALL,15,True,"Lena,Canada,Russia_W,Russia_E,AL-1,AL-2,AL-3,AL-4,AL-5,AL-6,CA-1,CA-2,CA-3,LE-1,LE-2",13.140010335901605,10.97267420914269,15.123717729851636,2
mixed_boost,E+res,none,n0,0,0.5,shrink,AB4,4,True,"Lena,Canada,Russia_W,Russia_E",16.263300220084314,10.849755238955387,20.330939636871456,0
mixed_boost,E+res,none,n0,0,0.5,shrink,ALL,15,True,"Lena,Canada,Russia_W,Russia_E,AL-1,AL-2,AL-3,AL-4,AL-5,AL-6,CA-1,CA-2,CA-3,LE-1,LE-2",12.476204037841718,10.357897094132863,14.394809416921165,2
shrink_k10,E,all,allA,-1,0.0,phys,AB4,4,True,"Lena,Canada,Russia_W,Russia_E",-2.411438405330173,-3.609205078207063,-1.184947496357896,3
shrink_k10,E,all,allA,-1,0.0,phys,ALL,15,True,"Lena,Canada,Russia_W,Russia_E,AL-1,AL-2,AL-3,AL-4,AL-5,AL-6,CA-1,CA-2,CA-3,LE-1,LE-2",-1.170275629453384,-1.6403513628753659,-0.517339124508602,9
offset_mle,E,all,allA,-1,0.0,phys,AB4,4,True,"Lena,Canada,Russia_W,Russia_E",-1.8573995741331346,-3.7504805932760172,-0.13797375257559694,3
offset_mle,E,all,allA,-1,0.0,phys,ALL,15,True,"Lena,Canada,Russia_W,Russia_E,AL-1,AL-2,AL-3,AL-4,AL-5,AL-6,CA-1,CA-2,CA-3,LE-1,LE-2",-1.0979854148596855,-1.7699769036457804,-0.2411235991771703,7
offset_mle,E,all,allA,-1,0.0,shrink,AB4,4,True,"Lena,Canada,Russia_W,Russia_E",0.5540388311970379,-0.20625852608863807,1.2447170144751847,2
offset_mle,E,all,allA,-1,0.0,shrink,ALL,15,True,"Lena,Canada,Russia_W,Russia_E,AL-1,AL-2,AL-3,AL-4,AL-5,AL-6,CA-1,CA-2,CA-3,LE-1,LE-2",0.0722902145936982,-0.2969965714991932,0.47169273813303525,8
ppi,E,all,allA,-1,0.0,phys,AB4,4,True,"Lena,Canada,Russia_W,Russia_E",-1.788256401755977,-3.75090118913879,0.015108339143451286,3
ppi,E,all,allA,-1,0.0,phys,ALL,15,True,"Lena,Canada,Russia_W,Russia_E,AL-1,AL-2,AL-3,AL-4,AL-5,AL-6,CA-1,CA-2,CA-3,LE-1,LE-2",-0.7522114712341903,-1.4469213910068297,0.1454018892539984,6
ppi,E,all,allA,-1,0.0,shrink,AB4,4,True,"Lena,Canada,Russia_W,Russia_E",0.6231820035741958,-0.21126531994739645,1.3899823363090873,1
ppi,E,all,allA,-1,0.0,shrink,ALL,15,True,"Lena,Canada,Russia_W,Russia_E,AL-1,AL-2,AL-3,AL-4,AL-5,AL-6,CA-1,CA-2,CA-3,LE-1,LE-2",0.4180641582191935,-0.02236927820933541,0.8993126825591754,7
offset_mle30,E,all,allA,-1,0.0,phys,AB4,4,True,"Lena,Canada,Russia_W,Russia_E",-1.7228642040487951,-3.120758894622371,-0.4573837250826213,3
offset_mle30,E,all,allA,-1,0.0,phys,ALL,15,True,"Lena,Canada,Russia_W,Russia_E,AL-1,AL-2,AL-3,AL-4,AL-5,AL-6,CA-1,CA-2,CA-3,LE-1,LE-2",-1.3108792520065264,-1.9552830004902972,-0.5568017703909685,7
offset_mle30,E,all,allA,-1,0.0,shrink,AB4,4,True,"Lena,Canada,Russia_W,Russia_E",0.6885742012813778,0.19102322298040655,1.0540033045916852,1
offset_mle30,E,all,allA,-1,0.0,shrink,ALL,15,True,"Lena,Canada,Russia_W,Russia_E,AL-1,AL-2,AL-3,AL-4,AL-5,AL-6,CA-1,CA-2,CA-3,LE-1,LE-2",-0.1406036225531427,-0.43921180133047627,0.14197423058218275,8
offset_ls,E,all,allA,-1,0.0,phys,AB4,4,True,"Lena,Canada,Russia_W,Russia_E",-2.2135269354560565,-4.032944086197778,-0.27574063440850577,3
offset_ls,E,all,allA,-1,0.0,phys,ALL,15,True,"Lena,Canada,Russia_W,Russia_E,AL-1,AL-2,AL-3,AL-4,AL-5,AL-6,CA-1,CA-2,CA-3,LE-1,LE-2",-1.152436658809884,-1.7578465275187705,-0.34580544988412004,9
offset_ls,E,all,allA,-1,0.0,shrink,AB4,4,True,"Lena,Canada,Russia_W,Russia_E",0.19791146987411645,-0.5862540102229938,1.024871810641796,1
offset_ls,E,all,allA,-1,0.0,shrink,ALL,15,True,"Lena,Canada,Russia_W,Russia_E,AL-1,AL-2,AL-3,AL-4,AL-5,AL-6,CA-1,CA-2,CA-3,LE-1,LE-2",0.01783897064350002,-0.2681444553490331,0.3355030619816291,5
mixed_boost,E,all,allA,-1,0.0,phys,AB4,4,True,"Lena,Canada,Russia_W,Russia_E",2.3933065117096115,0.4136302724323714,7.602014820615092,1
mixed_boost,E,all,allA,-1,0.0,phys,ALL,15,True,"Lena,Canada,Russia_W,Russia_E,AL-1,AL-2,AL-3,AL-4,AL-5,AL-6,CA-1,CA-2,CA-3,LE-1,LE-2",4.160343282279772,3.0236873670884163,7.0505493206709335,2
mixed_boost,E,all,allA,-1,0.0,shrink,AB4,4,True,"Lena,Canada,Russia_W,Russia_E",4.804744917039784,2.9286716056957336,9.753585394963302,0
mixed_boost,E,all,allA,-1,0.0,shrink,ALL,15,True,"Lena,Canada,Russia_W,Russia_E,AL-1,AL-2,AL-3,AL-4,AL-5,AL-6,CA-1,CA-2,CA-3,LE-1,LE-2",5.330618911733156,4.319752085991321,8.005132432054237,0
shrink_k10,E+res,all,allA,-1,0.25,phys,AB4,4,True,"Lena,Canada,Russia_W,Russia_E",-2.73355859958401,-4.093662242215166,-1.5270171583675096,2
shrink_k10,E+res,all,allA,-1,0.25,phys,ALL,15,True,"Lena,Canada,Russia_W,Russia_E,AL-1,AL-2,AL-3,AL-4,AL-5,AL-6,CA-1,CA-2,CA-3,LE-1,LE-2",-1.5268641723487373,-1.9619871132550757,-0.8661420094535781,7
shrink_k10,E+res,all,allA,-1,0.5,phys,AB4,4,True,"Lena,Canada,Russia_W,Russia_E",-2.829618378013904,-4.387191842517278,-1.5947071392618364,2
shrink_k10,E+res,all,allA,-1,0.5,phys,ALL,15,True,"Lena,Canada,Russia_W,Russia_E,AL-1,AL-2,AL-3,AL-4,AL-5,AL-6,CA-1,CA-2,CA-3,LE-1,LE-2",-1.7014881333950551,-2.147144345487774,-0.9383497052386343,6
offset_mle,E+res,all,allA,-1,0.25,phys,AB4,4,True,"Lena,Canada,Russia_W,Russia_E",-2.3886512486303877,-4.353048694381545,-0.8434138867804145,2
offset_mle,E+res,all,allA,-1,0.25,phys,ALL,15,True,"Lena,Canada,Russia_W,Russia_E,AL-1,AL-2,AL-3,AL-4,AL-5,AL-6,CA-1,CA-2,CA-3,LE-1,LE-2",-1.364154736822501,-2.0314985055714887,-0.47712474163037505,8
offset_mle,E+res,all,allA,-1,0.25,shrink,AB4,4,True,"Lena,Canada,Russia_W,Russia_E",0.3449073509536216,-0.3744883973439179,0.9306413523149871,2
offset_mle,E+res,all,allA,-1,0.25,shrink,ALL,15,True,"Lena,Canada,Russia_W,Russia_E,AL-1,AL-2,AL-3,AL-4,AL-5,AL-6,CA-1,CA-2,CA-3,LE-1,LE-2",0.16270943552623557,-0.1990815609669097,0.5658735155563034,8
offset_mle,E+res,all,allA,-1,0.5,phys,AB4,4,True,"Lena,Canada,Russia_W,Russia_E",-2.6504354677517443,-4.7480388986727196,-1.096668280736609,2
offset_mle,E+res,all,allA,-1,0.5,phys,ALL,15,True,"Lena,Canada,Russia_W,Russia_E,AL-1,AL-2,AL-3,AL-4,AL-5,AL-6,CA-1,CA-2,CA-3,LE-1,LE-2",-1.4251874317220166,-2.106832681102322,-0.4470976696358441,8
offset_mle,E+res,all,allA,-1,0.5,shrink,AB4,4,True,"Lena,Canada,Russia_W,Russia_E",0.17918291026215954,-0.5007210186745721,0.6819978113476987,2
offset_mle,E+res,all,allA,-1,0.5,shrink,ALL,15,True,"Lena,Canada,Russia_W,Russia_E,AL-1,AL-2,AL-3,AL-4,AL-5,AL-6,CA-1,CA-2,CA-3,LE-1,LE-2",0.27630070167303883,-0.10500617655117715,0.6679430851161738,9
ppi,E+res,all,allA,-1,0.25,phys,AB4,4,True,"Lena,Canada,Russia_W,Russia_E",-2.34643521606519,-4.366129527627349,-0.7201408487505887,2
ppi,E+res,all,allA,-1,0.25,phys,ALL,15,True,"Lena,Canada,Russia_W,Russia_E,AL-1,AL-2,AL-3,AL-4,AL-5,AL-6,CA-1,CA-2,CA-3,LE-1,LE-2",-1.0060364588287674,-1.7047063724129767,-0.09108266089794237,6
ppi,E+res,all,allA,-1,0.25,shrink,AB4,4,True,"Lena,Canada,Russia_W,Russia_E",0.38712338351882003,-0.39390056264568984,1.0601567981648838,2
ppi,E+res,all,allA,-1,0.25,shrink,ALL,15,True,"Lena,Canada,Russia_W,Russia_E,AL-1,AL-2,AL-3,AL-4,AL-5,AL-6,CA-1,CA-2,CA-3,LE-1,LE-2",0.5208277135199698,0.09054625255700224,0.9906350181134854,8
ppi,E+res,all,allA,-1,0.5,phys,AB4,4,True,"Lena,Canada,Russia_W,Russia_E",-2.644608060705741,-4.780912993871373,-1.042310547922289,2
ppi,E+res,all,allA,-1,0.5,phys,ALL,15,True,"Lena,Canada,Russia_W,Russia_E,AL-1,AL-2,AL-3,AL-4,AL-5,AL-6,CA-1,CA-2,CA-3,LE-1,LE-2",-1.0595787806287449,-1.7725094668237242,-0.029208479719017036,6
ppi,E+res,all,allA,-1,0.5,shrink,AB4,4,True,"Lena,Canada,Russia_W,Russia_E",0.18501031730816297,-0.5477455893022645,0.7603168762759491,2
ppi,E+res,all,allA,-1,0.5,shrink,ALL,15,True,"Lena,Canada,Russia_W,Russia_E,AL-1,AL-2,AL-3,AL-4,AL-5,AL-6,CA-1,CA-2,CA-3,LE-1,LE-2",0.6419093527663102,0.20885337723443106,1.091910597045387,8
offset_mle30,E+res,all,allA,-1,0.25,phys,AB4,4,True,"Lena,Canada,Russia_W,Russia_E",-2.1727844273396286,-3.72897217297603,-1.0462323818492598,2
offset_mle30,E+res,all,allA,-1,0.25,phys,ALL,15,True,"Lena,Canada,Russia_W,Russia_E,AL-1,AL-2,AL-3,AL-4,AL-5,AL-6,CA-1,CA-2,CA-3,LE-1,LE-2",-1.5358329866787546,-2.097594934542197,-0.7791620998316376,7
offset_mle30,E+res,all,allA,-1,0.25,shrink,AB4,4,True,"Lena,Canada,Russia_W,Russia_E",0.5607741722443815,0.09225726459157516,0.8271948211745638,1
offset_mle30,E+res,all,allA,-1,0.25,shrink,ALL,15,True,"Lena,Canada,Russia_W,Russia_E,AL-1,AL-2,AL-3,AL-4,AL-5,AL-6,CA-1,CA-2,CA-3,LE-1,LE-2",-0.008968814330017423,-0.303210435812081,0.28846274612980183,7
offset_mle30,E+res,all,allA,-1,0.5,phys,AB4,4,True,"Lena,Canada,Russia_W,Russia_E",-2.3662895679537606,-4.086338531344439,-1.2382473028699854,2
offset_mle30,E+res,all,allA,-1,0.5,phys,ALL,15,True,"Lena,Canada,Russia_W,Russia_E,AL-1,AL-2,AL-3,AL-4,AL-5,AL-6,CA-1,CA-2,CA-3,LE-1,LE-2",-1.5593985313282244,-2.1146009467518003,-0.7044860125151831,8
offset_mle30,E+res,all,allA,-1,0.5,shrink,AB4,4,True,"Lena,Canada,Russia_W,Russia_E",0.4633288100601435,0.028517510382848266,0.6738495053612326,1
offset_mle30,E+res,all,allA,-1,0.5,shrink,ALL,15,True,"Lena,Canada,Russia_W,Russia_E,AL-1,AL-2,AL-3,AL-4,AL-5,AL-6,CA-1,CA-2,CA-3,LE-1,LE-2",0.14208960206683113,-0.1495545833027498,0.4175464493209597,8
mixed_boost,E+res,all,allA,-1,0.25,phys,AB4,4,True,"Lena,Canada,Russia_W,Russia_E",2.3592837619217746,0.366116621167769,7.596474574943982,1
mixed_boost,E+res,all,allA,-1,0.25,phys,ALL,15,True,"Lena,Canada,Russia_W,Russia_E,AL-1,AL-2,AL-3,AL-4,AL-5,AL-6,CA-1,CA-2,CA-3,LE-1,LE-2",4.186290518784782,3.0469994817230535,7.053911567890076,2
mixed_boost,E+res,all,allA,-1,0.25,shrink,AB4,4,True,"Lena,Canada,Russia_W,Russia_E",5.0928423615057845,3.405703057753182,10.248769334025829,0
mixed_boost,E+res,all,allA,-1,0.25,shrink,ALL,15,True,"Lena,Canada,Russia_W,Russia_E,AL-1,AL-2,AL-3,AL-4,AL-5,AL-6,CA-1,CA-2,CA-3,LE-1,LE-2",5.71315469113352,4.738312278584912,8.30629993441576,0
mixed_boost,E+res,all,allA,-1,0.5,phys,AB4,4,True,"Lena,Canada,Russia_W,Russia_E",2.332448315718045,0.31065441834295215,7.590317231738039,1
mixed_boost,E+res,all,allA,-1,0.5,phys,ALL,15,True,"Lena,Canada,Russia_W,Russia_E,AL-1,AL-2,AL-3,AL-4,AL-5,AL-6,CA-1,CA-2,CA-3,LE-1,LE-2",4.2199734438538234,3.071632004565036,7.0815775395144716,2
mixed_boost,E+res,all,allA,-1,0.5,shrink,AB4,4,True,"Lena,Canada,Russia_W,Russia_E",5.162066693731949,3.635750697399535,10.181820959214383,0
mixed_boost,E+res,all,allA,-1,0.5,shrink,ALL,15,True,"Lena,Canada,Russia_W,Russia_E,AL-1,AL-2,AL-3,AL-4,AL-5,AL-6,CA-1,CA-2,CA-3,LE-1,LE-2",5.92146157724888,4.956605406495207,8.425143300623809,0
shrink_k10,E,random,n,3,0.0,phys,AB4,4,True,"Lena,Canada,Russia_W,Russia_E",-1.456148604819966,-1.7741218517029433,-1.018962908325493,3
shrink_k10,E,random,n,3,0.0,phys,ALL,14,False,"Lena,Canada,Russia_W,Russia_E,AL-1,AL-2,AL-3,AL-4,AL-5,AL-6,CA-2,CA-3,LE-1,LE-2",-0.617509943886894,-0.7436458502641725,-0.372488465263741,6
offset_mle,E,random,n,3,0.0,phys,AB4,4,True,"Lena,Canada,Russia_W,Russia_E",-1.3423838378167352,-2.6562648656023513,0.09877870647676673,2
offset_mle,E,random,n,3,0.0,phys,ALL,14,False,"Lena,Canada,Russia_W,Russia_E,AL-1,AL-2,AL-3,AL-4,AL-5,AL-6,CA-2,CA-3,LE-1,LE-2",0.329197775869449,-0.10121619787201397,1.1536889440513456,5
offset_mle,E,random,n,3,0.0,shrink,AB4,4,True,"Lena,Canada,Russia_W,Russia_E",0.11376476700323077,-0.9666211548247654,1.2223613987472575,2
offset_mle,E,random,n,3,0.0,shrink,ALL,14,False,"Lena,Canada,Russia_W,Russia_E,AL-1,AL-2,AL-3,AL-4,AL-5,AL-6,CA-2,CA-3,LE-1,LE-2",0.9467077197563428,0.614644723726417,1.5444642852618513,5
ppi,E,random,n,3,0.0,phys,AB4,4,True,"Lena,Canada,Russia_W,Russia_E",-0.3946337885990668,-2.091315471745315,1.4038116965191614,1
ppi,E,random,n,3,0.0,phys,ALL,14,False,"Lena,Canada,Russia_W,Russia_E,AL-1,AL-2,AL-3,AL-4,AL-5,AL-6,CA-2,CA-3,LE-1,LE-2",1.3726177113840712,0.8635655643981395,2.3528456915664115,4
ppi,E,random,n,3,0.0,shrink,AB4,4,True,"Lena,Canada,Russia_W,Russia_E",1.0615148162208994,-0.34123397431949587,2.5128931419187075,1
ppi,E,random,n,3,0.0,shrink,ALL,14,False,"Lena,Canada,Russia_W,Russia_E,AL-1,AL-2,AL-3,AL-4,AL-5,AL-6,CA-2,CA-3,LE-1,LE-2",1.9901276552709646,1.5691445734611233,2.753543322011882,3
offset_mle30,E,random,n,3,0.0,phys,AB4,4,True,"Lena,Canada,Russia_W,Russia_E",-0.6378711716896264,-1.3399379987520688,0.144586788856716,3
offset_mle30,E,random,n,3,0.0,phys,ALL,14,False,"Lena,Canada,Russia_W,Russia_E,AL-1,AL-2,AL-3,AL-4,AL-5,AL-6,CA-2,CA-3,LE-1,LE-2",0.00939441237511288,-0.3074967833269399,0.612502373287966,6
offset_mle30,E,random,n,3,0.0,shrink,AB4,4,True,"Lena,Canada,Russia_W,Russia_E",0.8182774331303398,0.36257308254130977,1.2394818805598493,1
offset_mle30,E,random,n,3,0.0,shrink,ALL,14,False,"Lena,Canada,Russia_W,Russia_E,AL-1,AL-2,AL-3,AL-4,AL-5,AL-6,CA-2,CA-3,LE-1,LE-2",0.6269043562620068,0.4217740015860003,1.0164271148355675,4
offset_ls,E,random,n,3,0.0,phys,AB4,4,True,"Lena,Canada,Russia_W,Russia_E",-1.3633950594306465,-2.650521351104232,0.2851407323973445,1
offset_ls,E,random,n,3,0.0,phys,ALL,14,False,"Lena,Canada,Russia_W,Russia_E,AL-1,AL-2,AL-3,AL-4,AL-5,AL-6,CA-2,CA-3,LE-1,LE-2",0.5478798719912724,0.1346943077290072,1.4175249815123057,4
offset_ls,E,random,n,3,0.0,shrink,AB4,4,True,"Lena,Canada,Russia_W,Russia_E",0.09275354538931924,-0.9456337628778707,1.3930979256488902,1
offset_ls,E,random,n,3,0.0,shrink,ALL,14,False,"Lena,Canada,Russia_W,Russia_E,AL-1,AL-2,AL-3,AL-4,AL-5,AL-6,CA-2,CA-3,LE-1,LE-2",1.1653898158781661,0.848560152105641,1.7998238663365174,3
mixed_boost,E,random,n,3,0.0,phys,AB4,4,True,"Lena,Canada,Russia_W,Russia_E",11.922111032963453,7.699785356353124,14.51215859738806,1
mixed_boost,E,random,n,3,0.0,phys,ALL,14,False,"Lena,Canada,Russia_W,Russia_E,AL-1,AL-2,AL-3,AL-4,AL-5,AL-6,CA-2,CA-3,LE-1,LE-2",10.448155597557642,9.02263890119946,12.690687097469334,2
mixed_boost,E,random,n,3,0.0,shrink,AB4,4,True,"Lena,Canada,Russia_W,Russia_E",13.378259637783419,9.19407558235168,15.867613292100945,0
mixed_boost,E,random,n,3,0.0,shrink,ALL,14,False,"Lena,Canada,Russia_W,Russia_E,AL-1,AL-2,AL-3,AL-4,AL-5,AL-6,CA-2,CA-3,LE-1,LE-2",11.065665541444535,9.593102752488672,13.225001891859595,1
shrink_k10,E+res,random,n,3,0.25,phys,AB4,4,True,"Lena,Canada,Russia_W,Russia_E",-1.6613057574053733,-2.277619023465515,-1.1727966397513963,4
shrink_k10,E+res,random,n,3,0.25,phys,ALL,14,False,"Lena,Canada,Russia_W,Russia_E,AL-1,AL-2,AL-3,AL-4,AL-5,AL-6,CA-2,CA-3,LE-1,LE-2",-0.5175369824708695,-0.6966168372304911,-0.06500506822787469,7
shrink_k10,E+res,random,n,3,0.5,phys,AB4,4,True,"Lena,Canada,Russia_W,Russia_E",-1.562870397004175,-2.626688336411795,-0.7808007679114826,2
shrink_k10,E+res,random,n,3,0.5,phys,ALL,14,False,"Lena,Canada,Russia_W,Russia_E,AL-1,AL-2,AL-3,AL-4,AL-5,AL-6,CA-2,CA-3,LE-1,LE-2",-0.17107163235279113,-0.46713718111065733,0.4908180830882601,5
offset_mle,E+res,random,n,3,0.25,phys,AB4,4,True,"Lena,Canada,Russia_W,Russia_E",-1.7229849928804573,-3.200669276229627,-0.22273221284164568,3
offset_mle,E+res,random,n,3,0.25,phys,ALL,14,False,"Lena,Canada,Russia_W,Russia_E,AL-1,AL-2,AL-3,AL-4,AL-5,AL-6,CA-2,CA-3,LE-1,LE-2",0.7759832126540648,0.2777788576462296,1.8354068498715808,6
offset_mle,E+res,random,n,3,0.25,shrink,AB4,4,True,"Lena,Canada,Russia_W,Russia_E",-0.061679235475084436,-1.171430933064144,1.0630900647009869,3
offset_mle,E+res,random,n,3,0.25,shrink,ALL,14,False,"Lena,Canada,Russia_W,Russia_E,AL-1,AL-2,AL-3,AL-4,AL-5,AL-6,CA-2,CA-3,LE-1,LE-2",1.293520195124934,0.8905076379526444,1.9621321782252354,6
offset_mle,E+res,random,n,3,0.5,phys,AB4,4,True,"Lena,Canada,Russia_W,Russia_E",-1.7731694154733346,-3.433024879933015,-0.2286024374929832,2
offset_mle,E+res,random,n,3,0.5,phys,ALL,14,False,"Lena,Canada,Russia_W,Russia_E,AL-1,AL-2,AL-3,AL-4,AL-5,AL-6,CA-2,CA-3,LE-1,LE-2",1.1821950248301578,0.6776440000467805,2.338618518458325,5
offset_mle,E+res,random,n,3,0.5,shrink,AB4,4,True,"Lena,Canada,Russia_W,Russia_E",-0.21029901846915952,-1.275147250399348,0.9159308905456739,3
offset_mle,E+res,random,n,3,0.5,shrink,ALL,14,False,"Lena,Canada,Russia_W,Russia_E,AL-1,AL-2,AL-3,AL-4,AL-5,AL-6,CA-2,CA-3,LE-1,LE-2",1.3532666571829493,0.9366313135590483,1.9884013673449916,6
ppi,E+res,random,n,3,0.25,phys,AB4,4,True,"Lena,Canada,Russia_W,Russia_E",-0.9631849280608776,-2.809849186950452,0.9203483030032252,3
ppi,E+res,random,n,3,0.25,phys,ALL,14,False,"Lena,Canada,Russia_W,Russia_E,AL-1,AL-2,AL-3,AL-4,AL-5,AL-6,CA-2,CA-3,LE-1,LE-2",1.8716578671987094,1.2801324573173625,3.1012013094579776,6
ppi,E+res,random,n,3,0.25,shrink,AB4,4,True,"Lena,Canada,Russia_W,Russia_E",0.6981208293444956,-0.7779589274469567,2.2465103641670225,3
ppi,E+res,random,n,3,0.25,shrink,ALL,14,False,"Lena,Canada,Russia_W,Russia_E,AL-1,AL-2,AL-3,AL-4,AL-5,AL-6,CA-2,CA-3,LE-1,LE-2",2.3891948496695794,1.905431480813138,3.234656265962746,5
ppi,E+res,random,n,3,0.5,phys,AB4,4,True,"Lena,Canada,Russia_W,Russia_E",-1.087525884079689,-3.067159603578093,0.8570882585348764,2
ppi,E+res,random,n,3,0.5,phys,ALL,14,False,"Lena,Canada,Russia_W,Russia_E,AL-1,AL-2,AL-3,AL-4,AL-5,AL-6,CA-2,CA-3,LE-1,LE-2",2.2765689612945894,1.7167799527123329,3.578721745606188,5
ppi,E+res,random,n,3,0.5,shrink,AB4,4,True,"Lena,Canada,Russia_W,Russia_E",0.47534451292448593,-0.987620476156766,1.9546141763732714,3
ppi,E+res,random,n,3,0.5,shrink,ALL,14,False,"Lena,Canada,Russia_W,Russia_E,AL-1,AL-2,AL-3,AL-4,AL-5,AL-6,CA-2,CA-3,LE-1,LE-2",2.4476405936473804,1.9609265937524607,3.260857409349825,5
offset_mle30,E+res,random,n,3,0.25,phys,AB4,4,True,"Lena,Canada,Russia_W,Russia_E",-1.2500450923705684,-2.0493153167133773,-0.47198154469409254,3
offset_mle30,E+res,random,n,3,0.25,phys,ALL,14,False,"Lena,Canada,Russia_W,Russia_E,AL-1,AL-2,AL-3,AL-4,AL-5,AL-6,CA-2,CA-3,LE-1,LE-2",0.27218377646178055,-0.06563092085029731,1.132351171026922,6
offset_mle30,E+res,random,n,3,0.25,shrink,AB4,4,True,"Lena,Canada,Russia_W,Russia_E",0.41126066503480463,-0.008012060975895054,0.8889798298972952,2
offset_mle30,E+res,random,n,3,0.25,shrink,ALL,14,False,"Lena,Canada,Russia_W,Russia_E,AL-1,AL-2,AL-3,AL-4,AL-5,AL-6,CA-2,CA-3,LE-1,LE-2",0.78972075893265,0.515321957030959,1.2520126137771226,6
offset_mle30,E+res,random,n,3,0.5,phys,AB4,4,True,"Lena,Canada,Russia_W,Russia_E",-1.2315973866669891,-2.3723318311739763,-0.261412129949109,2
offset_mle30,E+res,random,n,3,0.5,phys,ALL,14,False,"Lena,Canada,Russia_W,Russia_E,AL-1,AL-2,AL-3,AL-4,AL-5,AL-6,CA-2,CA-3,LE-1,LE-2",0.6673221623042211,0.28858614128819177,1.6387652218323352,5
offset_mle30,E+res,random,n,3,0.5,shrink,AB4,4,True,"Lena,Canada,Russia_W,Russia_E",0.3312730103371857,-0.07006631988420736,0.7834144104335653,2
offset_mle30,E+res,random,n,3,0.5,shrink,ALL,14,False,"Lena,Canada,Russia_W,Russia_E,AL-1,AL-2,AL-3,AL-4,AL-5,AL-6,CA-2,CA-3,LE-1,LE-2",0.8383937946570124,0.5446223481622247,1.2857261265140234,5
mixed_boost,E+res,random,n,3,0.25,phys,AB4,4,True,"Lena,Canada,Russia_W,Russia_E",8.057507703957445,4.782261908344594,10.759522648699678,1
mixed_boost,E+res,random,n,3,0.25,phys,ALL,14,False,"Lena,Canada,Russia_W,Russia_E,AL-1,AL-2,AL-3,AL-4,AL-5,AL-6,CA-2,CA-3,LE-1,LE-2",10.779093903318852,9.018954519669654,13.531238297181934,2
mixed_boost,E+res,random,n,3,0.25,shrink,AB4,4,True,"Lena,Canada,Russia_W,Russia_E",9.718813461362817,6.863975158168389,12.093873556533493,0
mixed_boost,E+res,random,n,3,0.25,shrink,ALL,14,False,"Lena,Canada,Russia_W,Russia_E,AL-1,AL-2,AL-3,AL-4,AL-5,AL-6,CA-2,CA-3,LE-1,LE-2",11.296630885789723,9.581789693778118,13.795886477931584,1
mixed_boost,E+res,random,n,3,0.5,phys,AB4,4,True,"Lena,Canada,Russia_W,Russia_E",8.010932629764765,4.754793137868301,10.698807271530471,1
mixed_boost,E+res,random,n,3,0.5,phys,ALL,14,False,"Lena,Canada,Russia_W,Russia_E,AL-1,AL-2,AL-3,AL-4,AL-5,AL-6,CA-2,CA-3,LE-1,LE-2",10.803466860957277,9.048942338326036,13.56551064746906,2
mixed_boost,E+res,random,n,3,0.5,shrink,AB4,4,True,"Lena,Canada,Russia_W,Russia_E",9.57380302676894,6.882285776813477,11.812483518289625,0
mixed_boost,E+res,random,n,3,0.5,shrink,ALL,14,False,"Lena,Canada,Russia_W,Russia_E,AL-1,AL-2,AL-3,AL-4,AL-5,AL-6,CA-2,CA-3,LE-1,LE-2",10.974538493310066,9.282914223777244,13.311304977477478,1
shrink_k10,E,kmedoid,n,3,0.0,phys,AB4,4,True,"Lena,Canada,Russia_W,Russia_E",-2.3246700314220594,-2.7832556739229557,-1.7747052838612971,4
shrink_k10,E,kmedoid,n,3,0.0,phys,ALL,14,False,"Lena,Canada,Russia_W,Russia_E,AL-1,AL-2,AL-3,AL-4,AL-5,AL-6,CA-2,CA-3,LE-1,LE-2",-0.6339139776557664,-0.8189291752102578,-0.40280260481522795,11
offset_mle,E,kmedoid,n,3,0.0,phys,AB4,4,True,"Lena,Canada,Russia_W,Russia_E",-2.539664427809619,-4.533475818284226,-0.4211205402276868,3
offset_mle,E,kmedoid,n,3,0.0,phys,ALL,14,False,"Lena,Canada,Russia_W,Russia_E,AL-1,AL-2,AL-3,AL-4,AL-5,AL-6,CA-2,CA-3,LE-1,LE-2",0.7627818914130609,0.12928100562284014,1.5047299871042221,6
offset_mle,E,kmedoid,n,3,0.0,shrink,AB4,4,True,"Lena,Canada,Russia_W,Russia_E",-0.21499439638755988,-1.8839401501687285,1.5506242519115807,3
offset_mle,E,kmedoid,n,3,0.0,shrink,ALL,14,False,"Lena,Canada,Russia_W,Russia_E,AL-1,AL-2,AL-3,AL-4,AL-5,AL-6,CA-2,CA-3,LE-1,LE-2",1.396695869068827,0.8920639856966789,1.9765686770109137,6
ppi,E,kmedoid,n,3,0.0,phys,AB4,4,True,"Lena,Canada,Russia_W,Russia_E",-0.46308462296495584,-3.0487735593137892,1.9022738382550577,2
ppi,E,kmedoid,n,3,0.0,phys,ALL,14,False,"Lena,Canada,Russia_W,Russia_E,AL-1,AL-2,AL-3,AL-4,AL-5,AL-6,CA-2,CA-3,LE-1,LE-2",2.2642445665863513,1.428018721700907,3.1129570240904507,5
ppi,E,kmedoid,n,3,0.0,shrink,AB4,4,True,"Lena,Canada,Russia_W,Russia_E",1.8615854084571035,-0.4239473332087533,4.026193357969695,1
ppi,E,kmedoid,n,3,0.0,shrink,ALL,14,False,"Lena,Canada,Russia_W,Russia_E,AL-1,AL-2,AL-3,AL-4,AL-5,AL-6,CA-2,CA-3,LE-1,LE-2",2.898158544242118,2.212724522169269,3.586338261283829,4
offset_mle30,E,kmedoid,n,3,0.0,phys,AB4,4,True,"Lena,Canada,Russia_W,Russia_E",-2.240539115162966,-2.915646098458946,-1.374766420407055,3
offset_mle30,E,kmedoid,n,3,0.0,phys,ALL,14,False,"Lena,Canada,Russia_W,Russia_E,AL-1,AL-2,AL-3,AL-4,AL-5,AL-6,CA-2,CA-3,LE-1,LE-2",0.19530734443288486,-0.15240404042107775,0.6760803916284083,8
offset_mle30,E,kmedoid,n,3,0.0,shrink,AB4,4,True,"Lena,Canada,Russia_W,Russia_E",0.08413091625909293,-0.36711877040544777,0.6209990366598971,2
offset_mle30,E,kmedoid,n,3,0.0,shrink,ALL,14,False,"Lena,Canada,Russia_W,Russia_E,AL-1,AL-2,AL-3,AL-4,AL-5,AL-6,CA-2,CA-3,LE-1,LE-2",0.8292213220886513,0.6200123985974914,1.1373756596825038,6
offset_ls,E,kmedoid,n,3,0.0,phys,AB4,4,True,"Lena,Canada,Russia_W,Russia_E",-2.09044817829448,-4.198957601173383,0.1638267330581303,3
offset_ls,E,kmedoid,n,3,0.0,phys,ALL,14,False,"Lena,Canada,Russia_W,Russia_E,AL-1,AL-2,AL-3,AL-4,AL-5,AL-6,CA-2,CA-3,LE-1,LE-2",1.195483923353746,0.5236738405014296,1.9462151717637424,7
offset_ls,E,kmedoid,n,3,0.0,shrink,AB4,4,True,"Lena,Canada,Russia_W,Russia_E",0.23422185312757934,-1.6444537773186807,2.1070855822147165,2
offset_ls,E,kmedoid,n,3,0.0,shrink,ALL,14,False,"Lena,Canada,Russia_W,Russia_E,AL-1,AL-2,AL-3,AL-4,AL-5,AL-6,CA-2,CA-3,LE-1,LE-2",1.8293979010095127,1.2801468113824848,2.41809639893786,5
mixed_boost,E,kmedoid,n,3,0.0,phys,AB4,4,True,"Lena,Canada,Russia_W,Russia_E",8.288826743569464,4.981429525746813,10.686897506349128,1
mixed_boost,E,kmedoid,n,3,0.0,phys,ALL,14,False,"Lena,Canada,Russia_W,Russia_E,AL-1,AL-2,AL-3,AL-4,AL-5,AL-6,CA-2,CA-3,LE-1,LE-2",10.27606997376636,8.6888715958767,11.617831648698052,2
mixed_boost,E,kmedoid,n,3,0.0,shrink,AB4,4,True,"Lena,Canada,Russia_W,Russia_E",10.613496774991521,7.535356337606903,12.78402562558532,0
mixed_boost,E,kmedoid,n,3,0.0,shrink,ALL,14,False,"Lena,Canada,Russia_W,Russia_E,AL-1,AL-2,AL-3,AL-4,AL-5,AL-6,CA-2,CA-3,LE-1,LE-2",10.909983951422129,9.24157512886527,12.238522508761811,1
shrink_k10,E+res,kmedoid,n,3,0.25,phys,AB4,4,True,"Lena,Canada,Russia_W,Russia_E",-2.459712922307859,-3.1880753493432428,-1.8475407531943038,3
shrink_k10,E+res,kmedoid,n,3,0.25,phys,ALL,14,False,"Lena,Canada,Russia_W,Russia_E,AL-1,AL-2,AL-3,AL-4,AL-5,AL-6,CA-2,CA-3,LE-1,LE-2",-0.5545207954902206,-0.7604543902353617,-0.21594794267896797,8
shrink_k10,E+res,kmedoid,n,3,0.5,phys,AB4,4,True,"Lena,Canada,Russia_W,Russia_E",-2.4277296697079787,-3.6186357494228663,-1.6083407191773804,3
shrink_k10,E+res,kmedoid,n,3,0.5,phys,ALL,14,False,"Lena,Canada,Russia_W,Russia_E,AL-1,AL-2,AL-3,AL-4,AL-5,AL-6,CA-2,CA-3,LE-1,LE-2",-0.2478388779683479,-0.5670269945956696,0.3239614988597473,8
offset_mle,E+res,kmedoid,n,3,0.25,phys,AB4,4,True,"Lena,Canada,Russia_W,Russia_E",-2.780694039179051,-4.962900451491274,-0.8798403011886998,2
offset_mle,E+res,kmedoid,n,3,0.25,phys,ALL,14,False,"Lena,Canada,Russia_W,Russia_E,AL-1,AL-2,AL-3,AL-4,AL-5,AL-6,CA-2,CA-3,LE-1,LE-2",0.9556855906415401,0.35490068206541275,1.7116036899432794,6
offset_mle,E+res,kmedoid,n,3,0.25,shrink,AB4,4,True,"Lena,Canada,Russia_W,Russia_E",-0.3209811168711923,-1.8812245249398427,1.2700424936065666,2
offset_mle,E+res,kmedoid,n,3,0.25,shrink,ALL,14,False,"Lena,Canada,Russia_W,Russia_E,AL-1,AL-2,AL-3,AL-4,AL-5,AL-6,CA-2,CA-3,LE-1,LE-2",1.5102063861317603,1.0100469359419872,2.0220507134306605,7
offset_mle,E+res,kmedoid,n,3,0.5,phys,AB4,4,True,"Lena,Canada,Russia_W,Russia_E",-2.9066250559198825,-5.175950971708466,-1.0505213389313395,3
offset_mle,E+res,kmedoid,n,3,0.5,phys,ALL,14,False,"Lena,Canada,Russia_W,Russia_E,AL-1,AL-2,AL-3,AL-4,AL-5,AL-6,CA-2,CA-3,LE-1,LE-2",1.1960195195216066,0.6187951110006792,2.044574034324237,6
offset_mle,E+res,kmedoid,n,3,0.5,shrink,AB4,4,True,"Lena,Canada,Russia_W,Russia_E",-0.4788953862119036,-1.963823267176498,0.9878732354502193,2
offset_mle,E+res,kmedoid,n,3,0.5,shrink,ALL,14,False,"Lena,Canada,Russia_W,Russia_E,AL-1,AL-2,AL-3,AL-4,AL-5,AL-6,CA-2,CA-3,LE-1,LE-2",1.4438583974899546,0.9268716404424359,1.9449201777020002,8
ppi,E+res,kmedoid,n,3,0.25,phys,AB4,4,True,"Lena,Canada,Russia_W,Russia_E",-1.0271133668300203,-3.6774124796235625,1.2642026664013284,2
ppi,E+res,kmedoid,n,3,0.25,phys,ALL,14,False,"Lena,Canada,Russia_W,Russia_E,AL-1,AL-2,AL-3,AL-4,AL-5,AL-6,CA-2,CA-3,LE-1,LE-2",2.3648610841411437,1.6009480314230289,3.2347714491034867,4
ppi,E+res,kmedoid,n,3,0.25,shrink,AB4,4,True,"Lena,Canada,Russia_W,Russia_E",1.4325995554778388,-0.715244801119063,3.405217051396145,1
ppi,E+res,kmedoid,n,3,0.25,shrink,ALL,14,False,"Lena,Canada,Russia_W,Russia_E,AL-1,AL-2,AL-3,AL-4,AL-5,AL-6,CA-2,CA-3,LE-1,LE-2",2.919381879631364,2.2482093440084943,3.557150177926709,5
ppi,E+res,kmedoid,n,3,0.5,phys,AB4,4,True,"Lena,Canada,Russia_W,Russia_E",-1.2399902465561108,-3.9819151969845934,0.9153384741580382,2
ppi,E+res,kmedoid,n,3,0.5,phys,ALL,14,False,"Lena,Canada,Russia_W,Russia_E,AL-1,AL-2,AL-3,AL-4,AL-5,AL-6,CA-2,CA-3,LE-1,LE-2",2.5572360585790874,1.828361925923467,3.52266323387591,4
ppi,E+res,kmedoid,n,3,0.5,shrink,AB4,4,True,"Lena,Canada,Russia_W,Russia_E",1.1877394231518683,-0.8650647480324895,3.0385162257276668,1
ppi,E+res,kmedoid,n,3,0.5,shrink,ALL,14,False,"Lena,Canada,Russia_W,Russia_E,AL-1,AL-2,AL-3,AL-4,AL-5,AL-6,CA-2,CA-3,LE-1,LE-2",2.805074936547435,2.1147015224568846,3.4342575159427846,6
offset_mle30,E+res,kmedoid,n,3,0.25,phys,AB4,4,True,"Lena,Canada,Russia_W,Russia_E",-2.3811255963864864,-3.235168569217926,-1.6645072900482483,3
offset_mle30,E+res,kmedoid,n,3,0.25,phys,ALL,14,False,"Lena,Canada,Russia_W,Russia_E,AL-1,AL-2,AL-3,AL-4,AL-5,AL-6,CA-2,CA-3,LE-1,LE-2",0.3873236685321642,0.088697605785244,0.8797371005566091,7
offset_mle30,E+res,kmedoid,n,3,0.25,shrink,AB4,4,True,"Lena,Canada,Russia_W,Russia_E",0.07858732592137259,-0.3491365342660079,0.44780138828136007,1
offset_mle30,E+res,kmedoid,n,3,0.25,shrink,ALL,14,False,"Lena,Canada,Russia_W,Russia_E,AL-1,AL-2,AL-3,AL-4,AL-5,AL-6,CA-2,CA-3,LE-1,LE-2",0.9418444640223846,0.7099352286307415,1.2083671412525023,7
offset_mle30,E+res,kmedoid,n,3,0.5,phys,AB4,4,True,"Lena,Canada,Russia_W,Russia_E",-2.430894377018661,-3.6912449324025394,-1.5727448586236,3
offset_mle30,E+res,kmedoid,n,3,0.5,phys,ALL,14,False,"Lena,Canada,Russia_W,Russia_E,AL-1,AL-2,AL-3,AL-4,AL-5,AL-6,CA-2,CA-3,LE-1,LE-2",0.6659514703205776,0.3208911470647334,1.2809115571379615,7
offset_mle30,E+res,kmedoid,n,3,0.5,shrink,AB4,4,True,"Lena,Canada,Russia_W,Russia_E",-0.0031647073106821537,-0.47734115418648193,0.38305274783909393,2
offset_mle30,E+res,kmedoid,n,3,0.5,shrink,ALL,14,False,"Lena,Canada,Russia_W,Russia_E,AL-1,AL-2,AL-3,AL-4,AL-5,AL-6,CA-2,CA-3,LE-1,LE-2",0.9137903482889255,0.6704691948400062,1.2015410274060578,8
mixed_boost,E+res,kmedoid,n,3,0.25,phys,AB4,4,True,"Lena,Canada,Russia_W,Russia_E",8.498517573118711,4.747280519185145,11.034088420163037,1
mixed_boost,E+res,kmedoid,n,3,0.25,phys,ALL,14,False,"Lena,Canada,Russia_W,Russia_E,AL-1,AL-2,AL-3,AL-4,AL-5,AL-6,CA-2,CA-3,LE-1,LE-2",10.587348938632504,8.794525337170263,12.313755125515156,2
mixed_boost,E+res,kmedoid,n,3,0.25,shrink,AB4,4,True,"Lena,Canada,Russia_W,Russia_E",10.95823049542657,7.235937049311769,13.334964813564074,0
mixed_boost,E+res,kmedoid,n,3,0.25,shrink,ALL,14,False,"Lena,Canada,Russia_W,Russia_E,AL-1,AL-2,AL-3,AL-4,AL-5,AL-6,CA-2,CA-3,LE-1,LE-2",11.141869734122723,9.220429682737773,12.822193094807789,0
mixed_boost,E+res,kmedoid,n,3,0.5,phys,AB4,4,True,"Lena,Canada,Russia_W,Russia_E",8.46181253649185,4.694930996032187,10.996467018249348,1
mixed_boost,E+res,kmedoid,n,3,0.5,phys,ALL,14,False,"Lena,Canada,Russia_W,Russia_E,AL-1,AL-2,AL-3,AL-4,AL-5,AL-6,CA-2,CA-3,LE-1,LE-2",10.570802831164718,8.772788165146705,12.286104912266717,2
mixed_boost,E+res,kmedoid,n,3,0.5,shrink,AB4,4,True,"Lena,Canada,Russia_W,Russia_E",10.88954220619983,7.253038995110595,13.312809729783876,0
mixed_boost,E+res,kmedoid,n,3,0.5,shrink,ALL,14,False,"Lena,Canada,Russia_W,Russia_E,AL-1,AL-2,AL-3,AL-4,AL-5,AL-6,CA-2,CA-3,LE-1,LE-2",10.818641709133066,8.947500051049062,12.381158696402782,0
shrink_k10,E,random,n,5,0.0,phys,AB4,4,True,"Lena,Canada,Russia_W,Russia_E",-1.9744125612988583,-2.4348477268931363,-1.4145457104062156,3
shrink_k10,E,random,n,5,0.0,phys,ALL,14,False,"Lena,Canada,Russia_W,Russia_E,AL-1,AL-2,AL-3,AL-4,AL-5,AL-6,CA-2,CA-3,LE-1,LE-2",-0.8452352753577284,-1.0217844229326982,-0.5416760324223306,6
offset_mle,E,random,n,5,0.0,phys,AB4,4,True,"Lena,Canada,Russia_W,Russia_E",-2.0248197729921507,-3.46627687345298,-0.5391267756269778,2
offset_mle,E,random,n,5,0.0,phys,ALL,14,False,"Lena,Canada,Russia_W,Russia_E,AL-1,AL-2,AL-3,AL-4,AL-5,AL-6,CA-2,CA-3,LE-1,LE-2",-0.39338359872717893,-0.9128197771046184,0.39227041813989433,5
offset_mle,E,random,n,5,0.0,shrink,AB4,4,True,"Lena,Canada,Russia_W,Russia_E",-0.05040721169329243,-1.1438822316498085,0.9037312303398746,2
offset_mle,E,random,n,5,0.0,shrink,ALL,14,False,"Lena,Canada,Russia_W,Russia_E,AL-1,AL-2,AL-3,AL-4,AL-5,AL-6,CA-2,CA-3,LE-1,LE-2",0.45185167663054954,0.07980394898053109,0.9990361537826832,5
ppi,E,random,n,5,0.0,phys,AB4,4,True,"Lena,Canada,Russia_W,Russia_E",-1.5727911074295196,-3.303070073803577,0.17901804518064215,2
ppi,E,random,n,5,0.0,phys,ALL,14,False,"Lena,Canada,Russia_W,Russia_E,AL-1,AL-2,AL-3,AL-4,AL-5,AL-6,CA-2,CA-3,LE-1,LE-2",0.05055816372619134,-0.5444200967429007,0.9416773802641405,5
ppi,E,random,n,5,0.0,shrink,AB4,4,True,"Lena,Canada,Russia_W,Russia_E",0.4016214538693391,-0.9675459632456356,1.6907689120178944,2
ppi,E,random,n,5,0.0,shrink,ALL,14,False,"Lena,Canada,Russia_W,Russia_E,AL-1,AL-2,AL-3,AL-4,AL-5,AL-6,CA-2,CA-3,LE-1,LE-2",0.8957934390839201,0.43402989211007154,1.5370025567984957,5
offset_mle30,E,random,n,5,0.0,phys,AB4,4,True,"Lena,Canada,Russia_W,Russia_E",-1.2406523344664246,-2.1013124794084095,-0.38554111182628376,2
offset_mle30,E,random,n,5,0.0,phys,ALL,14,False,"Lena,Canada,Russia_W,Russia_E,AL-1,AL-2,AL-3,AL-4,AL-5,AL-6,CA-2,CA-3,LE-1,LE-2",-0.4410925533127036,-0.818943518361848,0.20036178383997058,5
offset_mle30,E,random,n,5,0.0,shrink,AB4,4,True,"Lena,Canada,Russia_W,Russia_E",0.7337602268324336,0.18341692504769702,1.1526838188829542,1
offset_mle30,E,random,n,5,0.0,shrink,ALL,14,False,"Lena,Canada,Russia_W,Russia_E,AL-1,AL-2,AL-3,AL-4,AL-5,AL-6,CA-2,CA-3,LE-1,LE-2",0.4041427220450249,0.15547851575793487,0.7810331758291676,4
offset_ls,E,random,n,5,0.0,phys,AB4,4,True,"Lena,Canada,Russia_W,Russia_E",-2.0908184512054553,-3.4932180374667268,-0.4153639591190321,1
offset_ls,E,random,n,5,0.0,phys,ALL,14,False,"Lena,Canada,Russia_W,Russia_E,AL-1,AL-2,AL-3,AL-4,AL-5,AL-6,CA-2,CA-3,LE-1,LE-2",-0.08602762324745596,-0.5931935621230437,0.7320834599050423,4
offset_ls,E,random,n,5,0.0,shrink,AB4,4,True,"Lena,Canada,Russia_W,Russia_E",-0.11640588990659695,-1.146863066632837,1.09231424024651,1
offset_ls,E,random,n,5,0.0,shrink,ALL,14,False,"Lena,Canada,Russia_W,Russia_E,AL-1,AL-2,AL-3,AL-4,AL-5,AL-6,CA-2,CA-3,LE-1,LE-2",0.7592076521102725,0.4162135093937593,1.2766750677605856,4
mixed_boost,E,random,n,5,0.0,phys,AB4,4,True,"Lena,Canada,Russia_W,Russia_E",9.401933591337409,6.3668445330663355,11.60739841004318,1
mixed_boost,E,random,n,5,0.0,phys,ALL,14,False,"Lena,Canada,Russia_W,Russia_E,AL-1,AL-2,AL-3,AL-4,AL-5,AL-6,CA-2,CA-3,LE-1,LE-2",9.330674622539636,8.195454639586613,11.809022558237718,2
mixed_boost,E,random,n,5,0.0,shrink,AB4,4,True,"Lena,Canada,Russia_W,Russia_E",11.376346152636266,8.378814870648576,13.331901116389519,0
mixed_boost,E,random,n,5,0.0,shrink,ALL,14,False,"Lena,Canada,Russia_W,Russia_E,AL-1,AL-2,AL-3,AL-4,AL-5,AL-6,CA-2,CA-3,LE-1,LE-2",10.175909897897364,9.045166369438844,12.519970796003737,0
shrink_k10,E+res,random,n,5,0.25,phys,AB4,4,True,"Lena,Canada,Russia_W,Russia_E",-2.1451170704995133,-2.904869343740228,-1.5084798220349032,2
shrink_k10,E+res,random,n,5,0.25,phys,ALL,14,False,"Lena,Canada,Russia_W,Russia_E,AL-1,AL-2,AL-3,AL-4,AL-5,AL-6,CA-2,CA-3,LE-1,LE-2",-0.8788542073647884,-1.0986004314728073,-0.4354646391026907,6
shrink_k10,E+res,random,n,5,0.5,phys,AB4,4,True,"Lena,Canada,Russia_W,Russia_E",-1.9740765507909188,-3.166748830699148,-1.1443390462903529,2
shrink_k10,E+res,random,n,5,0.5,phys,ALL,14,False,"Lena,Canada,Russia_W,Russia_E,AL-1,AL-2,AL-3,AL-4,AL-5,AL-6,CA-2,CA-3,LE-1,LE-2",-0.5460521657783911,-0.8548486774849465,0.10982816738598226,6
offset_mle,E+res,random,n,5,0.25,phys,AB4,4,True,"Lena,Canada,Russia_W,Russia_E",-2.429497377117576,-4.000996130034443,-1.0017680463921612,2
offset_mle,E+res,random,n,5,0.25,phys,ALL,14,False,"Lena,Canada,Russia_W,Russia_E,AL-1,AL-2,AL-3,AL-4,AL-5,AL-6,CA-2,CA-3,LE-1,LE-2",-0.5089117384787427,-0.9912736680913106,0.3685028119259201,6
offset_mle,E+res,random,n,5,0.25,shrink,AB4,4,True,"Lena,Canada,Russia_W,Russia_E",-0.2843803066180628,-1.3055099038188251,0.6225980334448455,2
offset_mle,E+res,random,n,5,0.25,shrink,ALL,14,False,"Lena,Canada,Russia_W,Russia_E,AL-1,AL-2,AL-3,AL-4,AL-5,AL-6,CA-2,CA-3,LE-1,LE-2",0.3699424688860455,0.006357964803123148,0.8797755586815226,5
offset_mle,E+res,random,n,5,0.5,phys,AB4,4,True,"Lena,Canada,Russia_W,Russia_E",-2.3782714971778742,-4.234858341481002,-0.9464806763857919,1
offset_mle,E+res,random,n,5,0.5,phys,ALL,14,False,"Lena,Canada,Russia_W,Russia_E,AL-1,AL-2,AL-3,AL-4,AL-5,AL-6,CA-2,CA-3,LE-1,LE-2",-0.14236360476524568,-0.6576759489023859,0.8247337471353253,4
offset_mle,E+res,random,n,5,0.5,shrink,AB4,4,True,"Lena,Canada,Russia_W,Russia_E",-0.4041949463869563,-1.3910974342546192,0.4363947871178195,2
offset_mle,E+res,random,n,5,0.5,shrink,ALL,14,False,"Lena,Canada,Russia_W,Russia_E,AL-1,AL-2,AL-3,AL-4,AL-5,AL-6,CA-2,CA-3,LE-1,LE-2",0.40368856101314515,0.0470116569263914,0.899581806044195,5
ppi,E+res,random,n,5,0.25,phys,AB4,4,True,"Lena,Canada,Russia_W,Russia_E",-2.013308959630292,-3.7841251875799857,-0.36508760224944947,2
ppi,E+res,random,n,5,0.25,phys,ALL,14,False,"Lena,Canada,Russia_W,Russia_E,AL-1,AL-2,AL-3,AL-4,AL-5,AL-6,CA-2,CA-3,LE-1,LE-2",-0.1127773648995466,-0.6388056548667934,0.8645044124372272,5
ppi,E+res,random,n,5,0.25,shrink,AB4,4,True,"Lena,Canada,Russia_W,Russia_E",0.13180811086922156,-1.1284435172609397,1.302878035973026,2
ppi,E+res,random,n,5,0.25,shrink,ALL,14,False,"Lena,Canada,Russia_W,Russia_E,AL-1,AL-2,AL-3,AL-4,AL-5,AL-6,CA-2,CA-3,LE-1,LE-2",0.7660768424652418,0.3658111813370611,1.401183143318811,4
ppi,E+res,random,n,5,0.5,phys,AB4,4,True,"Lena,Canada,Russia_W,Russia_E",-1.9926512468738786,-3.9799847231541516,-0.36759977485939255,1
ppi,E+res,random,n,5,0.5,phys,ALL,14,False,"Lena,Canada,Russia_W,Russia_E,AL-1,AL-2,AL-3,AL-4,AL-5,AL-6,CA-2,CA-3,LE-1,LE-2",0.22441959255562807,-0.3226874344926641,1.3157648445672008,4
ppi,E+res,random,n,5,0.5,shrink,AB4,4,True,"Lena,Canada,Russia_W,Russia_E",-0.01857469608296025,-1.2260670038158816,1.0964689313346354,2
ppi,E+res,random,n,5,0.5,shrink,ALL,14,False,"Lena,Canada,Russia_W,Russia_E,AL-1,AL-2,AL-3,AL-4,AL-5,AL-6,CA-2,CA-3,LE-1,LE-2",0.7704717583340193,0.36835664589144396,1.4027530929633831,5
offset_mle30,E+res,random,n,5,0.25,phys,AB4,4,True,"Lena,Canada,Russia_W,Russia_E",-1.6195327781561701,-2.5469998211782765,-0.9173150530097801,2
offset_mle30,E+res,random,n,5,0.25,phys,ALL,14,False,"Lena,Canada,Russia_W,Russia_E,AL-1,AL-2,AL-3,AL-4,AL-5,AL-6,CA-2,CA-3,LE-1,LE-2",-0.5470664374652314,-0.8934240884862369,0.1690300590467558,6
offset_mle30,E+res,random,n,5,0.25,shrink,AB4,4,True,"Lena,Canada,Russia_W,Russia_E",0.5255842923433429,0.10004010276634522,0.8010486288808136,1
offset_mle30,E+res,random,n,5,0.25,shrink,ALL,14,False,"Lena,Canada,Russia_W,Russia_E,AL-1,AL-2,AL-3,AL-4,AL-5,AL-6,CA-2,CA-3,LE-1,LE-2",0.3317877698995569,0.10404511145261824,0.6777871673951077,4
offset_mle30,E+res,random,n,5,0.5,phys,AB4,4,True,"Lena,Canada,Russia_W,Russia_E",-1.4926357879669245,-2.790321543094098,-0.6918296826191419,1
offset_mle30,E+res,random,n,5,0.5,phys,ALL,14,False,"Lena,Canada,Russia_W,Russia_E,AL-1,AL-2,AL-3,AL-4,AL-5,AL-6,CA-2,CA-3,LE-1,LE-2",-0.17871224871993271,-0.5834361408410322,0.6617405722618913,5
offset_mle30,E+res,random,n,5,0.5,shrink,AB4,4,True,"Lena,Canada,Russia_W,Russia_E",0.48144076282399406,0.07296405682007623,0.7230186795533282,1
offset_mle30,E+res,random,n,5,0.5,shrink,ALL,14,False,"Lena,Canada,Russia_W,Russia_E,AL-1,AL-2,AL-3,AL-4,AL-5,AL-6,CA-2,CA-3,LE-1,LE-2",0.36733991705845837,0.13461551848889897,0.7078286745294716,4
mixed_boost,E+res,random,n,5,0.25,phys,AB4,4,True,"Lena,Canada,Russia_W,Russia_E",10.565418310327711,6.94072446536752,13.267129809286793,1
mixed_boost,E+res,random,n,5,0.25,phys,ALL,14,False,"Lena,Canada,Russia_W,Russia_E,AL-1,AL-2,AL-3,AL-4,AL-5,AL-6,CA-2,CA-3,LE-1,LE-2",9.768997060405642,8.569730252606925,12.530392348361024,2
mixed_boost,E+res,random,n,5,0.25,shrink,AB4,4,True,"Lena,Canada,Russia_W,Russia_E",12.710535380827224,9.202715415435437,15.287190339517336,0
mixed_boost,E+res,random,n,5,0.25,shrink,ALL,14,False,"Lena,Canada,Russia_W,Russia_E,AL-1,AL-2,AL-3,AL-4,AL-5,AL-6,CA-2,CA-3,LE-1,LE-2",10.647851267770431,9.511050608761844,13.149919727406399,0
mixed_boost,E+res,random,n,5,0.5,phys,AB4,4,True,"Lena,Canada,Russia_W,Russia_E",10.565366747643168,6.941044221806094,13.271440934250665,1
mixed_boost,E+res,random,n,5,0.5,phys,ALL,14,False,"Lena,Canada,Russia_W,Russia_E,AL-1,AL-2,AL-3,AL-4,AL-5,AL-6,CA-2,CA-3,LE-1,LE-2",9.82727238488271,8.643626992491239,12.604609648672955,2
mixed_boost,E+res,random,n,5,0.5,shrink,AB4,4,True,"Lena,Canada,Russia_W,Russia_E",12.539443298434087,9.151081350676286,15.094680719705082,0
mixed_boost,E+res,random,n,5,0.5,shrink,ALL,14,False,"Lena,Canada,Russia_W,Russia_E,AL-1,AL-2,AL-3,AL-4,AL-5,AL-6,CA-2,CA-3,LE-1,LE-2",10.3733245506611,9.228356003495813,12.690231329497308,0
shrink_k10,E,kmedoid,n,5,0.0,phys,AB4,4,True,"Lena,Canada,Russia_W,Russia_E",-2.3939503494148897,-2.9415835905287016,-1.7705057919033587,4
shrink_k10,E,kmedoid,n,5,0.0,phys,ALL,14,False,"Lena,Canada,Russia_W,Russia_E,AL-1,AL-2,AL-3,AL-4,AL-5,AL-6,CA-2,CA-3,LE-1,LE-2",-0.48766646411480835,-0.8113194606016487,-0.30295463263036976,9
offset_mle,E,kmedoid,n,5,0.0,phys,AB4,4,True,"Lena,Canada,Russia_W,Russia_E",-2.6814768975103997,-4.254010372537643,-0.9044353404231315,2
offset_mle,E,kmedoid,n,5,0.0,phys,ALL,14,False,"Lena,Canada,Russia_W,Russia_E,AL-1,AL-2,AL-3,AL-4,AL-5,AL-6,CA-2,CA-3,LE-1,LE-2",0.2253819355296529,-0.7024006852394389,0.7191716796462072,5
offset_mle,E,kmedoid,n,5,0.0,shrink,AB4,4,True,"Lena,Canada,Russia_W,Russia_E",-0.2875265480955105,-1.4452359532314834,1.024149291513152,2
offset_mle,E,kmedoid,n,5,0.0,shrink,ALL,14,False,"Lena,Canada,Russia_W,Russia_E,AL-1,AL-2,AL-3,AL-4,AL-5,AL-6,CA-2,CA-3,LE-1,LE-2",0.7130483996444609,0.05861457345456643,1.0949468586417084,4
ppi,E,kmedoid,n,5,0.0,phys,AB4,4,True,"Lena,Canada,Russia_W,Russia_E",-1.4265617260063725,-3.4258830290535647,0.4440934080071898,2
ppi,E,kmedoid,n,5,0.0,phys,ALL,14,False,"Lena,Canada,Russia_W,Russia_E,AL-1,AL-2,AL-3,AL-4,AL-5,AL-6,CA-2,CA-3,LE-1,LE-2",0.6376227554824203,-0.3790594218506924,1.136951096466376,5
ppi,E,kmedoid,n,5,0.0,shrink,AB4,4,True,"Lena,Canada,Russia_W,Russia_E",0.9673886234085172,-0.6741086840968747,2.407472280591591,2
ppi,E,kmedoid,n,5,0.0,shrink,ALL,14,False,"Lena,Canada,Russia_W,Russia_E,AL-1,AL-2,AL-3,AL-4,AL-5,AL-6,CA-2,CA-3,LE-1,LE-2",1.1252892195972286,0.34724120706293,1.5288674214111007,5
offset_mle30,E,kmedoid,n,5,0.0,phys,AB4,4,True,"Lena,Canada,Russia_W,Russia_E",-2.28677780960268,-2.9650235283870985,-1.4608649870965265,3
offset_mle30,E,kmedoid,n,5,0.0,phys,ALL,14,False,"Lena,Canada,Russia_W,Russia_E,AL-1,AL-2,AL-3,AL-4,AL-5,AL-6,CA-2,CA-3,LE-1,LE-2",-0.011979883021353221,-0.694396401894796,0.3079067479793685,7
offset_mle30,E,kmedoid,n,5,0.0,shrink,AB4,4,True,"Lena,Canada,Russia_W,Russia_E",0.10717253981220987,-0.21322095987582218,0.5179305644113469,1
offset_mle30,E,kmedoid,n,5,0.0,shrink,ALL,14,False,"Lena,Canada,Russia_W,Russia_E,AL-1,AL-2,AL-3,AL-4,AL-5,AL-6,CA-2,CA-3,LE-1,LE-2",0.4756865810934552,0.001900660422899526,0.6742294719827391,3
offset_ls,E,kmedoid,n,5,0.0,phys,AB4,4,True,"Lena,Canada,Russia_W,Russia_E",-2.271990616728515,-4.016723097536099,-0.3267004959629604,2
offset_ls,E,kmedoid,n,5,0.0,phys,ALL,14,False,"Lena,Canada,Russia_W,Russia_E,AL-1,AL-2,AL-3,AL-4,AL-5,AL-6,CA-2,CA-3,LE-1,LE-2",0.949512867555164,0.1343503072781998,1.491555644087176,5
offset_ls,E,kmedoid,n,5,0.0,shrink,AB4,4,True,"Lena,Canada,Russia_W,Russia_E",0.12195973268637461,-1.1821504024576583,1.581928141322651,1
offset_ls,E,kmedoid,n,5,0.0,shrink,ALL,14,False,"Lena,Canada,Russia_W,Russia_E,AL-1,AL-2,AL-3,AL-4,AL-5,AL-6,CA-2,CA-3,LE-1,LE-2",1.4371793316699721,0.892557541581529,1.8377185601927357,4
mixed_boost,E,kmedoid,n,5,0.0,phys,AB4,4,True,"Lena,Canada,Russia_W,Russia_E",7.827324923160626,4.210959596719152,9.8321894234113,1
mixed_boost,E,kmedoid,n,5,0.0,phys,ALL,14,False,"Lena,Canada,Russia_W,Russia_E,AL-1,AL-2,AL-3,AL-4,AL-5,AL-6,CA-2,CA-3,LE-1,LE-2",8.630029000802049,7.0857568005685785,11.140965150505771,2
mixed_boost,E,kmedoid,n,5,0.0,shrink,AB4,4,True,"Lena,Canada,Russia_W,Russia_E",10.221275272575514,6.725849403153783,12.06398379318907,0
mixed_boost,E,kmedoid,n,5,0.0,shrink,ALL,14,False,"Lena,Canada,Russia_W,Russia_E,AL-1,AL-2,AL-3,AL-4,AL-5,AL-6,CA-2,CA-3,LE-1,LE-2",9.117695464916855,7.642357310922831,11.654791152460113,1
shrink_k10,E+res,kmedoid,n,5,0.25,phys,AB4,4,True,"Lena,Canada,Russia_W,Russia_E",-2.511856523279807,-3.3238365249167536,-1.81267039781575,3
shrink_k10,E+res,kmedoid,n,5,0.25,phys,ALL,14,False,"Lena,Canada,Russia_W,Russia_E,AL-1,AL-2,AL-3,AL-4,AL-5,AL-6,CA-2,CA-3,LE-1,LE-2",-0.5153205376470644,-0.8689672012507248,-0.2440215812215209,6
shrink_k10,E+res,kmedoid,n,5,0.5,phys,AB4,4,True,"Lena,Canada,Russia_W,Russia_E",-2.4218732956815767,-3.642402582891781,-1.5138861978783074,2
shrink_k10,E+res,kmedoid,n,5,0.5,phys,ALL,14,False,"Lena,Canada,Russia_W,Russia_E,AL-1,AL-2,AL-3,AL-4,AL-5,AL-6,CA-2,CA-3,LE-1,LE-2",-0.3035312222768584,-0.7453390524310121,0.110652196745769,5
offset_mle,E+res,kmedoid,n,5,0.25,phys,AB4,4,True,"Lena,Canada,Russia_W,Russia_E",-3.0128132464060395,-4.722099373544748,-1.2490734076432481,3
offset_mle,E+res,kmedoid,n,5,0.25,phys,ALL,14,False,"Lena,Canada,Russia_W,Russia_E,AL-1,AL-2,AL-3,AL-4,AL-5,AL-6,CA-2,CA-3,LE-1,LE-2",0.25735593677983537,-0.7284546205443855,0.7708676740481255,6
offset_mle,E+res,kmedoid,n,5,0.25,shrink,AB4,4,True,"Lena,Canada,Russia_W,Russia_E",-0.5009567231262326,-1.5407323465053264,0.699546683810907,2
offset_mle,E+res,kmedoid,n,5,0.25,shrink,ALL,14,False,"Lena,Canada,Russia_W,Russia_E,AL-1,AL-2,AL-3,AL-4,AL-5,AL-6,CA-2,CA-3,LE-1,LE-2",0.7726764744268995,0.03513698184454921,1.1546239448641684,4
offset_mle,E+res,kmedoid,n,5,0.5,phys,AB4,4,True,"Lena,Canada,Russia_W,Russia_E",-3.0370043788797214,-4.922543462549021,-1.2076040437556077,3
offset_mle,E+res,kmedoid,n,5,0.5,phys,ALL,14,False,"Lena,Canada,Russia_W,Russia_E,AL-1,AL-2,AL-3,AL-4,AL-5,AL-6,CA-2,CA-3,LE-1,LE-2",0.36180003509888886,-0.5841427861125434,0.9379505917110433,6
offset_mle,E+res,kmedoid,n,5,0.5,shrink,AB4,4,True,"Lena,Canada,Russia_W,Russia_E",-0.6151310831981452,-1.6079957830919607,0.5313186912453907,2
offset_mle,E+res,kmedoid,n,5,0.5,shrink,ALL,14,False,"Lena,Canada,Russia_W,Russia_E,AL-1,AL-2,AL-3,AL-4,AL-5,AL-6,CA-2,CA-3,LE-1,LE-2",0.6653312573757472,-0.051569302663626075,1.0218520739384205,6
ppi,E+res,kmedoid,n,5,0.25,phys,AB4,4,True,"Lena,Canada,Russia_W,Russia_E",-1.857907445188312,-3.9378495988259083,-0.09022987052521615,2
ppi,E+res,kmedoid,n,5,0.25,phys,ALL,14,False,"Lena,Canada,Russia_W,Russia_E,AL-1,AL-2,AL-3,AL-4,AL-5,AL-6,CA-2,CA-3,LE-1,LE-2",0.647240026175187,-0.4360509486483379,1.1906561508265319,5
ppi,E+res,kmedoid,n,5,0.25,shrink,AB4,4,True,"Lena,Canada,Russia_W,Russia_E",0.653949078091495,-0.9392204076497647,2.042109912955858,2
ppi,E+res,kmedoid,n,5,0.25,shrink,ALL,14,False,"Lena,Canada,Russia_W,Russia_E,AL-1,AL-2,AL-3,AL-4,AL-5,AL-6,CA-2,CA-3,LE-1,LE-2",1.1625605638222514,0.3016535136219663,1.595249560407635,4
ppi,E+res,kmedoid,n,5,0.5,phys,AB4,4,True,"Lena,Canada,Russia_W,Russia_E",-1.9586448214726122,-4.175773210290429,-0.1974666952715171,2
ppi,E+res,kmedoid,n,5,0.5,phys,ALL,14,False,"Lena,Canada,Russia_W,Russia_E,AL-1,AL-2,AL-3,AL-4,AL-5,AL-6,CA-2,CA-3,LE-1,LE-2",0.7151151613271767,-0.3234953840251303,1.296862905441019,4
ppi,E+res,kmedoid,n,5,0.5,shrink,AB4,4,True,"Lena,Canada,Russia_W,Russia_E",0.46322847420896446,-1.0588532712906145,1.7116788688277855,2
ppi,E+res,kmedoid,n,5,0.5,shrink,ALL,14,False,"Lena,Canada,Russia_W,Russia_E,AL-1,AL-2,AL-3,AL-4,AL-5,AL-6,CA-2,CA-3,LE-1,LE-2",1.0186463836040354,0.17633066630619026,1.4305257967826412,6
offset_mle30,E+res,kmedoid,n,5,0.25,phys,AB4,4,True,"Lena,Canada,Russia_W,Russia_E",-2.530431438951576,-3.4082627954541596,-1.70743984547145,3
offset_mle30,E+res,kmedoid,n,5,0.25,phys,ALL,14,False,"Lena,Canada,Russia_W,Russia_E,AL-1,AL-2,AL-3,AL-4,AL-5,AL-6,CA-2,CA-3,LE-1,LE-2",0.007464115655177739,-0.7437209729333566,0.3599395213317912,6
offset_mle30,E+res,kmedoid,n,5,0.25,shrink,AB4,4,True,"Lena,Canada,Russia_W,Russia_E",-0.018574915671769,-0.2967423859693895,0.326452353658868,1
offset_mle30,E+res,kmedoid,n,5,0.25,shrink,ALL,14,False,"Lena,Canada,Russia_W,Russia_E,AL-1,AL-2,AL-3,AL-4,AL-5,AL-6,CA-2,CA-3,LE-1,LE-2",0.5227846533022421,-0.0344528263090433,0.7249809076870046,5
offset_mle30,E+res,kmedoid,n,5,0.5,phys,AB4,4,True,"Lena,Canada,Russia_W,Russia_E",-2.471021956976414,-3.762204820825609,-1.493125783414344,3
offset_mle30,E+res,kmedoid,n,5,0.5,phys,ALL,14,False,"Lena,Canada,Russia_W,Russia_E,AL-1,AL-2,AL-3,AL-4,AL-5,AL-6,CA-2,CA-3,LE-1,LE-2",0.1534372035190929,-0.6138374591900224,0.5707844283451873,6
offset_mle30,E+res,kmedoid,n,5,0.5,shrink,AB4,4,True,"Lena,Canada,Russia_W,Russia_E",-0.04914866129483761,-0.33047740909907447,0.28437832749971403,1
offset_mle30,E+res,kmedoid,n,5,0.5,shrink,ALL,14,False,"Lena,Canada,Russia_W,Russia_E,AL-1,AL-2,AL-3,AL-4,AL-5,AL-6,CA-2,CA-3,LE-1,LE-2",0.45696842579595126,-0.08520836213285528,0.6696962838343893,5
mixed_boost,E+res,kmedoid,n,5,0.25,phys,AB4,4,True,"Lena,Canada,Russia_W,Russia_E",7.326888930565089,4.488620976610161,9.214165566248624,1
mixed_boost,E+res,kmedoid,n,5,0.25,phys,ALL,14,False,"Lena,Canada,Russia_W,Russia_E,AL-1,AL-2,AL-3,AL-4,AL-5,AL-6,CA-2,CA-3,LE-1,LE-2",8.864458134664103,7.360834054186989,11.793460917228256,2
mixed_boost,E+res,kmedoid,n,5,0.25,shrink,AB4,4,True,"Lena,Canada,Russia_W,Russia_E",9.838745453844897,7.374545857533263,11.41315166833017,0
mixed_boost,E+res,kmedoid,n,5,0.25,shrink,ALL,14,False,"Lena,Canada,Russia_W,Russia_E,AL-1,AL-2,AL-3,AL-4,AL-5,AL-6,CA-2,CA-3,LE-1,LE-2",9.379778672311167,7.963247799793753,12.320746372354076,1
mixed_boost,E+res,kmedoid,n,5,0.5,phys,AB4,4,True,"Lena,Canada,Russia_W,Russia_E",7.321508698834673,4.473204068962295,9.219110307914484,1
mixed_boost,E+res,kmedoid,n,5,0.5,phys,ALL,14,False,"Lena,Canada,Russia_W,Russia_E,AL-1,AL-2,AL-3,AL-4,AL-5,AL-6,CA-2,CA-3,LE-1,LE-2",8.878479830675754,7.372843089756308,11.820436688810018,2
mixed_boost,E+res,kmedoid,n,5,0.5,shrink,AB4,4,True,"Lena,Canada,Russia_W,Russia_E",9.74338199451625,7.490899778262746,11.371333513408766,0
mixed_boost,E+res,kmedoid,n,5,0.5,shrink,ALL,14,False,"Lena,Canada,Russia_W,Russia_E,AL-1,AL-2,AL-3,AL-4,AL-5,AL-6,CA-2,CA-3,LE-1,LE-2",9.182011052952612,7.77307959948824,11.99512487977638,0
shrink_k10,E,random,n,10,0.0,phys,AB4,4,True,"Lena,Canada,Russia_W,Russia_E",-2.525542729395674,-3.291893687153794,-1.6392690093275957,3
shrink_k10,E,random,n,10,0.0,phys,ALL,14,False,"Lena,Canada,Russia_W,Russia_E,AL-1,AL-2,AL-3,AL-4,AL-5,AL-6,CA-2,CA-3,LE-1,LE-2",-1.1568567831118561,-1.4392757951588586,-0.7709662664706342,8
offset_mle,E,random,n,10,0.0,phys,AB4,4,True,"Lena,Canada,Russia_W,Russia_E",-1.8657888514251315,-3.5927994016732074,-0.2274380527499694,3
offset_mle,E,random,n,10,0.0,phys,ALL,14,False,"Lena,Canada,Russia_W,Russia_E,AL-1,AL-2,AL-3,AL-4,AL-5,AL-6,CA-2,CA-3,LE-1,LE-2",-0.6351944344328986,-1.282556166280428,0.14396931287522366,6
offset_mle,E,random,n,10,0.0,shrink,AB4,4,True,"Lena,Canada,Russia_W,Russia_E",0.6597538779705416,-0.4086734408558662,1.5465118727177387,2
offset_mle,E,random,n,10,0.0,shrink,ALL,14,False,"Lena,Canada,Russia_W,Russia_E,AL-1,AL-2,AL-3,AL-4,AL-5,AL-6,CA-2,CA-3,LE-1,LE-2",0.5216623486789573,0.13376386858196235,0.9698848338763113,5
ppi,E,random,n,10,0.0,phys,AB4,4,True,"Lena,Canada,Russia_W,Russia_E",-1.562195384346431,-3.499445921479371,0.23572066800709143,3
ppi,E,random,n,10,0.0,phys,ALL,14,False,"Lena,Canada,Russia_W,Russia_E,AL-1,AL-2,AL-3,AL-4,AL-5,AL-6,CA-2,CA-3,LE-1,LE-2",-0.38674209598427034,-1.1066525151679731,0.47248094531660534,6
ppi,E,random,n,10,0.0,shrink,AB4,4,True,"Lena,Canada,Russia_W,Russia_E",0.9633473450492428,-0.30982031238296487,2.02239025182346,2
ppi,E,random,n,10,0.0,shrink,ALL,14,False,"Lena,Canada,Russia_W,Russia_E,AL-1,AL-2,AL-3,AL-4,AL-5,AL-6,CA-2,CA-3,LE-1,LE-2",0.7701146871275855,0.31696567600892217,1.2802449995100464,5
offset_mle30,E,random,n,10,0.0,phys,AB4,4,True,"Lena,Canada,Russia_W,Russia_E",-1.6368205422858122,-2.741437060630744,-0.6598530302298419,3
offset_mle30,E,random,n,10,0.0,phys,ALL,14,False,"Lena,Canada,Russia_W,Russia_E,AL-1,AL-2,AL-3,AL-4,AL-5,AL-6,CA-2,CA-3,LE-1,LE-2",-0.7213363715381196,-1.2501399480480113,-0.06660402321786142,6
offset_mle30,E,random,n,10,0.0,shrink,AB4,4,True,"Lena,Canada,Russia_W,Russia_E",0.8887221871098614,0.2694576963772805,1.2865516828649224,1
offset_mle30,E,random,n,10,0.0,shrink,ALL,14,False,"Lena,Canada,Russia_W,Russia_E,AL-1,AL-2,AL-3,AL-4,AL-5,AL-6,CA-2,CA-3,LE-1,LE-2",0.4355204115737363,0.14495342295749147,0.7874289251503702,4
offset_ls,E,random,n,10,0.0,phys,AB4,4,True,"Lena,Canada,Russia_W,Russia_E",-2.0524181839373634,-3.7182573186313848,-0.26136101639652437,2
offset_ls,E,random,n,10,0.0,phys,ALL,14,False,"Lena,Canada,Russia_W,Russia_E,AL-1,AL-2,AL-3,AL-4,AL-5,AL-6,CA-2,CA-3,LE-1,LE-2",-0.42523781741862937,-0.9914099769902721,0.34620312493277816,5
offset_ls,E,random,n,10,0.0,shrink,AB4,4,True,"Lena,Canada,Russia_W,Russia_E",0.47312454545831095,-0.5161898374813988,1.4659009695061762,1
offset_ls,E,random,n,10,0.0,shrink,ALL,14,False,"Lena,Canada,Russia_W,Russia_E,AL-1,AL-2,AL-3,AL-4,AL-5,AL-6,CA-2,CA-3,LE-1,LE-2",0.7316189656932265,0.42225150052979493,1.1371924379688017,2
mixed_boost,E,random,n,10,0.0,phys,AB4,4,True,"Lena,Canada,Russia_W,Russia_E",5.11723377577459,3.164675803271907,7.567875595530626,1
mixed_boost,E,random,n,10,0.0,phys,ALL,14,False,"Lena,Canada,Russia_W,Russia_E,AL-1,AL-2,AL-3,AL-4,AL-5,AL-6,CA-2,CA-3,LE-1,LE-2",6.5148221125724906,5.660153857882257,9.548429832730685,2
mixed_boost,E,random,n,10,0.0,shrink,AB4,4,True,"Lena,Canada,Russia_W,Russia_E",7.642776505170264,5.950827643743778,9.703386205044884,0
mixed_boost,E,random,n,10,0.0,shrink,ALL,14,False,"Lena,Canada,Russia_W,Russia_E,AL-1,AL-2,AL-3,AL-4,AL-5,AL-6,CA-2,CA-3,LE-1,LE-2",7.671678895684346,6.8783102097375,10.594509269444387,0
shrink_k10,E+res,random,n,10,0.25,phys,AB4,4,True,"Lena,Canada,Russia_W,Russia_E",-2.319446210079256,-3.257370889437559,-1.5186422966843123,1
shrink_k10,E+res,random,n,10,0.25,phys,ALL,14,False,"Lena,Canada,Russia_W,Russia_E,AL-1,AL-2,AL-3,AL-4,AL-5,AL-6,CA-2,CA-3,LE-1,LE-2",-1.0786396099271325,-1.34721827729692,-0.605996817182202,6
shrink_k10,E+res,random,n,10,0.5,phys,AB4,4,True,"Lena,Canada,Russia_W,Russia_E",-2.278065667669721,-3.541602394760324,-1.3478810580283742,2
shrink_k10,E+res,random,n,10,0.5,phys,ALL,14,False,"Lena,Canada,Russia_W,Russia_E,AL-1,AL-2,AL-3,AL-4,AL-5,AL-6,CA-2,CA-3,LE-1,LE-2",-0.7814556726818924,-1.1211509461099798,-0.130932405574998,7
offset_mle,E+res,random,n,10,0.25,phys,AB4,4,True,"Lena,Canada,Russia_W,Russia_E",-2.17854859300157,-3.9889160471279235,-0.8154571939296692,2
offset_mle,E+res,random,n,10,0.25,phys,ALL,14,False,"Lena,Canada,Russia_W,Russia_E,AL-1,AL-2,AL-3,AL-4,AL-5,AL-6,CA-2,CA-3,LE-1,LE-2",-0.6196030786488629,-1.2072160064053368,0.2024205655532903,6
offset_mle,E+res,random,n,10,0.25,shrink,AB4,4,True,"Lena,Canada,Russia_W,Russia_E",0.1408976170776859,-0.8946961995387155,0.9420364733801203,2
offset_mle,E+res,random,n,10,0.25,shrink,ALL,14,False,"Lena,Canada,Russia_W,Russia_E,AL-1,AL-2,AL-3,AL-4,AL-5,AL-6,CA-2,CA-3,LE-1,LE-2",0.45903653127826977,0.07828905922096749,0.8773952171616317,4
offset_mle,E+res,random,n,10,0.5,phys,AB4,4,True,"Lena,Canada,Russia_W,Russia_E",-2.247011761266431,-4.28132043222089,-0.8369086075160646,2
offset_mle,E+res,random,n,10,0.5,phys,ALL,14,False,"Lena,Canada,Russia_W,Russia_E,AL-1,AL-2,AL-3,AL-4,AL-5,AL-6,CA-2,CA-3,LE-1,LE-2",-0.3000694312239168,-0.8860215968482,0.6434007217710149,6
offset_mle,E+res,random,n,10,0.5,shrink,AB4,4,True,"Lena,Canada,Russia_W,Russia_E",0.0310539064032907,-0.9321414258030297,0.756605226613443,2
offset_mle,E+res,random,n,10,0.5,shrink,ALL,14,False,"Lena,Canada,Russia_W,Russia_E,AL-1,AL-2,AL-3,AL-4,AL-5,AL-6,CA-2,CA-3,LE-1,LE-2",0.4813862414579758,0.10613051225324728,0.8995450792368318,4
ppi,E+res,random,n,10,0.25,phys,AB4,4,True,"Lena,Canada,Russia_W,Russia_E",-1.8047691676199997,-3.889076852141059,-0.2357021229906289,2
ppi,E+res,random,n,10,0.25,phys,ALL,14,False,"Lena,Canada,Russia_W,Russia_E,AL-1,AL-2,AL-3,AL-4,AL-5,AL-6,CA-2,CA-3,LE-1,LE-2",-0.3261911760908222,-0.9682154532792323,0.5602931245947707,6
ppi,E+res,random,n,10,0.25,shrink,AB4,4,True,"Lena,Canada,Russia_W,Russia_E",0.514677042459256,-0.8275578213143728,1.557944254722266,2
ppi,E+res,random,n,10,0.25,shrink,ALL,14,False,"Lena,Canada,Russia_W,Russia_E,AL-1,AL-2,AL-3,AL-4,AL-5,AL-6,CA-2,CA-3,LE-1,LE-2",0.7524484338363103,0.3087403240826557,1.24189980063515,3
ppi,E+res,random,n,10,0.5,phys,AB4,4,True,"Lena,Canada,Russia_W,Russia_E",-1.919080142229442,-4.194095022693381,-0.35658454242669474,2
ppi,E+res,random,n,10,0.5,phys,ALL,14,False,"Lena,Canada,Russia_W,Russia_E,AL-1,AL-2,AL-3,AL-4,AL-5,AL-6,CA-2,CA-3,LE-1,LE-2",-0.022771670633848783,-0.6649203517958583,0.9757282146897742,6
ppi,E+res,random,n,10,0.5,shrink,AB4,4,True,"Lena,Canada,Russia_W,Russia_E",0.3589855254402795,-0.9043023205330906,1.278010879825762,2
ppi,E+res,random,n,10,0.5,shrink,ALL,14,False,"Lena,Canada,Russia_W,Russia_E,AL-1,AL-2,AL-3,AL-4,AL-5,AL-6,CA-2,CA-3,LE-1,LE-2",0.7586840020480439,0.33670685067303074,1.2376023251164572,4
offset_mle30,E+res,random,n,10,0.25,phys,AB4,4,True,"Lena,Canada,Russia_W,Russia_E",-1.7922425957876837,-3.0584065191430967,-0.9773265817044658,2
offset_mle30,E+res,random,n,10,0.25,phys,ALL,14,False,"Lena,Canada,Russia_W,Russia_E,AL-1,AL-2,AL-3,AL-4,AL-5,AL-6,CA-2,CA-3,LE-1,LE-2",-0.6657731051620217,-1.140700680450346,0.03658269187213911,6
offset_mle30,E+res,random,n,10,0.25,shrink,AB4,4,True,"Lena,Canada,Russia_W,Russia_E",0.527203614291572,-0.10426469118816183,0.9081860047910564,1
offset_mle30,E+res,random,n,10,0.25,shrink,ALL,14,False,"Lena,Canada,Russia_W,Russia_E,AL-1,AL-2,AL-3,AL-4,AL-5,AL-6,CA-2,CA-3,LE-1,LE-2",0.4128665047651107,0.11178353986643108,0.7603225762816596,3
offset_mle30,E+res,random,n,10,0.5,phys,AB4,4,True,"Lena,Canada,Russia_W,Russia_E",-1.8221993297470993,-3.3318776089465203,-0.8957627697347237,2
offset_mle30,E+res,random,n,10,0.5,phys,ALL,14,False,"Lena,Canada,Russia_W,Russia_E,AL-1,AL-2,AL-3,AL-4,AL-5,AL-6,CA-2,CA-3,LE-1,LE-2",-0.3503736358071472,-0.8178090651524295,0.4536783934450373,7
offset_mle30,E+res,random,n,10,0.5,shrink,AB4,4,True,"Lena,Canada,Russia_W,Russia_E",0.45586633792262243,-0.1540206506919138,0.7966123852368688,1
offset_mle30,E+res,random,n,10,0.5,shrink,ALL,14,False,"Lena,Canada,Russia_W,Russia_E,AL-1,AL-2,AL-3,AL-4,AL-5,AL-6,CA-2,CA-3,LE-1,LE-2",0.4310820368747454,0.13987615668434283,0.7812761907713732,4
mixed_boost,E+res,random,n,10,0.25,phys,AB4,4,True,"Lena,Canada,Russia_W,Russia_E",5.636689537588347,2.9121376278354036,8.569795316774202,1
mixed_boost,E+res,random,n,10,0.25,phys,ALL,14,False,"Lena,Canada,Russia_W,Russia_E,AL-1,AL-2,AL-3,AL-4,AL-5,AL-6,CA-2,CA-3,LE-1,LE-2",6.5300251554810105,5.507165827665646,9.284551519111988,2
mixed_boost,E+res,random,n,10,0.25,shrink,AB4,4,True,"Lena,Canada,Russia_W,Russia_E",7.956135747667603,5.60467917396652,10.924625812258986,0
mixed_boost,E+res,random,n,10,0.25,shrink,ALL,14,False,"Lena,Canada,Russia_W,Russia_E,AL-1,AL-2,AL-3,AL-4,AL-5,AL-6,CA-2,CA-3,LE-1,LE-2",7.608664765408142,6.677624452578768,10.095020914571752,0
mixed_boost,E+res,random,n,10,0.5,phys,AB4,4,True,"Lena,Canada,Russia_W,Russia_E",5.614579539588757,2.8816427113320175,8.536221812986765,1
mixed_boost,E+res,random,n,10,0.5,phys,ALL,14,False,"Lena,Canada,Russia_W,Russia_E,AL-1,AL-2,AL-3,AL-4,AL-5,AL-6,CA-2,CA-3,LE-1,LE-2",6.525659174748401,5.49809795245116,9.29405383121035,2
mixed_boost,E+res,random,n,10,0.5,shrink,AB4,4,True,"Lena,Canada,Russia_W,Russia_E",7.892645207258479,5.64014464924497,10.745424966698211,0
mixed_boost,E+res,random,n,10,0.5,shrink,ALL,14,False,"Lena,Canada,Russia_W,Russia_E,AL-1,AL-2,AL-3,AL-4,AL-5,AL-6,CA-2,CA-3,LE-1,LE-2",7.307114847430293,6.388739852471363,9.662643733244032,0
shrink_k10,E,kmedoid,n,10,0.0,phys,AB4,4,True,"Lena,Canada,Russia_W,Russia_E",-2.465953419968215,-3.235106017669406,-1.5415564869445137,2
shrink_k10,E,kmedoid,n,10,0.0,phys,ALL,14,False,"Lena,Canada,Russia_W,Russia_E,AL-1,AL-2,AL-3,AL-4,AL-5,AL-6,CA-2,CA-3,LE-1,LE-2",-0.5668712644524161,-1.0461540951723771,-0.2751259640780251,4
offset_mle,E,kmedoid,n,10,0.0,phys,AB4,4,True,"Lena,Canada,Russia_W,Russia_E",-2.1027787960519424,-3.591240422963676,-0.4694898550275815,3
offset_mle,E,kmedoid,n,10,0.0,phys,ALL,14,False,"Lena,Canada,Russia_W,Russia_E,AL-1,AL-2,AL-3,AL-4,AL-5,AL-6,CA-2,CA-3,LE-1,LE-2",-0.4447417319590546,-1.4396771467187206,0.10020220370762065,5
offset_mle,E,kmedoid,n,10,0.0,shrink,AB4,4,True,"Lena,Canada,Russia_W,Russia_E",0.3631746239162728,-0.5183092590630618,1.2151436126111295,2
offset_mle,E,kmedoid,n,10,0.0,shrink,ALL,14,False,"Lena,Canada,Russia_W,Russia_E,AL-1,AL-2,AL-3,AL-4,AL-5,AL-6,CA-2,CA-3,LE-1,LE-2",0.12212953249336156,-0.47930910470519833,0.4682959397279532,7
ppi,E,kmedoid,n,10,0.0,phys,AB4,4,True,"Lena,Canada,Russia_W,Russia_E",-1.3490007420008379,-3.172583490903134,0.29537702096578317,3
ppi,E,kmedoid,n,10,0.0,phys,ALL,14,False,"Lena,Canada,Russia_W,Russia_E,AL-1,AL-2,AL-3,AL-4,AL-5,AL-6,CA-2,CA-3,LE-1,LE-2",-0.36187950070708,-1.4176812371953145,0.23508638908972387,6
ppi,E,kmedoid,n,10,0.0,shrink,AB4,4,True,"Lena,Canada,Russia_W,Russia_E",1.116952677967377,-0.05101041030540675,2.1324703572619943,1
ppi,E,kmedoid,n,10,0.0,shrink,ALL,14,False,"Lena,Canada,Russia_W,Russia_E,AL-1,AL-2,AL-3,AL-4,AL-5,AL-6,CA-2,CA-3,LE-1,LE-2",0.204991763745336,-0.4407699939720656,0.6438494995526975,6
offset_mle30,E,kmedoid,n,10,0.0,phys,AB4,4,True,"Lena,Canada,Russia_W,Russia_E",-2.046285875623266,-2.974449065515635,-0.9943501627462145,3
offset_mle30,E,kmedoid,n,10,0.0,phys,ALL,14,False,"Lena,Canada,Russia_W,Russia_E,AL-1,AL-2,AL-3,AL-4,AL-5,AL-6,CA-2,CA-3,LE-1,LE-2",-0.5416102208010493,-1.395356511379957,-0.07732753483028187,5
offset_mle30,E,kmedoid,n,10,0.0,shrink,AB4,4,True,"Lena,Canada,Russia_W,Russia_E",0.41966754434494885,0.09748852573482995,0.7115056697544498,1
offset_mle30,E,kmedoid,n,10,0.0,shrink,ALL,14,False,"Lena,Canada,Russia_W,Russia_E,AL-1,AL-2,AL-3,AL-4,AL-5,AL-6,CA-2,CA-3,LE-1,LE-2",0.02526104365136673,-0.4558373100604171,0.26580279178014393,6
offset_ls,E,kmedoid,n,10,0.0,phys,AB4,4,True,"Lena,Canada,Russia_W,Russia_E",-2.063585296616795,-3.729196268150278,-0.20494736687979936,2
offset_ls,E,kmedoid,n,10,0.0,phys,ALL,14,False,"Lena,Canada,Russia_W,Russia_E,AL-1,AL-2,AL-3,AL-4,AL-5,AL-6,CA-2,CA-3,LE-1,LE-2",0.3109286793745292,-0.6092020582118822,0.888230686491843,4
offset_ls,E,kmedoid,n,10,0.0,shrink,AB4,4,True,"Lena,Canada,Russia_W,Russia_E",0.40236812335142,-0.5289282246554875,1.4593059455926018,2
offset_ls,E,kmedoid,n,10,0.0,shrink,ALL,14,False,"Lena,Canada,Russia_W,Russia_E,AL-1,AL-2,AL-3,AL-4,AL-5,AL-6,CA-2,CA-3,LE-1,LE-2",0.8777999438269456,0.4191328618266487,1.1785606717868613,4
mixed_boost,E,kmedoid,n,10,0.0,phys,AB4,4,True,"Lena,Canada,Russia_W,Russia_E",6.108162713158292,3.5736031316122006,9.095317873361438,1
mixed_boost,E,kmedoid,n,10,0.0,phys,ALL,14,False,"Lena,Canada,Russia_W,Russia_E,AL-1,AL-2,AL-3,AL-4,AL-5,AL-6,CA-2,CA-3,LE-1,LE-2",6.073325910148284,4.951018947725592,8.576856397805896,3
mixed_boost,E,kmedoid,n,10,0.0,shrink,AB4,4,True,"Lena,Canada,Russia_W,Russia_E",8.574116133126507,6.298773789310807,11.23604493578304,0
mixed_boost,E,kmedoid,n,10,0.0,shrink,ALL,14,False,"Lena,Canada,Russia_W,Russia_E,AL-1,AL-2,AL-3,AL-4,AL-5,AL-6,CA-2,CA-3,LE-1,LE-2",6.640197174600701,5.709040809112027,9.217397882983411,1
shrink_k10,E+res,kmedoid,n,10,0.25,phys,AB4,4,True,"Lena,Canada,Russia_W,Russia_E",-2.3685976335571164,-3.3358783419982414,-1.4133104626135549,2
shrink_k10,E+res,kmedoid,n,10,0.25,phys,ALL,14,False,"Lena,Canada,Russia_W,Russia_E,AL-1,AL-2,AL-3,AL-4,AL-5,AL-6,CA-2,CA-3,LE-1,LE-2",-0.5932873070081303,-1.0550895020394335,-0.2396431993442603,6
shrink_k10,E+res,kmedoid,n,10,0.5,phys,AB4,4,True,"Lena,Canada,Russia_W,Russia_E",-2.294370337540254,-3.547096931702878,-1.2316381550377586,2
shrink_k10,E+res,kmedoid,n,10,0.5,phys,ALL,14,False,"Lena,Canada,Russia_W,Russia_E,AL-1,AL-2,AL-3,AL-4,AL-5,AL-6,CA-2,CA-3,LE-1,LE-2",-0.4137035226263973,-0.896368957577414,0.05943493453142264,6
offset_mle,E+res,kmedoid,n,10,0.25,phys,AB4,4,True,"Lena,Canada,Russia_W,Russia_E",-1.9073214370998315,-3.589217305065053,-0.32843751337587956,2
offset_mle,E+res,kmedoid,n,10,0.25,phys,ALL,14,False,"Lena,Canada,Russia_W,Russia_E,AL-1,AL-2,AL-3,AL-4,AL-5,AL-6,CA-2,CA-3,LE-1,LE-2",-0.5353041758092261,-1.497736035839134,0.07564955836571118,6
offset_mle,E+res,kmedoid,n,10,0.25,shrink,AB4,4,True,"Lena,Canada,Russia_W,Russia_E",0.4612761964572851,-0.3635144427328438,1.2067809753996779,2
offset_mle,E+res,kmedoid,n,10,0.25,shrink,ALL,14,False,"Lena,Canada,Russia_W,Russia_E,AL-1,AL-2,AL-3,AL-4,AL-5,AL-6,CA-2,CA-3,LE-1,LE-2",0.05798313119890428,-0.5250678362744231,0.4172962165231358,7
offset_mle,E+res,kmedoid,n,10,0.5,phys,AB4,4,True,"Lena,Canada,Russia_W,Russia_E",-1.896797235746116,-3.6292317166176464,-0.26485712721473403,1
offset_mle,E+res,kmedoid,n,10,0.5,phys,ALL,14,False,"Lena,Canada,Russia_W,Russia_E,AL-1,AL-2,AL-3,AL-4,AL-5,AL-6,CA-2,CA-3,LE-1,LE-2",-0.35715138625798415,-1.2996821260093014,0.3363986132842594,5
offset_mle,E+res,kmedoid,n,10,0.5,shrink,AB4,4,True,"Lena,Canada,Russia_W,Russia_E",0.3975731017941383,-0.3627903885382518,1.1036755991222382,2
offset_mle,E+res,kmedoid,n,10,0.5,shrink,ALL,14,False,"Lena,Canada,Russia_W,Russia_E,AL-1,AL-2,AL-3,AL-4,AL-5,AL-6,CA-2,CA-3,LE-1,LE-2",0.05655213636841312,-0.5200746137253246,0.4153865032945112,8
ppi,E+res,kmedoid,n,10,0.25,phys,AB4,4,True,"Lena,Canada,Russia_W,Russia_E",-1.1914314733428057,-3.0788255492574006,0.3473061066330558,2
ppi,E+res,kmedoid,n,10,0.25,phys,ALL,14,False,"Lena,Canada,Russia_W,Russia_E,AL-1,AL-2,AL-3,AL-4,AL-5,AL-6,CA-2,CA-3,LE-1,LE-2",-0.44822024752454254,-1.4718594024530387,0.2211975164651118,6
ppi,E+res,kmedoid,n,10,0.25,shrink,AB4,4,True,"Lena,Canada,Russia_W,Russia_E",1.1771661602143104,0.08719627370056371,2.073818905420589,1
ppi,E+res,kmedoid,n,10,0.25,shrink,ALL,14,False,"Lena,Canada,Russia_W,Russia_E,AL-1,AL-2,AL-3,AL-4,AL-5,AL-6,CA-2,CA-3,LE-1,LE-2",0.14506705948358795,-0.5127740067815807,0.6309986595562708,7
ppi,E+res,kmedoid,n,10,0.5,phys,AB4,4,True,"Lena,Canada,Russia_W,Russia_E",-1.273646352192297,-3.242765860626812,0.28846572084772765,1
ppi,E+res,kmedoid,n,10,0.5,phys,ALL,14,False,"Lena,Canada,Russia_W,Russia_E,AL-1,AL-2,AL-3,AL-4,AL-5,AL-6,CA-2,CA-3,LE-1,LE-2",-0.2836169631910109,-1.2557811962765233,0.47947503489232257,6
ppi,E+res,kmedoid,n,10,0.5,shrink,AB4,4,True,"Lena,Canada,Russia_W,Russia_E",1.0207239853479573,-0.021469925106176332,1.8376152013427665,2
ppi,E+res,kmedoid,n,10,0.5,shrink,ALL,14,False,"Lena,Canada,Russia_W,Russia_E,AL-1,AL-2,AL-3,AL-4,AL-5,AL-6,CA-2,CA-3,LE-1,LE-2",0.13008655943538638,-0.5415773450818235,0.6247073618305444,8
offset_mle30,E+res,kmedoid,n,10,0.25,phys,AB4,4,True,"Lena,Canada,Russia_W,Russia_E",-1.8228947403007079,-2.9477110719013337,-0.791621678123133,2
offset_mle30,E+res,kmedoid,n,10,0.25,phys,ALL,14,False,"Lena,Canada,Russia_W,Russia_E,AL-1,AL-2,AL-3,AL-4,AL-5,AL-6,CA-2,CA-3,LE-1,LE-2",-0.5987160787387465,-1.3962466429563367,-0.059063251446593704,6
offset_mle30,E+res,kmedoid,n,10,0.25,shrink,AB4,4,True,"Lena,Canada,Russia_W,Russia_E",0.5457028932564086,0.23736816172474756,0.7985770910140029,1
offset_mle30,E+res,kmedoid,n,10,0.25,shrink,ALL,14,False,"Lena,Canada,Russia_W,Russia_E,AL-1,AL-2,AL-3,AL-4,AL-5,AL-6,CA-2,CA-3,LE-1,LE-2",-0.005428771730616103,-0.47354607513095087,0.2737261465263291,7
offset_mle30,E+res,kmedoid,n,10,0.5,phys,AB4,4,True,"Lena,Canada,Russia_W,Russia_E",-1.763801554011634,-3.049410324691065,-0.6051870487376257,1
offset_mle30,E+res,kmedoid,n,10,0.5,phys,ALL,14,False,"Lena,Canada,Russia_W,Russia_E,AL-1,AL-2,AL-3,AL-4,AL-5,AL-6,CA-2,CA-3,LE-1,LE-2",-0.40403294712211535,-1.2057454872462963,0.20349336711584962,5
offset_mle30,E+res,kmedoid,n,10,0.5,shrink,AB4,4,True,"Lena,Canada,Russia_W,Russia_E",0.5305687835286205,0.26896780894782935,0.7789613381839998,1
offset_mle30,E+res,kmedoid,n,10,0.5,shrink,ALL,14,False,"Lena,Canada,Russia_W,Russia_E,AL-1,AL-2,AL-3,AL-4,AL-5,AL-6,CA-2,CA-3,LE-1,LE-2",0.009670575504281955,-0.44556228043606494,0.2921574537124918,7
mixed_boost,E+res,kmedoid,n,10,0.25,phys,AB4,4,True,"Lena,Canada,Russia_W,Russia_E",6.781420123130226,4.115676021078815,9.909328013924046,1
mixed_boost,E+res,kmedoid,n,10,0.25,phys,ALL,14,False,"Lena,Canada,Russia_W,Russia_E,AL-1,AL-2,AL-3,AL-4,AL-5,AL-6,CA-2,CA-3,LE-1,LE-2",6.785263613287683,5.503417068384394,9.937562245505843,3
mixed_boost,E+res,kmedoid,n,10,0.25,shrink,AB4,4,True,"Lena,Canada,Russia_W,Russia_E",9.15001775668734,6.925584406317549,12.175657039208458,0
mixed_boost,E+res,kmedoid,n,10,0.25,shrink,ALL,14,False,"Lena,Canada,Russia_W,Russia_E,AL-1,AL-2,AL-3,AL-4,AL-5,AL-6,CA-2,CA-3,LE-1,LE-2",7.378550920295813,6.251498367758815,10.408002290002045,1
mixed_boost,E+res,kmedoid,n,10,0.5,phys,AB4,4,True,"Lena,Canada,Russia_W,Russia_E",6.70382770990696,4.026079909963128,9.847788397604043,1
mixed_boost,E+res,kmedoid,n,10,0.5,phys,ALL,14,False,"Lena,Canada,Russia_W,Russia_E,AL-1,AL-2,AL-3,AL-4,AL-5,AL-6,CA-2,CA-3,LE-1,LE-2",6.781475292062361,5.497343506409987,9.92310572371456,3
mixed_boost,E+res,kmedoid,n,10,0.5,shrink,AB4,4,True,"Lena,Canada,Russia_W,Russia_E",8.998198047447213,6.80564229745198,11.967967524998366,0
mixed_boost,E+res,kmedoid,n,10,0.5,shrink,ALL,14,False,"Lena,Canada,Russia_W,Russia_E,AL-1,AL-2,AL-3,AL-4,AL-5,AL-6,CA-2,CA-3,LE-1,LE-2",7.195178814688759,6.083248632783423,10.061019857207516,0
shrink_k10,E,random,n,20,0.0,phys,AB4,2,False,"Lena,Canada",0.5054490229382846,-0.47948172655375515,1.2050005786933409,1
shrink_k10,E,random,n,20,0.0,phys,ALL,12,False,"Lena,Canada,AL-1,AL-2,AL-3,AL-4,AL-5,AL-6,CA-2,CA-3,LE-1,LE-2",-0.3708081464600559,-0.7295432953350315,0.14362970488587828,5
offset_mle,E,random,n,20,0.0,phys,AB4,2,False,"Lena,Canada",1.9033733768877488,-0.2834929004663676,3.419108290937902,1
offset_mle,E,random,n,20,0.0,phys,ALL,12,False,"Lena,Canada,AL-1,AL-2,AL-3,AL-4,AL-5,AL-6,CA-2,CA-3,LE-1,LE-2",0.1014819191714592,-0.5135977469758426,0.9257209860015785,4
offset_mle,E,random,n,20,0.0,shrink,AB4,2,False,"Lena,Canada",1.3979243539494641,0.17087864427646007,2.2753088522933496,1
offset_mle,E,random,n,20,0.0,shrink,ALL,12,False,"Lena,Canada,AL-1,AL-2,AL-3,AL-4,AL-5,AL-6,CA-2,CA-3,LE-1,LE-2",0.4722900656315152,0.17527373002271224,0.8577713691878152,4
ppi,E,random,n,20,0.0,phys,AB4,2,False,"Lena,Canada",1.991984835348073,-0.24690859828508438,3.5414011374675587,1
ppi,E,random,n,20,0.0,phys,ALL,12,False,"Lena,Canada,AL-1,AL-2,AL-3,AL-4,AL-5,AL-6,CA-2,CA-3,LE-1,LE-2",0.17929639668029215,-0.44381820232221014,1.042836688843984,4
ppi,E,random,n,20,0.0,shrink,AB4,2,False,"Lena,Canada",1.4865358124097883,0.20639044662204079,2.3877587850575623,1
ppi,E,random,n,20,0.0,shrink,ALL,12,False,"Lena,Canada,AL-1,AL-2,AL-3,AL-4,AL-5,AL-6,CA-2,CA-3,LE-1,LE-2",0.5501045431403482,0.24670886784253515,0.959140947319632,4
offset_mle30,E,random,n,20,0.0,phys,AB4,2,False,"Lena,Canada",1.7708399153126182,-0.35109524836711625,3.2511306364099557,1
offset_mle30,E,random,n,20,0.0,phys,ALL,12,False,"Lena,Canada,AL-1,AL-2,AL-3,AL-4,AL-5,AL-6,CA-2,CA-3,LE-1,LE-2",-0.009297236340538714,-0.6075740189695834,0.7842610872307052,4
offset_mle30,E,random,n,20,0.0,shrink,AB4,2,False,"Lena,Canada",1.2653908923743336,0.10531246768449565,2.100754069130136,1
offset_mle30,E,random,n,20,0.0,shrink,ALL,12,False,"Lena,Canada,AL-1,AL-2,AL-3,AL-4,AL-5,AL-6,CA-2,CA-3,LE-1,LE-2",0.36151091011951725,0.08071558519564848,0.709959304763725,4
offset_ls,E,random,n,20,0.0,phys,AB4,2,False,"Lena,Canada",1.0856386227401162,-0.28487045864640115,2.053775987657041,1
offset_ls,E,random,n,20,0.0,phys,ALL,12,False,"Lena,Canada,AL-1,AL-2,AL-3,AL-4,AL-5,AL-6,CA-2,CA-3,LE-1,LE-2",0.20841649698239775,-0.28778570853236896,0.9387327807432695,4
offset_ls,E,random,n,20,0.0,shrink,AB4,2,False,"Lena,Canada",0.5801895998018315,0.1991226001715708,0.8367979269182233,1
offset_ls,E,random,n,20,0.0,shrink,ALL,12,False,"Lena,Canada,AL-1,AL-2,AL-3,AL-4,AL-5,AL-6,CA-2,CA-3,LE-1,LE-2",0.5792246434424538,0.4438662014564969,0.794925338293947,3
mixed_boost,E,random,n,20,0.0,phys,AB4,2,False,"Lena,Canada",10.655324603236044,7.1641372825236145,13.456912269557414,0
mixed_boost,E,random,n,20,0.0,phys,ALL,12,False,"Lena,Canada,AL-1,AL-2,AL-3,AL-4,AL-5,AL-6,CA-2,CA-3,LE-1,LE-2",7.839251846806054,6.6407906800369245,10.895867891326713,2
mixed_boost,E,random,n,20,0.0,shrink,AB4,2,False,"Lena,Canada",10.14987558029776,7.195190452454067,12.764663687695906,0
mixed_boost,E,random,n,20,0.0,shrink,ALL,12,False,"Lena,Canada,AL-1,AL-2,AL-3,AL-4,AL-5,AL-6,CA-2,CA-3,LE-1,LE-2",8.210059993266109,7.043195263540953,11.081250163319107,0
shrink_k10,E+res,random,n,20,0.25,phys,AB4,2,False,"Lena,Canada",-0.04618706109884391,-1.1107092244667336,0.6083616533746514,1
shrink_k10,E+res,random,n,20,0.25,phys,ALL,12,False,"Lena,Canada,AL-1,AL-2,AL-3,AL-4,AL-5,AL-6,CA-2,CA-3,LE-1,LE-2",-0.40929865138771454,-0.7608448230313009,0.1073404445127127,4
shrink_k10,E+res,random,n,20,0.5,phys,AB4,2,False,"Lena,Canada",-0.3969581803437062,-1.4208229462803004,0.1850623165619416,1
shrink_k10,E+res,random,n,20,0.5,phys,ALL,12,False,"Lena,Canada,AL-1,AL-2,AL-3,AL-4,AL-5,AL-6,CA-2,CA-3,LE-1,LE-2",-0.24039001898185705,-0.606419167552797,0.4238422635658095,4
offset_mle,E+res,random,n,20,0.25,phys,AB4,2,False,"Lena,Canada",1.0141084350115053,-1.20770788035261,2.399627225423263,1
offset_mle,E+res,random,n,20,0.25,phys,ALL,12,False,"Lena,Canada,AL-1,AL-2,AL-3,AL-4,AL-5,AL-6,CA-2,CA-3,LE-1,LE-2",-0.06213869260644994,-0.6444952030291315,0.7271903233810502,4
offset_mle,E+res,random,n,20,0.25,shrink,AB4,2,False,"Lena,Canada",1.0602954961103492,-0.07389350193471964,1.7997377015784195,1
offset_mle,E+res,random,n,20,0.25,shrink,ALL,12,False,"Lena,Canada,AL-1,AL-2,AL-3,AL-4,AL-5,AL-6,CA-2,CA-3,LE-1,LE-2",0.3471599587812646,0.025509358633860942,0.7185931989636745,4
offset_mle,E+res,random,n,20,0.5,phys,AB4,2,False,"Lena,Canada",0.48169390015418534,-1.5817090874019841,1.6891945185851602,1
offset_mle,E+res,random,n,20,0.5,phys,ALL,12,False,"Lena,Canada,AL-1,AL-2,AL-3,AL-4,AL-5,AL-6,CA-2,CA-3,LE-1,LE-2",0.12236790533003021,-0.4117271184456407,0.9985234860824483,4
offset_mle,E+res,random,n,20,0.5,shrink,AB4,2,False,"Lena,Canada",0.8786520804978915,-0.18536035018485894,1.5270419398701423,1
offset_mle,E+res,random,n,20,0.5,shrink,ALL,12,False,"Lena,Canada,AL-1,AL-2,AL-3,AL-4,AL-5,AL-6,CA-2,CA-3,LE-1,LE-2",0.3627579243118871,0.048033580713790935,0.7232436609010978,4
ppi,E+res,random,n,20,0.25,phys,AB4,2,False,"Lena,Canada",1.1631333411896514,-1.1173728837079506,2.605859226064353,1
ppi,E+res,random,n,20,0.25,phys,ALL,12,False,"Lena,Canada,AL-1,AL-2,AL-3,AL-4,AL-5,AL-6,CA-2,CA-3,LE-1,LE-2",0.00034375331115388263,-0.5924073482685839,0.8337826932788958,4
ppi,E+res,random,n,20,0.25,shrink,AB4,2,False,"Lena,Canada",1.2093204022884954,-0.011457292204502173,1.971046217084449,1
ppi,E+res,random,n,20,0.25,shrink,ALL,12,False,"Lena,Canada,AL-1,AL-2,AL-3,AL-4,AL-5,AL-6,CA-2,CA-3,LE-1,LE-2",0.4096424046988684,0.06972166792958943,0.8218870457202055,4
ppi,E+res,random,n,20,0.5,phys,AB4,2,False,"Lena,Canada",0.6247443155831207,-1.4815739116264022,1.879304376868441,1
ppi,E+res,random,n,20,0.5,phys,ALL,12,False,"Lena,Canada,AL-1,AL-2,AL-3,AL-4,AL-5,AL-6,CA-2,CA-3,LE-1,LE-2",0.15674173951473128,-0.3881820674637746,1.0864353446731654,4
ppi,E+res,random,n,20,0.5,shrink,AB4,2,False,"Lena,Canada",1.0217024959268268,-0.09546975322719987,1.7102044077186864,1
ppi,E+res,random,n,20,0.5,shrink,ALL,12,False,"Lena,Canada,AL-1,AL-2,AL-3,AL-4,AL-5,AL-6,CA-2,CA-3,LE-1,LE-2",0.3971317584965883,0.07452676227317862,0.8050557247730773,4
offset_mle30,E+res,random,n,20,0.25,phys,AB4,2,False,"Lena,Canada",0.9030508482450338,-1.2287519555036737,2.2478348037292264,1
offset_mle30,E+res,random,n,20,0.25,phys,ALL,12,False,"Lena,Canada,AL-1,AL-2,AL-3,AL-4,AL-5,AL-6,CA-2,CA-3,LE-1,LE-2",-0.16669221675766097,-0.7358847687848343,0.592013605175688,4
offset_mle30,E+res,random,n,20,0.25,shrink,AB4,2,False,"Lena,Canada",0.9492379093438776,-0.12729882669001746,1.6483256502578567,1
offset_mle30,E+res,random,n,20,0.25,shrink,ALL,12,False,"Lena,Canada,AL-1,AL-2,AL-3,AL-4,AL-5,AL-6,CA-2,CA-3,LE-1,LE-2",0.24260643463005338,-0.05944564054372414,0.5819061786497786,4
offset_mle30,E+res,random,n,20,0.5,phys,AB4,2,False,"Lena,Canada",0.38430129909792277,-1.6000495217346478,1.5492344633225794,1
offset_mle30,E+res,random,n,20,0.5,phys,ALL,12,False,"Lena,Canada,AL-1,AL-2,AL-3,AL-4,AL-5,AL-6,CA-2,CA-3,LE-1,LE-2",0.008584149345168933,-0.5285137908318086,0.8613091597739329,4
offset_mle30,E+res,random,n,20,0.5,shrink,AB4,2,False,"Lena,Canada",0.781259479441629,-0.21387646334092675,1.3983698517629428,1
offset_mle30,E+res,random,n,20,0.5,shrink,ALL,12,False,"Lena,Canada,AL-1,AL-2,AL-3,AL-4,AL-5,AL-6,CA-2,CA-3,LE-1,LE-2",0.24897416832702587,-0.045824309114094505,0.5790492804393251,6
mixed_boost,E+res,random,n,20,0.25,phys,AB4,2,False,"Lena,Canada",7.828735857128079,4.506187709433416,9.990759043825511,0
mixed_boost,E+res,random,n,20,0.25,phys,ALL,12,False,"Lena,Canada,AL-1,AL-2,AL-3,AL-4,AL-5,AL-6,CA-2,CA-3,LE-1,LE-2",7.131790348230705,5.623632834089174,10.953060232489163,2
mixed_boost,E+res,random,n,20,0.25,shrink,AB4,2,False,"Lena,Canada",7.874922918226924,5.3246832404333695,9.639039883701647,0
mixed_boost,E+res,random,n,20,0.25,shrink,ALL,12,False,"Lena,Canada,AL-1,AL-2,AL-3,AL-4,AL-5,AL-6,CA-2,CA-3,LE-1,LE-2",7.541088999618419,6.099821595614702,11.181185433379977,0
mixed_boost,E+res,random,n,20,0.5,phys,AB4,2,False,"Lena,Canada",7.8022846020766305,4.498259192741074,9.952787782322735,0
mixed_boost,E+res,random,n,20,0.5,phys,ALL,12,False,"Lena,Canada,AL-1,AL-2,AL-3,AL-4,AL-5,AL-6,CA-2,CA-3,LE-1,LE-2",7.131586486778019,5.631436846373212,10.955009231293378,2
mixed_boost,E+res,random,n,20,0.5,shrink,AB4,2,False,"Lena,Canada",8.199242782420336,5.63955914396711,10.011744779142848,0
mixed_boost,E+res,random,n,20,0.5,shrink,ALL,12,False,"Lena,Canada,AL-1,AL-2,AL-3,AL-4,AL-5,AL-6,CA-2,CA-3,LE-1,LE-2",7.371976505759874,5.956685103077884,10.798397990052118,0
shrink_k10,E,kmedoid,n,20,0.0,phys,AB4,2,False,"Lena,Canada",0.5836302680665202,0.06143451286333899,1.0018163376386278,0
shrink_k10,E,kmedoid,n,20,0.0,phys,ALL,12,False,"Lena,Canada,AL-1,AL-2,AL-3,AL-4,AL-5,AL-6,CA-2,CA-3,LE-1,LE-2",-0.1367264039206898,-0.7115571655978365,0.10586887553399595,5
offset_mle,E,kmedoid,n,20,0.0,phys,AB4,2,False,"Lena,Canada",0.19636200165774478,-0.48970055711536975,0.8772681462328372,1
offset_mle,E,kmedoid,n,20,0.0,phys,ALL,12,False,"Lena,Canada,AL-1,AL-2,AL-3,AL-4,AL-5,AL-6,CA-2,CA-3,LE-1,LE-2",-0.48358336080218395,-1.3561980315644422,-0.025695537450244072,4
offset_mle,E,kmedoid,n,20,0.0,shrink,AB4,2,False,"Lena,Canada",-0.3872682664087754,-0.8001000463639764,0.13501345047175012,1
offset_mle,E,kmedoid,n,20,0.0,shrink,ALL,12,False,"Lena,Canada,AL-1,AL-2,AL-3,AL-4,AL-5,AL-6,CA-2,CA-3,LE-1,LE-2",-0.3468569568814941,-0.7376723889977201,0.02958527776682629,8
ppi,E,kmedoid,n,20,0.0,phys,AB4,2,False,"Lena,Canada",1.1188650150920736,-0.1985339921498534,1.9931435713553813,1
ppi,E,kmedoid,n,20,0.0,phys,ALL,12,False,"Lena,Canada,AL-1,AL-2,AL-3,AL-4,AL-5,AL-6,CA-2,CA-3,LE-1,LE-2",-0.4456945214072077,-1.3484651743764846,0.09715904144355864,4
ppi,E,kmedoid,n,20,0.0,shrink,AB4,2,False,"Lena,Canada",0.5352347470255535,-0.7167203668387755,1.3761657890915753,1
ppi,E,kmedoid,n,20,0.0,shrink,ALL,12,False,"Lena,Canada,AL-1,AL-2,AL-3,AL-4,AL-5,AL-6,CA-2,CA-3,LE-1,LE-2",-0.3089681174865178,-0.7535518039871397,0.2042408408569738,8
offset_mle30,E,kmedoid,n,20,0.0,phys,AB4,2,False,"Lena,Canada",0.17512895746882567,-0.4893485049713708,0.83147370347917,1
offset_mle30,E,kmedoid,n,20,0.0,phys,ALL,12,False,"Lena,Canada,AL-1,AL-2,AL-3,AL-4,AL-5,AL-6,CA-2,CA-3,LE-1,LE-2",-0.5221832497701696,-1.3550375212584935,-0.08637326137735407,4
offset_mle30,E,kmedoid,n,20,0.0,shrink,AB4,2,False,"Lena,Canada",-0.40850131059769446,-0.8082353765605681,0.10794092340025695,1
offset_mle30,E,kmedoid,n,20,0.0,shrink,ALL,12,False,"Lena,Canada,AL-1,AL-2,AL-3,AL-4,AL-5,AL-6,CA-2,CA-3,LE-1,LE-2",-0.3854568458494796,-0.7501894734574633,-0.015586366265349068,8
offset_ls,E,kmedoid,n,20,0.0,phys,AB4,2,False,"Lena,Canada",0.9603109621170294,0.21006641878762716,1.5506542959389755,0
offset_ls,E,kmedoid,n,20,0.0,phys,ALL,12,False,"Lena,Canada,AL-1,AL-2,AL-3,AL-4,AL-5,AL-6,CA-2,CA-3,LE-1,LE-2",0.23843489448623645,-0.5850502897914953,0.5873842285717842,4
offset_ls,E,kmedoid,n,20,0.0,shrink,AB4,2,False,"Lena,Canada",0.3766806940505093,0.1480365891962415,0.5412571497286853,0
offset_ls,E,kmedoid,n,20,0.0,shrink,ALL,12,False,"Lena,Canada,AL-1,AL-2,AL-3,AL-4,AL-5,AL-6,CA-2,CA-3,LE-1,LE-2",0.37516129840692636,0.11814252670280173,0.48501531130520137,2
mixed_boost,E,kmedoid,n,20,0.0,phys,AB4,2,False,"Lena,Canada",12.946743765492252,9.240010861754337,15.301921280093119,0
mixed_boost,E,kmedoid,n,20,0.0,phys,ALL,12,False,"Lena,Canada,AL-1,AL-2,AL-3,AL-4,AL-5,AL-6,CA-2,CA-3,LE-1,LE-2",7.544700980095811,6.192543215384809,9.668893006387586,2
mixed_boost,E,kmedoid,n,20,0.0,shrink,AB4,2,False,"Lena,Canada",12.363113497425733,8.667115488166349,14.81092983402459,0
mixed_boost,E,kmedoid,n,20,0.0,shrink,ALL,12,False,"Lena,Canada,AL-1,AL-2,AL-3,AL-4,AL-5,AL-6,CA-2,CA-3,LE-1,LE-2",7.681427384016504,6.578172505668673,9.923549178078556,1
shrink_k10,E+res,kmedoid,n,20,0.25,phys,AB4,2,False,"Lena,Canada",0.5075876089979466,-0.15179498470172526,0.9710348449483652,1
shrink_k10,E+res,kmedoid,n,20,0.25,phys,ALL,12,False,"Lena,Canada,AL-1,AL-2,AL-3,AL-4,AL-5,AL-6,CA-2,CA-3,LE-1,LE-2",-0.20982198411649022,-0.7153072725943233,0.08432993624493088,4
shrink_k10,E+res,kmedoid,n,20,0.5,phys,AB4,2,False,"Lena,Canada",0.37835162050683296,-0.33251162332858186,0.8924238604344941,1
shrink_k10,E+res,kmedoid,n,20,0.5,phys,ALL,12,False,"Lena,Canada,AL-1,AL-2,AL-3,AL-4,AL-5,AL-6,CA-2,CA-3,LE-1,LE-2",-0.050143407362052694,-0.5505537577890095,0.3880686749304871,4
offset_mle,E+res,kmedoid,n,20,0.25,phys,AB4,2,False,"Lena,Canada",0.3993385623799224,-0.5422108414719293,1.1355544090944718,1
offset_mle,E+res,kmedoid,n,20,0.25,phys,ALL,12,False,"Lena,Canada,AL-1,AL-2,AL-3,AL-4,AL-5,AL-6,CA-2,CA-3,LE-1,LE-2",-0.49488545418429125,-1.2634550036100778,0.04423055168036728,4
offset_mle,E+res,kmedoid,n,20,0.25,shrink,AB4,2,False,"Lena,Canada",-0.10824904661802415,-0.5495102478714337,0.37356071034917643,1
offset_mle,E+res,kmedoid,n,20,0.25,shrink,ALL,12,False,"Lena,Canada,AL-1,AL-2,AL-3,AL-4,AL-5,AL-6,CA-2,CA-3,LE-1,LE-2",-0.2850634700678008,-0.6628817229984301,0.08601130438137658,8
offset_mle,E+res,kmedoid,n,20,0.5,phys,AB4,2,False,"Lena,Canada",0.276415931976261,-0.6268956473150153,1.0207897753949655,0
offset_mle,E+res,kmedoid,n,20,0.5,phys,ALL,12,False,"Lena,Canada,AL-1,AL-2,AL-3,AL-4,AL-5,AL-6,CA-2,CA-3,LE-1,LE-2",-0.28172562890831976,-1.0177149512546035,0.3857637359821936,4
offset_mle,E+res,kmedoid,n,20,0.5,shrink,AB4,2,False,"Lena,Canada",-0.10193568853057194,-0.4686728774920647,0.30495776091777116,1
offset_mle,E+res,kmedoid,n,20,0.5,shrink,ALL,12,False,"Lena,Canada,AL-1,AL-2,AL-3,AL-4,AL-5,AL-6,CA-2,CA-3,LE-1,LE-2",-0.23158222154626695,-0.5861408047154124,0.12948900369483157,7
ppi,E+res,kmedoid,n,20,0.25,phys,AB4,2,False,"Lena,Canada",1.1475600300029494,-0.21789887292922108,1.9731692128017837,1
ppi,E+res,kmedoid,n,20,0.25,phys,ALL,12,False,"Lena,Canada,AL-1,AL-2,AL-3,AL-4,AL-5,AL-6,CA-2,CA-3,LE-1,LE-2",-0.5001882770609579,-1.3206593620259819,0.13534991986898384,4
ppi,E+res,kmedoid,n,20,0.25,shrink,AB4,2,False,"Lena,Canada",0.639972421005003,-0.5426774332884926,1.4157475965369526,1
ppi,E+res,kmedoid,n,20,0.25,shrink,ALL,12,False,"Lena,Canada,AL-1,AL-2,AL-3,AL-4,AL-5,AL-6,CA-2,CA-3,LE-1,LE-2",-0.29036629294446764,-0.725123525601319,0.19855656243068767,8
ppi,E+res,kmedoid,n,20,0.5,phys,AB4,2,False,"Lena,Canada",0.9241767785628463,-0.39300878185210336,1.6712933579459526,0
ppi,E+res,kmedoid,n,20,0.5,phys,ALL,12,False,"Lena,Canada,AL-1,AL-2,AL-3,AL-4,AL-5,AL-6,CA-2,CA-3,LE-1,LE-2",-0.32208585254984795,-1.0909947284085613,0.4125240739485496,4
ppi,E+res,kmedoid,n,20,0.5,shrink,AB4,2,False,"Lena,Canada",0.5458251580560135,-0.5438234517924996,1.2306261268004826,1
ppi,E+res,kmedoid,n,20,0.5,shrink,ALL,12,False,"Lena,Canada,AL-1,AL-2,AL-3,AL-4,AL-5,AL-6,CA-2,CA-3,LE-1,LE-2",-0.2719424451877952,-0.6930099783860445,0.20276663226888464,7
offset_mle30,E+res,kmedoid,n,20,0.25,phys,AB4,2,False,"Lena,Canada",0.3492158476740874,-0.5648833146155929,1.0686480666066827,1
offset_mle30,E+res,kmedoid,n,20,0.25,phys,ALL,12,False,"Lena,Canada,AL-1,AL-2,AL-3,AL-4,AL-5,AL-6,CA-2,CA-3,LE-1,LE-2",-0.5412581993353311,-1.2745625723190537,-0.01491037935166561,4
offset_mle30,E+res,kmedoid,n,20,0.25,shrink,AB4,2,False,"Lena,Canada",-0.15837176132385916,-0.57597159045393,0.3070433733238733,1
offset_mle30,E+res,kmedoid,n,20,0.25,shrink,ALL,12,False,"Lena,Canada,AL-1,AL-2,AL-3,AL-4,AL-5,AL-6,CA-2,CA-3,LE-1,LE-2",-0.33143621521884076,-0.6753085997359964,0.027960998490846104,8
offset_mle30,E+res,kmedoid,n,20,0.5,phys,AB4,2,False,"Lena,Canada",0.2117671577467434,-0.6707829938504581,0.95731189108402,0
offset_mle30,E+res,kmedoid,n,20,0.5,phys,ALL,12,False,"Lena,Canada,AL-1,AL-2,AL-3,AL-4,AL-5,AL-6,CA-2,CA-3,LE-1,LE-2",-0.3398644164497399,-1.0350560045370978,0.3179033655339997,4
offset_mle30,E+res,kmedoid,n,20,0.5,shrink,AB4,2,False,"Lena,Canada",-0.16658446276008948,-0.519872433365328,0.24945317486189794,1
offset_mle30,E+res,kmedoid,n,20,0.5,shrink,ALL,12,False,"Lena,Canada,AL-1,AL-2,AL-3,AL-4,AL-5,AL-6,CA-2,CA-3,LE-1,LE-2",-0.28972100908768716,-0.6119736761681736,0.06274017713086506,8
mixed_boost,E+res,kmedoid,n,20,0.25,phys,AB4,2,False,"Lena,Canada",15.386548603615363,10.753535601948839,19.376230089539796,0
mixed_boost,E+res,kmedoid,n,20,0.25,phys,ALL,12,False,"Lena,Canada,AL-1,AL-2,AL-3,AL-4,AL-5,AL-6,CA-2,CA-3,LE-1,LE-2",7.339605035909176,6.0165387152853045,10.261555107686114,2
mixed_boost,E+res,kmedoid,n,20,0.25,shrink,AB4,2,False,"Lena,Canada",14.878960994617419,10.548200060489686,18.659152930509546,0
mixed_boost,E+res,kmedoid,n,20,0.25,shrink,ALL,12,False,"Lena,Canada,AL-1,AL-2,AL-3,AL-4,AL-5,AL-6,CA-2,CA-3,LE-1,LE-2",7.549427020025664,6.465932717862043,10.384708969909045,1
mixed_boost,E+res,kmedoid,n,20,0.5,phys,AB4,2,False,"Lena,Canada",15.37286994718951,10.738856899321632,19.34022091103819,0
mixed_boost,E+res,kmedoid,n,20,0.5,phys,ALL,12,False,"Lena,Canada,AL-1,AL-2,AL-3,AL-4,AL-5,AL-6,CA-2,CA-3,LE-1,LE-2",7.379024246367777,6.057345905315929,10.309892173564279,2
mixed_boost,E+res,kmedoid,n,20,0.5,shrink,AB4,2,False,"Lena,Canada",14.99451832668268,10.812074781330045,18.722359975632024,0
mixed_boost,E+res,kmedoid,n,20,0.5,shrink,ALL,12,False,"Lena,Canada,AL-1,AL-2,AL-3,AL-4,AL-5,AL-6,CA-2,CA-3,LE-1,LE-2",7.42916765372983,6.34873171889126,10.099117436969644,0
shrink_k10,E,random,n,40,0.0,phys,AB4,2,False,"Lena,Canada",1.0038217264670968,-0.22422149523619356,1.8092367342775175,1
shrink_k10,E,random,n,40,0.0,phys,ALL,12,False,"Lena,Canada,AL-1,AL-2,AL-3,AL-4,AL-5,AL-6,CA-2,CA-3,LE-1,LE-2",-0.26576897245168724,-0.6988417185286858,0.2925702302461886,6
offset_mle,E,random,n,40,0.0,phys,AB4,2,False,"Lena,Canada",2.2714415373613277,0.011652693261080184,3.873653664949601,1
offset_mle,E,random,n,40,0.0,phys,ALL,12,False,"Lena,Canada,AL-1,AL-2,AL-3,AL-4,AL-5,AL-6,CA-2,CA-3,LE-1,LE-2",-0.04367671363898553,-0.686473685423957,0.7593156570285001,5
offset_mle,E,random,n,40,0.0,shrink,AB4,2,False,"Lena,Canada",1.2676198108942311,0.15587227658988959,2.086200473638092,1
offset_mle,E,random,n,40,0.0,shrink,ALL,12,False,"Lena,Canada,AL-1,AL-2,AL-3,AL-4,AL-5,AL-6,CA-2,CA-3,LE-1,LE-2",0.2220922588127016,-0.06799515414098137,0.5656204574289904,5
ppi,E,random,n,40,0.0,phys,AB4,2,False,"Lena,Canada",2.3523524220482126,-0.013018233655040604,4.003165139150295,1
ppi,E,random,n,40,0.0,phys,ALL,12,False,"Lena,Canada,AL-1,AL-2,AL-3,AL-4,AL-5,AL-6,CA-2,CA-3,LE-1,LE-2",0.003211069125549304,-0.6454538985989801,0.8287485918699896,5
ppi,E,random,n,40,0.0,shrink,AB4,2,False,"Lena,Canada",1.348530695581116,0.13910039395923068,2.20594319744414,1
ppi,E,random,n,40,0.0,shrink,ALL,12,False,"Lena,Canada,AL-1,AL-2,AL-3,AL-4,AL-5,AL-6,CA-2,CA-3,LE-1,LE-2",0.2689800415772365,-0.029033855927921143,0.6315744308515934,5
offset_mle30,E,random,n,40,0.0,phys,AB4,2,False,"Lena,Canada",2.19791837425453,-0.02776367669550991,3.77589342704569,1
offset_mle30,E,random,n,40,0.0,phys,ALL,12,False,"Lena,Canada,AL-1,AL-2,AL-3,AL-4,AL-5,AL-6,CA-2,CA-3,LE-1,LE-2",-0.09682370818655041,-0.728703427209579,0.6896156239459658,5
offset_mle30,E,random,n,40,0.0,shrink,AB4,2,False,"Lena,Canada",1.1940966477874333,0.11614411057911751,1.9893286801616046,1
offset_mle30,E,random,n,40,0.0,shrink,ALL,12,False,"Lena,Canada,AL-1,AL-2,AL-3,AL-4,AL-5,AL-6,CA-2,CA-3,LE-1,LE-2",0.16894526426513667,-0.11544592708089833,0.49241089941566524,6
offset_ls,E,random,n,40,0.0,phys,AB4,2,False,"Lena,Canada",1.4216374003008267,-0.0404974731522964,2.3812756322522537,1
offset_ls,E,random,n,40,0.0,phys,ALL,12,False,"Lena,Canada,AL-1,AL-2,AL-3,AL-4,AL-5,AL-6,CA-2,CA-3,LE-1,LE-2",0.09909072741887748,-0.4116722667445367,0.7760096639978626,6
offset_ls,E,random,n,40,0.0,shrink,AB4,2,False,"Lena,Canada",0.4178156738337299,0.18422633910005087,0.577636044174983,1
offset_ls,E,random,n,40,0.0,shrink,ALL,12,False,"Lena,Canada,AL-1,AL-2,AL-3,AL-4,AL-5,AL-6,CA-2,CA-3,LE-1,LE-2",0.3648596998705645,0.28787171509631637,0.4870908603920573,3
mixed_boost,E,random,n,40,0.0,phys,AB4,2,False,"Lena,Canada",11.883990166548328,8.242434311232659,14.446110593528967,0
mixed_boost,E,random,n,40,0.0,phys,ALL,12,False,"Lena,Canada,AL-1,AL-2,AL-3,AL-4,AL-5,AL-6,CA-2,CA-3,LE-1,LE-2",8.706444425335206,7.411938440554277,10.98088300771145,2
mixed_boost,E,random,n,40,0.0,shrink,AB4,2,False,"Lena,Canada",10.880168440081231,7.863018870590712,13.22956479065337,0
mixed_boost,E,random,n,40,0.0,shrink,ALL,12,False,"Lena,Canada,AL-1,AL-2,AL-3,AL-4,AL-5,AL-6,CA-2,CA-3,LE-1,LE-2",8.972213397786895,7.714015694630557,11.128984787268573,0
shrink_k10,E+res,random,n,40,0.25,phys,AB4,2,False,"Lena,Canada",0.2422488012361862,-0.9967449720814133,1.0065397898091724,1
shrink_k10,E+res,random,n,40,0.25,phys,ALL,12,False,"Lena,Canada,AL-1,AL-2,AL-3,AL-4,AL-5,AL-6,CA-2,CA-3,LE-1,LE-2",-0.22949584471065843,-0.6432427978114106,0.3518951530511487,4
shrink_k10,E+res,random,n,40,0.5,phys,AB4,2,False,"Lena,Canada",-0.1443602798425247,-1.346141963581314,0.5515506799470318,1
shrink_k10,E+res,random,n,40,0.5,phys,ALL,12,False,"Lena,Canada,AL-1,AL-2,AL-3,AL-4,AL-5,AL-6,CA-2,CA-3,LE-1,LE-2",0.0037900447408640847,-0.4166426828406028,0.6820262491402772,4
offset_mle,E+res,random,n,40,0.25,phys,AB4,2,False,"Lena,Canada",1.4565823889685245,-0.7265763992736762,2.876804406865556,1
offset_mle,E+res,random,n,40,0.25,phys,ALL,12,False,"Lena,Canada,AL-1,AL-2,AL-3,AL-4,AL-5,AL-6,CA-2,CA-3,LE-1,LE-2",-0.01798885531476993,-0.6408431759734843,0.8217575134847612,5
offset_mle,E+res,random,n,40,0.25,shrink,AB4,2,False,"Lena,Canada",1.2143335877323382,0.15039897753024914,1.9195099093650692,1
offset_mle,E+res,random,n,40,0.25,shrink,ALL,12,False,"Lena,Canada,AL-1,AL-2,AL-3,AL-4,AL-5,AL-6,CA-2,CA-3,LE-1,LE-2",0.2115069893958886,-0.11217946287116973,0.5780859999467315,6
offset_mle,E+res,random,n,40,0.5,phys,AB4,2,False,"Lena,Canada",0.9403598080312586,-1.2149658915105375,2.162984743314734,1
offset_mle,E+res,random,n,40,0.5,phys,ALL,12,False,"Lena,Canada,AL-1,AL-2,AL-3,AL-4,AL-5,AL-6,CA-2,CA-3,LE-1,LE-2",0.18843515283231493,-0.3944071031689996,1.0866490145252798,4
offset_mle,E+res,random,n,40,0.5,shrink,AB4,2,False,"Lena,Canada",1.0847200878737835,0.08421902017959215,1.7213757798563991,1
offset_mle,E+res,random,n,40,0.5,shrink,ALL,12,False,"Lena,Canada,AL-1,AL-2,AL-3,AL-4,AL-5,AL-6,CA-2,CA-3,LE-1,LE-2",0.18464510809145088,-0.13100578279094358,0.5512203766183809,6
ppi,E+res,random,n,40,0.25,phys,AB4,2,False,"Lena,Canada",1.4022085584695776,-0.7977071711755903,2.819111274644341,1
ppi,E+res,random,n,40,0.25,phys,ALL,12,False,"Lena,Canada,AL-1,AL-2,AL-3,AL-4,AL-5,AL-6,CA-2,CA-3,LE-1,LE-2",0.008124858466226856,-0.6306462786548678,0.8567012327894512,5
ppi,E+res,random,n,40,0.25,shrink,AB4,2,False,"Lena,Canada",1.1599597572333915,0.0815061840741296,1.865916424971942,1
ppi,E+res,random,n,40,0.25,shrink,ALL,12,False,"Lena,Canada,AL-1,AL-2,AL-3,AL-4,AL-5,AL-6,CA-2,CA-3,LE-1,LE-2",0.23762070317688533,-0.09466579870012183,0.6176858880638706,7
ppi,E+res,random,n,40,0.5,phys,AB4,2,False,"Lena,Canada",0.8768105728391188,-1.2701319510668212,2.08996484569374,1
ppi,E+res,random,n,40,0.5,phys,ALL,12,False,"Lena,Canada,AL-1,AL-2,AL-3,AL-4,AL-5,AL-6,CA-2,CA-3,LE-1,LE-2",0.21866453264599695,-0.37301336935677976,1.1352032653410813,4
ppi,E+res,random,n,40,0.5,shrink,AB4,2,False,"Lena,Canada",1.0211708526816434,0.025405920957342523,1.6538072123871383,1
ppi,E+res,random,n,40,0.5,shrink,ALL,12,False,"Lena,Canada,AL-1,AL-2,AL-3,AL-4,AL-5,AL-6,CA-2,CA-3,LE-1,LE-2",0.21487448790513294,-0.1073493960111306,0.5964475499096449,6
offset_mle30,E+res,random,n,40,0.25,phys,AB4,2,False,"Lena,Canada",1.3685047117154996,-0.7733844674713736,2.7482633277039734,1
offset_mle30,E+res,random,n,40,0.25,phys,ALL,12,False,"Lena,Canada,AL-1,AL-2,AL-3,AL-4,AL-5,AL-6,CA-2,CA-3,LE-1,LE-2",-0.07437329225868594,-0.6893910362315411,0.7481886168490719,5
offset_mle30,E+res,random,n,40,0.25,shrink,AB4,2,False,"Lena,Canada",1.1262559104793135,0.0989147068645563,1.8040283786066673,1
offset_mle30,E+res,random,n,40,0.25,shrink,ALL,12,False,"Lena,Canada,AL-1,AL-2,AL-3,AL-4,AL-5,AL-6,CA-2,CA-3,LE-1,LE-2",0.1551225524519726,-0.16400289348195463,0.5095324418961888,7
offset_mle30,E+res,random,n,40,0.5,phys,AB4,2,False,"Lena,Canada",0.8411986296522364,-1.2513858391740855,2.039945567038137,1
offset_mle30,E+res,random,n,40,0.5,phys,ALL,12,False,"Lena,Canada,AL-1,AL-2,AL-3,AL-4,AL-5,AL-6,CA-2,CA-3,LE-1,LE-2",0.1346176384631659,-0.4441177225043722,1.0263340216645886,4
offset_mle30,E+res,random,n,40,0.5,shrink,AB4,2,False,"Lena,Canada",0.9855589094947612,0.03993211352459347,1.592876427119817,1
offset_mle30,E+res,random,n,40,0.5,shrink,ALL,12,False,"Lena,Canada,AL-1,AL-2,AL-3,AL-4,AL-5,AL-6,CA-2,CA-3,LE-1,LE-2",0.13082759372230185,-0.18155113996717265,0.4865994850762866,7
mixed_boost,E+res,random,n,40,0.25,phys,AB4,2,False,"Lena,Canada",15.050638046017678,10.204076660929164,17.596893288585065,0
mixed_boost,E+res,random,n,40,0.25,phys,ALL,12,False,"Lena,Canada,AL-1,AL-2,AL-3,AL-4,AL-5,AL-6,CA-2,CA-3,LE-1,LE-2",10.624269890537809,8.76886278295964,12.333869298906926,2
mixed_boost,E+res,random,n,40,0.25,shrink,AB4,2,False,"Lena,Canada",14.808389244781491,10.376298190640023,17.355974008422162,0
mixed_boost,E+res,random,n,40,0.25,shrink,ALL,12,False,"Lena,Canada,AL-1,AL-2,AL-3,AL-4,AL-5,AL-6,CA-2,CA-3,LE-1,LE-2",10.853765735248464,9.117730957913441,12.461951167320702,0
mixed_boost,E+res,random,n,40,0.5,phys,AB4,2,False,"Lena,Canada",15.030868143939058,10.200622005180145,17.561864228763355,0
mixed_boost,E+res,random,n,40,0.5,phys,ALL,12,False,"Lena,Canada,AL-1,AL-2,AL-3,AL-4,AL-5,AL-6,CA-2,CA-3,LE-1,LE-2",10.663098027543482,8.813167047358093,12.368311513923398,2
mixed_boost,E+res,random,n,40,0.5,shrink,AB4,2,False,"Lena,Canada",15.175228423781583,10.74145594517806,17.692840697869542,0
mixed_boost,E+res,random,n,40,0.5,shrink,ALL,12,False,"Lena,Canada,AL-1,AL-2,AL-3,AL-4,AL-5,AL-6,CA-2,CA-3,LE-1,LE-2",10.659307982802618,8.917495850374662,12.0858362745856,0
shrink_k10,E,kmedoid,n,40,0.0,phys,AB4,2,False,"Lena,Canada",1.4303837206693784,0.4660790541162535,1.9958855889513454,0
shrink_k10,E,kmedoid,n,40,0.0,phys,ALL,12,False,"Lena,Canada,AL-1,AL-2,AL-3,AL-4,AL-5,AL-6,CA-2,CA-3,LE-1,LE-2",-0.15218617170019993,-0.699061082758855,0.23693402763380864,4
offset_mle,E,kmedoid,n,40,0.0,phys,AB4,2,False,"Lena,Canada",1.0942323439431112,-0.37478620057685164,2.111506648192974,1
offset_mle,E,kmedoid,n,40,0.0,phys,ALL,12,False,"Lena,Canada,AL-1,AL-2,AL-3,AL-4,AL-5,AL-6,CA-2,CA-3,LE-1,LE-2",-0.3852629433548638,-1.0581640261034173,0.22652402668606125,4
offset_mle,E,kmedoid,n,40,0.0,shrink,AB4,2,False,"Lena,Canada",-0.33615137672626716,-0.983984175112682,0.36303078592121835,1
offset_mle,E,kmedoid,n,40,0.0,shrink,ALL,12,False,"Lena,Canada,AL-1,AL-2,AL-3,AL-4,AL-5,AL-6,CA-2,CA-3,LE-1,LE-2",-0.23307677165466376,-0.46342491380595474,0.18491043787444592,7
ppi,E,kmedoid,n,40,0.0,phys,AB4,2,False,"Lena,Canada",1.9420534693811957,-0.06773345133849715,3.2404209687578645,1
ppi,E,kmedoid,n,40,0.0,phys,ALL,12,False,"Lena,Canada,AL-1,AL-2,AL-3,AL-4,AL-5,AL-6,CA-2,CA-3,LE-1,LE-2",-0.29167803323691555,-0.9862637642371684,0.4397990462043907,4
ppi,E,kmedoid,n,40,0.0,shrink,AB4,2,False,"Lena,Canada",0.5116697487118174,-0.6533785167649375,1.3814713889161292,1
ppi,E,kmedoid,n,40,0.0,shrink,ALL,12,False,"Lena,Canada,AL-1,AL-2,AL-3,AL-4,AL-5,AL-6,CA-2,CA-3,LE-1,LE-2",-0.13949186153671558,-0.40681139507335085,0.4156946087591882,7
offset_mle30,E,kmedoid,n,40,0.0,phys,AB4,2,False,"Lena,Canada",1.063446441118927,-0.38473276421203234,2.0621032813405034,1
offset_mle30,E,kmedoid,n,40,0.0,phys,ALL,12,False,"Lena,Canada,AL-1,AL-2,AL-3,AL-4,AL-5,AL-6,CA-2,CA-3,LE-1,LE-2",-0.41578559994638553,-1.0774022698916768,0.1830010508439411,4
offset_mle30,E,kmedoid,n,40,0.0,shrink,AB4,2,False,"Lena,Canada",-0.3669372795504513,-0.9968994520568861,0.3136333586030613,1
offset_mle30,E,kmedoid,n,40,0.0,shrink,ALL,12,False,"Lena,Canada,AL-1,AL-2,AL-3,AL-4,AL-5,AL-6,CA-2,CA-3,LE-1,LE-2",-0.26359942824618554,-0.4836478014406404,0.13945827304032984,7
offset_ls,E,kmedoid,n,40,0.0,phys,AB4,2,False,"Lena,Canada",1.8442734502627245,0.6860140801524616,2.5249617175645627,0
offset_ls,E,kmedoid,n,40,0.0,phys,ALL,12,False,"Lena,Canada,AL-1,AL-2,AL-3,AL-4,AL-5,AL-6,CA-2,CA-3,LE-1,LE-2",0.09455248045208453,-0.5562499243218794,0.5598296392934548,4
offset_ls,E,kmedoid,n,40,0.0,shrink,AB4,2,False,"Lena,Canada",0.41388972959334625,0.2242008160515747,0.5313189869696164,0
offset_ls,E,kmedoid,n,40,0.0,shrink,ALL,12,False,"Lena,Canada,AL-1,AL-2,AL-3,AL-4,AL-5,AL-6,CA-2,CA-3,LE-1,LE-2",0.24673865215228455,0.13808770470638498,0.34057884778113867,2
mixed_boost,E,kmedoid,n,40,0.0,phys,AB4,2,False,"Lena,Canada",12.613915068893935,8.296125677314585,14.743001511641403,0
mixed_boost,E,kmedoid,n,40,0.0,phys,ALL,12,False,"Lena,Canada,AL-1,AL-2,AL-3,AL-4,AL-5,AL-6,CA-2,CA-3,LE-1,LE-2",7.332468379389634,6.1331398273514415,9.110260524355516,2
mixed_boost,E,kmedoid,n,40,0.0,shrink,AB4,2,False,"Lena,Canada",11.183531348224555,7.465508288882257,13.096180181365327,0
mixed_boost,E,kmedoid,n,40,0.0,shrink,ALL,12,False,"Lena,Canada,AL-1,AL-2,AL-3,AL-4,AL-5,AL-6,CA-2,CA-3,LE-1,LE-2",7.484654551089833,6.502531689513755,9.286058469827722,0
shrink_k10,E+res,kmedoid,n,40,0.25,phys,AB4,2,False,"Lena,Canada",0.9393710282829237,-0.040188939768481195,1.428821827310619,0
shrink_k10,E+res,kmedoid,n,40,0.25,phys,ALL,12,False,"Lena,Canada,AL-1,AL-2,AL-3,AL-4,AL-5,AL-6,CA-2,CA-3,LE-1,LE-2",-0.1381929219268958,-0.6278024789289912,0.2747554090043395,3
shrink_k10,E+res,kmedoid,n,40,0.5,phys,AB4,2,False,"Lena,Canada",0.6678472127913064,-0.35122928572536205,1.1078407731466702,0
shrink_k10,E+res,kmedoid,n,40,0.5,phys,ALL,12,False,"Lena,Canada,AL-1,AL-2,AL-3,AL-4,AL-5,AL-6,CA-2,CA-3,LE-1,LE-2",-0.0035753806691098343,-0.48397404796479276,0.5344598676789726,3
offset_mle,E+res,kmedoid,n,40,0.25,phys,AB4,2,False,"Lena,Canada",0.6014181352574953,-0.7779254805730313,1.436816972638119,1
offset_mle,E+res,kmedoid,n,40,0.25,phys,ALL,12,False,"Lena,Canada,AL-1,AL-2,AL-3,AL-4,AL-5,AL-6,CA-2,CA-3,LE-1,LE-2",-0.3700837817193207,-0.9581058582615057,0.3003530972101696,4
offset_mle,E+res,kmedoid,n,40,0.25,shrink,AB4,2,False,"Lena,Canada",-0.3379528930254283,-0.9034527211959487,0.21302202309185744,1
offset_mle,E+res,kmedoid,n,40,0.25,shrink,ALL,12,False,"Lena,Canada,AL-1,AL-2,AL-3,AL-4,AL-5,AL-6,CA-2,CA-3,LE-1,LE-2",-0.2318908597924251,-0.4429980917077407,0.16812067480688386,7
offset_mle,E+res,kmedoid,n,40,0.5,phys,AB4,2,False,"Lena,Canada",0.362123755671225,-0.993093771569727,1.0908315280861627,1
offset_mle,E+res,kmedoid,n,40,0.5,phys,ALL,12,False,"Lena,Canada,AL-1,AL-2,AL-3,AL-4,AL-5,AL-6,CA-2,CA-3,LE-1,LE-2",-0.20796167957194264,-0.7794879308699455,0.5398240722255415,4
offset_mle,E+res,kmedoid,n,40,0.5,shrink,AB4,2,False,"Lena,Canada",-0.3057234571200815,-0.8026915560034665,0.1686948070654562,1
offset_mle,E+res,kmedoid,n,40,0.5,shrink,ALL,12,False,"Lena,Canada,AL-1,AL-2,AL-3,AL-4,AL-5,AL-6,CA-2,CA-3,LE-1,LE-2",-0.204386298902833,-0.4053753740244677,0.15365419553598172,6
ppi,E+res,kmedoid,n,40,0.25,phys,AB4,2,False,"Lena,Canada",1.3642430924929199,-0.5300476209592815,2.4702945113176846,1
ppi,E+res,kmedoid,n,40,0.25,phys,ALL,12,False,"Lena,Canada,AL-1,AL-2,AL-3,AL-4,AL-5,AL-6,CA-2,CA-3,LE-1,LE-2",-0.29834128293252943,-0.938144620390572,0.475978867956103,4
ppi,E+res,kmedoid,n,40,0.25,shrink,AB4,2,False,"Lena,Canada",0.42487206420999624,-0.6530451214376154,1.1745128440745003,1
ppi,E+res,kmedoid,n,40,0.25,shrink,ALL,12,False,"Lena,Canada,AL-1,AL-2,AL-3,AL-4,AL-5,AL-6,CA-2,CA-3,LE-1,LE-2",-0.1601483610056337,-0.40797048924496704,0.3732062103428386,7
ppi,E+res,kmedoid,n,40,0.5,phys,AB4,2,False,"Lena,Canada",1.0542093972322757,-0.8092362026815548,1.9867840231191964,1
ppi,E+res,kmedoid,n,40,0.5,phys,ALL,12,False,"Lena,Canada,AL-1,AL-2,AL-3,AL-4,AL-5,AL-6,CA-2,CA-3,LE-1,LE-2",-0.1529016122192973,-0.7523372938299772,0.7081293258512195,4
ppi,E+res,kmedoid,n,40,0.5,shrink,AB4,2,False,"Lena,Canada",0.38636218444096915,-0.5828481202876132,1.0333049926984135,1
ppi,E+res,kmedoid,n,40,0.5,shrink,ALL,12,False,"Lena,Canada,AL-1,AL-2,AL-3,AL-4,AL-5,AL-6,CA-2,CA-3,LE-1,LE-2",-0.1493262315501877,-0.3716722615288949,0.34301530433259797,6
offset_mle30,E+res,kmedoid,n,40,0.25,phys,AB4,2,False,"Lena,Canada",0.5341972590246533,-0.8122461187643476,1.3484313312126,1
offset_mle30,E+res,kmedoid,n,40,0.25,phys,ALL,12,False,"Lena,Canada,AL-1,AL-2,AL-3,AL-4,AL-5,AL-6,CA-2,CA-3,LE-1,LE-2",-0.41172096933850816,-0.9867904426286452,0.24341534697163308,4
offset_mle30,E+res,kmedoid,n,40,0.25,shrink,AB4,2,False,"Lena,Canada",-0.40517376925827026,-0.9379916207852705,0.15019789009538448,1
offset_mle30,E+res,kmedoid,n,40,0.25,shrink,ALL,12,False,"Lena,Canada,AL-1,AL-2,AL-3,AL-4,AL-5,AL-6,CA-2,CA-3,LE-1,LE-2",-0.27352804741161235,-0.48227764849923827,0.11450442591882906,7
offset_mle30,E+res,kmedoid,n,40,0.5,phys,AB4,2,False,"Lena,Canada",0.2554891891740105,-1.0563396685624393,0.9612231983251118,1
offset_mle30,E+res,kmedoid,n,40,0.5,phys,ALL,12,False,"Lena,Canada,AL-1,AL-2,AL-3,AL-4,AL-5,AL-6,CA-2,CA-3,LE-1,LE-2",-0.26125571928811503,-0.8232975012823955,0.4713815601803185,4
offset_mle30,E+res,kmedoid,n,40,0.5,shrink,AB4,2,False,"Lena,Canada",-0.4123580236172959,-0.8668932526190664,0.07426393411680042,1
offset_mle30,E+res,kmedoid,n,40,0.5,shrink,ALL,12,False,"Lena,Canada,AL-1,AL-2,AL-3,AL-4,AL-5,AL-6,CA-2,CA-3,LE-1,LE-2",-0.25768033861900547,-0.45534904203964527,0.09438342276252329,6
mixed_boost,E+res,kmedoid,n,40,0.25,phys,AB4,2,False,"Lena,Canada",12.242431209970217,6.945800067566542,14.434518329385531,0
mixed_boost,E+res,kmedoid,n,40,0.25,phys,ALL,12,False,"Lena,Canada,AL-1,AL-2,AL-3,AL-4,AL-5,AL-6,CA-2,CA-3,LE-1,LE-2",6.8517208140652555,5.406424678221817,8.639705588076824,2
mixed_boost,E+res,kmedoid,n,40,0.25,shrink,AB4,2,False,"Lena,Canada",11.303060181687293,6.842409958422769,13.15517278100793,0
mixed_boost,E+res,kmedoid,n,40,0.25,shrink,ALL,12,False,"Lena,Canada,AL-1,AL-2,AL-3,AL-4,AL-5,AL-6,CA-2,CA-3,LE-1,LE-2",6.98991373599215,5.72654326295831,8.671429811316225,0
mixed_boost,E+res,kmedoid,n,40,0.5,phys,AB4,2,False,"Lena,Canada",12.227297141306035,6.958439916021117,14.40204366221177,0
mixed_boost,E+res,kmedoid,n,40,0.5,phys,ALL,12,False,"Lena,Canada,AL-1,AL-2,AL-3,AL-4,AL-5,AL-6,CA-2,CA-3,LE-1,LE-2",6.878126615549813,5.416324797690962,8.669001485656187,2
mixed_boost,E+res,kmedoid,n,40,0.5,shrink,AB4,2,False,"Lena,Canada",11.55944992851473,7.171555248011047,13.455574545606625,0
mixed_boost,E+res,kmedoid,n,40,0.5,shrink,ALL,12,False,"Lena,Canada,AL-1,AL-2,AL-3,AL-4,AL-5,AL-6,CA-2,CA-3,LE-1,LE-2",6.881701996218922,5.591186224423682,8.495216997271488,0
shrink_k10,E,random,n,80,0.0,phys,AB4,2,False,"Lena,Canada",1.1654516357172946,-0.1974609185523135,2.0082021859568044,1
shrink_k10,E,random,n,80,0.0,phys,ALL,12,False,"Lena,Canada,AL-1,AL-2,AL-3,AL-4,AL-5,AL-6,CA-2,CA-3,LE-1,LE-2",-0.05984501649909318,-0.5446878104932519,0.5786870144383838,6
offset_mle,E,random,n,80,0.0,phys,AB4,2,False,"Lena,Canada",2.0531861133667038,-0.2190700813543292,3.6245334175232955,1
offset_mle,E,random,n,80,0.0,phys,ALL,12,False,"Lena,Canada,AL-1,AL-2,AL-3,AL-4,AL-5,AL-6,CA-2,CA-3,LE-1,LE-2",-0.04568855693362724,-0.7215225722832915,0.8033355173863526,4
offset_mle,E,random,n,80,0.0,shrink,AB4,2,False,"Lena,Canada",0.8877344776494092,-0.0952396318649543,1.7057463176157495,1
offset_mle,E,random,n,80,0.0,shrink,ALL,12,False,"Lena,Canada,AL-1,AL-2,AL-3,AL-4,AL-5,AL-6,CA-2,CA-3,LE-1,LE-2",0.014156459565465842,-0.2582907848555843,0.3410566081761092,7
ppi,E,random,n,80,0.0,phys,AB4,2,False,"Lena,Canada",2.089901071797903,-0.1825800022442879,3.6659584096925872,1
ppi,E,random,n,80,0.0,phys,ALL,12,False,"Lena,Canada,AL-1,AL-2,AL-3,AL-4,AL-5,AL-6,CA-2,CA-3,LE-1,LE-2",-0.02116708224405713,-0.6983982209813241,0.8391108521452256,4
ppi,E,random,n,80,0.0,shrink,AB4,2,False,"Lena,Canada",0.9244494360806087,-0.06484803068687148,1.7543644301072474,1
ppi,E,random,n,80,0.0,shrink,ALL,12,False,"Lena,Canada,AL-1,AL-2,AL-3,AL-4,AL-5,AL-6,CA-2,CA-3,LE-1,LE-2",0.03867793425503598,-0.23714930364848283,0.37842023843978023,7
offset_mle30,E,random,n,80,0.0,phys,AB4,2,False,"Lena,Canada",2.0214933954272065,-0.23243994032596152,3.5803071712164996,1
offset_mle30,E,random,n,80,0.0,phys,ALL,12,False,"Lena,Canada,AL-1,AL-2,AL-3,AL-4,AL-5,AL-6,CA-2,CA-3,LE-1,LE-2",-0.0735802389233182,-0.743923186060233,0.7651639964202218,4
offset_mle30,E,random,n,80,0.0,shrink,AB4,2,False,"Lena,Canada",0.856041759709912,-0.10916086472990849,1.6604198103196781,1
offset_mle30,E,random,n,80,0.0,shrink,ALL,12,False,"Lena,Canada,AL-1,AL-2,AL-3,AL-4,AL-5,AL-6,CA-2,CA-3,LE-1,LE-2",-0.013735222424225202,-0.27919314135116713,0.30362075598789684,7
offset_ls,E,random,n,80,0.0,phys,AB4,2,False,"Lena,Canada",1.3644924487628907,-0.13611774818850417,2.291513674939481,1
offset_ls,E,random,n,80,0.0,phys,ALL,12,False,"Lena,Canada,AL-1,AL-2,AL-3,AL-4,AL-5,AL-6,CA-2,CA-3,LE-1,LE-2",0.16972050089660576,-0.3522574871445712,0.8734618777653674,6
offset_ls,E,random,n,80,0.0,shrink,AB4,2,False,"Lena,Canada",0.19904081304559598,0.06879794407567351,0.2837071882345081,1
offset_ls,E,random,n,80,0.0,shrink,ALL,12,False,"Lena,Canada,AL-1,AL-2,AL-3,AL-4,AL-5,AL-6,CA-2,CA-3,LE-1,LE-2",0.22956551739569872,0.188947984464845,0.2993734777423949,4
mixed_boost,E,random,n,80,0.0,phys,AB4,2,False,"Lena,Canada",10.444372701413648,6.455314705111342,12.858504697356627,0
mixed_boost,E,random,n,80,0.0,phys,ALL,12,False,"Lena,Canada,AL-1,AL-2,AL-3,AL-4,AL-5,AL-6,CA-2,CA-3,LE-1,LE-2",7.023621518753586,5.874246711107677,8.759884529032302,2
mixed_boost,E,random,n,80,0.0,shrink,AB4,2,False,"Lena,Canada",9.278921065696354,6.283188868913305,11.373439106627675,0
mixed_boost,E,random,n,80,0.0,shrink,ALL,12,False,"Lena,Canada,AL-1,AL-2,AL-3,AL-4,AL-5,AL-6,CA-2,CA-3,LE-1,LE-2",7.083466535252679,5.946585725518615,8.630087310937384,0
shrink_k10,E+res,random,n,80,0.25,phys,AB4,2,False,"Lena,Canada",0.7402536793619454,-0.6329684904975085,1.4589205160311092,1
shrink_k10,E+res,random,n,80,0.25,phys,ALL,12,False,"Lena,Canada,AL-1,AL-2,AL-3,AL-4,AL-5,AL-6,CA-2,CA-3,LE-1,LE-2",-0.0885227701157943,-0.522557581809792,0.618628813154041,4
shrink_k10,E+res,random,n,80,0.5,phys,AB4,2,False,"Lena,Canada",0.29375876577805765,-1.0775612912011623,0.9259335806291746,1
shrink_k10,E+res,random,n,80,0.5,phys,ALL,12,False,"Lena,Canada,AL-1,AL-2,AL-3,AL-4,AL-5,AL-6,CA-2,CA-3,LE-1,LE-2",0.0803397581461774,-0.3223966308290878,0.8618055294071086,3
offset_mle,E+res,random,n,80,0.25,phys,AB4,2,False,"Lena,Canada",1.560470010808281,-0.6528416358897448,2.918420543748956,1
offset_mle,E+res,random,n,80,0.25,phys,ALL,12,False,"Lena,Canada,AL-1,AL-2,AL-3,AL-4,AL-5,AL-6,CA-2,CA-3,LE-1,LE-2",-0.10045014176279754,-0.688723363159907,0.8095529739898387,5
offset_mle,E+res,random,n,80,0.25,shrink,AB4,2,False,"Lena,Canada",0.8202163314463354,-0.06835971182022303,1.5134288446490447,1
offset_mle,E+res,random,n,80,0.25,shrink,ALL,12,False,"Lena,Canada,AL-1,AL-2,AL-3,AL-4,AL-5,AL-6,CA-2,CA-3,LE-1,LE-2",-0.011927371647003202,-0.2568956854838105,0.29127605851523564,8
offset_mle,E+res,random,n,80,0.5,phys,AB4,2,False,"Lena,Canada",1.021754548858501,-1.1077930807772225,2.1695937202010587,1
offset_mle,E+res,random,n,80,0.5,phys,ALL,12,False,"Lena,Canada,AL-1,AL-2,AL-3,AL-4,AL-5,AL-6,CA-2,CA-3,LE-1,LE-2",0.05241406156809886,-0.4641887939295248,1.0190455417529505,4
offset_mle,E+res,random,n,80,0.5,shrink,AB4,2,False,"Lena,Canada",0.727995783080443,-0.045661513945024663,1.3015704679494422,1
offset_mle,E+res,random,n,80,0.5,shrink,ALL,12,False,"Lena,Canada,AL-1,AL-2,AL-3,AL-4,AL-5,AL-6,CA-2,CA-3,LE-1,LE-2",-0.02792569657807861,-0.25042929313019463,0.24920450453555873,7
ppi,E+res,random,n,80,0.25,phys,AB4,2,False,"Lena,Canada",1.6192580499099756,-0.6158604385384455,2.995528827769323,1
ppi,E+res,random,n,80,0.25,phys,ALL,12,False,"Lena,Canada,AL-1,AL-2,AL-3,AL-4,AL-5,AL-6,CA-2,CA-3,LE-1,LE-2",-0.0687691732722999,-0.6627342645139952,0.8491562530281488,5
ppi,E+res,random,n,80,0.25,shrink,AB4,2,False,"Lena,Canada",0.8790043705480299,-0.03740448529336945,1.607885284328267,1
ppi,E+res,random,n,80,0.25,shrink,ALL,12,False,"Lena,Canada,AL-1,AL-2,AL-3,AL-4,AL-5,AL-6,CA-2,CA-3,LE-1,LE-2",0.019753596843494346,-0.22755388592392914,0.32503198867567673,7
ppi,E+res,random,n,80,0.5,phys,AB4,2,False,"Lena,Canada",1.0654476936509862,-1.1059445573146087,2.2177934855390973,1
ppi,E+res,random,n,80,0.5,phys,ALL,12,False,"Lena,Canada,AL-1,AL-2,AL-3,AL-4,AL-5,AL-6,CA-2,CA-3,LE-1,LE-2",0.08961246878170571,-0.43332999858423055,1.071728426217814,4
ppi,E+res,random,n,80,0.5,shrink,AB4,2,False,"Lena,Canada",0.7716889278729285,-0.027787842010420855,1.3632039508547824,1
ppi,E+res,random,n,80,0.5,shrink,ALL,12,False,"Lena,Canada,AL-1,AL-2,AL-3,AL-4,AL-5,AL-6,CA-2,CA-3,LE-1,LE-2",0.009272710635528337,-0.21819054177424194,0.284028045941611,7
offset_mle30,E+res,random,n,80,0.25,phys,AB4,2,False,"Lena,Canada",1.5473481494548587,-0.6475665705446063,2.9017574756475173,1
offset_mle30,E+res,random,n,80,0.25,phys,ALL,12,False,"Lena,Canada,AL-1,AL-2,AL-3,AL-4,AL-5,AL-6,CA-2,CA-3,LE-1,LE-2",-0.11021518407739132,-0.7042168212772795,0.7901368165987747,5
offset_mle30,E+res,random,n,80,0.25,shrink,AB4,2,False,"Lena,Canada",0.807094470092913,-0.07400807330591798,1.4925936210140103,1
offset_mle30,E+res,random,n,80,0.25,shrink,ALL,12,False,"Lena,Canada,AL-1,AL-2,AL-3,AL-4,AL-5,AL-6,CA-2,CA-3,LE-1,LE-2",-0.02169241396159698,-0.2698507549477231,0.2673566802538048,8
offset_mle30,E+res,random,n,80,0.5,phys,AB4,2,False,"Lena,Canada",1.0266256161592686,-1.1298271112525264,2.1647027331432462,1
offset_mle30,E+res,random,n,80,0.5,phys,ALL,12,False,"Lena,Canada,AL-1,AL-2,AL-3,AL-4,AL-5,AL-6,CA-2,CA-3,LE-1,LE-2",0.06585867386194809,-0.46031590030982916,1.0249662312589825,4
offset_mle30,E+res,random,n,80,0.5,shrink,AB4,2,False,"Lena,Canada",0.7328668503812109,-0.044313280176233504,1.2910495931267372,1
offset_mle30,E+res,random,n,80,0.5,shrink,ALL,12,False,"Lena,Canada,AL-1,AL-2,AL-3,AL-4,AL-5,AL-6,CA-2,CA-3,LE-1,LE-2",-0.014481084284229262,-0.24047530112535195,0.24461535343297133,7
mixed_boost,E+res,random,n,80,0.25,phys,AB4,2,False,"Lena,Canada",12.837235059363731,6.6016382411486685,16.224526944908785,0
mixed_boost,E+res,random,n,80,0.25,phys,ALL,12,False,"Lena,Canada,AL-1,AL-2,AL-3,AL-4,AL-5,AL-6,CA-2,CA-3,LE-1,LE-2",7.249477181116184,5.705143298864455,8.93405770627185,2
mixed_boost,E+res,random,n,80,0.25,shrink,AB4,2,False,"Lena,Canada",12.096981380001786,6.876901040347609,15.139456688143019,0
mixed_boost,E+res,random,n,80,0.25,shrink,ALL,12,False,"Lena,Canada,AL-1,AL-2,AL-3,AL-4,AL-5,AL-6,CA-2,CA-3,LE-1,LE-2",7.337999951231978,5.7897557315443775,8.721371858829633,0
mixed_boost,E+res,random,n,80,0.5,phys,AB4,2,False,"Lena,Canada",12.806746765618342,6.604274507130221,16.181968267975368,0
mixed_boost,E+res,random,n,80,0.5,phys,ALL,12,False,"Lena,Canada,AL-1,AL-2,AL-3,AL-4,AL-5,AL-6,CA-2,CA-3,LE-1,LE-2",7.328865315489993,5.784192823252823,9.08265669125367,2
mixed_boost,E+res,random,n,80,0.5,shrink,AB4,2,False,"Lena,Canada",12.512987999840284,7.438733373685234,15.598881867686874,0
mixed_boost,E+res,random,n,80,0.5,shrink,ALL,12,False,"Lena,Canada,AL-1,AL-2,AL-3,AL-4,AL-5,AL-6,CA-2,CA-3,LE-1,LE-2",7.2485255573438145,5.703911087332186,8.538912351595023,0
shrink_k10,E,kmedoid,n,80,0.0,phys,AB4,2,False,"Lena,Canada",1.100719942199745,0.3508525604987315,1.506256283155799,0
shrink_k10,E,kmedoid,n,80,0.0,phys,ALL,12,False,"Lena,Canada,AL-1,AL-2,AL-3,AL-4,AL-5,AL-6,CA-2,CA-3,LE-1,LE-2",-0.44828187914069256,-0.8664669763336423,-0.03249416002042074,4
offset_mle,E,kmedoid,n,80,0.0,phys,AB4,2,False,"Lena,Canada",0.9210199470977231,-0.6550514034110588,1.9945454751423286,1
offset_mle,E,kmedoid,n,80,0.0,phys,ALL,12,False,"Lena,Canada,AL-1,AL-2,AL-3,AL-4,AL-5,AL-6,CA-2,CA-3,LE-1,LE-2",-0.6960717682102994,-1.2343207373395095,-0.014274504844869562,4
offset_mle,E,kmedoid,n,80,0.0,shrink,AB4,2,False,"Lena,Canada",-0.17969999510202184,-1.1118468516262456,0.7366015215064599,1
offset_mle,E,kmedoid,n,80,0.0,shrink,ALL,12,False,"Lena,Canada,AL-1,AL-2,AL-3,AL-4,AL-5,AL-6,CA-2,CA-3,LE-1,LE-2",-0.24778988906960683,-0.4978422804703419,0.17947112718451294,6
ppi,E,kmedoid,n,80,0.0,phys,AB4,2,False,"Lena,Canada",1.8140858649696003,-0.22480449200373429,3.1477545785584335,1
ppi,E,kmedoid,n,80,0.0,phys,ALL,12,False,"Lena,Canada,AL-1,AL-2,AL-3,AL-4,AL-5,AL-6,CA-2,CA-3,LE-1,LE-2",-0.5685967158235735,-1.152275856348961,0.19372253784115506,4
ppi,E,kmedoid,n,80,0.0,shrink,AB4,2,False,"Lena,Canada",0.7133659227698554,-0.7259366822900344,1.8134875800493504,1
ppi,E,kmedoid,n,80,0.0,shrink,ALL,12,False,"Lena,Canada,AL-1,AL-2,AL-3,AL-4,AL-5,AL-6,CA-2,CA-3,LE-1,LE-2",-0.12031483668288101,-0.40908736939877727,0.38523444248810196,6
offset_mle30,E,kmedoid,n,80,0.0,phys,AB4,2,False,"Lena,Canada",0.9073578180719315,-0.6576717510566851,1.97158765313672,1
offset_mle30,E,kmedoid,n,80,0.0,phys,ALL,12,False,"Lena,Canada,AL-1,AL-2,AL-3,AL-4,AL-5,AL-6,CA-2,CA-3,LE-1,LE-2",-0.7060502320375711,-1.2388417836798626,-0.03223202928494842,4
offset_mle30,E,kmedoid,n,80,0.0,shrink,AB4,2,False,"Lena,Canada",-0.19336212412781328,-1.1135962783163658,0.7108663839545436,1
offset_mle30,E,kmedoid,n,80,0.0,shrink,ALL,12,False,"Lena,Canada,AL-1,AL-2,AL-3,AL-4,AL-5,AL-6,CA-2,CA-3,LE-1,LE-2",-0.2577683528968786,-0.5031917946279104,0.1625137568779196,6
offset_ls,E,kmedoid,n,80,0.0,phys,AB4,2,False,"Lena,Canada",1.2485173189564889,0.41600914576017295,1.6954188396388858,0
offset_ls,E,kmedoid,n,80,0.0,phys,ALL,12,False,"Lena,Canada,AL-1,AL-2,AL-3,AL-4,AL-5,AL-6,CA-2,CA-3,LE-1,LE-2",-0.37138190089478446,-0.827570806909259,0.09529673668926404,4
offset_ls,E,kmedoid,n,80,0.0,shrink,AB4,2,False,"Lena,Canada",0.14779737675674376,0.06625941227440063,0.1910733312478774,0
offset_ls,E,kmedoid,n,80,0.0,shrink,ALL,12,False,"Lena,Canada,AL-1,AL-2,AL-3,AL-4,AL-5,AL-6,CA-2,CA-3,LE-1,LE-2",0.07689997824590804,0.03203391791362599,0.1286829137344636,3
mixed_boost,E,kmedoid,n,80,0.0,phys,AB4,2,False,"Lena,Canada",12.70447315332478,9.005748307555368,15.879127153385507,0
mixed_boost,E,kmedoid,n,80,0.0,phys,ALL,12,False,"Lena,Canada,AL-1,AL-2,AL-3,AL-4,AL-5,AL-6,CA-2,CA-3,LE-1,LE-2",7.009583469273026,5.744895410174373,8.87989043569957,1
mixed_boost,E,kmedoid,n,80,0.0,shrink,AB4,2,False,"Lena,Canada",11.603753211125037,8.339744203799208,14.723629447711636,0
mixed_boost,E,kmedoid,n,80,0.0,shrink,ALL,12,False,"Lena,Canada,AL-1,AL-2,AL-3,AL-4,AL-5,AL-6,CA-2,CA-3,LE-1,LE-2",7.457865348413719,6.223263640471697,9.190338000615412,0
shrink_k10,E+res,kmedoid,n,80,0.25,phys,AB4,2,False,"Lena,Canada",0.6078156190790225,-0.16852832005986088,0.9362205275233831,0
shrink_k10,E+res,kmedoid,n,80,0.25,phys,ALL,12,False,"Lena,Canada,AL-1,AL-2,AL-3,AL-4,AL-5,AL-6,CA-2,CA-3,LE-1,LE-2",-0.46557390539272875,-0.8704364378278581,0.02670987223153892,3
shrink_k10,E+res,kmedoid,n,80,0.5,phys,AB4,2,False,"Lena,Canada",0.19248323478221135,-0.6437730302304112,0.5103237693452644,1
shrink_k10,E+res,kmedoid,n,80,0.5,phys,ALL,12,False,"Lena,Canada,AL-1,AL-2,AL-3,AL-4,AL-5,AL-6,CA-2,CA-3,LE-1,LE-2",-0.3757357703426499,-0.7967243568743249,0.2276696967866404,5
offset_mle,E+res,kmedoid,n,80,0.25,phys,AB4,2,False,"Lena,Canada",0.24882351294321303,-1.1718200522862863,1.064095622034973,1
offset_mle,E+res,kmedoid,n,80,0.25,phys,ALL,12,False,"Lena,Canada,AL-1,AL-2,AL-3,AL-4,AL-5,AL-6,CA-2,CA-3,LE-1,LE-2",-0.7742774868167707,-1.2686198209297177,-0.029935463060206696,4
offset_mle,E+res,kmedoid,n,80,0.25,shrink,AB4,2,False,"Lena,Canada",-0.35899210613580956,-1.1859011914475295,0.4019123407662411,1
offset_mle,E+res,kmedoid,n,80,0.25,shrink,ALL,12,False,"Lena,Canada,AL-1,AL-2,AL-3,AL-4,AL-5,AL-6,CA-2,CA-3,LE-1,LE-2",-0.30870358142404203,-0.5311946260856392,0.0858455248663993,8
offset_mle,E+res,kmedoid,n,80,0.5,phys,AB4,2,False,"Lena,Canada",-0.14563183810485825,-1.4636574747033977,0.49111226513807854,1
offset_mle,E+res,kmedoid,n,80,0.5,phys,ALL,12,False,"Lena,Canada,AL-1,AL-2,AL-3,AL-4,AL-5,AL-6,CA-2,CA-3,LE-1,LE-2",-0.6768415876935526,-1.150031853539391,0.1489305267744817,5
offset_mle,E+res,kmedoid,n,80,0.5,shrink,AB4,2,False,"Lena,Canada",-0.33811507288706955,-1.0464771238217916,0.2659297979177576,1
offset_mle,E+res,kmedoid,n,80,0.5,shrink,ALL,12,False,"Lena,Canada,AL-1,AL-2,AL-3,AL-4,AL-5,AL-6,CA-2,CA-3,LE-1,LE-2",-0.3011058173509025,-0.5022390663104392,0.06524054768895306,8
ppi,E+res,kmedoid,n,80,0.25,phys,AB4,2,False,"Lena,Canada",1.0356075849603639,-0.8910834352036794,2.1152452690943475,1
ppi,E+res,kmedoid,n,80,0.25,phys,ALL,12,False,"Lena,Canada,AL-1,AL-2,AL-3,AL-4,AL-5,AL-6,CA-2,CA-3,LE-1,LE-2",-0.6791497631279788,-1.221516785278406,0.11722713683743546,4
ppi,E+res,kmedoid,n,80,0.25,shrink,AB4,2,False,"Lena,Canada",0.42779196588134116,-0.9040797801122363,1.4054398073542431,1
ppi,E+res,kmedoid,n,80,0.25,shrink,ALL,12,False,"Lena,Canada,AL-1,AL-2,AL-3,AL-4,AL-5,AL-6,CA-2,CA-3,LE-1,LE-2",-0.21357585773525,-0.48328590922087805,0.2583551722067559,7
ppi,E+res,kmedoid,n,80,0.5,phys,AB4,2,False,"Lena,Canada",0.5516072522750146,-1.3146697986385725,1.4212070656118325,1
ppi,E+res,kmedoid,n,80,0.5,phys,ALL,12,False,"Lena,Canada,AL-1,AL-2,AL-3,AL-4,AL-5,AL-6,CA-2,CA-3,LE-1,LE-2",-0.6065375574632216,-1.103635504707568,0.2432214013521902,5
ppi,E+res,kmedoid,n,80,0.5,shrink,AB4,2,False,"Lena,Canada",0.3591240174928032,-0.8402764472285688,1.1821642637228174,1
ppi,E+res,kmedoid,n,80,0.5,shrink,ALL,12,False,"Lena,Canada,AL-1,AL-2,AL-3,AL-4,AL-5,AL-6,CA-2,CA-3,LE-1,LE-2",-0.23080178712057173,-0.4776173054275887,0.19318544573753793,7
offset_mle30,E+res,kmedoid,n,80,0.25,phys,AB4,2,False,"Lena,Canada",0.254053996242777,-1.1586414041913404,1.0654899267417546,1
offset_mle30,E+res,kmedoid,n,80,0.25,phys,ALL,12,False,"Lena,Canada,AL-1,AL-2,AL-3,AL-4,AL-5,AL-6,CA-2,CA-3,LE-1,LE-2",-0.7780440479232614,-1.2692216938008956,-0.040541486947781126,4
offset_mle30,E+res,kmedoid,n,80,0.25,shrink,AB4,2,False,"Lena,Canada",-0.35376162283624546,-1.1708526226271523,0.4078698537148642,1
offset_mle30,E+res,kmedoid,n,80,0.25,shrink,ALL,12,False,"Lena,Canada,AL-1,AL-2,AL-3,AL-4,AL-5,AL-6,CA-2,CA-3,LE-1,LE-2",-0.3124701425305328,-0.5324496409007183,0.07760574249909578,8
offset_mle30,E+res,kmedoid,n,80,0.5,phys,AB4,2,False,"Lena,Canada",-0.13070852849579256,-1.4495036413226015,0.5135540946663801,1
offset_mle30,E+res,kmedoid,n,80,0.5,phys,ALL,12,False,"Lena,Canada,AL-1,AL-2,AL-3,AL-4,AL-5,AL-6,CA-2,CA-3,LE-1,LE-2",-0.681639456601271,-1.1479423053748579,0.13576622405313066,5
offset_mle30,E+res,kmedoid,n,80,0.5,shrink,AB4,2,False,"Lena,Canada",-0.3231917632780038,-1.0356707065719326,0.2826973604431687,1
offset_mle30,E+res,kmedoid,n,80,0.5,shrink,ALL,12,False,"Lena,Canada,AL-1,AL-2,AL-3,AL-4,AL-5,AL-6,CA-2,CA-3,LE-1,LE-2",-0.30590368625862113,-0.5050340588221618,0.06294131829001587,8
mixed_boost,E+res,kmedoid,n,80,0.25,phys,AB4,2,False,"Lena,Canada",10.717254511196664,6.306399853400143,13.32110470319809,0
mixed_boost,E+res,kmedoid,n,80,0.25,phys,ALL,12,False,"Lena,Canada,AL-1,AL-2,AL-3,AL-4,AL-5,AL-6,CA-2,CA-3,LE-1,LE-2",6.455237818893708,5.055240015438568,8.39592685878882,1
mixed_boost,E+res,kmedoid,n,80,0.25,shrink,AB4,2,False,"Lena,Canada",10.10943889211764,6.307190165001476,12.763990475259943,0
mixed_boost,E+res,kmedoid,n,80,0.25,shrink,ALL,12,False,"Lena,Canada,AL-1,AL-2,AL-3,AL-4,AL-5,AL-6,CA-2,CA-3,LE-1,LE-2",6.920811724286437,5.62732866322445,8.688682138446547,0
mixed_boost,E+res,kmedoid,n,80,0.5,phys,AB4,2,False,"Lena,Canada",10.741071596480783,6.314948035503866,13.344450665333897,0
mixed_boost,E+res,kmedoid,n,80,0.5,phys,ALL,12,False,"Lena,Canada,AL-1,AL-2,AL-3,AL-4,AL-5,AL-6,CA-2,CA-3,LE-1,LE-2",6.558853498463418,5.133056015439921,8.486872746512228,1
mixed_boost,E+res,kmedoid,n,80,0.5,shrink,AB4,2,False,"Lena,Canada",10.54858836169857,6.860909379848727,13.219027500384527,0
mixed_boost,E+res,kmedoid,n,80,0.5,shrink,ALL,12,False,"Lena,Canada,AL-1,AL-2,AL-3,AL-4,AL-5,AL-6,CA-2,CA-3,LE-1,LE-2",6.934589268806069,5.5711178599115785,8.590429450171087,0
shrink_k10,E,random,n,160,0.0,phys,AB4,2,False,"Lena,Canada",1.160738657274332,-0.27264088660727737,2.097957779343264,1
shrink_k10,E,random,n,160,0.0,phys,ALL,12,False,"Lena,Canada,AL-1,AL-2,AL-3,AL-4,AL-5,AL-6,CA-2,CA-3,LE-1,LE-2",-0.10345536785952077,-0.600217854414435,0.5779212005147654,6
offset_mle,E,random,n,160,0.0,phys,AB4,2,False,"Lena,Canada",2.101341165876031,-0.24105880802072124,3.7228464788380635,1
offset_mle,E,random,n,160,0.0,phys,ALL,12,False,"Lena,Canada,AL-1,AL-2,AL-3,AL-4,AL-5,AL-6,CA-2,CA-3,LE-1,LE-2",-0.10291645572035607,-0.7690541551406406,0.7564931025562068,5
offset_mle,E,random,n,160,0.0,shrink,AB4,2,False,"Lena,Canada",0.9406025086016987,-0.00035477205993233557,1.6841328939199982,1
offset_mle,E,random,n,160,0.0,shrink,ALL,12,False,"Lena,Canada,AL-1,AL-2,AL-3,AL-4,AL-5,AL-6,CA-2,CA-3,LE-1,LE-2",0.0005389121391644972,-0.271935401832826,0.2905883746562181,7
ppi,E,random,n,160,0.0,phys,AB4,2,False,"Lena,Canada",2.1583991109336966,-0.2096517592172923,3.8007234843307085,1
ppi,E,random,n,160,0.0,phys,ALL,12,False,"Lena,Canada,AL-1,AL-2,AL-3,AL-4,AL-5,AL-6,CA-2,CA-3,LE-1,LE-2",-0.08728934532183458,-0.7575837544802035,0.7759890937707385,5
ppi,E,random,n,160,0.0,shrink,AB4,2,False,"Lena,Canada",0.9976604536593647,0.03502063945486298,1.7543493117682107,1
ppi,E,random,n,160,0.0,shrink,ALL,12,False,"Lena,Canada,AL-1,AL-2,AL-3,AL-4,AL-5,AL-6,CA-2,CA-3,LE-1,LE-2",0.016166022537686193,-0.258115699652755,0.3128985656960776,7
offset_mle30,E,random,n,160,0.0,phys,AB4,2,False,"Lena,Canada",2.084676122249715,-0.24796091261421943,3.6981071853791354,1
offset_mle30,E,random,n,160,0.0,phys,ALL,12,False,"Lena,Canada,AL-1,AL-2,AL-3,AL-4,AL-5,AL-6,CA-2,CA-3,LE-1,LE-2",-0.11639976520311247,-0.7798542673315216,0.7385629512628532,5
offset_mle30,E,random,n,160,0.0,shrink,AB4,2,False,"Lena,Canada",0.9239374649753833,-0.008455138565945795,1.661430825802494,1
offset_mle30,E,random,n,160,0.0,shrink,ALL,12,False,"Lena,Canada,AL-1,AL-2,AL-3,AL-4,AL-5,AL-6,CA-2,CA-3,LE-1,LE-2",-0.012944397343591632,-0.28334891704333204,0.27299446742424405,7
offset_ls,E,random,n,160,0.0,phys,AB4,2,False,"Lena,Canada",1.2637709395482348,-0.2360206614371113,2.247583568960271,1
offset_ls,E,random,n,160,0.0,phys,ALL,12,False,"Lena,Canada,AL-1,AL-2,AL-3,AL-4,AL-5,AL-6,CA-2,CA-3,LE-1,LE-2",0.01004282314419804,-0.5052443353283517,0.7319866031083034,6
offset_ls,E,random,n,160,0.0,shrink,AB4,2,False,"Lena,Canada",0.103032282273903,0.03506386804631151,0.15018411817769037,1
offset_ls,E,random,n,160,0.0,shrink,ALL,12,False,"Lena,Canada,AL-1,AL-2,AL-3,AL-4,AL-5,AL-6,CA-2,CA-3,LE-1,LE-2",0.11349819100371894,0.09181715575921776,0.15133541761439626,3
mixed_boost,E,random,n,160,0.0,phys,AB4,2,False,"Lena,Canada",11.563059047673901,7.93267327414887,15.450710800869238,0
mixed_boost,E,random,n,160,0.0,phys,ALL,12,False,"Lena,Canada,AL-1,AL-2,AL-3,AL-4,AL-5,AL-6,CA-2,CA-3,LE-1,LE-2",7.0681488276404,6.007903746554914,9.478971507168088,1
mixed_boost,E,random,n,160,0.0,shrink,AB4,2,False,"Lena,Canada",10.40232039039957,7.425626397162197,14.198823161170528,0
mixed_boost,E,random,n,160,0.0,shrink,ALL,12,False,"Lena,Canada,AL-1,AL-2,AL-3,AL-4,AL-5,AL-6,CA-2,CA-3,LE-1,LE-2",7.17160419549992,6.087537743123392,9.37421312791496,0
shrink_k10,E+res,random,n,160,0.25,phys,AB4,2,False,"Lena,Canada",0.4541361589231997,-0.8987737637722194,1.195974104680723,1
shrink_k10,E+res,random,n,160,0.25,phys,ALL,12,False,"Lena,Canada,AL-1,AL-2,AL-3,AL-4,AL-5,AL-6,CA-2,CA-3,LE-1,LE-2",-0.2085203720541644,-0.6811297096306265,0.5311238510462882,4
shrink_k10,E+res,random,n,160,0.5,phys,AB4,2,False,"Lena,Canada",-0.06343187066463396,-1.4240830477090416,0.5809116530635556,1
shrink_k10,E+res,random,n,160,0.5,phys,ALL,12,False,"Lena,Canada,AL-1,AL-2,AL-3,AL-4,AL-5,AL-6,CA-2,CA-3,LE-1,LE-2",-0.15732557470088085,-0.5925738687409955,0.6348038425525985,3
offset_mle,E+res,random,n,160,0.25,phys,AB4,2,False,"Lena,Canada",1.1811645315331643,-0.9812603162372321,2.5270645331005297,1
offset_mle,E+res,random,n,160,0.25,phys,ALL,12,False,"Lena,Canada,AL-1,AL-2,AL-3,AL-4,AL-5,AL-6,CA-2,CA-3,LE-1,LE-2",-0.2835985087415804,-0.9044596191479665,0.619123484221545,4
offset_mle,E+res,random,n,160,0.25,shrink,AB4,2,False,"Lena,Canada",0.7270283726099643,-0.1118772752512677,1.352969046916232,1
offset_mle,E+res,random,n,160,0.25,shrink,ALL,12,False,"Lena,Canada,AL-1,AL-2,AL-3,AL-4,AL-5,AL-6,CA-2,CA-3,LE-1,LE-2",-0.07507813668741609,-0.3203739545664722,0.19315078277916536,6
offset_mle,E+res,random,n,160,0.5,phys,AB4,2,False,"Lena,Canada",0.5175504356519189,-1.523168546324755,1.5968138963984877,1
offset_mle,E+res,random,n,160,0.5,phys,ALL,12,False,"Lena,Canada,AL-1,AL-2,AL-3,AL-4,AL-5,AL-6,CA-2,CA-3,LE-1,LE-2",-0.27626517803322415,-0.8383208890829165,0.6697265854394805,4
offset_mle,E+res,random,n,160,0.5,shrink,AB4,2,False,"Lena,Canada",0.5809823063165529,-0.13171432436831088,1.0802333328122593,1
offset_mle,E+res,random,n,160,0.5,shrink,ALL,12,False,"Lena,Canada,AL-1,AL-2,AL-3,AL-4,AL-5,AL-6,CA-2,CA-3,LE-1,LE-2",-0.11893960333234323,-0.3294410472482303,0.149052325866819,6
ppi,E+res,random,n,160,0.25,phys,AB4,2,False,"Lena,Canada",1.263572821755104,-0.9675990248614393,2.6289243035934735,1
ppi,E+res,random,n,160,0.25,phys,ALL,12,False,"Lena,Canada,AL-1,AL-2,AL-3,AL-4,AL-5,AL-6,CA-2,CA-3,LE-1,LE-2",-0.25367844722775496,-0.8734012874270769,0.6509846818974624,4
ppi,E+res,random,n,160,0.25,shrink,AB4,2,False,"Lena,Canada",0.8094366628319044,-0.07157097347895174,1.446318211276002,1
ppi,E+res,random,n,160,0.25,shrink,ALL,12,False,"Lena,Canada,AL-1,AL-2,AL-3,AL-4,AL-5,AL-6,CA-2,CA-3,LE-1,LE-2",-0.0451580751735905,-0.28783158303490547,0.22453648951236466,6
ppi,E+res,random,n,160,0.5,phys,AB4,2,False,"Lena,Canada",0.606002666315075,-1.4869812213714562,1.7015969595128873,1
ppi,E+res,random,n,160,0.5,phys,ALL,12,False,"Lena,Canada,AL-1,AL-2,AL-3,AL-4,AL-5,AL-6,CA-2,CA-3,LE-1,LE-2",-0.23693813891666682,-0.80581832214648,0.7147329837678286,4
ppi,E+res,random,n,160,0.5,shrink,AB4,2,False,"Lena,Canada",0.6694345369797088,-0.10292150490763165,1.1705729190606922,1
ppi,E+res,random,n,160,0.5,shrink,ALL,12,False,"Lena,Canada,AL-1,AL-2,AL-3,AL-4,AL-5,AL-6,CA-2,CA-3,LE-1,LE-2",-0.07961256421578612,-0.2983053213564403,0.18412715754406714,6
offset_mle30,E+res,random,n,160,0.25,phys,AB4,2,False,"Lena,Canada",1.1833243307077912,-0.9651361216313289,2.5175816634707084,1
offset_mle30,E+res,random,n,160,0.25,phys,ALL,12,False,"Lena,Canada,AL-1,AL-2,AL-3,AL-4,AL-5,AL-6,CA-2,CA-3,LE-1,LE-2",-0.28929272367741615,-0.9065793258836709,0.6125017154655894,4
offset_mle30,E+res,random,n,160,0.25,shrink,AB4,2,False,"Lena,Canada",0.7291881717845916,-0.09061637416037904,1.3412365672988362,1
offset_mle30,E+res,random,n,160,0.25,shrink,ALL,12,False,"Lena,Canada,AL-1,AL-2,AL-3,AL-4,AL-5,AL-6,CA-2,CA-3,LE-1,LE-2",-0.08077235162325176,-0.31825729761331983,0.18149355970615183,6
offset_mle30,E+res,random,n,160,0.5,phys,AB4,2,False,"Lena,Canada",0.5372156291848802,-1.4697717635063412,1.603850818887799,1
offset_mle30,E+res,random,n,160,0.5,phys,ALL,12,False,"Lena,Canada,AL-1,AL-2,AL-3,AL-4,AL-5,AL-6,CA-2,CA-3,LE-1,LE-2",-0.27178995641367226,-0.8279371766311149,0.6713111359653403,5
offset_mle30,E+res,random,n,160,0.5,shrink,AB4,2,False,"Lena,Canada",0.6006474998495142,-0.08520893490934812,1.0956017397884361,1
offset_mle30,E+res,random,n,160,0.5,shrink,ALL,12,False,"Lena,Canada,AL-1,AL-2,AL-3,AL-4,AL-5,AL-6,CA-2,CA-3,LE-1,LE-2",-0.1144643817127914,-0.3181599936560433,0.1380050220508739,6
mixed_boost,E+res,random,n,160,0.25,phys,AB4,2,False,"Lena,Canada",12.08626994988586,8.090981191221521,15.652269195091165,0
mixed_boost,E+res,random,n,160,0.25,phys,ALL,12,False,"Lena,Canada,AL-1,AL-2,AL-3,AL-4,AL-5,AL-6,CA-2,CA-3,LE-1,LE-2",7.24819957227432,6.177768837378764,9.125447941596814,1
mixed_boost,E+res,random,n,160,0.25,shrink,AB4,2,False,"Lena,Canada",11.63213379096266,8.479623900589749,15.266448350292563,0
mixed_boost,E+res,random,n,160,0.25,shrink,ALL,12,False,"Lena,Canada,AL-1,AL-2,AL-3,AL-4,AL-5,AL-6,CA-2,CA-3,LE-1,LE-2",7.456719944328484,6.320601548437014,9.048976112883631,0
mixed_boost,E+res,random,n,160,0.5,phys,AB4,2,False,"Lena,Canada",12.078691634692039,8.191001033301385,15.685192954735214,0
mixed_boost,E+res,random,n,160,0.5,phys,ALL,12,False,"Lena,Canada,AL-1,AL-2,AL-3,AL-4,AL-5,AL-6,CA-2,CA-3,LE-1,LE-2",7.29525070748841,6.241646035813012,9.182901664400795,1
mixed_boost,E+res,random,n,160,0.5,shrink,AB4,2,False,"Lena,Canada",12.14212350535667,9.035920837440248,15.732662578823403,0
mixed_boost,E+res,random,n,160,0.5,shrink,ALL,12,False,"Lena,Canada,AL-1,AL-2,AL-3,AL-4,AL-5,AL-6,CA-2,CA-3,LE-1,LE-2",7.452576282189291,6.323101902694702,8.988641855247849,0
shrink_k10,E,kmedoid,n,160,0.0,phys,AB4,2,False,"Lena,Canada",0.9043540203568124,0.035755901200294725,1.4111527931642054,0
shrink_k10,E,kmedoid,n,160,0.0,phys,ALL,12,False,"Lena,Canada,AL-1,AL-2,AL-3,AL-4,AL-5,AL-6,CA-2,CA-3,LE-1,LE-2",-0.33932837558525814,-0.7632597073969022,0.26132361987191044,5
offset_mle,E,kmedoid,n,160,0.0,phys,AB4,2,False,"Lena,Canada",1.1088142148081386,-0.7358943707887455,2.3990342701641625,1
offset_mle,E,kmedoid,n,160,0.0,phys,ALL,12,False,"Lena,Canada,AL-1,AL-2,AL-3,AL-4,AL-5,AL-6,CA-2,CA-3,LE-1,LE-2",-0.5406228791289603,-1.074889357381235,0.288267179249139,5
offset_mle,E,kmedoid,n,160,0.0,shrink,AB4,2,False,"Lena,Canada",0.20446019445132635,-0.8648052768796823,1.1264735835599715,1
offset_mle,E,kmedoid,n,160,0.0,shrink,ALL,12,False,"Lena,Canada,AL-1,AL-2,AL-3,AL-4,AL-5,AL-6,CA-2,CA-3,LE-1,LE-2",-0.20129450354370215,-0.46184721073427604,0.17573479745999837,8
ppi,E,kmedoid,n,160,0.0,phys,AB4,2,False,"Lena,Canada",1.675588752083585,-0.47654978414220767,3.1419227397182166,1
ppi,E,kmedoid,n,160,0.0,phys,ALL,12,False,"Lena,Canada,AL-1,AL-2,AL-3,AL-4,AL-5,AL-6,CA-2,CA-3,LE-1,LE-2",-0.43797714131214843,-0.9881400976387293,0.4156231543990589,5
ppi,E,kmedoid,n,160,0.0,shrink,AB4,2,False,"Lena,Canada",0.7712347317267727,-0.6035158099126214,1.8330074301926262,1
ppi,E,kmedoid,n,160,0.0,shrink,ALL,12,False,"Lena,Canada,AL-1,AL-2,AL-3,AL-4,AL-5,AL-6,CA-2,CA-3,LE-1,LE-2",-0.09864876572689026,-0.3889057811681776,0.32447752260869284,8
offset_mle30,E,kmedoid,n,160,0.0,phys,AB4,2,False,"Lena,Canada",1.0995644256343766,-0.7371246811860974,2.3842720218487483,1
offset_mle30,E,kmedoid,n,160,0.0,phys,ALL,12,False,"Lena,Canada,AL-1,AL-2,AL-3,AL-4,AL-5,AL-6,CA-2,CA-3,LE-1,LE-2",-0.549120512123994,-1.0811703734763805,0.27519530662409464,5
offset_mle30,E,kmedoid,n,160,0.0,shrink,AB4,2,False,"Lena,Canada",0.19521040527756417,-0.8662911349098825,1.112383666951768,1
offset_mle30,E,kmedoid,n,160,0.0,shrink,ALL,12,False,"Lena,Canada,AL-1,AL-2,AL-3,AL-4,AL-5,AL-6,CA-2,CA-3,LE-1,LE-2",-0.20979213653873577,-0.46956197907488495,0.16408302176813708,8
offset_ls,E,kmedoid,n,160,0.0,phys,AB4,2,False,"Lena,Canada",0.968347579934931,0.0538547675872427,1.5026243709705638,0
offset_ls,E,kmedoid,n,160,0.0,phys,ALL,12,False,"Lena,Canada,AL-1,AL-2,AL-3,AL-4,AL-5,AL-6,CA-2,CA-3,LE-1,LE-2",-0.2609796643810768,-0.7014737152917363,0.3739437082195262,5
offset_ls,E,kmedoid,n,160,0.0,shrink,AB4,2,False,"Lena,Canada",0.06399355957811863,0.018533372019540646,0.0916576410986364,0
offset_ls,E,kmedoid,n,160,0.0,shrink,ALL,12,False,"Lena,Canada,AL-1,AL-2,AL-3,AL-4,AL-5,AL-6,CA-2,CA-3,LE-1,LE-2",0.07834871120418122,0.06045152521759194,0.11433309086186745,3
mixed_boost,E,kmedoid,n,160,0.0,phys,AB4,2,False,"Lena,Canada",10.198273813102027,7.379628219394069,13.813113886163695,0
mixed_boost,E,kmedoid,n,160,0.0,phys,ALL,12,False,"Lena,Canada,AL-1,AL-2,AL-3,AL-4,AL-5,AL-6,CA-2,CA-3,LE-1,LE-2",7.9639957589501345,5.903389279088921,10.077228530282957,1
mixed_boost,E,kmedoid,n,160,0.0,shrink,AB4,2,False,"Lena,Canada",9.293919792745216,6.579422370580045,12.977496122036875,0
mixed_boost,E,kmedoid,n,160,0.0,shrink,ALL,12,False,"Lena,Canada,AL-1,AL-2,AL-3,AL-4,AL-5,AL-6,CA-2,CA-3,LE-1,LE-2",8.303324134535393,6.176810931268553,10.345152835672195,0
shrink_k10,E+res,kmedoid,n,160,0.25,phys,AB4,2,False,"Lena,Canada",0.39405122094272704,-0.5559328886896384,0.8666196396348466,1
shrink_k10,E+res,kmedoid,n,160,0.25,phys,ALL,12,False,"Lena,Canada,AL-1,AL-2,AL-3,AL-4,AL-5,AL-6,CA-2,CA-3,LE-1,LE-2",-0.4583660446343416,-0.8557339292911301,0.19353382605597724,4
shrink_k10,E+res,kmedoid,n,160,0.5,phys,AB4,2,False,"Lena,Canada",-0.032724486415406595,-1.0573786908588716,0.40080084266190913,1
shrink_k10,E+res,kmedoid,n,160,0.5,phys,ALL,12,False,"Lena,Canada,AL-1,AL-2,AL-3,AL-4,AL-5,AL-6,CA-2,CA-3,LE-1,LE-2",-0.4421944996182965,-0.8537128436243441,0.3122748938049591,5
offset_mle,E+res,kmedoid,n,160,0.25,phys,AB4,2,False,"Lena,Canada",0.5506326649318461,-1.2457429141706529,1.6317898859399973,1
offset_mle,E+res,kmedoid,n,160,0.25,phys,ALL,12,False,"Lena,Canada,AL-1,AL-2,AL-3,AL-4,AL-5,AL-6,CA-2,CA-3,LE-1,LE-2",-0.6805856043278219,-1.1843809019473326,0.14181490658032653,5
offset_mle,E+res,kmedoid,n,160,0.25,shrink,AB4,2,False,"Lena,Canada",0.156581443989119,-0.7807671593135533,0.8835074153429088,1
offset_mle,E+res,kmedoid,n,160,0.25,shrink,ALL,12,False,"Lena,Canada,AL-1,AL-2,AL-3,AL-4,AL-5,AL-6,CA-2,CA-3,LE-1,LE-2",-0.2222195596934802,-0.4417209680966749,0.12302784042951624,8
offset_mle,E+res,kmedoid,n,160,0.5,phys,AB4,2,False,"Lena,Canada",0.11605969487788337,-1.593065160976129,1.0117037493865177,1
offset_mle,E+res,kmedoid,n,160,0.5,phys,ALL,12,False,"Lena,Canada,AL-1,AL-2,AL-3,AL-4,AL-5,AL-6,CA-2,CA-3,LE-1,LE-2",-0.6647203497209909,-1.1316812076066787,0.24190077026698956,6
offset_mle,E+res,kmedoid,n,160,0.5,shrink,AB4,2,False,"Lena,Canada",0.14878418129329007,-0.6378705475865083,0.7393132975799721,1
offset_mle,E+res,kmedoid,n,160,0.5,shrink,ALL,12,False,"Lena,Canada,AL-1,AL-2,AL-3,AL-4,AL-5,AL-6,CA-2,CA-3,LE-1,LE-2",-0.22252585010269463,-0.4151660045518665,0.0857351536093701,9
ppi,E+res,kmedoid,n,160,0.25,phys,AB4,2,False,"Lena,Canada",1.0002402402972872,-1.0658573278793022,2.230231760748735,1
ppi,E+res,kmedoid,n,160,0.25,phys,ALL,12,False,"Lena,Canada,AL-1,AL-2,AL-3,AL-4,AL-5,AL-6,CA-2,CA-3,LE-1,LE-2",-0.6183825330881402,-1.1453930278771223,0.2372252932715453,5
ppi,E+res,kmedoid,n,160,0.25,shrink,AB4,2,False,"Lena,Canada",0.6061890193545604,-0.5955273667935351,1.4494070062142554,1
ppi,E+res,kmedoid,n,160,0.25,shrink,ALL,12,False,"Lena,Canada,AL-1,AL-2,AL-3,AL-4,AL-5,AL-6,CA-2,CA-3,LE-1,LE-2",-0.16001648845379846,-0.42116919873906833,0.2188524923377941,8
ppi,E+res,kmedoid,n,160,0.5,phys,AB4,2,False,"Lena,Canada",0.48622037781362226,-1.4455624392994821,1.5222664016426133,1
ppi,E+res,kmedoid,n,160,0.5,phys,ALL,12,False,"Lena,Canada,AL-1,AL-2,AL-3,AL-4,AL-5,AL-6,CA-2,CA-3,LE-1,LE-2",-0.6305960371411053,-1.12252090337834,0.2909415909274456,6
ppi,E+res,kmedoid,n,160,0.5,shrink,AB4,2,False,"Lena,Canada",0.5189448642290287,-0.509497833940844,1.2359452339167492,1
ppi,E+res,kmedoid,n,160,0.5,shrink,ALL,12,False,"Lena,Canada,AL-1,AL-2,AL-3,AL-4,AL-5,AL-6,CA-2,CA-3,LE-1,LE-2",-0.18840153752280894,-0.4136313141354365,0.1476910751709111,9
offset_mle30,E+res,kmedoid,n,160,0.25,phys,AB4,2,False,"Lena,Canada",0.5314368778926559,-1.250295667175243,1.5935788206383037,1
offset_mle30,E+res,kmedoid,n,160,0.25,phys,ALL,12,False,"Lena,Canada,AL-1,AL-2,AL-3,AL-4,AL-5,AL-6,CA-2,CA-3,LE-1,LE-2",-0.6850156685849366,-1.1860284174316964,0.13270268423238554,5
offset_mle30,E+res,kmedoid,n,160,0.25,shrink,AB4,2,False,"Lena,Canada",0.13738565694992888,-0.7824505853242775,0.8475775730201742,1
offset_mle30,E+res,kmedoid,n,160,0.25,shrink,ALL,12,False,"Lena,Canada,AL-1,AL-2,AL-3,AL-4,AL-5,AL-6,CA-2,CA-3,LE-1,LE-2",-0.22664962395059485,-0.45103952944593184,0.11390417862307115,8
offset_mle30,E+res,kmedoid,n,160,0.5,phys,AB4,2,False,"Lena,Canada",0.09226047402714033,-1.6116751614821576,0.9752557512468077,1
offset_mle30,E+res,kmedoid,n,160,0.5,phys,ALL,12,False,"Lena,Canada,AL-1,AL-2,AL-3,AL-4,AL-5,AL-6,CA-2,CA-3,LE-1,LE-2",-0.6625633980990527,-1.1326042060319217,0.2504815494538746,6
offset_mle30,E+res,kmedoid,n,160,0.5,shrink,AB4,2,False,"Lena,Canada",0.12498496044254703,-0.6335659585693727,0.6957482979990819,1
offset_mle30,E+res,kmedoid,n,160,0.5,shrink,ALL,12,False,"Lena,Canada,AL-1,AL-2,AL-3,AL-4,AL-5,AL-6,CA-2,CA-3,LE-1,LE-2",-0.2203688984807564,-0.4214024820692136,0.08130536327696568,9
mixed_boost,E+res,kmedoid,n,160,0.25,phys,AB4,2,False,"Lena,Canada",10.97681301351283,8.08883438422272,14.905318991003105,0
mixed_boost,E+res,kmedoid,n,160,0.25,phys,ALL,12,False,"Lena,Canada,AL-1,AL-2,AL-3,AL-4,AL-5,AL-6,CA-2,CA-3,LE-1,LE-2",8.168576635034471,6.106751559455405,10.157747288597937,1
mixed_boost,E+res,kmedoid,n,160,0.25,shrink,AB4,2,False,"Lena,Canada",10.582761792570103,8.129584875403468,14.738256205576345,0
mixed_boost,E+res,kmedoid,n,160,0.25,shrink,ALL,12,False,"Lena,Canada,AL-1,AL-2,AL-3,AL-4,AL-5,AL-6,CA-2,CA-3,LE-1,LE-2",8.62694267966881,6.428442221507715,10.627388071981386,0
mixed_boost,E+res,kmedoid,n,160,0.5,phys,AB4,2,False,"Lena,Canada",10.981124180738156,8.15636067764105,14.92268460495665,0
mixed_boost,E+res,kmedoid,n,160,0.5,phys,ALL,12,False,"Lena,Canada,AL-1,AL-2,AL-3,AL-4,AL-5,AL-6,CA-2,CA-3,LE-1,LE-2",8.172870280731942,6.1219251517865345,10.1928679046606,1
mixed_boost,E+res,kmedoid,n,160,0.5,shrink,AB4,2,False,"Lena,Canada",11.013848667153562,8.780442454493146,15.216469865494531,0
mixed_boost,E+res,kmedoid,n,160,0.5,shrink,ALL,12,False,"Lena,Canada,AL-1,AL-2,AL-3,AL-4,AL-5,AL-6,CA-2,CA-3,LE-1,LE-2",8.615064780350238,6.418344794129291,10.510679074167177,0
shrink_k10,E,random,n,320,0.0,phys,AB4,2,False,"Lena,Canada",1.3172578393447563,-0.22723119576171127,2.2979739873524645,1
shrink_k10,E,random,n,320,0.0,phys,ALL,9,False,"Lena,Canada,AL-1,AL-2,AL-3,AL-5,AL-6,LE-1,LE-2",-0.4065238114007096,-0.8718809356694778,0.21135294422406664,4
offset_mle,E,random,n,320,0.0,phys,AB4,2,False,"Lena,Canada",2.1819193838754836,-0.20308037274614182,3.8335950629013555,1
offset_mle,E,random,n,320,0.0,phys,ALL,9,False,"Lena,Canada,AL-1,AL-2,AL-3,AL-5,AL-6,LE-1,LE-2",-0.18301972153997145,-0.8070727686124661,0.6167813148634702,3
offset_mle,E,random,n,320,0.0,shrink,AB4,2,False,"Lena,Canada",0.8646615445307274,-0.041763613971197544,1.6046218084716466,1
offset_mle,E,random,n,320,0.0,shrink,ALL,9,False,"Lena,Canada,AL-1,AL-2,AL-3,AL-5,AL-6,LE-1,LE-2",0.22350408986073816,-0.022813317261128785,0.5431398635816275,5
ppi,E,random,n,320,0.0,phys,AB4,2,False,"Lena,Canada",2.1595167790752443,-0.23250667315380574,3.813827701022689,1
ppi,E,random,n,320,0.0,phys,ALL,9,False,"Lena,Canada,AL-1,AL-2,AL-3,AL-5,AL-6,LE-1,LE-2",-0.18350074720734524,-0.8070008708403683,0.6182139600506958,3
ppi,E,random,n,320,0.0,shrink,AB4,2,False,"Lena,Canada",0.8422589397304879,-0.06060846955474517,1.5828331231977981,1
ppi,E,random,n,320,0.0,shrink,ALL,9,False,"Lena,Canada,AL-1,AL-2,AL-3,AL-5,AL-6,LE-1,LE-2",0.22302306419336443,-0.026222048457170712,0.5437106280499179,5
offset_mle30,E,random,n,320,0.0,phys,AB4,2,False,"Lena,Canada",2.1733817785637215,-0.20702790629700651,3.82175777246365,1
offset_mle30,E,random,n,320,0.0,phys,ALL,9,False,"Lena,Canada,AL-1,AL-2,AL-3,AL-5,AL-6,LE-1,LE-2",-0.18862541468581503,-0.8112724980173989,0.6096235116235974,3
offset_mle30,E,random,n,320,0.0,shrink,AB4,2,False,"Lena,Canada",0.856123939218965,-0.04623761510743296,1.5930789641174687,1
offset_mle30,E,random,n,320,0.0,shrink,ALL,9,False,"Lena,Canada,AL-1,AL-2,AL-3,AL-5,AL-6,LE-1,LE-2",0.21789839671489453,-0.027556592825044194,0.5363954068909241,5
offset_ls,E,random,n,320,0.0,phys,AB4,2,False,"Lena,Canada",1.373369522354939,-0.20538780811770763,2.3783229130383177,1
offset_ls,E,random,n,320,0.0,phys,ALL,9,False,"Lena,Canada,AL-1,AL-2,AL-3,AL-5,AL-6,LE-1,LE-2",-0.37536091066534444,-0.8512206711906035,0.26056164909152596,4
offset_ls,E,random,n,320,0.0,shrink,AB4,2,False,"Lena,Canada",0.05611168301018251,0.01961541895504329,0.08088555436309193,1
offset_ls,E,random,n,320,0.0,shrink,ALL,9,False,"Lena,Canada,AL-1,AL-2,AL-3,AL-5,AL-6,LE-1,LE-2",0.03116290073536501,0.020690891097145683,0.04986621802924991,3
mixed_boost,E,random,n,320,0.0,phys,AB4,2,False,"Lena,Canada",9.824483395645888,6.8441429573929975,13.741452336454802,0
mixed_boost,E,random,n,320,0.0,phys,ALL,9,False,"Lena,Canada,AL-1,AL-2,AL-3,AL-5,AL-6,LE-1,LE-2",5.25371196101787,4.571023008564081,8.354675479122289,1
mixed_boost,E,random,n,320,0.0,shrink,AB4,2,False,"Lena,Canada",8.507225556301133,5.987816601230299,12.266246745458204,0
mixed_boost,E,random,n,320,0.0,shrink,ALL,9,False,"Lena,Canada,AL-1,AL-2,AL-3,AL-5,AL-6,LE-1,LE-2",5.66023577241858,4.960001637382237,8.724270368906312,0
shrink_k10,E+res,random,n,320,0.25,phys,AB4,2,False,"Lena,Canada",0.44588581432317764,-1.012541360026847,1.262498432946325,1
shrink_k10,E+res,random,n,320,0.25,phys,ALL,9,False,"Lena,Canada,AL-1,AL-2,AL-3,AL-5,AL-6,LE-1,LE-2",-0.5273537064211916,-0.9748309955664517,0.08221331757085225,4
shrink_k10,E+res,random,n,320,0.5,phys,AB4,2,False,"Lena,Canada",-0.20185311019494845,-1.6204194980989126,0.5233941921496966,1
shrink_k10,E+res,random,n,320,0.5,phys,ALL,9,False,"Lena,Canada,AL-1,AL-2,AL-3,AL-5,AL-6,LE-1,LE-2",-0.4964984363174929,-0.9129133792723196,0.1922699796075183,4
offset_mle,E+res,random,n,320,0.25,phys,AB4,2,False,"Lena,Canada",1.182286756662281,-1.0693256183229833,2.557770700497986,1
offset_mle,E+res,random,n,320,0.25,phys,ALL,9,False,"Lena,Canada,AL-1,AL-2,AL-3,AL-5,AL-6,LE-1,LE-2",-0.3864400908564895,-0.9672348665326026,0.3538822706741067,4
offset_mle,E+res,random,n,320,0.25,shrink,AB4,2,False,"Lena,Canada",0.7364009423391034,-0.035051197353339385,1.3257173227492256,1
offset_mle,E+res,random,n,320,0.25,shrink,ALL,9,False,"Lena,Canada,AL-1,AL-2,AL-3,AL-5,AL-6,LE-1,LE-2",0.14091361556470228,-0.0836475097864514,0.414955019632356,5
offset_mle,E+res,random,n,320,0.5,phys,AB4,2,False,"Lena,Canada",0.3955625156651814,-1.6594599039994462,1.5718169996026168,1
offset_mle,E+res,random,n,320,0.5,phys,ALL,9,False,"Lena,Canada,AL-1,AL-2,AL-3,AL-5,AL-6,LE-1,LE-2",-0.4184727765569388,-0.9135013884231918,0.30804525158538376,4
offset_mle,E+res,random,n,320,0.5,shrink,AB4,2,False,"Lena,Canada",0.5974156258601298,-0.052486692342574304,1.021460526588446,1
offset_mle,E+res,random,n,320,0.5,shrink,ALL,9,False,"Lena,Canada,AL-1,AL-2,AL-3,AL-5,AL-6,LE-1,LE-2",0.07802565976055413,-0.12108243612678336,0.3071352361572608,5
ppi,E+res,random,n,320,0.25,phys,AB4,2,False,"Lena,Canada",1.1400882272627872,-1.102981779297725,2.5065238292415626,1
ppi,E+res,random,n,320,0.25,phys,ALL,9,False,"Lena,Canada,AL-1,AL-2,AL-3,AL-5,AL-6,LE-1,LE-2",-0.4046454573245332,-0.9872833361802323,0.3248294316787171,4
ppi,E+res,random,n,320,0.25,shrink,AB4,2,False,"Lena,Canada",0.6942024129396096,-0.08256817755681257,1.2777147379853657,1
ppi,E+res,random,n,320,0.25,shrink,ALL,9,False,"Lena,Canada,AL-1,AL-2,AL-3,AL-5,AL-6,LE-1,LE-2",0.12270824909665848,-0.10194678614725314,0.3962256777645353,5
ppi,E+res,random,n,320,0.5,phys,AB4,2,False,"Lena,Canada",0.35532642366546363,-1.688838153195935,1.513289036731297,1
ppi,E+res,random,n,320,0.5,phys,ALL,9,False,"Lena,Canada,AL-1,AL-2,AL-3,AL-5,AL-6,LE-1,LE-2",-0.4522747057521586,-0.9370807619225159,0.27115727197350076,4
ppi,E+res,random,n,320,0.5,shrink,AB4,2,False,"Lena,Canada",0.5571795338604122,-0.09803910717618879,1.0011937699663245,1
ppi,E+res,random,n,320,0.5,shrink,ALL,9,False,"Lena,Canada,AL-1,AL-2,AL-3,AL-5,AL-6,LE-1,LE-2",0.044223730565334324,-0.1511026880435831,0.26627533458307806,5
offset_mle30,E+res,random,n,320,0.25,phys,AB4,2,False,"Lena,Canada",1.1913670282637463,-1.084271102808748,2.572165245381421,1
offset_mle30,E+res,random,n,320,0.25,phys,ALL,9,False,"Lena,Canada,AL-1,AL-2,AL-3,AL-5,AL-6,LE-1,LE-2",-0.376724311583795,-0.9558676928334651,0.35522808617827223,4
offset_mle30,E+res,random,n,320,0.25,shrink,AB4,2,False,"Lena,Canada",0.7454812139405687,-0.046394854314895144,1.3303708448659977,1
offset_mle30,E+res,random,n,320,0.25,shrink,ALL,9,False,"Lena,Canada,AL-1,AL-2,AL-3,AL-5,AL-6,LE-1,LE-2",0.15062939483739665,-0.07780842136316327,0.42077162509741756,5
offset_mle30,E+res,random,n,320,0.5,phys,AB4,2,False,"Lena,Canada",0.4239189906393095,-1.6683434664666317,1.592664558923425,1
offset_mle30,E+res,random,n,320,0.5,phys,ALL,9,False,"Lena,Canada,AL-1,AL-2,AL-3,AL-5,AL-6,LE-1,LE-2",-0.38974548096844924,-0.8845993263389976,0.3313792168431706,4
offset_mle30,E+res,random,n,320,0.5,shrink,AB4,2,False,"Lena,Canada",0.6257721008342578,-0.05862399783380798,1.0609971020460065,1
offset_mle30,E+res,random,n,320,0.5,shrink,ALL,9,False,"Lena,Canada,AL-1,AL-2,AL-3,AL-5,AL-6,LE-1,LE-2",0.10675295534904372,-0.09854133630221304,0.33809287492754986,5
mixed_boost,E+res,random,n,320,0.25,phys,AB4,2,False,"Lena,Canada",12.251749732301164,7.742645067112362,16.226302990092936,0
mixed_boost,E+res,random,n,320,0.25,phys,ALL,9,False,"Lena,Canada,AL-1,AL-2,AL-3,AL-5,AL-6,LE-1,LE-2",6.042993444814941,5.133053947955281,9.737412985628008,1
mixed_boost,E+res,random,n,320,0.25,shrink,AB4,2,False,"Lena,Canada",11.805863917977987,7.637897286584729,15.78378845681564,0
mixed_boost,E+res,random,n,320,0.25,shrink,ALL,9,False,"Lena,Canada,AL-1,AL-2,AL-3,AL-5,AL-6,LE-1,LE-2",6.570347151236134,5.668540677792721,10.21455582960901,0
mixed_boost,E+res,random,n,320,0.5,phys,AB4,2,False,"Lena,Canada",12.184343215529996,7.716831620767598,16.216592914784517,0
mixed_boost,E+res,random,n,320,0.5,phys,ALL,9,False,"Lena,Canada,AL-1,AL-2,AL-3,AL-5,AL-6,LE-1,LE-2",6.043274773869274,5.132205454519342,9.770668954834308,1
mixed_boost,E+res,random,n,320,0.5,shrink,AB4,2,False,"Lena,Canada",12.38619632572495,8.328206765401745,16.342254826473464,0
mixed_boost,E+res,random,n,320,0.5,shrink,ALL,9,False,"Lena,Canada,AL-1,AL-2,AL-3,AL-5,AL-6,LE-1,LE-2",6.539773210186767,5.674131027652551,10.061427810801192,0
shrink_k10,E,kmedoid,n,320,0.0,phys,AB4,2,False,"Lena,Canada",1.5741404362100437,0.18296466174453216,2.377406305592852,0
shrink_k10,E,kmedoid,n,320,0.0,phys,ALL,9,False,"Lena,Canada,AL-1,AL-2,AL-3,AL-5,AL-6,LE-1,LE-2",-0.3588425942726891,-0.8340950325580992,0.1759330727508402,3
offset_mle,E,kmedoid,n,320,0.0,phys,AB4,2,False,"Lena,Canada",1.9354537888415337,-0.29046281405400226,3.4488659531298764,1
offset_mle,E,kmedoid,n,320,0.0,phys,ALL,9,False,"Lena,Canada,AL-1,AL-2,AL-3,AL-5,AL-6,LE-1,LE-2",-0.31496551816302953,-0.878696320375183,0.4062472224938349,3
offset_mle,E,kmedoid,n,320,0.0,shrink,AB4,2,False,"Lena,Canada",0.3613133526314899,-0.601434318945428,1.2621764025490005,1
offset_mle,E,kmedoid,n,320,0.0,shrink,ALL,9,False,"Lena,Canada,AL-1,AL-2,AL-3,AL-5,AL-6,LE-1,LE-2",0.04387707610965942,-0.22873111331612142,0.4501319850073988,5
ppi,E,kmedoid,n,320,0.0,phys,AB4,2,False,"Lena,Canada",2.0857230397542983,-0.21077441396448113,3.644065438922011,1
ppi,E,kmedoid,n,320,0.0,phys,ALL,9,False,"Lena,Canada,AL-1,AL-2,AL-3,AL-5,AL-6,LE-1,LE-2",-0.2704705283300785,-0.8509357264361409,0.4786053335688059,3
ppi,E,kmedoid,n,320,0.0,shrink,AB4,2,False,"Lena,Canada",0.5115826035442546,-0.5270077558384,1.4738276172414286,1
ppi,E,kmedoid,n,320,0.0,shrink,ALL,9,False,"Lena,Canada,AL-1,AL-2,AL-3,AL-5,AL-6,LE-1,LE-2",0.08837206594261045,-0.20548573248316981,0.528729846195137,5
offset_mle30,E,kmedoid,n,320,0.0,phys,AB4,2,False,"Lena,Canada",1.928457584424601,-0.29358828177281554,3.438935405020032,1
offset_mle30,E,kmedoid,n,320,0.0,phys,ALL,9,False,"Lena,Canada,AL-1,AL-2,AL-3,AL-5,AL-6,LE-1,LE-2",-0.31936503497624535,-0.8821220486060729,0.40034108470741747,3
offset_mle30,E,kmedoid,n,320,0.0,shrink,AB4,2,False,"Lena,Canada",0.35431714821455773,-0.6041437729122697,1.251295506239607,1
offset_mle30,E,kmedoid,n,320,0.0,shrink,ALL,9,False,"Lena,Canada,AL-1,AL-2,AL-3,AL-5,AL-6,LE-1,LE-2",0.03947755929644375,-0.23247357662066945,0.44396286382820077,5
offset_ls,E,kmedoid,n,320,0.0,phys,AB4,2,False,"Lena,Canada",1.6322311429234926,0.20604467309403032,2.4562537190823384,0
offset_ls,E,kmedoid,n,320,0.0,phys,ALL,9,False,"Lena,Canada,AL-1,AL-2,AL-3,AL-5,AL-6,LE-1,LE-2",-0.3311317921552316,-0.8175983939259048,0.21779005722883987,3
offset_ls,E,kmedoid,n,320,0.0,shrink,AB4,2,False,"Lena,Canada",0.05809070671344892,0.023556645128855625,0.07891750451285459,0
offset_ls,E,kmedoid,n,320,0.0,shrink,ALL,9,False,"Lena,Canada,AL-1,AL-2,AL-3,AL-5,AL-6,LE-1,LE-2",0.027710802117457488,0.016172772386476745,0.043765285419528455,2
mixed_boost,E,kmedoid,n,320,0.0,phys,AB4,2,False,"Lena,Canada",7.510635274010495,3.0368317480122684,14.598843268224723,0
mixed_boost,E,kmedoid,n,320,0.0,phys,ALL,9,False,"Lena,Canada,AL-1,AL-2,AL-3,AL-5,AL-6,LE-1,LE-2",4.7233850042397485,3.8296848808576747,8.271721356681356,1
mixed_boost,E,kmedoid,n,320,0.0,shrink,AB4,2,False,"Lena,Canada",5.936494837800452,1.9022875307053109,13.077626995835445,0
mixed_boost,E,kmedoid,n,320,0.0,shrink,ALL,9,False,"Lena,Canada,AL-1,AL-2,AL-3,AL-5,AL-6,LE-1,LE-2",5.082227598512437,4.124977511242358,8.737308284613546,0
shrink_k10,E+res,kmedoid,n,320,0.25,phys,AB4,2,False,"Lena,Canada",0.8199341148863608,-0.5097697941222733,1.4898713076692542,1
shrink_k10,E+res,kmedoid,n,320,0.25,phys,ALL,9,False,"Lena,Canada,AL-1,AL-2,AL-3,AL-5,AL-6,LE-1,LE-2",-0.4988119271215959,-0.9708726035801891,0.03015997028116955,3
shrink_k10,E+res,kmedoid,n,320,0.5,phys,AB4,2,False,"Lena,Canada",0.18549666599291675,-1.1427989285992315,0.7588753633453246,1
shrink_k10,E+res,kmedoid,n,320,0.5,phys,ALL,9,False,"Lena,Canada,AL-1,AL-2,AL-3,AL-5,AL-6,LE-1,LE-2",-0.5164988797504786,-0.9577986593161933,0.0854705434867877,4
offset_mle,E+res,kmedoid,n,320,0.25,phys,AB4,2,False,"Lena,Canada",1.0851135914183114,-1.0106900653724429,2.3043494792448853,1
offset_mle,E+res,kmedoid,n,320,0.25,phys,ALL,9,False,"Lena,Canada,AL-1,AL-2,AL-3,AL-5,AL-6,LE-1,LE-2",-0.5028168232230033,-1.0497302757662668,0.13769801857952976,4
offset_mle,E+res,kmedoid,n,320,0.25,shrink,AB4,2,False,"Lena,Canada",0.2651794765319506,-0.542342505095278,0.9500552600286851,1
offset_mle,E+res,kmedoid,n,320,0.25,shrink,ALL,9,False,"Lena,Canada,AL-1,AL-2,AL-3,AL-5,AL-6,LE-1,LE-2",-0.004004896101407387,-0.22241169593655036,0.32918778008934435,4
offset_mle,E+res,kmedoid,n,320,0.5,phys,AB4,2,False,"Lena,Canada",0.42100523707129844,-1.5066393310700603,1.3923211923863377,1
offset_mle,E+res,kmedoid,n,320,0.5,phys,ALL,9,False,"Lena,Canada,AL-1,AL-2,AL-3,AL-5,AL-6,LE-1,LE-2",-0.5414053066918341,-1.0123053727935505,0.07983788615613087,5
offset_mle,E+res,kmedoid,n,320,0.5,shrink,AB4,2,False,"Lena,Canada",0.23550857107838163,-0.4237910313680202,0.7252792358074646,1
offset_mle,E+res,kmedoid,n,320,0.5,shrink,ALL,9,False,"Lena,Canada,AL-1,AL-2,AL-3,AL-5,AL-6,LE-1,LE-2",-0.02490642694135546,-0.2170664192756626,0.23616259512206167,4
ppi,E+res,kmedoid,n,320,0.25,phys,AB4,2,False,"Lena,Canada",1.2433490316398426,-0.9248130672252828,2.502571367018864,1
ppi,E+res,kmedoid,n,320,0.25,phys,ALL,9,False,"Lena,Canada,AL-1,AL-2,AL-3,AL-5,AL-6,LE-1,LE-2",-0.45385630278020384,-1.0145407457987616,0.22007718557795936,4
ppi,E+res,kmedoid,n,320,0.25,shrink,AB4,2,False,"Lena,Canada",0.42341491675348164,-0.4737447590473549,1.1262117885411096,1
ppi,E+res,kmedoid,n,320,0.25,shrink,ALL,9,False,"Lena,Canada,AL-1,AL-2,AL-3,AL-5,AL-6,LE-1,LE-2",0.04495562434139208,-0.19406687487602067,0.41624892177059086,4
ppi,E+res,kmedoid,n,320,0.5,phys,AB4,2,False,"Lena,Canada",0.5965196560235172,-1.4471549446245557,1.600714462767551,1
ppi,E+res,kmedoid,n,320,0.5,phys,ALL,9,False,"Lena,Canada,AL-1,AL-2,AL-3,AL-5,AL-6,LE-1,LE-2",-0.4780281960020019,-0.9527003181328056,0.1623347009058538,4
ppi,E+res,kmedoid,n,320,0.5,shrink,AB4,2,False,"Lena,Canada",0.4110229900306003,-0.3705587001994734,0.9518570306965476,1
ppi,E+res,kmedoid,n,320,0.5,shrink,ALL,9,False,"Lena,Canada,AL-1,AL-2,AL-3,AL-5,AL-6,LE-1,LE-2",0.038470683748476626,-0.17593610823163056,0.3351715516889922,4
offset_mle30,E+res,kmedoid,n,320,0.25,phys,AB4,2,False,"Lena,Canada",1.0915675482260232,-0.9982047399824898,2.3104657944404567,1
offset_mle30,E+res,kmedoid,n,320,0.25,phys,ALL,9,False,"Lena,Canada,AL-1,AL-2,AL-3,AL-5,AL-6,LE-1,LE-2",-0.4996255460390136,-1.0491212348397012,0.14000217509187846,4
offset_mle30,E+res,kmedoid,n,320,0.25,shrink,AB4,2,False,"Lena,Canada",0.2716334333396623,-0.5375361810526472,0.9437541706165071,1
offset_mle30,E+res,kmedoid,n,320,0.25,shrink,ALL,9,False,"Lena,Canada,AL-1,AL-2,AL-3,AL-5,AL-6,LE-1,LE-2",-0.0008136189174177441,-0.22298812917853422,0.33290582420371745,4
offset_mle30,E+res,kmedoid,n,320,0.5,phys,AB4,2,False,"Lena,Canada",0.4431550830272082,-1.5047814238206625,1.4035611323307497,1
offset_mle30,E+res,kmedoid,n,320,0.5,phys,ALL,9,False,"Lena,Canada,AL-1,AL-2,AL-3,AL-5,AL-6,LE-1,LE-2",-0.5285582375109668,-1.0068621995599163,0.08835505174635047,5
offset_mle30,E+res,kmedoid,n,320,0.5,shrink,AB4,2,False,"Lena,Canada",0.2576584170342914,-0.4050990068555196,0.7528450291803499,1
offset_mle30,E+res,kmedoid,n,320,0.5,shrink,ALL,9,False,"Lena,Canada,AL-1,AL-2,AL-3,AL-5,AL-6,LE-1,LE-2",-0.012059357760488174,-0.21207835059783453,0.25138399996359423,4
mixed_boost,E+res,kmedoid,n,320,0.25,phys,AB4,2,False,"Lena,Canada",6.9905356540383305,2.6895673611221524,13.809342708669636,0
mixed_boost,E+res,kmedoid,n,320,0.25,phys,ALL,9,False,"Lena,Canada,AL-1,AL-2,AL-3,AL-5,AL-6,LE-1,LE-2",4.664132801006804,3.674774084645841,8.150689134312747,2
mixed_boost,E+res,kmedoid,n,320,0.25,shrink,AB4,2,False,"Lena,Canada",6.170601539151969,2.309350539401473,12.990934609961037,0
mixed_boost,E+res,kmedoid,n,320,0.25,shrink,ALL,9,False,"Lena,Canada,AL-1,AL-2,AL-3,AL-5,AL-6,LE-1,LE-2",5.162944728128401,4.176956515931245,8.49978929697595,0
mixed_boost,E+res,kmedoid,n,320,0.5,phys,AB4,2,False,"Lena,Canada",6.92183771392406,2.6580451089830546,13.747241755110407,0
mixed_boost,E+res,kmedoid,n,320,0.5,phys,ALL,9,False,"Lena,Canada,AL-1,AL-2,AL-3,AL-5,AL-6,LE-1,LE-2",4.64176540187314,3.6392178420785872,8.133492295361156,2
mixed_boost,E+res,kmedoid,n,320,0.5,shrink,AB4,2,False,"Lena,Canada",6.736341047931143,2.99686427432696,13.574264018771272,0
mixed_boost,E+res,kmedoid,n,320,0.5,shrink,ALL,9,False,"Lena,Canada,AL-1,AL-2,AL-3,AL-5,AL-6,LE-1,LE-2",5.158264281623617,4.21309572027593,8.363738196165764,0
