target,parent,layer,rule,n,V_tot,V_boot,V_between,MSE_tot,bias_boot,vtot_ratio,mse_tot_ratio,var_rep,var_rep_ratio,mse_rep_ratio,rep_degenerate,fisher_ratio,n_blocks_A_min,n_tie_max_A,boot_unit,n_boot_min,boot_ok,f7_eval,f7_excl_reason,S1_d_rand,S1_d_rand_lo,S1_d_rand_hi,S1_d_phys,S1_d_phys_lo,S1_d_phys_hi,S1_rmse,S3src_d_rand,S3src_d_rand_lo,S3src_d_rand_hi,S3src_d_phys,S3src_d_phys_lo,S3src_d_phys_hi,S3src_rmse,S3_d_rand,S3_d_rand_lo,S3_d_rand_hi,S3_d_phys,S3_d_phys_lo,S3_d_phys_hi,S3_rmse
AL-1,Alaska,sub,active_ppi,3,,,,,0.13128565195026587,,,0.12324639494595407,0.9924199572608332,1.0702009133999544,False,0.9925362673332895,1,289,cell(일부 분할),73,False,False,pool_blocks<2(V_boot 셀 단위 대체),-0.08748079761125045,-0.14754022690058502,-0.02304650396667408,-1.356625132083381,-1.9209058876408975,-0.6880028849953761,14.655893407826197,-0.047294855443227014,-0.13162842593399904,0.017119037656699195,-2.240962813949009,-3.1864902560667434,-1.040272651544462,13.771555725960566,-0.049441420825554395,-0.14704046823549285,0.16238365412472341,-2.0669791698922126,-3.0770078062116157,-1.0325756975234825,13.945539370017364
AL-2,Alaska,sub,active_ppi,3,0.09606466628627261,0.09132931752361428,0.00473534876265832,0.09446943985233767,-0.029941882520208685,0.8844952136114059,0.88148502894561,0.08879336849704499,0.736692662687062,0.9499223115766614,False,0.9988601088079823,9,1,block,100,True,True,,0.29007471644910393,0.22547123748247863,0.4336694764598368,0.365587476254903,0.35037751082498414,0.4244527110184237,12.761306077578835,0.43357750955334967,0.3987874298327419,0.546565510601537,1.9980720831334662,1.8379964598141252,2.2593871048180585,14.393790684457395,0.5644961763960469,0.535910457433006,0.65959762230678,2.018395703676589,1.8377273796132934,2.2069116058962646,14.41411430500052
AL-3,Alaska,sub,active_ppi,3,0.06686143846008487,0.06572301008223502,0.0011384283778498473,0.06979646398252944,0.06302167682009774,1.2207699600675193,1.3077474272871787,0.0595939593013729,1.103595717543774,1.1172004154912563,False,1.023873787835414,7,1,block,100,True,True,,0.13866007356886575,0.11814033966770204,0.15584980643666713,-2.120053210005313,-2.546594545562386,-1.868267907031842,16.41135184080468,0.13610684788520425,0.11526075235829755,0.1552292433060292,-2.5307048740751763,-3.0473180339312664,-2.252374849868304,16.00070017673482,-0.34234908201540887,-0.41084848264066826,-0.21047664080660586,-2.6709292646755713,-3.2086474442893143,-2.3421263167943023,15.860475786134426
AL-4,Alaska,sub,active_ppi,3,0.12844524545180286,0.12500850144932996,0.0034367440024729023,0.13138150751224084,-0.08361242192893514,0.8734808947514714,0.9044238884456829,0.12815641877375566,0.9461221614987901,0.9131826857100949,False,1.0039594589304943,1,89,cell(일부 분할),96,True,False,pool_blocks<2(V_boot 셀 단위 대체),-0.004562250874368345,-0.4483485549794099,0.12279462399043102,0.04123810146224116,-0.707606823525032,0.23093860186611911,26.5049167415316,-0.018046730188007842,-0.4691310022627455,0.12280386007710693,0.5792605006341193,0.053067692367113985,1.0667225452788098,27.042939140703474,0.07325927891942996,-0.3943545596992917,0.18832111793345754,0.6516881212761435,-0.36377269987372074,1.0583569231557017,27.115366761345502
AL-5,Alaska,sub,active_ppi,3,0.1109902493293901,0.09900143099605724,0.011988818333332863,0.10741030655272694,-0.03750125745991806,0.7900716866420788,0.8057467305914036,0.1134426913705117,1.1262933325871034,1.1072568101373013,False,1.0000483222760346,1,20,cell(일부 분할),100,True,False,pool_blocks<2(V_boot 셀 단위 대체),-0.018000856280343907,-0.42745903425076187,0.3752568821013399,0.2542274721633729,-0.04027032665023953,0.4915420810156893,22.117636029189367,0.00219423577990104,-0.418898263267277,0.3767656103586371,-0.17967845870323154,-0.55421231016903,0.06968674065945685,21.683730098322766,-0.5943161091188275,-1.479380863013026,0.17231974818631665,-0.41170164729068875,-0.9890444817317325,0.0496633852676839,21.451706909735314
AL-6,Alaska,sub,active_ppi,3,,,,,-0.010815982758478615,,,0.020706168071177308,0.7185638747441448,0.7208936719815391,False,1.0004878005103908,1,1324,cell(일부 분할),78,False,False,pool_blocks<2(V_boot 셀 단위 대체),-0.16317951900896155,-0.3312451697170616,0.034244458907855886,0.06048254306870563,-0.04289819236737408,0.144212086304713,10.465640246894061,-0.6161684020983914,-0.6631274249927703,-0.5598924911460814,5.74049143521166,5.129729389362338,8.361358467785527,16.145649139037012,-0.4981272565429258,-0.6233812428584581,-0.36326551010222563,0.9337269263068139,0.9270160730182768,3.4434502346329356,11.338884630132167
CA-2,Canada,sub,active_ppi,3,0.5436880237465023,0.5167941345220105,0.026893889224491766,0.6392768659697832,0.33124222754654675,1.6909338352326382,1.8546414124907733,0.26372931863494103,3.513164472708899,2.5956806912347434,False,0.9916499673815744,9,1,block,100,True,True,,0.7507941434237052,0.45912240513808633,0.7931348948782513,-0.42207414739974425,-0.5882786043139614,0.655006017582695,20.7418634981664,0.7173300973787194,0.3125367620056115,0.7676329837291626,-1.574451193950667,-1.8539199459967197,0.48205316472452187,19.58948645161547,2.3287939033263174,0.9503971687702586,2.4646154632913455,-0.24872916832704206,-0.4731305706832248,0.5269397882514745,20.9152084772391
CA-3,Canada,sub,active_ppi,3,0.16857938506655326,0.16826375409955577,0.0003156309669974869,0.1838123111304301,0.13046368815576614,0.6417902818396749,0.6769707175378258,0.21611767172528798,0.8972481570971045,0.8028540303025683,False,0.9995409910098061,5,143,block,100,True,True,,-0.11172332495393651,-0.25459283018891293,0.0849093420642272,0.4631910024308195,-0.14236995182941395,1.2737745858238234,23.382987767239122,-0.17461608396822234,-0.2990905906312313,0.0018885161269117233,0.6083705108376414,-0.44884606782091224,1.5345828486275157,23.528167275645945,-0.03077510724552705,-0.16859203561984512,0.39224033639068456,0.6287338544322895,-0.3322740978329431,1.6485653561490803,23.5485306192406
Canada,Canada,main,active_ppi,3,0.2269542183150856,0.20040872709169114,0.02654549122339446,0.23317718455583336,-0.13067345019601162,1.8313659481238362,1.4750201543421093,0.13265088048291818,1.341461447569806,1.2920802554111992,False,1.0082065593047853,17,13,block,100,True,True,,-0.034680533470314856,-0.6376210096282615,0.6791069516316577,0.6706754758479482,-0.11663067702600251,1.2271803411510949,30.649417606753822,-0.020230724193930644,-0.6122536495486028,0.6622163940114218,-0.15721621909670702,-0.804501310053047,0.29802187899326027,29.821525911809168,-0.17746620310296515,-0.6600339141248401,0.6224587610445824,-0.23675285090763984,-0.7543932164657638,0.0002083006247832344,29.74198927999824
LE-1,Lena,sub,active_ppi,3,0.5230782740754024,0.42285531579656305,0.10022295827883934,0.5286199509800876,0.20779288443607524,1.6421995241767322,1.7091208475610766,0.3554567653177565,1.7305541785562444,1.7962899878853116,False,1.0070045402444048,1,558,cell(일부 분할),100,True,False,pool_blocks<2(V_boot 셀 단위 대체),0.37599174198362206,-0.2585279436509135,0.5860631753963083,0.580941639568163,-0.3203531836440148,1.266002613343415,27.70734890436957,0.40401069357060965,-0.23148477062015155,0.612295437580182,0.5487270006348682,-0.3982406331182345,0.934177320610822,27.675134265436274,0.8064877234532482,-0.27417308171652444,1.2064591822221862,1.1898458424529892,-0.4717059560628303,1.8668678592631562,28.3162531072544
LE-2,Lena,sub,active_ppi,3,0.059502858078930215,0.05860275091854512,0.0009001071603850976,0.06050680503958618,-0.043474247434197144,0.9601403822950489,0.9903632673608257,0.06046928773768582,1.472742375581499,1.2370997485621613,False,0.9924873898433155,1,745,cell(일부 분할),100,True,False,pool_blocks<2(V_boot 셀 단위 대체),-0.026758448716490097,-0.20547839556709974,0.10965097465388106,0.05778182077753158,-0.11424351264689596,0.24244559108350963,18.268940674835832,0.14328988728903033,-0.09016974342201906,0.27184121287404384,0.2207796549983776,-0.4842007495374476,0.5840616745012045,18.431938509056682,0.22679172996358807,-0.17702432300537788,0.4446394532866703,0.248144577312902,-0.5778503350942226,0.661482057873669,18.459303431371207
Lena,Lena,main,active_ppi,3,0.49025856494753967,0.4889755506559286,0.0012830142916110585,0.581872937122023,0.3113387208677707,1.2790258277554258,1.3564680682498502,0.2985196202897561,1.301983629130657,1.3654042938964395,False,0.9910343640902282,9,558,block,100,True,True,,0.25341550108616023,0.11900277718252408,0.319695891947548,0.3233027572245846,0.1470245928526159,0.5077775790165059,17.68257321949295,0.2719621547779205,0.14160134822823828,0.33111327690216213,0.7890417518940313,0.3872207999231562,0.9127785104968773,18.1483122141624,1.2909117112692374,0.5681227308315606,1.6090284242956199,1.5000188645965455,0.872582336148965,1.6490630381628781,18.859289326864914
Russia_E,Russia_E,main,active_ppi,3,0.16680405887389582,0.13267065580134263,0.03413340307255319,0.21020700128637648,-0.2368701120755392,0.9407271810554588,1.0111140129284895,0.1084890607345212,0.8152925401385016,0.9900064143480909,False,1.0171393152608792,10,1,block,100,True,True,,0.14488259749282406,-0.13526156955614851,0.21942861654726317,-0.2025398911678072,-0.4859755837261264,0.6896204184573058,32.096570618383005,0.13064531029739967,-0.16633352591197442,0.20788049231123665,0.2288980324058502,-1.442625536839509,1.6191459631125376,32.52800854195666,0.9790691125808912,-0.28759878446304543,1.353857146391927,0.5912333850085894,-1.2644688763667549,1.8251084012486976,32.8903438945594
Russia_W,Russia_W,main,active_ppi,3,0.1684865144527851,0.15824061071273318,0.010245903740051913,0.16418237455892531,0.02633566896722961,0.7393168311392884,0.7533704014177711,0.1559243710903302,0.7247427667739859,0.7921581240413029,False,0.9575190288742271,9,1,block,100,True,True,,0.1993156223682758,0.13866838319357247,0.26507085617657106,-5.535791611084431,-6.563041046154269,-4.3589144302331535,34.86356307905549,0.20709288726398375,0.15092720231613235,0.2706956913982824,-6.202575291530242,-7.650189935317951,-4.736546663966122,34.196779398609685,0.4050863225878179,0.19584932373486935,0.5868879417945626,-6.07752249672037,-7.38057667434729,-4.697411297894482,34.32183219341955
AL-1,Alaska,sub,doptimal,3,,,,,-0.11783278955718135,,,0.0,0.0,0.2005269588538302,True,1.0419906880699694,1,289,cell(일부 분할),73,False,False,pool_blocks<2(V_boot 셀 단위 대체),0.6510254663193477,0.2511958872706258,1.058207096766037,-0.618118868152783,-0.7669693155916386,-0.3441684852092879,15.394399671756803,0.1723117970358583,-0.013562299406079746,0.7557672426746777,-2.021356161469924,-2.4137768491215317,-1.0930616408333456,13.991162378439643,0.050417875928915855,-0.06836021877475049,0.5198897414455602,-1.9671198731377426,-2.715730938746085,-1.1315966527978423,14.045398666771828
AL-2,Alaska,sub,doptimal,3,0.09105875353327736,0.06962122148415885,0.02143753204911851,0.09431352347390833,0.10534147412982864,0.8384043246201712,0.8800301885912296,0.0,0.0,0.3135479214814871,True,1.0936178480843128,9,1,block,100,True,True,,-0.6558204570637193,-0.8961885051240341,-0.5971712992849773,-0.5803076972579202,-0.8215575641057294,-0.5107951211403919,11.815410904066004,-0.8522119622827921,-1.0266205761271623,-0.803702773216439,0.7122826112973245,0.5664711078573053,0.8265877332108513,13.108001212621257,-0.8944218569340574,-1.03216244564061,-0.7836484157463104,0.5594776703464847,0.4235476828520408,0.6596983468920266,12.955196271670417
AL-3,Alaska,sub,doptimal,3,0.06733800281183784,0.051994463348513015,0.015343539463324826,0.1826634481508351,0.3477929026402409,1.2294711704820454,3.422489346142985,0.0,0.0,3.287916466648824,True,1.7007097254851296,7,1,block,100,True,True,,2.1652288831718436,1.8931546964191162,2.6433877163929123,-0.09348440040233541,-0.1750247769138664,0.021427311787010725,18.43792065040767,2.1105784758705393,1.8293874100843255,2.617402575591951,-0.5562332460898413,-0.7106332084823508,-0.32767675887387315,17.97517180472015,1.785874679856794,1.496662461313105,2.327636992739283,-0.5427055028033685,-0.6976163876503073,-0.31523425095093927,17.98869954800663
AL-4,Alaska,sub,doptimal,3,0.0378269121399205,0.03311179443123039,0.004715117708690113,0.059276469141611575,0.15335281467308004,0.25723867742587037,0.40805632184873447,0.0,0.0,0.22449877378468483,True,1.074391612828773,1,89,cell(일부 분할),96,True,False,pool_blocks<2(V_boot 셀 단위 대체),0.06314019504937936,-0.06486375707506535,0.6137578912796049,0.10894054738598886,0.043280220800622736,0.33145250890044764,26.57261918745535,0.03601744287809794,-0.10741759527859784,0.5811691195487793,0.633324673700225,0.1712876576456163,2.1065876093095497,27.097003313769584,0.06059062546284958,-0.19406252257724668,0.949662880438994,0.6390194678195632,0.21441371340470758,1.996248962712207,27.102698107888923
AL-5,Alaska,sub,doptimal,3,0.07006533752438643,0.057047126682036514,0.013018210842349907,0.06606159739887543,-0.030102072277935044,0.49875227533505634,0.49556618754886206,0.0,0.0,0.036039041514366765,True,1.065146388113813,1,20,cell(일부 분할),100,True,False,pool_blocks<2(V_boot 셀 단위 대체),-0.5642047891351302,-0.9735535235853855,-0.14420509603219872,-0.2919764606914133,-0.6201696494695287,-0.007519721786095063,21.571432096334593,-0.5456444347327126,-0.9703409733443341,-0.1434132350961244,-0.7275171292158452,-1.1124956262364964,-0.47812935027275033,21.135891427810147,-0.7199924071642864,-1.3733614147602606,-0.17114590509006583,-0.5373779453361477,-0.997066420084591,-0.21697029903483375,21.326030611689855
AL-6,Alaska,sub,doptimal,3,,,,,-0.01763604021515386,,,0.0,0.0,0.3442729440931158,True,0.9928094987262,1,1324,cell(일부 분할),78,False,False,pool_blocks<2(V_boot 셀 단위 대체),-0.21990884809336345,-0.4641586176233722,0.08643405053269453,0.003753213984303727,-0.15405195302595223,0.21239231871645728,10.408910917809658,-0.8204703453536718,-0.8845795109642081,-0.7393818756939281,5.536189491956381,4.9115650541430735,8.172468087259324,15.941347195781743,-0.9482851356013935,-1.6304318424303748,-0.8324973832467187,0.4835690472483461,0.46016015320003156,2.5402185469423,10.8887267510737
CA-2,Canada,sub,doptimal,3,0.24331660482021317,0.19573176376844928,0.047584841051763874,0.4026300209343099,0.4208709391674632,0.7567433193199414,1.1680921842901384,0.0,0.0,1.6831663845991303,True,1.3481442791633194,9,1,block,100,True,True,,1.0203645035025808,0.18183560664100912,1.12252496028549,-0.15250378732086864,-0.7747132301208618,1.0027781989674824,21.01143385824528,0.9447481102286694,0.09820829461363274,1.0514727285889283,-1.347033181100717,-1.799329346538979,0.7599186651997345,19.81690446446543,1.2428025354977776,0.008199519172284168,1.4903957852696363,-1.3347205361555818,-1.8516087383903714,0.5783046366333993,19.829217109410553
CA-3,Canada,sub,doptimal,3,0.052894548260780924,0.05231951812470657,0.0005750301360743544,0.05464380358563319,0.04963997600849668,0.20137223197644774,0.20125014856112136,0.0,0.0,0.12419749182161306,True,1.015372088547017,5,143,block,100,True,True,,-0.560955039685164,-0.9708304410371019,-0.13441348859102065,0.013959287699591982,-0.5381846588857385,0.6959053461284095,22.9337560525079,-0.6635686997627784,-1.0310527753887124,-0.30375079688285683,0.11941789504308531,-0.8659936269577861,0.9225909613259077,23.039214659851396,-0.518581676749959,-0.8689593819131126,-0.22573229551813823,0.14092728492785747,-0.923333683981105,0.8980637646954153,23.060724049736173
Canada,Canada,main,doptimal,3,0.08256959809958955,0.06696429828755675,0.015605299812032802,0.10586186608985684,0.17077376138374945,0.6662804129946753,0.6696555083476241,0.0,0.0,0.4283769735017484,True,1.328068642978927,17,13,block,100,True,True,,-1.118604022313966,-2.176682398258019,0.6229244647607436,-0.41324801299570285,-1.0870100414765504,0.7075418952129512,29.56549411791017,-1.0258337494587657,-2.027975825913584,0.6647083967920603,-1.1628192443615422,-1.8608425468396181,-0.017522250458741888,28.81592288654433,-0.9805524361590976,-1.992805715831351,0.9383242828223972,-1.0398390839637723,-1.5727575311468842,-0.17170631832996325,28.938903046942105
LE-1,Lena,sub,doptimal,3,0.18515064595404973,0.12411176705160026,0.06103887890244945,0.16891011782821236,0.0731223803781158,0.5812787832264761,0.5461159822079248,0.0,0.0,0.4654213319502716,True,1.0462741205765906,1,558,cell(일부 분할),100,True,False,pool_blocks<2(V_boot 셀 단위 대체),-0.385219944117857,-1.2146728575966177,0.9740394833065948,-0.18027004653331602,-0.8202987303193021,1.0740006157330013,26.94613721826811,-0.3919578809133834,-1.219096655522032,0.9659998648530271,-0.2472415738491248,-0.9413601216628087,0.8409596834323435,26.879165690952284,-0.616926988167536,-1.7485993536371338,1.3652371554971963,-0.23356886916779493,-0.9295392047147109,0.8704783194302581,26.892838395633625
LE-2,Lena,sub,doptimal,3,0.08470241615144204,0.06471899357953968,0.01998342257190236,0.2512915714295356,0.41701017502117343,1.366761410302025,4.113090115704666,0.0,0.0,3.4960758222153734,True,1.0228577832633976,1,745,cell(일부 분할),100,True,False,pool_blocks<2(V_boot 셀 단위 대체),0.13175273995868508,-0.5585939605190072,0.7101641427932454,0.21629300945270677,-0.17377684212221323,0.5200342746764067,18.427451863511013,0.7602716617930282,-0.13446478076680315,1.2995540927677594,0.8377614295023754,-0.5096026961303904,1.5997054620695526,19.048920283560687,0.9606536706329235,-0.08003477912560075,1.6462376335979756,0.9820065179822374,-0.4662689042724051,1.8310106936315438,19.193165372040543
Lena,Lena,main,doptimal,3,0.3395779131503812,0.3050395730869296,0.03453834006345163,0.5455317468593873,0.46959238650240676,0.8859180695825314,1.271749118443941,0.0,0.0,1.5098101617320812,True,1.0340509436390986,9,558,block,100,True,True,,1.2692429001471528,0.1232336360496132,1.8118798546964925,1.3391301562855773,0.3910719450714312,1.7277711182875763,18.698400618553954,1.439976875588015,0.334794278117482,1.9241841624423035,1.9570564727041255,0.6935043391784148,2.3609275554293028,19.316326934972487,1.6243658767810711,0.12581895747019933,2.4448076118906803,1.8334730301083795,0.649390291088038,2.3018164972253676,19.19274349237675
Russia_E,Russia_E,main,doptimal,3,0.21340922009183594,0.12061636698609124,0.09279285310574471,0.2510253992934043,-0.26410848889552474,1.2035669598424559,1.2074540680057748,0.0,0.0,1.0784913936106817,True,1.1873679002990833,10,1,block,100,True,True,,0.18733729133630206,-0.4918348366115758,0.8638377320973168,-0.16008519732432921,-0.8471437159756547,1.4050200507793593,32.13902531222648,0.3221704767496127,-0.504015193489873,0.9914913021730739,0.4204231988580632,-1.6192213628092427,2.3992737647838425,32.71953370840887,0.8600603288683679,-0.3284252861635252,1.502073612068538,0.472224601296066,-1.6170226867296196,2.2518045391108967,32.77133511084688
Russia_W,Russia_W,main,doptimal,3,0.34190510656341194,0.21548300958190994,0.126422096981502,0.36610348446660756,0.2617134062153652,1.5002755606629739,1.6799094896393014,0.0,0.0,0.6024973172441827,True,1.2450824272961158,9,1,block,100,True,True,,-0.9973425408815958,-1.2538184127635235,-0.6860377563259545,-6.732449774334302,-7.999043765365255,-5.259611123693013,33.666904915805624,-1.0303638576785765,-1.2808915746349974,-0.7073341850009395,-7.440032036472803,-9.051121225640443,-5.717504657441228,32.959322653667115,-0.8653479550733346,-1.1025863765396788,-0.6657044166433246,-7.347956774381522,-8.932418779206214,-5.638069963141311,33.0513979157584
AL-1,Alaska,sub,kmedoid,3,,,,,-0.03804186559563916,,,0.009651418803887344,0.07771635544439683,1.6609318901266914,False,1.0039810604441033,1,289,cell(일부 분할),73,False,False,pool_blocks<2(V_boot 셀 단위 대체),0.24009912207766604,-0.1998955415103669,0.5798299423315826,-1.0290452123944647,-1.2003973268400043,-0.8639129269581349,14.983473327515112,0.35133141476253665,-0.07038243467036721,0.8271184859435743,-1.8423365437432455,-2.242966026978259,-1.044488184118651,14.170181996166336,0.20294500132449103,0.07261193042239103,1.0490265660710196,-1.8145927477421673,-2.3856815926892097,-0.9613179175389752,14.197925792167412
AL-2,Alaska,sub,kmedoid,3,0.045236654554081,0.04212982612324757,0.0031068284308334326,0.04387513144505878,-0.009766505473030263,0.41650698409384684,0.40939452559782535,0.0018295288995687712,0.015179067303107247,0.2783308591708892,False,0.9839785768620899,9,1,block,100,True,True,,0.11773391929121324,0.01549547633282417,0.32134958882625425,0.19324667909701235,0.17162805454316946,0.29093364903640767,12.58896528042094,0.26882466047363945,0.2245513723981167,0.4254449062819656,1.833319234053756,1.679420223475808,2.105174306403568,14.229037835377689,0.30630980648569245,0.2772231133298451,0.4524029417358474,1.7602093337662346,1.6014182534115882,1.950684138643986,14.155927935090164
AL-3,Alaska,sub,kmedoid,3,0.07393414896915153,0.06133416196091112,0.012599987008240403,0.09725218869298967,0.16772410981388663,1.3499049700909258,1.8221739656200764,0.03685820468716419,0.6825617449480181,1.1276769252054024,False,1.171777959758179,7,1,block,100,True,True,,0.642624025896108,0.54242614489766,0.797339817529665,-1.6160892576780708,-1.928075271980652,-1.4140722819672065,16.91531579313192,0.6301156967071228,0.5425495672681105,0.7999032720511939,-2.0366960252532578,-2.468091748448074,-1.7984860586910438,16.494709025556737,0.22239357325944198,0.08708883399711975,0.41947467134971983,-2.1061866094007207,-2.597246164634217,-1.8303512149677224,16.425218441409275
AL-4,Alaska,sub,kmedoid,3,0.11262026376912532,0.10800314746558154,0.004617116303543774,0.10805998426164562,0.013658258949106994,0.7658644616870212,0.7438796600974541,0.007411416139979191,0.054715207597234264,0.10453309991230433,False,0.9947177576681606,1,89,cell(일부 분할),96,True,False,pool_blocks<2(V_boot 셀 단위 대체),-0.05980835987647618,-0.1300668305554535,0.2731983774051005,-0.014008007539866677,-0.08057933937283286,0.0031015866295227568,26.449670632529486,-0.07541168080781091,-0.15227241608681533,0.25552568572738465,0.5218955500143162,0.15012383261455278,1.70934166680318,26.98557419008368,-0.08325841410312644,-0.37574734404066634,0.5706236938127466,0.49517042825358715,0.18758621838052983,1.4796214462474637,26.958849068322955
AL-5,Alaska,sub,kmedoid,3,0.06340278379209147,0.033606218626151735,0.029796565165939724,0.058727622196949,-0.07478695728377804,0.45132563113502494,0.44054980475611943,0.0026880922715484725,0.02668819265699258,0.2661996398427866,False,0.9668988094036319,1,20,cell(일부 분할),100,True,False,pool_blocks<2(V_boot 셀 단위 대체),-0.4438034932074994,-0.7887595385180723,0.03987467676020645,-0.17157516476378257,-0.5401918620574158,0.3614208693408174,21.69183339226221,-0.4426353433070555,-0.7854637486305635,0.025900841894970397,-0.624508037790188,-1.022692475569365,-0.17008783663651747,21.23890051923581,-0.8253441387236601,-1.355501819963343,-0.32988122024254185,-0.6427296768955214,-1.1319197444444458,-0.02119999734286653,21.220678880130478
AL-6,Alaska,sub,kmedoid,3,,,,,-0.054116335667298454,,,0.00034803962399755227,0.012077980818300048,0.3907528285894857,False,0.9919837824738881,1,1324,cell(일부 분할),78,False,False,pool_blocks<2(V_boot 셀 단위 대체),-0.44256731719735737,-0.8913857734569659,0.060278391875644044,-0.21890525511969017,-0.6023416361023776,0.15428406403452258,10.186252448705675,-1.0102549881159295,-1.1305853538365251,-0.8761130535413842,5.346404849194123,4.827768631149887,7.914940306985118,15.751562553019482,-1.2016983687063132,-1.6923533089438143,-0.8558171912032368,0.23015581414342634,0.22577370757658644,2.4391879070113416,10.635313517968788
CA-2,Canada,sub,kmedoid,3,0.3522779592540531,0.31305848065721903,0.039219478596834036,0.7436110957210363,0.6383861533631767,1.0956259742574754,2.1573312070658632,0.06835187677728213,0.9105221458874593,1.4341158963396794,False,1.0769918174159385,9,1,block,100,True,True,,0.8983971258628175,-0.6080411840531667,0.9421082572770052,-0.27447116496063195,-0.6479247691570152,-0.18651621019987344,20.889466480605506,0.8323370959957982,-0.5765305810587699,0.8766484833467975,-1.4594441953335882,-1.7259947920033758,-0.42503639187266357,19.704493450232544,0.8526644458246313,-0.22103360567346067,0.9584284600866321,-1.724858625828728,-1.9574395450700541,-0.665269625023414,19.439079019737413
CA-3,Canada,sub,kmedoid,3,0.7437438473232334,0.36653722980250913,0.37720661752072426,0.8452747206086473,0.4805536231858143,2.831470604793454,3.113100698249635,0.05864728756598727,0.24348388665881038,5.445305088460078,False,0.8880241412486213,5,143,block,100,True,True,,2.846423660363572,1.5367582482683901,4.859121562294425,3.4213379877483283,1.5017747746721493,6.347771056369135,26.34113475255664,3.2905359076593386,2.2348436701407315,5.092555172327022,4.073522502465202,2.0228655287789867,6.868713057369631,26.993319267273513,3.5450442570766647,2.4614666836996513,5.482273276172833,4.204553218754481,2.174093002611284,6.864966787612385,27.124349983562794
Canada,Canada,main,kmedoid,3,0.10802260328351038,0.10310481060485166,0.004917792678658723,0.10958370850317077,0.06504934705228438,0.8716688270867947,0.6931989462760841,0.018912522730902392,0.19125708044629375,0.3239042070400959,False,1.0013889383422316,17,13,block,100,True,True,,-0.7779538911704075,-1.4295353985951165,0.3267649219898365,-0.07259788185214451,-0.5030456895932521,0.47541250792878953,29.906144249053728,-0.7511389583751994,-1.3538318952427073,0.29259108955443663,-0.8881244532779758,-1.3402486320510536,-0.272894665871132,29.090617677627904,-0.6469591671249191,-1.0891537689422068,0.18085481747960738,-0.7062458149295937,-1.3667053203858448,-0.1134268181576188,29.27249631597628
LE-1,Lena,sub,kmedoid,3,0.19885042943491438,0.17550754193879795,0.02334288749611642,0.25073022595321365,0.24782218309988457,0.624289129915731,0.8106547161071468,0.027555618399639645,0.1341555294961651,0.2331483596177534,False,1.006668006590133,1,558,cell(일부 분할),100,True,False,pool_blocks<2(V_boot 셀 단위 대체),-0.38539823210879004,-1.0468907269939656,0.56998787830085,-0.18044833452424905,-0.48835901543557403,0.5863879295143872,26.945958930277154,-0.38277345126830653,-1.0533344714162973,0.5717137712473008,-0.23805714420404792,-0.5763510153675958,0.25820621741909106,26.88835012059736,-0.5666118332946617,-1.3904823229149141,0.8950904517189068,-0.18325371429492066,-0.5483981743415139,0.3418793874407195,26.943153550506498
LE-2,Lena,sub,kmedoid,3,0.03878277137052925,0.0383105418607532,0.0004722295097760469,0.03949733963574555,-0.035427157950022714,0.6258002746820477,0.646484545137119,0.04040159926504839,0.9839895508115379,0.9461676202125475,False,0.9648897083141432,1,745,cell(일부 분할),100,True,False,pool_blocks<2(V_boot 셀 단위 대체),0.04472148415534131,-0.06378185092994688,0.1499243813879577,0.129261753649363,-0.12800596668980682,0.46976637028671053,18.340420607707664,0.08228463773825823,-0.04816719892259405,0.20939211707981395,0.1597744054476055,-0.3908197313723948,0.4699451012972591,18.370933259505914,0.23120628657420284,8.929172815506242e-05,0.3733352969125542,0.25255913392351675,-0.30713209298729244,0.5605409585827079,18.463717987981827
Lena,Lena,main,kmedoid,3,0.16214011891144517,0.15987236993599044,0.002267748975454725,0.1982403054653331,0.19609902238001964,0.42300413420674304,0.4621398024349583,0.0004720807482215558,0.002058964852010798,0.1428059284945258,False,0.9958347521828539,9,558,block,100,True,True,,-0.9237156288501822,-1.3848251370015923,-0.2740935665134426,-0.8538283727117578,-1.3305969562359659,-0.2716724820446556,16.50544208955661,-1.005964539997186,-1.4319898391734303,-0.39732576648009654,-0.4888849428810751,-0.8468336134484888,-0.14804087741356523,16.870385519387295,-0.9716131516894281,-1.5822859200032622,-0.23717088634893443,-0.7625059983621197,-1.2670676285881477,-0.31600186090774685,16.596764463906247
Russia_E,Russia_E,main,kmedoid,3,0.13763478525059092,0.08244818913519579,0.05518659611539514,0.15424758820478723,-0.1892955807302783,0.7762208211123119,0.7419443545641382,0.026024037891492605,0.19556998478524307,0.4854037944462526,False,0.9488356177939692,10,1,block,100,True,True,,0.037970527052651214,-0.2562658013111418,0.11619314204849422,-0.30945196160798005,-0.5985297101035894,0.5697214032330817,31.98965854794283,0.016937358889974757,-0.2987733326265379,0.09101250188722856,0.11519008099842527,-1.5230569660885376,1.5991947001560207,32.41430059054923,0.5743826179698696,-0.4563506281803102,0.8213561204952825,0.1865468903975677,-1.68944194645784,1.3896896479694982,32.48565739994837
Russia_W,Russia_W,main,kmedoid,3,0.20905703604774875,0.20088967608234243,0.008167359965406325,0.22316798142489958,0.1372672410292286,0.9173397996876818,1.0240328914802534,0.029903661035172568,0.13899342279692184,2.3416935422301246,False,1.0080219211371693,9,1,block,100,True,True,,-2.4697719612798963,-3.2554832762940586,-1.5702074405382207,-8.204879194732603,-10.001778272000866,-6.123003464098112,32.19447549540732,-2.560177252770773,-3.3227839940300408,-1.6778746503592579,-8.969845431565,-11.047853580691932,-6.6640028639966555,31.429509258574928,-1.9263797780398828,-2.6639391087225333,-1.0172998894991419,-8.40898859734807,-10.369872693325192,-6.065793617753186,31.99036609279185
AL-1,Alaska,sub,kmedoid_weighted,3,,,,,0.13802138741990833,,,0.004538529596076406,0.036545712754846256,0.18811431710412113,False,0.9915033584666427,1,289,cell(일부 분할),73,False,False,pool_blocks<2(V_boot 셀 단위 대체),-0.09379871417432462,-0.3558149899838122,0.3540297280538837,-1.3629430486464553,-1.7924879159822658,-0.5648220988292141,14.64957549126312,-0.3481666086651529,-0.4775330506805255,0.1700635802904215,-2.5418345671709353,-3.2430318916780347,-1.055221804418962,13.470683972738637,-0.46381229958185993,-0.6256446107881894,0.29788166972325014,-2.4813500486485185,-3.326808898362939,-1.08657295397438,13.531168491261058
AL-2,Alaska,sub,kmedoid_weighted,3,0.09211503114413506,0.0829752814876195,0.009139749656515568,0.0932693066659629,-0.07092680421069741,0.8481297785999352,0.870286704511976,0.019371477598362472,0.16071949576499456,0.6124401673252573,False,1.006845383162495,9,1,block,100,True,True,,0.38639805598911714,0.3161103503295308,0.5914627996388212,0.4619108157949163,0.4348870060481011,0.5753667465004739,12.857629417118847,0.610560442203564,0.5700244479295047,0.7699928782340157,2.1750550157836805,2.003371223068873,2.4760210914816487,14.570773617107607,0.8886488930762008,0.8408063250398267,1.0920933130267605,2.3425484203567426,2.158755380357832,2.620829199680741,14.738267021680675
AL-3,Alaska,sub,kmedoid_weighted,3,0.09554262695416581,0.06958360527649647,0.025959021677669333,0.09864384505179861,0.11157984305548907,1.7444370264515372,1.848248854218384,0.022240231196758196,0.4118575807625581,1.3963457173306832,False,0.9907571174686589,7,1,block,100,True,True,,1.03700727337106,0.8742119524284722,1.1600299288846094,-1.2217060102031188,-1.5696178271379775,-1.0420403825803077,17.309699040606876,1.0161155606185794,0.8708119188099175,1.148020729352361,-1.650696161341801,-2.099031676240626,-1.4288246176290742,16.8807088894682,0.7036434208599273,0.6106775605121101,0.8528845393559484,-1.6249367618002353,-2.035565311525844,-1.397025742184878,16.90646828900976
AL-4,Alaska,sub,kmedoid_weighted,3,0.1677426529411552,0.16045785756691036,0.0072847953742448315,0.17718040189309606,0.12955883989919448,1.140719549903505,1.2197012431265686,0.006081941201786381,0.04490028210058768,2.9189811601718616,False,0.999111471748462,1,89,cell(일부 분할),96,True,False,pool_blocks<2(V_boot 셀 단위 대체),1.1215634628115214,0.8719589931718102,2.0469718226600286,1.167363815148131,0.9801029710474983,1.7877135541144067,27.63104245521749,1.0304983740688793,0.7531078139040078,1.9710122816278037,1.6278056048910063,1.031813066828222,3.5023014561331016,28.091484244960363,1.1180956217966258,0.7822884051170801,2.328529098412878,1.6965244641533392,1.1738718849564276,3.340738913405081,28.160203104222703
AL-5,Alaska,sub,kmedoid_weighted,3,0.08864770890766617,0.07491584773172831,0.01373186117593786,0.08339372848986472,0.008512644604456332,0.6310288094387572,0.6255845108267196,0.015037449297903864,0.14929634230934896,0.20602219015556938,False,0.9937894982454205,1,20,cell(일부 분할),100,True,False,pool_blocks<2(V_boot 셀 단위 대체),-0.2094300334703926,-0.2596253173283696,-0.11973321371062659,0.06279829497332419,-0.06968033921469723,0.22504339615485755,21.92620685199932,-0.2108445834903705,-0.263518790226741,-0.12624183110315843,-0.3927172779735031,-0.6276070737189301,-0.14959508564405483,21.470691279052495,-0.5943166770372118,-0.8664580232393528,-0.3124396766574478,-0.4117022152090731,-0.6419005756551305,-0.06652677880987488,21.451706341816926
AL-6,Alaska,sub,kmedoid_weighted,3,,,,,-9.87079163208282e-05,,,0.005431137460992483,0.18847616636857237,0.39881261840935855,False,1.000744091612564,1,1324,cell(일부 분할),78,False,False,pool_blocks<2(V_boot 셀 단위 대체),-0.07553197232464844,-0.10045279679112407,-0.05600213953993922,0.14813008975301875,0.043956382741907114,0.23121932140821813,10.553287793578374,-0.2511017844389336,-0.2552972344509979,-0.24709317907607067,6.1055580528711175,5.4334431197912725,8.786852173371235,16.510715756696477,-0.19811114107440156,-0.44524369835924194,0.06461369002811795,1.2337430417753381,1.2264466675339976,3.7597678884665546,11.6389007456007
CA-2,Canada,sub,kmedoid_weighted,3,0.2195276809741882,0.19563389298550704,0.02389378798868117,0.21248874522287742,0.053684254439931856,0.6827569622951424,0.6164628309843719,0.009865445921289432,0.13141858591035332,0.28957790847661363,False,1.01097005344521,9,1,block,100,True,True,,-0.6857030616198164,-0.7243122023519826,-0.1923123223997568,-1.8585713524432659,-2.0825063276429807,-0.031446827879772744,19.305366293122873,-0.6533062522610477,-0.6957774819355462,-0.09230920122621734,-2.945087543590434,-3.298992097837923,0.04874143190099162,18.218850101975704,-0.31173504942593827,-0.3461644997124334,0.25116297693929457,-2.8892581210792976,-3.26005174971747,-0.19215306408724372,18.274679524486842
CA-3,Canada,sub,kmedoid_weighted,3,0.29613241924387157,0.2512769451541944,0.04485547408967713,0.3782471472767946,0.3155619149723614,1.1273911619345245,1.3930636154012006,0.14136653747032069,0.5869064950027514,1.7271747549415357,False,1.0160576800282213,5,143,block,100,True,True,,0.6044479474122552,0.06616143045831521,1.4676206291949905,1.1793622747970112,-0.09248608228552183,2.913497005475055,24.09915903960533,0.8967749476103132,0.42957986724689584,1.6884224728872361,1.679761542416177,0.1226986815312451,3.408811578620654,24.59955830722448,1.3105228406259084,0.6794813641054857,2.4571740548443417,1.970031802303725,0.320397669928013,3.7196020290647933,24.88982856711203
Canada,Canada,main,kmedoid_weighted,3,0.11102146109892941,0.08801125903281688,0.023010202066112533,0.16205630896925705,-0.2441004461610563,0.8958675669348409,1.0251274039665308,0.0439460951711709,0.44441463357607175,0.9632671310105058,False,0.972643307342843,17,13,block,100,True,True,,0.0722700951849274,-0.6677271256577516,0.7109662551169067,0.7776261045031904,-0.21980549595533017,1.2889196626500399,30.756368235409063,0.056079036083072964,-0.6395467429351088,0.6876005533930044,-0.08090645881970342,-0.922843787951643,0.38218241857552654,29.897835672086163,0.096623412907847,-0.3763968414103869,0.5833760482398747,0.03733676510317233,-0.9711355016219227,0.4725129746469501,30.016078896009045
LE-1,Lena,sub,kmedoid_weighted,3,0.22139885526973407,0.18423050303327126,0.037168352236462796,0.2078616592256789,0.026354501167072053,0.6950797094754116,0.6720531348326393,0.020852969680482763,0.101523440645746,0.2571779010515447,False,0.9985442838302193,1,558,cell(일부 분할),100,True,False,pool_blocks<2(V_boot 셀 단위 대체),-0.21165538003481763,-0.28009573196544013,-0.022337087814203738,-0.006705482450276652,-0.6836376179569772,0.9841930563602342,27.119701782351147,-0.21225336725404276,-0.2796328579233051,-0.028657192636183236,-0.06753706018978416,-0.6314479713848574,0.5633997198502887,27.058870204611626,-0.45109052633922175,-0.7402929861231605,0.30560347164374085,-0.06773240733948072,-0.623537198192936,0.6401737025704564,27.05867485746193
LE-2,Lena,sub,kmedoid_weighted,3,0.021639730668184295,0.017729620966608663,0.003910109701575634,0.024678839269565742,-0.06722926975338006,0.3491795175443766,0.40393829880274473,0.004075725796020996,0.09926516940449868,0.12481282366654063,False,0.9956474296756901,1,745,cell(일부 분할),100,True,False,pool_blocks<2(V_boot 셀 단위 대체),-0.041322692631971115,-0.11686979725012502,0.03833852657000442,0.04321757686205056,-0.18785890950706055,0.3359526800437425,18.254376430920345,0.02826018975129685,-0.07290553086455756,0.10991030627416903,0.10574995746064413,-0.4522199575591078,0.41579074444836217,18.316908811518953,0.1461662745301441,-0.0936506865622267,0.3090114599695973,0.16751912187945805,-0.4302635464987883,0.49486990186160984,18.37867797593776
Lena,Lena,main,kmedoid_weighted,3,0.3224509812508526,0.306414969696706,0.01603601155414657,0.5240914046838863,0.4583120228782096,0.8412359572933775,1.2217671762053748,0.041201232969673755,0.1796978395404797,0.2952133553786418,False,1.0042606740029887,9,558,block,100,True,True,,-0.1026327621653138,-0.4423237970043535,0.1666388466829906,-0.03274550602688938,-0.19262874114411196,0.12055757506270996,17.326524956241478,-0.0703080775700838,-0.3992017504492844,0.16976069449713496,0.44677151954602695,0.018905100186537436,0.5591401660481289,17.8060419818144,0.28893384926094495,-0.30735466036968034,0.6683094026257225,0.4980410025882532,0.18223368442333904,0.5975147416737477,17.85731146485662
Russia_E,Russia_E,main,kmedoid_weighted,3,0.12479791676406428,0.09506524111789065,0.02973267564617363,0.17191222465618708,-0.24078175218516784,0.703824554579977,0.8269127968139033,0.025307520733950584,0.19018537651718226,0.670182489226037,False,1.016734148211144,10,1,block,100,True,True,,0.32442682060025047,-0.250336529610687,0.5287342761570719,-0.02299566806038082,-0.2557525867638003,0.45615120092226563,32.27611484149043,0.2294726743235541,-0.35729246335137466,0.4261605751619842,0.3277253964320046,-1.3870132297972484,1.4920239426994553,32.62683590598281,0.5136692690488674,-0.34218465826817035,0.7827130833470194,0.12583354147656559,-1.5085063912822096,1.3532564888618692,32.424944051027374
Russia_W,Russia_W,main,kmedoid_weighted,3,0.2172222354416825,0.18728424798392054,0.029937987457761973,0.20557050277189884,0.014157646790438516,0.9531685979814183,0.9432847625025371,0.07625019258354557,0.3544139710400614,0.40849480353964895,False,0.9951137729526686,9,1,block,100,True,True,,0.22487335997702237,-0.09243643344427402,0.46503661818900865,-5.510233873475684,-6.380505295732003,-4.501425381494326,34.88912081666424,0.23845502895895856,-0.07030037912119466,0.4776903933194771,-6.171213149835268,-7.511982397461104,-4.902927777674072,34.228141540304655,-0.4474992664938995,-0.7984622093816585,-0.17191002371554862,-6.930108085802087,-8.281771964195482,-5.465738856389758,33.469246604337826
AL-1,Alaska,sub,random,3,,,,,0.11751591334182176,,,0.12418774334821421,1.0,1.0,False,1.0,1,289,cell(일부 분할),73,False,False,pool_blocks<2(V_boot 셀 단위 대체),,,,-1.2691443344721307,-1.7768312622370144,-0.6647177632827904,14.743374205437444,,,,-2.1936679585057823,-3.059883073153108,-1.0721500320031692,13.818850581403797,,,,-2.0175377490666584,-3.149384264042787,-1.0169858920536292,13.994980790842913
AL-2,Alaska,sub,random,3,0.10860959427246562,0.10732176940373445,0.001287824868731175,0.10717078197611306,0.007979997113315207,1.0,1.0,0.12052973104574453,1.0,1.0,False,1.0,9,1,block,100,True,True,,,,,0.07551275980579912,-0.031815736654174503,0.1629524135725399,12.471231361129732,,,,1.5644945735801166,1.4170672899969727,1.7572771736724717,13.960213174904048,,,,1.453899527280542,1.2894647981497678,1.5663876750225705,13.849618128604472
AL-3,Alaska,sub,random,3,0.054769891664426966,0.05202650410903643,0.002743387555390538,0.05337151695057571,0.006029332110823127,1.0,1.0,0.053999810214929646,1.0,1.0,False,1.0,7,1,block,100,True,True,,,,,-2.258713283574179,-2.6963304911826227,-1.9886051278596575,16.272691767235816,,,,-2.6668117219603804,-3.185096770948813,-2.3794786119422144,15.864593328849613,,,,-2.3285801826601626,-2.8693727478661684,-2.0260998460614057,16.202824868149833
AL-4,Alaska,sub,random,3,0.14704986247964696,0.14397384559503812,0.0030760168846088393,0.14526541060080728,-0.04541210868042711,1.0,1.0,0.13545440957723465,1.0,1.0,False,1.0,1,89,cell(일부 분할),96,True,False,pool_blocks<2(V_boot 셀 단위 대체),,,,0.04580035233660951,-0.35948420656303365,0.12447801155009704,26.509478992405963,,,,0.5973072308221271,0.27190276234185917,1.5338114974295902,27.060985870891486,,,,0.5784288423567135,0.17129423134192953,1.293593391117291,27.042107482426065
AL-5,Alaska,sub,random,3,0.14048123886215316,0.11643720224488713,0.024044036617266028,0.13330529616159872,0.04475609672789238,1.0,1.0,0.10072215477821668,1.0,1.0,False,1.0,1,20,cell(일부 분할),100,True,False,pool_blocks<2(V_boot 셀 단위 대체),,,,0.2722283284437168,0.11817479881258111,0.4322286101369319,22.13563688546971,,,,-0.1818726944831326,-0.45900665675763164,0.052475647913423504,21.681535862542866,,,,0.18261446182813876,-0.2400563782538971,0.6351037317180804,22.04602301885414
AL-6,Alaska,sub,random,3,,,,,0.010765054040615007,,,0.02881604377697117,1.0,1.0,False,1.0,1,1324,cell(일부 분할),78,False,False,pool_blocks<2(V_boot 셀 단위 대체),,,,0.22366206207766717,0.10820959234162834,0.29447475123410505,10.628819765903026,,,,6.356659837310052,5.68651756420175,9.033317152065983,16.761817541135407,,,,1.4318541828497395,1.4255932119554164,3.9501489873325197,11.837011886675098
CA-2,Canada,sub,random,3,0.3215312228178945,0.3061575108102041,0.015373712007690384,0.34469027902878424,0.17704576241249592,1.0,1.0,0.07506887897895285,1.0,1.0,False,1.0,9,1,block,100,True,True,,,,,-1.1728682908234493,-1.372668442495301,0.18453098493576714,19.9910693547427,,,,-2.2917812913293862,-2.6030658580606914,0.15704370822956762,18.87215635423676,,,,-2.5775230716533595,-2.914597012306168,-0.4369091611438922,18.586414573912787
CA-3,Canada,sub,random,3,0.26267051689116405,0.2604855065189606,0.002185010372203476,0.27152180495925154,0.11038333173089021,1.0,1.0,0.24086722275864056,1.0,1.0,False,1.0,5,143,block,100,True,True,,,,,0.574914327384756,-0.15996222660298573,1.495565378611034,23.49471109219306,,,,0.7829865948058637,-0.3743488009886418,1.7935212153532365,23.702783359614173,,,,0.6595089616778166,-0.412993278917997,1.4003837162963044,23.579305726486133
Canada,Canada,main,random,3,0.1239261975726869,0.11124239600883103,0.012683801563855873,0.15808406676303036,-0.19874160864059243,1.0,1.0,0.09888534681576483,1.0,1.0,False,1.0,17,13,block,100,True,True,,,,,0.705356009318263,-0.04389196935524367,1.108310303470507,30.68409814022414,,,,-0.13698549490277637,-0.8373607961947459,0.24047604045429913,29.841756636003094,,,,-0.059286647804674665,-1.1479798392374663,0.4653104558268308,29.9194554831012
LE-1,Lena,sub,random,3,0.31852297261968343,0.2935876922325398,0.024935280387143665,0.30929348953552976,0.04492386856916375,1.0,1.0,0.2054005414694989,1.0,1.0,False,1.0,1,558,cell(일부 분할),100,True,False,pool_blocks<2(V_boot 셀 단위 대체),,,,0.20494989758454096,-0.4932210467241208,1.1565475787848012,27.331357162385952,,,,0.14471630706425861,-0.513382108554697,0.7475920416163585,27.271123571865665,,,,0.38335811899974104,-0.7819915786984418,1.1468511612017833,27.509765383801156
LE-2,Lena,sub,random,3,0.06197308141201077,0.05948800570775439,0.002485075704256382,0.061095566681131086,-0.023360734027066288,1.0,1.0,0.041058971847543986,1.0,1.0,False,1.0,1,745,cell(일부 분할),100,True,False,pool_blocks<2(V_boot 셀 단위 대체),,,,0.08454026949402167,-0.21065940343513473,0.4158956790399184,18.295699123552325,,,,0.07748976770934728,-0.4181882395084736,0.3144119855739243,18.288648621767653,,,,0.021352847349313937,-0.42157819921002065,0.20842317848816289,18.23251170140762
Lena,Lena,main,random,3,0.3833062275277888,0.38005014075534177,0.0032560867724470335,0.4289617652944609,0.22481414864662774,1.0,1.0,0.22928062504831923,1.0,1.0,False,1.0,9,558,block,100,True,True,,,,,0.06988725613842443,-0.08621103627168365,0.27718986354823205,17.42915771840679,,,,0.5170795971161107,0.21766962000153953,0.6199131597241561,17.87635005938448,,,,0.20910715332730825,-0.20476356929612194,0.6068266641010951,17.56837761559568
Russia_E,Russia_E,main,random,3,0.17731395693993687,0.14496695517690542,0.03234700176303145,0.20789643759120097,-0.20691661152271856,1.0,1.0,0.13306764798325166,1.0,1.0,False,1.0,10,1,block,100,True,True,,,,,-0.34742248866063125,-0.6665448770995073,0.6152320394756092,31.95168802089018,,,,0.09825272210845053,-1.552543540092493,1.5989186069562047,32.39736323165926,,,,-0.3878357275723019,-2.1426862825074258,1.1024772805573742,31.9112747819785
Russia_W,Russia_W,main,random,3,0.22789487180096674,0.20397473704508592,0.0239201347558808,0.21793048180543034,0.006981090665128864,1.0,1.0,0.21514443225751556,1.0,1.0,False,1.0,9,1,block,100,True,True,,,,,-5.735107233452706,-6.7576395367483935,-4.529707762400668,34.664247456687214,,,,-6.4096681787942265,-7.880270781224789,-4.971305026147807,33.9896865113457,,,,-6.482608819308187,-7.883195773958793,-4.939691041177896,33.91674587083174
AL-1,Alaska,sub,active_ppi,5,,,,,0.1457140044432781,,,0.07135644726024447,0.9480608455853777,1.0230124867786834,False,0.9945501829116192,1,289,cell(일부 분할),73,False,False,pool_blocks<2(V_boot 셀 단위 대체),0.002754797723018972,-0.03403673671241193,0.043688597291245704,-1.649438629869331,-2.6208388524167403,-0.599918361617511,14.363079910040245,0.017732302609003863,-0.019759692195876356,0.042011971526258615,-2.2188991498782973,-3.619630477925411,-0.7735598920879685,13.79361939003128,-0.07679922576775706,-0.13540964902756084,0.04858534097453862,-2.328057528882319,-3.6932758228040043,-0.9933321894266749,13.684461011027258
AL-2,Alaska,sub,active_ppi,5,0.07799088513850495,0.07197082786739195,0.006020057271113005,0.0760253163350067,-0.02758306060272031,1.3419893983406104,1.3441184372958945,0.05279398288243218,1.3157123036486045,1.326632306639174,False,0.9968757055588567,9,1,block,100,True,True,,0.09217746327925447,0.06698678359517934,0.12774446360082978,0.3533995556168321,0.32379636235382653,0.42933198178067117,12.749118156940762,0.09697878452281827,0.07750279769315936,0.12241480665483391,1.9580036928315472,1.793385771889586,2.205424246751745,14.353722294155476,-0.09863971378362398,-0.27510972248700205,-0.013925006257034637,1.8848889771908357,1.7055112460862552,2.1054022228607456,14.280607578514772
AL-3,Alaska,sub,active_ppi,5,0.04776442783319849,0.04690021041315177,0.0008642174200467212,0.04882283041569773,0.04260841653921954,1.2284419673934648,1.2794064514729133,0.04662286908192367,1.5294914299308524,1.7102393685063328,False,1.0036350034159227,7,1,block,100,True,True,,0.43823979918344175,0.3785546129941127,0.4902101401157307,-2.705311645864036,-3.266416656787193,-2.3546083739836554,15.82609340494596,0.4283251839306838,0.3626162120587317,0.48313082091162945,-3.0938789492766303,-3.736241568726599,-2.73337942702043,15.437526101533363,0.89354827501058,0.7767082287109062,1.0042504490572992,-2.993350942234869,-3.6696219953997393,-2.578404250734206,15.538054108575125
AL-4,Alaska,sub,active_ppi,5,0.10358025382162349,0.10263892282969467,0.0009413309919288242,0.10532429800415535,-0.06803454794732589,1.0823704060039605,1.0897779434458172,0.08407169628382571,0.7312688999708479,0.747012887400604,False,1.0026610980121817,1,89,cell(일부 분할),96,True,False,pool_blocks<2(V_boot 셀 단위 대체),-0.1461733488220839,-0.4811894675647572,-0.04375549291966271,0.0644998561996708,-1.0168283414551371,0.347840686651215,26.528178496269028,-0.14065992632440802,-0.48060647508109494,-0.027868744150599884,0.6082153692389435,-0.3388906616068918,0.7605794865829493,27.07189400930831,-0.20534931383838284,-0.4560190001481909,0.6670886259912846,0.7011045165260903,0.3102698163673369,1.6455906439819767,27.164783156595448
AL-5,Alaska,sub,active_ppi,5,0.06711648738350166,0.05856567414308273,0.008550813240418932,0.06464063165425199,-0.030985030132642866,0.6267240988918731,0.6431612998964032,0.04573918115100606,0.5754316186438022,0.40623117571311923,False,1.001599304070792,1,20,cell(일부 분할),100,True,False,pool_blocks<2(V_boot 셀 단위 대체),-1.319013391578493,-1.9797390461414464,-0.6841114024617252,-0.2191930603975969,-0.545393712564188,0.04283143768646054,21.644215496628394,-1.290065514135301,-1.9704794643053836,-0.6732161965927608,-0.6524183126002315,-1.0267213449762576,-0.39658369920915637,21.21099024442577,-1.3212396132998425,-2.216260161120345,-0.48273568303584685,-0.5390793116496239,-1.0328316997337137,-0.19899040310055693,21.324329245376376
AL-6,Alaska,sub,active_ppi,5,,,,,-0.004312165232479348,,,0.01599838262931205,0.9920279608768136,1.0355886161990508,False,1.000055719094737,1,1324,cell(일부 분할),78,False,False,pool_blocks<2(V_boot 셀 단위 대체),0.07625771837770697,-0.1502781872392409,0.24730987310032065,0.28467219675751565,0.13502933464270672,0.3913214482054559,10.689829900582874,0.394160988473408,0.3276355987511903,0.44578254067334966,6.455133514945854,5.770733191495699,9.140129531674445,16.860291218771213,0.03146825535518024,-0.05353541531565505,0.12810356299714676,1.0574691664503473,1.0526319695914186,3.332266177352703,11.462626870275704
CA-2,Canada,sub,active_ppi,5,0.3834027523635455,0.344039105674622,0.03936364668892352,0.45873281783570663,0.30313639189625796,1.4871710151241704,1.7036822077869094,0.0846032362743611,1.641693788618035,1.501078281834004,False,0.9839017507528992,9,1,block,100,True,True,,0.4834321091103953,0.201886502361737,0.5551123757508487,-1.3973565482048762,-1.6411534990103998,0.15560248869867938,19.766581097361264,0.4279986501137554,0.14240960769722963,0.5039691445075855,-2.4671213487930967,-2.8345468364495083,0.10190084102969434,18.696816296773047,-0.4061816430767493,-0.4937458707769605,0.24602064722831815,-3.3741292801082015,-3.745301814001534,-0.3856639612066367,17.78980836545794
CA-3,Canada,sub,active_ppi,5,0.11096928192673984,0.11063716417054005,0.0003321177561997879,0.12016266265571476,0.10203165336998876,0.8274977074244121,0.8743809520736665,0.0851174313433775,1.3114481341284359,1.2233914561158743,False,0.9989749130438229,5,143,block,100,True,True,,0.05401949837289166,-0.14046068757972302,0.16452345685294212,0.7269636374953663,-0.23198478144292567,1.8989271588780783,23.646760402303677,0.05250761004054638,-0.11283734795670668,0.14442253380479358,1.0927804248891064,-0.20728478779619997,2.34945801926157,24.012577189697417,0.387830037484535,0.19064099056936457,1.04260527846433,0.9271332029536753,-0.22582319791321082,2.5177057773536897,23.846929967761984
Canada,Canada,main,active_ppi,5,0.10531961189558485,0.09292376075154131,0.012395851144043544,0.11105749423753224,-0.10391857548489902,1.3975692231809695,0.9756755918586227,0.059339898977870724,1.0022705694955847,0.7283797976786743,False,1.003392188883238,17,13,block,100,True,True,,-0.43026328749583936,-0.9182342893230219,0.28987776470834836,0.9023040120008522,-0.06477696132101989,1.4264047212242281,30.88104614290672,-0.4023744162529527,-0.8733220022064985,0.2790755422242565,0.05941238601213191,-0.7568428074823864,0.49922878194848486,30.038154516917995,-0.3042017537039712,-0.4840018968259634,0.035568799262161034,0.24981245430809787,-0.908692191680367,0.8502942849501822,30.228554585213974
LE-1,Lena,sub,active_ppi,5,0.5092239127148475,0.3479204899328239,0.16130342278202364,0.5114806085613072,0.24393381959006,2.1174760649016164,2.208932023930783,0.15430632023634425,1.6469647367195626,2.2765815772633062,False,1.011333248511863,1,558,cell(일부 분할),100,True,False,pool_blocks<2(V_boot 셀 단위 대체),0.7779722002051118,-0.7443444986641083,1.2268984109498609,0.7438594505154063,-0.6877849347143629,1.8620334906948997,27.870266715316816,0.8499747411202078,-0.6932413535480917,1.2647544368675918,0.7074272022812108,-0.7841890793226901,1.5058398765439078,27.83383446708262,0.6349257479273144,-0.7155598204675266,1.083984221603302,0.4597894362861747,-0.7921494132172023,1.2282012262913413,27.58619670108759
LE-2,Lena,sub,active_ppi,5,0.03644600739392351,0.03442610561852998,0.0020199017753935273,0.035710949642607105,-0.01680785223241621,1.1584976184740348,1.06835851843543,0.03451941585849049,1.1863497029443228,1.2273938133343065,False,0.9987144926942657,1,745,cell(일부 분할),100,True,False,pool_blocks<2(V_boot 셀 단위 대체),-0.017780499972442243,-0.08930291262735904,0.027732568430210512,0.11181629596482523,-0.24950165775217825,0.4993877483695585,18.322975150023133,0.005445200004838095,-0.09386372834105018,0.044831019863469615,0.05528132526927957,-0.46489675168895017,0.24534041053789968,18.26644017932758,-0.056273940203040475,-0.3163946949633048,0.16221841227043696,0.024219618496941802,-0.42593328976652584,0.15367994992629747,18.235378472555244
Lena,Lena,main,active_ppi,5,0.2776990593477906,0.2773721925473735,0.00032686680041710107,0.38683771279719426,0.33469587833586534,0.9185267884282203,1.1142826388060512,0.18182144826609603,1.347943259006343,1.7295866488954108,False,0.9875021909234749,9,558,block,100,True,True,,0.8046457600529487,0.27230398757719637,1.0333289252669215,0.7547098610587177,0.38155167218757735,0.9186988149044863,18.113980323327084,0.8893972017590835,0.39943506752189234,1.0917033613963902,1.260071519166079,0.6160118341797938,1.468117326544882,18.61934198143445,0.45124177782100655,0.05577795923445438,0.6195305288775517,0.6837377740874686,0.07241317216764148,0.8845435092498097,18.04300823635584
Russia_E,Russia_E,main,active_ppi,5,0.13135855853052283,0.09983869474055647,0.031519863789966365,0.17002618171691636,-0.22399248067093946,0.9952457999023218,1.1330928225413452,0.06174487499794956,0.9334731297917293,0.8558422114991363,False,1.01973680059166,10,1,block,100,True,True,,-0.18054834900573033,-0.2930324315736244,0.21417707905746833,-0.4453589658681996,-0.8837112540620442,0.833917976543757,31.85375154368261,-0.14649888092094324,-0.2662690186061175,0.23376042852532197,0.06913803675190522,-1.6252139122274678,1.8508930900215872,32.36824854630271,0.20533670577840488,-0.3478393207296346,0.4795725247724622,0.42693573046310007,-1.306426607449458,1.501025859127917,32.726046240013915
Russia_W,Russia_W,main,active_ppi,5,0.11934474794438689,0.10095928141550019,0.018385466528886705,0.11303937464023837,0.02885668645164685,0.72955409733556,0.7448889992716411,0.055147475377271216,0.49815203827814664,0.5183511739082578,False,0.9506042386617262,9,1,block,100,True,True,,0.2262911100877183,-0.07820420442729292,0.4698504279254548,-7.6850180554905885,-9.170536758280337,-6.002001368301574,32.714336634649335,0.23927731824493156,-0.04780686424314745,0.4839148338372593,-8.430559026607764,-10.248696512608303,-6.551547939205428,31.968795663532166,-0.3811285966991657,-0.7482354802171015,-0.0959442910842916,-8.28577399271851,-10.005117624761057,-6.390755846772627,32.11358069742141
AL-1,Alaska,sub,doptimal,5,,,,,-0.05799707342494176,,,0.0,0.0,0.8084590221846621,True,1.0606059102477279,1,289,cell(일부 분할),73,False,False,pool_blocks<2(V_boot 셀 단위 대체),0.3534838689691622,-0.5721858273576605,1.5709203539220062,-1.298709558623188,-1.7454436917326293,0.11143269944034949,14.713808981286387,-0.4257285700450441,-0.7004818335738888,1.002716295630308,-2.6623600225323454,-3.302684430162372,-0.6453576870807578,13.350158517377235,-0.1711910216007612,-0.5764993274876642,1.011634335483108,-2.4224493247153234,-3.171029238117039,-0.5943082204741987,13.59006921519424
AL-2,Alaska,sub,doptimal,5,0.054991838029567496,0.03544918826703669,0.019542649762530805,0.06442309636631308,0.12767132335386133,0.9462447246224223,1.1389925854708898,0.0,0.0,0.869777290051624,True,1.0750106446194583,9,1,block,100,True,True,,-1.0807146834313617,-1.5170373605830265,-0.9354755606000921,-0.819492591093784,-1.2287447568619978,-0.6727310491950341,11.576226010230151,-1.5905374498075517,-1.9115882766047256,-1.509518019788091,0.270487458501177,0.10057863208120274,0.3610395909884056,12.66620605982511,-1.8834165386254587,-2.219556898199979,-1.7793815701570102,0.10011215234900088,-0.06815439128157068,0.15979426922333048,12.49583075367293
AL-3,Alaska,sub,doptimal,5,0.0370300842146994,0.027829823540792765,0.00920026067390664,0.09095055900775034,0.2393021658623835,0.952367935073093,2.383367186392582,0.0,0.0,2.5038186478483064,True,1.5350289549993297,7,1,block,100,True,True,,1.8268611310908316,1.5355636127485786,2.274729555812799,-1.3166903139566462,-1.5053338559806517,-1.1906519447895514,17.214714736853345,1.766290426700887,1.4538623233944994,2.2346443524031883,-1.755913706506427,-2.0393751038173966,-1.6050004212751474,16.77549134430356,2.2041991786148056,1.7905860762235413,2.7935132019305056,-1.6827000386306434,-1.9593823189200408,-1.4710215375719222,16.848705012179348
AL-4,Alaska,sub,doptimal,5,0.0788839807244032,0.04948603603927506,0.029397944685128137,0.105519302595884,0.19501820126129954,0.8243046632316374,1.091795632687175,0.0,0.0,0.5904384199479173,True,1.0538560132848824,1,89,cell(일부 분할),96,True,False,pool_blocks<2(V_boot 셀 단위 대체),-0.009905963599040982,-0.5919263677742599,2.047759242116291,0.20076724142271374,-0.2003301882033822,1.5121203682259114,26.664445881492053,0.0005812964425532622,-0.643938962100215,2.0905890687729376,0.7494565920059048,-0.08189231946508357,3.321030310017491,27.213135232075274,-0.1556512241433481,-0.965977960891942,2.4534568629845075,0.750802606221125,-0.11849373880523355,3.430625286278668,27.214481246290475
AL-5,Alaska,sub,doptimal,5,0.05211842825762321,0.03742195743351667,0.014696470824106534,0.05385994364045581,-0.0837529615309407,0.48667438149406134,0.5358956197926317,0.0,0.0,0.2123284006796251,True,1.0693780147700205,1,20,cell(일부 분할),100,True,False,pool_blocks<2(V_boot 셀 단위 대체),-1.9550592722414386,-3.1627977164490746,-0.8598717946057828,-0.8552389410605427,-1.8101408483184018,-0.08942501516289246,21.00816961596545,-1.8961823946060126,-3.1440972019735907,-0.8271269654657082,-1.2585351930709432,-2.278698985059179,-0.6127553377719175,20.604873363955047,-1.9281812205852884,-3.427403254318984,-0.7129854661658251,-1.1460209189350696,-2.2942759875356664,-0.39571286770735314,20.717387638090926
AL-6,Alaska,sub,doptimal,5,,,,,-0.03626415769311642,,,0.0,0.0,0.39852285499415224,True,0.9922682379696663,1,1324,cell(일부 분할),78,False,False,pool_blocks<2(V_boot 셀 단위 대체),-0.1968804353974646,-0.48105292577689285,0.00127908276242189,0.011534042982344062,-0.17921915936604857,0.13106362578347255,10.416691746807693,-0.7200905893738874,-0.7910621086752183,-0.6820274706259288,5.340881937098559,4.751601994993202,7.976076926783456,15.746039640923915,-0.6741975419643497,-0.7932689146398375,-0.3242116437907565,0.3518033691308175,0.3470966762653928,2.637896543657376,10.75696107295617
CA-2,Canada,sub,doptimal,5,0.29512358758195545,0.21024876282333813,0.08487482475861734,0.6454810605721413,0.6170507020264151,1.1447472471850593,2.397244224968515,0.0,0.0,6.125480057002269,True,1.2166791161613084,9,1,block,100,True,True,,4.837219252006066,1.7030548953073597,5.223179120348945,2.956430594690795,1.3032559041611356,3.08748876594416,24.12036824025694,4.468042096494787,0.6943903689394717,4.882815598255522,1.572922097587935,0.371536491439863,1.6690720842713866,22.736859743154074,4.560101177401731,1.147450630367982,4.978008556063869,1.5921535403702791,0.4991326455023044,1.6887487951261033,22.75609118593643
CA-3,Canada,sub,doptimal,5,0.03659766030852379,0.035454864252251396,0.001142796056272389,0.0363608020407668,0.022329854310384478,0.27290867775817607,0.2645846222437694,0.0,0.0,0.1376313941800782,True,1.0100747976554583,5,143,block,100,True,True,,-0.5584206556104571,-1.0498661033317873,-0.3580418776946081,0.11452348351201753,-0.6971098352111063,0.9925957516053987,23.03432024832032,-0.6721877821128773,-1.11537630001244,-0.5176774186624341,0.36808503273568266,-0.9079877689851776,1.366368749775764,23.287881797543992,-0.17833423875871546,-0.40245535041265207,-0.01851557879904261,0.36096892671042485,-0.8816082424908658,1.4161335212611252,23.280765691518738
Canada,Canada,main,doptimal,5,0.07441632140081599,0.04713752230388083,0.027278799096935154,0.09432306429389845,0.17167134632323777,0.98748902146765,0.8286582748214654,0.0,0.0,0.4567365026635661,True,1.3303614305543972,17,13,block,100,True,True,,-1.947234255679459,-3.614877135508393,0.8118018459950893,-0.6146669561827677,-1.6452588459967785,0.9361218181170112,29.364075174723112,-1.8004344288973329,-3.372772654262416,0.9018981681392599,-1.3386476266322482,-2.326035699798449,0.3030820139758922,28.64009450427362,-1.6538073927695922,-2.925935964759043,0.7563258773788523,-1.099793184757523,-1.8855259261985367,0.12364234396397299,28.878948946148338
LE-1,Lena,sub,doptimal,5,0.12585653794120844,0.06191846553271049,0.06393807240849793,0.12425322807656453,0.1425782788278629,0.5233418935122226,0.5366125909389206,0.0,0.0,0.9524589544835108,True,1.0489430554827888,1,558,cell(일부 분할),100,True,False,pool_blocks<2(V_boot 셀 단위 대체),0.46631001359320123,-1.4645844438556765,1.4606824989764413,0.4321972639034956,-0.4277765104510964,0.8515663622080066,27.558604528704898,0.5811568722424987,-1.376968662246312,1.5690948488235843,0.4386093334035017,-0.7042043001520805,0.89936881953767,27.565016598204906,0.6385937983502773,-1.4058855421869594,1.6568554854661393,0.4634574867091376,-0.6843892297622345,0.8938589510011387,27.589864751510543
LE-2,Lena,sub,doptimal,5,0.029631794184612485,0.0293802530573261,0.00025154112728638514,0.0647539739778796,0.18841398399871823,0.9418963954803384,1.9372338286762871,0.0,0.0,0.389791375702393,True,1.0259385108802865,1,745,cell(일부 분할),100,True,False,pool_blocks<2(V_boot 셀 단위 대체),-0.11686950126206479,-0.3992312403943782,0.15742652902506257,0.01272729467520269,-0.08503059508007056,0.15062728236743037,18.223886148733495,0.1968721517687726,-0.1858822503931661,0.46393907908470877,0.24670827703321407,-0.5277193813010486,0.6774173252879931,18.457867131091515,0.21242831421129438,-0.3201764044268924,0.5601839551392532,0.29292187291127664,-0.5166804976080799,0.7488224304842986,18.50408072696958
Lena,Lena,main,doptimal,5,0.19471887536310692,0.19345178129858617,0.0012670940645207358,0.5137452698827363,0.5669067621935628,0.6440587290921714,1.4798387439002931,0.0,0.0,4.340904531259556,True,1.0341402453471713,9,558,block,100,True,True,,3.602737981723308,1.6442851997170327,4.519008733986412,3.5528020827290767,1.78571667746545,4.294744850205039,20.912072544997443,3.951663986607109,2.0253485841406955,4.755406532913995,4.322338304014104,2.26555924564046,5.062080343539816,21.681608766282466,3.9640701774269385,2.1399987308870396,4.78339371476737,4.196566173693401,2.2524040397510903,4.888858174686592,21.55583663596176
Russia_E,Russia_E,main,doptimal,5,0.23677955467428607,0.1338712595027309,0.10290829517155517,0.22668712634449273,-0.15984069983086013,1.7939741416815882,1.5106941368072395,0.0,0.0,0.9487385004115586,True,1.2023900257285125,10,1,block,100,True,True,,-0.1616047708413705,-0.65071701911554,0.8282353390753429,-0.42641538770383985,-1.1880128322267012,1.7157127986775367,31.872695121846963,0.05575116741288374,-0.47613328162379737,0.9477963429716295,0.2713880850857322,-1.8219012802916916,2.712736533061828,32.57049859463653,-0.08212733610429386,-0.523098648739332,0.894809410303439,0.13947168858040135,-2.038977815980423,2.5613043761476746,32.43858219813121
Russia_W,Russia_W,main,doptimal,5,0.2128898568041559,0.1412892862652866,0.0716005705388693,0.20923633025641938,0.14705857051258908,1.301395075927658,1.378792488475909,0.0,0.0,0.8148372105012353,True,1.2003554640991438,9,1,block,100,True,True,,0.0002325601082174463,-0.40416917690680415,0.4753224037246342,-7.91107660547009,-9.870597812102536,-5.608850159630258,32.48827808466985,-0.003734170377203583,-0.4263312798610053,0.4654843211607048,-8.6735705152299,-10.844954836194171,-6.167981168285094,31.725784174910025,-0.5341117864035283,-1.000871425772263,0.036098186032271606,-8.438757182422874,-10.575822197962253,-5.88101299170621,31.960597507717047
AL-1,Alaska,sub,kmedoid,5,,,,,-0.13280854466941405,,,0.013259667582075472,0.1761714903517525,0.5804822285334578,False,0.9829685003908424,1,289,cell(일부 분할),73,False,False,pool_blocks<2(V_boot 셀 단위 대체),0.6382062108014933,-0.2613806432088884,1.4472852149029132,-1.0139872167908568,-1.1806926052580329,-0.782185576006263,14.998531323118716,0.22529834285115058,-0.2875976051506504,1.3335529213378259,-2.011333109636151,-2.396198841601032,-1.122880089381737,14.001185430273427,0.46357436122689916,-0.3145918249785198,1.5479918198102873,-1.787683941887663,-2.2292022290561464,-1.0916424739379833,14.224834598021909
AL-2,Alaska,sub,kmedoid,5,0.05071694380381221,0.042824560589648,0.007892383214164208,0.047937871696490844,0.016732241430738037,0.8726866066474446,0.8475357985759401,0.012100345102243816,0.3015603684395268,0.26760067188538117,False,0.9870267425842977,9,1,block,100,True,True,,-0.4236669742142099,-0.5377538131528622,-0.39648310765302763,-0.16244488187663228,-0.245038293180357,-0.13598584385815465,12.2332737194473,-0.5333870640399768,-0.6141046954712924,-0.5060223165309824,1.327637844268752,1.185154951462621,1.5099280421553498,13.723356445592685,-0.8132232994150611,-0.9419161900535413,-0.7814448022746912,1.1703053915593984,1.019729967495394,1.2932181673879455,13.566023992883334
AL-3,Alaska,sub,kmedoid,5,0.03465092412878737,0.029892187347934845,0.004758736780852525,0.046725443839709335,0.11815112008787243,0.8911788822723726,1.2244442566614988,0.016219931026555164,0.532104651380285,2.859783262807952,False,1.141040376676155,7,1,block,100,True,True,,1.6956200390932274,1.3868256431219657,1.8963877379604042,-1.4479314059542503,-1.916233309791883,-1.2065446620631606,17.083473644855747,1.6568345350930425,1.3635332745355846,1.8712706996653534,-1.8653695981142715,-2.4358934134637065,-1.581011943499172,16.666035452695716,1.8830740909196741,1.5276186920288213,2.154888265360073,-2.003825126325775,-2.599738384291812,-1.6747933794533916,16.52757992448422
AL-4,Alaska,sub,kmedoid,5,0.1278539968540309,0.12768344434857806,0.00017055250545284573,0.12776745832347775,0.06157627975673363,1.3360208860121279,1.3219946452011044,0.013879760172875885,0.12072834737641458,0.2628990075685118,False,1.0282509845650107,1,89,cell(일부 분할),96,True,False,pool_blocks<2(V_boot 셀 단위 대체),-0.41771932425628105,-0.8068940834991855,-0.28091736094371217,-0.20704611923452632,-1.3425329573895652,0.11067881862716551,26.256632520834835,-0.3888537547363858,-0.7813226441423412,-0.23942021857874707,0.36002154082696575,-0.5742372288768559,0.47728507880058046,26.82370018089633,-0.4522929277383021,-0.49499559653289654,-0.21326869514130684,0.45416090262617104,-0.518409937941629,0.770471579708263,26.917839542695535
AL-5,Alaska,sub,kmedoid,5,0.03205586880497696,0.022433394566323466,0.009622474238653499,0.03238130044747132,-0.06129646809598488,0.29933308899496713,0.3221874346699968,0.005933935592548743,0.07465315462634353,0.45328544999620457,False,0.9968830112013138,1,20,cell(일부 분할),100,True,False,pool_blocks<2(V_boot 셀 단위 대체),-1.4370102826899185,-2.9745305341046437,-0.13785543633773947,-0.3371899515090225,-1.6239464049198318,0.7236071376976225,21.526218605516974,-1.3673678631071222,-2.9395328214803604,-0.11913425119639343,-0.7297206615720526,-2.0820964106448234,0.17815637578062615,21.133687895453942,-1.4747066173089713,-3.24019069289908,-0.16137970967787485,-0.6925463156587526,-2.128767317895357,0.32475480317316785,21.170862241367253
AL-6,Alaska,sub,kmedoid,5,,,,,0.020513332288946806,,,0.0015913182082505815,0.09867448440348073,0.3505545056861491,False,0.9952578908144294,1,1324,cell(일부 분할),78,False,False,pool_blocks<2(V_boot 셀 단위 대체),-0.04516292736013957,-0.27626357364849563,0.14168162006006893,0.16325155101966912,0.036800632962982235,0.26664474042861663,10.56840925484502,0.019281438443694416,-0.053681812949129944,0.07601015511221758,6.080253964916142,5.405061557707931,8.7684366419604,16.485411668741506,-0.19813998143160147,-0.22608780398427103,0.08400911260962735,0.8278609296635656,0.8226214633061824,3.340229802304168,11.233018633488923
CA-2,Canada,sub,kmedoid,5,0.20165762884526034,0.18679390266571003,0.01486372617955031,0.6607312505402541,0.6825658474571039,0.7822045583881778,2.453881719178378,0.04829537554698642,0.9371534889911832,6.6434286443516655,False,0.9981439811769921,9,1,block,100,True,True,,4.976486980727492,2.1354488847247146,5.373715924107886,3.09569832341222,1.7885678928930935,3.203249717373415,24.25963596897837,4.5939457661339445,1.130457657152993,5.031633254069083,1.6988257672270919,0.7954528467555574,1.7544857356927517,22.862763412793228,4.589876519328709,1.5239053788799757,5.009340697145506,1.6219288822972573,0.8650677890133307,1.6832497061098515,22.785866527863398
CA-3,Canada,sub,kmedoid,5,0.27265584768312456,0.13545886330189877,0.1371969843812258,0.305022026791272,0.2818742554194007,2.0331940962058077,2.219536787008004,0.023073199211929508,0.3555006721571251,4.388592151601472,False,0.9007777307127205,5,143,block,100,True,True,,1.635733024902624,0.5314772616373429,2.8183690861211894,2.3086771640250987,0.4372639287125759,4.712251454695595,25.228473928833406,1.8570624250355543,0.9354237863005668,2.8795130301266902,2.8973352398841143,0.8651484856126948,5.1939332759343175,25.81713200469243,2.2553031170569207,1.3096412249124025,3.4898570127660395,2.794606282526061,0.9354436203489932,4.921051875141654,25.714403047334375
Canada,Canada,main,kmedoid,5,0.10172326771377016,0.08024988294045178,0.02147338477331838,0.09560062929171417,0.042867882287184855,1.3498464880321435,0.8398820917636673,0.022975860757907068,0.38806990647332373,0.2465778587113545,False,0.9083401497038889,17,13,block,100,True,True,,-1.5299223520802816,-2.5825326913240154,0.3225018185282663,-0.19735505258359018,-0.6448374947171248,0.49661447187955543,29.781387078322282,-1.4461588941746062,-2.4531338225332955,0.3576263240771045,-0.9843720919095217,-1.4689518404435093,-0.2390311739218309,28.994370038996347,-1.4717272162465338,-2.4085951234543916,0.2754382261518715,-0.9177130082344647,-1.5978462137494844,-0.10706738040909519,29.061029122671417
LE-1,Lena,sub,kmedoid,5,0.1902478560442193,0.10732986763268278,0.0829179884115365,0.23883664666090865,0.2780313269463144,0.7910965520546279,1.0314641620167817,0.03422528800253969,0.3652983387713337,1.196609587843257,False,1.0020804790638747,1,558,cell(일부 분할),100,True,False,pool_blocks<2(V_boot 셀 단위 대체),0.5373716277849496,-1.7055359874833993,1.3296045927276963,0.5032588780952439,-0.5278807895003834,0.8993695997177229,27.629666142896653,0.6631405445353818,-1.6375550011243714,1.4653324103174188,0.5205930056963849,-0.9405222018789178,0.8976085971767372,27.647000270497795,0.5844936425213815,-1.6028859249543126,1.5137169688647845,0.4093573308802417,-0.7716180955696463,0.690266858792235,27.535764595681655
LE-2,Lena,sub,kmedoid,5,0.026067777790532293,0.02606207456162252,5.7032289097719134e-06,0.031560480180209585,-0.07586319405084896,0.8286081425280353,0.9441896164589889,0.0019459770936809497,0.06687857513258062,0.8086986036292388,False,0.9706070256367716,1,745,cell(일부 분할),100,True,False,pool_blocks<2(V_boot 셀 단위 대체),0.1270424715095828,-0.024149099165648585,0.37773937135128177,0.2566392674468503,-0.2086967269671268,0.8355479897877202,18.467798121505155,-0.041156351479131104,-0.16110802779464922,0.31559628973291204,0.008679773785310374,-0.23533280126770617,0.1493467695301334,18.219838627843618,0.008513539389007008,-0.10101185005982115,0.2555859889496425,0.08900709808898928,-0.17607690115255306,0.27524944006505014,18.300165952147292
Lena,Lena,main,kmedoid,5,0.14604920312385977,0.14280202192636593,0.003247181197493852,0.22934600987315729,0.2929286955917074,0.48307727729768785,0.660629169873827,0.03760201918581967,0.2787646274402932,0.25743547739985745,False,0.9892645528667465,9,558,block,100,True,True,,-0.4952287687555561,-0.6583068881456171,-0.21385264090819373,-0.5451646677497871,-0.8042495180255717,-0.12002734468464128,16.81410579451858,-0.5248492887878081,-0.6721409790351911,-0.25632869528259605,-0.1541749713808128,-0.3314166924045543,-0.03530764954950316,17.205095490887558,-0.7988977558667975,-1.1177330747200582,-0.20212559954220052,-0.5664017596003355,-0.9265467099388834,-0.1982206761925918,16.792868702668034
Russia_E,Russia_E,main,kmedoid,5,0.07195459443196854,0.04964879302785522,0.02230580140411332,0.11802034944948318,-0.23237364326123067,0.5451681922609679,0.7865142269540588,0.0008378503295429599,0.01266681274261987,1.0141185907351769,False,0.9637639228473666,10,1,block,100,True,True,,0.3161003541903001,-0.27281673109808746,0.5463957360188868,0.051289737327830785,-0.5724723075524673,1.2436131364725589,32.35040024687863,0.33332702733714825,-0.4236018141569365,0.6008248487045127,0.5489639450099967,-1.4772980782544924,2.2704073851694124,32.84807445456081,0.26290060402089743,-0.2510591678718422,0.5645132161188248,0.48449962870559266,-1.6754749011273282,2.2021552175522237,32.783610138256385
Russia_W,Russia_W,main,kmedoid,5,0.13043300906595584,0.10094913397824201,0.029483875087713836,0.1267807040629465,0.08476523284545623,0.7973366053461917,0.8354394393720007,0.07149606739205498,0.6458303205463303,0.7494293072874638,False,1.025583016824506,9,1,block,100,True,True,,0.24003917820477957,-0.00589403663914067,0.4736120334937539,-7.6712699873735275,-9.27224367808444,-5.843640919263081,32.72808470276639,0.2566302956226257,0.017812392596256617,0.4784424447849683,-8.41320604923007,-10.293450183317798,-6.404582867021048,31.986148640909853,-0.35968026310072077,-0.8259123726776874,0.08314933151772225,-8.264325659120066,-10.22074233792489,-5.998843297501106,32.135029031019855
AL-1,Alaska,sub,kmedoid_weighted,5,,,,,0.08779460948003437,,,0.005693762527195192,0.07564885197279814,0.3730154195265042,False,1.0155135608853514,1,289,cell(일부 분할),73,False,False,pool_blocks<2(V_boot 셀 단위 대체),-0.32055810277924596,-1.0221654311752109,0.6159610630464603,-1.9727515303715961,-2.518434382056925,-0.7023653454012616,14.039767009537988,-0.5973242257008972,-0.9001018535429762,0.4657985842109577,-2.8339556781881985,-3.6749203440604865,-0.9065787861718362,13.178562861721378,-0.5271120842274873,-0.7199134502398237,0.33681590788203963,-2.7783703873420493,-3.838531853306803,-0.8844672194503811,13.23414815256753
AL-2,Alaska,sub,kmedoid_weighted,5,0.10146532053661755,0.08522580941020784,0.01623951112640971,0.09862870601115083,-0.058556075210906,1.7459140797999,1.7437436447098549,0.00796110365962082,0.19840370935663137,1.27293723619916,False,0.9855023938784776,9,1,block,100,True,True,,0.44420248525816675,0.39904676013706136,0.5961056545270933,0.7054245775957444,0.6661377791791432,0.8811838060642815,13.101143178919678,0.6249573276764077,0.5980665254486541,0.7432376334501308,2.4859822359851367,2.3049336910238334,2.8193756028327126,14.881700837309067,0.5750262986417004,0.5290286180520063,0.6743254367930097,2.55855498961616,2.381400240914349,2.86967824270842,14.95427359094009
AL-3,Alaska,sub,kmedoid_weighted,5,0.05548751294780137,0.0365421595984658,0.018945353349335566,0.05128156446624066,0.0497452600509416,1.4270701579301843,1.3438377877952197,0.009714136835341275,0.31867813653258475,1.0755304488309914,False,1.0007699753495858,7,1,block,100,True,True,,0.33221905992279827,0.09092675642172897,0.4704934835620324,-2.8113323851246794,-3.550570717645411,-2.4210855701439398,15.720072665685313,0.3273614384024821,0.07609598009395846,0.4710575000822909,-3.194842694804832,-4.0149509699851595,-2.794521521417815,15.336562356005164,0.7438079822965799,0.3534064199008235,0.9167780068144163,-3.1430912349488693,-4.032127521421457,-2.6672267895485784,15.388313815861128
AL-4,Alaska,sub,kmedoid_weighted,5,0.182194098725915,0.14640502822851417,0.03578907049740082,0.18816968780417634,0.15120014811536753,1.9038522627015066,1.9469693060378759,0.005836381138709784,0.050765765456977086,3.184870798456773,False,0.9874181063730239,1,89,cell(일부 분할),96,True,False,pool_blocks<2(V_boot 셀 단위 대체),1.4746053475570828,1.3815911680408774,1.9044693816427198,1.6852785525788374,1.36883050775234,1.7731873476117552,28.148957192648194,1.3673799368244606,1.262155445786335,1.8065491195020382,2.1162552323878123,1.6551973392847046,3.044636073545855,28.579933872457154,1.237902039686715,0.991684433736939,2.1334698968021932,2.144355870051188,1.790089138728548,3.1096899161451717,28.60803451012055
AL-5,Alaska,sub,kmedoid_weighted,5,0.0570326428009848,0.040214685759285496,0.016817957041699305,0.05192145195363215,-0.029948984804273993,0.5325626095810203,0.5166080169145453,0.0072102229330136035,0.09070976236826273,0.1604193253152706,False,1.0110283168348675,1,20,cell(일부 분할),100,True,False,pool_blocks<2(V_boot 셀 단위 대체),-1.162684058406839,-1.7505073789676968,-0.5679840708024579,-0.06286372722594298,-0.4683083571969391,0.38756127266391205,21.80054482980006,-1.1446411560581649,-1.7519140364705903,-0.5631419888422372,-0.5069939545230954,-0.9367482450498217,-0.11225349938583647,21.356414602502902,-1.3272845182494148,-2.0864534857509813,-0.6729068915075822,-0.5451242165991962,-1.0027947202499743,-0.1380800496667314,21.318284340426803
AL-6,Alaska,sub,kmedoid_weighted,5,,,,,0.021666075758205672,,,0.007096932428811854,0.44006669730073206,0.7350882153472023,False,0.9999858119613872,1,1324,cell(일부 분할),78,False,False,pool_blocks<2(V_boot 셀 단위 대체),0.0848611195595564,-0.23333461377452083,0.36770456676223184,0.2932755979393651,0.05229673739829385,0.48873688739174226,10.69843330176472,0.5566541737390208,0.4694721501694625,0.6320297732178641,6.617626700211467,5.904497209582393,9.331276003078917,17.02278440403682,0.0961236414597882,-0.07242797283997508,0.5343655512401624,1.1221245525549552,1.1148938592186493,3.6424702966435567,11.52728225638031
CA-2,Canada,sub,kmedoid_weighted,5,0.2137941702687932,0.20789944915286893,0.005894721115924261,0.25928375287477706,0.22256119189147494,0.829280674867951,0.9629507621126467,0.02017101066619329,0.39141082988184694,0.5040183943727983,False,1.0034810585990732,9,1,block,100,True,True,,0.04678874059681881,-0.1071376189869702,0.28551805435174843,-1.8339999167184526,-2.0462366260647737,-0.10991293358443996,19.329937728847685,-0.03919587293101934,-0.19139483693960438,0.32203039931422345,-2.9343158718378715,-3.28002362817676,-0.031088256394635156,18.229621773728272,-0.07336469472896923,-0.41687243983783817,0.4933109332008332,-3.0413123317604214,-3.375667232920817,-0.3065804853262737,18.12262531380572
CA-3,Canada,sub,kmedoid_weighted,5,0.16364945971429248,0.12337333474008912,0.04027612497420336,0.16697063567984127,0.13409058245958527,1.2203336849942181,1.2149859213122352,0.08236611112533548,1.2690571255019547,2.0461267283535567,False,0.994889808476946,5,143,block,100,True,True,,0.5200966651825828,0.04340293437357275,1.0115341745740132,1.1930408043050573,-0.08980477182561297,2.8989708843585427,24.11283756911337,0.605268696879083,0.19898750342666255,1.0302192504547216,1.645541511727643,0.06589549397303678,3.3486871875076596,24.565338276535957,0.6959885280721162,0.33249366304569156,1.2649873411293202,1.2352916935412566,-0.027897245472936302,2.73188663563592,24.155088458349567
Canada,Canada,main,kmedoid_weighted,5,0.06406883051080747,0.05388032698733077,0.010188503523476708,0.0882660103219855,-0.16772641688836698,0.8501799814442355,0.775445119243455,0.022374977544123518,0.3779207897533278,0.5139506415935574,False,1.0356033118504382,17,13,block,100,True,True,,-0.5423282937617356,-1.18580286796804,0.35114356410395947,0.7902390057349559,-0.22639154527311803,1.32574647454727,30.76898113664083,-0.5285798588997158,-1.1299395293173728,0.32938281056573493,-0.06679305663463116,-0.9398580983026502,0.4075143897350937,29.91194907427124,-0.038111167691234016,-0.26960671756691446,0.22838098826557124,0.515903040320835,-0.8318208823274966,1.1135898465773073,30.494645171226708
LE-1,Lena,sub,kmedoid_weighted,5,0.2443687627161628,0.1680679257744039,0.0763008369417589,0.22415596844894486,0.08307525085394407,1.0161443583872964,0.9680626963646527,0.03914586799900604,0.4178173913025273,0.9379681647479118,False,1.0097383856952526,1,558,cell(일부 분할),100,True,False,pool_blocks<2(V_boot 셀 단위 대체),0.41363654903493813,-0.9773584494180723,0.7714486732484409,0.3795237993452325,-0.7119827339124025,1.2828288144098356,27.50593106414664,0.4910060532278931,-0.9345390002753563,0.853273636048764,0.34845851438889613,-0.839288027305695,0.9459376011049403,27.4748657791903,0.33108691625657727,-0.8052788236579072,0.6020335901804121,0.15595060461543753,-0.7255186677419173,0.7349121152841372,27.28235786941685
LE-2,Lena,sub,kmedoid_weighted,5,0.015208676530517962,0.013679826935677881,0.00152884959484008,0.022409508338323104,-0.08858468608498482,0.48343335252916025,0.6704215196403673,0.0033465572663323724,0.11501316346357165,0.22734762726431,False,0.9789676388070907,1,745,cell(일부 분할),100,True,False,pool_blocks<2(V_boot 셀 단위 대체),-0.04517033134246873,-0.06896492571257572,0.0037755270903353736,0.08442646459479874,-0.27775478177316204,0.4941444680130416,18.295585318653103,-0.05760492134644224,-0.07560038729624866,0.003126718300875304,-0.007768796082000762,-0.3980181314536383,0.17505796854029518,18.203390057976303,0.09737362110382482,-0.11254065433093706,0.2079977750880303,0.1778671798038071,-0.3123212433203968,0.44824032566624417,18.389026033862113
Lena,Lena,main,kmedoid_weighted,5,0.26918995737345064,0.266621010768774,0.0025689466046766316,0.4118541238717454,0.38234368327576007,0.8903817953293774,1.1863421914904138,0.024398867093831322,0.1808823367108458,0.3932767966857222,False,0.9943820295510138,9,558,block,100,True,True,,-0.14562669627438987,-0.28279577438856757,0.03398296907358346,-0.19556259526862085,-0.46085762296557736,0.23943829661797697,17.163707866999744,-0.13033100981981605,-0.2597492496588141,0.03854857008610744,0.24034330758717934,-0.09515388724406627,0.4514366400597918,17.599613769855544,-0.0910502016131692,-0.31813428089540097,0.3887233880614535,0.14144579465329285,-0.2729125243501021,0.5245320584969707,17.500716256921667
Russia_E,Russia_E,main,kmedoid_weighted,5,0.10958008763104365,0.08041567169408824,0.029164415936955408,0.14578000346769474,-0.21616092276953536,0.8302399416356513,0.9715108222233453,0.010871479475988889,0.16435751100402912,0.7086872291578471,False,1.0045969716097891,10,1,block,100,True,True,,0.15474781736812085,-0.43290959430462456,0.5750090100159676,-0.11006279949434845,-0.39066368920873706,0.5153422156180119,32.18904771005646,0.033509993159441365,-0.5357329289629065,0.4348180458375963,0.24914691083228982,-1.4115313459938545,1.5830886948935965,32.548257420383095,0.014482790485178754,-0.6378909235763749,0.7484572231238155,0.23608181516987395,-1.5014563123815765,1.4765718202665874,32.535192324720676
Russia_W,Russia_W,main,kmedoid_weighted,5,0.13307895401809938,0.0999019743436615,0.03317697967443789,0.12306911138107497,0.04525671586875024,0.8135112591488054,0.8109813727266189,0.03814341024844359,0.3445528092111536,0.4427599505486062,False,0.9979044176920424,9,1,block,100,True,True,,-0.0060819476565339885,-0.2409331910453158,0.1850044536590947,-7.917391113234841,-9.474347821726507,-6.156864178967661,32.48196357690508,-0.002489430401224032,-0.22587841060053393,0.18850764850561572,-8.672325775253919,-10.529378492450496,-6.705973935936099,31.727028914886,-0.7554609297294661,-1.029519423400297,-0.5033752568007056,-8.660106325748812,-10.511889751139663,-6.684373519507569,31.739248364391113
AL-1,Alaska,sub,random,5,,,,,0.12182100842032195,,,0.07526568320220588,1.0,1.0,False,1.0,1,289,cell(일부 분할),73,False,False,pool_blocks<2(V_boot 셀 단위 대체),,,,-1.6521934275923502,-2.6023122374618666,-0.6423376440814678,14.360325112317229,,,,-2.2366314524873014,-3.625167471424976,-0.7507794359514508,13.775887087422275,,,,-2.2512583031145623,-3.734212453647188,-0.8347085722515536,13.761260236795014
AL-2,Alaska,sub,random,5,0.058115872774361574,0.05507858367150124,0.0030372891028603347,0.056561471240551456,0.002968838806390872,1.0,1.0,0.0401257803366504,1.0,1.0,False,1.0,9,1,block,100,True,True,,,,,0.26122209233757765,0.24763731238233774,0.30676879206439756,12.656940693661507,,,,1.861024908308729,1.7020491077120754,2.1002630352026594,14.25674350963266,,,,1.9835286909744596,1.8354572555244568,2.2152351259946683,14.379247292298391
AL-3,Alaska,sub,random,5,0.03888211987298521,0.03739969970375215,0.0014824201692330654,0.038160531674270186,0.012105736439122605,1.0,1.0,0.030482595828622238,1.0,1.0,False,1.0,7,1,block,100,True,True,,,,,-3.143551445047478,-3.7514207268666446,-2.755261991529707,15.387853605762519,,,,-3.522204133207314,-4.205411530706315,-3.1286789860767246,15.009200917602682,,,,-3.8868992172454493,-4.665678685332935,-3.3928912916626928,14.644505833564544
AL-4,Alaska,sub,random,5,0.09569760337778903,0.09364079838602779,0.0020568049917612367,0.09664748551537553,-0.06201182428785579,1.0,1.0,0.11496686962508217,1.0,1.0,False,1.0,1,89,cell(일부 분할),96,True,False,pool_blocks<2(V_boot 셀 단위 대체),,,,0.2106732050217547,-0.5356388738903798,0.3915961795708777,26.674351845091113,,,,0.7488752955633515,0.012138245156243954,1.2390893234678977,27.212553935632705,,,,0.9064538303644731,-0.045539200072864126,1.06538557311418,27.37013247043383
AL-5,Alaska,sub,random,5,0.10709096315615123,0.08898242808093587,0.018108535075215357,0.10050454165178149,0.01842772733802933,1.0,1.0,0.0794867359892489,1.0,1.0,False,1.0,1,20,cell(일부 분할),100,True,False,pool_blocks<2(V_boot 셀 단위 대체),,,,1.099820331180896,0.6918469438825313,1.4816208177233685,22.963228888206896,,,,0.6376472015350695,0.16087905599412905,1.0798134287139056,22.501055758561066,,,,0.7821603016502188,0.16339705750794953,1.4361379646619261,22.64556885867621
AL-6,Alaska,sub,random,5,,,,,0.008152824269587411,,,0.016126947283997644,1.0,1.0,False,1.0,1,1324,cell(일부 분할),78,False,False,pool_blocks<2(V_boot 셀 단위 대체),,,,0.20841447837980867,0.10172469725581991,0.32673170358739784,10.613572182205166,,,,6.060972526472447,5.404552694874923,8.72029664997928,16.466130230297807,,,,1.0260009110951671,1.021051075220694,3.335780099991023,11.431158614920525
CA-2,Canada,sub,random,5,0.25780676765780935,0.227152427420542,0.03065434023726737,0.2692596164584019,0.15473359844332557,1.0,1.0,0.051534114864124236,1.0,1.0,False,1.0,9,1,block,100,True,True,,,,,-1.8807886573152715,-2.193243698923912,-0.17886605799782473,19.283148988250865,,,,-2.895119998906852,-3.3412828659756943,-0.1678972294368021,18.26881764665929,,,,-2.967947637031452,-3.4175530235694422,-0.47652838914597595,18.19599000853469
CA-3,Canada,sub,random,5,0.13410222279905995,0.13233077971919127,0.0017714430798686665,0.1374259839155223,0.07237091916147786,1.0,1.0,0.06490339124234216,1.0,1.0,False,1.0,5,143,block,100,True,True,,,,,0.6729441391224746,-0.23278702219666528,2.008652037280622,23.592740903930785,,,,1.04027281484856,-0.24090940382619494,2.425102659609473,23.960069579656864,,,,0.5393031654691404,-0.5917203832511221,1.5293778381893914,23.45909993027745
Canada,Canada,main,random,5,0.07535913795802524,0.06821448703584748,0.00714465092217776,0.1138262504097004,-0.20379108819922975,1.0,1.0,0.05920546884633645,1.0,1.0,False,1.0,17,13,block,100,True,True,,,,,1.3325672994966915,-0.050113216109352085,2.0355869706959724,31.31130943040256,,,,0.4617868022650846,-0.7265608516128089,1.0742186738795585,30.440528933170967,,,,0.554014208012069,-0.8283680777758543,1.1912293599852297,30.532756338917938
LE-1,Lena,sub,random,5,0.24048626624665406,0.2199102057876756,0.020576060458978467,0.2315510857826807,0.01107286835299881,1.0,1.0,0.09369133217976044,1.0,1.0,False,1.0,1,558,cell(일부 분할),100,True,False,pool_blocks<2(V_boot 셀 단위 대체),,,,-0.034112749689705645,-0.8764499761044555,1.4593804040881266,27.09229451511171,,,,-0.14254753883899696,-0.8315447585155141,0.9325800788408964,26.983859725962418,,,,-0.17513631164113974,-0.87823112123612,0.9301267925181883,26.951270953160268
LE-2,Lena,sub,random,5,0.031459717148085244,0.030996633412018647,0.000463083736066597,0.03342599794580607,-0.049301200565468495,1.0,1.0,0.02909716736373688,1.0,1.0,False,1.0,1,745,cell(일부 분할),100,True,False,pool_blocks<2(V_boot 셀 단위 대체),,,,0.12959679593726747,-0.22803071218182827,0.5206445524549256,18.340755649995575,,,,0.04983612526444148,-0.38523446029340935,0.23553810033446396,18.26099497932275,,,,0.08049355869998227,-0.23102336433020332,0.26223684326753377,18.291652412758285
Lena,Lena,main,random,5,0.3023309312763629,0.2986352575610321,0.00369567371533078,0.3471630081320204,0.22147306985209614,1.0,1.0,0.13488805782531862,1.0,1.0,False,1.0,9,558,block,100,True,True,,,,,-0.049935898994230975,-0.2635423357112388,0.24262543559593205,17.309334563274135,,,,0.37067431740699536,0.13112690722398285,0.4781729554900594,17.72994477967536,,,,0.23249599626646203,-0.03750476887430179,0.35136998256095153,17.59176645853483
Russia_E,Russia_E,main,random,5,0.13198604660619015,0.10010090821086386,0.03188513839532629,0.15005494548590903,-0.17233191064610276,1.0,1.0,0.06614531583970253,1.0,1.0,False,1.0,10,1,block,100,True,True,,,,,-0.2648106168624693,-0.6428538086669465,0.8481322077520452,32.03429989268833,,,,0.21563691767284845,-1.5086095215697934,1.7942633091391909,32.51474742722366,,,,0.2215990246846952,-1.6658511979961308,1.6942346855149575,32.5207095342355
Russia_W,Russia_W,main,random,5,0.1635858785253234,0.12395502761180062,0.03963085091352278,0.15175331458884378,0.051159260916077365,1.0,1.0,0.1107041046502338,1.0,1.0,False,1.0,9,1,block,100,True,True,,,,,-7.911309165578307,-9.572947543423592,-6.00490538216623,32.48804552456161,,,,-8.669836344852696,-10.62618306831309,-6.515111583833038,31.729518345287225,,,,-7.904645396019345,-9.753049764952983,-5.813573158474364,32.49470929412058
AL-1,Alaska,sub,active_ppi,10,,,,,0.14278254581424754,,,0.03235107262034965,0.7307786494878953,1.0060010187961652,False,0.99080654904691,1,289,cell(일부 분할),73,False,False,pool_blocks<2(V_boot 셀 단위 대체),-0.0791883430982588,-0.1317317346650033,-0.06020982606983316,-2.181676634958272,-3.6066671915084103,-0.5259820560073519,13.830841904951308,0.026950587480856214,-0.0560840201189585,0.03755497319857129,-2.107633630093739,-4.056062668367007,-0.12324892998139884,13.904884909815838,0.08341720503232608,-0.11037018900317898,0.16511557161862844,-2.2909320470663936,-3.9436908786025646,-0.4652113468713235,13.721586492843183
AL-2,Alaska,sub,active_ppi,10,0.049731080557225193,0.042792164042429796,0.006938916514795394,0.049596522225462965,-0.05105228183206467,1.320262004620803,1.3710718984335029,0.02484641878448263,1.1487109032393408,1.5648593112145506,False,0.9956894753125481,9,1,block,100,True,True,,0.37385664436571037,0.34648444943773243,0.49824828812990657,0.48924987516647117,0.46789997039900144,0.5681135959488843,12.884968476490402,0.49079145505877203,0.4663491120947668,0.5818099169796179,2.1392880914254273,1.9734871690039064,2.4100891586255475,14.53500669274936,0.6653150471901069,0.6130893045317868,0.8168910387285206,2.151000249258391,1.9884437242305002,2.4041162305731816,14.546718850582325
AL-3,Alaska,sub,active_ppi,10,0.02102900985443919,0.020045882443980576,0.0009831274104586145,0.023201428782607485,0.051967171266364076,1.1258402455959802,1.2558216793473271,0.021859929706577783,1.6406884979859924,1.6195166636108982,False,1.0121121110477789,7,1,block,100,True,True,,0.1391563157439215,0.09998653110014805,0.2192401276419937,-4.438650575441616,-5.382447761915625,-3.73269500888774,14.092754475368382,0.13418102117166578,0.09377593816939737,0.21816606322411178,-4.754349689733455,-5.783884158947564,-4.078109279048015,13.77705536107654,0.6164185367049845,0.311145754213337,0.9065625370634799,-4.383292392453169,-5.251737354411827,-3.728247981449166,14.148112658356826
AL-4,Alaska,sub,active_ppi,10,0.06469352969257636,0.06269755941669429,0.001995970275882068,0.07023503338919478,-0.08931251882568159,0.9677739150721398,1.0624975698296117,0.03165276281202063,1.1085056747589637,1.3918177246332544,False,1.0065961327073256,1,89,cell(일부 분할),96,True,False,pool_blocks<2(V_boot 셀 단위 대체),-0.06624219242543461,-0.30556036221726385,-0.01805144720919098,-0.0527183814554526,-1.544060122727173,0.3359187196116918,26.410960258613898,-0.02354599207852459,-0.26034507028182635,0.03006133759955887,0.5214386751511763,-0.8253487048343422,0.5705118412512237,26.985117315220535,-0.04963659658835814,-1.6978153236884157,0.4232225255020931,0.5046691681973906,-1.1047094464421823,0.7068293757062669,26.968347808266756
AL-5,Alaska,sub,active_ppi,10,0.047266583752032104,0.036178788652069666,0.011087795099962439,0.04734862172295532,-0.05934491088099292,0.6810936920706426,0.7174461475680936,0.027829876989019158,0.9797744715267321,0.6602499286479875,False,0.9986756969393791,1,20,cell(일부 분할),91,True,False,pool_blocks<2(V_boot 셀 단위 대체),-0.8337265650742296,-1.275531823309725,-0.39580480106319715,0.028196574887755805,-0.2241531080997555,0.23335805046936875,21.891605131913753,-0.8152332654380837,-1.2732978601007434,-0.3849200245719207,-0.4089079107137046,-0.7200200582161691,-0.1916280111238939,21.45450064631229,-1.52567151503082,-2.368896856178775,-0.35828093307978365,-1.03228684754236,-1.6503746180478345,-0.15905103034269996,20.831121709483643
AL-6,Alaska,sub,active_ppi,10,,,,,0.012629109853269593,,,0.006723875527420262,0.8876804787066525,0.7022989017561492,False,1.0002447188916124,1,1324,cell(일부 분할),73,False,False,pool_blocks<2(V_boot 셀 단위 대체),-0.17442907265103122,-0.3549574255208807,-0.022446707608408594,0.11130147174978511,-0.0170539715460248,0.23465465554633955,10.516459175575141,-0.40446084957765177,-0.45234629464859133,-0.36013368540878105,5.778633959205583,5.1574741165994435,8.407328748835864,16.183791663030938,-0.15785250850738267,-0.21842278379224447,0.07494615665905763,0.44965423225732576,0.44597697360370925,2.394826226603671,10.854811936082683
CA-2,Canada,sub,active_ppi,10,0.10067376975263467,0.07473796279954134,0.025935806953093332,0.11991865594628338,0.1696509777809989,1.3039021389624088,1.5060273085295637,0.04043116620961689,2.0135946553541513,2.1466656504952817,False,0.9862939127323226,9,1,block,88,True,True,,1.3973532970917333,-0.44057298262764316,1.5206294748494655,-1.5869623758651656,-1.92555800375497,0.13007273121632704,19.576975269700977,1.2411452938351577,-0.6183415020978492,1.3629163138446283,-2.5667088342110045,-3.016321070064978,0.2632565863108006,18.597228811355137,0.8725847370219165,-0.8342897492929476,0.9686906335771857,-2.892928813129727,-3.356766630198267,0.16313312087947138,18.27100883243641
CA-3,Canada,sub,active_ppi,10,0.06608639395213062,0.06586658611840261,0.00021980783372800802,0.0781124834959794,0.11325858068334838,0.6828207525865642,0.7463495916751629,0.06463867053784396,1.9937567510086691,1.5275936316589618,False,0.9968149592173842,5,143,block,99,True,True,,0.19983315569186288,-0.06297560456912077,0.38853803619028393,1.7122465589874227,0.3352641503638997,3.2939866030793565,24.63204332379573,0.1730781964227693,-0.04993565091955672,0.32532179434559383,2.3316968118958292,0.6514507405363951,3.9630515653531813,25.25149357670414,0.04944111896342326,-0.16549348187988677,0.24656226044643664,2.2159208536238544,0.5576327501627207,3.9317320890106995,25.135717618432167
Canada,Canada,main,active_ppi,10,0.07742277004714519,0.06447828373250426,0.01294448631464093,0.08226953616069049,-0.09902715648960814,1.5599096874013694,0.958458381456449,0.044239105422036934,1.1957432611642624,0.766529533058339,False,1.0073200695032625,17,13,block,100,True,True,,-0.5210074683897522,-1.0991067072146607,0.38958958369170177,1.2797593704123986,0.0941090359917884,1.8455446367570836,31.25850150131827,-0.48423205681840287,-1.0208636652849155,0.40377151180767806,0.4233586599348804,-0.602940655816205,0.9015447349956209,30.402100790840755,-0.014283522376628591,-0.253554626586508,0.42317159141762234,0.862744925140273,-0.6435403133480274,1.6352248194377057,30.84148705604615
LE-1,Lena,sub,active_ppi,10,0.37901758613751513,0.2391299750730047,0.1398876110645104,0.39710862988477047,0.25905896468980893,1.824554466078093,2.0005075122821605,0.10741555510283572,1.862841625576935,5.671294227306019,False,1.0124793514497374,1,558,cell(일부 분할),100,True,False,pool_blocks<2(V_boot 셀 단위 대체),2.428050497325438,-0.6557168995835215,3.902418122750286,2.520714780936236,-0.7177850168885151,4.304444111040676,29.647122045737646,2.5543424526136747,-0.5110147254697713,3.9578836431448314,2.510802034901168,-0.760879263867417,3.979976570271513,29.63720929970258,1.9410385065776932,-0.6633430430973621,3.1087356024222057,1.8087976692031933,-0.9725881798928464,3.686568996752247,28.935204934004606
LE-2,Lena,sub,active_ppi,10,0.021462857618397717,0.020232051257571694,0.0012308063608260237,0.02090262172235224,-0.007235565179876335,1.1081118068996174,1.0205489168814441,0.01556659042742397,1.083610206720413,0.916641456644922,False,0.9965847337808611,1,745,cell(일부 분할),100,True,False,pool_blocks<2(V_boot 셀 단위 대체),-0.13201509565086647,-0.2984772929665553,-0.013572333046617695,0.20115524523670203,-0.21899031343557285,0.6716783481615676,18.412314099295006,0.007011174096546095,-0.22735791088529494,0.11744424283264271,0.02656484122536777,-0.30755965611407465,0.16307941764880932,18.237723695283666,-0.01668086353485876,-0.2744798068114148,0.2318044298616255,0.030664421817930314,-0.2780353576444556,0.1300572776843184,18.241823275876236
Lena,Lena,main,active_ppi,10,0.191604926081323,0.19120299492924855,0.00040193115207445515,0.2920886348933036,0.32020261680998896,0.9011443435834317,1.082863353507923,0.04186112303490108,0.5137102380633919,0.7638171436075918,False,0.9955928453994137,9,558,block,100,True,True,,0.26803376039189963,-0.07405736362606341,0.5042559608595404,0.11526354692804712,0.029442087381442716,0.20012449380383193,17.47453400919641,0.3482202517341146,0.008834091666958614,0.5538494724396449,0.5744699146896046,0.24017028226042914,0.6572176278785467,17.933740376957974,0.0415058292718579,-0.45452917375745205,0.45628537244360884,0.4069283682717367,-0.20854534561621457,0.5793405223523049,17.7661988305401
Russia_E,Russia_E,main,active_ppi,10,0.09824235709484108,0.06311255946272605,0.03512979763211503,0.12478913637972912,-0.19657974452172788,1.0009454332483796,1.023759269813819,0.00887729752365347,0.48727710901401106,1.053932138608026,False,1.0015227396703221,10,1,block,94,True,True,,-0.07667956181556808,-0.32186244442283546,0.5005041026845591,-0.6512300848189749,-1.6419834208895443,2.0580931359545223,31.647880424731827,0.05199482348695975,-0.19383397642063946,0.5351240087927395,0.16664676928373487,-1.905982807828274,3.031206034341566,32.465757278834545,-0.032362762053435766,-0.3260307119345768,0.5881394731764047,0.13838476560097254,-1.9247489725291729,2.793656790072355,32.43749527515179
Russia_W,Russia_W,main,active_ppi,10,0.06625988550317298,0.0523402794960491,0.013919606007123874,0.061247193804213396,0.014047257494372634,0.7220927631631345,0.7235740064833505,0.024803915587479537,0.9425376751034868,0.9421197386033228,False,0.9640713957366128,9,1,block,94,True,True,,0.0359666796777122,0.0033686894781037743,0.06072115499248273,-10.206723660355154,-12.736210610588632,-7.317600393740464,30.19263102978477,0.038418592761825465,0.005431394323652791,0.062448100265503376,-11.075897172448832,-13.863147448988325,-7.954868144856632,29.323457517691097,-0.08274599363666606,-0.2888381600539663,0.0914026095524344,-11.000071996878646,-13.685307488886417,-7.991308690709709,29.399282693261274
AL-1,Alaska,sub,doptimal,10,,,,,0.021498605038938967,,,0.0,0.0,0.3975783774928262,True,1.055245808172896,1,289,cell(일부 분할),73,False,False,pool_blocks<2(V_boot 셀 단위 대체),0.03652798596798886,-1.0095219903281805,1.1768861705128053,-2.0659603058920246,-2.8374778188395333,-0.07153235919769028,13.946558234017544,-0.9251873691231124,-1.4552691865042977,0.2621843512118928,-3.0597715866977073,-4.196713153180136,-0.4991412565259718,12.952746953211863,-0.5596109589258779,-0.9811971255572453,0.3732170602794829,-2.9339602110245977,-4.190112963646483,-0.49246843893205994,13.07855832888498
AL-2,Alaska,sub,doptimal,10,0.031083704991722617,0.01916745948208395,0.011916245509638667,0.03995358672657636,0.11416496032592827,0.8252109989082281,1.1044976047596915,0.0,0.0,0.4076615607218745,True,1.0607593745054753,9,1,block,100,True,True,,-0.9859949034857151,-1.3573672202972609,-0.8666522209236258,-0.8706016726849543,-1.2659115692755505,-0.7318894223161427,11.525116928638973,-1.4394049325591964,-1.713808692949519,-1.3713910515360836,0.20909170380745876,0.053653175608663034,0.2636620629106812,12.60481030513139,-1.3257093889209919,-1.652189137943042,-1.240438056104296,0.15997581314729223,-0.04210377234057647,0.2107850999287168,12.555694414471223
AL-3,Alaska,sub,doptimal,10,0.020297968896451274,0.015436877829012685,0.004861091067438589,0.0257608785971055,0.08507433319215951,1.0867021531523127,1.39435679260973,0.0,0.0,0.9620471494662497,True,1.3505965742654036,7,1,block,100,True,True,,0.8521778447242904,0.6169945895584595,1.223690691535775,-3.725629046461247,-4.404346980537753,-3.2655468573827173,14.805776004348752,0.7935961369824375,0.5540471986755325,1.1796931402773643,-4.094934573922683,-4.844802671298591,-3.640172617976493,14.436470476887315,0.8017238981407294,0.4643651924935511,1.2458501859322137,-4.197987031017424,-4.964351785441256,-3.6957697422936095,14.333418019792576
AL-4,Alaska,sub,doptimal,10,0.0818866714756297,0.041819528663813256,0.04006714281181644,0.08544085422943076,0.13627920936212523,1.2249723430269106,1.2925273272085087,0.0,0.0,2.8818803203536034,True,1.0408044367875244,1,89,cell(일부 분할),96,True,False,pool_blocks<2(V_boot 셀 단위 대체),0.32715472070019064,-0.7069396955069808,3.839561967409651,0.34067853167017265,-0.35296952868609804,2.5442356150301273,26.804357171739525,0.3887835473694092,-0.753048236379635,3.954552679661255,0.9337682145991101,-0.21830003763305683,4.4045608991344025,27.397446854668456,0.22277851021742143,-0.5068418646131126,2.485071652833792,0.7770842750031702,-0.22323501440893878,3.8346022571648923,27.240762915072526
AL-5,Alaska,sub,doptimal,10,0.05447674887034695,0.02125720931211977,0.033219539558227186,0.05165775079145396,-0.08684615835013743,0.7849894592501544,0.7827398760245905,0.0,0.0,0.5472308011718381,True,1.0358537560149323,1,20,cell(일부 분할),91,True,False,pool_blocks<2(V_boot 셀 단위 대체),-1.44273244862451,-3.0345257248288826,-0.1802149659050034,-0.5808093086625247,-2.087102822943524,0.6082222938341904,21.282599248363464,-1.3681384659362774,-2.9831916093237454,-0.15728038840529823,-0.9618131112118983,-2.5516151789846906,0.06859668435145135,20.901595445814102,-1.4773828880060857,-3.1923796044901342,-0.19634609928174587,-0.9839982205176258,-2.5066526472347905,0.018268386663722946,20.879410336508368
AL-6,Alaska,sub,doptimal,10,,,,,-0.05885837887203582,,,0.0,0.0,0.5298324653262264,True,0.9915611571737525,1,1324,cell(일부 분할),73,False,False,pool_blocks<2(V_boot 셀 단위 대체),-0.38991054723966556,-0.8897002807881212,0.09731949859121057,-0.10418000283884925,-0.5337642400515509,0.35685752691507844,10.300977700986504,-1.49531783781811,-1.6332367553873226,-1.3640077155354557,4.687776970965124,4.178206518067966,7.247219738897985,15.092934674790495,-0.5617903842647287,-1.334778700210012,-0.31334819112161044,0.0457163564999797,0.03750198254451717,1.5264766905267482,10.450874060325333
CA-2,Canada,sub,doptimal,10,0.23024316980351392,0.18558360660523743,0.04465956319827649,0.6434420523753813,0.656696642393078,2.982053441784722,8.080821909542653,0.0,0.0,7.602089092532287,True,1.1299943678879607,9,1,block,88,True,True,,5.6310234170629405,0.7841786699740508,6.16917033702744,2.6467077441060414,1.297398578103061,2.7530180275984235,23.81064538967217,5.054197467914394,-0.5823089566972138,5.618350050166148,1.2463433398682315,0.1866325221898995,1.300158609040239,22.410280985434376,5.201841981891482,-0.42173115230514124,5.774859560124636,1.4363284317398382,0.39326840834641297,1.5368911645777115,22.60026607730597
CA-3,Canada,sub,doptimal,10,0.02122247971502365,0.021063834595698817,0.0001586451193248344,0.024040109757668227,-0.05554076486002857,0.21927584036832362,0.22969857439477398,0.0,0.0,0.22817077895845805,True,1.0061551803080073,5,143,block,99,True,True,,-1.2813625964460524,-2.2850633658159016,-0.7168469652017335,0.23105080684950727,-0.6437759383915291,1.1503076885474997,23.150847571657824,-1.6442724284077908,-2.5580618188145055,-1.1992508638087194,0.5143461870652691,-0.7168182484569994,1.5223093115086235,23.434142951873575,-1.8550810253557313,-2.7095049526745365,-1.3452082642562244,0.31139870930469965,-0.916922237734407,1.2495312190487153,23.231195474113015
Canada,Canada,main,doptimal,10,0.05947682688681688,0.027621372298347133,0.031855454588469743,0.07723350225666963,0.16926716738830216,1.1983358174881125,0.8997874671683244,0.0,0.0,0.8050705409866056,True,1.330826558844808,17,13,block,100,True,True,,-2.119650353702377,-4.724130845029187,2.0874095558540486,-0.3188835149002263,-2.165042057454206,2.2469100657026493,29.659858616005646,-1.8914013225995359,-4.334497654230506,2.192103702334709,-0.9838106058462527,-2.8194917855199724,1.5760095194884594,28.994931525059634,-1.7150706589976892,-4.15110370027694,2.3072760791083518,-0.8380422114807876,-2.6294890467952006,1.5725084901641435,29.140699919425092
LE-1,Lena,sub,doptimal,10,0.1560021490555913,0.05767599198336934,0.09832615707222193,0.172260457846307,0.22273404410033537,0.7509794484150623,0.8677936314068447,0.0,0.0,2.434455123351241,True,1.0439347023526637,1,558,cell(일부 분할),100,True,False,pool_blocks<2(V_boot 셀 단위 대체),1.2914368279219322,-1.959163560742528,2.2506280629405064,1.3841011115327302,-0.7231266557434166,2.3695471855222836,28.510508376334155,1.4665012766453127,-1.8337617281105707,2.39823615729074,1.4229608589328062,-0.7932903627002507,2.5816422542757795,28.54936812373421,1.5657302033075986,-2.3397142436733334,2.7907896703965283,1.4334893659330987,-0.7775305014748748,2.580142344732396,28.559896630734507
LE-2,Lena,sub,doptimal,10,0.011585597198527113,0.011433804891636245,0.00015179230689086752,0.03897504831724663,0.16599514030014917,0.598155999258287,1.9029164797559126,0.0,0.0,0.6698306024903756,True,1.0225691993846864,1,745,cell(일부 분할),100,True,False,pool_blocks<2(V_boot 셀 단위 대체),-0.28796781395082505,-0.6786036211308961,0.08833457048634986,0.04520252693674346,-0.11333892768534294,0.265126876815941,18.25636138099505,0.1849370052299714,-0.3667717247378656,0.5419208607011892,0.20449067235879306,-0.4892412304637209,0.5981660770986696,18.415649526417095,-0.07316427305696867,-0.36478654901418467,0.024438867328373803,-0.0258189877041796,-0.5902074906189134,0.11236812538990669,18.185339866354127
Lena,Lena,main,doptimal,10,0.1493343945132131,0.14173169799433713,0.007602696518875957,0.5114176808683497,0.6050081284644353,0.7023402146817572,1.895984296515476,0.0,0.0,8.841692330785108,True,1.0361572589180639,9,558,block,100,True,True,,6.798902036284964,3.687972809051486,8.176144490424797,6.646131822821111,3.680844477934563,7.776682721354659,24.005402285089477,7.315020470298219,4.421410852728794,8.530465639604225,7.541270133253708,4.431011267345764,8.661715744229632,24.90054059552208,7.011994863226206,4.158811329480925,8.417302610459428,7.377417402226084,4.517948363659748,8.457781748174737,24.736687864494442
Russia_E,Russia_E,main,doptimal,10,0.17189999270089365,0.10844224892628568,0.06345774377460797,0.16110084842077832,-0.10491616174058294,1.7514086363307002,1.3216574112971735,0.0,0.0,0.9431053072917988,True,1.125040047879384,10,1,block,94,True,True,,-0.3776671555098261,-0.8425019880634108,0.7048910157276878,-0.9522176785132329,-2.1235076479259964,2.1792445614179536,31.346892831037582,-0.13720274568506952,-0.5857828384661455,0.8142636392717963,-0.02255079988829441,-2.1579359361296553,3.1882940995851348,32.2765597096625,-0.46426752040256264,-0.8936771192238315,0.68576409344756,-0.2935199927481544,-2.300520297647329,2.7081519826138725,32.005590516802656
Russia_W,Russia_W,main,doptimal,10,0.08242258789624603,0.06301222131798336,0.019410366578262672,0.08584311218021791,0.1019047128462427,0.8982320719254269,1.0141500491891429,0.0,0.0,0.5231180339029101,True,1.0890066319837324,9,1,block,94,True,True,,-0.4266903014361792,-0.673623355681449,-0.1389109114271473,-10.669380641469047,-13.43065040387277,-7.466433645284596,29.729974048670865,-0.4463926110953942,-0.6898221456703727,-0.17551254653938045,-11.560708376306051,-14.593692291830708,-8.127385103527935,28.838646313833873,-0.4253847727794013,-0.7556656130218692,-0.026529484595600023,-11.342710776021383,-14.291299845036368,-7.868948009708098,29.056643914118542
AL-1,Alaska,sub,kmedoid,10,,,,,-0.014112248968021435,,,0.006963019066324148,0.15728769581649288,0.1602594732714733,False,0.985696304596555,1,289,cell(일부 분할),73,False,False,pool_blocks<2(V_boot 셀 단위 대체),0.13116764252199312,-1.0472007204965315,1.0710715790171035,-1.9713206493380202,-2.546322656393811,-0.8294989322694353,14.041197890571556,-0.5798428367513934,-1.1448277764230617,0.5883993963462808,-2.7144270543259883,-3.604188303921644,-0.8857547294988396,13.298091485583589,-0.25171719045907004,-0.838224946129176,0.8623452169575216,-2.6260664425577898,-3.440220207900172,-0.9872563505251664,13.386452097351789
AL-2,Alaska,sub,kmedoid,10,0.06101581232904886,0.05106811003633288,0.009947702292715976,0.05760310363878413,-0.020343873140020285,1.6198493536938245,1.5924099738820416,0.007215574526417673,0.3335937143910864,1.0668767899099425,False,0.9938113583953537,9,1,block,100,True,True,,0.28792316567854986,0.2504973602880739,0.42599323726777194,0.40331639647931067,0.3845082247627208,0.5410428810207271,12.799034997803242,0.4361572656341319,0.41600782432225275,0.5434165388627304,2.084653902000787,1.9283516498595143,2.3802636407630864,14.480372503324718,0.5320142302110019,0.4968101534933656,0.6883604792573766,2.017699432279286,1.892073960651933,2.3281796372923242,14.413418033603216
AL-3,Alaska,sub,kmedoid,10,0.015500990924134437,0.012302618223046376,0.003198372701088061,0.020228372276173037,0.07691899484499953,0.8298840292437526,1.0948993133289098,0.0038107633181243706,0.28601535451014026,1.2245875180304973,False,1.1165467682257315,7,1,block,100,True,True,,0.8230304401445405,0.4638780876309447,0.9600660567955056,-3.7547764510409967,-4.680672778040845,-3.2315308430929397,14.776628599768998,0.7838736969720698,0.38190372693118024,0.9274034647104102,-4.104657013933051,-5.123365450471181,-3.563896754169946,14.426748036876944,0.9914241805196434,0.33919971305474783,1.235838772255999,-4.008286748638509,-5.032402458146574,-3.449835099047436,14.523118302171486
AL-4,Alaska,sub,kmedoid,10,0.05890297776946442,0.04790391657116332,0.010999061198301097,0.05762013477226876,-0.06308287830402781,0.88115095398641,0.8716626192735429,0.002939181446020421,0.10293254119424226,1.6729085745061443,False,1.016646340044408,1,89,cell(일부 분할),96,True,False,pool_blocks<2(V_boot 셀 단위 대체),0.01775541000391338,-2.4509906386714326,0.6493859665407685,0.031279220973895384,-3.7463169910509557,1.0033561333616514,26.49495786104326,-0.022022067045491884,-2.538784111419904,0.6824177296173133,0.522962600184209,-2.37806491610049,1.2171659283638914,26.986641240253565,-0.06805908907843398,-3.872010276033283,0.9937162036984475,0.4862466757073148,-2.5572357508979184,1.2773230539026212,26.94992531577667
AL-5,Alaska,sub,kmedoid,10,0.03795400863746713,0.024503306323373122,0.01345070231409401,0.03571789065851948,0.04414507305326687,0.5469029876876216,0.5412124391318763,0.009753690250984591,0.3433869547775775,1.0645663370945018,False,0.9869265758536501,1,20,cell(일부 분할),91,True,False,pool_blocks<2(V_boot 셀 단위 대체),-0.5146309158285499,-1.4828385798321155,0.4465842404673448,0.34729222413343547,-0.7085946849381268,1.408949243281591,22.210700781159424,-0.4880590059911718,-1.4699942176088556,0.45632025120416003,-0.08173365126679262,-1.135252361227257,0.8984386403526639,21.781674905759203,-0.8790226358115328,-2.1680296580988845,0.49292058945696005,-0.385637968323073,-1.5108070151689117,0.7375038457562213,21.477770588702924
AL-6,Alaska,sub,kmedoid,10,,,,,0.013065921830957228,,,0.0035006770632947802,0.4621564867865946,0.49306884920264527,False,0.9913971269999103,1,1324,cell(일부 분할),73,False,False,pool_blocks<2(V_boot 셀 단위 대체),-0.12628120632955073,-0.2294652492968344,-0.05534535734461912,0.1594493380712656,0.10577766502156735,0.20917240691216474,10.56460704189662,-0.15181584607120038,-0.17764413772416265,-0.13683599465384697,6.031278962712034,5.370481608161429,8.69392984757113,16.436436666537386,-0.09612443217725126,-0.3994357401265694,0.01583676631257096,0.5113823085874571,0.48908466280353463,2.319547048678245,10.916540012412813
CA-2,Canada,sub,kmedoid,10,0.055546130499782985,0.055495508688622165,5.062181116082319e-05,0.2537190381345329,0.44566630882471814,0.7194199496821434,3.1863916177948366,0.011437116307036027,0.5696030668300076,7.264469033749839,False,0.9657608290409899,9,1,block,88,True,True,,4.990415667409162,1.0152787017654337,5.609722949016869,2.006099994452263,1.3697990273893286,2.174630724574969,23.170037640018403,4.378405149096625,0.24422328482592062,5.047718511534167,0.5705510210504622,0.2758443292940804,1.286743866766584,21.7344886666166,3.446312162054257,-0.4097614892709609,4.017001559808656,-0.31920138809738674,-0.40520087388143183,0.6408438997498265,20.84473625746876
CA-3,Canada,sub,kmedoid,10,0.09171925851830451,0.06645401103151223,0.025265247486792274,0.09465012347685782,0.10958704236541905,0.947665765717441,0.9043635261269432,0.012306919729192354,0.37960255200226267,2.8180910044919645,False,0.9389923826148434,5,143,block,99,True,True,,1.3922248357805813,0.38865213260157616,2.6034966601991942,2.904638239076141,1.0049829727602546,5.5576817166668,25.82443500388445,1.45633873658441,0.6329883198046915,2.5259691931752886,3.61495735205747,1.5445202454650773,6.209062661585539,26.534754116865773,0.6951051331737048,-0.24029527095200928,1.7395518562546104,2.861584867834136,0.844979524488277,5.1863855099036025,25.781381632642443
Canada,Canada,main,kmedoid,10,0.06131740744219672,0.04111736016671245,0.020200047275484273,0.054461666850721735,-0.01699359002742562,1.2354197326855574,0.634490523432714,0.028977076011344527,0.7832243224237975,0.9869566127066394,False,0.8704214151717949,17,13,block,100,True,True,,-0.972038570046364,-3.031205088425498,2.032853883688891,0.8287282687557868,-1.0619636651188074,2.7134943240263456,30.807470399661657,-0.823662861135214,-2.835083904766875,2.1412020667268754,0.08392785561806922,-1.6440969646947567,1.825536961945917,30.06266998652394,-0.1631964571506271,-1.9645745424712093,2.3134484019843953,0.7138319903662745,-1.175431417494312,2.161020918403866,30.69257412127214
LE-1,Lena,sub,kmedoid,10,0.21288500989783005,0.12676333312422805,0.086121676773602,0.30332490194586753,0.34700828660203564,1.0248081085853316,1.5280547924154526,0.00778162025321007,0.13495183363558821,2.947872231228568,False,1.0007526522744004,1,558,cell(일부 분할),100,True,False,pool_blocks<2(V_boot 셀 단위 대체),1.4423798576893958,-1.8686634096693595,2.6994172249722475,1.5350441413001938,-0.7761047313335282,2.47950091587995,28.661451406101605,1.6185770138658668,-1.726597079998678,2.880267878608406,1.5750365961533603,-0.9224400583244602,2.6878749410240435,28.70144386095477,2.05979053914432,-2.150031753631329,3.4924101358610207,1.92754970176982,-0.8327441172092984,3.1272320111890153,29.05395696657123
LE-2,Lena,sub,kmedoid,10,0.01294778301034148,0.011343945141958347,0.0016038378683831326,0.013363448363969509,0.03261468117032562,0.6684846669548361,0.6524565642914698,0.003549686696688084,0.24709821673052185,0.25162172601479316,False,0.9908960514815577,1,745,cell(일부 분할),100,True,False,pool_blocks<2(V_boot 셀 단위 대체),-0.2383565693772335,-0.4243037252557372,-0.09194637608192896,0.09481377151033499,-0.2895314896232964,0.5303389483090599,18.305972625568636,-0.037118573391455335,-0.30717465273991695,0.09588554169575783,-0.017564906262633666,-0.4028654738191533,0.14458981298986295,18.193593947795673,-0.03820504577478564,-0.11781862231184498,0.005455858801081531,0.009140239578003436,-0.3329435585578031,0.14072599983459635,18.220299093636307
Lena,Lena,main,kmedoid,10,0.14911825244959465,0.14839226512311537,0.0007259873264792826,0.3335678008201497,0.4314805520498919,0.7013236688025686,1.236639513722659,0.005826465262490959,0.07150106447375645,0.7478285197197109,False,0.9901418129172829,9,558,block,100,True,True,,0.5936210486611729,0.030039849682069037,1.017577723808242,0.4408508351973204,0.08269973339038651,0.6836836891478635,17.80012129746569,0.7397650130740049,0.18164284166096806,1.1333579759128338,0.966014676029495,0.392087378428313,1.2519228544450367,18.32528513829786,0.3784941059325592,-0.2662625957911099,0.8822359291234803,0.743916644932438,0.22054643183407022,0.9413870487933405,18.103187107200807
Russia_E,Russia_E,main,kmedoid,10,0.08900671753263442,0.05477914107995221,0.034227576452682214,0.10953256161826652,-0.17946119235670355,0.9068478208102487,0.8985956514830804,0.008420147787542426,0.462184044237803,0.5273505544114567,False,0.9769489912034203,10,1,block,94,True,True,,-0.36201676916978204,-0.8195420160355202,0.1076218433876743,-0.9365672921731889,-1.5184158215840162,0.7827521014495641,31.36254321737762,-0.46112681494673663,-0.8620694637401577,0.08953043555121623,-0.3464748691499615,-2.057731193227713,1.7868764051727763,31.952635640400853,-0.4903354476223516,-0.8527376436165576,0.01601962075063503,-0.3195879199679433,-2.0140563436279284,1.6728287219971623,31.979522589582864
Russia_W,Russia_W,main,kmedoid,10,0.06199755700123288,0.03543410055587309,0.02656345644535979,0.05633261783305082,0.05801368400046458,0.675642387613851,0.6655132333320379,0.006310697594585097,0.23980368011266162,1.6015896028086614,False,1.0293976316547622,9,1,block,94,True,True,,-0.06031219617904071,-0.473237791969921,0.37328317612443146,-10.303002536211908,-13.060529851083759,-7.081159515078726,30.096352153928017,-0.07971406497628426,-0.4867023290932415,0.3534256596256114,-11.19402983018694,-14.21603750423014,-7.770225044629723,29.205324859952974,0.16269159550161424,-0.32046495203370107,0.6338742163459123,-10.754634407740367,-13.851128290459783,-7.27021834509596,29.644720282399547
AL-1,Alaska,sub,kmedoid_weighted,10,,,,,-0.008529920524905199,,,0.011310473685052787,0.2554923844915137,0.21936130707366983,False,0.9840691759480131,1,289,cell(일부 분할),73,False,False,pool_blocks<2(V_boot 셀 단위 대체),0.07088426367802529,-1.0967950891495906,0.9886660238727664,-2.031604028181988,-2.6352018604961827,-0.794142342361496,13.980914511727589,-0.5884601187045373,-1.148199343702615,0.5512538124915205,-2.7230443362791323,-3.639107080748855,-0.8327115547787515,13.289474203630446,-0.24168014135307261,-0.7372436525372938,0.9044027486279282,-2.6160293934517926,-3.3406691769888663,-0.9424972555149395,13.39648914645778
AL-2,Alaska,sub,kmedoid_weighted,10,0.0564138251287673,0.04827740862704213,0.00813641650172518,0.0532700338687628,-0.007149941270689908,1.4976756792390418,1.4726243532568546,0.005005392638920894,0.23141158286011285,1.2607260077827103,False,0.9929360706407663,9,1,block,100,True,True,,0.4255496123508937,0.3782530600177836,0.6071556495599172,0.5409428431516545,0.5135850720162082,0.7209910677310485,12.936661444475586,0.6197670237572748,0.5928894966583789,0.7570776572905479,2.26826366012393,2.1065309149946243,2.5901916326812615,14.663982261447865,0.7680045955463429,0.7150537949602008,0.9357142581285601,2.253689797614627,2.095799664352214,2.576200632879459,14.649408398938563
AL-3,Alaska,sub,kmedoid_weighted,10,0.018701540016335325,0.013351028621188416,0.0053505113951469105,0.022010148295044097,0.0722884663228025,1.0012333700328429,1.1913413459815203,0.0036639535220898095,0.27499660252974867,1.4072654539523581,False,1.0852814612813217,7,1,block,100,True,True,,0.8923138232087341,0.5679214698814093,1.0433702223561194,-3.6854930679768034,-4.611980736910797,-3.160627828664437,14.845911982833192,0.8578457819895521,0.5632496737274143,1.0149118497926881,-4.030684928915568,-5.03840914231945,-3.4905510721809754,14.50072012189443,0.6244116976052894,0.2629043896166127,0.7694395899759884,-4.375299231552863,-5.41725669433917,-3.7489108546636833,14.15610581925713
AL-4,Alaska,sub,kmedoid_weighted,10,0.042556613109993306,0.03597273268942267,0.006583880420570632,0.04516362169563463,-0.07663327729917624,0.6366197713647801,0.6832236845451276,0.0012087561648000606,0.04233163076595309,2.311851452991032,False,1.0127943281364773,1,89,cell(일부 분할),96,True,False,pool_blocks<2(V_boot 셀 단위 대체),-0.00674439344821091,-3.2437118876283306,0.7959651339778743,0.006779417521771099,-4.539038240007854,1.149935300798757,26.47045805759113,-0.0366092408442474,-3.342073716425998,0.8606944942170406,0.5083754263854535,-3.00479377557104,1.3954426929636188,26.972054066454813,-0.03327259192237383,-4.279841677119791,1.133177770906066,0.5210331728633749,-2.9371481054295927,1.4167846211102397,26.98471181293274
AL-5,Alaska,sub,kmedoid_weighted,10,0.047053838510913604,0.028983622244345513,0.018070216266568087,0.04533308070834465,0.061902229077730686,0.6780281131723659,0.6869058259372139,0.010302193083547078,0.3626974631609553,1.2274386644804511,False,0.9875420519455003,1,20,cell(일부 분할),91,True,False,pool_blocks<2(V_boot 셀 단위 대체),0.2755522032940334,-0.13271476040948613,0.738250678460718,1.1374753432560187,0.45346092696626683,1.8697375272143257,23.000883900282016,0.2739831556929708,-0.13763079830399247,0.7370677676671649,0.68030851041735,-0.06097348146122743,1.4265129931272917,22.543717067443342,-0.26647013700521427,-0.9288101359917666,0.5128548350849879,0.2269145304832456,-0.37878566405415,0.8685047498838864,22.090323087509248
AL-6,Alaska,sub,kmedoid_weighted,10,,,,,0.04299083067614573,,,0.0036526718652278383,0.4822227146622652,0.7138441796551444,False,0.9934722934809973,1,1324,cell(일부 분할),73,False,False,pool_blocks<2(V_boot 셀 단위 대체),0.00527107650826153,-0.22887157964120244,0.1761939641268388,0.29100162090907783,0.0722156545659738,0.4526746295084117,10.696159324734435,0.18091598562583222,0.11884777493151917,0.23152290475817916,6.364010794409066,5.668776231610678,9.07113541743206,16.769168498234425,0.19017748574469748,-0.04657544566674014,0.4942723990046189,0.7976842265094058,0.7709553493801984,2.8621985912023,11.20284193033476
CA-2,Canada,sub,kmedoid_weighted,10,0.053517292700869724,0.04739359718678713,0.006123695514082597,0.25900888391467713,0.4563153199943104,0.6931429367907933,3.2528254194409767,0.014659586817147399,0.7300918680324132,8.719499798884542,False,0.9632838515196164,9,1,block,88,True,True,,5.918345794876962,1.1549049697825746,6.470703954735321,2.934030121920063,1.3825059598589746,3.084800140282294,24.0979677674862,5.355153110793149,0.02282027362734692,5.9358363282183,1.5472989827469874,0.3697055945680283,1.6585861992497688,22.71123662831313,4.609034709362414,-0.18394229035418855,5.13543716239749,0.8435211592107704,-0.016261003581809715,0.9358921140156917,22.007458804776913
CA-3,Canada,sub,kmedoid_weighted,10,0.08843946690843366,0.06486353268971955,0.023575934218714102,0.09806699721973672,0.1347702358937426,0.9137781582773786,0.9370110903659487,0.00704495986247555,0.21729927564293372,2.10633254995695,False,0.9496641026850803,5,143,block,99,True,True,,0.9608855621748388,0.06149407720512826,1.9781555750579138,2.4732989654703985,0.5855155307984133,4.95284385684678,25.39309573027871,1.0492530855942401,0.3066754741679434,1.9102736633733381,3.2078717010672997,1.1585958553767612,5.644688028948549,26.127668465875608,0.4575204485542308,-0.4624157461737957,1.4544813155531642,2.6240001832146618,0.7068420547497825,4.8759660110933485,25.543796948022973
Canada,Canada,main,kmedoid_weighted,10,0.053678054657019206,0.037495904838607395,0.016182149818411814,0.048029572918339106,-0.010978490295873167,1.0815024754262448,0.5595551995265975,0.0267615373712516,0.7233403041221866,0.7023128076914286,False,0.8655335816095231,17,13,block,100,True,True,,-1.3541276872278978,-3.2502309850977773,1.5765209170182581,0.44663915157425294,-1.0054544177436968,2.062741451153856,30.42538128248013,-1.2074405369119745,-3.0270137698630974,1.684227472699928,-0.2998498201586912,-1.6432261777264865,1.2161070030955485,29.67889231074718,-0.9170496930173933,-2.719377369172579,1.8595272004492969,-0.04002124550049165,-1.5698070742345447,1.4004895964203534,29.938720885405377
LE-1,Lena,sub,kmedoid_weighted,10,0.19451702502257467,0.12728738322705266,0.067229641795522,0.26660143972078854,0.3094627104014174,0.9363863834128148,1.3430536201175898,0.010463259053847013,0.1814578390070284,2.031810374421642,False,0.996196884168124,1,558,cell(일부 분할),100,True,False,pool_blocks<2(V_boot 셀 단위 대체),1.0540808411072906,-1.9770092060844415,1.9161737010114301,1.1467451247180886,-0.6772391222721854,1.996335695995321,28.2731523895195,1.2214451828757937,-1.858843575604978,2.095441185118632,1.1779047651632872,-0.7812442674898471,2.16771589455878,28.3043120299647,1.3893253649458377,-2.278022518818132,2.4812084298944708,1.2570845275713378,-0.8240810123229678,2.294128479525978,28.38349179237275
LE-2,Lena,sub,kmedoid_weighted,10,0.01602169237273583,0.014066399384017892,0.0019552929887179374,0.015324204132773772,0.009743720205894535,0.8271883828518594,0.748188439589314,0.0034070861908377507,0.23717161370570733,0.2570635015595331,False,0.9937538234824113,1,745,cell(일부 분할),100,True,False,pool_blocks<2(V_boot 셀 단위 대체),-0.14934880040261334,-0.23178020085343434,-0.07912984687013606,0.18382154048495516,-0.27946225073269576,0.7095960171816776,18.39498039454326,-0.06986365748517187,-0.19272575437199208,-0.001927538134258621,-0.0503099903563502,-0.2995313877816507,0.04056817449797299,18.160848863701958,-0.07673331850681227,-0.1477176273793115,0.17921245849072678,-0.0293880331540232,-0.21250029266935985,0.0794143905258309,18.18177082090428
Lena,Lena,main,kmedoid_weighted,10,0.169540050168486,0.1646604409941618,0.004879609174324191,0.29875713478918586,0.3639920678010482,0.7973701947273414,1.1075855552558962,0.019876497502312948,0.2439198837371499,0.5584837830040857,False,0.9941172735616282,9,558,block,100,True,True,,0.060561338504317185,-0.20690803862490975,0.33289888589249983,-0.09220887495953534,-0.3677615067349542,0.29870833236129796,17.26706158730883,0.12121993525885995,-0.14556449741274494,0.35907383700874507,0.34746959821435003,-0.006734680481624724,0.5641368685387802,17.706740060482723,-0.5469042695649495,-0.7193266429308116,-0.2176385004128467,-0.18148173056507075,-0.7061206856428595,0.3510310111493488,17.1777887317033
Russia_E,Russia_E,main,kmedoid_weighted,10,0.0872969571045131,0.05203571045394145,0.035261246650571655,0.11004149275737611,-0.18644611894970686,0.8894278713802416,0.9027708784818065,0.00974660609193722,0.5349936764564959,0.5872104132612062,False,0.9820118453398482,10,1,block,94,True,True,,-0.4721552996754384,-0.6207793870952827,0.1130336740036243,-1.0467058226788453,-1.8011344570601637,1.0845375512967104,31.252404686871966,-0.46025345512463883,-0.6177611210990852,0.26646009646273394,-0.3456015093278637,-2.1975441111912137,2.1300519269879707,31.953509000222947,-0.6381246612692344,-1.0523913979231674,0.19352598630058604,-0.4673771336148261,-2.1236634226635105,1.4990062575644334,31.831733375935986
Russia_W,Russia_W,main,kmedoid_weighted,10,0.07853975572892669,0.03963365849789265,0.03890609723103403,0.06859501988358399,0.055937372543857666,0.8559174046526611,0.8103811828609118,0.022064624840734626,0.8384458544889738,2.478019815627321,False,1.0094243427442706,9,1,block,94,True,True,,0.15993668752916554,-0.4568904292867377,0.8123360084111056,-10.082753652503701,-13.064406396020717,-6.678293620497147,30.316601037636225,0.1466486220178377,-0.4382276116262472,0.7620485181827968,-10.967667143192818,-14.181941503181099,-7.353099333239926,29.431687546947103,0.39446799618974876,-0.26703494273943007,1.1150132920497118,-10.522858007052232,-13.78557158100224,-6.755878259953914,29.876496683087684
AL-1,Alaska,sub,random,10,,,,,0.12632596426766884,,,0.04426931827170946,1.0,1.0,False,1.0,1,289,cell(일부 분할),73,False,False,pool_blocks<2(V_boot 셀 단위 대체),,,,-2.102488291860013,-3.48290248502743,-0.46461997591299103,13.910030248049564,,,,-2.134584217574595,-4.000264435344512,-0.181209823688127,13.877934322334976,,,,-2.3743492520987197,-4.0603173163374935,-0.3594122514163797,13.638169287810857
AL-2,Alaska,sub,random,10,0.03766758445154879,0.03420673613280728,0.003460848318741506,0.03617353858840569,0.0012796891935691335,1.0,1.0,0.021629827587094586,1.0,1.0,False,1.0,9,1,block,100,True,True,,,,,0.1153932308007608,0.06053482239234701,0.14262627510457457,12.511111832124696,,,,1.648496636366655,1.5013445495140614,1.8549409668143915,14.044215237690587,,,,1.485685202068284,1.3506146886404242,1.6573257794711869,13.881403803392212
AL-3,Alaska,sub,random,10,0.01867850251107978,0.017874937163850895,0.0008035653472288849,0.01847509814822251,0.015594874944166115,1.0,1.0,0.013323631959029199,1.0,1.0,False,1.0,7,1,block,100,True,True,,,,,-4.577806891185538,-5.590558801752059,-3.8685502405443457,13.953598159624459,,,,-4.88853071090512,-5.976875380932885,-4.180832888207002,13.642874339904873,,,,-4.9997109291581525,-6.132772448659327,-4.087162635209792,13.53169412165184
AL-4,Alaska,sub,random,10,0.0668477716593074,0.06564768538971953,0.0012000862695878706,0.06610371203056782,-0.038711360385771165,1.0,1.0,0.028554443637740772,1.0,1.0,False,1.0,1,89,cell(일부 분할),96,True,False,pool_blocks<2(V_boot 셀 단위 대체),,,,0.013523810969982009,-1.2953263523795233,0.3539701668208828,26.477202451039336,,,,0.5449846672297008,-0.5721495340067383,0.5550502132892324,27.00866330729906,,,,0.5543057647857488,0.2753819578545785,1.3820298451185096,27.017984404855106
AL-5,Alaska,sub,random,10,0.06939806417577223,0.056328293961670974,0.01306977021410125,0.065996063793013,0.02315268499486489,1.0,1.0,0.02840437039113021,1.0,1.0,False,1.0,1,20,cell(일부 분할),91,True,False,pool_blocks<2(V_boot 셀 단위 대체),,,,0.8619231399619854,0.5416804798095083,1.1746196544150842,22.725331696987986,,,,0.4063253547243792,0.0014409330272956516,0.7920163108979217,22.269733911750382,,,,0.4933846674884599,0.07891704410656696,0.8398789077005053,22.35679322451445
AL-6,Alaska,sub,random,10,,,,,0.02087962254257536,,,0.0075746574231495166,1.0,1.0,False,1.0,1,1324,cell(일부 분할),73,False,False,pool_blocks<2(V_boot 셀 단위 대체),,,,0.2857305444008163,0.1843915819002054,0.4308422844414559,10.690888248226175,,,,6.183094808783234,5.500801397217429,8.863240942085461,16.588252512608594,,,,0.6075067407647085,0.6039165109936976,2.4647621022029327,11.012664444590063
CA-2,Canada,sub,random,10,0.0772096054944328,0.054723876453155816,0.022485729041276985,0.07962581771732152,0.10034392234278489,1.0,1.0,0.020079098890191407,1.0,1.0,False,1.0,9,1,block,88,True,True,,,,,-2.984315672956899,-3.4404634631912434,0.5813859222424761,18.179621972609244,,,,-3.8078541280461624,-4.38216283644938,0.8815554937905055,17.356083517519984,,,,-3.7655135501516437,-4.309570478417282,0.987357110970053,17.398424095414498
CA-3,Canada,sub,random,10,0.0967843957609542,0.095561116362327,0.001223279398627197,0.10465937727742022,0.09661253281802806,1.0,1.0,0.032420540020813654,1.0,1.0,False,1.0,5,143,block,99,True,True,,,,,1.5124134032955598,0.13848660078653388,3.2115822877459927,24.43221016810387,,,,2.1586186154730598,0.4982078916306009,3.885821500861127,25.078415380281363,,,,2.166479734660431,0.43073825915138997,3.872106016784791,25.08627649946874
Canada,Canada,main,random,10,0.04963285417896381,0.0401559664116648,0.009476887767299012,0.08583527230016581,-0.1994064702421119,1.0,1.0,0.036997160560171195,1.0,1.0,False,1.0,17,13,block,100,True,True,,,,,1.8007668388021507,-0.024716619154388428,2.8047971017211917,31.77950896970803,,,,0.9075907167532833,-0.7322960973841154,1.8243011511797282,30.88633284765916,,,,0.8770284475169016,-0.9312116442074793,1.78484231463609,30.855770578422778
LE-1,Lena,sub,random,10,0.20773158224879912,0.17877029349899506,0.02896128874980404,0.19850394334773208,0.04705132251620858,1.0,1.0,0.057662204681285446,1.0,1.0,False,1.0,1,558,cell(일부 분할),100,True,False,pool_blocks<2(V_boot 셀 단위 대체),,,,0.09266428361079804,-0.9623039844361003,2.0147613529629576,27.219071548412206,,,,-0.043540417712506496,-0.9591219648859185,1.4854590156266438,27.08286684708891,,,,-0.13224083737449988,-1.2749620330024343,1.9635179987357148,26.994166427426908
LE-2,Lena,sub,random,10,0.019368855637815627,0.018542371280893078,0.0008264843569225486,0.020481744065953943,-0.039671235506196334,1.0,1.0,0.01436548892847442,1.0,1.0,False,1.0,1,745,cell(일부 분할),100,True,False,pool_blocks<2(V_boot 셀 단위 대체),,,,0.33317034088756853,-0.18754018339586603,0.9406780916583507,18.544329194945878,,,,0.019553667128821672,-0.13344640411527012,0.0777136661376926,18.230712521187126,,,,0.04734528535278907,-0.31763322360796514,0.1831731998618802,18.258504139411098
Lena,Lena,main,random,10,0.21262401239672593,0.21146894210297665,0.0011550702937492886,0.26973729782902517,0.2441577323874442,1.0,1.0,0.08148781148047786,1.0,1.0,False,1.0,9,558,block,100,True,True,,,,,-0.15277021346385253,-0.45869585969799714,0.22226321261188314,17.206500248804513,,,,0.22624966295549007,-0.049344618301459565,0.3842197038459048,17.58552012522386,,,,0.3654225389998788,-0.13158479755293923,0.7533421954187405,17.724693001268246
Russia_E,Russia_E,main,random,10,0.09814956323444529,0.06446610078487484,0.03368346244957044,0.1218930465971979,-0.18798074587139046,1.0,1.0,0.018218170645480116,1.0,1.0,False,1.0,10,1,block,94,True,True,,,,,-0.5745505230034068,-1.3117701166317723,1.5442812710382505,31.724559986547398,,,,0.11465194579677511,-1.8392486682500493,2.48337218863211,32.41376245534758,,,,0.1707475276544083,-1.7351849645846358,2.3920391909106336,32.46985803720522
Russia_W,Russia_W,main,random,10,0.09176090508499336,0.06027732607810523,0.031483579006888134,0.08464537594693529,0.0606681789202721,1.0,1.0,0.026316099868109958,1.0,1.0,False,1.0,9,1,block,94,True,True,,,,,-10.242690340032867,-12.78878113293085,-7.31250107705124,30.15666435010706,,,,-11.114315765210657,-13.929271649172154,-7.965867877761754,29.28503892492926,,,,-10.917326003241982,-13.651973932920775,-7.770779963983584,29.482028686897944
AL-1,Alaska,sub,active_ppi,20,,,,,0.17256635296250966,,,0.019938945296976422,1.4628359166011276,1.7863608013447956,False,0.991937851268332,1,289,cell(일부 분할),73,False,False,pool_blocks<2(V_boot 셀 단위 대체),0.11846135393060919,0.05610487152452381,0.3635690572445722,-2.2468014851120515,-4.040499688018884,0.11565178640667056,13.765717054797527,0.39553877151386746,0.36277748410510774,0.6413776407487882,-1.5949124354816178,-3.927732960599758,1.1017498787840296,14.417606104427959,-0.028976935064641534,-0.22721825041937138,0.8916007323838506,-1.739578861077801,-4.275574818862649,1.041138073028234,14.272939678831774
AL-2,Alaska,sub,active_ppi,20,0.03899023132840664,0.03345339678082749,0.005536834547579154,0.0381366172886215,-0.03259617221540467,1.300832802627421,1.3155878413693405,0.019446008034228395,0.9752346720897052,1.6110395233084376,False,1.000886620534972,9,1,block,93,True,True,,0.5975192506071441,0.5201864428376259,0.7854744185277721,0.7036550387936273,0.6717562538531792,0.8141557224207863,13.099373640117562,0.8201518796715787,0.779002531918463,0.9583822200072156,2.380251590317528,2.2045559302235045,2.675844882064548,14.77597019164146,0.6008445467967215,0.5577446697899909,0.7747618622244911,2.28893807230868,2.132840449667494,2.601593949557162,14.684656673632611
AL-3,Alaska,sub,active_ppi,20,0.010958894594575937,0.010023474457585087,0.0009354201369908503,0.012938620005640576,0.048824604371413116,1.052516187890058,1.2570265592504997,0.008648507585386782,1.2103608870487614,1.1924058488856382,False,1.0041855978900152,7,1,block,99,True,True,,0.13431777158047176,0.03139325270259287,0.3888982275431119,-5.289278863287381,-6.485270176981243,-4.344184901492116,13.242126187522615,0.1164990070963577,0.017637717810062653,0.3705631809180011,-5.552247559609538,-6.854647061860121,-4.673890522701254,12.979157491200455,0.5112666991655773,0.3315810544142026,0.921338792038082,-5.4379948536735405,-6.708129758600152,-4.326356318766881,13.093410197136457
AL-4,Alaska,sub,active_ppi,20,0.046141748200553764,0.041629445271101136,0.00451230292945263,0.049281671159729167,-0.07704782071775496,0.9007608240674623,0.9748624569319229,0.014333947209042885,0.6323720582260728,0.949730905077088,False,1.0044679234978509,1,89,cell(일부 분할),96,True,False,pool_blocks<2(V_boot 셀 단위 대체),-0.09481344391877282,-0.21878238899973468,0.01605764238533543,-0.05946247188420154,-2.2209421270311154,0.5123944388882116,26.40421616818516,-0.05073179849579527,-0.17832777439774125,0.06698451038498614,0.5216134157800845,-1.1865962849632303,0.7683505967590621,26.98529205584944,-0.1547441302924959,-0.3520726312774111,0.5823975805423925,0.5611333438440388,-0.9467222649842171,0.7653591063793215,27.024811983913402
AL-5,Alaska,sub,active_ppi,20,0.03873526154556743,0.027250069748576744,0.011485191796990687,0.03636322432474789,-0.034087550771002784,0.5644052253740832,0.5621543505262878,0.010211846929521208,0.8292375440397188,0.41688731121430345,False,1.0019529851409072,1,20,cell(일부 분할),89,True,False,pool_blocks<2(V_boot 셀 단위 대체),-1.5951630612540377,-2.612067818416423,-0.7212283505477929,-0.14612908996933882,-0.9420995579674236,0.4991290545982893,21.71727946705666,-1.5506024453881864,-2.5885134736829873,-0.7130862020635195,-0.5585532492398819,-1.4225991411163883,-0.021380970698430816,21.304855307786113,-1.622500326866118,-3.148949678682478,-0.41449423171579697,-0.28243905341920933,-1.355694835563671,0.5113735821353034,21.580969503606784
AL-6,Alaska,sub,active_ppi,20,,,,,0.015815580227301673,,,0.0037846547168179055,1.4746585877691971,0.9257694264079296,False,1.0001406441837806,1,1324,cell(일부 분할),73,False,False,pool_blocks<2(V_boot 셀 단위 대체),-0.0870350770005069,-0.17537407636807853,0.0037111385696865966,0.18916226983206622,0.151746687461736,0.225869297245606,10.594319973657424,0.019288217478992564,-0.004240909114269708,0.04353790115753943,5.893893618586223,5.257557356616511,8.540983576927037,16.299051322411582,-0.23310909977288632,-0.7297806680865468,0.011212044235164725,0.30171617738226014,0.29780182758796575,2.1672371052230646,10.706873881207612
CA-2,Canada,sub,active_ppi,20,0.05146553663227908,0.028804670126662213,0.02266086650561687,0.06100355559764448,0.13068004907476816,1.2898970992958756,1.4909507668961024,0.014018928892689346,0.9457677301820812,1.4927659876523403,False,0.988279338873809,9,1,block,88,True,True,,0.857907388176835,-0.5976292297596588,0.9463024819322748,-2.356927514207285,-2.8687901298349114,0.0450997545881233,18.807010131358854,0.7384168500012649,-0.6946689804452044,0.8266417012184668,-3.161881759171401,-3.789810855840319,0.42040981984072723,18.00205588639474,-0.0498631957032476,-0.9065645096172442,0.013679984917250297,-3.5576502324453085,-4.197984741771013,-0.1103140906509572,17.606287413120832
CA-3,Canada,sub,active_ppi,20,0.04522307285850152,0.044975564332441036,0.00024750852606048447,0.05378580869382555,0.09682164487428069,0.7505472471937907,0.8063647420631952,0.017146550449451098,0.7956382135460363,0.8163329915620319,False,0.9995380548677387,5,143,block,96,True,True,,-0.2336165296818571,-0.2980436842900919,-0.1557430842342436,2.70259123374275,0.9366138514427829,4.8627282183390275,25.622387998551055,-0.2582013924819755,-0.3125136784948187,-0.1987951894662951,3.5984862275868927,1.631493493433308,5.768273186959286,26.5182829923952,-0.8358901029899393,-1.103198586705984,-0.4622886055253557,3.2156948857285066,1.383866767456278,5.47665788568027,26.13549165053681
Canada,Canada,main,active_ppi,20,0.04943798790616416,0.039385772712398896,0.010052215193765266,0.058871305517189776,-0.1147950945644951,1.3764273522587864,0.802204366964384,0.014725080716626085,1.1710088095627609,0.6143238020343502,False,1.0127683956145916,17,13,block,100,True,True,,-0.8067797472588877,-1.4956246428429378,0.26356198506936834,1.5644987782994424,-0.038349974773272434,2.351429791884001,31.54324090920532,-0.7639862483547676,-1.4021921355421092,0.25303879060656537,0.6918961941132787,-0.732484130852574,1.3456094875098041,30.670638325019144,-1.2274889439995935,-2.0826196369202674,0.28330385886711384,0.6479354202433664,-0.7252083785146293,1.3300081472057392,30.62667755114924
LE-1,Lena,sub,active_ppi,20,0.31394531856171526,0.18762848356928194,0.12631683499243335,0.32507788960481687,0.23389084606862376,1.9744457007336913,2.1703684737925437,0.0469527911969116,2.1239372433097587,4.314210198431966,False,1.0101289186530598,1,558,cell(일부 분할),99,True,False,pool_blocks<2(V_boot 셀 단위 대체),1.7506896373385068,-1.3283032414568943,2.8063660993540678,1.8838307227635056,-0.8972957748336192,3.593576253756316,29.010237987564917,1.9010894648096475,-1.191310666671178,2.891306242943487,1.8642888199938692,-0.9539750357484046,3.2588618100491002,28.99069608479528,2.442063427428548,-1.5548081137641243,4.231851707010055,2.179895011257571,-1.1277782408056416,3.718651647381152,29.306302276058982
LE-2,Lena,sub,active_ppi,20,0.012987367609160357,0.011073482640111572,0.001913884969048785,0.012582404054884533,-0.01854003582722763,1.3638803105062713,1.1234179460089428,0.00974048752810844,1.5518790053055234,1.1885263815381564,False,1.0002994235401284,1,745,cell(일부 분할),100,True,False,pool_blocks<2(V_boot 셀 단위 대체),-0.08801105336186055,-0.18539060226555648,-0.018758267998592593,0.40315169026263337,-0.19593388520879823,1.0538290945025133,18.614310544320933,-0.004341530173408141,-0.14895403135928437,0.051576349752828175,-0.002859708138746697,-0.11243656116212197,0.029585830731699788,18.208299145919558,0.08008927561542596,-0.22445615984035433,0.32086371599704727,0.16479146529995484,-0.11819594599241498,0.3378695364596327,18.37595031935826
Lena,Lena,main,active_ppi,20,0.17373669528772473,0.17289894438726802,0.0008377509004567189,0.2704875629817491,0.31425961789267354,1.0012384355489274,1.1320172257847798,0.04757482957298806,1.1552836823231007,1.437054086843409,False,0.9906328592784893,9,558,block,100,True,True,,0.6658108163181016,0.0199846444554527,1.0497148304097328,0.4079036706341744,0.23706411348965337,0.48480509988753223,17.76717413290254,0.7638680614488523,0.1420153511852169,1.1024727046676037,0.8667646882222778,0.42736584617853746,0.9586514498687368,18.22603515049064,0.4770692045886218,0.004469861541431693,0.7791650981016328,0.05215452890925162,-0.2749980397873947,0.2110361555349734,17.411424991177622
AL-1,Alaska,sub,doptimal,20,,,,,0.11784824396658289,,,0.0,0.0,0.9762065633960528,True,1.0476856464090063,1,289,cell(일부 분할),73,False,False,pool_blocks<2(V_boot 셀 단위 대체),-0.6372334413692885,-1.49585611435324,1.6075678297014377,-3.002496280411949,-4.2680902000469505,0.7925100091423481,13.01002225949763,-1.3313027694900867,-1.8129530847879856,0.8458556109901265,-3.321753976485572,-5.010356825719089,0.7728323054812318,12.690764563424002,-1.5491968226601074,-1.9937768691083013,0.9500279599434528,-3.259798748673267,-4.9739610963507985,0.8033457429471862,12.752719791236322
AL-2,Alaska,sub,doptimal,20,0.021685940255720144,0.01169796825382007,0.009987972001900073,0.030684054558969682,0.11016970411172,0.7235089785144923,1.0584989433170866,0.0,0.0,0.33184825237098,True,1.0497526594134223,9,1,block,93,True,True,,-1.1410371093764038,-1.5869565025552934,-1.0127488942830767,-1.0349013211899205,-1.5530473861588183,-0.863993552181071,11.360817280134013,-1.6725157213243278,-1.9943720012225166,-1.5825739539912866,-0.1124160106783781,-0.3161978923924825,-0.07161949467092812,12.283302590645558,-1.8027690697704515,-2.166511570001373,-1.7005192791337407,-0.11467554425849318,-0.34519769560249997,-0.07057056945758977,12.281043057065435
AL-3,Alaska,sub,doptimal,20,0.008822042164598143,0.00749015738771816,0.0013318847768799828,0.008414261532962354,0.010053341238966729,0.8472882103532537,0.817471277369804,0.0,0.0,0.16786314137490038,True,1.2086581404885888,7,1,block,99,True,True,,-0.5073932718324929,-0.6274866451739602,-0.2325937614937488,-5.930989906700344,-7.418208471772225,-4.866762589067743,12.600415144109654,-0.48804574929811945,-0.6068386219942774,-0.31656044170520165,-6.156792316004015,-7.778304471751379,-5.1497328311278325,12.374612734805975,-0.19830216286668426,-0.30597325544659837,-0.047647191130794075,-6.147563715705803,-7.820344397713339,-5.05887483417854,12.383841335104192
AL-4,Alaska,sub,doptimal,20,0.08079548829800937,0.03324841374016203,0.04754707455784733,0.07369634914827529,0.10155301511372428,1.5772573311250155,1.4578199624104489,0.0,0.0,2.5899768883428544,True,1.037621549466833,1,89,cell(일부 분할),96,True,False,pool_blocks<2(V_boot 셀 단위 대체),0.3378772213059828,-0.8021474432559366,4.363940386434375,0.37322819334055407,-0.21998120696602777,2.2759130251153317,26.836906833409916,0.4367695048740939,-0.8254011610468422,4.528961516436914,1.0091147191499736,-0.032979918321971745,4.176715828632816,27.472793359219335,0.19864431357742993,-1.0378275959646739,4.219170062518544,0.9145217877139645,-0.06307814804090721,3.903334101596027,27.378200427783323
AL-5,Alaska,sub,doptimal,20,0.06074257020229943,0.020546776429806124,0.040195793772493306,0.052532329035764984,-0.06331007257950927,0.8850701571873862,0.8121193282256732,0.0,0.0,0.830083281152388,True,1.0028521296368311,1,20,cell(일부 분할),89,True,False,pool_blocks<2(V_boot 셀 단위 대체),-1.7630167064426547,-3.8699391299477055,-0.03522064934823079,-0.3139827351579558,-2.266183931752726,1.2327188030926115,21.549425821868045,-1.6829862471342298,-3.83676911758364,-0.015867643968274423,-0.6909370509859253,-2.6934515605313147,0.7437849561224903,21.172471506040065,-1.998125537674511,-4.548331548861596,-0.09224724448184914,-0.6580642642276023,-2.7454081075590553,0.8194884279803798,21.205344292798397
AL-6,Alaska,sub,doptimal,20,,,,,-0.056315191503127915,,,0.0,0.0,0.7899767343946542,True,0.9962998115830427,1,1324,cell(일부 분할),73,False,False,pool_blocks<2(V_boot 셀 단위 대체),-0.4568251709857698,-1.1575256704682195,0.2850791246522772,-0.18062782415319667,-0.8361308563239203,0.46249365869703774,10.224529879672161,-1.5684629671888477,-1.7631529557309944,-1.3357262774056122,4.3061424339183825,3.862231419034769,6.802765638874099,14.711300137743747,-0.5217429152226322,-1.9333896265084913,-0.1680402796928161,0.013082361932514294,-0.4101821771756382,1.3109065253869454,10.418240065757864
CA-2,Canada,sub,doptimal,20,0.07715497948704676,0.057922575771421535,0.01923240371562523,0.2743899259972233,0.4518450746397613,1.9337597691375166,6.706197148448204,0.0,0.0,7.722812454135573,True,1.0405961165096367,9,1,block,88,True,True,,5.597689000215425,1.0679924923243342,6.349523347273238,2.3828540978313053,0.9713162684692723,2.6092284444068716,23.546791743397456,4.869093183827137,0.45214479749261965,5.656424049574594,0.9687945746544712,-0.16987502883301886,2.1079108293583015,22.132732220220603,4.658942101711584,0.5934472406178686,5.461786859620187,1.151155064969523,-0.050255340679067735,1.8770734910218894,22.31509271053566
CA-3,Canada,sub,doptimal,20,0.024660377990738034,0.022013069532834505,0.0026473084579035273,0.031232682813299804,-0.08826607186928115,0.4092773366732264,0.46824496707026814,0.0,0.0,0.12100744943675405,True,1.0005929869333896,5,143,block,96,True,True,,-2.399155338750662,-3.4064628768542473,-1.2711121831200465,0.537052424673945,-0.317270818708129,2.079557626420093,23.45684918948225,-2.94771877938161,-3.805894336610108,-2.043111031817048,0.9089688406872583,-0.3419335236286034,2.5086596791846354,23.828765605495573,-3.5038940361782465,-4.580000069317006,-2.3250048850177945,0.5476909525401995,-0.5464462537452115,2.058079670710738,23.467487717348504
Canada,Canada,main,doptimal,20,0.03720929714806903,0.017850897711722626,0.01935839943634641,0.05524353447346796,0.15705268579248077,1.0359623544982752,0.75277088238214,0.0,0.0,0.798817416741389,True,1.3319210247977562,17,13,block,100,True,True,,-2.996561176463119,-6.086417138550518,2.086976758078405,-0.6252826509047887,-2.5874076560975703,2.3702762667296033,29.353459480001092,-2.709417214057408,-5.614028553106114,2.126195606609119,-1.2535347715893614,-3.125184478704501,1.6793843086770377,28.725207359316514,-3.038000821671473,-5.859975300910067,1.8064161501880844,-1.1625764574285131,-2.91307359911858,1.558044300937368,28.816165673477364
LE-1,Lena,sub,doptimal,20,0.18196067441943026,0.06627017778069083,0.11569049663873943,0.1897362865674533,0.21625073195788058,1.1443759472381545,1.2667661131954342,0.0,0.0,3.4698650786264347,True,1.0397086607566062,1,558,cell(일부 분할),99,True,False,pool_blocks<2(V_boot 셀 단위 대체),1.558265879178407,-2.600066189509843,2.5337053521973627,1.6914069646034058,-1.2264671378778966,2.7188452294109817,28.817814229404817,1.7738166920461786,-2.4425365226186346,2.774868525174203,1.7370160472304004,-1.3502366560262717,2.7224801005584105,28.863423312031802,2.038121513628854,-2.6205483975621933,2.899006309365209,1.775953097457877,-1.3358839932036062,2.7514575232911316,28.902360362259287
LE-2,Lena,sub,doptimal,20,0.005601510943185397,0.005169899832199144,0.00043161111098625256,0.03330322116868599,0.16702478736448478,0.5882478046673151,2.9734728083448196,0.0,0.0,2.3932122010849697,True,1.0219925393004443,1,745,cell(일부 분할),100,True,False,pool_blocks<2(V_boot 셀 단위 대체),-0.5349888375464987,-1.1834979593751085,0.016304637377505208,-0.04382609392200484,-0.20449079814459217,0.14459022375592823,18.167332760136308,0.1659075791921758,-0.7080346160689752,0.6501815161092875,0.16738940122683724,-0.6220947499369991,0.5658500266844055,18.37854825528514,-0.0899391002119015,-0.8776903895771486,0.2905704691547186,-0.005236910527372629,-0.7221377941235362,0.2033143703214272,18.205921943530935
Lena,Lena,main,doptimal,20,0.12578646260754162,0.12463007915681701,0.001156383450724605,0.4416111355068623,0.5634327243257446,0.7249029390471374,1.8481863157822005,0.0,0.0,8.373855393996196,True,1.0243895625402155,9,558,block,100,True,True,,6.586003763075229,3.4346049507174734,8.005371940391672,6.328096617391302,3.6588780362346,7.414271175104033,23.68736707965967,7.110917695859489,4.136334242308043,8.388131719137204,7.213814322632914,4.260989681577328,8.259159355542087,24.57308478490128,7.093924874093262,4.17836742410176,8.395535272052898,6.6690101984138925,3.850501175339696,7.5955735933919835,24.028280660682253
AL-1,Alaska,sub,kmedoid,20,,,,,0.03189106707947187,,,0.0032848539404940432,0.24099581263569136,0.3837757575166509,False,0.9831266196981904,1,289,cell(일부 분할),73,False,False,pool_blocks<2(V_boot 셀 단위 대체),-0.060232184634054775,-0.4687898422678578,0.19083086855495418,-2.4254950236767154,-3.9284536023465857,-0.6644900192016379,13.587023516232858,-0.3124069275145735,-0.5890752912768076,-0.07554835232581063,-2.3028581345100587,-4.358986911963893,-0.11864059096324729,13.709660405399518,-0.645507609750433,-0.6741527996867174,-0.426186103715888,-2.356109535763592,-4.481937145264142,-0.19747649373535434,13.656409004145985
AL-2,Alaska,sub,kmedoid,20,0.03605856560266233,0.02953764121946829,0.006520924383194037,0.034222996403081185,0.0024068016388432145,1.2030235100826934,1.1805807951549367,0.00537968928315076,0.2697962226881394,0.658296677057633,False,1.0040106488751572,9,1,block,93,True,True,,0.001624780483977517,-0.15438885440763345,0.19942199893025883,0.1077605686704608,0.006698764321588351,0.19059657326430784,12.503479169994394,0.10719055984175796,0.03636499029880016,0.27030366612607043,1.6672902704877075,1.5177450141725863,1.9149000586591312,14.063008871811638,-0.11827860920632756,-0.23485060164407323,0.03307691496785332,1.5698149163056307,1.4110164818532511,1.7765719778048845,13.965533517629561
AL-3,Alaska,sub,kmedoid,20,0.006306693172747677,0.005851152924212476,0.00045554024853520077,0.006515425802223213,0.020354933075223736,0.6057085957974302,0.632993570771081,0.004290114898287332,0.6004026963687905,0.6376809288022157,False,1.0821954837611556,7,1,block,99,True,True,,-0.008418505687162773,-0.06292702814882138,0.09087968798056865,-5.432015140555015,-6.772840898713848,-4.5469406736896465,13.09938991025498,-0.020704837203212516,-0.0766821710334046,0.07629687391513469,-5.689451403909108,-7.148926370271137,-4.79553972862651,12.841953646900885,0.2079361198333475,0.06835764373789467,0.3116841758199132,-5.74132543300577,-7.282926334256698,-4.746513267381326,12.790079617804226
AL-4,Alaska,sub,kmedoid,20,0.023342360749675346,0.02333093323669171,1.1427512983634753e-05,0.040485916875924025,-0.13368054243873595,0.45568026623458563,0.8008697649250294,0.0021595091461821024,0.09527126224294157,1.0529864226349503,False,1.009024374601824,1,89,cell(일부 분할),96,True,False,pool_blocks<2(V_boot 셀 단위 대체),-0.14477087425406884,-2.097730786757198,0.34713066002607224,-0.10941990221949756,-4.18575814807624,0.929296896315981,26.354258737849857,-0.14121066372229643,-2.1334732260867284,0.40803170843837105,0.4311345505535833,-2.7335258013059467,1.2004529511632416,26.89481319062294,-0.2961776680454579,-2.177002672873531,0.21670199440214213,0.41969980609107677,-2.5109590008316913,1.1914514423259088,26.88337844616043
AL-5,Alaska,sub,kmedoid,20,0.051740522582328266,0.026889172319547943,0.024851350262780326,0.05026711772159846,0.077287096645547,0.7539027786013117,0.77710047555882,0.006026226328947695,0.4893505705023698,0.6828681714380064,False,1.0018721274734892,1,20,cell(일부 분할),89,True,False,pool_blocks<2(V_boot 셀 단위 대체),-0.3274964120387587,-0.5303149544534895,-0.12815441890293827,1.1215375592459402,0.5561283515503271,1.6472082381757973,22.98494611627194,-0.3196833513856821,-0.5288524189952059,-0.1311318731159139,0.6723658447626223,0.058135398721143386,1.2176070214616639,22.53577440178862,-0.8440736983188657,-1.0856811434539444,-0.6004836609310675,0.4959875751280431,0.002005724441037921,0.9938130755948827,22.35939613215404
AL-6,Alaska,sub,kmedoid,20,,,,,0.014937024642701413,,,0.001838478480428344,0.7163475356272413,0.5332413083472475,False,0.9951553150660635,1,1324,cell(일부 분할),73,False,False,pool_blocks<2(V_boot 셀 단위 대체),-0.1677966303539892,-0.3186422854208346,0.03782631772866483,0.10840071647858392,0.012144216982783541,0.21876369639174625,10.513558420303942,0.011005339591373323,-0.03405861251487137,0.06672498803106845,5.885610740698604,5.237162719924681,8.539120458812056,16.290768444523962,-0.3315839641654866,-0.951241590303346,-0.27836844710216585,0.2032413129896599,0.1495030848534804,1.8427097584142547,10.608399016815019
CA-2,Canada,sub,kmedoid,20,0.02832457268114543,0.023397707776135628,0.004926864905009804,0.10441242413480482,0.27888946247446533,0.7099077660697999,2.551880497983291,0.0012595988720954287,0.08497710312396557,3.6032962396888095,False,0.9799983755769953,9,1,block,88,True,True,,2.8991264754765993,-0.7589831701987715,3.453504591892689,-0.3157084269075205,-0.35044829202951483,-0.06171472558016026,20.84822921865862,2.3105563541528755,-1.3247569377105965,2.873202481896518,-1.5897422550197906,-1.7355347949052518,-0.16036252808584797,19.574195390546354,2.0618279840480933,-0.817194089813537,2.653824204518464,-1.4459590526939679,-1.5805463828295196,-0.021578783357786954,19.717978592872175
CA-3,Canada,sub,kmedoid,20,0.026913249459809812,0.02503015140381383,0.0018830980559959819,0.025873238196361118,-0.002350896387167456,0.4466672434733209,0.3878953863706317,0.002343916491916748,0.10876295706402181,0.06952367293046006,False,0.9589103135289136,5,143,block,96,True,True,,-1.8370953233783165,-2.4499089853969984,-1.2598940210133778,1.0991124400462908,-0.17347948419448012,2.894567787257431,24.018909204854605,-2.1498823666815916,-2.6647023870012765,-1.6982880103567803,1.7068052533872766,0.0822415702912123,3.482302582501651,24.626602018195587,-2.7191500019764354,-3.5687759495228266,-1.9962182601702592,1.3324349867420107,-0.13187860361457945,3.0060221270685528,24.25223175155032
Canada,Canada,main,kmedoid,20,0.023808652666734667,0.016791601297806314,0.007017051368928353,0.032774630790781245,-0.10711167658103737,0.6628684163506716,0.4466004569634202,0.006274231357156817,0.4989568705161562,0.20120032951309277,False,0.9395869599119092,17,13,block,100,True,True,,-1.917841698284569,-3.1619190884013655,0.26626198798838513,0.45343682727376117,-0.34739104745222993,1.0327202063704286,30.432178958179634,-1.8050511007033496,-2.9655659730879487,0.31724742452590043,-0.3491686582353033,-1.0771457412561407,0.2292765060148201,29.62957347267057,-2.3059841596160346,-3.5383878441798853,0.04450108037580697,-0.43055979537307465,-1.0791338208535344,0.07993637825865317,29.548182335532797
LE-1,Lena,sub,kmedoid,20,0.15079927210855698,0.06614435341667375,0.08465491869188321,0.19670046223613982,0.2730284347000782,0.9483975612459397,1.3132621309210468,0.010014719693444559,0.4530217607087372,5.284549955316476,False,1.0045983866743697,1,558,cell(일부 분할),99,True,False,pool_blocks<2(V_boot 셀 단위 대체),2.3138525982020917,-2.309678558827355,3.213063091994815,2.4469936836270905,-1.063440312591064,3.7151243777325584,29.573400948428503,2.532603934033934,-2.132493899668445,3.4492661371193933,2.4958032892181556,-1.150936218227706,3.797066976846572,29.622210554019563,3.34905978464815,-2.3270002772724414,4.728097618546549,3.0868913684771733,-1.0168251294456117,4.475189204494954,30.21329863327859
LE-2,Lena,sub,kmedoid,20,0.009591214118210335,0.009072440831727596,0.0005187732864827385,0.011773079587777457,0.0494521415786211,1.0072301395742627,1.0511575396091615,0.0027522828244722713,0.43850063147619006,0.5359891550827816,False,0.9903188241373911,1,745,cell(일부 분할),100,True,False,pool_blocks<2(V_boot 셀 단위 대체),-0.26784385806564853,-0.5199476849874297,-0.009513822071800402,0.2233188855588454,-0.20191189240847668,0.7432761278611626,18.43447773961715,0.04987562069957837,-0.30291104694771337,0.3090313338165332,0.05135744273423981,-0.26800303185229324,0.2413934450838151,18.262516296792533,0.0785884611631668,-0.21786855827679108,0.25489531283055644,0.16329065084769567,-0.14709938334729508,0.31257005314538283,18.374449504906
Lena,Lena,main,kmedoid,20,0.11037629251524055,0.10509574812280291,0.00528054439243763,0.2345074004401555,0.35628955481502533,0.6360946733597647,0.9814366839860116,0.011749824329391997,0.28532693526697944,1.8235282931119101,False,0.9910271573383805,9,558,block,100,True,True,,1.3229521327199958,0.4304822541510381,1.9688283685329488,1.0650449870360685,0.26055747080888886,1.5685126295681917,18.424315449304437,1.5145193653862232,0.6549655491444958,2.0868905980450028,1.6174159921596487,0.6523034017377954,2.1257295619502803,18.97668645442802,1.8938203664593924,0.7909424934428709,2.5053628653629434,1.4689056907800222,0.4732097679480191,1.793140080608657,18.828176153048396
AL-1,Alaska,sub,kmedoid_weighted,20,,,,,0.08339425904372177,,,0.003043398293266345,0.22328123507052747,0.4890232676472095,False,0.9969670587990981,1,289,cell(일부 분할),73,False,False,pool_blocks<2(V_boot 셀 단위 대체),-0.054935666593780276,-0.36876493785702813,0.1258490528833458,-2.420198505636441,-3.9934692716716964,-0.5709443493735422,13.592320034273136,-0.2191354645964759,-0.47318927278288364,-0.06097425432007127,-2.209586671591961,-4.347127269428007,-0.014896348983676188,13.802931868317614,-0.5873844517731707,-0.6165283000397193,-0.2945606602033776,-2.29798637778633,-4.337238555011825,-0.2765736789674875,13.714532162123247
AL-2,Alaska,sub,kmedoid_weighted,20,0.034303426880346176,0.02558026699469747,0.008723159885648707,0.03166111172407042,0.001033113578559064,1.1444667396978243,1.0922042013634745,0.004873033235779786,0.24438696936733548,0.556124718459676,False,0.9972059290558842,9,1,block,93,True,True,,-0.01810368737186489,-0.11110286265283437,0.11770538439678312,0.08803210081461839,0.05088821514381355,0.14113181172326178,12.483750702138549,0.0961063670770604,0.05133065598342884,0.19804611657523685,1.65620607772301,1.501960509880184,1.8985814334868791,14.051924679046943,-0.4310392863035908,-0.5033518448965802,-0.3722555240132745,1.2570542392083677,1.1203245682879197,1.4203128021940055,13.652772840532297
AL-3,Alaska,sub,kmedoid_weighted,20,0.007461895424601175,0.005443148355786828,0.002018747068814347,0.006881315062166078,0.01188364310327783,0.7166567447982103,0.6685408329437225,0.003963230059123991,0.5546550780674488,0.7641268851255522,False,1.037235306795033,7,1,block,99,True,True,,-0.09655662871332638,-0.20176034946448249,-0.05234580137275909,-5.520153263581179,-7.032381266405711,-4.58306507821867,13.011251787228815,-0.0884099485118141,-0.19365246397293534,-0.04474741721801926,-5.7571565152177095,-7.368718000307697,-4.807551058544692,12.774248535592283,0.06030480722658934,-0.16258565325606042,0.17448770030849156,-5.8889567456125285,-7.614165238535073,-4.7777335121572335,12.642448305197464
AL-4,Alaska,sub,kmedoid_weighted,20,0.03435989981394119,0.033865009441853854,0.0004948903720873384,0.042918369619157445,-0.09909179691840819,0.6707602741178685,0.8489871846844683,0.0020175408404990583,0.08900803353431222,0.2822505242037806,False,1.0042264773700187,1,89,cell(일부 분할),96,True,False,pool_blocks<2(V_boot 셀 단위 대체),-0.2249927172082297,-0.7292675044569027,-0.07208095286529215,-0.18964174517365842,-2.8164002373567762,0.5100852834246167,26.2740368948957,-0.23136122787854538,-0.7403405258529852,-0.06279436505784493,0.34098398639733435,-1.7359833929236324,0.7296268776670255,26.804662626466687,-0.32914408984348853,-1.2505873763610762,-0.06697651480764577,0.3867333842930461,-1.9357813646295325,0.9077729331161208,26.8504120243624
AL-5,Alaska,sub,kmedoid_weighted,20,0.05081202711420653,0.023183214396768556,0.027628812717437973,0.04563729205792442,0.05562427566509931,0.7403738214435659,0.7055260569712662,0.006907647634748662,0.560925050998519,0.9882458786649946,False,1.0001491138695717,1,20,cell(일부 분할),89,True,False,pool_blocks<2(V_boot 셀 단위 대체),-0.33556467468241874,-0.8131512269372253,0.3097501400251821,1.1134692966022801,0.45204394797375946,1.8285111431894825,22.976877853628274,-0.33402122793995775,-0.804178218554086,0.2925129315653378,0.6580279682083466,-0.06678395882234718,1.3931184576921884,22.521436525234346,-0.4672301078359524,-1.335907469960484,0.39350973738664585,0.8728311656109563,0.05335699446562894,1.7307881331352444,22.73623972263696
AL-6,Alaska,sub,kmedoid_weighted,20,,,,,-0.0006221482297439351,,,0.002266820817863855,0.8832474918101659,0.7301857228599655,False,0.9962230641835749,1,1324,cell(일부 분할),73,False,False,pool_blocks<2(V_boot 셀 단위 대체),-0.15923768085867884,-0.3300401531660393,0.040520717820895606,0.11695966597389429,-0.008455446577116381,0.2269846151015896,10.522117369799252,-0.44408117292395904,-0.4897536290926723,-0.38686194704926313,5.430524228183271,4.826862130946521,8.052870915517229,15.835681932008624,-0.2754143020500699,-1.022176286266505,-0.08867733197174622,0.2594109751050766,0.25377238359088927,2.0131222014841006,10.664568678930431
CA-2,Canada,sub,kmedoid_weighted,20,0.03242225233352423,0.02246901978097776,0.009953232552546466,0.088224212659053,0.24333771988762698,0.8126092133550504,2.156234275759149,0.0019401320521412995,0.130888336851759,2.302805396795112,False,0.9800597220401824,9,1,block,88,True,True,,2.016414146153675,-1.0526896146043478,2.2676807538248203,-1.1984207562304448,-1.5624296607557064,-0.4181106961149149,19.965516889335696,1.7082152862634032,-1.3361179332090773,1.9506758671362137,-2.1920833229092627,-2.6568116994608095,-0.2377880898859602,18.971854322656878,1.0983062635726977,-0.9626223015887726,1.299433750400585,-2.4094807731693635,-2.903039950754319,-0.17592228941430557,18.754456872396776
CA-3,Canada,sub,kmedoid_weighted,20,0.041766174347916345,0.035011823431549884,0.00675435091636646,0.04082160165112981,0.044265388414437945,0.6931746385462944,0.6120034463625825,0.003302939544426338,0.15326376732890068,0.4026392004984809,False,0.9738570352046553,5,143,block,96,True,True,,-0.8155045875028458,-1.1220478186846077,-0.5272044224489231,2.1207031759217614,0.49971724852419735,4.3915555595267035,25.040499940730065,-0.9151109702133281,-1.1715258330305323,-0.6882167942583532,2.94157664985554,1.0511267016031058,5.129762099547537,25.86137341466385,-1.6390486722852462,-2.1495171162506517,-1.20039635698141,2.4125363164331994,0.6635785176386647,4.440173293827778,25.33233308124151
Canada,Canada,main,kmedoid_weighted,20,0.03169014114125755,0.020541740854278515,0.011148400286979034,0.04313639241670422,-0.12396693959674288,0.8823008158535863,0.5877940376515927,0.007285007124514506,0.5793385913940581,0.39309759763924573,False,0.9391904576781502,17,13,block,100,True,True,,-1.2622112144025681,-2.1568453598152106,0.2940118204521231,1.109067311155762,-0.13317273574490152,1.8033429149470752,31.087809442061637,-1.1858381628516181,-2.0310971606660417,0.3072030785144263,0.2700442796164282,-0.7720057818106351,0.8506185032913541,30.2487864105223,-1.1713404806526206,-1.90024512753786,0.10189126877671979,0.7040838835903394,-0.9166851543191709,1.6033817945789262,30.682826014496207
LE-1,Lena,sub,kmedoid_weighted,20,0.1341657578028531,0.07783810693617804,0.056327650866675044,0.13696624905038524,0.1491943763026755,0.8437870801613703,0.9144492394544241,0.00972300093741422,0.4398256904707321,2.317599050035358,False,0.9984111741913803,1,558,cell(일부 분할),99,True,False,pool_blocks<2(V_boot 셀 단위 대체),1.015562278660448,-1.6847442909655175,1.6444226419250763,1.1487033640854467,-1.1941370352735752,2.8018419385954187,28.275110628886868,1.1629753052610983,-1.5804708630654427,1.7311356094480679,1.1261746604453198,-1.2841668164894955,2.466546790903635,28.25258192524673,1.43457513797314,-1.629473297999364,2.627451275463962,1.1724067218021628,-1.3397914767534442,2.7295829446181754,28.298813986603573
LE-2,Lena,sub,kmedoid_weighted,20,0.006571546560449041,0.00475004842314428,0.0018214981373047613,0.009146747583137353,0.05683192371095669,0.6901169839105763,0.8166659040425105,0.0013319618108827553,0.21221151038002353,1.112959680482031,False,0.9922970115122243,1,745,cell(일부 분할),100,True,False,pool_blocks<2(V_boot 셀 단위 대체),-0.4053176133704414,-0.8137823332740985,0.004739846792457062,0.08584513025405253,-0.16121992777242658,0.4174280394659686,18.297003984312358,0.1140453255057885,-0.47542598938259356,0.5046781091619489,0.11552714754044995,-0.41000222322904173,0.4195485345634481,18.326686001598752,-0.040906601487498286,-0.5735502739000837,0.249867072010213,0.04379558819703059,-0.41449973937285955,0.22858337008558247,18.254954442255332
Lena,Lena,main,kmedoid_weighted,20,0.12021491719922603,0.118886165693652,0.00132875150557403,0.21765960859322642,0.31476415014969783,0.6927943197426591,0.9109270073971217,0.0072564123839406235,0.17621113716261588,0.8262608762155078,False,0.9896720494265692,9,558,block,100,True,True,,0.31261584881117166,-0.12916436116783495,0.7514104878356817,0.05470870312724448,-0.3310788831541173,0.546069020038452,17.413979165395617,0.4058723937804487,-0.03789651689647826,0.806756546681493,0.5087690205538742,0.019927973449826636,0.8247908879789525,17.868039482822244,0.4641976925501214,-0.07799023923449577,0.9792918443168646,0.0392830168707512,-0.38880920344082537,0.38730477779378053,17.39855347913912
AL-1,Alaska,sub,random,20,,,,,0.12922175396354296,,,0.013630336164635742,1.0,1.0,False,1.0,1,289,cell(일부 분할),73,False,False,pool_blocks<2(V_boot 셀 단위 대체),,,,-2.3652628390426607,-4.111982067306892,-0.21457557175654718,13.647255700866914,,,,-1.9904512069954852,-4.298572794007122,0.4892908159742115,14.022067332914093,,,,-1.7106019260131593,-4.039232556899334,0.3004948677331595,14.301916613896418
AL-2,Alaska,sub,random,20,0.02997328422965212,0.027276669242586427,0.0026966149870656948,0.028988271318262326,0.004064355602473091,1.0,1.0,0.019939824322037322,1.0,1.0,False,1.0,9,1,block,93,True,True,,,,,0.10613578818648328,-0.03214167667277636,0.2525583684218915,12.501854389510417,,,,1.5600997106459495,1.4065645114690706,1.7624445651222873,13.955818311969884,,,,1.6880935255119585,1.5378537724065884,1.8831170029144988,14.083812126835893
AL-3,Alaska,sub,random,20,0.010412091253954817,0.01005935748905418,0.00035273376490063717,0.01029303630096345,0.009913659556461285,1.0,1.0,0.007145395788915941,1.0,1.0,False,1.0,7,1,block,99,True,True,,,,,-5.423596634867852,-6.845954760437236,-4.471266532702298,13.107808415942142,,,,-5.668746566705896,-7.195821949737492,-4.762581025937503,12.862658484104097,,,,-5.949261552839118,-7.599931610031347,-4.839770099785628,12.582143497970877
AL-4,Alaska,sub,random,20,0.05122530528381193,0.049856828539394875,0.0013684767444170584,0.05055243517616622,-0.03596302881761693,1.0,1.0,0.022666952188324718,1.0,1.0,False,1.0,1,89,cell(일부 분할),96,True,False,pool_blocks<2(V_boot 셀 단위 대체),,,,0.03535097203457127,-2.0880273613190425,0.5821662362899088,26.499029612103932,,,,0.5723452142758797,-1.2428684024733898,0.7924212427248705,27.036023854345235,,,,0.7158774741365347,-1.1195861924163135,0.9747494479237666,27.179556114205898
AL-5,Alaska,sub,random,20,0.06863023197542867,0.04659091197284645,0.02203932000258222,0.06468548058145367,0.05251570281676443,1.0,1.0,0.012314742624620095,1.0,1.0,False,1.0,1,20,cell(일부 분할),89,True,False,pool_blocks<2(V_boot 셀 단위 대체),,,,1.449033971284699,0.8735153976463564,2.0017256948213737,23.31244252831069,,,,0.9920491961483044,0.34684021937650517,1.5803112782558149,22.8554577531743,,,,1.3400612734469088,0.6451344120481455,2.0616063595976786,23.203469830472905
AL-6,Alaska,sub,random,20,,,,,0.012660430403164336,,,0.0025664616530278886,1.0,1.0,False,1.0,1,1324,cell(일부 분할),73,False,False,pool_blocks<2(V_boot 셀 단위 대체),,,,0.27619734683257313,0.17913780401995374,0.34400999702616497,10.681355050657931,,,,5.874605401107231,5.21364172613228,8.549593432727928,16.27976310493259,,,,0.5348252771551465,0.5311010865675658,2.5361814458399192,10.939982980980504
CA-2,Canada,sub,random,20,0.03989894748997645,0.023928026881069753,0.015970920608906702,0.04091587526035025,0.08016627815457866,1.0,1.0,0.014822803152725874,1.0,1.0,False,1.0,9,1,block,88,True,True,,,,,-3.2148349023841196,-3.802190368121536,0.7021509924992545,17.94910274318202,,,,-3.900298609172666,-4.604288151074825,1.0855549216612879,17.263639036393478,,,,-3.507787036742061,-4.207683531396151,0.7402887109752857,17.656150608824085
CA-3,Canada,sub,random,20,0.06025346575793244,0.06001945813821521,0.00023400761971723328,0.06670158786482548,0.08673907703345307,1.0,1.0,0.021550687432459508,1.0,1.0,False,1.0,5,143,block,96,True,True,,,,,2.936207763424607,1.1082344209299935,5.125007894300437,25.856004528232916,,,,3.8566876200688682,1.8305585975188625,6.047506666865616,26.776484384877175,,,,4.051584988718446,1.9577081843693906,6.356963575573315,26.971381753526753
Canada,Canada,main,random,20,0.03591761513968313,0.027991584984126613,0.007926030155556518,0.0733869172764096,-0.20097569016779104,1.0,1.0,0.012574696788254082,1.0,1.0,False,1.0,17,13,block,100,True,True,,,,,2.37127852555833,0.0053331440572220255,3.6343607268420968,32.350020656464196,,,,1.4558824424680463,-0.6674472728030034,2.5921194127109066,31.434624573373924,,,,1.87542436424296,-0.5202347939729297,3.087771880326614,31.85416649514883
LE-1,Lena,sub,random,20,0.15900428076854947,0.13383250887207018,0.025171771896479293,0.14978004589090327,0.02200490981695613,1.0,1.0,0.02210648706538262,1.0,1.0,False,1.0,1,558,cell(일부 분할),99,True,False,pool_blocks<2(V_boot 셀 단위 대체),,,,0.1331410854249988,-1.4869258265443022,2.7582676986909256,27.259548350226414,,,,-0.03680064481577835,-1.4865741521020512,2.185442930481194,27.089606619985634,,,,-0.262168416170977,-1.4812571402889156,2.1206247161714304,26.864238848630432
LE-2,Lena,sub,random,20,0.009522366082357663,0.009054565356091606,0.00046780072626605634,0.01120010954034054,-0.04386596273839016,1.0,1.0,0.00627657664985989,1.0,1.0,False,1.0,1,745,cell(일부 분할),100,True,False,pool_blocks<2(V_boot 셀 단위 대체),,,,0.4911627436244939,-0.16623388701066966,1.2377204372320352,18.702321597682797,,,,0.0014818220346614435,-0.1169975211768639,0.09094279019768998,18.212640676092967,,,,0.08470218968452888,-0.09862488902497123,0.20090115062754113,18.295861043742836
Lena,Lena,main,random,20,0.17352179972243462,0.17177177454414969,0.0017500251782849238,0.2389429743829485,0.26023495947326203,1.0,1.0,0.04118021426332472,1.0,1.0,False,1.0,9,558,block,100,True,True,,,,,-0.2579071456839272,-0.6677494620918255,0.2332620696737118,17.101363316584443,,,,0.10289662677342548,-0.27129425303847715,0.40019274548239686,17.462167089041788,,,,-0.4249146756793702,-0.9474587126465775,0.11175054065203553,16.934355786588995
AL-1,Alaska,sub,active_ppi,40,,,,,0.1503706346832283,,,0.011789999700190824,0.98200952879942,1.1075281421250927,False,0.9975928097877603,1,289,cell(일부 분할),73,False,False,pool_blocks<2(V_boot 셀 단위 대체),0.0795807662885674,0.039470669839882865,0.14420163110575776,-2.0194902788787545,-4.031858318824315,0.8038534898583406,13.993028261030823,0.13098480986146654,0.09575510863471474,0.1698272285065367,-1.0731524761104765,-3.606733812519909,1.9612669277277572,14.939366063799104,0.760477390269689,0.3793755100301547,0.9438878716295603,-0.41639235644427036,-2.965639930243354,2.2319920642502544,15.596126183465303
AL-2,Alaska,sub,active_ppi,40,0.030440758280373736,0.025915573511501182,0.004525184768872552,0.030901172526969854,-0.04518389497058761,1.3456716338585393,1.439244359457682,0.009089306965696332,1.256577073928574,2.421080727205526,False,0.9976138534298031,9,1,block,91,True,True,,0.7293094526538937,0.6704630891485838,0.9567259748023191,0.6456902060445356,0.6155663421849823,0.7798474861258058,13.041408807368466,0.9702708618726508,0.930270317370365,1.1433034210502488,2.346823690540363,2.17860034290069,2.6521663427425435,14.742542291864295,0.36574802177175353,0.3157976813300861,0.46204383760018497,1.9111074677041984,1.7713488716400667,2.1495804018627775,14.306826069028135
AL-3,Alaska,sub,active_ppi,40,0.0055785989945892536,0.005253634008885152,0.0003249649857041016,0.006309335795518093,0.02992997133023234,1.0492038077010464,1.260160875060584,0.003979866642170832,1.0243680565390327,0.8632606754842657,False,1.0042596796588243,7,1,block,98,True,True,,-0.02801972424774372,-0.12174935908993488,0.2310768695417563,-6.056550986641798,-7.65717997164783,-4.913000196057625,12.474854064168197,-0.04344424221352897,-0.13546334704301782,0.19845819427397254,-6.2518051169625535,-7.966422371646311,-5.12489907759096,12.279599933847441,-0.30810817693825854,-0.4566750261609724,0.12284696307503902,-6.234067941153751,-7.991529957935583,-4.982389306031389,12.297337109656244
AL-4,Alaska,sub,active_ppi,40,0.037632419524738246,0.03501421522025674,0.0026182043044815067,0.042181486568541725,-0.08126693192217993,0.9872946487648755,1.1327434660412734,0.00935912963126244,1.2940967658585545,1.8768538481137997,False,1.0023145570590255,1,89,cell(일부 분할),96,True,False,pool_blocks<2(V_boot 셀 단위 대체),0.05934608889503205,-0.7734550898548385,0.2673254017843109,-0.058645139398738166,-2.80721066879473,0.6629518419462089,26.405033500670623,0.08335427761697763,-0.7662714165549313,0.31573655453529287,0.5104757715829548,-1.6147208715463002,0.9242654533118942,26.97415441165231,0.06392746601067145,-0.4889918251738005,0.20624593476648792,0.48345039629917724,-1.8659528800672562,1.0590727832008895,26.947129036368533
AL-5,Alaska,sub,active_ppi,40,0.03248078716948963,0.023344567438454433,0.009136219731035193,0.03080759944479596,-0.03492035031269802,0.5456889205224492,0.5523795822746227,0.007415824964709619,1.1119411515958568,0.4838272981485097,False,0.997028331331418,1,20,cell(일부 분할),89,True,False,pool_blocks<2(V_boot 셀 단위 대체),-1.2187261751733598,-2.0336270993417345,-0.5193842001217642,-0.16607203755810454,-0.7233665899305508,0.26746363362225284,21.69733651946789,-1.1813346660808126,-2.016809163284437,-0.5003074758365149,-0.5922448017170036,-1.1907114951769502,-0.22118075368122594,21.27116375530899,-1.0286861553678008,-1.6367728751845345,-0.4350034548555402,-0.14152888817172146,-0.5667863487849314,0.16065165190869685,21.721879668854275
AL-6,Alaska,sub,active_ppi,40,,,,,0.01014850346257612,,,0.0013603026643358624,1.022757190987083,1.1929380015652413,False,1.000120034449333,1,1324,cell(일부 분할),73,False,False,pool_blocks<2(V_boot 셀 단위 대체),0.07349440676422662,-0.02673496473959972,0.2303210230172518,0.230448158346053,0.12390527458864102,0.3932855768611758,10.635605862171408,0.32908816226700094,0.30757292381750206,0.36844023864550385,5.889056719726356,5.213625197547893,8.56687570031749,16.294214423551715,0.014576904019381942,-0.008416771124728818,0.3833016379416837,0.39687865478187173,0.3932753017107301,2.2201846629656248,10.802036358607227
CA-2,Canada,sub,active_ppi,40,0.03699435870866153,0.013694382360622601,0.023299976348038928,0.03839149227673102,0.09542551176893599,1.2331886407767196,1.2829579549690846,0.007925640004144356,1.1986389323465239,1.3161818606227054,False,0.9982031325707573,9,1,block,88,True,True,,0.4082026734239215,-0.07409380317492595,0.46560766186714275,-3.118735991385424,-3.7422269201333207,1.0301832603085366,18.045201654180712,0.3574039202633615,-0.11653774031525872,0.41930576082445253,-3.7448150134660843,-4.469281438924225,1.475888141715985,17.419122632100063,0.562676056921303,-0.5476253127810478,0.6454887935164462,-3.3218072804519685,-4.000320850591028,0.6834990663598501,17.84213036511417
CA-3,Canada,sub,active_ppi,40,0.03239773964262429,0.03167669056125344,0.0007210490813708504,0.04247791319071604,0.10634954638780036,0.7813161102057049,0.8012535787148801,0.006953617114538871,0.7495339782945443,0.7861050294290867,False,0.9974711296344494,5,143,block,83,True,True,,-0.4730683492859029,-0.660537248103617,-0.3507690944667424,3.8229386246997925,1.7262298881477,6.327648029636909,26.742735389508102,-0.5124545380775167,-0.6749946723733442,-0.41901101562912346,4.900232024015864,2.7019226087722132,7.3680676495269175,27.82002878882417,-0.44778005690966677,-0.6071397476230733,-0.3726559599544521,4.245541810461425,2.05690080593299,6.6973664576920955,27.16533857526973
Canada,Canada,main,active_ppi,40,0.044548730525124196,0.03136596792689669,0.013182762598227505,0.056790397672552013,-0.1301905565934256,1.5911236418069443,0.8282926595785164,0.007526584977578768,1.1279408474313861,0.6948747487263568,False,1.0007696867366536,17,13,block,100,True,True,,-0.681465463053493,-1.2348938544775765,0.17640473731143155,2.145973981825062,-0.0017287162303125084,3.168892539009743,32.12471611273093,-0.6502839613512977,-1.1768939210405125,0.17184401155144544,1.2394997459485932,-0.6448959681247212,2.1522002250616876,31.21824187685447,-0.5501129014159633,-0.8936057271767835,0.02955170100045603,1.6578872609350566,-0.684014932454188,2.8215116351469853,31.63662939184093
LE-1,Lena,sub,active_ppi,40,0.2709177244025921,0.1552528472016769,0.1156648772009152,0.27365817038976586,0.20469442248148373,1.9300842794515938,2.0926517041210833,0.017264851185488938,1.2596756844148715,5.114731905322881,False,1.010489298176084,1,558,cell(일부 분할),97,True,False,pool_blocks<2(V_boot 셀 단위 대체),2.4287922325440108,-1.5367713133206071,4.048159416376859,2.678908499364797,-1.1170393275692208,5.0505395601058005,29.805315764166206,2.610473880030271,-1.3544110999859131,4.134272868631825,2.6532185673665594,-1.1678689920692924,4.729961501628709,29.779625832167973,3.1064948262021788,-1.4102794630457813,4.774344556283475,3.092040500837912,-1.2074012380957175,5.535842399333941,30.218447765639322
LE-2,Lena,sub,active_ppi,40,0.008198422643639628,0.006220992010577281,0.0019774306330623474,0.007515574475975404,-0.006205263636274383,1.2422554033071047,1.0094776477012934,0.003902952854059224,0.8177214876437259,0.5860767355948291,False,0.9993878573885698,1,745,cell(일부 분할),100,True,False,pool_blocks<2(V_boot 셀 단위 대체),-0.21703502391739468,-0.3371913609756769,-0.12385729504221764,0.4873234436651626,-0.20298912116120493,1.2323945978698843,18.698482297723466,-0.07542766910782343,-0.2517208665701232,0.017309407441283082,-0.0450027041148869,-0.2110170894744644,0.09670086003097969,18.166156149943415,-0.169489778580445,-0.5878391599501466,-0.039796587081480615,0.028593804181381206,-0.2872977553407538,0.2594069499574312,18.239752658239684
Lena,Lena,main,active_ppi,40,0.14751651558331982,0.14747234754718566,4.416803613417595e-05,0.2659170886389107,0.3462513815276038,1.0282703922919165,1.2953708652886957,0.019428152685690404,0.8051852208938776,1.8230083243362396,False,0.9942249420056865,9,558,block,100,True,True,,0.990255060998417,0.024758196040501265,1.4899620707446253,0.4020508859420791,0.1039917220563049,0.5576515574127072,17.761321348210448,1.176024834557575,0.24203102525956866,1.6153604720378,0.8947147990553646,0.32263680528357086,1.065261241396724,18.25398526132373,0.8751453131635435,-0.285910249267314,1.4519713431029073,0.246107372076926,-0.2687909248382224,0.4611272875938361,17.605377834345294
AL-1,Alaska,sub,doptimal,40,,,,,0.09653085827573205,,,0.0,0.0,0.298387479287426,True,1.0493119081065234,1,289,cell(일부 분할),73,False,False,pool_blocks<2(V_boot 셀 단위 대체),-1.0414881633287632,-1.9675989670864502,0.4223815031506634,-3.1405592084960854,-4.759026225522223,0.5054158429865275,12.871959331413487,-1.7974323298444161,-2.390097119712745,-0.38961716004303115,-3.001569615816359,-5.11017781066005,1.079420250867696,13.010948924093217,-1.667506804625491,-2.454337544935671,-0.5324830609591718,-2.8443765513394506,-5.094932857982902,1.168060932037045,13.168141988570133
AL-2,Alaska,sub,doptimal,40,0.012379455907842467,0.00826067187988822,0.004118784027954247,0.01882802676236827,0.08843434815222406,0.5472492670633168,0.8769289027400554,0.0,0.0,0.40552202554181377,True,1.0362429350677824,9,1,block,91,True,True,,-0.9246495493486387,-1.3711132003836444,-0.7174708274844079,-1.0082687959579968,-1.5540661712888777,-0.738496608318611,11.387449805365938,-1.4742397555530402,-1.805486443172021,-1.351744910045885,-0.0976869268853277,-0.34367038380110443,-0.04499531300661952,12.298031674438601,-1.7754288070894038,-2.2489596008399997,-1.6431741460525289,-0.23006936115695886,-0.5677789765699537,-0.16800563165727214,12.165649240166974
AL-3,Alaska,sub,doptimal,40,0.0054494069217721096,0.00431533356896455,0.0011340733528075596,0.005040008056160237,-0.0046413699065945835,1.0249058047694843,1.0066386016218913,0.0,0.0,0.04920928130284916,True,1.136124275520334,7,1,block,98,True,True,,-0.4547464996673754,-0.6047327842540163,-0.04124586322255032,-6.483277762061429,-8.169252043301382,-5.136707368270739,12.048127288748566,-0.43512510779715124,-0.5871088987679068,-0.0630906116636849,-6.643485982546174,-8.446133902025798,-5.348919590511517,11.88791906826382,-0.7252847855839649,-0.9192723655474623,-0.05548559862976874,-6.651244549799458,-8.458587229900862,-5.135952548936525,11.880160501010534
AL-4,Alaska,sub,doptimal,40,0.08773595490380776,0.03997188321657897,0.04776407168722879,0.07587440928193437,0.07701437307528147,2.30177171371785,2.0375346709082045,0.0,0.0,8.984447769593379,True,1.0337209163777985,1,89,cell(일부 분할),96,True,False,pool_blocks<2(V_boot 셀 단위 대체),0.8592499050821422,-0.21540202823131574,4.58015022806158,0.7412586767883719,0.18022441193058233,2.5463946491216887,27.204937316857738,0.9869025775566543,-0.20134028962943754,4.765195722761863,1.4140240715226315,0.40718860914716376,4.483315981678403,27.877702711591997,0.9481901608017012,-0.4773293356648078,5.592308874286712,1.367713091090207,0.3754975127695938,4.395619366829567,27.83139173115956
AL-5,Alaska,sub,doptimal,40,0.06502076994470926,0.022219945771067798,0.042800824173641464,0.05389249775817043,-0.0476344238860571,1.092372348537033,0.9662913026617801,0.0,0.0,1.815599737112666,True,0.999023812544178,1,20,cell(일부 분할),89,True,False,pool_blocks<2(V_boot 셀 단위 대체),-0.9280291297831269,-3.7327645443281208,1.0902724544457292,0.12462500783212842,-2.536636753850297,2.0221340664111307,21.98803356485812,-0.805170028035261,-3.672235394655351,1.1172621528858808,-0.2160801636714519,-2.977108822628021,1.4691170512287748,21.647328393354556,-1.1118574181885006,-3.838435211625613,0.73622776330407,-0.22470015099242127,-3.0112841046657066,1.523786514223533,21.63870840603358
AL-6,Alaska,sub,doptimal,40,,,,,-0.03439714788888626,,,0.0,0.0,0.717516176720958,True,0.998851036979886,1,1324,cell(일부 분할),73,False,False,pool_blocks<2(V_boot 셀 단위 대체),-0.17234467544890286,-0.4731065671294167,0.10923383152388892,-0.015390923867076486,-0.35354556819645916,0.32203288981050715,10.389766779958281,-0.8098117551871317,-0.8856213470036095,-0.7380690223343853,4.750156802272223,4.216802565045424,7.327724867297968,15.155314506097572,-0.24118527603889342,-0.7749867345107717,0.07834935041241992,0.14111647472359637,-0.06063328391286832,1.446943325887396,10.546274178548957
CA-2,Canada,sub,doptimal,40,0.028116305206101172,0.016110129605855453,0.012006175600245719,0.06568066292582089,0.20403703426722308,0.9372431206019893,2.1949011093637028,0.0,0.0,2.192112813095704,True,1.0251072765828264,9,1,block,88,True,True,,0.9802862736727368,-0.6211821937076195,1.3871849638774896,-2.546652391136609,-2.818948051467582,0.7786411920334355,18.61728525442954,0.5513090347524118,-1.0574887982377825,0.9336951277536196,-3.550909898977034,-3.9407566597839248,0.8783443271966069,17.613027746589104,0.4921889765576477,-1.0398451667371318,0.989000580319449,-3.3922943608156237,-3.655075832000614,0.9201086022507229,17.771643284750514
CA-3,Canada,sub,doptimal,40,0.01913597135532183,0.017316341055980483,0.0018196302993413462,0.0213549137204403,-0.060064608808064524,0.46149030362220533,0.40281406868617065,0.0,0.0,0.23124204889093852,True,0.9899119703659334,5,143,block,83,True,True,,-3.6138800704760947,-4.958901615628937,-2.277105713239624,0.6821269035096004,-0.2063256077404144,2.4220455189947327,23.601923668317916,-4.322576486929678,-5.448504830935132,-3.252654178224607,1.0901100751637027,-0.18332349699623776,2.88664930270349,24.00990683997201,-4.079645296096512,-5.3809899552279905,-2.898754260558239,0.6136765712745801,-0.5062712959669816,2.2592938363464032,23.53347333608289
Canada,Canada,main,doptimal,40,0.03882146125101399,0.018013840940763182,0.02080762031025081,0.0476451741013971,0.12625262253332026,1.3865657691669622,0.6949088153964715,0.0,0.0,0.7115605115943975,True,1.2892629924857864,17,13,block,100,True,True,,-3.295135994449499,-6.726713741285942,2.0859460065401874,-0.46769654957094414,-2.575090833269058,2.672510429562187,29.511045581334916,-2.9761861705865678,-6.134583397240302,2.310745791264175,-1.086402463286677,-3.1346390776205406,2.005484209126674,28.892339667619186,-3.1997834691096956,-6.34693536556535,2.1915037402446504,-0.9917833067586758,-2.8185340017273517,1.7647060077562913,28.9869588241472
LE-1,Lena,sub,doptimal,40,0.18211585173525097,0.07101835437627317,0.11109749735897781,0.19123290760188658,0.21530116486045991,1.2974379703219672,1.462349431800789,0.0,0.0,4.639438186376118,True,1.035005635976809,1,558,cell(일부 분할),97,True,False,pool_blocks<2(V_boot 셀 단위 대체),2.2688579269668097,-2.8093323102411305,3.279227434540065,2.518974193787596,-1.557466129122444,4.172454281683522,29.645381458589007,2.514749800112407,-2.6265428748295756,3.556341837640001,2.5574944874486953,-1.667253942222046,4.025892019808337,29.683901752250108,2.557161150193918,-2.983242257893263,3.467777769069465,2.5427068248296507,-1.6732390824005658,4.027820298222324,29.669114089631073
LE-2,Lena,sub,doptimal,40,0.004124349723807392,0.004040252286598353,8.409743720903928e-05,0.02046977674207896,0.12811659541295684,0.6249367655499839,2.749461420496758,0.0,0.0,0.486083596202278,True,1.021192913996213,1,745,cell(일부 분할),100,True,False,pool_blocks<2(V_boot 셀 단위 대체),-0.4827551933522282,-0.8570558401481388,-0.08993040378435882,0.2216032742303291,-0.20800830129034711,0.7710550761925085,18.43276212828863,-0.0011114622692680598,-0.5261238761907353,0.4008645763600319,0.029313502723668467,-0.2859478620882675,0.21218748585012823,18.24047235678197,-0.25195109645738495,-0.9051927055918043,-0.024272200974991744,-0.05386751369555872,-0.3660534677851995,0.06943700923477657,18.157291340362747
Lena,Lena,main,doptimal,40,0.10094533764666912,0.09817732321178572,0.0027680144348833915,0.37528694026766424,0.5255911408418215,0.7036439379789508,1.8281479051773009,0.0,0.0,12.56321922895306,True,1.0251435187541138,9,558,block,100,True,True,,7.635254113385919,3.9699223135896906,9.212761945547033,7.0470499383295815,4.048347485898533,8.19091139199703,24.40632040059796,8.235783023935655,4.784512351040753,9.631589185557347,7.954472988433444,4.784463647976266,9.046590279438163,25.313743450701814,7.860713030658332,4.346258670111181,9.431271809394692,7.2316750895717155,4.363353287610347,8.185095578268609,24.590945551840093
AL-1,Alaska,sub,kmedoid,40,,,,,0.06862451326394181,,,0.0010137051915962692,0.08443326402500809,0.5090081779500608,False,0.9965610439409452,1,289,cell(일부 분할),73,False,False,pool_blocks<2(V_boot 셀 단위 대체),-0.10628345953689038,-0.7930479839400231,0.006871635798567335,-2.2053545047042125,-4.217231728188387,0.31761448941074794,13.807164035205359,-0.4848825617846,-1.1375384009068188,-0.4389373123687852,-1.689019847756543,-4.236966030075331,0.8374575938787815,14.323498692153036,-0.8760517288515531,-1.7121196014809086,-0.6727552325582863,-2.0529214755655123,-4.449773901214051,0.233167883564937,13.959597064344068
AL-2,Alaska,sub,kmedoid,40,0.025616944459090008,0.02177136067185345,0.0038455837872365577,0.024660584444624243,-0.014385793518432166,1.132428935811118,1.148584476264716,0.0017093791807025625,0.2363179830132509,1.2553474321226041,False,0.9987243301865932,9,1,block,91,True,True,,0.3356602430606639,0.276311834505267,0.5088386645694665,0.2520409964513058,0.2363888555938887,0.32298464815357986,12.647759597775238,0.5215144734537228,0.4869123586102838,0.6488919620063873,1.8980673021214354,1.7381238830682693,2.1589880902176595,14.293785903445364,0.29176186282877364,0.24821939811871763,0.3538448336850273,1.8371213087612184,1.6800353217087114,2.0697500577576657,14.232839910085149
AL-3,Alaska,sub,kmedoid,40,0.003459946327789427,0.0030131332090182175,0.00044681311877120956,0.0035721691080678212,0.017154653227200445,0.6507348646279972,0.7134677714070674,0.0009984265417750436,0.2569825444294844,0.25997435516743717,False,1.0580332369818697,7,1,block,98,True,True,,-0.33341115663818854,-0.45793090904498585,-0.009761869665005926,-6.361942419032242,-8.076731450534732,-5.094402664100228,12.169462631777755,-0.3227981615663911,-0.44318736981338824,-0.06112999858872838,-6.531159036315415,-8.368798785782088,-5.311283651704911,12.00024601449458,-0.6486250790439468,-0.8270098463975285,-0.21364581525315468,-6.57458484325944,-8.447932243851572,-5.270035374812485,11.956820207550555
AL-4,Alaska,sub,kmedoid,40,0.03446678509470528,0.03442251297062712,4.427212407815737e-05,0.03802290380311953,-0.06918577790092817,0.9042435462264683,1.0210687044638347,0.0013003276301366182,0.17979767852508444,1.3467804486066433,False,1.003243800836982,1,89,cell(일부 분할),96,True,False,pool_blocks<2(V_boot 셀 단위 대체),-0.024941725118726055,-1.8449101565525818,0.42484692794847473,-0.14293295341249626,-3.8786657354924734,0.8204733681103727,26.320745686656867,-0.03544551654973679,-1.8928869146524423,0.46751559895630024,0.39167597741624033,-2.523021368739175,1.0760444977329016,26.855354617485595,-0.072875584559835,-0.9437654415723861,0.15911865071594633,0.3466473457286708,-2.4343190138435795,1.0119454991503478,26.81032598579803
AL-5,Alaska,sub,kmedoid,40,0.05547825719337442,0.03975051621673508,0.015727740976639336,0.058934146060748836,0.09275879887101923,0.932054698131104,1.056687946137494,0.0020454059822387423,0.3066915810708673,2.0091173218202054,False,1.0046857699890663,1,20,cell(일부 분할),89,True,False,pool_blocks<2(V_boot 셀 단위 대체),1.322461859685492,0.7579017105452185,1.8809477427316437,2.3751159973007474,1.3637581524224014,3.3531821264913733,24.23852455432674,1.302179025882733,0.7369390679669311,1.8710648170620205,1.8912688902465422,0.863490421031826,2.8965153677510167,23.754677447272538,1.0603839766415615,0.5037783430696385,1.6268158191805366,1.947541243837641,0.9422230785774566,2.9766996146640814,23.810949800863636
AL-6,Alaska,sub,kmedoid,40,,,,,0.018366266238901696,,,0.0005936966411155473,0.4463767695862442,0.7381617638675904,False,0.9975746582779852,1,1324,cell(일부 분할),73,False,False,pool_blocks<2(V_boot 셀 단위 대체),0.012714524122522755,-0.13934508722672503,0.15633281213055505,0.16966827570434914,0.09367427579661577,0.26595970239907163,10.57482597952971,0.47120843832234627,0.4262478036930441,0.5087449484592662,6.031176995781702,5.354871271452819,8.706465385819754,16.436334699607063,-0.05599379857316045,-0.1799335547723326,0.19341088406364754,0.32630795218932934,0.32240188109095286,1.9821409697254118,10.731465656014688
CA-2,Canada,sub,kmedoid,40,0.013224773426804944,0.00522917390750361,0.007995599519301335,0.03921961926243726,0.16922615380914774,0.44084127786119215,1.3106321098672087,0.0014970051925559582,0.2264004805648745,2.409313817338589,False,1.0004252634398036,9,1,block,88,True,True,,1.419025495832571,-1.1908184103979484,1.790883264884382,-2.1079131689767743,-2.407273965236523,-0.14259845344059213,19.056024476589368,0.9746473094367852,-1.5800245178849106,1.3225987487982405,-3.1275716242926603,-3.5548078722406613,0.005343475703823438,18.03636602127348,0.9026220876130449,-1.2428147111662493,1.2916465013828777,-2.9818612497602266,-3.33020967997811,0.023114817497139492,18.18207639580591
CA-3,Canada,sub,kmedoid,40,0.019497706570365515,0.016165684969544885,0.00333202160082063,0.01783201764662217,-0.010530121625510258,0.47021404652093873,0.33636228528725565,0.001070531952261064,0.11539319175224269,0.09447128246309444,False,0.9739717744512422,5,143,block,83,True,True,,-2.748908524715848,-3.6260763992994693,-1.9851083990617409,1.5470984492698474,0.06747802369023449,3.565963289469529,24.466895214078157,-3.1557610706565753,-3.8873567571338157,-2.587543705765343,2.2569254914368053,0.530973032917863,4.200166045168325,25.176722256245107,-3.1439674819787107,-4.074783415770596,-2.4077440398254364,1.5493543853923815,-0.03569943388745046,3.360724693962308,24.46915115020069
Canada,Canada,main,kmedoid,40,0.01877498000869721,0.012665231749433776,0.0061097482592634336,0.03206106835182708,-0.1242953072875721,0.67057611326193,0.46761334067745924,0.002685211199139109,0.40240818439062376,0.46796950924710795,False,0.9817505076710034,17,13,block,100,True,True,,-1.0953503870611907,-1.5259227174954293,-0.23850951941705784,1.7320890578173642,-0.1490931950071911,2.7926691759193796,31.710831188723244,-1.0502673150378854,-1.4778577634652221,-0.259736533404457,0.8395163922620057,-0.9297321675590876,1.8175637643699338,30.818258523167874,-1.1067080019275437,-1.5567953976769802,-0.2808283504615948,1.1012921604234762,-1.095969636658394,2.3454929881194797,31.08003429132935
LE-1,Lena,sub,kmedoid,40,0.13243769592611138,0.06755844168962628,0.0648792542364851,0.1436686277669266,0.1821044467642332,0.943518610594576,1.0986275260738205,0.00313247091526727,0.22855090968959488,2.8748373458757754,False,1.003158301955833,1,558,cell(일부 분할),97,True,False,pool_blocks<2(V_boot 셀 단위 대체),1.3294631689075682,-2.728498434570641,2.2976814697598624,1.5795794357283544,-1.2325418914401183,2.9770813225783153,28.705986700529763,1.5502091222427385,-2.581168758902139,2.5308638804763555,1.5929538095790268,-1.3498682238713975,2.7403506444845105,28.719361074380437,1.5196628657307656,-2.840333862592031,2.6084224855836573,1.5052085403664985,-1.3460204767902735,2.7681262502923762,28.631615805167918
LE-2,Lena,sub,kmedoid,40,0.005433561621284483,0.004886214216761902,0.000547347404522581,0.006354889624956619,0.033950541684641955,0.8233134075466749,0.8535766694228628,0.0020632643440343236,0.4322818265793999,0.2818557202625328,False,0.9910267315370505,1,745,cell(일부 분할),100,True,False,pool_blocks<2(V_boot 셀 단위 대체),-0.3420968704251237,-0.5266841352859541,-0.1492534708759653,0.3622615971574336,-0.24429192919164344,1.044165891421999,18.57342045121574,-0.08616878621822366,-0.35777902898040526,0.10372846517321112,-0.05574382122528713,-0.14492295538939617,-0.02528564454035308,18.155415032833023,-0.18619475400123756,-0.49595202300071434,-0.10173398708356765,0.011888828760588646,-0.3244536067134349,0.2741976165361321,18.223047682818894
Lena,Lena,main,kmedoid,40,0.08863859111097161,0.08436977405393085,0.004268817057040762,0.19889615694706897,0.3354462737841193,0.6178592172779572,0.9688895446541858,0.005234220526890998,0.21692834513577575,2.4211361997759338,False,0.9946604420624499,9,558,block,100,True,True,,1.4958823562296537,0.45358966902665154,2.243570847979538,0.9076781811733158,0.09849698715873319,1.4740860762689105,18.266948643441687,1.7213531136928975,0.742739594610536,2.3955501582526284,1.440043078190687,0.4876741653671401,1.9567958594137216,18.799313540459064,1.4460429164214652,0.47045208290974133,2.139369100607974,0.8170049753348477,-0.16909225558406038,1.1996285285143033,18.176275437603223
AL-1,Alaska,sub,kmedoid_weighted,40,,,,,0.10116742351918395,,,0.0010709067324438791,0.08919767959776277,0.5095653259176499,False,1.0007040577286213,1,289,cell(일부 분할),73,False,False,pool_blocks<2(V_boot 셀 단위 대체),-0.3905915935418598,-0.767124031656084,-0.31139408742370633,-2.489662638709182,-4.406827838633346,0.0726800704227306,13.522855901200394,-0.5240501181580827,-0.7857055069282765,-0.49428571534190213,-1.7281874041300256,-4.2037123575746485,1.3026362716193267,14.284331135779551,-0.4851715420438805,-0.8420112842578276,-0.40774570436400104,-1.66204128875784,-4.150374071428729,0.9606659061862745,14.35047725115174
AL-2,Alaska,sub,kmedoid_weighted,40,0.026539817407567362,0.020522011963839515,0.006017805443727849,0.02477773988826823,-0.00738965853489626,1.173225683940157,1.154041075404998,0.002031954910234704,0.28091338152555323,0.9164758175631518,False,0.9970604619436192,9,1,block,91,True,True,,0.11089137382508636,0.07592753726527132,0.24997682478018377,0.027272127215728286,-0.05054148052755416,0.09459275565681549,12.422990728539665,0.20067956134913226,0.1658790131505754,0.305373321988702,1.5772323900168448,1.4146400443568714,1.8166675084974941,13.972950991340776,0.11927501185900269,0.0500947478572093,0.15929271373850185,1.6646344577914476,1.500948188935952,1.8991488187773906,14.06035305911538
AL-3,Alaska,sub,kmedoid_weighted,40,0.003583582828597564,0.002981378947572421,0.0006022038810251432,0.003664968182532038,0.017709329326493606,0.673987994588503,0.732002489905441,0.002376662034459519,0.6117231777297576,0.4432278941294196,False,1.0158581708010126,7,1,block,98,True,True,,-0.4489310148366285,-0.5705365687434983,-0.10732956435589534,-6.477462277230682,-8.301050217560434,-5.015922564081695,12.053942773579312,-0.40539324940228266,-0.5270004727977201,-0.05296759061722154,-6.613754124151306,-8.55686983355259,-5.204579625866958,11.91765092665869,-0.5494640271480744,-0.7219703055966901,0.021918489228421257,-6.475423791363567,-8.264324427207635,-5.0750489565349355,12.055981259446428
AL-4,Alaska,sub,kmedoid_weighted,40,0.030178417730640568,0.02896489490887534,0.0012135228217652256,0.03604286628579284,-0.0852388647205018,0.7917373028344956,0.9678966912721256,0.0008934691915123133,0.12354093133491292,1.4061353256115523,False,1.0025179262135617,1,89,cell(일부 분할),96,True,False,pool_blocks<2(V_boot 셀 단위 대체),-0.02924433279256533,-0.8648570388583678,0.1896411229060213,-0.14723556108633554,-2.898612617798259,0.5852675630679194,26.316443078983024,0.016628233804918107,-0.8337735278451474,0.2603524693602992,0.4437497277708952,-1.7202133178420094,0.8688813681369005,26.90742836784026,-0.05180658348307432,-0.13527888119053225,0.1256172452187331,0.36771634680543147,-1.5896862465450052,0.8023051838953764,26.831394986874784
AL-5,Alaska,sub,kmedoid_weighted,40,0.052385753258494636,0.03815402267780048,0.014231730580694154,0.055252282772842866,0.08671869380288455,0.880099518438872,0.9906722181477133,0.0013409870231536945,0.20106982862951187,1.7005826218606777,False,0.995448896603665,1,20,cell(일부 분할),89,True,False,pool_blocks<2(V_boot 셀 단위 대체),1.0895258660474134,0.5633826428540547,1.601825602582793,2.1421800036626686,1.2045919878658555,3.0392267081317716,24.00558856068866,1.07178180704548,0.5630105004588037,1.5876540927100553,1.6608716714092893,0.7061295659100627,2.5934365003577935,23.524280228435284,0.99361967705482,0.3621572547297699,1.8043611084395608,1.8807769442508995,0.9143260019189822,2.9506771887971635,23.7441855012769
AL-6,Alaska,sub,kmedoid_weighted,40,,,,,0.007881019580216808,,,0.00046858634609716975,0.352311340434833,0.842409010741888,False,0.9982680493410444,1,1324,cell(일부 분할),73,False,False,pool_blocks<2(V_boot 셀 단위 대체),0.03356541624866516,-0.14048195099097763,0.1803961050984507,0.19051916783049153,0.11282032558911467,0.2501128983498749,10.59567687165585,0.19196127005413643,0.1395935355946247,0.23376326467408856,5.751929827513492,5.0964185925222205,8.424636888147237,16.157087531338853,-0.0197450136047627,-0.15401850902687694,0.05824439721322997,0.3625567371577271,0.3447247061285207,1.8556661884672394,10.767714440983083
CA-2,Canada,sub,kmedoid_weighted,40,0.014947815011434641,0.006752634870630517,0.008195180140804125,0.04259365321515215,0.17417268448791234,0.4982780164321941,1.4233847913407287,0.0006487188414943118,0.09810938411979543,1.8300535233025792,False,0.9924391792189714,9,1,block,88,True,True,,0.8661822358999244,-1.5157863828694391,1.1814128964439257,-2.660756428909421,-3.02057250096773,-0.4204733447096346,18.50318121665672,0.4703519192585084,-1.837834892598139,0.7501862317257862,-3.6318670144709375,-4.132580487978308,-0.29267746162468866,17.532070631095202,0.3793705095596381,-1.503399215814986,0.7278485928138996,-3.505112827813633,-3.9061598120876275,-0.29180808567958877,17.65882481775251
CA-3,Canada,sub,kmedoid_weighted,40,0.021888699498269805,0.01851021071905012,0.0033784887792196842,0.020319706857835455,0.005996632909849309,0.5278761338939023,0.3832871394877367,0.0020678178448202025,0.22289115291895367,0.25346190167589105,False,0.9882055280104678,5,143,block,83,True,True,,-1.978018697979979,-2.663463058253038,-1.3393366108671014,2.317988276005716,0.7002434660119201,4.77106446519883,25.237785040814025,-2.28067878580816,-2.85902457429181,-1.7953132883735332,3.1320077762852208,1.3085987887937118,5.497006245311358,26.05180454109352,-2.482107421747686,-3.329544989581042,-1.761343505809358,2.211214445623406,0.6437831678328945,4.409896746915212,25.13101121043172
Canada,Canada,main,kmedoid_weighted,40,0.028275885160504062,0.01781756807193648,0.010458317088567582,0.05416287696521193,-0.17190483757479447,1.0099149592270167,0.7899700521664499,0.0019514196566967027,0.29244151867356083,0.8768187265568479,False,0.9619355552571376,17,13,block,100,True,True,,-0.18298053692439353,-0.7343417877436221,0.4803109471802136,2.6444589079541614,0.08294529181928743,3.9744461849584707,32.623201038860024,-0.15611730123355372,-0.650895644583206,0.4983957420683043,1.7336664060663374,-0.5351320913756339,2.9391832440021415,31.712408536972205,-0.5787696202916747,-1.0734304879756864,0.2909871373441058,1.6292305420593454,-0.5944734648655206,2.8145886761942505,31.607972672965218
LE-1,Lena,sub,kmedoid_weighted,40,0.13545954256536263,0.09125687490725552,0.04420266765810711,0.12972072593816114,0.09814625457557091,0.9650469868061867,0.9919685489663307,0.0022838467468708525,0.1666337104823267,0.9336228755904968,False,1.000679126412166,1,558,cell(일부 분할),97,True,False,pool_blocks<2(V_boot 셀 단위 대체),0.2101469754498074,-1.135235649516352,0.6815717899937316,0.4602632422705935,-1.6265859778319158,3.0465994419241786,27.58667050707201,0.296562977922792,-1.0863510429801677,0.7451760106166612,0.33930766525908024,-1.633546652678447,2.6108076173133727,27.465714930060493,0.386030619070785,-1.4514221318536493,0.9016804516818735,0.3715762937065179,-1.5890926193168151,2.58381027876293,27.497983558507922
LE-2,Lena,sub,kmedoid_weighted,40,0.004282866696791511,0.004145898410744589,0.00013696828604692265,0.005039787644900456,0.02905229814602217,0.6489558451662536,0.6769346765109222,0.0016257337395245736,0.340613238669795,0.22215723337126164,False,0.9956358737186206,1,745,cell(일부 분할),100,True,False,pool_blocks<2(V_boot 셀 단위 대체),-0.3281869403472098,-0.4941935498202426,-0.1667357849391697,0.37617152723534747,-0.25397773848450816,1.0751667506621148,18.58733038129366,-0.0996808593672102,-0.3441523997216062,0.06470902352134485,-0.06925589437427367,-0.1701039602261679,-0.012049340083320184,18.141902959684035,-0.19612980685087203,-0.5768410110228233,-0.05934698634843548,0.0019537759109541732,-0.3336548668484782,0.25762559168992655,18.213112629969256
Lena,Lena,main,kmedoid_weighted,40,0.10649458454536824,0.1056365502756167,0.0008580342697515394,0.19430265416712822,0.298580720321602,0.7423252087701331,0.9465130599340262,0.006053358836845821,0.25087691820466057,1.3188337936323682,False,0.9958160794354972,9,558,block,100,True,True,,0.6651266917756443,0.0898480288470139,1.1203448785884507,0.07692251671930646,-0.3024530614302257,0.5629554910614065,17.436192978987673,0.8129261814267496,0.24952233057319168,1.2320679348135748,0.5316161459245391,0.03944085947652634,0.8430960109450375,17.890886608192908,0.5282664037226278,0.04459807453125328,0.8843580009130224,-0.1007715373639897,-0.7824117776698142,0.4489658684790511,17.258498924904373
AL-1,Alaska,sub,random,40,,,,,0.140931083754531,,,0.012005993174633427,1.0,1.0,False,1.0,1,289,cell(일부 분할),73,False,False,pool_blocks<2(V_boot 셀 단위 대체),,,,-2.0990710451673222,-4.074131478761106,0.6709665232187079,13.913447494742254,,,,-1.204137285971943,-3.696888352487081,1.8081886854459095,14.808381253937632,,,,-1.1768697467139593,-3.7363985496972414,1.732647136545931,14.835648793195617
AL-2,Alaska,sub,random,40,0.022621237985888727,0.019190083438706044,0.003431154547182685,0.021470414196108883,-0.007594348820803676,1.0,1.0,0.007233385961180591,1.0,1.0,False,1.0,9,1,block,91,True,True,,,,,-0.08361924660935809,-0.18870450883102252,-0.03985205443112999,12.312099354714576,,,,1.3765528286677124,1.2309966250870872,1.544315411762774,13.772271429991644,,,,1.545359445932445,1.4080119079854094,1.7608706827855756,13.941078047256378
AL-3,Alaska,sub,random,40,0.005316983176807899,0.004370401785945295,0.0009465813908626034,0.005006770104027205,0.007318234019368042,1.0,1.0,0.00388519206233095,1.0,1.0,False,1.0,7,1,block,98,True,True,,,,,-6.028531262394054,-7.806632513229198,-4.8492813164918935,12.502873788415942,,,,-6.208360874749023,-8.09930114082793,-5.068041154104306,12.323044176060971,,,,-5.9259597642154915,-7.737867660433581,-4.879419596793606,12.605445286594506
AL-4,Alaska,sub,random,40,0.03811670565804962,0.03616949947180984,0.0019472061862397805,0.03723834021833569,-0.0315589936220273,1.0,1.0,0.007232171409572473,1.0,1.0,False,1.0,1,89,cell(일부 분할),96,True,False,pool_blocks<2(V_boot 셀 단위 대체),,,,-0.11799122829377022,-2.0337555789398913,0.3956264401618981,26.34568741177559,,,,0.4271214939659771,-1.111416239041527,0.6085288987766013,26.890800134035334,,,,0.4195229302885058,-1.6688832140906367,0.8528268484344016,26.88320157035787
AL-5,Alaska,sub,random,40,0.05952253371461551,0.04037551246025734,0.019147021254358167,0.05577251664142713,0.04925996853060566,1.0,1.0,0.006669260287800694,1.0,1.0,False,1.0,1,20,cell(일부 분할),89,True,False,pool_blocks<2(V_boot 셀 단위 대체),,,,1.0526541376152554,0.6163777146209172,1.4854549742934366,22.916062694641255,,,,0.5890898643638091,0.0801538839279481,1.0713941553734092,22.45249842138981,,,,0.8871572671960793,0.2634526592965115,1.4493064277806247,22.750565824222075
AL-6,Alaska,sub,random,40,,,,,0.012701345544513298,,,0.0013300348081864942,1.0,1.0,False,1.0,1,1324,cell(일부 분할),73,False,False,pool_blocks<2(V_boot 셀 단위 대체),,,,0.15695375158182637,0.07007974089794898,0.2519854751313397,10.562111455407182,,,,5.559968557459356,4.928134232484665,8.197708960975753,15.965126261284714,,,,0.3823017507624898,0.37948918381546193,1.8897722031149993,10.787459454587848
CA-2,Canada,sub,random,40,0.029998945404946933,0.011966888319177763,0.01803205708576917,0.029924201434688588,0.0770328823337183,1.0,1.0,0.006612199712743079,1.0,1.0,False,1.0,9,1,block,88,True,True,,,,,-3.5269386648093453,-4.1979433474845855,1.070312345008233,17.636998980756797,,,,-4.1022189337294455,-4.880103568784962,1.530079561730528,17.061718711836697,,,,-3.8844833373732714,-4.6165423764485904,1.2321399958976873,17.27945430819287
CA-3,Canada,sub,random,40,0.04146559787957606,0.040122930081909904,0.001342667797666156,0.05301431946032091,0.1145084116216668,1.0,1.0,0.009277254021706684,1.0,1.0,False,1.0,5,143,block,83,True,True,,,,,4.296006973985695,2.192870294932907,6.929233801781252,27.21580373879401,,,,5.412686562093381,3.2272056600933836,8.032471257182937,28.332483326901695,,,,4.693321867371092,2.5316029035596954,7.241208665014776,27.6131186321794
Canada,Canada,main,random,40,0.02799828332293074,0.020406074975162346,0.007592208347768393,0.06856320289189848,-0.20808583910166045,1.0,1.0,0.006672854338699369,1.0,1.0,False,1.0,17,13,block,100,True,True,,,,,2.827439444878555,0.07186888851604362,4.279019420234239,32.80618157578443,,,,1.889783707299891,-0.5927354247946989,3.1988598783789417,31.868525838205763,,,,2.20800016235102,-0.6800558693497636,3.6926069399347066,32.1867422932569
LE-1,Lena,sub,random,40,0.14036574842191324,0.11281451539983521,0.027551233022078014,0.1307710068765135,0.024921745916016036,1.0,1.0,0.01370579062459921,1.0,1.0,False,1.0,1,558,cell(일부 분할),97,True,False,pool_blocks<2(V_boot 셀 단위 대체),,,,0.25011626682078614,-1.6756781482967817,3.4097743218480585,27.376523531622198,,,,0.04274468733628822,-1.7212798889311867,2.8410975942511256,27.1691519521377,,,,-0.014454325364267126,-2.018624693535105,3.1493726347903794,27.111952939437142
LE-2,Lena,sub,random,40,0.006599627276173619,0.005783059078004184,0.0008165681981694346,0.007445013263135945,-0.03428419427567442,1.0,1.0,0.0047729611035483835,1.0,1.0,False,1.0,1,745,cell(일부 분할),100,True,False,pool_blocks<2(V_boot 셀 단위 대체),,,,0.7043584675825573,-0.08813464529227014,1.5816694488458465,18.91551732164086,,,,0.030424964992936527,-0.21128855644126954,0.30565372072572156,18.24158381905124,,,,0.19808358276182622,-0.15621491834549234,0.680321985429187,18.40924243682013
Lena,Lena,main,random,40,0.14346082187051948,0.14254202375950797,0.0009187981110115146,0.2052825918542228,0.25209810839889735,1.0,1.0,0.02412879941353396,1.0,1.0,False,1.0,9,558,block,100,True,True,,,,,-0.5882041750563379,-1.0820796473854837,0.1381402468126719,16.771066287212026,,,,-0.28131003550221045,-0.6787265277973354,0.1496697779925808,17.077960426766158,,,,-0.6290379410866175,-1.4372607547878613,0.23862570799232632,16.730232521181755
