target,parent,method,lam,n,rmse_mean,rmse_sd,rmse_beq_mean,phys_mean,d_phys_mean,d_cb_mean,win_rate,n_runs,n_splits,n_eval_total,E_used_mean,w_shrink_mean,d_phys_blk,d_phys_lo,d_phys_hi,p_boot,split_win,rep_win,d_phys_beq,d_phys_lo_beq,d_phys_hi_beq,ci_flag,n_blocks_min,ci_rep_lo,ci_rep_hi,d_cb_blk,d_cb_lo,d_cb_hi,d_cb_p,d_cb_split_win,d_cb_rep_win,d_cb_ci_rep_lo,d_cb_ci_rep_hi,d_cbr_blk,d_cbr_lo,d_cbr_hi,d_cbr_p,d_cbr_split_win,d_cbr_rep_win,d_cbr_ci_rep_lo,d_cbr_ci_rep_hi
AL-1,Alaska,anchor,0.0,3,17.333252803141,8.047089993499792,12.07637422685667,16.01251853990957,1.3207342632314312,,0.3333333333333333,9,3,30060,1.8121020896296665,0.8090757268546549,1.3207342632314247,0.6649603002478504,1.900159750599243,0.008,0.3333333333333333,0.3333333333333333,1.1417569824432061,0.07615197084044616,2.281677732540332,blocks<5,1,-0.15005331807351455,2.302276586868688,,,,,,,,,,,,,,,,
AL-1,Alaska,anchor,0.0,10,13.438687739938208,5.823043964279629,10.454672031852018,16.01251853990957,-2.573830799971361,,1.0,9,3,30060,1.7934033572992745,0.9338869013416894,-2.5738307999713683,-3.555570308921369,-0.8180180266057725,0.014,1.0,1.0,-0.4799452125614459,-2.1559524087202186,1.1145179433742973,blocks<5,1,-3.1181571109596646,-2.011404766162739,,,,,,,,,,,,,,,,
AL-1,Alaska,anchor,0.0,40,13.813387475371817,6.074281649118577,11.456917347146515,16.01251853990957,-2.199131064537753,,1.0,9,3,30060,1.8733588133312462,0.9826094163036926,-2.199131064537756,-4.265953041917944,0.33834724881046047,0.146,1.0,1.0,0.5223001027330518,-1.6918109567782442,2.6817800246778307,blocks<5,1,-2.650937513089774,-1.7608086488863783,,,,,,,,,,,,,,,,
AL-1,Alaska,cb,0.25,3,17.485554812430266,7.660200569133116,12.588155782409803,16.01251853990957,1.473036272520699,,0.3333333333333333,9,3,30060,1.8121020896296665,0.8090757268546549,1.4730362725206951,0.6379647810388501,2.3569337133777806,0.004,0.3333333333333333,0.3333333333333333,1.6535385379963394,0.4410146140264311,2.9948393566016,blocks<5,1,-0.571564088132007,3.3919628693638226,,,,,,,,,,,,,,,,
AL-1,Alaska,cb,0.25,10,13.180582897757073,5.678078306692421,10.36714991477904,16.01251853990957,-2.8319356421524953,,1.0,9,3,30060,1.7934033572992745,0.9338869013416894,-2.8319356421525033,-4.255504795096259,-0.9316177665070486,0.012,1.0,1.0,-0.567467329634424,-2.485230484994971,1.3314114569376723,blocks<5,1,-3.479526257540526,-2.2465150293027625,,,,,,,,,,,,,,,,
AL-1,Alaska,cb,0.25,40,13.89473995088678,5.599533176866989,11.601011439219398,16.01251853990957,-2.117778589022789,,0.8888888888888888,9,3,30060,1.8733588133312462,0.9826094163036926,-2.1177785890227967,-4.511609469385235,0.06326221544536711,0.06,1.0,0.8888888888888888,0.6663941948059371,-1.6540602231763382,2.8883821228123105,blocks<5,1,-2.9833277896440253,-1.211543409679094,,,,,,,,,,,,,,,,
AL-1,Alaska,cb,0.5,3,18.241403033103197,7.009749113266912,13.670604204393452,16.01251853990957,2.2288844931936254,,0.3333333333333333,9,3,30060,1.8121020896296665,0.8090757268546549,2.2288844931936236,0.625447054097476,3.126173056964336,0.001,0.3333333333333333,0.3333333333333333,2.7359869599799898,1.281109028182893,4.442092754347656,blocks<5,1,-0.2607522048328828,4.859295689676621,,,,,,,,,,,,,,,,
AL-1,Alaska,cb,0.5,10,13.44711460764784,5.230025628978992,10.985098651188617,16.01251853990957,-2.5654039322617277,,1.0,9,3,30060,1.7934033572992745,0.9338869013416894,-2.565403932261736,-4.470100396808945,-0.4984579265041323,0.02,1.0,1.0,0.05048140677515415,-1.9338014514641146,2.004416420830311,blocks<5,1,-3.468763251564769,-1.615642804245393,,,,,,,,,,,,,,,,
AL-1,Alaska,cb,0.5,40,14.199510445499934,5.13918817770873,11.96520256440185,16.01251853990957,-1.8130080944096345,,0.7777777777777778,9,3,30060,1.8733588133312462,0.9826094163036926,-1.8130080944096392,-4.575144527815494,0.23441681815528215,0.062,0.6666666666666666,0.7777777777777778,1.0305853199883857,-1.234828358275307,3.271425843998333,blocks<5,1,-3.1906564147982754,-0.40932412927862816,,,,,,,,,,,,,,,,
AL-1,Alaska,cbr,0.25,3,17.514028441020667,7.516086173650959,12.589176015794164,16.01251853990957,1.5015099011110946,,0.3333333333333333,9,3,30060,1.8121020896296665,0.8090757268546549,1.5015099011110866,0.6440939037215694,2.321904960527802,0.002,0.3333333333333333,0.3333333333333333,1.6545587713807006,0.5295538116033818,2.8534848731439935,blocks<5,1,-0.5811220670331713,3.5566508513166952,,,,,,,,,,,,,,,,
AL-1,Alaska,cbr,0.25,10,13.086921208035958,5.634166105518114,10.324564999965396,16.01251853990957,-2.925597331873611,,1.0,9,3,30060,1.7934033572992745,0.9338869013416894,-2.9255973318736186,-4.178916314017675,-0.9977309694780382,0.012,1.0,1.0,-0.6100522444480673,-2.4980532985928194,1.2199011455680258,blocks<5,1,-3.5762158399712787,-2.3205896832705255,,,,,,,,,,,,,,,,
AL-1,Alaska,cbr,0.25,40,13.78563830930275,5.793991365639184,11.454653111145694,16.01251853990957,-2.2268802306068203,,1.0,9,3,30060,1.8733588133312462,0.9826094163036926,-2.226880230606825,-4.444929450711648,0.06788150705132144,0.066,1.0,1.0,0.5200358667322291,-1.830308042855093,2.7169663189466307,blocks<5,1,-2.8825978700525274,-1.537904906380954,,,,,,,,,,,,,,,,
AL-1,Alaska,cbr,0.5,3,18.019961935846187,7.184490471589087,13.419734298213022,16.01251853990957,2.007443395936619,,0.4444444444444444,9,3,30060,1.8121020896296665,0.8090757268546549,2.0074433959366154,0.5957414584017076,2.9733516311844452,0.001,0.3333333333333333,0.4444444444444444,2.485117053799559,1.1677916562728752,3.942619364779727,blocks<5,1,-0.7996803453821617,5.046433073400942,,,,,,,,,,,,,,,,
AL-1,Alaska,cbr,0.5,10,13.115824680345467,5.2544354668102535,10.737509399604756,16.01251853990957,-2.8966938595641025,,1.0,9,3,30060,1.7934033572992745,0.9338869013416894,-2.8966938595641074,-4.442608471187916,-0.756481671699895,0.016,1.0,1.0,-0.19710784480870616,-2.162041574247861,1.6834492787102742,blocks<5,1,-3.784669996412793,-2.0332897946168456,,,,,,,,,,,,,,,,
AL-1,Alaska,cbr,0.5,40,13.865379787797345,5.487162452835113,11.60107821633632,16.01251853990957,-2.147138752112225,,1.0,9,3,30060,1.8733588133312462,0.9826094163036926,-2.1471387521122343,-4.533824347797643,0.021078918768536965,0.052,1.0,1.0,0.6664609719228564,-1.6697893171004148,2.895340062540657,blocks<5,1,-3.043261774658974,-1.2144408774470992,,,,,,,,,,,,,,,,
AL-1,Alaska,tfm,0.25,3,17.448161343003814,6.949441867850444,13.016535095459773,16.01251853990957,1.4356428030942463,-0.03739346942645266,0.3333333333333333,9,3,30060,1.8121020896296665,0.8090757268546549,1.4356428030942379,0.8155440989356979,2.5324640307350808,0.001,0.3333333333333333,0.3333333333333333,2.081917851046309,0.8872499284582928,3.3673593987413035,blocks<5,1,-0.7749119178219075,3.7823723762341084,-0.037393469426457195,-0.3575119457659366,0.349116265349598,0.91,0.3333333333333333,0.3333333333333333,-0.7556669327280765,0.7542566923471339,-0.06586709801684876,-0.42141496081864277,0.35279148888321266,0.812,0.3333333333333333,0.6666666666666666,-0.7026362091700077,0.6611346415262276
AL-1,Alaska,tfm,0.25,10,13.013709548384533,5.338934386296701,10.701368710860452,16.01251853990957,-2.9988089915250367,-0.1668733493725417,1.0,9,3,30060,1.7934033572992745,0.9338869013416894,-2.998808991525045,-4.089995327787906,-0.2906469598779626,0.028,1.0,1.0,-0.2332485335530118,-2.3796517094588987,1.8083021829499661,blocks<5,1,-3.873822653592203,-2.2935802176282984,-0.1668733493725417,-0.234629679878461,0.9385955730194109,0.998,0.3333333333333333,0.5555555555555556,-0.3818680709849036,0.036478489007384415,-0.07321165965142622,-0.1325216521255913,0.8535327047448287,0.976,0.3333333333333333,0.4444444444444444,-0.2601065798018111,0.10256590663899803
AL-1,Alaska,tfm,0.25,40,13.631565962798337,5.310416556044526,11.97323507982909,16.01251853990957,-2.3809525771112323,-0.26317398808844294,1.0,9,3,30060,1.8733588133312462,0.9826094163036926,-2.380952577111241,-4.68179127838942,0.6633625125180383,0.188,1.0,1.0,1.0386178354156286,-1.4860634485608972,3.37913568143862,blocks<5,1,-3.314039820640931,-1.3975994855417229,-0.26317398808844433,-0.32133009391894124,0.891397411735428,0.712,0.6666666666666666,0.5555555555555556,-0.4925634981861441,-0.030382141863176396,-0.15407234650441617,-0.27761944650686105,0.8800860987220779,0.806,0.3333333333333333,0.4444444444444444,-0.46234215201729817,0.1379715443092498
AL-1,Alaska,tfm,0.5,3,18.21988660076322,6.245768497782389,14.65766487221923,16.01251853990957,2.2073680608536517,-0.021516432339973888,0.6666666666666666,9,3,30060,1.8121020896296665,0.8090757268546549,2.207368060853643,1.103996124976071,3.701337701480891,0.001,0.6666666666666666,0.6666666666666666,3.723047627805769,2.1011937902304183,5.2917960716645105,blocks<5,1,-0.6130574582220173,6.0873462436453245,-0.021516432339980796,-0.2936379164122254,0.9095911977104258,0.874,0.3333333333333333,0.5555555555555556,-1.407872249641289,1.5512567831351411,0.19992466491702743,-0.12933204964486586,1.0432650730258444,0.086,0.3333333333333333,0.4444444444444444,-1.1279330774924359,1.6301281245554369
AL-1,Alaska,tfm,0.5,10,12.98163910771365,4.904567164211581,11.663134893161685,16.01251853990957,-3.0308794321959187,-0.4654754999341911,1.0,9,3,30060,1.7934033572992745,0.9338869013416894,-3.0308794321959254,-4.349396321504472,0.7114448127689679,0.172,1.0,1.0,0.7285176487482214,-1.5435410682626387,2.9224098665480236,blocks<5,1,-4.194867873752291,-1.9927200990787806,-0.4654754999341891,-0.6179866140947458,1.826901640071021,0.928,1.0,0.7777777777777778,-0.7458097388512762,-0.16481447399744428,-0.13418557263181796,-0.26921141936849496,1.8625338536288216,0.924,0.6666666666666666,0.4444444444444444,-0.4200575768026239,0.12423800555821511
AL-1,Alaska,tfm,0.5,40,13.660530766302958,4.752389332645663,12.798445213349236,16.01251853990957,-2.351987773606611,-0.5389796791969768,0.6666666666666666,9,3,30060,1.8733588133312462,0.9826094163036926,-2.3519877736066204,-4.896322298930231,1.2561413072653114,0.344,0.6666666666666666,0.6666666666666666,1.8638279689357742,-0.7391080098912042,4.382413391877536,blocks<5,1,-3.641509492581893,-0.8477467225707088,-0.5389796791969813,-0.6673050199669278,1.9035905942591222,0.798,1.0,0.7777777777777778,-0.9653316816492727,-0.11947025165936571,-0.2048490214943861,-0.5153625882771263,1.9188877396609814,0.906,0.6666666666666666,0.5555555555555556,-0.7113584632001521,0.3031052027891788
AL-2,Alaska,anchor,0.0,3,13.530211575919886,0.6637261253626788,16.948971412831124,12.395718601323937,1.1344929745959487,,0.1111111111111111,9,3,15507,1.4628706948929937,0.8051212779773728,1.1344929745959564,1.0832244221298422,1.4943904186032322,0.001,0.0,0.1111111111111111,0.9669867374639036,0.2528525632164799,1.5325427924707005,,10,0.6186472925176967,1.6784277752468457,,,,,,,,,,,,,,,,
AL-2,Alaska,anchor,0.0,10,13.76782444917459,0.7662024874414385,17.237137343196967,12.395718601323937,1.3721058478506523,,0.0,9,3,15507,1.4455175262610653,0.9323012514769147,1.3721058478506556,1.3002291857810926,1.7030535716342008,0.001,0.0,0.0,1.2551526678297449,0.6428793368995324,1.7565072560238066,,10,1.0648223331810787,1.7000157040948622,,,,,,,,,,,,,,,,
AL-2,Alaska,anchor,0.0,40,14.218266443561795,0.6563026568796844,17.65970971402835,12.395718601323937,1.8225478422378585,,0.0,9,3,15507,1.41866051463756,0.9821700119619611,1.8225478422378636,1.7407534019793882,2.267802846404698,0.001,0.0,0.0,1.6777250386611258,0.8560000171235866,2.3484622023165196,,10,1.428295001539004,2.209871765320799,,,,,,,,,,,,,,,,
AL-2,Alaska,cb,0.25,3,15.219582766154307,0.7473014529427885,18.08081592218614,12.395718601323937,2.823864164830369,,0.0,9,3,15507,1.4628706948929937,0.8051212779773728,2.823864164830375,2.699468542145929,3.313662234506764,0.001,0.0,0.0,2.098831246818919,1.0230392980968996,2.944945234618933,,10,2.2637637986937995,3.4492944437213002,,,,,,,,,,,,,,,,
AL-2,Alaska,cb,0.25,10,15.447203091707628,0.8861948419218149,18.480988625904722,12.395718601323937,3.051484490383689,,0.0,9,3,15507,1.4455175262610653,0.9323012514769147,3.051484490383695,2.906496715253598,3.5453885987812974,0.001,0.0,0.0,2.499003950537501,1.5762894398456364,3.2581103521579466,,10,2.678612528393484,3.4404481120110075,,,,,,,,,,,,,,,,
AL-2,Alaska,cb,0.25,40,15.727841480793172,0.8512220737847876,18.672335878919487,12.395718601323937,3.332122879469236,,0.0,9,3,15507,1.41866051463756,0.9821700119619611,3.3321228794692406,3.1860161002403036,3.866092788695024,0.001,0.0,0.0,2.690351203552264,1.6186194051397382,3.56139956490156,,10,2.850173310248917,3.8378875410444278,,,,,,,,,,,,,,,,
AL-2,Alaska,cb,0.5,3,17.182760017863703,0.7939341044571295,19.59097620347072,12.395718601323937,4.787041416539766,,0.0,9,3,15507,1.4628706948929937,0.8051212779773728,4.78704141653977,4.5473006023013225,5.3461993403685355,0.001,0.0,0.0,3.6089915281034988,2.2239644578069653,4.7189827991529025,,10,4.197474318139975,5.436812403346749,,,,,,,,,,,,,,,,
AL-2,Alaska,cb,0.5,10,17.363472077518473,1.019699181400993,20.00720283268528,12.395718601323937,4.967753476194537,,0.0,9,3,15507,1.4455175262610653,0.9323012514769147,4.967753476194539,4.707447349716736,5.542069817295005,0.001,0.0,0.0,4.0252181573180605,2.8065095548411074,5.032329241160133,,10,4.516858752564124,5.464693580377105,,,,,,,,,,,,,,,,
AL-2,Alaska,cb,0.5,40,17.411327769319072,1.0617740370809363,19.858197352630796,12.395718601323937,5.0156091679951365,,0.0,9,3,15507,1.41866051463756,0.9821700119619611,5.015609167995143,4.757902974808312,5.615023638191522,0.001,0.0,0.0,3.876212677263577,2.490844800704741,4.981448815974217,,10,4.443751197411096,5.640533739360722,,,,,,,,,,,,,,,,
AL-2,Alaska,cbr,0.25,3,14.861439609425723,0.7982652434597469,17.731454287839703,12.395718601323937,2.465721008101787,,0.0,9,3,15507,1.4628706948929937,0.8051212779773728,2.46572100810179,2.3415736849489615,2.85332405309586,0.001,0.0,0.0,1.749469612472484,0.7919477197434357,2.498738342289948,,10,1.94728851256676,3.0766593546002206,,,,,,,,,,,,,,,,
AL-2,Alaska,cbr,0.25,10,15.334956403900375,1.0870951275600917,18.292120326586183,12.395718601323937,2.939237802576438,,0.0,9,3,15507,1.4455175262610653,0.9323012514769147,2.9392378025764434,2.7912690913220493,3.383668918141778,0.001,0.0,0.0,2.310135651218961,1.4066501119628554,3.020225483564212,,10,2.412607815714504,3.488606233879848,,,,,,,,,,,,,,,,
AL-2,Alaska,cbr,0.25,40,15.1765666447666,0.9637856633060399,18.081203358518923,12.395718601323937,2.780848043442662,,0.0,9,3,15507,1.41866051463756,0.9821700119619611,2.78084804344267,2.654429866838376,3.1639337684550015,0.001,0.0,0.0,2.099218683151701,1.119483925426845,2.884325836032198,,10,2.2661634535973776,3.3317407246071125,,,,,,,,,,,,,,,,
AL-2,Alaska,cbr,0.5,3,16.41468227507553,1.3115450492300922,18.784555708696846,12.395718601323937,4.018963673751593,,0.0,9,3,15507,1.4628706948929937,0.8051212779773728,4.018963673751599,3.76479605129411,4.400036551017209,0.001,0.0,0.0,2.802571033329627,1.6259039759626548,3.755440678034581,,10,3.2081010004892794,4.882900401504213,,,,,,,,,,,,,,,,
AL-2,Alaska,cbr,0.5,10,17.11552086482145,1.504320378047604,19.593973397623447,12.395718601323937,4.719802263497509,,0.0,9,3,15507,1.4455175262610653,0.9323012514769147,4.719802263497512,4.448552696393392,5.220077175552222,0.001,0.0,0.0,3.6119887222562244,2.4927631240231793,4.573346374616967,,10,3.8958824089129025,5.522835116327012,,,,,,,,,,,,,,,,
AL-2,Alaska,cbr,0.5,40,16.2292167825472,1.3364183198147486,18.59911816776612,12.395718601323937,3.833498181223266,,0.0,9,3,15507,1.41866051463756,0.9821700119619611,3.83349818122327,3.611975603216778,4.132588299750728,0.001,0.0,0.0,2.6171334923989007,1.4472430339271225,3.576546412321579,,10,3.151211434019362,4.6045589144154215,,,,,,,,,,,,,,,,
AL-2,Alaska,tfm,0.25,3,12.966411804042998,0.5159011501231516,16.467744206569943,12.395718601323937,0.570693202719061,-2.2531709621113074,0.2222222222222222,9,3,15507,1.4628706948929937,0.8051212779773728,0.570693202719068,0.4800177748730234,1.2050846258985548,0.001,0.3333333333333333,0.2222222222222222,0.48575953120272136,-0.17077392965584656,0.9880558959769304,,10,0.15053476568521254,1.0147894420689152,-2.253170962111307,-2.408143740310533,-1.979234022456472,0.001,1.0,1.0,-2.4399155929415226,-2.070096735881256,-1.8950278053827223,-2.0182430774263653,-1.5643992839575183,0.001,1.0,1.0,-2.2535154989135533,-1.5097323174046144
AL-2,Alaska,tfm,0.25,10,13.157170685483063,0.7432865402591425,16.62843892847449,12.395718601323937,0.7614520841591266,-2.2900324062245625,0.0,9,3,15507,1.4455175262610653,0.9323012514769147,0.761452084159132,0.700270026457601,1.0721783776405913,0.001,0.0,0.0,0.6464542531072706,0.2116123580833133,0.9844658058149731,,10,0.45718309968236226,1.0778066112504283,-2.290032406224563,-2.488246074605434,-2.1298638188139485,0.001,1.0,1.0,-2.420562943279289,-2.161805519536313,-2.1777857184173115,-2.336394267464007,-2.005692529067096,0.001,1.0,1.0,-2.437576868924392,-1.882551228004935
AL-2,Alaska,tfm,0.25,40,13.123168720066657,0.7519842900527071,16.59434729943817,12.395718601323937,0.7274501187427193,-2.604672760726517,0.1111111111111111,9,3,15507,1.41866051463756,0.9821700119619611,0.7274501187427234,0.5990690653382906,0.9366141233568587,0.001,0.3333333333333333,0.1111111111111111,0.6123626240709493,0.07091107338457242,1.0195817699991678,,10,0.30004569280908905,1.137880640957706,-2.604672760726517,-3.0797961304417676,-2.4419306431716725,0.001,1.0,1.0,-2.735999666090704,-2.430324540645833,-2.0533979246999468,-2.3719669501454574,-1.9179740755941896,0.001,1.0,1.0,-2.277982766902811,-1.8160883535680379
AL-2,Alaska,tfm,0.5,3,12.487346120485054,0.3943217392101843,16.085645794484506,12.395718601323937,0.09162751916111647,-4.695413897378649,0.5555555555555556,9,3,15507,1.4628706948929937,0.8051212779773728,0.09162751916112259,-0.05397471707591583,0.9610532775312705,0.232,0.6666666666666666,0.5555555555555556,0.103661119117285,-0.502574630494928,0.6505191109118637,,10,-0.2501388405799414,0.45169982010974474,-4.695413897378647,-4.964192360809572,-4.139155832909636,0.001,1.0,1.0,-5.017127078761661,-4.369382587997067,-3.9273361545904764,-4.138283471562236,-3.2572320204459113,0.001,1.0,1.0,-4.696252347910024,-3.0805856961112092
AL-2,Alaska,tfm,0.5,10,12.626139855690626,0.7033112331871982,16.144597549392973,12.395718601323937,0.23042125436668867,-4.737332221827849,0.4444444444444444,9,3,15507,1.4455175262610653,0.9323012514769147,0.23042125436669636,0.16797278481972316,0.5062923629555914,0.001,0.3333333333333333,0.4444444444444444,0.16261287402575478,-0.15194560296159706,0.47244373272082935,,10,-0.060645714498463316,0.5283532872800248,-4.737332221827843,-5.11292398303862,-4.407860115625934,0.001,1.0,1.0,-5.01365616238928,-4.476584842623824,-4.489381009130816,-4.779347491041077,-4.1578139750558005,0.001,1.0,1.0,-5.03841906758719,-3.8546263389003808
AL-2,Alaska,tfm,0.5,40,12.267514588457109,0.78379705792683,15.85700624959873,12.395718601323937,-0.1282040128668286,-5.143813180861965,0.6666666666666666,9,3,15507,1.41866051463756,0.9821700119619611,-0.12820401286682484,-0.5606271573386782,0.04622722552916365,0.148,0.6666666666666666,0.6666666666666666,-0.12497842576849176,-0.677187557441823,0.3525944452812976,,10,-0.5327285059074337,0.275580785350186,-5.143813180861968,-6.041885227068723,-4.826671436759994,0.001,1.0,1.0,-5.425924884236969,-4.826320251227415,-3.9617021940900945,-4.570475045860895,-3.6833230497198635,0.001,1.0,1.0,-4.434332693544759,-3.4728467218345083
AL-3,Alaska,anchor,0.0,3,13.46631377608668,3.319175414014299,12.877664837903714,18.531405050809997,-5.0650912747233185,,0.8888888888888888,9,3,2796,1.3125318890608062,0.8216129687031133,-5.065091274723313,-6.749188339134707,-3.754216673916834,0.001,1.0,0.8888888888888888,-3.538848820743718,-5.794698513543159,-0.9033691926859003,blocks<5,4,-6.830413890628898,-2.896684059082642,,,,,,,,,,,,,,,,
AL-3,Alaska,anchor,0.0,10,12.145026228567978,1.8242055711193434,12.002465091041135,18.531405050809997,-6.386378822242019,,1.0,9,3,2796,1.2144240831342004,0.9388477531728994,-6.386378822242018,-8.475534599446082,-4.779596576325111,0.004,1.0,1.0,-4.414048567606298,-7.677846705716678,-0.4230655811038083,blocks<5,4,-7.319752560021874,-5.499507152951335,,,,,,,,,,,,,,,,
AL-3,Alaska,anchor,0.0,40,11.787468122621018,1.9850034887752874,12.640495660904419,18.531405050809997,-6.74393692818898,,1.0,9,3,2796,1.13545262440162,0.9839770591687693,-6.743936928188977,-9.012211627666327,-4.42036872061712,0.004,1.0,1.0,-3.776017997743013,-7.660153935408892,0.8966679324118072,blocks<5,4,-7.524745592433261,-5.684605231048032,,,,,,,,,,,,,,,,
AL-3,Alaska,cb,0.25,3,13.27685205512514,3.1576388951863925,12.469169246520172,18.531405050809997,-5.254552995684858,,0.8888888888888888,9,3,2796,1.3125318890608062,0.8216129687031133,-5.254552995684855,-7.081362849298028,-3.9657176960376144,0.001,1.0,0.8888888888888888,-3.9473444121272596,-6.149487985953622,-1.6189336877816118,blocks<5,4,-6.920552714360023,-3.2203983942492767,,,,,,,,,,,,,,,,
AL-3,Alaska,cb,0.25,10,12.046004169489656,1.9034050272137335,11.547920170361923,18.531405050809997,-6.485400881320344,,1.0,9,3,2796,1.2144240831342004,0.9388477531728994,-6.4854008813203405,-8.638476476118447,-4.94531625043778,0.001,1.0,1.0,-4.8685934882855095,-7.786701646834473,-1.3375655694236066,blocks<5,4,-7.406509856910295,-5.522220866448253,,,,,,,,,,,,,,,,
AL-3,Alaska,cb,0.25,40,11.846671968778573,2.041481129581164,12.451764776580474,18.531405050809997,-6.684733082031425,,1.0,9,3,2796,1.13545262440162,0.9839770591687693,-6.684733082031421,-8.966312949783067,-4.544652067818555,0.002,1.0,1.0,-3.964748882066958,-7.475262791342253,0.20001595411027698,blocks<5,4,-7.531312101459551,-5.5967095979767345,,,,,,,,,,,,,,,,
AL-3,Alaska,cb,0.5,3,13.171393521475565,2.964926010038983,12.112159525752418,18.531405050809997,-5.360011529334433,,0.8888888888888888,9,3,2796,1.3125318890608062,0.8216129687031133,-5.36001152933443,-7.296055961179194,-4.079506228150859,0.001,1.0,0.8888888888888888,-4.304354132895015,-6.656452240469547,-1.799724341131541,blocks<5,4,-6.92525020205329,-3.4656453352287357,,,,,,,,,,,,,,,,
AL-3,Alaska,cb,0.5,10,12.004792696599035,1.98074431466806,11.201837989232013,18.531405050809997,-6.526612354210964,,1.0,9,3,2796,1.2144240831342004,0.9388477531728994,-6.526612354210961,-8.742976534596297,-5.158028157393835,0.001,1.0,1.0,-5.214675669415418,-7.839325715815416,-2.049023551748394,blocks<5,4,-7.449466328432712,-5.5169001689776245,,,,,,,,,,,,,,,,
AL-3,Alaska,cb,0.5,40,11.952249780204355,2.088194873844495,12.321447328138639,18.531405050809997,-6.579155270605644,,1.0,9,3,2796,1.13545262440162,0.9839770591687693,-6.57915527060564,-8.940417307546106,-4.541667762225026,0.001,1.0,1.0,-4.095066330508795,-7.307563287681807,-0.2683998291608441,blocks<5,4,-7.50148675984297,-5.466979772862004,,,,,,,,,,,,,,,,
AL-3,Alaska,cbr,0.25,3,13.317331717787434,3.20593228801912,12.451699777541965,18.531405050809997,-5.214073333022563,,0.8888888888888888,9,3,2796,1.3125318890608062,0.8216129687031133,-5.214073333022557,-7.037471434760579,-4.002460861123521,0.001,1.0,0.8888888888888888,-3.9648138811054676,-6.168706835026018,-1.6750027614225238,blocks<5,4,-6.906970645474281,-3.140291193340566,,,,,,,,,,,,,,,,
AL-3,Alaska,cbr,0.25,10,12.060421655969872,1.972602016546317,11.552753893217794,18.531405050809997,-6.470983394840127,,1.0,9,3,2796,1.2144240831342004,0.9388477531728994,-6.470983394840123,-8.668504069428487,-4.907254596533685,0.001,1.0,1.0,-4.863759765429637,-7.815718156840128,-1.3306290588002048,blocks<5,4,-7.410941727165991,-5.456606919780948,,,,,,,,,,,,,,,,
AL-3,Alaska,cbr,0.25,40,11.850472997435539,2.0805132096106007,12.329993561724796,18.531405050809997,-6.680932053374462,,1.0,9,3,2796,1.13545262440162,0.9839770591687693,-6.680932053374458,-8.984722723266577,-4.624433789218395,0.001,1.0,1.0,-4.086520096922636,-7.490842470811207,-0.025360816869115572,blocks<5,4,-7.5505812814466,-5.572308501452492,,,,,,,,,,,,,,,,
AL-3,Alaska,cbr,0.5,3,13.241262120773916,3.0615325876675827,12.098998882964246,18.531405050809997,-5.290142930036083,,0.8888888888888888,9,3,2796,1.3125318890608062,0.8216129687031133,-5.2901429300360805,-7.258040368267062,-3.9938477266940304,0.001,1.0,0.8888888888888888,-4.317514775683189,-6.630710661925729,-1.824644462745928,blocks<5,4,-6.90270350552306,-3.3190817394468723,,,,,,,,,,,,,,,,
AL-3,Alaska,cbr,0.5,10,12.046771776573813,2.1267155290426136,11.172104022373613,18.531405050809997,-6.484633274236186,,1.0,9,3,2796,1.2144240831342004,0.9388477531728994,-6.484633274236184,-8.785016025885481,-5.0477654209754075,0.001,1.0,1.0,-5.244409636273819,-7.928932799179254,-2.0354863426731264,blocks<5,4,-7.496027586798055,-5.386612200092501,,,,,,,,,,,,,,,,
AL-3,Alaska,cbr,0.5,40,11.965071145088858,2.166177691527834,12.079261109270844,18.531405050809997,-6.56633390572114,,1.0,9,3,2796,1.13545262440162,0.9839770591687693,-6.5663339057211365,-8.975199118035366,-4.600147891501838,0.001,1.0,1.0,-4.337252549376589,-7.414587225382705,-0.7196349714984731,blocks<5,4,-7.516217470116867,-5.420370521857309,,,,,,,,,,,,,,,,
AL-3,Alaska,tfm,0.25,3,13.882227128313692,3.9996144942135605,12.973941146337767,18.531405050809997,-4.649177922496308,0.60537507318855,0.8888888888888888,9,3,2796,1.3125318890608062,0.8216129687031133,-4.649177922496304,-6.355253242936598,-3.5806333629934914,0.001,1.0,0.8888888888888888,-3.4425725123096633,-5.588435196621463,-1.038899850745782,blocks<5,4,-6.785402952771955,-2.0025504743296776,0.6053750731885508,0.28755900688727887,0.7823952549046805,0.001,0.0,0.0,0.10665302379556928,1.2625243093579108,0.5648954105262524,0.2521049892422359,0.753563337179555,0.002,0.0,0.0,0.0989447891977215,1.185779212620938
AL-3,Alaska,tfm,0.25,10,12.153984957139098,1.7992322275354453,11.77915200191312,18.531405050809997,-6.377420093670901,0.10798078764944306,1.0,9,3,2796,1.2144240831342004,0.9388477531728994,-6.377420093670897,-8.428266748823887,-4.88193314982226,0.001,1.0,1.0,-4.6373616567343126,-7.8101320091031265,-0.8287343378198203,blocks<5,4,-7.283534973309747,-5.505314049749531,0.10798078764944326,-0.055871795653442795,0.33780417477770425,0.072,0.3333333333333333,0.2222222222222222,-0.022508836221585015,0.24160378992594897,0.09356330116922607,-0.03650929769766888,0.3425875530024982,0.078,0.3333333333333333,0.2222222222222222,-0.08069078768408028,0.2540029592128095
AL-3,Alaska,tfm,0.25,40,11.711315933074554,1.9652436461975327,12.387662654399893,18.531405050809997,-6.820089117735445,-0.1353560357040191,1.0,9,3,2796,1.13545262440162,0.9839770591687693,-6.8200891177354395,-9.099168619767088,-4.574507182789892,0.004,1.0,1.0,-4.028851004247539,-7.758533027131479,0.4137180315855072,blocks<5,4,-7.5967645507264665,-5.783383480943685,-0.13535603570401852,-0.259007900426644,0.12622799200241078,0.118,1.0,0.8888888888888888,-0.21247518731150694,-0.06242123218641926,-0.139157064360982,-0.26590417512782033,0.17371788844348535,0.138,0.6666666666666666,0.7777777777777778,-0.239840593991731,-0.04361918621638041
AL-3,Alaska,tfm,0.5,3,14.328217357099167,4.720630575712534,13.099814449728814,18.531405050809997,-4.203187693710832,1.156823835623602,0.7777777777777778,9,3,2796,1.3125318890608062,0.8216129687031133,-4.203187693710828,-5.958756780198259,-3.1724944480271016,0.001,1.0,0.7777777777777778,-3.316699208918618,-5.293105347537116,-1.0821110753795307,blocks<5,4,-6.722901300669859,-1.0472032771239317,1.1568238356236016,0.5219613394330237,1.490341962046098,0.002,0.0,0.2222222222222222,0.14048108536319084,2.5167558415398132,1.0869552363252517,0.4482869284467487,1.437651299012125,0.002,0.0,0.1111111111111111,0.13881768976024952,2.36589834368702
AL-3,Alaska,tfm,0.5,10,12.189048297335933,1.7688930970474495,11.603750915567668,18.531405050809997,-6.342356753474066,0.18425560073689815,1.0,9,3,2796,1.2144240831342004,0.9388477531728994,-6.3423567534740615,-8.359358970153448,-4.913111894660678,0.001,1.0,1.0,-4.812762743079763,-7.8261901574459225,-1.1522167020509637,blocks<5,4,-7.226306429864971,-5.490766422740811,0.1842556007368993,-0.14320903083860276,0.6225835941599106,0.086,0.3333333333333333,0.2222222222222222,-0.07121294959317198,0.44382982700881035,0.14227652076212158,-0.12973447998299634,0.6221407897484638,0.124,0.3333333333333333,0.2222222222222222,-0.21155907850035158,0.4604787537793806
AL-3,Alaska,tfm,0.5,40,11.670856906333348,1.9548392123994702,12.184248442988618,18.531405050809997,-6.860548144476649,-0.2813928738710043,1.0,9,3,2796,1.13545262440162,0.9839770591687693,-6.8605481444766445,-9.124354464715086,-4.703340086099368,0.002,1.0,1.0,-4.232265215658814,-7.765526302901285,0.11896275655514212,blocks<5,4,-7.6488829992633915,-5.840650336656722,-0.2813928738710037,-0.5208102788372322,0.23978194303977723,0.108,1.0,0.8888888888888888,-0.43213148021158265,-0.14624911599102863,-0.294214238755508,-0.5473453472147155,0.3204352011100111,0.124,1.0,0.7777777777777778,-0.4876993752754788,-0.11354644518121118
AL-4,Alaska,anchor,0.0,3,26.279926352355844,5.981291367539323,24.3285510992956,26.463678640069354,-0.18375228771350885,,1.0,9,3,1965,1.5564085221158814,0.8236717405335994,-0.18375228771351834,-0.4572716250390923,-0.1055512034102802,0.001,1.0,1.0,-0.36910279276161023,-0.5180848210162701,-0.2201207645069445,blocks<5,1,-0.31898739310492036,-0.09359555078590118,,,,,,,,,,,,,,,,
AL-4,Alaska,anchor,0.0,10,28.366159742128815,7.243710035706978,18.612656037818862,26.463678640069354,1.9024811020594612,,0.1111111111111111,9,3,1965,1.2113211595473172,0.9396528917693855,1.9024811020594565,-8.82492840744768,4.1251001485564815,0.976,0.3333333333333333,0.1111111111111111,-6.084997854238348,-11.919219456083296,-0.12884324035090225,blocks<5,1,0.9761070682181766,2.7912533465286016,,,,,,,,,,,,,,,,
AL-4,Alaska,anchor,0.0,40,27.01898384555677,5.428754791258457,21.558149245423696,26.463678640069354,0.5553052054874151,,0.0,9,3,1965,1.3308487802036835,0.9841980200988311,0.5553052054874085,-4.721752122884137,1.8344669189769423,0.994,0.0,0.0,-3.139504646633514,-5.944347860391248,-0.3097890257718798,blocks<5,1,0.3264907457818785,0.8010878418346238,,,,,,,,,,,,,,,,
AL-4,Alaska,cb,0.25,3,26.903483126242108,6.457208299126236,25.142168200290474,26.463678640069354,0.4398044861727553,,0.3333333333333333,9,3,1965,1.5564085221158814,0.8236717405335994,0.439804486172753,-0.004436915477988634,1.6922414231286236,0.066,0.3333333333333333,0.3333333333333333,0.4445143082332663,-0.20387565808013855,1.1753157782993295,blocks<5,1,-0.012603689322905298,0.7880414068036946,,,,,,,,,,,,,,,,
AL-4,Alaska,cb,0.25,10,28.404180185256685,7.457743574140962,18.985485324377375,26.463678640069354,1.9405015451873306,,0.2222222222222222,9,3,1965,1.2113211595473172,0.9396528917693855,1.94050154518733,-7.585409427327466,3.9886538114702987,0.976,0.3333333333333333,0.2222222222222222,-5.712168567679832,-11.61546064244869,0.20292546241163834,blocks<5,1,0.9104339054310471,2.9503735914323475,,,,,,,,,,,,,,,,
AL-4,Alaska,cb,0.25,40,26.811345678384647,5.603130703776466,21.428142977676693,26.463678640069354,0.3476670383152908,,0.0,9,3,1965,1.3308487802036835,0.9841980200988311,0.34766703831528883,-4.754570628566193,1.590145340988002,0.896,0.0,0.0,-3.269510914380517,-6.009249970336422,-0.48279135455977834,blocks<5,1,0.2090203255752371,0.4907570775013924,,,,,,,,,,,,,,,,
AL-4,Alaska,cb,0.5,3,27.641734841037554,7.011532863120693,26.005710430465815,26.463678640069354,1.1780562009681992,,0.3333333333333333,9,3,1965,1.5564085221158814,0.8236717405335994,1.1780562009681976,0.27191625742231434,3.9032199648224797,0.028,0.3333333333333333,0.3333333333333333,1.3080565384086082,-0.04863409715577305,2.7564026809704814,blocks<5,1,0.35201689305860084,1.834683143130059,,,,,,,,,,,,,,,,
AL-4,Alaska,cb,0.5,10,28.55682821463891,7.712595217812442,19.489563722544247,26.463678640069354,2.0931495745695554,,0.3333333333333333,9,3,1965,1.2113211595473172,0.9396528917693855,2.093149574569549,-6.687185522905725,3.9082195919313256,0.976,0.3333333333333333,0.3333333333333333,-5.208090169512961,-10.925399658398987,0.6781406480419866,blocks<5,1,0.9182194565632906,3.205358680378683,,,,,,,,,,,,,,,,
AL-4,Alaska,cb,0.5,40,26.626439100327893,5.756335406644078,21.319473122811285,26.463678640069354,0.16276046025854007,,0.2222222222222222,9,3,1965,1.3308487802036835,0.9841980200988311,0.1627604602585393,-4.7624031207041355,1.3673085927899866,0.896,0.0,0.2222222222222222,-3.378180769245926,-6.005341091325593,-0.6331587992588036,blocks<5,1,0.060009300829255645,0.26457845460092644,,,,,,,,,,,,,,,,
AL-4,Alaska,cbr,0.25,3,26.6919488876897,6.309369397951312,24.90281035367075,26.463678640069354,0.22827024762034714,,0.3333333333333333,9,3,1965,1.5564085221158814,0.8236717405335994,0.22827024762034398,-0.12311076077127107,1.1067151928061076,0.238,0.3333333333333333,0.3333333333333333,0.20515646161354084,-0.2851191328026677,0.745649082942799,blocks<5,1,-0.11976925480205577,0.5181920682103833,,,,,,,,,,,,,,,,
AL-4,Alaska,cbr,0.25,10,28.253556285600464,7.306463930619937,19.032467662451634,26.463678640069354,1.7898776455311096,,0.3333333333333333,9,3,1965,1.2113211595473172,0.9396528917693855,1.78987764553111,-7.574833691001526,3.815404967189649,0.976,0.3333333333333333,0.3333333333333333,-5.665186229605575,-11.287581125797217,0.09025155183246032,blocks<5,1,0.8389231236889697,2.6917680931323704,,,,,,,,,,,,,,,,
AL-4,Alaska,cbr,0.25,40,26.80886599647229,5.600858850419283,21.417683711556094,26.463678640069354,0.34518735640293563,,0.1111111111111111,9,3,1965,1.3308487802036835,0.9841980200988311,0.3451873564029337,-4.798429429287172,1.5951740088157642,0.896,0.0,0.1111111111111111,-3.2799701805011154,-6.057684407183637,-0.49494092758450375,blocks<5,1,0.17836815409973758,0.5146776154233174,,,,,,,,,,,,,,,,
AL-4,Alaska,cbr,0.5,3,27.160232536149714,6.670752067142938,25.503354301619144,26.463678640069354,0.6965538960803603,,0.3333333333333333,9,3,1965,1.5564085221158814,0.8236717405335994,0.6965538960803551,0.038146009085415024,2.7141617103260303,0.032,0.3333333333333333,0.3333333333333333,0.8057004095619339,-0.2249761190807457,1.88784105670441,blocks<5,1,0.11731749062815879,1.2125193298495798,,,,,,,,,,,,,,,,
AL-4,Alaska,cbr,0.5,10,28.268422611233266,7.445100379644594,19.59458513024545,26.463678640069354,1.8047439711639113,,0.3333333333333333,9,3,1965,1.2113211595473172,0.9396528917693855,1.8047439711639075,-6.416932748152458,3.572029509545967,0.976,0.3333333333333333,0.3333333333333333,-5.1030687618117625,-10.499494205139467,0.46964502812388176,blocks<5,1,0.7701433518491316,2.787298813748254,,,,,,,,,,,,,,,,
AL-4,Alaska,cbr,0.5,40,26.620818526976493,5.757027618061718,21.29678490209819,26.463678640069354,0.1571398869071356,,0.3333333333333333,9,3,1965,1.3308487802036835,0.9841980200988311,0.15713988690713165,-4.853430417072189,1.3773516488715305,0.896,0.0,0.3333333333333333,-3.4008689899590174,-6.105376095624624,-0.6584715199198344,blocks<5,1,-0.018794923020827366,0.33693267480460176,,,,,,,,,,,,,,,,
AL-4,Alaska,tfm,0.25,3,26.47423752949088,6.000574013066413,24.858633236832166,26.463678640069354,0.01055888942152213,-0.4292455967512332,0.3333333333333333,9,3,1965,1.5564085221158814,0.8236717405335994,0.010558889421518577,-0.07999360361993506,0.31736374133840073,0.7,0.3333333333333333,0.3333333333333333,0.16097934477495576,-0.0029131920339509065,0.324871881583866,blocks<5,1,-0.13386164383747176,0.13529944983367156,-0.42924559675123436,-1.3817866984310736,0.11083373705381305,0.076,0.6666666666666666,0.6666666666666666,-0.6762059659812037,-0.1257903412051406,-0.2177113581988254,-0.7933773636881121,0.2562822695986651,0.102,0.6666666666666666,0.6666666666666666,-0.40022621610030557,-0.014718532745324324
AL-4,Alaska,tfm,0.25,10,27.920371722395863,7.182512429202283,18.744304503195494,26.463678640069354,1.4566930823265072,-0.48380846286082346,0.3333333333333333,9,3,1965,1.2113211595473172,0.9396528917693855,1.456693082326506,-8.425578490661346,3.5489571591272444,0.976,0.3333333333333333,0.3333333333333333,-5.953349388861714,-11.459494373675094,-0.3792045909931166,blocks<5,1,0.5815425360309371,2.308574933635901,-0.48380846286082385,-0.8518886462980001,0.035470145595112815,0.082,1.0,0.8888888888888888,-0.6767889105341788,-0.2847494163247613,-0.333184563204604,-0.8601157706409376,-0.12313626241888898,0.044,1.0,0.8888888888888888,-0.5023619532637248,-0.1886150084388397
AL-4,Alaska,tfm,0.25,40,26.828117103707903,5.707853740378323,21.607921255046417,26.463678640069354,0.36443846363854804,0.016771425323257223,0.0,9,3,1965,1.3308487802036835,0.9841980200988311,0.3644384636385425,-4.73268649860974,1.6100950233369968,0.896,0.0,0.0,-3.089732637010792,-5.6439725699143,-0.46816806674492994,blocks<5,1,0.24860214482913462,0.4610448820610732,0.01677142532325367,-0.07646680041842539,0.3447305910519315,0.448,0.3333333333333333,0.5555555555555556,-0.07151617677326322,0.09834579903343903,0.019251107235608817,-0.05818834878951051,0.27664133463610724,0.43,0.6666666666666666,0.5555555555555556,-0.09771210970565401,0.14089929197280776
AL-4,Alaska,tfm,0.5,3,26.732346945650654,5.946658293378095,25.446252595725202,26.463678640069354,0.26866830558129706,-0.9093878953869022,0.1111111111111111,9,3,1965,1.5564085221158814,0.8236717405335994,0.2686683055812947,0.0029420760352524646,1.1522409930631465,0.014,0.0,0.1111111111111111,0.7485987036679944,0.2871490240816925,1.2100483832542988,blocks<5,1,0.1574097189285304,0.3789430348498143,-0.909387895386903,-2.7649681625224587,0.2138675115335739,0.076,0.6666666666666666,0.6666666666666666,-1.4872175910653562,-0.19082500729394802,-0.42788559049906044,-1.5702588776545916,0.534331221447759,0.102,0.6666666666666666,0.6666666666666666,-0.8494179024533102,0.044049976040301426
AL-4,Alaska,tfm,0.5,10,27.644139418167185,6.942226938283219,19.044741685954268,26.463678640069354,1.1804607780978307,-0.9126887964717246,0.3333333333333333,9,3,1965,1.2113211595473172,0.9396528917693855,1.1804607780978291,-7.815960530372988,3.1305640457504658,0.994,0.3333333333333333,0.3333333333333333,-5.652912206102937,-10.838989405816847,-0.4543065409852029,blocks<5,1,0.43561839365109284,1.9169988504073374,-0.9126887964717199,-1.8076309667860535,0.1726374004953383,0.098,0.6666666666666666,0.8888888888888888,-1.3955196094480686,-0.4129091020622308,-0.6242831930660783,-1.8545887553578322,-0.12594945785748127,0.044,0.6666666666666666,0.7777777777777778,-1.0248022928641973,-0.2535176606089435
AL-4,Alaska,tfm,0.5,40,26.686501842259002,5.92453414484384,21.705373012937436,26.463678640069354,0.22282320218964535,0.06006274193110528,0.2222222222222222,9,3,1965,1.3308487802036835,0.9841980200988311,0.22282320218964102,-4.693804053644821,1.4345578807018242,0.896,0.0,0.2222222222222222,-2.992280879119774,-5.297308492450067,-0.5776953388308014,blocks<5,1,0.055884050710207384,0.37172056144330196,0.060062741931101726,-0.12476094575172188,0.7174350691530794,0.348,0.3333333333333333,0.5555555555555556,-0.10015533543003056,0.20124615793173217,0.06568331528250937,-0.08296206755208264,0.5850674305581373,0.348,0.6666666666666666,0.5555555555555556,-0.15133021136444813,0.286848042166844
AL-5,Alaska,anchor,0.0,3,21.16485603482117,3.1692424013858327,15.885080746848352,21.863408557026,-0.6985525222048233,,0.6666666666666666,9,3,2037,1.5249976445327587,0.8177310321715399,-0.6985525222048233,-2.704824932854991,1.374284389988911,0.456,0.6666666666666666,0.6666666666666666,-1.3996637953426514,-2.7754150583735586,0.12102177224612112,,9,-2.196818906685558,1.0268550831451695,,,,,,,,,,,,,,,,
AL-5,Alaska,anchor,0.0,10,21.379407153360873,3.1079770682929637,15.952356442578857,21.863408557026,-0.4840014036651223,,0.7777777777777778,9,3,2037,1.5221563416993635,0.9373223800906921,-0.48400140366512545,-2.588574228781626,1.2167211386713066,0.524,0.6666666666666666,0.7777777777777778,-1.3323880996121449,-2.570397683418074,-0.04408721086324092,,9,-1.7139326425525385,0.9163983402475783,,,,,,,,,,,,,,,,
AL-5,Alaska,anchor,0.0,40,23.733561182155583,4.47653718573287,19.22608388115914,21.863408557026,1.8701526251295877,,0.3333333333333333,9,3,2037,1.660658173419227,0.9835576704617568,1.870152625129587,0.8636447592868673,2.7544311812885485,0.01,0.3333333333333333,0.3333333333333333,1.941339338968141,1.0415821969804864,2.68380989371317,,9,0.5496114896179024,3.135571604618745,,,,,,,,,,,,,,,,
AL-5,Alaska,cb,0.25,3,20.697876009366002,3.0113172573084617,15.437211458970488,21.863408557026,-1.1655325476599911,,0.6666666666666666,9,3,2037,1.5249976445327587,0.8177310321715399,-1.1655325476599927,-3.462372559218078,1.0428741300899576,0.266,0.6666666666666666,0.6666666666666666,-1.8475330832205141,-3.3002775041710932,-0.20425125648412296,,9,-2.6898355874547137,0.5511432292137174,,,,,,,,,,,,,,,,
AL-5,Alaska,cb,0.25,10,21.204104160550017,3.078236072416352,15.864643010872063,21.863408557026,-0.6593043964759823,,0.7777777777777778,9,3,2037,1.5221563416993635,0.9373223800906921,-0.6593043964759815,-2.8729705131942325,1.0750870931459182,0.418,0.6666666666666666,0.7777777777777778,-1.4201015313189391,-2.7465990322792657,-0.043138846164863805,,9,-1.995606395414661,0.8887168970278998,,,,,,,,,,,,,,,,
AL-5,Alaska,cb,0.25,40,23.575741120242256,4.553658307269727,19.30133940031284,21.863408557026,1.7123325632162587,,0.3333333333333333,9,3,2037,1.660658173419227,0.9835576704617568,1.7123325632162576,0.7442307277690927,2.6134421227109375,0.01,0.3333333333333333,0.3333333333333333,2.0165948581218403,1.062890195864564,2.8617989372786377,,9,0.3097985707814749,3.0843383261826687,,,,,,,,,,,,,,,,
AL-5,Alaska,cb,0.5,3,20.27224824852133,2.846207767660003,15.025449289118889,21.863408557026,-1.5911603085046684,,0.6666666666666666,9,3,2037,1.5249976445327587,0.8177310321715399,-1.5911603085046704,-4.139288547111722,0.782008308973588,0.18,0.6666666666666666,0.6666666666666666,-2.2592952530721138,-3.8418648737630314,-0.46703909948018046,,9,-3.2993741166988992,0.10748878698121982,,,,,,,,,,,,,,,,
AL-5,Alaska,cb,0.5,10,21.075093582722538,3.0556888622550966,15.793825254692889,21.863408557026,-0.7883149743034595,,0.7777777777777778,9,3,2037,1.5221563416993635,0.9373223800906921,-0.7883149743034595,-3.2411052059902126,1.0054610904468284,0.378,0.6666666666666666,0.7777777777777778,-1.490919287498113,-2.984086111317765,0.02524723255519288,,9,-2.2514575585092613,0.9219567174523985,,,,,,,,,,,,,,,,
AL-5,Alaska,cb,0.5,40,23.48476852368114,4.592300370344307,19.3929101143814,21.863408557026,1.6213599666551453,,0.3333333333333333,9,3,2037,1.660658173419227,0.9835576704617568,1.6213599666551464,0.624579319569174,2.675337031139909,0.008,0.3333333333333333,0.3333333333333333,2.108165572190399,0.9857541136231998,3.186723730676934,,9,0.17883032036339072,3.081485365785539,,,,,,,,,,,,,,,,
AL-5,Alaska,cbr,0.25,3,20.75564454754062,2.9959133188729345,15.507597277955464,21.863408557026,-1.107764009485378,,0.6666666666666666,9,3,2037,1.5249976445327587,0.8177310321715399,-1.107764009485378,-3.3372930470914466,1.1255791816226195,0.292,0.6666666666666666,0.6666666666666666,-1.7771472642355388,-3.252146274563002,-0.11651983151504688,,9,-2.603246092642517,0.588315334135473,,,,,,,,,,,,,,,,
AL-5,Alaska,cbr,0.25,10,21.11655146087115,3.0278794789201364,15.687729810669017,21.863408557026,-0.7468570961548449,,0.7777777777777778,9,3,2037,1.5221563416993635,0.9373223800906921,-0.7468570961548467,-3.0471424525323054,1.052383198588768,0.386,0.6666666666666666,0.7777777777777778,-1.5970147315219847,-2.9967529039450143,-0.13717446251242682,,9,-2.073350582925151,0.7844456556802951,,,,,,,,,,,,,,,,
AL-5,Alaska,cbr,0.25,40,23.535894337487854,4.445007823326936,19.36306259024562,21.863408557026,1.6724857804618583,,0.3333333333333333,9,3,2037,1.660658173419227,0.9835576704617568,1.6724857804618587,0.6876862346729669,2.624118360278336,0.01,0.3333333333333333,0.3333333333333333,2.0783180480546157,1.0882171209776472,2.9380883032325142,,9,0.370487438816066,2.9462428007050865,,,,,,,,,,,,,,,,
AL-5,Alaska,cbr,0.5,3,20.395714804375327,2.8095746117427143,15.199850536304451,21.863408557026,-1.4676937526506697,,0.6666666666666666,9,3,2037,1.5249976445327587,0.8177310321715399,-1.4676937526506701,-3.9272197859357356,0.8826290556152647,0.188,0.6666666666666666,0.6666666666666666,-2.0848940058865506,-3.645269332079888,-0.34605316081918536,,9,-3.1098311191016497,0.10859805676670134,,,,,,,,,,,,,,,,
AL-5,Alaska,cbr,0.5,10,20.903144905813107,2.9388512549494603,15.440554184668079,21.863408557026,-0.9602636512128859,,0.7777777777777778,9,3,2037,1.5221563416993635,0.9373223800906921,-0.9602636512128887,-3.50851522600915,1.011624808535325,0.328,0.6666666666666666,0.7777777777777778,-1.844190357522925,-3.4213235460937517,-0.19110346797706243,,9,-2.419044242486032,0.6663522458674812,,,,,,,,,,,,,,,,
AL-5,Alaska,cbr,0.5,40,23.39744234754797,4.38032135238567,19.517004090746088,21.863408557026,1.5340337905219736,,0.3333333333333333,9,3,2037,1.660658173419227,0.9835576704617568,1.5340337905219752,0.55228275886047,2.676249455541109,0.012,0.3333333333333333,0.3333333333333333,2.23225954855509,1.0501650296106928,3.3555047579130277,,9,0.29105607713747245,2.7678528912817977,,,,,,,,,,,,,,,,
AL-5,Alaska,tfm,0.25,3,21.399041062019666,3.378943204225537,16.21398568352617,21.863408557026,-0.46436749500632934,0.7011650526536618,0.6666666666666666,9,3,2037,1.5249976445327587,0.8177310321715399,-0.4643674950063321,-2.4008683407976523,1.475249521888748,0.584,0.6666666666666666,0.6666666666666666,-1.070758858664829,-2.3838454930007646,0.4258183244411884,,9,-2.102872457634733,1.281454648069495,0.7011650526536606,0.32294380253535193,1.1337041192714366,0.001,0.0,0.0,0.46252694076431927,0.9362059588112644,0.6433965144790458,0.27108818400138057,1.0115270959447074,0.001,0.0,0.0,0.4035682874406364,0.8671349274482065
AL-5,Alaska,tfm,0.25,10,21.5048408692478,3.1971096544095996,16.032026112542923,21.863408557026,-0.35856768777819664,0.3007367086977857,0.7777777777777778,9,3,2037,1.5221563416993635,0.9373223800906921,-0.3585676877782002,-2.5923753861246728,1.5054683948326373,0.63,0.6666666666666666,0.7777777777777778,-1.252718429648081,-2.5652731734844223,0.12649095973055813,,9,-1.7608280870620399,1.2360753514454061,0.3007367086977813,0.06343889514673172,0.528056887170388,0.022,0.0,0.0,0.19705701139612244,0.4280892456350553,0.3882894083766466,0.1260174438785807,0.6700794841936133,0.004,0.0,0.0,0.2728302273577513,0.529214863716312
AL-5,Alaska,tfm,0.25,40,23.69134690920023,4.394647883145249,19.321794444210695,21.863408557026,1.827938352174235,0.11560578895797609,0.3333333333333333,9,3,2037,1.660658173419227,0.9835576704617568,1.8279383521742336,0.8059841931083844,2.8170942196270334,0.008,0.3333333333333333,0.3333333333333333,2.0370499020196946,1.0567690960031788,2.8619874634517246,,9,0.44033443274386186,3.2644585086376763,0.11560578895797609,-0.1491023561863382,0.38284319680721096,0.344,0.3333333333333333,0.4444444444444444,-0.1356306639376864,0.40012043155979693,0.155452571712375,-0.14503091416980912,0.4496958298592209,0.308,0.3333333333333333,0.3333333333333333,-0.13090685536718302,0.4424078828323029
AL-5,Alaska,tfm,0.5,3,21.65312934486435,3.5846231583581436,16.56388401707399,21.863408557026,-0.21027921216164774,1.3808810963430207,0.6666666666666666,9,3,2037,1.5249976445327587,0.8177310321715399,-0.21027921216164933,-2.135954705312995,1.6136297389657386,0.774,0.6666666666666666,0.6666666666666666,-0.720860525117013,-2.0705298911259096,0.7006724420940066,,9,-1.9726755369459228,1.5758028291553534,1.3808810963430211,0.6291397929083712,2.255186620789362,0.001,0.0,0.0,0.8982127548773412,1.8610713236918919,1.2574145404890207,0.5181228068260071,2.030762070628865,0.001,0.0,0.1111111111111111,0.7663071136154729,1.721761466006446
AL-5,Alaska,tfm,0.5,10,21.64672434380252,3.3134551274068813,16.118488207832208,21.863408557026,-0.21668421322347264,0.5716307610799869,0.7777777777777778,9,3,2037,1.5221563416993635,0.9373223800906921,-0.21668421322347342,-2.5855422098442045,1.809303876135437,0.764,0.6666666666666666,0.7777777777777778,-1.1662563343587966,-2.6028357235603234,0.31468104209348363,,9,-1.789714994522695,1.583738967626932,0.5716307610799861,0.08486255757543115,1.0446223337793028,0.034,0.0,0.0,0.35569880847593577,0.83733519617748,0.7435794379894153,0.22162165507601556,1.320748068937697,0.006,0.0,0.0,0.5041624611766775,1.0373919470687936
AL-5,Alaska,tfm,0.5,40,23.67807226434194,4.347945279566204,19.426492074684973,21.863408557026,1.814663707315945,0.1933037406607999,0.3333333333333333,9,3,2037,1.660658173419227,0.9835576704617568,1.814663707315945,0.7038085400213285,3.010370672739982,0.01,0.3333333333333333,0.3333333333333333,2.1417475324939677,1.05476753732515,3.1451544373487277,,9,0.3959998184024858,3.4166126694997345,0.1933037406607987,-0.3370193859591483,0.7549354620719875,0.442,0.3333333333333333,0.4444444444444444,-0.29830956947769505,0.7577006519833085,0.28062991679396987,-0.3265048398534928,0.8856041874089983,0.374,0.3333333333333333,0.3333333333333333,-0.2882843489759135,0.8610635378163278
AL-6,Alaska,anchor,0.0,3,10.53588007202537,0.6054012928039438,9.09774490975635,10.405157703825365,0.13072236820000308,,0.2222222222222222,9,3,14208,1.49863583564633,0.7892814448150219,0.13072236820000427,-1.5640172195308821,1.5765403589465459,0.522,0.0,0.2222222222222222,-0.11814414862192486,-1.781970912127207,1.6428656299536362,blocks<5,1,0.05896022364295206,0.20497383469191416,,,,,,,,,,,,,,,,
AL-6,Alaska,anchor,0.0,10,10.664889359510003,1.1381622848957937,9.36211828659865,10.405157703825365,0.25973165568463663,,0.3333333333333333,9,3,14208,1.5608762975967214,0.9258465827887596,0.2597316556846507,-0.13858451820276713,0.7720911286989758,0.146,0.3333333333333333,0.3333333333333333,0.14622922822037202,-0.3199357983445109,0.6944907994243088,blocks<5,1,-0.08464787126722978,0.646904172887917,,,,,,,,,,,,,,,,
AL-6,Alaska,anchor,0.0,40,10.48931682383084,0.8611577329262047,9.213181378868386,10.405157703825365,0.08415912000547504,,0.3333333333333333,9,3,14208,1.5775507377128175,0.9803699174195822,0.08415912000548371,-0.05320959962260948,0.18046342319780573,0.19,0.3333333333333333,0.3333333333333333,-0.002707679509891333,-0.10199842814780481,0.13699697470074287,blocks<5,1,-0.11103736048237502,0.2661268972791062,,,,,,,,,,,,,,,,
AL-6,Alaska,cb,0.25,3,10.546363337680116,0.6078656711286895,9.308677355571659,10.405157703825365,0.14120563385475057,,0.1111111111111111,9,3,14208,1.49863583564633,0.7892814448150219,0.1412056338547559,-1.4207841318845498,1.63229024707708,0.426,0.0,0.1111111111111111,0.09278829719338126,-1.3288271766486597,1.6958496708053301,blocks<5,1,0.04378572027950488,0.2491427856457416,,,,,,,,,,,,,,,,
AL-6,Alaska,cb,0.25,10,11.274438230443376,1.3002962513688445,10.936719190444636,10.405157703825365,0.8692805266180113,,0.3333333333333333,9,3,14208,1.5608762975967214,0.9258465827887596,0.8692805266180214,0.43162299413791105,2.2569748249481147,0.001,0.3333333333333333,0.3333333333333333,1.7208301320663584,0.6096852287798469,2.8349369006319494,blocks<5,1,0.29202167016413516,1.5445009220013217,,,,,,,,,,,,,,,,
AL-6,Alaska,cb,0.25,40,10.730278514065477,0.8388081209858926,10.447647021688635,10.405157703825365,0.32512081024011014,,0.1111111111111111,9,3,14208,1.5775507377128175,0.9803699174195822,0.32512081024011624,0.23522633844157328,1.3435059174151875,0.001,0.0,0.1111111111111111,1.2317579633103588,0.6068930856115053,1.8900473745861759,blocks<5,1,0.125416967625166,0.5439971156703477,,,,,,,,,,,,,,,,
AL-6,Alaska,cb,0.5,3,10.72945182736553,0.5727999060000796,10.935891846652604,10.405157703825365,0.3242941235401646,,0.1111111111111111,9,3,14208,1.49863583564633,0.7892814448150219,0.32429412354017667,-0.8500096854913963,3.1489533883127563,0.17,0.0,0.1111111111111111,1.7200027882743278,-0.19159411327948997,3.786140797955228,blocks<5,1,0.15074159304716234,0.5135385827630172,,,,,,,,,,,,,,,,
AL-6,Alaska,cb,0.5,10,12.050886316643355,1.8956483236648043,12.547123087577619,10.405157703825365,1.6457286128179902,,0.2222222222222222,9,3,14208,1.5608762975967214,0.9258465827887596,1.6457286128179998,1.2120784834044311,4.498905523533074,0.001,0.0,0.2222222222222222,3.3312340291993436,1.2978408492908482,5.383346691090737,blocks<5,1,0.6040684907441876,2.8325833202937876,,,,,,,,,,,,,,,,
AL-6,Alaska,cb,0.5,40,11.025664593801952,0.8282159862219238,11.698331256526737,10.405157703825365,0.6205068899765858,,0.0,9,3,14208,1.5775507377128175,0.9803699174195822,0.6205068899765921,0.5048328715424942,2.9933003282097452,0.001,0.0,0.0,2.4824421981484606,1.1996122410533385,3.8614317515071055,blocks<5,1,0.3786318935893548,0.8930524058174071,,,,,,,,,,,,,,,,
AL-6,Alaska,cbr,0.25,3,10.518578012002056,0.6362668172085469,9.150846071613305,10.405157703825365,0.11342030817669072,,0.1111111111111111,9,3,14208,1.49863583564633,0.7892814448150219,0.11342030817669624,-1.3251339754170646,1.5867921784285703,0.44,0.0,0.1111111111111111,-0.06504298676497229,-1.4233964623096977,1.5310686629009458,blocks<5,1,0.06484802100721375,0.16355645827845386,,,,,,,,,,,,,,,,
AL-6,Alaska,cbr,0.25,10,11.027292396152893,1.2163482670080314,10.759062341016387,10.405157703825365,0.6221346923275264,,0.3333333333333333,9,3,14208,1.5608762975967214,0.9258465827887596,0.6221346923275325,0.2134581662924342,2.083625709091,0.02,0.3333333333333333,0.3333333333333333,1.5431732826381108,0.48510885650862695,2.5450137376492887,blocks<5,1,0.17256159577508062,1.1201749905296905,,,,,,,,,,,,,,,,
AL-6,Alaska,cbr,0.25,40,10.742960310998699,0.8188264545880314,10.425963077149902,10.405157703825365,0.33780260717333277,,0.2222222222222222,9,3,14208,1.5775507377128175,0.9803699174195822,0.33780260717334204,0.2331010801322521,1.3361396509710042,0.001,0.0,0.2222222222222222,1.2100740187716255,0.5907075057671722,1.865468409280073,blocks<5,1,0.13454414384348126,0.5478871841061164,,,,,,,,,,,,,,,,
AL-6,Alaska,cbr,0.5,3,10.622141302029913,0.6264294492892328,10.744268039872455,10.405157703825365,0.21698359820454727,,0.0,9,3,14208,1.49863583564633,0.7892814448150219,0.21698359820455634,-0.7118143691440324,2.509328219467749,0.162,0.0,0.0,1.5283789814941773,-0.21936995505531276,3.3041689614962473,blocks<5,1,0.1465309305705546,0.29586365600289577,,,,,,,,,,,,,,,,
AL-6,Alaska,cbr,0.5,10,11.455345049416081,1.3814804670041132,12.176190751879009,10.405157703825365,1.0501873455907154,,0.3333333333333333,9,3,14208,1.5608762975967214,0.9258465827887596,1.050187345590724,0.6296526199023357,4.03402626746539,0.001,0.3333333333333333,0.3333333333333333,2.9603016935007322,1.1504853354929214,4.716600600686604,blocks<5,1,0.43767908166560415,1.7444749741611276,,,,,,,,,,,,,,,,
AL-6,Alaska,cbr,0.5,40,11.049204048465638,0.7888063788663294,11.65346239635056,10.405157703825365,0.6440463446402726,,0.0,9,3,14208,1.5775507377128175,0.9803699174195822,0.6440463446402814,0.5295233961028315,2.956910225264227,0.001,0.0,0.0,2.4375733379722853,1.1598013263493452,3.7732790756372725,blocks<5,1,0.41062364473389523,0.9256085237610878,,,,,,,,,,,,,,,,
AL-6,Alaska,tfm,0.25,3,10.49155745286728,0.6111513836489109,8.616465331816345,10.405157703825365,0.08639974904191444,-0.05480588481283613,0.1111111111111111,9,3,14208,1.49863583564633,0.7892814448150219,0.08639974904192431,-1.2663196599074313,1.1117763519764747,0.606,0.0,0.1111111111111111,-0.599423726561931,-1.8491133464267415,0.7858959237817946,blocks<5,1,0.046705758744286216,0.12647035177212698,-0.054805884812831586,-0.9024241694318509,0.25760412351763157,0.166,0.6666666666666666,0.5555555555555556,-0.1845350396256865,0.06281533425601762,-0.027020559134771933,-0.7680170672490708,0.17816701825082237,0.116,0.6666666666666666,0.5555555555555556,-0.09546401166040515,0.034005006900281846
AL-6,Alaska,tfm,0.25,10,10.745078620295365,1.0149200489339825,10.056489757236891,10.405157703825365,0.33992091646999767,-0.5293596101480136,0.3333333333333333,9,3,14208,1.5608762975967214,0.9258465827887596,0.33992091647000616,0.12875901573240325,1.2521029016044676,0.02,0.3333333333333333,0.3333333333333333,0.8406006988586142,0.07900477042920867,1.4600122453329902,blocks<5,1,0.01406896430846278,0.7108152527029363,-0.5293596101480151,-1.2676208500512596,-0.16066977828289242,0.014,1.0,1.0,-0.8568283983288079,-0.23214892485642963,-0.2822137758575263,-1.0328422932105699,-0.006316298256450198,0.05,1.0,0.8888888888888888,-0.4268867444108067,-0.13714551210450757
AL-6,Alaska,tfm,0.25,40,10.573027031878519,0.7188393286522576,9.94969660881905,10.405157703825365,0.16786932805315344,-0.15725148218695673,0.4444444444444444,9,3,14208,1.5775507377128175,0.9803699174195822,0.16786932805316349,0.07663076499990774,0.8234135055150194,0.014,0.0,0.4444444444444444,0.7338075504407732,0.2388700751265122,1.181956628685184,blocks<5,1,-0.06280895584142801,0.43480595536443173,-0.15725148218695276,-0.7978150308658343,0.07489484959573216,0.124,0.6666666666666666,0.7777777777777778,-0.3098528974953948,0.03243855353879421,-0.16993327912017855,-0.8029214019190813,0.14512140694543982,0.142,0.6666666666666666,0.7777777777777778,-0.3067300408741888,0.0015761252525791497
AL-6,Alaska,tfm,0.5,3,10.470628652495423,0.6340555233777342,8.951926049042333,10.405157703825365,0.06547094867005596,-0.2588231748701087,0.1111111111111111,9,3,14208,1.49863583564633,0.7892814448150219,0.06547094867006582,-0.9680417620323923,0.8661245367197896,0.588,0.0,0.1111111111111111,-0.2639630093359446,-1.149861084832156,0.710113013098195,blocks<5,1,0.034677185479417325,0.09659786154849534,-0.25882317487011086,-2.9005975618497555,0.24096961672641887,0.092,1.0,0.8888888888888888,-0.4572587177936739,-0.08052161988863955,-0.1515126495344905,-2.352533154901911,0.037685961504843206,0.054,1.0,0.7777777777777778,-0.2522538010582289,-0.059582468048720576
AL-6,Alaska,tfm,0.5,10,10.886438966815241,0.9249875114471321,10.768420953135676,10.405157703825365,0.48128126298987556,-1.1644473498281147,0.2222222222222222,9,3,14208,1.5608762975967214,0.9258465827887596,0.4812812629898862,0.42527177605099614,2.160620652509468,0.008,0.3333333333333333,0.2222222222222222,1.552531894757399,0.18567361800137144,2.6054930281074467,blocks<5,1,0.11161276136409547,0.9135916702499524,-1.1644473498281134,-2.7615089359023197,-0.5081933960814073,0.01,1.0,0.8888888888888888,-1.9255851655654395,-0.4596036217519321,-0.5689060826008377,-2.134138973824694,-0.09933929083606718,0.038,0.6666666666666666,0.8888888888888888,-0.8865410848464247,-0.22555856598932394
AL-6,Alaska,tfm,0.5,40,10.74368400586408,0.6954065248760605,10.725741363628659,10.405157703825365,0.3385263020387157,-0.28198058793787006,0.2222222222222222,9,3,14208,1.5775507377128175,0.9803699174195822,0.33852630203871864,0.1417862918361303,1.8488987250059532,0.008,0.3333333333333333,0.2222222222222222,1.5098523052503812,0.44507556644251295,2.5017358468268602,blocks<5,1,-0.025572888445378764,0.7513151253670722,-0.2819805879378734,-1.6641825810021995,0.16595451930839974,0.108,0.6666666666666666,0.7777777777777778,-0.5885216939849905,0.12181334328966723,-0.30552004260156274,-1.6405918806133764,0.23572877011946883,0.138,0.6666666666666666,0.7777777777777778,-0.5859101441827274,0.04843163076109897
CA-2,Canada,anchor,0.0,3,23.654728417530286,9.336049413995323,17.912785302354493,21.163937645566143,2.4907907719641456,,0.3333333333333333,9,3,1767,1.5164346480540998,0.8034568416462433,2.4907907719641535,1.026687306207939,2.863021387273312,0.01,0.0,0.3333333333333333,2.5810739196856325,0.010413795982243398,5.49105804319529,blocks<5,2,-0.8638602417462964,7.6291877848296155,,,,,,,,,,,,,,,,
CA-2,Canada,anchor,0.0,10,19.86599266480709,4.372210323677467,15.638016929406701,21.163937645566143,-1.2979449807590515,,0.5555555555555556,9,3,1767,1.5584517411396697,0.9316308041075,-1.2979449807590477,-1.4444967811158256,1.115344718173661,0.548,0.6666666666666666,0.5555555555555556,0.3063055467378426,-1.2973124212045546,1.955289780584253,blocks<5,2,-3.3981959683962346,0.7546175123601226,,,,,,,,,,,,,,,,
CA-2,Canada,anchor,0.0,40,17.006556755862604,3.0808971943897845,15.042599297532607,21.163937645566143,-4.1573808897035365,,1.0,9,3,1767,1.3473842078301768,0.981983890855378,-4.157380889703535,-4.890493371251194,0.8018251893493602,0.21,1.0,1.0,-0.2891120851362518,-3.79591626047749,3.544693171986159,blocks<5,2,-5.26804573533946,-2.923760270768051,,,,,,,,,,,,,,,,
CA-2,Canada,cb,0.25,3,22.975445095726077,8.318339301463203,17.70550840021324,21.163937645566143,1.8115074501599326,,0.6666666666666666,9,3,1767,1.5164346480540998,0.8034568416462433,1.8115074501599324,1.0704954672708655,2.2042734012791407,0.01,0.3333333333333333,0.6666666666666666,2.3737970175443803,-0.07605161035710618,5.044457342100729,blocks<5,2,-1.5816178158981737,6.688984495020243,,,,,,,,,,,,,,,,
CA-2,Canada,cb,0.25,10,19.00591979751638,4.033204777069215,15.227736518391383,21.163937645566143,-2.158017848049762,,0.6666666666666666,9,3,1767,1.5584517411396697,0.9316308041075,-2.15801784804976,-2.4340015321518305,1.2321163716264258,0.52,0.6666666666666666,0.6666666666666666,-0.10397486427747715,-1.947244719381438,1.760422406676283,blocks<5,2,-4.742726457095702,0.6191619355760893,,,,,,,,,,,,,,,,
CA-2,Canada,cb,0.25,40,16.802917231441945,2.843183925921373,15.489102819840063,21.163937645566143,-4.3610204141242,,1.0,9,3,1767,1.3473842078301768,0.981983890855378,-4.361020414124201,-4.987383940226361,2.3088400331719003,0.384,1.0,1.0,0.1573914371712052,-3.702214300493183,4.312478409769602,blocks<5,2,-5.8901339622555335,-2.8800274575977665,,,,,,,,,,,,,,,,
CA-2,Canada,cb,0.5,3,22.3988938549241,7.446388929070608,17.597554889739296,21.163937645566143,1.2349562093579576,,0.6666666666666666,9,3,1767,1.5164346480540998,0.8034568416462433,1.2349562093579578,0.5743219681621105,2.3216880001110756,0.014,0.3333333333333333,0.6666666666666666,2.2658435070704357,-0.18400479494027228,4.924968817510299,blocks<5,2,-2.6480289330114184,6.070748723438563,,,,,,,,,,,,,,,,
CA-2,Canada,cb,0.5,10,18.391234867562176,4.711900616128057,14.994617944946693,21.163937645566143,-2.7727027780039646,,0.8888888888888888,9,3,1767,1.5584517411396697,0.9316308041075,-2.77270277800396,-3.2039639171887835,1.5414679969582181,0.472,0.6666666666666666,0.8888888888888888,-0.3370934377221661,-2.4407072465540267,1.8073218313813018,blocks<5,2,-6.007158748222729,1.070551781016843,,,,,,,,,,,,,,,,
CA-2,Canada,cb,0.5,40,18.59125166869475,2.2803430994145253,17.479363231048964,21.163937645566143,-2.5726859768713926,,0.5555555555555556,9,3,1767,1.3473842078301768,0.981983890855378,-2.5726859768713903,-4.119022386102403,6.448517229414342,0.92,0.6666666666666666,0.5555555555555556,2.147651848380104,-2.238327502680783,6.360787233723086,blocks<5,2,-5.64081247023088,0.496646916608339,,,,,,,,,,,,,,,,
CA-2,Canada,cbr,0.25,3,22.92341247003053,8.350679192527833,17.75754189335216,21.163937645566143,1.7594748244643883,,0.6666666666666666,9,3,1767,1.5164346480540998,0.8034568416462433,1.7594748244643892,1.0757007652479509,2.130703672192936,0.01,0.3333333333333333,0.6666666666666666,2.4258305106832982,0.10054866283657275,5.053900000982179,blocks<5,2,-1.647415980717266,6.592603495590375,,,,,,,,,,,,,,,,
CA-2,Canada,cbr,0.25,10,18.972848474402465,3.870733177841823,15.18109454204866,21.163937645566143,-2.1910891711636777,,0.6666666666666666,9,3,1767,1.5584517411396697,0.9316308041075,-2.191089171163677,-2.448370088982758,1.1746144595758394,0.52,0.6666666666666666,0.6666666666666666,-0.150616840620201,-1.9990577446923872,1.7075438463052908,blocks<5,2,-4.756403044475524,0.49282218516796533,,,,,,,,,,,,,,,,
CA-2,Canada,cbr,0.25,40,16.6287535909199,2.803474892113427,15.286452321626939,21.163937645566143,-4.535184054646243,,1.0,9,3,1767,1.3473842078301768,0.981983890855378,-4.535184054646244,-5.1515004675499565,1.9872811558630588,0.334,1.0,1.0,-0.045259061041921456,-3.898336068605261,4.062337832265456,blocks<5,2,-6.041517489865645,-3.053431128484484,,,,,,,,,,,,,,,,
CA-2,Canada,cbr,0.5,3,22.282031312468835,7.453647546865966,17.68175915897645,21.163937645566143,1.1180936669026904,,0.6666666666666666,9,3,1767,1.5164346480540998,0.8034568416462433,1.1180936669026942,0.5391012399577586,2.2051829536300858,0.008,0.3333333333333333,0.6666666666666666,2.350047776307591,0.062298995856531994,4.987314261669025,blocks<5,2,-2.520113503198972,5.830744062980005,,,,,,,,,,,,,,,,
CA-2,Canada,cbr,0.5,10,18.295725943538894,4.394220960396804,14.88230131490445,21.163937645566143,-2.8682117020272506,,0.7777777777777778,9,3,1767,1.5584517411396697,0.9316308041075,-2.8682117020272524,-3.243802339556149,1.4236879090125356,0.442,0.6666666666666666,0.7777777777777778,-0.4494100677644101,-2.5787432444518017,1.6945203332057368,blocks<5,2,-6.137116441388478,0.9399039296551707,,,,,,,,,,,,,,,,
CA-2,Canada,cbr,0.5,40,18.18378450232649,2.0440460865033487,17.03753606101558,21.163937645566143,-2.9801531432396544,,0.6666666666666666,9,3,1767,1.3473842078301768,0.981983890855378,-2.9801531432396513,-4.378074979266398,5.686418681958252,0.888,0.6666666666666666,0.6666666666666666,1.7058246783467184,-2.578862756129226,5.855601823164515,blocks<5,2,-5.966563281207349,0.04382268815097183,,,,,,,,,,,,,,,,
CA-2,Canada,tfm,0.25,3,23.59470509819242,9.115697835899017,17.898679543605958,21.163937645566143,2.430767452626279,0.6192600024663462,0.3333333333333333,9,3,1767,1.5164346480540998,0.8034568416462433,2.430767452626282,1.0833500895071935,2.829931485679956,0.016,0.0,0.3333333333333333,2.5669681609371007,-0.14243809697428073,5.458648464609312,blocks<5,2,-0.5540109023277852,7.202922479242828,0.6192600024663495,-0.027714761782101947,0.6569717891483441,0.096,0.3333333333333333,0.3333333333333333,-0.48189947616961293,1.6702283856764248,0.6712926281618928,-0.05505187939139755,0.721736173695073,0.102,0.3333333333333333,0.3333333333333333,-0.3219528360275117,1.6304347555479732
CA-2,Canada,tfm,0.25,10,19.06969225775525,3.362835847943136,15.256558249021461,21.163937645566143,-2.0942453878108918,0.06377246023887019,0.5555555555555556,9,3,1767,1.5584517411396697,0.9316308041075,-2.0942453878108904,-2.4873996070481064,1.5087228460327458,0.49,0.6666666666666666,0.5555555555555556,-0.07515313364739622,-1.9042647493950402,1.7374386527414867,blocks<5,2,-4.58709233111435,0.34828908292631394,0.0637724602388694,-0.14817299189698002,0.4285222233920107,0.558,0.6666666666666666,0.4444444444444444,-0.9541033541076727,1.0196072688693723,0.09684378335278628,-0.13775776257818587,0.5011177202669995,0.408,0.3333333333333333,0.3333333333333333,-0.8170469914705442,0.9078013898992622
CA-2,Canada,tfm,0.25,40,16.312593805536864,2.930494564388555,14.353744878798153,21.163937645566143,-4.85134384002928,-0.49032342590507977,1.0,9,3,1767,1.3473842078301768,0.981983890855378,-4.851343840029279,-5.475890471087118,0.3218545199073266,0.14,1.0,1.0,-0.977966503870706,-4.519385654315056,2.738650522171883,blocks<5,2,-6.211962603185952,-3.5685349033805287,-0.490323425905079,-2.207279247011727,0.023300603886058507,0.062,1.0,0.7777777777777778,-0.9659566081115692,-0.13853990844079414,-0.3161597853830352,-1.883051869699021,0.1419499348626013,0.166,0.6666666666666666,0.6666666666666666,-0.7195072420306435,0.00837594722487435
CA-2,Canada,tfm,0.5,3,23.565815158415198,8.909576735685564,17.964170909965652,21.163937645566143,2.401877512849054,1.1669213034910966,0.3333333333333333,9,3,1767,1.5164346480540998,0.8034568416462433,2.401877512849056,1.2504560504117495,2.97216565089665,0.016,0.3333333333333333,0.3333333333333333,2.632459527296794,-0.19022365334547178,5.535986044799636,blocks<5,2,-0.28988038443523245,6.799326803102742,1.1669213034910981,-0.04579037327631396,1.2345593555865146,0.08,0.3333333333333333,0.3333333333333333,-1.0648302525359896,3.2807223647782227,1.2837838459463615,-0.05035871808453474,1.3818367980618331,0.062,0.3333333333333333,0.3333333333333333,-0.7017179686869146,3.2189396218308097
CA-2,Canada,tfm,0.5,10,18.40042445886742,2.6562656867479175,14.986897734610896,21.163937645566143,-2.7635131866987255,0.009189591305239454,0.6666666666666666,9,3,1767,1.5584517411396697,0.9316308041075,-2.7635131866987233,-3.447518662316797,1.9212701228185796,0.346,0.6666666666666666,0.6666666666666666,-0.3448136480579637,-2.442185515578249,1.7401228740434525,blocks<5,2,-5.703208608999571,0.137626080348828,0.009189591305236888,-0.4094751285357162,0.7050222835669044,0.912,0.6666666666666666,0.4444444444444444,-2.0726935321841693,1.9244337761134234,0.10469851532852914,-0.3538521089807554,0.8687651758356251,0.636,0.3333333333333333,0.3333333333333333,-1.8021304812785162,1.7505466078642566
CA-2,Canada,tfm,0.5,40,16.104958877117845,2.6051711880252464,14.041330732217924,21.163937645566143,-5.058978768448298,-2.486292791576905,1.0,9,3,1767,1.3473842078301768,0.981983890855378,-5.058978768448296,-5.403044327111812,0.22463294848535575,0.18,1.0,1.0,-1.2903806504509348,-4.73435955994498,2.2984532665225283,blocks<5,2,-6.884084779337676,-3.285982347915552,-2.486292791576906,-6.29602283189206,-1.1279073590578774,0.002,1.0,0.7777777777777778,-4.097561582586593,-1.0681468246529056,-2.0788256252086446,-5.547044126985426,-0.8939336789001063,0.002,0.6666666666666666,0.8888888888888888,-3.6107551943335707,-0.7182424182964547
CA-3,Canada,anchor,0.0,3,46.410560499290824,21.38005829733571,44.35181831773231,22.919796764808307,23.490763734482513,,0.0,9,3,1413,2.3971970605947277,0.8408890216880855,23.490763734482513,20.374901507247195,27.64085085872544,0.001,0.0,0.0,26.036160314376335,21.607350832230477,30.0191718366306,blocks<5,3,10.408812998676407,36.572714470288616,,,,,,,,,,,,,,,,
CA-3,Canada,anchor,0.0,10,27.985411149976933,4.553321050994148,25.353765083734157,22.919796764808307,5.065614385168625,,0.3333333333333333,9,3,1413,1.9409045781279244,0.9462839356180063,5.065614385168626,2.781383015974736,7.866321483158957,0.001,0.3333333333333333,0.3333333333333333,7.038107080378183,3.850434459315901,9.833578671853093,blocks<5,3,2.527945118471451,7.4085151211839735,,,,,,,,,,,,,,,,
CA-3,Canada,anchor,0.0,40,23.487872908240277,0.7408687272964938,19.8582716436671,22.919796764808307,0.5680761434319714,,0.1111111111111111,9,3,1413,1.7499873994667894,0.9860072576164344,0.5680761434319711,-0.49641456174590337,1.8127472346737057,0.234,0.0,0.1111111111111111,1.542613640311129,-0.04055771698166431,3.0609118598236327,blocks<5,3,0.30087753655641325,0.8394918430519042,,,,,,,,,,,,,,,,
CA-3,Canada,cb,0.25,3,45.656831528273614,20.98556280036861,43.69007735419891,22.919796764808307,22.737034763465303,,0.1111111111111111,9,3,1413,2.3971970605947277,0.8408890216880855,22.737034763465306,19.82269572116689,26.906138086622903,0.001,0.0,0.1111111111111111,25.37441935084294,20.9881770732134,29.328434525736533,blocks<5,3,9.921851410668646,35.649859762448564,,,,,,,,,,,,,,,,
CA-3,Canada,cb,0.25,10,27.487253458848084,4.203554174434803,24.882433836596416,22.919796764808307,4.567456694039776,,0.3333333333333333,9,3,1413,1.9409045781279244,0.9462839356180063,4.567456694039776,2.5528569123079894,7.039412641966408,0.002,0.3333333333333333,0.3333333333333333,6.5667758332404444,3.625698007876454,9.177275210322446,blocks<5,3,2.233736998629238,6.720022149457099,,,,,,,,,,,,,,,,
CA-3,Canada,cb,0.25,40,23.238754556266557,0.81592571171878,19.569495040100357,22.919796764808307,0.31895779145825087,,0.3333333333333333,9,3,1413,1.7499873994667894,0.9860072576164344,0.3189577914582517,-0.7325771859389619,1.3931849176909352,0.484,0.3333333333333333,0.3333333333333333,1.2538370367443843,-0.2671805568439157,2.7314816134877202,blocks<5,3,-0.030336190405512744,0.6741533114509853,,,,,,,,,,,,,,,,
CA-3,Canada,cb,0.5,3,45.00858247686771,20.525303147463383,43.10903022323849,22.919796764808307,22.0887857120594,,0.3333333333333333,9,3,1413,2.3971970605947277,0.8408890216880855,22.088785712059405,19.098528326599656,26.485861267569366,0.001,0.3333333333333333,0.3333333333333333,24.793372219882517,20.182092327646572,28.695603542918626,blocks<5,3,9.591433032978031,34.78046737193249,,,,,,,,,,,,,,,,
CA-3,Canada,cb,0.5,10,27.116872606485117,4.122017342903775,24.487155680233794,22.919796764808307,4.19707584167681,,0.3333333333333333,9,3,1413,1.9409045781279244,0.9462839356180063,4.197075841676813,2.4154761977017154,6.214192165112793,0.001,0.3333333333333333,0.3333333333333333,6.171497676877823,3.5774098654942876,8.618592401302617,blocks<5,3,1.818774354094404,6.594467394844676,,,,,,,,,,,,,,,,
CA-3,Canada,cb,0.5,40,23.095749687655104,0.9072696131900536,19.328881229043546,22.919796764808307,0.17595292284679687,,0.4444444444444444,9,3,1413,1.7499873994667894,0.9860072576164344,0.1759529228467933,-0.9350284899893023,1.1835320657859048,0.8,0.6666666666666666,0.4444444444444444,1.013223225687571,-0.5247424794351604,2.526348660313447,blocks<5,3,-0.24594005118375883,0.6187555814837438,,,,,,,,,,,,,,,,
CA-3,Canada,cbr,0.25,3,45.47388337544934,20.963904483628802,43.527105701168836,22.919796764808307,22.554086610641036,,0.0,9,3,1413,2.3971970605947277,0.8408890216880855,22.554086610641026,19.558845268789003,26.777738624820085,0.001,0.0,0.0,25.21144769781286,20.63611931804429,29.299139349844783,blocks<5,3,9.835249051901945,35.27922563389548,,,,,,,,,,,,,,,,
CA-3,Canada,cbr,0.25,10,27.486512663346005,4.181338679267171,24.878491947176922,22.919796764808307,4.566715898537698,,0.3333333333333333,9,3,1413,1.9409045781279244,0.9462839356180063,4.566715898537695,2.443395746027286,6.9630769584385845,0.002,0.3333333333333333,0.3333333333333333,6.562833943820952,3.656797776879335,9.221061984250849,blocks<5,3,2.1955163789132817,6.7150651833295605,,,,,,,,,,,,,,,,
CA-3,Canada,cbr,0.25,40,23.166002635452113,0.7270966001404688,19.549501525914817,22.919796764808307,0.24620587064380692,,0.3333333333333333,9,3,1413,1.7499873994667894,0.9860072576164344,0.24620587064380692,-0.7314700554813481,1.2467110957853298,0.568,0.3333333333333333,0.3333333333333333,1.2338435225588462,-0.21338206161807036,2.6217611709521766,blocks<5,3,-0.03363534736671497,0.5523098484179786,,,,,,,,,,,,,,,,
CA-3,Canada,cbr,0.5,3,44.60186805927122,20.531607226810934,42.806072699190864,22.919796764808307,21.682071294462915,,0.3333333333333333,9,3,1413,2.3971970605947277,0.8408890216880855,21.682071294462904,18.43253078843576,26.238078320391438,0.001,0.3333333333333333,0.3333333333333333,24.490414695834886,19.569347415862342,28.665122049459008,blocks<5,3,9.336631333303316,34.035528646477445,,,,,,,,,,,,,,,,
CA-3,Canada,cbr,0.5,10,27.105780727858402,4.020116921006004,24.471026845186717,22.919796764808307,4.185983963050093,,0.3333333333333333,9,3,1413,1.9409045781279244,0.9462839356180063,4.185983963050091,2.2932003916983295,6.098374530810426,0.001,0.3333333333333333,0.3333333333333333,6.155368841830743,3.4913399825230362,8.681473652382,blocks<5,3,1.8920777384252736,6.442020913205851,,,,,,,,,,,,,,,,
CA-3,Canada,cbr,0.5,40,22.965121515892477,0.732449503223314,19.29959454434224,22.919796764808307,0.04532475108417068,,0.6666666666666666,9,3,1413,1.7499873994667894,0.9860072576164344,0.04532475108416989,-0.9385887629793204,0.9532668121351772,0.988,0.6666666666666666,0.6666666666666666,0.9839365409862714,-0.37649228251274247,2.380344920916738,blocks<5,3,-0.25180288868425804,0.3903190469051761,,,,,,,,,,,,,,,,
CA-3,Canada,tfm,0.25,3,46.05458389409144,21.08623898199289,44.164557729492934,22.919796764808307,23.13478712928313,0.3977523658178228,0.0,9,3,1413,2.3971970605947277,0.8408890216880855,23.134787129283126,20.091335687375096,27.26158870027416,0.001,0.0,0.0,25.84889972613696,21.352759167105877,29.891940929412147,blocks<5,3,10.155960166328178,36.13520831462648,0.39775236581782164,0.13833747289837225,0.5929167054216304,0.001,0.0,0.2222222222222222,0.1041772694486753,0.6761860450991773,0.5807005186420966,0.3414283686169724,0.7346184062332036,0.001,0.3333333333333333,0.4444444444444444,0.1566445915862248,1.0313247561575933
CA-3,Canada,tfm,0.25,10,27.074028020256453,3.8516825767723986,24.591830391555284,22.919796764808307,4.154231255448148,-0.413225438591628,0.3333333333333333,9,3,1413,1.9409045781279244,0.9462839356180063,4.154231255448149,2.057446152808026,6.3471423096738695,0.004,0.3333333333333333,0.3333333333333333,6.276172388199311,3.3539022109349577,8.927345203086166,blocks<5,3,2.063371830685854,6.141511051247654,-0.41322543859162647,-0.8541983673667267,-0.12401135767677124,0.008,0.6666666666666666,0.6666666666666666,-0.7148822976249519,-0.11915289359347774,-0.4124846430895464,-0.8121893100298985,-0.08353720347806062,0.016,0.6666666666666666,0.6666666666666666,-0.6859228250170158,-0.1404401712652491
CA-3,Canada,tfm,0.25,40,23.453109016587014,0.771203589154949,19.735135654472447,22.919796764808307,0.5333122517787068,0.21435446032045588,0.2222222222222222,9,3,1413,1.7499873994667894,0.9860072576164344,0.5333122517787044,-0.5531130155497569,1.4881037119539682,0.3,0.0,0.2222222222222222,1.4194776511164768,-0.09950066712464077,2.8990349934041,blocks<5,3,0.2249997139282924,0.8480895069817306,0.21435446032045272,-0.07189269295501746,0.3876218871956719,0.08,0.0,0.0,0.13666244998627688,0.2953456571407565,0.2871063811348975,0.03186942589943127,0.47134920515501255,0.038,0.0,0.0,0.20295294803055872,0.3668357494582128
CA-3,Canada,tfm,0.5,3,45.81959725316962,20.71779847996371,44.048962397918594,22.919796764808307,22.899800488361315,0.8110147763019104,0.3333333333333333,9,3,1413,2.3971970605947277,0.8408890216880855,22.89980048836132,19.662364238026978,27.281651929343063,0.001,0.3333333333333333,0.3333333333333333,25.733304394562623,20.969741995010242,29.857331784942456,blocks<5,3,10.087705340966487,35.75612477144401,0.8110147763019183,0.3001523421574279,1.2224458720319267,0.001,0.0,0.2222222222222222,0.23801695000955322,1.3786021367106795,1.2177291938984116,0.7406717750616229,1.5384122587860092,0.001,0.0,0.2222222222222222,0.39407260227064983,2.1095531302099215
CA-3,Canada,tfm,0.5,10,26.376488590497686,3.454518901702886,24.02154902806078,22.919796764808307,3.456691825689381,-0.7403840159874286,0.1111111111111111,9,3,1413,1.9409045781279244,0.9462839356180063,3.4566918256893757,1.6340417128727123,5.282771762721597,0.002,0.3333333333333333,0.1111111111111111,5.705891024704809,3.007550259739013,8.319758250138465,blocks<5,3,1.5837859928585838,5.4641622221228765,-0.7403840159874365,-1.5537840729166845,-0.11350753552272361,0.024,0.6666666666666666,0.6666666666666666,-1.3444192878566108,-0.17790458584851404,-0.7292921373607145,-1.4960092654180925,-0.0032942092246707718,0.048,0.6666666666666666,0.6666666666666666,-1.2792191807284299,-0.19832609263687756
CA-3,Canada,tfm,0.5,40,23.51697847693263,0.8012981918483482,19.67376729567554,22.919796764808307,0.5971817121243213,0.4212287892775244,0.1111111111111111,9,3,1413,1.7499873994667894,0.9860072576164344,0.59718171212432,-0.5964905943419879,1.4903704904406738,0.306,0.0,0.1111111111111111,1.358109292319566,-0.13990312642892083,2.9500206785560974,blocks<5,3,0.24918108611584452,0.9669265897900273,0.42122878927752677,-0.1334480216830954,0.7316572417513788,0.068,0.0,0.0,0.30035478916358016,0.5442697683875428,0.5518569610401501,0.07758727953730028,0.8721588727475386,0.036,0.0,0.0,0.40053312901713495,0.7023703064549531
Canada,Canada,anchor,0.0,3,30.96126250059503,3.1902382665579045,22.81926111796917,29.97874213090587,0.9825203696891577,,0.5555555555555556,9,3,3456,1.5547848766111976,0.830954567230714,0.982520369689162,-0.5980603054842408,2.316789085173551,0.276,0.3333333333333333,0.5555555555555556,0.841953678407935,-0.02203384829974093,1.6571693347894538,,12,-0.23233759013764965,2.1973783295159643,,,,,,,,,,,,,,,,
Canada,Canada,anchor,0.0,10,33.45041132589823,4.701145433790724,25.05845168249825,29.97874213090587,3.471669194992361,,0.3333333333333333,9,3,3456,1.5590443158078477,0.9424799147799495,3.4716691949923586,-0.14714958436199002,6.498965955992847,0.062,0.0,0.3333333333333333,3.0811442429370146,1.607373503934537,4.563964019564585,,12,0.5692798930621302,7.101595436812261,,,,,,,,,,,,,,,,
Canada,Canada,anchor,0.0,40,32.732336991815465,0.6418817793522235,25.162967615958124,29.97874213090587,2.7535948609095957,,0.0,9,3,3456,1.4214208013664158,0.9849716549280461,2.7535948609095975,0.12861265828132845,4.363749698748612,0.038,0.0,0.0,3.1856601763968855,2.094086464507606,4.199950518986879,,12,1.6841093955798114,3.7334365610244897,,,,,,,,,,,,,,,,
Canada,Canada,cb,0.25,3,30.012960391536087,3.334757509057938,21.708671397003087,29.97874213090587,0.03421826063021211,,0.5555555555555556,9,3,3456,1.5547848766111976,0.830954567230714,0.03421826063020935,-1.6371379605839151,1.498191320063295,0.98,0.3333333333333333,0.5555555555555556,-0.26863604255815093,-1.236420483856778,0.6488339638962114,,12,-1.2333126655272877,1.2808583516485625,,,,,,,,,,,,,,,,
Canada,Canada,cb,0.25,10,32.990753468293896,5.329788363544423,24.074407116655337,29.97874213090587,3.0120113373880275,,0.4444444444444444,9,3,3456,1.5590443158078477,0.9424799147799495,3.0120113373880257,-0.6424148669979373,5.845305132696013,0.11,0.3333333333333333,0.4444444444444444,2.0970996770940977,0.5112796814171446,3.673314079218804,,12,-0.24827961127406786,7.198407667871619,,,,,,,,,,,,,,,,
Canada,Canada,cb,0.25,40,32.12968207721733,0.7318827105124954,24.00564581878325,29.97874213090587,2.150939946311464,,0.1111111111111111,9,3,3456,1.4214208013664158,0.9849716549280461,2.1509399463114653,-0.4308411801218664,3.6860940152396156,0.11,0.0,0.1111111111111111,2.028338379222012,0.9612042912635472,3.088709205483119,,12,1.022253027169689,3.18424767235303,,,,,,,,,,,,,,,,
Canada,Canada,cb,0.5,3,29.26772517017972,3.385306481032846,20.861347143133802,29.97874213090587,-0.7110169607261534,,0.5555555555555556,9,3,3456,1.5547848766111976,0.830954567230714,-0.7110169607261531,-2.415186522352194,1.0171354779625743,0.43,0.6666666666666666,0.5555555555555556,-1.115960296427436,-2.2713776983061837,0.006609753829560332,,12,-2.039415878053888,0.5674597111064582,,,,,,,,,,,,,,,,
Canada,Canada,cb,0.5,10,32.65701737879475,5.930818859833285,23.278775969316783,29.97874213090587,2.6782752478888776,,0.5555555555555556,9,3,3456,1.5590443158078477,0.9424799147799495,2.6782752478888754,-0.9400670846771804,5.287611409875462,0.166,0.6666666666666666,0.5555555555555556,1.301468529755547,-0.5858207919237663,3.0874125887939323,,12,-0.9179995004704705,7.440690682972769,,,,,,,,,,,,,,,,
Canada,Canada,cb,0.5,40,31.59517547620333,0.9200217707487574,22.89743122397529,29.97874213090587,1.6164333452974553,,0.3333333333333333,9,3,3456,1.4214208013664158,0.9849716549280461,1.6164333452974529,-0.855769390968924,3.096443174908412,0.284,0.3333333333333333,0.3333333333333333,0.9201237844140522,-0.28970805565307106,2.1070182648615376,,12,0.4495513470862497,2.7444405205546984,,,,,,,,,,,,,,,,
Canada,Canada,cbr,0.25,3,29.781081687206147,3.066727086049681,21.596005385384444,29.97874213090587,-0.19766044369972727,,0.5555555555555556,9,3,3456,1.5547848766111976,0.830954567230714,-0.1976604436997261,-1.6056215078158376,1.1620437380347985,0.78,0.6666666666666666,0.5555555555555556,-0.3813020541767938,-1.3114086845352746,0.5220974538146844,,12,-1.267520251677087,0.8593976096012177,,,,,,,,,,,,,,,,
Canada,Canada,cbr,0.25,10,33.19737391807592,5.53632493746981,24.34589532579346,29.97874213090587,3.2186317871700485,,0.4444444444444444,9,3,3456,1.5590443158078477,0.9424799147799495,3.2186317871700445,-0.5135634148177244,6.068726959953638,0.092,0.0,0.4444444444444444,2.368587886232221,0.8027043963710718,4.003935547935936,,12,-0.12917784709488134,7.607791999215566,,,,,,,,,,,,,,,,
Canada,Canada,cbr,0.25,40,32.18166055720832,0.6945180747093874,24.095885413068714,29.97874213090587,2.202918426302443,,0.1111111111111111,9,3,3456,1.4214208013664158,0.9849716549280461,2.2029184263024413,-0.42866208562387087,3.7523505535883652,0.11,0.0,0.1111111111111111,2.118577973507479,1.0455464184978338,3.181396258947511,,12,1.1024062183882348,3.2350980381971506,,,,,,,,,,,,,,,,
Canada,Canada,cbr,0.5,3,28.81812324742256,2.9077834901863855,20.73228449799823,29.97874213090587,-1.1606188834833127,,0.5555555555555556,9,3,3456,1.5547848766111976,0.830954567230714,-1.160618883483315,-2.4498285742723978,0.3299343353151183,0.166,0.6666666666666666,0.5555555555555556,-1.2450229415630087,-2.391545932255502,-0.20592180442762106,,12,-2.1191495995279714,-0.23906420245272794,,,,,,,,,,,,,,,,
Canada,Canada,cbr,0.5,10,33.053975549573146,6.390304090360984,23.78129395444581,29.97874213090587,3.0752334186672696,,0.5555555555555556,9,3,3456,1.5590443158078477,0.9424799147799495,3.0752334186672634,-0.6756777157310127,5.7733449177341845,0.11,0.6666666666666666,0.5555555555555556,1.803986514884573,-0.07385292244782483,3.5698638341694453,,12,-0.7790850916169796,8.235762236387146,,,,,,,,,,,,,,,,
Canada,Canada,cbr,0.5,40,31.70239764173952,0.8304439214687594,23.080802387112875,29.97874213090587,1.7236555108336438,,0.3333333333333333,9,3,3456,1.4214208013664158,0.9849716549280461,1.7236555108336458,-0.8308756321501508,3.249582069252952,0.256,0.3333333333333333,0.3333333333333333,1.103494947551636,-0.1254631863443252,2.288291447736271,,12,0.5680593478453559,2.8548945493690314,,,,,,,,,,,,,,,,
Canada,Canada,tfm,0.25,3,29.91769006393272,3.3003735785055834,21.693944094267824,29.97874213090587,-0.06105206697315108,-0.0952703276033632,0.5555555555555556,9,3,3456,1.5547848766111976,0.830954567230714,-0.06105206697315069,-1.674488576103877,1.7061796033749956,0.948,0.3333333333333333,0.5555555555555556,-0.28336334529341417,-1.2310636958816623,0.6324933086579702,,12,-1.2598052456111188,1.117333527133258,-0.09527032760336003,-0.6245338796288775,0.7443873531066355,0.934,0.6666666666666666,0.7777777777777778,-0.26215321616173576,0.08830440997552491,0.13660837672657541,-0.3672558735063401,0.8477655327725783,0.6,0.3333333333333333,0.2222222222222222,-0.07540797603805721,0.3358257518889849
Canada,Canada,tfm,0.25,10,32.46064972227433,4.779105562371346,23.944749168144615,29.97874213090587,2.481907591368466,-0.5301037460195618,0.4444444444444444,9,3,3456,1.5590443158078477,0.9424799147799495,2.4819075913684636,-0.8851848168902263,5.296872277182718,0.152,0.3333333333333333,0.4444444444444444,1.9674417285833776,0.35154990593725904,3.590063560140809,,12,-0.423594624598158,6.098638272153873,-0.5301037460195618,-0.9320211574524744,0.19193508609674118,0.214,0.6666666666666666,0.6666666666666666,-1.1242465493281972,-0.006820674991789645,-0.7367241958015806,-1.1790284038800056,0.009012019692325152,0.054,0.6666666666666666,0.6666666666666666,-1.5167294114452192,-0.06570647634887486
Canada,Canada,tfm,0.25,40,31.566470228980354,0.7852634630014333,23.533332993810873,29.97874213090587,1.5877280980744837,-0.5632118482369803,0.2222222222222222,9,3,3456,1.4214208013664158,0.9849716549280461,1.5877280980744832,-0.7583631662242238,3.012016893213256,0.238,0.3333333333333333,0.2222222222222222,1.5560255542496317,0.5754208506722367,2.4917968861007607,,12,0.39987779451177863,2.6425541785658804,-0.5632118482369819,-0.7226531888016521,-0.23535008517172523,0.001,1.0,1.0,-0.8161835019509,-0.3189782687931189,-0.6151903282279582,-0.8000086171898355,-0.2524439166904379,0.001,1.0,0.8888888888888888,-0.8941972662752424,-0.3521743444368758
Canada,Canada,tfm,0.5,3,29.15644474165934,3.2123043898107095,20.78060933510214,29.97874213090587,-0.8222973892465342,-0.11128042852038078,0.5555555555555556,9,3,3456,1.5547848766111976,0.830954567230714,-0.822297389246535,-2.6284756662156084,1.4495645897750065,0.614,0.6666666666666666,0.5555555555555556,-1.1966981044590952,-2.4462720263322137,0.06001978951523356,,12,-1.947657379604494,0.22922997297524877,-0.11128042852038196,-1.1077919304057577,1.419009767405104,0.908,0.3333333333333333,0.5555555555555556,-0.5005127097799894,0.2471720332477361,0.33832149423678004,-0.5840317618782355,1.6487396277328843,0.494,0.3333333333333333,0.2222222222222222,0.027158092074779313,0.6610493896588852
Canada,Canada,tfm,0.5,10,31.61472971473244,4.777085398810705,23.030404791367612,29.97874213090587,1.635987583826567,-1.0422876640623104,0.5555555555555556,9,3,3456,1.5590443158078477,0.9424799147799495,1.6359875838265612,-1.4082502513550725,4.361227744921569,0.342,0.3333333333333333,0.5555555555555556,1.0530973518063707,-0.7331222993133278,2.8014828951766386,,12,-1.2443914689614692,5.17529610687456,-1.0422876640623144,-1.8194806528663594,0.3059379822104697,0.2,0.6666666666666666,0.6666666666666666,-2.2295834731062967,-0.005798493382080053,-1.4392458348407022,-2.3037215793984114,0.019783307972258118,0.056,0.6666666666666666,0.6666666666666666,-3.0174681139568427,-0.10396219486262306
Canada,Canada,tfm,0.5,40,30.506874673674684,1.0711152036896947,22.01419725933429,29.97874213090587,0.5281325427688084,-1.088300802528647,0.3333333333333333,9,3,3456,1.4214208013664158,0.9849716549280461,0.5281325427688112,-1.5853194203714198,1.8385826669769028,0.806,0.3333333333333333,0.3333333333333333,0.03688981977305161,-0.8994547048801844,1.038587381359392,,12,-0.7360541322794396,1.685498450481883,-1.0883008025286418,-1.3983924311937248,-0.42694067037035494,0.001,1.0,1.0,-1.5626743240970347,-0.6296644818857298,-1.1955229680648347,-1.5575817736294346,-0.4813513801227406,0.001,1.0,1.0,-1.7266504773615385,-0.6994546726681927
LE-1,Lena,anchor,0.0,3,27.183387641927208,5.674079516945024,25.93905581419132,27.12640726480142,0.056980377125789516,,0.4444444444444444,9,3,9492,1.435374986039895,0.8194955135917413,0.05698037712579662,-1.3878370299466998,3.830463056423146,0.634,0.3333333333333333,0.4444444444444444,1.2347316716515049,-0.6070405508695155,3.1738976790661613,blocks<5,3,-0.2424925143402037,0.34004975682421956,,,,,,,,,,,,,,,,
LE-1,Lena,anchor,0.0,10,28.44486529212203,3.6775162523527034,26.92091738013874,27.12640726480142,1.31845802732061,,0.3333333333333333,9,3,9492,1.6098289142100426,0.9380168939740847,1.3184580273206177,-0.9090687178877314,3.1938900792520633,0.334,0.0,0.3333333333333333,2.2165932375989237,0.736404680259331,3.8470219902729927,blocks<5,3,0.1975307311078595,2.62022895847012,,,,,,,,,,,,,,,,
LE-1,Lena,anchor,0.0,40,27.52220916650114,5.8087140753096165,27.215561362438823,27.12640726480142,0.39580190169971907,,0.3333333333333333,9,3,9492,1.4112783012942491,0.9837487460982884,0.3958019016997305,-2.2732176922688203,3.442330341083388,0.648,0.3333333333333333,0.3333333333333333,2.5112372198990065,1.0627213797983395,3.887046041400042,blocks<5,3,-0.03813209186211677,0.8154266317184695,,,,,,,,,,,,,,,,
LE-1,Lena,cb,0.25,3,26.930105030513445,5.833573775349627,25.494709945862386,27.12640726480142,-0.1963022342879736,,0.5555555555555556,9,3,9492,1.435374986039895,0.8194955135917413,-0.196302234287959,-1.765634596098453,3.3993983076218006,0.764,0.6666666666666666,0.5555555555555556,0.7903858033225681,-1.0878500007219882,2.7315620824917692,blocks<5,3,-0.5830754099720601,0.18070135719841415,,,,,,,,,,,,,,,,
LE-1,Lena,cb,0.25,10,28.950605289759462,3.012721454248766,27.083354656130897,27.12640726480142,1.8241980249580472,,0.5555555555555556,9,3,9492,1.6098289142100426,0.9380168939740847,1.8241980249580518,-0.9256365404789592,3.7067388214036683,0.344,0.6666666666666666,0.5555555555555556,2.3790305135910828,0.6445432036647144,4.212550290723134,blocks<5,3,0.2930873403164758,3.7439996501483956,,,,,,,,,,,,,,,,
LE-1,Lena,cb,0.25,40,27.326556392269367,5.063130167697819,26.763888803716913,27.12640726480142,0.20014912746794877,,0.3333333333333333,9,3,9492,1.4112783012942491,0.9837487460982884,0.20014912746795707,-2.245437661017807,2.5996637151981226,0.796,0.3333333333333333,0.3333333333333333,2.0595646611771,0.7082761248854479,3.420338113310624,blocks<5,3,-0.15671624259300176,0.5393766134533304,,,,,,,,,,,,,,,,
LE-1,Lena,cb,0.5,3,26.77433812977583,5.907520902296442,25.145546056282324,27.12640726480142,-0.35206913502558934,,0.6666666666666666,9,3,9492,1.435374986039895,0.8194955135917413,-0.3520691350255862,-2.0654549099692203,3.1607575526590472,0.876,0.6666666666666666,0.6666666666666666,0.4412219137425038,-1.4301052946299444,2.39743163337613,blocks<5,3,-0.7721824641462989,0.07257073764332371,,,,,,,,,,,,,,,,
LE-1,Lena,cb,0.5,10,29.561300815531727,2.6573392711499033,27.321468435288637,27.12640726480142,2.4348935507303064,,0.6666666666666666,9,3,9492,1.6098289142100426,0.9380168939740847,2.434893550730313,-0.9025874166344032,4.265738332743189,0.348,0.6666666666666666,0.6666666666666666,2.6171442927488187,0.5753111766152939,4.680468501696981,blocks<5,3,0.3558964137012999,5.101208975692754,,,,,,,,,,,,,,,,
LE-1,Lena,cb,0.5,40,27.315348941283954,4.186125332795352,26.48420892345469,27.12640726480142,0.18894167648253518,,0.6666666666666666,9,3,9492,1.4112783012942491,0.9837487460982884,0.18894167648253912,-2.1290063655588503,1.9804699572172182,0.866,0.6666666666666666,0.6666666666666666,1.7798847809148757,0.3598712300124512,3.2846573144101288,blocks<5,3,-0.5753280411993374,1.0297019135655459,,,,,,,,,,,,,,,,
LE-1,Lena,cbr,0.25,3,26.920417585933002,5.831997280348147,25.48171400696269,27.12640726480142,-0.20598967886841713,,0.4444444444444444,9,3,9492,1.435374986039895,0.8194955135917413,-0.20598967886840688,-1.7600485000200914,3.3733658544670537,0.778,0.6666666666666666,0.4444444444444444,0.7773898644228711,-1.112522909482058,2.714191252403841,blocks<5,3,-0.6061920012873334,0.1701406916608912,,,,,,,,,,,,,,,,
LE-1,Lena,cbr,0.25,10,28.785448100508493,3.088828695174754,26.984260586406744,27.12640726480142,1.6590408357070712,,0.5555555555555556,9,3,9492,1.6098289142100426,0.9380168939740847,1.659040835707085,-0.926432018409536,3.5047926361269224,0.344,0.6666666666666666,0.5555555555555556,2.279936443866925,0.6446758783582398,4.050692231605217,blocks<5,3,0.2666538108213613,3.4239152599227767,,,,,,,,,,,,,,,,
LE-1,Lena,cbr,0.25,40,27.363232373354492,5.108448747443001,26.830183602688535,27.12640726480142,0.2368251085530753,,0.3333333333333333,9,3,9492,1.4112783012942491,0.9837487460982884,0.2368251085530808,-2.2591054150642016,2.6790324093406848,0.784,0.3333333333333333,0.3333333333333333,2.1258594601487175,0.7524724765210914,3.504563905408585,blocks<5,3,-0.16899517820384247,0.6170117052519006,,,,,,,,,,,,,,,,
LE-1,Lena,cbr,0.5,3,26.74281544065207,5.909886926513847,25.13269627122618,27.12640726480142,-0.38359182414934917,,0.6666666666666666,9,3,9492,1.435374986039895,0.8194955135917413,-0.3835918241493405,-2.0709196973518327,3.0846531304087903,0.896,0.6666666666666666,0.6666666666666666,0.428372128686366,-1.4401465911114595,2.373337513348592,blocks<5,3,-0.8298822875169259,0.04224116934262136,,,,,,,,,,,,,,,,
LE-1,Lena,cbr,0.5,10,29.213144440888772,2.626246535189536,27.09398466866884,27.12640726480142,2.086737176087353,,0.6666666666666666,9,3,9492,1.6098289142100426,0.9380168939740847,2.0867371760873596,-0.9064748553696824,3.8511533524513375,0.348,0.6666666666666666,0.6666666666666666,2.389660526129019,0.5985298261527875,4.31032159439399,blocks<5,3,0.2848519941487601,4.370897613564053,,,,,,,,,,,,,,,,
LE-1,Lena,cbr,0.5,40,27.399467925600984,4.266661944960595,26.61194995636537,27.12640726480142,0.27306066079956653,,0.5555555555555556,9,3,9492,1.4112783012942491,0.9837487460982884,0.27306066079957486,-2.157586421218366,2.1312658280799894,0.824,0.6666666666666666,0.5555555555555556,1.9076258138255529,0.4219812678235119,3.471141955836648,blocks<5,3,-0.5403239470468821,1.146897182606923,,,,,,,,,,,,,,,,
LE-1,Lena,tfm,0.25,3,26.89621725114307,6.090833973061806,25.37862453693091,27.12640726480142,-0.2301900136583469,-0.033887779370373274,0.6666666666666666,9,3,9492,1.435374986039895,0.8194955135917413,-0.23019001365833702,-1.8360866467026429,3.3208526472332807,0.802,0.6666666666666666,0.6666666666666666,0.6743003943910963,-1.1609622102921635,2.6182076964011753,blocks<5,3,-0.7755672668725396,0.270779194967072,-0.03388777937037801,-0.2190114235171346,0.048856600998182176,0.418,0.6666666666666666,0.6666666666666666,-0.1894469351962912,0.13239572641565892,-0.02420033478993015,-0.2272718402871232,0.09326689885965486,0.636,0.6666666666666666,0.6666666666666666,-0.1871231414933829,0.1385772746037059
LE-1,Lena,tfm,0.25,10,28.44650996164805,3.4090196311161414,26.818405684484304,27.12640726480142,1.320102696846635,-0.5040953281114121,0.5555555555555556,9,3,9492,1.6098289142100426,0.9380168939740847,1.3201026968466405,-1.0275756543787935,3.2324839870347803,0.35,0.6666666666666666,0.5555555555555556,2.1140815419444876,0.6487894007587144,3.802028954849302,blocks<5,3,-0.015282991270492723,2.9200272691192626,-0.5040953281114113,-0.5521035945211248,-0.06352994476162548,0.006,1.0,0.8888888888888888,-0.9424698707982615,-0.10984728631460804,-0.3389381388604444,-0.3910327087339181,-0.05569823579962421,0.01,1.0,0.8888888888888888,-0.7019598227688782,-0.08101789022230188
LE-1,Lena,tfm,0.25,40,26.573138010562417,5.18484886854537,26.347898122933373,27.12640726480142,-0.5532692542390012,-0.75341838170695,0.7777777777777778,9,3,9492,1.4112783012942491,0.9837487460982884,-0.5532692542389945,-2.8531927857384085,1.6082309678165676,0.81,1.0,0.7777777777777778,1.6435739803935583,0.26019566332148575,3.059871817164432,blocks<5,3,-0.8328399596104216,-0.27637170671178596,-0.7534183817069516,-1.0323944796212148,-0.44855359589943533,0.001,1.0,1.0,-1.052364842549911,-0.48439176688978686,-0.7900943627920753,-1.1018055582560002,-0.47686353436209905,0.001,1.0,1.0,-1.1459059975259325,-0.46866991089279314
LE-1,Lena,tfm,0.5,3,26.74535873928305,6.392954179736533,25.002740536319052,27.12640726480142,-0.3810485255183704,-0.028979390492781063,0.6666666666666666,9,3,9492,1.435374986039895,0.8194955135917413,-0.3810485255183617,-2.131004349160537,3.1717839832531722,0.906,0.6666666666666666,0.6666666666666666,0.29841639377923695,-1.491646252819407,2.163548742372773,blocks<5,3,-1.1130374221621357,0.3050692956478175,-0.028979390492775536,-0.3982794292967083,0.13770352758638474,0.618,0.6666666666666666,0.6666666666666666,-0.320591047713219,0.27598552291427975,0.0025432986309787964,-0.41770583611010564,0.22620055871425734,0.806,0.6666666666666666,0.6666666666666666,-0.29627033170439565,0.3065910776178916
LE-1,Lena,tfm,0.5,10,28.511484344557452,3.1612306737592912,26.791212217013104,27.12640726480142,1.3850770797560363,-1.04981647097427,0.5555555555555556,9,3,9492,1.6098289142100426,0.9380168939740847,1.3850770797560454,-1.060797363879184,3.3033861720193975,0.352,0.6666666666666666,0.5555555555555556,2.0868880744732863,0.49996370524648787,3.821196091099778,blocks<5,3,-0.2604515937129713,3.3130965409105375,-1.0498164709742674,-1.1372935832422875,-0.08410509816543364,0.008,1.0,0.8888888888888888,-1.9822882019467076,-0.21881797127474276,-0.7016600963313143,-0.8064733118423224,-0.06608628035312719,0.016,1.0,0.8888888888888888,-1.4926240288300179,-0.1573607850133472
LE-1,Lena,tfm,0.5,40,25.812187177244,4.5049501232300795,25.80071212165073,27.12640726480142,-1.3142200875574188,-1.5031617640399542,0.8888888888888888,9,3,9492,1.4112783012942491,0.9837487460982884,-1.314220087557408,-3.1272149862337235,0.33218846443716493,0.15,1.0,0.8888888888888888,1.0963879791109126,-0.3148393413301043,2.6327563722317633,blocks<5,3,-1.895805770573056,-0.7770025374915789,-1.503161764039947,-2.0116683849010113,-0.5762234052064942,0.002,1.0,1.0,-2.13639222941667,-0.9306632012212033,-1.5872807483569826,-2.16321543547365,-0.6017962418400375,0.002,1.0,1.0,-2.3138345511461145,-0.9006185278495747
LE-2,Lena,anchor,0.0,3,19.09235347916587,2.195318324084504,25.12180213161996,18.211158854058304,0.8811946251075654,,0.6666666666666666,9,3,2193,1.4728701630957628,0.8026611031751512,0.8811946251075634,0.4029442570669422,1.5343277972086558,0.002,0.6666666666666666,0.6666666666666666,0.6208137934112384,-0.4290168941335255,1.6309890576756088,blocks<5,4,0.04937391129562209,1.9255255460372507,,,,,,,,,,,,,,,,
LE-2,Lena,anchor,0.0,10,19.157652466096152,0.894900705856876,25.200547333133912,18.211158854058304,0.9464936120378494,,0.0,9,3,2193,1.4015105847966818,0.9313096342532778,0.9464936120378518,-0.08864264454374227,1.921537711108224,0.076,0.0,0.0,0.6995589949251944,-0.581057850335977,2.0174274384861515,blocks<5,4,0.6684711006133628,1.1911775327232044,,,,,,,,,,,,,,,,
LE-2,Lena,anchor,0.0,40,19.535276709466206,1.581247759871141,25.48525013175457,18.211158854058304,1.3241178554079016,,0.0,9,3,2193,1.3720205787939745,0.9818946618380868,1.324117855407901,0.28761090633223196,2.3401647507466024,0.01,0.0,0.0,0.984261793545849,-0.5114771840345165,2.4798229760466395,blocks<5,4,0.7801886361527727,2.0092291921502476,,,,,,,,,,,,,,,,
LE-2,Lena,cb,0.25,3,19.385843126874903,1.6995465866797634,25.02107807928847,18.211158854058304,1.1746842728165998,,0.1111111111111111,9,3,2193,1.4728701630957628,0.8026611031751512,1.1746842728165998,0.48654294193947456,1.7375259849483673,0.002,0.0,0.1111111111111111,0.5200897410797486,-0.33530350366469736,1.3931060436324492,blocks<5,4,0.4630129165366457,1.9557680431683873,,,,,,,,,,,,,,,,
LE-2,Lena,cb,0.25,10,18.838254538950682,0.8316326724196729,24.714044206544443,18.211158854058304,0.6270956848923761,,0.0,9,3,2193,1.4015105847966818,0.9313096342532778,0.6270956848923758,-0.1223468118034681,1.25800667316282,0.106,0.0,0.0,0.2130558683357222,-0.7498151070206389,1.1212148310548316,blocks<5,4,0.4104153260916353,0.8247775860934005,,,,,,,,,,,,,,,,
LE-2,Lena,cb,0.25,40,19.296084282928675,1.5433510650959772,25.075332234096308,18.211158854058304,1.0849254288703714,,0.0,9,3,2193,1.3720205787939745,0.9818946618380868,1.0849254288703705,0.07773548694217965,1.8680159807161372,0.032,0.0,0.0,0.5743438958875929,-0.6804157386652487,1.7778188894363494,blocks<5,4,0.5412551996662397,1.738186389604241,,,,,,,,,,,,,,,,
LE-2,Lena,cb,0.5,3,20.34463880053558,1.939876414988663,25.25387192032995,18.211158854058304,2.1334799464772773,,0.0,9,3,2193,1.4728701630957628,0.8026611031751512,2.1334799464772765,0.2562235544982001,3.5534122555310446,0.024,0.0,0.0,0.7528835821212306,-0.5375724246244541,2.2064798715023897,blocks<5,4,1.0036158539343858,3.329847849009807,,,,,,,,,,,,,,,,
LE-2,Lena,cb,0.5,10,18.993246337138956,0.836479994476577,24.533412963989324,18.211158854058304,0.7820874830806517,,0.0,9,3,2193,1.4015105847966818,0.9313096342532778,0.7820874830806517,0.13664514092359462,1.090600295239501,0.02,0.0,0.0,0.03242462578060549,-0.6535088796722127,0.7037108935592697,blocks<5,4,0.42632148844683393,1.1671071090854555,,,,,,,,,,,,,,,,
LE-2,Lena,cb,0.5,40,19.190540798544205,1.4459565821763667,24.835427072799554,18.211158854058304,0.9793819444859027,,0.0,9,3,2193,1.3720205787939745,0.9818946618380868,0.9793819444859034,0.059533624832935915,1.5727687203039742,0.04,0.0,0.0,0.33443873459083423,-0.6469277373998915,1.2239982082683958,blocks<5,4,0.48134091590727046,1.5586431491733315,,,,,,,,,,,,,,,,
LE-2,Lena,cbr,0.25,3,19.282886402557477,1.8331001193475607,24.964601884040924,18.211158854058304,1.0717275484991704,,0.3333333333333333,9,3,2193,1.4728701630957628,0.8026611031751512,1.0717275484991688,0.43332404864045176,1.5524758317470329,0.002,0.3333333333333333,0.3333333333333333,0.4636135458322042,-0.40189650400325844,1.295393973855761,blocks<5,4,0.3225034051596501,1.9158399671843174,,,,,,,,,,,,,,,,
LE-2,Lena,cbr,0.25,10,18.782083403731303,0.8671301252662711,24.70146474544976,18.211158854058304,0.5709245496729972,,0.0,9,3,2193,1.4015105847966818,0.9313096342532778,0.5709245496729972,-0.12351158201519616,1.2079669459185167,0.12,0.0,0.0,0.20047640724103863,-0.7799880510437004,1.1189317345943688,blocks<5,4,0.36457415001492255,0.7889443688210972,,,,,,,,,,,,,,,,
LE-2,Lena,cbr,0.25,40,19.317375593792534,1.5488755419807767,25.068549769133227,18.211158854058304,1.1062167397342269,,0.0,9,3,2193,1.3720205787939745,0.9818946618380868,1.1062167397342269,0.09441378939434877,1.9276165916534125,0.032,0.0,0.0,0.5675614309245086,-0.7120867546136496,1.7680228497552983,blocks<5,4,0.5658415866870691,1.7616907364971497,,,,,,,,,,,,,,,,
LE-2,Lena,cbr,0.5,3,20.113240608447633,2.0551623337360705,25.12906589869146,18.211158854058304,1.9020817543893291,,0.1111111111111111,9,3,2193,1.4728701630957628,0.8026611031751512,1.9020817543893263,0.18526306889449926,3.05619663758587,0.022,0.0,0.1111111111111111,0.6280775604827417,-0.5226161868788219,1.912730106019501,blocks<5,4,0.7120284695488075,3.1102403201285407,,,,,,,,,,,,,,,,
LE-2,Lena,cbr,0.5,10,18.853289269902277,0.8911168954394904,24.495121615680098,18.211158854058304,0.6421304158439745,,0.1111111111111111,9,3,2193,1.4015105847966818,0.9313096342532778,0.642130415843976,-0.04513265049488527,1.0951096768580795,0.058,0.0,0.1111111111111111,-0.00586672252862049,-0.687920132504568,0.68993170982346,blocks<5,4,0.27218012122444074,1.0313930094924482,,,,,,,,,,,,,,,,
LE-2,Lena,cbr,0.5,40,19.233941164705318,1.4638800571082844,24.78892607291344,18.211158854058304,1.0227823106470149,,0.0,9,3,2193,1.3720205787939745,0.9818946618380868,1.0227823106470157,0.09204550627448714,1.619513226528902,0.034,0.0,0.0,0.287937734704722,-0.6926901896052539,1.2337532083994276,blocks<5,4,0.506434738620727,1.6013727413942838,,,,,,,,,,,,,,,,
LE-2,Lena,tfm,0.25,3,18.972290904075198,1.9091470860265372,24.941372157296755,18.211158854058304,0.7611320500168952,-0.41355222279970466,0.3333333333333333,9,3,2193,1.4728701630957628,0.8026611031751512,0.7611320500168972,0.4083344921573209,1.1811078768739303,0.002,0.3333333333333333,0.3333333333333333,0.44038381908803714,-0.4700959795803168,1.240462002886567,blocks<5,4,0.05666677473033781,1.6477461628370647,-0.41355222279970266,-0.9177593033496855,0.23093164654011306,0.366,0.6666666666666666,0.5555555555555556,-0.8148413122649103,-0.07511472759592884,-0.31059549848227164,-0.7272045538579546,0.2523488685973315,0.49,0.6666666666666666,0.5555555555555556,-0.6689189341824535,-0.00912857259372904
LE-2,Lena,tfm,0.25,10,18.758842875277217,0.8430561560822593,24.89172071750128,18.211158854058304,0.5476840212189127,-0.07941166367346339,0.0,9,3,2193,1.4015105847966818,0.9313096342532778,0.5476840212189155,-0.22221310516086223,1.5011580790452734,0.182,0.0,0.0,0.3907323792925593,-0.823136235974788,1.6248672748014514,blocks<5,4,0.35671054190811397,0.7403080577948353,-0.07941166367346024,-0.22211631018654554,0.4028239954283478,0.824,0.6666666666666666,0.5555555555555556,-0.16562347855908435,0.008703627486624857,-0.023240528454081755,-0.2341659279028663,0.45471196041210515,0.892,0.6666666666666666,0.4444444444444444,-0.09404494093277664,0.046783453397153195
LE-2,Lena,tfm,0.25,40,19.22524132707881,1.5978093931243005,25.204489413517525,18.211158854058304,1.0140824730205027,-0.07084295584986854,0.0,9,3,2193,1.3720205787939745,0.9818946618380868,1.0140824730205036,0.20308904800630737,1.9692719287953833,0.01,0.0,0.0,0.7035010753088061,-0.7669133021389987,2.1084867132776526,blocks<5,4,0.4502819762527516,1.6994049054323326,-0.07084295584986695,-0.2073809796609216,0.33868372037605016,0.956,0.6666666666666666,0.7777777777777778,-0.13294720491336134,-0.012192772468691432,-0.09213426671372342,-0.2298776478381012,0.30890950081581803,0.854,1.0,0.8888888888888888,-0.14864867403298,-0.03914891822164004
LE-2,Lena,tfm,0.5,3,19.03759547988424,1.5430827166073338,24.887136001072864,18.211158854058304,0.8264366258259336,-1.3070433206513437,0.0,9,3,2193,1.4728701630957628,0.8026611031751512,0.826436625825932,0.3781758470303483,1.1796379711699776,0.002,0.0,0.0,0.38614766286414576,-0.40566764759530477,1.062970012559169,blocks<5,4,0.28058324478737506,1.5144375725364083,-1.3070433206513445,-2.4739114500395765,0.3259022431126524,0.186,0.6666666666666666,0.6666666666666666,-2.437491551543309,-0.3240718186043748,-1.0756451285633943,-1.9706547121228815,0.4090634231673157,0.19,0.6666666666666666,0.6666666666666666,-2.195490650435916,-0.11481083375316119
LE-2,Lena,tfm,0.5,10,18.508574493710025,0.782246543281143,24.678728565100613,18.211158854058304,0.2974156396517229,-0.4846718434289288,0.0,9,3,2193,1.4015105847966818,0.9313096342532778,0.2974156396517221,-0.20469441782168193,1.1750475501310411,0.242,0.0,0.0,0.17774022689189314,-0.9220627628002971,1.2915206303812294,blocks<5,4,0.16986973232317343,0.4441929870924331,-0.4846718434289296,-0.9829905789878793,0.6670041989799512,0.428,1.0,0.8888888888888888,-0.8590317369118684,-0.156374325553505,-0.34471477619225394,-0.973734738741159,0.7123875330416973,0.762,0.6666666666666666,0.6666666666666666,-0.6887965020149537,-0.015802587343928774
LE-2,Lena,tfm,0.5,40,19.0244531294406,1.5537563122668974,25.000226077727685,18.211158854058304,0.8132942753822981,-0.1660876691036045,0.1111111111111111,9,3,2193,1.3720205787939745,0.9818946618380868,0.8132942753822986,0.23152876661604893,1.6258314641954301,0.008,0.0,0.1111111111111111,0.49923773951896777,-0.9432530887938907,1.8363969357689647,blocks<5,4,0.27485239909622133,1.451499675928787,-0.16608766910360492,-0.39363054377094325,0.6309789050552095,0.852,1.0,0.7777777777777778,-0.3021112778499631,-0.052367370244522905,-0.20948803526471713,-0.4476443741197424,0.5606419909062903,0.734,1.0,1.0,-0.3502578950075412,-0.08775022869078043
Lena,Lena,anchor,0.0,3,15.484964458985969,2.1049809253426366,24.8477129687493,17.359270462268384,-1.8743060032824133,,1.0,9,3,13983,1.341447676122154,0.8299673928865859,-1.8743060032824037,-3.9046501371519584,0.02885710107337823,0.054,1.0,1.0,0.7443996914964556,-1.4204899793938741,2.6405083746859224,,5,-2.009987913537904,-1.7452134782582933,,,,,,,,,,,,,,,,
Lena,Lena,anchor,0.0,10,17.455932578948882,2.6469130859622934,24.40125453561498,17.359270462268384,0.09666211668049879,,0.6666666666666666,9,3,13983,1.6150180638742706,0.942098633675917,0.09666211668051201,-0.17831797182219,0.563664845459448,0.5,0.3333333333333333,0.6666666666666666,0.297941258362138,-0.020223770426256584,0.6344099288699826,,5,-0.554325710650337,0.971689049185301,,,,,,,,,,,,,,,,
Lena,Lena,anchor,0.0,40,16.48111861552958,3.1947917791657567,24.798802357377433,17.359270462268384,-0.878151846738803,,0.7777777777777778,9,3,13983,1.5134679316519335,0.9848675147396386,-0.8781518467387883,-1.6165949420591095,0.3900789507316719,0.164,0.6666666666666666,0.7777777777777778,0.6954890801245881,-0.13007690540451933,1.5266749686309729,,5,-1.6229628424622886,0.02344913528761694,,,,,,,,,,,,,,,,
Lena,Lena,cb,0.25,3,15.381925327287219,1.9974158853324306,24.33051444055195,17.359270462268384,-1.9773451349811637,,1.0,9,3,13983,1.341447676122154,0.8299673928865859,-1.9773451349811537,-3.981749019472295,-0.0464759147256012,0.04,1.0,1.0,0.22720116329910667,-1.8441395674116983,1.9718325910047108,,5,-2.121737208512214,-1.827548760897824,,,,,,,,,,,,,,,,
Lena,Lena,cb,0.25,10,17.60068981237055,2.8281662390957307,24.354274764893365,17.359270462268384,0.24141935010216742,,0.6666666666666666,9,3,13983,1.6150180638742706,0.942098633675917,0.24141935010218182,-0.10916862314690866,0.7470111711875262,0.142,0.3333333333333333,0.6666666666666666,0.25096148764052134,-0.2550985611073209,0.8086390087447416,,5,-0.47552686511887154,1.240626163212914,,,,,,,,,,,,,,,,
Lena,Lena,cb,0.25,40,16.622022893898034,3.3988504296557505,24.216710944778495,17.359270462268384,-0.737247568370345,,0.7777777777777778,9,3,13983,1.5134679316519335,0.9848675147396386,-0.7372475683703327,-1.4665254974843724,0.26630034238093697,0.136,0.6666666666666666,0.7777777777777778,0.11339766752564984,-0.4735682591224625,0.6542987335620577,,5,-1.5504986473523832,0.2670846029362729,,,,,,,,,,,,,,,,
Lena,Lena,cb,0.5,3,15.566580472366423,1.7669515454653357,24.068327378377674,17.359270462268384,-1.7926899899019588,,1.0,9,3,13983,1.341447676122154,0.8299673928865859,-1.7926899899019435,-3.7230948279121105,0.5221142516570275,0.144,1.0,1.0,-0.034985898875164644,-2.058000200146159,1.6515337219785766,,5,-2.0074494201722524,-1.5887492494848832,,,,,,,,,,,,,,,,
Lena,Lena,cb,0.5,10,17.866835339227762,3.033254543457793,24.439050454646022,17.359270462268384,0.5075648769593821,,0.4444444444444444,9,3,13983,1.6150180638742706,0.942098633675917,0.507564876959392,-0.0947283543720293,1.7076308707114465,0.082,0.3333333333333333,0.4444444444444444,0.33573717739317627,-0.5311489549693409,1.3490250171806581,,5,-0.32647628155344605,1.6167031045627394,,,,,,,,,,,,,,,,
Lena,Lena,cb,0.5,40,16.953323488231703,3.6863536386071645,23.875332162929375,17.359270462268384,-0.40594697403667745,,0.6666666666666666,9,3,13983,1.5134679316519335,0.9848675147396386,-0.4059469740366672,-1.244214471743149,0.4298592369533953,0.268,0.6666666666666666,0.6666666666666666,-0.2279811143234672,-0.7335529432196902,0.3368770944019928,,5,-1.3746144708971988,0.7369638669014511,,,,,,,,,,,,,,,,
Lena,Lena,cbr,0.25,3,15.408699534066796,1.997496025868695,24.304234862705517,17.359270462268384,-1.9505709282015848,,1.0,9,3,13983,1.341447676122154,0.8299673928865859,-1.9505709282015709,-3.936872985840543,-0.09166719079472097,0.04,1.0,1.0,0.20092158545267344,-1.8809038525953727,1.9430572360537854,,5,-2.12426334585095,-1.776171099837055,,,,,,,,,,,,,,,,
Lena,Lena,cbr,0.25,10,17.694770944779258,2.840567802842695,24.404080506577987,17.359270462268384,0.33550048251087616,,0.5555555555555556,9,3,13983,1.6150180638742706,0.942098633675917,0.3355004825108872,-0.05106331411277078,0.8705323097000568,0.068,0.3333333333333333,0.5555555555555556,0.3007672293251436,-0.2525267901286941,0.9024192264283599,,5,-0.4074039773684376,1.320673332231621,,,,,,,,,,,,,,,,
Lena,Lena,cbr,0.25,40,16.60393393906831,3.4727990648587173,24.220732485538797,17.359270462268384,-0.7553365232000753,,0.7777777777777778,9,3,13983,1.5134679316519335,0.9848675147396386,-0.755336523200065,-1.4937573554641534,0.2553877384301001,0.13,0.6666666666666666,0.7777777777777778,0.11741920828595316,-0.4745143112596794,0.6647317973772493,,5,-1.5859849487317184,0.2905948222941183,,,,,,,,,,,,,,,,
Lena,Lena,cbr,0.5,3,15.574255791827163,1.7467002380351782,23.9544161119444,17.359270462268384,-1.7850146704412184,,1.0,9,3,13983,1.341447676122154,0.8299673928865859,-1.7850146704412044,-3.770793116420019,0.36320524247471486,0.112,1.0,1.0,-0.14889716530844174,-2.1640458022849685,1.5574526425369728,,5,-1.9898181763098648,-1.5847132581820964,,,,,,,,,,,,,,,,
Lena,Lena,cbr,0.5,10,18.04940873233804,3.0844366346154426,24.542630259666826,17.359270462268384,0.6901382700696586,,0.3333333333333333,9,3,13983,1.6150180638742706,0.942098633675917,0.6901382700696743,0.0404639671734606,1.7957534378358928,0.04,0.3333333333333333,0.3333333333333333,0.4393169824139835,-0.4848335855959085,1.5832022075380667,,5,-0.21644449898280232,1.8019111192322217,,,,,,,,,,,,,,,,
Lena,Lena,cbr,0.5,40,16.911152328452317,3.8090946483177652,23.87203867947134,17.359270462268384,-0.4481181338160645,,0.7777777777777778,9,3,13983,1.5134679316519335,0.9848675147396386,-0.4481181338160501,-1.3280880837963778,0.34698021132360046,0.252,0.6666666666666666,0.7777777777777778,-0.23127459778150694,-0.7263530013802542,0.33398527746445955,,5,-1.4878161998408665,0.7821274808079474,,,,,,,,,,,,,,,,
Lena,Lena,tfm,0.25,3,15.539527250739205,1.9421584788868052,24.54042627316081,17.359270462268384,-1.8197432115291754,0.1576019234519883,1.0,9,3,13983,1.341447676122154,0.8299673928865859,-1.8197432115291605,-3.686463098052288,-0.10995199071419866,0.04,1.0,1.0,0.43711299590797026,-1.602241599327805,2.1667859472243065,,5,-1.987378111044361,-1.6499843075959664,0.15760192345199306,-0.3514105710867859,0.40086028511632116,0.366,0.0,0.0,0.10469765510551916,0.20847412897627246,0.13082771667241033,-0.28054220812369496,0.340909814213113,0.326,0.0,0.0,0.08939406202165895,0.17484494052651306
Lena,Lena,tfm,0.25,10,17.97539096852821,2.9288872086412296,24.528533156692884,17.359270462268384,0.6161205062598274,0.37470115615766,0.4444444444444444,9,3,13983,1.6150180638742706,0.942098633675917,0.6161205062598428,0.09409737253280366,0.9470795504410114,0.028,0.3333333333333333,0.4444444444444444,0.42521987944003925,0.02042940955901044,0.8694437661987325,,5,-0.1823526786623172,1.718098172936172,0.374701156157661,-0.14781502842106892,0.5943969828920241,0.144,0.0,0.0,0.266959621064146,0.49546308864128835,0.28062002374895556,-0.17295066944911558,0.459241911176459,0.238,0.0,0.1111111111111111,0.13269965002737405,0.4347260363842987
Lena,Lena,tfm,0.25,40,16.598902586183613,3.1436433113482956,24.248686286395497,17.359270462268384,-0.7603678760847689,-0.023120307714423898,0.6666666666666666,9,3,13983,1.5134679316519335,0.9848675147396386,-0.760367876084756,-1.6250501436599978,0.14035527971500375,0.108,0.6666666666666666,0.6666666666666666,0.14537300914265336,-0.5568058984341153,0.7600402891799518,,5,-1.5482716628847548,0.17412403217897204,-0.023120307714423305,-0.44030394246388826,0.19660213538944396,0.724,0.6666666666666666,0.5555555555555556,-0.24760479584209077,0.1894709540885639,-0.005031352884691032,-0.3931119369297788,0.1911765064143584,0.79,0.6666666666666666,0.5555555555555556,-0.2901260635895253,0.26295428828298817
Lena,Lena,tfm,0.5,3,15.653487683101105,1.772987591517566,24.271828790203827,17.359270462268384,-1.7057827791672768,0.08690721073468212,1.0,9,3,13983,1.341447676122154,0.8299673928865859,-1.7057827791672668,-3.4346917993081747,-0.10052976475410713,0.038,1.0,1.0,0.16851551295098352,-1.6671733920726934,1.7403178640142074,,5,-1.948170979434511,-1.4514115482405792,0.0869072107346766,-1.507617283020431,0.723994966131252,0.858,0.3333333333333333,0.3333333333333333,-0.15181561854929135,0.3031491293006891,0.07923189127393766,-1.2252414895689239,0.6394964860338358,0.772,0.3333333333333333,0.3333333333333333,-0.043199317383743094,0.19839009975283045
Lena,Lena,tfm,0.5,10,18.619486116448268,3.2913841893350484,24.770621387762024,17.359270462268384,1.2602156541798852,0.7526507772205032,0.2222222222222222,9,3,13983,1.6150180638742706,0.942098633675917,1.260215654179896,0.3997047771013831,1.640613839138961,0.008,0.3333333333333333,0.2222222222222222,0.6673081105091777,0.06569570109650857,1.360897424951041,,5,0.2776821588432583,2.6011593865451093,0.752650777220504,-0.4258689909248368,1.230302954788616,0.2,0.0,0.0,0.5452758628391151,1.0118464538005079,0.5700773841102217,-0.46955569744235937,0.9469039558623454,0.308,0.0,0.3333333333333333,0.24298243982030052,0.9204151634778179
Lena,Lena,tfm,0.5,40,17.06457645221572,3.1477275427718006,23.978488827131077,17.359270462268384,-0.2946940100526603,0.11125296398401711,0.6666666666666666,9,3,13983,1.5134679316519335,0.9848675147396386,-0.2946940100526459,-1.615444980823962,0.40987236285279327,0.472,0.6666666666666666,0.6666666666666666,-0.1248244501217665,-0.8230512451859685,0.5010257710245687,,5,-1.1475955238744004,0.6858156248282122,0.11125296398402125,-0.7647374983118086,0.5726741688290966,0.958,0.3333333333333333,0.4444444444444444,-0.33478214583721716,0.5414029580656977,0.1534241237634042,-0.7083924015998947,0.5847220736864175,0.816,0.3333333333333333,0.4444444444444444,-0.4393939067076735,0.6774549098301038
Russia_E,Russia_E,anchor,0.0,3,32.20553077876187,11.641472957811128,14.958986471284378,32.29911050955081,-0.09357973078893995,,0.5555555555555556,9,3,111,1.6130120637900935,0.8406190865455975,-0.09357973078893995,-0.5010806784988858,1.223884292489876,0.934,0.3333333333333333,0.5555555555555556,0.839110648029577,0.27433305666636315,1.4028113014886472,,8,-0.9075098684914775,0.7292947287077153,,,,,,,,,,,,,,,,
Russia_E,Russia_E,anchor,0.0,10,31.827181275980852,11.440860839286481,14.50331495955718,32.29911050955081,-0.47192923356996097,,0.7777777777777778,9,3,111,1.6276509628281601,0.9461813613066007,-0.47192923356995803,-0.713814906364727,0.6035585781741677,0.508,1.0,0.7777777777777778,0.38343913630237897,-0.035753907194211405,0.7902020505169377,,8,-0.9245154170024636,0.007052920448440078,,,,,,,,,,,,,,,,
Russia_E,Russia_E,cb,0.25,3,32.403377009095266,12.189484308651336,14.852472931852459,32.29911050955081,0.10426649954445939,,0.5555555555555556,9,3,111,1.6130120637900935,0.8406190865455975,0.10426649954446059,-1.2660334570491716,1.7087467997939076,0.85,0.6666666666666666,0.5555555555555556,0.7325971085976578,-0.3653915438145669,1.8204540354764547,,8,-0.6887196252952011,0.8476954359531468,,,,,,,,,,,,,,,,
Russia_E,Russia_E,cb,0.25,10,32.103072803624976,11.997597321858619,14.536731540071312,32.29911050955081,-0.1960377059258336,,0.6666666666666666,9,3,111,1.6276509628281601,0.9461813613066007,-0.1960377059258344,-1.2667105843746571,1.0534506921033737,0.716,0.6666666666666666,0.6666666666666666,0.4168557168165143,-0.47309081113429063,1.23279363288964,,8,-0.6840673243081725,0.32532257506224804,,,,,,,,,,,,,,,,
Russia_E,Russia_E,cb,0.5,3,32.968586181897415,12.372194154750536,15.292250232070975,32.29911050955081,0.6694756723466035,,0.2222222222222222,9,3,111,1.6130120637900935,0.8406190865455975,0.6694756723466083,-2.0670163415014104,2.6229043636157297,0.578,0.3333333333333333,0.2222222222222222,1.1723744088161734,-0.7384707445662425,2.8668119548386635,,8,-0.06537398408223381,1.3299600350893575,,,,,,,,,,,,,,,,
Russia_E,Russia_E,cb,0.5,10,32.59167423329718,12.381496394515572,15.053996438306001,32.29911050955081,0.2925637237463682,,0.4444444444444444,9,3,111,1.6276509628281601,0.9461813613066007,0.2925637237463749,-1.848122652215831,1.9637888641216354,0.742,0.3333333333333333,0.4444444444444444,0.9341206150511994,-0.6499699105283681,2.2932719935456234,,8,-0.31345392663766664,1.006266370325209,,,,,,,,,,,,,,,,
Russia_E,Russia_E,cbr,0.25,3,32.416632041570864,12.232815463956172,15.019589872598354,32.29911050955081,0.1175215320200519,,0.5555555555555556,9,3,111,1.6130120637900935,0.8406190865455975,0.11752153202005289,-1.2865753433234133,1.7494860309422036,0.824,0.6666666666666666,0.5555555555555556,0.8997140493435521,-0.2648201876872277,1.9760266533265527,,8,-0.6677727776799236,0.9203409733343685,,,,,,,,,,,,,,,,
Russia_E,Russia_E,cbr,0.25,10,32.0476556530167,11.965514364685854,14.654785722249036,32.29911050955081,-0.25145485653410954,,0.5555555555555556,9,3,111,1.6276509628281601,0.9461813613066007,-0.2514548565341066,-1.3216759773313407,1.0442927875437964,0.666,0.6666666666666666,0.5555555555555556,0.5349098989942345,-0.40302705096302177,1.3813934225813864,,8,-0.7219075215990894,0.2440328948608493,,,,,,,,,,,,,,,,
Russia_E,Russia_E,cbr,0.5,3,33.037278916035966,12.367020892665764,15.237063502316042,32.29911050955081,0.7381684064851591,,0.2222222222222222,9,3,111,1.6130120637900935,0.8406190865455975,0.7381684064851619,-2.1602140496567253,2.7873568245272775,0.576,0.3333333333333333,0.2222222222222222,1.1171876790612423,-0.9649661165141723,2.9281237710547647,,8,0.019752011020725373,1.43682417739113,,,,,,,,,,,,,,,,
Russia_E,Russia_E,cbr,0.5,10,32.50858528698298,12.249695222662147,15.044403890316794,32.29911050955081,0.20947477743216464,,0.4444444444444444,9,3,111,1.6276509628281601,0.9461813613066007,0.2094747774321668,-1.9794198788274344,1.9771169941364404,0.792,0.3333333333333333,0.4444444444444444,0.924528067061992,-0.7528003625675656,2.393817099574259,,8,-0.3264138691505162,0.7671493949058595,,,,,,,,,,,,,,,,
Russia_E,Russia_E,tfm,0.25,3,31.863405024979606,11.698398847017968,15.235209356797249,32.29911050955081,-0.4357054845712038,-0.5399719841156632,0.5555555555555556,9,3,111,1.6130120637900935,0.8406190865455975,-0.43570548457120256,-1.012615007704285,1.4980806588037066,0.754,0.6666666666666666,0.5555555555555556,1.1153335335424466,0.19943855738938257,1.9947739716289465,,8,-1.0522784227960718,0.22625148741244044,-0.5399719841156632,-1.0447324978086558,0.9889450651373662,0.64,0.6666666666666666,0.7777777777777778,-0.8174107301536877,-0.2473431454536423,-0.5532270165912555,-1.1224774626604543,0.9940741094312949,0.64,0.6666666666666666,0.6666666666666666,-0.8592605150948638,-0.23171790727665098
Russia_E,Russia_E,tfm,0.25,10,31.254003380490605,11.188749052489033,14.63311012104402,32.29911050955081,-1.0451071290602059,-0.8490694231343723,0.8888888888888888,9,3,111,1.6276509628281601,0.9461813613066007,-1.0451071290602023,-1.5247449040085832,0.862320982469087,0.348,1.0,0.8888888888888888,0.5132342977892167,-0.3701458685443491,1.3674319364204988,,8,-1.4999254619057971,-0.5770304055665509,-0.849069423134368,-1.4288478906326691,0.7653777674782944,0.372,0.6666666666666666,0.6666666666666666,-1.309601339988174,-0.37150286405269156,-0.7936522725260957,-1.4146118018979446,0.7909779757905033,0.414,0.6666666666666666,0.6666666666666666,-1.2221415464838188,-0.2997175023422571
Russia_E,Russia_E,tfm,0.5,3,31.676916239921354,11.612517643757906,15.553719795589135,32.29911050955081,-0.6221942696294561,-1.2916699419760596,0.8888888888888888,9,3,111,1.6130120637900935,0.8406190865455975,-0.6221942696294546,-1.498398326186909,2.089794487190889,0.78,1.0,0.8888888888888888,1.4338439723343352,0.019308498471946864,2.7941743154820666,,8,-1.027901410293437,-0.16334273531791232,-1.2916699419760629,-2.2972075310441604,1.6691203688711151,0.538,1.0,1.0,-1.7298042002003504,-0.8337095440902583,-1.3603626761146164,-2.4163360413897688,1.7819601632619084,0.534,1.0,1.0,-1.832117433723598,-0.9037537806928184
Russia_E,Russia_E,tfm,0.5,10,30.781038022567202,10.890077188803934,14.882717659180294,32.29911050955081,-1.5180724869836086,-1.810636210729977,1.0,9,3,111,1.6276509628281601,0.9461813613066007,-1.518072486983608,-2.2682065811611927,1.2495246035486345,0.368,1.0,1.0,0.7628418359254917,-0.5964272538541667,2.079899757406158,,8,-2.0555747023003557,-0.9806230956860751,-1.8106362107299827,-2.92399562933001,1.334494756728736,0.326,0.6666666666666666,0.7777777777777778,-2.668107167009841,-0.9606031640872741,-1.7275472644157748,-2.9413262452409565,1.458627270928877,0.354,0.6666666666666666,0.7777777777777778,-2.4975387211236066,-0.8850094213852168
Russia_W,Russia_W,anchor,0.0,3,31.648150680586404,4.3912295946324225,26.56772823321597,40.39935469013992,-8.751204009553515,,0.6666666666666666,9,3,123,2.758158608542276,0.8304584966680172,-8.751204009553515,-15.79706428164905,-1.2238640847522069,0.02,0.6666666666666666,0.6666666666666666,-10.302613569185558,-18.549852456187214,-0.9616112214012928,,7,-13.069329694206855,-2.901620153903765,,,,,,,,,,,,,,,,
Russia_W,Russia_W,anchor,0.0,10,30.487122264872223,4.117330905775576,24.388490379026635,40.39935469013992,-9.912232425267698,,1.0,9,3,123,2.4980690825808036,0.9422883897923897,-9.912232425267698,-15.495973769794034,-4.393458346846215,0.002,1.0,1.0,-12.481851423374897,-19.981690551023064,-4.016438722617405,,7,-12.986952191745148,-6.7773114800296,,,,,,,,,,,,,,,,
Russia_W,Russia_W,cb,0.25,3,31.212514274437094,4.422100801673363,26.210276597669132,40.39935469013992,-9.186840415702825,,0.6666666666666666,9,3,123,2.758158608542276,0.8304584966680172,-9.186840415702829,-16.14456513467911,-1.5359241773017929,0.014,0.6666666666666666,0.6666666666666666,-10.6600652047324,-19.029563507592986,-0.9659554055025537,,7,-13.684995491501406,-3.212191135041929,,,,,,,,,,,,,,,,
Russia_W,Russia_W,cb,0.25,10,29.751282701076907,3.6877636555609175,23.739809926059124,40.39935469013992,-10.648071989063014,,1.0,9,3,123,2.4980690825808036,0.9422883897923897,-10.648071989063013,-16.17176342671765,-5.039356186795518,0.001,1.0,1.0,-13.130531876342403,-20.453667044794077,-4.714265713150259,,7,-13.50197584177191,-7.6573891191553525,,,,,,,,,,,,,,,,
Russia_W,Russia_W,cb,0.5,3,30.891239707385605,4.529219704464473,25.95133883286242,40.39935469013992,-9.508114982754314,,0.6666666666666666,9,3,123,2.758158608542276,0.8304584966680172,-9.508114982754316,-16.5711292315417,-1.8754502965827782,0.012,0.6666666666666666,0.6666666666666666,-10.919002969539116,-19.316558388763074,-0.9501123237273282,,7,-14.390228267787725,-3.443471206540001,,,,,,,,,,,,,,,,
Russia_W,Russia_W,cb,0.5,10,29.153222128046057,3.222544135430917,23.47501102953474,40.39935469013992,-11.246132562093864,,1.0,9,3,123,2.4980690825808036,0.9422883897923897,-11.246132562093862,-16.687391601985272,-5.558903518650852,0.001,1.0,1.0,-13.395330772866785,-20.595562724331195,-5.245157186781974,,7,-13.922030412681147,-8.271381345901093,,,,,,,,,,,,,,,,
Russia_W,Russia_W,cbr,0.25,3,31.208793644106475,4.440983810744238,26.159166094862798,40.39935469013992,-9.190561046033446,,0.6666666666666666,9,3,123,2.758158608542276,0.8304584966680172,-9.190561046033444,-16.206054844629957,-1.5521313037372864,0.014,0.6666666666666666,0.6666666666666666,-10.711175707538734,-19.083221864519572,-0.9718836009992646,,7,-13.754514821848376,-3.2384275952995667,,,,,,,,,,,,,,,,
Russia_W,Russia_W,cbr,0.25,10,29.720355300857516,3.734283543852939,23.69742898566145,40.39935469013992,-10.678999389282406,,1.0,9,3,123,2.4980690825808036,0.9422883897923897,-10.678999389282405,-16.256007009979893,-5.057767451219599,0.001,1.0,1.0,-13.172912816740082,-20.509481200937717,-4.776268307981568,,7,-13.556504978560318,-7.655831732762905,,,,,,,,,,,,,,,,
Russia_W,Russia_W,cbr,0.5,3,30.893734647446152,4.5718504739610735,25.87810236136461,40.39935469013992,-9.50562004269377,,0.6666666666666666,9,3,123,2.758158608542276,0.8304584966680172,-9.505620042693769,-16.589155902382778,-1.8937336059408993,0.012,0.6666666666666666,0.6666666666666666,-10.992239441036917,-19.431188169165388,-1.1229675052045085,,7,-14.481893665070066,-3.4333575698979866,,,,,,,,,,,,,,,,
Russia_W,Russia_W,cbr,0.5,10,29.08213578738972,3.310053699501768,23.395962140405466,40.39935469013992,-11.317218902750206,,1.0,9,3,123,2.4980690825808036,0.9422883897923897,-11.317218902750204,-16.84412675779458,-5.598695809112918,0.001,1.0,1.0,-13.474379661996068,-20.658717900825216,-5.373744613798542,,7,-14.04470662871606,-8.306034455159454,,,,,,,,,,,,,,,,
Russia_W,Russia_W,tfm,0.25,3,32.28170779923551,5.231039000911064,27.2165906948158,40.39935469013992,-8.117646890904409,1.0691935247984163,0.6666666666666666,9,3,123,2.758158608542276,0.8304584966680172,-8.117646890904407,-15.466508912586379,-0.1731871201800656,0.044,0.6666666666666666,0.6666666666666666,-9.65375110758573,-18.155436101090107,0.17393574157917205,,7,-12.752475006063339,-1.5930676520404277,1.069193524798422,0.5420021772706718,1.585455458448,0.002,0.0,0.1111111111111111,0.5315130935721326,1.591287865362909,1.0729141551290375,0.5141890523840508,1.6294479569373324,0.002,0.0,0.1111111111111111,0.5384224335691808,1.5907891383340587
Russia_W,Russia_W,tfm,0.25,10,30.488962085545463,3.744530355299841,24.53648519672284,40.39935469013992,-9.910392604594461,0.7376793844685525,1.0,9,3,123,2.4980690825808036,0.9422883897923897,-9.910392604594461,-15.578747913335144,-4.0212323591735935,0.002,1.0,1.0,-12.33385660567869,-20.163466578299836,-3.7997226633068553,,7,-13.002778150324643,-6.461910788175185,0.7376793844685506,0.2793408800369714,1.323711935778578,0.001,0.0,0.0,0.4622572100935385,1.0285086495108393,0.7686067846879432,0.3466796697733433,1.3153344982033177,0.001,0.0,0.0,0.5209588669918676,1.0365887159938711
Russia_W,Russia_W,tfm,0.5,3,32.96539166500663,6.12189525488441,27.894051595302813,40.39935469013992,-7.433963025133298,2.074151957621018,0.6666666666666666,9,3,123,2.758158608542276,0.8304584966680172,-7.433963025133296,-15.27514526579697,0.8027977268218337,0.084,0.6666666666666666,0.6666666666666666,-8.976290207098721,-17.72763889262698,1.3091197278579485,,7,-12.410130748713618,-0.22924913308615966,2.0741519576210194,1.0114775399639495,3.1150918729905483,0.002,0.0,0.1111111111111111,1.015137339517668,3.1038485791746897,2.0716570175604736,0.9443885343510389,3.192197542009352,0.002,0.0,0.1111111111111111,1.0055971555259628,3.0853351790172674
Russia_W,Russia_W,tfm,0.5,10,30.57018347512149,3.386030483182625,24.82288464916613,40.39935469013992,-9.829171215018432,1.4169613470754305,1.0,9,3,123,2.4980690825808036,0.9422883897923897,-9.829171215018434,-15.82297028704518,-3.634546700487149,0.002,1.0,1.0,-12.0474571532354,-20.088099428189558,-3.1539707420801895,,7,-13.015981233955305,-6.050951790033735,1.4169613470754296,0.5150803969047093,2.590500775482588,0.001,0.0,0.0,0.89506867124751,1.9738234504065182,1.4880476877317694,0.6378433857576693,2.5860264248161737,0.001,0.0,0.0,1.0183767816688856,2.0004766461794374
