target,mode,scope,store,method,variant,n,is10,is10_beq,is10_lo,is10_hi,cov10,cov10_beq,cov10_lo,cov10_hi,wid10,wid10_beq,lhw10,lhw10_beq,is20,is20_beq,cov20,cov20_beq,crps_log,crps_log_beq
Lena,x,B,Lena,B4,main,0,97.22370695569529,136.87336917791714,84.95267828798342,148.25918467688882,0.8994822149556241,0.8365303491126621,0.830151322262392,0.9190772240231551,72.78617408568968,71.86669631664662,0.707000639131753,0.7070006391317604,75.18091932236192,108.90895144625847,0.7852867816366285,0.7406973895841263,0.2508949555207417,0.27466057435580754
Lena,x,B,Lena,B4,probe_sig,0,97.88462129284183,134.66601122762955,86.09378130628569,146.61247741133806,0.9089339261982212,0.8408625366824515,0.8432165449435686,0.9255144645898177,74.92696063938635,73.9804391952346,0.7248089637717039,0.7248089637717074,75.74709120359303,108.06481928358016,0.8062501781514063,0.7521300304781843,0.25063112296108275,0.2742866344146129
Lena,x,B,Lena,ii,main,0,98.9128949563999,131.95204708791758,87.84023782653003,144.64688163028296,0.9142385451805609,0.8590200790760051,0.8524462831111653,0.9301556026065135,77.83047884576798,76.84727845157795,0.7486516397446049,0.7486516397446097,77.45221552463944,106.58448098881968,0.8352630232976722,0.7777093401222362,0.2503822970189622,0.2739849460106018
Lena,x,B,Lena,iii,main,0,105.11525269219301,126.50943439952566,96.36555698350544,140.66086537904934,0.9452379358101807,0.9032143011878642,0.9032009960127826,0.9585466666025719,90.2386582984579,89.09871048204911,0.8465815593995492,0.8465815593995583,80.60628917309757,104.94359609933528,0.8761508271354602,0.8012617724255332,0.2515942796116746,0.2742126410403848
Lena,x,B,Lena,iii,phys,0,169.38383448062916,149.2632286750915,159.0588414238234,187.725525309215,0.5891572841183801,0.7450316055212121,0.5198288744766757,0.6707633447210188,109.09459487814968,107.716447778467,0.708446753953847,0.7084467539538499,142.61293633011118,126.49577322852538,0.3903844800341615,0.5815295617223448,0.454809147058576,0.36548379537662834
Lena,x,B,Lena,iii,probe_sig,0,105.07585904502893,126.52857917733472,96.31510604786327,140.66493137233425,0.9452379358101807,0.9032143011878642,0.9032009960127826,0.9585466666025719,90.17429536352282,89.03516061757091,0.8460898459581314,0.8460898459581413,80.58330116660633,104.95310896899966,0.8761508271354602,0.8012617724255332,0.2515835656468264,0.2742069373351468
Lena,x,B,Lena,iii,sig_pool,0,102.9802074330336,127.79879409049354,93.60769240577109,141.10500148453804,0.9381691116458851,0.8950841415494362,0.8900038620385456,0.95101042936156,86.54096140580968,85.44772507179701,0.8180605562613573,0.8180605562613653,79.19438254395814,105.59351329653775,0.8552475484678876,0.7890385045558009,0.2509969954587354,0.2739109466669213
Lena,x,B,Lena,iii,stau025,0,101.37754341797465,129.05061786278554,91.40925601482513,141.89582476634334,0.929721860210757,0.8895933528708767,0.8763050477687059,0.9443453240351174,83.4486618428318,82.39448925600884,0.7937802880940124,0.7937802880940117,78.67626738415287,105.86492492591806,0.851989339708622,0.7876711378682917,0.25076352658882345,0.2738912346227501
Lena,x,B,Lena,iii,stau100,0,107.97601505450639,125.93078446937507,99.95088624469443,140.62475112363902,0.9581946344579636,0.9252457861842933,0.9220294217691395,0.9738057428231935,94.61509439210859,93.41986086043471,0.879628126596427,0.8796281265964219,81.92527874231874,104.57550055011704,0.8818660295963412,0.8263436235071634,0.25225877198834157,0.274565607125409
Lena,x,B,Lena,iii,t3,0,105.91129111419536,126.15768736653627,97.37445524230742,140.60553180571623,0.9559361474810515,0.9118482942468045,0.9182400844193004,0.9710859157347376,91.49131891834188,90.33554675607903,0.8561183977226762,0.8561183977226825,80.85270963972533,104.85494711878871,0.8776662245511992,0.8103854505158268,0.25172523079977444,0.27426313867235497
Lena,x,B,Lena,iii,w_beq,0,107.44071027918103,125.98073408144565,99.28435335865326,140.6128327247304,0.9579685539307187,0.9252012946588696,0.921787641415806,0.9737115871252653,93.8118502394257,92.62676376041394,0.8736197808147746,0.8736197808147672,81.80404743083584,104.589405002129,0.8818660295963412,0.8263436235071634,0.2521881988719595,0.2745407290278734
Lena,x,B,Lena,iii,w_cell,0,105.32874270971278,126.40736761399884,96.63806824172637,140.64155023828238,0.9478139325445605,0.9042515348170787,0.9057112719234178,0.9617057955563059,90.58406789984728,89.43975666616014,0.8492175399160363,0.8492175399160413,80.70672494986732,104.90259788612971,0.8769589819891024,0.8064998676636282,0.2516422983073793,0.27423568012748223
Lena,x,all,Lena|all,B4,main,0,96.43676326481497,145.21909613963481,76.4628977802577,150.93099809364912,0.889790398918188,0.814817784768978,0.814910917036123,0.958511935150258,73.25465197973719,71.92264405393254,0.7070006391317512,0.7070006391317605,75.32688573161292,117.31174138443998,0.7711291413116971,0.7173008522145736,0.2574330455837821,0.2860145073462836
Lena,x,all,Lena|all,ii,main,0,98.13829980708834,138.30509360608545,80.21275746191534,147.1023735948821,0.9063556457065585,0.8370095703932963,0.8420856454234628,0.9648692381538092,78.33142369251082,76.90710353838874,0.7486516397446044,0.7486516397446096,77.43368549062603,113.58076498554992,0.8211629479377958,0.7524994404355925,0.2565378934667776,0.28473549658286273
Lena,x,all,Lena|all,iii,main,0,104.42873178085344,127.98306465862993,90.74859342758232,141.96909159789254,0.9374577417173766,0.879300531953396,0.8933728680002285,0.9810523159431745,90.819466633727,89.16807322587974,0.8465815593995475,0.846581559399558,80.49680288416397,110.59772599136281,0.8651115618661258,0.7758619224824276,0.25742532550543246,0.2844267615376347
Lena,x,all,Lena|all,iii,phys,0,174.44288018836,147.1077915655362,143.83640661093418,198.846084379962,0.5716700473292765,0.7588386830439444,0.43679820870015934,0.7044243668556887,109.79676677689913,107.80030430493278,0.7084467539538452,0.70844675395385,146.00015044721113,124.26902795682201,0.3830290736984449,0.602802583499386,0.4656669970442919,0.3572273554810287
Lena,x,all,Lena|all,iii,probe_sig,0,104.38930641101034,128.02940465977304,90.6906842719148,141.9789164601451,0.9374577417173766,0.879300531953396,0.8933728680002285,0.9810523159431745,90.75468943588307,89.1044738882616,0.8460898459581294,0.8460898459581413,80.47413858063464,110.61593954728093,0.8651115618661258,0.7758619224824276,0.25741666773363764,0.28442441912387617
Lena,x,all,Lena|all,iii,sig_pool,0,102.2716792077162,130.7620649819306,87.50442399270639,142.8450663905685,0.9313725490196079,0.873638226502111,0.8813727102425997,0.9771348951156025,87.09797003907681,85.51424554816529,0.8180605562613565,0.8180605562613653,79.11309627632373,111.81213638534545,0.8427991886409736,0.7651235883908285,0.2569685867764293,0.28435424975159723
Lena,x,all,Lena|all,iii,stau025,0,100.6422187517002,133.210543373542,84.83766546448668,144.00114111351283,0.9215686274509803,0.8691955553579979,0.8670509165031691,0.9749428353295977,83.98576732821128,82.45863280893343,0.7937802880940122,0.7937802880940116,78.60838300101356,112.3010110469096,0.8397565922920892,0.7641046801124848,0.25678036324786835,0.28441134553535297
Lena,x,all,Lena|all,iii,stau100,0,107.3053219342169,126.15259263688195,94.77056017398664,141.75477039098942,0.9509803921568627,0.9124553107990074,0.9110116689011372,0.9908055087448707,95.224071038054,93.49258759062528,0.8796281265964282,0.8796281265964216,81.79356789501574,109.7765368048701,0.8705206220419203,0.8029411875987359,0.2579869701509403,0.28461107399689217
Lena,x,all,Lena|all,iii,t3,0,105.22689324059903,127.09748615959481,91.89824676910631,141.84020943842427,0.9486139283299526,0.8865799609853932,0.9079878109848418,0.9891978084199307,92.08018982616052,90.40587236858838,0.8561183977226747,0.8561183977226825,80.73951343337667,110.42031460986345,0.8664638269100744,0.7888345801905278,0.25753891453931393,0.2844482598242656
Lena,x,all,Lena|all,iii,w_beq,0,106.76531756433518,126.37900997172463,94.02737748407718,141.77225991325912,0.9506423258958756,0.9124129379176515,0.9107055961070559,0.9908055087448707,94.41565691822052,92.6988730698732,0.8736197808147762,0.8736197808147672,81.67411292058947,109.83308880499453,0.8705206220419203,0.8029411875987359,0.2579219904898459,0.2845956710764748
Lena,x,all,Lena|all,iii,w_cell,0,104.64276928907641,127.73477547007037,91.06161025772899,141.9162868238628,0.940500338066261,0.8800887652362561,0.8965434935085383,0.9825877977247061,91.16709941506326,89.50938491213971,0.8492175399160353,0.8492175399160414,80.59582212869401,110.51889935569216,0.8657876943881001,0.7825285891490943,0.25746496337377434,0.28443605221778107
Lena,x,B,Lena~noearly,B4,noearly,0,96.88719151793148,138.32037632332813,84.2912426375439,149.42643653798677,0.8954082518575452,0.8336435845399601,0.8232629399890427,0.915015035991955,71.41140759554153,70.50929668553752,0.6954616478606803,0.6954616478606762,75.02671832801613,109.2170782234713,0.7792580539769388,0.7367549730220603,0.2509615088295631,0.2747502755482131
Lena,x,B,Lena~noearly,iii,noearly,0,103.85126456956804,127.23370794449947,94.72464356392246,140.86783615246495,0.9396352155691667,0.8958805192665757,0.8936069830418404,0.951920378225467,88.09896115226664,86.98604324893029,0.8301453205960915,0.8301453205960854,79.8434770439595,105.27361573454013,0.8647901166633833,0.7982303330398317,0.2512526821354819,0.2740395768049872
Lena,x,all,Lena|all~noearly,B4,noearly,0,96.11846501828786,147.20540248544953,75.46701978354226,152.0918853014684,0.8853955375253549,0.8109622715110845,0.8092144311356474,0.9550404146382407,71.87103699991061,70.56418769638626,0.695461647860682,0.6954616478606762,75.19135936023304,117.76395095552076,0.7653820148749155,0.7114644152265108,0.25751872165945816,0.28613178096047903
Lena,x,all,Lena|all~noearly,iii,noearly,0,103.15271804716392,129.5752521343942,88.86408413287766,142.4224539590572,0.9327248140635565,0.8746294475677573,0.8846960167714885,0.9783263270564573,88.66599763009796,87.05376129560092,0.830145320596092,0.8301453205960856,79.74759021763111,111.22497123595227,0.8519269776876268,0.7728854460981245,0.25715538232865953,0.2843708115900515
Canada,x,B,Canada,B4,main,0,112.335522851877,125.09430665448117,104.64880528556714,118.34229082291155,0.8985621895505596,0.8839148781718442,0.8656200501969376,0.9494776645275337,98.78655080061264,92.26704141265826,0.6961621714225754,0.6961621714225755,94.79043775627068,100.17792555814565,0.8136538194397867,0.8466023279707343,0.23961649151029651,0.229650209447178
Canada,x,B,Canada,B4,probe_sig,0,115.59450790516152,123.1451885533982,110.11646594037771,120.67529491553348,0.9358400852448167,0.8956332896579713,0.9098549352180647,0.969573970928506,108.82193598633224,101.64013211193411,0.7561889546515898,0.756188954651589,95.13745446326536,100.72949156120504,0.8250559651993195,0.865732756314828,0.23949083882324923,0.22980016698269176
Canada,x,B,Canada,ii,main,0,113.68277858711738,123.93270548292386,107.45426691520554,118.91361016149523,0.9212889407062346,0.8875716383196293,0.8939282675083212,0.95839463840112,104.41843048663993,97.52724001267427,0.7301246265330527,0.7301246265330515,95.94786046199076,101.70839319541442,0.8385602119494514,0.8682511090899989,0.23915718526793484,0.23032061314647362
Canada,x,B,Canada,iii,main,0,119.92597980306827,122.12192724295373,114.85056413285297,124.8020295123983,0.9525450413305412,0.8986883544327814,0.9270687015731794,0.9808365389298114,115.77395135223415,108.13334282198097,0.7964707122041499,0.7964707122041491,98.08162633216963,103.5842477591871,0.8610262003311201,0.8735401437054284,0.23991121262669363,0.23137066296926845
Canada,x,B,Canada,iii,phys,0,207.08641597336813,167.41206684611547,178.54394334634122,230.67091693656923,0.6894924211350186,0.8324912853691003,0.5929349097951406,0.7994897463773931,148.40518284130889,138.61104614037473,0.6910808785533881,0.6910808785533877,169.213486544276,135.65479003739875,0.5542122662734708,0.7140886494756664,0.3702780784473915,0.2910782914466593
Canada,x,B,Canada,iii,probe_sig,0,119.94390503886325,122.11863842520988,114.86660716211841,124.82149246077854,0.9525450413305412,0.8986883544327814,0.9270687015731794,0.9808365389298114,115.79825504622443,108.15604257130617,0.7966096876883866,0.7966096876883856,98.09053726195914,103.59111310409487,0.8610262003311201,0.8735401437054284,0.23991387158903787,0.2313755884458893
Canada,x,B,Canada,iii,sig_pool,0,116.31880137892108,122.93100696489947,111.01142257378447,121.36717070375249,0.9389610246141291,0.8961192424878732,0.9128401211366747,0.9716063315480085,110.18373719216495,102.91205999316966,0.7641628584906968,0.7641628584906976,96.44117664365355,102.19256867631793,0.847442183614708,0.8709710317605202,0.23946420352293324,0.23047771110390144
Canada,x,B,Canada,iii,stau025,0,115.0804691096815,123.30629762030769,109.51763444265606,120.23300569389981,0.933754090312511,0.8953242653489468,0.9080907253193974,0.9680997574522298,107.80820147872905,100.69329994666046,0.7502266228606553,0.7502266228606556,96.28452443663389,102.04476241900672,0.8453561886824021,0.8706620074514959,0.23932528755856372,0.23043366389603107
Canada,x,B,Canada,iii,stau100,0,123.86326196696375,121.48259433245823,118.4626359222251,128.87245290064024,0.964726275924012,0.902730446069618,0.9430398652354927,0.9880336355105115,120.80334432031809,112.83081636980589,0.8249590152345674,0.8249590152345663,99.31508680043326,104.52129636125255,0.8661371225032699,0.8745301471149795,0.24040301948519013,0.2320443169244001
Canada,x,B,Canada,iii,t3,0,119.38107435883038,122.2215326700397,114.315367186279,124.2474409438752,0.9525450413305412,0.8986883544327814,0.9270687015731794,0.9808365389298114,115.0348120639206,107.44298371163809,0.7922379894861769,0.7922379894861755,97.74579996390733,103.31730026742109,0.858940205398814,0.8732311193964041,0.23982802893072036,0.23118881291431528
Canada,x,B,Canada,iii,w_beq,0,121.46919724123465,121.84345522716394,116.24524804214052,126.40625334507205,0.9600017028543493,0.9012271376594626,0.9359610599620366,0.9858847005434759,117.84544722668372,110.06812841865353,0.8082703003160658,0.808270300316065,98.64321863153958,104.0156071691448,0.862050570101063,0.8738506012217682,0.24011447765113897,0.23167765915717942
Canada,x,B,Canada,iii,w_cell,0,132.46640173266718,124.17469192938202,126.75869145147706,137.77591911307027,0.9765955674261904,0.9535030170937816,0.9639203938489388,0.9917701854992902,130.7862416617503,122.15488320841159,0.8799160280082952,0.8799160280082947,102.59385162075611,106.77859664172567,0.8850038268856256,0.8807406541710279,0.24178522445798656,0.23391423556739926
Canada,x,all,Canada|all,B4,main,0,110.03020769806223,121.44362442224077,97.45782385022454,121.98244327542083,0.8902275769745649,0.8858163275627895,0.8013471502590673,0.9631000090738612,96.49635636478217,90.40111365426259,0.6961621714225754,0.6961621714225755,91.47858622372598,96.23575929893397,0.8032128514056225,0.836685337957946,0.25110941576120704,0.23406186858490466
Canada,x,all,Canada|all,ii,main,0,111.89018808927425,120.94719570175016,100.97387157670553,122.63275113650104,0.9143239625167336,0.8891756074130943,0.8459688823802999,0.9725143397335173,101.99767071154342,95.55493460921527,0.7301246265330528,0.7301246265330515,92.95846770768425,97.99575708822793,0.8246318607764391,0.8680487063417979,0.2504766806358659,0.23460157598277265
Canada,x,all,Canada|all,iii,main,0,118.37417903593325,120.33505169078717,109.21668004227456,128.74878142261275,0.9424364123159303,0.8984348579292847,0.88195270581021,0.9868868504800364,113.089933567909,105.94654889328821,0.7964707122041499,0.7964707122041491,95.331751092921,100.13202210107445,0.8473895582329317,0.8738235498106832,0.25102240076642907,0.23556142821234938
Canada,x,all,Canada|all,iii,phys,0,219.01044810528956,168.94970355759173,173.32961870923634,276.9217957204285,0.6278447121820616,0.8123028279724828,0.43056537900368236,0.8197893114080164,144.96466668564761,135.80789785845639,0.6910808785533881,0.6910808785533875,178.58499113116002,138.00096996568794,0.4926372155287818,0.6854918191793227,0.41527945861609633,0.3070203197479341
Canada,x,all,Canada|all,iii,probe_sig,0,118.39135418521207,120.33413108316017,109.23501483382445,128.7648011395547,0.9424364123159303,0.8984348579292847,0.88195270581021,0.9868868504800364,113.113673823007,105.96878958278307,0.7966096876883866,0.7966096876883856,95.34125248582403,100.13979350705168,0.8473895582329317,0.8738235498106832,0.2510242968166448,0.23556595906086977
Canada,x,all,Canada|all,iii,sig_pool,0,114.79049583968632,120.5787776191826,105.08153484562852,125.00255482809578,0.9303882195448461,0.8961083922270229,0.8666558441558442,0.9821637681069435,107.62931880432373,100.83085671109947,0.764162858490697,0.7641628584906978,93.52347953665064,98.54858537886186,0.8353413654618473,0.8714970841084213,0.25073417277022575,0.23474654322884023
Canada,x,all,Canada|all,iii,stau025,0,113.48494928366667,120.7041881453211,103.27473398063522,123.71825830850814,0.9263721552878179,0.8955429633176448,0.8617981135553644,0.9803467814868466,105.30885575643731,98.65696692266523,0.7502266228606554,0.7502266228606557,93.34534411485186,98.37984759616387,0.8340026773761714,0.8713028339141711,0.2506082934358243,0.23470531653569449
Canada,x,all,Canada|all,iii,stau100,0,122.14958951669047,120.1958401707937,113.11908161284448,132.64468014773075,0.9571619812583668,0.9034594577986298,0.9058820788333973,0.9922810728661793,118.00272880383442,110.54902485418482,0.8249590152345674,0.8249590152345664,96.65322172784144,101.19425931160754,0.8540829986613119,0.8749924005167286,0.25141826606741274,0.2361888920260834
Canada,x,all,Canada|all,iii,t3,0,117.85220154506898,120.36271192058865,108.63607402935196,128.18743585025788,0.9424364123159303,0.8984348579292847,0.88195270581021,0.9868868504800364,112.36792993897089,105.27015100038037,0.7922379894861767,0.7922379894861754,94.9686581847624,99.82903418636192,0.8460508701472557,0.873629299616433,0.2509688577413131,0.2353949929505022
Canada,x,all,Canada|all,iii,w_beq,0,119.85760045769925,120.26030124143423,110.84277366594233,130.37474779390772,0.9504685408299867,0.9015082176905425,0.8927598021752342,0.9908824935967885,115.11340541189017,107.84220708220928,0.808270300316066,0.808270300316065,95.93125974752125,100.6206127606128,0.8487282463186078,0.8742320465427094,0.25118015473162725,0.2358455394887281
Canada,x,all,Canada|all,iii,w_cell,0,130.44844558584464,122.41750147337864,120.97932109805521,141.9717064410577,0.9705488621151271,0.9361248859656504,0.9381247932243764,0.9942795434439848,127.75419002608314,119.68452993911426,0.8799160280082954,0.8799160280082948,100.10095647336931,103.75373570342038,0.8741633199464525,0.8823232316931011,0.25258195260308297,0.23795513520705164
Canada,x,B,Canada~noearly,B4,noearly,0,111.76080495356237,125.23896136587413,103.78202097892058,117.79110061276742,0.8917503156942563,0.8828458354959544,0.8571516407315924,0.9465732869033179,97.11406538182872,90.72878334229105,0.6860997591378564,0.6860997591378563,94.5379150985262,99.86234379235366,0.8111415489360863,0.8463925100109163,0.23813721782189218,0.22866751994547235
Canada,x,B,Canada~noearly,iii,noearly,0,118.88651001060944,122.05915336878081,113.95527193102174,123.54585663711339,0.9527931309717707,0.8989363703057972,0.9270687015731794,0.9813146110576544,114.79425570157966,107.24649527891151,0.7910345513983151,0.7910345513983159,97.6367105345728,103.24895212948832,0.8587113050116024,0.8734295320948167,0.23827946471122413,0.23022445520266985
Canada,x,all,Canada|all~noearly,B4,noearly,0,108.6776551640776,121.25250112453263,95.56727666454685,120.49474154798408,0.8839406207827261,0.8850416886313035,0.788724792624486,0.961692616709552,94.78394810848063,88.89363908026402,0.6860997591378566,0.6860997591378563,90.81600719274427,95.8285709465987,0.8016194331983806,0.8366564316790398,0.24685322342115001,0.23243384752595242
Canada,x,all,Canada|all~noearly,iii,noearly,0,116.7642113665328,120.05294122802249,108.30077288833702,126.06488677985843,0.9433198380566802,0.8988482177176444,0.8824467966499282,0.9879346068324237,112.03992678908173,105.07725214367525,0.7910345513983152,0.7910345513983158,94.51708409160844,99.69397269134085,0.8461538461538461,0.8739599874471209,0.2466228561561993,0.23376918035205416
Russia_W,x,B,Russia_W,B4,main,0,202.30291418047318,193.2726945937139,147.9700252394018,260.4572024807619,0.7710245636716225,0.7807359307359307,0.6847940233785822,0.8496853296986809,71.97122048412511,72.11258036114609,0.6250103853572051,0.625010385357205,164.83251202001793,159.88483293063652,0.544575522516699,0.4943181818181818,0.33987489293173745,0.34485135452167803
Russia_W,x,B,Russia_W,B4,probe_sig,0,195.88431667032265,187.352140904348,143.36377429641664,249.85792823174557,0.7853102779573368,0.7989177489177489,0.7052366004093945,0.861591288828131,74.76495221715496,74.91179930936491,0.6464101245295879,0.6464101245295879,163.37142829481553,158.17843197591563,0.544575522516699,0.4943181818181818,0.3381684301754001,0.343014509100426
Russia_W,x,B,Russia_W,ii,main,0,181.9415525207517,174.48511332256047,137.9472196156097,227.22416634399937,0.8149806076276664,0.8205086580086579,0.7296450534759359,0.8940891510450334,82.49190842684352,82.65393216288695,0.7042569683838842,0.7042569683838842,147.52270760983743,140.99561144139247,0.7058284852402499,0.7372835497835497,0.3297853474432023,0.33361153397305593
Russia_W,x,B,Russia_W,iii,main,0,177.61689333692706,170.44066363140456,136.1371238816276,220.25320558580367,0.8149806076276664,0.8205086580086579,0.7296450534759359,0.8940891510450334,84.97291669497926,85.13981342082766,0.7224137911093124,0.7224137911093124,145.6727588421978,139.53870179618502,0.7058284852402499,0.7372835497835497,0.32867245811984214,0.33239406519721537
Russia_W,x,B,Russia_W,iii,phys,0,125.98539496208846,126.26868480175085,121.2191774125258,130.58673240157535,0.9882352941176471,0.9833333333333332,0.95,1.0,125.89897200711853,126.14625228221011,0.7432525283699997,0.7432525283699997,102.83047474886345,101.65864755186253,0.8830613014436544,0.8990800865800865,0.19431573834374677,0.19036374716707005
Russia_W,x,B,Russia_W,iii,probe_sig,0,177.6693384558202,170.48971755176137,136.1564069974029,220.3380639832018,0.8149806076276664,0.8205086580086579,0.7296450534759359,0.8940891510450334,84.94299218751287,85.10983013813602,0.7221959966739526,0.7221959966739526,145.69298249973266,139.55464109444796,0.7058284852402499,0.7372835497835497,0.3286834683773263,0.33240602064450825
Russia_W,x,B,Russia_W,iii,sig_pool,0,185.9001384630495,178.1861549372671,139.418929825609,234.288080525046,0.8149806076276664,0.8205086580086579,0.7296450534759359,0.8940891510450334,80.19606669266899,80.35358112759153,0.6872750112534223,0.687275011253422,150.061347615478,143.39632963167338,0.6672780650721826,0.6774350649350649,0.33123427945442335,0.33522308975631715
Russia_W,x,B,Russia_W,iii,stau025,0,178.2372377997226,171.02088482649737,136.36510981540832,221.25013113788464,0.8149806076276664,0.8205086580086579,0.7296450534759359,0.8940891510450334,84.61870520548646,84.78490621862834,0.7198339125559803,0.7198339125559802,145.91878493993116,139.73258930397463,0.7058284852402499,0.7372835497835497,0.32880910433929766,0.3325426072433638
Russia_W,x,B,Russia_W,iii,stau100,0,177.33777303034276,170.1795889770048,136.03446937568526,219.8016030603931,0.8149806076276664,0.8205086580086579,0.7296450534759359,0.8940891510450334,85.13211351193333,85.2993229189106,0.7235719531115399,0.7235719531115399,145.56563156703234,139.45426485231457,0.7058284852402499,0.7372835497835497,0.32861370845437143,0.33233030963231724
Russia_W,x,B,Russia_W,iii,t3,0,176.64826760137555,169.53464138236075,135.77004069298644,218.56568002720226,0.8149806076276664,0.8205086580086579,0.7296450534759359,0.8940891510450334,85.52490313508898,85.69288402672986,0.7264259611569881,0.7264259611569883,145.29937684379783,139.24437241592506,0.7058284852402499,0.7372835497835497,0.328466919005644,0.3321707448919864
Russia_W,x,B,Russia_W,iii,w_beq,0,171.20602348279394,164.4431234192014,133.2391723182162,209.7496610882264,0.8149806076276664,0.8205086580086579,0.7296450534759359,0.8940891510450334,88.60237439226252,88.77639979663394,0.7486124395809055,0.7486124395809055,143.01603899668424,137.44253710785216,0.7058284852402499,0.7372835497835497,0.3272414775621429,0.33082140782994046
Russia_W,x,B,Russia_W,iii,w_cell,0,166.55342852987346,160.08907383738818,131.56208248239292,202.4204772411444,0.8149806076276664,0.8205086580086579,0.7296450534759359,0.8940891510450334,91.20286575625641,91.38199882917837,0.7671201295601398,0.7671201295601398,141.18474129290047,135.99512679971514,0.7058284852402499,0.7372835497835497,0.3263845028931566,0.32988227158360106
Russia_W,x,all,Russia_W|all,B4,main,0,194.46658745869718,193.16129819280528,112.48046685075329,298.94318381291924,0.75,0.7388888888888889,0.5925925925925926,0.8750946969696969,72.32950926958118,72.85111161659582,0.625010385357205,0.6250103853572049,165.0636681718387,165.99965432377707,0.5357142857142857,0.47777777777777775,0.33863546883208795,0.34792388246254474
Russia_W,x,all,Russia_W|all,ii,main,0,173.07706617879518,171.7024273008489,108.13978526813473,257.3109794019631,0.8214285714285714,0.8222222222222223,0.6666666666666666,0.9545454545454546,82.90257154303627,83.5004212495679,0.7042569683838842,0.7042569683838842,146.24713671295572,144.93525048560045,0.6785714285714286,0.7,0.32833780141542007,0.3362951096788637
Russia_W,x,all,Russia_W|all,iii,main,0,168.80029712682557,167.4581972679585,108.21407511169821,245.95177686449088,0.8214285714285714,0.8222222222222223,0.6666666666666666,0.9545454545454546,85.39593082360612,86.01176132477923,0.7224137911093124,0.7224137911093125,143.9737853853358,142.88274559513522,0.6785714285714286,0.7,0.3271952294815904,0.3350035563721414
Russia_W,x,all,Russia_W|all,iii,phys,0,126.78808056478822,127.84627049172316,120.20940969383646,133.85831447631418,0.9642857142857143,0.9444444444444444,0.875,1.0,126.52572516577236,127.43816209325405,0.7432525283699997,0.7432525283699998,102.30123847618252,102.91438103489479,0.8928571428571429,0.8888888888888888,0.2021409996895059,0.20550463782375117
Russia_W,x,all,Russia_W|all,iii,probe_sig,0,168.85216314157833,167.50967020907117,108.20121883064309,246.09410266136803,0.8214285714285714,0.8222222222222223,0.6666666666666666,0.9545454545454546,85.36585734526828,85.98147097234613,0.7221959966739526,0.7221959966739527,143.9986247901304,142.905177996739,0.6785714285714286,0.7,0.3272063196558763,0.3350160088636856
Russia_W,x,all,Russia_W|all,iii,sig_pool,0,176.99156235748768,175.58690560649265,108.2188156738804,266.32193943885335,0.8214285714285714,0.8222222222222223,0.6666666666666666,0.9545454545454546,80.59530059672663,81.17651147972764,0.6872750112534224,0.6872750112534223,149.20982889702097,147.92827912285884,0.6428571428571429,0.6444444444444444,0.32981813933444426,0.3379810318124908
Russia_W,x,all,Russia_W|all,iii,stau025,0,169.4137891255378,168.06703745924457,108.25215742345948,247.6355411838596,0.8214285714285714,0.8222222222222223,0.6666666666666666,0.9545454545454546,85.03995599032797,85.65321938838659,0.7198339125559803,0.7198339125559801,144.27598230024321,143.15564991588317,0.6785714285714286,0.7,0.32733327280744445,0.3351583709736807
Russia_W,x,all,Russia_W|all,iii,stau100,0,168.52425822462106,167.1842497430196,108.26862412153535,245.194369739549,0.8214285714285714,0.8222222222222223,0.6666666666666666,0.9545454545454546,85.55592015781656,86.17290441785053,0.72357195311154,0.7235719531115399,143.84221257183142,142.76392034713527,0.6785714285714286,0.7,0.32713612627380245,0.33493722210579174
Russia_W,x,all,Russia_W|all,iii,t3,0,167.8423599226656,166.50751330686046,108.37666074106218,243.3238700897399,0.8214285714285714,0.8222222222222223,0.6666666666666666,0.9545454545454546,85.95066517531002,86.57049612861864,0.726425961156988,0.7264259611569881,143.51523459098365,142.4686061094342,0.6785714285714286,0.7,0.3269883041545421,0.334771114684607
Russia_W,x,all,Russia_W|all,iii,w_beq,0,162.45992600082587,161.16560777003878,108.95804164440695,229.78231230068826,0.8214285714285714,0.8222222222222223,0.6666666666666666,0.9545454545454546,89.04345677069084,89.68559130895765,0.7486124395809054,0.7486124395809056,140.71307713263022,139.93689862125376,0.6785714285714286,0.7,0.32574558347942484,0.33335520303271465
Russia_W,x,all,Russia_W|all,iii,w_cell,0,157.8581524095724,156.59819622477409,109.81957547328297,221.2104591152277,0.8214285714285714,0.8222222222222223,0.6666666666666666,0.9545454545454546,91.65689396061529,92.31787523219752,0.7671201295601399,0.7671201295601399,138.46806391441592,137.90744085617894,0.6785714285714286,0.7,0.3248851985834743,0.33237115957631835
Russia_W,x,B,Russia_W~noearly,B4,noearly,0,204.57465794444275,195.38920302405054,149.7795089392832,263.0098395392008,0.7710245636716225,0.7807359307359307,0.6847940233785822,0.8496853296986809,71.00029078433529,71.13974364210557,0.6175129281915142,0.6175129281915142,165.30810484387564,160.44034994265166,0.544575522516699,0.4943181818181818,0.34022098986984106,0.3452162298373761
Russia_W,x,B,Russia_W~noearly,iii,noearly,0,181.30316212439277,173.8881602660514,137.67358291404304,226.17256237224086,0.8149806076276664,0.8205086580086579,0.7296450534759359,0.8940891510450334,82.85988640008321,83.02263288781396,0.7069627148454956,0.7069627148454956,147.36990989291334,140.87536508147645,0.7058284852402499,0.7372835497835497,0.32971740772616076,0.333544526457269
Russia_W,x,all,Russia_W|all~noearly,B4,noearly,0,197.18067986929415,196.0926690977643,113.61658358207968,303.2230026254997,0.75,0.7388888888888889,0.5925925925925926,0.8750946969696969,71.3537460652244,71.86831172164534,0.617512928191514,0.6175129281915139,165.56372736040925,166.5984125438636,0.5357142857142857,0.47777777777777775,0.33897496533976473,0.348295132660772
Russia_W,x,all,Russia_W|all~noearly,iii,noearly,0,172.4457629032335,171.07594365454455,108.06125870839715,255.86253563813537,0.8214285714285714,0.8222222222222223,0.6666666666666666,0.9545454545454546,83.27238139268741,83.87289797318893,0.7069627148454956,0.7069627148454956,146.05927586280126,144.76568257940116,0.6785714285714286,0.7,0.32826881535429286,0.33622125250155843
Russia_E,x,B,Russia_E,B4,main,0,137.58984629124853,101.09783236732596,82.36200963017093,171.75205637617822,0.9017316017316016,0.9650000000000001,0.8430433537051184,1.0,83.43805529797233,81.81072971619652,0.732974076613619,0.732974076613619,109.3202978833767,76.4535178966892,0.8240259740259741,0.9379545454545454,0.21401380579473578,0.16522087089298595
Russia_E,x,B,Russia_E,B4,probe_sig,0,135.14518775630356,102.35609467911243,85.72804482338688,165.88543508406752,0.9017316017316016,0.9650000000000001,0.8430433537051184,1.0,86.8480671693144,85.1542347696055,0.7583089601504387,0.7583089601504387,108.27243945797586,77.78287902303148,0.8525974025974026,0.9475,0.21517151159324266,0.1671796141329996
Russia_E,x,B,Russia_E,ii,main,0,130.52840795328171,104.61363083847559,91.89716618204938,154.9162250415793,0.9017316017316016,0.9650000000000001,0.8430433537051184,1.0,93.09778705079023,91.28206387827103,0.8036951358513289,0.8036951358513289,108.25921718284914,82.02892270855712,0.9017316017316016,0.9650000000000001,0.2163025941502364,0.16958577883197185
Russia_E,x,B,Russia_E,iii,main,0,123.10528088296583,107.97730869325116,101.39548574108679,137.11325032109306,0.9017316017316016,0.9650000000000001,0.8430433537051184,1.0,102.72020054171189,100.7168076113552,0.8709824671407944,0.8709824671407944,109.13360058542885,85.45953173077763,0.9017316017316016,0.9650000000000001,0.21865609223953436,0.17348035782708773
Russia_E,x,B,Russia_E,iii,phys,0,135.3034472454354,132.66457029392163,130.76194345410536,138.19184878338567,1.0,1.0,1.0,1.0,135.3034472454354,132.66457029392163,0.7699851519356149,0.7699851519356151,104.39286452359207,103.80577836701195,0.8056277056277056,0.7304545454545455,0.2675635394196535,0.28005787916166025
Russia_E,x,B,Russia_E,iii,probe_sig,0,123.2530480150087,107.91308254085118,101.21072908904428,137.4740543401079,0.9017316017316016,0.9650000000000001,0.8430433537051184,1.0,102.53303007538872,100.53328760508785,0.8697029830147889,0.8697029830147889,109.11307258276801,85.37604678124731,0.9017316017316016,0.9650000000000001,0.2185844082088353,0.1733683526829576
Russia_E,x,B,Russia_E,iii,sig_pool,0,124.62154504147914,107.31338272204682,99.4919338542143,140.73851218241902,0.9017316017316016,0.9650000000000001,0.8430433537051184,1.0,100.79177907272864,98.82599691335308,0.8577447177158393,0.8577447177158393,108.86568205212984,84.38152444797748,0.9017316017316016,0.9650000000000001,0.21763655384210523,0.17188651862902532
Russia_E,x,B,Russia_E,iii,stau025,0,128.11038202814592,105.74201351141099,95.04285607768064,149.17099881853449,0.9017316017316016,0.9650000000000001,0.8430433537051184,1.0,96.28457485065721,94.40669848806313,0.8263235402866977,0.8263235402866977,108.48549050722045,82.89307187248025,0.9017316017316016,0.9650000000000001,0.21667374094171715,0.17028225535897973
Russia_E,x,B,Russia_E,iii,stau100,0,121.93245947752075,110.12454298380717,105.29182941632482,132.6165528304885,0.9508658008658009,0.9824999999999999,0.9215216768525591,1.0,106.82853799684972,104.745018526925,0.8987794145285621,0.8987794145285621,109.50767222053693,87.00781203816713,0.9017316017316016,0.9650000000000001,0.21990475061573306,0.17540714015383427
Russia_E,x,B,Russia_E,iii,t3,0,122.95870046361506,108.04091937957428,101.5786010373939,136.7554448025514,0.9017316017316016,0.9650000000000001,0.8430433537051184,1.0,102.9057082082657,100.8986972480985,0.8722494517437145,0.8722494517437147,109.11082540382407,85.36691686794354,0.9017316017316016,0.9650000000000001,0.21851480794607675,0.17326157388598942
Russia_E,x,B,Russia_E,iii,w_beq,0,122.09409228877333,111.24605475018612,106.97145420112939,131.878710696247,0.9508658008658009,0.9824999999999999,0.9215216768525591,1.0,108.53267649590146,106.4159205349716,0.910149862834569,0.910149862834569,109.7130716377221,87.88065703339839,0.9017316017316016,0.9650000000000001,0.22073065192557678,0.17665663317458485
Russia_E,x,B,Russia_E,iii,w_cell,0,122.48513540797276,114.10332597442255,111.2169335144475,129.87671802956507,0.9508658008658009,0.9824999999999999,0.9215216768525591,1.0,112.88614003240382,110.68447674043686,0.938779312962444,0.938779312962444,110.11677366396752,89.6465642383769,0.9017316017316016,0.9650000000000001,0.22227023677491098,0.178969507316958
Russia_E,x,all,Russia_E|all,B4,main,0,123.89628894110177,95.4994788736315,79.09982053407441,196.02137629687925,0.9259259259259259,0.9736842105263158,0.8,1.0,83.07702407098658,80.99789793293269,0.7329740766136189,0.7329740766136189,97.23381053475048,71.63372764981382,0.8518518518518519,0.9473684210526315,0.19890543758661736,0.16111393950208122
Russia_E,x,all,Russia_E|all,ii,main,0,120.90991530048697,100.39886406300946,88.25730922825022,171.13596306555942,0.9259259259259259,0.9736842105263158,0.8,1.0,92.69495877095352,90.37512950646469,0.8036951358513287,0.803695135851329,98.44657563266718,77.93665832473829,0.9259259259259259,0.9736842105263158,0.20183867549959394,0.16569363342161827
Russia_E,x,all,Russia_E|all,iii,main,0,117.64187653866499,105.17515756563182,97.37941996679059,145.5776365584386,0.9259259259259259,0.9736842105263158,0.8,1.0,102.27573668280054,99.71613419578523,0.8709824671407944,0.8709824671407945,100.31412366323454,81.68283882906421,0.9259259259259259,0.9736842105263158,0.20466054232282185,0.1697090914435796
Russia_E,x,all,Russia_E|all,iii,phys,0,134.7179977236318,131.3464793830837,127.98790160130129,140.00575481629141,1.0,1.0,1.0,1.0,134.7179977236318,131.3464793830837,0.769985151935615,0.769985151935615,105.23226816710502,104.75586801418825,0.8148148148148148,0.7368421052631579,0.27387706059696887,0.2865723950451523
Russia_E,x,all,Russia_E|all,iii,probe_sig,0,117.7079897119976,105.0831555522219,97.20198114415062,146.07030383211148,0.9259259259259259,0.9736842105263158,0.8,1.0,102.08937609133449,99.53443755540737,0.869702983014789,0.869702983014789,100.26913839065482,81.5915743738018,0.9259259259259259,0.9736842105263158,0.20457730149252631,0.16959463332678493
Russia_E,x,all,Russia_E|all,iii,sig_pool,0,118.31838066068691,104.2256027662576,95.55126383867987,150.8020757711096,0.9259259259259259,0.9736842105263158,0.8,1.0,100.3556593724462,97.84410967701419,0.8577447177158393,0.8577447177158393,99.73149280396157,80.50475748446325,0.9259259259259259,0.9736842105263158,0.20347970239297292,0.16808449775756876
Russia_E,x,all,Russia_E|all,iii,stau025,0,119.85804224557694,101.99151251091101,91.27840484402715,162.90471873651214,0.9259259259259259,0.9736842105263158,0.8,1.0,95.8679575400788,93.46871926027352,0.8263235402866977,0.8263235402866979,98.92070752719134,78.8794957403956,0.9259259259259259,0.9736842105263158,0.2023203705077574,0.166427417358138
Russia_E,x,all,Russia_E|all,iii,stau100,0,117.75153456547615,107.74907798960719,101.27415066532255,138.996300742676,0.9629629629629629,0.9868421052631579,0.9,1.0,106.36629761969378,103.70432275886873,0.8987794145285621,0.8987794145285622,101.14431891508495,83.3762786120377,0.9259259259259259,0.9736842105263158,0.2061075768733642,0.17168143449673084
Russia_E,x,all,Russia_E|all,iii,t3,0,117.57625570419678,105.26630849337819,97.55528244440588,145.08230324051644,0.9259259259259259,0.9736842105263158,0.8,1.0,102.46044166932745,99.89621666520094,0.8722494517437148,0.8722494517437146,100.26421742425158,81.58159399182671,0.9259259259259259,0.9736842105263158,0.20450053858863054,0.16948912339603953
Russia_E,x,all,Russia_E|all,iii,w_beq,0,118.28556869403313,108.99030335497257,102.88968507535664,137.65418393597722,0.9629629629629629,0.9868421052631579,0.9,1.0,108.06306241844689,105.35862349390906,0.910149862834569,0.9101498628345691,101.60896550076183,84.3316880699511,0.9259259259259259,0.9736842105263158,0.20705395777127697,0.17295585697253194
Russia_E,x,all,Russia_E|all,iii,w_cell,0,119.63334854600674,112.155332726329,107.01679689752467,134.29694269983614,0.9629629629629629,0.9868421052631579,0.9,1.0,112.39768879153972,109.58476939250518,0.9387793129624441,0.9387793129624442,102.5417210337255,86.26621594530168,0.9259259259259259,0.9736842105263158,0.2088179201060943,0.1753185921895001
Russia_E,x,B,Russia_E~noearly,B4,noearly,0,138.0233621194171,100.86961547282458,81.75706165238262,172.79693353635398,0.9017316017316016,0.9650000000000001,0.8430433537051184,1.0,82.82520377759599,81.2098308827971,0.7283777450092837,0.7283777450092837,109.32949190086688,76.44269444809973,0.8240259740259741,0.9379545454545454,0.21384653952373434,0.1649323263221874
Russia_E,x,B,Russia_E~noearly,iii,noearly,0,123.91914918834422,107.62229860740997,100.375884533544,139.06882854472985,0.9017316017316016,0.9650000000000001,0.8430433537051184,1.0,101.68727841755734,99.70403097825525,0.8639071438337893,0.8639071438337895,109.00684130395852,84.94639318683004,0.9017316017316016,0.9650000000000001,0.21819104390590663,0.1727553156623835
Russia_E,x,all,Russia_E|all~noearly,B4,noearly,0,124.07483403500764,95.18476226411336,78.51883329626448,197.6220675053543,0.9259259259259259,0.9736842105263158,0.8,1.0,82.46682432066376,80.40296933928066,0.7283777450092835,0.7283777450092835,97.23808183776138,71.62142285179132,0.8518518518518519,0.9473684210526315,0.19870358157920395,0.16082064513103522
Russia_E,x,all,Russia_E|all~noearly,iii,noearly,0,118.00552231641119,104.66700470432154,96.4002030572579,148.33298420593897,0.9259259259259259,0.9736842105263158,0.8,1.0,101.24728394782979,98.71342002074657,0.8639071438337893,0.8639071438337894,100.03726276614412,81.12196156152429,0.9259259259259259,0.9736842105263158,0.204122333599796,0.16896988595482576
Alaska,x,B,Alaska,B4,main,0,83.03227205123612,97.83571941144025,77.51500393265268,96.77805208632746,0.982852699328357,0.9694421121586588,0.9598307252347131,0.9881557425229355,80.31532674718544,90.77128751230396,0.7758347316573238,0.7758347316573335,64.66979125505233,75.87522933982416,0.9626174815348696,0.9552905377987475,0.17951643052689326,0.18944575910532763
Alaska,x,B,Alaska,B4,probe_sig,0,83.03227205123612,97.83571941144025,77.51500393265268,96.77805208632746,0.982852699328357,0.9694421121586588,0.9598307252347131,0.9881557425229355,80.31532674718544,90.77128751230396,0.7758347316573238,0.7758347316573335,64.66979125505233,75.87522933982416,0.9626174815348696,0.9552905377987475,0.17951643052689326,0.18944575910532763
Alaska,x,B,Alaska,ii,main,0,91.49521707073778,106.15664713103646,85.41415198495666,105.76749123591802,0.9881603612077076,0.9740496390077956,0.9706776026227671,0.9919153724450525,89.72879158773131,101.41025716024942,0.8501881635419076,0.8501881635419004,69.440066436004,81.13218951255732,0.9709656062531989,0.9609085284509187,0.1855113694376506,0.19467004812870983
Alaska,x,B,Alaska,iii,main,0,103.78844614327829,118.16463042533587,96.58275588903507,119.40585716843376,0.9916452742666984,0.9764068977657541,0.9767074336746527,0.9943926604495831,102.78244369854959,116.1633168417055,0.9473225407191244,0.9473225407191042,75.5029294683448,87.69843019432173,0.9777056376459919,0.9659308837500993,0.19105607441604222,0.19984724487486416
Alaska,x,B,Alaska,iii,phys,0,245.05822921850736,330.8565532342273,228.38806438352242,311.96056728947735,0.6001611358339167,0.42035628481997234,0.49916944663641866,0.6341199927307669,174.26209589458472,196.94864541528642,0.7724324161907777,0.7724324161907786,215.8359884119121,282.1309109760449,0.3339852413835678,0.2714446907737196,0.5054404995917079,0.5968650465397942
Alaska,x,B,Alaska,iii,probe_sig,0,103.78844614327829,118.16463042533587,96.58275588903507,119.40585716843376,0.9916452742666984,0.9764068977657541,0.9767074336746527,0.9943926604495831,102.78244369854959,116.1633168417055,0.9473225407191244,0.9473225407191042,75.5029294683448,87.69843019432173,0.9777056376459919,0.9659308837500993,0.19105607441604222,0.19984724487486416
Alaska,x,B,Alaska,iii,sig_pool,0,103.82655437739997,118.2016053074238,96.61820470773834,119.44990158538839,0.9916452742666984,0.9764068977657541,0.9767074336746527,0.9943926604495831,102.82228795409159,116.20834827620286,0.9476088211392429,0.9476088211392437,75.52958787794807,87.72711030441663,0.9777056376459919,0.9659308837500993,0.19108478472256127,0.19987426632676056
Alaska,x,B,Alaska,iii,stau025,0,95.58821624229715,110.16910389491086,89.10794769280754,110.40214668926377,0.9894020848024174,0.9749195537889032,0.9732927847189083,0.9927954500789395,94.11495134732206,106.36743513284466,0.8835824793703445,0.883582479370322,71.04144635076332,82.8752716335284,0.9723218123247074,0.961954028247682,0.1867305976736251,0.19579725729136224
Alaska,x,B,Alaska,iii,stau100,0,109.43890404490575,124.35470617677315,101.8340341831429,125.90914687413503,0.9930117407488904,0.9861641147734754,0.9792532942424285,0.9953801275020682,108.66555067642871,122.81232415553566,0.9889451758351477,0.9889451758351578,78.44375667161708,90.85205835642151,0.9800705194982896,0.967141571945028,0.19384824121546984,0.20247470139120533
Alaska,x,B,Alaska,iii,t3,0,104.71834180514963,119.06943582452587,97.44773123351393,120.48058693729928,0.9917915576335508,0.9848525561681931,0.9769506185388527,0.9945632585959977,103.7544754479989,117.26189387517736,0.9542893336307895,0.9542893336307868,75.74666517591349,87.96062525919764,0.9777920486610189,0.9660849579846827,0.19118934586851574,0.1999705376348336
Alaska,x,B,Alaska,iii,w_beq,0,109.99635778905156,124.97812820021927,102.35235748402049,126.54812766931545,0.9931910149631153,0.9863357884824246,0.9799091759198438,0.9955325050191579,109.2429455477738,123.46488796866504,0.9929609181357092,0.9929609181357264,79.07210186659323,91.52415321367224,0.9810164874128816,0.9683563144977307,0.19459324379961643,0.20317714529843683
Alaska,x,B,Alaska,iii,w_cell,0,108.36546850302678,123.15267827069673,100.83663358051689,124.67688094611715,0.9928035656841487,0.9861372587721743,0.9791293371590467,0.9952389382607661,107.55150346682535,121.55324318480652,0.9811624113272541,0.9811624113272707,78.10286583956436,90.48763274316316,0.9798086398659029,0.9668848390004818,0.1936191983258234,0.20225973301966796
Alaska,x,all,Alaska|all,B4,main,0,82.15313392568738,99.7665387761723,66.33955762209195,107.08095780410814,0.9827282081434661,0.9657910069535489,0.9580247987760008,0.9916571504574497,78.9386112562534,90.8850766606288,0.7758347316573171,0.7758347316573339,63.9876673620223,77.62536105956178,0.9639864765544612,0.9509280918966009,0.1802901805878489,0.18997198765195192
Alaska,x,all,Alaska|all,ii,main,0,90.30292274415879,107.31506380760835,73.06456290194508,116.96041875257805,0.9880934881669852,0.9708591508683065,0.9705813225834619,0.9942726237676246,88.19071632408561,101.53738311725542,0.8501881635419121,0.8501881635419002,68.6521692874891,82.68165767721963,0.9715566661766868,0.957085193351068,0.1861664523249892,0.19516653779624657
Alaska,x,all,Alaska|all,iii,main,0,102.17805892768412,118.16760867422724,82.57584453865815,131.6253347665089,0.991694840511539,0.9734652802027883,0.9775091850759278,0.9961869954599494,101.0206108309431,116.30893695189971,0.9473225407191249,0.9473225407191037,74.55016609167002,88.98958227985865,0.9773629281199471,0.9611544106176145,0.19166904649032143,0.20029327331722915
Alaska,x,all,Alaska|all,iii,phys,0,237.74967344920591,332.3949154099766,182.18015195471105,319.0110612028712,0.6150227840658533,0.4168318895167472,0.4786060375500459,0.6988079735597039,171.2750031861694,197.1955364668483,0.77243241619078,0.7724324161907787,209.61983766927378,283.6822134531037,0.35352050565926796,0.26902807225748193,0.4948038446081521,0.59489423669954
Alaska,x,all,Alaska|all,iii,probe_sig,0,102.17805892768412,118.16760867422724,82.57584453865815,131.6253347665089,0.991694840511539,0.9734652802027883,0.9775091850759278,0.9961869954599494,101.0206108309431,116.30893695189971,0.9473225407191249,0.9473225407191037,74.55016609167002,88.98958227985865,0.9773629281199471,0.9611544106176145,0.19166904649032143,0.20029327331722915
Alaska,x,all,Alaska|all,iii,sig_pool,0,102.21499821255348,118.20110567354008,82.60390001147024,131.67293545042514,0.991694840511539,0.9734652802027883,0.9775091850759278,0.9961869954599494,101.05977210098267,116.35402483694125,0.9476088211392371,0.9476088211392439,74.57602559073956,89.0170453686846,0.9773629281199471,0.9611544106176145,0.19169746265715482,0.20032003566613824
Alaska,x,all,Alaska|all,iii,stau025,0,94.25221955363466,110.94179704441777,76.12725286401984,121.76297916521561,0.9893429369395855,0.9716455500022942,0.9727059205021265,0.9949326567645845,92.50169125493552,106.50077531325832,0.8835824793703492,0.8835824793703214,70.21367782744012,84.3597633415289,0.972806114949287,0.9580813385164352,0.18738191001793525,0.1962816444162786
Alaska,x,all,Alaska|all,iii,stau100,0,107.65692489590036,124.26887267166657,86.97721838406709,138.68488728702818,0.9929442892841394,0.9882684917957075,0.9803272650656008,0.9967850473518959,106.80287323980603,122.96627933401173,0.9889451758351423,0.9889451758351582,77.40774506610046,92.01628177343181,0.9800088196383948,0.9631535023607596,0.1944405157506854,0.2029027227841908
Alaska,x,all,Alaska|all,iii,t3,0,103.07939110527109,118.98902305678607,83.30264321391523,132.72822750657653,0.9918418344847861,0.9869870136150327,0.9777775636083269,0.9962537117305593,101.97598061534383,117.40889114050984,0.9542893336307865,0.9542893336307866,74.78666089749399,89.24070128334544,0.9775099220931942,0.9614305386324775,0.1918035997392584,0.20041646582332412
Alaska,x,all,Alaska|all,iii,w_beq,0,108.19788366969237,124.89196664007913,87.40167588545478,139.3806978364368,0.9930912832573865,0.9883739312161184,0.9805601545195897,0.9968589359991132,107.37037076657263,123.61966118864473,0.9929609181357111,0.9929609181357261,78.01837090054977,92.66139100212878,0.9809642804645009,0.9645354734782151,0.19517736982051737,0.20359828643585234
Alaska,x,all,Alaska|all,iii,w_cell,0,106.61560095305279,123.0678369733189,86.15998553260157,137.3441057875617,0.9927237983242687,0.9882049665853069,0.9797098097057871,0.9967350405604664,105.70792233614112,121.7056200034811,0.9811624113272513,0.981162411327271,77.07632058004127,91.66622188452935,0.9797148316919007,0.9629140517808178,0.19421115744011874,0.20268806783509719
Alaska,x,B,Alaska~noearly,B4,noearly,0,81.82274522159663,96.45184710501272,76.2481638372578,94.85639704679956,0.9868389493807547,0.9747746800636274,0.9713181554324621,0.9915432310318207,79.8018519319009,90.59830679381294,0.7745401328436744,0.7745401328436612,63.76987222920248,75.1575550632997,0.9697423994120689,0.9618546688516737,0.17399435038360317,0.18289718282683343
Alaska,x,B,Alaska~noearly,iii,noearly,0,102.12182041123512,116.53396602451271,94.61911583358783,117.84195551107166,0.9945544152480981,0.9819891509544452,0.9873409808692785,0.9967522794918264,101.49682537001728,115.22841012910399,0.9413032171176775,0.94130321711766,74.1625983653195,86.41571570643308,0.9815616001627152,0.9700863267952705,0.18533230306735524,0.19312641517922813
Alaska,x,all,Alaska|all~noearly,B4,noearly,0,80.7894442514408,98.93847576012901,64.99752232858192,106.347598138463,0.9862656333921583,0.9681097840840591,0.9634825444420647,0.9950674765196593,78.17929256669227,90.69908449302795,0.7745401328436821,0.7745401328436609,62.938509759077164,77.23452224604128,0.9705363308524515,0.9545829483329495,0.17544025528398846,0.18567273723282632
Alaska,x,all,Alaska|all~noearly,iii,noearly,0,100.28909999801466,116.96371013560835,80.78013200706293,130.80262850113618,0.9941686488145477,0.9766341298791672,0.9816011088042366,0.9984914369611563,99.43315616239482,115.3565853066318,0.9413032171176838,0.94130321711766,73.04425519146872,88.02358591624318,0.9809713803422082,0.9630563624727502,0.18656463999026415,0.19571920042235375
AL-1,i,B,AL-1,B4,main,0,85.147835109448,66.6078622607915,59.74569949983056,94.33340251676343,0.9368576606357419,0.9881938487630515,0.9226929300381367,0.9981450074199703,58.84924568587129,61.84035784453019,0.720094327989983,0.7200943279899946,66.43264146732298,49.804551091912124,0.9139468393269633,0.9819745762458691,0.20020518118806507,0.1647439463489234
AL-1,i,B,AL-1,B4,probe_sig,0,85.12177883733095,66.80237424001356,59.97017910514047,94.25182887241347,0.9368576606357419,0.9881938487630515,0.9226929300381367,0.9981450074199703,59.078767943399555,62.081545957876706,0.7224988232120957,0.7224988232121126,66.48713182035877,49.96068869009004,0.9141555927048557,0.9820408400287359,0.2007676289387211,0.1656505653689207
AL-1,i,B,AL-1,ii,main,0,84.78333518183291,71.41705177329521,65.26929382715895,93.20115645838023,0.9488220142598122,0.9904940332118698,0.9371798222856063,0.9987280050879797,64.46074910009034,67.73707538333434,0.7778626995597074,0.7778626995597181,68.15233030554327,54.395474494549376,0.9229101499216945,0.9852641583769982,0.20459724599078105,0.17117079352974673
AL-1,i,B,AL-1,iii,main,0,85.75985158550154,76.4313377266816,70.78324002241145,93.904979179419,0.958599328116605,0.9922871958238394,0.9492325475644736,0.9988870044519822,70.02646953600029,73.58568294674282,0.8330912434351505,0.8330912434351204,69.18148481908374,57.06361338238832,0.9242670468779949,0.9856948729656326,0.20656346036382014,0.17401628013793222
AL-1,i,B,AL-1,iii,phys,0,107.23231973157071,128.14339390519447,106.09911582231317,122.5846008664751,0.9567577795647609,0.7829363093760435,0.8119647353519046,0.9902643652602299,104.15059719467438,109.44422694251675,0.7442920643923898,0.7442920643923716,83.52210086355512,114.35409923896346,0.8582647771547777,0.5458395178192217,0.23954515283611738,0.37646276455951583
AL-1,i,B,AL-1,iii,probe_sig,0,85.81464391624152,76.63731224590583,71.00723380498425,93.95425471793793,0.9587037048055513,0.9923203277152728,0.9493357484077499,0.9989400042399831,70.25198285764532,73.82265836328025,0.8352863381110042,0.8352863381109976,69.24299367810944,57.22399723026692,0.9242670468779949,0.9856948729656326,0.20671012239704195,0.17421767549822598
AL-1,i,B,AL-1,iii,sig_pool,0,85.36514994057978,74.65170763578347,68.83309338150231,93.57810588406797,0.9545432493494818,0.9915612957076954,0.9441779270516981,0.9988870044519822,68.06159506092925,71.52094041279926,0.8138258737425401,0.8138258737425289,68.64462825800929,55.66887524751235,0.923745163433264,0.9855292135084656,0.20532939733169453,0.17230244535762296
AL-1,i,B,AL-1,iii,stau025,0,85.124876673631,73.39039913089118,67.44400713238171,93.37556239661659,0.9543344959715894,0.9914950319248286,0.9439985353889495,0.9987810048759804,66.66066049829396,70.04880098840644,0.7999357919280797,0.7999357919280927,68.46816997126989,55.212400465022796,0.9235364100553716,0.9854629497255987,0.20507472493265227,0.17191168907691837
AL-1,i,B,AL-1,iii,stau100,0,86.2184269270492,78.04658083227547,72.53660991677403,94.28773318821327,0.9602644844391514,0.992628558203521,0.9511809694485209,0.9990460038159847,71.78847902454399,75.43724953909194,0.8501549529852224,0.8501549529852315,69.53721933924223,57.992817691955075,0.9247889303227257,0.9858605324227997,0.20733386813503868,0.17508114511779788
AL-1,i,B,AL-1,iii,t3,0,85.84807750304664,76.76281489977735,71.1438009052645,93.98418642353762,0.9587037048055513,0.9923203277152728,0.9493357484077499,0.9989400042399831,70.38936306308696,73.9670211493468,0.8366219537029208,0.836621953702937,69.19877386472352,57.10867296073171,0.9242670468779949,0.9856948729656326,0.20656033759578024,0.1740194352916968
AL-1,i,B,AL-1,iii,w_beq,0,86.72923560596843,79.79093548722588,74.43185943599103,94.7580491568585,0.9618252640727515,0.9929367886917692,0.9530304734281277,0.9991520033919864,73.68720594759088,77.4324824601256,0.8683200946705905,0.8683200946705727,69.98418408818671,59.16569251326261,0.9249976837006182,0.9859267962056666,0.20838639425819172,0.17651214806525203
AL-1,i,B,AL-1,iii,w_cell,0,86.45930196980493,78.87180501463973,73.43271070611523,94.47978412958894,0.9603688611280975,0.9926616900949544,0.9512484989248722,0.9990990036039856,72.68701983145601,76.3814601978678,0.8587799256083738,0.8587799256083788,69.75820229014978,58.57133570548915,0.9248933070116719,0.9858936643142332,0.2078538068623574,0.1757895278699608
AL-1,i,all,AL-1|all,B4,main,0,57.0482183646334,69.35147139227006,52.24198215919883,130.4974845818366,0.9846720993403182,0.9839268351789299,0.8518518518518519,1.0,52.51908339602523,62.598052373210045,0.7200943279899662,0.7200943279899967,43.13016540655543,52.06229211930331,0.9648816453240202,0.9771222148853228,0.18080911948731873,0.16773194742695632
AL-1,i,all,AL-1|all,ii,main,0,60.97519088329115,73.787459339413,56.87457641603471,122.24246045860147,0.9883585564610011,0.986947540140614,0.8787878787878788,1.0,57.526981328334934,68.56701901878003,0.7778626995596913,0.7778626995597201,46.726800073344194,56.494177352055374,0.9772991850989523,0.980503246417415,0.18583423719851638,0.17388105020874187
AL-1,i,all,AL-1|all,iii,main,0,65.12246871516419,78.5301646143139,61.540639020273865,117.3013911462284,0.9902987970508343,0.9894501777624102,0.9023569023569024,1.0,62.49402096199168,74.48728622494689,0.8330912434351929,0.833091243435115,48.89212730380394,59.068966073706804,0.9798214978657354,0.980778903754141,0.18827923073844732,0.17665280366828418
AL-1,i,all,AL-1|all,iii,phys,0,98.04996796724431,129.05538692578233,96.41124804540846,127.04358178393807,0.9291812184710904,0.788548499885405,0.9230439373777032,0.9958566389662572,92.94756179221278,110.78518444729801,0.7442920643924104,0.7442920643923687,77.70155555838026,109.93410646029147,0.8112145906092355,0.6499735632799785,0.2517709773985202,0.3431849920054121
AL-1,i,all,AL-1|all,iii,probe_sig,0,65.29367913481033,78.72622326481192,61.730863306891806,117.1375996785272,0.9904928211098176,0.9894713821729276,0.9023569023569024,1.0,62.69527677773287,74.72716516570082,0.8352863381110144,0.8352863381109963,49.02298126657834,59.22362686933936,0.9798214978657354,0.980778903754141,0.18844901383041654,0.17684910648845917
AL-1,i,all,AL-1|all,iii,sig_pool,0,63.64513252852888,76.84315731531146,59.88622882810638,118.93075609121665,0.9897167248738844,0.9884048815951628,0.8922558922558923,1.0,60.74049965146143,72.39724558187763,0.8138258737425507,0.8138258737425275,47.75697035506162,57.723500356785905,0.9788513775708187,0.9806728817015541,0.1868448580521587,0.17498370323554108
AL-1,i,all,AL-1|all,iii,stau025,0,62.60000735780509,75.65086955467748,58.70936337735239,120.19160823087682,0.9893286767559177,0.988362472774128,0.8922558922558923,1.0,59.490257642916234,70.90706887526066,0.7999357919280622,0.7999357919280949,47.38658628957043,57.28295325261972,0.9784633294528522,0.9806304728805193,0.18648947891341663,0.1746024516794441
AL-1,i,all,AL-1|all,iii,stau100,0,66.47007065241803,80.06971109574503,63.03342903527966,116.08950786535446,0.9910748932867676,0.9898622230497114,0.9057239057239057,1.0,64.06649860711768,76.36153900355671,0.850154952985211,0.850154952985233,49.65116880601128,59.96485074768992,0.980791618160652,0.980884925806728,0.18919753542674725,0.17769364560498352
AL-1,i,all,AL-1|all,iii,t3,0,65.39817822874043,78.84566801245902,61.84697235215847,117.03767758951854,0.9904928211098176,0.9894713821729276,0.9023569023569024,1.0,62.81787958058332,74.87329674640145,0.8366219537028999,0.8366219537029398,48.92889043034848,59.11241852896579,0.9798214978657354,0.980778903754141,0.18829332170218005,0.17665634380681408
AL-1,i,all,AL-1|all,iii,w_beq,0,67.93455968670422,81.73268905471384,64.65378308569892,114.81063782410277,0.9916569654637175,0.9902530639264953,0.9090909090909091,1.0,65.76098757558813,78.3812183721925,0.8683200946706123,0.86832009467057,50.612533986987096,61.09510642531389,0.9811796662786185,0.9809273346277628,0.1904221383086555,0.17908990656100882
AL-1,i,all,AL-1|all,iii,w_cell,0,67.16163959600573,80.85650991449594,63.79863610948723,115.4841350653189,0.9912689173457508,0.9898834274602288,0.9057239057239057,1.0,64.86838721287174,77.31731853539608,0.8587799256083636,0.8587799256083801,50.12533458415698,60.52239711855369,0.9809856422196352,0.9809061302172454,0.18980144858853829,0.17838494520739784
AL-1,i,B,AL-1~noearly,B4,noearly,0,86.08732206363644,65.57005826334546,58.15322090841015,95.91393942242583,0.9277628349932664,0.9866862295826394,0.9102746023230232,0.9988270420132225,57.45317298949655,60.38165325628358,0.7054978485408157,0.7054978485408384,67.01573799650981,49.83548537857677,0.9132600246314921,0.9820384676949543,0.19922108853002998,0.16386244141644865
AL-1,i,B,AL-1~noearly,iii,noearly,0,85.88528199546417,75.3865379820401,69.37967952128389,94.31561057657453,0.9558051644683432,0.9919334422900419,0.9448665952573926,0.99957346982299,68.79599776114117,72.30263997765292,0.8211737678777107,0.8211737678777372,69.36162719169326,56.350929416694015,0.9233907314376862,0.9856830622983682,0.20512896830622454,0.1725957278438133
AL-1,i,all,AL-1|all~noearly,B4,noearly,0,55.7223063159263,68.52452234180062,50.68401294425721,135.45216578353322,0.9859210011732499,0.981414774694564,0.8251748251748252,1.0,51.25695365669225,61.121298079235906,0.7054978485407853,0.7054978485408424,42.79207123758992,52.18403455041715,0.9681267109894407,0.9767542167482812,0.1773800015996433,0.16716399357287498
AL-1,i,all,AL-1|all~noearly,iii,noearly,0,63.883402722918994,77.61179608749163,60.17816127126848,119.83128513260904,0.9923738756355104,0.9885974674778651,0.8916083916083916,1.0,61.37647558043919,73.18831088034071,0.8211737678776756,0.821173767877742,48.00134098449616,58.45610743486891,0.9825967931169339,0.9803701711430974,0.18448980036498233,0.17552613561641256
AL-2,i,B,AL-2,B4,main,0,69.95939968061889,111.05326707545805,68.33003198760561,74.66385181540566,0.9885384257455716,0.912256221274526,0.983852444665677,0.996363247953151,68.51574005017753,71.80528704015757,0.7193550944441498,0.719355094444142,53.38489390237284,86.17543089587167,0.956157360781501,0.8995636064393862,0.15869981183191373,0.19864788933942693
AL-2,i,B,AL-2,B4,probe_sig,0,71.12261000025073,110.45586132259491,69.5312389607255,75.76695502389593,0.9897040641092196,0.9131603434304955,0.9857161747350307,0.9971427883358728,69.80611928387982,73.15761938304311,0.7309245029735044,0.7309245029735161,54.402758799097874,86.52337856239967,0.961067709021503,0.9009138709073433,0.16039140413240566,0.19974151763046594
AL-2,i,B,AL-2,ii,main,0,75.547627060352,108.20798393243754,74.10020855071652,80.27020609920719,0.9916633207954322,0.9133450172231781,0.98754153208014,0.9974323205299658,74.60423424165148,78.1860992847727,0.7732191946732593,0.7732191946732512,57.97891404569583,87.73395823322672,0.9713834258923383,0.9069015481447422,0.16642484548302322,0.20399899689144627
AL-2,i,B,AL-2,iii,main,0,83.05579483941435,104.30167996428233,81.6586140710269,87.84195944407192,0.9952371408674363,0.9137545296259111,0.9901793228858159,0.9988973471976494,82.5052817315744,86.46648832408428,0.8404149593498319,0.8404149593498529,61.55511508640634,88.9437294013966,0.9774464023343358,0.9083841581691591,0.17021180041171063,0.2065391018417057
AL-2,i,B,AL-2,iii,phys,0,128.01433381118156,126.37167072728266,120.74367823850984,133.12007780714114,0.8996334698858492,0.8873270082441549,0.873964305660036,0.9502378998969582,117.10129876903557,122.72351381927403,0.7385764630033749,0.7385764630033773,103.34262902223227,102.55281955595395,0.739158024807123,0.809832105565647,0.29119182883429107,0.2744252556958155
AL-2,i,B,AL-2,iii,probe_sig,0,83.75566028575354,103.93096794655594,82.36203910219952,88.5152824911832,0.9953298192733676,0.9137616857730416,0.9902658615215618,0.9988973471976494,83.23078679056034,87.22682600665883,0.846435043080441,0.8464350430804519,62.02214718399845,89.10011654045327,0.9791406339644064,0.9095450012833682,0.17078075882827426,0.2069504439294053
AL-2,i,B,AL-2,iii,sig_pool,0,80.62938818517988,105.57326249729427,79.24379299689963,85.46942232869357,0.9933445422638503,0.9135082225744696,0.9891651792465098,0.9977294813377756,79.98495693014755,83.82515881836284,0.819307275956443,0.8193072759564402,59.90020426675538,88.39026124250452,0.9736612051271635,0.9078915440662764,0.1681649860890144,0.20507109565160864
AL-2,i,B,AL-2,iii,stau025,0,78.89860995842193,106.47854123649176,77.51173552959165,83.72846986561214,0.9931591854519874,0.913493910280209,0.9889453816852216,0.9977294813377756,78.16355198652627,81.9163053972775,0.8038634311250311,0.803863431125027,59.35138566271913,88.2027945100626,0.9724028883575839,0.9069802657631765,0.1677342069412035,0.2047999300614931
AL-2,i,B,AL-2,iii,stau100,0,85.27912499967502,103.11745686062966,83.88671357483423,89.99530276789804,0.9955151760852307,0.9137759980673023,0.9904389387930539,0.9988973471976494,84.80886458452323,88.88066976408172,0.8594438205671008,0.859443820567108,62.7028631402065,89.32700005129342,0.9800282371102604,0.9104276549979466,0.17147228202904974,0.207427917979572
AL-2,i,B,AL-2,iii,t3,0,83.8509952197812,103.88031965655905,82.45783641444946,88.607840661722,0.9954224976792991,0.9137688419201719,0.9903524001573077,0.9988973471976494,83.32959129874544,87.33037427258759,0.847252974967895,0.8472529749679042,61.79530771963281,89.0240908517884,0.9789552771525436,0.9095306889891075,0.1704059644499683,0.2066623719841389
AL-2,i,B,AL-2,iii,w_beq,0,86.76464508976977,102.31601203269312,85.36626662488821,91.44049543290288,0.9958858897089563,0.9138046226558239,0.9908413487855897,0.9988973471976494,86.34570076900157,90.49129183835596,0.8720004351056712,0.8720004351056749,63.65632966261178,89.64719624752017,0.9820135141197778,0.9114185000930839,0.172591080367962,0.20824107409458242
AL-2,i,B,AL-2,iii,w_cell,0,84.4897954862488,103.540099792598,83.09947146918009,89.24060072461049,0.9955151760852307,0.9137759980673023,0.9904389387930539,0.9988973471976494,83.9913721609752,88.02392826084437,0.8527195097349963,0.8527195097349871,62.33292052789335,89.20391081218335,0.9796170361557162,0.9096151767219647,0.17108095213208302,0.20715504628990664
AL-2,i,all,AL-2|all,B4,main,0,73.5017945808628,95.44168187507421,67.31126440728072,78.99230873575327,0.9753652248639358,0.9456396922964345,0.9567166207976359,0.9966188649372792,70.63808640143158,71.87589083409257,0.7193550944441505,0.719355094444142,56.74987228842899,73.04693360326604,0.9326840446863363,0.9353230043860901,0.17530422613722535,0.18142446789831718
AL-2,i,all,AL-2|all,ii,main,0,78.80257680512065,96.2840310693269,73.02047674338458,83.91213585201672,0.9819535949584646,0.9472160099152992,0.968227897296808,0.997584759064511,76.9151780366809,78.26297712302141,0.7732191946732547,0.7732191946732503,61.08938117930963,76.28328670958122,0.9515898023488971,0.9404178676546945,0.1812974278706816,0.18730575773026784
AL-2,i,all,AL-2|all,iii,main,0,86.17569889687181,97.29440279413943,80.55674616310884,91.06399917941961,0.9882555141793182,0.9479138311106233,0.9782052879130501,0.9993884813894122,85.06096869509528,86.55150799847824,0.8404149593498283,0.8404149593498527,64.54797582529652,78.7084939781359,0.9613291320538527,0.9423646369501959,0.1845471692874726,0.19039666353873014
AL-2,i,all,AL-2|all,iii,phys,0,142.63634962853368,128.10596734079255,119.20019149924289,163.82083822492538,0.8212546548266972,0.841853326259379,0.710042643873339,0.9735334992990766,120.7286333637943,122.8441838428591,0.73857646300338,0.7385764630033779,117.43692927370137,106.19951729004565,0.6468060727585219,0.7742369455161341,0.3326160081454081,0.2816104501453266
AL-2,i,all,AL-2|all,iii,probe_sig,0,86.8706135056764,97.38132810066472,81.2458471728877,91.75565418018743,0.9885419650529934,0.9479442447359274,0.9787641266845103,0.9993884813894122,85.80894702830358,87.31259329626702,0.8464350430804389,0.8464350430804519,65.00407995109752,79.01874621273541,0.9639071899169293,0.9431101758172378,0.185032499293553,0.19087433812155347
AL-2,i,all,AL-2|all,iii,sig_pool,0,83.77098724451675,96.98353036649097,78.13585944735917,88.71451133059898,0.9859639071899169,0.9476489810292155,0.9753706377215416,0.997930346051464,82.46257421008251,83.90758135970665,0.8193072759564384,0.8193072759564396,62.93772719238835,77.59587375790912,0.9567459180750502,0.9418349367873802,0.18281712860472232,0.18869189041314116
AL-2,i,all,AL-2|all,iii,stau025,0,82.05917989131925,96.75201981552016,76.39931029822381,87.04560276664976,0.9853910054425666,0.9475881537786071,0.9742511067857414,0.997930346051464,80.58474935282736,81.99685102538636,0.803863431125038,0.8038634311250279,62.40489989606973,77.22053057217538,0.954740761959324,0.94075241753304,0.18242799775202598,0.18834072457756407
AL-2,i,all,AL-2|all,iii,stau100,0,88.3857867518735,97.56649597383328,82.7446909489276,93.24871093705323,0.9891148668003438,0.9480050719865357,0.9798819391873369,0.9993884813894122,87.4359074242152,88.96806322425027,0.8594438205670999,0.859443820567108,65.6707319249526,79.46913290744581,0.9647665425379547,0.9440710405703616,0.1856388500933449,0.19144771594381388
AL-2,i,all,AL-2|all,iii,t3,0,86.96532196959033,97.39307665053677,81.33969278607168,91.84888788336796,0.9888284159266686,0.9479746583612314,0.9793229654559705,0.9993884813894122,85.91081210895365,87.4162433778243,0.8472529749678936,0.8472529749679044,64.78217195315928,78.86818186989578,0.9633342881695789,0.9430493485666297,0.18472483935296313,0.1905542512279838
AL-2,i,all,AL-2|all,iii,w_beq,0,89.86721697955926,97.7419154272968,84.22018277705229,94.7227356819305,0.9902606702950444,0.9481267264877523,0.9821171593132719,0.9993884813894122,89.02034870886692,90.58026897061492,0.8720004351056755,0.8720004351056755,66.60413950303825,80.09952821154727,0.967058149527356,0.9446858935660319,0.1866027863782406,0.19238849933110214
AL-2,i,all,AL-2|all,iii,w_cell,0,87.60047419329932,97.47125826024644,81.9682526389254,92.48385430160957,0.9891148668003438,0.9480050719865357,0.9798819391873369,0.9993884813894122,86.59309232209576,88.11047931506967,0.8527195097349927,0.8527195097349866,65.30850946233647,79.22477516744947,0.9641936407906044,0.9431477698022004,0.18529705717411166,0.1911226115564557
AL-2,i,B,AL-2~noearly,B4,noearly,0,68.7587650193341,111.68471369393919,67.0916269737481,73.5218518850821,0.9874619028045772,0.9121387942173774,0.9829371067069977,0.9960573521027651,67.15530151483134,70.38051119653827,0.7070759110553413,0.707075911055348,53.38067375499503,86.17527058136235,0.9563379670692947,0.8995759192219488,0.15820086269257208,0.19841692170403027
AL-2,i,B,AL-2~noearly,iii,noearly,0,81.36662216606317,105.18957961906499,79.97987393369121,86.20891462955251,0.9945536158267105,0.9136679371438978,0.9897588775769919,0.9984571706672676,80.74990425999083,84.62801018970092,0.8257550944669181,0.825755094466922,60.50633260155253,88.59582798463627,0.9762481254170872,0.9082237069375264,0.1688677661365556,0.205641022928105
AL-2,i,all,AL-2|all~noearly,B4,noearly,0,72.38315242818403,95.26585990558027,66.06651602391756,78.02369829650416,0.9732681805116413,0.9454012789326256,0.9530895218988272,0.9963961107908867,69.22497097965226,70.44975059829075,0.7070759110553428,0.707075911055348,56.72445059491572,73.04625226660144,0.933314170738718,0.935375333711981,0.1745979659094988,0.1811063884145457
AL-2,i,all,AL-2|all~noearly,iii,noearly,0,84.49060703249074,97.08033232757768,78.87210971922514,89.44304499854039,0.9873526875538948,0.9478064646911395,0.9769223724992956,0.9988032899114295,83.23854785720873,84.7112660896286,0.8257550944669233,0.8257550944669225,63.51380668475035,78.00836136821874,0.9600459902270767,0.9422040224739021,0.1831332030442857,0.1893276441441257
AL-3,i,B,AL-3,B4,main,0,89.5798525475536,95.24522542395582,88.8337675799436,93.45457286164836,0.9107268182347834,0.9502383955582205,0.8981388264476406,0.9351752113739861,83.87921711192458,91.91242992847724,0.7106127277938903,0.7106127277938905,72.1959288939069,73.48456761435382,0.7611236064462708,0.8407095326396758,0.2644821538018971,0.22273638101041676
AL-3,i,B,AL-3,B4,probe_sig,0,91.57749981470572,97.89676626618854,90.82908997180523,95.76874809006858,0.9255581999168931,0.9561684152622254,0.9087147153404143,0.9441615536860803,86.76995908089336,95.08002170880627,0.7315365168110523,0.7315365168110531,72.51429058625823,74.07578460540888,0.7658668539064836,0.8461063580365012,0.26388223269086886,0.22275128361917843
AL-3,i,B,AL-3,ii,main,0,94.06187981907726,101.05947566329948,93.30560132917594,98.4693209773732,0.9361633563830754,0.9609574788771603,0.91715202722165,0.9518613738979831,90.13649506737535,98.76897486804157,0.7555644424092759,0.7555644424092748,75.3437189913663,78.55774325404579,0.8154996438653574,0.8957309109896521,0.2624280043667581,0.22335157458618626
AL-3,i,B,AL-3,iii,main,0,97.29049439489378,104.97605370389749,96.54239345363257,102.03844858539944,0.952924679575309,0.9702890819101266,0.929457328411676,0.9657427957415281,94.16221969150844,103.1802479481568,0.7838208898558319,0.7838208898558319,76.38522302532616,80.16978840280292,0.8239014092413515,0.9001753852698136,0.26247033571717354,0.22389189315316899
AL-3,i,B,AL-3,iii,phys,0,195.70492092082577,184.8942703387705,190.57045159490497,201.2626160618275,0.4975512996024095,0.6664831465825228,0.4767130821045358,0.5857493067743238,128.55221876834744,140.86381831544622,0.7378817287800289,0.7378817287800297,170.73192010731356,162.1575197428518,0.25723561950169,0.37150213799301185,0.5149955837017728,0.4415001416133794
AL-3,i,B,AL-3,iii,probe_sig,0,97.57598335236723,105.31411465882493,96.82996461622186,102.32962028246023,0.952924679575309,0.9702890819101266,0.929457328411676,0.9657427957415281,94.50259188166152,103.55321798953545,0.786186329940961,0.7861863299409615,76.52783297913705,80.38183436381307,0.8269858257873979,0.9022484973429256,0.26245195553079703,0.2239557995610019
AL-3,i,B,AL-3,iii,sig_pool,0,94.24783460377093,101.28975315510756,93.49144868744598,98.67741551187464,0.9361633563830754,0.9609574788771603,0.91715202722165,0.9518613738979831,90.37773145055799,99.03331474779847,0.7572722416207011,0.7572722416207014,74.85736952076965,77.81261597526142,0.8116726920024797,0.8743486889172459,0.2628213840014443,0.22324909452001424
AL-3,i,B,AL-3,iii,stau025,0,94.9456057000886,102.14597421959374,94.19323302177868,99.4560639401792,0.9427127923651286,0.9644844916594923,0.9213894062119001,0.9572086601734097,91.26769646668491,100.00851277658327,0.7635565188140141,0.7635565188140141,75.44136185374225,78.71091021042436,0.8154996438653574,0.8957309109896521,0.26255618098352956,0.22344186649228023
AL-3,i,B,AL-3,iii,stau100,0,98.47497892914865,106.37836176285995,97.73483697048546,103.24917819123753,0.9540262744668141,0.9718190254129515,0.9335342542405757,0.966371127746506,95.57047990473194,104.72337892416783,0.7935839146916567,0.793583914691658,76.85719581230731,80.8685549050139,0.8302676741255647,0.9042198080674858,0.26246317542425784,0.22412118309935156
AL-3,i,B,AL-3,iii,t3,0,96.86750217072064,104.47306848224248,96.12104000552371,101.59158782054283,0.9477271504212987,0.9681082308462969,0.9274439408909774,0.9609672498584836,93.6544999814263,102.62390331496874,0.7802856352561627,0.7802856352561627,76.12011987749712,79.76768890409073,0.8185609227678776,0.897900800949726,0.26253195388860295,0.22378281136968825
AL-3,i,B,AL-3,iii,w_beq,0,101.81906156105757,110.31047961253485,101.0759872725612,106.82087174232441,0.960991916041217,0.9769490313434984,0.9475173663023436,0.9717388836527239,99.47542723186999,109.00230772128641,0.8203294231222786,0.8203294231222799,78.45907434065887,83.10792258452246,0.8549072024843684,0.9175958853806137,0.2624602449928389,0.22488147646230283
AL-3,i,B,AL-3,iii,w_cell,0,108.00416456361101,117.4038121990009,107.24145234991677,113.64763682253196,0.975324868938807,0.9853271962823994,0.9688862507669348,0.9815534808010483,106.30634660636595,116.48743240381256,0.8659788420379539,0.8659788420379539,81.45788430116656,87.01994198390203,0.8778455579542996,0.9310717337289184,0.26278636658892224,0.22638072550362098
AL-3,i,all,AL-3|all,B4,main,0,90.20358589138644,95.72151282518819,88.26247294878435,95.44343302833639,0.9078341013824884,0.9604136282280593,0.8808627391991695,0.9411913626209978,83.98357419444078,92.75271048337046,0.7106127277938902,0.7106127277938905,72.71132187720805,72.87328096114416,0.7603686635944701,0.8748758122266733,0.2645838114417592,0.20936851686218416
AL-3,i,all,AL-3|all,ii,main,0,94.60389351482307,101.77793885854061,92.82035518835904,99.40136238283381,0.9308755760368663,0.9659541405500786,0.8926074026443758,0.9519079484003504,90.24863704935065,99.67193923393786,0.7555644424092757,0.7555644424092745,75.7890552987582,78.50159551809365,0.8110599078341014,0.9164208094305215,0.2626447048568179,0.21103901945079345
AL-3,i,all,AL-3|all,iii,main,0,97.73599272207669,105.77088850290887,96.07503554797816,102.15986324248573,0.9447004608294931,0.9703217584719783,0.8993007274042519,0.9664836754802174,94.27937021900019,104.12354099423735,0.783820889855832,0.7838208898558319,76.81597964648577,80.23494844648474,0.8218125960061444,0.922088685324298,0.2626841411518316,0.2117337285403224
AL-3,i,all,AL-3|all,iii,phys,0,196.36306849315366,180.16350511122187,189.3053176657749,207.37062158874352,0.5038402457757296,0.6812214390101865,0.47067448031844317,0.5451696983141082,128.71215510256178,142.1516215811262,0.737881728780029,0.7378817287800297,170.39778651481743,159.0267756548314,0.2672811059907834,0.4184985044216735,0.5131563233475089,0.42123965601461294
AL-3,i,all,AL-3|all,iii,probe_sig,0,98.01241655695671,106.11250261269028,96.3594287446286,102.35616728719013,0.9447004608294931,0.9703217584719783,0.8993007274042519,0.9664836754802174,94.62016587815975,104.4999207972073,0.7861863299409612,0.7861863299409617,76.95727981605175,80.46224016337788,0.8233486943164362,0.9227199984556111,0.2626680745816926,0.2118260996896815
AL-3,i,all,AL-3|all,iii,sig_pool,0,94.78565493233673,102.01506252973496,93.01213989280991,99.562172935263,0.9308755760368663,0.9659541405500786,0.8926074026443758,0.9519079484003504,90.49017356319756,99.93869575811397,0.7572722416207011,0.7572722416207014,75.31509949613609,77.69551176483017,0.8064516129032258,0.8980085276938532,0.2630063576527037,0.21073969918555702
AL-3,i,all,AL-3|all,iii,stau025,0,95.46458520355263,102.892643815725,93.7158023225598,100.14018134971091,0.9354838709677419,0.967250347298413,0.8931892226493777,0.9571434455165921,91.38124581608491,100.92280922892762,0.7635565188140141,0.7635565188140141,75.88448396586197,78.66588441357533,0.8110599078341014,0.9164208094305215,0.26276094534507677,0.2111032890918707
AL-3,i,all,AL-3|all,iii,stau100,0,98.88661385884792,107.18913945165937,97.26151450508782,103.06697449426979,0.9477726574500768,0.9726310805058767,0.9084105314480742,0.9678994628385221,95.6893824982579,105.6807795610694,0.7935839146916568,0.7935839146916583,77.28429192439025,80.9833568801129,0.8279569892473119,0.9245461916551536,0.26268020032751865,0.21204115146380376
AL-3,i,all,AL-3|all,iii,t3,0,97.32631299969633,105.26204204744114,95.65188379305305,101.8325469867437,0.9400921658986175,0.9693244180464464,0.8993007274042519,0.9607217355027117,93.77101883697947,103.56211015478264,0.7802856352561627,0.7802856352561627,76.55265843159216,79.80221798574843,0.815668202764977,0.9197903561244547,0.26273973348134083,0.21156428323583498
AL-3,i,all,AL-3|all,iii,w_beq,0,102.1606985441685,111.17179360265155,100.59845398858471,106.1435905909907,0.956989247311828,0.9784041624795987,0.9312962102011128,0.9734709729691646,99.59918810763163,109.99882712228542,0.8203294231222789,0.8203294231222801,78.87271196085231,83.35386007763603,0.8509984639016898,0.93333168547083,0.26269199957509853,0.21306427067952693
AL-3,i,all,AL-3|all,iii,w_cell,0,108.27832514159621,118.35805538102201,106.73099309035014,112.35439672289061,0.9723502304147466,0.9866866421846244,0.9593443482821925,0.9811839425300011,106.43860606904069,117.55238220891002,0.8659788420379544,0.8659788420379543,81.8507304641054,87.43587572176074,0.8755760368663594,0.9443322880745142,0.2630341717302358,0.21495657677985605
AL-3,i,B,AL-3~noearly,B4,noearly,0,88.46926416026807,94.01794203977592,86.38711769389135,93.10260650427203,0.9350563717793111,0.9543176148251133,0.9098976824057916,0.9596092496562384,84.67531508344021,91.04666887456665,0.7051266621648339,0.7051266621648337,71.39424838032002,72.32672597353942,0.7889720430733341,0.8719425359595105,0.24513188092513602,0.20148650179686797
AL-3,i,B,AL-3~noearly,iii,noearly,0,96.71188294777512,103.48390954606525,94.80548124298677,101.49602988689834,0.9564560732584566,0.9625523704020214,0.9265233264936978,0.9761940100680382,94.91527012560222,102.0571244612445,0.7769755372077543,0.7769755372077545,75.440959610703,78.9124223397283,0.8481251993069272,0.9177952945554082,0.244434535796091,0.20425554990410122
AL-3,i,all,AL-3|all~noearly,B4,noearly,0,90.08056840517969,94.67712066593322,85.42969227148924,96.44089587664716,0.9217391304347826,0.9631563456396979,0.8733070652173913,0.9684292763157895,84.51699157433991,91.9594539019465,0.7051266621648338,0.7051266621648336,72.75527774806308,72.27498974357343,0.7739130434782608,0.8843505179049969,0.2548450674782006,0.20229980877732537
AL-3,i,all,AL-3|all~noearly,iii,noearly,0,97.69163903700252,104.52259279206358,94.15341634776054,102.5474199218503,0.9391304347826087,0.9688386922565637,0.8806569006817763,0.9848183433436162,94.73780023820134,103.0802944058144,0.7769755372077543,0.7769755372077545,76.62421301205333,79.28679270664637,0.8318840579710145,0.9264337033849137,0.25364007639490616,0.20499336282186092
AL-4,i,B,AL-4,B4,main,0,118.66069193066598,127.79560925603279,111.56782867626886,148.54021368006508,0.858345769786093,0.8503074005793781,0.7363745936932308,0.9343511245384356,90.05640860088381,94.72420949521582,0.7071415867992256,0.7071415867992266,94.05212318114589,98.90530657783239,0.7706240699036787,0.746189269680233,0.2982668511243996,0.3433203765427972
AL-4,i,B,AL-4,B4,probe_sig,0,119.26503860056,128.6323536861388,112.24368154644772,148.11788323975858,0.858345769786093,0.8503074005793781,0.7363745936932308,0.9343511245384356,92.21622860577418,96.99597722161826,0.7216795098803567,0.7216795098803579,94.5795287041026,99.62213894853518,0.7744467295162524,0.7479564970133491,0.2981316097678292,0.34262916235544555
AL-4,i,B,AL-4,ii,main,0,120.99217815827267,130.8455544904909,115.27037090415801,147.459435107751,0.8674037408005857,0.8543042031373318,0.7449279063226303,0.9343511245384356,97.4454670336939,102.49625736871958,0.7563428416154637,0.756342841615464,96.40517219657339,101.86779132632465,0.7919479045829977,0.7632329359825412,0.2981245812518845,0.340220564524839
AL-4,i,B,AL-4,iii,main,0,123.4053232794177,133.43658314055205,118.45643227708781,147.98062235622078,0.885918625243124,0.8767771338836438,0.7895534485055736,0.939920778784827,102.26825746503611,107.5690225196666,0.7876461126094868,0.787646112609487,97.23604803272576,102.8450107430055,0.7975821583984698,0.765799523827248,0.297991956242212,0.3395877170125458
AL-4,i,B,AL-4,iii,phys,0,221.65518034218064,263.4051378143761,202.92570095266277,316.1260408123376,0.6889779662456473,0.4081005072407073,0.2716802860061287,0.7504488005651541,140.29856476319353,147.5705154910699,0.7358377056915518,0.7358377056915518,172.81894569032204,218.0333197888759,0.5497828038807008,0.30705929396489146,0.4671086622516096,0.5890918916811958
AL-4,i,B,AL-4,iii,probe_sig,0,123.10111931936736,133.12569640098818,118.12386849075311,147.84109997551002,0.885918625243124,0.8767771338836438,0.7895534485055736,0.939920778784827,101.76755949915726,107.04237239281163,0.784425726804737,0.784425726804738,97.10303589322336,102.69296553357326,0.7975821583984698,0.765799523827248,0.29797679582394815,0.33967658922221294
AL-4,i,B,AL-4,iii,sig_pool,0,121.22662998383781,131.1234420084487,115.51903646512129,147.42629392028286,0.8674037408005857,0.8543042031373318,0.7449279063226303,0.9343511245384356,98.05146587101665,103.13366631842389,0.7603111349439368,0.7603111349439352,96.1056253530535,101.50810547242047,0.7919479045829977,0.7632329359825412,0.2978897629485157,0.34054742130942456
AL-4,i,B,AL-4,iii,stau025,0,121.54672850899051,131.499993904677,115.85883454268826,147.3912554882605,0.8692153350034845,0.8551035636489225,0.746739500525529,0.9343511245384356,98.86205869794809,103.98627376687153,0.7656034367346836,0.7656034367346828,96.50154734420319,101.98368456897408,0.7919479045829977,0.7632329359825412,0.2979922611536811,0.3401566857251803
AL-4,i,B,AL-4,iii,stau100,0,124.4305476066849,134.4849046546627,119.57535753341041,148.46154130596136,0.885918625243124,0.8767771338836438,0.7895534485055736,0.939920778784827,103.94326736223861,109.33085147636335,0.798370061614644,0.7983700616146456,97.61011720097484,103.27826617581229,0.8014048180110432,0.7746379076656318,0.298005097266881,0.33934954427332625
AL-4,i,B,AL-4,iii,t3,0,123.1316766663849,133.1569214233839,118.15728637645138,147.85504780873566,0.885918625243124,0.8767771338836438,0.7895534485055736,0.939920778784827,101.81793281266668,107.09535665429803,0.7847500254726544,0.7847500254726544,97.06002069498606,102.64377803001447,0.7955710929887948,0.7648316570057226,0.2979457559500019,0.33970018769433136
AL-4,i,B,AL-4,iii,w_beq,0,127.12390429355344,137.2341711091782,122.5029032513882,149.80551678161552,0.8877302194460226,0.8775764943952344,0.7913650427084721,0.939920778784827,108.23489301392114,113.8449205317558,0.82550183283622,0.8255018328362215,98.73203790535602,104.59141755045403,0.8092496084429666,0.7854120251470663,0.29818359975795644,0.3387477164663078
AL-4,i,B,AL-4,iii,w_cell,0,130.8602567222764,141.04526922683178,126.66969415664947,151.9205834619549,0.8915528790585961,0.8793437217283507,0.7931766369113706,0.9418167170191339,113.98037803936376,119.88820535353483,0.8610590875704247,0.8610590875704247,100.31740597660047,106.4724056708517,0.8263518410961592,0.8144937645069247,0.29852764446015656,0.3381873922978946
AL-4,i,all,AL-4|all,B4,main,0,115.695348475036,123.62518413924275,104.53562132882661,155.4379612012565,0.8662420382165605,0.8558587403121531,0.7333333333333333,0.9409722222222222,89.75267572052007,94.48699958029941,0.7071415867992253,0.7071415867992262,92.27632485109284,97.77369498000118,0.7876857749469215,0.7664199175977559,0.284361779920756,0.3255414984487869
AL-4,i,all,AL-4|all,ii,main,0,118.05150717609416,126.24516774573466,110.30421104662878,155.4415350262387,0.8768577494692145,0.8648515460675488,0.7333333333333333,0.9409722222222222,97.11681310622379,102.23958456438315,0.7563428416154638,0.7563428416154638,94.7473630396442,100.49569837003989,0.8089171974522293,0.7827239000690482,0.28474588143167984,0.3228304850638589
AL-4,i,all,AL-4|all,iii,main,0,120.56172497092348,128.87211660471192,114.13805788599358,156.0821940866799,0.8938428874734607,0.88700654933766,0.7777777777777778,0.9409722222222222,101.92333773203517,107.29964641385888,0.7876461126094869,0.7876461126094874,95.60851461059373,101.39862999401947,0.8152866242038217,0.7871921025105794,0.2847547680657607,0.32234193767026736
AL-4,i,all,AL-4|all,iii,phys,0,211.07032189745345,247.55548558054699,184.0069190197304,345.5256275877449,0.7261146496815286,0.4511688083805999,0.26666666666666666,0.7881944444444444,139.82538036856283,147.20096699221887,0.7358377056915516,0.7358377056915518,164.49438213447488,206.43783542771172,0.5859872611464968,0.3575665758175848,0.43845515314537636,0.5437584555074898
AL-4,i,all,AL-4|all,iii,probe_sig,0,120.24435577159569,128.5420929356458,113.73762784507171,155.9592857896423,0.8938428874734607,0.88700654933766,0.7777777777777778,0.9409722222222222,101.4243284681347,106.77431513286652,0.784425726804737,0.7844257268047383,95.47054929489053,101.2571521206567,0.8152866242038217,0.7871921025105794,0.28471714942168636,0.322411415935945
AL-4,i,all,AL-4|all,iii,sig_pool,0,118.29221690300274,126.50335702914688,110.78306336794844,155.46836323559987,0.8768577494692145,0.8648515460675488,0.7333333333333333,0.9409722222222222,97.7207680937504,102.87539730416887,0.7603111349439368,0.7603111349439351,94.43700961054489,100.16750801068488,0.8089171974522293,0.7827239000690482,0.2844402986206299,0.3231285387268988
AL-4,i,all,AL-4|all,iii,stau025,0,118.6210713914263,126.85524902773467,111.42489707086487,155.51030927466627,0.8789808917197452,0.8666501072186281,0.7333333333333333,0.9409722222222222,98.52862703757515,103.7258696390972,0.7656034367346836,0.7656034367346825,94.8470689199643,100.60128521995009,0.8089171974522293,0.7827239000690482,0.28462478094335014,0.32279260932628306
AL-4,i,all,AL-4|all,iii,stau100,0,121.63042046289338,129.98367127380996,115.48157411419498,156.50850220696873,0.8938428874734607,0.88700654933766,0.7777777777777778,0.9409722222222222,103.59269833021925,109.05706336966225,0.7983700616146439,0.7983700616146459,95.99394084990216,101.79832489524807,0.8174097664543525,0.7928739206923976,0.2848284774456637,0.32216062753454816
AL-4,i,all,AL-4|all,iii,t3,0,120.27624121040098,128.57524819167003,113.77788885439213,155.97155605678972,0.8938428874734607,0.88700654933766,0.7777777777777778,0.9409722222222222,101.47453188777601,106.82716671029861,0.7847500254726543,0.7847500254726547,95.42591096437359,101.21135514579544,0.8131634819532909,0.7863210223712065,0.28467892936646966,0.32243206509433836
AL-4,i,all,AL-4|all,iii,w_beq,0,124.43381675639296,132.89779995610667,118.95078700094103,157.70426573516772,0.8959660297239915,0.8888051104887391,0.7777777777777778,0.9409722222222222,107.86984963364736,113.55982821948511,0.8255018328362198,0.8255018328362217,97.1389004429475,102.99491249711063,0.8237791932059448,0.8002978991529615,0.2851803570040916,0.32171516656494636
AL-4,i,all,AL-4|all,iii,w_cell,0,128.31216249310438,136.92713823080896,123.6584050982346,159.52694831363218,0.9002123142250531,0.8914747517791911,0.7777777777777778,0.9444444444444444,113.59595688528158,119.58797934855733,0.8610590875704247,0.8610590875704247,98.73056728146577,104.69096636457941,0.8365180467091295,0.8218115561399472,0.2857359018387525,0.3213545960008169
AL-4,i,B,AL-4~noearly,B4,noearly,0,103.57989507608609,107.32346799806838,102.4838407432094,112.45427415281205,0.9109388716132575,0.9166745879224957,0.8589296556509671,0.961487470387516,89.62603464323162,94.25287684487178,0.7043676599165009,0.704367659916502,84.73103323803268,84.6527207141599,0.8329787226024584,0.8274037567416775,0.23731817381214715,0.26451837157972524
AL-4,i,B,AL-4~noearly,iii,noearly,0,109.45093132878567,115.0747478738969,108.18789666105624,119.0194333253523,0.9421659345653567,0.9413334573182072,0.9100702576112413,0.9644960677105164,101.21544685428148,106.44057929294645,0.781015741309138,0.7810157413091372,88.61551253453304,90.16149133207534,0.8531554648544534,0.8474255918555714,0.23891959779315705,0.26329852849802404
AL-4,i,all,AL-4|all~noearly,B4,noearly,0,102.28550813531434,107.34552801004835,98.15391992098839,112.72282734578064,0.9193154034229829,0.9130773045688426,0.8333333333333334,0.954225352112676,89.51436364060062,94.06039652118724,0.7043676599165006,0.7043676599165017,82.87435859636653,87.4630653823887,0.8508557457212714,0.8336107494885625,0.2275911938483597,0.2618702442938415
AL-4,i,all,AL-4|all~noearly,iii,noearly,0,108.64796141973729,113.88788259211464,107.78978399410754,119.08022627455688,0.9462102689486552,0.9477264273758602,0.9032258064516129,0.954225352112676,101.08933583668535,106.22320961849935,0.7810157413091382,0.7810157413091368,87.30805135698411,91.93969083004632,0.8704156479217604,0.8498760151261545,0.2298909302622157,0.26076016196222174
AL-5,i,B,AL-5,B4,main,0,112.952121397675,107.68957147384056,103.03219085606598,124.99904553434637,0.9578525460776393,0.9789024204828802,0.9098154535075247,0.9920275517580115,102.29341988848635,102.73460831585494,0.7075362694736045,0.7075362694736047,87.66384318750015,80.47906495951958,0.8459036704167241,0.9155026285504076,0.2127418800390696,0.18594828287938786
AL-5,i,B,AL-5,B4,probe_sig,0,114.7305442416687,109.82922656764552,105.27383381400155,126.49603939194809,0.9607531030973424,0.9808509700176368,0.9131258698304229,0.9937223340040239,104.65879287670448,105.11018308625952,0.7215610569621007,0.7215610569621015,88.87972968705216,82.29294565044505,0.8594556382534959,0.9232722978609879,0.21325254409972932,0.18662715070630287
AL-5,i,B,AL-5,ii,main,0,119.36236704890644,115.31613037856478,111.00049669391674,130.20307966444653,0.9630453667076576,0.981468253968254,0.9142479318178459,0.9954651162790696,110.67837767216793,111.15573016895716,0.7567099957775039,0.7567099957775051,92.88067239160515,87.77294293029313,0.8913007724649964,0.943856849689382,0.21514672812027058,0.1895002857457981
AL-5,i,B,AL-5,iii,main,0,123.69226007594538,120.22682928576728,116.13311541770923,133.49950610525468,0.9641914985128153,0.9817768959435627,0.9142479318178459,0.9964728682170543,115.98319646790094,116.48342848777706,0.7870450144827598,0.7870450144827593,94.55878583048506,89.93411337084915,0.9076490977618213,0.9517541608737691,0.2158785648615039,0.190564643957681
AL-5,i,B,AL-5,iii,phys,0,206.5000812256967,189.34819320857773,181.47222245658497,244.4642070575955,0.7539823929221388,0.7990714512450465,0.6441421992837248,0.8469624925102008,159.50298048244863,160.1909120150569,0.7366406433294715,0.7366406433294712,169.0257514342968,160.17480550165584,0.5702823019461556,0.557895088514857,0.38910788310614397,0.372202536401364
AL-5,i,B,AL-5,iii,probe_sig,0,123.65086196875784,120.180199503719,116.08760010380786,133.46256546048323,0.9641914985128153,0.9817768959435627,0.9142479318178459,0.9964728682170543,115.93298320025306,116.43299865182385,0.7867606652941055,0.786760665294104,94.54608893854108,89.91798545967377,0.9076490977618213,0.9517541608737691,0.21587399128732238,0.19055782317478204
AL-5,i,B,AL-5,iii,sig_pool,0,120.23844153606788,116.31495772512244,112.08529000830178,130.8737725148723,0.9636184326102365,0.9816225749559082,0.9142479318178459,0.995968992248062,111.76002295954727,112.24204055975993,0.7629437197567104,0.7629437197567098,92.43265811671887,87.17789532272332,0.8892339503981743,0.9422241966281577,0.2147386096983003,0.18896857808866532
AL-5,i,B,AL-5,iii,stau025,0,120.55545960499562,116.67606080943412,112.46673482972143,131.10772715171743,0.9636184326102365,0.9816225749559082,0.9142479318178459,0.995968992248062,112.15084073566796,112.63454392113351,0.7651899539822206,0.7651899539822204,93.03047844796228,87.97120169895365,0.8932880874755671,0.9449282782608105,0.21512374864968303,0.18949720446808263
AL-5,i,B,AL-5,iii,stau100,0,125.2463070833692,121.97643221007839,117.88563868109738,134.78320962922464,0.9641914985128153,0.9817768959435627,0.9142479318178459,0.9964728682170543,117.86629133733054,118.3746450884473,0.7976703923590535,0.7976703923590526,95.30514171781144,90.876124520128,0.9107825445775498,0.9531342314205065,0.21624649762949782,0.19108097773798574
AL-5,i,B,AL-5,iii,t3,0,123.19239825853242,119.6637193408847,115.58410716799077,133.07006717648378,0.9641914985128153,0.9817768959435627,0.9142479318178459,0.9964728682170543,115.37672147169528,115.87433778324808,0.7836070961396452,0.7836070961396453,94.16570097195361,89.43250750622995,0.9047485407421181,0.9498056113390128,0.21565724917311532,0.1902598528485751
AL-5,i,B,AL-5,iii,w_beq,0,130.1278502659869,127.46203771910787,123.49552117722409,139.0045391062073,0.9641914985128153,0.9817768959435627,0.9142479318178459,0.9964728682170543,123.75865457482469,124.29242191044243,0.8304399298835282,0.8304399298835282,98.05993799983571,94.25102275904173,0.9328550214793804,0.9671491983392742,0.21766489023192054,0.1929982596839025
AL-5,i,B,AL-5,iii,w_cell,0,134.9048209232873,132.81318379634868,128.86177933587095,143.148511817661,0.9647645644153942,0.981931216931217,0.9142479318178459,0.9969767441860464,129.4893526384815,130.04783630159312,0.8616245302149572,0.8616245302149579,100.73703996355847,97.45019612725864,0.9369017103042412,0.9694063898493391,0.21906146492688064,0.19483249936121078
AL-5,i,all,AL-5|all,B4,main,0,119.61227359673971,110.69736436846465,98.43547257224432,141.5552101580891,0.9515347334410339,0.9661996343875991,0.8367179658748746,1.0,105.05922200770905,102.62503212948255,0.7075362694736029,0.7075362694736047,94.36043867110622,83.31896606688913,0.8610662358642972,0.8784417050781314,0.20168869288537145,0.20423807962175064
AL-5,i,all,AL-5|all,ii,main,0,124.60677901500186,117.89452628989973,106.49573152459988,145.20466420217213,0.9596122778675282,0.9689542483660131,0.8423253192167243,1.0,113.67089167601634,111.03717205884197,0.7567099957775025,0.7567099957775051,99.05504260218159,89.91453612785719,0.8982229402261712,0.922664646100162,0.20507064946742695,0.2069309413968058
AL-5,i,all,AL-5|all,iii,main,0,128.45499639110326,122.55954924703583,111.60007593349982,147.50310817127743,0.962843295638126,0.9693173565722586,0.8423253192167243,1.0,119.11914178026659,116.3591878829944,0.7870450144827618,0.7870450144827593,100.54689305100132,91.94344928482849,0.9095315024232633,0.9317261083482079,0.20592222791654163,0.20777702756774405
AL-5,i,all,AL-5|all,iii,phys,0,200.38472920001593,203.25050482780105,170.48814989336572,308.6482633736342,0.8077544426494345,0.7399849887935114,0.42506892230576443,0.9231671033892151,163.815610580471,160.02005324099943,0.7366406433294725,0.7366406433294714,162.08502966378308,173.25491949757046,0.6462035541195477,0.49286105065389024,0.3532812243950628,0.41349262141258225
AL-5,i,all,AL-5|all,iii,probe_sig,0,128.41767273212776,122.51518035202129,111.55176027525765,147.47852346402505,0.962843295638126,0.9693173565722586,0.8423253192167243,1.0,119.0675708499048,116.3088118352358,0.7867606652941068,0.7867606652941042,100.53564499544018,91.92827530706869,0.9095315024232633,0.9317261083482079,0.2059172830171421,0.20777159386570698
AL-5,i,all,AL-5|all,iii,sig_pool,0,125.37698500815317,118.84214787512367,107.53650035905831,145.7019880910796,0.9612277867528272,0.9691358024691359,0.8423253192167243,1.0,114.78178241076982,112.12232379676435,0.7629437197567117,0.7629437197567099,98.65570112797569,89.36029883153668,0.8966074313408724,0.9198635256519827,0.2045028405932472,0.20650433985781846
AL-5,i,all,AL-5|all,iii,stau025,0,125.6560192609863,119.18487303762505,107.91254874209531,145.8316618573218,0.9612277867528272,0.9691358024691359,0.8423253192167243,1.0,115.18316708977251,112.51440851614198,0.7651899539822218,0.7651899539822203,99.18835883946169,90.09990661361658,0.8998384491114702,0.9245028813942797,0.20500982517362804,0.20692386276900374
AL-5,i,all,AL-5|all,iii,stau100,0,129.85546039665974,124.22504144479538,113.41200677191647,148.43388784822446,0.962843295638126,0.9693173565722586,0.8423253192167243,1.0,121.0531516331453,118.24838732210533,0.7976703923590559,0.7976703923590527,101.21598159593853,92.83101918764426,0.9143780290791599,0.933927451848571,0.20636007675503867,0.20819385358932543
AL-5,i,all,AL-5|all,iii,t3,0,128.00427243105136,122.02380956755287,111.01652023155762,147.20699804329908,0.962843295638126,0.9693173565722586,0.8423253192167243,1.0,118.49626895679523,115.75074683136869,0.783607096139643,0.7836070961396454,100.19733483418969,91.47183558248776,0.9079159935379645,0.9296977107822849,0.20564768276155823,0.20753024730377354
AL-5,i,all,AL-5|all,iii,w_beq,0,134.24685374758076,129.4557325626404,118.9990105099287,151.4491110755741,0.962843295638126,0.9693173565722586,0.8423253192167243,1.0,127.10483216345544,124.15985227484255,0.8304399298835301,0.8304399298835282,103.68599548344929,96.05816814175684,0.9305331179321487,0.9537151558128159,0.20803719180375194,0.20976952089771714
AL-5,i,all,AL-5|all,iii,w_cell,0,138.5400153639203,134.57055876665393,124.50931119515492,154.4438840247828,0.9644588045234249,0.9694989106753812,0.8423253192167243,1.0,132.99047642860165,129.90912797163972,0.8616245302149562,0.8616245302149579,106.1310022004392,99.14329218046626,0.9353796445880452,0.9561066615849841,0.20965103792615505,0.21130545395955636
AL-5,i,B,AL-5~noearly,B4,noearly,0,112.26128430645852,107.37471454581635,102.76215461399978,124.45385821940286,0.9552589886486033,0.976913260161899,0.9056546805385685,0.9910356659690792,101.74956322928226,102.40034388377521,0.7058368727225519,0.7058368727225515,86.45116647543982,79.83843942211521,0.843905277204326,0.9120999419397011,0.2104708295048323,0.18516324874421664
AL-5,i,B,AL-5~noearly,iii,noearly,0,122.06389273677075,118.87115751855019,114.72246644809925,132.403944069934,0.9641213271778056,0.981687552213868,0.9142479318178459,0.9966666666666666,114.32501015329312,115.05622218576946,0.7792815097358121,0.7792815097358127,93.22857068487863,88.94042722540864,0.9046986942071819,0.9484662235976286,0.2134851224750897,0.18941308778340332
AL-5,i,all,AL-5|all~noearly,B4,noearly,0,117.11239545711325,110.38723161195531,98.16908000138689,142.8259458515879,0.9463519313304721,0.9641234594261178,0.8295942071601852,1.0,102.95282400956629,102.28263871011357,0.7058368727225522,0.7058368727225514,90.78898974427557,82.71509788667741,0.8412017167381974,0.8721001089855033,0.20870670628688737,0.20335646625976997
AL-5,i,all,AL-5|all~noearly,iii,noearly,0,125.48112899654501,121.25059714511717,110.28415408656203,147.2731010480279,0.9570815450643777,0.9692122463020295,0.840776119402985,1.0,115.67698451620065,114.92396957704192,0.7792815097358121,0.7792815097358128,97.08090373458384,90.98290310786871,0.9012875536480687,0.9283859741497413,0.21223232509924414,0.20661387609323512
AL-6,i,B,AL-6,B4,main,0,105.85757856294778,103.50187653865922,102.76753536182369,105.86096897206333,1.0,1.0,1.0,1.0,105.85757856294778,103.50187653865922,0.7184611554937619,0.7184611554937723,77.34547488469951,75.54256609603226,0.9983313504247969,0.9992970601987776,0.12298659230623854,0.11834802034313918
AL-6,i,B,AL-6,B4,probe_sig,0,108.51152613762403,106.09676448096216,105.34401269043401,108.51500154743741,1.0,1.0,1.0,1.0,108.51152613762403,106.09676448096216,0.7338303683878713,0.7338303683878729,77.63867723113243,75.83110305282928,0.9983313504247969,0.9992970601987776,0.1231753513600128,0.11851422927943495
AL-6,i,B,AL-6,ii,main,0,114.05693291764891,111.51876653026598,110.72754587812106,114.0605859358863,1.0,1.0,1.0,1.0,114.05693291764891,111.51876653026598,0.7654727684225885,0.7654727684225997,85.67966550811232,83.73226629517941,0.9993583457299612,0.999810859376699,0.13037728922600225,0.1260854160128757
AL-6,i,B,AL-6,iii,main,0,120.11835941305127,117.44530504826639,116.61203587086406,120.12220656680469,1.0,1.0,1.0,1.0,120.11835941305127,117.44530504826639,0.7993368538376877,0.799336853837693,88.6766423325169,86.67271532205187,0.9993583457299612,0.999810859376699,0.13262250808697346,0.12840482289221328
AL-6,i,B,AL-6,iii,phys,0,165.70348142027876,161.01476398789666,159.8437885941194,165.7099351445779,0.9766812470388219,0.9936087731889258,0.976657221303501,0.9964768056371109,164.27600093908984,160.6202843318544,0.7473480808136145,0.7473480808136196,129.30203045922326,124.58908688414552,0.8520736502884002,0.8454403041473652,0.267475723535306,0.2800001617071336
AL-6,i,B,AL-6,iii,probe_sig,0,119.59491026990742,116.93350448260377,116.10386650728474,119.5987406586189,1.0,1.0,1.0,1.0,119.59491026990742,116.93350448260377,0.7964419684691145,0.7964419684691177,88.3060063013223,86.30906534781323,0.9993583457299612,0.999810859376699,0.13226581951620414,0.12803333439685416
AL-6,i,B,AL-6,iii,sig_pool,0,116.2414817210086,113.6547014685814,112.84832645374546,116.2452047060285,1.0,1.0,1.0,1.0,116.2414817210086,113.6547014685814,0.7777639549836024,0.7777639549836128,85.82792293749041,83.8777252800908,0.9993583457299612,0.999810859376699,0.1298469945195714,0.12551173386611852
AL-6,i,B,AL-6,iii,stau025,0,116.14499766969104,113.56036452546266,112.75465882701204,116.14871756451736,1.0,1.0,1.0,1.0,116.14499766969104,113.56036452546266,0.7772231596952738,0.777223159695287,86.3190790757504,84.35961211533262,0.9993583457299612,0.999810859376699,0.13057184596349528,0.1262740717949783
AL-6,i,B,AL-6,iii,stau100,0,122.07654355898111,119.35991273590828,118.51305950274272,122.08045342950426,1.0,1.0,1.0,1.0,122.07654355898111,119.35991273590828,0.8101172420879481,0.8101172420879631,89.79628555636396,87.77126257943335,0.9993583457299612,0.999810859376699,0.13357846499999537,0.12939522031276376
AL-6,i,B,AL-6,iii,t3,0,119.8659074214698,117.19847099802891,116.3669530971537,119.86974648968469,1.0,1.0,1.0,1.0,119.8659074214698,117.19847099802891,0.7979413857626655,0.7979413857626586,88.30971840579794,86.312707476882,0.9993583457299612,0.999810859376699,0.132203386469704,0.12796576357852843
AL-6,i,B,AL-6,iii,w_beq,0,126.21511187857408,123.40638340977235,122.53082064847014,126.21915429926462,1.0,1.0,1.0,1.0,126.21511187857408,123.40638340977235,0.8326476181782755,0.8326476181782858,92.45729705339055,90.38218370647482,0.9993583457299612,0.999810859376699,0.13599773957996028,0.13190010866470456
AL-6,i,B,AL-6,iii,w_cell,0,134.24181099739837,131.25446034944667,130.3232158338756,134.24611049740463,1.0,1.0,1.0,1.0,134.24181099739837,131.25446034944667,0.8753773894336357,0.875377389433625,97.3385946346816,95.16953847611646,0.9998532863849765,0.9999266001174398,0.14030995819337447,0.13635412142011297
AL-6,i,all,AL-6|all,B4,main,0,106.114634848979,104.09531412761024,102.97192612027456,106.54663457423452,1.0,1.0,1.0,1.0,106.114634848979,104.09531412761024,0.7184611554937617,0.7184611554937727,77.56862889567937,75.97631102753847,0.9972049689440994,0.9992344331221104,0.12336959814854125,0.12195442446844497
AL-6,i,all,AL-6|all,ii,main,0,114.33389987618024,112.15816970000276,110.94776802321564,114.799360775183,1.0,1.0,1.0,1.0,114.33389987618024,112.15816970000276,0.7654727684225878,0.7654727684226,85.89380795693417,84.21183381067155,0.9993788819875776,0.9998216321825918,0.13071685687556703,0.12917225251775152
AL-6,i,all,AL-6|all,iii,main,0,120.41004546684294,118.11868857513839,116.84396147239131,120.90024275804468,1.0,1.0,1.0,1.0,120.41004546684294,118.11868857513839,0.7993368538376899,0.7993368538376934,88.89853861154401,87.1694146195674,0.9993788819875776,0.9998216321825918,0.13295673961209745,0.1314416921673987
AL-6,i,all,AL-6|all,iii,phys,0,165.90970994924666,161.90043523469504,159.79787618110953,166.2558215458317,0.9801242236024845,0.9942074565847739,0.973568281938326,1.0,164.67491596490893,161.54121559859263,0.7473480808136173,0.7473480808136198,128.9169337175081,125.90414349180718,0.8649068322981367,0.8181827209907908,0.26027680656321095,0.27593552517040865
AL-6,i,all,AL-6|all,iii,probe_sig,0,119.88532522063232,117.60395355356172,116.33478142852877,120.37338634086508,1.0,1.0,1.0,1.0,119.88532522063232,117.60395355356172,0.7964419684691117,0.7964419684691176,88.52694344263858,86.80364580435563,0.9993788819875776,0.9998216321825918,0.1326012061565108,0.13108165572703329
AL-6,i,all,AL-6|all,iii,sig_pool,0,116.52375346744209,114.30635121898264,113.07276654518724,116.99812940583813,1.0,1.0,1.0,1.0,116.52375346744209,114.30635121898264,0.7777639549836017,0.777763954983613,86.04244886346795,84.35814022022464,0.9993788819875776,0.9998216321825918,0.13019085893759413,0.12864586002543765
AL-6,i,all,AL-6|all,iii,stau025,0,116.42703512177935,114.21147338626888,112.97891262618475,116.90101731336507,1.0,1.0,1.0,1.0,116.42703512177935,114.21147338626888,0.7772231596952741,0.7772231596952873,86.53487548066035,84.84283450534484,0.9993788819875776,0.9998216321825918,0.1309122014675778,0.1293714867735809
AL-6,i,all,AL-6|all,iii,stau100,0,122.37298471439765,120.04427384316749,118.74876598371304,122.87117326162837,1.0,1.0,1.0,1.0,122.37298471439765,120.04427384316749,0.8101172420879474,0.8101172420879633,90.02107964049691,88.27436288019145,0.9993788819875776,0.9998216321825918,0.1339099766168287,0.13240679274849537
AL-6,i,all,AL-6|all,iii,t3,0,120.15698044053866,117.87043927902762,116.59839126211871,120.64614748721334,1.0,1.0,1.0,1.0,120.15698044053866,117.87043927902762,0.7979413857626656,0.7979413857626584,88.53066515304992,86.80730915445864,0.9993788819875776,0.9998216321825918,0.1325392152814275,0.1310192519357311
AL-6,i,all,AL-6|all,iii,w_beq,0,126.52160281045599,124.11394533116906,122.77451791412675,127.03668065745414,1.0,1.0,1.0,1.0,126.52160281045599,124.11394533116906,0.8326476181782753,0.8326476181782859,92.68898046423817,90.90049856473863,0.9993788819875776,0.9998216321825918,0.13632208775082136,0.1348421555312094
AL-6,i,all,AL-6|all,iii,w_cell,0,134.56779333927327,132.007019946371,130.5824111219041,135.11562776224082,1.0,1.0,1.0,1.0,134.56779333927327,132.007019946371,0.8753773894336363,0.8753773894336246,97.58180571081091,95.71562302341015,0.9996894409937889,0.9999161144199312,0.14062261135257678,0.13918321205981873
AL-6,i,B,AL-6~noearly,B4,noearly,0,104.62178126161623,102.29358005724023,101.56781168980476,104.6251320905856,1.0,1.0,1.0,1.0,104.62178126161623,102.29358005724023,0.7112544688597272,0.7112544688597388,77.00895852446746,75.21140605335279,0.9983313504247969,0.9992970601987776,0.12264441445887807,0.11798977378187653
AL-6,i,B,AL-6~noearly,iii,noearly,0,117.84326005657512,115.22083462390891,114.40334796450439,117.84703434339072,1.0,1.0,1.0,1.0,117.84326005657512,115.22083462390891,0.7867141666389823,0.7867141666389856,87.07838353403848,85.10459133512947,0.9993583457299612,0.999810859376699,0.13109798940411327,0.12681630462078597
AL-6,i,all,AL-6|all~noearly,B4,noearly,0,104.87583663388371,102.88008976647889,101.76981635978562,105.30279312934132,1.0,1.0,1.0,1.0,104.87583663388371,102.88008976647889,0.7112544688597296,0.7112544688597392,77.23362038816389,75.64336874382981,0.9972049689440994,0.9992344331221104,0.12302906876324374,0.12161045489108822
AL-6,i,all,AL-6|all~noearly,iii,noearly,0,118.129421436565,115.88146394371259,114.63088078386697,118.6103341558881,1.0,1.0,1.0,1.0,118.129421436565,115.88146394371259,0.7867141666389844,0.786714166638986,87.29614425888408,85.59215406355356,0.9993788819875776,0.9998216321825918,0.13143723406772626,0.12990421776933436
CA-2,i,B,CA-2,B4,main,0,103.64708879162454,132.0417779245231,89.30582722954212,139.58111501452,0.7988958421132737,0.8192485985550718,0.7381529846695316,0.9224315347507094,86.6573541939167,85.81776559936169,0.6792142782529093,0.6792142782529089,87.45073519573884,106.99891265209408,0.670239283800053,0.7623253408064284,0.2904439921754993,0.2543588128356069
CA-2,i,B,CA-2,B4,probe_sig,0,103.75868695846142,131.38667121825267,89.8387315877025,138.70402071423715,0.8052094282523992,0.821541592185645,0.7442809103526357,0.922956742999936,87.6379013128845,86.7888125877847,0.6858884557265258,0.685888455726525,87.54022817594151,106.98194659498492,0.6797096630087415,0.7657648312522883,0.28972884977239377,0.2542880978406871
CA-2,i,B,CA-2,ii,main,0,108.28636214948631,123.56402184202776,97.77791783325344,129.48898336870712,0.8820901815467603,0.8614939200926462,0.8215335426694691,0.9537130909983013,100.78821834446745,99.8117214346012,0.7728575127326011,0.772857512732602,90.19542692255894,107.54374671428282,0.740771110065298,0.7947729499232447,0.2863022601279329,0.2545847677580564
CA-2,i,B,CA-2,iii,main,0,112.60670453352516,119.86415265176956,103.0557233068096,125.55605510390146,0.918549969639064,0.880514379463424,0.8472944286245953,0.978091192009877,108.26863184268987,107.21966018542238,0.820248920652998,0.8202489206529971,91.73765113953986,107.96422306913055,0.7574478522266024,0.8007280426778282,0.285873459749404,0.2550218565556206
CA-2,i,B,CA-2,iii,phys,0,240.2077810447463,186.09771557503348,175.8267972791068,261.0739814329337,0.47320760652114036,0.7639851340599407,0.38623357071042724,0.7288297806431739,145.19177390046133,143.78506862398518,0.752680147217262,0.7526801472172615,199.98587858303895,150.10392947608744,0.3226810799665486,0.5545402694425141,0.5376153941451933,0.38659688045418555
CA-2,i,B,CA-2,iii,probe_sig,0,112.53420177596593,119.91131657004428,102.96765992249341,125.6055609719423,0.9153931765695014,0.8793678826481374,0.8460267475554262,0.9779147809338121,108.16191044916664,107.1139727729806,0.819583214934472,0.8195832149344728,91.70793269089714,107.95611881647912,0.7574478522266024,0.8007280426778282,0.2858810475277261,0.2550113193168899
CA-2,i,B,CA-2,iii,sig_pool,0,108.5017404638448,123.34490678522222,98.07502778133879,129.2615761341846,0.8874880633234834,0.8646101138776299,0.825759479224525,0.9572728480138473,101.21041460024517,100.22982719899117,0.7755720188639248,0.7755720188639244,89.76141653556036,107.42433624312227,0.7376143169957352,0.7936264531079579,0.2868105187730641,0.25438121317658535
CA-2,i,B,CA-2,iii,stau025,0,110.12876175566385,121.81495545217703,100.09384298625669,127.60294297042267,0.8969584425321718,0.8680496043234897,0.834942394351809,0.9590193405222767,104.21568918654289,103.20598487663605,0.7947565469734158,0.7947565469734148,90.77812430926974,107.7029281751189,0.7439279031348608,0.7959194467385312,0.28614285112772214,0.25470644540928467
CA-2,i,B,CA-2,iii,stau100,0,114.01803964303285,118.96923001239622,104.74456938883486,124.6278379975877,0.921706762708627,0.8816608762787107,0.85058100706875,0.978391104099033,110.30420377237992,109.23551026932743,0.8328892607349883,0.8328892607349889,92.2385723282427,108.10085906931222,0.760604645296165,0.8018745394931146,0.28579144731422135,0.25520697168333795
CA-2,i,B,CA-2,iii,t3,0,112.93243819187906,119.65641384191501,103.43323727009054,125.33992320705843,0.918549969639064,0.880514379463424,0.8472944286245953,0.978091192009877,108.74154652785008,107.68799298853051,0.82319526574831,0.8231952657483099,91.7682363296796,107.97255900815767,0.7574478522266024,0.8007280426778282,0.2859070533587368,0.2550242410126747
CA-2,i,B,CA-2,iii,w_beq,0,115.65871085623878,118.61043353679761,106.64308096381318,123.01306420582304,0.926068375055298,0.9078073730939973,0.8642724503948751,0.9799189226182607,112.5662009813486,111.47559188815092,0.8468089412785638,0.8468089412785629,92.91949298166794,108.29267386986912,0.774557201919174,0.8092534238783685,0.2856801141747074,0.2554829070065362
CA-2,i,B,CA-2,iii,w_cell,0,117.91674966361134,118.33335230666583,108.96637713087016,122.06271704381905,0.9450091334726748,0.9146863539857171,0.8797249455723313,0.9822266891891892,115.50444081037134,114.38536428158814,0.8646926516316185,0.864692651631619,93.77824928284704,108.53674568938729,0.7777139949887368,0.8103999206936552,0.28562554397087364,0.2558358484212118
CA-2,i,all,CA-2|all,B4,main,0,101.26693917222643,151.08069093645298,85.53131872819448,121.32320819746342,0.8274111675126904,0.7893517945886896,0.6747776579975745,0.9724025499770461,86.0420357521689,85.4086596838716,0.6792142782529091,0.6792142782529087,84.31218263518005,123.48843826106682,0.7106598984771574,0.7463919670823856,0.2739656617779521,0.2718442837207584
CA-2,i,all,CA-2|all,ii,main,0,106.7037066886879,131.9442132545117,97.14412691962231,117.33393542328774,0.8984771573604061,0.8164892432408356,0.796917864476386,0.9962264150943396,100.07256241387574,99.33590427263054,0.7728575127326011,0.7728575127326021,88.04717452743053,120.48070280278482,0.7766497461928934,0.7732424994082407,0.2712027055767548,0.27047795824411147
CA-2,i,all,CA-2|all,iii,main,0,111.2102496321878,122.15138224506185,103.43222418100547,118.90499847574465,0.9314720812182741,0.8320639021275963,0.8542822869329,0.9967223725396573,107.4998605542596,106.70852828945252,0.820248920652998,0.820248920652997,89.85593876949282,119.64949466952754,0.7918781725888325,0.7769692726520276,0.27115475510146064,0.2705109548399887
CA-2,i,all,CA-2|all,iii,phys,0,227.04688009737308,171.21258699187817,156.22461451849404,292.75747892396987,0.5152284263959391,0.8229778696841608,0.28851540616246496,0.789747877344084,144.16082647652868,143.0996240459028,0.7526801472172621,0.7526801472172614,190.39969277341285,137.98550118771735,0.350253807106599,0.6156353155569749,0.512789564247561,0.34744506207416354
CA-2,i,all,CA-2|all,iii,probe_sig,0,111.13549149217103,122.28648755620101,103.35698400259261,118.85775089132655,0.9289340101522843,0.8315739462236278,0.8486748545572075,0.9967223725396573,107.39389694571815,106.60334470445635,0.8195832149344722,0.819583214934473,89.8217596528563,119.66409765435895,0.7918781725888325,0.7769692726520276,0.271155205340416,0.2705087087751433
CA-2,i,all,CA-2|all,iii,sig_pool,0,106.9326219295018,131.3869812755798,97.52000077522338,117.37811821922358,0.9035532994923858,0.8193102014758065,0.8066296162691076,0.9962264150943396,100.49176082665872,99.75201686532333,0.7755720188639249,0.7755720188639244,87.52557140841968,120.73571524412925,0.7741116751269036,0.7727525435042721,0.2715245796287134,0.2705143156028622
CA-2,i,all,CA-2|all,iii,stau025,0,108.64388330961769,127.42822796206724,100.16887584297776,117.80130784122606,0.9111675126903553,0.8207800691877125,0.8215338809034908,0.9962264150943396,103.47569618684383,102.71398676141915,0.7947565469734158,0.7947565469734145,88.73827084105365,120.15075354727992,0.7791878172588832,0.7737324553122094,0.271185895205182,0.2704579583870176
CA-2,i,all,CA-2|all,iii,stau100,0,112.65894389510491,119.56936978687267,104.98745453082518,119.84382106877125,0.934010152284264,0.8325538580315649,0.8598956824108954,0.9967223725396573,109.52097871993284,108.71476851940363,0.8328892607349883,0.8328892607349889,90.42816933659431,119.40905611945772,0.7944162436548223,0.7774592285559963,0.2711825738370093,0.2705709306331766
CA-2,i,all,CA-2|all,iii,t3,0,111.54509957834065,121.55278176631268,103.73067167496804,119.12021468172702,0.9314720812182741,0.8320639021275963,0.8542822869329,0.9967223725396573,107.96941726559454,107.17462848117968,0.8231952657483099,0.8231952657483096,89.89110532313892,119.63447212490192,0.7918781725888325,0.7769692726520276,0.2711873256853663,0.27051633904039113
CA-2,i,all,CA-2|all,iii,w_beq,0,114.3664915875358,118.63319052957397,106.88735548354832,121.05815344868827,0.9390862944162437,0.9099668908586106,0.8699162938374946,1.0,111.76691441155184,110.9441713395536,0.8468089412785638,0.8468089412785627,91.19711863369851,119.11059422741484,0.8071065989847716,0.7835911009299067,0.2712184104850192,0.27068855687017546
CA-2,i,all,CA-2|all,iii,w_cell,0,116.69658544677387,117.9106795941729,109.51285385212425,122.85683600177937,0.9543147208121827,0.9129066262824224,0.9033232628398792,1.0,114.68429100086581,113.84007241985924,0.8646926516316187,0.8646926516316193,92.15427399798116,118.75824591195806,0.8096446700507615,0.7840810568338752,0.27132950569706527,0.2708623549498307
CA-2,i,B,CA-2~noearly,B4,noearly,0,103.64708879162454,132.0417779245231,89.30582722954212,139.58111501452,0.7988958421132737,0.8192485985550718,0.7381529846695316,0.9224315347507094,86.6573541939167,85.81776559936169,0.6792142782529093,0.6792142782529089,87.44348588681298,107.00182061225667,0.6670824907304903,0.7611788439911418,0.29055495221719374,0.2543654584403137
CA-2,i,B,CA-2~noearly,iii,noearly,0,110.53338716488972,121.45964480963153,100.57143660905349,127.23146044640494,0.8969584425321718,0.8680496043234897,0.834942394351809,0.9590193405222767,104.92239095464603,103.90583969274357,0.799232891291784,0.7992328912917849,90.78696864490895,107.70533093364665,0.7439279031348608,0.7959194467385312,0.2862152196532728,0.2546852318507022
CA-2,i,all,CA-2|all~noearly,B4,noearly,0,101.26693917222643,151.08069093645298,85.53131872819448,121.32320819746342,0.8274111675126904,0.7893517945886896,0.6747776579975745,0.9724025499770461,86.0420357521689,85.4086596838716,0.6792142782529091,0.6792142782529087,84.29239086190925,123.52571847593286,0.7081218274111675,0.7459020111784169,0.2740486808397666,0.27189126216134596
CA-2,i,all,CA-2|all~noearly,iii,noearly,0,109.06401772173368,126.49482125211335,100.78435191824371,117.93767232641473,0.9111675126903553,0.8207800691877125,0.8215338809034908,0.9962264150943396,104.17737995463102,103.41050526664449,0.7992328912917841,0.7992328912917851,88.74870393444398,120.14581235396135,0.7791878172588832,0.7737324553122094,0.2712444073890753,0.27046133383285864
CA-3,i,B,CA-3,B4,main,0,125.42558987250887,117.55213419700912,117.64184817582434,131.40093895611497,0.9456907023661744,0.961058023415978,0.9161803191656487,0.9686523708597459,113.0535340344547,109.53996695000717,0.7339271102695676,0.7339271102695686,103.2227175744529,89.28704728750503,0.8872983024731547,0.9440465185067458,0.24426645160339572,0.20663289921728137
CA-3,i,B,CA-3,B4,probe_sig,0,128.56010152038436,122.32952569789138,121.83230071732018,134.740818661875,0.9602582604457706,0.9643161289468107,0.9230155654148613,0.9762129168441014,119.31192277622274,115.6038525400379,0.7681776803934206,0.76817768039342,104.18634588983657,91.47437663727987,0.9063725722230697,0.9499136469591015,0.24447450211174093,0.2073519940732173
CA-3,i,B,CA-3,ii,main,0,128.01300967306355,121.59999586049847,121.21301140138641,134.1818241219882,0.9602582604457706,0.9643161289468107,0.9230155654148613,0.9762129168441014,118.3829088052416,114.70371119950843,0.7631404973142837,0.7631404973142842,105.5250126027087,93.96410276721706,0.9151131070708274,0.9518685102776011,0.2450958332164296,0.20937843256783775
CA-3,i,B,CA-3,iii,main,0,134.13631847452876,128.5628288980467,127.99368252600152,140.2854452240783,0.9748258185253666,0.9675742344776437,0.9299501801133042,0.987103116267998,126.90177316375102,122.95781955845916,0.8087216227870904,0.8087216227870911,107.60540756051498,97.37059960714473,0.9209401303026657,0.9531717524899342,0.24621671784903754,0.21110454688801633
CA-3,i,B,CA-3,iii,phys,0,194.7503826052269,201.42795342722084,182.36231244838964,221.8794234299101,0.8784083172428845,0.8122540711489311,0.757933781841856,0.9073897808329109,170.77080038037303,165.46345047463402,0.7353043568797497,0.7353043568797493,157.37630030650138,163.6628995918948,0.7289464366838257,0.6796157877835334,0.3029260323077191,0.3521959559316959
CA-3,i,B,CA-3,iii,probe_sig,0,133.91472371355889,128.33852439380775,127.76625708893344,140.07414840289886,0.9748258185253666,0.9675742344776437,0.9299501801133042,0.987103116267998,126.63692118388829,122.70119885775685,0.8073249669771301,0.8073249669771296,107.52338275445743,97.24183056059525,0.9209401303026657,0.9531717524899342,0.24617159449011422,0.21103119492057898
CA-3,i,B,CA-3,iii,sig_pool,0,132.96756189841065,127.38013353477045,126.77840077160685,139.15326643540413,0.9748258185253666,0.9675742344776437,0.9299501801133042,0.987103116267998,125.5044945291052,121.603966653583,0.8013385668356763,0.8013385668356754,106.95054093994574,96.34367649976049,0.9209401303026657,0.9531717524899342,0.24586627160380686,0.21044620731959385
CA-3,i,B,CA-3,iii,stau025,0,130.10378737235354,124.25407325932704,123.68584824572004,136.261755987517,0.966085283677609,0.9656193711591439,0.9255106894801121,0.9799335865085129,121.72336906183634,117.94035399206075,0.781176575004457,0.7811765750044578,106.12189035295098,94.97409811406501,0.9151131070708274,0.9518685102776011,0.2454137702135351,0.20977595913990948
CA-3,i,B,CA-3,iii,stau100,0,136.44584989980467,130.83059460696438,130.3690912158,142.57832999645586,0.9822460418116046,0.970834878505333,0.9355792659116009,0.9915454216995383,129.53108256508395,125.50541320409945,0.8225163250690157,0.8225163250690148,108.35295662549906,98.54603409809671,0.9209401303026657,0.9531717524899342,0.2466402357149918,0.21176329945035482
CA-3,i,B,CA-3,iii,t3,0,133.9700188091667,128.39449273849633,127.82300816042101,140.12686654485003,0.9748258185253666,0.9675742344776437,0.9299501801133042,0.987103116267998,126.70301342573876,122.7652370326778,0.8076736162657256,0.8076736162657244,107.40785835134245,97.06054033719172,0.9209401303026657,0.9531717524899342,0.24611241850380824,0.21089123215367622
CA-3,i,B,CA-3,iii,w_beq,0,145.61836178173198,139.90001466259127,139.67787517672525,151.62590357349237,0.9851595534275239,0.9824826057780603,0.9623998546420379,0.9929250936118619,139.59705084465594,135.25854336567483,0.8741576899045407,0.8741576899045415,111.80373329538634,103.58920315271398,0.9296806651504234,0.9551266158084338,0.24861261821965136,0.2147720141467651
CA-3,i,B,CA-3,iii,w_cell,0,152.35953941624842,146.60973688612017,146.37958017053725,158.29922546195561,0.9851595534275239,0.9824826057780603,0.9623998546420379,0.9929250936118619,146.96656052152207,142.39901759619005,0.910814431723621,0.9108144317236206,114.43649621123348,107.23603843442909,0.9369501675184166,0.9591031600974784,0.2501606709553566,0.21696690065224805
CA-3,i,all,CA-3|all,B4,main,0,122.95470290787698,114.97808225371328,110.0976638635663,130.87290187961,0.9511494252873564,0.9779768842268842,0.9243623560535326,1.0,112.92170819643168,110.75081024565387,0.7339271102695677,0.7339271102695686,101.27969280597092,86.22619465869982,0.8936781609195402,0.9615756928256928,0.23002428541122955,0.1905140932275253
CA-3,i,all,CA-3|all,ii,main,0,125.66724024192457,119.55735837378077,115.09797205795822,134.42263734577216,0.9655172413793104,0.9799193861693861,0.9444384835479256,1.0,118.24486866086102,115.97163398202224,0.7631404973142838,0.7631404973142842,103.73672271119402,91.45277182446664,0.9195402298850575,0.9658411033411033,0.23097834147380614,0.1931740387796973
CA-3,i,all,CA-3|all,iii,main,0,131.9543549926517,127.16853637614317,123.18118522468973,141.6046941092371,0.9798850574712644,0.9818618881118881,0.9503629032258064,1.0,126.7537996153185,124.31698238829323,0.8087216227870907,0.808721622787091,105.91576727445445,95.19931215283866,0.9252873563218391,0.9666181041181042,0.2322009436335073,0.19506027874035559
CA-3,i,all,CA-3|all,iii,phys,0,189.68563165311377,193.06024435795223,176.23157997892892,219.7144464722965,0.8879310344827587,0.8523510838719817,0.7914251958711603,0.9456542804179305,170.5716734440745,167.29246608656334,0.7353043568797498,0.7353043568797492,153.38762571218575,157.5230127981903,0.7442528735632183,0.7151567888022997,0.28149230914180295,0.30724383456125426
CA-3,i,all,CA-3|all,iii,probe_sig,0,131.72825352517103,126.92727636347968,122.92426696014591,141.3707351397021,0.9798850574712644,0.9818618881118881,0.9503629032258064,1.0,126.48925646555556,124.05752502930424,0.8073249669771302,0.8073249669771295,105.83010217258234,95.05819124881077,0.9252873563218391,0.9666181041181042,0.23215212500440127,0.1949822343045261
CA-3,i,all,CA-3|all,iii,sig_pool,0,130.76170667589304,125.89609128491215,121.84705806318169,140.37121960354744,0.9798850574712644,0.9818618881118881,0.9503629032258064,1.0,125.35815027451596,122.94816413552797,0.8013385668356764,0.8013385668356755,105.23186586805431,94.07384841361613,0.9252873563218391,0.9666181041181042,0.23181948973941657,0.1943777138828243
CA-3,i,all,CA-3|all,iii,stau025,0,127.82777689347486,122.49676901749717,118.2785790295245,137.14784432799922,0.9712643678160919,0.980696386946387,0.9469689239332097,1.0,121.58143378072724,119.244054284235,0.781176575004457,0.781176575004458,104.36337188804127,92.56654386756995,0.9195402298850575,0.9658411033411033,0.23132563899626318,0.19364049236128536
CA-3,i,all,CA-3|all,iii,stau100,0,134.29321690182914,129.58455263886256,125.73175009413822,143.8985461720815,0.985632183908046,0.983407795907796,0.9593185748875821,1.0,129.38004311589728,126.89273686665734,0.8225163250690155,0.8225163250690147,106.70183099968533,96.50022614489671,0.9281609195402298,0.9735625485625486,0.2326584052927226,0.1957666737476851
CA-3,i,all,CA-3|all,iii,t3,0,131.78467419938272,126.9874783151805,122.98837936042567,141.42911141854438,0.9798850574712644,0.9818618881118881,0.9503629032258064,1.0,126.55527164068499,124.12227107548831,0.8076736162657256,0.8076736162657244,105.70945247670672,94.8595090437184,0.9252873563218391,0.9666181041181042,0.23208798379413584,0.1948434334610789
CA-3,i,all,CA-3|all,iii,w_beq,0,143.56600764317653,139.0631367821201,135.3169386865722,152.91604520656173,0.9885057471264368,0.9903522403522405,0.9714027255639097,1.0,139.4342739941107,136.7536771051985,0.8741576899045407,0.8741576899045413,110.32705700803868,102.08347394487812,0.9367816091954023,0.9747280497280497,0.23477100093164852,0.19895217694904888
CA-3,i,all,CA-3|all,iii,w_cell,0,150.37496215795366,146.04289002521674,142.31099691555968,159.7623209487242,0.9885057471264368,0.9903522403522405,0.9714027255639097,1.0,146.79519046955886,143.9730813882826,0.9108144317236211,0.9108144317236206,113.03635022545863,106.0577573054548,0.9425287356321839,0.9768113830613829,0.23641312402707437,0.2012728969089741
CA-3,i,B,CA-3~noearly,B4,noearly,0,122.46224790880476,115.94644158160824,116.55893146317129,126.44434077826105,0.9492020496929137,0.9629216112170658,0.9199802759816678,0.9705650784483774,112.80344765880628,109.38894953662707,0.7330863605821494,0.7330863605821498,101.62233458395818,88.26097371089858,0.8895978392771109,0.9451646711873984,0.22909554986095845,0.19919220133565493
CA-3,i,B,CA-3~noearly,iii,noearly,0,131.18258183024673,126.99203558689248,127.09875478062565,135.29893363330115,0.9788058925064161,0.9694378222787314,0.9333241384527795,0.9886236395122381,126.59330482968042,122.76139533938878,0.8076759905473683,0.8076759905473685,105.98911611495726,96.43403082637532,0.9238779672747048,0.9546626227308046,0.23101747816702947,0.20361437646758102
CA-3,i,all,CA-3|all~noearly,B4,noearly,0,121.05872459226426,114.18716961766492,109.95451930770001,126.88277100292174,0.9532163742690059,0.9788036038036039,0.92624619229868,1.0,112.72088855286141,110.60028648747323,0.7330863605821495,0.7330863605821497,100.30640665937348,85.62472209489623,0.8947368421052632,0.9620717245717246,0.22030612542367187,0.18716657325769723
CA-3,i,all,CA-3|all~noearly,iii,noearly,0,129.99949814148738,126.36556514037979,122.98881601346852,135.23877042513445,0.9824561403508771,0.9826886076886078,0.9569631945431292,1.0,126.5006531396633,124.12081432039147,0.8076759905473679,0.8076759905473686,104.90390835001877,94.69450348201194,0.9269005847953217,0.9672794797794799,0.22244562527125952,0.1916852515064876
LE-1,i,B,LE-1,B4,main,0,113.85835083407817,141.0487230252189,92.12644298958142,205.0821210004985,0.8342873037099966,0.8415998577068418,0.7676676796758978,0.8887855184281823,72.8348220891625,71.43764847432476,0.6938200348026894,0.6938200348026962,89.68266902793863,110.25355102993483,0.694492332702157,0.7403423335881223,0.29613028787251416,0.274299996045166
LE-1,i,B,LE-1,B4,probe_sig,0,113.50835475838038,139.05725409391096,92.55149802562062,201.55899545565543,0.8431687813711073,0.844324687069789,0.7780007729168738,0.8929234715106404,74.73719398841011,73.30352761163478,0.7094288923758574,0.7094288923758616,89.48787061969865,109.40016863466442,0.7160872683996194,0.7518388869471454,0.29544096702301476,0.2739725394950611
LE-1,i,B,LE-1,ii,main,0,113.34923844002935,135.8083814364798,93.68472672163502,196.03486119668742,0.8585635359153954,0.8496617144198353,0.7926293151686813,0.9036992197686218,77.95783117593507,76.46238405785559,0.7355185625072262,0.7355185625072345,89.6112746949214,108.07090691289304,0.7503276608277405,0.7808055258662361,0.2935345014553946,0.27356145475706856
LE-1,i,B,LE-1,iii,main,0,114.41482742721863,127.66527614501604,98.22224739571016,182.30637260224253,0.8946385578913666,0.873333341379734,0.8385794571924532,0.9241080125599878,87.45362034765512,85.776017693223,0.810014015853199,0.8100140158532002,90.5179530961646,107.02021703454395,0.7866102946774948,0.8055123351953577,0.2925540156214267,0.273544080501783
LE-1,i,B,LE-1,iii,phys,0,187.01354972853923,149.4186381768736,161.52025464123338,198.87827176695646,0.5491053601876319,0.7884665855587427,0.5112787185495996,0.7417524724869151,110.7584005292361,108.63374764477155,0.7140770337594715,0.7140770337594653,154.41048323903937,121.91618374605682,0.37007565131825615,0.611889621815146,0.4894173674663446,0.35246151781151547
LE-1,i,B,LE-1,iii,probe_sig,0,114.38800121284837,127.74666176471598,98.16066776418478,182.43016546988557,0.8946385578913666,0.873333341379734,0.8385794571924532,0.9241080125599878,87.34581848884923,85.67028377264316,0.8091883912752695,0.8091883912752786,90.50118494242284,107.03283995623224,0.7866102946774948,0.8055123351953577,0.2925627357520397,0.27353834386591
LE-1,i,B,LE-1,iii,sig_pool,0,113.59429891396832,131.40583031052554,95.77976191588219,188.57413822494698,0.8760118578382766,0.8655975913471705,0.8110012669410422,0.9133092242108349,82.7161232126683,81.12939887450739,0.7732977241266524,0.7732977241266497,89.83165207361941,107.68537475308983,0.7622079517119542,0.7926498997257613,0.2932103369795185,0.2733994332218246
LE-1,i,B,LE-1,iii,stau025,0,113.67254630416532,130.8737545526898,96.10264170597372,187.6061011986935,0.8764271402303032,0.8656576297717624,0.8110012669410422,0.9137871996270429,83.3654846516528,81.76630376258736,0.7783830422608831,0.7783830422608807,90.01913301159166,107.45654463552367,0.7719340262248882,0.7953016606542083,0.2928932751524316,0.273443251341832
LE-1,i,B,LE-1,iii,stau100,0,115.00277843204077,126.21748450206195,99.41293493302557,180.11353452483922,0.8978959651676239,0.8785385002075161,0.8478000279347462,0.9266136575199145,89.55714799621036,87.83919385543872,0.8260332978921828,0.8260332978921741,90.8032331758964,106.82010287988172,0.7940586592449227,0.8118650288388845,0.29245176380927973,0.27364739890301004
LE-1,i,B,LE-1,iii,t3,0,114.66586488000529,127.02091963787606,98.74012817841673,181.29867367731916,0.8972934168579944,0.8779060597313255,0.8446823194334151,0.9262570346783946,88.37742248577888,86.682098747727,0.8170704761727062,0.8170704761726998,90.59570357794915,106.96169827307209,0.7866102946774948,0.8055123351953577,0.29254113206898624,0.2735639818057737
LE-1,i,B,LE-1,iii,w_beq,0,115.32926604586655,125.52277069637098,100.03126651006052,179.2181688134503,0.9024080321337304,0.8797945087745486,0.8513173324525315,0.9298596629775725,90.59816943070524,88.86024561555297,0.8338973385650296,0.8338973385650186,91.00246534847031,106.7014608678064,0.8053032070548607,0.8149697556945805,0.2923872472453935,0.2737313988570631
LE-1,i,B,LE-1,iii,w_cell,0,114.55315627305302,127.29954641456317,98.52171364121703,181.73778933853808,0.8972934168579944,0.8779060597313255,0.8446823194334151,0.9262570346783946,87.97108858190957,86.28355945353755,0.8139708146659317,0.8139708146659257,90.5881932880341,106.96735008596634,0.7866102946774948,0.8055123351953577,0.2925231727205675,0.2735673102898642
LE-1,i,all,LE-1|all,B4,main,0,111.21595669625316,159.15563219985296,83.79324236760203,300.7906372535552,0.833426808749299,0.7909282328943386,0.6867508791638175,0.8971323529411764,72.68465582500805,70.72270877998442,0.6938200348026893,0.6938200348026969,87.97640677774713,126.97909946187994,0.6904094223219294,0.6931442650576152,0.29688688168746885,0.29454286035432437
LE-1,i,all,LE-1|all,ii,main,0,110.89439340997022,149.92406717018721,85.50478309246873,282.7764915491905,0.8586651710600112,0.798905705650891,0.7125709253736303,0.9068995098039215,77.79710261322991,75.69715739300365,0.7355185625072261,0.7355185625072354,87.9895512865833,122.26972170179427,0.7476163768928772,0.730607503672722,0.29412089074024983,0.29316204814221714
LE-1,i,all,LE-1|all,iii,main,0,112.33730279305772,136.54725514608475,90.41279682648128,254.514268568518,0.8962422882781829,0.8477255487593355,0.7790292973201784,0.9272185086746972,87.27331396291072,84.91758126395857,0.810014015853199,0.8100140158532002,88.97399909294766,119.14068902771837,0.7851934941110488,0.7533104961968753,0.2930709380836128,0.29238931177927047
LE-1,i,all,LE-1|all,iii,phys,0,187.93680739464227,141.7084106013037,149.7929939875171,210.16257514612653,0.5316881660123387,0.8165347157147799,0.36294611487250633,0.7863319386331938,110.53004581161424,107.54655370719196,0.7140770337594711,0.7140770337594636,155.63744738033503,118.34772161627741,0.35333707234997197,0.643212564128378,0.4976175940311034,0.3383570524862663
LE-1,i,all,LE-1|all,iii,probe_sig,0,112.30643165161894,136.6775091377836,90.34513421619405,254.78258771600335,0.8962422882781829,0.8477255487593355,0.7790292973201784,0.9272185086746972,87.16573436321035,84.8129055161837,0.8091883912752701,0.8091883912752803,88.95604595091922,119.1818908289864,0.7851934941110488,0.7533104961968753,0.2930808467770316,0.2923928923916234
LE-1,i,all,LE-1|all,iii,sig_pool,0,111.32584708980836,142.39901991245569,87.64831357115267,267.66757833243656,0.8777341559169939,0.8409608464685135,0.7384681799008752,0.9217438249313882,82.54558430213197,80.31746526705922,0.7732977241266523,0.7732977241266488,88.23379573184837,121.20213312502005,0.7599551318003365,0.7393975040230115,0.2937968731337901,0.29270700766733243
LE-1,i,all,LE-1|all,iii,stau025,0,111.43102060429081,141.57974561767347,87.97997736045745,265.6920232369412,0.8782950084127874,0.8411666924956852,0.7384681799008752,0.9217476002258611,83.19360692846372,80.94799608494337,0.7783830422608833,0.7783830422608803,88.43801203058203,120.5215710205157,0.7700504767246215,0.7417908815127268,0.2934432955885718,0.2926197021299835
LE-1,i,all,LE-1|all,iii,stau100,0,112.9973634615302,134.08232989505805,91.73080383948967,249.63053583968556,0.8996074032529445,0.8513607573236778,0.7947086779002555,0.9333657243816255,89.37250469020414,86.96010939861084,0.8260332978921824,0.8260332978921723,89.27961087215613,118.47003485397694,0.7930454290521592,0.7583442226075199,0.2929542843122582,0.2923454142172413
LE-1,i,all,LE-1|all,iii,t3,0,112.62037601772883,135.45974653463347,90.98966966048074,252.32766560989256,0.8990465507571509,0.8507230022216371,0.7888294311227616,0.9333657243816255,88.19521146377562,85.81459436443586,0.8170704761727057,0.8170704761726981,89.0572454689381,118.9499167567677,0.7851934941110488,0.7533104961968753,0.29305836885018915,0.2923671148272386
LE-1,i,all,LE-1|all,iii,w_beq,0,113.35887536510694,132.87907932390482,92.40225701566177,247.3426636059712,0.9052159282108806,0.8537058133307432,0.8006416724029005,0.9487637598801935,90.411379812053,87.97094259122095,0.8338973385650289,0.8338973385650161,89.49164675482702,118.05027321139406,0.8042624789680314,0.7605680387934969,0.29287702985089775,0.29233518146549636
LE-1,i,all,LE-1|all,iii,w_cell,0,112.49371040575501,135.93561247868854,90.73509781813975,253.28049138449606,0.8990465507571509,0.8507230022216371,0.7888294311227616,0.9333657243816255,87.78971531364266,85.42004360524513,0.8139708146659318,0.8139708146659249,89.04920420836613,118.96832497219319,0.7851934941110488,0.7533104961968753,0.29303615236892855,0.29237522263092514
LE-1,i,B,LE-1~noearly,B4,noearly,0,114.18847605395081,142.5290291335607,91.8678875631413,207.74064573609976,0.8325255251492037,0.8411700756245173,0.7664739342328267,0.8876129118544704,71.43369294620344,70.06339686896898,0.6822294349877892,0.6822294349877889,89.70341319916744,110.31556110535166,0.6924390462713057,0.7384551436437007,0.29627283090478224,0.2743692786810994
LE-1,i,B,LE-1~noearly,iii,noearly,0,113.972642709483,129.28637767772423,97.08744428043639,184.8806289889533,0.8812576996854299,0.8686540283385158,0.8232677667949518,0.9159928428376485,85.35159413469097,83.71431416490736,0.793832669303431,0.7938326693034192,90.20433336635477,107.27273622526066,0.7811823027240139,0.8044358011772665,0.2927587276884198,0.27345321375173026
LE-1,i,all,LE-1|all~noearly,B4,noearly,0,111.49553358263942,161.70534423709833,83.38264983431314,305.9498038551233,0.8317442512619181,0.7907466348313845,0.6867508791638175,0.8971323529411764,71.28641544216345,69.36221052518904,0.6822294349877891,0.6822294349877888,87.99522421925434,127.09252060303378,0.688166012338755,0.6905004301461289,0.29703631850125073,0.29464717005646435
LE-1,i,all,LE-1|all~noearly,iii,noearly,0,111.81269627284247,139.1118959866505,89.1054465643885,260.0069016936717,0.8833426808749298,0.8444563163606661,0.7614935937994306,0.9257142857142857,85.17562157564296,82.87651102525774,0.7938326693034304,0.7938326693034167,88.63775659661513,119.95942173797127,0.7790241166573191,0.7517727565955885,0.29330039684783926,0.2924896686466318
LE-2,i,B,LE-2,B4,main,0,87.42255221255601,133.78483912851638,84.60282496513788,147.39817054213157,0.9534642997357503,0.9137870056732952,0.887308117413113,0.9658645399123909,82.75493403328221,81.71796260478057,0.7981394352562928,0.7981394352562909,63.31008719999389,109.8511259033934,0.851565198111059,0.7402252103431567,0.2192616742490009,0.28663870673066155
LE-2,i,B,LE-2,B4,probe_sig,0,88.69441672353945,133.7684161822942,85.94457221760187,146.9515096268269,0.9534642997357503,0.9137870056732952,0.887308117413113,0.9658645399123909,84.34129189264432,83.28444240134431,0.8107951873390448,0.8107951873390405,63.57779269161645,109.55224605828495,0.856058163583865,0.7417263035015846,0.21953595093453235,0.2863016993705816
LE-2,i,B,LE-2,ii,main,0,90.30725169405241,133.74354268290708,87.67020931039546,146.38165441992018,0.9537930308337121,0.9138803240756842,0.887308117413113,0.9662122864286241,86.3450860680374,85.26312777406892,0.8266291816484098,0.8266291816484115,69.94864393976404,104.80898729396661,0.9042445136166041,0.766918278582673,0.22300092360187387,0.2852250506526066
LE-2,i,B,LE-2,iii,main,0,100.79485417000701,133.98217674459434,98.82071431674765,143.4952166793569,0.9884541630574932,0.9323031619288741,0.9141253702562799,0.9951676837477199,98.10757017822702,96.87822055233455,0.9162345662980299,0.916234566298027,74.6968605050255,104.06684998373048,0.926247718587752,0.8322803771686385,0.2262393841049796,0.2858130741859705
LE-2,i,B,LE-2,iii,phys,0,147.12470072988404,143.55064389502743,137.9935891259835,159.6616116936058,0.7648465710737239,0.7472546247672837,0.7086513457304937,0.8114871648668809,119.42300020072689,117.9265548157985,0.7742434511486511,0.7742434511486495,122.82048433650651,132.7698007271027,0.5813259544112078,0.5540044143661652,0.3728016547612605,0.3819735777778472
LE-2,i,B,LE-2,iii,probe_sig,0,100.76500820652934,133.98134376470156,98.78921846042876,143.5029847602796,0.9884541630574932,0.9323031619288741,0.9141253702562799,0.9951676837477199,98.07518093939511,96.84623717105859,0.9159954874873238,0.9159954874873252,74.68384950442332,104.06659723326385,0.926247718587752,0.8322803771686385,0.2262307978689088,0.285810306973857
LE-2,i,B,LE-2,iii,sig_pool,0,95.92763933100491,133.82376714906454,93.67485628240553,144.7321810467466,0.9884541630574932,0.9323031619288741,0.9141253702562799,0.9951676837477199,92.82298893783793,91.65985844222268,0.8766737997207428,0.8766737997207467,71.55799440167434,104.07254934813416,0.9087374790894103,0.8255315671231734,0.22395895012652187,0.2853345494913259
LE-2,i,B,LE-2,iii,stau025,0,95.0316100756371,133.78948068960048,92.71562385210206,144.95312556768727,0.9884541630574932,0.9323031619288741,0.9141253702562799,0.9951676837477199,91.84953105702039,90.69859860157123,0.8692636387865581,0.8692636387865561,71.87812038678544,104.07038077462272,0.9135591756601783,0.8271259786839903,0.22427947269514592,0.28537368195099916
LE-2,i,B,LE-2,iii,stau100,0,104.02499929368025,134.0627137948908,102.23618459640046,142.6417887930216,0.9884541630574932,0.9323031619288741,0.9141253702562799,0.9951676837477199,101.61185310844616,100.33859261103346,0.9418584011893264,0.9418584011893292,76.31453317294192,104.11118671240901,0.9361105729285898,0.8399864775259146,0.2273578993624148,0.28618323728084244
LE-2,i,B,LE-2,iii,t3,0,102.42192092924222,134.0251021231984,100.5380122049635,143.06845091229937,0.9884541630574932,0.9323031619288741,0.9141253702562799,0.9951676837477199,99.87299691859977,98.62152538408297,0.9292035473507031,0.9292035473507075,75.32998608235845,104.08004364379794,0.9294257596687108,0.8376375200257814,0.2266565823006322,0.28595955458733907
LE-2,i,B,LE-2,iii,w_beq,0,105.92071512601349,134.101948873988,104.24949686959862,142.13095257591814,0.9914756914472704,0.9349118575810479,0.9179195442492926,0.9963820532941803,103.66672430725998,102.36771497991538,0.9566626575530415,0.9566626575530442,77.48840563083037,104.14802125949984,0.9361105729285898,0.8399864775259146,0.22820588911492046,0.2864675046283203
LE-2,i,B,LE-2,iii,w_cell,0,95.38744820234318,133.80329379435224,93.10068936561306,144.8656427979233,0.9884541630574932,0.9323031619288741,0.9141253702562799,0.9951676837477199,92.23614106533735,91.08036414306264,0.8722112145236093,0.8722112145236083,71.92322663191813,104.07014173593575,0.9199152578220956,0.8293816177817347,0.22429670009158956,0.28537784632439184
LE-2,i,all,LE-2|all,B4,main,0,84.2255589270032,119.7709197002538,83.00404482012851,100.10848519404865,0.9804255319148936,0.92710708315655,0.9067164179104478,0.9955808382507232,82.74195601905605,82.01419617734682,0.7981394352562979,0.7981394352562917,58.09497832610775,95.67195722428393,0.9038297872340425,0.7756629084274053,0.1983791080926169,0.2660233727063619
LE-2,i,all,LE-2|all,ii,main,0,87.54566224002242,120.6331278994232,86.48220733324499,101.82040841118356,0.9812765957446808,0.9272937199613279,0.9067164179104478,0.9966856286880424,86.33154502944771,85.57221282885502,0.8266291816484048,0.8266291816484106,66.63189973696214,94.23693508690411,0.9480851063829787,0.8083080620144255,0.20394748287312744,0.2662523865295907
LE-2,i,all,LE-2|all,iii,main,0,98.86178173186367,123.95815653051784,98.1402339604339,109.25091309941291,0.9948936170212765,0.9478464894892179,0.957599484156227,0.9985925404644617,98.09218449208899,97.2294111653077,0.9162345662980348,0.9162345662980281,72.2272184002137,95.16828555940758,0.9642553191489361,0.8588628138338446,0.20805174623803985,0.2676576063025521
LE-2,i,all,LE-2|all,iii,phys,0,141.34505201502867,145.33623747341628,137.51768016894047,163.58004773590403,0.7591489361702127,0.7479657167896615,0.6824085942745529,0.8009950248756219,119.40427172956616,118.35404717512817,0.7742434511486541,0.7742434511486502,121.24830281574333,130.32746118917132,0.516595744680851,0.559465731859714,0.3933991779097984,0.3830455050189269
LE-2,i,all,LE-2|all,iii,probe_sig,0,98.83022193512973,123.94864835942072,98.10798059381575,109.22873828980883,0.9948936170212765,0.9478464894892179,0.957599484156227,0.9985925404644617,98.05980033268789,97.19731184194262,0.915995487487322,0.9159954874873248,72.21253828996187,95.16421975482983,0.9642553191489361,0.8588628138338446,0.20804126391783587,0.2676530606080263
LE-2,i,all,LE-2|all,iii,sig_pool,0,93.71427770086324,122.39265652924496,92.87818857870528,105.63739685922357,0.9948936170212765,0.9478464894892179,0.957599484156227,0.9985925404644617,92.8084320043466,91.99213211207181,0.8766737997207339,0.876673799720745,68.60056405544356,94.2232222180085,0.9514893617021276,0.8505346390954259,0.2051412656606419,0.2666118318551319
LE-2,i,all,LE-2|all,iii,stau025,0,92.76646678818058,122.10106674278067,91.90902640197223,104.97278087927825,0.9948936170212765,0.9478464894892179,0.957599484156227,0.9985925404644617,91.83512678572762,91.02738763441165,0.8692636387865653,0.8692636387865571,68.97589316001157,94.31937950452242,0.9565957446808511,0.8527209559513956,0.20558887236056858,0.26674664168510653
LE-2,i,all,LE-2|all,iii,stau100,0,102.27706902535832,124.98084015471254,101.63019197925101,111.65198234821678,0.9948936170212765,0.9478464894892179,0.957599484156227,0.9985925404644617,101.59591786433535,100.70232732501786,0.9418584011893176,0.9418584011893277,74.03796837255051,95.68502819136957,0.9676595744680851,0.8675080972551638,0.2094165395380681,0.2682593374437224
LE-2,i,all,LE-2|all,iii,t3,0,100.58219072720132,124.47485532987916,99.89833610896753,110.46008095427804,0.9948936170212765,0.9478464894892179,0.957599484156227,0.9985925404644617,99.85733437001748,98.9790356041771,0.9292035473506933,0.9292035473507058,72.94055676721602,95.36710399446139,0.9651063829787234,0.8648151947862255,0.20855343221423556,0.26788636121954545
LE-2,i,all,LE-2|all,iii,w_beq,0,104.28080163815623,125.57578319299917,103.67392613469025,113.06510581393347,0.9965957446808511,0.9507450402138558,0.9694328292896387,0.9986168741355463,103.65046680867697,102.73880541043206,0.9566626575530384,0.9566626575530434,75.33826666827402,96.06266399029323,0.9676595744680851,0.8675080972551638,0.21045616174610435,0.2687193950825599
LE-2,i,all,LE-2|all,iii,w_cell,0,93.14287584213334,122.21699545635222,92.29391097032746,105.23669476300707,0.9948936170212765,0.9478464894892179,0.957599484156227,0.9985925404644617,92.2216761640617,91.41053710382569,0.8722112145236132,0.8722112145236087,69.02871051060153,94.33295133471303,0.9582978723404255,0.855227221615556,0.20560439489189147,0.26675356049206345
LE-2,i,B,LE-2~noearly,B4,noearly,0,86.35456273497418,133.7968034578829,83.4568224596176,147.7751460320512,0.9531355686377885,0.9136936872709063,0.887308117413113,0.9655354761906896,81.41665491079468,80.39645296231943,0.7873795728197557,0.7873795728197536,63.05188801543877,110.14669828846212,0.8512364670130971,0.7401318919407677,0.21919815626485806,0.28671508343058466
LE-2,i,B,LE-2~noearly,iii,noearly,0,99.19681003776164,133.93522142158278,97.13460134943388,143.90803001257171,0.9884541630574932,0.9323031619288741,0.9141253702562799,0.9951676837477199,96.37307848142389,95.16546312858212,0.9033731137189845,0.903373113718982,73.76669460003083,104.06613223139671,0.9202439889200574,0.8294749361841235,0.22555379562817235,0.28562161960286986
LE-2,i,all,LE-2|all~noearly,B4,noearly,0,82.99442791242483,119.44927296483718,81.71431058570175,99.48068099726108,0.9795744680851064,0.9269204463517721,0.9067164179104478,0.994476047813404,81.40388677173486,80.68789596607954,0.7873795728197576,0.7873795728197542,57.689532331628946,95.78578317167855,0.9029787234042553,0.7754762716226273,0.19825612515169905,0.26605321761286244
LE-2,i,all,LE-2|all~noearly,iii,noearly,0,97.17189014573417,123.44750226156089,96.4130092472967,108.06388810328158,0.9948936170212765,0.9478464894892179,0.957599484156227,0.9985925404644617,96.35796480635246,95.51044487101554,0.9033731137189892,0.9033731137189829,71.15932652306583,94.88729907188547,0.9591489361702128,0.8554138584203339,0.20719661957277244,0.267311933865008
