scheme,rep,fold,axis,learner,method,n_fit,sec,sec_per_fit,rows_per_fit,est_s,threads,status
V-B,1,0,pooled,catboost_lo,D0,2,1.98,0.99,10640.0,0.46,4,ok
V-B,1,0,pooled,catboost_lo,RS,2,1.83,0.915,10640.0,0.46,4,ok
V-B,1,0,pooled,catboost,D0,2,12.7,6.35,10640.0,5.58,4,ok
V-B,1,0,pooled,catboost,RS,2,9.76,4.88,10640.0,5.58,4,ok
V-B,1,0,pooled,rf,D0,2,22.47,11.235,10640.0,7.65,4,ok
V-B,1,0,pooled,rf,RS,2,20.52,10.26,10640.0,7.65,4,ok
V-B,1,0,pooled,catboost_lo,D0m,2,1.84,0.92,10640.0,0.46,4,ok
V-B,1,0,pooled,catboost_lo,F1k,2,1.88,0.94,10640.0,0.46,4,ok
V-B,1,0,pooled,catboost_lo,V2,2,1.81,0.905,10640.0,0.46,4,ok
V-B,1,1,pooled,catboost_lo,D0,2,1.46,0.73,15047.0,0.56,4,ok
V-B,1,1,pooled,catboost_lo,RS,2,1.46,0.73,15047.0,0.56,4,ok
V-B,1,1,pooled,catboost,D0,2,9.04,4.52,15047.0,7.36,4,ok
V-B,1,1,pooled,catboost,RS,2,8.51,4.255,15047.0,7.36,4,ok
V-B,1,1,pooled,rf,D0,2,21.22,10.61,15047.0,10.81,4,ok
V-B,1,1,pooled,rf,RS,2,23.33,11.665,15047.0,10.81,4,ok
V-B,1,1,pooled,catboost_lo,D0m,2,1.42,0.71,15047.0,0.56,4,ok
V-B,1,1,pooled,catboost_lo,F1k,2,1.5,0.75,15047.0,0.56,4,ok
V-B,1,1,pooled,catboost_lo,V2,2,1.93,0.965,15047.0,0.56,4,ok
V-B,1,2,pooled,catboost_lo,D0,2,2.84,1.42,14433.0,0.55,4,ok
V-B,1,2,pooled,catboost_lo,RS,2,3.16,1.58,14433.0,0.55,4,ok
V-B,1,2,pooled,catboost,D0,2,14.09,7.045,14433.0,7.12,4,ok
V-B,1,2,pooled,catboost,RS,2,12.0,6.0,14433.0,7.12,4,ok
V-B,1,2,pooled,rf,D0,2,28.13,14.065,14433.0,10.37,4,ok
V-B,1,2,pooled,rf,RS,2,23.83,11.915,14433.0,10.37,4,ok
V-B,1,2,pooled,catboost_lo,D0m,2,2.31,1.155,14433.0,0.55,4,ok
V-B,1,2,pooled,catboost_lo,F1k,2,2.38,1.19,14433.0,0.55,4,ok
V-B,1,2,pooled,catboost_lo,V2,2,2.19,1.095,14433.0,0.55,4,ok
V-B,1,3,pooled,catboost_lo,D0,2,1.46,0.73,14701.0,0.56,4,ok
V-B,1,3,pooled,catboost_lo,RS,2,1.39,0.695,14701.0,0.56,4,ok
V-B,1,3,pooled,catboost,D0,2,11.06,5.53,14701.0,7.22,4,ok
V-B,1,3,pooled,catboost,RS,2,9.41,4.705,14701.0,7.22,4,ok
V-B,1,3,pooled,rf,D0,2,19.85,9.925,14701.0,10.56,4,ok
V-B,1,3,pooled,rf,RS,2,20.77,10.385,14701.0,10.56,4,ok
V-B,1,3,pooled,catboost_lo,D0m,2,1.58,0.79,14701.0,0.56,4,ok
V-B,1,3,pooled,catboost_lo,F1k,2,2.17,1.085,14701.0,0.56,4,ok
V-B,1,3,pooled,catboost_lo,V2,2,1.83,0.915,14701.0,0.56,4,ok
V-B,1,4,pooled,catboost_lo,D0,2,3.6,1.8,15047.0,0.56,4,ok
V-B,1,4,pooled,catboost_lo,RS,2,2.52,1.26,15047.0,0.56,4,ok
V-B,1,4,pooled,catboost,D0,2,12.75,6.375,15047.0,7.36,4,ok
V-B,1,4,pooled,catboost,RS,2,13.4,6.7,15047.0,7.36,4,ok
V-B,1,4,pooled,rf,D0,2,21.3,10.65,15047.0,10.81,4,ok
V-B,1,4,pooled,rf,RS,2,24.93,12.465,15047.0,10.81,4,ok
V-B,1,4,pooled,catboost_lo,D0m,2,1.55,0.775,15047.0,0.56,4,ok
V-B,1,4,pooled,catboost_lo,F1k,2,1.72,0.86,15047.0,0.56,4,ok
V-B,1,4,pooled,catboost_lo,V2,2,2.0,1.0,15047.0,0.56,4,ok
V-B,2,0,pooled,catboost_lo,D0,2,2.03,1.015,14248.0,0.55,4,ok
V-B,2,0,pooled,catboost_lo,RS,2,1.22,0.61,14248.0,0.55,4,ok
V-B,2,0,pooled,catboost,D0,2,8.47,4.235,14248.0,7.05,4,ok
V-B,2,0,pooled,catboost,RS,2,8.92,4.46,14248.0,7.05,4,ok
V-B,2,0,pooled,rf,D0,2,18.48,9.24,14248.0,10.24,4,ok
V-B,2,0,pooled,rf,RS,2,16.37,8.185,14248.0,10.24,4,ok
V-B,2,0,pooled,catboost_lo,D0m,2,1.48,0.74,14248.0,0.55,4,ok
V-B,2,0,pooled,catboost_lo,F1k,2,1.32,0.66,14248.0,0.55,4,ok
V-B,2,0,pooled,catboost_lo,V2,2,1.39,0.695,14248.0,0.55,4,ok
V-B,2,1,pooled,catboost_lo,D0,2,3.7,1.85,14358.0,0.55,4,ok
V-B,2,1,pooled,catboost_lo,RS,2,2.36,1.18,14358.0,0.55,4,ok
V-B,2,1,pooled,catboost,D0,2,12.14,6.07,14358.0,7.09,4,ok
V-B,2,1,pooled,catboost,RS,2,9.67,4.835,14358.0,7.09,4,ok
V-B,2,1,pooled,rf,D0,2,20.89,10.445,14358.0,10.32,4,ok
V-B,2,1,pooled,rf,RS,2,24.51,12.255,14358.0,10.32,4,ok
V-B,2,1,pooled,catboost_lo,D0m,2,1.59,0.795,14358.0,0.55,4,ok
V-B,2,1,pooled,catboost_lo,F1k,2,2.53,1.265,14358.0,0.55,4,ok
V-B,2,1,pooled,catboost_lo,V2,2,2.52,1.26,14358.0,0.55,4,ok
V-B,2,2,pooled,catboost_lo,D0,2,1.14,0.57,12750.0,0.51,4,ok
V-B,2,2,pooled,catboost_lo,RS,2,1.19,0.595,12750.0,0.51,4,ok
V-B,2,2,pooled,catboost,D0,2,6.7,3.35,12750.0,6.45,4,ok
V-B,2,2,pooled,catboost,RS,2,7.9,3.95,12750.0,6.45,4,ok
V-B,2,2,pooled,rf,D0,2,16.75,8.375,12750.0,9.16,4,ok
V-B,2,2,pooled,rf,RS,2,18.66,9.33,12750.0,9.16,4,ok
V-B,2,2,pooled,catboost_lo,D0m,2,1.1,0.55,12750.0,0.51,4,ok
V-B,2,2,pooled,catboost_lo,F1k,2,1.37,0.685,12750.0,0.51,4,ok
V-B,2,2,pooled,catboost_lo,V2,2,1.95,0.975,12750.0,0.51,4,ok
V-B,2,3,pooled,catboost_lo,D0,2,1.13,0.565,14213.0,0.54,4,ok
V-B,2,3,pooled,catboost_lo,RS,2,1.36,0.68,14213.0,0.54,4,ok
V-B,2,3,pooled,catboost,D0,2,7.7,3.85,14213.0,7.03,4,ok
V-B,2,3,pooled,catboost,RS,2,7.85,3.925,14213.0,7.03,4,ok
V-B,2,3,pooled,rf,D0,2,15.62,7.81,14213.0,10.21,4,ok
V-B,2,3,pooled,rf,RS,2,17.73,8.865,14213.0,10.21,4,ok
V-B,2,3,pooled,catboost_lo,D0m,2,1.13,0.565,14213.0,0.54,4,ok
V-B,2,3,pooled,catboost_lo,F1k,2,1.42,0.71,14213.0,0.54,4,ok
V-B,2,3,pooled,catboost_lo,V2,2,1.78,0.89,14213.0,0.54,4,ok
V-B,2,4,pooled,catboost_lo,D0,2,2.28,1.14,14299.0,0.55,4,ok
V-B,2,4,pooled,catboost_lo,RS,2,1.61,0.805,14299.0,0.55,4,ok
V-B,2,4,pooled,catboost,D0,2,12.08,6.04,14299.0,7.07,4,ok
V-B,2,4,pooled,catboost,RS,2,11.22,5.61,14299.0,7.07,4,ok
V-B,2,4,pooled,rf,D0,2,24.89,12.445,14299.0,10.27,4,ok
V-B,2,4,pooled,rf,RS,2,20.21,10.105,14299.0,10.27,4,ok
V-B,2,4,pooled,catboost_lo,D0m,2,3.09,1.545,14299.0,0.55,4,ok
V-B,2,4,pooled,catboost_lo,F1k,2,2.49,1.245,14299.0,0.55,4,ok
V-B,2,4,pooled,catboost_lo,V2,2,3.03,1.515,14299.0,0.55,4,ok
V-B,3,0,pooled,catboost_lo,D0,2,1.4,0.7,10708.0,0.46,4,ok
V-B,3,0,pooled,catboost_lo,RS,2,1.37,0.685,10708.0,0.46,4,ok
V-B,3,0,pooled,catboost,D0,2,7.44,3.72,10708.0,5.61,4,ok
V-B,3,0,pooled,catboost,RS,2,7.35,3.675,10708.0,5.61,4,ok
V-B,3,0,pooled,rf,D0,2,12.84,6.42,10708.0,7.69,4,ok
V-B,3,0,pooled,rf,RS,2,13.32,6.66,10708.0,7.69,4,ok
V-B,3,0,pooled,catboost_lo,D0m,2,1.52,0.76,10708.0,0.46,4,ok
V-B,3,0,pooled,catboost_lo,F1k,2,1.21,0.605,10708.0,0.46,4,ok
V-B,3,0,pooled,catboost_lo,V2,2,1.0,0.5,10708.0,0.46,4,ok
V-B,3,1,pooled,catboost_lo,D0,2,2.11,1.055,14527.0,0.55,4,ok
V-B,3,1,pooled,catboost_lo,RS,2,2.64,1.32,14527.0,0.55,4,ok
V-B,3,1,pooled,catboost,D0,2,13.77,6.885,14527.0,7.16,4,ok
V-B,3,1,pooled,catboost,RS,2,13.25,6.625,14527.0,7.16,4,ok
V-B,3,1,pooled,rf,D0,2,23.63,11.815,14527.0,10.44,4,ok
V-B,3,1,pooled,rf,RS,2,23.13,11.565,14527.0,10.44,4,ok
V-B,3,1,pooled,catboost_lo,D0m,2,1.74,0.87,14527.0,0.55,4,ok
V-B,3,1,pooled,catboost_lo,F1k,2,1.59,0.795,14527.0,0.55,4,ok
V-B,3,1,pooled,catboost_lo,V2,2,1.64,0.82,14527.0,0.55,4,ok
V-B,3,2,pooled,catboost_lo,D0,2,1.29,0.645,15193.0,0.57,4,ok
V-B,3,2,pooled,catboost_lo,RS,2,1.55,0.775,15193.0,0.57,4,ok
V-B,3,2,pooled,catboost,D0,2,7.7,3.85,15193.0,7.42,4,ok
V-B,3,2,pooled,catboost,RS,2,9.07,4.535,15193.0,7.42,4,ok
V-B,3,2,pooled,rf,D0,2,15.6,7.8,15193.0,10.92,4,ok
V-B,3,2,pooled,rf,RS,2,16.07,8.035,15193.0,10.92,4,ok
V-B,3,2,pooled,catboost_lo,D0m,2,1.49,0.745,15193.0,0.57,4,ok
V-B,3,2,pooled,catboost_lo,F1k,2,1.29,0.645,15193.0,0.57,4,ok
V-B,3,2,pooled,catboost_lo,V2,2,1.49,0.745,15193.0,0.57,4,ok
V-B,3,3,pooled,catboost_lo,D0,2,1.85,0.925,14376.0,0.55,4,ok
V-B,3,3,pooled,catboost_lo,RS,2,1.89,0.945,14376.0,0.55,4,ok
V-B,3,3,pooled,catboost,D0,2,6.89,3.445,14376.0,7.1,4,ok
V-B,3,3,pooled,catboost,RS,2,7.62,3.81,14376.0,7.1,4,ok
V-B,3,3,pooled,rf,D0,2,15.62,7.81,14376.0,10.33,4,ok
V-B,3,3,pooled,rf,RS,2,16.22,8.11,14376.0,10.33,4,ok
V-B,3,3,pooled,catboost_lo,D0m,2,1.07,0.535,14376.0,0.55,4,ok
V-B,3,3,pooled,catboost_lo,F1k,2,1.16,0.58,14376.0,0.55,4,ok
V-B,3,3,pooled,catboost_lo,V2,2,0.99,0.495,14376.0,0.55,4,ok
V-B,3,4,pooled,catboost_lo,D0,2,2.62,1.31,15064.0,0.56,4,ok
V-B,3,4,pooled,catboost_lo,RS,2,2.0,1.0,15064.0,0.56,4,ok
V-B,3,4,pooled,catboost,D0,2,10.31,5.155,15064.0,7.37,4,ok
V-B,3,4,pooled,catboost,RS,2,11.86,5.93,15064.0,7.37,4,ok
V-B,3,4,pooled,rf,D0,2,19.16,9.58,15064.0,10.82,4,ok
V-B,3,4,pooled,rf,RS,2,23.29,11.645,15064.0,10.82,4,ok
V-B,3,4,pooled,catboost_lo,D0m,2,1.75,0.875,15064.0,0.56,4,ok
V-B,3,4,pooled,catboost_lo,F1k,2,2.4,1.2,15064.0,0.56,4,ok
V-B,3,4,pooled,catboost_lo,V2,2,1.99,0.995,15064.0,0.56,4,ok
V-C0,1,0,pooled,catboost_lo,D0,2,1.82,0.91,17464.0,0.62,4,ok
V-C0,1,0,pooled,catboost_lo,RS,2,1.9,0.95,17464.0,0.62,4,ok
V-C0,1,0,pooled,catboost,D0,2,9.95,4.975,17464.0,8.29,4,ok
V-C0,1,0,pooled,catboost,RS,2,10.16,5.08,17464.0,8.29,4,ok
V-C0,1,0,pooled,rf,D0,2,22.01,11.005,17464.0,12.55,4,ok
V-C0,1,0,pooled,rf,RS,2,26.42,13.21,17464.0,12.55,4,ok
V-C0,1,0,pooled,catboost_lo,D0m,2,1.4,0.7,17464.0,0.62,4,ok
V-C0,1,0,pooled,catboost_lo,F1k,2,1.52,0.76,17464.0,0.62,4,ok
V-C0,1,0,pooled,catboost_lo,V2,2,1.67,0.835,17464.0,0.62,4,ok
V-C0,1,10,pooled,catboost_lo,D0,2,2.25,1.125,15505.0,0.57,4,ok
V-C0,1,10,pooled,catboost_lo,RS,2,1.91,0.955,15505.0,0.57,4,ok
V-C0,1,10,pooled,catboost,D0,2,10.02,5.01,15505.0,7.54,4,ok
V-C0,1,10,pooled,catboost,RS,2,10.62,5.31,15505.0,7.54,4,ok
V-C0,1,10,pooled,rf,D0,2,21.52,10.76,15505.0,11.14,4,ok
V-C0,1,10,pooled,rf,RS,2,24.16,12.08,15505.0,11.14,4,ok
V-C0,1,10,pooled,catboost_lo,D0m,2,2.24,1.12,15505.0,0.57,4,ok
V-C0,1,10,pooled,catboost_lo,F1k,2,3.6,1.8,15505.0,0.57,4,ok
V-C0,1,10,pooled,catboost_lo,V2,2,2.71,1.355,15505.0,0.57,4,ok
V-C0,1,11,pooled,catboost_lo,D0,2,2.19,1.095,17266.0,0.61,4,ok
V-C0,1,11,pooled,catboost_lo,RS,2,2.08,1.04,17266.0,0.61,4,ok
V-C0,1,11,pooled,catboost,D0,2,10.61,5.305,17266.0,8.22,4,ok
V-C0,1,11,pooled,catboost,RS,2,10.61,5.305,17266.0,8.22,4,ok
V-C0,1,11,pooled,rf,D0,2,23.42,11.71,17266.0,12.41,4,ok
V-C0,1,11,pooled,rf,RS,2,26.78,13.39,17266.0,12.41,4,ok
V-C0,1,11,pooled,catboost_lo,D0m,2,1.95,0.975,17266.0,0.61,4,ok
V-C0,1,11,pooled,catboost_lo,F1k,2,1.98,0.99,17266.0,0.61,4,ok
V-C0,1,11,pooled,catboost_lo,V2,2,2.49,1.245,17266.0,0.61,4,ok
V-C0,1,12,pooled,catboost_lo,D0,2,3.35,1.675,15718.0,0.58,4,ok
V-C0,1,12,pooled,catboost_lo,RS,2,1.84,0.92,15718.0,0.58,4,ok
V-C0,1,12,pooled,catboost,D0,2,11.92,5.96,15718.0,7.62,4,ok
V-C0,1,12,pooled,catboost,RS,2,8.64,4.32,15718.0,7.62,4,ok
V-C0,1,12,pooled,rf,D0,2,25.38,12.69,15718.0,11.29,4,ok
V-C0,1,12,pooled,rf,RS,2,30.78,15.39,15718.0,11.29,4,ok
V-C0,1,12,pooled,catboost_lo,D0m,2,2.4,1.2,15718.0,0.58,4,ok
V-C0,1,12,pooled,catboost_lo,F1k,2,2.44,1.22,15718.0,0.58,4,ok
V-C0,1,12,pooled,catboost_lo,V2,2,2.26,1.13,15718.0,0.58,4,ok
V-C0,1,13,pooled,catboost_lo,D0,2,1.93,0.965,17455.0,0.62,4,ok
V-C0,1,13,pooled,catboost_lo,RS,2,1.65,0.825,17455.0,0.62,4,ok
V-C0,1,13,pooled,catboost,D0,2,10.18,5.09,17455.0,8.29,4,ok
V-C0,1,13,pooled,catboost,RS,2,9.97,4.985,17455.0,8.29,4,ok
V-C0,1,13,pooled,rf,D0,2,25.17,12.585,17455.0,12.54,4,ok
V-C0,1,13,pooled,rf,RS,2,26.45,13.225,17455.0,12.54,4,ok
V-C0,1,13,pooled,catboost_lo,D0m,2,1.79,0.895,17455.0,0.62,4,ok
V-C0,1,13,pooled,catboost_lo,F1k,2,2.08,1.04,17455.0,0.62,4,ok
V-C0,1,13,pooled,catboost_lo,V2,2,3.24,1.62,17455.0,0.62,4,ok
V-C0,1,15,pooled,catboost_lo,D0,2,2.02,1.01,16818.0,0.6,4,ok
V-C0,1,15,pooled,catboost_lo,RS,2,1.83,0.915,16818.0,0.6,4,ok
V-C0,1,15,pooled,catboost,D0,2,13.54,6.77,16818.0,8.05,4,ok
V-C0,1,15,pooled,catboost,RS,2,9.63,4.815,16818.0,8.05,4,ok
V-C0,1,15,pooled,rf,D0,2,26.36,13.18,16818.0,12.08,4,ok
V-C0,1,15,pooled,rf,RS,2,30.73,15.365,16818.0,12.08,4,ok
V-C0,1,15,pooled,catboost_lo,D0m,2,1.84,0.92,16818.0,0.6,4,ok
V-C0,1,15,pooled,catboost_lo,F1k,2,2.77,1.385,16818.0,0.6,4,ok
V-C0,1,15,pooled,catboost_lo,V2,2,2.99,1.495,16818.0,0.6,4,ok
V-C0,1,16,pooled,catboost_lo,D0,2,1.61,0.805,17458.0,0.62,4,ok
V-C0,1,16,pooled,catboost_lo,RS,2,3.21,1.605,17458.0,0.62,4,ok
V-C0,1,16,pooled,catboost,D0,2,10.07,5.035,17458.0,8.29,4,ok
V-C0,1,16,pooled,catboost,RS,2,11.01,5.505,17458.0,8.29,4,ok
V-C0,1,16,pooled,rf,D0,2,24.29,12.145,17458.0,12.54,4,ok
V-C0,1,16,pooled,rf,RS,2,24.89,12.445,17458.0,12.54,4,ok
V-C0,1,16,pooled,catboost_lo,D0m,2,1.82,0.91,17458.0,0.62,4,ok
V-C0,1,16,pooled,catboost_lo,F1k,2,1.44,0.72,17458.0,0.62,4,ok
V-C0,1,16,pooled,catboost_lo,V2,2,1.25,0.625,17458.0,0.62,4,ok
V-C0,1,17,pooled,catboost_lo,D0,2,2.7,1.35,17461.0,0.62,4,ok
V-C0,1,17,pooled,catboost_lo,RS,2,2.28,1.14,17461.0,0.62,4,ok
V-C0,1,17,pooled,catboost,D0,2,9.58,4.79,17461.0,8.29,4,ok
V-C0,1,17,pooled,catboost,RS,2,13.54,6.77,17461.0,8.29,4,ok
V-C0,1,17,pooled,rf,D0,2,31.15,15.575,17461.0,12.55,4,ok
V-C0,1,17,pooled,rf,RS,2,31.13,15.565,17461.0,12.55,4,ok
V-C0,1,17,pooled,catboost_lo,D0m,2,2.35,1.175,17461.0,0.62,4,ok
V-C0,1,17,pooled,catboost_lo,F1k,2,2.45,1.225,17461.0,0.62,4,ok
V-C0,1,17,pooled,catboost_lo,V2,2,2.04,1.02,17461.0,0.62,4,ok
V-C0,1,18,pooled,catboost_lo,D0,2,1.73,0.865,17465.0,0.62,4,ok
V-C0,1,18,pooled,catboost_lo,RS,2,1.71,0.855,17465.0,0.62,4,ok
V-C0,1,18,pooled,catboost,D0,2,9.83,4.915,17465.0,8.29,4,ok
V-C0,1,18,pooled,catboost,RS,2,9.38,4.69,17465.0,8.29,4,ok
V-C0,1,18,pooled,rf,D0,2,23.92,11.96,17465.0,12.55,4,ok
V-C0,1,18,pooled,rf,RS,2,27.22,13.61,17465.0,12.55,4,ok
V-C0,1,18,pooled,catboost_lo,D0m,2,1.86,0.93,17465.0,0.62,4,ok
V-C0,1,18,pooled,catboost_lo,F1k,2,1.84,0.92,17465.0,0.62,4,ok
V-C0,1,18,pooled,catboost_lo,V2,2,2.24,1.12,17465.0,0.62,4,ok
V-C0,1,19,pooled,catboost_lo,D0,2,1.76,0.88,17034.0,0.61,4,ok
V-C0,1,19,pooled,catboost_lo,RS,2,1.85,0.925,17034.0,0.61,4,ok
V-C0,1,19,pooled,catboost,D0,2,15.68,7.84,17034.0,8.13,4,ok
V-C0,1,19,pooled,catboost,RS,2,9.31,4.655,17034.0,8.13,4,ok
V-C0,1,19,pooled,rf,D0,2,31.17,15.585,17034.0,12.24,4,ok
V-C0,1,19,pooled,rf,RS,2,30.24,15.12,17034.0,12.24,4,ok
V-C0,1,19,pooled,catboost_lo,D0m,2,1.91,0.955,17034.0,0.61,4,ok
V-C0,1,19,pooled,catboost_lo,F1k,2,1.13,0.565,17034.0,0.61,4,ok
V-C0,1,19,pooled,catboost_lo,V2,2,1.29,0.645,17034.0,0.61,4,ok
V-C0,1,20,pooled,catboost_lo,D0,2,2.12,1.06,16997.0,0.61,4,ok
V-C0,1,20,pooled,catboost_lo,RS,2,1.48,0.74,16997.0,0.61,4,ok
V-C0,1,20,pooled,catboost,D0,2,9.12,4.56,16997.0,8.11,4,ok
V-C0,1,20,pooled,catboost,RS,2,9.6,4.8,16997.0,8.11,4,ok
V-C0,1,20,pooled,rf,D0,2,24.05,12.025,16997.0,12.21,4,ok
V-C0,1,20,pooled,rf,RS,2,23.37,11.685,16997.0,12.21,4,ok
V-C0,1,20,pooled,catboost_lo,D0m,2,1.51,0.755,16997.0,0.61,4,ok
V-C0,1,20,pooled,catboost_lo,F1k,2,2.34,1.17,16997.0,0.61,4,ok
V-C0,1,20,pooled,catboost_lo,V2,2,1.81,0.905,16997.0,0.61,4,ok
V-C0,1,21,pooled,catboost_lo,D0,2,2.88,1.44,17463.0,0.62,4,ok
V-C0,1,21,pooled,catboost_lo,RS,2,1.69,0.845,17463.0,0.62,4,ok
V-C0,1,21,pooled,catboost,D0,2,10.81,5.405,17463.0,8.29,4,ok
V-C0,1,21,pooled,catboost,RS,2,10.41,5.205,17463.0,8.29,4,ok
V-C0,1,21,pooled,rf,D0,2,32.11,16.055,17463.0,12.55,4,ok
V-C0,1,21,pooled,rf,RS,2,27.19,13.595,17463.0,12.55,4,ok
V-C0,1,21,pooled,catboost_lo,D0m,2,2.38,1.19,17463.0,0.62,4,ok
V-C0,1,21,pooled,catboost_lo,F1k,2,2.43,1.215,17463.0,0.62,4,ok
V-C0,1,21,pooled,catboost_lo,V2,2,2.06,1.03,17463.0,0.62,4,ok
V-C0,1,22,pooled,catboost_lo,D0,2,1.7,0.85,17350.0,0.61,4,ok
V-C0,1,22,pooled,catboost_lo,RS,2,2.64,1.32,17350.0,0.61,4,ok
V-C0,1,22,pooled,catboost,D0,2,11.48,5.74,17350.0,8.25,4,ok
V-C0,1,22,pooled,catboost,RS,2,10.83,5.415,17350.0,8.25,4,ok
V-C0,1,22,pooled,rf,D0,2,23.08,11.54,17350.0,12.47,4,ok
V-C0,1,22,pooled,rf,RS,2,24.58,12.29,17350.0,12.47,4,ok
V-C0,1,22,pooled,catboost_lo,D0m,2,1.59,0.795,17350.0,0.61,4,ok
V-C0,1,22,pooled,catboost_lo,F1k,2,1.89,0.945,17350.0,0.61,4,ok
V-C0,1,22,pooled,catboost_lo,V2,2,2.25,1.125,17350.0,0.61,4,ok
V-C0,1,23,pooled,catboost_lo,D0,2,1.98,0.99,17276.0,0.61,4,ok
V-C0,1,23,pooled,catboost_lo,RS,2,1.9,0.95,17276.0,0.61,4,ok
V-C0,1,23,pooled,catboost,D0,2,10.53,5.265,17276.0,8.22,4,ok
V-C0,1,23,pooled,catboost,RS,2,10.28,5.14,17276.0,8.22,4,ok
V-C0,1,23,pooled,rf,D0,2,25.73,12.865,17276.0,12.41,4,ok
V-C0,1,23,pooled,rf,RS,2,23.37,11.685,17276.0,12.41,4,ok
V-C0,1,23,pooled,catboost_lo,D0m,2,1.74,0.87,17276.0,0.61,4,ok
V-C0,1,23,pooled,catboost_lo,F1k,2,2.72,1.36,17276.0,0.61,4,ok
V-C0,1,23,pooled,catboost_lo,V2,2,2.16,1.08,17276.0,0.61,4,ok
V-C0,1,24,pooled,catboost_lo,D0,2,3.71,1.855,14247.0,0.55,4,ok
V-C0,1,24,pooled,catboost_lo,RS,2,2.97,1.485,14247.0,0.55,4,ok
V-C0,1,24,pooled,catboost,D0,2,13.21,6.605,14247.0,7.05,4,ok
V-C0,1,24,pooled,catboost,RS,2,10.25,5.125,14247.0,7.05,4,ok
V-C0,1,24,pooled,rf,D0,2,23.7,11.85,14247.0,10.24,4,ok
V-C0,1,24,pooled,rf,RS,2,27.49,13.745,14247.0,10.24,4,ok
V-C0,1,24,pooled,catboost_lo,D0m,2,3.52,1.76,14247.0,0.55,4,ok
V-C0,1,24,pooled,catboost_lo,F1k,2,2.06,1.03,14247.0,0.55,4,ok
V-C0,1,24,pooled,catboost_lo,V2,2,1.56,0.78,14247.0,0.55,4,ok
V-C0,1,25,pooled,catboost_lo,D0,2,2.1,1.05,17236.0,0.61,4,ok
V-C0,1,25,pooled,catboost_lo,RS,2,2.24,1.12,17236.0,0.61,4,ok
V-C0,1,25,pooled,catboost,D0,2,11.71,5.855,17236.0,8.2,4,ok
V-C0,1,25,pooled,catboost,RS,2,11.0,5.5,17236.0,8.2,4,ok
V-C0,1,25,pooled,rf,D0,2,23.33,11.665,17236.0,12.39,4,ok
V-C0,1,25,pooled,rf,RS,2,27.15,13.575,17236.0,12.39,4,ok
V-C0,1,25,pooled,catboost_lo,D0m,2,1.63,0.815,17236.0,0.61,4,ok
V-C0,1,25,pooled,catboost_lo,F1k,2,2.27,1.135,17236.0,0.61,4,ok
V-C0,1,25,pooled,catboost_lo,V2,2,2.49,1.245,17236.0,0.61,4,ok
V-C0,1,26,pooled,catboost_lo,D0,2,2.0,1.0,17463.0,0.62,4,ok
V-C0,1,26,pooled,catboost_lo,RS,2,2.46,1.23,17463.0,0.62,4,ok
V-C0,1,26,pooled,catboost,D0,2,9.83,4.915,17463.0,8.29,4,ok
V-C0,1,26,pooled,catboost,RS,2,11.47,5.735,17463.0,8.29,4,ok
V-C0,1,26,pooled,rf,D0,2,30.74,15.37,17463.0,12.55,4,ok
V-C0,1,26,pooled,rf,RS,2,32.0,16.0,17463.0,12.55,4,ok
V-C0,1,26,pooled,catboost_lo,D0m,2,1.61,0.805,17463.0,0.62,4,ok
V-C0,1,26,pooled,catboost_lo,F1k,2,3.3,1.65,17463.0,0.62,4,ok
V-C0,1,26,pooled,catboost_lo,V2,2,2.8,1.4,17463.0,0.62,4,ok
V-C0,1,27,pooled,catboost_lo,D0,2,1.68,0.84,17465.0,0.62,4,ok
V-C0,1,27,pooled,catboost_lo,RS,2,2.63,1.315,17465.0,0.62,4,ok
V-C0,1,27,pooled,catboost,D0,2,11.37,5.685,17465.0,8.29,4,ok
V-C0,1,27,pooled,catboost,RS,2,11.18,5.59,17465.0,8.29,4,ok
V-C0,1,27,pooled,rf,D0,2,23.95,11.975,17465.0,12.55,4,ok
V-C0,1,27,pooled,rf,RS,2,22.93,11.465,17465.0,12.55,4,ok
V-C0,1,27,pooled,catboost_lo,D0m,2,1.43,0.715,17465.0,0.62,4,ok
V-C0,1,27,pooled,catboost_lo,F1k,2,1.71,0.855,17465.0,0.62,4,ok
V-C0,1,27,pooled,catboost_lo,V2,2,1.53,0.765,17465.0,0.62,4,ok
V-C0,1,3,pooled,catboost_lo,D0,2,1.41,0.705,15681.0,0.58,4,ok
V-C0,1,3,pooled,catboost_lo,RS,2,2.11,1.055,15681.0,0.58,4,ok
V-C0,1,3,pooled,catboost,D0,2,11.8,5.9,15681.0,7.61,4,ok
V-C0,1,3,pooled,catboost,RS,2,13.01,6.505,15681.0,7.61,4,ok
V-C0,1,3,pooled,rf,D0,2,21.29,10.645,15681.0,11.27,4,ok
V-C0,1,3,pooled,rf,RS,2,22.99,11.495,15681.0,11.27,4,ok
V-C0,1,3,pooled,catboost_lo,D0m,2,2.63,1.315,15681.0,0.58,4,ok
V-C0,1,3,pooled,catboost_lo,F1k,2,1.49,0.745,15681.0,0.58,4,ok
V-C0,1,3,pooled,catboost_lo,V2,2,1.84,0.92,15681.0,0.58,4,ok
V-C0,1,4,pooled,catboost_lo,D0,2,1.8,0.9,16214.0,0.59,4,ok
V-C0,1,4,pooled,catboost_lo,RS,2,2.33,1.165,16214.0,0.59,4,ok
V-C0,1,4,pooled,catboost,D0,2,10.18,5.09,16214.0,7.81,4,ok
V-C0,1,4,pooled,catboost,RS,2,9.43,4.715,16214.0,7.81,4,ok
V-C0,1,4,pooled,rf,D0,2,19.41,9.705,16214.0,11.65,4,ok
V-C0,1,4,pooled,rf,RS,2,23.66,11.83,16214.0,11.65,4,ok
V-C0,1,4,pooled,catboost_lo,D0m,2,1.97,0.985,16214.0,0.59,4,ok
V-C0,1,4,pooled,catboost_lo,F1k,2,1.46,0.73,16214.0,0.59,4,ok
V-C0,1,4,pooled,catboost_lo,V2,2,2.32,1.16,16214.0,0.59,4,ok
V-C0,1,5,pooled,catboost_lo,D0,2,2.31,1.155,17455.0,0.62,4,ok
V-C0,1,5,pooled,catboost_lo,RS,2,2.7,1.35,17455.0,0.62,4,ok
V-C0,1,5,pooled,catboost,D0,2,12.25,6.125,17455.0,8.29,4,ok
V-C0,1,5,pooled,catboost,RS,2,10.96,5.48,17455.0,8.29,4,ok
V-C0,1,5,pooled,rf,D0,2,25.01,12.505,17455.0,12.54,4,ok
V-C0,1,5,pooled,rf,RS,2,23.18,11.59,17455.0,12.54,4,ok
V-C0,1,5,pooled,catboost_lo,D0m,2,2.61,1.305,17455.0,0.62,4,ok
V-C0,1,5,pooled,catboost_lo,F1k,2,2.69,1.345,17455.0,0.62,4,ok
V-C0,1,5,pooled,catboost_lo,V2,2,2.17,1.085,17455.0,0.62,4,ok
V-C0,1,6,pooled,catboost_lo,D0,2,1.75,0.875,17463.0,0.62,4,ok
V-C0,1,6,pooled,catboost_lo,RS,2,1.92,0.96,17463.0,0.62,4,ok
V-C0,1,6,pooled,catboost,D0,2,9.59,4.795,17463.0,8.29,4,ok
V-C0,1,6,pooled,catboost,RS,2,8.99,4.495,17463.0,8.29,4,ok
V-C0,1,6,pooled,rf,D0,2,23.43,11.715,17463.0,12.55,4,ok
V-C0,1,6,pooled,rf,RS,2,24.6,12.3,17463.0,12.55,4,ok
V-C0,1,6,pooled,catboost_lo,D0m,2,1.51,0.755,17463.0,0.62,4,ok
V-C0,1,6,pooled,catboost_lo,F1k,2,2.02,1.01,17463.0,0.62,4,ok
V-C0,1,6,pooled,catboost_lo,V2,2,2.18,1.09,17463.0,0.62,4,ok
V-C0,1,7,pooled,catboost_lo,D0,2,1.66,0.83,12343.0,0.5,4,ok
V-C0,1,7,pooled,catboost_lo,RS,2,1.67,0.835,12343.0,0.5,4,ok
V-C0,1,7,pooled,catboost,D0,2,11.45,5.725,12343.0,6.28,4,ok
V-C0,1,7,pooled,catboost,RS,2,8.53,4.265,12343.0,6.28,4,ok
V-C0,1,7,pooled,rf,D0,2,19.37,9.685,12343.0,8.87,4,ok
V-C0,1,7,pooled,rf,RS,2,18.95,9.475,12343.0,8.87,4,ok
V-C0,1,7,pooled,catboost_lo,D0m,2,1.67,0.835,12343.0,0.5,4,ok
V-C0,1,7,pooled,catboost_lo,F1k,2,2.57,1.285,12343.0,0.5,4,ok
V-C0,1,7,pooled,catboost_lo,V2,2,2.02,1.01,12343.0,0.5,4,ok
V-C0,1,8,pooled,catboost_lo,D0,2,1.74,0.87,17462.0,0.62,4,ok
V-C0,1,8,pooled,catboost_lo,RS,2,2.0,1.0,17462.0,0.62,4,ok
V-C0,1,8,pooled,catboost,D0,2,8.75,4.375,17462.0,8.29,4,ok
V-C0,1,8,pooled,catboost,RS,2,11.61,5.805,17462.0,8.29,4,ok
V-C0,1,8,pooled,rf,D0,2,26.92,13.46,17462.0,12.55,4,ok
V-C0,1,8,pooled,rf,RS,2,29.51,14.755,17462.0,12.55,4,ok
V-C0,1,8,pooled,catboost_lo,D0m,2,2.57,1.285,17462.0,0.62,4,ok
V-C0,1,8,pooled,catboost_lo,F1k,2,2.31,1.155,17462.0,0.62,4,ok
V-C0,1,8,pooled,catboost_lo,V2,2,2.41,1.205,17462.0,0.62,4,ok
V-C0,1,9,pooled,catboost_lo,D0,2,2.45,1.225,17456.0,0.62,4,ok
V-C0,1,9,pooled,catboost_lo,RS,2,2.24,1.12,17456.0,0.62,4,ok
V-C0,1,9,pooled,catboost,D0,2,11.79,5.895,17456.0,8.29,4,ok
V-C0,1,9,pooled,catboost,RS,2,13.3,6.65,17456.0,8.29,4,ok
V-C0,1,9,pooled,rf,D0,2,25.58,12.79,17456.0,12.54,4,ok
V-C0,1,9,pooled,rf,RS,2,26.26,13.13,17456.0,12.54,4,ok
V-C0,1,9,pooled,catboost_lo,D0m,2,2.08,1.04,17456.0,0.62,4,ok
V-C0,1,9,pooled,catboost_lo,F1k,2,1.49,0.745,17456.0,0.62,4,ok
V-C0,1,9,pooled,catboost_lo,V2,2,1.93,0.965,17456.0,0.62,4,ok
V-C100,1,0,pooled,catboost_lo,D0,2,1.41,0.705,17464.0,0.62,4,ok
V-C100,1,0,pooled,catboost_lo,RS,2,1.31,0.655,17464.0,0.62,4,ok
V-C100,1,0,pooled,catboost,D0,2,7.93,3.965,17464.0,8.29,4,ok
V-C100,1,0,pooled,catboost,RS,2,8.09,4.045,17464.0,8.29,4,ok
V-C100,1,0,pooled,rf,D0,2,18.79,9.395,17464.0,12.55,4,ok
V-C100,1,0,pooled,rf,RS,2,19.05,9.525,17464.0,12.55,4,ok
V-C100,1,0,pooled,catboost_lo,D0m,2,1.29,0.645,17464.0,0.62,4,ok
V-C100,1,0,pooled,catboost_lo,F1k,2,1.36,0.68,17464.0,0.62,4,ok
V-C100,1,0,pooled,catboost_lo,V2,2,1.31,0.655,17464.0,0.62,4,ok
V-C100,1,10,pooled,catboost_lo,D0,2,1.87,0.935,10044.0,0.44,4,ok
V-C100,1,10,pooled,catboost_lo,RS,2,1.82,0.91,10044.0,0.44,4,ok
V-C100,1,10,pooled,catboost,D0,2,11.96,5.98,10044.0,5.33,4,ok
V-C100,1,10,pooled,catboost,RS,2,13.03,6.515,10044.0,5.33,4,ok
V-C100,1,10,pooled,rf,D0,2,13.64,6.82,10044.0,7.22,4,ok
V-C100,1,10,pooled,rf,RS,2,14.75,7.375,10044.0,7.22,4,ok
V-C100,1,10,pooled,catboost_lo,D0m,2,1.24,0.62,10044.0,0.44,4,ok
V-C100,1,10,pooled,catboost_lo,F1k,2,1.54,0.77,10044.0,0.44,4,ok
V-C100,1,10,pooled,catboost_lo,V2,2,2.58,1.29,10044.0,0.44,4,ok
V-C100,1,11,pooled,catboost_lo,D0,2,1.74,0.87,17264.0,0.61,4,ok
V-C100,1,11,pooled,catboost_lo,RS,2,1.64,0.82,17264.0,0.61,4,ok
V-C100,1,11,pooled,catboost,D0,2,12.62,6.31,17264.0,8.22,4,ok
V-C100,1,11,pooled,catboost,RS,2,9.95,4.975,17264.0,8.22,4,ok
V-C100,1,11,pooled,rf,D0,2,21.44,10.72,17264.0,12.41,4,ok
V-C100,1,11,pooled,rf,RS,2,24.14,12.07,17264.0,12.41,4,ok
V-C100,1,11,pooled,catboost_lo,D0m,2,1.93,0.965,17264.0,0.61,4,ok
V-C100,1,11,pooled,catboost_lo,F1k,2,2.57,1.285,17264.0,0.61,4,ok
V-C100,1,11,pooled,catboost_lo,V2,2,1.95,0.975,17264.0,0.61,4,ok
V-C100,1,12,pooled,catboost_lo,D0,2,2.21,1.105,13950.0,0.54,4,ok
V-C100,1,12,pooled,catboost_lo,RS,2,1.52,0.76,13950.0,0.54,4,ok
V-C100,1,12,pooled,catboost,D0,2,8.84,4.42,13950.0,6.93,4,ok
V-C100,1,12,pooled,catboost,RS,2,14.82,7.41,13950.0,6.93,4,ok
V-C100,1,12,pooled,rf,D0,2,25.59,12.795,13950.0,10.02,4,ok
V-C100,1,12,pooled,rf,RS,2,24.91,12.455,13950.0,10.02,4,ok
V-C100,1,12,pooled,catboost_lo,D0m,2,2.38,1.19,13950.0,0.54,4,ok
V-C100,1,12,pooled,catboost_lo,F1k,2,2.6,1.3,13950.0,0.54,4,ok
V-C100,1,12,pooled,catboost_lo,V2,2,2.88,1.44,13950.0,0.54,4,ok
V-C100,1,13,pooled,catboost_lo,D0,2,1.79,0.895,17452.0,0.62,4,ok
V-C100,1,13,pooled,catboost_lo,RS,2,3.02,1.51,17452.0,0.62,4,ok
V-C100,1,13,pooled,catboost,D0,2,10.66,5.33,17452.0,8.29,4,ok
V-C100,1,13,pooled,catboost,RS,2,10.68,5.34,17452.0,8.29,4,ok
V-C100,1,13,pooled,rf,D0,2,22.61,11.305,17452.0,12.54,4,ok
V-C100,1,13,pooled,rf,RS,2,21.02,10.51,17452.0,12.54,4,ok
V-C100,1,13,pooled,catboost_lo,D0m,2,1.72,0.86,17452.0,0.62,4,ok
V-C100,1,13,pooled,catboost_lo,F1k,2,1.64,0.82,17452.0,0.62,4,ok
V-C100,1,13,pooled,catboost_lo,V2,2,1.68,0.84,17452.0,0.62,4,ok
V-C100,1,15,pooled,catboost_lo,D0,2,2.85,1.425,16818.0,0.6,4,ok
V-C100,1,15,pooled,catboost_lo,RS,2,3.01,1.505,16818.0,0.6,4,ok
V-C100,1,15,pooled,catboost,D0,2,12.26,6.13,16818.0,8.05,4,ok
V-C100,1,15,pooled,catboost,RS,2,10.29,5.145,16818.0,8.05,4,ok
V-C100,1,15,pooled,rf,D0,2,27.45,13.725,16818.0,12.08,4,ok
V-C100,1,15,pooled,rf,RS,2,29.86,14.93,16818.0,12.08,4,ok
V-C100,1,15,pooled,catboost_lo,D0m,2,1.32,0.66,16818.0,0.6,4,ok
V-C100,1,15,pooled,catboost_lo,F1k,2,1.71,0.855,16818.0,0.6,4,ok
V-C100,1,15,pooled,catboost_lo,V2,2,1.55,0.775,16818.0,0.6,4,ok
V-C100,1,16,pooled,catboost_lo,D0,2,1.64,0.82,17458.0,0.62,4,ok
V-C100,1,16,pooled,catboost_lo,RS,2,1.75,0.875,17458.0,0.62,4,ok
V-C100,1,16,pooled,catboost,D0,2,12.38,6.19,17458.0,8.29,4,ok
V-C100,1,16,pooled,catboost,RS,2,11.02,5.51,17458.0,8.29,4,ok
V-C100,1,16,pooled,rf,D0,2,21.55,10.775,17458.0,12.54,4,ok
V-C100,1,16,pooled,rf,RS,2,24.48,12.24,17458.0,12.54,4,ok
V-C100,1,16,pooled,catboost_lo,D0m,2,1.66,0.83,17458.0,0.62,4,ok
V-C100,1,16,pooled,catboost_lo,F1k,2,1.9,0.95,17458.0,0.62,4,ok
V-C100,1,16,pooled,catboost_lo,V2,2,1.25,0.625,17458.0,0.62,4,ok
V-C100,1,17,pooled,catboost_lo,D0,2,2.2,1.1,17461.0,0.62,4,ok
V-C100,1,17,pooled,catboost_lo,RS,2,1.97,0.985,17461.0,0.62,4,ok
V-C100,1,17,pooled,catboost,D0,2,10.67,5.335,17461.0,8.29,4,ok
V-C100,1,17,pooled,catboost,RS,2,12.28,6.14,17461.0,8.29,4,ok
V-C100,1,17,pooled,rf,D0,2,22.62,11.31,17461.0,12.55,4,ok
V-C100,1,17,pooled,rf,RS,2,23.09,11.545,17461.0,12.55,4,ok
V-C100,1,17,pooled,catboost_lo,D0m,2,1.57,0.785,17461.0,0.62,4,ok
V-C100,1,17,pooled,catboost_lo,F1k,2,2.44,1.22,17461.0,0.62,4,ok
V-C100,1,17,pooled,catboost_lo,V2,2,1.4,0.7,17461.0,0.62,4,ok
V-C100,1,18,pooled,catboost_lo,D0,2,2.64,1.32,17465.0,0.62,4,ok
V-C100,1,18,pooled,catboost_lo,RS,2,2.89,1.445,17465.0,0.62,4,ok
V-C100,1,18,pooled,catboost,D0,2,10.6,5.3,17465.0,8.29,4,ok
V-C100,1,18,pooled,catboost,RS,2,10.64,5.32,17465.0,8.29,4,ok
V-C100,1,18,pooled,rf,D0,2,28.29,14.145,17465.0,12.55,4,ok
V-C100,1,18,pooled,rf,RS,2,26.4,13.2,17465.0,12.55,4,ok
V-C100,1,18,pooled,catboost_lo,D0m,2,1.96,0.98,17465.0,0.62,4,ok
V-C100,1,18,pooled,catboost_lo,F1k,2,3.15,1.575,17465.0,0.62,4,ok
V-C100,1,18,pooled,catboost_lo,V2,2,3.73,1.865,17465.0,0.62,4,ok
V-C100,1,19,pooled,catboost_lo,D0,2,1.45,0.725,17009.0,0.61,4,ok
V-C100,1,19,pooled,catboost_lo,RS,2,1.65,0.825,17009.0,0.61,4,ok
V-C100,1,19,pooled,catboost,D0,2,7.83,3.915,17009.0,8.12,4,ok
V-C100,1,19,pooled,catboost,RS,2,8.07,4.035,17009.0,8.12,4,ok
V-C100,1,19,pooled,rf,D0,2,23.83,11.915,17009.0,12.22,4,ok
V-C100,1,19,pooled,rf,RS,2,19.47,9.735,17009.0,12.22,4,ok
V-C100,1,19,pooled,catboost_lo,D0m,2,2.03,1.015,17009.0,0.61,4,ok
V-C100,1,19,pooled,catboost_lo,F1k,2,1.35,0.675,17009.0,0.61,4,ok
V-C100,1,19,pooled,catboost_lo,V2,2,1.51,0.755,17009.0,0.61,4,ok
V-C100,1,20,pooled,catboost_lo,D0,2,3.38,1.69,16997.0,0.61,4,ok
V-C100,1,20,pooled,catboost_lo,RS,2,2.68,1.34,16997.0,0.61,4,ok
V-C100,1,20,pooled,catboost,D0,2,12.74,6.37,16997.0,8.11,4,ok
V-C100,1,20,pooled,catboost,RS,2,12.64,6.32,16997.0,8.11,4,ok
V-C100,1,20,pooled,rf,D0,2,26.67,13.335,16997.0,12.21,4,ok
V-C100,1,20,pooled,rf,RS,2,29.29,14.645,16997.0,12.21,4,ok
V-C100,1,20,pooled,catboost_lo,D0m,2,2.5,1.25,16997.0,0.61,4,ok
V-C100,1,20,pooled,catboost_lo,F1k,2,3.76,1.88,16997.0,0.61,4,ok
V-C100,1,20,pooled,catboost_lo,V2,2,2.56,1.28,16997.0,0.61,4,ok
V-C100,1,21,pooled,catboost_lo,D0,2,2.16,1.08,17463.0,0.62,4,ok
V-C100,1,21,pooled,catboost_lo,RS,2,1.47,0.735,17463.0,0.62,4,ok
V-C100,1,21,pooled,catboost,D0,2,10.6,5.3,17463.0,8.29,4,ok
V-C100,1,21,pooled,catboost,RS,2,8.21,4.105,17463.0,8.29,4,ok
V-C100,1,21,pooled,rf,D0,2,19.87,9.935,17463.0,12.55,4,ok
V-C100,1,21,pooled,rf,RS,2,22.02,11.01,17463.0,12.55,4,ok
V-C100,1,21,pooled,catboost_lo,D0m,2,1.84,0.92,17463.0,0.62,4,ok
V-C100,1,21,pooled,catboost_lo,F1k,2,1.63,0.815,17463.0,0.62,4,ok
V-C100,1,21,pooled,catboost_lo,V2,2,1.9,0.95,17463.0,0.62,4,ok
V-C100,1,22,pooled,catboost_lo,D0,2,2.46,1.23,17323.0,0.61,4,ok
V-C100,1,22,pooled,catboost_lo,RS,2,3.43,1.715,17323.0,0.61,4,ok
V-C100,1,22,pooled,catboost,D0,2,12.84,6.42,17323.0,8.24,4,ok
V-C100,1,22,pooled,catboost,RS,2,12.76,6.38,17323.0,8.24,4,ok
V-C100,1,22,pooled,rf,D0,2,26.35,13.175,17323.0,12.45,4,ok
V-C100,1,22,pooled,rf,RS,2,27.44,13.72,17323.0,12.45,4,ok
V-C100,1,22,pooled,catboost_lo,D0m,2,1.69,0.845,17323.0,0.61,4,ok
V-C100,1,22,pooled,catboost_lo,F1k,2,2.92,1.46,17323.0,0.61,4,ok
V-C100,1,22,pooled,catboost_lo,V2,2,1.54,0.77,17323.0,0.61,4,ok
V-C100,1,23,pooled,catboost_lo,D0,2,1.96,0.98,16908.0,0.6,4,ok
V-C100,1,23,pooled,catboost_lo,RS,2,2.45,1.225,16908.0,0.6,4,ok
V-C100,1,23,pooled,catboost,D0,2,9.11,4.555,16908.0,8.08,4,ok
V-C100,1,23,pooled,catboost,RS,2,9.01,4.505,16908.0,8.08,4,ok
V-C100,1,23,pooled,rf,D0,2,19.91,9.955,16908.0,12.15,4,ok
V-C100,1,23,pooled,rf,RS,2,20.85,10.425,16908.0,12.15,4,ok
V-C100,1,23,pooled,catboost_lo,D0m,2,1.4,0.7,16908.0,0.6,4,ok
V-C100,1,23,pooled,catboost_lo,F1k,2,1.48,0.74,16908.0,0.6,4,ok
V-C100,1,23,pooled,catboost_lo,V2,2,2.07,1.035,16908.0,0.6,4,ok
V-C100,1,24,pooled,catboost_lo,D0,2,1.58,0.79,14247.0,0.55,4,ok
V-C100,1,24,pooled,catboost_lo,RS,2,1.33,0.665,14247.0,0.55,4,ok
V-C100,1,24,pooled,catboost,D0,2,9.12,4.56,14247.0,7.05,4,ok
V-C100,1,24,pooled,catboost,RS,2,8.27,4.135,14247.0,7.05,4,ok
V-C100,1,24,pooled,rf,D0,2,18.83,9.415,14247.0,10.24,4,ok
V-C100,1,24,pooled,rf,RS,2,16.88,8.44,14247.0,10.24,4,ok
V-C100,1,24,pooled,catboost_lo,D0m,2,1.22,0.61,14247.0,0.55,4,ok
V-C100,1,24,pooled,catboost_lo,F1k,2,1.23,0.615,14247.0,0.55,4,ok
V-C100,1,24,pooled,catboost_lo,V2,2,1.21,0.605,14247.0,0.55,4,ok
V-C100,1,25,pooled,catboost_lo,D0,2,2.64,1.32,17208.0,0.61,4,ok
V-C100,1,25,pooled,catboost_lo,RS,2,2.13,1.065,17208.0,0.61,4,ok
V-C100,1,25,pooled,catboost,D0,2,12.19,6.095,17208.0,8.19,4,ok
V-C100,1,25,pooled,catboost,RS,2,12.31,6.155,17208.0,8.19,4,ok
V-C100,1,25,pooled,rf,D0,2,25.46,12.73,17208.0,12.37,4,ok
V-C100,1,25,pooled,rf,RS,2,27.68,13.84,17208.0,12.37,4,ok
V-C100,1,25,pooled,catboost_lo,D0m,2,2.32,1.16,17208.0,0.61,4,ok
V-C100,1,25,pooled,catboost_lo,F1k,2,2.37,1.185,17208.0,0.61,4,ok
V-C100,1,25,pooled,catboost_lo,V2,2,1.86,0.93,17208.0,0.61,4,ok
V-C100,1,26,pooled,catboost_lo,D0,2,1.4,0.7,17463.0,0.62,4,ok
V-C100,1,26,pooled,catboost_lo,RS,2,2.0,1.0,17463.0,0.62,4,ok
V-C100,1,26,pooled,catboost,D0,2,9.54,4.77,17463.0,8.29,4,ok
V-C100,1,26,pooled,catboost,RS,2,10.71,5.355,17463.0,8.29,4,ok
V-C100,1,26,pooled,rf,D0,2,20.14,10.07,17463.0,12.55,4,ok
V-C100,1,26,pooled,rf,RS,2,22.13,11.065,17463.0,12.55,4,ok
V-C100,1,26,pooled,catboost_lo,D0m,2,1.37,0.685,17463.0,0.62,4,ok
V-C100,1,26,pooled,catboost_lo,F1k,2,1.58,0.79,17463.0,0.62,4,ok
V-C100,1,26,pooled,catboost_lo,V2,2,2.26,1.13,17463.0,0.62,4,ok
V-C100,1,27,pooled,catboost_lo,D0,2,2.3,1.15,17465.0,0.62,4,ok
V-C100,1,27,pooled,catboost_lo,RS,2,2.58,1.29,17465.0,0.62,4,ok
V-C100,1,27,pooled,catboost,D0,2,14.28,7.14,17465.0,8.29,4,ok
V-C100,1,27,pooled,catboost,RS,2,13.45,6.725,17465.0,8.29,4,ok
V-C100,1,27,pooled,rf,D0,2,23.44,11.72,17465.0,12.55,4,ok
V-C100,1,27,pooled,rf,RS,2,28.5,14.25,17465.0,12.55,4,ok
V-C100,1,27,pooled,catboost_lo,D0m,2,3.12,1.56,17465.0,0.62,4,ok
V-C100,1,27,pooled,catboost_lo,F1k,2,2.39,1.195,17465.0,0.62,4,ok
V-C100,1,27,pooled,catboost_lo,V2,2,2.37,1.185,17465.0,0.62,4,ok
V-C100,1,3,pooled,catboost_lo,D0,2,1.99,0.995,14753.0,0.56,4,ok
V-C100,1,3,pooled,catboost_lo,RS,2,2.11,1.055,14753.0,0.56,4,ok
V-C100,1,3,pooled,catboost,D0,2,10.2,5.1,14753.0,7.24,4,ok
V-C100,1,3,pooled,catboost,RS,2,10.49,5.245,14753.0,7.24,4,ok
V-C100,1,3,pooled,rf,D0,2,18.23,9.115,14753.0,10.6,4,ok
V-C100,1,3,pooled,rf,RS,2,21.76,10.88,14753.0,10.6,4,ok
V-C100,1,3,pooled,catboost_lo,D0m,2,1.69,0.845,14753.0,0.56,4,ok
V-C100,1,3,pooled,catboost_lo,F1k,2,2.35,1.175,14753.0,0.56,4,ok
V-C100,1,3,pooled,catboost_lo,V2,2,1.8,0.9,14753.0,0.56,4,ok
V-C100,1,4,pooled,catboost_lo,D0,2,1.18,0.59,14478.0,0.55,4,ok
V-C100,1,4,pooled,catboost_lo,RS,2,0.97,0.485,14478.0,0.55,4,ok
V-C100,1,4,pooled,catboost,D0,2,7.4,3.7,14478.0,7.14,4,ok
V-C100,1,4,pooled,catboost,RS,2,7.03,3.515,14478.0,7.14,4,ok
V-C100,1,4,pooled,rf,D0,2,15.08,7.54,14478.0,10.4,4,ok
V-C100,1,4,pooled,rf,RS,2,13.67,6.835,14478.0,10.4,4,ok
V-C100,1,4,pooled,catboost_lo,D0m,2,1.25,0.625,14478.0,0.55,4,ok
V-C100,1,4,pooled,catboost_lo,F1k,2,1.21,0.605,14478.0,0.55,4,ok
V-C100,1,4,pooled,catboost_lo,V2,2,1.25,0.625,14478.0,0.55,4,ok
V-C100,1,5,pooled,catboost_lo,D0,2,1.12,0.56,17455.0,0.62,4,ok
V-C100,1,5,pooled,catboost_lo,RS,2,1.29,0.645,17455.0,0.62,4,ok
V-C100,1,5,pooled,catboost,D0,2,7.51,3.755,17455.0,8.29,4,ok
V-C100,1,5,pooled,catboost,RS,2,7.06,3.53,17455.0,8.29,4,ok
V-C100,1,5,pooled,rf,D0,2,17.82,8.91,17455.0,12.54,4,ok
V-C100,1,5,pooled,rf,RS,2,19.96,9.98,17455.0,12.54,4,ok
V-C100,1,5,pooled,catboost_lo,D0m,2,1.16,0.58,17455.0,0.62,4,ok
V-C100,1,5,pooled,catboost_lo,F1k,2,1.2,0.6,17455.0,0.62,4,ok
V-C100,1,5,pooled,catboost_lo,V2,2,1.38,0.69,17455.0,0.62,4,ok
V-C100,1,6,pooled,catboost_lo,D0,2,2.72,1.36,17463.0,0.62,4,ok
V-C100,1,6,pooled,catboost_lo,RS,2,2.13,1.065,17463.0,0.62,4,ok
V-C100,1,6,pooled,catboost,D0,2,10.86,5.43,17463.0,8.29,4,ok
V-C100,1,6,pooled,catboost,RS,2,11.3,5.65,17463.0,8.29,4,ok
V-C100,1,6,pooled,rf,D0,2,28.0,14.0,17463.0,12.55,4,ok
V-C100,1,6,pooled,rf,RS,2,27.35,13.675,17463.0,12.55,4,ok
V-C100,1,6,pooled,catboost_lo,D0m,2,1.84,0.92,17463.0,0.62,4,ok
V-C100,1,6,pooled,catboost_lo,F1k,2,3.5,1.75,17463.0,0.62,4,ok
V-C100,1,6,pooled,catboost_lo,V2,2,2.38,1.19,17463.0,0.62,4,ok
V-C100,1,7,pooled,catboost_lo,D0,2,1.61,0.805,12083.0,0.49,4,ok
V-C100,1,7,pooled,catboost_lo,RS,2,1.0,0.5,12083.0,0.49,4,ok
V-C100,1,7,pooled,catboost,D0,2,6.42,3.21,12083.0,6.18,4,ok
V-C100,1,7,pooled,catboost,RS,2,7.65,3.825,12083.0,6.18,4,ok
V-C100,1,7,pooled,rf,D0,2,14.52,7.26,12083.0,8.68,4,ok
V-C100,1,7,pooled,rf,RS,2,14.95,7.475,12083.0,8.68,4,ok
V-C100,1,7,pooled,catboost_lo,D0m,2,1.04,0.52,12083.0,0.49,4,ok
V-C100,1,7,pooled,catboost_lo,F1k,2,0.95,0.475,12083.0,0.49,4,ok
V-C100,1,7,pooled,catboost_lo,V2,2,1.42,0.71,12083.0,0.49,4,ok
V-C100,1,8,pooled,catboost_lo,D0,2,1.67,0.835,17462.0,0.62,4,ok
V-C100,1,8,pooled,catboost_lo,RS,2,1.56,0.78,17462.0,0.62,4,ok
V-C100,1,8,pooled,catboost,D0,2,10.32,5.16,17462.0,8.29,4,ok
V-C100,1,8,pooled,catboost,RS,2,11.03,5.515,17462.0,8.29,4,ok
V-C100,1,8,pooled,rf,D0,2,26.1,13.05,17462.0,12.55,4,ok
V-C100,1,8,pooled,rf,RS,2,26.94,13.47,17462.0,12.55,4,ok
V-C100,1,8,pooled,catboost_lo,D0m,2,2.08,1.04,17462.0,0.62,4,ok
V-C100,1,8,pooled,catboost_lo,F1k,2,2.23,1.115,17462.0,0.62,4,ok
V-C100,1,8,pooled,catboost_lo,V2,2,1.97,0.985,17462.0,0.62,4,ok
V-C100,1,9,pooled,catboost_lo,D0,2,1.34,0.67,17454.0,0.62,4,ok
V-C100,1,9,pooled,catboost_lo,RS,2,2.02,1.01,17454.0,0.62,4,ok
V-C100,1,9,pooled,catboost,D0,2,8.38,4.19,17454.0,8.29,4,ok
V-C100,1,9,pooled,catboost,RS,2,8.1,4.05,17454.0,8.29,4,ok
V-C100,1,9,pooled,rf,D0,2,23.74,11.87,17454.0,12.54,4,ok
V-C100,1,9,pooled,rf,RS,2,21.99,10.995,17454.0,12.54,4,ok
V-C100,1,9,pooled,catboost_lo,D0m,2,1.58,0.79,17454.0,0.62,4,ok
V-C100,1,9,pooled,catboost_lo,F1k,2,1.56,0.78,17454.0,0.62,4,ok
V-C100,1,9,pooled,catboost_lo,V2,2,1.45,0.725,17454.0,0.62,4,ok
V-C500,1,0,pooled,catboost_lo,D0,2,2.36,1.18,17464.0,0.62,4,ok
V-C500,1,0,pooled,catboost_lo,RS,2,1.76,0.88,17464.0,0.62,4,ok
V-C500,1,0,pooled,catboost,D0,2,9.35,4.675,17464.0,8.29,4,ok
V-C500,1,0,pooled,catboost,RS,2,8.08,4.04,17464.0,8.29,4,ok
V-C500,1,0,pooled,rf,D0,2,23.44,11.72,17464.0,12.55,4,ok
V-C500,1,0,pooled,rf,RS,2,20.9,10.45,17464.0,12.55,4,ok
V-C500,1,0,pooled,catboost_lo,D0m,2,1.45,0.725,17464.0,0.62,4,ok
V-C500,1,0,pooled,catboost_lo,F1k,2,1.49,0.745,17464.0,0.62,4,ok
V-C500,1,0,pooled,catboost_lo,V2,2,1.99,0.995,17464.0,0.62,4,ok
V-C500,1,10,pooled,catboost_lo,D0,2,2.42,1.21,7348.0,0.37,4,ok
V-C500,1,10,pooled,catboost_lo,RS,2,2.63,1.315,7348.0,0.37,4,ok
V-C500,1,10,pooled,catboost,D0,2,9.39,4.695,7348.0,4.15,4,ok
V-C500,1,10,pooled,catboost,RS,2,8.41,4.205,7348.0,4.15,4,ok
V-C500,1,10,pooled,rf,D0,2,12.01,6.005,7348.0,5.28,4,ok
V-C500,1,10,pooled,rf,RS,2,13.26,6.63,7348.0,5.28,4,ok
V-C500,1,10,pooled,catboost_lo,D0m,2,1.13,0.565,7348.0,0.37,4,ok
V-C500,1,10,pooled,catboost_lo,F1k,2,1.4,0.7,7348.0,0.37,4,ok
V-C500,1,10,pooled,catboost_lo,V2,2,1.51,0.755,7348.0,0.37,4,ok
V-C500,1,11,pooled,catboost_lo,D0,2,1.37,0.685,13118.0,0.52,4,ok
V-C500,1,11,pooled,catboost_lo,RS,2,2.06,1.03,13118.0,0.52,4,ok
V-C500,1,11,pooled,catboost,D0,2,9.18,4.59,13118.0,6.59,4,ok
V-C500,1,11,pooled,catboost,RS,2,9.06,4.53,13118.0,6.59,4,ok
V-C500,1,11,pooled,rf,D0,2,16.1,8.05,13118.0,9.43,4,ok
V-C500,1,11,pooled,rf,RS,2,17.42,8.71,13118.0,9.43,4,ok
V-C500,1,11,pooled,catboost_lo,D0m,2,1.5,0.75,13118.0,0.52,4,ok
V-C500,1,11,pooled,catboost_lo,F1k,2,1.94,0.97,13118.0,0.52,4,ok
V-C500,1,11,pooled,catboost_lo,V2,2,1.83,0.915,13118.0,0.52,4,ok
V-C500,1,12,pooled,catboost_lo,D0,2,2.05,1.025,7144.0,0.36,4,ok
V-C500,1,12,pooled,catboost_lo,RS,2,1.07,0.535,7144.0,0.36,4,ok
V-C500,1,12,pooled,catboost,D0,2,9.31,4.655,7144.0,4.06,4,ok
V-C500,1,12,pooled,catboost,RS,2,12.09,6.045,7144.0,4.06,4,ok
V-C500,1,12,pooled,rf,D0,2,9.16,4.58,7144.0,5.13,4,ok
V-C500,1,12,pooled,rf,RS,2,11.72,5.86,7144.0,5.13,4,ok
V-C500,1,12,pooled,catboost_lo,D0m,2,1.3,0.65,7144.0,0.36,4,ok
V-C500,1,12,pooled,catboost_lo,F1k,2,1.45,0.725,7144.0,0.36,4,ok
V-C500,1,12,pooled,catboost_lo,V2,2,1.13,0.565,7144.0,0.36,4,ok
V-C500,1,13,pooled,catboost_lo,D0,2,1.42,0.71,17444.0,0.62,4,ok
V-C500,1,13,pooled,catboost_lo,RS,2,1.81,0.905,17444.0,0.62,4,ok
V-C500,1,13,pooled,catboost,D0,2,13.08,6.54,17444.0,8.28,4,ok
V-C500,1,13,pooled,catboost,RS,2,9.19,4.595,17444.0,8.28,4,ok
V-C500,1,13,pooled,rf,D0,2,23.48,11.74,17444.0,12.53,4,ok
V-C500,1,13,pooled,rf,RS,2,22.21,11.105,17444.0,12.53,4,ok
V-C500,1,13,pooled,catboost_lo,D0m,2,1.25,0.625,17444.0,0.62,4,ok
V-C500,1,13,pooled,catboost_lo,F1k,2,1.44,0.72,17444.0,0.62,4,ok
V-C500,1,13,pooled,catboost_lo,V2,2,1.49,0.745,17444.0,0.62,4,ok
V-C500,1,15,pooled,catboost_lo,D0,2,1.83,0.915,6888.0,0.35,4,ok
V-C500,1,15,pooled,catboost_lo,RS,2,1.82,0.91,6888.0,0.35,4,ok
V-C500,1,15,pooled,catboost,D0,2,7.39,3.695,6888.0,3.94,4,ok
V-C500,1,15,pooled,catboost,RS,2,6.87,3.435,6888.0,3.94,4,ok
V-C500,1,15,pooled,rf,D0,2,9.56,4.78,6888.0,4.95,4,ok
V-C500,1,15,pooled,rf,RS,2,10.49,5.245,6888.0,4.95,4,ok
V-C500,1,15,pooled,catboost_lo,D0m,2,1.55,0.775,6888.0,0.35,4,ok
V-C500,1,15,pooled,catboost_lo,F1k,2,1.21,0.605,6888.0,0.35,4,ok
V-C500,1,15,pooled,catboost_lo,V2,2,1.18,0.59,6888.0,0.35,4,ok
V-C500,1,16,pooled,catboost_lo,D0,2,2.44,1.22,17441.0,0.62,4,ok
V-C500,1,16,pooled,catboost_lo,RS,2,2.25,1.125,17441.0,0.62,4,ok
V-C500,1,16,pooled,catboost,D0,2,8.75,4.375,17441.0,8.28,4,ok
V-C500,1,16,pooled,catboost,RS,2,14.24,7.12,17441.0,8.28,4,ok
V-C500,1,16,pooled,rf,D0,2,23.52,11.76,17441.0,12.53,4,ok
V-C500,1,16,pooled,rf,RS,2,23.43,11.715,17441.0,12.53,4,ok
V-C500,1,16,pooled,catboost_lo,D0m,2,1.42,0.71,17441.0,0.62,4,ok
V-C500,1,16,pooled,catboost_lo,F1k,2,2.25,1.125,17441.0,0.62,4,ok
V-C500,1,16,pooled,catboost_lo,V2,2,1.84,0.92,17441.0,0.62,4,ok
V-C500,1,17,pooled,catboost_lo,D0,2,2.55,1.275,17442.0,0.62,4,ok
V-C500,1,17,pooled,catboost_lo,RS,2,2.42,1.21,17442.0,0.62,4,ok
V-C500,1,17,pooled,catboost,D0,2,8.0,4.0,17442.0,8.28,4,ok
V-C500,1,17,pooled,catboost,RS,2,7.83,3.915,17442.0,8.28,4,ok
V-C500,1,17,pooled,rf,D0,2,21.52,10.76,17442.0,12.53,4,ok
V-C500,1,17,pooled,rf,RS,2,21.3,10.65,17442.0,12.53,4,ok
V-C500,1,17,pooled,catboost_lo,D0m,2,1.82,0.91,17442.0,0.62,4,ok
V-C500,1,17,pooled,catboost_lo,F1k,2,1.51,0.755,17442.0,0.62,4,ok
V-C500,1,17,pooled,catboost_lo,V2,2,1.6,0.8,17442.0,0.62,4,ok
V-C500,1,18,pooled,catboost_lo,D0,2,1.88,0.94,17465.0,0.62,4,ok
V-C500,1,18,pooled,catboost_lo,RS,2,1.52,0.76,17465.0,0.62,4,ok
V-C500,1,18,pooled,catboost,D0,2,9.59,4.795,17465.0,8.29,4,ok
V-C500,1,18,pooled,catboost,RS,2,8.49,4.245,17465.0,8.29,4,ok
V-C500,1,18,pooled,rf,D0,2,20.62,10.31,17465.0,12.55,4,ok
V-C500,1,18,pooled,rf,RS,2,22.13,11.065,17465.0,12.55,4,ok
V-C500,1,18,pooled,catboost_lo,D0m,2,1.25,0.625,17465.0,0.62,4,ok
V-C500,1,18,pooled,catboost_lo,F1k,2,1.94,0.97,17465.0,0.62,4,ok
V-C500,1,18,pooled,catboost_lo,V2,2,2.67,1.335,17465.0,0.62,4,ok
V-C500,1,19,pooled,catboost_lo,D0,2,2.06,1.03,12802.0,0.51,4,ok
V-C500,1,19,pooled,catboost_lo,RS,2,1.67,0.835,12802.0,0.51,4,ok
V-C500,1,19,pooled,catboost,D0,2,11.49,5.745,12802.0,6.47,4,ok
V-C500,1,19,pooled,catboost,RS,2,9.08,4.54,12802.0,6.47,4,ok
V-C500,1,19,pooled,rf,D0,2,19.76,9.88,12802.0,9.2,4,ok
V-C500,1,19,pooled,rf,RS,2,18.32,9.16,12802.0,9.2,4,ok
V-C500,1,19,pooled,catboost_lo,D0m,2,1.37,0.685,12802.0,0.51,4,ok
V-C500,1,19,pooled,catboost_lo,F1k,2,1.31,0.655,12802.0,0.51,4,ok
V-C500,1,19,pooled,catboost_lo,V2,2,1.15,0.575,12802.0,0.51,4,ok
V-C500,1,20,pooled,catboost_lo,D0,2,1.45,0.725,13156.0,0.52,4,ok
V-C500,1,20,pooled,catboost_lo,RS,2,2.79,1.395,13156.0,0.52,4,ok
V-C500,1,20,pooled,catboost,D0,2,9.52,4.76,13156.0,6.61,4,ok
V-C500,1,20,pooled,catboost,RS,2,11.44,5.72,13156.0,6.61,4,ok
V-C500,1,20,pooled,rf,D0,2,19.19,9.595,13156.0,9.45,4,ok
V-C500,1,20,pooled,rf,RS,2,15.9,7.95,13156.0,9.45,4,ok
V-C500,1,20,pooled,catboost_lo,D0m,2,1.35,0.675,13156.0,0.52,4,ok
V-C500,1,20,pooled,catboost_lo,F1k,2,1.29,0.645,13156.0,0.52,4,ok
V-C500,1,20,pooled,catboost_lo,V2,2,1.29,0.645,13156.0,0.52,4,ok
V-C500,1,21,pooled,catboost_lo,D0,2,1.59,0.795,17463.0,0.62,4,ok
V-C500,1,21,pooled,catboost_lo,RS,2,1.57,0.785,17463.0,0.62,4,ok
V-C500,1,21,pooled,catboost,D0,2,8.33,4.165,17463.0,8.29,4,ok
V-C500,1,21,pooled,catboost,RS,2,9.24,4.62,17463.0,8.29,4,ok
V-C500,1,21,pooled,rf,D0,2,20.81,10.405,17463.0,12.55,4,ok
V-C500,1,21,pooled,rf,RS,2,18.63,9.315,17463.0,12.55,4,ok
V-C500,1,21,pooled,catboost_lo,D0m,2,1.48,0.74,17463.0,0.62,4,ok
V-C500,1,21,pooled,catboost_lo,F1k,2,1.46,0.73,17463.0,0.62,4,ok
V-C500,1,21,pooled,catboost_lo,V2,2,1.18,0.59,17463.0,0.62,4,ok
V-C500,1,22,pooled,catboost_lo,D0,2,1.75,0.875,16918.0,0.6,4,ok
V-C500,1,22,pooled,catboost_lo,RS,2,2.61,1.305,16918.0,0.6,4,ok
V-C500,1,22,pooled,catboost,D0,2,11.97,5.985,16918.0,8.08,4,ok
V-C500,1,22,pooled,catboost,RS,2,9.84,4.92,16918.0,8.08,4,ok
V-C500,1,22,pooled,rf,D0,2,21.49,10.745,16918.0,12.16,4,ok
V-C500,1,22,pooled,rf,RS,2,22.63,11.315,16918.0,12.16,4,ok
V-C500,1,22,pooled,catboost_lo,D0m,2,3.3,1.65,16918.0,0.6,4,ok
V-C500,1,22,pooled,catboost_lo,F1k,2,2.91,1.455,16918.0,0.6,4,ok
V-C500,1,22,pooled,catboost_lo,V2,2,1.84,0.92,16918.0,0.6,4,ok
V-C500,1,23,pooled,catboost_lo,D0,2,1.0,0.5,11932.0,0.49,4,ok
V-C500,1,23,pooled,catboost_lo,RS,2,1.13,0.565,11932.0,0.49,4,ok
V-C500,1,23,pooled,catboost,D0,2,7.22,3.61,11932.0,6.11,4,ok
V-C500,1,23,pooled,catboost,RS,2,6.95,3.475,11932.0,6.11,4,ok
V-C500,1,23,pooled,rf,D0,2,13.45,6.725,11932.0,8.57,4,ok
V-C500,1,23,pooled,rf,RS,2,11.84,5.92,11932.0,8.57,4,ok
V-C500,1,23,pooled,catboost_lo,D0m,2,1.3,0.65,11932.0,0.49,4,ok
V-C500,1,23,pooled,catboost_lo,F1k,2,1.38,0.69,11932.0,0.49,4,ok
V-C500,1,23,pooled,catboost_lo,V2,2,1.43,0.715,11932.0,0.49,4,ok
V-C500,1,24,pooled,catboost_lo,D0,2,1.53,0.765,13775.0,0.53,4,ok
V-C500,1,24,pooled,catboost_lo,RS,2,2.02,1.01,13775.0,0.53,4,ok
V-C500,1,24,pooled,catboost,D0,2,8.22,4.11,13775.0,6.86,4,ok
V-C500,1,24,pooled,catboost,RS,2,8.11,4.055,13775.0,6.86,4,ok
V-C500,1,24,pooled,rf,D0,2,19.83,9.915,13775.0,9.9,4,ok
V-C500,1,24,pooled,rf,RS,2,16.87,8.435,13775.0,9.9,4,ok
V-C500,1,24,pooled,catboost_lo,D0m,2,1.37,0.685,13775.0,0.53,4,ok
V-C500,1,24,pooled,catboost_lo,F1k,2,1.3,0.65,13775.0,0.53,4,ok
V-C500,1,24,pooled,catboost_lo,V2,2,1.54,0.77,13775.0,0.53,4,ok
V-C500,1,25,pooled,catboost_lo,D0,2,1.82,0.91,17119.0,0.61,4,ok
V-C500,1,25,pooled,catboost_lo,RS,2,1.49,0.745,17119.0,0.61,4,ok
V-C500,1,25,pooled,catboost,D0,2,10.95,5.475,17119.0,8.16,4,ok
V-C500,1,25,pooled,catboost,RS,2,12.31,6.155,17119.0,8.16,4,ok
V-C500,1,25,pooled,rf,D0,2,26.76,13.38,17119.0,12.3,4,ok
V-C500,1,25,pooled,rf,RS,2,27.94,13.97,17119.0,12.3,4,ok
V-C500,1,25,pooled,catboost_lo,D0m,2,2.42,1.21,17119.0,0.61,4,ok
V-C500,1,25,pooled,catboost_lo,F1k,2,1.84,0.92,17119.0,0.61,4,ok
V-C500,1,25,pooled,catboost_lo,V2,2,1.69,0.845,17119.0,0.61,4,ok
V-C500,1,26,pooled,catboost_lo,D0,2,2.72,1.36,17463.0,0.62,4,ok
V-C500,1,26,pooled,catboost_lo,RS,2,1.86,0.93,17463.0,0.62,4,ok
V-C500,1,26,pooled,catboost,D0,2,8.85,4.425,17463.0,8.29,4,ok
V-C500,1,26,pooled,catboost,RS,2,8.59,4.295,17463.0,8.29,4,ok
V-C500,1,26,pooled,rf,D0,2,22.27,11.135,17463.0,12.55,4,ok
V-C500,1,26,pooled,rf,RS,2,24.89,12.445,17463.0,12.55,4,ok
V-C500,1,26,pooled,catboost_lo,D0m,2,1.58,0.79,17463.0,0.62,4,ok
V-C500,1,26,pooled,catboost_lo,F1k,2,1.94,0.97,17463.0,0.62,4,ok
V-C500,1,26,pooled,catboost_lo,V2,2,2.52,1.26,17463.0,0.62,4,ok
V-C500,1,27,pooled,catboost_lo,D0,2,3.26,1.63,17465.0,0.62,4,ok
V-C500,1,27,pooled,catboost_lo,RS,2,3.74,1.87,17465.0,0.62,4,ok
V-C500,1,27,pooled,catboost,D0,2,11.2,5.6,17465.0,8.29,4,ok
V-C500,1,27,pooled,catboost,RS,2,11.73,5.865,17465.0,8.29,4,ok
V-C500,1,27,pooled,rf,D0,2,24.71,12.355,17465.0,12.55,4,ok
V-C500,1,27,pooled,rf,RS,2,26.35,13.175,17465.0,12.55,4,ok
V-C500,1,27,pooled,catboost_lo,D0m,2,1.51,0.755,17465.0,0.62,4,ok
V-C500,1,27,pooled,catboost_lo,F1k,2,2.64,1.32,17465.0,0.62,4,ok
V-C500,1,27,pooled,catboost_lo,V2,2,1.49,0.745,17465.0,0.62,4,ok
V-C500,1,3,pooled,catboost_lo,D0,2,1.8,0.9,14428.0,0.55,4,ok
V-C500,1,3,pooled,catboost_lo,RS,2,1.75,0.875,14428.0,0.55,4,ok
V-C500,1,3,pooled,catboost,D0,2,12.31,6.155,14428.0,7.12,4,ok
V-C500,1,3,pooled,catboost,RS,2,8.73,4.365,14428.0,7.12,4,ok
V-C500,1,3,pooled,rf,D0,2,19.31,9.655,14428.0,10.37,4,ok
V-C500,1,3,pooled,rf,RS,2,21.41,10.705,14428.0,10.37,4,ok
V-C500,1,3,pooled,catboost_lo,D0m,2,2.9,1.45,14428.0,0.55,4,ok
V-C500,1,3,pooled,catboost_lo,F1k,2,2.32,1.16,14428.0,0.55,4,ok
V-C500,1,3,pooled,catboost_lo,V2,2,1.9,0.95,14428.0,0.55,4,ok
V-C500,1,4,pooled,catboost_lo,D0,2,1.85,0.925,14426.0,0.55,4,ok
V-C500,1,4,pooled,catboost_lo,RS,2,2.23,1.115,14426.0,0.55,4,ok
V-C500,1,4,pooled,catboost,D0,2,11.15,5.575,14426.0,7.12,4,ok
V-C500,1,4,pooled,catboost,RS,2,7.78,3.89,14426.0,7.12,4,ok
V-C500,1,4,pooled,rf,D0,2,16.14,8.07,14426.0,10.37,4,ok
V-C500,1,4,pooled,rf,RS,2,18.05,9.025,14426.0,10.37,4,ok
V-C500,1,4,pooled,catboost_lo,D0m,2,1.57,0.785,14426.0,0.55,4,ok
V-C500,1,4,pooled,catboost_lo,F1k,2,2.55,1.275,14426.0,0.55,4,ok
V-C500,1,4,pooled,catboost_lo,V2,2,1.47,0.735,14426.0,0.55,4,ok
V-C500,1,5,pooled,catboost_lo,D0,2,2.96,1.48,17438.0,0.62,4,ok
V-C500,1,5,pooled,catboost_lo,RS,2,2.58,1.29,17438.0,0.62,4,ok
V-C500,1,5,pooled,catboost,D0,2,13.83,6.915,17438.0,8.28,4,ok
V-C500,1,5,pooled,catboost,RS,2,12.45,6.225,17438.0,8.28,4,ok
V-C500,1,5,pooled,rf,D0,2,25.04,12.52,17438.0,12.53,4,ok
V-C500,1,5,pooled,rf,RS,2,31.02,15.51,17438.0,12.53,4,ok
V-C500,1,5,pooled,catboost_lo,D0m,2,1.65,0.825,17438.0,0.62,4,ok
V-C500,1,5,pooled,catboost_lo,F1k,2,1.85,0.925,17438.0,0.62,4,ok
V-C500,1,5,pooled,catboost_lo,V2,2,2.5,1.25,17438.0,0.62,4,ok
V-C500,1,6,pooled,catboost_lo,D0,2,1.48,0.74,17463.0,0.62,4,ok
V-C500,1,6,pooled,catboost_lo,RS,2,1.41,0.705,17463.0,0.62,4,ok
V-C500,1,6,pooled,catboost,D0,2,10.85,5.425,17463.0,8.29,4,ok
V-C500,1,6,pooled,catboost,RS,2,10.3,5.15,17463.0,8.29,4,ok
V-C500,1,6,pooled,rf,D0,2,19.98,9.99,17463.0,12.55,4,ok
V-C500,1,6,pooled,rf,RS,2,20.21,10.105,17463.0,12.55,4,ok
V-C500,1,6,pooled,catboost_lo,D0m,2,1.99,0.995,17463.0,0.62,4,ok
V-C500,1,6,pooled,catboost_lo,F1k,2,1.56,0.78,17463.0,0.62,4,ok
V-C500,1,6,pooled,catboost_lo,V2,2,1.97,0.985,17463.0,0.62,4,ok
V-C500,1,7,pooled,catboost_lo,D0,2,1.35,0.675,7751.0,0.38,4,ok
V-C500,1,7,pooled,catboost_lo,RS,2,1.14,0.57,7751.0,0.38,4,ok
V-C500,1,7,pooled,catboost,D0,2,7.96,3.98,7751.0,4.33,4,ok
V-C500,1,7,pooled,catboost,RS,2,9.2,4.6,7751.0,4.33,4,ok
V-C500,1,7,pooled,rf,D0,2,10.37,5.185,7751.0,5.57,4,ok
V-C500,1,7,pooled,rf,RS,2,13.7,6.85,7751.0,5.57,4,ok
V-C500,1,7,pooled,catboost_lo,D0m,2,1.11,0.555,7751.0,0.38,4,ok
V-C500,1,7,pooled,catboost_lo,F1k,2,1.99,0.995,7751.0,0.38,4,ok
V-C500,1,7,pooled,catboost_lo,V2,2,1.69,0.845,7751.0,0.38,4,ok
V-C500,1,8,pooled,catboost_lo,D0,2,2.18,1.09,17448.0,0.62,4,ok
V-C500,1,8,pooled,catboost_lo,RS,2,2.23,1.115,17448.0,0.62,4,ok
V-C500,1,8,pooled,catboost,D0,2,11.59,5.795,17448.0,8.29,4,ok
V-C500,1,8,pooled,catboost,RS,2,14.89,7.445,17448.0,8.29,4,ok
V-C500,1,8,pooled,rf,D0,2,27.35,13.675,17448.0,12.54,4,ok
V-C500,1,8,pooled,rf,RS,2,26.69,13.345,17448.0,12.54,4,ok
V-C500,1,8,pooled,catboost_lo,D0m,2,2.01,1.005,17448.0,0.62,4,ok
V-C500,1,8,pooled,catboost_lo,F1k,2,2.73,1.365,17448.0,0.62,4,ok
V-C500,1,8,pooled,catboost_lo,V2,2,2.49,1.245,17448.0,0.62,4,ok
V-C500,1,9,pooled,catboost_lo,D0,2,2.01,1.005,17443.0,0.62,4,ok
V-C500,1,9,pooled,catboost_lo,RS,2,1.66,0.83,17443.0,0.62,4,ok
V-C500,1,9,pooled,catboost,D0,2,9.27,4.635,17443.0,8.28,4,ok
V-C500,1,9,pooled,catboost,RS,2,10.07,5.035,17443.0,8.28,4,ok
V-C500,1,9,pooled,rf,D0,2,22.38,11.19,17443.0,12.53,4,ok
V-C500,1,9,pooled,rf,RS,2,23.59,11.795,17443.0,12.53,4,ok
V-C500,1,9,pooled,catboost_lo,D0m,2,2.29,1.145,17443.0,0.62,4,ok
V-C500,1,9,pooled,catboost_lo,F1k,2,2.44,1.22,17443.0,0.62,4,ok
V-C500,1,9,pooled,catboost_lo,V2,2,1.88,0.94,17443.0,0.62,4,ok
V-G,1,0,pooled,catboost_lo,D0,2,0.47,0.235,3860.0,0.25,4,ok
V-G,1,0,pooled,catboost_lo,RS,2,0.38,0.19,3860.0,0.25,4,ok
V-G,1,0,pooled,catboost,D0,2,2.29,1.145,3860.0,2.48,4,ok
V-G,1,0,pooled,catboost,RS,2,2.44,1.22,3860.0,2.48,4,ok
V-G,1,0,pooled,rf,D0,2,3.23,1.615,3860.0,2.77,4,ok
V-G,1,0,pooled,rf,RS,2,3.4,1.7,3860.0,2.77,4,ok
V-G,1,0,pooled,catboost_lo,D0m,2,0.44,0.22,3860.0,0.25,4,ok
V-G,1,0,pooled,catboost_lo,F1k,2,0.46,0.23,3860.0,0.25,4,ok
V-G,1,0,pooled,catboost_lo,V2,2,0.4,0.2,3860.0,0.25,4,ok
V-G,1,1,pooled,catboost_lo,D0,2,0.89,0.445,14429.0,0.55,4,ok
V-G,1,1,pooled,catboost_lo,RS,2,0.73,0.365,14429.0,0.55,4,ok
V-G,1,1,pooled,catboost,D0,2,4.98,2.49,14429.0,7.12,4,ok
V-G,1,1,pooled,catboost,RS,2,5.05,2.525,14429.0,7.12,4,ok
V-G,1,1,pooled,rf,D0,2,8.55,4.275,14429.0,10.37,4,ok
V-G,1,1,pooled,rf,RS,2,9.33,4.665,14429.0,10.37,4,ok
V-G,1,1,pooled,catboost_lo,D0m,2,0.89,0.445,14429.0,0.55,4,ok
V-G,1,1,pooled,catboost_lo,F1k,2,1.03,0.515,14429.0,0.55,4,ok
V-G,1,1,pooled,catboost_lo,V2,2,0.94,0.47,14429.0,0.55,4,ok
V-G,1,2,pooled,catboost_lo,D0,2,0.94,0.47,16697.0,0.6,4,ok
V-G,1,2,pooled,catboost_lo,RS,2,0.92,0.46,16697.0,0.6,4,ok
V-G,1,2,pooled,catboost,D0,2,5.18,2.59,16697.0,8.0,4,ok
V-G,1,2,pooled,catboost,RS,2,6.04,3.02,16697.0,8.0,4,ok
V-G,1,2,pooled,rf,D0,2,12.43,6.215,16697.0,12.0,4,ok
V-G,1,2,pooled,rf,RS,2,13.64,6.82,16697.0,12.0,4,ok
V-G,1,2,pooled,catboost_lo,D0m,2,1.47,0.735,16697.0,0.6,4,ok
V-G,1,2,pooled,catboost_lo,F1k,2,1.41,0.705,16697.0,0.6,4,ok
V-G,1,2,pooled,catboost_lo,V2,2,1.44,0.72,16697.0,0.6,4,ok
V-G,1,3,pooled,catboost_lo,D0,2,1.21,0.605,17436.0,0.62,4,ok
V-G,1,3,pooled,catboost_lo,RS,2,1.17,0.585,17436.0,0.62,4,ok
V-G,1,3,pooled,catboost,D0,2,6.62,3.31,17436.0,8.28,4,ok
V-G,1,3,pooled,catboost,RS,2,7.47,3.735,17436.0,8.28,4,ok
V-G,1,3,pooled,rf,D0,2,15.39,7.695,17436.0,12.53,4,ok
V-G,1,3,pooled,rf,RS,2,16.17,8.085,17436.0,12.53,4,ok
V-G,1,3,pooled,catboost_lo,D0m,2,1.53,0.765,17436.0,0.62,4,ok
V-G,1,3,pooled,catboost_lo,F1k,2,1.89,0.945,17436.0,0.62,4,ok
V-G,1,3,pooled,catboost_lo,V2,2,1.82,0.91,17436.0,0.62,4,ok
V-G,1,4,pooled,catboost_lo,D0,2,1.54,0.77,17437.0,0.62,4,ok
V-G,1,4,pooled,catboost_lo,RS,2,1.32,0.66,17437.0,0.62,4,ok
V-G,1,4,pooled,catboost,D0,2,7.37,3.685,17437.0,8.28,4,ok
V-G,1,4,pooled,catboost,RS,2,7.75,3.875,17437.0,8.28,4,ok
V-G,1,4,pooled,rf,D0,2,17.53,8.765,17437.0,12.53,4,ok
V-G,1,4,pooled,rf,RS,2,17.63,8.815,17437.0,12.53,4,ok
V-G,1,4,pooled,catboost_lo,D0m,2,1.44,0.72,17437.0,0.62,4,ok
V-G,1,4,pooled,catboost_lo,F1k,2,1.28,0.64,17437.0,0.62,4,ok
V-G,1,4,pooled,catboost_lo,V2,2,1.48,0.74,17437.0,0.62,4,ok
V-G,1,5,pooled,catboost_lo,D0,2,1.77,0.885,16208.0,0.59,4,ok
V-G,1,5,pooled,catboost_lo,RS,2,1.45,0.725,16208.0,0.59,4,ok
V-G,1,5,pooled,catboost,D0,2,8.74,4.37,16208.0,7.81,4,ok
V-G,1,5,pooled,catboost,RS,2,8.52,4.26,16208.0,7.81,4,ok
V-G,1,5,pooled,rf,D0,2,16.87,8.435,16208.0,11.65,4,ok
V-G,1,5,pooled,rf,RS,2,19.51,9.755,16208.0,11.65,4,ok
V-G,1,5,pooled,catboost_lo,D0m,2,1.66,0.83,16208.0,0.59,4,ok
V-G,1,5,pooled,catboost_lo,F1k,2,2.52,1.26,16208.0,0.59,4,ok
V-G,1,5,pooled,catboost_lo,V2,2,1.83,0.915,16208.0,0.59,4,ok
V-G,1,6,pooled,catboost_lo,D0,2,1.36,0.68,17464.0,0.62,4,ok
V-G,1,6,pooled,catboost_lo,RS,2,1.67,0.835,17464.0,0.62,4,ok
V-G,1,6,pooled,catboost,D0,2,10.03,5.015,17464.0,8.29,4,ok
V-G,1,6,pooled,catboost,RS,2,10.96,5.48,17464.0,8.29,4,ok
V-G,1,6,pooled,rf,D0,2,20.68,10.34,17464.0,12.55,4,ok
V-G,1,6,pooled,rf,RS,2,22.78,11.39,17464.0,12.55,4,ok
V-G,1,6,pooled,catboost_lo,D0m,2,1.93,0.965,17464.0,0.62,4,ok
V-G,1,6,pooled,catboost_lo,F1k,2,2.96,1.48,17464.0,0.62,4,ok
V-G,1,6,pooled,catboost_lo,V2,2,2.02,1.01,17464.0,0.62,4,ok
V-P,1,0,pooled,catboost_lo,D0,2,2.88,1.44,13837.0,0.54,4,ok
V-P,1,0,pooled,catboost_lo,RS,2,2.59,1.295,13837.0,0.54,4,ok
V-P,1,0,pooled,catboost,D0,2,10.78,5.39,13837.0,6.88,4,ok
V-P,1,0,pooled,catboost,RS,2,11.79,5.895,13837.0,6.88,4,ok
V-P,1,0,pooled,rf,D0,2,23.43,11.715,13837.0,9.94,4,ok
V-P,1,0,pooled,rf,RS,2,25.05,12.525,13837.0,9.94,4,ok
V-P,1,0,pooled,catboost_lo,D0m,2,3.82,1.91,13837.0,0.54,4,ok
V-P,1,0,pooled,catboost_lo,F1k,2,1.96,0.98,13837.0,0.54,4,ok
V-P,1,0,pooled,catboost_lo,V2,2,1.9,0.95,13837.0,0.54,4,ok
V-P,1,1,pooled,catboost_lo,D0,2,2.11,1.055,13996.0,0.54,4,ok
V-P,1,1,pooled,catboost_lo,RS,2,1.47,0.735,13996.0,0.54,4,ok
V-P,1,1,pooled,catboost,D0,2,8.73,4.365,13996.0,6.95,4,ok
V-P,1,1,pooled,catboost,RS,2,8.9,4.45,13996.0,6.95,4,ok
V-P,1,1,pooled,rf,D0,2,17.26,8.63,13996.0,10.06,4,ok
V-P,1,1,pooled,rf,RS,2,18.42,9.21,13996.0,10.06,4,ok
V-P,1,1,pooled,catboost_lo,D0m,2,1.45,0.725,13996.0,0.54,4,ok
V-P,1,1,pooled,catboost_lo,F1k,2,1.52,0.76,13996.0,0.54,4,ok
V-P,1,1,pooled,catboost_lo,V2,2,1.29,0.645,13996.0,0.54,4,ok
V-P,1,2,pooled,catboost_lo,D0,2,2.87,1.435,13946.0,0.54,4,ok
V-P,1,2,pooled,catboost_lo,RS,2,1.76,0.88,13946.0,0.54,4,ok
V-P,1,2,pooled,catboost,D0,2,9.16,4.58,13946.0,6.93,4,ok
V-P,1,2,pooled,catboost,RS,2,9.81,4.905,13946.0,6.93,4,ok
V-P,1,2,pooled,rf,D0,2,22.09,11.045,13946.0,10.02,4,ok
V-P,1,2,pooled,rf,RS,2,21.08,10.54,13946.0,10.02,4,ok
V-P,1,2,pooled,catboost_lo,D0m,2,1.04,0.52,13946.0,0.54,4,ok
V-P,1,2,pooled,catboost_lo,F1k,2,1.23,0.615,13946.0,0.54,4,ok
V-P,1,2,pooled,catboost_lo,V2,2,1.35,0.675,13946.0,0.54,4,ok
V-P,1,3,pooled,catboost_lo,D0,2,1.65,0.825,14050.0,0.54,4,ok
V-P,1,3,pooled,catboost_lo,RS,2,1.36,0.68,14050.0,0.54,4,ok
V-P,1,3,pooled,catboost,D0,2,9.12,4.56,14050.0,6.97,4,ok
V-P,1,3,pooled,catboost,RS,2,9.98,4.99,14050.0,6.97,4,ok
V-P,1,3,pooled,rf,D0,2,16.95,8.475,14050.0,10.1,4,ok
V-P,1,3,pooled,rf,RS,2,18.66,9.33,14050.0,10.1,4,ok
V-P,1,3,pooled,catboost_lo,D0m,2,1.24,0.62,14050.0,0.54,4,ok
V-P,1,3,pooled,catboost_lo,F1k,2,1.8,0.9,14050.0,0.54,4,ok
V-P,1,3,pooled,catboost_lo,V2,2,1.56,0.78,14050.0,0.54,4,ok
V-P,1,4,pooled,catboost_lo,D0,2,1.57,0.785,14039.0,0.54,4,ok
V-P,1,4,pooled,catboost_lo,RS,2,1.14,0.57,14039.0,0.54,4,ok
V-P,1,4,pooled,catboost,D0,2,12.45,6.225,14039.0,6.96,4,ok
V-P,1,4,pooled,catboost,RS,2,8.78,4.39,14039.0,6.96,4,ok
V-P,1,4,pooled,rf,D0,2,21.68,10.84,14039.0,10.09,4,ok
V-P,1,4,pooled,rf,RS,2,21.2,10.6,14039.0,10.09,4,ok
V-P,1,4,pooled,catboost_lo,D0m,2,1.56,0.78,14039.0,0.54,4,ok
V-P,1,4,pooled,catboost_lo,F1k,2,1.56,0.78,14039.0,0.54,4,ok
V-P,1,4,pooled,catboost_lo,V2,2,1.42,0.71,14039.0,0.54,4,ok
V-P,2,0,pooled,catboost_lo,D0,2,1.64,0.82,14033.0,0.54,4,ok
V-P,2,0,pooled,catboost_lo,RS,2,1.49,0.745,14033.0,0.54,4,ok
V-P,2,0,pooled,catboost,D0,2,8.24,4.12,14033.0,6.96,4,ok
V-P,2,0,pooled,catboost,RS,2,8.49,4.245,14033.0,6.96,4,ok
V-P,2,0,pooled,rf,D0,2,16.63,8.315,14033.0,10.08,4,ok
V-P,2,0,pooled,rf,RS,2,17.73,8.865,14033.0,10.08,4,ok
V-P,2,0,pooled,catboost_lo,D0m,2,1.33,0.665,14033.0,0.54,4,ok
V-P,2,0,pooled,catboost_lo,F1k,2,1.37,0.685,14033.0,0.54,4,ok
V-P,2,0,pooled,catboost_lo,V2,2,1.72,0.86,14033.0,0.54,4,ok
V-P,2,1,pooled,catboost_lo,D0,2,2.19,1.095,14031.0,0.54,4,ok
V-P,2,1,pooled,catboost_lo,RS,2,1.67,0.835,14031.0,0.54,4,ok
V-P,2,1,pooled,catboost,D0,2,7.86,3.93,14031.0,6.96,4,ok
V-P,2,1,pooled,catboost,RS,2,9.37,4.685,14031.0,6.96,4,ok
V-P,2,1,pooled,rf,D0,2,20.2,10.1,14031.0,10.08,4,ok
V-P,2,1,pooled,rf,RS,2,19.96,9.98,14031.0,10.08,4,ok
V-P,2,1,pooled,catboost_lo,D0m,2,2.24,1.12,14031.0,0.54,4,ok
V-P,2,1,pooled,catboost_lo,F1k,2,2.35,1.175,14031.0,0.54,4,ok
V-P,2,1,pooled,catboost_lo,V2,2,1.71,0.855,14031.0,0.54,4,ok
V-P,2,2,pooled,catboost_lo,D0,2,1.77,0.885,14011.0,0.54,4,ok
V-P,2,2,pooled,catboost_lo,RS,2,1.79,0.895,14011.0,0.54,4,ok
V-P,2,2,pooled,catboost,D0,2,8.57,4.285,14011.0,6.95,4,ok
V-P,2,2,pooled,catboost,RS,2,8.03,4.015,14011.0,6.95,4,ok
V-P,2,2,pooled,rf,D0,2,17.08,8.54,14011.0,10.07,4,ok
V-P,2,2,pooled,rf,RS,2,16.24,8.12,14011.0,10.07,4,ok
V-P,2,2,pooled,catboost_lo,D0m,2,1.35,0.675,14011.0,0.54,4,ok
V-P,2,2,pooled,catboost_lo,F1k,2,1.41,0.705,14011.0,0.54,4,ok
V-P,2,2,pooled,catboost_lo,V2,2,1.22,0.61,14011.0,0.54,4,ok
V-P,2,3,pooled,catboost_lo,D0,2,2.19,1.095,13758.0,0.53,4,ok
V-P,2,3,pooled,catboost_lo,RS,2,1.94,0.97,13758.0,0.53,4,ok
V-P,2,3,pooled,catboost,D0,2,10.45,5.225,13758.0,6.85,4,ok
V-P,2,3,pooled,catboost,RS,2,7.39,3.695,13758.0,6.85,4,ok
V-P,2,3,pooled,rf,D0,2,19.27,9.635,13758.0,9.89,4,ok
V-P,2,3,pooled,rf,RS,2,21.71,10.855,13758.0,9.89,4,ok
V-P,2,3,pooled,catboost_lo,D0m,2,1.33,0.665,13758.0,0.53,4,ok
V-P,2,3,pooled,catboost_lo,F1k,2,1.51,0.755,13758.0,0.53,4,ok
V-P,2,3,pooled,catboost_lo,V2,2,1.55,0.775,13758.0,0.53,4,ok
V-P,2,4,pooled,catboost_lo,D0,2,1.48,0.74,14035.0,0.54,4,ok
V-P,2,4,pooled,catboost_lo,RS,2,1.6,0.8,14035.0,0.54,4,ok
V-P,2,4,pooled,catboost,D0,2,8.88,4.44,14035.0,6.96,4,ok
V-P,2,4,pooled,catboost,RS,2,8.83,4.415,14035.0,6.96,4,ok
V-P,2,4,pooled,rf,D0,2,17.22,8.61,14035.0,10.09,4,ok
V-P,2,4,pooled,rf,RS,2,17.89,8.945,14035.0,10.09,4,ok
V-P,2,4,pooled,catboost_lo,D0m,2,1.78,0.89,14035.0,0.54,4,ok
V-P,2,4,pooled,catboost_lo,F1k,2,1.34,0.67,14035.0,0.54,4,ok
V-P,2,4,pooled,catboost_lo,V2,2,1.67,0.835,14035.0,0.54,4,ok
V-P,3,0,pooled,catboost_lo,D0,2,1.48,0.74,13777.0,0.53,4,ok
V-P,3,0,pooled,catboost_lo,RS,2,1.36,0.68,13777.0,0.53,4,ok
V-P,3,0,pooled,catboost,D0,2,8.12,4.06,13777.0,6.86,4,ok
V-P,3,0,pooled,catboost,RS,2,8.77,4.385,13777.0,6.86,4,ok
V-P,3,0,pooled,rf,D0,2,15.92,7.96,13777.0,9.9,4,ok
V-P,3,0,pooled,rf,RS,2,16.43,8.215,13777.0,9.9,4,ok
V-P,3,0,pooled,catboost_lo,D0m,2,1.4,0.7,13777.0,0.53,4,ok
V-P,3,0,pooled,catboost_lo,F1k,2,1.53,0.765,13777.0,0.53,4,ok
V-P,3,0,pooled,catboost_lo,V2,2,1.3,0.65,13777.0,0.53,4,ok
V-P,3,1,pooled,catboost_lo,D0,2,1.78,0.89,13922.0,0.54,4,ok
V-P,3,1,pooled,catboost_lo,RS,2,1.85,0.925,13922.0,0.54,4,ok
V-P,3,1,pooled,catboost,D0,2,7.8,3.9,13922.0,6.92,4,ok
V-P,3,1,pooled,catboost,RS,2,8.93,4.465,13922.0,6.92,4,ok
V-P,3,1,pooled,rf,D0,2,17.62,8.81,13922.0,10.0,4,ok
V-P,3,1,pooled,rf,RS,2,22.86,11.43,13922.0,10.0,4,ok
V-P,3,1,pooled,catboost_lo,D0m,2,1.82,0.91,13922.0,0.54,4,ok
V-P,3,1,pooled,catboost_lo,F1k,2,2.14,1.07,13922.0,0.54,4,ok
V-P,3,1,pooled,catboost_lo,V2,2,1.78,0.89,13922.0,0.54,4,ok
V-P,3,2,pooled,catboost_lo,D0,2,1.54,0.77,14116.0,0.54,4,ok
V-P,3,2,pooled,catboost_lo,RS,2,1.3,0.65,14116.0,0.54,4,ok
V-P,3,2,pooled,catboost,D0,2,9.21,4.605,14116.0,6.99,4,ok
V-P,3,2,pooled,catboost,RS,2,8.38,4.19,14116.0,6.99,4,ok
V-P,3,2,pooled,rf,D0,2,17.22,8.61,14116.0,10.14,4,ok
V-P,3,2,pooled,rf,RS,2,16.58,8.29,14116.0,10.14,4,ok
V-P,3,2,pooled,catboost_lo,D0m,2,1.13,0.565,14116.0,0.54,4,ok
V-P,3,2,pooled,catboost_lo,F1k,2,1.44,0.72,14116.0,0.54,4,ok
V-P,3,2,pooled,catboost_lo,V2,2,1.61,0.805,14116.0,0.54,4,ok
V-P,3,3,pooled,catboost_lo,D0,2,2.54,1.27,14055.0,0.54,4,ok
V-P,3,3,pooled,catboost_lo,RS,2,2.09,1.045,14055.0,0.54,4,ok
V-P,3,3,pooled,catboost,D0,2,7.43,3.715,14055.0,6.97,4,ok
V-P,3,3,pooled,catboost,RS,2,6.93,3.465,14055.0,6.97,4,ok
V-P,3,3,pooled,rf,D0,2,20.13,10.065,14055.0,10.1,4,ok
V-P,3,3,pooled,rf,RS,2,18.79,9.395,14055.0,10.1,4,ok
V-P,3,3,pooled,catboost_lo,D0m,2,1.98,0.99,14055.0,0.54,4,ok
V-P,3,3,pooled,catboost_lo,F1k,2,1.64,0.82,14055.0,0.54,4,ok
V-P,3,3,pooled,catboost_lo,V2,2,1.25,0.625,14055.0,0.54,4,ok
V-P,3,4,pooled,catboost_lo,D0,2,1.17,0.585,13998.0,0.54,4,ok
V-P,3,4,pooled,catboost_lo,RS,2,1.08,0.54,13998.0,0.54,4,ok
V-P,3,4,pooled,catboost,D0,2,6.5,3.25,13998.0,6.95,4,ok
V-P,3,4,pooled,catboost,RS,2,7.78,3.89,13998.0,6.95,4,ok
V-P,3,4,pooled,rf,D0,2,16.67,8.335,13998.0,10.06,4,ok
V-P,3,4,pooled,rf,RS,2,17.42,8.71,13998.0,10.06,4,ok
V-P,3,4,pooled,catboost_lo,D0m,2,1.12,0.56,13998.0,0.54,4,ok
V-P,3,4,pooled,catboost_lo,F1k,2,1.49,0.745,13998.0,0.54,4,ok
V-P,3,4,pooled,catboost_lo,V2,2,1.6,0.8,13998.0,0.54,4,ok
V-R,1,0,pooled,catboost_lo,D0,2,1.78,0.89,13973.0,0.54,4,ok
V-R,1,0,pooled,catboost_lo,RS,2,2.04,1.02,13973.0,0.54,4,ok
V-R,1,0,pooled,catboost,D0,2,12.92,6.46,13973.0,6.94,4,ok
V-R,1,0,pooled,catboost,RS,2,11.28,5.64,13973.0,6.94,4,ok
V-R,1,0,pooled,rf,D0,2,22.51,11.255,13973.0,10.04,4,ok
V-R,1,0,pooled,rf,RS,2,21.8,10.9,13973.0,10.04,4,ok
V-R,1,0,pooled,catboost_lo,D0m,2,2.66,1.33,13973.0,0.54,4,ok
V-R,1,0,pooled,catboost_lo,F1k,2,2.66,1.33,13973.0,0.54,4,ok
V-R,1,0,pooled,catboost_lo,V2,2,1.84,0.92,13973.0,0.54,4,ok
V-R,1,1,pooled,catboost_lo,D0,2,1.84,0.92,13973.0,0.54,4,ok
V-R,1,1,pooled,catboost_lo,RS,2,1.79,0.895,13973.0,0.54,4,ok
V-R,1,1,pooled,catboost,D0,2,9.3,4.65,13973.0,6.94,4,ok
V-R,1,1,pooled,catboost,RS,2,9.72,4.86,13973.0,6.94,4,ok
V-R,1,1,pooled,rf,D0,2,18.68,9.34,13973.0,10.04,4,ok
V-R,1,1,pooled,rf,RS,2,18.29,9.145,13973.0,10.04,4,ok
V-R,1,1,pooled,catboost_lo,D0m,2,2.05,1.025,13973.0,0.54,4,ok
V-R,1,1,pooled,catboost_lo,F1k,2,1.76,0.88,13973.0,0.54,4,ok
V-R,1,1,pooled,catboost_lo,V2,2,1.65,0.825,13973.0,0.54,4,ok
V-R,1,2,pooled,catboost_lo,D0,2,2.77,1.385,13974.0,0.54,4,ok
V-R,1,2,pooled,catboost_lo,RS,2,3.17,1.585,13974.0,0.54,4,ok
V-R,1,2,pooled,catboost,D0,2,14.67,7.335,13974.0,6.94,4,ok
V-R,1,2,pooled,catboost,RS,2,11.44,5.72,13974.0,6.94,4,ok
V-R,1,2,pooled,rf,D0,2,27.65,13.825,13974.0,10.04,4,ok
V-R,1,2,pooled,rf,RS,2,26.08,13.04,13974.0,10.04,4,ok
V-R,1,2,pooled,catboost_lo,D0m,2,1.91,0.955,13974.0,0.54,4,ok
V-R,1,2,pooled,catboost_lo,F1k,2,1.75,0.875,13974.0,0.54,4,ok
V-R,1,2,pooled,catboost_lo,V2,2,2.79,1.395,13974.0,0.54,4,ok
V-R,1,3,pooled,catboost_lo,D0,2,1.52,0.76,13974.0,0.54,4,ok
V-R,1,3,pooled,catboost_lo,RS,2,1.98,0.99,13974.0,0.54,4,ok
V-R,1,3,pooled,catboost,D0,2,10.45,5.225,13974.0,6.94,4,ok
V-R,1,3,pooled,catboost,RS,2,11.25,5.625,13974.0,6.94,4,ok
V-R,1,3,pooled,rf,D0,2,17.71,8.855,13974.0,10.04,4,ok
V-R,1,3,pooled,rf,RS,2,24.53,12.265,13974.0,10.04,4,ok
V-R,1,3,pooled,catboost_lo,D0m,2,1.85,0.925,13974.0,0.54,4,ok
V-R,1,3,pooled,catboost_lo,F1k,2,2.01,1.005,13974.0,0.54,4,ok
V-R,1,3,pooled,catboost_lo,V2,2,2.05,1.025,13974.0,0.54,4,ok
V-R,1,4,pooled,catboost_lo,D0,2,2.11,1.055,13974.0,0.54,4,ok
V-R,1,4,pooled,catboost_lo,RS,2,1.9,0.95,13974.0,0.54,4,ok
V-R,1,4,pooled,catboost,D0,2,13.57,6.785,13974.0,6.94,4,ok
V-R,1,4,pooled,catboost,RS,2,14.33,7.165,13974.0,6.94,4,ok
V-R,1,4,pooled,rf,D0,2,25.33,12.665,13974.0,10.04,4,ok
V-R,1,4,pooled,rf,RS,2,28.3,14.15,13974.0,10.04,4,ok
V-R,1,4,pooled,catboost_lo,D0m,2,3.04,1.52,13974.0,0.54,4,ok
V-R,1,4,pooled,catboost_lo,F1k,2,3.09,1.545,13974.0,0.54,4,ok
V-R,1,4,pooled,catboost_lo,V2,2,2.47,1.235,13974.0,0.54,4,ok
V-R,2,0,pooled,catboost_lo,D0,2,1.71,0.855,13973.0,0.54,4,ok
V-R,2,0,pooled,catboost_lo,RS,2,2.03,1.015,13973.0,0.54,4,ok
V-R,2,0,pooled,catboost,D0,2,9.65,4.825,13973.0,6.94,4,ok
V-R,2,0,pooled,catboost,RS,2,9.67,4.835,13973.0,6.94,4,ok
V-R,2,0,pooled,rf,D0,2,22.93,11.465,13973.0,10.04,4,ok
V-R,2,0,pooled,rf,RS,2,24.77,12.385,13973.0,10.04,4,ok
V-R,2,0,pooled,catboost_lo,D0m,2,1.85,0.925,13973.0,0.54,4,ok
V-R,2,0,pooled,catboost_lo,F1k,2,1.61,0.805,13973.0,0.54,4,ok
V-R,2,0,pooled,catboost_lo,V2,2,1.55,0.775,13973.0,0.54,4,ok
V-R,2,1,pooled,catboost_lo,D0,2,1.59,0.795,13973.0,0.54,4,ok
V-R,2,1,pooled,catboost_lo,RS,2,2.32,1.16,13973.0,0.54,4,ok
V-R,2,1,pooled,catboost,D0,2,10.21,5.105,13973.0,6.94,4,ok
V-R,2,1,pooled,catboost,RS,2,9.28,4.64,13973.0,6.94,4,ok
V-R,2,1,pooled,rf,D0,2,23.02,11.51,13973.0,10.04,4,ok
V-R,2,1,pooled,rf,RS,2,23.32,11.66,13973.0,10.04,4,ok
V-R,2,1,pooled,catboost_lo,D0m,2,1.17,0.585,13973.0,0.54,4,ok
V-R,2,1,pooled,catboost_lo,F1k,2,1.53,0.765,13973.0,0.54,4,ok
V-R,2,1,pooled,catboost_lo,V2,2,1.92,0.96,13973.0,0.54,4,ok
V-R,2,2,pooled,catboost_lo,D0,2,2.24,1.12,13974.0,0.54,4,ok
V-R,2,2,pooled,catboost_lo,RS,2,2.22,1.11,13974.0,0.54,4,ok
V-R,2,2,pooled,catboost,D0,2,15.99,7.995,13974.0,6.94,4,ok
V-R,2,2,pooled,catboost,RS,2,13.53,6.765,13974.0,6.94,4,ok
V-R,2,2,pooled,rf,D0,2,26.97,13.485,13974.0,10.04,4,ok
V-R,2,2,pooled,rf,RS,2,33.07,16.535,13974.0,10.04,4,ok
V-R,2,2,pooled,catboost_lo,D0m,2,2.47,1.235,13974.0,0.54,4,ok
V-R,2,2,pooled,catboost_lo,F1k,2,3.38,1.69,13974.0,0.54,4,ok
V-R,2,2,pooled,catboost_lo,V2,2,3.73,1.865,13974.0,0.54,4,ok
V-R,2,3,pooled,catboost_lo,D0,2,1.51,0.755,13974.0,0.54,4,ok
V-R,2,3,pooled,catboost_lo,RS,2,1.75,0.875,13974.0,0.54,4,ok
V-R,2,3,pooled,catboost,D0,2,10.38,5.19,13974.0,6.94,4,ok
V-R,2,3,pooled,catboost,RS,2,9.87,4.935,13974.0,6.94,4,ok
V-R,2,3,pooled,rf,D0,2,23.56,11.78,13974.0,10.04,4,ok
V-R,2,3,pooled,rf,RS,2,23.76,11.88,13974.0,10.04,4,ok
V-R,2,3,pooled,catboost_lo,D0m,2,1.99,0.995,13974.0,0.54,4,ok
V-R,2,3,pooled,catboost_lo,F1k,2,1.94,0.97,13974.0,0.54,4,ok
V-R,2,3,pooled,catboost_lo,V2,2,1.31,0.655,13974.0,0.54,4,ok
V-R,2,4,pooled,catboost_lo,D0,2,3.42,1.71,13974.0,0.54,4,ok
V-R,2,4,pooled,catboost_lo,RS,2,3.07,1.535,13974.0,0.54,4,ok
V-R,2,4,pooled,catboost,D0,2,14.89,7.445,13974.0,6.94,4,ok
V-R,2,4,pooled,catboost,RS,2,13.7,6.85,13974.0,6.94,4,ok
V-R,2,4,pooled,rf,D0,2,31.25,15.625,13974.0,10.04,4,ok
V-R,2,4,pooled,rf,RS,2,33.03,16.515,13974.0,10.04,4,ok
V-R,2,4,pooled,catboost_lo,D0m,2,2.13,1.065,13974.0,0.54,4,ok
V-R,2,4,pooled,catboost_lo,F1k,2,3.06,1.53,13974.0,0.54,4,ok
V-R,2,4,pooled,catboost_lo,V2,2,3.89,1.945,13974.0,0.54,4,ok
V-R,3,0,pooled,catboost_lo,D0,2,2.68,1.34,13973.0,0.54,4,ok
V-R,3,0,pooled,catboost_lo,RS,2,1.83,0.915,13973.0,0.54,4,ok
V-R,3,0,pooled,catboost,D0,2,10.14,5.07,13973.0,6.94,4,ok
V-R,3,0,pooled,catboost,RS,2,12.89,6.445,13973.0,6.94,4,ok
V-R,3,0,pooled,rf,D0,2,24.28,12.14,13973.0,10.04,4,ok
V-R,3,0,pooled,rf,RS,2,23.93,11.965,13973.0,10.04,4,ok
V-R,3,0,pooled,catboost_lo,D0m,2,2.13,1.065,13973.0,0.54,4,ok
V-R,3,0,pooled,catboost_lo,F1k,2,2.5,1.25,13973.0,0.54,4,ok
V-R,3,0,pooled,catboost_lo,V2,2,1.7,0.85,13973.0,0.54,4,ok
V-R,3,1,pooled,catboost_lo,D0,2,2.74,1.37,13973.0,0.54,4,ok
V-R,3,1,pooled,catboost_lo,RS,2,2.77,1.385,13973.0,0.54,4,ok
V-R,3,1,pooled,catboost,D0,2,14.72,7.36,13973.0,6.94,4,ok
V-R,3,1,pooled,catboost,RS,2,15.86,7.93,13973.0,6.94,4,ok
V-R,3,1,pooled,rf,D0,2,29.01,14.505,13973.0,10.04,4,ok
V-R,3,1,pooled,rf,RS,2,31.56,15.78,13973.0,10.04,4,ok
V-R,3,1,pooled,catboost_lo,D0m,2,1.82,0.91,13973.0,0.54,4,ok
V-R,3,1,pooled,catboost_lo,F1k,2,2.8,1.4,13973.0,0.54,4,ok
V-R,3,1,pooled,catboost_lo,V2,2,1.75,0.875,13973.0,0.54,4,ok
V-R,3,2,pooled,catboost_lo,D0,2,2.34,1.17,13974.0,0.54,4,ok
V-R,3,2,pooled,catboost_lo,RS,2,2.48,1.24,13974.0,0.54,4,ok
V-R,3,2,pooled,catboost,D0,2,10.22,5.11,13974.0,6.94,4,ok
V-R,3,2,pooled,catboost,RS,2,11.1,5.55,13974.0,6.94,4,ok
V-R,3,2,pooled,rf,D0,2,25.72,12.86,13974.0,10.04,4,ok
V-R,3,2,pooled,rf,RS,2,23.14,11.57,13974.0,10.04,4,ok
V-R,3,2,pooled,catboost_lo,D0m,2,2.67,1.335,13974.0,0.54,4,ok
V-R,3,2,pooled,catboost_lo,F1k,2,2.66,1.33,13974.0,0.54,4,ok
V-R,3,2,pooled,catboost_lo,V2,2,2.14,1.07,13974.0,0.54,4,ok
V-R,3,3,pooled,catboost_lo,D0,2,2.85,1.425,13974.0,0.54,4,ok
V-R,3,3,pooled,catboost_lo,RS,2,1.42,0.71,13974.0,0.54,4,ok
V-R,3,3,pooled,catboost,D0,2,11.37,5.685,13974.0,6.94,4,ok
V-R,3,3,pooled,catboost,RS,2,10.14,5.07,13974.0,6.94,4,ok
V-R,3,3,pooled,rf,D0,2,21.66,10.83,13974.0,10.04,4,ok
V-R,3,3,pooled,rf,RS,2,21.92,10.96,13974.0,10.04,4,ok
V-R,3,3,pooled,catboost_lo,D0m,2,1.83,0.915,13974.0,0.54,4,ok
V-R,3,3,pooled,catboost_lo,F1k,2,1.94,0.97,13974.0,0.54,4,ok
V-R,3,3,pooled,catboost_lo,V2,2,1.82,0.91,13974.0,0.54,4,ok
V-R,3,4,pooled,catboost_lo,D0,2,4.17,2.085,13974.0,0.54,4,ok
V-R,3,4,pooled,catboost_lo,RS,2,2.23,1.115,13974.0,0.54,4,ok
V-R,3,4,pooled,catboost,D0,2,14.06,7.03,13974.0,6.94,4,ok
V-R,3,4,pooled,catboost,RS,2,8.95,4.475,13974.0,6.94,4,ok
V-R,3,4,pooled,rf,D0,2,24.73,12.365,13974.0,10.04,4,ok
V-R,3,4,pooled,rf,RS,2,25.48,12.74,13974.0,10.04,4,ok
V-R,3,4,pooled,catboost_lo,D0m,2,1.53,0.765,13974.0,0.54,4,ok
V-R,3,4,pooled,catboost_lo,F1k,2,2.54,1.27,13974.0,0.54,4,ok
V-R,3,4,pooled,catboost_lo,V2,2,1.57,0.785,13974.0,0.54,4,ok
V-S,1,0,pooled,catboost_lo,D0,2,1.49,0.745,13972.0,0.54,4,ok
V-S,1,0,pooled,catboost_lo,RS,2,1.56,0.78,13972.0,0.54,4,ok
V-S,1,0,pooled,catboost,D0,2,10.86,5.43,13972.0,6.94,4,ok
V-S,1,0,pooled,catboost,RS,2,8.83,4.415,13972.0,6.94,4,ok
V-S,1,0,pooled,rf,D0,2,17.96,8.98,13972.0,10.04,4,ok
V-S,1,0,pooled,rf,RS,2,19.79,9.895,13972.0,10.04,4,ok
V-S,1,0,pooled,catboost_lo,D0m,2,1.65,0.825,13972.0,0.54,4,ok
V-S,1,0,pooled,catboost_lo,F1k,2,1.66,0.83,13972.0,0.54,4,ok
V-S,1,0,pooled,catboost_lo,V2,2,1.61,0.805,13972.0,0.54,4,ok
V-S,1,1,pooled,catboost_lo,D0,2,1.31,0.655,13939.0,0.54,4,ok
V-S,1,1,pooled,catboost_lo,RS,2,1.34,0.67,13939.0,0.54,4,ok
V-S,1,1,pooled,catboost,D0,2,6.83,3.415,13939.0,6.92,4,ok
V-S,1,1,pooled,catboost,RS,2,6.71,3.355,13939.0,6.92,4,ok
V-S,1,1,pooled,rf,D0,2,14.75,7.375,13939.0,10.02,4,ok
V-S,1,1,pooled,rf,RS,2,16.5,8.25,13939.0,10.02,4,ok
V-S,1,1,pooled,catboost_lo,D0m,2,2.1,1.05,13939.0,0.54,4,ok
V-S,1,1,pooled,catboost_lo,F1k,2,1.49,0.745,13939.0,0.54,4,ok
V-S,1,1,pooled,catboost_lo,V2,2,1.13,0.565,13939.0,0.54,4,ok
V-S,1,2,pooled,catboost_lo,D0,2,1.42,0.71,14011.0,0.54,4,ok
V-S,1,2,pooled,catboost_lo,RS,2,1.26,0.63,14011.0,0.54,4,ok
V-S,1,2,pooled,catboost,D0,2,7.96,3.98,14011.0,6.95,4,ok
V-S,1,2,pooled,catboost,RS,2,8.71,4.355,14011.0,6.95,4,ok
V-S,1,2,pooled,rf,D0,2,22.45,11.225,14011.0,10.07,4,ok
V-S,1,2,pooled,rf,RS,2,21.23,10.615,14011.0,10.07,4,ok
V-S,1,2,pooled,catboost_lo,D0m,2,1.72,0.86,14011.0,0.54,4,ok
V-S,1,2,pooled,catboost_lo,F1k,2,1.79,0.895,14011.0,0.54,4,ok
V-S,1,2,pooled,catboost_lo,V2,2,1.6,0.8,14011.0,0.54,4,ok
V-S,1,3,pooled,catboost_lo,D0,2,1.34,0.67,13917.0,0.54,4,ok
V-S,1,3,pooled,catboost_lo,RS,2,1.63,0.815,13917.0,0.54,4,ok
V-S,1,3,pooled,catboost,D0,2,8.18,4.09,13917.0,6.91,4,ok
V-S,1,3,pooled,catboost,RS,2,8.06,4.03,13917.0,6.91,4,ok
V-S,1,3,pooled,rf,D0,2,15.71,7.855,13917.0,10.0,4,ok
V-S,1,3,pooled,rf,RS,2,17.84,8.92,13917.0,10.0,4,ok
V-S,1,3,pooled,catboost_lo,D0m,2,1.76,0.88,13917.0,0.54,4,ok
V-S,1,3,pooled,catboost_lo,F1k,2,1.17,0.585,13917.0,0.54,4,ok
V-S,1,3,pooled,catboost_lo,V2,2,1.61,0.805,13917.0,0.54,4,ok
V-S,1,4,pooled,catboost_lo,D0,2,1.12,0.56,14029.0,0.54,4,ok
V-S,1,4,pooled,catboost_lo,RS,2,1.13,0.565,14029.0,0.54,4,ok
V-S,1,4,pooled,catboost,D0,2,10.7,5.35,14029.0,6.96,4,ok
V-S,1,4,pooled,catboost,RS,2,10.47,5.235,14029.0,6.96,4,ok
V-S,1,4,pooled,rf,D0,2,20.71,10.355,14029.0,10.08,4,ok
V-S,1,4,pooled,rf,RS,2,23.09,11.545,14029.0,10.08,4,ok
V-S,1,4,pooled,catboost_lo,D0m,2,1.13,0.565,14029.0,0.54,4,ok
V-S,1,4,pooled,catboost_lo,F1k,2,1.35,0.675,14029.0,0.54,4,ok
V-S,1,4,pooled,catboost_lo,V2,2,1.33,0.665,14029.0,0.54,4,ok
V-S,2,0,pooled,catboost_lo,D0,2,1.55,0.775,14184.0,0.54,4,ok
V-S,2,0,pooled,catboost_lo,RS,2,2.09,1.045,14184.0,0.54,4,ok
V-S,2,0,pooled,catboost,D0,2,9.09,4.545,14184.0,7.02,4,ok
V-S,2,0,pooled,catboost,RS,2,8.08,4.04,14184.0,7.02,4,ok
V-S,2,0,pooled,rf,D0,2,18.25,9.125,14184.0,10.19,4,ok
V-S,2,0,pooled,rf,RS,2,20.26,10.13,14184.0,10.19,4,ok
V-S,2,0,pooled,catboost_lo,D0m,2,1.56,0.78,14184.0,0.54,4,ok
V-S,2,0,pooled,catboost_lo,F1k,2,1.94,0.97,14184.0,0.54,4,ok
V-S,2,0,pooled,catboost_lo,V2,2,1.59,0.795,14184.0,0.54,4,ok
V-S,2,1,pooled,catboost_lo,D0,2,2.17,1.085,13590.0,0.53,4,ok
V-S,2,1,pooled,catboost_lo,RS,2,2.23,1.115,13590.0,0.53,4,ok
V-S,2,1,pooled,catboost,D0,2,10.58,5.29,13590.0,6.78,4,ok
V-S,2,1,pooled,catboost,RS,2,10.74,5.37,13590.0,6.78,4,ok
V-S,2,1,pooled,rf,D0,2,23.15,11.575,13590.0,9.77,4,ok
V-S,2,1,pooled,rf,RS,2,30.55,15.275,13590.0,9.77,4,ok
V-S,2,1,pooled,catboost_lo,D0m,2,1.8,0.9,13590.0,0.53,4,ok
V-S,2,1,pooled,catboost_lo,F1k,2,1.77,0.885,13590.0,0.53,4,ok
V-S,2,1,pooled,catboost_lo,V2,2,2.53,1.265,13590.0,0.53,4,ok
V-S,2,2,pooled,catboost_lo,D0,2,1.57,0.785,13687.0,0.53,4,ok
V-S,2,2,pooled,catboost_lo,RS,2,2.19,1.095,13687.0,0.53,4,ok
V-S,2,2,pooled,catboost,D0,2,9.45,4.725,13687.0,6.82,4,ok
V-S,2,2,pooled,catboost,RS,2,10.22,5.11,13687.0,6.82,4,ok
V-S,2,2,pooled,rf,D0,2,17.51,8.755,13687.0,9.83,4,ok
V-S,2,2,pooled,rf,RS,2,18.89,9.445,13687.0,9.83,4,ok
V-S,2,2,pooled,catboost_lo,D0m,2,1.61,0.805,13687.0,0.53,4,ok
V-S,2,2,pooled,catboost_lo,F1k,2,1.54,0.77,13687.0,0.53,4,ok
V-S,2,2,pooled,catboost_lo,V2,2,1.71,0.855,13687.0,0.53,4,ok
V-S,2,3,pooled,catboost_lo,D0,2,2.21,1.105,14221.0,0.54,4,ok
V-S,2,3,pooled,catboost_lo,RS,2,1.51,0.755,14221.0,0.54,4,ok
V-S,2,3,pooled,catboost,D0,2,8.84,4.42,14221.0,7.03,4,ok
V-S,2,3,pooled,catboost,RS,2,9.3,4.65,14221.0,7.03,4,ok
V-S,2,3,pooled,rf,D0,2,18.54,9.27,14221.0,10.22,4,ok
V-S,2,3,pooled,rf,RS,2,21.46,10.73,14221.0,10.22,4,ok
V-S,2,3,pooled,catboost_lo,D0m,2,1.2,0.6,14221.0,0.54,4,ok
V-S,2,3,pooled,catboost_lo,F1k,2,1.41,0.705,14221.0,0.54,4,ok
V-S,2,3,pooled,catboost_lo,V2,2,1.42,0.71,14221.0,0.54,4,ok
V-S,2,4,pooled,catboost_lo,D0,2,2.62,1.31,14186.0,0.54,4,ok
V-S,2,4,pooled,catboost_lo,RS,2,2.92,1.46,14186.0,0.54,4,ok
V-S,2,4,pooled,catboost,D0,2,9.45,4.725,14186.0,7.02,4,ok
V-S,2,4,pooled,catboost,RS,2,10.02,5.01,14186.0,7.02,4,ok
V-S,2,4,pooled,rf,D0,2,26.49,13.245,14186.0,10.19,4,ok
V-S,2,4,pooled,rf,RS,2,25.34,12.67,14186.0,10.19,4,ok
V-S,2,4,pooled,catboost_lo,D0m,2,1.6,0.8,14186.0,0.54,4,ok
V-S,2,4,pooled,catboost_lo,F1k,2,1.3,0.65,14186.0,0.54,4,ok
V-S,2,4,pooled,catboost_lo,V2,2,1.32,0.66,14186.0,0.54,4,ok
V-S,3,0,pooled,catboost_lo,D0,2,1.32,0.66,14053.0,0.54,4,ok
V-S,3,0,pooled,catboost_lo,RS,2,1.49,0.745,14053.0,0.54,4,ok
V-S,3,0,pooled,catboost,D0,2,9.72,4.86,14053.0,6.97,4,ok
V-S,3,0,pooled,catboost,RS,2,9.86,4.93,14053.0,6.97,4,ok
V-S,3,0,pooled,rf,D0,2,19.43,9.715,14053.0,10.1,4,ok
V-S,3,0,pooled,rf,RS,2,21.17,10.585,14053.0,10.1,4,ok
V-S,3,0,pooled,catboost_lo,D0m,2,1.86,0.93,14053.0,0.54,4,ok
V-S,3,0,pooled,catboost_lo,F1k,2,2.64,1.32,14053.0,0.54,4,ok
V-S,3,0,pooled,catboost_lo,V2,2,1.88,0.94,14053.0,0.54,4,ok
V-S,3,1,pooled,catboost_lo,D0,2,3.42,1.71,13979.0,0.54,4,ok
V-S,3,1,pooled,catboost_lo,RS,2,2.28,1.14,13979.0,0.54,4,ok
V-S,3,1,pooled,catboost,D0,2,10.16,5.08,13979.0,6.94,4,ok
V-S,3,1,pooled,catboost,RS,2,13.49,6.745,13979.0,6.94,4,ok
V-S,3,1,pooled,rf,D0,2,23.37,11.685,13979.0,10.04,4,ok
V-S,3,1,pooled,rf,RS,2,25.74,12.87,13979.0,10.04,4,ok
V-S,3,1,pooled,catboost_lo,D0m,2,1.27,0.635,13979.0,0.54,4,ok
V-S,3,1,pooled,catboost_lo,F1k,2,2.93,1.465,13979.0,0.54,4,ok
V-S,3,1,pooled,catboost_lo,V2,2,2.22,1.11,13979.0,0.54,4,ok
V-S,3,2,pooled,catboost_lo,D0,2,2.52,1.26,13917.0,0.54,4,ok
V-S,3,2,pooled,catboost_lo,RS,2,1.32,0.66,13917.0,0.54,4,ok
V-S,3,2,pooled,catboost,D0,2,10.84,5.42,13917.0,6.91,4,ok
V-S,3,2,pooled,catboost,RS,2,11.4,5.7,13917.0,6.91,4,ok
V-S,3,2,pooled,rf,D0,2,21.83,10.915,13917.0,10.0,4,ok
V-S,3,2,pooled,rf,RS,2,21.56,10.78,13917.0,10.0,4,ok
V-S,3,2,pooled,catboost_lo,D0m,2,1.96,0.98,13917.0,0.54,4,ok
V-S,3,2,pooled,catboost_lo,F1k,2,1.51,0.755,13917.0,0.54,4,ok
V-S,3,2,pooled,catboost_lo,V2,2,2.83,1.415,13917.0,0.54,4,ok
V-S,3,3,pooled,catboost_lo,D0,2,1.76,0.88,13722.0,0.53,4,ok
V-S,3,3,pooled,catboost_lo,RS,2,3.08,1.54,13722.0,0.53,4,ok
V-S,3,3,pooled,catboost,D0,2,12.13,6.065,13722.0,6.84,4,ok
V-S,3,3,pooled,catboost,RS,2,7.54,3.77,13722.0,6.84,4,ok
V-S,3,3,pooled,rf,D0,2,24.19,12.095,13722.0,9.86,4,ok
V-S,3,3,pooled,rf,RS,2,29.45,14.725,13722.0,9.86,4,ok
V-S,3,3,pooled,catboost_lo,D0m,2,2.09,1.045,13722.0,0.53,4,ok
V-S,3,3,pooled,catboost_lo,F1k,2,2.19,1.095,13722.0,0.53,4,ok
V-S,3,3,pooled,catboost_lo,V2,2,1.35,0.675,13722.0,0.53,4,ok
V-S,3,4,pooled,catboost_lo,D0,2,2.14,1.07,14197.0,0.54,4,ok
V-S,3,4,pooled,catboost_lo,RS,2,2.47,1.235,14197.0,0.54,4,ok
V-S,3,4,pooled,catboost,D0,2,11.81,5.905,14197.0,7.03,4,ok
V-S,3,4,pooled,catboost,RS,2,8.6,4.3,14197.0,7.03,4,ok
V-S,3,4,pooled,rf,D0,2,21.67,10.835,14197.0,10.2,4,ok
V-S,3,4,pooled,rf,RS,2,22.83,11.415,14197.0,10.2,4,ok
V-S,3,4,pooled,catboost_lo,D0m,2,2.07,1.035,14197.0,0.54,4,ok
V-S,3,4,pooled,catboost_lo,F1k,2,2.69,1.345,14197.0,0.54,4,ok
V-S,3,4,pooled,catboost_lo,V2,2,2.27,1.135,14197.0,0.54,4,ok
W1-Alaska,1,0,w1,catboost_lo,D0w,2,1.24,0.62,8713.0,0.41,4,ok
W1-Alaska,1,0,w1,catboost_lo,RSw,2,1.56,0.78,8713.0,0.41,4,ok
W1-Alaska,1,0,w1,catboost,D0w,2,10.7,5.35,8713.0,4.75,4,ok
W1-Alaska,1,0,w1,catboost,RSw,2,7.31,3.655,8713.0,4.75,4,ok
W1-Alaska,1,0,w1,rf,D0w,2,13.77,6.885,8713.0,6.26,4,ok
W1-Alaska,1,0,w1,rf,RSw,2,15.72,7.86,8713.0,6.26,4,ok
W1-Alaska,1,0,w1,catboost_lo,F1kw,2,1.4,0.7,8713.0,0.41,4,ok
W1-Alaska,1,0,w1,catboost_lo,V2w,2,1.05,0.525,8713.0,0.41,4,ok
W1-Alaska,1,1,w1,catboost_lo,D0w,2,2.01,1.005,11673.0,0.48,4,ok
W1-Alaska,1,1,w1,catboost_lo,RSw,2,2.1,1.05,11673.0,0.48,4,ok
W1-Alaska,1,1,w1,catboost,D0w,2,10.44,5.22,11673.0,6.01,4,ok
W1-Alaska,1,1,w1,catboost,RSw,2,7.86,3.93,11673.0,6.01,4,ok
W1-Alaska,1,1,w1,rf,D0w,2,15.43,7.715,11673.0,8.39,4,ok
W1-Alaska,1,1,w1,rf,RSw,2,16.24,8.12,11673.0,8.39,4,ok
W1-Alaska,1,1,w1,catboost_lo,F1kw,2,1.92,0.96,11673.0,0.48,4,ok
W1-Alaska,1,1,w1,catboost_lo,V2w,2,1.53,0.765,11673.0,0.48,4,ok
W1-Alaska,1,2,w1,catboost_lo,D0w,2,1.14,0.57,11866.0,0.49,4,ok
W1-Alaska,1,2,w1,catboost_lo,RSw,2,1.36,0.68,11866.0,0.49,4,ok
W1-Alaska,1,2,w1,catboost,D0w,2,10.95,5.475,11866.0,6.09,4,ok
W1-Alaska,1,2,w1,catboost,RSw,2,8.36,4.18,11866.0,6.09,4,ok
W1-Alaska,1,2,w1,rf,D0w,2,18.69,9.345,11866.0,8.53,4,ok
W1-Alaska,1,2,w1,rf,RSw,2,19.79,9.895,11866.0,8.53,4,ok
W1-Alaska,1,2,w1,catboost_lo,F1kw,2,1.22,0.61,11866.0,0.49,4,ok
W1-Alaska,1,2,w1,catboost_lo,V2w,2,1.17,0.585,11866.0,0.49,4,ok
W1-Alaska,1,3,w1,catboost_lo,D0w,2,2.08,1.04,11046.0,0.47,4,ok
W1-Alaska,1,3,w1,catboost_lo,RSw,2,1.97,0.985,11046.0,0.47,4,ok
W1-Alaska,1,3,w1,catboost,D0w,2,9.9,4.95,11046.0,5.75,4,ok
W1-Alaska,1,3,w1,catboost,RSw,2,7.84,3.92,11046.0,5.75,4,ok
W1-Alaska,1,3,w1,rf,D0w,2,15.59,7.795,11046.0,7.94,4,ok
W1-Alaska,1,3,w1,rf,RSw,2,14.76,7.38,11046.0,7.94,4,ok
W1-Alaska,1,3,w1,catboost_lo,F1kw,2,2.51,1.255,11046.0,0.47,4,ok
W1-Alaska,1,3,w1,catboost_lo,V2w,2,1.91,0.955,11046.0,0.47,4,ok
W1-Alaska,1,4,w1,catboost_lo,D0w,2,1.38,0.69,11126.0,0.47,4,ok
W1-Alaska,1,4,w1,catboost_lo,RSw,2,2.28,1.14,11126.0,0.47,4,ok
W1-Alaska,1,4,w1,catboost,D0w,2,9.67,4.835,11126.0,5.78,4,ok
W1-Alaska,1,4,w1,catboost,RSw,2,7.62,3.81,11126.0,5.78,4,ok
W1-Alaska,1,4,w1,rf,D0w,2,15.36,7.68,11126.0,7.99,4,ok
W1-Alaska,1,4,w1,rf,RSw,2,17.84,8.92,11126.0,7.99,4,ok
W1-Alaska,1,4,w1,catboost_lo,F1kw,2,1.46,0.73,11126.0,0.47,4,ok
W1-Alaska,1,4,w1,catboost_lo,V2w,2,1.64,0.82,11126.0,0.47,4,ok
W1-Alaska,2,0,w1,catboost_lo,D0w,2,1.75,0.875,11632.0,0.48,4,ok
W1-Alaska,2,0,w1,catboost_lo,RSw,2,1.66,0.83,11632.0,0.48,4,ok
W1-Alaska,2,0,w1,catboost,D0w,2,8.88,4.44,11632.0,5.99,4,ok
W1-Alaska,2,0,w1,catboost,RSw,2,8.29,4.145,11632.0,5.99,4,ok
W1-Alaska,2,0,w1,rf,D0w,2,14.07,7.035,11632.0,8.36,4,ok
W1-Alaska,2,0,w1,rf,RSw,2,16.51,8.255,11632.0,8.36,4,ok
W1-Alaska,2,0,w1,catboost_lo,F1kw,2,1.7,0.85,11632.0,0.48,4,ok
W1-Alaska,2,0,w1,catboost_lo,V2w,2,1.63,0.815,11632.0,0.48,4,ok
W1-Alaska,2,1,w1,catboost_lo,D0w,2,0.91,0.455,8505.0,0.4,4,ok
W1-Alaska,2,1,w1,catboost_lo,RSw,2,1.0,0.5,8505.0,0.4,4,ok
W1-Alaska,2,1,w1,catboost,D0w,2,10.14,5.07,8505.0,4.66,4,ok
W1-Alaska,2,1,w1,catboost,RSw,2,7.22,3.61,8505.0,4.66,4,ok
W1-Alaska,2,1,w1,rf,D0w,2,13.62,6.81,8505.0,6.11,4,ok
W1-Alaska,2,1,w1,rf,RSw,2,15.52,7.76,8505.0,6.11,4,ok
W1-Alaska,2,1,w1,catboost_lo,F1kw,2,1.83,0.915,8505.0,0.4,4,ok
W1-Alaska,2,1,w1,catboost_lo,V2w,2,1.18,0.59,8505.0,0.4,4,ok
W1-Alaska,2,2,w1,catboost_lo,D0w,2,1.35,0.675,11652.0,0.48,4,ok
W1-Alaska,2,2,w1,catboost_lo,RSw,2,1.66,0.83,11652.0,0.48,4,ok
W1-Alaska,2,2,w1,catboost,D0w,2,8.56,4.28,11652.0,6.0,4,ok
W1-Alaska,2,2,w1,catboost,RSw,2,8.79,4.395,11652.0,6.0,4,ok
W1-Alaska,2,2,w1,rf,D0w,2,14.18,7.09,11652.0,8.37,4,ok
W1-Alaska,2,2,w1,rf,RSw,2,15.29,7.645,11652.0,8.37,4,ok
W1-Alaska,2,2,w1,catboost_lo,F1kw,2,1.2,0.6,11652.0,0.48,4,ok
W1-Alaska,2,2,w1,catboost_lo,V2w,2,1.23,0.615,11652.0,0.48,4,ok
W1-Alaska,2,3,w1,catboost_lo,D0w,2,1.16,0.58,10987.0,0.47,4,ok
W1-Alaska,2,3,w1,catboost_lo,RSw,2,1.28,0.64,10987.0,0.47,4,ok
W1-Alaska,2,3,w1,catboost,D0w,2,9.2,4.6,10987.0,5.72,4,ok
W1-Alaska,2,3,w1,catboost,RSw,2,13.35,6.675,10987.0,5.72,4,ok
W1-Alaska,2,3,w1,rf,D0w,2,16.68,8.34,10987.0,7.89,4,ok
W1-Alaska,2,3,w1,rf,RSw,2,15.57,7.785,10987.0,7.89,4,ok
W1-Alaska,2,3,w1,catboost_lo,F1kw,2,1.81,0.905,10987.0,0.47,4,ok
W1-Alaska,2,3,w1,catboost_lo,V2w,2,1.89,0.945,10987.0,0.47,4,ok
W1-Alaska,2,4,w1,catboost_lo,D0w,2,1.34,0.67,11648.0,0.48,4,ok
W1-Alaska,2,4,w1,catboost_lo,RSw,2,1.76,0.88,11648.0,0.48,4,ok
W1-Alaska,2,4,w1,catboost,D0w,2,9.69,4.845,11648.0,6.0,4,ok
W1-Alaska,2,4,w1,catboost,RSw,2,7.19,3.595,11648.0,6.0,4,ok
W1-Alaska,2,4,w1,rf,D0w,2,16.04,8.02,11648.0,8.37,4,ok
W1-Alaska,2,4,w1,rf,RSw,2,15.28,7.64,11648.0,8.37,4,ok
W1-Alaska,2,4,w1,catboost_lo,F1kw,2,1.84,0.92,11648.0,0.48,4,ok
W1-Alaska,2,4,w1,catboost_lo,V2w,2,1.55,0.775,11648.0,0.48,4,ok
W1-Alaska,3,0,w1,catboost_lo,D0w,2,2.19,1.095,10628.0,0.46,4,ok
W1-Alaska,3,0,w1,catboost_lo,RSw,2,2.02,1.01,10628.0,0.46,4,ok
W1-Alaska,3,0,w1,catboost,D0w,2,8.74,4.37,10628.0,5.57,4,ok
W1-Alaska,3,0,w1,catboost,RSw,2,9.26,4.63,10628.0,5.57,4,ok
W1-Alaska,3,0,w1,rf,D0w,2,18.04,9.02,10628.0,7.64,4,ok
W1-Alaska,3,0,w1,rf,RSw,2,18.62,9.31,10628.0,7.64,4,ok
W1-Alaska,3,0,w1,catboost_lo,F1kw,2,3.19,1.595,10628.0,0.46,4,ok
W1-Alaska,3,0,w1,catboost_lo,V2w,2,1.91,0.955,10628.0,0.46,4,ok
W1-Alaska,3,1,w1,catboost_lo,D0w,2,1.36,0.68,8251.0,0.39,4,ok
W1-Alaska,3,1,w1,catboost_lo,RSw,2,1.52,0.76,8251.0,0.39,4,ok
W1-Alaska,3,1,w1,catboost,D0w,2,6.99,3.495,8251.0,4.55,4,ok
W1-Alaska,3,1,w1,catboost,RSw,2,7.17,3.585,8251.0,4.55,4,ok
W1-Alaska,3,1,w1,rf,D0w,2,11.52,5.76,8251.0,5.93,4,ok
W1-Alaska,3,1,w1,rf,RSw,2,12.73,6.365,8251.0,5.93,4,ok
W1-Alaska,3,1,w1,catboost_lo,F1kw,2,1.53,0.765,8251.0,0.39,4,ok
W1-Alaska,3,1,w1,catboost_lo,V2w,2,1.18,0.59,8251.0,0.39,4,ok
W1-Alaska,3,2,w1,catboost_lo,D0w,2,1.6,0.8,11911.0,0.49,4,ok
W1-Alaska,3,2,w1,catboost_lo,RSw,2,1.52,0.76,11911.0,0.49,4,ok
W1-Alaska,3,2,w1,catboost,D0w,2,9.34,4.67,11911.0,6.1,4,ok
W1-Alaska,3,2,w1,catboost,RSw,2,8.01,4.005,11911.0,6.1,4,ok
W1-Alaska,3,2,w1,rf,D0w,2,14.72,7.36,11911.0,8.56,4,ok
W1-Alaska,3,2,w1,rf,RSw,2,15.11,7.555,11911.0,8.56,4,ok
W1-Alaska,3,2,w1,catboost_lo,F1kw,2,1.89,0.945,11911.0,0.49,4,ok
W1-Alaska,3,2,w1,catboost_lo,V2w,2,1.54,0.77,11911.0,0.49,4,ok
W1-Alaska,3,3,w1,catboost_lo,D0w,2,1.34,0.67,11782.0,0.49,4,ok
W1-Alaska,3,3,w1,catboost_lo,RSw,2,1.42,0.71,11782.0,0.49,4,ok
W1-Alaska,3,3,w1,catboost,D0w,2,9.11,4.555,11782.0,6.05,4,ok
W1-Alaska,3,3,w1,catboost,RSw,2,7.37,3.685,11782.0,6.05,4,ok
W1-Alaska,3,3,w1,rf,D0w,2,16.73,8.365,11782.0,8.47,4,ok
W1-Alaska,3,3,w1,rf,RSw,2,16.13,8.065,11782.0,8.47,4,ok
W1-Alaska,3,3,w1,catboost_lo,F1kw,2,3.26,1.63,11782.0,0.49,4,ok
W1-Alaska,3,3,w1,catboost_lo,V2w,2,2.63,1.315,11782.0,0.49,4,ok
W1-Alaska,3,4,w1,catboost_lo,D0w,2,2.42,1.21,11852.0,0.49,4,ok
W1-Alaska,3,4,w1,catboost_lo,RSw,2,1.87,0.935,11852.0,0.49,4,ok
W1-Alaska,3,4,w1,catboost,D0w,2,10.01,5.005,11852.0,6.08,4,ok
W1-Alaska,3,4,w1,catboost,RSw,2,10.52,5.26,11852.0,6.08,4,ok
W1-Alaska,3,4,w1,rf,D0w,2,16.11,8.055,11852.0,8.52,4,ok
W1-Alaska,3,4,w1,rf,RSw,2,16.68,8.34,11852.0,8.52,4,ok
W1-Alaska,3,4,w1,catboost_lo,F1kw,2,2.22,1.11,11852.0,0.49,4,ok
W1-Alaska,3,4,w1,catboost_lo,V2w,2,1.52,0.76,11852.0,0.49,4,ok
W1-Alaska,4,0,w1,catboost_lo,D0w,2,1.3,0.65,11668.0,0.48,4,ok
W1-Alaska,4,0,w1,catboost_lo,RSw,2,1.36,0.68,11668.0,0.48,4,ok
W1-Alaska,4,0,w1,catboost,D0w,2,9.53,4.765,11668.0,6.01,4,ok
W1-Alaska,4,0,w1,catboost,RSw,2,8.6,4.3,11668.0,6.01,4,ok
W1-Alaska,4,0,w1,rf,D0w,2,15.14,7.57,11668.0,8.38,4,ok
W1-Alaska,4,0,w1,rf,RSw,2,18.23,9.115,11668.0,8.38,4,ok
W1-Alaska,4,0,w1,catboost_lo,F1kw,2,1.56,0.78,11668.0,0.48,4,ok
W1-Alaska,4,0,w1,catboost_lo,V2w,2,1.49,0.745,11668.0,0.48,4,ok
W1-Alaska,4,1,w1,catboost_lo,D0w,2,1.76,0.88,11430.0,0.48,4,ok
W1-Alaska,4,1,w1,catboost_lo,RSw,2,1.61,0.805,11430.0,0.48,4,ok
W1-Alaska,4,1,w1,catboost,D0w,2,8.39,4.195,11430.0,5.91,4,ok
W1-Alaska,4,1,w1,catboost,RSw,2,9.19,4.595,11430.0,5.91,4,ok
W1-Alaska,4,1,w1,rf,D0w,2,13.01,6.505,11430.0,8.21,4,ok
W1-Alaska,4,1,w1,rf,RSw,2,14.71,7.355,11430.0,8.21,4,ok
W1-Alaska,4,1,w1,catboost_lo,F1kw,2,1.9,0.95,11430.0,0.48,4,ok
W1-Alaska,4,1,w1,catboost_lo,V2w,2,2.12,1.06,11430.0,0.48,4,ok
W1-Alaska,4,2,w1,catboost_lo,D0w,2,1.69,0.845,11743.0,0.49,4,ok
W1-Alaska,4,2,w1,catboost_lo,RSw,2,1.99,0.995,11743.0,0.49,4,ok
W1-Alaska,4,2,w1,catboost,D0w,2,8.01,4.005,11743.0,6.04,4,ok
W1-Alaska,4,2,w1,catboost,RSw,2,10.45,5.225,11743.0,6.04,4,ok
W1-Alaska,4,2,w1,rf,D0w,2,18.72,9.36,11743.0,8.44,4,ok
W1-Alaska,4,2,w1,rf,RSw,2,20.45,10.225,11743.0,8.44,4,ok
W1-Alaska,4,2,w1,catboost_lo,F1kw,2,3.49,1.745,11743.0,0.49,4,ok
W1-Alaska,4,2,w1,catboost_lo,V2w,2,2.83,1.415,11743.0,0.49,4,ok
W1-Alaska,4,3,w1,catboost_lo,D0w,2,2.24,1.12,7843.0,0.38,4,ok
W1-Alaska,4,3,w1,catboost_lo,RSw,2,1.53,0.765,7843.0,0.38,4,ok
W1-Alaska,4,3,w1,catboost,D0w,2,7.14,3.57,7843.0,4.37,4,ok
W1-Alaska,4,3,w1,catboost,RSw,2,8.25,4.125,7843.0,4.37,4,ok
W1-Alaska,4,3,w1,rf,D0w,2,9.92,4.96,7843.0,5.64,4,ok
W1-Alaska,4,3,w1,rf,RSw,2,10.31,5.155,7843.0,5.64,4,ok
W1-Alaska,4,3,w1,catboost_lo,F1kw,2,1.55,0.775,7843.0,0.38,4,ok
W1-Alaska,4,3,w1,catboost_lo,V2w,2,1.21,0.605,7843.0,0.38,4,ok
W1-Alaska,4,4,w1,catboost_lo,D0w,2,1.08,0.54,11740.0,0.49,4,ok
W1-Alaska,4,4,w1,catboost_lo,RSw,2,1.06,0.53,11740.0,0.49,4,ok
W1-Alaska,4,4,w1,catboost,D0w,2,8.36,4.18,11740.0,6.03,4,ok
W1-Alaska,4,4,w1,catboost,RSw,2,8.6,4.3,11740.0,6.03,4,ok
W1-Alaska,4,4,w1,rf,D0w,2,17.28,8.64,11740.0,8.44,4,ok
W1-Alaska,4,4,w1,rf,RSw,2,18.19,9.095,11740.0,8.44,4,ok
W1-Alaska,4,4,w1,catboost_lo,F1kw,2,2.88,1.44,11740.0,0.49,4,ok
W1-Alaska,4,4,w1,catboost_lo,V2w,2,2.21,1.105,11740.0,0.49,4,ok
W1-Alaska,5,0,w1,catboost_lo,D0w,2,1.85,0.925,11373.0,0.48,4,ok
W1-Alaska,5,0,w1,catboost_lo,RSw,2,2.15,1.075,11373.0,0.48,4,ok
W1-Alaska,5,0,w1,catboost,D0w,2,10.4,5.2,11373.0,5.88,4,ok
W1-Alaska,5,0,w1,catboost,RSw,2,11.29,5.645,11373.0,5.88,4,ok
W1-Alaska,5,0,w1,rf,D0w,2,15.14,7.57,11373.0,8.17,4,ok
W1-Alaska,5,0,w1,rf,RSw,2,14.75,7.375,11373.0,8.17,4,ok
W1-Alaska,5,0,w1,catboost_lo,F1kw,2,2.31,1.155,11373.0,0.48,4,ok
W1-Alaska,5,0,w1,catboost_lo,V2w,2,1.94,0.97,11373.0,0.48,4,ok
W1-Alaska,5,1,w1,catboost_lo,D0w,2,0.85,0.425,11368.0,0.48,4,ok
W1-Alaska,5,1,w1,catboost_lo,RSw,2,0.85,0.425,11368.0,0.48,4,ok
W1-Alaska,5,1,w1,catboost,D0w,2,8.65,4.325,11368.0,5.88,4,ok
W1-Alaska,5,1,w1,catboost,RSw,2,7.55,3.775,11368.0,5.88,4,ok
W1-Alaska,5,1,w1,rf,D0w,2,20.02,10.01,11368.0,8.17,4,ok
W1-Alaska,5,1,w1,rf,RSw,2,20.01,10.005,11368.0,8.17,4,ok
W1-Alaska,5,1,w1,catboost_lo,F1kw,2,1.1,0.55,11368.0,0.48,4,ok
W1-Alaska,5,1,w1,catboost_lo,V2w,2,1.1,0.55,11368.0,0.48,4,ok
W1-Alaska,5,2,w1,catboost_lo,D0w,2,2.13,1.065,11400.0,0.48,4,ok
W1-Alaska,5,2,w1,catboost_lo,RSw,2,1.98,0.99,11400.0,0.48,4,ok
W1-Alaska,5,2,w1,catboost,D0w,2,9.5,4.75,11400.0,5.89,4,ok
W1-Alaska,5,2,w1,catboost,RSw,2,10.29,5.145,11400.0,5.89,4,ok
W1-Alaska,5,2,w1,rf,D0w,2,14.76,7.38,11400.0,8.19,4,ok
W1-Alaska,5,2,w1,rf,RSw,2,15.34,7.67,11400.0,8.19,4,ok
W1-Alaska,5,2,w1,catboost_lo,F1kw,2,1.26,0.63,11400.0,0.48,4,ok
W1-Alaska,5,2,w1,catboost_lo,V2w,2,2.34,1.17,11400.0,0.48,4,ok
W1-Alaska,5,3,w1,catboost_lo,D0w,2,2.0,1.0,11393.0,0.48,4,ok
W1-Alaska,5,3,w1,catboost_lo,RSw,2,2.34,1.17,11393.0,0.48,4,ok
W1-Alaska,5,3,w1,catboost,D0w,2,10.96,5.48,11393.0,5.89,4,ok
W1-Alaska,5,3,w1,catboost,RSw,2,8.85,4.425,11393.0,5.89,4,ok
W1-Alaska,5,3,w1,rf,D0w,2,19.46,9.73,11393.0,8.19,4,ok
W1-Alaska,5,3,w1,rf,RSw,2,16.39,8.195,11393.0,8.19,4,ok
W1-Alaska,5,3,w1,catboost_lo,F1kw,2,2.22,1.11,11393.0,0.48,4,ok
W1-Alaska,5,3,w1,catboost_lo,V2w,2,1.72,0.86,11393.0,0.48,4,ok
W1-Alaska,5,4,w1,catboost_lo,D0w,2,1.38,0.69,8890.0,0.41,4,ok
W1-Alaska,5,4,w1,catboost_lo,RSw,2,1.59,0.795,8890.0,0.41,4,ok
W1-Alaska,5,4,w1,catboost,D0w,2,6.44,3.22,8890.0,4.83,4,ok
W1-Alaska,5,4,w1,catboost,RSw,2,8.59,4.295,8890.0,4.83,4,ok
W1-Alaska,5,4,w1,rf,D0w,2,13.73,6.865,8890.0,6.39,4,ok
W1-Alaska,5,4,w1,rf,RSw,2,12.51,6.255,8890.0,6.39,4,ok
W1-Alaska,5,4,w1,catboost_lo,F1kw,2,1.53,0.765,8890.0,0.41,4,ok
W1-Alaska,5,4,w1,catboost_lo,V2w,2,1.21,0.605,8890.0,0.41,4,ok
W1-Canada,1,0,w1,catboost_lo,D0w,2,0.46,0.23,519.0,0.07,4,ok
W1-Canada,1,0,w1,catboost_lo,RSw,2,0.5,0.25,519.0,0.07,4,ok
W1-Canada,1,0,w1,catboost,D0w,2,2.55,1.275,519.0,0.5,4,ok
W1-Canada,1,0,w1,catboost,RSw,2,3.17,1.585,519.0,0.5,4,ok
W1-Canada,1,0,w1,rf,D0w,2,5.02,2.51,519.0,0.37,4,ok
W1-Canada,1,0,w1,rf,RSw,2,5.53,2.765,519.0,0.37,4,ok
W1-Canada,1,0,w1,catboost_lo,F1kw,2,0.44,0.22,519.0,0.07,4,ok
W1-Canada,1,0,w1,catboost_lo,V2w,2,0.48,0.24,519.0,0.07,4,ok
W1-Canada,1,1,w1,catboost_lo,D0w,2,0.65,0.325,628.0,0.08,4,ok
W1-Canada,1,1,w1,catboost_lo,RSw,2,0.62,0.31,628.0,0.08,4,ok
W1-Canada,1,1,w1,catboost,D0w,2,2.75,1.375,628.0,0.58,4,ok
W1-Canada,1,1,w1,catboost,RSw,2,2.84,1.42,628.0,0.58,4,ok
W1-Canada,1,1,w1,rf,D0w,2,6.61,3.305,628.0,0.45,4,ok
W1-Canada,1,1,w1,rf,RSw,2,4.05,2.025,628.0,0.45,4,ok
W1-Canada,1,1,w1,catboost_lo,F1kw,2,0.5,0.25,628.0,0.08,4,ok
W1-Canada,1,1,w1,catboost_lo,V2w,2,0.57,0.285,628.0,0.08,4,ok
W1-Canada,1,2,w1,catboost_lo,D0w,2,0.59,0.295,635.0,0.08,4,ok
W1-Canada,1,2,w1,catboost_lo,RSw,2,0.59,0.295,635.0,0.08,4,ok
W1-Canada,1,2,w1,catboost,D0w,2,3.74,1.87,635.0,0.58,4,ok
W1-Canada,1,2,w1,catboost,RSw,2,4.52,2.26,635.0,0.58,4,ok
W1-Canada,1,2,w1,rf,D0w,2,5.06,2.53,635.0,0.46,4,ok
W1-Canada,1,2,w1,rf,RSw,2,5.26,2.63,635.0,0.46,4,ok
W1-Canada,1,2,w1,catboost_lo,F1kw,2,0.82,0.41,635.0,0.08,4,ok
W1-Canada,1,2,w1,catboost_lo,V2w,2,0.79,0.395,635.0,0.08,4,ok
W1-Canada,1,3,w1,catboost_lo,D0w,2,0.96,0.48,625.0,0.08,4,ok
W1-Canada,1,3,w1,catboost_lo,RSw,2,0.89,0.445,625.0,0.08,4,ok
W1-Canada,1,3,w1,catboost,D0w,2,3.6,1.8,625.0,0.58,4,ok
W1-Canada,1,3,w1,catboost,RSw,2,3.61,1.805,625.0,0.58,4,ok
W1-Canada,1,3,w1,rf,D0w,2,4.72,2.36,625.0,0.45,4,ok
W1-Canada,1,3,w1,rf,RSw,2,3.97,1.985,625.0,0.45,4,ok
W1-Canada,1,3,w1,catboost_lo,F1kw,2,0.29,0.145,625.0,0.08,4,ok
W1-Canada,1,3,w1,catboost_lo,V2w,2,0.32,0.16,625.0,0.08,4,ok
W1-Canada,1,4,w1,catboost_lo,D0w,2,0.83,0.415,593.0,0.08,4,ok
W1-Canada,1,4,w1,catboost_lo,RSw,2,0.93,0.465,593.0,0.08,4,ok
W1-Canada,1,4,w1,catboost,D0w,2,3.77,1.885,593.0,0.55,4,ok
W1-Canada,1,4,w1,catboost,RSw,2,2.79,1.395,593.0,0.55,4,ok
W1-Canada,1,4,w1,rf,D0w,2,7.63,3.815,593.0,0.43,4,ok
W1-Canada,1,4,w1,rf,RSw,2,4.6,2.3,593.0,0.43,4,ok
W1-Canada,1,4,w1,catboost_lo,F1kw,2,0.52,0.26,593.0,0.08,4,ok
W1-Canada,1,4,w1,catboost_lo,V2w,2,0.62,0.31,593.0,0.08,4,ok
W1-Canada,2,0,w1,catboost_lo,D0w,2,0.82,0.41,607.0,0.08,4,ok
W1-Canada,2,0,w1,catboost_lo,RSw,2,0.8,0.4,607.0,0.08,4,ok
W1-Canada,2,0,w1,catboost,D0w,2,3.34,1.67,607.0,0.56,4,ok
W1-Canada,2,0,w1,catboost,RSw,2,4.34,2.17,607.0,0.56,4,ok
W1-Canada,2,0,w1,rf,D0w,2,4.83,2.415,607.0,0.44,4,ok
W1-Canada,2,0,w1,rf,RSw,2,5.07,2.535,607.0,0.44,4,ok
W1-Canada,2,0,w1,catboost_lo,F1kw,2,0.47,0.235,607.0,0.08,4,ok
W1-Canada,2,0,w1,catboost_lo,V2w,2,0.38,0.19,607.0,0.08,4,ok
W1-Canada,2,1,w1,catboost_lo,D0w,2,0.54,0.27,613.0,0.08,4,ok
W1-Canada,2,1,w1,catboost_lo,RSw,2,0.44,0.22,613.0,0.08,4,ok
W1-Canada,2,1,w1,catboost,D0w,2,2.97,1.485,613.0,0.57,4,ok
W1-Canada,2,1,w1,catboost,RSw,2,3.02,1.51,613.0,0.57,4,ok
W1-Canada,2,1,w1,rf,D0w,2,5.01,2.505,613.0,0.44,4,ok
W1-Canada,2,1,w1,rf,RSw,2,4.27,2.135,613.0,0.44,4,ok
W1-Canada,2,1,w1,catboost_lo,F1kw,2,0.62,0.31,613.0,0.08,4,ok
W1-Canada,2,1,w1,catboost_lo,V2w,2,0.36,0.18,613.0,0.08,4,ok
W1-Canada,2,2,w1,catboost_lo,D0w,2,0.62,0.31,639.0,0.08,4,ok
W1-Canada,2,2,w1,catboost_lo,RSw,2,0.48,0.24,639.0,0.08,4,ok
W1-Canada,2,2,w1,catboost,D0w,2,3.22,1.61,639.0,0.59,4,ok
W1-Canada,2,2,w1,catboost,RSw,2,2.95,1.475,639.0,0.59,4,ok
W1-Canada,2,2,w1,rf,D0w,2,4.75,2.375,639.0,0.46,4,ok
W1-Canada,2,2,w1,rf,RSw,2,3.72,1.86,639.0,0.46,4,ok
W1-Canada,2,2,w1,catboost_lo,F1kw,2,0.48,0.24,639.0,0.08,4,ok
W1-Canada,2,2,w1,catboost_lo,V2w,2,0.42,0.21,639.0,0.08,4,ok
W1-Canada,2,3,w1,catboost_lo,D0w,2,0.39,0.195,523.0,0.08,4,ok
W1-Canada,2,3,w1,catboost_lo,RSw,2,0.41,0.205,523.0,0.08,4,ok
W1-Canada,2,3,w1,catboost,D0w,2,2.68,1.34,523.0,0.5,4,ok
W1-Canada,2,3,w1,catboost,RSw,2,3.12,1.56,523.0,0.5,4,ok
W1-Canada,2,3,w1,rf,D0w,2,6.83,3.415,523.0,0.38,4,ok
W1-Canada,2,3,w1,rf,RSw,2,3.91,1.955,523.0,0.38,4,ok
W1-Canada,2,3,w1,catboost_lo,F1kw,2,0.46,0.23,523.0,0.08,4,ok
W1-Canada,2,3,w1,catboost_lo,V2w,2,0.54,0.27,523.0,0.08,4,ok
W1-Canada,2,4,w1,catboost_lo,D0w,2,0.27,0.135,618.0,0.08,4,ok
W1-Canada,2,4,w1,catboost_lo,RSw,2,0.28,0.14,618.0,0.08,4,ok
W1-Canada,2,4,w1,catboost,D0w,2,2.79,1.395,618.0,0.57,4,ok
W1-Canada,2,4,w1,catboost,RSw,2,3.2,1.6,618.0,0.57,4,ok
W1-Canada,2,4,w1,rf,D0w,2,7.1,3.55,618.0,0.44,4,ok
W1-Canada,2,4,w1,rf,RSw,2,4.02,2.01,618.0,0.44,4,ok
W1-Canada,2,4,w1,catboost_lo,F1kw,2,0.86,0.43,618.0,0.08,4,ok
W1-Canada,2,4,w1,catboost_lo,V2w,2,0.54,0.27,618.0,0.08,4,ok
W1-Canada,3,0,w1,catboost_lo,D0w,2,0.5,0.25,525.0,0.08,4,ok
W1-Canada,3,0,w1,catboost_lo,RSw,2,0.52,0.26,525.0,0.08,4,ok
W1-Canada,3,0,w1,catboost,D0w,2,3.81,1.905,525.0,0.5,4,ok
W1-Canada,3,0,w1,catboost,RSw,2,3.54,1.77,525.0,0.5,4,ok
W1-Canada,3,0,w1,rf,D0w,2,7.09,3.545,525.0,0.38,4,ok
W1-Canada,3,0,w1,rf,RSw,2,7.26,3.63,525.0,0.38,4,ok
W1-Canada,3,0,w1,catboost_lo,F1kw,2,0.54,0.27,525.0,0.08,4,ok
W1-Canada,3,0,w1,catboost_lo,V2w,2,0.46,0.23,525.0,0.08,4,ok
W1-Canada,3,1,w1,catboost_lo,D0w,2,0.47,0.235,610.0,0.08,4,ok
W1-Canada,3,1,w1,catboost_lo,RSw,2,0.4,0.2,610.0,0.08,4,ok
W1-Canada,3,1,w1,catboost,D0w,2,3.0,1.5,610.0,0.57,4,ok
W1-Canada,3,1,w1,catboost,RSw,2,3.33,1.665,610.0,0.57,4,ok
W1-Canada,3,1,w1,rf,D0w,2,6.69,3.345,610.0,0.44,4,ok
W1-Canada,3,1,w1,rf,RSw,2,5.02,2.51,610.0,0.44,4,ok
W1-Canada,3,1,w1,catboost_lo,F1kw,2,0.83,0.415,610.0,0.08,4,ok
W1-Canada,3,1,w1,catboost_lo,V2w,2,0.7,0.35,610.0,0.08,4,ok
W1-Canada,3,2,w1,catboost_lo,D0w,2,0.69,0.345,592.0,0.08,4,ok
W1-Canada,3,2,w1,catboost_lo,RSw,2,0.68,0.34,592.0,0.08,4,ok
W1-Canada,3,2,w1,catboost,D0w,2,3.93,1.965,592.0,0.55,4,ok
W1-Canada,3,2,w1,catboost,RSw,2,3.03,1.515,592.0,0.55,4,ok
W1-Canada,3,2,w1,rf,D0w,2,5.34,2.67,592.0,0.43,4,ok
W1-Canada,3,2,w1,rf,RSw,2,5.13,2.565,592.0,0.43,4,ok
W1-Canada,3,2,w1,catboost_lo,F1kw,2,0.4,0.2,592.0,0.08,4,ok
W1-Canada,3,2,w1,catboost_lo,V2w,2,0.33,0.165,592.0,0.08,4,ok
W1-Canada,3,3,w1,catboost_lo,D0w,2,0.79,0.395,644.0,0.09,4,ok
W1-Canada,3,3,w1,catboost_lo,RSw,2,0.81,0.405,644.0,0.09,4,ok
W1-Canada,3,3,w1,catboost,D0w,2,3.33,1.665,644.0,0.59,4,ok
W1-Canada,3,3,w1,catboost,RSw,2,2.7,1.35,644.0,0.59,4,ok
W1-Canada,3,3,w1,rf,D0w,2,5.49,2.745,644.0,0.46,4,ok
W1-Canada,3,3,w1,rf,RSw,2,4.91,2.455,644.0,0.46,4,ok
W1-Canada,3,3,w1,catboost_lo,F1kw,2,0.36,0.18,644.0,0.09,4,ok
W1-Canada,3,3,w1,catboost_lo,V2w,2,0.41,0.205,644.0,0.09,4,ok
W1-Canada,3,4,w1,catboost_lo,D0w,2,0.53,0.265,629.0,0.08,4,ok
W1-Canada,3,4,w1,catboost_lo,RSw,2,0.56,0.28,629.0,0.08,4,ok
W1-Canada,3,4,w1,catboost,D0w,2,3.24,1.62,629.0,0.58,4,ok
W1-Canada,3,4,w1,catboost,RSw,2,3.11,1.555,629.0,0.58,4,ok
W1-Canada,3,4,w1,rf,D0w,2,6.07,3.035,629.0,0.45,4,ok
W1-Canada,3,4,w1,rf,RSw,2,4.77,2.385,629.0,0.45,4,ok
W1-Canada,3,4,w1,catboost_lo,F1kw,2,0.47,0.235,629.0,0.08,4,ok
W1-Canada,3,4,w1,catboost_lo,V2w,2,0.43,0.215,629.0,0.08,4,ok
W1-Canada,4,0,w1,catboost_lo,D0w,2,0.92,0.46,652.0,0.09,4,ok
W1-Canada,4,0,w1,catboost_lo,RSw,2,1.01,0.505,652.0,0.09,4,ok
W1-Canada,4,0,w1,catboost,D0w,2,2.81,1.405,652.0,0.6,4,ok
W1-Canada,4,0,w1,catboost,RSw,2,3.66,1.83,652.0,0.6,4,ok
W1-Canada,4,0,w1,rf,D0w,2,5.46,2.73,652.0,0.47,4,ok
W1-Canada,4,0,w1,rf,RSw,2,3.93,1.965,652.0,0.47,4,ok
W1-Canada,4,0,w1,catboost_lo,F1kw,2,0.38,0.19,652.0,0.09,4,ok
W1-Canada,4,0,w1,catboost_lo,V2w,2,0.39,0.195,652.0,0.09,4,ok
W1-Canada,4,1,w1,catboost_lo,D0w,2,0.52,0.26,540.0,0.08,4,ok
W1-Canada,4,1,w1,catboost_lo,RSw,2,0.57,0.285,540.0,0.08,4,ok
W1-Canada,4,1,w1,catboost,D0w,2,3.67,1.835,540.0,0.51,4,ok
W1-Canada,4,1,w1,catboost,RSw,2,3.27,1.635,540.0,0.51,4,ok
W1-Canada,4,1,w1,rf,D0w,2,6.6,3.3,540.0,0.39,4,ok
W1-Canada,4,1,w1,rf,RSw,2,5.55,2.775,540.0,0.39,4,ok
W1-Canada,4,1,w1,catboost_lo,F1kw,2,0.83,0.415,540.0,0.08,4,ok
W1-Canada,4,1,w1,catboost_lo,V2w,2,0.63,0.315,540.0,0.08,4,ok
W1-Canada,4,2,w1,catboost_lo,D0w,2,0.81,0.405,592.0,0.08,4,ok
W1-Canada,4,2,w1,catboost_lo,RSw,2,0.83,0.415,592.0,0.08,4,ok
W1-Canada,4,2,w1,catboost,D0w,2,3.83,1.915,592.0,0.55,4,ok
W1-Canada,4,2,w1,catboost,RSw,2,4.45,2.225,592.0,0.55,4,ok
W1-Canada,4,2,w1,rf,D0w,2,4.42,2.21,592.0,0.43,4,ok
W1-Canada,4,2,w1,rf,RSw,2,6.73,3.365,592.0,0.43,4,ok
W1-Canada,4,2,w1,catboost_lo,F1kw,2,0.35,0.175,592.0,0.08,4,ok
W1-Canada,4,2,w1,catboost_lo,V2w,2,0.34,0.17,592.0,0.08,4,ok
W1-Canada,4,3,w1,catboost_lo,D0w,2,0.41,0.205,590.0,0.08,4,ok
W1-Canada,4,3,w1,catboost_lo,RSw,2,0.42,0.21,590.0,0.08,4,ok
W1-Canada,4,3,w1,catboost,D0w,2,3.81,1.905,590.0,0.55,4,ok
W1-Canada,4,3,w1,catboost,RSw,2,3.09,1.545,590.0,0.55,4,ok
W1-Canada,4,3,w1,rf,D0w,2,4.41,2.205,590.0,0.42,4,ok
W1-Canada,4,3,w1,rf,RSw,2,5.71,2.855,590.0,0.42,4,ok
W1-Canada,4,3,w1,catboost_lo,F1kw,2,0.53,0.265,590.0,0.08,4,ok
W1-Canada,4,3,w1,catboost_lo,V2w,2,0.41,0.205,590.0,0.08,4,ok
W1-Canada,4,4,w1,catboost_lo,D0w,2,0.38,0.19,626.0,0.08,4,ok
W1-Canada,4,4,w1,catboost_lo,RSw,2,0.41,0.205,626.0,0.08,4,ok
W1-Canada,4,4,w1,catboost,D0w,2,3.63,1.815,626.0,0.58,4,ok
W1-Canada,4,4,w1,catboost,RSw,2,2.89,1.445,626.0,0.58,4,ok
W1-Canada,4,4,w1,rf,D0w,2,4.68,2.34,626.0,0.45,4,ok
W1-Canada,4,4,w1,rf,RSw,2,5.94,2.97,626.0,0.45,4,ok
W1-Canada,4,4,w1,catboost_lo,F1kw,2,0.4,0.2,626.0,0.08,4,ok
W1-Canada,4,4,w1,catboost_lo,V2w,2,0.33,0.165,626.0,0.08,4,ok
W1-Canada,5,0,w1,catboost_lo,D0w,2,0.63,0.315,551.0,0.08,4,ok
W1-Canada,5,0,w1,catboost_lo,RSw,2,0.61,0.305,551.0,0.08,4,ok
W1-Canada,5,0,w1,catboost,D0w,2,2.68,1.34,551.0,0.52,4,ok
W1-Canada,5,0,w1,catboost,RSw,2,3.79,1.895,551.0,0.52,4,ok
W1-Canada,5,0,w1,rf,D0w,2,4.05,2.025,551.0,0.4,4,ok
W1-Canada,5,0,w1,rf,RSw,2,6.25,3.125,551.0,0.4,4,ok
W1-Canada,5,0,w1,catboost_lo,F1kw,2,0.89,0.445,551.0,0.08,4,ok
W1-Canada,5,0,w1,catboost_lo,V2w,2,0.72,0.36,551.0,0.08,4,ok
W1-Canada,5,1,w1,catboost_lo,D0w,2,0.31,0.155,629.0,0.08,4,ok
W1-Canada,5,1,w1,catboost_lo,RSw,2,0.3,0.15,629.0,0.08,4,ok
W1-Canada,5,1,w1,catboost,D0w,2,3.79,1.895,629.0,0.58,4,ok
W1-Canada,5,1,w1,catboost,RSw,2,2.82,1.41,629.0,0.58,4,ok
W1-Canada,5,1,w1,rf,D0w,2,4.92,2.46,629.0,0.45,4,ok
W1-Canada,5,1,w1,rf,RSw,2,4.91,2.455,629.0,0.45,4,ok
W1-Canada,5,1,w1,catboost_lo,F1kw,2,0.51,0.255,629.0,0.08,4,ok
W1-Canada,5,1,w1,catboost_lo,V2w,2,0.59,0.295,629.0,0.08,4,ok
W1-Canada,5,2,w1,catboost_lo,D0w,2,0.51,0.255,637.0,0.08,4,ok
W1-Canada,5,2,w1,catboost_lo,RSw,2,0.44,0.22,637.0,0.08,4,ok
W1-Canada,5,2,w1,catboost,D0w,2,2.46,1.23,637.0,0.59,4,ok
W1-Canada,5,2,w1,catboost,RSw,2,3.12,1.56,637.0,0.59,4,ok
W1-Canada,5,2,w1,rf,D0w,2,4.7,2.35,637.0,0.46,4,ok
W1-Canada,5,2,w1,rf,RSw,2,7.21,3.605,637.0,0.46,4,ok
W1-Canada,5,2,w1,catboost_lo,F1kw,2,0.34,0.17,637.0,0.08,4,ok
W1-Canada,5,2,w1,catboost_lo,V2w,2,0.27,0.135,637.0,0.08,4,ok
W1-Canada,5,3,w1,catboost_lo,D0w,2,0.39,0.195,640.0,0.08,4,ok
W1-Canada,5,3,w1,catboost_lo,RSw,2,0.38,0.19,640.0,0.08,4,ok
W1-Canada,5,3,w1,catboost,D0w,2,3.53,1.765,640.0,0.59,4,ok
W1-Canada,5,3,w1,catboost,RSw,2,3.59,1.795,640.0,0.59,4,ok
W1-Canada,5,3,w1,rf,D0w,2,6.31,3.155,640.0,0.46,4,ok
W1-Canada,5,3,w1,rf,RSw,2,4.62,2.31,640.0,0.46,4,ok
W1-Canada,5,3,w1,catboost_lo,F1kw,2,0.47,0.235,640.0,0.08,4,ok
W1-Canada,5,3,w1,catboost_lo,V2w,2,0.46,0.23,640.0,0.08,4,ok
W1-Canada,5,4,w1,catboost_lo,D0w,2,0.28,0.14,543.0,0.08,4,ok
W1-Canada,5,4,w1,catboost_lo,RSw,2,0.29,0.145,543.0,0.08,4,ok
W1-Canada,5,4,w1,catboost,D0w,2,3.27,1.635,543.0,0.52,4,ok
W1-Canada,5,4,w1,catboost,RSw,2,4.31,2.155,543.0,0.52,4,ok
W1-Canada,5,4,w1,rf,D0w,2,6.93,3.465,543.0,0.39,4,ok
W1-Canada,5,4,w1,rf,RSw,2,7.3,3.65,543.0,0.39,4,ok
W1-Canada,5,4,w1,catboost_lo,F1kw,2,0.43,0.215,543.0,0.08,4,ok
W1-Canada,5,4,w1,catboost_lo,V2w,2,0.42,0.21,543.0,0.08,4,ok
W1-Lena,1,0,w1,catboost_lo,D0w,2,0.56,0.28,2129.0,0.17,4,ok
W1-Lena,1,0,w1,catboost_lo,RSw,2,0.51,0.255,2129.0,0.17,4,ok
W1-Lena,1,0,w1,catboost,D0w,2,6.01,3.005,2129.0,1.54,4,ok
W1-Lena,1,0,w1,catboost,RSw,2,5.71,2.855,2129.0,1.54,4,ok
W1-Lena,1,0,w1,rf,D0w,2,6.79,3.395,2129.0,1.53,4,ok
W1-Lena,1,0,w1,rf,RSw,2,5.9,2.95,2129.0,1.53,4,ok
W1-Lena,1,0,w1,catboost_lo,F1kw,2,1.16,0.58,2129.0,0.17,4,ok
W1-Lena,1,0,w1,catboost_lo,V2w,2,0.58,0.29,2129.0,0.17,4,ok
W1-Lena,1,1,w1,catboost_lo,D0w,2,0.53,0.265,2598.0,0.2,4,ok
W1-Lena,1,1,w1,catboost_lo,RSw,2,0.55,0.275,2598.0,0.2,4,ok
W1-Lena,1,1,w1,catboost,D0w,2,3.25,1.625,2598.0,1.81,4,ok
W1-Lena,1,1,w1,catboost,RSw,2,3.72,1.86,2598.0,1.81,4,ok
W1-Lena,1,1,w1,rf,D0w,2,6.04,3.02,2598.0,1.87,4,ok
W1-Lena,1,1,w1,rf,RSw,2,6.61,3.305,2598.0,1.87,4,ok
W1-Lena,1,1,w1,catboost_lo,F1kw,2,0.72,0.36,2598.0,0.2,4,ok
W1-Lena,1,1,w1,catboost_lo,V2w,2,0.85,0.425,2598.0,0.2,4,ok
W1-Lena,1,2,w1,catboost_lo,D0w,2,0.7,0.35,2860.0,0.21,4,ok
W1-Lena,1,2,w1,catboost_lo,RSw,2,0.8,0.4,2860.0,0.21,4,ok
W1-Lena,1,2,w1,catboost,D0w,2,4.87,2.435,2860.0,1.95,4,ok
W1-Lena,1,2,w1,catboost,RSw,2,5.34,2.67,2860.0,1.95,4,ok
W1-Lena,1,2,w1,rf,D0w,2,6.72,3.36,2860.0,2.06,4,ok
W1-Lena,1,2,w1,rf,RSw,2,5.1,2.55,2860.0,2.06,4,ok
W1-Lena,1,2,w1,catboost_lo,F1kw,2,1.06,0.53,2860.0,0.21,4,ok
W1-Lena,1,2,w1,catboost_lo,V2w,2,1.03,0.515,2860.0,0.21,4,ok
W1-Lena,1,3,w1,catboost_lo,D0w,2,0.57,0.285,1699.0,0.15,4,ok
W1-Lena,1,3,w1,catboost_lo,RSw,2,0.58,0.29,1699.0,0.15,4,ok
W1-Lena,1,3,w1,catboost,D0w,2,3.51,1.755,1699.0,1.29,4,ok
W1-Lena,1,3,w1,catboost,RSw,2,3.68,1.84,1699.0,1.29,4,ok
W1-Lena,1,3,w1,rf,D0w,2,9.53,4.765,1699.0,1.22,4,ok
W1-Lena,1,3,w1,rf,RSw,2,5.87,2.935,1699.0,1.22,4,ok
W1-Lena,1,3,w1,catboost_lo,F1kw,2,1.02,0.51,1699.0,0.15,4,ok
W1-Lena,1,3,w1,catboost_lo,V2w,2,1.05,0.525,1699.0,0.15,4,ok
W1-Lena,1,4,w1,catboost_lo,D0w,2,1.12,0.56,2862.0,0.21,4,ok
W1-Lena,1,4,w1,catboost_lo,RSw,2,0.8,0.4,2862.0,0.21,4,ok
W1-Lena,1,4,w1,catboost,D0w,2,5.43,2.715,2862.0,1.95,4,ok
W1-Lena,1,4,w1,catboost,RSw,2,6.27,3.135,2862.0,1.95,4,ok
W1-Lena,1,4,w1,rf,D0w,2,6.99,3.495,2862.0,2.06,4,ok
W1-Lena,1,4,w1,rf,RSw,2,6.4,3.2,2862.0,2.06,4,ok
W1-Lena,1,4,w1,catboost_lo,F1kw,2,0.79,0.395,2862.0,0.21,4,ok
W1-Lena,1,4,w1,catboost_lo,V2w,2,0.76,0.38,2862.0,0.21,4,ok
W1-Lena,2,0,w1,catboost_lo,D0w,2,0.69,0.345,2781.0,0.2,4,ok
W1-Lena,2,0,w1,catboost_lo,RSw,2,0.57,0.285,2781.0,0.2,4,ok
W1-Lena,2,0,w1,catboost,D0w,2,2.98,1.49,2781.0,1.91,4,ok
W1-Lena,2,0,w1,catboost,RSw,2,4.64,2.32,2781.0,1.91,4,ok
W1-Lena,2,0,w1,rf,D0w,2,6.88,3.44,2781.0,2.0,4,ok
W1-Lena,2,0,w1,rf,RSw,2,9.25,4.625,2781.0,2.0,4,ok
W1-Lena,2,0,w1,catboost_lo,F1kw,2,0.43,0.215,2781.0,0.2,4,ok
W1-Lena,2,0,w1,catboost_lo,V2w,2,0.41,0.205,2781.0,0.2,4,ok
W1-Lena,2,1,w1,catboost_lo,D0w,2,0.55,0.275,2032.0,0.17,4,ok
W1-Lena,2,1,w1,catboost_lo,RSw,2,0.69,0.345,2032.0,0.17,4,ok
W1-Lena,2,1,w1,catboost,D0w,2,4.07,2.035,2032.0,1.48,4,ok
W1-Lena,2,1,w1,catboost,RSw,2,4.81,2.405,2032.0,1.48,4,ok
W1-Lena,2,1,w1,rf,D0w,2,5.59,2.795,2032.0,1.46,4,ok
W1-Lena,2,1,w1,rf,RSw,2,5.35,2.675,2032.0,1.46,4,ok
W1-Lena,2,1,w1,catboost_lo,F1kw,2,1.06,0.53,2032.0,0.17,4,ok
W1-Lena,2,1,w1,catboost_lo,V2w,2,0.85,0.425,2032.0,0.17,4,ok
W1-Lena,2,2,w1,catboost_lo,D0w,2,0.46,0.23,2690.0,0.2,4,ok
W1-Lena,2,2,w1,catboost_lo,RSw,2,0.52,0.26,2690.0,0.2,4,ok
W1-Lena,2,2,w1,catboost,D0w,2,4.77,2.385,2690.0,1.86,4,ok
W1-Lena,2,2,w1,catboost,RSw,2,4.01,2.005,2690.0,1.86,4,ok
W1-Lena,2,2,w1,rf,D0w,2,6.6,3.3,2690.0,1.93,4,ok
W1-Lena,2,2,w1,rf,RSw,2,6.52,3.26,2690.0,1.93,4,ok
W1-Lena,2,2,w1,catboost_lo,F1kw,2,0.84,0.42,2690.0,0.2,4,ok
W1-Lena,2,2,w1,catboost_lo,V2w,2,0.62,0.31,2690.0,0.2,4,ok
W1-Lena,2,3,w1,catboost_lo,D0w,2,0.7,0.35,1854.0,0.16,4,ok
W1-Lena,2,3,w1,catboost_lo,RSw,2,0.55,0.275,1854.0,0.16,4,ok
W1-Lena,2,3,w1,catboost,D0w,2,4.2,2.1,1854.0,1.38,4,ok
W1-Lena,2,3,w1,catboost,RSw,2,4.8,2.4,1854.0,1.38,4,ok
W1-Lena,2,3,w1,rf,D0w,2,5.77,2.885,1854.0,1.33,4,ok
W1-Lena,2,3,w1,rf,RSw,2,5.64,2.82,1854.0,1.33,4,ok
W1-Lena,2,3,w1,catboost_lo,F1kw,2,0.63,0.315,1854.0,0.16,4,ok
W1-Lena,2,3,w1,catboost_lo,V2w,2,0.77,0.385,1854.0,0.16,4,ok
W1-Lena,2,4,w1,catboost_lo,D0w,2,0.47,0.235,2791.0,0.21,4,ok
W1-Lena,2,4,w1,catboost_lo,RSw,2,0.51,0.255,2791.0,0.21,4,ok
W1-Lena,2,4,w1,catboost,D0w,2,3.54,1.77,2791.0,1.91,4,ok
W1-Lena,2,4,w1,catboost,RSw,2,3.74,1.87,2791.0,1.91,4,ok
W1-Lena,2,4,w1,rf,D0w,2,7.56,3.78,2791.0,2.01,4,ok
W1-Lena,2,4,w1,rf,RSw,2,7.64,3.82,2791.0,2.01,4,ok
W1-Lena,2,4,w1,catboost_lo,F1kw,2,1.35,0.675,2791.0,0.21,4,ok
W1-Lena,2,4,w1,catboost_lo,V2w,2,0.81,0.405,2791.0,0.21,4,ok
W1-Lena,3,0,w1,catboost_lo,D0w,2,0.81,0.405,2823.0,0.21,4,ok
W1-Lena,3,0,w1,catboost_lo,RSw,2,0.6,0.3,2823.0,0.21,4,ok
W1-Lena,3,0,w1,catboost,D0w,2,3.74,1.87,2823.0,1.93,4,ok
W1-Lena,3,0,w1,catboost,RSw,2,4.19,2.095,2823.0,1.93,4,ok
W1-Lena,3,0,w1,rf,D0w,2,7.5,3.75,2823.0,2.03,4,ok
W1-Lena,3,0,w1,rf,RSw,2,6.77,3.385,2823.0,2.03,4,ok
W1-Lena,3,0,w1,catboost_lo,F1kw,2,0.8,0.4,2823.0,0.21,4,ok
W1-Lena,3,0,w1,catboost_lo,V2w,2,0.68,0.34,2823.0,0.21,4,ok
W1-Lena,3,1,w1,catboost_lo,D0w,2,0.51,0.255,2834.0,0.21,4,ok
W1-Lena,3,1,w1,catboost_lo,RSw,2,0.54,0.27,2834.0,0.21,4,ok
W1-Lena,3,1,w1,catboost,D0w,2,3.96,1.98,2834.0,1.94,4,ok
W1-Lena,3,1,w1,catboost,RSw,2,4.94,2.47,2834.0,1.94,4,ok
W1-Lena,3,1,w1,rf,D0w,2,6.75,3.375,2834.0,2.04,4,ok
W1-Lena,3,1,w1,rf,RSw,2,7.41,3.705,2834.0,2.04,4,ok
W1-Lena,3,1,w1,catboost_lo,F1kw,2,0.59,0.295,2834.0,0.21,4,ok
W1-Lena,3,1,w1,catboost_lo,V2w,2,0.49,0.245,2834.0,0.21,4,ok
W1-Lena,3,2,w1,catboost_lo,D0w,2,0.5,0.25,1667.0,0.15,4,ok
W1-Lena,3,2,w1,catboost_lo,RSw,2,0.57,0.285,1667.0,0.15,4,ok
W1-Lena,3,2,w1,catboost,D0w,2,4.32,2.16,1667.0,1.27,4,ok
W1-Lena,3,2,w1,catboost,RSw,2,3.66,1.83,1667.0,1.27,4,ok
W1-Lena,3,2,w1,rf,D0w,2,6.77,3.385,1667.0,1.2,4,ok
W1-Lena,3,2,w1,rf,RSw,2,5.0,2.5,1667.0,1.2,4,ok
W1-Lena,3,2,w1,catboost_lo,F1kw,2,0.7,0.35,1667.0,0.15,4,ok
W1-Lena,3,2,w1,catboost_lo,V2w,2,0.54,0.27,1667.0,0.15,4,ok
W1-Lena,3,3,w1,catboost_lo,D0w,2,0.97,0.485,2142.0,0.17,4,ok
W1-Lena,3,3,w1,catboost_lo,RSw,2,1.21,0.605,2142.0,0.17,4,ok
W1-Lena,3,3,w1,catboost,D0w,2,3.61,1.805,2142.0,1.55,4,ok
W1-Lena,3,3,w1,catboost,RSw,2,3.22,1.61,2142.0,1.55,4,ok
W1-Lena,3,3,w1,rf,D0w,2,6.96,3.48,2142.0,1.54,4,ok
W1-Lena,3,3,w1,rf,RSw,2,7.82,3.91,2142.0,1.54,4,ok
W1-Lena,3,3,w1,catboost_lo,F1kw,2,0.79,0.395,2142.0,0.17,4,ok
W1-Lena,3,3,w1,catboost_lo,V2w,2,0.47,0.235,2142.0,0.17,4,ok
W1-Lena,3,4,w1,catboost_lo,D0w,2,0.59,0.295,2682.0,0.2,4,ok
W1-Lena,3,4,w1,catboost_lo,RSw,2,0.67,0.335,2682.0,0.2,4,ok
W1-Lena,3,4,w1,catboost,D0w,2,4.11,2.055,2682.0,1.85,4,ok
W1-Lena,3,4,w1,catboost,RSw,2,6.22,3.11,2682.0,1.85,4,ok
W1-Lena,3,4,w1,rf,D0w,2,6.55,3.275,2682.0,1.93,4,ok
W1-Lena,3,4,w1,rf,RSw,2,7.86,3.93,2682.0,1.93,4,ok
W1-Lena,3,4,w1,catboost_lo,F1kw,2,0.81,0.405,2682.0,0.2,4,ok
W1-Lena,3,4,w1,catboost_lo,V2w,2,0.61,0.305,2682.0,0.2,4,ok
W1-Lena,4,0,w1,catboost_lo,D0w,2,0.32,0.16,1854.0,0.16,4,ok
W1-Lena,4,0,w1,catboost_lo,RSw,2,0.33,0.165,1854.0,0.16,4,ok
W1-Lena,4,0,w1,catboost,D0w,2,2.82,1.41,1854.0,1.38,4,ok
W1-Lena,4,0,w1,catboost,RSw,2,4.84,2.42,1854.0,1.38,4,ok
W1-Lena,4,0,w1,rf,D0w,2,9.07,4.535,1854.0,1.33,4,ok
W1-Lena,4,0,w1,rf,RSw,2,7.59,3.795,1854.0,1.33,4,ok
W1-Lena,4,0,w1,catboost_lo,F1kw,2,0.54,0.27,1854.0,0.16,4,ok
W1-Lena,4,0,w1,catboost_lo,V2w,2,0.43,0.215,1854.0,0.16,4,ok
W1-Lena,4,1,w1,catboost_lo,D0w,2,0.79,0.395,2662.0,0.2,4,ok
W1-Lena,4,1,w1,catboost_lo,RSw,2,0.93,0.465,2662.0,0.2,4,ok
W1-Lena,4,1,w1,catboost,D0w,2,5.23,2.615,2662.0,1.84,4,ok
W1-Lena,4,1,w1,catboost,RSw,2,4.06,2.03,2662.0,1.84,4,ok
W1-Lena,4,1,w1,rf,D0w,2,8.2,4.1,2662.0,1.91,4,ok
W1-Lena,4,1,w1,rf,RSw,2,7.55,3.775,2662.0,1.91,4,ok
W1-Lena,4,1,w1,catboost_lo,F1kw,2,0.64,0.32,2662.0,0.2,4,ok
W1-Lena,4,1,w1,catboost_lo,V2w,2,0.69,0.345,2662.0,0.2,4,ok
W1-Lena,4,2,w1,catboost_lo,D0w,2,1.12,0.56,2844.0,0.21,4,ok
W1-Lena,4,2,w1,catboost_lo,RSw,2,1.31,0.655,2844.0,0.21,4,ok
W1-Lena,4,2,w1,catboost,D0w,2,4.38,2.19,2844.0,1.94,4,ok
W1-Lena,4,2,w1,catboost,RSw,2,3.7,1.85,2844.0,1.94,4,ok
W1-Lena,4,2,w1,rf,D0w,2,7.26,3.63,2844.0,2.04,4,ok
W1-Lena,4,2,w1,rf,RSw,2,6.55,3.275,2844.0,2.04,4,ok
W1-Lena,4,2,w1,catboost_lo,F1kw,2,0.59,0.295,2844.0,0.21,4,ok
W1-Lena,4,2,w1,catboost_lo,V2w,2,0.46,0.23,2844.0,0.21,4,ok
W1-Lena,4,3,w1,catboost_lo,D0w,2,0.58,0.29,1957.0,0.17,4,ok
W1-Lena,4,3,w1,catboost_lo,RSw,2,0.54,0.27,1957.0,0.17,4,ok
W1-Lena,4,3,w1,catboost,D0w,2,4.22,2.11,1957.0,1.44,4,ok
W1-Lena,4,3,w1,catboost,RSw,2,4.12,2.06,1957.0,1.44,4,ok
W1-Lena,4,3,w1,rf,D0w,2,4.73,2.365,1957.0,1.41,4,ok
W1-Lena,4,3,w1,rf,RSw,2,5.81,2.905,1957.0,1.41,4,ok
W1-Lena,4,3,w1,catboost_lo,F1kw,2,0.52,0.26,1957.0,0.17,4,ok
W1-Lena,4,3,w1,catboost_lo,V2w,2,0.59,0.295,1957.0,0.17,4,ok
W1-Lena,4,4,w1,catboost_lo,D0w,2,0.39,0.195,2831.0,0.21,4,ok
W1-Lena,4,4,w1,catboost_lo,RSw,2,0.39,0.195,2831.0,0.21,4,ok
W1-Lena,4,4,w1,catboost,D0w,2,3.59,1.795,2831.0,1.93,4,ok
W1-Lena,4,4,w1,catboost,RSw,2,3.15,1.575,2831.0,1.93,4,ok
W1-Lena,4,4,w1,rf,D0w,2,6.55,3.275,2831.0,2.03,4,ok
W1-Lena,4,4,w1,rf,RSw,2,7.55,3.775,2831.0,2.03,4,ok
W1-Lena,4,4,w1,catboost_lo,F1kw,2,0.54,0.27,2831.0,0.21,4,ok
W1-Lena,4,4,w1,catboost_lo,V2w,2,0.45,0.225,2831.0,0.21,4,ok
W1-Lena,5,0,w1,catboost_lo,D0w,2,0.79,0.395,2685.0,0.2,4,ok
W1-Lena,5,0,w1,catboost_lo,RSw,2,0.91,0.455,2685.0,0.2,4,ok
W1-Lena,5,0,w1,catboost,D0w,2,2.9,1.45,2685.0,1.85,4,ok
W1-Lena,5,0,w1,catboost,RSw,2,3.75,1.875,2685.0,1.85,4,ok
W1-Lena,5,0,w1,rf,D0w,2,6.86,3.43,2685.0,1.93,4,ok
W1-Lena,5,0,w1,rf,RSw,2,5.37,2.685,2685.0,1.93,4,ok
W1-Lena,5,0,w1,catboost_lo,F1kw,2,0.98,0.49,2685.0,0.2,4,ok
W1-Lena,5,0,w1,catboost_lo,V2w,2,0.82,0.41,2685.0,0.2,4,ok
W1-Lena,5,1,w1,catboost_lo,D0w,2,0.64,0.32,2831.0,0.21,4,ok
W1-Lena,5,1,w1,catboost_lo,RSw,2,0.86,0.43,2831.0,0.21,4,ok
W1-Lena,5,1,w1,catboost,D0w,2,5.5,2.75,2831.0,1.93,4,ok
W1-Lena,5,1,w1,catboost,RSw,2,3.9,1.95,2831.0,1.93,4,ok
W1-Lena,5,1,w1,rf,D0w,2,7.39,3.695,2831.0,2.03,4,ok
W1-Lena,5,1,w1,rf,RSw,2,5.85,2.925,2831.0,2.03,4,ok
W1-Lena,5,1,w1,catboost_lo,F1kw,2,0.5,0.25,2831.0,0.21,4,ok
W1-Lena,5,1,w1,catboost_lo,V2w,2,0.48,0.24,2831.0,0.21,4,ok
W1-Lena,5,2,w1,catboost_lo,D0w,2,0.6,0.3,2103.0,0.17,4,ok
W1-Lena,5,2,w1,catboost_lo,RSw,2,0.59,0.295,2103.0,0.17,4,ok
W1-Lena,5,2,w1,catboost,D0w,2,3.73,1.865,2103.0,1.52,4,ok
W1-Lena,5,2,w1,catboost,RSw,2,4.35,2.175,2103.0,1.52,4,ok
W1-Lena,5,2,w1,rf,D0w,2,6.13,3.065,2103.0,1.51,4,ok
W1-Lena,5,2,w1,rf,RSw,2,5.14,2.57,2103.0,1.51,4,ok
W1-Lena,5,2,w1,catboost_lo,F1kw,2,0.65,0.325,2103.0,0.17,4,ok
W1-Lena,5,2,w1,catboost_lo,V2w,2,0.97,0.485,2103.0,0.17,4,ok
W1-Lena,5,3,w1,catboost_lo,D0w,2,0.61,0.305,1742.0,0.15,4,ok
W1-Lena,5,3,w1,catboost_lo,RSw,2,1.01,0.505,1742.0,0.15,4,ok
W1-Lena,5,3,w1,catboost,D0w,2,5.41,2.705,1742.0,1.31,4,ok
W1-Lena,5,3,w1,catboost,RSw,2,3.21,1.605,1742.0,1.31,4,ok
W1-Lena,5,3,w1,rf,D0w,2,4.14,2.07,1742.0,1.25,4,ok
W1-Lena,5,3,w1,rf,RSw,2,4.42,2.21,1742.0,1.25,4,ok
W1-Lena,5,3,w1,catboost_lo,F1kw,2,0.61,0.305,1742.0,0.15,4,ok
W1-Lena,5,3,w1,catboost_lo,V2w,2,0.58,0.29,1742.0,0.15,4,ok
W1-Lena,5,4,w1,catboost_lo,D0w,2,1.06,0.53,2787.0,0.2,4,ok
W1-Lena,5,4,w1,catboost_lo,RSw,2,0.79,0.395,2787.0,0.2,4,ok
W1-Lena,5,4,w1,catboost,D0w,2,4.98,2.49,2787.0,1.91,4,ok
W1-Lena,5,4,w1,catboost,RSw,2,3.35,1.675,2787.0,1.91,4,ok
W1-Lena,5,4,w1,rf,D0w,2,4.79,2.395,2787.0,2.0,4,ok
W1-Lena,5,4,w1,rf,RSw,2,5.79,2.895,2787.0,2.0,4,ok
W1-Lena,5,4,w1,catboost_lo,F1kw,2,0.76,0.38,2787.0,0.2,4,ok
W1-Lena,5,4,w1,catboost_lo,V2w,2,0.86,0.43,2787.0,0.2,4,ok
W2-Alaska,1,0,w2,catboost_lo,D0,2,1.99,0.995,12573.0,0.51,4,ok
W2-Alaska,1,0,w2,catboost_lo,R1w,2,1.84,0.92,12573.0,0.51,4,ok
W2-Alaska,1,0,w2,catboost,D0,2,10.01,5.005,12573.0,6.37,4,ok
W2-Alaska,1,0,w2,catboost,R1w,2,8.89,4.445,12573.0,6.37,4,ok
W2-Alaska,1,0,w2,rf,D0,2,21.34,10.67,12573.0,9.03,4,ok
W2-Alaska,1,0,w2,rf,R1w,2,21.27,10.635,12573.0,9.03,4,ok
W2-Alaska,1,0,w2,catboost_lo,F1k,2,2.15,1.075,12573.0,0.51,4,ok
W2-Alaska,1,0,w2,catboost_lo,V2,2,2.34,1.17,12573.0,0.51,4,ok
W2-Alaska,1,0,w2,catboost_lo,R0,2,1.62,0.81,12573.0,0.51,4,ok
W2-Alaska,1,0,w2,catboost_lo,RMw,2,1.3,0.65,12573.0,0.51,4,ok
W2-Alaska,1,0,w2_nest,catboost_lo,R1w@nest,4,3.58,0.895,10394.75,0.9,4,ok
W2-Alaska,1,1,w2,catboost_lo,D0,2,3.16,1.58,15533.0,0.57,4,ok
W2-Alaska,1,1,w2,catboost_lo,R1w,2,2.3,1.15,15533.0,0.57,4,ok
W2-Alaska,1,1,w2,catboost,D0,2,11.69,5.845,15533.0,7.55,4,ok
W2-Alaska,1,1,w2,catboost,R1w,2,12.55,6.275,15533.0,7.55,4,ok
W2-Alaska,1,1,w2,rf,D0,2,25.95,12.975,15533.0,11.16,4,ok
W2-Alaska,1,1,w2,rf,R1w,2,28.07,14.035,15533.0,11.16,4,ok
W2-Alaska,1,1,w2,catboost_lo,F1k,2,1.99,0.995,15533.0,0.57,4,ok
W2-Alaska,1,1,w2,catboost_lo,V2,2,2.23,1.115,15533.0,0.57,4,ok
W2-Alaska,1,1,w2,catboost_lo,R0,2,2.56,1.28,15533.0,0.57,4,ok
W2-Alaska,1,1,w2,catboost_lo,RMw,2,2.18,1.09,15533.0,0.57,4,ok
W2-Alaska,1,1,w2_nest,catboost_lo,R1w@nest,4,3.77,0.9425,12614.75,1.01,4,ok
W2-Alaska,1,2,w2,catboost_lo,D0,2,1.96,0.98,15726.0,0.58,4,ok
W2-Alaska,1,2,w2,catboost_lo,R1w,2,2.56,1.28,15726.0,0.58,4,ok
W2-Alaska,1,2,w2,catboost,D0,2,13.41,6.705,15726.0,7.62,4,ok
W2-Alaska,1,2,w2,catboost,R1w,2,14.44,7.22,15726.0,7.62,4,ok
W2-Alaska,1,2,w2,rf,D0,2,24.06,12.03,15726.0,11.3,4,ok
W2-Alaska,1,2,w2,rf,R1w,2,25.74,12.87,15726.0,11.3,4,ok
W2-Alaska,1,2,w2,catboost_lo,F1k,2,2.55,1.275,15726.0,0.58,4,ok
W2-Alaska,1,2,w2,catboost_lo,V2,2,2.01,1.005,15726.0,0.58,4,ok
W2-Alaska,1,2,w2,catboost_lo,R0,2,2.39,1.195,15726.0,0.58,4,ok
W2-Alaska,1,2,w2,catboost_lo,RMw,2,2.26,1.13,15726.0,0.58,4,ok
W2-Alaska,1,2,w2_nest,catboost_lo,R1w@nest,4,3.86,0.965,12759.5,1.02,4,ok
W2-Alaska,1,3,w2,catboost_lo,D0,2,2.43,1.215,14906.0,0.56,4,ok
W2-Alaska,1,3,w2,catboost_lo,R1w,2,2.02,1.01,14906.0,0.56,4,ok
W2-Alaska,1,3,w2,catboost,D0,2,12.56,6.28,14906.0,7.3,4,ok
W2-Alaska,1,3,w2,catboost,R1w,2,11.1,5.55,14906.0,7.3,4,ok
W2-Alaska,1,3,w2,rf,D0,2,28.55,14.275,14906.0,10.71,4,ok
W2-Alaska,1,3,w2,rf,R1w,2,26.28,13.14,14906.0,10.71,4,ok
W2-Alaska,1,3,w2,catboost_lo,F1k,2,3.3,1.65,14906.0,0.56,4,ok
W2-Alaska,1,3,w2,catboost_lo,V2,2,3.82,1.91,14906.0,0.56,4,ok
W2-Alaska,1,3,w2,catboost_lo,R0,2,2.36,1.18,14906.0,0.56,4,ok
W2-Alaska,1,3,w2,catboost_lo,RMw,2,2.63,1.315,14906.0,0.56,4,ok
W2-Alaska,1,3,w2_nest,catboost_lo,R1w@nest,4,5.0,1.25,12144.5,0.99,4,ok
W2-Alaska,1,4,w2,catboost_lo,D0,2,2.91,1.455,14986.0,0.56,4,ok
W2-Alaska,1,4,w2,catboost_lo,R1w,2,2.06,1.03,14986.0,0.56,4,ok
W2-Alaska,1,4,w2,catboost,D0,2,11.81,5.905,14986.0,7.34,4,ok
W2-Alaska,1,4,w2,catboost,R1w,2,11.38,5.69,14986.0,7.34,4,ok
W2-Alaska,1,4,w2,rf,D0,2,20.47,10.235,14986.0,10.77,4,ok
W2-Alaska,1,4,w2,rf,R1w,2,24.76,12.38,14986.0,10.77,4,ok
W2-Alaska,1,4,w2,catboost_lo,F1k,2,2.3,1.15,14986.0,0.56,4,ok
W2-Alaska,1,4,w2,catboost_lo,V2,2,1.92,0.96,14986.0,0.56,4,ok
W2-Alaska,1,4,w2,catboost_lo,R0,2,2.65,1.325,14986.0,0.56,4,ok
W2-Alaska,1,4,w2,catboost_lo,RMw,2,2.09,1.045,14986.0,0.56,4,ok
W2-Alaska,1,4,w2_nest,catboost_lo,R1w@nest,4,4.1,1.025,12204.5,0.99,4,ok
W2-Alaska,2,0,w2,catboost_lo,D0,2,3.24,1.62,15492.0,0.57,4,ok
W2-Alaska,2,0,w2,catboost_lo,R1w,2,2.76,1.38,15492.0,0.57,4,ok
W2-Alaska,2,0,w2,catboost,D0,2,14.45,7.225,15492.0,7.53,4,ok
W2-Alaska,2,0,w2,catboost,R1w,2,10.74,5.37,15492.0,7.53,4,ok
W2-Alaska,2,0,w2,rf,D0,2,24.79,12.395,15492.0,11.13,4,ok
W2-Alaska,2,0,w2,rf,R1w,2,31.8,15.9,15492.0,11.13,4,ok
W2-Alaska,2,0,w2,catboost_lo,F1k,2,2.91,1.455,15492.0,0.57,4,ok
W2-Alaska,2,0,w2,catboost_lo,V2,2,2.7,1.35,15492.0,0.57,4,ok
W2-Alaska,2,0,w2,catboost_lo,R0,2,2.33,1.165,15492.0,0.57,4,ok
W2-Alaska,2,0,w2,catboost_lo,RMw,2,2.42,1.21,15492.0,0.57,4,ok
W2-Alaska,2,0,w2_nest,catboost_lo,R1w@nest,4,5.2,1.3,12584.0,1.01,4,ok
W2-Alaska,2,1,w2,catboost_lo,D0,2,1.93,0.965,12365.0,0.5,4,ok
W2-Alaska,2,1,w2,catboost_lo,R1w,2,2.13,1.065,12365.0,0.5,4,ok
W2-Alaska,2,1,w2,catboost,D0,2,9.59,4.795,12365.0,6.29,4,ok
W2-Alaska,2,1,w2,catboost,R1w,2,9.93,4.965,12365.0,6.29,4,ok
W2-Alaska,2,1,w2,rf,D0,2,21.92,10.96,12365.0,8.89,4,ok
W2-Alaska,2,1,w2,rf,R1w,2,21.75,10.875,12365.0,8.89,4,ok
W2-Alaska,2,1,w2,catboost_lo,F1k,2,1.5,0.75,12365.0,0.5,4,ok
W2-Alaska,2,1,w2,catboost_lo,V2,2,1.42,0.71,12365.0,0.5,4,ok
W2-Alaska,2,1,w2,catboost_lo,R0,2,1.97,0.985,12365.0,0.5,4,ok
W2-Alaska,2,1,w2,catboost_lo,RMw,2,1.65,0.825,12365.0,0.5,4,ok
W2-Alaska,2,1,w2_nest,catboost_lo,R1w@nest,4,3.27,0.8175,10238.75,0.89,4,ok
W2-Alaska,2,2,w2,catboost_lo,D0,2,1.94,0.97,15512.0,0.57,4,ok
W2-Alaska,2,2,w2,catboost_lo,R1w,2,2.06,1.03,15512.0,0.57,4,ok
W2-Alaska,2,2,w2,catboost,D0,2,15.68,7.84,15512.0,7.54,4,ok
W2-Alaska,2,2,w2,catboost,R1w,2,14.58,7.29,15512.0,7.54,4,ok
W2-Alaska,2,2,w2,rf,D0,2,23.97,11.985,15512.0,11.15,4,ok
W2-Alaska,2,2,w2,rf,R1w,2,28.59,14.295,15512.0,11.15,4,ok
W2-Alaska,2,2,w2,catboost_lo,F1k,2,2.14,1.07,15512.0,0.57,4,ok
W2-Alaska,2,2,w2,catboost_lo,V2,2,2.63,1.315,15512.0,0.57,4,ok
W2-Alaska,2,2,w2,catboost_lo,R0,2,2.03,1.015,15512.0,0.57,4,ok
W2-Alaska,2,2,w2,catboost_lo,RMw,2,1.8,0.9,15512.0,0.57,4,ok
W2-Alaska,2,2,w2_nest,catboost_lo,R1w@nest,4,4.5,1.125,12599.0,1.01,4,ok
W2-Alaska,2,3,w2,catboost_lo,D0,2,2.56,1.28,14847.0,0.56,4,ok
W2-Alaska,2,3,w2,catboost_lo,R1w,2,1.62,0.81,14847.0,0.56,4,ok
W2-Alaska,2,3,w2,catboost,D0,2,13.1,6.55,14847.0,7.28,4,ok
W2-Alaska,2,3,w2,catboost,R1w,2,10.21,5.105,14847.0,7.28,4,ok
W2-Alaska,2,3,w2,rf,D0,2,18.37,9.185,14847.0,10.67,4,ok
W2-Alaska,2,3,w2,rf,R1w,2,24.52,12.26,14847.0,10.67,4,ok
W2-Alaska,2,3,w2,catboost_lo,F1k,2,1.7,0.85,14847.0,0.56,4,ok
W2-Alaska,2,3,w2,catboost_lo,V2,2,2.0,1.0,14847.0,0.56,4,ok
W2-Alaska,2,3,w2,catboost_lo,R0,2,1.94,0.97,14847.0,0.56,4,ok
W2-Alaska,2,3,w2,catboost_lo,RMw,2,2.13,1.065,14847.0,0.56,4,ok
W2-Alaska,2,3,w2_nest,catboost_lo,R1w@nest,4,3.73,0.9325,12100.25,0.99,4,ok
W2-Alaska,2,4,w2,catboost_lo,D0,2,2.06,1.03,15508.0,0.57,4,ok
W2-Alaska,2,4,w2,catboost_lo,R1w,2,1.98,0.99,15508.0,0.57,4,ok
W2-Alaska,2,4,w2,catboost,D0,2,9.98,4.99,15508.0,7.54,4,ok
W2-Alaska,2,4,w2,catboost,R1w,2,10.42,5.21,15508.0,7.54,4,ok
W2-Alaska,2,4,w2,rf,D0,2,19.89,9.945,15508.0,11.14,4,ok
W2-Alaska,2,4,w2,rf,R1w,2,20.54,10.27,15508.0,11.14,4,ok
W2-Alaska,2,4,w2,catboost_lo,F1k,2,2.97,1.485,15508.0,0.57,4,ok
W2-Alaska,2,4,w2,catboost_lo,V2,2,1.44,0.72,15508.0,0.57,4,ok
W2-Alaska,2,4,w2,catboost_lo,R0,2,1.19,0.595,15508.0,0.57,4,ok
W2-Alaska,2,4,w2,catboost_lo,RMw,2,1.42,0.71,15508.0,0.57,4,ok
W2-Alaska,2,4,w2_nest,catboost_lo,R1w@nest,4,3.07,0.7675,12596.0,1.01,4,ok
W2-Alaska,3,0,w2,catboost_lo,D0,2,2.52,1.26,14488.0,0.55,4,ok
W2-Alaska,3,0,w2,catboost_lo,R1w,2,2.15,1.075,14488.0,0.55,4,ok
W2-Alaska,3,0,w2,catboost,D0,2,17.37,8.685,14488.0,7.14,4,ok
W2-Alaska,3,0,w2,catboost,R1w,2,12.58,6.29,14488.0,7.14,4,ok
W2-Alaska,3,0,w2,rf,D0,2,22.82,11.41,14488.0,10.41,4,ok
W2-Alaska,3,0,w2,rf,R1w,2,24.64,12.32,14488.0,10.41,4,ok
W2-Alaska,3,0,w2,catboost_lo,F1k,2,1.97,0.985,14488.0,0.55,4,ok
W2-Alaska,3,0,w2,catboost_lo,V2,2,2.09,1.045,14488.0,0.55,4,ok
W2-Alaska,3,0,w2,catboost_lo,R0,2,3.38,1.69,14488.0,0.55,4,ok
W2-Alaska,3,0,w2,catboost_lo,RMw,2,2.78,1.39,14488.0,0.55,4,ok
W2-Alaska,3,0,w2_nest,catboost_lo,R1w@nest,4,3.84,0.96,11831.0,0.97,4,ok
W2-Alaska,3,1,w2,catboost_lo,D0,2,1.34,0.67,12111.0,0.49,4,ok
W2-Alaska,3,1,w2,catboost_lo,R1w,2,1.52,0.76,12111.0,0.49,4,ok
W2-Alaska,3,1,w2,catboost,D0,2,9.4,4.7,12111.0,6.19,4,ok
W2-Alaska,3,1,w2,catboost,R1w,2,7.55,3.775,12111.0,6.19,4,ok
W2-Alaska,3,1,w2,rf,D0,2,16.67,8.335,12111.0,8.7,4,ok
W2-Alaska,3,1,w2,rf,R1w,2,16.78,8.39,12111.0,8.7,4,ok
W2-Alaska,3,1,w2,catboost_lo,F1k,2,1.28,0.64,12111.0,0.49,4,ok
W2-Alaska,3,1,w2,catboost_lo,V2,2,1.44,0.72,12111.0,0.49,4,ok
W2-Alaska,3,1,w2,catboost_lo,R0,2,1.26,0.63,12111.0,0.49,4,ok
W2-Alaska,3,1,w2,catboost_lo,RMw,2,1.48,0.74,12111.0,0.49,4,ok
W2-Alaska,3,1,w2_nest,catboost_lo,R1w@nest,4,2.86,0.715,10048.25,0.88,4,ok
W2-Alaska,3,2,w2,catboost_lo,D0,2,2.45,1.225,15771.0,0.58,4,ok
W2-Alaska,3,2,w2,catboost_lo,R1w,2,3.21,1.605,15771.0,0.58,4,ok
W2-Alaska,3,2,w2,catboost,D0,2,14.4,7.2,15771.0,7.64,4,ok
W2-Alaska,3,2,w2,catboost,R1w,2,10.86,5.43,15771.0,7.64,4,ok
W2-Alaska,3,2,w2,rf,D0,2,25.87,12.935,15771.0,11.33,4,ok
W2-Alaska,3,2,w2,rf,R1w,2,27.24,13.62,15771.0,11.33,4,ok
W2-Alaska,3,2,w2,catboost_lo,F1k,2,3.6,1.8,15771.0,0.58,4,ok
W2-Alaska,3,2,w2,catboost_lo,V2,2,2.3,1.15,15771.0,0.58,4,ok
W2-Alaska,3,2,w2,catboost_lo,R0,2,2.41,1.205,15771.0,0.58,4,ok
W2-Alaska,3,2,w2,catboost_lo,RMw,2,2.16,1.08,15771.0,0.58,4,ok
W2-Alaska,3,2,w2_nest,catboost_lo,R1w@nest,4,4.35,1.0875,12793.25,1.02,4,ok
W2-Alaska,3,3,w2,catboost_lo,D0,2,1.66,0.83,15642.0,0.58,4,ok
W2-Alaska,3,3,w2,catboost_lo,R1w,2,1.51,0.755,15642.0,0.58,4,ok
W2-Alaska,3,3,w2,catboost,D0,2,8.37,4.185,15642.0,7.59,4,ok
W2-Alaska,3,3,w2,catboost,R1w,2,7.38,3.69,15642.0,7.59,4,ok
W2-Alaska,3,3,w2,rf,D0,2,19.34,9.67,15642.0,11.24,4,ok
W2-Alaska,3,3,w2,rf,R1w,2,21.08,10.54,15642.0,11.24,4,ok
W2-Alaska,3,3,w2,catboost_lo,F1k,2,2.22,1.11,15642.0,0.58,4,ok
W2-Alaska,3,3,w2,catboost_lo,V2,2,1.88,0.94,15642.0,0.58,4,ok
W2-Alaska,3,3,w2,catboost_lo,R0,2,1.52,0.76,15642.0,0.58,4,ok
W2-Alaska,3,3,w2,catboost_lo,RMw,2,1.28,0.64,15642.0,0.58,4,ok
W2-Alaska,3,3,w2_nest,catboost_lo,R1w@nest,4,3.06,0.765,12696.5,1.02,4,ok
W2-Alaska,3,4,w2,catboost_lo,D0,2,1.33,0.665,15712.0,0.58,4,ok
W2-Alaska,3,4,w2,catboost_lo,R1w,2,1.39,0.695,15712.0,0.58,4,ok
W2-Alaska,3,4,w2,catboost,D0,2,7.74,3.87,15712.0,7.62,4,ok
W2-Alaska,3,4,w2,catboost,R1w,2,8.58,4.29,15712.0,7.62,4,ok
W2-Alaska,3,4,w2,rf,D0,2,21.69,10.845,15712.0,11.29,4,ok
W2-Alaska,3,4,w2,rf,R1w,2,21.76,10.88,15712.0,11.29,4,ok
W2-Alaska,3,4,w2,catboost_lo,F1k,2,2.71,1.355,15712.0,0.58,4,ok
W2-Alaska,3,4,w2,catboost_lo,V2,2,1.76,0.88,15712.0,0.58,4,ok
W2-Alaska,3,4,w2,catboost_lo,R0,2,1.79,0.895,15712.0,0.58,4,ok
W2-Alaska,3,4,w2,catboost_lo,RMw,2,1.77,0.885,15712.0,0.58,4,ok
W2-Alaska,3,4,w2_nest,catboost_lo,R1w@nest,4,3.61,0.9025,12749.0,1.02,4,ok
W2-Alaska,4,0,w2,catboost_lo,D0,2,2.48,1.24,15528.0,0.57,4,ok
W2-Alaska,4,0,w2,catboost_lo,R1w,2,2.6,1.3,15528.0,0.57,4,ok
W2-Alaska,4,0,w2,catboost,D0,2,10.96,5.48,15528.0,7.55,4,ok
W2-Alaska,4,0,w2,catboost,R1w,2,14.04,7.02,15528.0,7.55,4,ok
W2-Alaska,4,0,w2,rf,D0,2,23.96,11.98,15528.0,11.16,4,ok
W2-Alaska,4,0,w2,rf,R1w,2,29.71,14.855,15528.0,11.16,4,ok
W2-Alaska,4,0,w2,catboost_lo,F1k,2,1.57,0.785,15528.0,0.57,4,ok
W2-Alaska,4,0,w2,catboost_lo,V2,2,2.34,1.17,15528.0,0.57,4,ok
W2-Alaska,4,0,w2,catboost_lo,R0,2,2.66,1.33,15528.0,0.57,4,ok
W2-Alaska,4,0,w2,catboost_lo,RMw,2,2.1,1.05,15528.0,0.57,4,ok
W2-Alaska,4,0,w2_nest,catboost_lo,R1w@nest,4,5.15,1.2875,12611.0,1.01,4,ok
W2-Alaska,4,1,w2,catboost_lo,D0,2,1.61,0.805,15290.0,0.57,4,ok
W2-Alaska,4,1,w2,catboost_lo,R1w,2,1.64,0.82,15290.0,0.57,4,ok
W2-Alaska,4,1,w2,catboost,D0,2,10.73,5.365,15290.0,7.45,4,ok
W2-Alaska,4,1,w2,catboost,R1w,2,7.46,3.73,15290.0,7.45,4,ok
W2-Alaska,4,1,w2,rf,D0,2,19.4,9.7,15290.0,10.99,4,ok
W2-Alaska,4,1,w2,rf,R1w,2,19.8,9.9,15290.0,10.99,4,ok
W2-Alaska,4,1,w2,catboost_lo,F1k,2,1.54,0.77,15290.0,0.57,4,ok
W2-Alaska,4,1,w2,catboost_lo,V2,2,1.48,0.74,15290.0,0.57,4,ok
W2-Alaska,4,1,w2,catboost_lo,R0,2,1.42,0.71,15290.0,0.57,4,ok
W2-Alaska,4,1,w2,catboost_lo,RMw,2,3.03,1.515,15290.0,0.57,4,ok
W2-Alaska,4,1,w2_nest,catboost_lo,R1w@nest,4,3.37,0.8425,12432.5,1.0,4,ok
W2-Alaska,4,2,w2,catboost_lo,D0,2,2.76,1.38,15603.0,0.58,4,ok
W2-Alaska,4,2,w2,catboost_lo,R1w,2,3.31,1.655,15603.0,0.58,4,ok
W2-Alaska,4,2,w2,catboost,D0,2,11.91,5.955,15603.0,7.58,4,ok
W2-Alaska,4,2,w2,catboost,R1w,2,11.93,5.965,15603.0,7.58,4,ok
W2-Alaska,4,2,w2,rf,D0,2,24.16,12.08,15603.0,11.21,4,ok
W2-Alaska,4,2,w2,rf,R1w,2,25.27,12.635,15603.0,11.21,4,ok
W2-Alaska,4,2,w2,catboost_lo,F1k,2,3.11,1.555,15603.0,0.58,4,ok
W2-Alaska,4,2,w2,catboost_lo,V2,2,2.73,1.365,15603.0,0.58,4,ok
W2-Alaska,4,2,w2,catboost_lo,R0,2,2.09,1.045,15603.0,0.58,4,ok
W2-Alaska,4,2,w2,catboost_lo,RMw,2,1.83,0.915,15603.0,0.58,4,ok
W2-Alaska,4,2,w2_nest,catboost_lo,R1w@nest,4,4.08,1.02,12667.25,1.02,4,ok
W2-Alaska,4,3,w2,catboost_lo,D0,2,1.38,0.69,11703.0,0.48,4,ok
W2-Alaska,4,3,w2,catboost_lo,R1w,2,1.51,0.755,11703.0,0.48,4,ok
W2-Alaska,4,3,w2,catboost,D0,2,6.85,3.425,11703.0,6.02,4,ok
W2-Alaska,4,3,w2,catboost,R1w,2,8.05,4.025,11703.0,6.02,4,ok
W2-Alaska,4,3,w2,rf,D0,2,13.52,6.76,11703.0,8.41,4,ok
W2-Alaska,4,3,w2,rf,R1w,2,16.48,8.24,11703.0,8.41,4,ok
W2-Alaska,4,3,w2,catboost_lo,F1k,2,1.26,0.63,11703.0,0.48,4,ok
W2-Alaska,4,3,w2,catboost_lo,V2,2,1.39,0.695,11703.0,0.48,4,ok
W2-Alaska,4,3,w2,catboost_lo,R0,2,1.41,0.705,11703.0,0.48,4,ok
W2-Alaska,4,3,w2,catboost_lo,RMw,2,1.2,0.6,11703.0,0.48,4,ok
W2-Alaska,4,3,w2_nest,catboost_lo,R1w@nest,4,2.09,0.5225,9742.25,0.87,4,ok
W2-Alaska,4,4,w2,catboost_lo,D0,2,2.17,1.085,15600.0,0.58,4,ok
W2-Alaska,4,4,w2,catboost_lo,R1w,2,2.55,1.275,15600.0,0.58,4,ok
W2-Alaska,4,4,w2,catboost,D0,2,11.11,5.555,15600.0,7.58,4,ok
W2-Alaska,4,4,w2,catboost,R1w,2,10.99,5.495,15600.0,7.58,4,ok
W2-Alaska,4,4,w2,rf,D0,2,19.6,9.8,15600.0,11.21,4,ok
W2-Alaska,4,4,w2,rf,R1w,2,26.03,13.015,15600.0,11.21,4,ok
W2-Alaska,4,4,w2,catboost_lo,F1k,2,2.61,1.305,15600.0,0.58,4,ok
W2-Alaska,4,4,w2,catboost_lo,V2,2,1.64,0.82,15600.0,0.58,4,ok
W2-Alaska,4,4,w2,catboost_lo,R0,2,1.33,0.665,15600.0,0.58,4,ok
W2-Alaska,4,4,w2,catboost_lo,RMw,2,2.52,1.26,15600.0,0.58,4,ok
W2-Alaska,4,4,w2_nest,catboost_lo,R1w@nest,4,3.43,0.8575,12665.0,1.01,4,ok
W2-Alaska,5,0,w2,catboost_lo,D0,2,2.48,1.24,15233.0,0.57,4,ok
W2-Alaska,5,0,w2,catboost_lo,R1w,2,1.52,0.76,15233.0,0.57,4,ok
W2-Alaska,5,0,w2,catboost,D0,2,6.97,3.485,15233.0,7.43,4,ok
W2-Alaska,5,0,w2,catboost,R1w,2,9.05,4.525,15233.0,7.43,4,ok
W2-Alaska,5,0,w2,rf,D0,2,17.5,8.75,15233.0,10.95,4,ok
W2-Alaska,5,0,w2,rf,R1w,2,18.86,9.43,15233.0,10.95,4,ok
W2-Alaska,5,0,w2,catboost_lo,F1k,2,2.06,1.03,15233.0,0.57,4,ok
W2-Alaska,5,0,w2,catboost_lo,V2,2,1.78,0.89,15233.0,0.57,4,ok
W2-Alaska,5,0,w2,catboost_lo,R0,2,1.16,0.58,15233.0,0.57,4,ok
W2-Alaska,5,0,w2,catboost_lo,RMw,2,1.35,0.675,15233.0,0.57,4,ok
W2-Alaska,5,0,w2_nest,catboost_lo,R1w@nest,4,2.51,0.6275,12389.75,1.0,4,ok
W2-Alaska,5,1,w2,catboost_lo,D0,2,1.14,0.57,15228.0,0.57,4,ok
W2-Alaska,5,1,w2,catboost_lo,R1w,2,1.37,0.685,15228.0,0.57,4,ok
W2-Alaska,5,1,w2,catboost,D0,2,7.83,3.915,15228.0,7.43,4,ok
W2-Alaska,5,1,w2,catboost,R1w,2,7.67,3.835,15228.0,7.43,4,ok
W2-Alaska,5,1,w2,rf,D0,2,18.66,9.33,15228.0,10.94,4,ok
W2-Alaska,5,1,w2,rf,R1w,2,19.19,9.595,15228.0,10.94,4,ok
W2-Alaska,5,1,w2,catboost_lo,F1k,2,1.91,0.955,15228.0,0.57,4,ok
W2-Alaska,5,1,w2,catboost_lo,V2,2,1.55,0.775,15228.0,0.57,4,ok
W2-Alaska,5,1,w2,catboost_lo,R0,2,1.13,0.565,15228.0,0.57,4,ok
W2-Alaska,5,1,w2,catboost_lo,RMw,2,1.58,0.79,15228.0,0.57,4,ok
W2-Alaska,5,1,w2_nest,catboost_lo,R1w@nest,4,2.8,0.7,12386.0,1.0,4,ok
W2-Alaska,5,2,w2,catboost_lo,D0,2,2.35,1.175,15260.0,0.57,4,ok
W2-Alaska,5,2,w2,catboost_lo,R1w,2,2.05,1.025,15260.0,0.57,4,ok
W2-Alaska,5,2,w2,catboost,D0,2,10.75,5.375,15260.0,7.44,4,ok
W2-Alaska,5,2,w2,catboost,R1w,2,11.19,5.595,15260.0,7.44,4,ok
W2-Alaska,5,2,w2,rf,D0,2,21.41,10.705,15260.0,10.97,4,ok
W2-Alaska,5,2,w2,rf,R1w,2,22.67,11.335,15260.0,10.97,4,ok
W2-Alaska,5,2,w2,catboost_lo,F1k,2,1.88,0.94,15260.0,0.57,4,ok
W2-Alaska,5,2,w2,catboost_lo,V2,2,2.74,1.37,15260.0,0.57,4,ok
W2-Alaska,5,2,w2,catboost_lo,R0,2,1.83,0.915,15260.0,0.57,4,ok
W2-Alaska,5,2,w2,catboost_lo,RMw,2,1.51,0.755,15260.0,0.57,4,ok
W2-Alaska,5,2,w2_nest,catboost_lo,R1w@nest,4,3.76,0.94,12410.0,1.0,4,ok
W2-Alaska,5,3,w2,catboost_lo,D0,2,1.54,0.77,15253.0,0.57,4,ok
W2-Alaska,5,3,w2,catboost_lo,R1w,2,1.46,0.73,15253.0,0.57,4,ok
W2-Alaska,5,3,w2,catboost,D0,2,7.92,3.96,15253.0,7.44,4,ok
W2-Alaska,5,3,w2,catboost,R1w,2,7.99,3.995,15253.0,7.44,4,ok
W2-Alaska,5,3,w2,rf,D0,2,17.57,8.785,15253.0,10.96,4,ok
W2-Alaska,5,3,w2,rf,R1w,2,18.98,9.49,15253.0,10.96,4,ok
W2-Alaska,5,3,w2,catboost_lo,F1k,2,2.1,1.05,15253.0,0.57,4,ok
W2-Alaska,5,3,w2,catboost_lo,V2,2,2.4,1.2,15253.0,0.57,4,ok
W2-Alaska,5,3,w2,catboost_lo,R0,2,1.71,0.855,15253.0,0.57,4,ok
W2-Alaska,5,3,w2,catboost_lo,RMw,2,2.15,1.075,15253.0,0.57,4,ok
W2-Alaska,5,3,w2_nest,catboost_lo,R1w@nest,4,2.98,0.745,12404.75,1.0,4,ok
W2-Alaska,5,4,w2,catboost_lo,D0,2,2.23,1.115,12750.0,0.51,4,ok
W2-Alaska,5,4,w2,catboost_lo,R1w,2,2.58,1.29,12750.0,0.51,4,ok
W2-Alaska,5,4,w2,catboost,D0,2,14.29,7.145,12750.0,6.45,4,ok
W2-Alaska,5,4,w2,catboost,R1w,2,9.16,4.58,12750.0,6.45,4,ok
W2-Alaska,5,4,w2,rf,D0,2,19.99,9.995,12750.0,9.16,4,ok
W2-Alaska,5,4,w2,rf,R1w,2,23.02,11.51,12750.0,9.16,4,ok
W2-Alaska,5,4,w2,catboost_lo,F1k,2,2.51,1.255,12750.0,0.51,4,ok
W2-Alaska,5,4,w2,catboost_lo,V2,2,1.65,0.825,12750.0,0.51,4,ok
W2-Alaska,5,4,w2,catboost_lo,R0,2,1.45,0.725,12750.0,0.51,4,ok
W2-Alaska,5,4,w2,catboost_lo,RMw,2,1.51,0.755,12750.0,0.51,4,ok
W2-Alaska,5,4,w2_nest,catboost_lo,R1w@nest,4,3.14,0.785,10527.5,0.91,4,ok
W2-Canada,1,0,w2,catboost_lo,D0,2,2.53,1.265,17216.0,0.61,4,ok
W2-Canada,1,0,w2,catboost_lo,R1w,2,2.19,1.095,17216.0,0.61,4,ok
W2-Canada,1,0,w2,catboost,D0,2,11.27,5.635,17216.0,8.2,4,ok
W2-Canada,1,0,w2,catboost,R1w,2,10.34,5.17,17216.0,8.2,4,ok
W2-Canada,1,0,w2,rf,D0,2,26.91,13.455,17216.0,12.37,4,ok
W2-Canada,1,0,w2,rf,R1w,2,23.55,11.775,17216.0,12.37,4,ok
W2-Canada,1,0,w2,catboost_lo,F1k,2,2.21,1.105,17216.0,0.61,4,ok
W2-Canada,1,0,w2,catboost_lo,V2,2,2.09,1.045,17216.0,0.61,4,ok
W2-Canada,1,0,w2,catboost_lo,R0,2,1.87,0.935,17216.0,0.61,4,ok
W2-Canada,1,0,w2,catboost_lo,RMw,2,1.64,0.82,17216.0,0.61,4,ok
W2-Canada,1,0,w2_nest,catboost_lo,R1w@nest,4,3.28,0.82,17086.25,1.22,4,ok
W2-Canada,1,1,w2,catboost_lo,D0,2,2.8,1.4,17325.0,0.61,4,ok
W2-Canada,1,1,w2,catboost_lo,R1w,2,3.11,1.555,17325.0,0.61,4,ok
W2-Canada,1,1,w2,catboost,D0,2,12.75,6.375,17325.0,8.24,4,ok
W2-Canada,1,1,w2,catboost,R1w,2,14.2,7.1,17325.0,8.24,4,ok
W2-Canada,1,1,w2,rf,D0,2,26.51,13.255,17325.0,12.45,4,ok
W2-Canada,1,1,w2,rf,R1w,2,28.5,14.25,17325.0,12.45,4,ok
W2-Canada,1,1,w2,catboost_lo,F1k,2,2.55,1.275,17325.0,0.61,4,ok
W2-Canada,1,1,w2,catboost_lo,V2,2,2.54,1.27,17325.0,0.61,4,ok
W2-Canada,1,1,w2,catboost_lo,R0,2,2.85,1.425,17325.0,0.61,4,ok
W2-Canada,1,1,w2,catboost_lo,RMw,2,2.63,1.315,17325.0,0.61,4,ok
W2-Canada,1,1,w2_nest,catboost_lo,R1w@nest,4,4.17,1.0425,17168.0,1.22,4,ok
W2-Canada,1,2,w2,catboost_lo,D0,2,1.92,0.96,17332.0,0.61,4,ok
W2-Canada,1,2,w2,catboost_lo,R1w,2,2.02,1.01,17332.0,0.61,4,ok
W2-Canada,1,2,w2,catboost,D0,2,12.82,6.41,17332.0,8.24,4,ok
W2-Canada,1,2,w2,catboost,R1w,2,13.61,6.805,17332.0,8.24,4,ok
W2-Canada,1,2,w2,rf,D0,2,25.66,12.83,17332.0,12.45,4,ok
W2-Canada,1,2,w2,rf,R1w,2,25.37,12.685,17332.0,12.45,4,ok
W2-Canada,1,2,w2,catboost_lo,F1k,2,2.4,1.2,17332.0,0.61,4,ok
W2-Canada,1,2,w2,catboost_lo,V2,2,1.95,0.975,17332.0,0.61,4,ok
W2-Canada,1,2,w2,catboost_lo,R0,2,2.27,1.135,17332.0,0.61,4,ok
W2-Canada,1,2,w2,catboost_lo,RMw,2,2.42,1.21,17332.0,0.61,4,ok
W2-Canada,1,2,w2_nest,catboost_lo,R1w@nest,4,4.97,1.2425,17173.25,1.22,4,ok
W2-Canada,1,3,w2,catboost_lo,D0,2,2.51,1.255,17322.0,0.61,4,ok
W2-Canada,1,3,w2,catboost_lo,R1w,2,2.94,1.47,17322.0,0.61,4,ok
W2-Canada,1,3,w2,catboost,D0,2,12.99,6.495,17322.0,8.24,4,ok
W2-Canada,1,3,w2,catboost,R1w,2,13.09,6.545,17322.0,8.24,4,ok
W2-Canada,1,3,w2,rf,D0,2,27.71,13.855,17322.0,12.45,4,ok
W2-Canada,1,3,w2,rf,R1w,2,32.13,16.065,17322.0,12.45,4,ok
W2-Canada,1,3,w2,catboost_lo,F1k,2,2.68,1.34,17322.0,0.61,4,ok
W2-Canada,1,3,w2,catboost_lo,V2,2,2.22,1.11,17322.0,0.61,4,ok
W2-Canada,1,3,w2,catboost_lo,R0,2,1.57,0.785,17322.0,0.61,4,ok
W2-Canada,1,3,w2,catboost_lo,RMw,2,1.61,0.805,17322.0,0.61,4,ok
W2-Canada,1,3,w2_nest,catboost_lo,R1w@nest,4,6.23,1.5575,17165.75,1.22,4,ok
W2-Canada,1,4,w2,catboost_lo,D0,2,2.39,1.195,17290.0,0.61,4,ok
W2-Canada,1,4,w2,catboost_lo,R1w,2,3.2,1.6,17290.0,0.61,4,ok
W2-Canada,1,4,w2,catboost,D0,2,13.13,6.565,17290.0,8.23,4,ok
W2-Canada,1,4,w2,catboost,R1w,2,11.72,5.86,17290.0,8.23,4,ok
W2-Canada,1,4,w2,rf,D0,2,29.17,14.585,17290.0,12.42,4,ok
W2-Canada,1,4,w2,rf,R1w,2,26.81,13.405,17290.0,12.42,4,ok
W2-Canada,1,4,w2,catboost_lo,F1k,2,2.11,1.055,17290.0,0.61,4,ok
W2-Canada,1,4,w2,catboost_lo,V2,2,2.61,1.305,17290.0,0.61,4,ok
W2-Canada,1,4,w2,catboost_lo,R0,2,2.58,1.29,17290.0,0.61,4,ok
W2-Canada,1,4,w2,catboost_lo,RMw,2,2.75,1.375,17290.0,0.61,4,ok
W2-Canada,1,4,w2_nest,catboost_lo,R1w@nest,4,5.85,1.4625,17141.75,1.22,4,ok
W2-Canada,2,0,w2,catboost_lo,D0,2,1.39,0.695,17304.0,0.61,4,ok
W2-Canada,2,0,w2,catboost_lo,R1w,2,1.44,0.72,17304.0,0.61,4,ok
W2-Canada,2,0,w2,catboost,D0,2,12.72,6.36,17304.0,8.23,4,ok
W2-Canada,2,0,w2,catboost,R1w,2,10.22,5.11,17304.0,8.23,4,ok
W2-Canada,2,0,w2,rf,D0,2,24.89,12.445,17304.0,12.43,4,ok
W2-Canada,2,0,w2,rf,R1w,2,30.04,15.02,17304.0,12.43,4,ok
W2-Canada,2,0,w2,catboost_lo,F1k,2,2.04,1.02,17304.0,0.61,4,ok
W2-Canada,2,0,w2,catboost_lo,V2,2,4.39,2.195,17304.0,0.61,4,ok
W2-Canada,2,0,w2,catboost_lo,R0,2,2.33,1.165,17304.0,0.61,4,ok
W2-Canada,2,0,w2,catboost_lo,RMw,2,2.17,1.085,17304.0,0.61,4,ok
W2-Canada,2,0,w2_nest,catboost_lo,R1w@nest,4,2.92,0.73,17152.25,1.22,4,ok
W2-Canada,2,1,w2,catboost_lo,D0,2,2.6,1.3,17310.0,0.61,4,ok
W2-Canada,2,1,w2,catboost_lo,R1w,2,2.85,1.425,17310.0,0.61,4,ok
W2-Canada,2,1,w2,catboost,D0,2,13.3,6.65,17310.0,8.23,4,ok
W2-Canada,2,1,w2,catboost,R1w,2,10.73,5.365,17310.0,8.23,4,ok
W2-Canada,2,1,w2,rf,D0,2,28.82,14.41,17310.0,12.44,4,ok
W2-Canada,2,1,w2,rf,R1w,2,30.5,15.25,17310.0,12.44,4,ok
W2-Canada,2,1,w2,catboost_lo,F1k,2,2.71,1.355,17310.0,0.61,4,ok
W2-Canada,2,1,w2,catboost_lo,V2,2,2.73,1.365,17310.0,0.61,4,ok
W2-Canada,2,1,w2,catboost_lo,R0,2,2.17,1.085,17310.0,0.61,4,ok
W2-Canada,2,1,w2,catboost_lo,RMw,2,2.11,1.055,17310.0,0.61,4,ok
W2-Canada,2,1,w2_nest,catboost_lo,R1w@nest,4,5.61,1.4025,17156.75,1.22,4,ok
W2-Canada,2,2,w2,catboost_lo,D0,2,2.26,1.13,17336.0,0.61,4,ok
W2-Canada,2,2,w2,catboost_lo,R1w,2,2.38,1.19,17336.0,0.61,4,ok
W2-Canada,2,2,w2,catboost,D0,2,15.17,7.585,17336.0,8.24,4,ok
W2-Canada,2,2,w2,catboost,R1w,2,15.71,7.855,17336.0,8.24,4,ok
W2-Canada,2,2,w2,rf,D0,2,32.72,16.36,17336.0,12.46,4,ok
W2-Canada,2,2,w2,rf,R1w,2,28.48,14.24,17336.0,12.46,4,ok
W2-Canada,2,2,w2,catboost_lo,F1k,2,2.07,1.035,17336.0,0.61,4,ok
W2-Canada,2,2,w2,catboost_lo,V2,2,1.75,0.875,17336.0,0.61,4,ok
W2-Canada,2,2,w2,catboost_lo,R0,2,2.54,1.27,17336.0,0.61,4,ok
W2-Canada,2,2,w2,catboost_lo,RMw,2,1.58,0.79,17336.0,0.61,4,ok
W2-Canada,2,2,w2_nest,catboost_lo,R1w@nest,4,5.21,1.3025,17176.25,1.22,4,ok
W2-Canada,2,3,w2,catboost_lo,D0,2,2.52,1.26,17220.0,0.61,4,ok
W2-Canada,2,3,w2,catboost_lo,R1w,2,3.25,1.625,17220.0,0.61,4,ok
W2-Canada,2,3,w2,catboost,D0,2,14.54,7.27,17220.0,8.2,4,ok
W2-Canada,2,3,w2,catboost,R1w,2,12.52,6.26,17220.0,8.2,4,ok
W2-Canada,2,3,w2,rf,D0,2,29.32,14.66,17220.0,12.37,4,ok
W2-Canada,2,3,w2,rf,R1w,2,32.07,16.035,17220.0,12.37,4,ok
W2-Canada,2,3,w2,catboost_lo,F1k,2,2.83,1.415,17220.0,0.61,4,ok
W2-Canada,2,3,w2,catboost_lo,V2,2,2.93,1.465,17220.0,0.61,4,ok
W2-Canada,2,3,w2,catboost_lo,R0,2,3.45,1.725,17220.0,0.61,4,ok
W2-Canada,2,3,w2,catboost_lo,RMw,2,2.3,1.15,17220.0,0.61,4,ok
W2-Canada,2,3,w2_nest,catboost_lo,R1w@nest,4,4.89,1.2225,17089.25,1.22,4,ok
W2-Canada,2,4,w2,catboost_lo,D0,2,2.26,1.13,17315.0,0.61,4,ok
W2-Canada,2,4,w2,catboost_lo,R1w,2,3.82,1.91,17315.0,0.61,4,ok
W2-Canada,2,4,w2,catboost,D0,2,17.39,8.695,17315.0,8.23,4,ok
W2-Canada,2,4,w2,catboost,R1w,2,18.45,9.225,17315.0,8.23,4,ok
W2-Canada,2,4,w2,rf,D0,2,32.87,16.435,17315.0,12.44,4,ok
W2-Canada,2,4,w2,rf,R1w,2,29.0,14.5,17315.0,12.44,4,ok
W2-Canada,2,4,w2,catboost_lo,F1k,2,3.63,1.815,17315.0,0.61,4,ok
W2-Canada,2,4,w2,catboost_lo,V2,2,3.4,1.7,17315.0,0.61,4,ok
W2-Canada,2,4,w2,catboost_lo,R0,2,3.94,1.97,17315.0,0.61,4,ok
W2-Canada,2,4,w2,catboost_lo,RMw,2,2.79,1.395,17315.0,0.61,4,ok
W2-Canada,2,4,w2_nest,catboost_lo,R1w@nest,4,6.75,1.6875,17160.5,1.22,4,ok
W2-Canada,3,0,w2,catboost_lo,D0,2,3.39,1.695,17222.0,0.61,4,ok
W2-Canada,3,0,w2,catboost_lo,R1w,2,2.17,1.085,17222.0,0.61,4,ok
W2-Canada,3,0,w2,catboost,D0,2,10.9,5.45,17222.0,8.2,4,ok
W2-Canada,3,0,w2,catboost,R1w,2,14.85,7.425,17222.0,8.2,4,ok
W2-Canada,3,0,w2,rf,D0,2,28.69,14.345,17222.0,12.38,4,ok
W2-Canada,3,0,w2,rf,R1w,2,29.41,14.705,17222.0,12.38,4,ok
W2-Canada,3,0,w2,catboost_lo,F1k,2,3.51,1.755,17222.0,0.61,4,ok
W2-Canada,3,0,w2,catboost_lo,V2,2,3.6,1.8,17222.0,0.61,4,ok
W2-Canada,3,0,w2,catboost_lo,R0,2,2.5,1.25,17222.0,0.61,4,ok
W2-Canada,3,0,w2,catboost_lo,RMw,2,2.57,1.285,17222.0,0.61,4,ok
W2-Canada,3,0,w2_nest,catboost_lo,R1w@nest,4,3.94,0.985,17090.75,1.22,4,ok
W2-Canada,3,1,w2,catboost_lo,D0,2,3.47,1.735,17307.0,0.61,4,ok
W2-Canada,3,1,w2,catboost_lo,R1w,2,2.88,1.44,17307.0,0.61,4,ok
W2-Canada,3,1,w2,catboost,D0,2,17.07,8.535,17307.0,8.23,4,ok
W2-Canada,3,1,w2,catboost,R1w,2,11.64,5.82,17307.0,8.23,4,ok
W2-Canada,3,1,w2,rf,D0,2,32.85,16.425,17307.0,12.44,4,ok
W2-Canada,3,1,w2,rf,R1w,2,35.64,17.82,17307.0,12.44,4,ok
W2-Canada,3,1,w2,catboost_lo,F1k,2,2.61,1.305,17307.0,0.61,4,ok
W2-Canada,3,1,w2,catboost_lo,V2,2,3.45,1.725,17307.0,0.61,4,ok
W2-Canada,3,1,w2,catboost_lo,R0,2,2.56,1.28,17307.0,0.61,4,ok
W2-Canada,3,1,w2,catboost_lo,RMw,2,3.09,1.545,17307.0,0.61,4,ok
W2-Canada,3,1,w2_nest,catboost_lo,R1w@nest,4,4.18,1.045,17154.5,1.22,4,ok
W2-Canada,3,2,w2,catboost_lo,D0,2,2.93,1.465,17289.0,0.61,4,ok
W2-Canada,3,2,w2,catboost_lo,R1w,2,2.43,1.215,17289.0,0.61,4,ok
W2-Canada,3,2,w2,catboost,D0,2,12.45,6.225,17289.0,8.22,4,ok
W2-Canada,3,2,w2,catboost,R1w,2,14.56,7.28,17289.0,8.22,4,ok
W2-Canada,3,2,w2,rf,D0,2,30.4,15.2,17289.0,12.42,4,ok
W2-Canada,3,2,w2,rf,R1w,2,30.37,15.185,17289.0,12.42,4,ok
W2-Canada,3,2,w2,catboost_lo,F1k,2,2.67,1.335,17289.0,0.61,4,ok
W2-Canada,3,2,w2,catboost_lo,V2,2,2.11,1.055,17289.0,0.61,4,ok
W2-Canada,3,2,w2,catboost_lo,R0,2,2.86,1.43,17289.0,0.61,4,ok
W2-Canada,3,2,w2,catboost_lo,RMw,2,2.8,1.4,17289.0,0.61,4,ok
W2-Canada,3,2,w2_nest,catboost_lo,R1w@nest,4,4.51,1.1275,17141.0,1.22,4,ok
W2-Canada,3,3,w2,catboost_lo,D0,2,3.83,1.915,17341.0,0.61,4,ok
W2-Canada,3,3,w2,catboost_lo,R1w,2,2.48,1.24,17341.0,0.61,4,ok
W2-Canada,3,3,w2,catboost,D0,2,12.21,6.105,17341.0,8.24,4,ok
W2-Canada,3,3,w2,catboost,R1w,2,12.94,6.47,17341.0,8.24,4,ok
W2-Canada,3,3,w2,rf,D0,2,30.01,15.005,17341.0,12.46,4,ok
W2-Canada,3,3,w2,rf,R1w,2,39.33,19.665,17341.0,12.46,4,ok
W2-Canada,3,3,w2,catboost_lo,F1k,2,2.83,1.415,17341.0,0.61,4,ok
W2-Canada,3,3,w2,catboost_lo,V2,2,1.71,0.855,17341.0,0.61,4,ok
W2-Canada,3,3,w2,catboost_lo,R0,2,1.4,0.7,17341.0,0.61,4,ok
W2-Canada,3,3,w2,catboost_lo,RMw,2,3.11,1.555,17341.0,0.61,4,ok
W2-Canada,3,3,w2_nest,catboost_lo,R1w@nest,4,4.87,1.2175,17180.0,1.22,4,ok
W2-Canada,3,4,w2,catboost_lo,D0,2,1.89,0.945,17326.0,0.61,4,ok
W2-Canada,3,4,w2,catboost_lo,R1w,2,1.76,0.88,17326.0,0.61,4,ok
W2-Canada,3,4,w2,catboost,D0,2,15.02,7.51,17326.0,8.24,4,ok
W2-Canada,3,4,w2,catboost,R1w,2,12.07,6.035,17326.0,8.24,4,ok
W2-Canada,3,4,w2,rf,D0,2,31.63,15.815,17326.0,12.45,4,ok
W2-Canada,3,4,w2,rf,R1w,2,33.86,16.93,17326.0,12.45,4,ok
W2-Canada,3,4,w2,catboost_lo,F1k,2,1.78,0.89,17326.0,0.61,4,ok
W2-Canada,3,4,w2,catboost_lo,V2,2,2.97,1.485,17326.0,0.61,4,ok
W2-Canada,3,4,w2,catboost_lo,R0,2,2.68,1.34,17326.0,0.61,4,ok
W2-Canada,3,4,w2,catboost_lo,RMw,2,2.34,1.17,17326.0,0.61,4,ok
W2-Canada,3,4,w2_nest,catboost_lo,R1w@nest,4,3.96,0.99,17168.75,1.22,4,ok
W2-Canada,4,0,w2,catboost_lo,D0,2,2.26,1.13,17349.0,0.61,4,ok
W2-Canada,4,0,w2,catboost_lo,R1w,2,2.37,1.185,17349.0,0.61,4,ok
W2-Canada,4,0,w2,catboost,D0,2,17.43,8.715,17349.0,8.25,4,ok
W2-Canada,4,0,w2,catboost,R1w,2,16.05,8.025,17349.0,8.25,4,ok
W2-Canada,4,0,w2,rf,D0,2,34.38,17.19,17349.0,12.47,4,ok
W2-Canada,4,0,w2,rf,R1w,2,33.47,16.735,17349.0,12.47,4,ok
W2-Canada,4,0,w2,catboost_lo,F1k,2,4.36,2.18,17349.0,0.61,4,ok
W2-Canada,4,0,w2,catboost_lo,V2,2,4.16,2.08,17349.0,0.61,4,ok
W2-Canada,4,0,w2,catboost_lo,R0,2,3.62,1.81,17349.0,0.61,4,ok
W2-Canada,4,0,w2,catboost_lo,RMw,2,4.49,2.245,17349.0,0.61,4,ok
W2-Canada,4,0,w2_nest,catboost_lo,R1w@nest,4,5.64,1.41,17186.0,1.22,4,ok
W2-Canada,4,1,w2,catboost_lo,D0,2,1.95,0.975,17237.0,0.61,4,ok
W2-Canada,4,1,w2,catboost_lo,R1w,2,2.01,1.005,17237.0,0.61,4,ok
W2-Canada,4,1,w2,catboost,D0,2,12.39,6.195,17237.0,8.21,4,ok
W2-Canada,4,1,w2,catboost,R1w,2,12.15,6.075,17237.0,8.21,4,ok
W2-Canada,4,1,w2,rf,D0,2,31.78,15.89,17237.0,12.39,4,ok
W2-Canada,4,1,w2,rf,R1w,2,32.36,16.18,17237.0,12.39,4,ok
W2-Canada,4,1,w2,catboost_lo,F1k,2,2.22,1.11,17237.0,0.61,4,ok
W2-Canada,4,1,w2,catboost_lo,V2,2,1.57,0.785,17237.0,0.61,4,ok
W2-Canada,4,1,w2,catboost_lo,R0,2,1.73,0.865,17237.0,0.61,4,ok
W2-Canada,4,1,w2,catboost_lo,RMw,2,2.78,1.39,17237.0,0.61,4,ok
W2-Canada,4,1,w2_nest,catboost_lo,R1w@nest,4,5.01,1.2525,17102.0,1.22,4,ok
W2-Canada,4,2,w2,catboost_lo,D0,2,2.88,1.44,17289.0,0.61,4,ok
W2-Canada,4,2,w2,catboost_lo,R1w,2,3.68,1.84,17289.0,0.61,4,ok
W2-Canada,4,2,w2,catboost,D0,2,17.1,8.55,17289.0,8.22,4,ok
W2-Canada,4,2,w2,catboost,R1w,2,12.64,6.32,17289.0,8.22,4,ok
W2-Canada,4,2,w2,rf,D0,2,28.77,14.385,17289.0,12.42,4,ok
W2-Canada,4,2,w2,rf,R1w,2,31.48,15.74,17289.0,12.42,4,ok
W2-Canada,4,2,w2,catboost_lo,F1k,2,2.81,1.405,17289.0,0.61,4,ok
W2-Canada,4,2,w2,catboost_lo,V2,2,3.63,1.815,17289.0,0.61,4,ok
W2-Canada,4,2,w2,catboost_lo,R0,2,2.8,1.4,17289.0,0.61,4,ok
W2-Canada,4,2,w2,catboost_lo,RMw,2,2.79,1.395,17289.0,0.61,4,ok
W2-Canada,4,2,w2_nest,catboost_lo,R1w@nest,4,5.49,1.3725,17141.0,1.22,4,ok
W2-Canada,4,3,w2,catboost_lo,D0,2,2.81,1.405,17287.0,0.61,4,ok
W2-Canada,4,3,w2,catboost_lo,R1w,2,2.4,1.2,17287.0,0.61,4,ok
W2-Canada,4,3,w2,catboost,D0,2,17.41,8.705,17287.0,8.22,4,ok
W2-Canada,4,3,w2,catboost,R1w,2,15.32,7.66,17287.0,8.22,4,ok
W2-Canada,4,3,w2,rf,D0,2,32.16,16.08,17287.0,12.42,4,ok
W2-Canada,4,3,w2,rf,R1w,2,37.97,18.985,17287.0,12.42,4,ok
W2-Canada,4,3,w2,catboost_lo,F1k,2,2.52,1.26,17287.0,0.61,4,ok
W2-Canada,4,3,w2,catboost_lo,V2,2,3.82,1.91,17287.0,0.61,4,ok
W2-Canada,4,3,w2,catboost_lo,R0,2,2.57,1.285,17287.0,0.61,4,ok
W2-Canada,4,3,w2,catboost_lo,RMw,2,2.54,1.27,17287.0,0.61,4,ok
W2-Canada,4,3,w2_nest,catboost_lo,R1w@nest,4,4.47,1.1175,17139.5,1.22,4,ok
W2-Canada,4,4,w2,catboost_lo,D0,2,3.34,1.67,17323.0,0.61,4,ok
W2-Canada,4,4,w2,catboost_lo,R1w,2,2.89,1.445,17323.0,0.61,4,ok
W2-Canada,4,4,w2,catboost,D0,2,11.63,5.815,17323.0,8.24,4,ok
W2-Canada,4,4,w2,catboost,R1w,2,13.94,6.97,17323.0,8.24,4,ok
W2-Canada,4,4,w2,rf,D0,2,31.86,15.93,17323.0,12.45,4,ok
W2-Canada,4,4,w2,rf,R1w,2,32.48,16.24,17323.0,12.45,4,ok
W2-Canada,4,4,w2,catboost_lo,F1k,2,3.25,1.625,17323.0,0.61,4,ok
W2-Canada,4,4,w2,catboost_lo,V2,2,2.48,1.24,17323.0,0.61,4,ok
W2-Canada,4,4,w2,catboost_lo,R0,2,2.99,1.495,17323.0,0.61,4,ok
W2-Canada,4,4,w2,catboost_lo,RMw,2,2.21,1.105,17323.0,0.61,4,ok
W2-Canada,4,4,w2_nest,catboost_lo,R1w@nest,4,5.61,1.4025,17166.5,1.22,4,ok
W2-Canada,5,0,w2,catboost_lo,D0,2,3.78,1.89,17248.0,0.61,4,ok
W2-Canada,5,0,w2,catboost_lo,R1w,2,2.66,1.33,17248.0,0.61,4,ok
W2-Canada,5,0,w2,catboost,D0,2,14.83,7.415,17248.0,8.21,4,ok
W2-Canada,5,0,w2,catboost,R1w,2,12.93,6.465,17248.0,8.21,4,ok
W2-Canada,5,0,w2,rf,D0,2,39.6,19.8,17248.0,12.39,4,ok
W2-Canada,5,0,w2,rf,R1w,2,36.93,18.465,17248.0,12.39,4,ok
W2-Canada,5,0,w2,catboost_lo,F1k,2,3.21,1.605,17248.0,0.61,4,ok
W2-Canada,5,0,w2,catboost_lo,V2,2,3.66,1.83,17248.0,0.61,4,ok
W2-Canada,5,0,w2,catboost_lo,R0,2,2.56,1.28,17248.0,0.61,4,ok
W2-Canada,5,0,w2,catboost_lo,RMw,2,2.37,1.185,17248.0,0.61,4,ok
W2-Canada,5,0,w2_nest,catboost_lo,R1w@nest,4,5.42,1.355,17110.25,1.22,4,ok
W2-Canada,5,1,w2,catboost_lo,D0,2,1.93,0.965,17326.0,0.61,4,ok
W2-Canada,5,1,w2,catboost_lo,R1w,2,3.56,1.78,17326.0,0.61,4,ok
W2-Canada,5,1,w2,catboost,D0,2,13.98,6.99,17326.0,8.24,4,ok
W2-Canada,5,1,w2,catboost,R1w,2,14.56,7.28,17326.0,8.24,4,ok
W2-Canada,5,1,w2,rf,D0,2,31.32,15.66,17326.0,12.45,4,ok
W2-Canada,5,1,w2,rf,R1w,2,31.88,15.94,17326.0,12.45,4,ok
W2-Canada,5,1,w2,catboost_lo,F1k,2,1.93,0.965,17326.0,0.61,4,ok
W2-Canada,5,1,w2,catboost_lo,V2,2,1.62,0.81,17326.0,0.61,4,ok
W2-Canada,5,1,w2,catboost_lo,R0,2,2.59,1.295,17326.0,0.61,4,ok
W2-Canada,5,1,w2,catboost_lo,RMw,2,2.19,1.095,17326.0,0.61,4,ok
W2-Canada,5,1,w2_nest,catboost_lo,R1w@nest,4,5.79,1.4475,17168.75,1.22,4,ok
W2-Canada,5,2,w2,catboost_lo,D0,2,1.89,0.945,17334.0,0.61,4,ok
W2-Canada,5,2,w2,catboost_lo,R1w,2,1.97,0.985,17334.0,0.61,4,ok
W2-Canada,5,2,w2,catboost,D0,2,16.89,8.445,17334.0,8.24,4,ok
W2-Canada,5,2,w2,catboost,R1w,2,13.93,6.965,17334.0,8.24,4,ok
W2-Canada,5,2,w2,rf,D0,2,36.54,18.27,17334.0,12.46,4,ok
W2-Canada,5,2,w2,rf,R1w,2,32.59,16.295,17334.0,12.46,4,ok
W2-Canada,5,2,w2,catboost_lo,F1k,2,3.39,1.695,17334.0,0.61,4,ok
W2-Canada,5,2,w2,catboost_lo,V2,2,3.73,1.865,17334.0,0.61,4,ok
W2-Canada,5,2,w2,catboost_lo,R0,2,2.5,1.25,17334.0,0.61,4,ok
W2-Canada,5,2,w2,catboost_lo,RMw,2,3.24,1.62,17334.0,0.61,4,ok
W2-Canada,5,2,w2_nest,catboost_lo,R1w@nest,4,5.58,1.395,17174.75,1.22,4,ok
W2-Canada,5,3,w2,catboost_lo,D0,2,2.79,1.395,17337.0,0.61,4,ok
W2-Canada,5,3,w2,catboost_lo,R1w,2,1.88,0.94,17337.0,0.61,4,ok
W2-Canada,5,3,w2,catboost,D0,2,13.12,6.56,17337.0,8.24,4,ok
W2-Canada,5,3,w2,catboost,R1w,2,14.76,7.38,17337.0,8.24,4,ok
W2-Canada,5,3,w2,rf,D0,2,29.93,14.965,17337.0,12.46,4,ok
W2-Canada,5,3,w2,rf,R1w,2,29.81,14.905,17337.0,12.46,4,ok
W2-Canada,5,3,w2,catboost_lo,F1k,2,3.08,1.54,17337.0,0.61,4,ok
W2-Canada,5,3,w2,catboost_lo,V2,2,3.06,1.53,17337.0,0.61,4,ok
W2-Canada,5,3,w2,catboost_lo,R0,2,3.05,1.525,17337.0,0.61,4,ok
W2-Canada,5,3,w2,catboost_lo,RMw,2,2.8,1.4,17337.0,0.61,4,ok
W2-Canada,5,3,w2_nest,catboost_lo,R1w@nest,4,5.51,1.3775,17177.0,1.22,4,ok
W2-Canada,5,4,w2,catboost_lo,D0,2,2.84,1.42,17240.0,0.61,4,ok
W2-Canada,5,4,w2,catboost_lo,R1w,2,3.54,1.77,17240.0,0.61,4,ok
W2-Canada,5,4,w2,catboost,D0,2,14.38,7.19,17240.0,8.21,4,ok
W2-Canada,5,4,w2,catboost,R1w,2,13.0,6.5,17240.0,8.21,4,ok
W2-Canada,5,4,w2,rf,D0,2,36.25,18.125,17240.0,12.39,4,ok
W2-Canada,5,4,w2,rf,R1w,2,32.28,16.14,17240.0,12.39,4,ok
W2-Canada,5,4,w2,catboost_lo,F1k,2,3.52,1.76,17240.0,0.61,4,ok
W2-Canada,5,4,w2,catboost_lo,V2,2,2.96,1.48,17240.0,0.61,4,ok
W2-Canada,5,4,w2,catboost_lo,R0,2,2.05,1.025,17240.0,0.61,4,ok
W2-Canada,5,4,w2,catboost_lo,RMw,2,2.03,1.015,17240.0,0.61,4,ok
W2-Canada,5,4,w2_nest,catboost_lo,R1w@nest,4,4.99,1.2475,17104.25,1.22,4,ok
W2-Lena,1,0,w2,catboost_lo,D0,2,2.57,1.285,16558.0,0.6,4,ok
W2-Lena,1,0,w2,catboost_lo,R1w,2,2.25,1.125,16558.0,0.6,4,ok
W2-Lena,1,0,w2,catboost,D0,2,14.34,7.17,16558.0,7.95,4,ok
W2-Lena,1,0,w2,catboost,R1w,2,11.28,5.64,16558.0,7.95,4,ok
W2-Lena,1,0,w2,rf,D0,2,30.37,15.185,16558.0,11.9,4,ok
W2-Lena,1,0,w2,rf,R1w,2,31.79,15.895,16558.0,11.9,4,ok
W2-Lena,1,0,w2,catboost_lo,F1k,2,2.73,1.365,16558.0,0.6,4,ok
W2-Lena,1,0,w2,catboost_lo,V2,2,3.03,1.515,16558.0,0.6,4,ok
W2-Lena,1,0,w2,catboost_lo,R0,2,3.12,1.56,16558.0,0.6,4,ok
W2-Lena,1,0,w2,catboost_lo,RMw,2,1.98,0.99,16558.0,0.6,4,ok
W2-Lena,1,0,w2_nest,catboost_lo,R1w@nest,4,5.3,1.325,16025.75,1.17,4,ok
W2-Lena,1,1,w2,catboost_lo,D0,2,1.82,0.91,17027.0,0.61,4,ok
W2-Lena,1,1,w2,catboost_lo,R1w,2,1.84,0.92,17027.0,0.61,4,ok
W2-Lena,1,1,w2,catboost,D0,2,17.02,8.51,17027.0,8.13,4,ok
W2-Lena,1,1,w2,catboost,R1w,2,14.07,7.035,17027.0,8.13,4,ok
W2-Lena,1,1,w2,rf,D0,2,31.77,15.885,17027.0,12.23,4,ok
W2-Lena,1,1,w2,rf,R1w,2,36.08,18.04,17027.0,12.23,4,ok
W2-Lena,1,1,w2,catboost_lo,F1k,2,3.34,1.67,17027.0,0.61,4,ok
W2-Lena,1,1,w2,catboost_lo,V2,2,2.07,1.035,17027.0,0.61,4,ok
W2-Lena,1,1,w2,catboost_lo,R0,2,2.14,1.07,17027.0,0.61,4,ok
W2-Lena,1,1,w2,catboost_lo,RMw,2,2.02,1.01,17027.0,0.61,4,ok
W2-Lena,1,1,w2_nest,catboost_lo,R1w@nest,4,6.29,1.5725,16377.5,1.19,4,ok
W2-Lena,1,2,w2,catboost_lo,D0,2,2.41,1.205,17289.0,0.61,4,ok
W2-Lena,1,2,w2,catboost_lo,R1w,2,3.47,1.735,17289.0,0.61,4,ok
W2-Lena,1,2,w2,catboost,D0,2,13.77,6.885,17289.0,8.22,4,ok
W2-Lena,1,2,w2,catboost,R1w,2,11.73,5.865,17289.0,8.22,4,ok
W2-Lena,1,2,w2,rf,D0,2,32.72,16.36,17289.0,12.42,4,ok
W2-Lena,1,2,w2,rf,R1w,2,31.06,15.53,17289.0,12.42,4,ok
W2-Lena,1,2,w2,catboost_lo,F1k,2,2.18,1.09,17289.0,0.61,4,ok
W2-Lena,1,2,w2,catboost_lo,V2,2,2.5,1.25,17289.0,0.61,4,ok
W2-Lena,1,2,w2,catboost_lo,R0,2,1.97,0.985,17289.0,0.61,4,ok
W2-Lena,1,2,w2,catboost_lo,RMw,2,1.64,0.82,17289.0,0.61,4,ok
W2-Lena,1,2,w2_nest,catboost_lo,R1w@nest,4,6.81,1.7025,16574.0,1.19,4,ok
W2-Lena,1,3,w2,catboost_lo,D0,2,2.9,1.45,16128.0,0.59,4,ok
W2-Lena,1,3,w2,catboost_lo,R1w,2,3.22,1.61,16128.0,0.59,4,ok
W2-Lena,1,3,w2,catboost,D0,2,16.19,8.095,16128.0,7.78,4,ok
W2-Lena,1,3,w2,catboost,R1w,2,18.19,9.095,16128.0,7.78,4,ok
W2-Lena,1,3,w2,rf,D0,2,30.02,15.01,16128.0,11.59,4,ok
W2-Lena,1,3,w2,rf,R1w,2,34.17,17.085,16128.0,11.59,4,ok
W2-Lena,1,3,w2,catboost_lo,F1k,2,2.27,1.135,16128.0,0.59,4,ok
W2-Lena,1,3,w2,catboost_lo,V2,2,4.66,2.33,16128.0,0.59,4,ok
W2-Lena,1,3,w2,catboost_lo,R0,2,3.68,1.84,16128.0,0.59,4,ok
W2-Lena,1,3,w2,catboost_lo,RMw,2,2.17,1.085,16128.0,0.59,4,ok
W2-Lena,1,3,w2_nest,catboost_lo,R1w@nest,4,6.21,1.5525,15703.25,1.16,4,ok
W2-Lena,1,4,w2,catboost_lo,D0,2,2.51,1.255,17291.0,0.61,4,ok
W2-Lena,1,4,w2,catboost_lo,R1w,2,2.72,1.36,17291.0,0.61,4,ok
W2-Lena,1,4,w2,catboost,D0,2,13.24,6.62,17291.0,8.23,4,ok
W2-Lena,1,4,w2,catboost,R1w,2,14.07,7.035,17291.0,8.23,4,ok
W2-Lena,1,4,w2,rf,D0,2,31.09,15.545,17291.0,12.42,4,ok
W2-Lena,1,4,w2,rf,R1w,2,30.42,15.21,17291.0,12.42,4,ok
W2-Lena,1,4,w2,catboost_lo,F1k,2,3.44,1.72,17291.0,0.61,4,ok
W2-Lena,1,4,w2,catboost_lo,V2,2,3.04,1.52,17291.0,0.61,4,ok
W2-Lena,1,4,w2,catboost_lo,R0,2,2.04,1.02,17291.0,0.61,4,ok
W2-Lena,1,4,w2,catboost_lo,RMw,2,3.06,1.53,17291.0,0.61,4,ok
W2-Lena,1,4,w2_nest,catboost_lo,R1w@nest,4,4.76,1.19,16575.5,1.19,4,ok
W2-Lena,2,0,w2,catboost_lo,D0,2,4.8,2.4,17210.0,0.61,4,ok
W2-Lena,2,0,w2,catboost_lo,R1w,2,3.89,1.945,17210.0,0.61,4,ok
W2-Lena,2,0,w2,catboost,D0,2,20.42,10.21,17210.0,8.19,4,ok
W2-Lena,2,0,w2,catboost,R1w,2,13.42,6.71,17210.0,8.19,4,ok
W2-Lena,2,0,w2,rf,D0,2,36.12,18.06,17210.0,12.37,4,ok
W2-Lena,2,0,w2,rf,R1w,2,40.42,20.21,17210.0,12.37,4,ok
W2-Lena,2,0,w2,catboost_lo,F1k,2,4.79,2.395,17210.0,0.61,4,ok
W2-Lena,2,0,w2,catboost_lo,V2,2,3.89,1.945,17210.0,0.61,4,ok
W2-Lena,2,0,w2,catboost_lo,R0,2,3.84,1.92,17210.0,0.61,4,ok
W2-Lena,2,0,w2,catboost_lo,RMw,2,4.44,2.22,17210.0,0.61,4,ok
W2-Lena,2,0,w2_nest,catboost_lo,R1w@nest,4,5.56,1.39,16514.75,1.19,4,ok
W2-Lena,2,1,w2,catboost_lo,D0,2,3.65,1.825,16461.0,0.59,4,ok
W2-Lena,2,1,w2,catboost_lo,R1w,2,2.64,1.32,16461.0,0.59,4,ok
W2-Lena,2,1,w2,catboost,D0,2,14.38,7.19,16461.0,7.91,4,ok
W2-Lena,2,1,w2,catboost,R1w,2,13.1,6.55,16461.0,7.91,4,ok
W2-Lena,2,1,w2,rf,D0,2,29.98,14.99,16461.0,11.83,4,ok
W2-Lena,2,1,w2,rf,R1w,2,33.01,16.505,16461.0,11.83,4,ok
W2-Lena,2,1,w2,catboost_lo,F1k,2,2.31,1.155,16461.0,0.59,4,ok
W2-Lena,2,1,w2,catboost_lo,V2,2,3.09,1.545,16461.0,0.59,4,ok
W2-Lena,2,1,w2,catboost_lo,R0,2,2.23,1.115,16461.0,0.59,4,ok
W2-Lena,2,1,w2,catboost_lo,RMw,2,3.04,1.52,16461.0,0.59,4,ok
W2-Lena,2,1,w2_nest,catboost_lo,R1w@nest,4,6.34,1.585,15953.0,1.17,4,ok
W2-Lena,2,2,w2,catboost_lo,D0,2,5.03,2.515,17119.0,0.61,4,ok
W2-Lena,2,2,w2,catboost_lo,R1w,2,4.68,2.34,17119.0,0.61,4,ok
W2-Lena,2,2,w2,catboost,D0,2,16.24,8.12,17119.0,8.16,4,ok
W2-Lena,2,2,w2,catboost,R1w,2,16.18,8.09,17119.0,8.16,4,ok
W2-Lena,2,2,w2,rf,D0,2,36.67,18.335,17119.0,12.3,4,ok
W2-Lena,2,2,w2,rf,R1w,2,35.78,17.89,17119.0,12.3,4,ok
W2-Lena,2,2,w2,catboost_lo,F1k,2,3.93,1.965,17119.0,0.61,4,ok
W2-Lena,2,2,w2,catboost_lo,V2,2,3.66,1.83,17119.0,0.61,4,ok
W2-Lena,2,2,w2,catboost_lo,R0,2,2.94,1.47,17119.0,0.61,4,ok
W2-Lena,2,2,w2,catboost_lo,RMw,2,4.58,2.29,17119.0,0.61,4,ok
W2-Lena,2,2,w2_nest,catboost_lo,R1w@nest,4,7.02,1.755,16446.5,1.19,4,ok
W2-Lena,2,3,w2,catboost_lo,D0,2,2.27,1.135,16283.0,0.59,4,ok
W2-Lena,2,3,w2,catboost_lo,R1w,2,2.38,1.19,16283.0,0.59,4,ok
W2-Lena,2,3,w2,catboost,D0,2,14.01,7.005,16283.0,7.84,4,ok
W2-Lena,2,3,w2,catboost,R1w,2,13.53,6.765,16283.0,7.84,4,ok
W2-Lena,2,3,w2,rf,D0,2,28.91,14.455,16283.0,11.7,4,ok
W2-Lena,2,3,w2,rf,R1w,2,30.83,15.415,16283.0,11.7,4,ok
W2-Lena,2,3,w2,catboost_lo,F1k,2,3.01,1.505,16283.0,0.59,4,ok
W2-Lena,2,3,w2,catboost_lo,V2,2,2.46,1.23,16283.0,0.59,4,ok
W2-Lena,2,3,w2,catboost_lo,R0,2,3.2,1.6,16283.0,0.59,4,ok
W2-Lena,2,3,w2,catboost_lo,RMw,2,2.82,1.41,16283.0,0.59,4,ok
W2-Lena,2,3,w2_nest,catboost_lo,R1w@nest,4,5.01,1.2525,15819.5,1.16,4,ok
W2-Lena,2,4,w2,catboost_lo,D0,2,2.01,1.005,17220.0,0.61,4,ok
W2-Lena,2,4,w2,catboost_lo,R1w,2,3.14,1.57,17220.0,0.61,4,ok
W2-Lena,2,4,w2,catboost,D0,2,15.47,7.735,17220.0,8.2,4,ok
W2-Lena,2,4,w2,catboost,R1w,2,14.26,7.13,17220.0,8.2,4,ok
W2-Lena,2,4,w2,rf,D0,2,31.39,15.695,17220.0,12.37,4,ok
W2-Lena,2,4,w2,rf,R1w,2,33.03,16.515,17220.0,12.37,4,ok
W2-Lena,2,4,w2,catboost_lo,F1k,2,3.39,1.695,17220.0,0.61,4,ok
W2-Lena,2,4,w2,catboost_lo,V2,2,2.22,1.11,17220.0,0.61,4,ok
W2-Lena,2,4,w2,catboost_lo,R0,2,2.51,1.255,17220.0,0.61,4,ok
W2-Lena,2,4,w2,catboost_lo,RMw,2,2.57,1.285,17220.0,0.61,4,ok
W2-Lena,2,4,w2_nest,catboost_lo,R1w@nest,4,5.69,1.4225,16522.25,1.19,4,ok
W2-Lena,3,0,w2,catboost_lo,D0,2,3.81,1.905,17252.0,0.61,4,ok
W2-Lena,3,0,w2,catboost_lo,R1w,2,3.42,1.71,17252.0,0.61,4,ok
W2-Lena,3,0,w2,catboost,D0,2,15.92,7.96,17252.0,8.21,4,ok
W2-Lena,3,0,w2,catboost,R1w,2,16.3,8.15,17252.0,8.21,4,ok
W2-Lena,3,0,w2,rf,D0,2,34.29,17.145,17252.0,12.4,4,ok
W2-Lena,3,0,w2,rf,R1w,2,38.96,19.48,17252.0,12.4,4,ok
W2-Lena,3,0,w2,catboost_lo,F1k,2,2.69,1.345,17252.0,0.61,4,ok
W2-Lena,3,0,w2,catboost_lo,V2,2,2.23,1.115,17252.0,0.61,4,ok
W2-Lena,3,0,w2,catboost_lo,R0,2,2.45,1.225,17252.0,0.61,4,ok
W2-Lena,3,0,w2,catboost_lo,RMw,2,4.1,2.05,17252.0,0.61,4,ok
W2-Lena,3,0,w2_nest,catboost_lo,R1w@nest,4,7.92,1.98,16546.25,1.19,4,ok
W2-Lena,3,1,w2,catboost_lo,D0,2,3.68,1.84,17263.0,0.61,4,ok
W2-Lena,3,1,w2,catboost_lo,R1w,2,2.85,1.425,17263.0,0.61,4,ok
W2-Lena,3,1,w2,catboost,D0,2,14.4,7.2,17263.0,8.22,4,ok
W2-Lena,3,1,w2,catboost,R1w,2,16.77,8.385,17263.0,8.22,4,ok
W2-Lena,3,1,w2,rf,D0,2,32.57,16.285,17263.0,12.4,4,ok
W2-Lena,3,1,w2,rf,R1w,2,35.45,17.725,17263.0,12.4,4,ok
W2-Lena,3,1,w2,catboost_lo,F1k,2,2.08,1.04,17263.0,0.61,4,ok
W2-Lena,3,1,w2,catboost_lo,V2,2,2.3,1.15,17263.0,0.61,4,ok
W2-Lena,3,1,w2,catboost_lo,R0,2,3.28,1.64,17263.0,0.61,4,ok
W2-Lena,3,1,w2,catboost_lo,RMw,2,2.88,1.44,17263.0,0.61,4,ok
W2-Lena,3,1,w2_nest,catboost_lo,R1w@nest,4,5.41,1.3525,16554.5,1.19,4,ok
W2-Lena,3,2,w2,catboost_lo,D0,2,2.45,1.225,16096.0,0.59,4,ok
W2-Lena,3,2,w2,catboost_lo,R1w,2,2.73,1.365,16096.0,0.59,4,ok
W2-Lena,3,2,w2,catboost,D0,2,21.13,10.565,16096.0,7.77,4,ok
W2-Lena,3,2,w2,catboost,R1w,2,22.92,11.46,16096.0,7.77,4,ok
W2-Lena,3,2,w2,rf,D0,2,27.55,13.775,16096.0,11.57,4,ok
W2-Lena,3,2,w2,rf,R1w,2,31.26,15.63,16096.0,11.57,4,ok
W2-Lena,3,2,w2,catboost_lo,F1k,2,2.98,1.49,16096.0,0.59,4,ok
W2-Lena,3,2,w2,catboost_lo,V2,2,2.44,1.22,16096.0,0.59,4,ok
W2-Lena,3,2,w2,catboost_lo,R0,2,5.33,2.665,16096.0,0.59,4,ok
W2-Lena,3,2,w2,catboost_lo,RMw,2,3.93,1.965,16096.0,0.59,4,ok
W2-Lena,3,2,w2_nest,catboost_lo,R1w@nest,4,7.49,1.8725,15679.25,1.16,4,ok
W2-Lena,3,3,w2,catboost_lo,D0,2,2.2,1.1,16571.0,0.6,4,ok
W2-Lena,3,3,w2,catboost_lo,R1w,2,2.84,1.42,16571.0,0.6,4,ok
W2-Lena,3,3,w2,catboost,D0,2,15.0,7.5,16571.0,7.95,4,ok
W2-Lena,3,3,w2,catboost,R1w,2,12.99,6.495,16571.0,7.95,4,ok
W2-Lena,3,3,w2,rf,D0,2,29.05,14.525,16571.0,11.91,4,ok
W2-Lena,3,3,w2,rf,R1w,2,30.5,15.25,16571.0,11.91,4,ok
W2-Lena,3,3,w2,catboost_lo,F1k,2,2.17,1.085,16571.0,0.6,4,ok
W2-Lena,3,3,w2,catboost_lo,V2,2,2.98,1.49,16571.0,0.6,4,ok
W2-Lena,3,3,w2,catboost_lo,R0,2,2.48,1.24,16571.0,0.6,4,ok
W2-Lena,3,3,w2,catboost_lo,RMw,2,2.76,1.38,16571.0,0.6,4,ok
W2-Lena,3,3,w2_nest,catboost_lo,R1w@nest,4,5.83,1.4575,16035.5,1.17,4,ok
W2-Lena,3,4,w2,catboost_lo,D0,2,2.96,1.48,17111.0,0.61,4,ok
W2-Lena,3,4,w2,catboost_lo,R1w,2,2.27,1.135,17111.0,0.61,4,ok
W2-Lena,3,4,w2,catboost,D0,2,18.86,9.43,17111.0,8.16,4,ok
W2-Lena,3,4,w2,catboost,R1w,2,19.42,9.71,17111.0,8.16,4,ok
W2-Lena,3,4,w2,rf,D0,2,32.94,16.47,17111.0,12.3,4,ok
W2-Lena,3,4,w2,rf,R1w,2,36.91,18.455,17111.0,12.3,4,ok
W2-Lena,3,4,w2,catboost_lo,F1k,2,3.44,1.72,17111.0,0.61,4,ok
W2-Lena,3,4,w2,catboost_lo,V2,2,3.36,1.68,17111.0,0.61,4,ok
W2-Lena,3,4,w2,catboost_lo,R0,2,3.67,1.835,17111.0,0.61,4,ok
W2-Lena,3,4,w2,catboost_lo,RMw,2,3.93,1.965,17111.0,0.61,4,ok
W2-Lena,3,4,w2_nest,catboost_lo,R1w@nest,4,5.6,1.4,16440.5,1.19,4,ok
W2-Lena,4,0,w2,catboost_lo,D0,2,2.74,1.37,16283.0,0.59,4,ok
W2-Lena,4,0,w2,catboost_lo,R1w,2,3.16,1.58,16283.0,0.59,4,ok
W2-Lena,4,0,w2,catboost,D0,2,13.29,6.645,16283.0,7.84,4,ok
W2-Lena,4,0,w2,catboost,R1w,2,14.98,7.49,16283.0,7.84,4,ok
W2-Lena,4,0,w2,rf,D0,2,24.94,12.47,16283.0,11.7,4,ok
W2-Lena,4,0,w2,rf,R1w,2,31.37,15.685,16283.0,11.7,4,ok
W2-Lena,4,0,w2,catboost_lo,F1k,2,2.77,1.385,16283.0,0.59,4,ok
W2-Lena,4,0,w2,catboost_lo,V2,2,1.98,0.99,16283.0,0.59,4,ok
W2-Lena,4,0,w2,catboost_lo,R0,2,2.28,1.14,16283.0,0.59,4,ok
W2-Lena,4,0,w2,catboost_lo,RMw,2,2.64,1.32,16283.0,0.59,4,ok
W2-Lena,4,0,w2_nest,catboost_lo,R1w@nest,4,4.7,1.175,15819.5,1.16,4,ok
W2-Lena,4,1,w2,catboost_lo,D0,2,4.46,2.23,17091.0,0.61,4,ok
W2-Lena,4,1,w2,catboost_lo,R1w,2,2.73,1.365,17091.0,0.61,4,ok
W2-Lena,4,1,w2,catboost,D0,2,16.29,8.145,17091.0,8.15,4,ok
W2-Lena,4,1,w2,catboost,R1w,2,18.48,9.24,17091.0,8.15,4,ok
W2-Lena,4,1,w2,rf,D0,2,30.99,15.495,17091.0,12.28,4,ok
W2-Lena,4,1,w2,rf,R1w,2,34.94,17.47,17091.0,12.28,4,ok
W2-Lena,4,1,w2,catboost_lo,F1k,2,2.76,1.38,17091.0,0.61,4,ok
W2-Lena,4,1,w2,catboost_lo,V2,2,2.51,1.255,17091.0,0.61,4,ok
W2-Lena,4,1,w2,catboost_lo,R0,2,3.62,1.81,17091.0,0.61,4,ok
W2-Lena,4,1,w2,catboost_lo,RMw,2,2.88,1.44,17091.0,0.61,4,ok
W2-Lena,4,1,w2_nest,catboost_lo,R1w@nest,4,6.76,1.69,16425.5,1.19,4,ok
W2-Lena,4,2,w2,catboost_lo,D0,2,2.72,1.36,17273.0,0.61,4,ok
W2-Lena,4,2,w2,catboost_lo,R1w,2,2.84,1.42,17273.0,0.61,4,ok
W2-Lena,4,2,w2,catboost,D0,2,15.01,7.505,17273.0,8.22,4,ok
W2-Lena,4,2,w2,catboost,R1w,2,11.85,5.925,17273.0,8.22,4,ok
W2-Lena,4,2,w2,rf,D0,2,28.28,14.14,17273.0,12.41,4,ok
W2-Lena,4,2,w2,rf,R1w,2,28.67,14.335,17273.0,12.41,4,ok
W2-Lena,4,2,w2,catboost_lo,F1k,2,4.27,2.135,17273.0,0.61,4,ok
W2-Lena,4,2,w2,catboost_lo,V2,2,2.54,1.27,17273.0,0.61,4,ok
W2-Lena,4,2,w2,catboost_lo,R0,2,2.76,1.38,17273.0,0.61,4,ok
W2-Lena,4,2,w2,catboost_lo,RMw,2,2.73,1.365,17273.0,0.61,4,ok
W2-Lena,4,2,w2_nest,catboost_lo,R1w@nest,4,4.92,1.23,16562.0,1.19,4,ok
W2-Lena,4,3,w2,catboost_lo,D0,2,3.86,1.93,16386.0,0.59,4,ok
W2-Lena,4,3,w2,catboost_lo,R1w,2,1.79,0.895,16386.0,0.59,4,ok
W2-Lena,4,3,w2,catboost,D0,2,14.85,7.425,16386.0,7.88,4,ok
W2-Lena,4,3,w2,catboost,R1w,2,12.18,6.09,16386.0,7.88,4,ok
W2-Lena,4,3,w2,rf,D0,2,25.92,12.96,16386.0,11.77,4,ok
W2-Lena,4,3,w2,rf,R1w,2,30.79,15.395,16386.0,11.77,4,ok
W2-Lena,4,3,w2,catboost_lo,F1k,2,2.76,1.38,16386.0,0.59,4,ok
W2-Lena,4,3,w2,catboost_lo,V2,2,2.21,1.105,16386.0,0.59,4,ok
W2-Lena,4,3,w2,catboost_lo,R0,2,2.95,1.475,16386.0,0.59,4,ok
W2-Lena,4,3,w2,catboost_lo,RMw,2,2.42,1.21,16386.0,0.59,4,ok
W2-Lena,4,3,w2_nest,catboost_lo,R1w@nest,4,4.03,1.0075,15896.75,1.16,4,ok
W2-Lena,4,4,w2,catboost_lo,D0,2,3.14,1.57,17260.0,0.61,4,ok
W2-Lena,4,4,w2,catboost_lo,R1w,2,2.49,1.245,17260.0,0.61,4,ok
W2-Lena,4,4,w2,catboost,D0,2,12.89,6.445,17260.0,8.21,4,ok
W2-Lena,4,4,w2,catboost,R1w,2,10.5,5.25,17260.0,8.21,4,ok
W2-Lena,4,4,w2,rf,D0,2,28.89,14.445,17260.0,12.4,4,ok
W2-Lena,4,4,w2,rf,R1w,2,28.77,14.385,17260.0,12.4,4,ok
W2-Lena,4,4,w2,catboost_lo,F1k,2,2.02,1.01,17260.0,0.61,4,ok
W2-Lena,4,4,w2,catboost_lo,V2,2,2.44,1.22,17260.0,0.61,4,ok
W2-Lena,4,4,w2,catboost_lo,R0,2,2.29,1.145,17260.0,0.61,4,ok
W2-Lena,4,4,w2,catboost_lo,RMw,2,2.0,1.0,17260.0,0.61,4,ok
W2-Lena,4,4,w2_nest,catboost_lo,R1w@nest,4,4.26,1.065,16552.25,1.19,4,ok
W2-Lena,5,0,w2,catboost_lo,D0,2,2.37,1.185,17114.0,0.61,4,ok
W2-Lena,5,0,w2,catboost_lo,R1w,2,2.77,1.385,17114.0,0.61,4,ok
W2-Lena,5,0,w2,catboost,D0,2,16.16,8.08,17114.0,8.16,4,ok
W2-Lena,5,0,w2,catboost,R1w,2,13.64,6.82,17114.0,8.16,4,ok
W2-Lena,5,0,w2,rf,D0,2,30.64,15.32,17114.0,12.3,4,ok
W2-Lena,5,0,w2,rf,R1w,2,27.48,13.74,17114.0,12.3,4,ok
W2-Lena,5,0,w2,catboost_lo,F1k,2,2.9,1.45,17114.0,0.61,4,ok
W2-Lena,5,0,w2,catboost_lo,V2,2,2.34,1.17,17114.0,0.61,4,ok
W2-Lena,5,0,w2,catboost_lo,R0,2,2.72,1.36,17114.0,0.61,4,ok
W2-Lena,5,0,w2,catboost_lo,RMw,2,2.52,1.26,17114.0,0.61,4,ok
W2-Lena,5,0,w2_nest,catboost_lo,R1w@nest,4,6.14,1.535,16442.75,1.19,4,ok
W2-Lena,5,1,w2,catboost_lo,D0,2,2.6,1.3,17260.0,0.61,4,ok
W2-Lena,5,1,w2,catboost_lo,R1w,2,2.66,1.33,17260.0,0.61,4,ok
W2-Lena,5,1,w2,catboost,D0,2,11.49,5.745,17260.0,8.21,4,ok
W2-Lena,5,1,w2,catboost,R1w,2,12.31,6.155,17260.0,8.21,4,ok
W2-Lena,5,1,w2,rf,D0,2,28.24,14.12,17260.0,12.4,4,ok
W2-Lena,5,1,w2,rf,R1w,2,26.52,13.26,17260.0,12.4,4,ok
W2-Lena,5,1,w2,catboost_lo,F1k,2,1.92,0.96,17260.0,0.61,4,ok
W2-Lena,5,1,w2,catboost_lo,V2,2,2.11,1.055,17260.0,0.61,4,ok
W2-Lena,5,1,w2,catboost_lo,R0,2,2.75,1.375,17260.0,0.61,4,ok
W2-Lena,5,1,w2,catboost_lo,RMw,2,2.22,1.11,17260.0,0.61,4,ok
W2-Lena,5,1,w2_nest,catboost_lo,R1w@nest,4,4.51,1.1275,16552.25,1.19,4,ok
W2-Lena,5,2,w2,catboost_lo,D0,2,2.25,1.125,16532.0,0.6,4,ok
W2-Lena,5,2,w2,catboost_lo,R1w,2,2.67,1.335,16532.0,0.6,4,ok
W2-Lena,5,2,w2,catboost,D0,2,9.73,4.865,16532.0,7.94,4,ok
W2-Lena,5,2,w2,catboost,R1w,2,11.25,5.625,16532.0,7.94,4,ok
W2-Lena,5,2,w2,rf,D0,2,23.71,11.855,16532.0,11.88,4,ok
W2-Lena,5,2,w2,rf,R1w,2,24.54,12.27,16532.0,11.88,4,ok
W2-Lena,5,2,w2,catboost_lo,F1k,2,1.95,0.975,16532.0,0.6,4,ok
W2-Lena,5,2,w2,catboost_lo,V2,2,1.8,0.9,16532.0,0.6,4,ok
W2-Lena,5,2,w2,catboost_lo,R0,2,2.39,1.195,16532.0,0.6,4,ok
W2-Lena,5,2,w2,catboost_lo,RMw,2,2.64,1.32,16532.0,0.6,4,ok
W2-Lena,5,2,w2_nest,catboost_lo,R1w@nest,4,5.03,1.2575,16006.25,1.17,4,ok
W2-Lena,5,3,w2,catboost_lo,D0,2,3.43,1.715,16171.0,0.59,4,ok
W2-Lena,5,3,w2,catboost_lo,R1w,2,3.82,1.91,16171.0,0.59,4,ok
W2-Lena,5,3,w2,catboost,D0,2,13.44,6.72,16171.0,7.8,4,ok
W2-Lena,5,3,w2,catboost,R1w,2,14.18,7.09,16171.0,7.8,4,ok
W2-Lena,5,3,w2,rf,D0,2,27.87,13.935,16171.0,11.62,4,ok
W2-Lena,5,3,w2,rf,R1w,2,29.57,14.785,16171.0,11.62,4,ok
W2-Lena,5,3,w2,catboost_lo,F1k,2,2.89,1.445,16171.0,0.59,4,ok
W2-Lena,5,3,w2,catboost_lo,V2,2,3.74,1.87,16171.0,0.59,4,ok
W2-Lena,5,3,w2,catboost_lo,R0,2,3.72,1.86,16171.0,0.59,4,ok
W2-Lena,5,3,w2,catboost_lo,RMw,2,3.31,1.655,16171.0,0.59,4,ok
W2-Lena,5,3,w2_nest,catboost_lo,R1w@nest,4,6.04,1.51,15735.5,1.16,4,ok
W2-Lena,5,4,w2,catboost_lo,D0,2,1.74,0.87,17216.0,0.61,4,ok
W2-Lena,5,4,w2,catboost_lo,R1w,2,2.97,1.485,17216.0,0.61,4,ok
W2-Lena,5,4,w2,catboost,D0,2,11.07,5.535,17216.0,8.2,4,ok
W2-Lena,5,4,w2,catboost,R1w,2,10.43,5.215,17216.0,8.2,4,ok
W2-Lena,5,4,w2,rf,D0,2,25.88,12.94,17216.0,12.37,4,ok
W2-Lena,5,4,w2,rf,R1w,2,26.12,13.06,17216.0,12.37,4,ok
W2-Lena,5,4,w2,catboost_lo,F1k,2,1.92,0.96,17216.0,0.61,4,ok
W2-Lena,5,4,w2,catboost_lo,V2,2,2.44,1.22,17216.0,0.61,4,ok
W2-Lena,5,4,w2,catboost_lo,R0,2,1.96,0.98,17216.0,0.61,4,ok
W2-Lena,5,4,w2,catboost_lo,RMw,2,2.73,1.365,17216.0,0.61,4,ok
W2-Lena,5,4,w2_nest,catboost_lo,R1w@nest,4,3.63,0.9075,16519.25,1.19,4,ok
