table,region,version,ref,n,n_blocks,d_median,d_q25,d_q75,d_mean,d_sd,rel_median,rel_q25,rel_q75,corr_tdd,sqrt_ratio_mean,tdd_ref_mean,tdd_ref_sd,interannual_sd_mean,frac_pre2010,frac_partial,n_years_matched_median,year_min_median,year_max_median,single_year_frac,E,E_med,st_a,st_E,tdd_a,tdd_b,cci_a,cci_b,ymean,n_train_real,sqrt_tdd_mean_alaska,method,rmse,bias,mae,r2,alt_mean,sqrt_tdd_mean,label,d_rmse,d_rmse_lo,d_rmse_hi,d_bias,d_bias_lo,d_bias_hi,ci_flag,rmse_a,rmse_b,sig,split,pseudo,seed,n_train,rmse_split_sd,n_split,n_seed,ctrl,n_splits,d_split_mean,d_split_sd,cond
tdd_diff,Alaska,clim_re,clim,13606.0,74.0,0.0004597902299110501,0.0001385211944580078,0.0013849735260009766,-0.017235978553461512,1.1143526524711829,4.8573321294652996e-05,1.4208143944516297e-05,0.0003080637128323596,0.9999979613895912,0.9999847627917291,1012.6724253705928,551.8497866813592,127.87717910087493,0.0002204909598706453,0.016169337057180655,1.0,2014.0,2014.0,0.944656769072468,,,,,,,,,,,,,,,,,,,,,,,,,,,,,,,,,,,,,,,,,
tdd_diff,Alaska,clim_yr,clim,13606.0,74.0,14.793268839518305,2.2522125244140625,23.946248372395758,13.471658950679299,10.272169385431932,1.3442112474424028,0.5009662201716687,1.56279571333891,0.999923857267203,1.0061761708106347,1012.6724253705928,551.8497866813592,127.87717910087493,0.0002204909598706453,0.016169337057180655,1.0,2014.0,2014.0,0.944656769072468,,,,,,,,,,,,,,,,,,,,,,,,,,,,,,,,,,,,,,,,,
tdd_diff,Alaska,matched,clim,13606.0,74.0,-157.85739135742188,-175.87335205078125,-28.727983262803946,-103.13402308536597,144.71285942827123,-14.457600078829536,-39.120024176547446,-1.4090955502332416,0.9720589101735554,0.9080421567098869,1012.6724253705928,551.8497866813592,127.87717910087493,0.0002204909598706453,0.016169337057180655,1.0,2014.0,2014.0,0.944656769072468,,,,,,,,,,,,,,,,,,,,,,,,,,,,,,,,,,,,,,,,,
tdd_diff,Alaska,full,clim,13606.0,74.0,-7.543658447265614,-142.4918172200521,29.065722656250045,-50.65050984392488,93.06065430968981,-1.6779580157853498,-10.427049711905337,3.07441167046229,0.9935846308148979,0.9856568795064683,1012.6724253705928,551.8497866813592,127.87717910087493,0.0002204909598706453,0.016169337057180655,1.0,2014.0,2014.0,0.944656769072468,,,,,,,,,,,,,,,,,,,,,,,,,,,,,,,,,,,,,,,,,
tdd_diff,Alaska,matched,clim_yr,13606.0,74.0,-172.7991383870443,-178.1255645751953,-49.68635050455737,-116.60568203604524,142.00303264504123,-15.596855731415914,-39.42349201889239,-2.4380239948328466,0.972566595366741,0.9022629369810643,1026.144084321272,559.4981827876838,127.87717910087493,0.0002204909598706453,0.016169337057180655,1.0,2014.0,2014.0,0.944656769072468,,,,,,,,,,,,,,,,,,,,,,,,,,,,,,,,,,,,,,,,,
tdd_diff,Alaska,full,clim_yr,13606.0,74.0,-9.795870971679676,-153.25065307617183,14.123975626627612,-64.12216879460416,98.14880592490385,-2.168062972831085,-10.974489559545276,1.4724364572784128,0.9940372558490734,0.9795767849592553,1026.144084321272,559.4981827876838,127.87717910087493,0.0002204909598706453,0.016169337057180655,1.0,2014.0,2014.0,0.944656769072468,,,,,,,,,,,,,,,,,,,,,,,,,,,,,,,,,,,,,,,,,
tdd_diff,Lena,clim_re,clim,3037.0,20.0,0.0004730224609375,-0.00015974044799804688,0.0004801750183105469,0.00018591342255890248,0.0005654260539223603,5.237548834967751e-05,-1.923681970750001e-05,5.552534101335968e-05,0.9999999999425657,1.0000001038161075,868.79067243539,51.625766378804464,136.7000175790257,0.2736252881132697,0.0023049061573921633,1.0,2015.0,2015.0,0.9519262430029635,,,,,,,,,,,,,,,,,,,,,,,,,,,,,,,,,,,,,,,,,
tdd_diff,Lena,clim_yr,clim,3037.0,20.0,0.0004730224609375,-0.00014750162756627105,0.0004730224609375,0.0001888649875180089,0.0005634013508294633,5.1595317222323825e-05,-1.7762953914401588e-05,5.552534101335968e-05,0.9999999999428981,1.0000001056087116,868.79067243539,51.625766378804464,136.7000175790257,0.2736252881132697,0.0023049061573921633,1.0,2015.0,2015.0,0.9519262430029635,,,,,,,,,,,,,,,,,,,,,,,,,,,,,,,,,,,,,,,,,
tdd_diff,Lena,matched,clim,3037.0,20.0,-26.038299560546875,-141.296630859375,7.0071228027343295,-37.77692092318991,120.97617161995697,-3.1270037931330728,-16.585985360940867,0.7586691083181111,0.5142848608410582,0.9747191260682833,868.79067243539,51.625766378804464,136.7000175790257,0.2736252881132697,0.0023049061573921633,1.0,2015.0,2015.0,0.9519262430029635,,,,,,,,,,,,,,,,,,,,,,,,,,,,,,,,,,,,,,,,,
tdd_diff,Lena,full,clim,3037.0,20.0,26.9892537434896,14.580434163411496,35.45743408203123,25.758416821736557,8.916226449952797,3.2501937662640534,1.8801159508334588,3.83901647731444,0.9951861615736973,1.014527563419063,868.79067243539,51.625766378804464,136.7000175790257,0.2736252881132697,0.0023049061573921633,1.0,2015.0,2015.0,0.9519262430029635,,,,,,,,,,,,,,,,,,,,,,,,,,,,,,,,,,,,,,,,,
tdd_diff,Lena,matched,clim_yr,3037.0,20.0,-26.03815205891931,-141.29710388183594,7.006364949544263,-37.777109788177434,120.97625401427183,-3.1270575821646998,-16.586031676831233,0.758586432248729,0.5142831561541646,0.9747190268742861,868.7908613003775,51.625880628723166,136.7000175790257,0.2736252881132697,0.0023049061573921633,1.0,2015.0,2015.0,0.9519262430029635,,,,,,,,,,,,,,,,,,,,,,,,,,,,,,,,,,,,,,,,,
tdd_diff,Lena,full,clim_yr,3037.0,20.0,26.989401245117165,14.579961140950559,35.45667622884116,25.75822795674904,8.916176482182589,3.2502121065516465,1.88013632989387,3.8389312737105534,0.9951860518642852,1.0145274562534567,868.7908613003775,51.625880628723166,136.7000175790257,0.2736252881132697,0.0023049061573921633,1.0,2015.0,2015.0,0.9519262430029635,,,,,,,,,,,,,,,,,,,,,,,,,,,,,,,,,,,,,,,,,
tdd_diff,Canada,clim_re,clim,750.0,39.0,0.0001697540283203125,0.00011301040649414062,0.0005699992184418079,0.00021585695944516676,0.0027128661305958904,1.1802127221775645e-05,7.859405062058552e-06,2.8817465507702056e-05,0.9999999999721205,1.000000049975527,1634.4394545084635,361.5405530574207,186.32865479321134,0.018666666666666668,0.016,1.0,2022.0,2022.0,0.668,,,,,,,,,,,,,,,,,,,,,,,,,,,,,,,,,,,,,,,,,
tdd_diff,Canada,clim_yr,clim,750.0,39.0,0.0007883707683049579,0.0001373291015625,7.0111083984375,6.496793572319882,9.402470997677902,4.378089703061268e-05,9.440226458026194e-06,0.5993514669631962,0.9997717806660237,1.0019005825926746,1634.4394545084635,361.5405530574207,186.32865479321134,0.018666666666666668,0.016,1.0,2022.0,2022.0,0.668,,,,,,,,,,,,,,,,,,,,,,,,,,,,,,,,,,,,,,,,,
tdd_diff,Canada,matched,clim,750.0,39.0,128.75747680664062,38.23405456542969,194.7572021484375,153.4666968912239,155.47887054326907,9.932230016663947,2.628271279717938,12.254238019230717,0.9549077328129002,1.042523385984209,1634.4394545084635,361.5405530574207,186.32865479321134,0.018666666666666668,0.016,1.0,2022.0,2022.0,0.668,,,,,,,,,,,,,,,,,,,,,,,,,,,,,,,,,,,,,,,,,
tdd_diff,Canada,full,clim,750.0,39.0,114.98210652669263,46.08793334960933,143.28656209309884,106.81389947916664,43.69088848913554,7.024630353492769,3.2052246151907906,8.869610978309947,0.9961995693097212,1.0319538962960442,1634.4394545084635,361.5405530574207,186.32865479321134,0.018666666666666668,0.016,1.0,2022.0,2022.0,0.668,,,,,,,,,,,,,,,,,,,,,,,,,,,,,,,,,,,,,,,,,
tdd_diff,Canada,matched,clim_yr,750.0,39.0,128.7576344807942,38.233917236328125,193.5514895121256,146.96990331890402,153.13426669217264,9.932243387541455,2.6282615913776337,10.902666461361896,0.954770334445365,1.0405531507618246,1640.9362480807836,366.8200806767266,186.32865479321134,0.018666666666666668,0.016,1.0,2022.0,2022.0,0.668,,,,,,,,,,,,,,,,,,,,,,,,,,,,,,,,,,,,,,,,,
tdd_diff,Canada,full,clim_yr,750.0,39.0,114.9822642008462,46.08779602050777,125.5347503662108,100.31710590684676,40.01824816710644,7.024639796369954,3.205214758401882,8.838087405518152,0.9963590682045432,1.030002850424429,1640.9362480807836,366.8200806767266,186.32865479321134,0.018666666666666668,0.016,1.0,2022.0,2022.0,0.668,,,,,,,,,,,,,,,,,,,,,,,,,,,,,,,,,,,,,,,,,
tdd_diff,Russia_W,clim_re,clim,31.0,21.0,0.000152587890625,-0.00017499923706054688,0.0005204379558563232,0.0001497493095602324,0.00046752109387028116,1.0576875033502252e-05,-1.7721166451823694e-05,4.02617799854895e-05,0.999999999997773,1.0000000588323368,1188.7508200368572,221.22584322884143,198.9039397294321,0.03225806451612903,0.4838709677419355,13.0,2009.0,2023.0,0.0,,,,,,,,,,,,,,,,,,,,,,,,,,,,,,,,,,,,,,,,,
tdd_diff,Russia_W,clim_yr,clim,31.0,21.0,22.420761108398438,1.1639404296875,39.43587748209643,21.0445266231414,18.596201160881886,1.687941687607835,0.10847826159916753,2.974196968394134,0.99880106138704,1.0078756559642958,1188.7508200368572,221.22584322884143,198.9039397294321,0.03225806451612903,0.4838709677419355,13.0,2009.0,2023.0,0.0,,,,,,,,,,,,,,,,,,,,,,,,,,,,,,,,,,,,,,,,,
tdd_diff,Russia_W,matched,clim,31.0,21.0,-29.00997220552881,-53.43853105817516,15.574825580303468,-8.597951956545382,93.52935801289465,-2.306823864234839,-6.52234798857253,1.2117765778027358,0.9612645305373951,0.9911123756010114,1188.7508200368572,221.22584322884143,198.9039397294321,0.03225806451612903,0.4838709677419355,13.0,2009.0,2023.0,0.0,,,,,,,,,,,,,,,,,,,,,,,,,,,,,,,,,,,,,,,,,
tdd_diff,Russia_W,full,clim,31.0,21.0,-44.7877115885417,-73.00042317708335,20.023632812499955,-29.677319073420676,45.84086494741199,-3.215858801590068,-7.134814970951471,1.4542061251158833,0.9906700493378765,0.9839640949552637,1188.7508200368572,221.22584322884143,198.9039397294321,0.03225806451612903,0.4838709677419355,13.0,2009.0,2023.0,0.0,,,,,,,,,,,,,,,,,,,,,,,,,,,,,,,,,,,,,,,,,
tdd_diff,Russia_W,matched,clim_yr,31.0,21.0,-52.34801228841138,-69.75239868164056,-4.35251290457586,-29.64247857968678,82.71961167573491,-4.650577060350891,-7.286787537247635,-0.40521094812880537,0.9657456613349805,0.9832400508919679,1209.7953466599988,236.07797588718086,198.9039397294321,0.03225806451612903,0.4838709677419355,13.0,2009.0,2023.0,0.0,,,,,,,,,,,,,,,,,,,,,,,,,,,,,,,,,,,,,,,,,
tdd_diff,Russia_W,full,clim_yr,31.0,21.0,-63.00768534342444,-73.00118103027353,-24.432521565755223,-50.72184569656207,32.855186163388105,-4.822401169513989,-7.134827911695503,-1.7897043008084348,0.9935786340522629,0.9761939634556026,1209.7953466599988,236.07797588718086,198.9039397294321,0.03225806451612903,0.4838709677419355,13.0,2009.0,2023.0,0.0,,,,,,,,,,,,,,,,,,,,,,,,,,,,,,,,,,,,,,,,,
tdd_diff,Russia_C,clim_re,clim,7.0,6.0,0.0001773834228515625,0.0001349449158851712,0.00045311450958251953,0.0001864092690928893,0.0006003709647417211,1.8586646758196215e-05,7.768903373721574e-06,5.454942762183127e-05,0.9999999999994916,1.0000001173157782,1414.8910653250557,560.4099730368594,119.18466770143594,0.42857142857142855,0.2857142857142857,6.0,2008.0,2018.0,0.0,,,,,,,,,,,,,,,,,,,,,,,,,,,,,,,,,,,,,,,,,
tdd_diff,Russia_C,clim_yr,clim,7.0,6.0,0.00015767415368372895,0.00013732910167618684,0.000762939453125,1.111876714797258,2.7231818294904904,1.6521463789034094e-05,7.93743327853252e-06,5.4218629200418074e-05,0.999992276210164,1.0009183718719654,1414.8910653250557,560.4099730368594,119.18466770143594,0.42857142857142855,0.2857142857142857,6.0,2008.0,2018.0,0.0,,,,,,,,,,,,,,,,,,,,,,,,,,,,,,,,,,,,,,,,,
tdd_diff,Russia_C,matched,clim,7.0,6.0,-24.10569458007808,-53.560409545898324,14.48607381184911,-18.839426385788606,45.85487682407304,-1.8827622759350677,-5.226841622533233,0.5785650606801693,0.9990044155197851,0.9842376742801594,1414.8910653250557,560.4099730368594,119.18466770143594,0.42857142857142855,0.2857142857142857,6.0,2008.0,2018.0,0.0,,,,,,,,,,,,,,,,,,,,,,,,,,,,,,,,,,,,,,,,,
tdd_diff,Russia_C,full,clim,7.0,6.0,5.9831054687499545,-9.581572469075411,29.458482869466252,10.21323474702386,25.38297829738111,0.373354522813827,-1.0617047679736453,1.9316824792805676,0.9995824421951418,1.0007505431986377,1414.8910653250557,560.4099730368594,119.18466770143594,0.42857142857142855,0.2857142857142857,6.0,2008.0,2018.0,0.0,,,,,,,,,,,,,,,,,,,,,,,,,,,,,,,,,,,,,,,,,
tdd_diff,Russia_C,matched,clim_yr,7.0,6.0,-24.106137084960892,-53.56056213378912,14.486562093099224,-19.951303100585864,47.30453008859447,-1.882770066551513,-5.226875053690383,0.5785880361199554,0.9989853750394633,0.9833847594579369,1416.002942039853,558.8043071792551,119.18466770143594,0.42857142857142855,0.2857142857142857,6.0,2008.0,2018.0,0.0,,,,,,,,,,,,,,,,,,,,,,,,,,,,,,,,,,,,,,,,,
tdd_diff,Russia_C,full,clim_yr,7.0,6.0,5.9829783121745095,-9.849953206380292,29.458813476562682,9.101358032226601,26.82566028259915,0.37334655843359943,-1.061716820664553,1.9316823569238415,0.9995646924695248,0.9998535363834247,1416.002942039853,558.8043071792551,119.18466770143594,0.42857142857142855,0.2857142857142857,6.0,2008.0,2018.0,0.0,,,,,,,,,,,,,,,,,,,,,,,,,,,,,,,,,,,,,,,,,
tdd_diff,Russia_E,clim_re,clim,30.0,21.0,-0.0001690387725830078,-0.0004892349243164062,0.00015079975145226854,-0.00016197537382822702,0.00046961240006401187,-1.4555645743856912e-05,-5.5076622232924256e-05,1.5211606045947175e-05,0.9999999999976676,0.9999999355645675,1049.8978474934895,208.5216164777172,118.00566589228221,0.13333333333333333,0.8,14.0,1998.5,2023.0,0.1,,,,,,,,,,,,,,,,,,,,,,,,,,,,,,,,,,,,,,,,,
tdd_diff,Russia_E,clim_yr,clim,30.0,21.0,10.533411661783703,5.162480672200559,12.73621622721356,9.615994940863713,6.251116226217249,0.903464045040351,0.5392247666787173,1.0758607367789936,0.9998198136681112,1.0042191888380128,1049.8978474934895,208.5216164777172,118.00566589228221,0.13333333333333333,0.8,14.0,1998.5,2023.0,0.1,,,,,,,,,,,,,,,,,,,,,,,,,,,,,,,,,,,,,,,,,
tdd_diff,Russia_E,matched,clim,30.0,21.0,-23.36300023396808,-62.58674131120958,-11.188249860491169,-30.233821083413538,43.601230056189806,-2.091186962504551,-7.180021942718808,-0.9280072833598972,0.9781596335292965,0.9846150867693216,1049.8978474934895,208.5216164777172,118.00566589228221,0.13333333333333333,0.8,14.0,1998.5,2023.0,0.1,,,,,,,,,,,,,,,,,,,,,,,,,,,,,,,,,,,,,,,,,
tdd_diff,Russia_E,full,clim,30.0,21.0,-14.615157063802087,-40.339693196614604,2.7257456461587424,-20.690481228298623,39.52889737206998,-1.3111180502830884,-5.709370262275331,0.2792566731173618,0.9819076747484455,0.9895043286275388,1049.8978474934895,208.5216164777172,118.00566589228221,0.13333333333333333,0.8,14.0,1998.5,2023.0,0.1,,,,,,,,,,,,,,,,,,,,,,,,,,,,,,,,,,,,,,,,,
tdd_diff,Russia_E,matched,clim_yr,30.0,21.0,-32.73073196411133,-62.76982262021025,-23.040075840094175,-39.84981602427725,43.53391318590647,-2.945223174658871,-7.9861650559499715,-1.8466415922898456,0.978955252203099,0.9804652967519384,1059.5138424343531,213.3222672348755,118.00566589228221,0.13333333333333333,0.8,14.0,1998.5,2023.0,0.1,,,,,,,,,,,,,,,,,,,,,,,,,,,,,,,,,,,,,,,,,
tdd_diff,Russia_E,full,clim_yr,30.0,21.0,-28.180918375651117,-42.7396044413249,-12.871866099039664,-30.306476169162337,40.25920471692012,-2.3693172058584944,-5.9579310286017915,-1.3204954601135417,0.9821249446109828,0.9853418707234081,1059.5138424343531,213.3222672348755,118.00566589228221,0.13333333333333333,0.8,14.0,1998.5,2023.0,0.1,,,,,,,,,,,,,,,,,,,,,,,,,,,,,,,,,,,,,,,,,
tdd_diff,Greenland,clim_re,clim,3.0,2.0,0.0007686614990518592,0.0004550218582295429,0.0007686614990518592,0.000559568405170315,0.00029570228916583067,0.00039631520871601306,0.00021194979728575777,0.00039631520871601306,1.0,1.00000136702336,300.1494954427083,150.18585789792607,71.83759421769484,0.3333333333333333,0.6666666666666666,15.0,1996.0,2024.0,0.0,,,,,,,,,,,,,,,,,,,,,,,,,,,,,,,,,,,,,,,,,
tdd_diff,Greenland,clim_yr,clim,3.0,2.0,6.362309773763059,6.362309773763059,9.311836242675781,8.328660753038207,2.7808402232765315,3.28035179206331,2.836302843088009,3.28035179206331,1.0,1.0148098002387946,300.1494954427083,150.18585789792607,71.83759421769484,0.3333333333333333,0.6666666666666666,15.0,1996.0,2024.0,0.0,,,,,,,,,,,,,,,,,,,,,,,,,,,,,,,,,,,,,,,,,
tdd_diff,Greenland,matched,clim,3.0,2.0,-3.2670043945312273,-3.2670043945312273,45.30958251953126,29.11738688151043,45.79844535177505,-1.6844391583185327,-1.6844391583185327,8.31661372974227,1.0,1.0236077722483252,300.1494954427083,150.18585789792607,71.83759421769484,0.3333333333333333,0.6666666666666666,15.0,1996.0,2024.0,0.0,,,,,,,,,,,,,,,,,,,,,,,,,,,,,,,,,,,,,,,,,
tdd_diff,Greenland,full,clim,3.0,2.0,-3.2670043945312273,-3.2670043945312273,6.668041992187511,3.356359863281265,9.366851561935636,-1.6844391583185327,-1.6844391583185327,0.7774536889350192,1.0,0.9997172397599723,300.1494954427083,150.18585789792607,71.83759421769484,0.3333333333333333,0.6666666666666666,15.0,1996.0,2024.0,0.0,,,,,,,,,,,,,,,,,,,,,,,,,,,,,,,,,,,,,,,,,
tdd_diff,Greenland,matched,clim_yr,3.0,2.0,-9.629314168294286,-9.629314168294286,35.99774627685548,20.788726128472224,43.01760512849852,-4.807101122561598,-4.807101122561598,5.373118140708796,0.9999999999999999,1.008764782828594,308.4781561957465,152.96669812120257,71.83759421769484,0.3333333333333333,0.6666666666666666,15.0,1996.0,2024.0,0.0,,,,,,,,,,,,,,,,,,,,,,,,,,,,,,,,,,,,,,,,,
tdd_diff,Greenland,full,clim_yr,3.0,2.0,-9.629314168294286,-9.629314168294286,-2.64379425048827,-4.972300889756942,6.586011338659104,-4.807101122561598,-4.807101122561598,-1.9898998162977506,0.9999999999999999,0.9851549844554816,308.4781561957465,152.96669812120257,71.83759421769484,0.3333333333333333,0.6666666666666666,15.0,1996.0,2024.0,0.0,,,,,,,,,,,,,,,,,,,,,,,,,,,,,,,,,,,,,,,,,
tdd_diff,MAIN6,clim_re,clim,3858.0,108.0,0.0003542080521583557,-0.00015974044799804688,0.0004801750183105469,0.00018903015069360898,0.0012991586724718075,2.129241583034689e-05,-1.9060479612620114e-05,5.552534101335968e-05,0.9999999999930581,1.0000000926864137,1022.1616795897298,348.0464545475153,146.62012494747373,0.22135821669258685,0.01607050285121825,1.0,2015.0,2015.0,0.8799896319336443,,,,,,,,,,,,,,,,,,,,,,,,,,,,,,,,,,,,,,,,,
tdd_diff,MAIN6,clim_yr,clim,3858.0,108.0,0.0004730224609375,-0.00014750162756627105,0.000757853190066271,1.5154997550578004,5.525469159344043,5.1595317222323825e-05,-1.7762953914401588e-05,8.205362174033144e-05,0.9999243253296248,1.000478832732508,1022.1616795897298,348.0464545475153,146.62012494747373,0.22135821669258685,0.01607050285121825,1.0,2015.0,2015.0,0.8799896319336443,,,,,,,,,,,,,,,,,,,,,,,,,,,,,,,,,,,,,,,,,
tdd_diff,MAIN6,matched,clim,3858.0,108.0,5.002325439453216,-129.4139404296875,60.988983154296875,-0.219430052493819,148.39678482638564,0.5468369791534019,-15.191145807324487,7.306302482744163,0.9618320330559534,0.9881643205393857,1022.1616795897298,348.0464545475153,146.62012494747373,0.22135821669258685,0.01607050285121825,1.0,2015.0,2015.0,0.8799896319336443,,,,,,,,,,,,,,,,,,,,,,,,,,,,,,,,,,,,,,,,,
tdd_diff,MAIN6,full,clim,3858.0,108.0,33.126981608072924,18.205845133463527,36.582008870442564,40.663449168398884,39.51327239120924,3.2501937662640534,2.32765309862054,3.83901647731444,0.9986151074014731,1.0174385833721713,1022.1616795897298,348.0464545475153,146.62012494747373,0.22135821669258685,0.01607050285121825,1.0,2015.0,2015.0,0.8799896319336443,,,,,,,,,,,,,,,,,,,,,,,,,,,,,,,,,,,,,,,,,
tdd_diff,MAIN6,matched,clim_yr,3858.0,108.0,2.8051930745442633,-129.41441345214844,60.98976135253906,-1.7349298075516137,146.61077877674867,0.30492698922872646,-15.191192897703841,7.306402520084393,0.9617076008307399,0.9876726116727518,1023.6771793447875,351.5126223335554,146.62012494747373,0.22135821669258685,0.01607050285121825,1.0,2015.0,2015.0,0.8799896319336443,,,,,,,,,,,,,,,,,,,,,,,,,,,,,,,,,,,,,,,,,
tdd_diff,MAIN6,full,clim_yr,3858.0,108.0,33.127769978841116,18.20567728678384,36.581871541341116,39.14794941334109,37.02161143966137,3.2502121065516465,2.3277484945666402,3.8389312737105534,0.9984923989270249,1.0169514596052218,1023.6771793447875,351.5126223335554,146.62012494747373,0.22135821669258685,0.01607050285121825,1.0,2015.0,2015.0,0.8799896319336443,,,,,,,,,,,,,,,,,,,,,,,,,,,,,,,,,,,,,,,,,
tdd_diff,ALL,clim_re,clim,17467.0,185.0,0.0004597902299110501,3.039836883544922e-06,0.0013849735260009766,-0.013384250470299931,0.9835366417384891,4.8359862374031874e-05,1.4883646168042215e-07,9.981898974949456e-05,0.9999981682307955,0.999988151437901,1014.6997753887381,513.8333040131988,132.0139206552977,0.04906394916127555,0.01625923169405164,1.0,2014.0,2014.0,0.9302112555103911,,,,,,,,,,,,,,,,,,,,,,,,,,,,,,,,,,,,,,,,,
tdd_diff,ALL,clim_yr,clim,17467.0,185.0,3.5705718994140625,2.2522125244140625,23.213083902994754,10.830332179280715,10.656244925950038,0.5082864024048318,0.43821289256406304,1.4892855926856448,0.9998768798683099,1.0049178960693652,1014.6997753887381,513.8333040131988,132.0139206552977,0.04906394916127555,0.01625923169405164,1.0,2014.0,2014.0,0.9302112555103911,,,,,,,,,,,,,,,,,,,,,,,,,,,,,,,,,,,,,,,,,
tdd_diff,ALL,matched,clim,17467.0,185.0,-141.296630859375,-175.87335205078125,8.111724853515625,-80.38868922797599,151.65833419350824,-14.457600078829536,-27.68857705640793,1.0753377227162357,0.9667988407381759,0.9257505653332355,1014.6997753887381,513.8333040131988,132.0139206552977,0.04906394916127555,0.01625923169405164,1.0,2014.0,2014.0,0.9302112555103911,,,,,,,,,,,,,,,,,,,,,,,,,,,,,,,,,,,,,,,,,
tdd_diff,ALL,full,clim,17467.0,185.0,-7.425413004557299,-58.527036539713436,29.102075195312636,-30.467950091419603,92.33864523805971,-1.6204753758040147,-3.9643436385903867,3.2501937662640534,0.9877857863798981,0.9926828254988389,1014.6997753887381,513.8333040131988,132.0139206552977,0.04906394916127555,0.01625923169405164,1.0,2014.0,2014.0,0.9302112555103911,,,,,,,,,,,,,,,,,,,,,,,,,,,,,,,,,,,,,,,,,
tdd_diff,ALL,matched,clim_yr,17467.0,185.0,-141.29710388183594,-178.1255645751953,0.9533701578775435,-91.21902140725668,150.75359279896387,-15.592218965215663,-27.688614365696736,0.10413419363210867,0.9664156306266706,0.9211390512950267,1025.5301075680188,520.7375407193085,132.0139206552977,0.04906394916127555,0.01625923169405164,1.0,2014.0,2014.0,0.9302112555103911,,,,,,,,,,,,,,,,,,,,,,,,,,,,,,,,,,,,,,,,,
tdd_diff,ALL,full,clim_yr,17467.0,185.0,-9.665988159179676,-72.27276916503888,14.60836283365893,-41.298282270700305,98.19602118763666,-2.099180048542658,-4.82211172305173,1.8769968625837805,0.9872269129002229,0.9878379245973699,1025.5301075680188,520.7375407193085,132.0139206552977,0.04906394916127555,0.01625923169405164,1.0,2014.0,2014.0,0.9302112555103911,,,,,,,,,,,,,,,,,,,,,,,,,,,,,,,,,,,,,,,,,
coefs,,clim,,,,,,,,,,,,,,,,,,,,,,,1.616688667140627,1.6200388443364633,12.795126278012402,1.2295023039157575,30.92378153897414,0.01930350500172806,31.21334571256368,0.4243431418715392,50.47190876722744,13606.0,30.64392996192104,,,,,,,,,,,,,,,,,,,,,,,,,,,,,,
indomain,Alaska,clim,,13606.0,74.0,,,,,,,,,,,,,,,,,,,,,,,,,,,,,,,stefan_insample,14.239,-0.93,10.495,0.329,,,,,,,,,,,,,,,,,,,,,,,,,
indomain,Alaska,clim,,13606.0,74.0,,,,,,,,,,,,,,,,,,,,,,,,,,,,,,,stefan_oof6,14.457,-0.993,10.731,0.3083,,,,,,,,,,,,,,,,,,,,,,,,,
coefs,,clim_re,,,,,,,,,,,,,,,,,,,,,,,1.6166977539888958,1.6200385777112025,12.798234300843129,1.2294152873555098,30.924981267496644,0.019302648823106474,31.21334571256368,0.4243431418715392,50.47190876722744,13606.0,30.64357085344284,,,,,,,,,,,,,,,,,,,,,,,,,,,,,,
indomain,Alaska,clim_re,,13606.0,74.0,,,,,,,,,,,,,,,,,,,,,,,,,,,,,,,stefan_insample,14.239,-0.931,10.496,0.3289,,,,,,,,,,,,,,,,,,,,,,,,,
indomain,Alaska,clim_re,,13606.0,74.0,,,,,,,,,,,,,,,,,,,,,,,,,,,,,,,stefan_oof6,14.457,-0.994,10.732,0.3082,,,,,,,,,,,,,,,,,,,,,,,,,
coefs,,clim_yr,,,,,,,,,,,,,,,,,,,,,,,1.6061620616275911,1.6090808828963565,12.802821386690026,1.2213582450087934,30.882046232755457,0.019090752296671305,31.21334571256368,0.4243431418715392,50.47190876722744,13606.0,30.841964292193587,,,,,,,,,,,,,,,,,,,,,,,,,,,,,,
indomain,Alaska,clim_yr,,13606.0,74.0,,,,,,,,,,,,,,,,,,,,,,,,,,,,,,,stefan_insample,14.225,-0.935,10.493,0.3303,,,,,,,,,,,,,,,,,,,,,,,,,
indomain,Alaska,clim_yr,,13606.0,74.0,,,,,,,,,,,,,,,,,,,,,,,,,,,,,,,stefan_oof6,14.446,-1.001,10.733,0.3093,,,,,,,,,,,,,,,,,,,,,,,,,
coefs,,matched,,,,,,,,,,,,,,,,,,,,,,,1.6899396068315045,1.7765642062631533,21.811707125889054,1.008284136336821,34.90847221619153,0.017111357268623936,31.21334571256368,0.4243431418715392,50.47190876722744,13606.0,28.42472732484247,,,,,,,,,,,,,,,,,,,,,,,,,,,,,,
indomain,Alaska,matched,,13606.0,74.0,,,,,,,,,,,,,,,,,,,,,,,,,,,,,,,stefan_insample,15.874,-2.436,12.219,0.1659,,,,,,,,,,,,,,,,,,,,,,,,,
indomain,Alaska,matched,,13606.0,74.0,,,,,,,,,,,,,,,,,,,,,,,,,,,,,,,stefan_oof6,16.367,-2.408,12.722,0.1134,,,,,,,,,,,,,,,,,,,,,,,,,
coefs,,full,,,,,,,,,,,,,,,,,,,,,,,1.660381621316139,1.6623006273458354,9.702024825524619,1.3574962912014203,29.083983955841326,0.022232263596279,31.21334571256368,0.4243431418715392,50.47190876722744,13606.0,30.033145730085486,,,,,,,,,,,,,,,,,,,,,,,,,,,,,,
indomain,Alaska,full,,13606.0,74.0,,,,,,,,,,,,,,,,,,,,,,,,,,,,,,,stefan_insample,14.049,-0.605,10.364,0.3467,,,,,,,,,,,,,,,,,,,,,,,,,
indomain,Alaska,full,,13606.0,74.0,,,,,,,,,,,,,,,,,,,,,,,,,,,,,,,stefan_oof6,14.207,-0.715,10.527,0.3319,,,,,,,,,,,,,,,,,,,,,,,,,
noinfo,Lena,clim,,2958.0,20.0,,,,,,,,,,,,,,,,,,,,,,,,,,,,,,,stefan,21.624,5.676,15.517,-0.0633,41.97654552625648,29.47561562207563,,,,,,,,,,,,,,,,,,,,,,,
noinfo,Lena,clim,,2958.0,20.0,,,,,,,,,,,,,,,,,,,,,,,,,,,,,,,stefan_cci,20.761,-1.573,12.914,0.0199,41.97654552625648,29.47561562207563,,,,,,,,,,,,,,,,,,,,,,,
h1,Lena,clim,,2958.0,20.0,,,,,,,,,,,,,,,,,,,,,,,,,,,,,,,,,,,,,,noinfo: Stefan+CCI − Stefan (λ=0),-0.8630335133481601,-2.82713781314639,1.7825384250386735,-7.249705825357363,-7.917866819420828,-6.656834143936125,ok,20.76094056848308,21.62397408183124,0.0,,,,,,,,,,,,
noinfo,Canada,clim,,747.0,36.0,,,,,,,,,,,,,,,,,,,,,,,,,,,,,,,stefan,26.504,2.307,21.303,0.2217,62.69947141459237,40.20979450210921,,,,,,,,,,,,,,,,,,,,,,,
noinfo,Canada,clim,,747.0,36.0,,,,,,,,,,,,,,,,,,,,,,,,,,,,,,,stefan_cci,25.719,6.336,20.539,0.2671,62.69947141459237,40.20979450210921,,,,,,,,,,,,,,,,,,,,,,,
h1,Canada,clim,,747.0,36.0,,,,,,,,,,,,,,,,,,,,,,,,,,,,,,,,,,,,,,noinfo: Stefan+CCI − Stefan (λ=0),-0.784547215688832,-3.896128831543227,4.856850565189295,4.028768974249498,-0.8667921415674914,10.839892623036599,ok,25.719263454339657,26.50381067002849,0.0,,,,,,,,,,,,
noinfo,Russia_W,clim,,28.0,18.0,,,,,,,,,,,,,,,,,,,,,,,,,,,,,,,stefan,42.456,-32.366,34.764,-1.2707,87.55409607180162,34.13650735502195,,,,,,,,,,,,,,,,,,,,,,,
noinfo,Russia_W,clim,,28.0,18.0,,,,,,,,,,,,,,,,,,,,,,,,,,,,,,,stefan_cci,41.444,-29.514,33.723,-1.1638,87.55409607180162,34.13650735502195,,,,,,,,,,,,,,,,,,,,,,,
h1,Russia_W,clim,,28.0,18.0,,,,,,,,,,,,,,,,,,,,,,,,,,,,,,,,,,,,,,noinfo: Stefan+CCI − Stefan (λ=0),-1.0117768340739772,-3.0823460313028335,0.7260863790259734,2.852376283115259,-0.2168483624531077,6.613058379666558,ok,41.44395750678667,42.455734340860644,0.0,,,,,,,,,,,,
noinfo,Russia_C,clim,,7.0,6.0,,,,,,,,,,,,,,,,,,,,,,,,,,,,,,,stefan,53.386,-19.904,31.941,0.1357,79.36904761904762,36.78200852763232,,,,,,,,,,,,,,,,,,,,,,,
noinfo,Russia_C,clim,,7.0,6.0,,,,,,,,,,,,,,,,,,,,,,,,,,,,,,,stefan_cci,54.0,-17.065,36.086,0.1157,79.36904761904762,36.78200852763232,,,,,,,,,,,,,,,,,,,,,,,
h1,Russia_C,clim,,7.0,6.0,,,,,,,,,,,,,,,,,,,,,,,,,,,,,,,,,,,,,,noinfo: Stefan+CCI − Stefan (λ=0),0.6136187895300367,,,2.838900400782048,,,blocks<8,53.99961304203407,53.385994252504034,0.0,,,,,,,,,,,,
noinfo,Russia_E,clim,,27.0,19.0,,,,,,,,,,,,,,,,,,,,,,,,,,,,,,,stefan,28.444,-9.287,16.684,0.0377,62.016679687675364,32.61595033445114,,,,,,,,,,,,,,,,,,,,,,,
noinfo,Russia_E,clim,,27.0,19.0,,,,,,,,,,,,,,,,,,,,,,,,,,,,,,,stefan_cci,27.657,-12.204,16.25,0.0902,62.016679687675364,32.61595033445114,,,,,,,,,,,,,,,,,,,,,,,
h1,Russia_E,clim,,27.0,19.0,,,,,,,,,,,,,,,,,,,,,,,,,,,,,,,,,,,,,,noinfo: Stefan+CCI − Stefan (λ=0),-0.7875349351848335,-2.478395002980388,2.578667151815352,-2.9167704887162014,-5.766662468667693,-0.11345745023031913,ok,27.65674114385983,28.444276079044663,0.0,,,,,,,,,,,,
noinfo,Greenland,clim,,1.0,1.0,,,,,,,,,,,,,,,,,,,,,,,,,,,,,,,stefan,,,,,67.5,22.639442850003924,,,,,,,,,,,,,,,,,,,,,,,
noinfo,Greenland,clim,,1.0,1.0,,,,,,,,,,,,,,,,,,,,,,,,,,,,,,,stefan_cci,,,,,67.5,22.639442850003924,,,,,,,,,,,,,,,,,,,,,,,
h1,Greenland,clim,,1.0,1.0,,,,,,,,,,,,,,,,,,,,,,,,,,,,,,,,,,,,,,noinfo: Stefan+CCI − Stefan (λ=0),-9.699534657010382,,,9.699534657010382,,,blocks<8,21.199534657010375,30.899069314020757,0.0,,,,,,,,,,,,
noinfo,MAIN6,clim,,3768.0,99.0,,,,,,,,,,,,,,,,,,,,,,,,,,,,,,,stefan,23.045,4.561,16.85,0.1525,46.64335859561523,31.672546144025876,,,,,,,,,,,,,,,,,,,,,,,
noinfo,MAIN6,clim,,3768.0,99.0,,,,,,,,,,,,,,,,,,,,,,,,,,,,,,,stefan_cci,22.21,-0.323,14.649,0.2128,46.64335859561523,31.672546144025876,,,,,,,,,,,,,,,,,,,,,,,
h1,MAIN6,clim,,3768.0,99.0,,,,,,,,,,,,,,,,,,,,,,,,,,,,,,,,,,,,,,noinfo: Stefan+CCI − Stefan (λ=0),-0.8352167919553644,-2.3997294724583083,1.192709828180067,-4.884409192528749,-6.478630476640016,-0.23199427784483098,ok,22.209909552438386,23.04512634439375,0.0,,,,,,,,,,,,
h1,REGION_MEAN_MAIN6,clim,,6.0,5.0,,,,,,,,,,,,,,,,,,,,,,,,,,,,,,,,,,,,,,noinfo: Stefan+CCI − Stefan (λ=0),-2.088801394296025,,,,,,region_mean(n_blocks=neg_count),,,0.0,,,,,,,,,,,,
noinfo,Lena,clim_re,,2958.0,20.0,,,,,,,,,,,,,,,,,,,,,,,,,,,,,,,stefan,21.624,5.677,15.518,-0.0633,41.97654552625648,29.4756191483536,,,,,,,,,,,,,,,,,,,,,,,
noinfo,Lena,clim_re,,2958.0,20.0,,,,,,,,,,,,,,,,,,,,,,,,,,,,,,,stefan_cci,20.761,-1.573,12.914,0.0199,41.97654552625648,29.4756191483536,,,,,,,,,,,,,,,,,,,,,,,
h1,Lena,clim_re,,2958.0,20.0,,,,,,,,,,,,,,,,,,,,,,,,,,,,,,,,,,,,,,noinfo: Stefan+CCI − Stefan (λ=0),-0.8631159295026691,-2.690335216205325,1.8351338826741752,-7.249842596043598,-8.0479040021687,-6.557729428809661,ok,20.760930522449808,21.624046451952477,0.0,,,,,,,,,,,,
noinfo,Canada,clim_re,,747.0,36.0,,,,,,,,,,,,,,,,,,,,,,,,,,,,,,,stefan,26.504,2.308,21.303,0.2217,62.69947141459237,40.20979683533046,,,,,,,,,,,,,,,,,,,,,,,
noinfo,Canada,clim_re,,747.0,36.0,,,,,,,,,,,,,,,,,,,,,,,,,,,,,,,stefan_cci,25.719,6.336,20.539,0.2671,62.69947141459237,40.20979683533046,,,,,,,,,,,,,,,,,,,,,,,
h1,Canada,clim_re,,747.0,36.0,,,,,,,,,,,,,,,,,,,,,,,,,,,,,,,,,,,,,,noinfo: Stefan+CCI − Stefan (λ=0),-0.7845181027674677,-3.8064528593666,4.649549840040676,4.028584398041943,-1.1975828785453702,9.828718688457425,ok,25.71930637556021,26.503824478327676,0.0,,,,,,,,,,,,
noinfo,Russia_W,clim_re,,28.0,18.0,,,,,,,,,,,,,,,,,,,,,,,,,,,,,,,stefan,42.455,-32.366,34.764,-1.2707,87.55409607180162,34.1365091061427,,,,,,,,,,,,,,,,,,,,,,,
noinfo,Russia_W,clim_re,,28.0,18.0,,,,,,,,,,,,,,,,,,,,,,,,,,,,,,,stefan_cci,41.444,-29.513,33.723,-1.1638,87.55409607180162,34.1365091061427,,,,,,,,,,,,,,,,,,,,,,,
h1,Russia_W,clim_re,,28.0,18.0,,,,,,,,,,,,,,,,,,,,,,,,,,,,,,,,,,,,,,noinfo: Stefan+CCI − Stefan (λ=0),-1.0116489189816562,-3.5329163742951017,0.7498141343525657,2.852219770967377,-0.37820849199822,7.177102147991214,ok,41.44384763835204,42.455496557333696,0.0,,,,,,,,,,,,
noinfo,Russia_C,clim_re,,7.0,6.0,,,,,,,,,,,,,,,,,,,,,,,,,,,,,,,stefan,53.386,-19.904,31.941,0.1357,79.36904761904762,36.782011813858325,,,,,,,,,,,,,,,,,,,,,,,
noinfo,Russia_C,clim_re,,7.0,6.0,,,,,,,,,,,,,,,,,,,,,,,,,,,,,,,stefan_cci,54.0,-17.065,36.086,0.1157,79.36904761904762,36.782011813858325,,,,,,,,,,,,,,,,,,,,,,,
h1,Russia_C,clim_re,,7.0,6.0,,,,,,,,,,,,,,,,,,,,,,,,,,,,,,,,,,,,,,noinfo: Stefan+CCI − Stefan (λ=0),0.6137097631879342,,,2.8387306280996825,,,blocks<8,53.9995480176924,53.38583825450446,0.0,,,,,,,,,,,,
noinfo,Russia_E,clim_re,,27.0,19.0,,,,,,,,,,,,,,,,,,,,,,,,,,,,,,,stefan,28.444,-9.287,16.684,0.0377,62.016679687675364,32.61594703467185,,,,,,,,,,,,,,,,,,,,,,,
noinfo,Russia_E,clim_re,,27.0,19.0,,,,,,,,,,,,,,,,,,,,,,,,,,,,,,,stefan_cci,27.657,-12.203,16.25,0.0902,62.016679687675364,32.61594703467185,,,,,,,,,,,,,,,,,,,,,,,
h1,Russia_E,clim_re,,27.0,19.0,,,,,,,,,,,,,,,,,,,,,,,,,,,,,,,,,,,,,,noinfo: Stefan+CCI − Stefan (λ=0),-0.7874970992053854,-2.2626271636495696,2.5452209089660034,-2.916916009439234,-5.7156120832552135,-0.18585103952982268,ok,27.65667303547301,28.444170134678394,0.0,,,,,,,,,,,,
noinfo,Greenland,clim_re,,1.0,1.0,,,,,,,,,,,,,,,,,,,,,,,,,,,,,,,stefan,,,,,67.5,22.639445972479344,,,,,,,,,,,,,,,,,,,,,,,
noinfo,Greenland,clim_re,,1.0,1.0,,,,,,,,,,,,,,,,,,,,,,,,,,,,,,,stefan_cci,,,,,67.5,22.639445972479344,,,,,,,,,,,,,,,,,,,,,,,
h1,Greenland,clim_re,,1.0,1.0,,,,,,,,,,,,,,,,,,,,,,,,,,,,,,,,,,,,,,noinfo: Stefan+CCI − Stefan (λ=0),-9.699429272369848,,,9.699429272369848,,,blocks<8,21.19942927236984,30.89885854473969,0.0,,,,,,,,,,,,
noinfo,MAIN6,clim_re,,3768.0,99.0,,,,,,,,,,,,,,,,,,,,,,,,,,,,,,,stefan,23.045,4.562,16.85,0.1525,46.64335859561523,31.67254937112511,,,,,,,,,,,,,,,,,,,,,,,
noinfo,MAIN6,clim_re,,3768.0,99.0,,,,,,,,,,,,,,,,,,,,,,,,,,,,,,,stefan_cci,22.21,-0.323,14.649,0.2128,46.64335859561523,31.67254937112511,,,,,,,,,,,,,,,,,,,,,,,
h1,MAIN6,clim_re,,3768.0,99.0,,,,,,,,,,,,,,,,,,,,,,,,,,,,,,,,,,,,,,noinfo: Stefan+CCI − Stefan (λ=0),-0.8352682809470515,-2.4361446953152974,1.1001412220716247,-4.8845557029613405,-6.673918527783346,0.24438732125575102,ok,22.209909582477636,23.045177863424687,0.0,,,,,,,,,,,,
h1,REGION_MEAN_MAIN6,clim_re,,6.0,5.0,,,,,,,,,,,,,,,,,,,,,,,,,,,,,,,,,,,,,,noinfo: Stefan+CCI − Stefan (λ=0),-2.0887499266065155,,,,,,region_mean(n_blocks=neg_count),,,0.0,,,,,,,,,,,,
noinfo,Lena,clim_yr,,2958.0,20.0,,,,,,,,,,,,,,,,,,,,,,,,,,,,,,,stefan,21.545,5.366,15.366,-0.0555,41.97654552625648,29.47561919991387,,,,,,,,,,,,,,,,,,,,,,,
noinfo,Lena,clim_yr,,2958.0,20.0,,,,,,,,,,,,,,,,,,,,,,,,,,,,,,,stefan_cci,20.773,-1.728,12.885,0.0187,41.97654552625648,29.47561919991387,,,,,,,,,,,,,,,,,,,,,,,
h1,Lena,clim_yr,,2958.0,20.0,,,,,,,,,,,,,,,,,,,,,,,,,,,,,,,,,,,,,,noinfo: Stefan+CCI − Stefan (λ=0),-0.7714740175451098,-2.38861801018322,1.820036458770555,-7.094569609697654,-7.890357196326516,-6.482597392748561,ok,20.773482160425324,21.544956177970434,0.0,,,,,,,,,,,,
noinfo,Canada,clim_yr,,747.0,36.0,,,,,,,,,,,,,,,,,,,,,,,,,,,,,,,stefan,26.407,2.006,21.176,0.2274,62.69947141459237,40.28550858220545,,,,,,,,,,,,,,,,,,,,,,,
noinfo,Canada,clim_yr,,747.0,36.0,,,,,,,,,,,,,,,,,,,,,,,,,,,,,,,stefan_cci,25.655,6.185,20.471,0.2707,62.69947141459237,40.28550858220545,,,,,,,,,,,,,,,,,,,,,,,
h1,Canada,clim_yr,,747.0,36.0,,,,,,,,,,,,,,,,,,,,,,,,,,,,,,,,,,,,,,noinfo: Stefan+CCI − Stefan (λ=0),-0.751530780349416,-3.6585430393568297,4.039941890002976,4.1796007550006635,-0.6369132098162308,10.03623278146592,ok,25.6552766075595,26.406807387908916,0.0,,,,,,,,,,,,
noinfo,Russia_W,clim_yr,,28.0,18.0,,,,,,,,,,,,,,,,,,,,,,,,,,,,,,,stefan,42.373,-32.289,34.728,-1.2618,87.55409607180162,34.40845250681428,,,,,,,,,,,,,,,,,,,,,,,
noinfo,Russia_W,clim_yr,,28.0,18.0,,,,,,,,,,,,,,,,,,,,,,,,,,,,,,,stefan_cci,41.412,-29.475,33.716,-1.1605,87.55409607180162,34.40845250681428,,,,,,,,,,,,,,,,,,,,,,,
h1,Russia_W,clim_yr,,28.0,18.0,,,,,,,,,,,,,,,,,,,,,,,,,,,,,,,,,,,,,,noinfo: Stefan+CCI − Stefan (λ=0),-0.9605202917852367,-3.13956177406396,0.7920644032977265,2.8136530635486388,-0.11032569609762993,6.58121893759885,ok,41.41222793401682,42.372748225802056,0.0,,,,,,,,,,,,
noinfo,Russia_C,clim_yr,,7.0,6.0,,,,,,,,,,,,,,,,,,,,,,,,,,,,,,,stefan,53.575,-20.255,31.861,0.1296,79.36904761904762,36.80456778221742,,,,,,,,,,,,,,,,,,,,,,,
noinfo,Russia_C,clim_yr,,7.0,6.0,,,,,,,,,,,,,,,,,,,,,,,,,,,,,,,stefan_cci,54.076,-17.241,36.09,0.1132,79.36904761904762,36.80456778221742,,,,,,,,,,,,,,,,,,,,,,,
h1,Russia_C,clim_yr,,7.0,6.0,,,,,,,,,,,,,,,,,,,,,,,,,,,,,,,,,,,,,,noinfo: Stefan+CCI − Stefan (λ=0),0.5014427912812138,,,3.0143783382291964,,,blocks<8,54.07603333800798,53.57459054672677,0.0,,,,,,,,,,,,
noinfo,Russia_E,clim_yr,,27.0,19.0,,,,,,,,,,,,,,,,,,,,,,,,,,,,,,,stefan,28.472,-9.401,16.69,0.0358,62.016679687675364,32.75866427228738,,,,,,,,,,,,,,,,,,,,,,,
noinfo,Russia_E,clim_yr,,27.0,19.0,,,,,,,,,,,,,,,,,,,,,,,,,,,,,,,stefan_cci,27.678,-12.261,16.256,0.0888,62.016679687675364,32.75866427228738,,,,,,,,,,,,,,,,,,,,,,,
h1,Russia_E,clim_yr,,27.0,19.0,,,,,,,,,,,,,,,,,,,,,,,,,,,,,,,,,,,,,,noinfo: Stefan+CCI − Stefan (λ=0),-0.7946940141831504,-2.4685347452382937,2.527635999214551,-2.8597137237234627,-5.624774756591463,-0.32056472168071504,ok,27.677717772766524,28.472411786949674,0.0,,,,,,,,,,,,
noinfo,Greenland,clim_yr,,1.0,1.0,,,,,,,,,,,,,,,,,,,,,,,,,,,,,,,stefan,,,,,67.5,22.90863887860172,,,,,,,,,,,,,,,,,,,,,,,
noinfo,Greenland,clim_yr,,1.0,1.0,,,,,,,,,,,,,,,,,,,,,,,,,,,,,,,stefan_cci,,,,,67.5,22.90863887860172,,,,,,,,,,,,,,,,,,,,,,,
h1,Greenland,clim_yr,,1.0,1.0,,,,,,,,,,,,,,,,,,,,,,,,,,,,,,,,,,,,,,noinfo: Stefan+CCI − Stefan (λ=0),-9.602506674831538,,,9.602506674831538,,,blocks<8,21.10250667483153,30.70501334966307,0.0,,,,,,,,,,,,
noinfo,MAIN6,clim_yr,,3768.0,99.0,,,,,,,,,,,,,,,,,,,,,,,,,,,,,,,stefan,22.965,4.257,16.706,0.1584,46.64335859561523,31.690715956249836,,,,,,,,,,,,,,,,,,,,,,,
noinfo,MAIN6,clim_yr,,3768.0,99.0,,,,,,,,,,,,,,,,,,,,,,,,,,,,,,,stefan_cci,22.205,-0.475,14.613,0.2132,46.64335859561523,31.690715956249836,,,,,,,,,,,,,,,,,,,,,,,
h1,MAIN6,clim_yr,,3768.0,99.0,,,,,,,,,,,,,,,,,,,,,,,,,,,,,,,,,,,,,,noinfo: Stefan+CCI − Stefan (λ=0),-0.7601559636220472,-2.0843816665581256,1.4045327515672004,-4.7322988246334665,-6.405844432341592,0.2570373300188873,ok,22.204511839755945,22.964667803377992,0.0,,,,,,,,,,,,
h1,REGION_MEAN_MAIN6,clim_yr,,6.0,5.0,,,,,,,,,,,,,,,,,,,,,,,,,,,,,,,,,,,,,,noinfo: Stefan+CCI − Stefan (λ=0),-2.0632138312355397,,,,,,region_mean(n_blocks=neg_count),,,0.0,,,,,,,,,,,,
noinfo,Lena,matched,,2958.0,20.0,,,,,,,,,,,,,,,,,,,,,,,,,,,,,,,stefan,20.618,6.513,15.057,0.0333,41.97654552625648,28.692867312157702,,,,,,,,,,,,,,,,,,,,,,,
noinfo,Lena,matched,,2958.0,20.0,,,,,,,,,,,,,,,,,,,,,,,,,,,,,,,stefan_cci,20.017,-1.155,12.487,0.0889,41.97654552625648,28.692867312157702,,,,,,,,,,,,,,,,,,,,,,,
h1,Lena,matched,,2958.0,20.0,,,,,,,,,,,,,,,,,,,,,,,,,,,,,,,,,,,,,,noinfo: Stefan+CCI − Stefan (λ=0),-0.601261206731003,-2.483803813471768,2.291308378146217,-7.667865410944077,-9.272671042746852,-6.8918390328475,ok,20.016806577958718,20.61806778468972,0.0,,,,,,,,,,,,
noinfo,Canada,matched,,747.0,36.0,,,,,,,,,,,,,,,,,,,,,,,,,,,,,,,stefan,26.567,8.244,22.25,0.218,62.69947141459237,41.979674276458994,,,,,,,,,,,,,,,,,,,,,,,
noinfo,Canada,matched,,747.0,36.0,,,,,,,,,,,,,,,,,,,,,,,,,,,,,,,stefan_cci,26.286,9.304,21.099,0.2344,62.69947141459237,41.979674276458994,,,,,,,,,,,,,,,,,,,,,,,
h1,Canada,matched,,747.0,36.0,,,,,,,,,,,,,,,,,,,,,,,,,,,,,,,,,,,,,,noinfo: Stefan+CCI − Stefan (λ=0),-0.28063030660363353,-2.6158415930176475,4.488846659330072,1.060571393219357,-3.319978453346589,6.595886312502735,ok,26.28642494146267,26.567055248066303,0.0,,,,,,,,,,,,
noinfo,Russia_W,matched,,28.0,18.0,,,,,,,,,,,,,,,,,,,,,,,,,,,,,,,stefan,41.073,-30.375,33.629,-1.1252,87.55409607180162,33.83505433611349,,,,,,,,,,,,,,,,,,,,,,,
noinfo,Russia_W,matched,,28.0,18.0,,,,,,,,,,,,,,,,,,,,,,,,,,,,,,,stefan_cci,40.878,-28.518,33.344,-1.1051,87.55409607180162,33.83505433611349,,,,,,,,,,,,,,,,,,,,,,,
h1,Russia_W,matched,,28.0,18.0,,,,,,,,,,,,,,,,,,,,,,,,,,,,,,,,,,,,,,noinfo: Stefan+CCI − Stefan (λ=0),-0.19469488539515112,-2.0757086264543787,1.4846979578051185,1.8568293604814592,-0.7033707589563866,6.503568091639938,ok,40.87816840214278,41.07286328753793,0.0,,,,,,,,,,,,
noinfo,Russia_C,matched,,7.0,6.0,,,,,,,,,,,,,,,,,,,,,,,,,,,,,,,stefan,51.631,-17.888,31.587,0.1916,79.36904761904762,36.380539728071206,,,,,,,,,,,,,,,,,,,,,,,
noinfo,Russia_C,matched,,7.0,6.0,,,,,,,,,,,,,,,,,,,,,,,,,,,,,,,stefan_cci,53.243,-16.057,35.838,0.1403,79.36904761904762,36.380539728071206,,,,,,,,,,,,,,,,,,,,,,,
h1,Russia_C,matched,,7.0,6.0,,,,,,,,,,,,,,,,,,,,,,,,,,,,,,,,,,,,,,noinfo: Stefan+CCI − Stefan (λ=0),1.6117610643594418,,,1.8309710692412828,,,blocks<8,53.24316473036102,51.63140366600158,0.0,,,,,,,,,,,,
noinfo,Russia_E,matched,,27.0,19.0,,,,,,,,,,,,,,,,,,,,,,,,,,,,,,,stefan,27.741,-7.668,16.487,0.0847,62.016679687675364,32.16022731069875,,,,,,,,,,,,,,,,,,,,,,,
noinfo,Russia_E,matched,,27.0,19.0,,,,,,,,,,,,,,,,,,,,,,,,,,,,,,,stefan_cci,27.209,-11.394,15.946,0.1195,62.016679687675364,32.16022731069875,,,,,,,,,,,,,,,,,,,,,,,
h1,Russia_E,matched,,27.0,19.0,,,,,,,,,,,,,,,,,,,,,,,,,,,,,,,,,,,,,,noinfo: Stefan+CCI − Stefan (λ=0),-0.5323898085194045,-2.131014340752194,2.4283956053266893,-3.726272800378881,-6.661262634927182,-1.1537227183678231,ok,27.208743557401412,27.741133365920817,0.0,,,,,,,,,,,,
noinfo,Greenland,matched,,1.0,1.0,,,,,,,,,,,,,,,,,,,,,,,,,,,,,,,stefan,,,,,67.5,24.625810483965548,,,,,,,,,,,,,,,,,,,,,,,
noinfo,Greenland,matched,,1.0,1.0,,,,,,,,,,,,,,,,,,,,,,,,,,,,,,,stefan_cci,,,,,67.5,24.625810483965548,,,,,,,,,,,,,,,,,,,,,,,
h1,Greenland,matched,,1.0,1.0,,,,,,,,,,,,,,,,,,,,,,,,,,,,,,,,,,,,,,noinfo: Stefan+CCI − Stefan (λ=0),-7.191933756410059,,,7.191933756410059,,,blocks<8,18.691933756410066,25.883867512820125,0.0,,,,,,,,,,,,
noinfo,MAIN6,matched,,3768.0,99.0,,,,,,,,,,,,,,,,,,,,,,,,,,,,,,,stefan,22.29,6.426,16.665,0.2072,46.64335859561523,31.403215350652303,,,,,,,,,,,,,,,,,,,,,,,
noinfo,MAIN6,matched,,3768.0,99.0,,,,,,,,,,,,,,,,,,,,,,,,,,,,,,,stefan_cci,21.785,0.609,14.419,0.2426,46.64335859561523,31.403215350652303,,,,,,,,,,,,,,,,,,,,,,,
h1,MAIN6,matched,,3768.0,99.0,,,,,,,,,,,,,,,,,,,,,,,,,,,,,,,,,,,,,,noinfo: Stefan+CCI − Stefan (λ=0),-0.504134367745344,-1.9445746176144323,1.5708305489993433,-5.816854688724354,-7.354663726075294,-2.819194651715177,ok,21.785475796145306,22.28961016389065,0.0,,,,,,,,,,,,
h1,REGION_MEAN_MAIN6,matched,,6.0,5.0,,,,,,,,,,,,,,,,,,,,,,,,,,,,,,,,,,,,,,noinfo: Stefan+CCI − Stefan (λ=0),-1.198191483216635,,,,,,region_mean(n_blocks=neg_count),,,0.0,,,,,,,,,,,,
noinfo,Lena,full,,2958.0,20.0,,,,,,,,,,,,,,,,,,,,,,,,,,,,,,,stefan,22.228,7.683,16.571,-0.1235,41.97654552625648,29.908614584313337,,,,,,,,,,,,,,,,,,,,,,,
noinfo,Lena,full,,2958.0,20.0,,,,,,,,,,,,,,,,,,,,,,,,,,,,,,,stefan_cci,20.702,-0.57,13.129,0.0254,41.97654552625648,29.908614584313337,,,,,,,,,,,,,,,,,,,,,,,
h1,Lena,full,,2958.0,20.0,,,,,,,,,,,,,,,,,,,,,,,,,,,,,,,,,,,,,,noinfo: Stefan+CCI − Stefan (λ=0),-1.5252831156361388,-3.657291427392148,1.2386954235102468,-8.253115946166766,-9.008977161341322,-7.488780253699209,ok,20.702261243796432,22.22754435943257,0.0,,,,,,,,,,,,
noinfo,Canada,full,,747.0,36.0,,,,,,,,,,,,,,,,,,,,,,,,,,,,,,,stefan,26.763,6.203,22.201,0.2064,62.69947141459237,41.497910016225056,,,,,,,,,,,,,,,,,,,,,,,
noinfo,Canada,full,,747.0,36.0,,,,,,,,,,,,,,,,,,,,,,,,,,,,,,,stefan_cci,26.167,8.284,21.087,0.2413,62.69947141459237,41.497910016225056,,,,,,,,,,,,,,,,,,,,,,,
h1,Canada,full,,747.0,36.0,,,,,,,,,,,,,,,,,,,,,,,,,,,,,,,,,,,,,,noinfo: Stefan+CCI − Stefan (λ=0),-0.5956345103617373,-3.056879241691509,4.182914320145006,2.0809449570707184,-2.894159827738542,8.405100648868059,ok,26.167395907634432,26.76303041799617,0.0,,,,,,,,,,,,
noinfo,Russia_W,full,,28.0,18.0,,,,,,,,,,,,,,,,,,,,,,,,,,,,,,,stefan,42.119,-31.898,34.493,-1.2348,87.55409607180162,33.51994604860891,,,,,,,,,,,,,,,,,,,,,,,
noinfo,Russia_W,full,,28.0,18.0,,,,,,,,,,,,,,,,,,,,,,,,,,,,,,,stefan_cci,41.324,-29.28,33.68,-1.1513,87.55409607180162,33.51994604860891,,,,,,,,,,,,,,,,,,,,,,,
h1,Russia_W,full,,28.0,18.0,,,,,,,,,,,,,,,,,,,,,,,,,,,,,,,,,,,,,,noinfo: Stefan+CCI − Stefan (λ=0),-0.7948509820630676,-3.235524632278859,0.9448623828900992,2.618477388119185,-0.17273650866759052,6.732967381257677,ok,41.32416286373195,42.11901384579502,0.0,,,,,,,,,,,,
noinfo,Russia_C,full,,7.0,6.0,,,,,,,,,,,,,,,,,,,,,,,,,,,,,,,stefan,52.238,-18.157,32.087,0.1725,79.36904761904762,36.86599713094485,,,,,,,,,,,,,,,,,,,,,,,
noinfo,Russia_C,full,,7.0,6.0,,,,,,,,,,,,,,,,,,,,,,,,,,,,,,,stefan_cci,53.497,-16.192,35.864,0.1321,79.36904761904762,36.86599713094485,,,,,,,,,,,,,,,,,,,,,,,
h1,Russia_C,full,,7.0,6.0,,,,,,,,,,,,,,,,,,,,,,,,,,,,,,,,,,,,,,noinfo: Stefan+CCI − Stefan (λ=0),1.258707416345409,,,1.9656165275714024,,,blocks<8,53.497040275770786,52.23833285942538,0.0,,,,,,,,,,,,
noinfo,Russia_E,full,,27.0,19.0,,,,,,,,,,,,,,,,,,,,,,,,,,,,,,,stefan,28.058,-8.325,16.562,0.0636,62.016679687675364,32.33700956480189,,,,,,,,,,,,,,,,,,,,,,,
noinfo,Russia_E,full,,27.0,19.0,,,,,,,,,,,,,,,,,,,,,,,,,,,,,,,stefan_cci,27.392,-11.723,16.029,0.1075,62.016679687675364,32.33700956480189,,,,,,,,,,,,,,,,,,,,,,,
h1,Russia_E,full,,27.0,19.0,,,,,,,,,,,,,,,,,,,,,,,,,,,,,,,,,,,,,,noinfo: Stefan+CCI − Stefan (λ=0),-0.6655638143805547,-2.2650079880097382,2.4461117582822065,-3.397740036712481,-6.207839225304338,-0.5188780034889271,ok,27.39245179965846,28.058015614039014,0.0,,,,,,,,,,,,
noinfo,Greenland,full,,1.0,1.0,,,,,,,,,,,,,,,,,,,,,,,,,,,,,,,stefan,,,,,67.5,23.003205449186858,,,,,,,,,,,,,,,,,,,,,,,
noinfo,Greenland,full,,1.0,1.0,,,,,,,,,,,,,,,,,,,,,,,,,,,,,,,stefan_cci,,,,,67.5,23.003205449186858,,,,,,,,,,,,,,,,,,,,,,,
h1,Greenland,full,,1.0,1.0,,,,,,,,,,,,,,,,,,,,,,,,,,,,,,,,,,,,,,noinfo: Stefan+CCI − Stefan (λ=0),-8.902950220405437,,,8.902950220405437,,,blocks<8,20.402950220405444,29.30590044081088,0.0,,,,,,,,,,,,
noinfo,MAIN6,full,,3768.0,99.0,,,,,,,,,,,,,,,,,,,,,,,,,,,,,,,stefan,23.537,6.923,17.853,0.116,46.64335859561523,32.26150309328436,,,,,,,,,,,,,,,,,,,,,,,
noinfo,MAIN6,full,,3768.0,99.0,,,,,,,,,,,,,,,,,,,,,,,,,,,,,,,stefan_cci,22.264,0.858,14.924,0.209,46.64335859561523,32.26150309328436,,,,,,,,,,,,,,,,,,,,,,,
h1,MAIN6,full,,3768.0,99.0,,,,,,,,,,,,,,,,,,,,,,,,,,,,,,,,,,,,,,noinfo: Stefan+CCI − Stefan (λ=0),-1.2725035206246176,-2.9108220290152778,1.0262902574138997,-6.065289393322708,-7.5918292013933,-1.443415825304539,ok,22.264156708531683,23.5366602291563,0.0,,,,,,,,,,,,
h1,REGION_MEAN_MAIN6,full,,6.0,5.0,,,,,,,,,,,,,,,,,,,,,,,,,,,,,,,,,,,,,,noinfo: Stefan+CCI − Stefan (λ=0),-1.870929204416921,,,,,,region_mean(n_blocks=neg_count),,,0.0,,,,,,,,,,,,
covonly_seed,Lena,clim,,1496.0,11.0,,,,,,,,,,,,,,,,,,,,,,,,,,,,,,,,16.48,8.128,13.499,-0.3164,,,,,,,,,,,,,,0.0,stefan,0.0,149666.0,,,,,,,,
covonly_seed,Lena,clim,,1496.0,11.0,,,,,,,,,,,,,,,,,,,,,,,,,,,,,,,,18.188,11.139,15.478,-0.6034,,,,,,,,,,,,,,0.0,const,0.0,149666.0,,,,,,,,
covonly_seed,Lena,clim,,1496.0,11.0,,,,,,,,,,,,,,,,,,,,,,,,,,,,,,,,16.609,8.358,13.653,-0.337,,,,,,,,,,,,,,0.0,tddlin,0.0,149666.0,,,,,,,,
covonly_seed,Lena,clim,,1496.0,11.0,,,,,,,,,,,,,,,,,,,,,,,,,,,,,,,,19.974,14.056,17.462,-0.9336,,,,,,,,,,,,,,0.0,none,0.0,13606.0,,,,,,,,
covonly_seed,Lena,clim,,1496.0,11.0,,,,,,,,,,,,,,,,,,,,,,,,,,,,,,,,16.488,8.164,13.525,-0.3177,,,,,,,,,,,,,,0.0,stefan,1.0,149666.0,,,,,,,,
covonly_seed,Lena,clim,,1496.0,11.0,,,,,,,,,,,,,,,,,,,,,,,,,,,,,,,,18.194,11.15,15.486,-0.6043,,,,,,,,,,,,,,0.0,const,1.0,149666.0,,,,,,,,
covonly_seed,Lena,clim,,1496.0,11.0,,,,,,,,,,,,,,,,,,,,,,,,,,,,,,,,16.558,8.312,13.602,-0.3288,,,,,,,,,,,,,,0.0,tddlin,1.0,149666.0,,,,,,,,
covonly_seed,Lena,clim,,1496.0,11.0,,,,,,,,,,,,,,,,,,,,,,,,,,,,,,,,19.479,13.255,16.93,-0.8391,,,,,,,,,,,,,,0.0,none,1.0,13606.0,,,,,,,,
covonly_seed,Lena,clim,,1496.0,11.0,,,,,,,,,,,,,,,,,,,,,,,,,,,,,,,,16.477,8.141,13.495,-0.3159,,,,,,,,,,,,,,0.0,stefan,2.0,149666.0,,,,,,,,
covonly_seed,Lena,clim,,1496.0,11.0,,,,,,,,,,,,,,,,,,,,,,,,,,,,,,,,18.182,11.144,15.478,-0.6023,,,,,,,,,,,,,,0.0,const,2.0,149666.0,,,,,,,,
covonly_seed,Lena,clim,,1496.0,11.0,,,,,,,,,,,,,,,,,,,,,,,,,,,,,,,,16.592,8.335,13.617,-0.3343,,,,,,,,,,,,,,0.0,tddlin,2.0,149666.0,,,,,,,,
covonly_seed,Lena,clim,,1496.0,11.0,,,,,,,,,,,,,,,,,,,,,,,,,,,,,,,,19.976,14.026,17.467,-0.9341,,,,,,,,,,,,,,0.0,none,2.0,13606.0,,,,,,,,
covonly_seed,Lena,clim,,1478.0,11.0,,,,,,,,,,,,,,,,,,,,,,,,,,,,,,,,16.051,8.666,13.124,-0.4117,,,,,,,,,,,,,,1.0,stefan,0.0,149666.0,,,,,,,,
covonly_seed,Lena,clim,,1478.0,11.0,,,,,,,,,,,,,,,,,,,,,,,,,,,,,,,,18.096,12.039,15.469,-0.7942,,,,,,,,,,,,,,1.0,const,0.0,149666.0,,,,,,,,
covonly_seed,Lena,clim,,1478.0,11.0,,,,,,,,,,,,,,,,,,,,,,,,,,,,,,,,16.277,9.056,13.373,-0.4517,,,,,,,,,,,,,,1.0,tddlin,0.0,149666.0,,,,,,,,
covonly_seed,Lena,clim,,1478.0,11.0,,,,,,,,,,,,,,,,,,,,,,,,,,,,,,,,20.192,15.175,17.753,-1.2341,,,,,,,,,,,,,,1.0,none,0.0,13606.0,,,,,,,,
covonly_seed,Lena,clim,,1478.0,11.0,,,,,,,,,,,,,,,,,,,,,,,,,,,,,,,,16.181,8.886,13.266,-0.4347,,,,,,,,,,,,,,1.0,stefan,1.0,149666.0,,,,,,,,
covonly_seed,Lena,clim,,1478.0,11.0,,,,,,,,,,,,,,,,,,,,,,,,,,,,,,,,18.108,12.058,15.479,-0.7966,,,,,,,,,,,,,,1.0,const,1.0,149666.0,,,,,,,,
covonly_seed,Lena,clim,,1478.0,11.0,,,,,,,,,,,,,,,,,,,,,,,,,,,,,,,,16.27,9.011,13.372,-0.4504,,,,,,,,,,,,,,1.0,tddlin,1.0,149666.0,,,,,,,,
covonly_seed,Lena,clim,,1478.0,11.0,,,,,,,,,,,,,,,,,,,,,,,,,,,,,,,,19.71,14.54,17.224,-1.1286,,,,,,,,,,,,,,1.0,none,1.0,13606.0,,,,,,,,
covonly_seed,Lena,clim,,1478.0,11.0,,,,,,,,,,,,,,,,,,,,,,,,,,,,,,,,16.028,8.644,13.098,-0.4077,,,,,,,,,,,,,,1.0,stefan,2.0,149666.0,,,,,,,,
covonly_seed,Lena,clim,,1478.0,11.0,,,,,,,,,,,,,,,,,,,,,,,,,,,,,,,,18.103,12.059,15.481,-0.7958,,,,,,,,,,,,,,1.0,const,2.0,149666.0,,,,,,,,
covonly_seed,Lena,clim,,1478.0,11.0,,,,,,,,,,,,,,,,,,,,,,,,,,,,,,,,16.301,9.11,13.419,-0.456,,,,,,,,,,,,,,1.0,tddlin,2.0,149666.0,,,,,,,,
covonly_seed,Lena,clim,,1478.0,11.0,,,,,,,,,,,,,,,,,,,,,,,,,,,,,,,,20.588,15.602,18.079,-1.3225,,,,,,,,,,,,,,1.0,none,2.0,13606.0,,,,,,,,
covonly_seed,Lena,clim,,1687.0,5.0,,,,,,,,,,,,,,,,,,,,,,,,,,,,,,,,19.944,8.917,15.936,-0.2318,,,,,,,,,,,,,,2.0,stefan,0.0,149666.0,,,,,,,,
covonly_seed,Lena,clim,,1687.0,5.0,,,,,,,,,,,,,,,,,,,,,,,,,,,,,,,,21.265,11.362,17.523,-0.4004,,,,,,,,,,,,,,2.0,const,0.0,149666.0,,,,,,,,
covonly_seed,Lena,clim,,1687.0,5.0,,,,,,,,,,,,,,,,,,,,,,,,,,,,,,,,19.937,8.843,15.923,-0.231,,,,,,,,,,,,,,2.0,tddlin,0.0,149666.0,,,,,,,,
covonly_seed,Lena,clim,,1687.0,5.0,,,,,,,,,,,,,,,,,,,,,,,,,,,,,,,,23.827,15.513,20.427,-0.7582,,,,,,,,,,,,,,2.0,none,0.0,13606.0,,,,,,,,
covonly_seed,Lena,clim,,1687.0,5.0,,,,,,,,,,,,,,,,,,,,,,,,,,,,,,,,19.953,8.928,15.942,-0.2329,,,,,,,,,,,,,,2.0,stefan,1.0,149666.0,,,,,,,,
covonly_seed,Lena,clim,,1687.0,5.0,,,,,,,,,,,,,,,,,,,,,,,,,,,,,,,,21.274,11.38,17.534,-0.4016,,,,,,,,,,,,,,2.0,const,1.0,149666.0,,,,,,,,
covonly_seed,Lena,clim,,1687.0,5.0,,,,,,,,,,,,,,,,,,,,,,,,,,,,,,,,19.909,8.775,15.883,-0.2275,,,,,,,,,,,,,,2.0,tddlin,1.0,149666.0,,,,,,,,
covonly_seed,Lena,clim,,1687.0,5.0,,,,,,,,,,,,,,,,,,,,,,,,,,,,,,,,23.373,14.78,19.905,-0.6918,,,,,,,,,,,,,,2.0,none,1.0,13606.0,,,,,,,,
covonly_seed,Lena,clim,,1687.0,5.0,,,,,,,,,,,,,,,,,,,,,,,,,,,,,,,,19.956,8.929,15.947,-0.2332,,,,,,,,,,,,,,2.0,stefan,2.0,149666.0,,,,,,,,
covonly_seed,Lena,clim,,1687.0,5.0,,,,,,,,,,,,,,,,,,,,,,,,,,,,,,,,21.272,11.37,17.529,-0.4014,,,,,,,,,,,,,,2.0,const,2.0,149666.0,,,,,,,,
covonly_seed,Lena,clim,,1687.0,5.0,,,,,,,,,,,,,,,,,,,,,,,,,,,,,,,,19.928,8.812,15.907,-0.2298,,,,,,,,,,,,,,2.0,tddlin,2.0,149666.0,,,,,,,,
covonly_seed,Lena,clim,,1687.0,5.0,,,,,,,,,,,,,,,,,,,,,,,,,,,,,,,,23.195,14.229,19.666,-0.6661,,,,,,,,,,,,,,2.0,none,2.0,13606.0,,,,,,,,
covonly_seed,Canada,clim,,374.0,19.0,,,,,,,,,,,,,,,,,,,,,,,,,,,,,,,,30.157,-9.779,22.64,0.1205,,,,,,,,,,,,,,0.0,stefan,0.0,149666.0,,,,,,,,
covonly_seed,Canada,clim,,374.0,19.0,,,,,,,,,,,,,,,,,,,,,,,,,,,,,,,,40.388,-24.349,29.356,-0.5775,,,,,,,,,,,,,,0.0,const,0.0,149666.0,,,,,,,,
covonly_seed,Canada,clim,,374.0,19.0,,,,,,,,,,,,,,,,,,,,,,,,,,,,,,,,30.576,-11.725,22.694,0.0959,,,,,,,,,,,,,,0.0,tddlin,0.0,149666.0,,,,,,,,
covonly_seed,Canada,clim,,374.0,19.0,,,,,,,,,,,,,,,,,,,,,,,,,,,,,,,,34.689,-17.286,25.155,-0.1637,,,,,,,,,,,,,,0.0,none,0.0,13606.0,,,,,,,,
covonly_seed,Canada,clim,,374.0,19.0,,,,,,,,,,,,,,,,,,,,,,,,,,,,,,,,29.265,-8.634,22.122,0.1718,,,,,,,,,,,,,,0.0,stefan,1.0,149666.0,,,,,,,,
covonly_seed,Canada,clim,,374.0,19.0,,,,,,,,,,,,,,,,,,,,,,,,,,,,,,,,38.881,-22.828,28.104,-0.4619,,,,,,,,,,,,,,0.0,const,1.0,149666.0,,,,,,,,
covonly_seed,Canada,clim,,374.0,19.0,,,,,,,,,,,,,,,,,,,,,,,,,,,,,,,,30.507,-11.321,22.714,0.1,,,,,,,,,,,,,,0.0,tddlin,1.0,149666.0,,,,,,,,
covonly_seed,Canada,clim,,374.0,19.0,,,,,,,,,,,,,,,,,,,,,,,,,,,,,,,,33.398,-16.021,24.368,-0.0787,,,,,,,,,,,,,,0.0,none,1.0,13606.0,,,,,,,,
covonly_seed,Canada,clim,,374.0,19.0,,,,,,,,,,,,,,,,,,,,,,,,,,,,,,,,29.642,-10.134,22.22,0.1503,,,,,,,,,,,,,,0.0,stefan,2.0,149666.0,,,,,,,,
covonly_seed,Canada,clim,,374.0,19.0,,,,,,,,,,,,,,,,,,,,,,,,,,,,,,,,39.303,-23.332,28.445,-0.4939,,,,,,,,,,,,,,0.0,const,2.0,149666.0,,,,,,,,
covonly_seed,Canada,clim,,374.0,19.0,,,,,,,,,,,,,,,,,,,,,,,,,,,,,,,,30.277,-11.509,22.509,0.1135,,,,,,,,,,,,,,0.0,tddlin,2.0,149666.0,,,,,,,,
covonly_seed,Canada,clim,,374.0,19.0,,,,,,,,,,,,,,,,,,,,,,,,,,,,,,,,36.91,-19.097,26.722,-0.3175,,,,,,,,,,,,,,0.0,none,2.0,13606.0,,,,,,,,
covonly_seed,Canada,clim,,393.0,20.0,,,,,,,,,,,,,,,,,,,,,,,,,,,,,,,,28.263,-10.428,20.187,0.2249,,,,,,,,,,,,,,1.0,stefan,0.0,149666.0,,,,,,,,
covonly_seed,Canada,clim,,393.0,20.0,,,,,,,,,,,,,,,,,,,,,,,,,,,,,,,,38.159,-21.043,26.866,-0.4128,,,,,,,,,,,,,,1.0,const,0.0,149666.0,,,,,,,,
covonly_seed,Canada,clim,,393.0,20.0,,,,,,,,,,,,,,,,,,,,,,,,,,,,,,,,29.363,-9.976,21.28,0.1635,,,,,,,,,,,,,,1.0,tddlin,0.0,149666.0,,,,,,,,
covonly_seed,Canada,clim,,393.0,20.0,,,,,,,,,,,,,,,,,,,,,,,,,,,,,,,,33.15,-14.605,23.714,-0.0663,,,,,,,,,,,,,,1.0,none,0.0,13606.0,,,,,,,,
covonly_seed,Canada,clim,,393.0,20.0,,,,,,,,,,,,,,,,,,,,,,,,,,,,,,,,28.555,-10.34,20.439,0.2089,,,,,,,,,,,,,,1.0,stefan,1.0,149666.0,,,,,,,,
covonly_seed,Canada,clim,,393.0,20.0,,,,,,,,,,,,,,,,,,,,,,,,,,,,,,,,38.151,-20.89,26.92,-0.4123,,,,,,,,,,,,,,1.0,const,1.0,149666.0,,,,,,,,
covonly_seed,Canada,clim,,393.0,20.0,,,,,,,,,,,,,,,,,,,,,,,,,,,,,,,,29.207,-10.498,20.976,0.1723,,,,,,,,,,,,,,1.0,tddlin,1.0,149666.0,,,,,,,,
covonly_seed,Canada,clim,,393.0,20.0,,,,,,,,,,,,,,,,,,,,,,,,,,,,,,,,31.862,-13.577,22.956,0.015,,,,,,,,,,,,,,1.0,none,1.0,13606.0,,,,,,,,
covonly_seed,Canada,clim,,393.0,20.0,,,,,,,,,,,,,,,,,,,,,,,,,,,,,,,,28.317,-11.539,20.019,0.222,,,,,,,,,,,,,,1.0,stefan,2.0,149666.0,,,,,,,,
covonly_seed,Canada,clim,,393.0,20.0,,,,,,,,,,,,,,,,,,,,,,,,,,,,,,,,38.195,-20.781,27.007,-0.4155,,,,,,,,,,,,,,1.0,const,2.0,149666.0,,,,,,,,
covonly_seed,Canada,clim,,393.0,20.0,,,,,,,,,,,,,,,,,,,,,,,,,,,,,,,,29.074,-10.905,20.75,0.1798,,,,,,,,,,,,,,1.0,tddlin,2.0,149666.0,,,,,,,,
covonly_seed,Canada,clim,,393.0,20.0,,,,,,,,,,,,,,,,,,,,,,,,,,,,,,,,35.053,-16.142,24.877,-0.1922,,,,,,,,,,,,,,1.0,none,2.0,13606.0,,,,,,,,
covonly_seed,Canada,clim,,385.0,12.0,,,,,,,,,,,,,,,,,,,,,,,,,,,,,,,,31.821,-3.582,26.07,0.2105,,,,,,,,,,,,,,2.0,stefan,0.0,149666.0,,,,,,,,
covonly_seed,Canada,clim,,385.0,12.0,,,,,,,,,,,,,,,,,,,,,,,,,,,,,,,,34.207,-12.199,26.362,0.0877,,,,,,,,,,,,,,2.0,const,0.0,149666.0,,,,,,,,
covonly_seed,Canada,clim,,385.0,12.0,,,,,,,,,,,,,,,,,,,,,,,,,,,,,,,,32.609,-5.591,26.39,0.171,,,,,,,,,,,,,,2.0,tddlin,0.0,149666.0,,,,,,,,
covonly_seed,Canada,clim,,385.0,12.0,,,,,,,,,,,,,,,,,,,,,,,,,,,,,,,,35.183,-12.766,26.982,0.0349,,,,,,,,,,,,,,2.0,none,0.0,13606.0,,,,,,,,
covonly_seed,Canada,clim,,385.0,12.0,,,,,,,,,,,,,,,,,,,,,,,,,,,,,,,,32.117,-2.283,26.613,0.1958,,,,,,,,,,,,,,2.0,stefan,1.0,149666.0,,,,,,,,
covonly_seed,Canada,clim,,385.0,12.0,,,,,,,,,,,,,,,,,,,,,,,,,,,,,,,,32.165,-9.549,25.228,0.1934,,,,,,,,,,,,,,2.0,const,1.0,149666.0,,,,,,,,
covonly_seed,Canada,clim,,385.0,12.0,,,,,,,,,,,,,,,,,,,,,,,,,,,,,,,,32.318,-5.706,26.102,0.1857,,,,,,,,,,,,,,2.0,tddlin,1.0,149666.0,,,,,,,,
covonly_seed,Canada,clim,,385.0,12.0,,,,,,,,,,,,,,,,,,,,,,,,,,,,,,,,33.941,-11.306,26.18,0.1019,,,,,,,,,,,,,,2.0,none,1.0,13606.0,,,,,,,,
covonly_seed,Canada,clim,,385.0,12.0,,,,,,,,,,,,,,,,,,,,,,,,,,,,,,,,31.657,-3.124,26.016,0.2187,,,,,,,,,,,,,,2.0,stefan,2.0,149666.0,,,,,,,,
covonly_seed,Canada,clim,,385.0,12.0,,,,,,,,,,,,,,,,,,,,,,,,,,,,,,,,34.15,-12.078,26.285,0.0908,,,,,,,,,,,,,,2.0,const,2.0,149666.0,,,,,,,,
covonly_seed,Canada,clim,,385.0,12.0,,,,,,,,,,,,,,,,,,,,,,,,,,,,,,,,32.61,-5.724,26.349,0.1709,,,,,,,,,,,,,,2.0,tddlin,2.0,149666.0,,,,,,,,
covonly_seed,Canada,clim,,385.0,12.0,,,,,,,,,,,,,,,,,,,,,,,,,,,,,,,,37.246,-14.587,28.43,-0.0816,,,,,,,,,,,,,,2.0,none,2.0,13606.0,,,,,,,,
covonly_seed,Russia_W,clim,,12.0,8.0,,,,,,,,,,,,,,,,,,,,,,,,,,,,,,,,32.197,-21.289,26.377,-0.7855,,,,,,,,,,,,,,0.0,stefan,0.0,149666.0,,,,,,,,
covonly_seed,Russia_W,clim,,12.0,8.0,,,,,,,,,,,,,,,,,,,,,,,,,,,,,,,,36.862,-27.805,31.198,-1.3404,,,,,,,,,,,,,,0.0,const,0.0,149666.0,,,,,,,,
covonly_seed,Russia_W,clim,,12.0,8.0,,,,,,,,,,,,,,,,,,,,,,,,,,,,,,,,33.798,-23.634,27.861,-0.9675,,,,,,,,,,,,,,0.0,tddlin,0.0,149666.0,,,,,,,,
covonly_seed,Russia_W,clim,,12.0,8.0,,,,,,,,,,,,,,,,,,,,,,,,,,,,,,,,35.277,-25.665,28.96,-1.1435,,,,,,,,,,,,,,0.0,none,0.0,13606.0,,,,,,,,
covonly_seed,Russia_W,clim,,12.0,8.0,,,,,,,,,,,,,,,,,,,,,,,,,,,,,,,,32.225,-21.453,26.282,-0.7886,,,,,,,,,,,,,,0.0,stefan,1.0,149666.0,,,,,,,,
covonly_seed,Russia_W,clim,,12.0,8.0,,,,,,,,,,,,,,,,,,,,,,,,,,,,,,,,36.625,-27.476,30.925,-1.3104,,,,,,,,,,,,,,0.0,const,1.0,149666.0,,,,,,,,
covonly_seed,Russia_W,clim,,12.0,8.0,,,,,,,,,,,,,,,,,,,,,,,,,,,,,,,,33.091,-22.842,27.127,-0.8861,,,,,,,,,,,,,,0.0,tddlin,1.0,149666.0,,,,,,,,
covonly_seed,Russia_W,clim,,12.0,8.0,,,,,,,,,,,,,,,,,,,,,,,,,,,,,,,,35.289,-26.417,29.503,-1.145,,,,,,,,,,,,,,0.0,none,1.0,13606.0,,,,,,,,
covonly_seed,Russia_W,clim,,12.0,8.0,,,,,,,,,,,,,,,,,,,,,,,,,,,,,,,,32.36,-21.458,26.651,-0.8036,,,,,,,,,,,,,,0.0,stefan,2.0,149666.0,,,,,,,,
covonly_seed,Russia_W,clim,,12.0,8.0,,,,,,,,,,,,,,,,,,,,,,,,,,,,,,,,36.588,-27.419,30.861,-1.3058,,,,,,,,,,,,,,0.0,const,2.0,149666.0,,,,,,,,
covonly_seed,Russia_W,clim,,12.0,8.0,,,,,,,,,,,,,,,,,,,,,,,,,,,,,,,,33.656,-23.457,27.669,-0.951,,,,,,,,,,,,,,0.0,tddlin,2.0,149666.0,,,,,,,,
covonly_seed,Russia_W,clim,,12.0,8.0,,,,,,,,,,,,,,,,,,,,,,,,,,,,,,,,34.821,-25.675,28.714,-1.0884,,,,,,,,,,,,,,0.0,none,2.0,13606.0,,,,,,,,
covonly_seed,Russia_W,clim,,12.0,7.0,,,,,,,,,,,,,,,,,,,,,,,,,,,,,,,,44.301,-33.107,34.805,-1.2083,,,,,,,,,,,,,,1.0,stefan,0.0,149666.0,,,,,,,,
covonly_seed,Russia_W,clim,,12.0,7.0,,,,,,,,,,,,,,,,,,,,,,,,,,,,,,,,49.503,-39.554,39.877,-1.7574,,,,,,,,,,,,,,1.0,const,0.0,149666.0,,,,,,,,
covonly_seed,Russia_W,clim,,12.0,7.0,,,,,,,,,,,,,,,,,,,,,,,,,,,,,,,,45.37,-34.413,35.787,-1.3162,,,,,,,,,,,,,,1.0,tddlin,0.0,149666.0,,,,,,,,
covonly_seed,Russia_W,clim,,12.0,7.0,,,,,,,,,,,,,,,,,,,,,,,,,,,,,,,,47.281,-37.529,37.641,-1.5154,,,,,,,,,,,,,,1.0,none,0.0,13606.0,,,,,,,,
covonly_seed,Russia_W,clim,,12.0,7.0,,,,,,,,,,,,,,,,,,,,,,,,,,,,,,,,44.022,-32.788,34.514,-1.1806,,,,,,,,,,,,,,1.0,stefan,1.0,149666.0,,,,,,,,
covonly_seed,Russia_W,clim,,12.0,7.0,,,,,,,,,,,,,,,,,,,,,,,,,,,,,,,,49.452,-39.47,39.795,-1.7517,,,,,,,,,,,,,,1.0,const,1.0,149666.0,,,,,,,,
covonly_seed,Russia_W,clim,,12.0,7.0,,,,,,,,,,,,,,,,,,,,,,,,,,,,,,,,45.486,-34.78,36.157,-1.328,,,,,,,,,,,,,,1.0,tddlin,1.0,149666.0,,,,,,,,
covonly_seed,Russia_W,clim,,12.0,7.0,,,,,,,,,,,,,,,,,,,,,,,,,,,,,,,,47.082,-38.156,38.156,-1.4943,,,,,,,,,,,,,,1.0,none,1.0,13606.0,,,,,,,,
covonly_seed,Russia_W,clim,,12.0,7.0,,,,,,,,,,,,,,,,,,,,,,,,,,,,,,,,44.592,-33.287,35.021,-1.2374,,,,,,,,,,,,,,1.0,stefan,2.0,149666.0,,,,,,,,
covonly_seed,Russia_W,clim,,12.0,7.0,,,,,,,,,,,,,,,,,,,,,,,,,,,,,,,,49.551,-39.619,39.942,-1.7627,,,,,,,,,,,,,,1.0,const,2.0,149666.0,,,,,,,,
covonly_seed,Russia_W,clim,,12.0,7.0,,,,,,,,,,,,,,,,,,,,,,,,,,,,,,,,46.192,-35.427,36.896,-1.4009,,,,,,,,,,,,,,1.0,tddlin,2.0,149666.0,,,,,,,,
covonly_seed,Russia_W,clim,,12.0,7.0,,,,,,,,,,,,,,,,,,,,,,,,,,,,,,,,46.747,-37.279,37.279,-1.4589,,,,,,,,,,,,,,1.0,none,2.0,13606.0,,,,,,,,
covonly_seed,Russia_W,clim,,17.0,12.0,,,,,,,,,,,,,,,,,,,,,,,,,,,,,,,,41.006,-32.231,36.021,-1.4436,,,,,,,,,,,,,,2.0,stefan,0.0,149666.0,,,,,,,,
covonly_seed,Russia_W,clim,,17.0,12.0,,,,,,,,,,,,,,,,,,,,,,,,,,,,,,,,44.467,-35.851,38.727,-1.8735,,,,,,,,,,,,,,2.0,const,0.0,149666.0,,,,,,,,
covonly_seed,Russia_W,clim,,17.0,12.0,,,,,,,,,,,,,,,,,,,,,,,,,,,,,,,,41.794,-33.225,36.734,-1.5384,,,,,,,,,,,,,,2.0,tddlin,0.0,149666.0,,,,,,,,
covonly_seed,Russia_W,clim,,17.0,12.0,,,,,,,,,,,,,,,,,,,,,,,,,,,,,,,,45.303,-36.755,39.2,-1.9825,,,,,,,,,,,,,,2.0,none,0.0,13606.0,,,,,,,,
covonly_seed,Russia_W,clim,,17.0,12.0,,,,,,,,,,,,,,,,,,,,,,,,,,,,,,,,41.017,-32.01,35.936,-1.4449,,,,,,,,,,,,,,2.0,stefan,1.0,149666.0,,,,,,,,
covonly_seed,Russia_W,clim,,17.0,12.0,,,,,,,,,,,,,,,,,,,,,,,,,,,,,,,,44.454,-35.862,38.706,-1.8718,,,,,,,,,,,,,,2.0,const,1.0,149666.0,,,,,,,,
covonly_seed,Russia_W,clim,,17.0,12.0,,,,,,,,,,,,,,,,,,,,,,,,,,,,,,,,41.644,-33.01,36.606,-1.5203,,,,,,,,,,,,,,2.0,tddlin,1.0,149666.0,,,,,,,,
covonly_seed,Russia_W,clim,,17.0,12.0,,,,,,,,,,,,,,,,,,,,,,,,,,,,,,,,45.52,-37.237,39.482,-2.0113,,,,,,,,,,,,,,2.0,none,1.0,13606.0,,,,,,,,
covonly_seed,Russia_W,clim,,17.0,12.0,,,,,,,,,,,,,,,,,,,,,,,,,,,,,,,,40.954,-32.056,35.777,-1.4374,,,,,,,,,,,,,,2.0,stefan,2.0,149666.0,,,,,,,,
covonly_seed,Russia_W,clim,,17.0,12.0,,,,,,,,,,,,,,,,,,,,,,,,,,,,,,,,44.348,-35.729,38.601,-1.8581,,,,,,,,,,,,,,2.0,const,2.0,149666.0,,,,,,,,
covonly_seed,Russia_W,clim,,17.0,12.0,,,,,,,,,,,,,,,,,,,,,,,,,,,,,,,,41.95,-33.442,36.777,-1.5574,,,,,,,,,,,,,,2.0,tddlin,2.0,149666.0,,,,,,,,
covonly_seed,Russia_W,clim,,17.0,12.0,,,,,,,,,,,,,,,,,,,,,,,,,,,,,,,,45.436,-36.823,39.203,-2.0002,,,,,,,,,,,,,,2.0,none,2.0,13606.0,,,,,,,,
covonly_seed,Russia_E,clim,,12.0,9.0,,,,,,,,,,,,,,,,,,,,,,,,,,,,,,,,16.53,-5.372,11.311,0.2221,,,,,,,,,,,,,,0.0,stefan,0.0,149666.0,,,,,,,,
covonly_seed,Russia_E,clim,,12.0,9.0,,,,,,,,,,,,,,,,,,,,,,,,,,,,,,,,20.074,-7.44,13.968,-0.1473,,,,,,,,,,,,,,0.0,const,0.0,149666.0,,,,,,,,
covonly_seed,Russia_E,clim,,12.0,9.0,,,,,,,,,,,,,,,,,,,,,,,,,,,,,,,,17.296,-6.184,11.443,0.1483,,,,,,,,,,,,,,0.0,tddlin,0.0,149666.0,,,,,,,,
covonly_seed,Russia_E,clim,,12.0,9.0,,,,,,,,,,,,,,,,,,,,,,,,,,,,,,,,20.097,-4.18,14.744,-0.1499,,,,,,,,,,,,,,0.0,none,0.0,13606.0,,,,,,,,
covonly_seed,Russia_E,clim,,12.0,9.0,,,,,,,,,,,,,,,,,,,,,,,,,,,,,,,,16.49,-5.104,11.002,0.2259,,,,,,,,,,,,,,0.0,stefan,1.0,149666.0,,,,,,,,
covonly_seed,Russia_E,clim,,12.0,9.0,,,,,,,,,,,,,,,,,,,,,,,,,,,,,,,,20.097,-7.905,13.994,-0.1499,,,,,,,,,,,,,,0.0,const,1.0,149666.0,,,,,,,,
covonly_seed,Russia_E,clim,,12.0,9.0,,,,,,,,,,,,,,,,,,,,,,,,,,,,,,,,17.41,-6.468,11.489,0.137,,,,,,,,,,,,,,0.0,tddlin,1.0,149666.0,,,,,,,,
covonly_seed,Russia_E,clim,,12.0,9.0,,,,,,,,,,,,,,,,,,,,,,,,,,,,,,,,19.609,-4.668,14.515,-0.0947,,,,,,,,,,,,,,0.0,none,1.0,13606.0,,,,,,,,
covonly_seed,Russia_E,clim,,12.0,9.0,,,,,,,,,,,,,,,,,,,,,,,,,,,,,,,,16.676,-5.693,11.398,0.2082,,,,,,,,,,,,,,0.0,stefan,2.0,149666.0,,,,,,,,
covonly_seed,Russia_E,clim,,12.0,9.0,,,,,,,,,,,,,,,,,,,,,,,,,,,,,,,,20.186,-7.362,14.075,-0.1601,,,,,,,,,,,,,,0.0,const,2.0,149666.0,,,,,,,,
covonly_seed,Russia_E,clim,,12.0,9.0,,,,,,,,,,,,,,,,,,,,,,,,,,,,,,,,16.881,-5.874,11.01,0.1887,,,,,,,,,,,,,,0.0,tddlin,2.0,149666.0,,,,,,,,
covonly_seed,Russia_E,clim,,12.0,9.0,,,,,,,,,,,,,,,,,,,,,,,,,,,,,,,,20.194,-6.451,14.18,-0.161,,,,,,,,,,,,,,0.0,none,2.0,13606.0,,,,,,,,
covonly_seed,Russia_E,clim,,14.0,10.0,,,,,,,,,,,,,,,,,,,,,,,,,,,,,,,,37.153,-14.945,24.138,-0.0459,,,,,,,,,,,,,,1.0,stefan,0.0,149666.0,,,,,,,,
covonly_seed,Russia_E,clim,,14.0,10.0,,,,,,,,,,,,,,,,,,,,,,,,,,,,,,,,39.222,-17.009,26.112,-0.1657,,,,,,,,,,,,,,1.0,const,0.0,149666.0,,,,,,,,
covonly_seed,Russia_E,clim,,14.0,10.0,,,,,,,,,,,,,,,,,,,,,,,,,,,,,,,,37.598,-15.886,24.453,-0.0711,,,,,,,,,,,,,,1.0,tddlin,0.0,149666.0,,,,,,,,
covonly_seed,Russia_E,clim,,14.0,10.0,,,,,,,,,,,,,,,,,,,,,,,,,,,,,,,,40.107,-13.782,28.307,-0.2188,,,,,,,,,,,,,,1.0,none,0.0,13606.0,,,,,,,,
covonly_seed,Russia_E,clim,,14.0,10.0,,,,,,,,,,,,,,,,,,,,,,,,,,,,,,,,37.141,-15.2,23.963,-0.0452,,,,,,,,,,,,,,1.0,stefan,1.0,149666.0,,,,,,,,
covonly_seed,Russia_E,clim,,14.0,10.0,,,,,,,,,,,,,,,,,,,,,,,,,,,,,,,,39.59,-16.9,26.402,-0.1876,,,,,,,,,,,,,,1.0,const,1.0,149666.0,,,,,,,,
covonly_seed,Russia_E,clim,,14.0,10.0,,,,,,,,,,,,,,,,,,,,,,,,,,,,,,,,38.18,-15.971,24.979,-0.1045,,,,,,,,,,,,,,1.0,tddlin,1.0,149666.0,,,,,,,,
covonly_seed,Russia_E,clim,,14.0,10.0,,,,,,,,,,,,,,,,,,,,,,,,,,,,,,,,39.674,-14.255,27.88,-0.1927,,,,,,,,,,,,,,1.0,none,1.0,13606.0,,,,,,,,
covonly_seed,Russia_E,clim,,14.0,10.0,,,,,,,,,,,,,,,,,,,,,,,,,,,,,,,,37.079,-14.796,24.254,-0.0418,,,,,,,,,,,,,,1.0,stefan,2.0,149666.0,,,,,,,,
covonly_seed,Russia_E,clim,,14.0,10.0,,,,,,,,,,,,,,,,,,,,,,,,,,,,,,,,39.964,-17.419,26.516,-0.2102,,,,,,,,,,,,,,1.0,const,2.0,149666.0,,,,,,,,
covonly_seed,Russia_E,clim,,14.0,10.0,,,,,,,,,,,,,,,,,,,,,,,,,,,,,,,,38.285,-15.99,25.065,-0.1106,,,,,,,,,,,,,,1.0,tddlin,2.0,149666.0,,,,,,,,
covonly_seed,Russia_E,clim,,14.0,10.0,,,,,,,,,,,,,,,,,,,,,,,,,,,,,,,,38.582,-14.734,26.581,-0.1279,,,,,,,,,,,,,,1.0,none,2.0,13606.0,,,,,,,,
covonly_seed,Russia_E,clim,,11.0,8.0,,,,,,,,,,,,,,,,,,,,,,,,,,,,,,,,40.278,-24.311,26.278,-0.2535,,,,,,,,,,,,,,2.0,stefan,0.0,149666.0,,,,,,,,
covonly_seed,Russia_E,clim,,11.0,8.0,,,,,,,,,,,,,,,,,,,,,,,,,,,,,,,,44.532,-27.63,30.078,-0.5323,,,,,,,,,,,,,,2.0,const,0.0,149666.0,,,,,,,,
covonly_seed,Russia_E,clim,,11.0,8.0,,,,,,,,,,,,,,,,,,,,,,,,,,,,,,,,41.726,-25.744,27.488,-0.3452,,,,,,,,,,,,,,2.0,tddlin,0.0,149666.0,,,,,,,,
covonly_seed,Russia_E,clim,,11.0,8.0,,,,,,,,,,,,,,,,,,,,,,,,,,,,,,,,44.187,-25.218,29.682,-0.5086,,,,,,,,,,,,,,2.0,none,0.0,13606.0,,,,,,,,
covonly_seed,Russia_E,clim,,11.0,8.0,,,,,,,,,,,,,,,,,,,,,,,,,,,,,,,,40.935,-24.417,26.638,-0.2947,,,,,,,,,,,,,,2.0,stefan,1.0,149666.0,,,,,,,,
covonly_seed,Russia_E,clim,,11.0,8.0,,,,,,,,,,,,,,,,,,,,,,,,,,,,,,,,44.69,-27.606,29.88,-0.5431,,,,,,,,,,,,,,2.0,const,1.0,149666.0,,,,,,,,
covonly_seed,Russia_E,clim,,11.0,8.0,,,,,,,,,,,,,,,,,,,,,,,,,,,,,,,,41.97,-25.62,27.526,-0.361,,,,,,,,,,,,,,2.0,tddlin,1.0,149666.0,,,,,,,,
covonly_seed,Russia_E,clim,,11.0,8.0,,,,,,,,,,,,,,,,,,,,,,,,,,,,,,,,43.83,-25.463,29.834,-0.4843,,,,,,,,,,,,,,2.0,none,1.0,13606.0,,,,,,,,
covonly_seed,Russia_E,clim,,11.0,8.0,,,,,,,,,,,,,,,,,,,,,,,,,,,,,,,,40.947,-24.674,26.884,-0.2954,,,,,,,,,,,,,,2.0,stefan,2.0,149666.0,,,,,,,,
covonly_seed,Russia_E,clim,,11.0,8.0,,,,,,,,,,,,,,,,,,,,,,,,,,,,,,,,44.664,-27.727,30.078,-0.5413,,,,,,,,,,,,,,2.0,const,2.0,149666.0,,,,,,,,
covonly_seed,Russia_E,clim,,11.0,8.0,,,,,,,,,,,,,,,,,,,,,,,,,,,,,,,,41.685,-25.787,27.523,-0.3426,,,,,,,,,,,,,,2.0,tddlin,2.0,149666.0,,,,,,,,
covonly_seed,Russia_E,clim,,11.0,8.0,,,,,,,,,,,,,,,,,,,,,,,,,,,,,,,,42.71,-25.329,28.491,-0.4094,,,,,,,,,,,,,,2.0,none,2.0,13606.0,,,,,,,,
covonly_seed,Lena,clim_re,,1496.0,11.0,,,,,,,,,,,,,,,,,,,,,,,,,,,,,,,,16.442,8.075,13.453,-0.3103,,,,,,,,,,,,,,0.0,stefan,0.0,149666.0,,,,,,,,
covonly_seed,Lena,clim_re,,1496.0,11.0,,,,,,,,,,,,,,,,,,,,,,,,,,,,,,,,18.185,11.14,15.476,-0.6028,,,,,,,,,,,,,,0.0,const,0.0,149666.0,,,,,,,,
covonly_seed,Lena,clim_re,,1496.0,11.0,,,,,,,,,,,,,,,,,,,,,,,,,,,,,,,,16.612,8.388,13.658,-0.3375,,,,,,,,,,,,,,0.0,tddlin,0.0,149666.0,,,,,,,,
covonly_seed,Lena,clim_re,,1496.0,11.0,,,,,,,,,,,,,,,,,,,,,,,,,,,,,,,,19.974,14.056,17.462,-0.9336,,,,,,,,,,,,,,0.0,none,0.0,13606.0,,,,,,,,
covonly_seed,Lena,clim_re,,1496.0,11.0,,,,,,,,,,,,,,,,,,,,,,,,,,,,,,,,16.518,8.187,13.545,-0.3223,,,,,,,,,,,,,,0.0,stefan,1.0,149666.0,,,,,,,,
covonly_seed,Lena,clim_re,,1496.0,11.0,,,,,,,,,,,,,,,,,,,,,,,,,,,,,,,,18.193,11.148,15.485,-0.6042,,,,,,,,,,,,,,0.0,const,1.0,149666.0,,,,,,,,
covonly_seed,Lena,clim_re,,1496.0,11.0,,,,,,,,,,,,,,,,,,,,,,,,,,,,,,,,16.532,8.262,13.569,-0.3246,,,,,,,,,,,,,,0.0,tddlin,1.0,149666.0,,,,,,,,
covonly_seed,Lena,clim_re,,1496.0,11.0,,,,,,,,,,,,,,,,,,,,,,,,,,,,,,,,19.479,13.254,16.929,-0.839,,,,,,,,,,,,,,0.0,none,1.0,13606.0,,,,,,,,
covonly_seed,Lena,clim_re,,1496.0,11.0,,,,,,,,,,,,,,,,,,,,,,,,,,,,,,,,16.531,8.219,13.554,-0.3245,,,,,,,,,,,,,,0.0,stefan,2.0,149666.0,,,,,,,,
covonly_seed,Lena,clim_re,,1496.0,11.0,,,,,,,,,,,,,,,,,,,,,,,,,,,,,,,,18.187,11.147,15.482,-0.6032,,,,,,,,,,,,,,0.0,const,2.0,149666.0,,,,,,,,
covonly_seed,Lena,clim_re,,1496.0,11.0,,,,,,,,,,,,,,,,,,,,,,,,,,,,,,,,16.659,8.416,13.707,-0.345,,,,,,,,,,,,,,0.0,tddlin,2.0,149666.0,,,,,,,,
covonly_seed,Lena,clim_re,,1496.0,11.0,,,,,,,,,,,,,,,,,,,,,,,,,,,,,,,,19.976,14.026,17.467,-0.9341,,,,,,,,,,,,,,0.0,none,2.0,13606.0,,,,,,,,
covonly_seed,Lena,clim_re,,1478.0,11.0,,,,,,,,,,,,,,,,,,,,,,,,,,,,,,,,16.051,8.666,13.124,-0.4117,,,,,,,,,,,,,,1.0,stefan,0.0,149666.0,,,,,,,,
covonly_seed,Lena,clim_re,,1478.0,11.0,,,,,,,,,,,,,,,,,,,,,,,,,,,,,,,,18.094,12.036,15.463,-0.7939,,,,,,,,,,,,,,1.0,const,0.0,149666.0,,,,,,,,
covonly_seed,Lena,clim_re,,1478.0,11.0,,,,,,,,,,,,,,,,,,,,,,,,,,,,,,,,16.254,9.04,13.357,-0.4476,,,,,,,,,,,,,,1.0,tddlin,0.0,149666.0,,,,,,,,
covonly_seed,Lena,clim_re,,1478.0,11.0,,,,,,,,,,,,,,,,,,,,,,,,,,,,,,,,20.192,15.175,17.753,-1.2342,,,,,,,,,,,,,,1.0,none,0.0,13606.0,,,,,,,,
covonly_seed,Lena,clim_re,,1478.0,11.0,,,,,,,,,,,,,,,,,,,,,,,,,,,,,,,,16.175,8.848,13.272,-0.4336,,,,,,,,,,,,,,1.0,stefan,1.0,149666.0,,,,,,,,
covonly_seed,Lena,clim_re,,1478.0,11.0,,,,,,,,,,,,,,,,,,,,,,,,,,,,,,,,18.104,12.06,15.479,-0.7959,,,,,,,,,,,,,,1.0,const,1.0,149666.0,,,,,,,,
covonly_seed,Lena,clim_re,,1478.0,11.0,,,,,,,,,,,,,,,,,,,,,,,,,,,,,,,,16.27,9.011,13.372,-0.4504,,,,,,,,,,,,,,1.0,tddlin,1.0,149666.0,,,,,,,,
covonly_seed,Lena,clim_re,,1478.0,11.0,,,,,,,,,,,,,,,,,,,,,,,,,,,,,,,,19.709,14.54,17.224,-1.1285,,,,,,,,,,,,,,1.0,none,1.0,13606.0,,,,,,,,
covonly_seed,Lena,clim_re,,1478.0,11.0,,,,,,,,,,,,,,,,,,,,,,,,,,,,,,,,16.028,8.644,13.098,-0.4077,,,,,,,,,,,,,,1.0,stefan,2.0,149666.0,,,,,,,,
covonly_seed,Lena,clim_re,,1478.0,11.0,,,,,,,,,,,,,,,,,,,,,,,,,,,,,,,,18.097,12.045,15.473,-0.7945,,,,,,,,,,,,,,1.0,const,2.0,149666.0,,,,,,,,
covonly_seed,Lena,clim_re,,1478.0,11.0,,,,,,,,,,,,,,,,,,,,,,,,,,,,,,,,16.301,9.111,13.419,-0.4561,,,,,,,,,,,,,,1.0,tddlin,2.0,149666.0,,,,,,,,
covonly_seed,Lena,clim_re,,1478.0,11.0,,,,,,,,,,,,,,,,,,,,,,,,,,,,,,,,20.588,15.603,18.079,-1.3225,,,,,,,,,,,,,,1.0,none,2.0,13606.0,,,,,,,,
covonly_seed,Lena,clim_re,,1687.0,5.0,,,,,,,,,,,,,,,,,,,,,,,,,,,,,,,,19.944,8.917,15.935,-0.2318,,,,,,,,,,,,,,2.0,stefan,0.0,149666.0,,,,,,,,
covonly_seed,Lena,clim_re,,1687.0,5.0,,,,,,,,,,,,,,,,,,,,,,,,,,,,,,,,21.274,11.374,17.532,-0.4016,,,,,,,,,,,,,,2.0,const,0.0,149666.0,,,,,,,,
covonly_seed,Lena,clim_re,,1687.0,5.0,,,,,,,,,,,,,,,,,,,,,,,,,,,,,,,,19.937,8.843,15.923,-0.231,,,,,,,,,,,,,,2.0,tddlin,0.0,149666.0,,,,,,,,
covonly_seed,Lena,clim_re,,1687.0,5.0,,,,,,,,,,,,,,,,,,,,,,,,,,,,,,,,23.827,15.514,20.427,-0.7582,,,,,,,,,,,,,,2.0,none,0.0,13606.0,,,,,,,,
covonly_seed,Lena,clim_re,,1687.0,5.0,,,,,,,,,,,,,,,,,,,,,,,,,,,,,,,,19.956,8.939,15.946,-0.2333,,,,,,,,,,,,,,2.0,stefan,1.0,149666.0,,,,,,,,
covonly_seed,Lena,clim_re,,1687.0,5.0,,,,,,,,,,,,,,,,,,,,,,,,,,,,,,,,21.266,11.371,17.526,-0.4005,,,,,,,,,,,,,,2.0,const,1.0,149666.0,,,,,,,,
covonly_seed,Lena,clim_re,,1687.0,5.0,,,,,,,,,,,,,,,,,,,,,,,,,,,,,,,,19.917,8.805,15.896,-0.2285,,,,,,,,,,,,,,2.0,tddlin,1.0,149666.0,,,,,,,,
covonly_seed,Lena,clim_re,,1687.0,5.0,,,,,,,,,,,,,,,,,,,,,,,,,,,,,,,,23.373,14.78,19.904,-0.6918,,,,,,,,,,,,,,2.0,none,1.0,13606.0,,,,,,,,
covonly_seed,Lena,clim_re,,1687.0,5.0,,,,,,,,,,,,,,,,,,,,,,,,,,,,,,,,19.947,8.924,15.941,-0.2322,,,,,,,,,,,,,,2.0,stefan,2.0,149666.0,,,,,,,,
covonly_seed,Lena,clim_re,,1687.0,5.0,,,,,,,,,,,,,,,,,,,,,,,,,,,,,,,,21.276,11.368,17.53,-0.4018,,,,,,,,,,,,,,2.0,const,2.0,149666.0,,,,,,,,
covonly_seed,Lena,clim_re,,1687.0,5.0,,,,,,,,,,,,,,,,,,,,,,,,,,,,,,,,19.925,8.809,15.904,-0.2295,,,,,,,,,,,,,,2.0,tddlin,2.0,149666.0,,,,,,,,
covonly_seed,Lena,clim_re,,1687.0,5.0,,,,,,,,,,,,,,,,,,,,,,,,,,,,,,,,23.195,14.229,19.666,-0.6661,,,,,,,,,,,,,,2.0,none,2.0,13606.0,,,,,,,,
covonly_seed,Canada,clim_re,,374.0,19.0,,,,,,,,,,,,,,,,,,,,,,,,,,,,,,,,29.353,-8.743,22.197,0.1668,,,,,,,,,,,,,,0.0,stefan,0.0,149666.0,,,,,,,,
covonly_seed,Canada,clim_re,,374.0,19.0,,,,,,,,,,,,,,,,,,,,,,,,,,,,,,,,40.159,-24.144,29.157,-0.5596,,,,,,,,,,,,,,0.0,const,0.0,149666.0,,,,,,,,
covonly_seed,Canada,clim_re,,374.0,19.0,,,,,,,,,,,,,,,,,,,,,,,,,,,,,,,,30.535,-11.614,22.676,0.0983,,,,,,,,,,,,,,0.0,tddlin,0.0,149666.0,,,,,,,,
covonly_seed,Canada,clim_re,,374.0,19.0,,,,,,,,,,,,,,,,,,,,,,,,,,,,,,,,34.689,-17.286,25.155,-0.1637,,,,,,,,,,,,,,0.0,none,0.0,13606.0,,,,,,,,
covonly_seed,Canada,clim_re,,374.0,19.0,,,,,,,,,,,,,,,,,,,,,,,,,,,,,,,,29.568,-8.734,22.37,0.1545,,,,,,,,,,,,,,0.0,stefan,1.0,149666.0,,,,,,,,
covonly_seed,Canada,clim_re,,374.0,19.0,,,,,,,,,,,,,,,,,,,,,,,,,,,,,,,,38.93,-22.877,28.145,-0.4657,,,,,,,,,,,,,,0.0,const,1.0,149666.0,,,,,,,,
covonly_seed,Canada,clim_re,,374.0,19.0,,,,,,,,,,,,,,,,,,,,,,,,,,,,,,,,30.361,-10.937,22.654,0.1086,,,,,,,,,,,,,,0.0,tddlin,1.0,149666.0,,,,,,,,
covonly_seed,Canada,clim_re,,374.0,19.0,,,,,,,,,,,,,,,,,,,,,,,,,,,,,,,,33.398,-16.021,24.368,-0.0787,,,,,,,,,,,,,,0.0,none,1.0,13606.0,,,,,,,,
covonly_seed,Canada,clim_re,,374.0,19.0,,,,,,,,,,,,,,,,,,,,,,,,,,,,,,,,29.829,-10.496,22.309,0.1395,,,,,,,,,,,,,,0.0,stefan,2.0,149666.0,,,,,,,,
covonly_seed,Canada,clim_re,,374.0,19.0,,,,,,,,,,,,,,,,,,,,,,,,,,,,,,,,39.93,-23.909,28.961,-0.5419,,,,,,,,,,,,,,0.0,const,2.0,149666.0,,,,,,,,
covonly_seed,Canada,clim_re,,374.0,19.0,,,,,,,,,,,,,,,,,,,,,,,,,,,,,,,,29.575,-10.427,22.142,0.1541,,,,,,,,,,,,,,0.0,tddlin,2.0,149666.0,,,,,,,,
covonly_seed,Canada,clim_re,,374.0,19.0,,,,,,,,,,,,,,,,,,,,,,,,,,,,,,,,36.91,-19.097,26.721,-0.3175,,,,,,,,,,,,,,0.0,none,2.0,13606.0,,,,,,,,
covonly_seed,Canada,clim_re,,393.0,20.0,,,,,,,,,,,,,,,,,,,,,,,,,,,,,,,,28.263,-10.536,20.146,0.2249,,,,,,,,,,,,,,1.0,stefan,0.0,149666.0,,,,,,,,
covonly_seed,Canada,clim_re,,393.0,20.0,,,,,,,,,,,,,,,,,,,,,,,,,,,,,,,,38.159,-21.043,26.866,-0.4128,,,,,,,,,,,,,,1.0,const,0.0,149666.0,,,,,,,,
covonly_seed,Canada,clim_re,,393.0,20.0,,,,,,,,,,,,,,,,,,,,,,,,,,,,,,,,29.311,-9.934,21.276,0.1664,,,,,,,,,,,,,,1.0,tddlin,0.0,149666.0,,,,,,,,
covonly_seed,Canada,clim_re,,393.0,20.0,,,,,,,,,,,,,,,,,,,,,,,,,,,,,,,,33.15,-14.605,23.714,-0.0663,,,,,,,,,,,,,,1.0,none,0.0,13606.0,,,,,,,,
covonly_seed,Canada,clim_re,,393.0,20.0,,,,,,,,,,,,,,,,,,,,,,,,,,,,,,,,28.383,-10.249,20.372,0.2183,,,,,,,,,,,,,,1.0,stefan,1.0,149666.0,,,,,,,,
covonly_seed,Canada,clim_re,,393.0,20.0,,,,,,,,,,,,,,,,,,,,,,,,,,,,,,,,38.181,-20.862,26.976,-0.4145,,,,,,,,,,,,,,1.0,const,1.0,149666.0,,,,,,,,
covonly_seed,Canada,clim_re,,393.0,20.0,,,,,,,,,,,,,,,,,,,,,,,,,,,,,,,,29.235,-10.79,20.913,0.1707,,,,,,,,,,,,,,1.0,tddlin,1.0,149666.0,,,,,,,,
covonly_seed,Canada,clim_re,,393.0,20.0,,,,,,,,,,,,,,,,,,,,,,,,,,,,,,,,31.862,-13.577,22.956,0.015,,,,,,,,,,,,,,1.0,none,1.0,13606.0,,,,,,,,
covonly_seed,Canada,clim_re,,393.0,20.0,,,,,,,,,,,,,,,,,,,,,,,,,,,,,,,,28.527,-11.523,20.171,0.2104,,,,,,,,,,,,,,1.0,stefan,2.0,149666.0,,,,,,,,
covonly_seed,Canada,clim_re,,393.0,20.0,,,,,,,,,,,,,,,,,,,,,,,,,,,,,,,,38.195,-20.781,27.007,-0.4155,,,,,,,,,,,,,,1.0,const,2.0,149666.0,,,,,,,,
covonly_seed,Canada,clim_re,,393.0,20.0,,,,,,,,,,,,,,,,,,,,,,,,,,,,,,,,29.074,-10.905,20.75,0.1798,,,,,,,,,,,,,,1.0,tddlin,2.0,149666.0,,,,,,,,
covonly_seed,Canada,clim_re,,393.0,20.0,,,,,,,,,,,,,,,,,,,,,,,,,,,,,,,,35.053,-16.142,24.877,-0.1922,,,,,,,,,,,,,,1.0,none,2.0,13606.0,,,,,,,,
covonly_seed,Canada,clim_re,,385.0,12.0,,,,,,,,,,,,,,,,,,,,,,,,,,,,,,,,31.821,-3.582,26.07,0.2106,,,,,,,,,,,,,,2.0,stefan,0.0,149666.0,,,,,,,,
covonly_seed,Canada,clim_re,,385.0,12.0,,,,,,,,,,,,,,,,,,,,,,,,,,,,,,,,34.207,-12.199,26.362,0.0877,,,,,,,,,,,,,,2.0,const,0.0,149666.0,,,,,,,,
covonly_seed,Canada,clim_re,,385.0,12.0,,,,,,,,,,,,,,,,,,,,,,,,,,,,,,,,32.763,-5.685,26.507,0.1632,,,,,,,,,,,,,,2.0,tddlin,0.0,149666.0,,,,,,,,
covonly_seed,Canada,clim_re,,385.0,12.0,,,,,,,,,,,,,,,,,,,,,,,,,,,,,,,,35.183,-12.766,26.982,0.0349,,,,,,,,,,,,,,2.0,none,0.0,13606.0,,,,,,,,
covonly_seed,Canada,clim_re,,385.0,12.0,,,,,,,,,,,,,,,,,,,,,,,,,,,,,,,,32.096,-2.367,26.571,0.1969,,,,,,,,,,,,,,2.0,stefan,1.0,149666.0,,,,,,,,
covonly_seed,Canada,clim_re,,385.0,12.0,,,,,,,,,,,,,,,,,,,,,,,,,,,,,,,,32.165,-9.549,25.228,0.1934,,,,,,,,,,,,,,2.0,const,1.0,149666.0,,,,,,,,
covonly_seed,Canada,clim_re,,385.0,12.0,,,,,,,,,,,,,,,,,,,,,,,,,,,,,,,,32.169,-5.882,25.895,0.1932,,,,,,,,,,,,,,2.0,tddlin,1.0,149666.0,,,,,,,,
covonly_seed,Canada,clim_re,,385.0,12.0,,,,,,,,,,,,,,,,,,,,,,,,,,,,,,,,33.941,-11.306,26.18,0.1019,,,,,,,,,,,,,,2.0,none,1.0,13606.0,,,,,,,,
covonly_seed,Canada,clim_re,,385.0,12.0,,,,,,,,,,,,,,,,,,,,,,,,,,,,,,,,31.758,-3.203,26.09,0.2137,,,,,,,,,,,,,,2.0,stefan,2.0,149666.0,,,,,,,,
covonly_seed,Canada,clim_re,,385.0,12.0,,,,,,,,,,,,,,,,,,,,,,,,,,,,,,,,34.143,-12.077,26.278,0.0912,,,,,,,,,,,,,,2.0,const,2.0,149666.0,,,,,,,,
covonly_seed,Canada,clim_re,,385.0,12.0,,,,,,,,,,,,,,,,,,,,,,,,,,,,,,,,32.559,-5.864,26.266,0.1735,,,,,,,,,,,,,,2.0,tddlin,2.0,149666.0,,,,,,,,
covonly_seed,Canada,clim_re,,385.0,12.0,,,,,,,,,,,,,,,,,,,,,,,,,,,,,,,,37.246,-14.587,28.43,-0.0816,,,,,,,,,,,,,,2.0,none,2.0,13606.0,,,,,,,,
covonly_seed,Russia_W,clim_re,,12.0,8.0,,,,,,,,,,,,,,,,,,,,,,,,,,,,,,,,32.197,-21.288,26.377,-0.7855,,,,,,,,,,,,,,0.0,stefan,0.0,149666.0,,,,,,,,
covonly_seed,Russia_W,clim_re,,12.0,8.0,,,,,,,,,,,,,,,,,,,,,,,,,,,,,,,,36.751,-27.724,31.133,-1.3264,,,,,,,,,,,,,,0.0,const,0.0,149666.0,,,,,,,,
covonly_seed,Russia_W,clim_re,,12.0,8.0,,,,,,,,,,,,,,,,,,,,,,,,,,,,,,,,33.798,-23.634,27.861,-0.9675,,,,,,,,,,,,,,0.0,tddlin,0.0,149666.0,,,,,,,,
covonly_seed,Russia_W,clim_re,,12.0,8.0,,,,,,,,,,,,,,,,,,,,,,,,,,,,,,,,35.277,-25.665,28.96,-1.1435,,,,,,,,,,,,,,0.0,none,0.0,13606.0,,,,,,,,
covonly_seed,Russia_W,clim_re,,12.0,8.0,,,,,,,,,,,,,,,,,,,,,,,,,,,,,,,,32.117,-21.353,26.246,-0.7767,,,,,,,,,,,,,,0.0,stefan,1.0,149666.0,,,,,,,,
covonly_seed,Russia_W,clim_re,,12.0,8.0,,,,,,,,,,,,,,,,,,,,,,,,,,,,,,,,36.625,-27.476,30.925,-1.3104,,,,,,,,,,,,,,0.0,const,1.0,149666.0,,,,,,,,
covonly_seed,Russia_W,clim_re,,12.0,8.0,,,,,,,,,,,,,,,,,,,,,,,,,,,,,,,,33.203,-22.985,27.273,-0.8989,,,,,,,,,,,,,,0.0,tddlin,1.0,149666.0,,,,,,,,
covonly_seed,Russia_W,clim_re,,12.0,8.0,,,,,,,,,,,,,,,,,,,,,,,,,,,,,,,,35.289,-26.417,29.503,-1.145,,,,,,,,,,,,,,0.0,none,1.0,13606.0,,,,,,,,
covonly_seed,Russia_W,clim_re,,12.0,8.0,,,,,,,,,,,,,,,,,,,,,,,,,,,,,,,,32.194,-21.358,26.395,-0.7852,,,,,,,,,,,,,,0.0,stefan,2.0,149666.0,,,,,,,,
covonly_seed,Russia_W,clim_re,,12.0,8.0,,,,,,,,,,,,,,,,,,,,,,,,,,,,,,,,36.653,-27.512,30.945,-1.3139,,,,,,,,,,,,,,0.0,const,2.0,149666.0,,,,,,,,
covonly_seed,Russia_W,clim_re,,12.0,8.0,,,,,,,,,,,,,,,,,,,,,,,,,,,,,,,,33.656,-23.457,27.669,-0.951,,,,,,,,,,,,,,0.0,tddlin,2.0,149666.0,,,,,,,,
covonly_seed,Russia_W,clim_re,,12.0,8.0,,,,,,,,,,,,,,,,,,,,,,,,,,,,,,,,34.821,-25.675,28.714,-1.0884,,,,,,,,,,,,,,0.0,none,2.0,13606.0,,,,,,,,
covonly_seed,Russia_W,clim_re,,12.0,7.0,,,,,,,,,,,,,,,,,,,,,,,,,,,,,,,,44.3,-33.106,34.805,-1.2083,,,,,,,,,,,,,,1.0,stefan,0.0,149666.0,,,,,,,,
covonly_seed,Russia_W,clim_re,,12.0,7.0,,,,,,,,,,,,,,,,,,,,,,,,,,,,,,,,49.503,-39.554,39.877,-1.7574,,,,,,,,,,,,,,1.0,const,0.0,149666.0,,,,,,,,
covonly_seed,Russia_W,clim_re,,12.0,7.0,,,,,,,,,,,,,,,,,,,,,,,,,,,,,,,,45.37,-34.413,35.787,-1.3162,,,,,,,,,,,,,,1.0,tddlin,0.0,149666.0,,,,,,,,
covonly_seed,Russia_W,clim_re,,12.0,7.0,,,,,,,,,,,,,,,,,,,,,,,,,,,,,,,,47.281,-37.529,37.64,-1.5154,,,,,,,,,,,,,,1.0,none,0.0,13606.0,,,,,,,,
covonly_seed,Russia_W,clim_re,,12.0,7.0,,,,,,,,,,,,,,,,,,,,,,,,,,,,,,,,44.022,-32.788,34.514,-1.1806,,,,,,,,,,,,,,1.0,stefan,1.0,149666.0,,,,,,,,
covonly_seed,Russia_W,clim_re,,12.0,7.0,,,,,,,,,,,,,,,,,,,,,,,,,,,,,,,,49.423,-39.444,39.769,-1.7485,,,,,,,,,,,,,,1.0,const,1.0,149666.0,,,,,,,,
covonly_seed,Russia_W,clim_re,,12.0,7.0,,,,,,,,,,,,,,,,,,,,,,,,,,,,,,,,45.093,-34.157,35.713,-1.288,,,,,,,,,,,,,,1.0,tddlin,1.0,149666.0,,,,,,,,
covonly_seed,Russia_W,clim_re,,12.0,7.0,,,,,,,,,,,,,,,,,,,,,,,,,,,,,,,,47.082,-38.156,38.156,-1.4943,,,,,,,,,,,,,,1.0,none,1.0,13606.0,,,,,,,,
covonly_seed,Russia_W,clim_re,,12.0,7.0,,,,,,,,,,,,,,,,,,,,,,,,,,,,,,,,44.601,-33.32,35.052,-1.2383,,,,,,,,,,,,,,1.0,stefan,2.0,149666.0,,,,,,,,
covonly_seed,Russia_W,clim_re,,12.0,7.0,,,,,,,,,,,,,,,,,,,,,,,,,,,,,,,,49.547,-39.593,39.915,-1.7623,,,,,,,,,,,,,,1.0,const,2.0,149666.0,,,,,,,,
covonly_seed,Russia_W,clim_re,,12.0,7.0,,,,,,,,,,,,,,,,,,,,,,,,,,,,,,,,46.192,-35.427,36.896,-1.4009,,,,,,,,,,,,,,1.0,tddlin,2.0,149666.0,,,,,,,,
covonly_seed,Russia_W,clim_re,,12.0,7.0,,,,,,,,,,,,,,,,,,,,,,,,,,,,,,,,46.747,-37.279,37.279,-1.4589,,,,,,,,,,,,,,1.0,none,2.0,13606.0,,,,,,,,
covonly_seed,Russia_W,clim_re,,17.0,12.0,,,,,,,,,,,,,,,,,,,,,,,,,,,,,,,,41.022,-32.23,36.06,-1.4455,,,,,,,,,,,,,,2.0,stefan,0.0,149666.0,,,,,,,,
covonly_seed,Russia_W,clim_re,,17.0,12.0,,,,,,,,,,,,,,,,,,,,,,,,,,,,,,,,44.667,-36.094,38.917,-1.8994,,,,,,,,,,,,,,2.0,const,0.0,149666.0,,,,,,,,
covonly_seed,Russia_W,clim_re,,17.0,12.0,,,,,,,,,,,,,,,,,,,,,,,,,,,,,,,,41.851,-33.255,36.806,-1.5454,,,,,,,,,,,,,,2.0,tddlin,0.0,149666.0,,,,,,,,
covonly_seed,Russia_W,clim_re,,17.0,12.0,,,,,,,,,,,,,,,,,,,,,,,,,,,,,,,,45.302,-36.754,39.2,-1.9825,,,,,,,,,,,,,,2.0,none,0.0,13606.0,,,,,,,,
covonly_seed,Russia_W,clim_re,,17.0,12.0,,,,,,,,,,,,,,,,,,,,,,,,,,,,,,,,41.016,-32.01,35.936,-1.4449,,,,,,,,,,,,,,2.0,stefan,1.0,149666.0,,,,,,,,
covonly_seed,Russia_W,clim_re,,17.0,12.0,,,,,,,,,,,,,,,,,,,,,,,,,,,,,,,,44.511,-35.978,38.768,-1.8792,,,,,,,,,,,,,,2.0,const,1.0,149666.0,,,,,,,,
covonly_seed,Russia_W,clim_re,,17.0,12.0,,,,,,,,,,,,,,,,,,,,,,,,,,,,,,,,41.644,-33.01,36.606,-1.5203,,,,,,,,,,,,,,2.0,tddlin,1.0,149666.0,,,,,,,,
covonly_seed,Russia_W,clim_re,,17.0,12.0,,,,,,,,,,,,,,,,,,,,,,,,,,,,,,,,45.521,-37.237,39.483,-2.0113,,,,,,,,,,,,,,2.0,none,1.0,13606.0,,,,,,,,
covonly_seed,Russia_W,clim_re,,17.0,12.0,,,,,,,,,,,,,,,,,,,,,,,,,,,,,,,,40.954,-32.056,35.777,-1.4374,,,,,,,,,,,,,,2.0,stefan,2.0,149666.0,,,,,,,,
covonly_seed,Russia_W,clim_re,,17.0,12.0,,,,,,,,,,,,,,,,,,,,,,,,,,,,,,,,44.348,-35.729,38.601,-1.8581,,,,,,,,,,,,,,2.0,const,2.0,149666.0,,,,,,,,
covonly_seed,Russia_W,clim_re,,17.0,12.0,,,,,,,,,,,,,,,,,,,,,,,,,,,,,,,,41.857,-33.31,36.729,-1.5462,,,,,,,,,,,,,,2.0,tddlin,2.0,149666.0,,,,,,,,
covonly_seed,Russia_W,clim_re,,17.0,12.0,,,,,,,,,,,,,,,,,,,,,,,,,,,,,,,,45.436,-36.822,39.202,-2.0001,,,,,,,,,,,,,,2.0,none,2.0,13606.0,,,,,,,,
covonly_seed,Russia_E,clim_re,,12.0,9.0,,,,,,,,,,,,,,,,,,,,,,,,,,,,,,,,16.53,-5.372,11.311,0.2221,,,,,,,,,,,,,,0.0,stefan,0.0,149666.0,,,,,,,,
covonly_seed,Russia_E,clim_re,,12.0,9.0,,,,,,,,,,,,,,,,,,,,,,,,,,,,,,,,20.074,-7.44,13.968,-0.1473,,,,,,,,,,,,,,0.0,const,0.0,149666.0,,,,,,,,
covonly_seed,Russia_E,clim_re,,12.0,9.0,,,,,,,,,,,,,,,,,,,,,,,,,,,,,,,,17.247,-6.13,11.494,0.1531,,,,,,,,,,,,,,0.0,tddlin,0.0,149666.0,,,,,,,,
covonly_seed,Russia_E,clim_re,,12.0,9.0,,,,,,,,,,,,,,,,,,,,,,,,,,,,,,,,20.097,-4.179,14.744,-0.1499,,,,,,,,,,,,,,0.0,none,0.0,13606.0,,,,,,,,
covonly_seed,Russia_E,clim_re,,12.0,9.0,,,,,,,,,,,,,,,,,,,,,,,,,,,,,,,,16.489,-5.104,11.002,0.2259,,,,,,,,,,,,,,0.0,stefan,1.0,149666.0,,,,,,,,
covonly_seed,Russia_E,clim_re,,12.0,9.0,,,,,,,,,,,,,,,,,,,,,,,,,,,,,,,,20.081,-7.834,13.916,-0.1481,,,,,,,,,,,,,,0.0,const,1.0,149666.0,,,,,,,,
covonly_seed,Russia_E,clim_re,,12.0,9.0,,,,,,,,,,,,,,,,,,,,,,,,,,,,,,,,17.41,-6.467,11.489,0.137,,,,,,,,,,,,,,0.0,tddlin,1.0,149666.0,,,,,,,,
covonly_seed,Russia_E,clim_re,,12.0,9.0,,,,,,,,,,,,,,,,,,,,,,,,,,,,,,,,19.608,-4.668,14.515,-0.0947,,,,,,,,,,,,,,0.0,none,1.0,13606.0,,,,,,,,
covonly_seed,Russia_E,clim_re,,12.0,9.0,,,,,,,,,,,,,,,,,,,,,,,,,,,,,,,,16.676,-5.693,11.398,0.2083,,,,,,,,,,,,,,0.0,stefan,2.0,149666.0,,,,,,,,
covonly_seed,Russia_E,clim_re,,12.0,9.0,,,,,,,,,,,,,,,,,,,,,,,,,,,,,,,,20.081,-7.46,13.899,-0.1481,,,,,,,,,,,,,,0.0,const,2.0,149666.0,,,,,,,,
covonly_seed,Russia_E,clim_re,,12.0,9.0,,,,,,,,,,,,,,,,,,,,,,,,,,,,,,,,16.921,-6.024,11.186,0.1848,,,,,,,,,,,,,,0.0,tddlin,2.0,149666.0,,,,,,,,
covonly_seed,Russia_E,clim_re,,12.0,9.0,,,,,,,,,,,,,,,,,,,,,,,,,,,,,,,,20.194,-6.451,14.18,-0.161,,,,,,,,,,,,,,0.0,none,2.0,13606.0,,,,,,,,
covonly_seed,Russia_E,clim_re,,14.0,10.0,,,,,,,,,,,,,,,,,,,,,,,,,,,,,,,,37.153,-14.945,24.138,-0.0459,,,,,,,,,,,,,,1.0,stefan,0.0,149666.0,,,,,,,,
covonly_seed,Russia_E,clim_re,,14.0,10.0,,,,,,,,,,,,,,,,,,,,,,,,,,,,,,,,39.388,-17.171,26.075,-0.1756,,,,,,,,,,,,,,1.0,const,0.0,149666.0,,,,,,,,
covonly_seed,Russia_E,clim_re,,14.0,10.0,,,,,,,,,,,,,,,,,,,,,,,,,,,,,,,,37.624,-15.9,24.467,-0.0726,,,,,,,,,,,,,,1.0,tddlin,0.0,149666.0,,,,,,,,
covonly_seed,Russia_E,clim_re,,14.0,10.0,,,,,,,,,,,,,,,,,,,,,,,,,,,,,,,,40.107,-13.781,28.307,-0.2188,,,,,,,,,,,,,,1.0,none,0.0,13606.0,,,,,,,,
covonly_seed,Russia_E,clim_re,,14.0,10.0,,,,,,,,,,,,,,,,,,,,,,,,,,,,,,,,37.095,-14.993,24.1,-0.0426,,,,,,,,,,,,,,1.0,stefan,1.0,149666.0,,,,,,,,
covonly_seed,Russia_E,clim_re,,14.0,10.0,,,,,,,,,,,,,,,,,,,,,,,,,,,,,,,,39.467,-16.898,26.165,-0.1803,,,,,,,,,,,,,,1.0,const,1.0,149666.0,,,,,,,,
covonly_seed,Russia_E,clim_re,,14.0,10.0,,,,,,,,,,,,,,,,,,,,,,,,,,,,,,,,38.18,-15.971,24.979,-0.1045,,,,,,,,,,,,,,1.0,tddlin,1.0,149666.0,,,,,,,,
covonly_seed,Russia_E,clim_re,,14.0,10.0,,,,,,,,,,,,,,,,,,,,,,,,,,,,,,,,39.673,-14.254,27.88,-0.1926,,,,,,,,,,,,,,1.0,none,1.0,13606.0,,,,,,,,
covonly_seed,Russia_E,clim_re,,14.0,10.0,,,,,,,,,,,,,,,,,,,,,,,,,,,,,,,,37.079,-14.795,24.254,-0.0417,,,,,,,,,,,,,,1.0,stefan,2.0,149666.0,,,,,,,,
covonly_seed,Russia_E,clim_re,,14.0,10.0,,,,,,,,,,,,,,,,,,,,,,,,,,,,,,,,39.911,-17.419,26.419,-0.207,,,,,,,,,,,,,,1.0,const,2.0,149666.0,,,,,,,,
covonly_seed,Russia_E,clim_re,,14.0,10.0,,,,,,,,,,,,,,,,,,,,,,,,,,,,,,,,38.285,-15.989,25.065,-0.1106,,,,,,,,,,,,,,1.0,tddlin,2.0,149666.0,,,,,,,,
covonly_seed,Russia_E,clim_re,,14.0,10.0,,,,,,,,,,,,,,,,,,,,,,,,,,,,,,,,38.582,-14.734,26.581,-0.1279,,,,,,,,,,,,,,1.0,none,2.0,13606.0,,,,,,,,
covonly_seed,Russia_E,clim_re,,11.0,8.0,,,,,,,,,,,,,,,,,,,,,,,,,,,,,,,,40.278,-24.311,26.277,-0.2535,,,,,,,,,,,,,,2.0,stefan,0.0,149666.0,,,,,,,,
covonly_seed,Russia_E,clim_re,,11.0,8.0,,,,,,,,,,,,,,,,,,,,,,,,,,,,,,,,44.26,-27.49,29.761,-0.5136,,,,,,,,,,,,,,2.0,const,0.0,149666.0,,,,,,,,
covonly_seed,Russia_E,clim_re,,11.0,8.0,,,,,,,,,,,,,,,,,,,,,,,,,,,,,,,,41.725,-25.744,27.488,-0.3452,,,,,,,,,,,,,,2.0,tddlin,0.0,149666.0,,,,,,,,
covonly_seed,Russia_E,clim_re,,11.0,8.0,,,,,,,,,,,,,,,,,,,,,,,,,,,,,,,,44.186,-25.217,29.682,-0.5085,,,,,,,,,,,,,,2.0,none,0.0,13606.0,,,,,,,,
covonly_seed,Russia_E,clim_re,,11.0,8.0,,,,,,,,,,,,,,,,,,,,,,,,,,,,,,,,40.934,-24.417,26.638,-0.2947,,,,,,,,,,,,,,2.0,stefan,1.0,149666.0,,,,,,,,
covonly_seed,Russia_E,clim_re,,11.0,8.0,,,,,,,,,,,,,,,,,,,,,,,,,,,,,,,,44.739,-27.558,30.005,-0.5465,,,,,,,,,,,,,,2.0,const,1.0,149666.0,,,,,,,,
covonly_seed,Russia_E,clim_re,,11.0,8.0,,,,,,,,,,,,,,,,,,,,,,,,,,,,,,,,41.97,-25.619,27.526,-0.361,,,,,,,,,,,,,,2.0,tddlin,1.0,149666.0,,,,,,,,
covonly_seed,Russia_E,clim_re,,11.0,8.0,,,,,,,,,,,,,,,,,,,,,,,,,,,,,,,,43.83,-25.462,29.834,-0.4843,,,,,,,,,,,,,,2.0,none,1.0,13606.0,,,,,,,,
covonly_seed,Russia_E,clim_re,,11.0,8.0,,,,,,,,,,,,,,,,,,,,,,,,,,,,,,,,40.946,-24.673,26.884,-0.2954,,,,,,,,,,,,,,2.0,stefan,2.0,149666.0,,,,,,,,
covonly_seed,Russia_E,clim_re,,11.0,8.0,,,,,,,,,,,,,,,,,,,,,,,,,,,,,,,,44.828,-27.788,30.253,-0.5526,,,,,,,,,,,,,,2.0,const,2.0,149666.0,,,,,,,,
covonly_seed,Russia_E,clim_re,,11.0,8.0,,,,,,,,,,,,,,,,,,,,,,,,,,,,,,,,41.685,-25.787,27.522,-0.3426,,,,,,,,,,,,,,2.0,tddlin,2.0,149666.0,,,,,,,,
covonly_seed,Russia_E,clim_re,,11.0,8.0,,,,,,,,,,,,,,,,,,,,,,,,,,,,,,,,42.71,-25.329,28.491,-0.4094,,,,,,,,,,,,,,2.0,none,2.0,13606.0,,,,,,,,
covonly_seed,Lena,clim_yr,,1496.0,11.0,,,,,,,,,,,,,,,,,,,,,,,,,,,,,,,,16.345,7.843,13.333,-0.2949,,,,,,,,,,,,,,0.0,stefan,0.0,149666.0,,,,,,,,
covonly_seed,Lena,clim_yr,,1496.0,11.0,,,,,,,,,,,,,,,,,,,,,,,,,,,,,,,,18.176,11.133,15.469,-0.6012,,,,,,,,,,,,,,0.0,const,0.0,149666.0,,,,,,,,
covonly_seed,Lena,clim_yr,,1496.0,11.0,,,,,,,,,,,,,,,,,,,,,,,,,,,,,,,,16.508,8.145,13.525,-0.3209,,,,,,,,,,,,,,0.0,tddlin,0.0,149666.0,,,,,,,,
covonly_seed,Lena,clim_yr,,1496.0,11.0,,,,,,,,,,,,,,,,,,,,,,,,,,,,,,,,19.684,13.363,17.083,-0.878,,,,,,,,,,,,,,0.0,none,0.0,13606.0,,,,,,,,
covonly_seed,Lena,clim_yr,,1496.0,11.0,,,,,,,,,,,,,,,,,,,,,,,,,,,,,,,,16.367,7.908,13.354,-0.2983,,,,,,,,,,,,,,0.0,stefan,1.0,149666.0,,,,,,,,
covonly_seed,Lena,clim_yr,,1496.0,11.0,,,,,,,,,,,,,,,,,,,,,,,,,,,,,,,,18.197,11.153,15.488,-0.6049,,,,,,,,,,,,,,0.0,const,1.0,149666.0,,,,,,,,
covonly_seed,Lena,clim_yr,,1496.0,11.0,,,,,,,,,,,,,,,,,,,,,,,,,,,,,,,,16.473,8.149,13.502,-0.3152,,,,,,,,,,,,,,0.0,tddlin,1.0,149666.0,,,,,,,,
covonly_seed,Lena,clim_yr,,1496.0,11.0,,,,,,,,,,,,,,,,,,,,,,,,,,,,,,,,19.608,13.3,16.997,-0.8634,,,,,,,,,,,,,,0.0,none,1.0,13606.0,,,,,,,,
covonly_seed,Lena,clim_yr,,1496.0,11.0,,,,,,,,,,,,,,,,,,,,,,,,,,,,,,,,16.345,7.813,13.319,-0.2949,,,,,,,,,,,,,,0.0,stefan,2.0,149666.0,,,,,,,,
covonly_seed,Lena,clim_yr,,1496.0,11.0,,,,,,,,,,,,,,,,,,,,,,,,,,,,,,,,18.19,11.149,15.484,-0.6038,,,,,,,,,,,,,,0.0,const,2.0,149666.0,,,,,,,,
covonly_seed,Lena,clim_yr,,1496.0,11.0,,,,,,,,,,,,,,,,,,,,,,,,,,,,,,,,16.513,8.133,13.52,-0.3216,,,,,,,,,,,,,,0.0,tddlin,2.0,149666.0,,,,,,,,
covonly_seed,Lena,clim_yr,,1496.0,11.0,,,,,,,,,,,,,,,,,,,,,,,,,,,,,,,,22.123,16.702,19.753,-1.3722,,,,,,,,,,,,,,0.0,none,2.0,13606.0,,,,,,,,
covonly_seed,Lena,clim_yr,,1478.0,11.0,,,,,,,,,,,,,,,,,,,,,,,,,,,,,,,,15.91,8.395,12.941,-0.387,,,,,,,,,,,,,,1.0,stefan,0.0,149666.0,,,,,,,,
covonly_seed,Lena,clim_yr,,1478.0,11.0,,,,,,,,,,,,,,,,,,,,,,,,,,,,,,,,18.098,12.036,15.465,-0.7947,,,,,,,,,,,,,,1.0,const,0.0,149666.0,,,,,,,,
covonly_seed,Lena,clim_yr,,1478.0,11.0,,,,,,,,,,,,,,,,,,,,,,,,,,,,,,,,16.163,8.842,13.239,-0.4315,,,,,,,,,,,,,,1.0,tddlin,0.0,149666.0,,,,,,,,
covonly_seed,Lena,clim_yr,,1478.0,11.0,,,,,,,,,,,,,,,,,,,,,,,,,,,,,,,,19.813,14.443,17.286,-1.1509,,,,,,,,,,,,,,1.0,none,0.0,13606.0,,,,,,,,
covonly_seed,Lena,clim_yr,,1478.0,11.0,,,,,,,,,,,,,,,,,,,,,,,,,,,,,,,,15.958,8.463,12.992,-0.3954,,,,,,,,,,,,,,1.0,stefan,1.0,149666.0,,,,,,,,
covonly_seed,Lena,clim_yr,,1478.0,11.0,,,,,,,,,,,,,,,,,,,,,,,,,,,,,,,,18.097,12.052,15.473,-0.7946,,,,,,,,,,,,,,1.0,const,1.0,149666.0,,,,,,,,
covonly_seed,Lena,clim_yr,,1478.0,11.0,,,,,,,,,,,,,,,,,,,,,,,,,,,,,,,,16.18,8.879,13.266,-0.4345,,,,,,,,,,,,,,1.0,tddlin,1.0,149666.0,,,,,,,,
covonly_seed,Lena,clim_yr,,1478.0,11.0,,,,,,,,,,,,,,,,,,,,,,,,,,,,,,,,19.828,14.543,17.279,-1.1542,,,,,,,,,,,,,,1.0,none,1.0,13606.0,,,,,,,,
covonly_seed,Lena,clim_yr,,1478.0,11.0,,,,,,,,,,,,,,,,,,,,,,,,,,,,,,,,15.887,8.419,12.937,-0.3829,,,,,,,,,,,,,,1.0,stefan,2.0,149666.0,,,,,,,,
covonly_seed,Lena,clim_yr,,1478.0,11.0,,,,,,,,,,,,,,,,,,,,,,,,,,,,,,,,18.107,12.055,15.48,-0.7964,,,,,,,,,,,,,,1.0,const,2.0,149666.0,,,,,,,,
covonly_seed,Lena,clim_yr,,1478.0,11.0,,,,,,,,,,,,,,,,,,,,,,,,,,,,,,,,16.09,8.795,13.175,-0.4185,,,,,,,,,,,,,,1.0,tddlin,2.0,149666.0,,,,,,,,
covonly_seed,Lena,clim_yr,,1478.0,11.0,,,,,,,,,,,,,,,,,,,,,,,,,,,,,,,,22.463,17.938,20.179,-1.7648,,,,,,,,,,,,,,1.0,none,2.0,13606.0,,,,,,,,
covonly_seed,Lena,clim_yr,,1687.0,5.0,,,,,,,,,,,,,,,,,,,,,,,,,,,,,,,,19.836,8.656,15.794,-0.2185,,,,,,,,,,,,,,2.0,stefan,0.0,149666.0,,,,,,,,
covonly_seed,Lena,clim_yr,,1687.0,5.0,,,,,,,,,,,,,,,,,,,,,,,,,,,,,,,,21.265,11.363,17.524,-0.4004,,,,,,,,,,,,,,2.0,const,0.0,149666.0,,,,,,,,
covonly_seed,Lena,clim_yr,,1687.0,5.0,,,,,,,,,,,,,,,,,,,,,,,,,,,,,,,,19.835,8.588,15.786,-0.2183,,,,,,,,,,,,,,2.0,tddlin,0.0,149666.0,,,,,,,,
covonly_seed,Lena,clim_yr,,1687.0,5.0,,,,,,,,,,,,,,,,,,,,,,,,,,,,,,,,23.092,14.214,19.595,-0.6514,,,,,,,,,,,,,,2.0,none,0.0,13606.0,,,,,,,,
covonly_seed,Lena,clim_yr,,1687.0,5.0,,,,,,,,,,,,,,,,,,,,,,,,,,,,,,,,19.827,8.64,15.775,-0.2174,,,,,,,,,,,,,,2.0,stefan,1.0,149666.0,,,,,,,,
covonly_seed,Lena,clim_yr,,1687.0,5.0,,,,,,,,,,,,,,,,,,,,,,,,,,,,,,,,21.272,11.38,17.533,-0.4013,,,,,,,,,,,,,,2.0,const,1.0,149666.0,,,,,,,,
covonly_seed,Lena,clim_yr,,1687.0,5.0,,,,,,,,,,,,,,,,,,,,,,,,,,,,,,,,19.843,8.605,15.798,-0.2193,,,,,,,,,,,,,,2.0,tddlin,1.0,149666.0,,,,,,,,
covonly_seed,Lena,clim_yr,,1687.0,5.0,,,,,,,,,,,,,,,,,,,,,,,,,,,,,,,,23.248,14.264,19.715,-0.6738,,,,,,,,,,,,,,2.0,none,1.0,13606.0,,,,,,,,
covonly_seed,Lena,clim_yr,,1687.0,5.0,,,,,,,,,,,,,,,,,,,,,,,,,,,,,,,,19.828,8.632,15.778,-0.2175,,,,,,,,,,,,,,2.0,stefan,2.0,149666.0,,,,,,,,
covonly_seed,Lena,clim_yr,,1687.0,5.0,,,,,,,,,,,,,,,,,,,,,,,,,,,,,,,,21.276,11.37,17.531,-0.4018,,,,,,,,,,,,,,2.0,const,2.0,149666.0,,,,,,,,
covonly_seed,Lena,clim_yr,,1687.0,5.0,,,,,,,,,,,,,,,,,,,,,,,,,,,,,,,,19.822,8.583,15.774,-0.2168,,,,,,,,,,,,,,2.0,tddlin,2.0,149666.0,,,,,,,,
covonly_seed,Lena,clim_yr,,1687.0,5.0,,,,,,,,,,,,,,,,,,,,,,,,,,,,,,,,24.961,16.659,21.594,-0.9295,,,,,,,,,,,,,,2.0,none,2.0,13606.0,,,,,,,,
covonly_seed,Canada,clim_yr,,374.0,19.0,,,,,,,,,,,,,,,,,,,,,,,,,,,,,,,,29.954,-9.787,22.494,0.1323,,,,,,,,,,,,,,0.0,stefan,0.0,149666.0,,,,,,,,
covonly_seed,Canada,clim_yr,,374.0,19.0,,,,,,,,,,,,,,,,,,,,,,,,,,,,,,,,40.518,-24.498,29.463,-0.5876,,,,,,,,,,,,,,0.0,const,0.0,149666.0,,,,,,,,
covonly_seed,Canada,clim_yr,,374.0,19.0,,,,,,,,,,,,,,,,,,,,,,,,,,,,,,,,30.3,-10.947,22.658,0.1122,,,,,,,,,,,,,,0.0,tddlin,0.0,149666.0,,,,,,,,
covonly_seed,Canada,clim_yr,,374.0,19.0,,,,,,,,,,,,,,,,,,,,,,,,,,,,,,,,35.002,-17.975,25.359,-0.1848,,,,,,,,,,,,,,0.0,none,0.0,13606.0,,,,,,,,
covonly_seed,Canada,clim_yr,,374.0,19.0,,,,,,,,,,,,,,,,,,,,,,,,,,,,,,,,29.682,-9.83,22.264,0.148,,,,,,,,,,,,,,0.0,stefan,1.0,149666.0,,,,,,,,
covonly_seed,Canada,clim_yr,,374.0,19.0,,,,,,,,,,,,,,,,,,,,,,,,,,,,,,,,40.695,-24.599,29.616,-0.6016,,,,,,,,,,,,,,0.0,const,1.0,149666.0,,,,,,,,
covonly_seed,Canada,clim_yr,,374.0,19.0,,,,,,,,,,,,,,,,,,,,,,,,,,,,,,,,30.636,-11.321,22.837,0.0923,,,,,,,,,,,,,,0.0,tddlin,1.0,149666.0,,,,,,,,
covonly_seed,Canada,clim_yr,,374.0,19.0,,,,,,,,,,,,,,,,,,,,,,,,,,,,,,,,32.35,-14.732,23.834,-0.012,,,,,,,,,,,,,,0.0,none,1.0,13606.0,,,,,,,,
covonly_seed,Canada,clim_yr,,374.0,19.0,,,,,,,,,,,,,,,,,,,,,,,,,,,,,,,,29.864,-10.943,22.289,0.1375,,,,,,,,,,,,,,0.0,stefan,2.0,149666.0,,,,,,,,
covonly_seed,Canada,clim_yr,,374.0,19.0,,,,,,,,,,,,,,,,,,,,,,,,,,,,,,,,40.331,-24.331,29.313,-0.573,,,,,,,,,,,,,,0.0,const,2.0,149666.0,,,,,,,,
covonly_seed,Canada,clim_yr,,374.0,19.0,,,,,,,,,,,,,,,,,,,,,,,,,,,,,,,,30.319,-10.976,22.64,0.111,,,,,,,,,,,,,,0.0,tddlin,2.0,149666.0,,,,,,,,
covonly_seed,Canada,clim_yr,,374.0,19.0,,,,,,,,,,,,,,,,,,,,,,,,,,,,,,,,35.736,-18.2,25.844,-0.235,,,,,,,,,,,,,,0.0,none,2.0,13606.0,,,,,,,,
covonly_seed,Canada,clim_yr,,393.0,20.0,,,,,,,,,,,,,,,,,,,,,,,,,,,,,,,,28.761,-11.179,20.387,0.1974,,,,,,,,,,,,,,1.0,stefan,0.0,149666.0,,,,,,,,
covonly_seed,Canada,clim_yr,,393.0,20.0,,,,,,,,,,,,,,,,,,,,,,,,,,,,,,,,38.164,-21.041,26.871,-0.4132,,,,,,,,,,,,,,1.0,const,0.0,149666.0,,,,,,,,
covonly_seed,Canada,clim_yr,,393.0,20.0,,,,,,,,,,,,,,,,,,,,,,,,,,,,,,,,29.321,-10.275,21.185,0.1659,,,,,,,,,,,,,,1.0,tddlin,0.0,149666.0,,,,,,,,
covonly_seed,Canada,clim_yr,,393.0,20.0,,,,,,,,,,,,,,,,,,,,,,,,,,,,,,,,33.436,-15.095,23.906,-0.0847,,,,,,,,,,,,,,1.0,none,0.0,13606.0,,,,,,,,
covonly_seed,Canada,clim_yr,,393.0,20.0,,,,,,,,,,,,,,,,,,,,,,,,,,,,,,,,28.633,-10.424,20.491,0.2045,,,,,,,,,,,,,,1.0,stefan,1.0,149666.0,,,,,,,,
covonly_seed,Canada,clim_yr,,393.0,20.0,,,,,,,,,,,,,,,,,,,,,,,,,,,,,,,,37.973,-20.698,26.813,-0.3991,,,,,,,,,,,,,,1.0,const,1.0,149666.0,,,,,,,,
covonly_seed,Canada,clim_yr,,393.0,20.0,,,,,,,,,,,,,,,,,,,,,,,,,,,,,,,,29.023,-10.935,20.74,0.1827,,,,,,,,,,,,,,1.0,tddlin,1.0,149666.0,,,,,,,,
covonly_seed,Canada,clim_yr,,393.0,20.0,,,,,,,,,,,,,,,,,,,,,,,,,,,,,,,,30.883,-12.24,22.511,0.0746,,,,,,,,,,,,,,1.0,none,1.0,13606.0,,,,,,,,
covonly_seed,Canada,clim_yr,,393.0,20.0,,,,,,,,,,,,,,,,,,,,,,,,,,,,,,,,28.789,-12.04,20.244,0.1958,,,,,,,,,,,,,,1.0,stefan,2.0,149666.0,,,,,,,,
covonly_seed,Canada,clim_yr,,393.0,20.0,,,,,,,,,,,,,,,,,,,,,,,,,,,,,,,,38.195,-20.78,27.007,-0.4155,,,,,,,,,,,,,,1.0,const,2.0,149666.0,,,,,,,,
covonly_seed,Canada,clim_yr,,393.0,20.0,,,,,,,,,,,,,,,,,,,,,,,,,,,,,,,,29.257,-10.947,20.924,0.1694,,,,,,,,,,,,,,1.0,tddlin,2.0,149666.0,,,,,,,,
covonly_seed,Canada,clim_yr,,393.0,20.0,,,,,,,,,,,,,,,,,,,,,,,,,,,,,,,,33.953,-15.398,24.145,-0.1185,,,,,,,,,,,,,,1.0,none,2.0,13606.0,,,,,,,,
covonly_seed,Canada,clim_yr,,385.0,12.0,,,,,,,,,,,,,,,,,,,,,,,,,,,,,,,,31.392,-4.171,25.582,0.2317,,,,,,,,,,,,,,2.0,stefan,0.0,149666.0,,,,,,,,
covonly_seed,Canada,clim_yr,,385.0,12.0,,,,,,,,,,,,,,,,,,,,,,,,,,,,,,,,33.631,-11.844,25.952,0.1182,,,,,,,,,,,,,,2.0,const,0.0,149666.0,,,,,,,,
covonly_seed,Canada,clim_yr,,385.0,12.0,,,,,,,,,,,,,,,,,,,,,,,,,,,,,,,,32.597,-5.665,26.379,0.1716,,,,,,,,,,,,,,2.0,tddlin,0.0,149666.0,,,,,,,,
covonly_seed,Canada,clim_yr,,385.0,12.0,,,,,,,,,,,,,,,,,,,,,,,,,,,,,,,,35.457,-13.06,27.17,0.0198,,,,,,,,,,,,,,2.0,none,0.0,13606.0,,,,,,,,
covonly_seed,Canada,clim_yr,,385.0,12.0,,,,,,,,,,,,,,,,,,,,,,,,,,,,,,,,31.49,-2.132,26.077,0.2269,,,,,,,,,,,,,,2.0,stefan,1.0,149666.0,,,,,,,,
covonly_seed,Canada,clim_yr,,385.0,12.0,,,,,,,,,,,,,,,,,,,,,,,,,,,,,,,,32.09,-9.82,25.124,0.1971,,,,,,,,,,,,,,2.0,const,1.0,149666.0,,,,,,,,
covonly_seed,Canada,clim_yr,,385.0,12.0,,,,,,,,,,,,,,,,,,,,,,,,,,,,,,,,32.29,-5.771,26.063,0.1871,,,,,,,,,,,,,,2.0,tddlin,1.0,149666.0,,,,,,,,
covonly_seed,Canada,clim_yr,,385.0,12.0,,,,,,,,,,,,,,,,,,,,,,,,,,,,,,,,33.119,-9.626,25.967,0.1448,,,,,,,,,,,,,,2.0,none,1.0,13606.0,,,,,,,,
covonly_seed,Canada,clim_yr,,385.0,12.0,,,,,,,,,,,,,,,,,,,,,,,,,,,,,,,,32.107,-3.807,26.272,0.1963,,,,,,,,,,,,,,2.0,stefan,2.0,149666.0,,,,,,,,
covonly_seed,Canada,clim_yr,,385.0,12.0,,,,,,,,,,,,,,,,,,,,,,,,,,,,,,,,33.664,-11.662,26.023,0.1165,,,,,,,,,,,,,,2.0,const,2.0,149666.0,,,,,,,,
covonly_seed,Canada,clim_yr,,385.0,12.0,,,,,,,,,,,,,,,,,,,,,,,,,,,,,,,,32.527,-5.446,26.359,0.1752,,,,,,,,,,,,,,2.0,tddlin,2.0,149666.0,,,,,,,,
covonly_seed,Canada,clim_yr,,385.0,12.0,,,,,,,,,,,,,,,,,,,,,,,,,,,,,,,,36.378,-13.056,28.073,-0.0317,,,,,,,,,,,,,,2.0,none,2.0,13606.0,,,,,,,,
covonly_seed,Russia_W,clim_yr,,12.0,8.0,,,,,,,,,,,,,,,,,,,,,,,,,,,,,,,,32.201,-21.253,26.48,-0.786,,,,,,,,,,,,,,0.0,stefan,0.0,149666.0,,,,,,,,
covonly_seed,Russia_W,clim_yr,,12.0,8.0,,,,,,,,,,,,,,,,,,,,,,,,,,,,,,,,37.047,-28.041,31.444,-1.3639,,,,,,,,,,,,,,0.0,const,0.0,149666.0,,,,,,,,
covonly_seed,Russia_W,clim_yr,,12.0,8.0,,,,,,,,,,,,,,,,,,,,,,,,,,,,,,,,33.215,-22.916,27.259,-0.9002,,,,,,,,,,,,,,0.0,tddlin,0.0,149666.0,,,,,,,,
covonly_seed,Russia_W,clim_yr,,12.0,8.0,,,,,,,,,,,,,,,,,,,,,,,,,,,,,,,,35.889,-26.431,29.579,-1.2185,,,,,,,,,,,,,,0.0,none,0.0,13606.0,,,,,,,,
covonly_seed,Russia_W,clim_yr,,12.0,8.0,,,,,,,,,,,,,,,,,,,,,,,,,,,,,,,,31.142,-20.231,25.478,-0.6704,,,,,,,,,,,,,,0.0,stefan,1.0,149666.0,,,,,,,,
covonly_seed,Russia_W,clim_yr,,12.0,8.0,,,,,,,,,,,,,,,,,,,,,,,,,,,,,,,,36.669,-27.569,31.007,-1.316,,,,,,,,,,,,,,0.0,const,1.0,149666.0,,,,,,,,
covonly_seed,Russia_W,clim_yr,,12.0,8.0,,,,,,,,,,,,,,,,,,,,,,,,,,,,,,,,33.024,-22.714,26.925,-0.8785,,,,,,,,,,,,,,0.0,tddlin,1.0,149666.0,,,,,,,,
covonly_seed,Russia_W,clim_yr,,12.0,8.0,,,,,,,,,,,,,,,,,,,,,,,,,,,,,,,,36.185,-27.304,30.391,-1.2553,,,,,,,,,,,,,,0.0,none,1.0,13606.0,,,,,,,,
covonly_seed,Russia_W,clim_yr,,12.0,8.0,,,,,,,,,,,,,,,,,,,,,,,,,,,,,,,,31.454,-20.585,25.855,-0.7041,,,,,,,,,,,,,,0.0,stefan,2.0,149666.0,,,,,,,,
covonly_seed,Russia_W,clim_yr,,12.0,8.0,,,,,,,,,,,,,,,,,,,,,,,,,,,,,,,,36.737,-27.574,31.005,-1.3246,,,,,,,,,,,,,,0.0,const,2.0,149666.0,,,,,,,,
covonly_seed,Russia_W,clim_yr,,12.0,8.0,,,,,,,,,,,,,,,,,,,,,,,,,,,,,,,,33.351,-23.191,27.52,-0.9159,,,,,,,,,,,,,,0.0,tddlin,2.0,149666.0,,,,,,,,
covonly_seed,Russia_W,clim_yr,,12.0,8.0,,,,,,,,,,,,,,,,,,,,,,,,,,,,,,,,34.539,-25.261,28.653,-1.0547,,,,,,,,,,,,,,0.0,none,2.0,13606.0,,,,,,,,
covonly_seed,Russia_W,clim_yr,,12.0,7.0,,,,,,,,,,,,,,,,,,,,,,,,,,,,,,,,44.162,-32.799,34.656,-1.1945,,,,,,,,,,,,,,1.0,stefan,0.0,149666.0,,,,,,,,
covonly_seed,Russia_W,clim_yr,,12.0,7.0,,,,,,,,,,,,,,,,,,,,,,,,,,,,,,,,49.433,-39.45,39.771,-1.7496,,,,,,,,,,,,,,1.0,const,0.0,149666.0,,,,,,,,
covonly_seed,Russia_W,clim_yr,,12.0,7.0,,,,,,,,,,,,,,,,,,,,,,,,,,,,,,,,45.224,-34.354,35.864,-1.3013,,,,,,,,,,,,,,1.0,tddlin,0.0,149666.0,,,,,,,,
covonly_seed,Russia_W,clim_yr,,12.0,7.0,,,,,,,,,,,,,,,,,,,,,,,,,,,,,,,,47.353,-38.022,38.042,-1.5231,,,,,,,,,,,,,,1.0,none,0.0,13606.0,,,,,,,,
covonly_seed,Russia_W,clim_yr,,12.0,7.0,,,,,,,,,,,,,,,,,,,,,,,,,,,,,,,,44.054,-32.728,34.681,-1.1837,,,,,,,,,,,,,,1.0,stefan,1.0,149666.0,,,,,,,,
covonly_seed,Russia_W,clim_yr,,12.0,7.0,,,,,,,,,,,,,,,,,,,,,,,,,,,,,,,,49.493,-39.542,39.863,-1.7563,,,,,,,,,,,,,,1.0,const,1.0,149666.0,,,,,,,,
covonly_seed,Russia_W,clim_yr,,12.0,7.0,,,,,,,,,,,,,,,,,,,,,,,,,,,,,,,,45.333,-34.475,36.042,-1.3124,,,,,,,,,,,,,,1.0,tddlin,1.0,149666.0,,,,,,,,
covonly_seed,Russia_W,clim_yr,,12.0,7.0,,,,,,,,,,,,,,,,,,,,,,,,,,,,,,,,48.097,-39.178,39.178,-1.603,,,,,,,,,,,,,,1.0,none,1.0,13606.0,,,,,,,,
covonly_seed,Russia_W,clim_yr,,12.0,7.0,,,,,,,,,,,,,,,,,,,,,,,,,,,,,,,,44.191,-32.735,34.577,-1.1973,,,,,,,,,,,,,,1.0,stefan,2.0,149666.0,,,,,,,,
covonly_seed,Russia_W,clim_yr,,12.0,7.0,,,,,,,,,,,,,,,,,,,,,,,,,,,,,,,,49.586,-39.637,39.96,-1.7666,,,,,,,,,,,,,,1.0,const,2.0,149666.0,,,,,,,,
covonly_seed,Russia_W,clim_yr,,12.0,7.0,,,,,,,,,,,,,,,,,,,,,,,,,,,,,,,,45.882,-34.84,36.308,-1.3687,,,,,,,,,,,,,,1.0,tddlin,2.0,149666.0,,,,,,,,
covonly_seed,Russia_W,clim_yr,,12.0,7.0,,,,,,,,,,,,,,,,,,,,,,,,,,,,,,,,46.716,-37.114,37.565,-1.4556,,,,,,,,,,,,,,1.0,none,2.0,13606.0,,,,,,,,
covonly_seed,Russia_W,clim_yr,,17.0,12.0,,,,,,,,,,,,,,,,,,,,,,,,,,,,,,,,41.541,-33.345,36.389,-1.5079,,,,,,,,,,,,,,2.0,stefan,0.0,149666.0,,,,,,,,
covonly_seed,Russia_W,clim_yr,,17.0,12.0,,,,,,,,,,,,,,,,,,,,,,,,,,,,,,,,44.61,-36.055,38.845,-1.8921,,,,,,,,,,,,,,2.0,const,0.0,149666.0,,,,,,,,
covonly_seed,Russia_W,clim_yr,,17.0,12.0,,,,,,,,,,,,,,,,,,,,,,,,,,,,,,,,42.32,-33.962,37.251,-1.6028,,,,,,,,,,,,,,2.0,tddlin,0.0,149666.0,,,,,,,,
covonly_seed,Russia_W,clim_yr,,17.0,12.0,,,,,,,,,,,,,,,,,,,,,,,,,,,,,,,,46.007,-37.597,39.874,-2.076,,,,,,,,,,,,,,2.0,none,0.0,13606.0,,,,,,,,
covonly_seed,Russia_W,clim_yr,,17.0,12.0,,,,,,,,,,,,,,,,,,,,,,,,,,,,,,,,41.226,-32.887,36.294,-1.4699,,,,,,,,,,,,,,2.0,stefan,1.0,149666.0,,,,,,,,
covonly_seed,Russia_W,clim_yr,,17.0,12.0,,,,,,,,,,,,,,,,,,,,,,,,,,,,,,,,44.446,-35.859,38.701,-1.8709,,,,,,,,,,,,,,2.0,const,1.0,149666.0,,,,,,,,
covonly_seed,Russia_W,clim_yr,,17.0,12.0,,,,,,,,,,,,,,,,,,,,,,,,,,,,,,,,41.855,-33.352,36.845,-1.5459,,,,,,,,,,,,,,2.0,tddlin,1.0,149666.0,,,,,,,,
covonly_seed,Russia_W,clim_yr,,17.0,12.0,,,,,,,,,,,,,,,,,,,,,,,,,,,,,,,,45.696,-37.325,39.698,-2.0345,,,,,,,,,,,,,,2.0,none,1.0,13606.0,,,,,,,,
covonly_seed,Russia_W,clim_yr,,17.0,12.0,,,,,,,,,,,,,,,,,,,,,,,,,,,,,,,,42.046,-33.89,36.87,-1.5692,,,,,,,,,,,,,,2.0,stefan,2.0,149666.0,,,,,,,,
covonly_seed,Russia_W,clim_yr,,17.0,12.0,,,,,,,,,,,,,,,,,,,,,,,,,,,,,,,,44.463,-35.865,38.708,-1.8731,,,,,,,,,,,,,,2.0,const,2.0,149666.0,,,,,,,,
covonly_seed,Russia_W,clim_yr,,17.0,12.0,,,,,,,,,,,,,,,,,,,,,,,,,,,,,,,,42.256,-33.866,37.164,-1.5948,,,,,,,,,,,,,,2.0,tddlin,2.0,149666.0,,,,,,,,
covonly_seed,Russia_W,clim_yr,,17.0,12.0,,,,,,,,,,,,,,,,,,,,,,,,,,,,,,,,45.335,-36.764,39.298,-1.9869,,,,,,,,,,,,,,2.0,none,2.0,13606.0,,,,,,,,
covonly_seed,Russia_E,clim_yr,,12.0,9.0,,,,,,,,,,,,,,,,,,,,,,,,,,,,,,,,16.572,-5.631,11.405,0.2181,,,,,,,,,,,,,,0.0,stefan,0.0,149666.0,,,,,,,,
covonly_seed,Russia_E,clim_yr,,12.0,9.0,,,,,,,,,,,,,,,,,,,,,,,,,,,,,,,,19.99,-7.489,13.83,-0.1377,,,,,,,,,,,,,,0.0,const,0.0,149666.0,,,,,,,,
covonly_seed,Russia_E,clim_yr,,12.0,9.0,,,,,,,,,,,,,,,,,,,,,,,,,,,,,,,,16.931,-6.295,11.185,0.1839,,,,,,,,,,,,,,0.0,tddlin,0.0,149666.0,,,,,,,,
covonly_seed,Russia_E,clim_yr,,12.0,9.0,,,,,,,,,,,,,,,,,,,,,,,,,,,,,,,,19.824,-5.882,14.463,-0.1189,,,,,,,,,,,,,,0.0,none,0.0,13606.0,,,,,,,,
covonly_seed,Russia_E,clim_yr,,12.0,9.0,,,,,,,,,,,,,,,,,,,,,,,,,,,,,,,,16.857,-5.99,11.382,0.1909,,,,,,,,,,,,,,0.0,stefan,1.0,149666.0,,,,,,,,
covonly_seed,Russia_E,clim_yr,,12.0,9.0,,,,,,,,,,,,,,,,,,,,,,,,,,,,,,,,19.962,-7.554,13.914,-0.1345,,,,,,,,,,,,,,0.0,const,1.0,149666.0,,,,,,,,
covonly_seed,Russia_E,clim_yr,,12.0,9.0,,,,,,,,,,,,,,,,,,,,,,,,,,,,,,,,17.189,-6.076,10.97,0.1588,,,,,,,,,,,,,,0.0,tddlin,1.0,149666.0,,,,,,,,
covonly_seed,Russia_E,clim_yr,,12.0,9.0,,,,,,,,,,,,,,,,,,,,,,,,,,,,,,,,19.486,-5.561,14.38,-0.081,,,,,,,,,,,,,,0.0,none,1.0,13606.0,,,,,,,,
covonly_seed,Russia_E,clim_yr,,12.0,9.0,,,,,,,,,,,,,,,,,,,,,,,,,,,,,,,,16.447,-5.344,10.96,0.2298,,,,,,,,,,,,,,0.0,stefan,2.0,149666.0,,,,,,,,
covonly_seed,Russia_E,clim_yr,,12.0,9.0,,,,,,,,,,,,,,,,,,,,,,,,,,,,,,,,20.104,-7.397,14.029,-0.1508,,,,,,,,,,,,,,0.0,const,2.0,149666.0,,,,,,,,
covonly_seed,Russia_E,clim_yr,,12.0,9.0,,,,,,,,,,,,,,,,,,,,,,,,,,,,,,,,17.416,-6.563,11.175,0.1364,,,,,,,,,,,,,,0.0,tddlin,2.0,149666.0,,,,,,,,
covonly_seed,Russia_E,clim_yr,,12.0,9.0,,,,,,,,,,,,,,,,,,,,,,,,,,,,,,,,20.083,-5.017,14.715,-0.1483,,,,,,,,,,,,,,0.0,none,2.0,13606.0,,,,,,,,
covonly_seed,Russia_E,clim_yr,,14.0,10.0,,,,,,,,,,,,,,,,,,,,,,,,,,,,,,,,37.494,-15.44,23.94,-0.0652,,,,,,,,,,,,,,1.0,stefan,0.0,149666.0,,,,,,,,
covonly_seed,Russia_E,clim_yr,,14.0,10.0,,,,,,,,,,,,,,,,,,,,,,,,,,,,,,,,39.515,-17.06,26.272,-0.1831,,,,,,,,,,,,,,1.0,const,0.0,149666.0,,,,,,,,
covonly_seed,Russia_E,clim_yr,,14.0,10.0,,,,,,,,,,,,,,,,,,,,,,,,,,,,,,,,38.203,-16.608,24.397,-0.1058,,,,,,,,,,,,,,1.0,tddlin,0.0,149666.0,,,,,,,,
covonly_seed,Russia_E,clim_yr,,14.0,10.0,,,,,,,,,,,,,,,,,,,,,,,,,,,,,,,,39.434,-14.898,27.342,-0.1783,,,,,,,,,,,,,,1.0,none,0.0,13606.0,,,,,,,,
covonly_seed,Russia_E,clim_yr,,14.0,10.0,,,,,,,,,,,,,,,,,,,,,,,,,,,,,,,,37.262,-15.349,24.032,-0.0521,,,,,,,,,,,,,,1.0,stefan,1.0,149666.0,,,,,,,,
covonly_seed,Russia_E,clim_yr,,14.0,10.0,,,,,,,,,,,,,,,,,,,,,,,,,,,,,,,,39.629,-17.028,26.343,-0.19,,,,,,,,,,,,,,1.0,const,1.0,149666.0,,,,,,,,
covonly_seed,Russia_E,clim_yr,,14.0,10.0,,,,,,,,,,,,,,,,,,,,,,,,,,,,,,,,37.928,-16.028,24.741,-0.09,,,,,,,,,,,,,,1.0,tddlin,1.0,149666.0,,,,,,,,
covonly_seed,Russia_E,clim_yr,,14.0,10.0,,,,,,,,,,,,,,,,,,,,,,,,,,,,,,,,38.919,-14.535,27.002,-0.1477,,,,,,,,,,,,,,1.0,none,1.0,13606.0,,,,,,,,
covonly_seed,Russia_E,clim_yr,,14.0,10.0,,,,,,,,,,,,,,,,,,,,,,,,,,,,,,,,37.104,-15.696,23.531,-0.0432,,,,,,,,,,,,,,1.0,stefan,2.0,149666.0,,,,,,,,
covonly_seed,Russia_E,clim_yr,,14.0,10.0,,,,,,,,,,,,,,,,,,,,,,,,,,,,,,,,39.938,-17.28,26.558,-0.2086,,,,,,,,,,,,,,1.0,const,2.0,149666.0,,,,,,,,
covonly_seed,Russia_E,clim_yr,,14.0,10.0,,,,,,,,,,,,,,,,,,,,,,,,,,,,,,,,37.846,-16.715,24.076,-0.0853,,,,,,,,,,,,,,1.0,tddlin,2.0,149666.0,,,,,,,,
covonly_seed,Russia_E,clim_yr,,14.0,10.0,,,,,,,,,,,,,,,,,,,,,,,,,,,,,,,,39.005,-13.978,27.277,-0.1528,,,,,,,,,,,,,,1.0,none,2.0,13606.0,,,,,,,,
covonly_seed,Russia_E,clim_yr,,11.0,8.0,,,,,,,,,,,,,,,,,,,,,,,,,,,,,,,,40.631,-24.838,26.563,-0.2756,,,,,,,,,,,,,,2.0,stefan,0.0,149666.0,,,,,,,,
covonly_seed,Russia_E,clim_yr,,11.0,8.0,,,,,,,,,,,,,,,,,,,,,,,,,,,,,,,,44.009,-27.354,29.682,-0.4965,,,,,,,,,,,,,,2.0,const,0.0,149666.0,,,,,,,,
covonly_seed,Russia_E,clim_yr,,11.0,8.0,,,,,,,,,,,,,,,,,,,,,,,,,,,,,,,,41.863,-26.066,27.824,-0.3541,,,,,,,,,,,,,,2.0,tddlin,0.0,149666.0,,,,,,,,
covonly_seed,Russia_E,clim_yr,,11.0,8.0,,,,,,,,,,,,,,,,,,,,,,,,,,,,,,,,43.676,-25.861,29.424,-0.4739,,,,,,,,,,,,,,2.0,none,0.0,13606.0,,,,,,,,
covonly_seed,Russia_E,clim_yr,,11.0,8.0,,,,,,,,,,,,,,,,,,,,,,,,,,,,,,,,40.807,-24.643,26.619,-0.2866,,,,,,,,,,,,,,2.0,stefan,1.0,149666.0,,,,,,,,
covonly_seed,Russia_E,clim_yr,,11.0,8.0,,,,,,,,,,,,,,,,,,,,,,,,,,,,,,,,44.916,-27.721,30.092,-0.5588,,,,,,,,,,,,,,2.0,const,1.0,149666.0,,,,,,,,
covonly_seed,Russia_E,clim_yr,,11.0,8.0,,,,,,,,,,,,,,,,,,,,,,,,,,,,,,,,41.983,-25.658,27.537,-0.3618,,,,,,,,,,,,,,2.0,tddlin,1.0,149666.0,,,,,,,,
covonly_seed,Russia_E,clim_yr,,11.0,8.0,,,,,,,,,,,,,,,,,,,,,,,,,,,,,,,,43.093,-25.528,29.183,-0.4348,,,,,,,,,,,,,,2.0,none,1.0,13606.0,,,,,,,,
covonly_seed,Russia_E,clim_yr,,11.0,8.0,,,,,,,,,,,,,,,,,,,,,,,,,,,,,,,,41.26,-24.792,26.576,-0.3154,,,,,,,,,,,,,,2.0,stefan,2.0,149666.0,,,,,,,,
covonly_seed,Russia_E,clim_yr,,11.0,8.0,,,,,,,,,,,,,,,,,,,,,,,,,,,,,,,,44.752,-27.759,30.13,-0.5474,,,,,,,,,,,,,,2.0,const,2.0,149666.0,,,,,,,,
covonly_seed,Russia_E,clim_yr,,11.0,8.0,,,,,,,,,,,,,,,,,,,,,,,,,,,,,,,,41.571,-25.624,27.262,-0.3353,,,,,,,,,,,,,,2.0,tddlin,2.0,149666.0,,,,,,,,
covonly_seed,Russia_E,clim_yr,,11.0,8.0,,,,,,,,,,,,,,,,,,,,,,,,,,,,,,,,42.958,-24.433,28.73,-0.4258,,,,,,,,,,,,,,2.0,none,2.0,13606.0,,,,,,,,
covonly_seed,Lena,matched,,1496.0,11.0,,,,,,,,,,,,,,,,,,,,,,,,,,,,,,,,15.003,7.043,11.935,-0.0909,,,,,,,,,,,,,,0.0,stefan,0.0,149666.0,,,,,,,,
covonly_seed,Lena,matched,,1496.0,11.0,,,,,,,,,,,,,,,,,,,,,,,,,,,,,,,,18.197,11.152,15.489,-0.6049,,,,,,,,,,,,,,0.0,const,0.0,149666.0,,,,,,,,
covonly_seed,Lena,matched,,1496.0,11.0,,,,,,,,,,,,,,,,,,,,,,,,,,,,,,,,16.278,8.796,13.39,-0.2843,,,,,,,,,,,,,,0.0,tddlin,0.0,149666.0,,,,,,,,
covonly_seed,Lena,matched,,1496.0,11.0,,,,,,,,,,,,,,,,,,,,,,,,,,,,,,,,19.63,13.332,17.0,-0.8676,,,,,,,,,,,,,,0.0,none,0.0,13606.0,,,,,,,,
covonly_seed,Lena,matched,,1496.0,11.0,,,,,,,,,,,,,,,,,,,,,,,,,,,,,,,,15.286,7.441,12.232,-0.1326,,,,,,,,,,,,,,0.0,stefan,1.0,149666.0,,,,,,,,
covonly_seed,Lena,matched,,1496.0,11.0,,,,,,,,,,,,,,,,,,,,,,,,,,,,,,,,18.193,11.144,15.483,-0.6041,,,,,,,,,,,,,,0.0,const,1.0,149666.0,,,,,,,,
covonly_seed,Lena,matched,,1496.0,11.0,,,,,,,,,,,,,,,,,,,,,,,,,,,,,,,,16.236,8.721,13.33,-0.2777,,,,,,,,,,,,,,0.0,tddlin,1.0,149666.0,,,,,,,,
covonly_seed,Lena,matched,,1496.0,11.0,,,,,,,,,,,,,,,,,,,,,,,,,,,,,,,,20.496,14.558,18.021,-1.0361,,,,,,,,,,,,,,0.0,none,1.0,13606.0,,,,,,,,
covonly_seed,Lena,matched,,1496.0,11.0,,,,,,,,,,,,,,,,,,,,,,,,,,,,,,,,15.134,7.234,12.072,-0.1101,,,,,,,,,,,,,,0.0,stefan,2.0,149666.0,,,,,,,,
covonly_seed,Lena,matched,,1496.0,11.0,,,,,,,,,,,,,,,,,,,,,,,,,,,,,,,,18.192,11.142,15.482,-0.6041,,,,,,,,,,,,,,0.0,const,2.0,149666.0,,,,,,,,
covonly_seed,Lena,matched,,1496.0,11.0,,,,,,,,,,,,,,,,,,,,,,,,,,,,,,,,16.233,8.779,13.367,-0.2772,,,,,,,,,,,,,,0.0,tddlin,2.0,149666.0,,,,,,,,
covonly_seed,Lena,matched,,1496.0,11.0,,,,,,,,,,,,,,,,,,,,,,,,,,,,,,,,19.646,12.938,17.028,-0.8706,,,,,,,,,,,,,,0.0,none,2.0,13606.0,,,,,,,,
covonly_seed,Lena,matched,,1478.0,11.0,,,,,,,,,,,,,,,,,,,,,,,,,,,,,,,,14.835,7.789,11.845,-0.2059,,,,,,,,,,,,,,1.0,stefan,0.0,149666.0,,,,,,,,
covonly_seed,Lena,matched,,1478.0,11.0,,,,,,,,,,,,,,,,,,,,,,,,,,,,,,,,18.103,12.046,15.476,-0.7956,,,,,,,,,,,,,,1.0,const,0.0,149666.0,,,,,,,,
covonly_seed,Lena,matched,,1478.0,11.0,,,,,,,,,,,,,,,,,,,,,,,,,,,,,,,,16.067,9.491,13.243,-0.4145,,,,,,,,,,,,,,1.0,tddlin,0.0,149666.0,,,,,,,,
covonly_seed,Lena,matched,,1478.0,11.0,,,,,,,,,,,,,,,,,,,,,,,,,,,,,,,,19.785,14.443,17.229,-1.1448,,,,,,,,,,,,,,1.0,none,0.0,13606.0,,,,,,,,
covonly_seed,Lena,matched,,1478.0,11.0,,,,,,,,,,,,,,,,,,,,,,,,,,,,,,,,14.808,7.865,11.842,-0.2016,,,,,,,,,,,,,,1.0,stefan,1.0,149666.0,,,,,,,,
covonly_seed,Lena,matched,,1478.0,11.0,,,,,,,,,,,,,,,,,,,,,,,,,,,,,,,,18.107,12.054,15.48,-0.7965,,,,,,,,,,,,,,1.0,const,1.0,149666.0,,,,,,,,
covonly_seed,Lena,matched,,1478.0,11.0,,,,,,,,,,,,,,,,,,,,,,,,,,,,,,,,16.203,9.647,13.368,-0.4386,,,,,,,,,,,,,,1.0,tddlin,1.0,149666.0,,,,,,,,
covonly_seed,Lena,matched,,1478.0,11.0,,,,,,,,,,,,,,,,,,,,,,,,,,,,,,,,20.498,15.427,18.11,-1.3024,,,,,,,,,,,,,,1.0,none,1.0,13606.0,,,,,,,,
covonly_seed,Lena,matched,,1478.0,11.0,,,,,,,,,,,,,,,,,,,,,,,,,,,,,,,,15.055,8.161,12.099,-0.2419,,,,,,,,,,,,,,1.0,stefan,2.0,149666.0,,,,,,,,
covonly_seed,Lena,matched,,1478.0,11.0,,,,,,,,,,,,,,,,,,,,,,,,,,,,,,,,18.104,12.045,15.474,-0.7959,,,,,,,,,,,,,,1.0,const,2.0,149666.0,,,,,,,,
covonly_seed,Lena,matched,,1478.0,11.0,,,,,,,,,,,,,,,,,,,,,,,,,,,,,,,,16.012,9.463,13.203,-0.4048,,,,,,,,,,,,,,1.0,tddlin,2.0,149666.0,,,,,,,,
covonly_seed,Lena,matched,,1478.0,11.0,,,,,,,,,,,,,,,,,,,,,,,,,,,,,,,,19.539,13.779,17.001,-1.0919,,,,,,,,,,,,,,1.0,none,2.0,13606.0,,,,,,,,
covonly_seed,Lena,matched,,1687.0,5.0,,,,,,,,,,,,,,,,,,,,,,,,,,,,,,,,19.873,10.167,16.251,-0.2231,,,,,,,,,,,,,,2.0,stefan,0.0,149666.0,,,,,,,,
covonly_seed,Lena,matched,,1687.0,5.0,,,,,,,,,,,,,,,,,,,,,,,,,,,,,,,,21.274,11.372,17.533,-0.4016,,,,,,,,,,,,,,2.0,const,0.0,149666.0,,,,,,,,
covonly_seed,Lena,matched,,1687.0,5.0,,,,,,,,,,,,,,,,,,,,,,,,,,,,,,,,20.212,10.349,16.565,-0.2652,,,,,,,,,,,,,,2.0,tddlin,0.0,149666.0,,,,,,,,
covonly_seed,Lena,matched,,1687.0,5.0,,,,,,,,,,,,,,,,,,,,,,,,,,,,,,,,23.335,14.922,19.885,-0.6864,,,,,,,,,,,,,,2.0,none,0.0,13606.0,,,,,,,,
covonly_seed,Lena,matched,,1687.0,5.0,,,,,,,,,,,,,,,,,,,,,,,,,,,,,,,,19.856,10.113,16.237,-0.2209,,,,,,,,,,,,,,2.0,stefan,1.0,149666.0,,,,,,,,
covonly_seed,Lena,matched,,1687.0,5.0,,,,,,,,,,,,,,,,,,,,,,,,,,,,,,,,21.268,11.365,17.526,-0.4008,,,,,,,,,,,,,,2.0,const,1.0,149666.0,,,,,,,,
covonly_seed,Lena,matched,,1687.0,5.0,,,,,,,,,,,,,,,,,,,,,,,,,,,,,,,,20.188,10.303,16.526,-0.2622,,,,,,,,,,,,,,2.0,tddlin,1.0,149666.0,,,,,,,,
covonly_seed,Lena,matched,,1687.0,5.0,,,,,,,,,,,,,,,,,,,,,,,,,,,,,,,,23.902,15.547,20.55,-0.7692,,,,,,,,,,,,,,2.0,none,1.0,13606.0,,,,,,,,
covonly_seed,Lena,matched,,1687.0,5.0,,,,,,,,,,,,,,,,,,,,,,,,,,,,,,,,19.924,10.24,16.319,-0.2294,,,,,,,,,,,,,,2.0,stefan,2.0,149666.0,,,,,,,,
covonly_seed,Lena,matched,,1687.0,5.0,,,,,,,,,,,,,,,,,,,,,,,,,,,,,,,,21.269,11.364,17.526,-0.401,,,,,,,,,,,,,,2.0,const,2.0,149666.0,,,,,,,,
covonly_seed,Lena,matched,,1687.0,5.0,,,,,,,,,,,,,,,,,,,,,,,,,,,,,,,,20.204,10.365,16.565,-0.2642,,,,,,,,,,,,,,2.0,tddlin,2.0,149666.0,,,,,,,,
covonly_seed,Lena,matched,,1687.0,5.0,,,,,,,,,,,,,,,,,,,,,,,,,,,,,,,,22.965,14.02,19.408,-0.6333,,,,,,,,,,,,,,2.0,none,2.0,13606.0,,,,,,,,
covonly_seed,Canada,matched,,374.0,19.0,,,,,,,,,,,,,,,,,,,,,,,,,,,,,,,,28.538,-2.704,22.479,0.2124,,,,,,,,,,,,,,0.0,stefan,0.0,149666.0,,,,,,,,
covonly_seed,Canada,matched,,374.0,19.0,,,,,,,,,,,,,,,,,,,,,,,,,,,,,,,,40.308,-24.316,29.295,-0.5712,,,,,,,,,,,,,,0.0,const,0.0,149666.0,,,,,,,,
covonly_seed,Canada,matched,,374.0,19.0,,,,,,,,,,,,,,,,,,,,,,,,,,,,,,,,29.558,-7.688,22.57,0.1551,,,,,,,,,,,,,,0.0,tddlin,0.0,149666.0,,,,,,,,
covonly_seed,Canada,matched,,374.0,19.0,,,,,,,,,,,,,,,,,,,,,,,,,,,,,,,,34.942,-16.419,25.398,-0.1808,,,,,,,,,,,,,,0.0,none,0.0,13606.0,,,,,,,,
covonly_seed,Canada,matched,,374.0,19.0,,,,,,,,,,,,,,,,,,,,,,,,,,,,,,,,28.168,-2.68,22.149,0.2327,,,,,,,,,,,,,,0.0,stefan,1.0,149666.0,,,,,,,,
covonly_seed,Canada,matched,,374.0,19.0,,,,,,,,,,,,,,,,,,,,,,,,,,,,,,,,40.286,-24.297,29.272,-0.5695,,,,,,,,,,,,,,0.0,const,1.0,149666.0,,,,,,,,
covonly_seed,Canada,matched,,374.0,19.0,,,,,,,,,,,,,,,,,,,,,,,,,,,,,,,,29.643,-7.816,22.595,0.1502,,,,,,,,,,,,,,0.0,tddlin,1.0,149666.0,,,,,,,,
covonly_seed,Canada,matched,,374.0,19.0,,,,,,,,,,,,,,,,,,,,,,,,,,,,,,,,34.241,-15.69,25.062,-0.1339,,,,,,,,,,,,,,0.0,none,1.0,13606.0,,,,,,,,
covonly_seed,Canada,matched,,374.0,19.0,,,,,,,,,,,,,,,,,,,,,,,,,,,,,,,,28.782,-2.823,22.697,0.1989,,,,,,,,,,,,,,0.0,stefan,2.0,149666.0,,,,,,,,
covonly_seed,Canada,matched,,374.0,19.0,,,,,,,,,,,,,,,,,,,,,,,,,,,,,,,,40.295,-24.31,29.285,-0.5702,,,,,,,,,,,,,,0.0,const,2.0,149666.0,,,,,,,,
covonly_seed,Canada,matched,,374.0,19.0,,,,,,,,,,,,,,,,,,,,,,,,,,,,,,,,29.793,-7.671,22.782,0.1416,,,,,,,,,,,,,,0.0,tddlin,2.0,149666.0,,,,,,,,
covonly_seed,Canada,matched,,374.0,19.0,,,,,,,,,,,,,,,,,,,,,,,,,,,,,,,,35.644,-18.551,25.728,-0.2287,,,,,,,,,,,,,,0.0,none,2.0,13606.0,,,,,,,,
covonly_seed,Canada,matched,,393.0,20.0,,,,,,,,,,,,,,,,,,,,,,,,,,,,,,,,27.054,-4.323,20.616,0.2898,,,,,,,,,,,,,,1.0,stefan,0.0,149666.0,,,,,,,,
covonly_seed,Canada,matched,,393.0,20.0,,,,,,,,,,,,,,,,,,,,,,,,,,,,,,,,38.169,-20.964,26.893,-0.4135,,,,,,,,,,,,,,1.0,const,0.0,149666.0,,,,,,,,
covonly_seed,Canada,matched,,393.0,20.0,,,,,,,,,,,,,,,,,,,,,,,,,,,,,,,,28.02,-6.856,20.936,0.2382,,,,,,,,,,,,,,1.0,tddlin,0.0,149666.0,,,,,,,,
covonly_seed,Canada,matched,,393.0,20.0,,,,,,,,,,,,,,,,,,,,,,,,,,,,,,,,33.323,-13.817,23.843,-0.0774,,,,,,,,,,,,,,1.0,none,0.0,13606.0,,,,,,,,
covonly_seed,Canada,matched,,393.0,20.0,,,,,,,,,,,,,,,,,,,,,,,,,,,,,,,,26.447,-3.367,20.293,0.3214,,,,,,,,,,,,,,1.0,stefan,1.0,149666.0,,,,,,,,
covonly_seed,Canada,matched,,393.0,20.0,,,,,,,,,,,,,,,,,,,,,,,,,,,,,,,,38.221,-20.699,27.047,-0.4174,,,,,,,,,,,,,,1.0,const,1.0,149666.0,,,,,,,,
covonly_seed,Canada,matched,,393.0,20.0,,,,,,,,,,,,,,,,,,,,,,,,,,,,,,,,27.869,-7.149,20.731,0.2464,,,,,,,,,,,,,,1.0,tddlin,1.0,149666.0,,,,,,,,
covonly_seed,Canada,matched,,393.0,20.0,,,,,,,,,,,,,,,,,,,,,,,,,,,,,,,,32.486,-13.213,23.356,-0.024,,,,,,,,,,,,,,1.0,none,1.0,13606.0,,,,,,,,
covonly_seed,Canada,matched,,393.0,20.0,,,,,,,,,,,,,,,,,,,,,,,,,,,,,,,,27.179,-3.648,20.963,0.2833,,,,,,,,,,,,,,1.0,stefan,2.0,149666.0,,,,,,,,
covonly_seed,Canada,matched,,393.0,20.0,,,,,,,,,,,,,,,,,,,,,,,,,,,,,,,,38.231,-20.628,27.069,-0.4181,,,,,,,,,,,,,,1.0,const,2.0,149666.0,,,,,,,,
covonly_seed,Canada,matched,,393.0,20.0,,,,,,,,,,,,,,,,,,,,,,,,,,,,,,,,28.352,-7.211,21.117,0.2201,,,,,,,,,,,,,,1.0,tddlin,2.0,149666.0,,,,,,,,
covonly_seed,Canada,matched,,393.0,20.0,,,,,,,,,,,,,,,,,,,,,,,,,,,,,,,,33.747,-15.864,23.857,-0.105,,,,,,,,,,,,,,1.0,none,2.0,13606.0,,,,,,,,
covonly_seed,Canada,matched,,385.0,12.0,,,,,,,,,,,,,,,,,,,,,,,,,,,,,,,,30.699,1.445,25.762,0.2652,,,,,,,,,,,,,,2.0,stefan,0.0,149666.0,,,,,,,,
covonly_seed,Canada,matched,,385.0,12.0,,,,,,,,,,,,,,,,,,,,,,,,,,,,,,,,34.165,-12.078,26.376,0.09,,,,,,,,,,,,,,2.0,const,0.0,149666.0,,,,,,,,
covonly_seed,Canada,matched,,385.0,12.0,,,,,,,,,,,,,,,,,,,,,,,,,,,,,,,,31.773,-4.407,25.803,0.213,,,,,,,,,,,,,,2.0,tddlin,0.0,149666.0,,,,,,,,
covonly_seed,Canada,matched,,385.0,12.0,,,,,,,,,,,,,,,,,,,,,,,,,,,,,,,,35.889,-11.417,27.981,-0.0042,,,,,,,,,,,,,,2.0,none,0.0,13606.0,,,,,,,,
covonly_seed,Canada,matched,,385.0,12.0,,,,,,,,,,,,,,,,,,,,,,,,,,,,,,,,30.911,1.688,26.001,0.255,,,,,,,,,,,,,,2.0,stefan,1.0,149666.0,,,,,,,,
covonly_seed,Canada,matched,,385.0,12.0,,,,,,,,,,,,,,,,,,,,,,,,,,,,,,,,32.386,-10.249,25.248,0.1823,,,,,,,,,,,,,,2.0,const,1.0,149666.0,,,,,,,,
covonly_seed,Canada,matched,,385.0,12.0,,,,,,,,,,,,,,,,,,,,,,,,,,,,,,,,32.263,-4.638,26.148,0.1885,,,,,,,,,,,,,,2.0,tddlin,1.0,149666.0,,,,,,,,
covonly_seed,Canada,matched,,385.0,12.0,,,,,,,,,,,,,,,,,,,,,,,,,,,,,,,,35.143,-10.944,27.467,0.0371,,,,,,,,,,,,,,2.0,none,1.0,13606.0,,,,,,,,
covonly_seed,Canada,matched,,385.0,12.0,,,,,,,,,,,,,,,,,,,,,,,,,,,,,,,,30.512,1.203,25.555,0.2742,,,,,,,,,,,,,,2.0,stefan,2.0,149666.0,,,,,,,,
covonly_seed,Canada,matched,,385.0,12.0,,,,,,,,,,,,,,,,,,,,,,,,,,,,,,,,34.499,-12.479,26.54,0.0721,,,,,,,,,,,,,,2.0,const,2.0,149666.0,,,,,,,,
covonly_seed,Canada,matched,,385.0,12.0,,,,,,,,,,,,,,,,,,,,,,,,,,,,,,,,32.258,-4.292,26.221,0.1888,,,,,,,,,,,,,,2.0,tddlin,2.0,149666.0,,,,,,,,
covonly_seed,Canada,matched,,385.0,12.0,,,,,,,,,,,,,,,,,,,,,,,,,,,,,,,,36.262,-13.486,27.96,-0.0252,,,,,,,,,,,,,,2.0,none,2.0,13606.0,,,,,,,,
covonly_seed,Russia_W,matched,,12.0,8.0,,,,,,,,,,,,,,,,,,,,,,,,,,,,,,,,30.89,-19.858,24.881,-0.6435,,,,,,,,,,,,,,0.0,stefan,0.0,149666.0,,,,,,,,
covonly_seed,Russia_W,matched,,12.0,8.0,,,,,,,,,,,,,,,,,,,,,,,,,,,,,,,,36.84,-27.689,31.083,-1.3377,,,,,,,,,,,,,,0.0,const,0.0,149666.0,,,,,,,,
covonly_seed,Russia_W,matched,,12.0,8.0,,,,,,,,,,,,,,,,,,,,,,,,,,,,,,,,32.51,-21.999,26.315,-0.8204,,,,,,,,,,,,,,0.0,tddlin,0.0,149666.0,,,,,,,,
covonly_seed,Russia_W,matched,,12.0,8.0,,,,,,,,,,,,,,,,,,,,,,,,,,,,,,,,34.806,-25.333,28.686,-1.0866,,,,,,,,,,,,,,0.0,none,0.0,13606.0,,,,,,,,
covonly_seed,Russia_W,matched,,12.0,8.0,,,,,,,,,,,,,,,,,,,,,,,,,,,,,,,,30.307,-19.138,24.548,-0.582,,,,,,,,,,,,,,0.0,stefan,1.0,149666.0,,,,,,,,
covonly_seed,Russia_W,matched,,12.0,8.0,,,,,,,,,,,,,,,,,,,,,,,,,,,,,,,,36.636,-27.569,31.015,-1.3119,,,,,,,,,,,,,,0.0,const,1.0,149666.0,,,,,,,,
covonly_seed,Russia_W,matched,,12.0,8.0,,,,,,,,,,,,,,,,,,,,,,,,,,,,,,,,32.178,-21.535,26.422,-0.7834,,,,,,,,,,,,,,0.0,tddlin,1.0,149666.0,,,,,,,,
covonly_seed,Russia_W,matched,,12.0,8.0,,,,,,,,,,,,,,,,,,,,,,,,,,,,,,,,34.396,-25.335,28.396,-1.0377,,,,,,,,,,,,,,0.0,none,1.0,13606.0,,,,,,,,
covonly_seed,Russia_W,matched,,12.0,8.0,,,,,,,,,,,,,,,,,,,,,,,,,,,,,,,,30.552,-19.268,24.731,-0.6078,,,,,,,,,,,,,,0.0,stefan,2.0,149666.0,,,,,,,,
covonly_seed,Russia_W,matched,,12.0,8.0,,,,,,,,,,,,,,,,,,,,,,,,,,,,,,,,36.971,-27.809,31.255,-1.3543,,,,,,,,,,,,,,0.0,const,2.0,149666.0,,,,,,,,
covonly_seed,Russia_W,matched,,12.0,8.0,,,,,,,,,,,,,,,,,,,,,,,,,,,,,,,,32.077,-21.644,26.097,-0.7723,,,,,,,,,,,,,,0.0,tddlin,2.0,149666.0,,,,,,,,
covonly_seed,Russia_W,matched,,12.0,8.0,,,,,,,,,,,,,,,,,,,,,,,,,,,,,,,,36.51,-28.044,30.84,-1.2959,,,,,,,,,,,,,,0.0,none,2.0,13606.0,,,,,,,,
covonly_seed,Russia_W,matched,,12.0,7.0,,,,,,,,,,,,,,,,,,,,,,,,,,,,,,,,42.441,-30.68,33.009,-1.0268,,,,,,,,,,,,,,1.0,stefan,0.0,149666.0,,,,,,,,
covonly_seed,Russia_W,matched,,12.0,7.0,,,,,,,,,,,,,,,,,,,,,,,,,,,,,,,,49.403,-39.537,39.606,-1.7463,,,,,,,,,,,,,,1.0,const,0.0,149666.0,,,,,,,,
covonly_seed,Russia_W,matched,,12.0,7.0,,,,,,,,,,,,,,,,,,,,,,,,,,,,,,,,44.681,-33.758,35.211,-1.2463,,,,,,,,,,,,,,1.0,tddlin,0.0,149666.0,,,,,,,,
covonly_seed,Russia_W,matched,,12.0,7.0,,,,,,,,,,,,,,,,,,,,,,,,,,,,,,,,46.034,-36.835,36.835,-1.3845,,,,,,,,,,,,,,1.0,none,0.0,13606.0,,,,,,,,
covonly_seed,Russia_W,matched,,12.0,7.0,,,,,,,,,,,,,,,,,,,,,,,,,,,,,,,,43.387,-31.586,33.987,-1.1181,,,,,,,,,,,,,,1.0,stefan,1.0,149666.0,,,,,,,,
covonly_seed,Russia_W,matched,,12.0,7.0,,,,,,,,,,,,,,,,,,,,,,,,,,,,,,,,49.551,-39.478,39.802,-1.7628,,,,,,,,,,,,,,1.0,const,1.0,149666.0,,,,,,,,
covonly_seed,Russia_W,matched,,12.0,7.0,,,,,,,,,,,,,,,,,,,,,,,,,,,,,,,,44.785,-33.604,35.306,-1.2568,,,,,,,,,,,,,,1.0,tddlin,1.0,149666.0,,,,,,,,
covonly_seed,Russia_W,matched,,12.0,7.0,,,,,,,,,,,,,,,,,,,,,,,,,,,,,,,,45.412,-36.457,36.457,-1.3205,,,,,,,,,,,,,,1.0,none,1.0,13606.0,,,,,,,,
covonly_seed,Russia_W,matched,,12.0,7.0,,,,,,,,,,,,,,,,,,,,,,,,,,,,,,,,43.005,-31.32,33.23,-1.081,,,,,,,,,,,,,,1.0,stefan,2.0,149666.0,,,,,,,,
covonly_seed,Russia_W,matched,,12.0,7.0,,,,,,,,,,,,,,,,,,,,,,,,,,,,,,,,49.717,-39.732,40.055,-1.7813,,,,,,,,,,,,,,1.0,const,2.0,149666.0,,,,,,,,
covonly_seed,Russia_W,matched,,12.0,7.0,,,,,,,,,,,,,,,,,,,,,,,,,,,,,,,,44.947,-33.988,35.379,-1.2732,,,,,,,,,,,,,,1.0,tddlin,2.0,149666.0,,,,,,,,
covonly_seed,Russia_W,matched,,12.0,7.0,,,,,,,,,,,,,,,,,,,,,,,,,,,,,,,,48.471,-39.518,39.518,-1.6436,,,,,,,,,,,,,,1.0,none,2.0,13606.0,,,,,,,,
covonly_seed,Russia_W,matched,,17.0,12.0,,,,,,,,,,,,,,,,,,,,,,,,,,,,,,,,41.445,-33.006,36.306,-1.4962,,,,,,,,,,,,,,2.0,stefan,0.0,149666.0,,,,,,,,
covonly_seed,Russia_W,matched,,17.0,12.0,,,,,,,,,,,,,,,,,,,,,,,,,,,,,,,,44.457,-35.864,38.707,-1.8723,,,,,,,,,,,,,,2.0,const,0.0,149666.0,,,,,,,,
covonly_seed,Russia_W,matched,,17.0,12.0,,,,,,,,,,,,,,,,,,,,,,,,,,,,,,,,40.969,-31.923,36.153,-1.4392,,,,,,,,,,,,,,2.0,tddlin,0.0,149666.0,,,,,,,,
covonly_seed,Russia_W,matched,,17.0,12.0,,,,,,,,,,,,,,,,,,,,,,,,,,,,,,,,45.289,-36.81,39.301,-1.9808,,,,,,,,,,,,,,2.0,none,0.0,13606.0,,,,,,,,
covonly_seed,Russia_W,matched,,17.0,12.0,,,,,,,,,,,,,,,,,,,,,,,,,,,,,,,,41.717,-33.226,36.654,-1.5292,,,,,,,,,,,,,,2.0,stefan,1.0,149666.0,,,,,,,,
covonly_seed,Russia_W,matched,,17.0,12.0,,,,,,,,,,,,,,,,,,,,,,,,,,,,,,,,44.44,-35.877,38.688,-1.87,,,,,,,,,,,,,,2.0,const,1.0,149666.0,,,,,,,,
covonly_seed,Russia_W,matched,,17.0,12.0,,,,,,,,,,,,,,,,,,,,,,,,,,,,,,,,40.888,-31.945,36.058,-1.4295,,,,,,,,,,,,,,2.0,tddlin,1.0,149666.0,,,,,,,,
covonly_seed,Russia_W,matched,,17.0,12.0,,,,,,,,,,,,,,,,,,,,,,,,,,,,,,,,45.122,-36.769,39.048,-1.9588,,,,,,,,,,,,,,2.0,none,1.0,13606.0,,,,,,,,
covonly_seed,Russia_W,matched,,17.0,12.0,,,,,,,,,,,,,,,,,,,,,,,,,,,,,,,,41.458,-32.862,36.324,-1.4978,,,,,,,,,,,,,,2.0,stefan,2.0,149666.0,,,,,,,,
covonly_seed,Russia_W,matched,,17.0,12.0,,,,,,,,,,,,,,,,,,,,,,,,,,,,,,,,44.331,-35.733,38.589,-1.8559,,,,,,,,,,,,,,2.0,const,2.0,149666.0,,,,,,,,
covonly_seed,Russia_W,matched,,17.0,12.0,,,,,,,,,,,,,,,,,,,,,,,,,,,,,,,,41.469,-32.589,36.54,-1.4991,,,,,,,,,,,,,,2.0,tddlin,2.0,149666.0,,,,,,,,
covonly_seed,Russia_W,matched,,17.0,12.0,,,,,,,,,,,,,,,,,,,,,,,,,,,,,,,,47.521,-39.251,41.287,-2.2818,,,,,,,,,,,,,,2.0,none,2.0,13606.0,,,,,,,,
covonly_seed,Russia_E,matched,,12.0,9.0,,,,,,,,,,,,,,,,,,,,,,,,,,,,,,,,16.041,-3.545,11.112,0.2674,,,,,,,,,,,,,,0.0,stefan,0.0,149666.0,,,,,,,,
covonly_seed,Russia_E,matched,,12.0,9.0,,,,,,,,,,,,,,,,,,,,,,,,,,,,,,,,20.262,-7.721,14.2,-0.1689,,,,,,,,,,,,,,0.0,const,0.0,149666.0,,,,,,,,
covonly_seed,Russia_E,matched,,12.0,9.0,,,,,,,,,,,,,,,,,,,,,,,,,,,,,,,,17.423,-4.869,11.375,0.1357,,,,,,,,,,,,,,0.0,tddlin,0.0,149666.0,,,,,,,,
covonly_seed,Russia_E,matched,,12.0,9.0,,,,,,,,,,,,,,,,,,,,,,,,,,,,,,,,19.832,-3.782,14.641,-0.1198,,,,,,,,,,,,,,0.0,none,0.0,13606.0,,,,,,,,
covonly_seed,Russia_E,matched,,12.0,9.0,,,,,,,,,,,,,,,,,,,,,,,,,,,,,,,,16.192,-3.798,11.261,0.2535,,,,,,,,,,,,,,0.0,stefan,1.0,149666.0,,,,,,,,
covonly_seed,Russia_E,matched,,12.0,9.0,,,,,,,,,,,,,,,,,,,,,,,,,,,,,,,,19.947,-7.983,13.956,-0.1328,,,,,,,,,,,,,,0.0,const,1.0,149666.0,,,,,,,,
covonly_seed,Russia_E,matched,,12.0,9.0,,,,,,,,,,,,,,,,,,,,,,,,,,,,,,,,17.217,-5.06,11.168,0.1561,,,,,,,,,,,,,,0.0,tddlin,1.0,149666.0,,,,,,,,
covonly_seed,Russia_E,matched,,12.0,9.0,,,,,,,,,,,,,,,,,,,,,,,,,,,,,,,,19.658,-5.084,14.573,-0.1002,,,,,,,,,,,,,,0.0,none,1.0,13606.0,,,,,,,,
covonly_seed,Russia_E,matched,,12.0,9.0,,,,,,,,,,,,,,,,,,,,,,,,,,,,,,,,16.069,-3.701,11.044,0.2649,,,,,,,,,,,,,,0.0,stefan,2.0,149666.0,,,,,,,,
covonly_seed,Russia_E,matched,,12.0,9.0,,,,,,,,,,,,,,,,,,,,,,,,,,,,,,,,20.241,-7.582,14.046,-0.1665,,,,,,,,,,,,,,0.0,const,2.0,149666.0,,,,,,,,
covonly_seed,Russia_E,matched,,12.0,9.0,,,,,,,,,,,,,,,,,,,,,,,,,,,,,,,,17.714,-5.323,11.73,0.1066,,,,,,,,,,,,,,0.0,tddlin,2.0,149666.0,,,,,,,,
covonly_seed,Russia_E,matched,,12.0,9.0,,,,,,,,,,,,,,,,,,,,,,,,,,,,,,,,20.719,-6.143,15.092,-0.2222,,,,,,,,,,,,,,0.0,none,2.0,13606.0,,,,,,,,
covonly_seed,Russia_E,matched,,14.0,10.0,,,,,,,,,,,,,,,,,,,,,,,,,,,,,,,,37.412,-14.075,24.727,-0.0605,,,,,,,,,,,,,,1.0,stefan,0.0,149666.0,,,,,,,,
covonly_seed,Russia_E,matched,,14.0,10.0,,,,,,,,,,,,,,,,,,,,,,,,,,,,,,,,39.448,-16.882,26.515,-0.1792,,,,,,,,,,,,,,1.0,const,0.0,149666.0,,,,,,,,
covonly_seed,Russia_E,matched,,14.0,10.0,,,,,,,,,,,,,,,,,,,,,,,,,,,,,,,,37.972,-14.325,25.867,-0.0926,,,,,,,,,,,,,,1.0,tddlin,0.0,149666.0,,,,,,,,
covonly_seed,Russia_E,matched,,14.0,10.0,,,,,,,,,,,,,,,,,,,,,,,,,,,,,,,,38.978,-12.751,28.03,-0.1512,,,,,,,,,,,,,,1.0,none,0.0,13606.0,,,,,,,,
covonly_seed,Russia_E,matched,,14.0,10.0,,,,,,,,,,,,,,,,,,,,,,,,,,,,,,,,37.94,-14.928,24.782,-0.0907,,,,,,,,,,,,,,1.0,stefan,1.0,149666.0,,,,,,,,
covonly_seed,Russia_E,matched,,14.0,10.0,,,,,,,,,,,,,,,,,,,,,,,,,,,,,,,,39.487,-17.096,26.313,-0.1815,,,,,,,,,,,,,,1.0,const,1.0,149666.0,,,,,,,,
covonly_seed,Russia_E,matched,,14.0,10.0,,,,,,,,,,,,,,,,,,,,,,,,,,,,,,,,39.138,-15.568,25.922,-0.1607,,,,,,,,,,,,,,1.0,tddlin,1.0,149666.0,,,,,,,,
covonly_seed,Russia_E,matched,,14.0,10.0,,,,,,,,,,,,,,,,,,,,,,,,,,,,,,,,38.573,-12.933,27.775,-0.1274,,,,,,,,,,,,,,1.0,none,1.0,13606.0,,,,,,,,
covonly_seed,Russia_E,matched,,14.0,10.0,,,,,,,,,,,,,,,,,,,,,,,,,,,,,,,,37.528,-14.443,24.572,-0.0671,,,,,,,,,,,,,,1.0,stefan,2.0,149666.0,,,,,,,,
covonly_seed,Russia_E,matched,,14.0,10.0,,,,,,,,,,,,,,,,,,,,,,,,,,,,,,,,39.455,-17.278,26.282,-0.1795,,,,,,,,,,,,,,1.0,const,2.0,149666.0,,,,,,,,
covonly_seed,Russia_E,matched,,14.0,10.0,,,,,,,,,,,,,,,,,,,,,,,,,,,,,,,,38.187,-14.503,25.378,-0.1049,,,,,,,,,,,,,,1.0,tddlin,2.0,149666.0,,,,,,,,
covonly_seed,Russia_E,matched,,14.0,10.0,,,,,,,,,,,,,,,,,,,,,,,,,,,,,,,,38.962,-14.516,27.267,-0.1503,,,,,,,,,,,,,,1.0,none,2.0,13606.0,,,,,,,,
covonly_seed,Russia_E,matched,,11.0,8.0,,,,,,,,,,,,,,,,,,,,,,,,,,,,,,,,41.494,-24.384,26.687,-0.3303,,,,,,,,,,,,,,2.0,stefan,0.0,149666.0,,,,,,,,
covonly_seed,Russia_E,matched,,11.0,8.0,,,,,,,,,,,,,,,,,,,,,,,,,,,,,,,,44.171,-27.49,29.638,-0.5075,,,,,,,,,,,,,,2.0,const,0.0,149666.0,,,,,,,,
covonly_seed,Russia_E,matched,,11.0,8.0,,,,,,,,,,,,,,,,,,,,,,,,,,,,,,,,42.698,-25.154,28.126,-0.4086,,,,,,,,,,,,,,2.0,tddlin,0.0,149666.0,,,,,,,,
covonly_seed,Russia_E,matched,,11.0,8.0,,,,,,,,,,,,,,,,,,,,,,,,,,,,,,,,42.81,-24.268,29.162,-0.416,,,,,,,,,,,,,,2.0,none,0.0,13606.0,,,,,,,,
covonly_seed,Russia_E,matched,,11.0,8.0,,,,,,,,,,,,,,,,,,,,,,,,,,,,,,,,40.812,-23.546,26.035,-0.2869,,,,,,,,,,,,,,2.0,stefan,1.0,149666.0,,,,,,,,
covonly_seed,Russia_E,matched,,11.0,8.0,,,,,,,,,,,,,,,,,,,,,,,,,,,,,,,,44.456,-27.365,29.792,-0.527,,,,,,,,,,,,,,2.0,const,1.0,149666.0,,,,,,,,
covonly_seed,Russia_E,matched,,11.0,8.0,,,,,,,,,,,,,,,,,,,,,,,,,,,,,,,,43.136,-25.748,28.469,-0.4377,,,,,,,,,,,,,,2.0,tddlin,1.0,149666.0,,,,,,,,
covonly_seed,Russia_E,matched,,11.0,8.0,,,,,,,,,,,,,,,,,,,,,,,,,,,,,,,,42.329,-24.571,28.701,-0.3844,,,,,,,,,,,,,,2.0,none,1.0,13606.0,,,,,,,,
covonly_seed,Russia_E,matched,,11.0,8.0,,,,,,,,,,,,,,,,,,,,,,,,,,,,,,,,41.359,-23.886,26.402,-0.3217,,,,,,,,,,,,,,2.0,stefan,2.0,149666.0,,,,,,,,
covonly_seed,Russia_E,matched,,11.0,8.0,,,,,,,,,,,,,,,,,,,,,,,,,,,,,,,,44.633,-27.764,30.098,-0.5392,,,,,,,,,,,,,,2.0,const,2.0,149666.0,,,,,,,,
covonly_seed,Russia_E,matched,,11.0,8.0,,,,,,,,,,,,,,,,,,,,,,,,,,,,,,,,42.543,-25.337,27.973,-0.3984,,,,,,,,,,,,,,2.0,tddlin,2.0,149666.0,,,,,,,,
covonly_seed,Russia_E,matched,,11.0,8.0,,,,,,,,,,,,,,,,,,,,,,,,,,,,,,,,43.085,-25.518,29.189,-0.4343,,,,,,,,,,,,,,2.0,none,2.0,13606.0,,,,,,,,
covonly_seed,Lena,full,,1496.0,11.0,,,,,,,,,,,,,,,,,,,,,,,,,,,,,,,,17.537,10.158,14.796,-0.4906,,,,,,,,,,,,,,0.0,stefan,0.0,149666.0,,,,,,,,
covonly_seed,Lena,full,,1496.0,11.0,,,,,,,,,,,,,,,,,,,,,,,,,,,,,,,,18.183,11.13,15.471,-0.6025,,,,,,,,,,,,,,0.0,const,0.0,149666.0,,,,,,,,
covonly_seed,Lena,full,,1496.0,11.0,,,,,,,,,,,,,,,,,,,,,,,,,,,,,,,,17.157,9.514,14.346,-0.4267,,,,,,,,,,,,,,0.0,tddlin,0.0,149666.0,,,,,,,,
covonly_seed,Lena,full,,1496.0,11.0,,,,,,,,,,,,,,,,,,,,,,,,,,,,,,,,19.637,13.333,17.055,-0.869,,,,,,,,,,,,,,0.0,none,0.0,13606.0,,,,,,,,
covonly_seed,Lena,full,,1496.0,11.0,,,,,,,,,,,,,,,,,,,,,,,,,,,,,,,,17.511,10.134,14.763,-0.4861,,,,,,,,,,,,,,0.0,stefan,1.0,149666.0,,,,,,,,
covonly_seed,Lena,full,,1496.0,11.0,,,,,,,,,,,,,,,,,,,,,,,,,,,,,,,,18.194,11.149,15.486,-0.6044,,,,,,,,,,,,,,0.0,const,1.0,149666.0,,,,,,,,
covonly_seed,Lena,full,,1496.0,11.0,,,,,,,,,,,,,,,,,,,,,,,,,,,,,,,,17.198,9.556,14.396,-0.4336,,,,,,,,,,,,,,0.0,tddlin,1.0,149666.0,,,,,,,,
covonly_seed,Lena,full,,1496.0,11.0,,,,,,,,,,,,,,,,,,,,,,,,,,,,,,,,19.118,12.633,16.483,-0.7714,,,,,,,,,,,,,,0.0,none,1.0,13606.0,,,,,,,,
covonly_seed,Lena,full,,1496.0,11.0,,,,,,,,,,,,,,,,,,,,,,,,,,,,,,,,17.56,10.221,14.829,-0.4945,,,,,,,,,,,,,,0.0,stefan,2.0,149666.0,,,,,,,,
covonly_seed,Lena,full,,1496.0,11.0,,,,,,,,,,,,,,,,,,,,,,,,,,,,,,,,18.18,11.143,15.477,-0.6019,,,,,,,,,,,,,,0.0,const,2.0,149666.0,,,,,,,,
covonly_seed,Lena,full,,1496.0,11.0,,,,,,,,,,,,,,,,,,,,,,,,,,,,,,,,17.302,9.725,14.505,-0.451,,,,,,,,,,,,,,0.0,tddlin,2.0,149666.0,,,,,,,,
covonly_seed,Lena,full,,1496.0,11.0,,,,,,,,,,,,,,,,,,,,,,,,,,,,,,,,21.406,15.752,19.005,-1.2208,,,,,,,,,,,,,,0.0,none,2.0,13606.0,,,,,,,,
covonly_seed,Lena,full,,1478.0,11.0,,,,,,,,,,,,,,,,,,,,,,,,,,,,,,,,17.158,10.594,14.426,-0.6131,,,,,,,,,,,,,,1.0,stefan,0.0,149666.0,,,,,,,,
covonly_seed,Lena,full,,1478.0,11.0,,,,,,,,,,,,,,,,,,,,,,,,,,,,,,,,18.116,12.073,15.489,-0.7984,,,,,,,,,,,,,,1.0,const,0.0,149666.0,,,,,,,,
covonly_seed,Lena,full,,1478.0,11.0,,,,,,,,,,,,,,,,,,,,,,,,,,,,,,,,16.883,10.119,14.096,-0.5617,,,,,,,,,,,,,,1.0,tddlin,0.0,149666.0,,,,,,,,
covonly_seed,Lena,full,,1478.0,11.0,,,,,,,,,,,,,,,,,,,,,,,,,,,,,,,,19.867,14.602,17.358,-1.1628,,,,,,,,,,,,,,1.0,none,0.0,13606.0,,,,,,,,
covonly_seed,Lena,full,,1478.0,11.0,,,,,,,,,,,,,,,,,,,,,,,,,,,,,,,,17.097,10.449,14.354,-0.6016,,,,,,,,,,,,,,1.0,stefan,1.0,149666.0,,,,,,,,
covonly_seed,Lena,full,,1478.0,11.0,,,,,,,,,,,,,,,,,,,,,,,,,,,,,,,,18.098,12.042,15.472,-0.7947,,,,,,,,,,,,,,1.0,const,1.0,149666.0,,,,,,,,
covonly_seed,Lena,full,,1478.0,11.0,,,,,,,,,,,,,,,,,,,,,,,,,,,,,,,,16.889,10.178,14.127,-0.563,,,,,,,,,,,,,,1.0,tddlin,1.0,149666.0,,,,,,,,
covonly_seed,Lena,full,,1478.0,11.0,,,,,,,,,,,,,,,,,,,,,,,,,,,,,,,,19.411,14.015,16.816,-1.0645,,,,,,,,,,,,,,1.0,none,1.0,13606.0,,,,,,,,
covonly_seed,Lena,full,,1478.0,11.0,,,,,,,,,,,,,,,,,,,,,,,,,,,,,,,,17.173,10.647,14.472,-0.616,,,,,,,,,,,,,,1.0,stefan,2.0,149666.0,,,,,,,,
covonly_seed,Lena,full,,1478.0,11.0,,,,,,,,,,,,,,,,,,,,,,,,,,,,,,,,18.1,12.038,15.469,-0.795,,,,,,,,,,,,,,1.0,const,2.0,149666.0,,,,,,,,
covonly_seed,Lena,full,,1478.0,11.0,,,,,,,,,,,,,,,,,,,,,,,,,,,,,,,,16.784,10.054,14.029,-0.5436,,,,,,,,,,,,,,1.0,tddlin,2.0,149666.0,,,,,,,,
covonly_seed,Lena,full,,1478.0,11.0,,,,,,,,,,,,,,,,,,,,,,,,,,,,,,,,21.626,16.934,19.332,-1.5627,,,,,,,,,,,,,,1.0,none,2.0,13606.0,,,,,,,,
covonly_seed,Lena,full,,1687.0,5.0,,,,,,,,,,,,,,,,,,,,,,,,,,,,,,,,20.974,11.027,17.21,-0.3624,,,,,,,,,,,,,,2.0,stefan,0.0,149666.0,,,,,,,,
covonly_seed,Lena,full,,1687.0,5.0,,,,,,,,,,,,,,,,,,,,,,,,,,,,,,,,21.268,11.362,17.525,-0.4008,,,,,,,,,,,,,,2.0,const,0.0,149666.0,,,,,,,,
covonly_seed,Lena,full,,1687.0,5.0,,,,,,,,,,,,,,,,,,,,,,,,,,,,,,,,20.597,10.249,16.744,-0.3138,,,,,,,,,,,,,,2.0,tddlin,0.0,149666.0,,,,,,,,
covonly_seed,Lena,full,,1687.0,5.0,,,,,,,,,,,,,,,,,,,,,,,,,,,,,,,,23.072,14.145,19.549,-0.6485,,,,,,,,,,,,,,2.0,none,0.0,13606.0,,,,,,,,
covonly_seed,Lena,full,,1687.0,5.0,,,,,,,,,,,,,,,,,,,,,,,,,,,,,,,,20.994,11.053,17.23,-0.3649,,,,,,,,,,,,,,2.0,stefan,1.0,149666.0,,,,,,,,
covonly_seed,Lena,full,,1687.0,5.0,,,,,,,,,,,,,,,,,,,,,,,,,,,,,,,,21.264,11.361,17.522,-0.4003,,,,,,,,,,,,,,2.0,const,1.0,149666.0,,,,,,,,
covonly_seed,Lena,full,,1687.0,5.0,,,,,,,,,,,,,,,,,,,,,,,,,,,,,,,,20.613,10.287,16.764,-0.3159,,,,,,,,,,,,,,2.0,tddlin,1.0,149666.0,,,,,,,,
covonly_seed,Lena,full,,1687.0,5.0,,,,,,,,,,,,,,,,,,,,,,,,,,,,,,,,23.038,14.187,19.522,-0.6437,,,,,,,,,,,,,,2.0,none,1.0,13606.0,,,,,,,,
covonly_seed,Lena,full,,1687.0,5.0,,,,,,,,,,,,,,,,,,,,,,,,,,,,,,,,21.017,11.109,17.258,-0.368,,,,,,,,,,,,,,2.0,stefan,2.0,149666.0,,,,,,,,
covonly_seed,Lena,full,,1687.0,5.0,,,,,,,,,,,,,,,,,,,,,,,,,,,,,,,,21.276,11.374,17.533,-0.4019,,,,,,,,,,,,,,2.0,const,2.0,149666.0,,,,,,,,
covonly_seed,Lena,full,,1687.0,5.0,,,,,,,,,,,,,,,,,,,,,,,,,,,,,,,,20.603,10.276,16.751,-0.3146,,,,,,,,,,,,,,2.0,tddlin,2.0,149666.0,,,,,,,,
covonly_seed,Lena,full,,1687.0,5.0,,,,,,,,,,,,,,,,,,,,,,,,,,,,,,,,24.108,15.769,20.747,-0.7999,,,,,,,,,,,,,,2.0,none,2.0,13606.0,,,,,,,,
covonly_seed,Canada,full,,374.0,19.0,,,,,,,,,,,,,,,,,,,,,,,,,,,,,,,,28.725,-4.509,22.445,0.202,,,,,,,,,,,,,,0.0,stefan,0.0,149666.0,,,,,,,,
covonly_seed,Canada,full,,374.0,19.0,,,,,,,,,,,,,,,,,,,,,,,,,,,,,,,,40.264,-24.272,29.253,-0.5678,,,,,,,,,,,,,,0.0,const,0.0,149666.0,,,,,,,,
covonly_seed,Canada,full,,374.0,19.0,,,,,,,,,,,,,,,,,,,,,,,,,,,,,,,,28.866,-5.095,22.38,0.1942,,,,,,,,,,,,,,0.0,tddlin,0.0,149666.0,,,,,,,,
covonly_seed,Canada,full,,374.0,19.0,,,,,,,,,,,,,,,,,,,,,,,,,,,,,,,,35.505,-17.995,25.659,-0.2191,,,,,,,,,,,,,,0.0,none,0.0,13606.0,,,,,,,,
covonly_seed,Canada,full,,374.0,19.0,,,,,,,,,,,,,,,,,,,,,,,,,,,,,,,,28.571,-5.382,22.073,0.2106,,,,,,,,,,,,,,0.0,stefan,1.0,149666.0,,,,,,,,
covonly_seed,Canada,full,,374.0,19.0,,,,,,,,,,,,,,,,,,,,,,,,,,,,,,,,40.29,-24.306,29.275,-0.5698,,,,,,,,,,,,,,0.0,const,1.0,149666.0,,,,,,,,
covonly_seed,Canada,full,,374.0,19.0,,,,,,,,,,,,,,,,,,,,,,,,,,,,,,,,29.655,-6.277,22.881,0.1495,,,,,,,,,,,,,,0.0,tddlin,1.0,149666.0,,,,,,,,
covonly_seed,Canada,full,,374.0,19.0,,,,,,,,,,,,,,,,,,,,,,,,,,,,,,,,35.621,-18.685,25.729,-0.2271,,,,,,,,,,,,,,0.0,none,1.0,13606.0,,,,,,,,
covonly_seed,Canada,full,,374.0,19.0,,,,,,,,,,,,,,,,,,,,,,,,,,,,,,,,28.669,-4.958,22.272,0.2051,,,,,,,,,,,,,,0.0,stefan,2.0,149666.0,,,,,,,,
covonly_seed,Canada,full,,374.0,19.0,,,,,,,,,,,,,,,,,,,,,,,,,,,,,,,,40.282,-24.297,29.275,-0.5692,,,,,,,,,,,,,,0.0,const,2.0,149666.0,,,,,,,,
covonly_seed,Canada,full,,374.0,19.0,,,,,,,,,,,,,,,,,,,,,,,,,,,,,,,,28.71,-5.082,22.252,0.2029,,,,,,,,,,,,,,0.0,tddlin,2.0,149666.0,,,,,,,,
covonly_seed,Canada,full,,374.0,19.0,,,,,,,,,,,,,,,,,,,,,,,,,,,,,,,,35.143,-18.82,25.376,-0.1944,,,,,,,,,,,,,,0.0,none,2.0,13606.0,,,,,,,,
covonly_seed,Canada,full,,393.0,20.0,,,,,,,,,,,,,,,,,,,,,,,,,,,,,,,,27.49,-5.312,20.862,0.2668,,,,,,,,,,,,,,1.0,stefan,0.0,149666.0,,,,,,,,
covonly_seed,Canada,full,,393.0,20.0,,,,,,,,,,,,,,,,,,,,,,,,,,,,,,,,38.157,-21.09,26.849,-0.4127,,,,,,,,,,,,,,1.0,const,0.0,149666.0,,,,,,,,
covonly_seed,Canada,full,,393.0,20.0,,,,,,,,,,,,,,,,,,,,,,,,,,,,,,,,27.856,-4.805,21.358,0.2471,,,,,,,,,,,,,,1.0,tddlin,0.0,149666.0,,,,,,,,
covonly_seed,Canada,full,,393.0,20.0,,,,,,,,,,,,,,,,,,,,,,,,,,,,,,,,33.816,-14.749,24.194,-0.1095,,,,,,,,,,,,,,1.0,none,0.0,13606.0,,,,,,,,
covonly_seed,Canada,full,,393.0,20.0,,,,,,,,,,,,,,,,,,,,,,,,,,,,,,,,27.767,-5.535,20.996,0.2519,,,,,,,,,,,,,,1.0,stefan,1.0,149666.0,,,,,,,,
covonly_seed,Canada,full,,393.0,20.0,,,,,,,,,,,,,,,,,,,,,,,,,,,,,,,,38.181,-20.881,26.971,-0.4145,,,,,,,,,,,,,,1.0,const,1.0,149666.0,,,,,,,,
covonly_seed,Canada,full,,393.0,20.0,,,,,,,,,,,,,,,,,,,,,,,,,,,,,,,,27.385,-4.933,20.878,0.2724,,,,,,,,,,,,,,1.0,tddlin,1.0,149666.0,,,,,,,,
covonly_seed,Canada,full,,393.0,20.0,,,,,,,,,,,,,,,,,,,,,,,,,,,,,,,,33.825,-15.497,24.118,-0.1101,,,,,,,,,,,,,,1.0,none,1.0,13606.0,,,,,,,,
covonly_seed,Canada,full,,393.0,20.0,,,,,,,,,,,,,,,,,,,,,,,,,,,,,,,,27.661,-5.267,21.007,0.2576,,,,,,,,,,,,,,1.0,stefan,2.0,149666.0,,,,,,,,
covonly_seed,Canada,full,,393.0,20.0,,,,,,,,,,,,,,,,,,,,,,,,,,,,,,,,38.197,-20.792,27.005,-0.4156,,,,,,,,,,,,,,1.0,const,2.0,149666.0,,,,,,,,
covonly_seed,Canada,full,,393.0,20.0,,,,,,,,,,,,,,,,,,,,,,,,,,,,,,,,27.436,-5.299,20.803,0.2697,,,,,,,,,,,,,,1.0,tddlin,2.0,149666.0,,,,,,,,
covonly_seed,Canada,full,,393.0,20.0,,,,,,,,,,,,,,,,,,,,,,,,,,,,,,,,33.364,-15.921,23.722,-0.0801,,,,,,,,,,,,,,1.0,none,2.0,13606.0,,,,,,,,
covonly_seed,Canada,full,,385.0,12.0,,,,,,,,,,,,,,,,,,,,,,,,,,,,,,,,30.53,-1.306,25.243,0.2733,,,,,,,,,,,,,,2.0,stefan,0.0,149666.0,,,,,,,,
covonly_seed,Canada,full,,385.0,12.0,,,,,,,,,,,,,,,,,,,,,,,,,,,,,,,,34.267,-12.277,26.416,0.0845,,,,,,,,,,,,,,2.0,const,0.0,149666.0,,,,,,,,
covonly_seed,Canada,full,,385.0,12.0,,,,,,,,,,,,,,,,,,,,,,,,,,,,,,,,30.395,-1.764,25.059,0.2797,,,,,,,,,,,,,,2.0,tddlin,0.0,149666.0,,,,,,,,
covonly_seed,Canada,full,,385.0,12.0,,,,,,,,,,,,,,,,,,,,,,,,,,,,,,,,36.12,-13.143,27.792,-0.0172,,,,,,,,,,,,,,2.0,none,0.0,13606.0,,,,,,,,
covonly_seed,Canada,full,,385.0,12.0,,,,,,,,,,,,,,,,,,,,,,,,,,,,,,,,31.007,-1.18,25.716,0.2504,,,,,,,,,,,,,,2.0,stefan,1.0,149666.0,,,,,,,,
covonly_seed,Canada,full,,385.0,12.0,,,,,,,,,,,,,,,,,,,,,,,,,,,,,,,,32.731,-10.477,25.511,0.1648,,,,,,,,,,,,,,2.0,const,1.0,149666.0,,,,,,,,
covonly_seed,Canada,full,,385.0,12.0,,,,,,,,,,,,,,,,,,,,,,,,,,,,,,,,30.305,-1.778,24.973,0.284,,,,,,,,,,,,,,2.0,tddlin,1.0,149666.0,,,,,,,,
covonly_seed,Canada,full,,385.0,12.0,,,,,,,,,,,,,,,,,,,,,,,,,,,,,,,,36.016,-14.058,27.483,-0.0113,,,,,,,,,,,,,,2.0,none,1.0,13606.0,,,,,,,,
covonly_seed,Canada,full,,385.0,12.0,,,,,,,,,,,,,,,,,,,,,,,,,,,,,,,,30.723,-0.78,25.518,0.2641,,,,,,,,,,,,,,2.0,stefan,2.0,149666.0,,,,,,,,
covonly_seed,Canada,full,,385.0,12.0,,,,,,,,,,,,,,,,,,,,,,,,,,,,,,,,34.287,-12.188,26.436,0.0835,,,,,,,,,,,,,,2.0,const,2.0,149666.0,,,,,,,,
covonly_seed,Canada,full,,385.0,12.0,,,,,,,,,,,,,,,,,,,,,,,,,,,,,,,,30.19,-1.831,24.863,0.2894,,,,,,,,,,,,,,2.0,tddlin,2.0,149666.0,,,,,,,,
covonly_seed,Canada,full,,385.0,12.0,,,,,,,,,,,,,,,,,,,,,,,,,,,,,,,,35.357,-14.09,26.796,0.0253,,,,,,,,,,,,,,2.0,none,2.0,13606.0,,,,,,,,
covonly_seed,Russia_W,full,,12.0,8.0,,,,,,,,,,,,,,,,,,,,,,,,,,,,,,,,31.916,-20.764,26.455,-0.7545,,,,,,,,,,,,,,0.0,stefan,0.0,149666.0,,,,,,,,
covonly_seed,Russia_W,full,,12.0,8.0,,,,,,,,,,,,,,,,,,,,,,,,,,,,,,,,36.808,-27.656,31.048,-1.3335,,,,,,,,,,,,,,0.0,const,0.0,149666.0,,,,,,,,
covonly_seed,Russia_W,full,,12.0,8.0,,,,,,,,,,,,,,,,,,,,,,,,,,,,,,,,33.001,-22.63,27.206,-0.8759,,,,,,,,,,,,,,0.0,tddlin,0.0,149666.0,,,,,,,,
covonly_seed,Russia_W,full,,12.0,8.0,,,,,,,,,,,,,,,,,,,,,,,,,,,,,,,,34.962,-25.758,28.902,-1.1054,,,,,,,,,,,,,,0.0,none,0.0,13606.0,,,,,,,,
covonly_seed,Russia_W,full,,12.0,8.0,,,,,,,,,,,,,,,,,,,,,,,,,,,,,,,,31.574,-20.443,25.922,-0.7171,,,,,,,,,,,,,,0.0,stefan,1.0,149666.0,,,,,,,,
covonly_seed,Russia_W,full,,12.0,8.0,,,,,,,,,,,,,,,,,,,,,,,,,,,,,,,,36.638,-27.572,31.015,-1.3121,,,,,,,,,,,,,,0.0,const,1.0,149666.0,,,,,,,,
covonly_seed,Russia_W,full,,12.0,8.0,,,,,,,,,,,,,,,,,,,,,,,,,,,,,,,,32.754,-22.036,26.913,-0.8479,,,,,,,,,,,,,,0.0,tddlin,1.0,149666.0,,,,,,,,
covonly_seed,Russia_W,full,,12.0,8.0,,,,,,,,,,,,,,,,,,,,,,,,,,,,,,,,37.075,-28.381,31.369,-1.3675,,,,,,,,,,,,,,0.0,none,1.0,13606.0,,,,,,,,
covonly_seed,Russia_W,full,,12.0,8.0,,,,,,,,,,,,,,,,,,,,,,,,,,,,,,,,31.113,-20.193,25.441,-0.6673,,,,,,,,,,,,,,0.0,stefan,2.0,149666.0,,,,,,,,
covonly_seed,Russia_W,full,,12.0,8.0,,,,,,,,,,,,,,,,,,,,,,,,,,,,,,,,36.626,-27.464,30.898,-1.3106,,,,,,,,,,,,,,0.0,const,2.0,149666.0,,,,,,,,
covonly_seed,Russia_W,full,,12.0,8.0,,,,,,,,,,,,,,,,,,,,,,,,,,,,,,,,32.774,-22.031,26.781,-0.8501,,,,,,,,,,,,,,0.0,tddlin,2.0,149666.0,,,,,,,,
covonly_seed,Russia_W,full,,12.0,8.0,,,,,,,,,,,,,,,,,,,,,,,,,,,,,,,,35.709,-27.013,29.929,-1.1964,,,,,,,,,,,,,,0.0,none,2.0,13606.0,,,,,,,,
covonly_seed,Russia_W,full,,12.0,7.0,,,,,,,,,,,,,,,,,,,,,,,,,,,,,,,,44.123,-32.811,34.855,-1.1906,,,,,,,,,,,,,,1.0,stefan,0.0,149666.0,,,,,,,,
covonly_seed,Russia_W,full,,12.0,7.0,,,,,,,,,,,,,,,,,,,,,,,,,,,,,,,,49.5,-39.645,39.81,-1.757,,,,,,,,,,,,,,1.0,const,0.0,149666.0,,,,,,,,
covonly_seed,Russia_W,full,,12.0,7.0,,,,,,,,,,,,,,,,,,,,,,,,,,,,,,,,44.783,-33.699,35.375,-1.2566,,,,,,,,,,,,,,1.0,tddlin,0.0,149666.0,,,,,,,,
covonly_seed,Russia_W,full,,12.0,7.0,,,,,,,,,,,,,,,,,,,,,,,,,,,,,,,,47.286,-37.615,37.66,-1.516,,,,,,,,,,,,,,1.0,none,0.0,13606.0,,,,,,,,
covonly_seed,Russia_W,full,,12.0,7.0,,,,,,,,,,,,,,,,,,,,,,,,,,,,,,,,43.988,-32.676,34.69,-1.1772,,,,,,,,,,,,,,1.0,stefan,1.0,149666.0,,,,,,,,
covonly_seed,Russia_W,full,,12.0,7.0,,,,,,,,,,,,,,,,,,,,,,,,,,,,,,,,49.598,-39.673,39.994,-1.7679,,,,,,,,,,,,,,1.0,const,1.0,149666.0,,,,,,,,
covonly_seed,Russia_W,full,,12.0,7.0,,,,,,,,,,,,,,,,,,,,,,,,,,,,,,,,45.107,-34.222,35.784,-1.2894,,,,,,,,,,,,,,1.0,tddlin,1.0,149666.0,,,,,,,,
covonly_seed,Russia_W,full,,12.0,7.0,,,,,,,,,,,,,,,,,,,,,,,,,,,,,,,,49.009,-40.04,40.04,-1.7026,,,,,,,,,,,,,,1.0,none,1.0,13606.0,,,,,,,,
covonly_seed,Russia_W,full,,12.0,7.0,,,,,,,,,,,,,,,,,,,,,,,,,,,,,,,,44.275,-32.833,34.816,-1.2058,,,,,,,,,,,,,,1.0,stefan,2.0,149666.0,,,,,,,,
covonly_seed,Russia_W,full,,12.0,7.0,,,,,,,,,,,,,,,,,,,,,,,,,,,,,,,,49.488,-39.497,39.821,-1.7557,,,,,,,,,,,,,,1.0,const,2.0,149666.0,,,,,,,,
covonly_seed,Russia_W,full,,12.0,7.0,,,,,,,,,,,,,,,,,,,,,,,,,,,,,,,,45.303,-34.264,35.904,-1.3093,,,,,,,,,,,,,,1.0,tddlin,2.0,149666.0,,,,,,,,
covonly_seed,Russia_W,full,,12.0,7.0,,,,,,,,,,,,,,,,,,,,,,,,,,,,,,,,48.656,-39.304,39.304,-1.6639,,,,,,,,,,,,,,1.0,none,2.0,13606.0,,,,,,,,
covonly_seed,Russia_W,full,,17.0,12.0,,,,,,,,,,,,,,,,,,,,,,,,,,,,,,,,41.422,-33.062,36.474,-1.4934,,,,,,,,,,,,,,2.0,stefan,0.0,149666.0,,,,,,,,
covonly_seed,Russia_W,full,,17.0,12.0,,,,,,,,,,,,,,,,,,,,,,,,,,,,,,,,44.427,-35.81,38.677,-1.8683,,,,,,,,,,,,,,2.0,const,0.0,149666.0,,,,,,,,
covonly_seed,Russia_W,full,,17.0,12.0,,,,,,,,,,,,,,,,,,,,,,,,,,,,,,,,41.541,-33.147,36.599,-1.5079,,,,,,,,,,,,,,2.0,tddlin,0.0,149666.0,,,,,,,,
covonly_seed,Russia_W,full,,17.0,12.0,,,,,,,,,,,,,,,,,,,,,,,,,,,,,,,,45.047,-36.626,39.004,-1.9489,,,,,,,,,,,,,,2.0,none,0.0,13606.0,,,,,,,,
covonly_seed,Russia_W,full,,17.0,12.0,,,,,,,,,,,,,,,,,,,,,,,,,,,,,,,,41.142,-32.729,36.207,-1.4598,,,,,,,,,,,,,,2.0,stefan,1.0,149666.0,,,,,,,,
covonly_seed,Russia_W,full,,17.0,12.0,,,,,,,,,,,,,,,,,,,,,,,,,,,,,,,,44.46,-35.924,38.692,-1.8726,,,,,,,,,,,,,,2.0,const,1.0,149666.0,,,,,,,,
covonly_seed,Russia_W,full,,17.0,12.0,,,,,,,,,,,,,,,,,,,,,,,,,,,,,,,,41.882,-33.64,36.861,-1.5492,,,,,,,,,,,,,,2.0,tddlin,1.0,149666.0,,,,,,,,
covonly_seed,Russia_W,full,,17.0,12.0,,,,,,,,,,,,,,,,,,,,,,,,,,,,,,,,46.831,-38.565,40.674,-2.1872,,,,,,,,,,,,,,2.0,none,1.0,13606.0,,,,,,,,
covonly_seed,Russia_W,full,,17.0,12.0,,,,,,,,,,,,,,,,,,,,,,,,,,,,,,,,41.783,-33.851,36.539,-1.5371,,,,,,,,,,,,,,2.0,stefan,2.0,149666.0,,,,,,,,
covonly_seed,Russia_W,full,,17.0,12.0,,,,,,,,,,,,,,,,,,,,,,,,,,,,,,,,44.315,-35.732,38.526,-1.8539,,,,,,,,,,,,,,2.0,const,2.0,149666.0,,,,,,,,
covonly_seed,Russia_W,full,,17.0,12.0,,,,,,,,,,,,,,,,,,,,,,,,,,,,,,,,42.322,-34.238,37.144,-1.603,,,,,,,,,,,,,,2.0,tddlin,2.0,149666.0,,,,,,,,
covonly_seed,Russia_W,full,,17.0,12.0,,,,,,,,,,,,,,,,,,,,,,,,,,,,,,,,46.679,-38.383,40.497,-2.1665,,,,,,,,,,,,,,2.0,none,2.0,13606.0,,,,,,,,
covonly_seed,Russia_E,full,,12.0,9.0,,,,,,,,,,,,,,,,,,,,,,,,,,,,,,,,16.511,-4.447,11.398,0.2238,,,,,,,,,,,,,,0.0,stefan,0.0,149666.0,,,,,,,,
covonly_seed,Russia_E,full,,12.0,9.0,,,,,,,,,,,,,,,,,,,,,,,,,,,,,,,,19.914,-7.567,13.734,-0.1291,,,,,,,,,,,,,,0.0,const,0.0,149666.0,,,,,,,,
covonly_seed,Russia_E,full,,12.0,9.0,,,,,,,,,,,,,,,,,,,,,,,,,,,,,,,,17.235,-5.186,11.41,0.1543,,,,,,,,,,,,,,0.0,tddlin,0.0,149666.0,,,,,,,,
covonly_seed,Russia_E,full,,12.0,9.0,,,,,,,,,,,,,,,,,,,,,,,,,,,,,,,,19.816,-5.415,14.228,-0.118,,,,,,,,,,,,,,0.0,none,0.0,13606.0,,,,,,,,
covonly_seed,Russia_E,full,,12.0,9.0,,,,,,,,,,,,,,,,,,,,,,,,,,,,,,,,15.99,-4.067,10.944,0.2721,,,,,,,,,,,,,,0.0,stefan,1.0,149666.0,,,,,,,,
covonly_seed,Russia_E,full,,12.0,9.0,,,,,,,,,,,,,,,,,,,,,,,,,,,,,,,,20.082,-7.901,13.963,-0.1482,,,,,,,,,,,,,,0.0,const,1.0,149666.0,,,,,,,,
covonly_seed,Russia_E,full,,12.0,9.0,,,,,,,,,,,,,,,,,,,,,,,,,,,,,,,,16.822,-4.949,11.023,0.1943,,,,,,,,,,,,,,0.0,tddlin,1.0,149666.0,,,,,,,,
covonly_seed,Russia_E,full,,12.0,9.0,,,,,,,,,,,,,,,,,,,,,,,,,,,,,,,,19.922,-6.035,14.653,-0.13,,,,,,,,,,,,,,0.0,none,1.0,13606.0,,,,,,,,
covonly_seed,Russia_E,full,,12.0,9.0,,,,,,,,,,,,,,,,,,,,,,,,,,,,,,,,16.477,-4.247,11.116,0.227,,,,,,,,,,,,,,0.0,stefan,2.0,149666.0,,,,,,,,
covonly_seed,Russia_E,full,,12.0,9.0,,,,,,,,,,,,,,,,,,,,,,,,,,,,,,,,20.308,-7.591,14.074,-0.1742,,,,,,,,,,,,,,0.0,const,2.0,149666.0,,,,,,,,
covonly_seed,Russia_E,full,,12.0,9.0,,,,,,,,,,,,,,,,,,,,,,,,,,,,,,,,16.89,-5.054,11.146,0.1878,,,,,,,,,,,,,,0.0,tddlin,2.0,149666.0,,,,,,,,
covonly_seed,Russia_E,full,,12.0,9.0,,,,,,,,,,,,,,,,,,,,,,,,,,,,,,,,20.778,-6.761,15.115,-0.2291,,,,,,,,,,,,,,0.0,none,2.0,13606.0,,,,,,,,
covonly_seed,Russia_E,full,,14.0,10.0,,,,,,,,,,,,,,,,,,,,,,,,,,,,,,,,37.107,-14.75,24.004,-0.0433,,,,,,,,,,,,,,1.0,stefan,0.0,149666.0,,,,,,,,
covonly_seed,Russia_E,full,,14.0,10.0,,,,,,,,,,,,,,,,,,,,,,,,,,,,,,,,39.311,-16.865,26.282,-0.1709,,,,,,,,,,,,,,1.0,const,0.0,149666.0,,,,,,,,
covonly_seed,Russia_E,full,,14.0,10.0,,,,,,,,,,,,,,,,,,,,,,,,,,,,,,,,37.333,-15.191,24.321,-0.0561,,,,,,,,,,,,,,1.0,tddlin,0.0,149666.0,,,,,,,,
covonly_seed,Russia_E,full,,14.0,10.0,,,,,,,,,,,,,,,,,,,,,,,,,,,,,,,,40.09,-14.905,27.675,-0.2178,,,,,,,,,,,,,,1.0,none,0.0,13606.0,,,,,,,,
covonly_seed,Russia_E,full,,14.0,10.0,,,,,,,,,,,,,,,,,,,,,,,,,,,,,,,,37.378,-15.552,23.909,-0.0587,,,,,,,,,,,,,,1.0,stefan,1.0,149666.0,,,,,,,,
covonly_seed,Russia_E,full,,14.0,10.0,,,,,,,,,,,,,,,,,,,,,,,,,,,,,,,,39.827,-17.42,26.34,-0.2019,,,,,,,,,,,,,,1.0,const,1.0,149666.0,,,,,,,,
covonly_seed,Russia_E,full,,14.0,10.0,,,,,,,,,,,,,,,,,,,,,,,,,,,,,,,,38.222,-15.858,24.694,-0.107,,,,,,,,,,,,,,1.0,tddlin,1.0,149666.0,,,,,,,,
covonly_seed,Russia_E,full,,14.0,10.0,,,,,,,,,,,,,,,,,,,,,,,,,,,,,,,,38.76,-14.798,26.809,-0.1384,,,,,,,,,,,,,,1.0,none,1.0,13606.0,,,,,,,,
covonly_seed,Russia_E,full,,14.0,10.0,,,,,,,,,,,,,,,,,,,,,,,,,,,,,,,,36.989,-14.97,23.792,-0.0367,,,,,,,,,,,,,,1.0,stefan,2.0,149666.0,,,,,,,,
covonly_seed,Russia_E,full,,14.0,10.0,,,,,,,,,,,,,,,,,,,,,,,,,,,,,,,,39.892,-17.487,26.381,-0.2058,,,,,,,,,,,,,,1.0,const,2.0,149666.0,,,,,,,,
covonly_seed,Russia_E,full,,14.0,10.0,,,,,,,,,,,,,,,,,,,,,,,,,,,,,,,,37.958,-15.463,24.671,-0.0917,,,,,,,,,,,,,,1.0,tddlin,2.0,149666.0,,,,,,,,
covonly_seed,Russia_E,full,,14.0,10.0,,,,,,,,,,,,,,,,,,,,,,,,,,,,,,,,39.044,-14.713,27.473,-0.1551,,,,,,,,,,,,,,1.0,none,2.0,13606.0,,,,,,,,
covonly_seed,Russia_E,full,,11.0,8.0,,,,,,,,,,,,,,,,,,,,,,,,,,,,,,,,40.558,-23.798,26.069,-0.271,,,,,,,,,,,,,,2.0,stefan,0.0,149666.0,,,,,,,,
covonly_seed,Russia_E,full,,11.0,8.0,,,,,,,,,,,,,,,,,,,,,,,,,,,,,,,,44.378,-27.637,30.025,-0.5217,,,,,,,,,,,,,,2.0,const,0.0,149666.0,,,,,,,,
covonly_seed,Russia_E,full,,11.0,8.0,,,,,,,,,,,,,,,,,,,,,,,,,,,,,,,,42.059,-25.591,27.704,-0.3668,,,,,,,,,,,,,,2.0,tddlin,0.0,149666.0,,,,,,,,
covonly_seed,Russia_E,full,,11.0,8.0,,,,,,,,,,,,,,,,,,,,,,,,,,,,,,,,44.424,-25.97,29.858,-0.5248,,,,,,,,,,,,,,2.0,none,0.0,13606.0,,,,,,,,
covonly_seed,Russia_E,full,,11.0,8.0,,,,,,,,,,,,,,,,,,,,,,,,,,,,,,,,40.951,-24.101,26.483,-0.2957,,,,,,,,,,,,,,2.0,stefan,1.0,149666.0,,,,,,,,
covonly_seed,Russia_E,full,,11.0,8.0,,,,,,,,,,,,,,,,,,,,,,,,,,,,,,,,44.637,-27.539,30.004,-0.5395,,,,,,,,,,,,,,2.0,const,1.0,149666.0,,,,,,,,
covonly_seed,Russia_E,full,,11.0,8.0,,,,,,,,,,,,,,,,,,,,,,,,,,,,,,,,41.845,-25.352,27.514,-0.3529,,,,,,,,,,,,,,2.0,tddlin,1.0,149666.0,,,,,,,,
covonly_seed,Russia_E,full,,11.0,8.0,,,,,,,,,,,,,,,,,,,,,,,,,,,,,,,,42.981,-25.522,29.174,-0.4274,,,,,,,,,,,,,,2.0,none,1.0,13606.0,,,,,,,,
covonly_seed,Russia_E,full,,11.0,8.0,,,,,,,,,,,,,,,,,,,,,,,,,,,,,,,,39.927,-23.173,25.535,-0.2317,,,,,,,,,,,,,,2.0,stefan,2.0,149666.0,,,,,,,,
covonly_seed,Russia_E,full,,11.0,8.0,,,,,,,,,,,,,,,,,,,,,,,,,,,,,,,,44.677,-27.698,30.031,-0.5422,,,,,,,,,,,,,,2.0,const,2.0,149666.0,,,,,,,,
covonly_seed,Russia_E,full,,11.0,8.0,,,,,,,,,,,,,,,,,,,,,,,,,,,,,,,,41.971,-25.329,27.642,-0.361,,,,,,,,,,,,,,2.0,tddlin,2.0,149666.0,,,,,,,,
covonly_seed,Russia_E,full,,11.0,8.0,,,,,,,,,,,,,,,,,,,,,,,,,,,,,,,,43.142,-25.649,29.236,-0.4381,,,,,,,,,,,,,,2.0,none,2.0,13606.0,,,,,,,,
covonly,Canada,clim,,1152.0,20.0,,,,,,,,,,,,,,,,,,,,,,,,,,,,,,,,37.066555555555546,-18.561000000000003,,,,,,,,,,,,,,,,,const,,,3.156026797755077,3.0,3.0,,,,,
covonly,Canada,clim,,1152.0,20.0,,,,,,,,,,,,,,,,,,,,,,,,,,,,,,,,34.60355555555555,-15.043,,,,,,,,,,,,,,,,,none,,,1.1052298068392536,3.0,3.0,,,,,
covonly,Canada,clim,,1152.0,20.0,,,,,,,,,,,,,,,,,,,,,,,,,,,,,,,,29.97711111111111,-7.760333333333333,,,,,,,,,,,,,,,,,stefan,,,1.7612211777732614,3.0,3.0,,,,,
covonly,Canada,clim,,1152.0,20.0,,,,,,,,,,,,,,,,,,,,,,,,,,,,,,,,30.726777777777784,-9.21722222222222,,,,,,,,,,,,,,,,,tddlin,,,1.665752160214497,3.0,3.0,,,,,
covonly,Lena,clim,,4661.0,11.0,,,,,,,,,,,,,,,,,,,,,,,,,,,,,,,,19.18688888888889,11.522333333333334,,,,,,,,,,,,,,,,,const,,,1.8048241629752355,3.0,3.0,,,,,
covonly,Lena,clim,,4661.0,11.0,,,,,,,,,,,,,,,,,,,,,,,,,,,,,,,,21.146,14.575111111111111,,,,,,,,,,,,,,,,,none,,,2.0160830284930684,3.0,3.0,,,,,
covonly,Lena,clim,,4661.0,11.0,,,,,,,,,,,,,,,,,,,,,,,,,,,,,,,,17.50644444444444,8.600333333333333,,,,,,,,,,,,,,,,,stefan,,,2.126239673260788,3.0,3.0,,,,,
covonly,Lena,clim,,4661.0,11.0,,,,,,,,,,,,,,,,,,,,,,,,,,,,,,,,17.59788888888889,8.734666666666667,,,,,,,,,,,,,,,,,tddlin,,,2.0207608669710235,3.0,3.0,,,,,
covonly,Russia_E,clim,,37.0,10.0,,,,,,,,,,,,,,,,,,,,,,,,,,,,,,,,34.77988888888889,-17.444222222222223,,,,,,,,,,,,,,,,,const,,,12.944043032879529,3.0,3.0,,,,,
covonly,Russia_E,clim,,37.0,10.0,,,,,,,,,,,,,,,,,,,,,,,,,,,,,,,,34.33222222222222,-14.897777777777778,,,,,,,,,,,,,,,,,none,,,12.610441583304128,3.0,3.0,,,,,
covonly,Russia_E,clim,,37.0,10.0,,,,,,,,,,,,,,,,,,,,,,,,,,,,,,,,31.46988888888889,-14.945777777777778,,,,,,,,,,,,,,,,,stefan,,,13.03232661215663,3.0,3.0,,,,,
covonly,Russia_E,clim,,37.0,10.0,,,,,,,,,,,,,,,,,,,,,,,,,,,,,,,,32.336777777777776,-15.947111111111111,,,,,,,,,,,,,,,,,tddlin,,,13.247572898599337,3.0,3.0,,,,,
covonly,Russia_W,clim,,41.0,12.0,,,,,,,,,,,,,,,,,,,,,,,,,,,,,,,,43.53888888888889,-34.309444444444445,,,,,,,,,,,,,,,,,const,,,6.450767347406846,3.0,3.0,,,,,
covonly,Russia_W,clim,,41.0,12.0,,,,,,,,,,,,,,,,,,,,,,,,,,,,,,,,42.528444444444446,-33.504,,,,,,,,,,,,,,,,,none,,,6.458909026671211,3.0,3.0,,,,,
covonly,Russia_W,clim,,41.0,12.0,,,,,,,,,,,,,,,,,,,,,,,,,,,,,,,,39.186,-28.853222222222218,,,,,,,,,,,,,,,,,stefan,,,6.2220271169808,3.0,3.0,,,,,
covonly,Russia_W,clim,,41.0,12.0,,,,,,,,,,,,,,,,,,,,,,,,,,,,,,,,40.331222222222216,-30.47,,,,,,,,,,,,,,,,,tddlin,,,6.214676860584265,3.0,3.0,,,,,
covonly,Canada,clim_re,,1152.0,20.0,,,,,,,,,,,,,,,,,,,,,,,,,,,,,,,,37.11877777777778,-18.604555555555553,,,,,,,,,,,,,,,,,const,,,3.217615496214779,3.0,3.0,,,,,
covonly,Canada,clim_re,,1152.0,20.0,,,,,,,,,,,,,,,,,,,,,,,,,,,,,,,,34.60355555555555,-15.043,,,,,,,,,,,,,,,,,none,,,1.1052298068392536,3.0,3.0,,,,,
covonly,Canada,clim_re,,1152.0,20.0,,,,,,,,,,,,,,,,,,,,,,,,,,,,,,,,29.955333333333332,-7.714777777777779,,,,,,,,,,,,,,,,,stefan,,,1.7797344683344685,3.0,3.0,,,,,
covonly,Canada,clim_re,,1152.0,20.0,,,,,,,,,,,,,,,,,,,,,,,,,,,,,,,,30.62022222222222,-9.115333333333332,,,,,,,,,,,,,,,,,tddlin,,,1.6933707454309783,3.0,3.0,,,,,
covonly,Lena,clim_re,,4661.0,11.0,,,,,,,,,,,,,,,,,,,,,,,,,,,,,,,,19.186222222222224,11.521,,,,,,,,,,,,,,,,,const,,,1.8068969820395708,3.0,3.0,,,,,
covonly,Lena,clim_re,,4661.0,11.0,,,,,,,,,,,,,,,,,,,,,,,,,,,,,,,,21.14588888888889,14.575222222222223,,,,,,,,,,,,,,,,,none,,,2.0161642716729147,3.0,3.0,,,,,
covonly,Lena,clim_re,,4661.0,11.0,,,,,,,,,,,,,,,,,,,,,,,,,,,,,,,,17.51022222222222,8.602111111111112,,,,,,,,,,,,,,,,,stefan,,,2.1220821099763025,3.0,3.0,,,,,
covonly,Lena,clim_re,,4661.0,11.0,,,,,,,,,,,,,,,,,,,,,,,,,,,,,,,,17.60077777777778,8.74277777777778,,,,,,,,,,,,,,,,,tddlin,,,2.020575532238645,3.0,3.0,,,,,
covonly,Russia_E,clim_re,,37.0,10.0,,,,,,,,,,,,,,,,,,,,,,,,,,,,,,,,34.75877777777777,-17.450888888888887,,,,,,,,,,,,,,,,,const,,,12.958787881988437,3.0,3.0,,,,,
covonly,Russia_E,clim_re,,37.0,10.0,,,,,,,,,,,,,,,,,,,,,,,,,,,,,,,,34.33188888888889,-14.89722222222222,,,,,,,,,,,,,,,,,none,,,12.610441583304128,3.0,3.0,,,,,
covonly,Russia_E,clim_re,,37.0,10.0,,,,,,,,,,,,,,,,,,,,,,,,,,,,,,,,31.46444444444445,-14.922555555555556,,,,,,,,,,,,,,,,,stefan,,,13.028956606699525,3.0,3.0,,,,,
covonly,Russia_E,clim_re,,37.0,10.0,,,,,,,,,,,,,,,,,,,,,,,,,,,,,,,,32.33855555555555,-15.959000000000001,,,,,,,,,,,,,,,,,tddlin,,,13.251028615559258,3.0,3.0,,,,,
covonly,Russia_W,clim_re,,41.0,12.0,,,,,,,,,,,,,,,,,,,,,,,,,,,,,,,,43.558666666666674,-34.34488888888889,,,,,,,,,,,,,,,,,const,,,6.459937727598038,3.0,3.0,,,,,
covonly,Russia_W,clim_re,,41.0,12.0,,,,,,,,,,,,,,,,,,,,,,,,,,,,,,,,42.528444444444446,-33.50377777777778,,,,,,,,,,,,,,,,,none,,,6.458909026671211,3.0,3.0,,,,,
covonly,Russia_W,clim_re,,41.0,12.0,,,,,,,,,,,,,,,,,,,,,,,,,,,,,,,,39.15811111111111,-28.834333333333337,,,,,,,,,,,,,,,,,stefan,,,6.274698224999734,3.0,3.0,,,,,
covonly,Russia_W,clim_re,,41.0,12.0,,,,,,,,,,,,,,,,,,,,,,,,,,,,,,,,40.296,-30.40533333333333,,,,,,,,,,,,,,,,,tddlin,,,6.136498033170963,3.0,3.0,,,,,
covonly,Canada,clim_yr,,1152.0,20.0,,,,,,,,,,,,,,,,,,,,,,,,,,,,,,,,37.251222222222225,-18.808111111111113,,,,,,,,,,,,,,,,,const,,,3.767421345243002,3.0,3.0,,,,,
covonly,Canada,clim_yr,,1152.0,20.0,,,,,,,,,,,,,,,,,,,,,,,,,,,,,,,,34.034888888888894,-14.375777777777778,,,,,,,,,,,,,,,,,none,,,1.1492746182475915,3.0,3.0,,,,,
covonly,Canada,clim_yr,,1152.0,20.0,,,,,,,,,,,,,,,,,,,,,,,,,,,,,,,,30.074666666666662,-8.257000000000001,,,,,,,,,,,,,,,,,stefan,,,1.4824731963100655,3.0,3.0,,,,,
covonly,Canada,clim_yr,,1152.0,20.0,,,,,,,,,,,,,,,,,,,,,,,,,,,,,,,,30.69666666666667,-9.142555555555555,,,,,,,,,,,,,,,,,tddlin,,,1.6531673639814375,3.0,3.0,,,,,
covonly,Lena,clim_yr,,4661.0,11.0,,,,,,,,,,,,,,,,,,,,,,,,,,,,,,,,19.186444444444444,11.521222222222223,,,,,,,,,,,,,,,,,const,,,1.8058020788968399,3.0,3.0,,,,,
covonly,Lena,clim_yr,,4661.0,11.0,,,,,,,,,,,,,,,,,,,,,,,,,,,,,,,,21.646666666666665,15.047333333333334,,,,,,,,,,,,,,,,,none,,,1.8398496617326576,3.0,3.0,,,,,
covonly,Lena,clim_yr,,4661.0,11.0,,,,,,,,,,,,,,,,,,,,,,,,,,,,,,,,17.367,8.307666666666666,,,,,,,,,,,,,,,,,stefan,,,2.14431745162262,3.0,3.0,,,,,
covonly,Lena,clim_yr,,4661.0,11.0,,,,,,,,,,,,,,,,,,,,,,,,,,,,,,,,17.49188888888889,8.524333333333333,,,,,,,,,,,,,,,,,tddlin,,,2.035446288309419,3.0,3.0,,,,,
covonly,Russia_E,clim_yr,,37.0,10.0,,,,,,,,,,,,,,,,,,,,,,,,,,,,,,,,34.75722222222222,-17.404666666666667,,,,,,,,,,,,,,,,,const,,,12.993683894421478,3.0,3.0,,,,,
covonly,Russia_E,clim_yr,,37.0,10.0,,,,,,,,,,,,,,,,,,,,,,,,,,,,,,,,34.053111111111114,-15.077,,,,,,,,,,,,,,,,,none,,,12.516511274372004,3.0,3.0,,,,,
covonly,Russia_E,clim_yr,,37.0,10.0,,,,,,,,,,,,,,,,,,,,,,,,,,,,,,,,31.603777777777783,-15.302555555555555,,,,,,,,,,,,,,,,,stefan,,,13.09687705495446,3.0,3.0,,,,,
covonly,Russia_E,clim_yr,,37.0,10.0,,,,,,,,,,,,,,,,,,,,,,,,,,,,,,,,32.32555555555556,-16.181444444444445,,,,,,,,,,,,,,,,,tddlin,,,13.255435113078597,3.0,3.0,,,,,
covonly,Russia_W,clim_yr,,41.0,12.0,,,,,,,,,,,,,,,,,,,,,,,,,,,,,,,,43.60933333333333,-34.39911111111111,,,,,,,,,,,,,,,,,const,,,6.390557104909641,3.0,3.0,,,,,
covonly,Russia_W,clim_yr,,41.0,12.0,,,,,,,,,,,,,,,,,,,,,,,,,,,,,,,,42.86855555555556,-33.888444444444445,,,,,,,,,,,,,,,,,none,,,6.406005310412804,3.0,3.0,,,,,
covonly,Russia_W,clim_yr,,41.0,12.0,,,,,,,,,,,,,,,,,,,,,,,,,,,,,,,,39.113,-28.939222222222224,,,,,,,,,,,,,,,,,stefan,,,6.629257809974743,3.0,3.0,,,,,
covonly,Russia_W,clim_yr,,41.0,12.0,,,,,,,,,,,,,,,,,,,,,,,,,,,,,,,,40.27333333333333,-30.407777777777778,,,,,,,,,,,,,,,,,tddlin,,,6.351506304281949,3.0,3.0,,,,,
covonly,Canada,full,,1152.0,20.0,,,,,,,,,,,,,,,,,,,,,,,,,,,,,,,,37.40622222222222,-18.953333333333337,,,,,,,,,,,,,,,,,const,,,3.326400295503525,3.0,3.0,,,,,
covonly,Canada,full,,1152.0,20.0,,,,,,,,,,,,,,,,,,,,,,,,,,,,,,,,34.97411111111111,-15.884222222222222,,,,,,,,,,,,,,,,,none,,,1.1490899458718218,3.0,3.0,,,,,
covonly,Canada,full,,1152.0,20.0,,,,,,,,,,,,,,,,,,,,,,,,,,,,,,,,29.01588888888889,-3.8032222222222223,,,,,,,,,,,,,,,,,stefan,,,1.5880584348797082,3.0,3.0,,,,,
covonly,Canada,full,,1152.0,20.0,,,,,,,,,,,,,,,,,,,,,,,,,,,,,,,,28.977555555555554,-4.096,,,,,,,,,,,,,,,,,tddlin,,,1.3715398618314347,3.0,3.0,,,,,
covonly,Lena,full,,4661.0,11.0,,,,,,,,,,,,,,,,,,,,,,,,,,,,,,,,19.186555555555557,11.51911111111111,,,,,,,,,,,,,,,,,const,,,1.804193089362583,3.0,3.0,,,,,
covonly,Lena,full,,4661.0,11.0,,,,,,,,,,,,,,,,,,,,,,,,,,,,,,,,21.25366666666667,14.596666666666666,,,,,,,,,,,,,,,,,none,,,1.8680842533937752,3.0,3.0,,,,,
covonly,Lena,full,,4661.0,11.0,,,,,,,,,,,,,,,,,,,,,,,,,,,,,,,,18.557888888888886,10.599111111111112,,,,,,,,,,,,,,,,,stefan,,,2.119743074927645,3.0,3.0,,,,,
covonly,Lena,full,,4661.0,11.0,,,,,,,,,,,,,,,,,,,,,,,,,,,,,,,,18.225111111111108,9.995333333333333,,,,,,,,,,,,,,,,,tddlin,,,2.068621772349174,3.0,3.0,,,,,
covonly,Russia_E,full,,37.0,10.0,,,,,,,,,,,,,,,,,,,,,,,,,,,,,,,,34.78066666666667,-17.522777777777776,,,,,,,,,,,,,,,,,const,,,12.94540949955277,3.0,3.0,,,,,
covonly,Russia_E,full,,37.0,10.0,,,,,,,,,,,,,,,,,,,,,,,,,,,,,,,,34.32855555555556,-15.529777777777776,,,,,,,,,,,,,,,,,none,,,12.439985005052295,3.0,3.0,,,,,
covonly,Russia_E,full,,37.0,10.0,,,,,,,,,,,,,,,,,,,,,,,,,,,,,,,,31.320888888888888,-14.344999999999999,,,,,,,,,,,,,,,,,stefan,,,13.091666294646009,3.0,3.0,,,,,
covonly,Russia_E,full,,37.0,10.0,,,,,,,,,,,,,,,,,,,,,,,,,,,,,,,,32.25944444444445,-15.330333333333334,,,,,,,,,,,,,,,,,tddlin,,,13.38983070730808,3.0,3.0,,,,,
covonly,Russia_W,full,,41.0,12.0,,,,,,,,,,,,,,,,,,,,,,,,,,,,,,,,43.54,-34.330333333333336,,,,,,,,,,,,,,,,,const,,,6.4621297830771995,3.0,3.0,,,,,
covonly,Russia_W,full,,41.0,12.0,,,,,,,,,,,,,,,,,,,,,,,,,,,,,,,,43.47266666666667,-34.63166666666667,,,,,,,,,,,,,,,,,none,,,6.631033914690662,3.0,3.0,,,,,
covonly,Russia_W,full,,41.0,12.0,,,,,,,,,,,,,,,,,,,,,,,,,,,,,,,,39.03733333333334,-28.818,,,,,,,,,,,,,,,,,stefan,,,6.634486424065627,3.0,3.0,,,,,
covonly,Russia_W,full,,41.0,12.0,,,,,,,,,,,,,,,,,,,,,,,,,,,,,,,,39.940777777777775,-29.989666666666665,,,,,,,,,,,,,,,,,tddlin,,,6.345345707536206,3.0,3.0,,,,,
covonly,Canada,matched,,1152.0,20.0,,,,,,,,,,,,,,,,,,,,,,,,,,,,,,,,37.39555555555555,-18.89111111111111,,,,,,,,,,,,,,,,,const,,,3.3803511377983813,3.0,3.0,,,,,
covonly,Canada,matched,,1152.0,20.0,,,,,,,,,,,,,,,,,,,,,,,,,,,,,,,,34.63077777777778,-14.377888888888888,,,,,,,,,,,,,,,,,none,,,1.317588805075113,3.0,3.0,,,,,
covonly,Canada,matched,,1152.0,20.0,,,,,,,,,,,,,,,,,,,,,,,,,,,,,,,,28.698888888888888,-1.6898888888888892,,,,,,,,,,,,,,,,,stefan,,,1.915077524782204,3.0,3.0,,,,,
covonly,Canada,matched,,1152.0,20.0,,,,,,,,,,,,,,,,,,,,,,,,,,,,,,,,29.947666666666663,-6.4142222222222225,,,,,,,,,,,,,,,,,tddlin,,,2.0237287642149853,3.0,3.0,,,,,
covonly,Lena,matched,,4661.0,11.0,,,,,,,,,,,,,,,,,,,,,,,,,,,,,,,,19.189666666666664,11.520444444444443,,,,,,,,,,,,,,,,,const,,,1.8024637151533578,3.0,3.0,,,,,
covonly,Lena,matched,,4661.0,11.0,,,,,,,,,,,,,,,,,,,,,,,,,,,,,,,,21.088444444444445,14.329555555555556,,,,,,,,,,,,,,,,,none,,,2.0024605234930712,3.0,3.0,,,,,
covonly,Lena,matched,,4661.0,11.0,,,,,,,,,,,,,,,,,,,,,,,,,,,,,,,,16.641555555555556,8.450333333333333,,,,,,,,,,,,,,,,,stefan,,,2.810926267528461,3.0,3.0,,,,,
covonly,Lena,matched,,4661.0,11.0,,,,,,,,,,,,,,,,,,,,,,,,,,,,,,,,17.514777777777777,9.546,,,,,,,,,,,,,,,,,tddlin,,,2.3279157662627794,3.0,3.0,,,,,
covonly,Russia_E,matched,,37.0,10.0,,,,,,,,,,,,,,,,,,,,,,,,,,,,,,,,34.67777777777778,-17.462333333333333,,,,,,,,,,,,,,,,,const,,,12.823197007044747,3.0,3.0,,,,,
covonly,Russia_E,matched,,37.0,10.0,,,,,,,,,,,,,,,,,,,,,,,,,,,,,,,,33.88288888888889,-14.396222222222221,,,,,,,,,,,,,,,,,none,,,12.120787288022237,3.0,3.0,,,,,
covonly,Russia_E,matched,,37.0,10.0,,,,,,,,,,,,,,,,,,,,,,,,,,,,,,,,31.649666666666665,-14.034,,,,,,,,,,,,,,,,,stefan,,,13.585269853779128,3.0,3.0,,,,,
covonly,Russia_E,matched,,37.0,10.0,,,,,,,,,,,,,,,,,,,,,,,,,,,,,,,,32.892,-15.098555555555555,,,,,,,,,,,,,,,,,tddlin,,,13.548543845496216,3.0,3.0,,,,,
covonly,Russia_W,matched,,41.0,12.0,,,,,,,,,,,,,,,,,,,,,,,,,,,,,,,,43.593999999999994,-34.36533333333333,,,,,,,,,,,,,,,,,const,,,6.409677847685567,3.0,3.0,,,,,
covonly,Russia_W,matched,,41.0,12.0,,,,,,,,,,,,,,,,,,,,,,,,,,,,,,,,42.61788888888889,-33.81688888888889,,,,,,,,,,,,,,,,,none,,,6.400304752582175,3.0,3.0,,,,,
covonly,Russia_W,matched,,41.0,12.0,,,,,,,,,,,,,,,,,,,,,,,,,,,,,,,,38.355777777777774,-27.882666666666665,,,,,,,,,,,,,,,,,stefan,,,6.7679460558440345,3.0,3.0,,,,,
covonly,Russia_W,matched,,41.0,12.0,,,,,,,,,,,,,,,,,,,,,,,,,,,,,,,,39.38933333333333,-29.220555555555553,,,,,,,,,,,,,,,,,tddlin,,,6.44891635169128,3.0,3.0,,,,,
h3,Lena,clim,,4661.0,15.0,,,,,,,,,,,,,,,,,,,,,,,,,,,,,,,,,,,,,,"covonly: Stefan 유사라벨 − const (직접 catboost_lo, r=10)",-1.6343803731407753,-2.754810773307942,-0.2578003300947542,-2.901129504136227,-3.5457901143113446,-2.103528678639613,ok,17.700388833552715,19.33476920669349,1.0,,,,,,,,const,3.0,-1.6805947902113836,0.2848276412221869,
h3,Canada,clim,,1152.0,29.0,,,,,,,,,,,,,,,,,,,,,,,,,,,,,,,,,,,,,,"covonly: Stefan 유사라벨 − const (직접 catboost_lo, r=10)",-7.142509415164799,-10.808036911270253,0.8831272259970715,10.76587704375953,4.7217370184568255,15.067862083363579,ok,29.98620369308129,37.12871310824609,0.0,,,,,,,,const,3.0,-7.09527357282995,3.870407078396288,
h3,Russia_W,clim,,41.0,16.0,,,,,,,,,,,,,,,,,,,,,,,,,,,,,,,,,,,,,,"covonly: Stefan 유사라벨 − const (직접 catboost_lo, r=10)",-4.232666127524531,-5.9028300663227204,-2.5916649844976978,5.243921998338806,2.8975560422218214,7.720619395934855,ok,39.69253146572025,43.92519759324478,1.0,,,,,,,,const,3.0,-4.356508763966026,0.7219735641616973,
h3,Russia_E,clim,,37.0,17.0,,,,,,,,,,,,,,,,,,,,,,,,,,,,,,,,,,,,,,"covonly: Stefan 유사라벨 − const (직접 catboost_lo, r=10)",-3.0700483489761154,-3.9433576380063537,-1.1557166814813231,2.460001336785078,-0.0968903123501731,4.253593407350235,ok,33.211055484732874,36.28110383370899,1.0,,,,,,,,const,3.0,-3.315647393572751,0.6131768310317515,
h3,REGION_MEAN_COV4,clim,,4.0,4.0,,,,,,,,,,,,,,,,,,,,,,,,,,,,,,,,,,,,,,"covonly: Stefan 유사라벨 − const (직접 catboost_lo, r=10)",-4.019901066201555,,,,,,region_mean(n_blocks=neg_count),,,0.0,,,,,,,,const,3.0,,,
h3,Lena,clim,,4661.0,15.0,,,,,,,,,,,,,,,,,,,,,,,,,,,,,,,,,,,,,,"covonly: Stefan 유사라벨 − tddlin (직접 catboost_lo, r=10)",-0.07730976248447163,-0.21775386314774892,0.10660253981092084,-0.12331103438853575,-0.3041746230174026,0.2129850008315793,ok,17.700388833552715,17.777698596037187,0.0,,,,,,,,tddlin,3.0,-0.09140217951442153,0.09105168422027382,
h3,Canada,clim,,1152.0,29.0,,,,,,,,,,,,,,,,,,,,,,,,,,,,,,,,,,,,,,"covonly: Stefan 유사라벨 − tddlin (직접 catboost_lo, r=10)",-0.757866005741775,-1.3675238975406208,0.7520993813876711,1.4396911397666017,-0.13486219497010682,2.5004609932734088,ok,29.98620369308129,30.744069698823065,0.0,,,,,,,,tddlin,3.0,-0.7620874372691281,0.08148587071612931,
h3,Russia_W,clim,,41.0,16.0,,,,,,,,,,,,,,,,,,,,,,,,,,,,,,,,,,,,,,"covonly: Stefan 유사라벨 − tddlin (직접 catboost_lo, r=10)",-1.0926247499269337,-1.6447895048701113,-0.31509005723502703,1.556894348113179,0.7628160849648764,2.1258877800760754,ok,39.69253146572025,40.785156215647184,1.0,,,,,,,,tddlin,3.0,-1.14416067436368,0.2469239968369874,
h3,Russia_E,clim,,37.0,17.0,,,,,,,,,,,,,,,,,,,,,,,,,,,,,,,,,,,,,,"covonly: Stefan 유사라벨 − tddlin (직접 catboost_lo, r=10)",-0.8752173179924583,-1.1936590620350738,-3.912272223190474e-05,0.9928568000202649,0.3625293038017782,1.3866374163038473,ok,33.211055484732874,34.08627280272533,1.0,,,,,,,,tddlin,3.0,-0.8707409778920242,0.17893698845562667,
h3,REGION_MEAN_COV4,clim,,4.0,4.0,,,,,,,,,,,,,,,,,,,,,,,,,,,,,,,,,,,,,,"covonly: Stefan 유사라벨 − tddlin (직접 catboost_lo, r=10)",-0.7007544590364096,,,,,,region_mean(n_blocks=neg_count),,,0.0,,,,,,,,tddlin,3.0,,,
h3,Lena,clim,,4661.0,15.0,,,,,,,,,,,,,,,,,,,,,,,,,,,,,,,,,,,,,,"covonly: Stefan 유사라벨 − none (직접 catboost_lo, r=10)",-3.569874798213828,-4.647239513151557,-1.6171670667140252,-5.97097515688913,-7.47687560109627,-5.298793780292078,ok,17.700388833552715,21.270263631766543,1.0,,,,,,,,none,3.0,-3.5985183722038365,0.31368823061777534,
h3,Canada,clim,,1152.0,29.0,,,,,,,,,,,,,,,,,,,,,,,,,,,,,,,,,,,,,,"covonly: Stefan 유사라벨 − none (직접 catboost_lo, r=10)",-4.579791769273587,-7.442813671271848,1.9736532416029395,7.253848197883972,2.0192092518439035,10.437391497176488,ok,29.98620369308129,34.56599546235488,0.0,,,,,,,,none,3.0,-4.607093863682103,0.7483996890384773,
h3,Russia_W,clim,,41.0,16.0,,,,,,,,,,,,,,,,,,,,,,,,,,,,,,,,,,,,,,"covonly: Stefan 유사라벨 − none (직접 catboost_lo, r=10)",-3.472576300244569,-5.824532046509189,-1.4502392547540779,4.67357843981241,1.2074890489619392,7.4181896815991255,ok,39.69253146572025,43.16510776596482,1.0,,,,,,,,none,3.0,-3.3362267406042414,0.7718280824973442,
h3,Russia_E,clim,,37.0,17.0,,,,,,,,,,,,,,,,,,,,,,,,,,,,,,,,,,,,,,"covonly: Stefan 유사라벨 − none (직접 catboost_lo, r=10)",-2.576417652021867,-4.775836076932673,-1.726948875004147,-0.10949408409969763,-3.9326523786861376,2.015424891989689,ok,33.211055484732874,35.78747313675474,1.0,,,,,,,,none,3.0,-2.8362595087884386,0.42735773162136875,
h3,REGION_MEAN_COV4,clim,,4.0,4.0,,,,,,,,,,,,,,,,,,,,,,,,,,,,,,,,,,,,,,"covonly: Stefan 유사라벨 − none (직접 catboost_lo, r=10)",-3.5496651299384627,,,,,,region_mean(n_blocks=neg_count),,,0.0,,,,,,,,none,3.0,,,
h3,Lena,clim_re,,4661.0,15.0,,,,,,,,,,,,,,,,,,,,,,,,,,,,,,,,,,,,,,"covonly: Stefan 유사라벨 − const (직접 catboost_lo, r=10)",-1.6307856356037007,-2.597782715423635,-0.4726546856626204,-2.897844311715785,-3.513941624758884,-2.0621713529929577,ok,17.703488324410227,19.334273960013928,1.0,,,,,,,,const,3.0,-1.6762072440388505,0.2822406661474837,
h3,Canada,clim_re,,1152.0,29.0,,,,,,,,,,,,,,,,,,,,,,,,,,,,,,,,,,,,,,"covonly: Stefan 유사라벨 − const (직접 catboost_lo, r=10)",-7.2162239955840235,-11.24951527103623,1.3070332861694385,10.851634590575205,4.698582822095161,15.073532143539735,ok,29.96723297496178,37.183456970545805,0.0,,,,,,,,const,3.0,-7.168639581003942,3.9460366603220742,
h3,Russia_W,clim_re,,41.0,16.0,,,,,,,,,,,,,,,,,,,,,,,,,,,,,,,,,,,,,,"covonly: Stefan 유사라벨 − const (직접 catboost_lo, r=10)",-4.280439824063137,-5.914045003110276,-2.6336376130245682,5.306257460108849,2.7404291837728425,7.400212456215454,ok,39.67315409864534,43.95359392270848,1.0,,,,,,,,const,3.0,-4.404908069077467,0.6850638049741575,
h3,Russia_E,clim_re,,37.0,17.0,,,,,,,,,,,,,,,,,,,,,,,,,,,,,,,,,,,,,,"covonly: Stefan 유사라벨 − const (직접 catboost_lo, r=10)",-3.0616546027332205,-4.079524188484898,-0.8899115055754543,2.496775292637361,-0.026490259229013925,4.412316497764192,ok,33.205066106237,36.26672070897022,1.0,,,,,,,,const,3.0,-3.3011663036593917,0.5968967319878395,
h3,REGION_MEAN_COV4,clim_re,,4.0,4.0,,,,,,,,,,,,,,,,,,,,,,,,,,,,,,,,,,,,,,"covonly: Stefan 유사라벨 − const (직접 catboost_lo, r=10)",-4.0472760144960205,,,,,,region_mean(n_blocks=neg_count),,,0.0,,,,,,,,const,3.0,,,
h3,Lena,clim_re,,4661.0,15.0,,,,,,,,,,,,,,,,,,,,,,,,,,,,,,,,,,,,,,"covonly: Stefan 유사라벨 − tddlin (직접 catboost_lo, r=10)",-0.07708068071175944,-0.2093348219631502,0.09942380736270695,-0.129722094403677,-0.29087848940292355,0.22238748991723378,ok,17.703488324410227,17.780569005121986,0.0,,,,,,,,tddlin,3.0,-0.09062865301250748,0.08723189595157697,
h3,Canada,clim_re,,1152.0,29.0,,,,,,,,,,,,,,,,,,,,,,,,,,,,,,,,,,,,,,"covonly: Stefan 유사라벨 − tddlin (직접 catboost_lo, r=10)",-0.670373644176312,-1.2964341994582314,0.9136787515644409,1.38678877935949,-0.12589870289999047,2.345565541980776,ok,29.96723297496178,30.637606619138094,0.0,,,,,,,,tddlin,3.0,-0.672732980014627,0.10917417999106434,
h3,Russia_W,clim_re,,41.0,16.0,,,,,,,,,,,,,,,,,,,,,,,,,,,,,,,,,,,,,,"covonly: Stefan 유사라벨 − tddlin (직접 catboost_lo, r=10)",-1.073648061148937,-1.7564702256704303,-0.2917948715084272,1.5125049598085099,0.7073284993840744,2.1981071617116856,ok,39.67315409864534,40.74680215979428,1.0,,,,,,,,tddlin,3.0,-1.138201172200186,0.2540466040870825,
h3,Russia_E,clim_re,,37.0,17.0,,,,,,,,,,,,,,,,,,,,,,,,,,,,,,,,,,,,,,"covonly: Stefan 유사라벨 − tddlin (직접 catboost_lo, r=10)",-0.8846561790452796,-1.2242617128009767,-0.1880256556950862,1.0309218049410607,0.4359213290208012,1.4095144347556605,ok,33.205066106237,34.08972228528228,1.0,,,,,,,,tddlin,3.0,-0.8778898628446375,0.18113534907591355,
h3,REGION_MEAN_COV4,clim_re,,4.0,4.0,,,,,,,,,,,,,,,,,,,,,,,,,,,,,,,,,,,,,,"covonly: Stefan 유사라벨 − tddlin (직접 catboost_lo, r=10)",-0.676439641270572,,,,,,region_mean(n_blocks=neg_count),,,0.0,,,,,,,,tddlin,3.0,,,
h3,Lena,clim_re,,4661.0,15.0,,,,,,,,,,,,,,,,,,,,,,,,,,,,,,,,,,,,,,"covonly: Stefan 유사라벨 − none (직접 catboost_lo, r=10)",-3.566794045359309,-4.616131381815596,-2.1496034211276593,-5.969012052196945,-7.92780036880167,-5.272780691625014,ok,17.703488324410227,21.270282369769536,1.0,,,,,,,,none,3.0,-3.5948610923534203,0.3192458094750994,
h3,Canada,clim_re,,1152.0,29.0,,,,,,,,,,,,,,,,,,,,,,,,,,,,,,,,,,,,,,"covonly: Stefan 유사라벨 − none (직접 catboost_lo, r=10)",-4.5986586790616215,-7.545463280534029,1.714128831436035,7.297234021680383,2.4206358136582073,10.542524188068985,ok,29.96723297496178,34.5658916540234,0.0,,,,,,,,none,3.0,-4.627760435988978,0.792385847726663,
h3,Russia_W,clim_re,,41.0,16.0,,,,,,,,,,,,,,,,,,,,,,,,,,,,,,,,,,,,,,"covonly: Stefan 유사라벨 − none (직접 catboost_lo, r=10)",-3.4919113676563143,-5.8680965907145195,-0.9763122561403081,4.69013481156583,1.1500774204097401,7.443308476976569,ok,39.67315409864534,43.165065466301655,1.0,,,,,,,,none,3.0,-3.3648965044267904,0.7526650755811466,
h3,Russia_E,clim_re,,37.0,17.0,,,,,,,,,,,,,,,,,,,,,,,,,,,,,,,,,,,,,,"covonly: Stefan 유사라벨 − none (직접 catboost_lo, r=10)",-2.5820914712304983,-4.519566605125516,-1.6769619132292388,-0.08346976638294379,-3.7452455974072194,2.44742282439952,ok,33.205066106237,35.7871575774675,1.0,,,,,,,,none,3.0,-2.8407118733480083,0.4217782201317391,
h3,REGION_MEAN_COV4,clim_re,,4.0,4.0,,,,,,,,,,,,,,,,,,,,,,,,,,,,,,,,,,,,,,"covonly: Stefan 유사라벨 − none (직접 catboost_lo, r=10)",-3.5598638908269358,,,,,,region_mean(n_blocks=neg_count),,,0.0,,,,,,,,none,3.0,,,
h3,Lena,clim_yr,,4661.0,15.0,,,,,,,,,,,,,,,,,,,,,,,,,,,,,,,,,,,,,,"covonly: Stefan 유사라벨 − const (직접 catboost_lo, r=10)",-1.7705497226806557,-2.744472732788967,-0.3146324732288385,-3.1924363035604237,-3.7805847690770142,-2.4622139337470763,ok,17.563829969287706,19.334379691968362,1.0,,,,,,,,const,3.0,-1.8197592388033008,0.3029385536474294,
h3,Canada,clim_yr,,1152.0,29.0,,,,,,,,,,,,,,,,,,,,,,,,,,,,,,,,,,,,,,"covonly: Stefan 유사라벨 − const (직접 catboost_lo, r=10)",-7.27160465788285,-11.15625309537665,0.602939026319786,10.508958664523549,3.6451947083909912,15.179165133354758,ok,30.074568550203413,37.34617320808626,0.0,,,,,,,,const,3.0,-7.1878545088606,4.080029452457645,
h3,Russia_W,clim_yr,,41.0,16.0,,,,,,,,,,,,,,,,,,,,,,,,,,,,,,,,,,,,,,"covonly: Stefan 유사라벨 − const (직접 catboost_lo, r=10)",-4.25042209716095,-6.29648297079006,-2.046603251183374,5.105480093844005,2.076140393691512,8.049521476500995,ok,39.74114246279365,43.9915645599546,1.0,,,,,,,,const,3.0,-4.504042914075536,1.1268636180007219,
h3,Russia_E,clim_yr,,37.0,17.0,,,,,,,,,,,,,,,,,,,,,,,,,,,,,,,,,,,,,,"covonly: Stefan 유사라벨 − const (직접 catboost_lo, r=10)",-2.9258885641358177,-3.7850902578027763,-1.5722287474939158,2.0561276850437977,-0.6999876483296863,3.9863727936633544,ok,33.35573608663275,36.28162465076857,1.0,,,,,,,,const,3.0,-3.1611280012978846,0.539996752535086,
h3,REGION_MEAN_COV4,clim_yr,,4.0,4.0,,,,,,,,,,,,,,,,,,,,,,,,,,,,,,,,,,,,,,"covonly: Stefan 유사라벨 − const (직접 catboost_lo, r=10)",-4.054616260465068,,,,,,region_mean(n_blocks=neg_count),,,0.0,,,,,,,,const,3.0,,,
h3,Lena,clim_yr,,4661.0,15.0,,,,,,,,,,,,,,,,,,,,,,,,,,,,,,,,,,,,,,"covonly: Stefan 유사라벨 − tddlin (직접 catboost_lo, r=10)",-0.11006222016951739,-0.26006902686233824,0.08361618339244002,-0.20513599669888372,-0.38973811000746067,0.1271624982383742,ok,17.563829969287706,17.673892189457224,0.0,,,,,,,,tddlin,3.0,-0.12494242119265841,0.09220799454080401,
h3,Canada,clim_yr,,1152.0,29.0,,,,,,,,,,,,,,,,,,,,,,,,,,,,,,,,,,,,,,"covonly: Stefan 유사라벨 − tddlin (직접 catboost_lo, r=10)",-0.6412973949555578,-1.1028825534840727,0.425311154923319,0.8759651521438041,-0.7360624406988991,2.018770602465113,ok,30.074568550203413,30.71586594515897,0.0,,,,,,,,tddlin,3.0,-0.6365742414305456,0.14071240570740273,
h3,Russia_W,clim_yr,,41.0,16.0,,,,,,,,,,,,,,,,,,,,,,,,,,,,,,,,,,,,,,"covonly: Stefan 유사라벨 − tddlin (직접 catboost_lo, r=10)",-1.0515373526948508,-1.6226126834369776,-0.45188284090767655,1.33257191674047,0.407965100185254,2.046189082199905,ok,39.74114246279365,40.7926798154885,1.0,,,,,,,,tddlin,3.0,-1.1650775865983196,0.4495643461303974,
h3,Russia_E,clim_yr,,37.0,17.0,,,,,,,,,,,,,,,,,,,,,,,,,,,,,,,,,,,,,,"covonly: Stefan 유사라벨 − tddlin (직접 catboost_lo, r=10)",-0.7159568157319356,-1.0153261415524912,0.028408655078137633,0.8792505710436131,0.30988435853043383,1.2943921230202349,ok,33.35573608663275,34.07169290236469,0.0,,,,,,,,tddlin,3.0,-0.7196486991700025,0.14415696947636744,
h3,REGION_MEAN_COV4,clim_yr,,4.0,4.0,,,,,,,,,,,,,,,,,,,,,,,,,,,,,,,,,,,,,,"covonly: Stefan 유사라벨 − tddlin (직접 catboost_lo, r=10)",-0.6297134458879654,,,,,,region_mean(n_blocks=neg_count),,,0.0,,,,,,,,tddlin,3.0,,,
h3,Lena,clim_yr,,4661.0,15.0,,,,,,,,,,,,,,,,,,,,,,,,,,,,,,,,,,,,,,"covonly: Stefan 유사라벨 − none (직접 catboost_lo, r=10)",-4.187777746733129,-5.367944723397212,-2.64292375446523,-6.724135009076045,-8.10514705278963,-5.890092973365424,ok,17.563829969287706,21.751607716020835,1.0,,,,,,,,none,3.0,-4.239369479963395,0.3576781625594693,
h3,Canada,clim_yr,,1152.0,29.0,,,,,,,,,,,,,,,,,,,,,,,,,,,,,,,,,,,,,,"covonly: Stefan 유사라벨 − none (직접 catboost_lo, r=10)",-3.91010046093243,-5.970080536314437,1.2840671109749198,6.0910000659246375,2.123537067993701,9.129630450750476,ok,30.074568550203413,33.98466901113584,0.0,,,,,,,,none,3.0,-3.926519297682232,0.4947116074039855,
h3,Russia_W,clim_yr,,41.0,16.0,,,,,,,,,,,,,,,,,,,,,,,,,,,,,,,,,,,,,,"covonly: Stefan 유사라벨 − none (직접 catboost_lo, r=10)",-3.7421691099083674,-6.360695428817627,-1.3483066357779732,4.815799345929033,1.417393913469085,7.862646485299314,ok,39.74114246279365,43.483311572702014,1.0,,,,,,,,none,3.0,-3.747627133189065,0.36253387673615434,
h3,Russia_E,clim_yr,,37.0,17.0,,,,,,,,,,,,,,,,,,,,,,,,,,,,,,,,,,,,,,"covonly: Stefan 유사라벨 − none (직접 catboost_lo, r=10)",-2.143788966528092,-4.068809541503294,-1.322986515532854,-0.28886329953294343,-3.5502345551612478,1.891819579115788,ok,33.35573608663275,35.499525053160845,1.0,,,,,,,,none,3.0,-2.4266566606020086,0.545851004545859,
h3,REGION_MEAN_COV4,clim_yr,,4.0,4.0,,,,,,,,,,,,,,,,,,,,,,,,,,,,,,,,,,,,,,"covonly: Stefan 유사라벨 − none (직접 catboost_lo, r=10)",-3.4959590710255046,,,,,,region_mean(n_blocks=neg_count),,,0.0,,,,,,,,none,3.0,,,
h3,Lena,matched,,4661.0,15.0,,,,,,,,,,,,,,,,,,,,,,,,,,,,,,,,,,,,,,"covonly: Stefan 유사라벨 − const (직접 catboost_lo, r=10)",-2.3956331377735935,-4.293501188502071,-0.18280056655411858,-2.989038055467873,-4.983883882718775,0.04443730577046331,ok,16.941759994371893,19.337393132145486,1.0,,,,,,,,const,3.0,-2.5499073653460003,0.8246534543955537,
h3,Canada,matched,,1152.0,29.0,,,,,,,,,,,,,,,,,,,,,,,,,,,,,,,,,,,,,,"covonly: Stefan 유사라벨 − const (직접 catboost_lo, r=10)",-8.743076055841765,-14.37131804094415,2.870978360010685,17.157895912849376,10.460298018506029,22.635169551759876,ok,28.72504176532406,37.468117821165826,0.0,,,,,,,,const,3.0,-8.696109736054202,4.059746226027535,
h3,Russia_W,matched,,41.0,16.0,,,,,,,,,,,,,,,,,,,,,,,,,,,,,,,,,,,,,,"covonly: Stefan 유사라벨 − const (직접 catboost_lo, r=10)",-4.870238290195786,-7.427991940969058,-2.7038826257112665,6.032694639988986,2.619665353335577,9.457266166524693,ok,39.09744659545382,43.967684885649604,1.0,,,,,,,,const,3.0,-5.242294844426408,1.6820620159771147,
h3,Russia_E,matched,,37.0,17.0,,,,,,,,,,,,,,,,,,,,,,,,,,,,,,,,,,,,,,"covonly: Stefan 유사라벨 − const (직접 catboost_lo, r=10)",-2.625114058638843,-4.609886470316895,-1.1350719580118762,3.379019525275295,0.9820436475002243,5.187810957758849,ok,33.53067967472386,36.1557937333627,1.0,,,,,,,,const,3.0,-3.035168304702077,0.9154040463052822,
h3,REGION_MEAN_COV4,matched,,4.0,4.0,,,,,,,,,,,,,,,,,,,,,,,,,,,,,,,,,,,,,,"covonly: Stefan 유사라벨 − const (직접 catboost_lo, r=10)",-4.658515385612497,,,,,,region_mean(n_blocks=neg_count),,,0.0,,,,,,,,const,3.0,,,
h3,Lena,matched,,4661.0,15.0,,,,,,,,,,,,,,,,,,,,,,,,,,,,,,,,,,,,,,"covonly: Stefan 유사라벨 − tddlin (직접 catboost_lo, r=10)",-0.7941285473408932,-1.6447256636377559,0.03541749939982609,-1.0556566550273043,-1.9861975430228844,0.31973966662318626,ok,16.941759994371893,17.735888541712786,0.0,,,,,,,,tddlin,3.0,-0.8743847592519494,0.3952581400879064,
h3,Canada,matched,,1152.0,29.0,,,,,,,,,,,,,,,,,,,,,,,,,,,,,,,,,,,,,,"covonly: Stefan 유사라벨 − tddlin (직접 catboost_lo, r=10)",-1.2536998884615862,-3.1155475315221004,2.11064718892194,4.71168804764974,2.4651024233654555,6.0004152540178515,ok,28.72504176532406,29.978741653785647,0.0,,,,,,,,tddlin,3.0,-1.2505755321058618,0.09695553582323717,
h3,Russia_W,matched,,41.0,16.0,,,,,,,,,,,,,,,,,,,,,,,,,,,,,,,,,,,,,,"covonly: Stefan 유사라벨 − tddlin (직접 catboost_lo, r=10)",-0.8069252603907913,-2.1668831159964865,0.48631887751943265,1.0674192873695922,-0.3928955887216768,2.5485789052246455,ok,39.09744659545382,39.90437185584461,0.0,,,,,,,,tddlin,3.0,-1.0334642712742763,1.0380638128367967,
h3,Russia_E,matched,,37.0,17.0,,,,,,,,,,,,,,,,,,,,,,,,,,,,,,,,,,,,,,"covonly: Stefan 유사라벨 − tddlin (직접 catboost_lo, r=10)",-1.132063364375533,-1.8159704201165021,-0.6110033360872638,1.0129516304974189,-0.1289542911523053,1.9051855739069365,ok,33.53067967472386,34.66274303909939,1.0,,,,,,,,tddlin,3.0,-1.247419476387962,0.3286928980393676,
h3,REGION_MEAN_COV4,matched,,4.0,4.0,,,,,,,,,,,,,,,,,,,,,,,,,,,,,,,,,,,,,,"covonly: Stefan 유사라벨 − tddlin (직접 catboost_lo, r=10)",-0.9967042651422009,,,,,,region_mean(n_blocks=neg_count),,,0.0,,,,,,,,tddlin,3.0,,,
h3,Lena,matched,,4661.0,15.0,,,,,,,,,,,,,,,,,,,,,,,,,,,,,,,,,,,,,,"covonly: Stefan 유사라벨 − none (직접 catboost_lo, r=10)",-4.280149307078766,-6.023889313775532,-1.5668030783776814,-5.826380604792048,-7.25591877991422,-3.288280033275199,ok,16.941759994371893,21.22190930145066,1.0,,,,,,,,none,3.0,-4.41712157837424,0.6645185068021839,
h3,Canada,matched,,1152.0,29.0,,,,,,,,,,,,,,,,,,,,,,,,,,,,,,,,,,,,,,"covonly: Stefan 유사라벨 − none (직접 catboost_lo, r=10)",-5.876519692375002,-10.580937428169525,2.7799503246492745,12.65876848885654,6.968003447962804,16.68845307540217,ok,28.72504176532406,34.60156145769906,0.0,,,,,,,,none,3.0,-5.905099913288509,0.6211502572259561,
h3,Russia_W,matched,,41.0,16.0,,,,,,,,,,,,,,,,,,,,,,,,,,,,,,,,,,,,,,"covonly: Stefan 유사라벨 − none (직접 catboost_lo, r=10)",-4.206060952576927,-7.149790590712592,-2.0383281096281025,5.768814591758964,2.5676959725970194,8.971830356787299,ok,39.09744659545382,43.303507548030744,1.0,,,,,,,,none,3.0,-4.25021511336035,0.406704623397216,
h3,Russia_E,matched,,37.0,17.0,,,,,,,,,,,,,,,,,,,,,,,,,,,,,,,,,,,,,,"covonly: Stefan 유사라벨 − none (직접 catboost_lo, r=10)",-1.7286030047053416,-5.268430371535434,-1.02145092131607,0.2711124347299325,-2.9681429326140636,2.6346587346342454,ok,33.53067967472386,35.2592826794292,1.0,,,,,,,,none,3.0,-2.2227203462687393,1.2254747765237826,
h3,REGION_MEAN_COV4,matched,,4.0,4.0,,,,,,,,,,,,,,,,,,,,,,,,,,,,,,,,,,,,,,"covonly: Stefan 유사라벨 − none (직접 catboost_lo, r=10)",-4.022833239184009,,,,,,region_mean(n_blocks=neg_count),,,0.0,,,,,,,,none,3.0,,,
h3,Lena,full,,4661.0,15.0,,,,,,,,,,,,,,,,,,,,,,,,,,,,,,,,,,,,,,"covonly: Stefan 유사라벨 − const (직접 catboost_lo, r=10)",-0.588476449558339,-1.3312762613198803,0.0901785511911445,-0.8923197558394538,-1.759636532752345,-0.07744420104020745,ok,18.745936443116012,19.33441289267435,0.0,,,,,,,,const,3.0,-0.6290382113906586,0.28147429024020976,
h3,Canada,full,,1152.0,29.0,,,,,,,,,,,,,,,,,,,,,,,,,,,,,,,,,,,,,,"covonly: Stefan 유사라벨 − const (직접 catboost_lo, r=10)",-8.445118315425432,-13.48026415801604,1.4684318271866759,15.112938996459784,8.58587283641381,19.534997976700424,ok,29.031270611389083,37.476388926814515,0.0,,,,,,,,const,3.0,-8.392150562995726,3.8409093433945958,
h3,Russia_W,full,,41.0,16.0,,,,,,,,,,,,,,,,,,,,,,,,,,,,,,,,,,,,,,"covonly: Stefan 유사라벨 − const (직접 catboost_lo, r=10)",-4.266239199286474,-6.110401081848509,-2.295891987549985,5.158133792599902,2.1367048374078434,7.766320524626212,ok,39.657826957797525,43.924066157084,1.0,,,,,,,,const,3.0,-4.508908831485083,1.0995353805880053,
h3,Russia_E,full,,37.0,17.0,,,,,,,,,,,,,,,,,,,,,,,,,,,,,,,,,,,,,,"covonly: Stefan 유사라벨 − const (직접 catboost_lo, r=10)",-3.1916015556689956,-4.211251806710539,-1.0496583744852963,3.102912280512575,0.42147042799848977,4.8206226708910425,ok,33.09808931214939,36.289690867818386,1.0,,,,,,,,const,3.0,-3.469119955176557,0.6812143508107615,
h3,REGION_MEAN_COV4,full,,4.0,4.0,,,,,,,,,,,,,,,,,,,,,,,,,,,,,,,,,,,,,,"covonly: Stefan 유사라벨 − const (직접 catboost_lo, r=10)",-4.12285887998481,,,,,,region_mean(n_blocks=neg_count),,,0.0,,,,,,,,const,3.0,,,
h3,Lena,full,,4661.0,15.0,,,,,,,,,,,,,,,,,,,,,,,,,,,,,,,,,,,,,,"covonly: Stefan 유사라벨 − tddlin (직접 catboost_lo, r=10)",0.3376762390539696,0.14853045873475548,0.4100656851918664,0.6121785748984916,0.4962362707396022,0.853628139752231,ok,18.745936443116012,18.408260204062042,1.0,,,,,,,,tddlin,3.0,0.332629919676427,0.042385285094781976,
h3,Canada,full,,1152.0,29.0,,,,,,,,,,,,,,,,,,,,,,,,,,,,,,,,,,,,,,"covonly: Stefan 유사라벨 − tddlin (직접 catboost_lo, r=10)",0.04968807318677548,-0.3619686199221778,0.7966354199410209,0.2858579993696426,-1.4182856459715925,0.9597682994226755,ok,29.031270611389083,28.981582538202307,0.0,,,,,,,,tddlin,3.0,0.03771823085801884,0.3560593524347889,
h3,Russia_W,full,,41.0,16.0,,,,,,,,,,,,,,,,,,,,,,,,,,,,,,,,,,,,,,"covonly: Stefan 유사라벨 − tddlin (직접 catboost_lo, r=10)",-0.8154654274252735,-1.0851187956827348,-0.5029684913330522,1.0850348011740323,0.6270972054414485,1.4597638419212726,ok,39.657826957797525,40.4732923852228,1.0,,,,,,,,tddlin,3.0,-0.904993390512832,0.3427072935377547,
h3,Russia_E,full,,37.0,17.0,,,,,,,,,,,,,,,,,,,,,,,,,,,,,,,,,,,,,,"covonly: Stefan 유사라벨 − tddlin (직접 catboost_lo, r=10)",-0.9373811114417165,-1.2828186055430495,-0.24342121289703533,0.9343225376467643,0.1623479709160129,1.3875162038095048,ok,33.09808931214939,34.03547042359111,1.0,,,,,,,,tddlin,3.0,-0.9466006159033972,0.37725701964747677,
h3,REGION_MEAN_COV4,full,,4.0,2.0,,,,,,,,,,,,,,,,,,,,,,,,,,,,,,,,,,,,,,"covonly: Stefan 유사라벨 − tddlin (직접 catboost_lo, r=10)",-0.34137055665656124,,,,,,region_mean(n_blocks=neg_count),,,0.0,,,,,,,,tddlin,3.0,,,
h3,Lena,full,,4661.0,15.0,,,,,,,,,,,,,,,,,,,,,,,,,,,,,,,,,,,,,,"covonly: Stefan 유사라벨 − none (직접 catboost_lo, r=10)",-2.6239003016019353,-3.519219323855567,-1.7150552035421882,-3.980386533155672,-5.849643193072819,-3.254173716364523,ok,18.745936443116012,21.369836744717947,1.0,,,,,,,,none,3.0,-2.6628674184168246,0.32556389036940797,
h3,Canada,full,,1152.0,29.0,,,,,,,,,,,,,,,,,,,,,,,,,,,,,,,,,,,,,,"covonly: Stefan 유사라벨 − none (직접 catboost_lo, r=10)",-5.927651334093042,-10.208319831388351,2.788203966032247,12.052637390356004,7.1026301214115355,15.060231402353036,ok,29.031270611389083,34.958921945482125,0.0,,,,,,,,none,3.0,-5.95146203927792,0.692107874585147,
h3,Russia_W,full,,41.0,16.0,,,,,,,,,,,,,,,,,,,,,,,,,,,,,,,,,,,,,,"covonly: Stefan 유사라벨 − none (직접 catboost_lo, r=10)",-4.430603846963059,-6.939923473042836,-2.130685502342529,5.67118583331796,2.6340023461503295,8.607697270287462,ok,39.657826957797525,44.088430804760584,1.0,,,,,,,,none,3.0,-4.423883692795368,0.23487641431570977,
h3,Russia_E,full,,37.0,17.0,,,,,,,,,,,,,,,,,,,,,,,,,,,,,,,,,,,,,,"covonly: Stefan 유사라벨 − none (직접 catboost_lo, r=10)",-2.654558142526483,-4.281479418051727,-1.9291011849995066,1.0827666013290003,-2.505354612793618,3.4182298622146674,ok,33.09808931214939,35.75264745467587,1.0,,,,,,,,none,3.0,-3.002597140246222,0.7001845297830495,
h3,REGION_MEAN_COV4,full,,4.0,4.0,,,,,,,,,,,,,,,,,,,,,,,,,,,,,,,,,,,,,,"covonly: Stefan 유사라벨 − none (직접 catboost_lo, r=10)",-3.90917840629613,,,,,,region_mean(n_blocks=neg_count),,,0.0,,,,,,,,none,3.0,,,
delta_version,Alaska,clim_re,clim,13606.0,74.0,,,,,,,,,,,,,,,,,,,,,,,,,,,,,,,stefan_oof6,,,,,,,,0.0005781204613786173,-9.341267226035121e-05,0.00127533714442678,-0.0003017419289801371,-0.0010473485543142313,0.0006337096139659797,ok,14.457302865925762,14.456724745464383,0.0,,,,,,,,,,,,indomain
delta_version,Lena,clim_re,clim,2958.0,20.0,,,,,,,,,,,,,,,,,,,,,,,,,,,,,,,stefan,,,,,,,,7.237012123795239e-05,-6.586036370332948e-05,0.00013402582880592804,0.00027354137246948795,0.0002504805098293872,0.00028160360245008673,ok,21.624046451952477,21.62397408183124,0.0,,,,,,,,,,,,noinfo
delta_version,Lena,clim_re,clim,2958.0,20.0,,,,,,,,,,,,,,,,,,,,,,,,,,,,,,,stefan_cci,,,,,,,,-1.0046033271038368e-05,-4.5889636293772175e-05,1.3541348624679355e-05,0.0001367706862354101,0.00012628793124045413,0.00014068575600085788,ok,20.760930522449808,20.76094056848308,0.0,,,,,,,,,,,,noinfo
delta_version,Canada,clim_re,clim,747.0,36.0,,,,,,,,,,,,,,,,,,,,,,,,,,,,,,,stefan,,,,,,,,1.3808299186734985e-05,-0.00015871717570838939,0.00019683067602835883,0.0003691524151188119,0.0003410786227908691,0.0003994796665874434,ok,26.503824478327676,26.50381067002849,0.0,,,,,,,,,,,,noinfo
delta_version,Canada,clim_re,clim,747.0,36.0,,,,,,,,,,,,,,,,,,,,,,,,,,,,,,,stefan_cci,,,,,,,,4.2921220551050965e-05,-1.3804875181033793e-05,0.0001018753839140629,0.00018457620756251458,0.00017062582633904367,0.00020260197305975723,ok,25.71930637556021,25.719263454339657,0.0,,,,,,,,,,,,noinfo
delta_version,Russia_W,clim_re,clim,28.0,18.0,,,,,,,,,,,,,,,,,,,,,,,,,,,,,,,stefan,,,,,,,,-0.00023778352694847626,-0.0002665233471223161,-0.00020030953043193025,0.0003130242957496421,0.00029456134083947203,0.00032658466433659327,ok,42.455496557333696,42.455734340860644,1.0,,,,,,,,,,,,noinfo
delta_version,Russia_W,clim_re,clim,28.0,18.0,,,,,,,,,,,,,,,,,,,,,,,,,,,,,,,stefan_cci,,,,,,,,-0.0001098684346274581,-0.0001283236255757103,-9.110523876163513e-05,0.0001565121478677156,0.000147719221572018,0.000164339350237519,ok,41.44384763835204,41.44395750678667,1.0,,,,,,,,,,,,noinfo
delta_version,Russia_C,clim_re,clim,7.0,6.0,,,,,,,,,,,,,,,,,,,,,,,,,,,,,,,stefan,,,,,,,,-0.00015599799957044524,,,0.00033954536471725305,,,blocks<8,53.38583825450446,53.385994252504034,0.0,,,,,,,,,,,,noinfo
delta_version,Russia_C,clim_re,clim,7.0,6.0,,,,,,,,,,,,,,,,,,,,,,,,,,,,,,,stefan_cci,,,,,,,,-6.502434167288129e-05,,,0.0001697726823515211,,,blocks<8,53.9995480176924,53.99961304203407,0.0,,,,,,,,,,,,noinfo
delta_version,Russia_E,clim_re,clim,27.0,19.0,,,,,,,,,,,,,,,,,,,,,,,,,,,,,,,stefan,,,,,,,,-0.00010594436626831794,-0.00018798972521238966,0.00016665106915838532,0.00029104144605796023,0.00027568311878332084,0.00030358195989066417,ok,28.444170134678394,28.444276079044663,0.0,,,,,,,,,,,,noinfo
delta_version,Russia_E,clim_re,clim,27.0,19.0,,,,,,,,,,,,,,,,,,,,,,,,,,,,,,,stefan_cci,,,,,,,,-6.810838682014264e-05,-9.890001219190481e-05,2.947949631870641e-06,0.0001455207230254274,0.0001384585572124203,0.00015160994831537878,ok,27.65667303547301,27.65674114385983,0.0,,,,,,,,,,,,noinfo
delta_version,Greenland,clim_re,clim,1.0,1.0,,,,,,,,,,,,,,,,,,,,,,,,,,,,,,,stefan,,,,,,,,-0.0002107692810682238,,,0.0002107692810682238,,,blocks<8,30.89885854473969,30.899069314020757,0.0,,,,,,,,,,,,noinfo
delta_version,Greenland,clim_re,clim,1.0,1.0,,,,,,,,,,,,,,,,,,,,,,,,,,,,,,,stefan_cci,,,,,,,,-0.0001053846405341119,,,0.0001053846405341119,,,blocks<8,21.19942927236984,21.199534657010375,0.0,,,,,,,,,,,,noinfo
delta_version,MAIN6,clim_re,clim,3768.0,99.0,,,,,,,,,,,,,,,,,,,,,,,,,,,,,,,stefan,,,,,,,,5.1519030936475474e-05,-3.825538582837851e-05,0.0001234674988142892,0.0002930208651843458,0.0002800686881463621,0.00032476348722015327,ok,23.045177863424687,23.04512634439375,0.0,,,,,,,,,,,,noinfo
delta_version,MAIN6,clim_re,clim,3768.0,99.0,,,,,,,,,,,,,,,,,,,,,,,,,,,,,,,stefan_cci,,,,,,,,3.003924931022084e-08,-2.9601301148218792e-05,2.786355584607487e-05,0.00014651043259300556,0.00013953319723930546,0.0001603486669559076,ok,22.209909582477636,22.209909552438386,0.0,,,,,,,,,,,,noinfo
delta_version,Lena,clim_re,clim,4661.0,15.0,,,,,,,,,,,,,,,,,,,,,,,,,,,,,,,stefan,,,,,,,,0.003099490857511711,-0.008003025925779814,0.01307177000581774,0.0019947728577864865,-0.013209710544393105,0.030397920113546414,ok,17.703488324410227,17.700388833552715,0.0,,,,,,,,,,,,covonly
delta_version,Lena,clim_re,clim,4661.0,15.0,,,,,,,,,,,,,,,,,,,,,,,,,,,,,,,const,,,,,,,,-0.0004952466795629107,-0.0018203697652377393,0.002494085200493134,-0.0012904195626557424,-0.0029792844248561325,0.0008134907876390128,ok,19.334273960013928,19.33476920669349,0.0,,,,,,,,,,,,covonly
delta_version,Lena,clim_re,clim,4661.0,15.0,,,,,,,,,,,,,,,,,,,,,,,,,,,,,,,tddlin,,,,,,,,0.002870409084799519,-0.009437089318770653,0.013482753427286418,0.008405832872927732,-0.007925776599459677,0.02186585892266938,ok,17.780569005121986,17.777698596037187,0.0,,,,,,,,,,,,covonly
delta_version,Lena,clim_re,clim,4661.0,15.0,,,,,,,,,,,,,,,,,,,,,,,,,,,,,,,none,,,,,,,,1.8738002992790825e-05,-8.13952268785556e-06,0.00010234044290742235,3.1668165600962084e-05,6.430243625121817e-07,0.00015685216504501828,ok,21.270282369769536,21.270263631766543,0.0,,,,,,,,,,,,covonly
delta_version,Canada,clim_re,clim,1152.0,29.0,,,,,,,,,,,,,,,,,,,,,,,,,,,,,,,stefan,,,,,,,,-0.018970718119508234,-0.03870364153440029,0.049787364201142485,0.043516206224921916,-0.20798078930457206,0.17396970791445726,ok,29.96723297496178,29.98620369308129,0.0,,,,,,,,,,,,covonly
delta_version,Canada,clim_re,clim,1152.0,29.0,,,,,,,,,,,,,,,,,,,,,,,,,,,,,,,const,,,,,,,,0.054743862299716284,0.0011926140238765377,0.08570048481710568,-0.042241340590752685,-0.09420770514686402,0.029328717558368092,ok,37.183456970545805,37.12871310824609,1.0,,,,,,,,,,,,covonly
delta_version,Canada,clim_re,clim,1152.0,29.0,,,,,,,,,,,,,,,,,,,,,,,,,,,,,,,tddlin,,,,,,,,-0.10646307968497126,-0.15677624205662158,0.0020152435724404456,0.09641856663203363,-0.12091475978946767,0.22879632529462465,ok,30.637606619138094,30.744069698823065,0.0,,,,,,,,,,,,covonly
delta_version,Canada,clim_re,clim,1152.0,29.0,,,,,,,,,,,,,,,,,,,,,,,,,,,,,,,none,,,,,,,,-0.00010380833147394242,-0.00015195401545913255,-2.952279495005449e-06,0.00013038242851060033,4.183746684217199e-05,0.00019311716235588248,ok,34.5658916540234,34.56599546235488,1.0,,,,,,,,,,,,covonly
delta_version,Russia_W,clim_re,clim,41.0,16.0,,,,,,,,,,,,,,,,,,,,,,,,,,,,,,,stefan,,,,,,,,-0.019377367074909557,-0.06674900313781613,0.026010066797199367,0.01662876653854184,-0.02485623561129477,0.0648936515044795,ok,39.67315409864534,39.69253146572025,0.0,,,,,,,,,,,,covonly
delta_version,Russia_W,clim_re,clim,41.0,16.0,,,,,,,,,,,,,,,,,,,,,,,,,,,,,,,const,,,,,,,,0.02839632946369619,-0.0037009238074089622,0.06831816661578728,-0.045706695231501726,-0.10210208616261783,-0.004822911341524023,ok,43.95359392270848,43.92519759324478,0.0,,,,,,,,,,,,covonly
delta_version,Russia_W,clim_re,clim,41.0,16.0,,,,,,,,,,,,,,,,,,,,,,,,,,,,,,,tddlin,,,,,,,,-0.0383540558529063,-0.08775221146161236,0.0058268138272978675,0.06101815484321094,0.019894480093910795,0.11298224098829021,ok,40.74680215979428,40.785156215647184,0.0,,,,,,,,,,,,covonly
delta_version,Russia_W,clim_re,clim,41.0,16.0,,,,,,,,,,,,,,,,,,,,,,,,,,,,,,,none,,,,,,,,-4.229966316415812e-05,-0.00018344834226926565,7.488248725202591e-05,7.239478512133246e-05,-6.849003712092739e-05,0.00027467403932934786,ok,43.165065466301655,43.16510776596482,0.0,,,,,,,,,,,,covonly
delta_version,Russia_E,clim_re,clim,37.0,17.0,,,,,,,,,,,,,,,,,,,,,,,,,,,,,,,stefan,,,,,,,,-0.005989378495875997,-0.015386686757585543,0.04060887364708502,0.02623514149646411,0.00395931289776037,0.05824799910581303,ok,33.205066106237,33.211055484732874,0.0,,,,,,,,,,,,covonly
delta_version,Russia_E,clim_re,clim,37.0,17.0,,,,,,,,,,,,,,,,,,,,,,,,,,,,,,,const,,,,,,,,-0.014383124738770903,-0.1361782883310318,0.009773318910680472,-0.010538814355818715,-0.12456492964208084,0.07140678883503979,ok,36.26672070897022,36.28110383370899,0.0,,,,,,,,,,,,covonly
delta_version,Russia_E,clim_re,clim,37.0,17.0,,,,,,,,,,,,,,,,,,,,,,,,,,,,,,,tddlin,,,,,,,,0.003449482556945327,-0.032439812444591355,0.06028142384755008,-0.011829863424331677,-0.09395971548641366,0.0366835384419849,ok,34.08972228528228,34.08627280272533,0.0,,,,,,,,,,,,covonly
delta_version,Russia_E,clim_re,clim,37.0,17.0,,,,,,,,,,,,,,,,,,,,,,,,,,,,,,,none,,,,,,,,-0.00031555928724458226,-0.0004816009562482293,7.323611825587043e-05,0.00021082377971026744,-4.103219184831141e-05,0.00041549134159035706,ok,35.7871575774675,35.78747313675474,0.0,,,,,,,,,,,,covonly
delta_version,Alaska,clim_yr,clim,13606.0,74.0,,,,,,,,,,,,,,,,,,,,,,,,,,,,,,,stefan_oof6,,,,,,,,-0.010496672006826913,-0.07874557693514612,0.029120906290405684,-0.007676982356877415,-0.11488561825731194,0.1640705389116653,ok,14.446228073457556,14.456724745464383,0.0,,,,,,,,,,,,indomain
delta_version,Lena,clim_yr,clim,2958.0,20.0,,,,,,,,,,,,,,,,,,,,,,,,,,,,,,,stefan,,,,,,,,-0.0790179038608052,-0.14857529336868716,0.058969366144484885,-0.31027243131941784,-0.31733421182867433,-0.30317292862782763,ok,21.544956177970434,21.62397408183124,0.0,,,,,,,,,,,,noinfo
delta_version,Lena,clim_yr,clim,2958.0,20.0,,,,,,,,,,,,,,,,,,,,,,,,,,,,,,,stefan_cci,,,,,,,,0.012541591942245134,-0.02042556505385544,0.053089256933138776,-0.1551362156597087,-0.15846804199684597,-0.15158424807412657,ok,20.773482160425324,20.76094056848308,0.0,,,,,,,,,,,,noinfo
delta_version,Canada,clim_yr,clim,747.0,36.0,,,,,,,,,,,,,,,,,,,,,,,,,,,,,,,stefan,,,,,,,,-0.09700328211957299,-0.2307690235573653,0.009936319148701854,-0.3016635615023273,-0.3897483642229536,-0.1975461811604923,ok,26.406807387908916,26.50381067002849,0.0,,,,,,,,,,,,noinfo
delta_version,Canada,clim_yr,clim,747.0,36.0,,,,,,,,,,,,,,,,,,,,,,,,,,,,,,,stefan_cci,,,,,,,,-0.06398684678015698,-0.11513022596624313,-0.01772436626531699,-0.15083178075116255,-0.19508411363684314,-0.09455669915277891,ok,25.6552766075595,25.719263454339657,1.0,,,,,,,,,,,,noinfo
delta_version,Russia_W,clim_yr,clim,28.0,18.0,,,,,,,,,,,,,,,,,,,,,,,,,,,,,,,stefan,,,,,,,,-0.08298611505858844,-0.2520283916398197,0.08989825898919815,0.07744643913323301,-0.14494528122400804,0.27650311328835203,ok,42.372748225802056,42.455734340860644,0.0,,,,,,,,,,,,noinfo
delta_version,Russia_W,clim_yr,clim,28.0,18.0,,,,,,,,,,,,,,,,,,,,,,,,,,,,,,,stefan_cci,,,,,,,,-0.03172957276984789,-0.11895662042831016,0.050686932274480644,0.038723219566612954,-0.052086784861956746,0.15039779133576095,ok,41.41222793401682,41.44395750678667,0.0,,,,,,,,,,,,noinfo
delta_version,Russia_C,clim_yr,clim,7.0,6.0,,,,,,,,,,,,,,,,,,,,,,,,,,,,,,,stefan,,,,,,,,0.18859629422273372,,,-0.35095587489430713,,,blocks<8,53.57459054672677,53.385994252504034,0.0,,,,,,,,,,,,noinfo
delta_version,Russia_C,clim_yr,clim,7.0,6.0,,,,,,,,,,,,,,,,,,,,,,,,,,,,,,,stefan_cci,,,,,,,,0.07642029597391087,,,-0.1754779374471589,,,blocks<8,54.07603333800798,53.99961304203407,0.0,,,,,,,,,,,,noinfo
delta_version,Russia_E,clim_yr,clim,27.0,19.0,,,,,,,,,,,,,,,,,,,,,,,,,,,,,,,stefan,,,,,,,,0.028135707905011742,-0.08147774832618185,0.06225786609892214,-0.11411352998548097,-0.15712854627476963,-0.07213196639946448,ok,28.472411786949674,28.444276079044663,0.0,,,,,,,,,,,,noinfo
delta_version,Russia_E,clim_yr,clim,27.0,19.0,,,,,,,,,,,,,,,,,,,,,,,,,,,,,,,stefan_cci,,,,,,,,0.020976628906694827,-0.003649386323463432,0.0345082408467137,-0.05705676499274226,-0.07638863621429234,-0.03633359372730776,ok,27.677717772766524,27.65674114385983,0.0,,,,,,,,,,,,noinfo
delta_version,Greenland,clim_yr,clim,1.0,1.0,,,,,,,,,,,,,,,,,,,,,,,,,,,,,,,stefan,,,,,,,,-0.19405596435768757,,,0.19405596435768757,,,blocks<8,30.70501334966307,30.899069314020757,0.0,,,,,,,,,,,,noinfo
delta_version,Greenland,clim_yr,clim,1.0,1.0,,,,,,,,,,,,,,,,,,,,,,,,,,,,,,,stefan_cci,,,,,,,,-0.09702798217884379,,,0.09702798217884379,,,blocks<8,21.10250667483153,21.199534657010375,0.0,,,,,,,,,,,,noinfo
delta_version,MAIN6,clim_yr,clim,3768.0,99.0,,,,,,,,,,,,,,,,,,,,,,,,,,,,,,,stefan,,,,,,,,-0.08045854101575856,-0.1486641424051319,0.01716622833799407,-0.3042207357905662,-0.3279908997552196,-0.26599107894417795,ok,22.964667803377992,23.04512634439375,0.0,,,,,,,,,,,,noinfo
delta_version,MAIN6,clim_yr,clim,3768.0,99.0,,,,,,,,,,,,,,,,,,,,,,,,,,,,,,,stefan_cci,,,,,,,,-0.00539771268244138,-0.04381489926264139,0.019760093991042525,-0.1521103678952832,-0.16359186959468483,-0.13223153976433077,ok,22.204511839755945,22.209909552438386,0.0,,,,,,,,,,,,noinfo
delta_version,Lena,clim_yr,clim,4661.0,15.0,,,,,,,,,,,,,,,,,,,,,,,,,,,,,,,stefan,,,,,,,,-0.13655886426500885,-0.18592863523098596,-0.040056571555018294,-0.2922317078160628,-0.3197247473312257,-0.24331309820279076,ok,17.563829969287706,17.700388833552715,1.0,,,,,,,,,,,,covonly
delta_version,Lena,clim_yr,clim,4661.0,15.0,,,,,,,,,,,,,,,,,,,,,,,,,,,,,,,const,,,,,,,,-0.0003895147251284925,-0.0018440778457535778,0.004770628920560414,-0.0009249083918660972,-0.0032354834975931277,0.008537182059538713,ok,19.334379691968362,19.33476920669349,0.0,,,,,,,,,,,,covonly
delta_version,Lena,clim_yr,clim,4661.0,15.0,,,,,,,,,,,,,,,,,,,,,,,,,,,,,,,tddlin,,,,,,,,-0.1038064065799631,-0.150712757468383,-0.042249001416199417,-0.2104067455057148,-0.23821285680258514,-0.1872780577512517,ok,17.673892189457224,17.777698596037187,1.0,,,,,,,,,,,,covonly
delta_version,Lena,clim_yr,clim,4661.0,15.0,,,,,,,,,,,,,,,,,,,,,,,,,,,,,,,none,,,,,,,,0.4813440842542924,-0.12625406366430922,0.940805573495412,0.46092814437085217,-0.2779672462248938,0.961166514606775,ok,21.751607716020835,21.270263631766543,0.0,,,,,,,,,,,,covonly
delta_version,Canada,clim_yr,clim,1152.0,29.0,,,,,,,,,,,,,,,,,,,,,,,,,,,,,,,stefan,,,,,,,,0.08836485712212294,-0.3225542500394333,0.26551612903848504,-0.494880931528181,-0.68732849417492,-0.35313239936577495,ok,30.074568550203413,29.98620369308129,0.0,,,,,,,,,,,,covonly
delta_version,Canada,clim_yr,clim,1152.0,29.0,,,,,,,,,,,,,,,,,,,,,,,,,,,,,,,const,,,,,,,,0.21746009984017434,-0.004071425973722316,0.31506135236117133,-0.2379625522921991,-0.5656103686037739,-0.011650848731486519,ok,37.34617320808626,37.12871310824609,0.0,,,,,,,,,,,,covonly
delta_version,Canada,clim_yr,clim,1152.0,29.0,,,,,,,,,,,,,,,,,,,,,,,,,,,,,,,tddlin,,,,,,,,-0.028203753664094222,-0.06368911059815759,0.08169593646490839,0.06884505609461655,-0.25538170975694646,0.1954098952388453,ok,30.71586594515897,30.744069698823065,0.0,,,,,,,,,,,,covonly
delta_version,Canada,clim_yr,clim,1152.0,29.0,,,,,,,,,,,,,,,,,,,,,,,,,,,,,,,none,,,,,,,,-0.5813264512190344,-0.9599289811327028,0.2932878432148355,0.6679672004311534,-0.1218884625203661,1.2703021031659871,ok,33.98466901113584,34.56599546235488,0.0,,,,,,,,,,,,covonly
delta_version,Russia_W,clim_yr,clim,41.0,16.0,,,,,,,,,,,,,,,,,,,,,,,,,,,,,,,stefan,,,,,,,,0.048610997073396334,-0.8363472299358625,1.2097282796904778,-0.23090367352284957,-1.8579209789569728,0.761859368063251,ok,39.74114246279365,39.69253146572025,0.0,,,,,,,,,,,,covonly
delta_version,Russia_W,clim_yr,clim,41.0,16.0,,,,,,,,,,,,,,,,,,,,,,,,,,,,,,,const,,,,,,,,0.06636696670981479,0.02554800800477146,0.11880468234752399,-0.09246176902804848,-0.15312113372077044,-0.044697597527558086,ok,43.9915645599546,43.92519759324478,1.0,,,,,,,,,,,,covonly
delta_version,Russia_W,clim_yr,clim,41.0,16.0,,,,,,,,,,,,,,,,,,,,,,,,,,,,,,,tddlin,,,,,,,,0.007523599841313455,-0.27992767183887235,0.33525089567781485,-0.006581242150140554,-0.5138727419893042,0.3603974385559272,ok,40.7926798154885,40.785156215647184,0.0,,,,,,,,,,,,covonly
delta_version,Russia_W,clim_yr,clim,41.0,16.0,,,,,,,,,,,,,,,,,,,,,,,,,,,,,,,none,,,,,,,,0.31820380673719484,0.14767886915773404,0.5543889056285581,-0.3731245796394731,-0.7130089324157882,-0.06925783674970586,ok,43.483311572702014,43.16510776596482,1.0,,,,,,,,,,,,covonly
delta_version,Russia_E,clim_yr,clim,37.0,17.0,,,,,,,,,,,,,,,,,,,,,,,,,,,,,,,stefan,,,,,,,,0.14468060189987852,-0.3741544068319995,0.28054640011074905,-0.3671638622300062,-0.6752099298810913,-0.10432219032350563,ok,33.35573608663275,33.211055484732874,0.0,,,,,,,,,,,,covonly
delta_version,Russia_E,clim_yr,clim,37.0,17.0,,,,,,,,,,,,,,,,,,,,,,,,,,,,,,,const,,,,,,,,0.000520817059580736,-0.09982459913167241,0.03478619592134533,0.03670978951127424,-0.044371151166666845,0.14329793254317544,ok,36.28162465076857,36.28110383370899,0.0,,,,,,,,,,,,covonly
delta_version,Russia_E,clim_yr,clim,37.0,17.0,,,,,,,,,,,,,,,,,,,,,,,,,,,,,,,tddlin,,,,,,,,-0.01457990036064416,-0.35728297839966033,0.04545787745048474,-0.25355763325335445,-0.4980096591703765,-0.061661636220990704,ok,34.07169290236469,34.08627280272533,0.0,,,,,,,,,,,,covonly
delta_version,Russia_E,clim_yr,clim,37.0,17.0,,,,,,,,,,,,,,,,,,,,,,,,,,,,,,,none,,,,,,,,-0.28794808359389634,-0.4407739472422428,-0.07669978329197817,-0.1877946467967604,-0.530802710044728,0.07557773836987272,ok,35.499525053160845,35.78747313675474,1.0,,,,,,,,,,,,covonly
delta_version,Alaska,matched,clim,13606.0,74.0,,,,,,,,,,,,,,,,,,,,,,,,,,,,,,,stefan_oof6,,,,,,,,1.9104291829721358,0.0581028316145374,3.30734513783899,-1.415186198484884,-4.251278940267829,2.96686405539657,ok,16.36715392843652,14.456724745464383,1.0,,,,,,,,,,,,indomain
delta_version,Lena,matched,clim,2958.0,20.0,,,,,,,,,,,,,,,,,,,,,,,,,,,,,,,stefan,,,,,,,,-1.005906297141518,-2.7507548495764764,-0.21298650350309134,0.836319171173427,-0.26306119977048875,4.361909724022666,ok,20.61806778468972,21.62397408183124,1.0,,,,,,,,,,,,noinfo
delta_version,Lena,matched,clim,2958.0,20.0,,,,,,,,,,,,,,,,,,,,,,,,,,,,,,,stefan_cci,,,,,,,,-0.7441339905243609,-1.4038903224740678,-0.4371904742985494,0.4181595855867135,-0.20318195812949622,1.7953115390462322,ok,20.016806577958718,20.76094056848308,1.0,,,,,,,,,,,,noinfo
delta_version,Canada,matched,clim,747.0,36.0,,,,,,,,,,,,,,,,,,,,,,,,,,,,,,,stefan,,,,,,,,0.06324457803781414,-2.8058910053974437,2.6728562598961654,5.936395162060284,4.866709977512401,7.193781087534625,ok,26.567055248066303,26.50381067002849,0.0,,,,,,,,,,,,noinfo
delta_version,Canada,matched,clim,747.0,36.0,,,,,,,,,,,,,,,,,,,,,,,,,,,,,,,stefan_cci,,,,,,,,0.5671614871230126,-0.4507252239758875,1.535236199823513,2.968197581030143,2.4305211924088033,3.6212265901795395,ok,26.28642494146267,25.719263454339657,0.0,,,,,,,,,,,,noinfo
delta_version,Russia_W,matched,clim,28.0,18.0,,,,,,,,,,,,,,,,,,,,,,,,,,,,,,,stefan,,,,,,,,-1.3828710533227166,-2.3465051481680326,-0.5475239388846477,1.991093845267585,0.8663389464400691,3.1585059990483266,ok,41.07286328753793,42.455734340860644,1.0,,,,,,,,,,,,noinfo
delta_version,Russia_W,matched,clim,28.0,18.0,,,,,,,,,,,,,,,,,,,,,,,,,,,,,,,stefan_cci,,,,,,,,-0.5657891046438905,-1.02807537216578,-0.09896534528198107,0.9955469226337854,0.3638121137739864,1.6724456038077866,ok,40.87816840214278,41.44395750678667,1.0,,,,,,,,,,,,noinfo
delta_version,Russia_C,matched,clim,7.0,6.0,,,,,,,,,,,,,,,,,,,,,,,,,,,,,,,stefan,,,,,,,,-1.7545905865024523,,,2.0158586630815165,,,blocks<8,51.63140366600158,53.385994252504034,0.0,,,,,,,,,,,,noinfo
delta_version,Russia_C,matched,clim,7.0,6.0,,,,,,,,,,,,,,,,,,,,,,,,,,,,,,,stefan_cci,,,,,,,,-0.7564483116730472,,,1.0079293315407511,,,blocks<8,53.24316473036102,53.99961304203407,0.0,,,,,,,,,,,,noinfo
delta_version,Russia_E,matched,clim,27.0,19.0,,,,,,,,,,,,,,,,,,,,,,,,,,,,,,,stefan,,,,,,,,-0.7031427131238459,-1.0905592670759527,0.3091677761135424,1.6190046233253579,1.1052583854303992,2.080412917911933,ok,27.741133365920817,28.444276079044663,0.0,,,,,,,,,,,,noinfo
delta_version,Russia_E,matched,clim,27.0,19.0,,,,,,,,,,,,,,,,,,,,,,,,,,,,,,,stefan_cci,,,,,,,,-0.4479975864584169,-0.60272678483836,-0.13859425673633285,0.809502311662678,0.5225485539705045,1.041500189535256,ok,27.208743557401412,27.65674114385983,1.0,,,,,,,,,,,,noinfo
delta_version,Greenland,matched,clim,1.0,1.0,,,,,,,,,,,,,,,,,,,,,,,,,,,,,,,stefan,,,,,,,,-5.015201801200632,,,5.015201801200632,,,blocks<8,25.883867512820125,30.899069314020757,0.0,,,,,,,,,,,,noinfo
delta_version,Greenland,matched,clim,1.0,1.0,,,,,,,,,,,,,,,,,,,,,,,,,,,,,,,stefan_cci,,,,,,,,-2.507600900600309,,,2.507600900600309,,,blocks<8,18.691933756410066,21.199534657010375,0.0,,,,,,,,,,,,noinfo
delta_version,MAIN6,matched,clim,3768.0,99.0,,,,,,,,,,,,,,,,,,,,,,,,,,,,,,,stefan,,,,,,,,-0.7555161805031005,-1.9686374122507873,0.5517372869782946,1.8648909923912091,0.84475768595023,5.150575137983864,ok,22.28961016389065,23.04512634439375,0.0,,,,,,,,,,,,noinfo
delta_version,MAIN6,matched,clim,3768.0,99.0,,,,,,,,,,,,,,,,,,,,,,,,,,,,,,,stefan_cci,,,,,,,,-0.4244337562930802,-0.9564059979846993,0.18280752549501533,0.9324454961956048,0.4044721619614652,2.4908431154226602,ok,21.785475796145306,22.209909552438386,0.0,,,,,,,,,,,,noinfo
delta_version,Lena,matched,clim,4661.0,15.0,,,,,,,,,,,,,,,,,,,,,,,,,,,,,,,stefan,,,,,,,,-0.7586288391808225,-1.6886207692610615,0.4988565065687553,-0.09010614226850677,-1.6451224284125443,2.8447969709588206,ok,16.941759994371893,17.700388833552715,0.0,,,,,,,,,,,,covonly
delta_version,Lena,matched,clim,4661.0,15.0,,,,,,,,,,,,,,,,,,,,,,,,,,,,,,,const,,,,,,,,0.0026239254519957456,-0.0016363490022344605,0.006373987532840173,-0.0021975909368610047,-0.014845995323678961,0.003845910981004285,ok,19.337393132145486,19.33476920669349,0.0,,,,,,,,,,,,covonly
delta_version,Lena,matched,clim,4661.0,15.0,,,,,,,,,,,,,,,,,,,,,,,,,,,,,,,tddlin,,,,,,,,-0.04181005432440088,-0.3947879364472845,0.43030465988368416,0.8422394783702618,0.08877797700093025,2.5038367385578706,ok,17.735888541712786,17.777698596037187,0.0,,,,,,,,,,,,covonly
delta_version,Lena,matched,clim,4661.0,15.0,,,,,,,,,,,,,,,,,,,,,,,,,,,,,,,none,,,,,,,,-0.04835433031588465,-1.0724739364860465,0.4654908620425217,-0.23470069436558916,-1.580124345291947,0.509543805602169,ok,21.22190930145066,21.270263631766543,0.0,,,,,,,,,,,,covonly
delta_version,Canada,matched,clim,1152.0,29.0,,,,,,,,,,,,,,,,,,,,,,,,,,,,,,,stefan,,,,,,,,-1.2611619277572288,-3.3651995384683957,2.3493180100773805,6.06975725057871,4.010216826642793,7.587559706004935,ok,28.72504176532406,29.98620369308129,0.0,,,,,,,,,,,,covonly
delta_version,Canada,matched,clim,1152.0,29.0,,,,,,,,,,,,,,,,,,,,,,,,,,,,,,,const,,,,,,,,0.3394047129197375,0.03899953641117593,0.47432900250699567,-0.3222616185111349,-0.766268787969146,0.14864701991076656,ok,37.468117821165826,37.12871310824609,1.0,,,,,,,,,,,,covonly
delta_version,Canada,matched,clim,1152.0,29.0,,,,,,,,,,,,,,,,,,,,,,,,,,,,,,,tddlin,,,,,,,,-0.7653280450374176,-1.422804471728217,0.6953943091144801,2.7977603426955717,1.7625144881350567,4.091268612808686,ok,29.978741653785647,30.744069698823065,0.0,,,,,,,,,,,,covonly
delta_version,Canada,matched,clim,1152.0,29.0,,,,,,,,,,,,,,,,,,,,,,,,,,,,,,,none,,,,,,,,0.03556599534418581,-0.2183214771165665,0.6254672208590507,0.6648369596061414,-0.0922436005561087,1.5837814410044284,ok,34.60156145769906,34.56599546235488,0.0,,,,,,,,,,,,covonly
delta_version,Russia_W,matched,clim,41.0,16.0,,,,,,,,,,,,,,,,,,,,,,,,,,,,,,,stefan,,,,,,,,-0.5950848702664331,-1.6946467417784175,1.1033118533417703,0.7385079875138167,-1.3094848278764097,2.1062793235518806,ok,39.09744659545382,39.69253146572025,0.0,,,,,,,,,,,,covonly
delta_version,Russia_W,matched,clim,41.0,16.0,,,,,,,,,,,,,,,,,,,,,,,,,,,,,,,const,,,,,,,,0.04248729240482163,-0.020695117834745244,0.11867426938917054,-0.05026465413636316,-0.12488939510376866,0.022468628871026564,ok,43.967684885649604,43.92519759324478,0.0,,,,,,,,,,,,covonly
delta_version,Russia_W,matched,clim,41.0,16.0,,,,,,,,,,,,,,,,,,,,,,,,,,,,,,,tddlin,,,,,,,,-0.8807843598025755,-1.2974324769664416,-0.31835003939194306,1.2279830482574035,0.6491150462870218,1.5761160022886957,ok,39.90437185584461,40.785156215647184,1.0,,,,,,,,,,,,covonly
delta_version,Russia_W,matched,clim,41.0,16.0,,,,,,,,,,,,,,,,,,,,,,,,,,,,,,,none,,,,,,,,0.13839978206592463,-0.5777840524656295,1.0409299766247853,-0.356728164432738,-1.2356294312509926,0.2668666848314281,ok,43.303507548030744,43.16510776596482,0.0,,,,,,,,,,,,covonly
delta_version,Russia_E,matched,clim,37.0,17.0,,,,,,,,,,,,,,,,,,,,,,,,,,,,,,,stefan,,,,,,,,0.3196241899909822,-0.8822963086992993,0.7924353306381491,0.8997082541017107,-0.06940789699625696,2.021544104312344,ok,33.53067967472386,33.211055484732874,0.0,,,,,,,,,,,,covonly
delta_version,Russia_E,matched,clim,37.0,17.0,,,,,,,,,,,,,,,,,,,,,,,,,,,,,,,const,,,,,,,,-0.1253101003462902,-0.2300372897933908,0.14361145990474777,-0.019309934388505923,-0.2573670817504325,0.14451614862595963,ok,36.1557937333627,36.28110383370899,0.0,,,,,,,,,,,,covonly
delta_version,Russia_E,matched,clim,37.0,17.0,,,,,,,,,,,,,,,,,,,,,,,,,,,,,,,tddlin,,,,,,,,0.5764702363740568,-0.06257272068199712,0.9417567622067193,0.8796134236245567,0.05545715720192352,2.00149993624461,ok,34.66274303909939,34.08627280272533,0.0,,,,,,,,,,,,covonly
delta_version,Russia_E,matched,clim,37.0,17.0,,,,,,,,,,,,,,,,,,,,,,,,,,,,,,,none,,,,,,,,-0.5281904573255432,-1.024915316759786,0.8233252186519306,0.5191017352720806,-0.15149690128896454,1.001481800580733,ok,35.2592826794292,35.78747313675474,0.0,,,,,,,,,,,,covonly
delta_version,Alaska,full,clim,13606.0,74.0,,,,,,,,,,,,,,,,,,,,,,,,,,,,,,,stefan_oof6,,,,,,,,-0.24958043588553736,-0.5643338330737165,0.08403837260264126,0.2781052130292254,-1.377051113078973,1.6558879996638893,ok,14.207144309578846,14.456724745464383,0.0,,,,,,,,,,,,indomain
delta_version,Lena,full,clim,2958.0,20.0,,,,,,,,,,,,,,,,,,,,,,,,,,,,,,,stefan,,,,,,,,0.6035702776013316,-0.4114305877502708,1.1240704498677137,2.0068202416188035,1.7374488248782503,2.2195556986989904,ok,22.22754435943257,21.62397408183124,0.0,,,,,,,,,,,,noinfo
delta_version,Lena,full,clim,2958.0,20.0,,,,,,,,,,,,,,,,,,,,,,,,,,,,,,,stefan_cci,,,,,,,,-0.05867932468664705,-0.4304925078830326,0.1310081363867154,1.0034101208094017,0.8663250901987897,1.1114396482607134,ok,20.702261243796432,20.76094056848308,0.0,,,,,,,,,,,,noinfo
delta_version,Canada,full,clim,747.0,36.0,,,,,,,,,,,,,,,,,,,,,,,,,,,,,,,stefan,,,,,,,,0.25921974796768055,-1.5461925834832677,1.9182163900238363,3.8956480343575604,3.3050636338295423,4.4357553464258945,ok,26.76303041799617,26.50381067002849,0.0,,,,,,,,,,,,noinfo
delta_version,Canada,full,clim,747.0,36.0,,,,,,,,,,,,,,,,,,,,,,,,,,,,,,,stefan_cci,,,,,,,,0.44813245329477525,-0.1619974236811827,0.9391701133864707,1.94782401717878,1.6209749752765061,2.202790916321403,ok,26.167395907634432,25.719263454339657,0.0,,,,,,,,,,,,noinfo
delta_version,Russia_W,full,clim,28.0,18.0,,,,,,,,,,,,,,,,,,,,,,,,,,,,,,,stefan,,,,,,,,-0.3367204950656273,-0.8188448644293036,0.09256976714412898,0.4677977899921366,-0.13208434608670006,1.199708946751424,ok,42.11901384579502,42.455734340860644,0.0,,,,,,,,,,,,noinfo
delta_version,Russia_W,full,clim,28.0,18.0,,,,,,,,,,,,,,,,,,,,,,,,,,,,,,,stefan_cci,,,,,,,,-0.11979464305471765,-0.34165747232084787,0.10195986765474754,0.23389889499606298,-0.050243647819944115,0.5378443646369506,ok,41.32416286373195,41.44395750678667,0.0,,,,,,,,,,,,noinfo
delta_version,Russia_C,full,clim,7.0,6.0,,,,,,,,,,,,,,,,,,,,,,,,,,,,,,,stefan,,,,,,,,-1.147661393078657,,,1.7465677464212774,,,blocks<8,52.23833285942538,53.385994252504034,0.0,,,,,,,,,,,,noinfo
delta_version,Russia_C,full,clim,7.0,6.0,,,,,,,,,,,,,,,,,,,,,,,,,,,,,,,stefan_cci,,,,,,,,-0.5025727662632846,,,0.8732838732106316,,,blocks<8,53.497040275770786,53.99961304203407,0.0,,,,,,,,,,,,noinfo
delta_version,Russia_E,full,clim,27.0,19.0,,,,,,,,,,,,,,,,,,,,,,,,,,,,,,,stefan,,,,,,,,-0.38626046500564826,-0.6070485381805066,0.3549156975514051,0.9619390959925607,0.514970623137934,1.3201755960007906,ok,28.058015614039014,28.444276079044663,0.0,,,,,,,,,,,,noinfo
delta_version,Russia_E,full,clim,27.0,19.0,,,,,,,,,,,,,,,,,,,,,,,,,,,,,,,stefan_cci,,,,,,,,-0.2642893442013694,-0.35598290466494215,-0.11623134990043105,0.4809695479962812,0.25285080190970616,0.7160507166966441,ok,27.39245179965846,27.65674114385983,1.0,,,,,,,,,,,,noinfo
delta_version,Greenland,full,clim,1.0,1.0,,,,,,,,,,,,,,,,,,,,,,,,,,,,,,,stefan,,,,,,,,-1.5931688732098763,,,1.5931688732098763,,,blocks<8,29.30590044081088,30.899069314020757,0.0,,,,,,,,,,,,noinfo
delta_version,Greenland,full,clim,1.0,1.0,,,,,,,,,,,,,,,,,,,,,,,,,,,,,,,stefan_cci,,,,,,,,-0.7965844366049311,,,0.7965844366049311,,,blocks<8,20.402950220405444,21.199534657010375,0.0,,,,,,,,,,,,noinfo
delta_version,MAIN6,full,clim,3768.0,99.0,,,,,,,,,,,,,,,,,,,,,,,,,,,,,,,stefan,,,,,,,,0.4915338847625499,-0.32584985204701544,1.0657855963210712,2.3617604015879143,2.040406011940058,2.9849501269305443,ok,23.5366602291563,23.04512634439375,0.0,,,,,,,,,,,,noinfo
delta_version,MAIN6,full,clim,3768.0,99.0,,,,,,,,,,,,,,,,,,,,,,,,,,,,,,,stefan_cci,,,,,,,,0.05424715609329667,-0.1658899122879778,0.3328848389514824,1.1808802007939563,1.0340986320383614,1.515552976951063,ok,22.264156708531683,22.209909552438386,0.0,,,,,,,,,,,,noinfo
delta_version,Lena,full,clim,4661.0,15.0,,,,,,,,,,,,,,,,,,,,,,,,,,,,,,,stefan,,,,,,,,1.0455476095632967,0.4096515167898952,1.3400780967132349,2.0052424532828894,1.7898598045666139,2.152222893150792,ok,18.745936443116012,17.700388833552715,1.0,,,,,,,,,,,,covonly
delta_version,Lena,full,clim,4661.0,15.0,,,,,,,,,,,,,,,,,,,,,,,,,,,,,,,const,,,,,,,,-0.00035631401913960303,-0.0036129368195137344,0.00522450779616682,-0.0035672950138838644,-0.007532698836064,-0.00035486142726180085,ok,19.33441289267435,19.33476920669349,0.0,,,,,,,,,,,,covonly
delta_version,Lena,full,clim,4661.0,15.0,,,,,,,,,,,,,,,,,,,,,,,,,,,,,,,tddlin,,,,,,,,0.6305616080248555,0.29759218668615334,0.7662284994260475,1.269752843995862,0.9951863747114637,1.5053413336142325,ok,18.408260204062042,17.777698596037187,1.0,,,,,,,,,,,,covonly
delta_version,Lena,full,clim,4661.0,15.0,,,,,,,,,,,,,,,,,,,,,,,,,,,,,,,none,,,,,,,,0.09957311295140414,-0.3546524729019765,0.40950911192511485,0.014653829549430952,-0.6653150286924499,0.35774187678353536,ok,21.369836744717947,21.270263631766543,0.0,,,,,,,,,,,,covonly
delta_version,Canada,full,clim,1152.0,29.0,,,,,,,,,,,,,,,,,,,,,,,,,,,,,,,stefan,,,,,,,,-0.9549330816922073,-2.1016334549208033,1.5710848299851876,3.960976987859714,2.0104912092802905,5.679537641567385,ok,29.031270611389083,29.98620369308129,0.0,,,,,,,,,,,,covonly
delta_version,Canada,full,clim,1152.0,29.0,,,,,,,,,,,,,,,,,,,,,,,,,,,,,,,const,,,,,,,,0.3476758185684261,0.019361308420575173,0.48936202650590926,-0.38608496484053845,-0.8081124294125567,0.05244813097599227,ok,37.476388926814515,37.12871310824609,1.0,,,,,,,,,,,,covonly
delta_version,Canada,full,clim,1152.0,29.0,,,,,,,,,,,,,,,,,,,,,,,,,,,,,,,tddlin,,,,,,,,-1.7624871606207577,-3.169082541461704,1.15725205531702,5.114810128256673,2.7090734150689872,6.271489459670284,ok,28.981582538202307,30.744069698823065,0.0,,,,,,,,,,,,covonly
delta_version,Canada,full,clim,1152.0,29.0,,,,,,,,,,,,,,,,,,,,,,,,,,,,,,,none,,,,,,,,0.39292648312724765,0.0607292951748347,0.7315949093873031,-0.8378122046123178,-1.2357740524234062,-0.5114738992943202,ok,34.958921945482125,34.56599546235488,1.0,,,,,,,,,,,,covonly
delta_version,Russia_W,full,clim,41.0,16.0,,,,,,,,,,,,,,,,,,,,,,,,,,,,,,,stefan,,,,,,,,-0.034704507922725725,-1.0386758839366734,1.1023228808869183,-0.10496441275254753,-1.552020020550148,1.0064764592738586,ok,39.657826957797525,39.69253146572025,0.0,,,,,,,,,,,,covonly
delta_version,Russia_W,full,clim,41.0,16.0,,,,,,,,,,,,,,,,,,,,,,,,,,,,,,,const,,,,,,,,-0.0011314361607830392,-0.13751390148237322,0.06753704134184273,-0.01917620701364342,-0.10566757893166674,0.14871485301133705,ok,43.924066157084,43.92519759324478,0.0,,,,,,,,,,,,covonly
delta_version,Russia_W,full,clim,41.0,16.0,,,,,,,,,,,,,,,,,,,,,,,,,,,,,,,tddlin,,,,,,,,-0.3118638304243859,-0.7718148644110239,0.2235928924417742,0.36689513418659914,-0.4081908773067783,0.9968633375261662,ok,40.4732923852228,40.785156215647184,0.0,,,,,,,,,,,,covonly
delta_version,Russia_W,full,clim,41.0,16.0,,,,,,,,,,,,,,,,,,,,,,,,,,,,,,,none,,,,,,,,0.9233230387957647,0.5616376271773497,1.2680996892740497,-1.1025718062580978,-1.4329654594357863,-0.7131259805247133,ok,44.088430804760584,43.16510776596482,1.0,,,,,,,,,,,,covonly
delta_version,Russia_E,full,clim,37.0,17.0,,,,,,,,,,,,,,,,,,,,,,,,,,,,,,,stefan,,,,,,,,-0.11296617258348363,-0.5879323980999869,0.11811942100243776,0.5577206486649473,0.040927876801987666,1.1796402796161711,ok,33.09808931214939,33.211055484732874,0.0,,,,,,,,,,,,covonly
delta_version,Russia_E,full,clim,37.0,17.0,,,,,,,,,,,,,,,,,,,,,,,,,,,,,,,const,,,,,,,,0.00858703410939654,-0.083348043132779,0.037575319146646295,-0.08519029506254938,-0.18586205945315853,-2.6386809166999207e-06,ok,36.289690867818386,36.28110383370899,0.0,,,,,,,,,,,,covonly
delta_version,Russia_E,full,clim,37.0,17.0,,,,,,,,,,,,,,,,,,,,,,,,,,,,,,,tddlin,,,,,,,,-0.05080237913422536,-0.6181081996144115,0.1233513819107104,0.6162549110384479,0.19106889480469022,1.273977014069739,ok,34.03547042359111,34.08627280272533,0.0,,,,,,,,,,,,covonly
delta_version,Russia_E,full,clim,37.0,17.0,,,,,,,,,,,,,,,,,,,,,,,,,,,,,,,none,,,,,,,,-0.034825682078867715,-0.4111361363967912,0.41580975229499284,-0.6345400367637506,-1.090218667091294,-0.2412278970695172,ok,35.75264745467587,35.78747313675474,0.0,,,,,,,,,,,,covonly
