cond,target,split,seed,dset,xset,anchor,pseudo,r,resid,iw,n,n_blocks,n_train,n_train_real,lam,rmse_cm,bias_cm,mae_cm,r2,fit_s,error
covonly,Lena,0,0,alaska,x25,stefan,none,0.0,catboost_lo,0,1496,11,13606,13606,0.0,16.114,7.264,12.999,-0.2585,1.2,
covonly,Lena,0,0,alaska,x25,stefan,none,0.0,catboost_lo,0,1496,11,13606,13606,0.25,16.789,8.539,13.828,-0.3661,1.2,
covonly,Lena,0,0,alaska,x25,stefan,none,0.0,catboost_lo,0,1496,11,13606,13606,0.5,17.553,9.814,14.755,-0.4933,1.2,
covonly,Lena,0,0,alaska,x25,stefan,none,0.0,catboost_lo,0,1496,11,13606,13606,0.75,18.395,11.088,15.729,-0.64,1.2,
covonly,Lena,0,0,alaska,x25,stefan,none,0.0,catboost_lo,0,1496,11,13606,13606,1.0,19.305,12.363,16.734,-0.8064,1.2,
covonly,Lena,0,1,alaska,x25,stefan,none,0.0,catboost_lo,0,1496,11,13606,13606,0.0,16.114,7.264,12.999,-0.2585,0.4,
covonly,Lena,0,1,alaska,x25,stefan,none,0.0,catboost_lo,0,1496,11,13606,13606,0.25,16.681,8.39,13.691,-0.3487,0.4,
covonly,Lena,0,1,alaska,x25,stefan,none,0.0,catboost_lo,0,1496,11,13606,13606,0.5,17.319,9.516,14.459,-0.4538,0.4,
covonly,Lena,0,1,alaska,x25,stefan,none,0.0,catboost_lo,0,1496,11,13606,13606,0.75,18.021,10.642,15.282,-0.5741,0.4,
covonly,Lena,0,1,alaska,x25,stefan,none,0.0,catboost_lo,0,1496,11,13606,13606,1.0,18.78,11.768,16.142,-0.7093,0.4,
covonly,Lena,0,2,alaska,x25,stefan,none,0.0,catboost_lo,0,1496,11,13606,13606,0.0,16.114,7.264,12.999,-0.2585,0.4,
covonly,Lena,0,2,alaska,x25,stefan,none,0.0,catboost_lo,0,1496,11,13606,13606,0.25,16.879,8.707,13.901,-0.3808,0.4,
covonly,Lena,0,2,alaska,x25,stefan,none,0.0,catboost_lo,0,1496,11,13606,13606,0.5,17.743,10.15,14.914,-0.5258,0.4,
covonly,Lena,0,2,alaska,x25,stefan,none,0.0,catboost_lo,0,1496,11,13606,13606,0.75,18.693,11.592,15.98,-0.6937,0.4,
covonly,Lena,0,2,alaska,x25,stefan,none,0.0,catboost_lo,0,1496,11,13606,13606,1.0,19.717,13.035,17.086,-0.8843,0.4,
covonly,Lena,0,0,alaska,x25,none,none,0.0,catboost_lo,0,1496,11,13606,13606,1.0,19.974,14.056,17.462,-0.9336,0.4,
covonly,Lena,0,1,alaska,x25,none,none,0.0,catboost_lo,0,1496,11,13606,13606,1.0,19.479,13.255,16.93,-0.8391,0.4,
covonly,Lena,0,2,alaska,x25,none,none,0.0,catboost_lo,0,1496,11,13606,13606,1.0,19.976,14.026,17.467,-0.9341,0.4,
covonly,Lena,0,0,alaska,x14,stefan,none,0.0,catboost_lo,0,1496,11,13606,13606,0.0,16.114,7.264,12.999,-0.2585,0.4,
covonly,Lena,0,0,alaska,x14,stefan,none,0.0,catboost_lo,0,1496,11,13606,13606,0.25,16.768,8.51,13.803,-0.3627,0.4,
covonly,Lena,0,0,alaska,x14,stefan,none,0.0,catboost_lo,0,1496,11,13606,13606,0.5,17.512,9.756,14.696,-0.4865,0.4,
covonly,Lena,0,0,alaska,x14,stefan,none,0.0,catboost_lo,0,1496,11,13606,13606,0.75,18.337,11.003,15.645,-0.6296,0.4,
covonly,Lena,0,0,alaska,x14,stefan,none,0.0,catboost_lo,0,1496,11,13606,13606,1.0,19.23,12.249,16.625,-0.7923,0.4,
covonly,Lena,0,1,alaska,x14,stefan,none,0.0,catboost_lo,0,1496,11,13606,13606,0.0,16.114,7.264,12.999,-0.2585,0.4,
covonly,Lena,0,1,alaska,x14,stefan,none,0.0,catboost_lo,0,1496,11,13606,13606,0.25,16.246,7.504,13.137,-0.2792,0.4,
covonly,Lena,0,1,alaska,x14,stefan,none,0.0,catboost_lo,0,1496,11,13606,13606,0.5,16.406,7.744,13.306,-0.3046,0.4,
covonly,Lena,0,1,alaska,x14,stefan,none,0.0,catboost_lo,0,1496,11,13606,13606,0.75,16.594,7.984,13.494,-0.3347,0.4,
covonly,Lena,0,1,alaska,x14,stefan,none,0.0,catboost_lo,0,1496,11,13606,13606,1.0,16.809,8.224,13.7,-0.3694,0.4,
covonly,Lena,0,2,alaska,x14,stefan,none,0.0,catboost_lo,0,1496,11,13606,13606,0.0,16.114,7.264,12.999,-0.2585,0.5,
covonly,Lena,0,2,alaska,x14,stefan,none,0.0,catboost_lo,0,1496,11,13606,13606,0.25,16.619,8.449,13.658,-0.3387,0.5,
covonly,Lena,0,2,alaska,x14,stefan,none,0.0,catboost_lo,0,1496,11,13606,13606,0.5,17.209,9.634,14.411,-0.4354,0.5,
covonly,Lena,0,2,alaska,x14,stefan,none,0.0,catboost_lo,0,1496,11,13606,13606,0.75,17.875,10.819,15.213,-0.5486,0.5,
covonly,Lena,0,2,alaska,x14,stefan,none,0.0,catboost_lo,0,1496,11,13606,13606,1.0,18.609,12.004,16.059,-0.6784,0.5,
covonly,Lena,0,0,alaska,x14,none,none,0.0,catboost_lo,0,1496,11,13606,13606,1.0,15.225,4.787,11.676,-0.1235,0.4,
covonly,Lena,0,1,alaska,x14,none,none,0.0,catboost_lo,0,1496,11,13606,13606,1.0,15.802,4.961,12.239,-0.2102,0.4,
covonly,Lena,0,2,alaska,x14,none,none,0.0,catboost_lo,0,1496,11,13606,13606,1.0,15.434,3.433,11.61,-0.1545,0.4,
noinfo,Lena,0,0,alaska,x25,stefan,none,0.0,catboost_lo,0,2958,20,13606,13606,0.0,21.624,5.676,15.517,-0.0633,0.4,
noinfo,Lena,0,0,alaska,x25,stefan,none,0.0,catboost_lo,0,2958,20,13606,13606,0.25,22.069,7.218,16.335,-0.1075,0.4,
noinfo,Lena,0,0,alaska,x25,stefan,none,0.0,catboost_lo,0,2958,20,13606,13606,0.5,22.639,8.759,17.265,-0.1655,0.4,
noinfo,Lena,0,0,alaska,x25,stefan,none,0.0,catboost_lo,0,2958,20,13606,13606,0.75,23.324,10.301,18.278,-0.237,0.4,
noinfo,Lena,0,0,alaska,x25,stefan,none,0.0,catboost_lo,0,2958,20,13606,13606,1.0,24.114,11.842,19.351,-0.3223,0.4,
noinfo,Lena,0,1,alaska,x25,stefan,none,0.0,catboost_lo,0,2958,20,13606,13606,0.0,21.624,5.676,15.517,-0.0633,0.4,
noinfo,Lena,0,1,alaska,x25,stefan,none,0.0,catboost_lo,0,2958,20,13606,13606,0.25,22.031,7.031,16.242,-0.1037,0.4,
noinfo,Lena,0,1,alaska,x25,stefan,none,0.0,catboost_lo,0,2958,20,13606,13606,0.5,22.529,8.386,17.048,-0.1541,0.4,
noinfo,Lena,0,1,alaska,x25,stefan,none,0.0,catboost_lo,0,2958,20,13606,13606,0.75,23.112,9.742,17.922,-0.2147,0.4,
noinfo,Lena,0,1,alaska,x25,stefan,none,0.0,catboost_lo,0,2958,20,13606,13606,1.0,23.774,11.097,18.849,-0.2853,0.4,
noinfo,Lena,0,2,alaska,x25,stefan,none,0.0,catboost_lo,0,2958,20,13606,13606,0.0,21.624,5.676,15.517,-0.0633,0.4,
noinfo,Lena,0,2,alaska,x25,stefan,none,0.0,catboost_lo,0,2958,20,13606,13606,0.25,22.152,7.352,16.413,-0.1159,0.4,
noinfo,Lena,0,2,alaska,x25,stefan,none,0.0,catboost_lo,0,2958,20,13606,13606,0.5,22.811,9.027,17.43,-0.1833,0.4,
noinfo,Lena,0,2,alaska,x25,stefan,none,0.0,catboost_lo,0,2958,20,13606,13606,0.75,23.591,10.703,18.532,-0.2655,0.4,
noinfo,Lena,0,2,alaska,x25,stefan,none,0.0,catboost_lo,0,2958,20,13606,13606,1.0,24.479,12.378,19.699,-0.3626,0.4,
noinfo,Lena,0,0,alaska,x25,none,none,0.0,catboost_lo,0,2958,20,13606,13606,1.0,24.301,12.197,19.474,-0.3428,0.4,
noinfo,Lena,0,1,alaska,x25,none,none,0.0,catboost_lo,0,2958,20,13606,13606,1.0,24.013,11.509,19.074,-0.3113,0.4,
noinfo,Lena,0,2,alaska,x25,none,none,0.0,catboost_lo,0,2958,20,13606,13606,1.0,24.105,11.537,19.173,-0.3213,0.4,
noinfo,Lena,0,0,alaska,x14,stefan,none,0.0,catboost_lo,0,2958,20,13606,13606,0.0,21.624,5.676,15.517,-0.0633,0.4,
noinfo,Lena,0,0,alaska,x14,stefan,none,0.0,catboost_lo,0,2958,20,13606,13606,0.25,22.091,7.17,16.326,-0.1097,0.4,
noinfo,Lena,0,0,alaska,x14,stefan,none,0.0,catboost_lo,0,2958,20,13606,13606,0.5,22.681,8.663,17.247,-0.1698,0.4,
noinfo,Lena,0,0,alaska,x14,stefan,none,0.0,catboost_lo,0,2958,20,13606,13606,0.75,23.386,10.156,18.258,-0.2436,0.4,
noinfo,Lena,0,0,alaska,x14,stefan,none,0.0,catboost_lo,0,2958,20,13606,13606,1.0,24.194,11.649,19.323,-0.3311,0.4,
noinfo,Lena,0,1,alaska,x14,stefan,none,0.0,catboost_lo,0,2958,20,13606,13606,0.0,21.624,5.676,15.517,-0.0633,0.4,
noinfo,Lena,0,1,alaska,x14,stefan,none,0.0,catboost_lo,0,2958,20,13606,13606,0.25,21.771,6.242,15.796,-0.0778,0.4,
noinfo,Lena,0,1,alaska,x14,stefan,none,0.0,catboost_lo,0,2958,20,13606,13606,0.5,21.965,6.808,16.114,-0.0971,0.4,
noinfo,Lena,0,1,alaska,x14,stefan,none,0.0,catboost_lo,0,2958,20,13606,13606,0.75,22.207,7.374,16.46,-0.1214,0.4,
noinfo,Lena,0,1,alaska,x14,stefan,none,0.0,catboost_lo,0,2958,20,13606,13606,1.0,22.494,7.939,16.833,-0.1505,0.4,
noinfo,Lena,0,2,alaska,x14,stefan,none,0.0,catboost_lo,0,2958,20,13606,13606,0.0,21.624,5.676,15.517,-0.0633,0.4,
noinfo,Lena,0,2,alaska,x14,stefan,none,0.0,catboost_lo,0,2958,20,13606,13606,0.25,21.977,7.125,16.211,-0.0983,0.4,
noinfo,Lena,0,2,alaska,x14,stefan,none,0.0,catboost_lo,0,2958,20,13606,13606,0.5,22.446,8.574,17.023,-0.1457,0.4,
noinfo,Lena,0,2,alaska,x14,stefan,none,0.0,catboost_lo,0,2958,20,13606,13606,0.75,23.025,10.023,17.914,-0.2056,0.4,
noinfo,Lena,0,2,alaska,x14,stefan,none,0.0,catboost_lo,0,2958,20,13606,13606,1.0,23.706,11.472,18.864,-0.2779,0.4,
noinfo,Lena,0,0,alaska,x14,none,none,0.0,catboost_lo,0,2958,20,13606,13606,1.0,21.293,2.975,14.405,-0.031,0.4,
noinfo,Lena,0,1,alaska,x14,none,none,0.0,catboost_lo,0,2958,20,13606,13606,1.0,21.928,3.339,15.025,-0.0934,0.4,
noinfo,Lena,0,2,alaska,x14,none,none,0.0,catboost_lo,0,2958,20,13606,13606,1.0,21.74,2.072,14.608,-0.0747,0.4,
labels,Lena,0,0,alaska,x25,stefan,none,0.0,catboost_lo,0,1496,11,15125,15125,0.0,15.976,6.953,12.822,-0.2371,0.5,
labels,Lena,0,0,alaska,x25,stefan,none,0.0,catboost_lo,0,1496,11,15125,15125,0.25,15.063,5.612,11.724,-0.0997,0.5,
labels,Lena,0,0,alaska,x25,stefan,none,0.0,catboost_lo,0,1496,11,15125,15125,0.5,14.605,4.272,10.955,-0.0339,0.5,
labels,Lena,0,0,alaska,x25,stefan,none,0.0,catboost_lo,0,1496,11,15125,15125,0.75,14.646,2.931,10.513,-0.0397,0.5,
labels,Lena,0,0,alaska,x25,stefan,none,0.0,catboost_lo,0,1496,11,15125,15125,1.0,15.182,1.59,10.579,-0.1171,0.5,
labels,Lena,0,1,alaska,x25,stefan,none,0.0,catboost_lo,0,1496,11,15125,15125,0.0,15.976,6.953,12.822,-0.2371,0.5,
labels,Lena,0,1,alaska,x25,stefan,none,0.0,catboost_lo,0,1496,11,15125,15125,0.25,15.08,5.321,11.66,-0.1022,0.5,
labels,Lena,0,1,alaska,x25,stefan,none,0.0,catboost_lo,0,1496,11,15125,15125,0.5,14.716,3.688,10.943,-0.0497,0.5,
labels,Lena,0,1,alaska,x25,stefan,none,0.0,catboost_lo,0,1496,11,15125,15125,0.75,14.923,2.056,10.738,-0.0794,0.5,
labels,Lena,0,1,alaska,x25,stefan,none,0.0,catboost_lo,0,1496,11,15125,15125,1.0,15.678,0.423,11.237,-0.1913,0.5,
labels,Lena,0,2,alaska,x25,stefan,none,0.0,catboost_lo,0,1496,11,15125,15125,0.0,15.976,6.953,12.822,-0.2371,0.4,
labels,Lena,0,2,alaska,x25,stefan,none,0.0,catboost_lo,0,1496,11,15125,15125,0.25,15.166,5.83,11.852,-0.1148,0.4,
labels,Lena,0,2,alaska,x25,stefan,none,0.0,catboost_lo,0,1496,11,15125,15125,0.5,14.837,4.706,11.222,-0.067,0.4,
labels,Lena,0,2,alaska,x25,stefan,none,0.0,catboost_lo,0,1496,11,15125,15125,0.75,15.021,3.582,10.939,-0.0936,0.4,
labels,Lena,0,2,alaska,x25,stefan,none,0.0,catboost_lo,0,1496,11,15125,15125,1.0,15.7,2.458,11.075,-0.1947,0.4,
labels,Lena,0,0,alaska,x25,none,none,0.0,catboost_lo,0,1496,11,15125,15125,1.0,17.048,4.54,12.133,-0.4086,0.4,
labels,Lena,0,1,alaska,x25,none,none,0.0,catboost_lo,0,1496,11,15125,15125,1.0,16.078,2.305,11.284,-0.2529,0.5,
labels,Lena,0,2,alaska,x25,none,none,0.0,catboost_lo,0,1496,11,15125,15125,1.0,15.405,3.406,10.852,-0.1502,0.5,
labels,Lena,0,0,alaska,x14,stefan,none,0.0,catboost_lo,0,1496,11,15125,15125,0.0,15.976,6.953,12.822,-0.2371,0.4,
labels,Lena,0,0,alaska,x14,stefan,none,0.0,catboost_lo,0,1496,11,15125,15125,0.25,15.261,6.107,12.022,-0.1289,0.4,
labels,Lena,0,0,alaska,x14,stefan,none,0.0,catboost_lo,0,1496,11,15125,15125,0.5,14.848,5.26,11.376,-0.0685,0.4,
labels,Lena,0,0,alaska,x14,stefan,none,0.0,catboost_lo,0,1496,11,15125,15125,0.75,14.76,4.413,10.926,-0.0559,0.4,
labels,Lena,0,0,alaska,x14,stefan,none,0.0,catboost_lo,0,1496,11,15125,15125,1.0,15.004,3.566,10.672,-0.0911,0.4,
labels,Lena,0,1,alaska,x14,stefan,none,0.0,catboost_lo,0,1496,11,15125,15125,0.0,15.976,6.953,12.822,-0.2371,0.4,
labels,Lena,0,1,alaska,x14,stefan,none,0.0,catboost_lo,0,1496,11,15125,15125,0.25,15.294,6.235,12.071,-0.1337,0.4,
labels,Lena,0,1,alaska,x14,stefan,none,0.0,catboost_lo,0,1496,11,15125,15125,0.5,14.939,5.516,11.471,-0.0817,0.4,
labels,Lena,0,1,alaska,x14,stefan,none,0.0,catboost_lo,0,1496,11,15125,15125,0.75,14.935,4.797,11.077,-0.0811,0.4,
labels,Lena,0,1,alaska,x14,stefan,none,0.0,catboost_lo,0,1496,11,15125,15125,1.0,15.281,4.078,10.859,-0.1318,0.4,
labels,Lena,0,2,alaska,x14,stefan,none,0.0,catboost_lo,0,1496,11,15125,15125,0.0,15.976,6.953,12.822,-0.2371,0.5,
labels,Lena,0,2,alaska,x14,stefan,none,0.0,catboost_lo,0,1496,11,15125,15125,0.25,15.212,6.067,11.974,-0.1216,0.5,
labels,Lena,0,2,alaska,x14,stefan,none,0.0,catboost_lo,0,1496,11,15125,15125,0.5,14.757,5.18,11.28,-0.0554,0.5,
labels,Lena,0,2,alaska,x14,stefan,none,0.0,catboost_lo,0,1496,11,15125,15125,0.75,14.639,4.293,10.779,-0.0387,0.5,
labels,Lena,0,2,alaska,x14,stefan,none,0.0,catboost_lo,0,1496,11,15125,15125,1.0,14.867,3.406,10.481,-0.0713,0.5,
labels,Lena,0,0,alaska,x14,none,none,0.0,catboost_lo,0,1496,11,15125,15125,1.0,14.09,0.535,9.729,0.0377,0.4,
labels,Lena,0,1,alaska,x14,none,none,0.0,catboost_lo,0,1496,11,15125,15125,1.0,14.311,1.146,9.979,0.0073,0.4,
labels,Lena,0,2,alaska,x14,none,none,0.0,catboost_lo,0,1496,11,15125,15125,1.0,14.842,1.44,10.118,-0.0677,0.4,
covonly,Lena,1,0,alaska,x25,stefan,none,0.0,catboost_lo,0,1478,11,13606,13606,0.0,15.808,8.158,12.796,-0.3693,0.4,
covonly,Lena,1,0,alaska,x25,stefan,none,0.0,catboost_lo,0,1478,11,13606,13606,0.25,16.51,9.454,13.641,-0.4937,0.4,
covonly,Lena,1,0,alaska,x25,stefan,none,0.0,catboost_lo,0,1478,11,13606,13606,0.5,17.303,10.75,14.585,-0.6404,0.4,
covonly,Lena,1,0,alaska,x25,stefan,none,0.0,catboost_lo,0,1478,11,13606,13606,0.75,18.173,12.045,15.58,-0.8097,0.4,
covonly,Lena,1,0,alaska,x25,stefan,none,0.0,catboost_lo,0,1478,11,13606,13606,1.0,19.111,13.341,16.605,-1.0013,0.4,
covonly,Lena,1,1,alaska,x25,stefan,none,0.0,catboost_lo,0,1478,11,13606,13606,0.0,15.808,8.158,12.796,-0.3693,0.5,
covonly,Lena,1,1,alaska,x25,stefan,none,0.0,catboost_lo,0,1478,11,13606,13606,0.25,16.443,9.367,13.553,-0.4815,0.5,
covonly,Lena,1,1,alaska,x25,stefan,none,0.0,catboost_lo,0,1478,11,13606,13606,0.5,17.154,10.576,14.39,-0.6124,0.5,
covonly,Lena,1,1,alaska,x25,stefan,none,0.0,catboost_lo,0,1478,11,13606,13606,0.75,17.931,11.785,15.284,-0.7618,0.5,
covonly,Lena,1,1,alaska,x25,stefan,none,0.0,catboost_lo,0,1478,11,13606,13606,1.0,18.767,12.994,16.214,-0.9299,0.5,
covonly,Lena,1,2,alaska,x25,stefan,none,0.0,catboost_lo,0,1478,11,13606,13606,0.0,15.808,8.158,12.796,-0.3693,0.4,
covonly,Lena,1,2,alaska,x25,stefan,none,0.0,catboost_lo,0,1478,11,13606,13606,0.25,16.641,9.613,13.759,-0.5174,0.4,
covonly,Lena,1,2,alaska,x25,stefan,none,0.0,catboost_lo,0,1478,11,13606,13606,0.5,17.569,11.069,14.826,-0.6914,0.4,
covonly,Lena,1,2,alaska,x25,stefan,none,0.0,catboost_lo,0,1478,11,13606,13606,0.75,18.578,12.524,15.943,-0.8912,0.4,
covonly,Lena,1,2,alaska,x25,stefan,none,0.0,catboost_lo,0,1478,11,13606,13606,1.0,19.655,13.979,17.098,-1.1169,0.4,
covonly,Lena,1,0,alaska,x25,none,none,0.0,catboost_lo,0,1478,11,13606,13606,1.0,20.192,15.175,17.753,-1.2341,0.5,
covonly,Lena,1,1,alaska,x25,none,none,0.0,catboost_lo,0,1478,11,13606,13606,1.0,19.71,14.54,17.224,-1.1286,0.4,
covonly,Lena,1,2,alaska,x25,none,none,0.0,catboost_lo,0,1478,11,13606,13606,1.0,20.588,15.602,18.079,-1.3225,0.4,
covonly,Lena,1,0,alaska,x14,stefan,none,0.0,catboost_lo,0,1478,11,13606,13606,0.0,15.808,8.158,12.796,-0.3693,0.4,
covonly,Lena,1,0,alaska,x14,stefan,none,0.0,catboost_lo,0,1478,11,13606,13606,0.25,16.495,9.422,13.628,-0.4909,0.4,
covonly,Lena,1,0,alaska,x14,stefan,none,0.0,catboost_lo,0,1478,11,13606,13606,0.5,17.272,10.686,14.551,-0.6346,0.4,
covonly,Lena,1,0,alaska,x14,stefan,none,0.0,catboost_lo,0,1478,11,13606,13606,0.75,18.126,11.95,15.523,-0.8002,0.4,
covonly,Lena,1,0,alaska,x14,stefan,none,0.0,catboost_lo,0,1478,11,13606,13606,1.0,19.047,13.214,16.521,-0.9879,0.4,
covonly,Lena,1,1,alaska,x14,stefan,none,0.0,catboost_lo,0,1478,11,13606,13606,0.0,15.808,8.158,12.796,-0.3693,0.4,
covonly,Lena,1,1,alaska,x14,stefan,none,0.0,catboost_lo,0,1478,11,13606,13606,0.25,15.946,8.413,12.945,-0.3933,0.4,
covonly,Lena,1,1,alaska,x14,stefan,none,0.0,catboost_lo,0,1478,11,13606,13606,0.5,16.112,8.667,13.126,-0.4224,0.4,
covonly,Lena,1,1,alaska,x14,stefan,none,0.0,catboost_lo,0,1478,11,13606,13606,0.75,16.306,8.921,13.319,-0.4568,0.4,
covonly,Lena,1,1,alaska,x14,stefan,none,0.0,catboost_lo,0,1478,11,13606,13606,1.0,16.526,9.176,13.528,-0.4964,0.4,
covonly,Lena,1,2,alaska,x14,stefan,none,0.0,catboost_lo,0,1478,11,13606,13606,0.0,15.808,8.158,12.796,-0.3693,0.4,
covonly,Lena,1,2,alaska,x14,stefan,none,0.0,catboost_lo,0,1478,11,13606,13606,0.25,16.366,9.339,13.499,-0.4677,0.4,
covonly,Lena,1,2,alaska,x14,stefan,none,0.0,catboost_lo,0,1478,11,13606,13606,0.5,17.006,10.52,14.296,-0.5847,0.4,
covonly,Lena,1,2,alaska,x14,stefan,none,0.0,catboost_lo,0,1478,11,13606,13606,0.75,17.719,11.701,15.139,-0.7203,0.4,
covonly,Lena,1,2,alaska,x14,stefan,none,0.0,catboost_lo,0,1478,11,13606,13606,1.0,18.496,12.883,16.022,-0.8746,0.4,
covonly,Lena,1,0,alaska,x14,none,none,0.0,catboost_lo,0,1478,11,13606,13606,1.0,14.672,5.669,11.301,-0.1796,0.4,
covonly,Lena,1,1,alaska,x14,none,none,0.0,catboost_lo,0,1478,11,13606,13606,1.0,15.173,5.8,11.816,-0.2614,0.4,
covonly,Lena,1,2,alaska,x14,none,none,0.0,catboost_lo,0,1478,11,13606,13606,1.0,14.766,4.315,11.171,-0.1947,0.4,
labels,Lena,1,0,alaska,x25,stefan,none,0.0,catboost_lo,0,1478,11,15111,15111,0.0,15.67,7.888,12.628,-0.3455,0.4,
labels,Lena,1,0,alaska,x25,stefan,none,0.0,catboost_lo,0,1478,11,15111,15111,0.25,15.096,7.329,12.059,-0.2487,0.4,
labels,Lena,1,0,alaska,x25,stefan,none,0.0,catboost_lo,0,1478,11,15111,15111,0.5,14.789,6.77,11.604,-0.1984,0.4,
labels,Lena,1,0,alaska,x25,stefan,none,0.0,catboost_lo,0,1478,11,15111,15111,0.75,14.766,6.211,11.281,-0.1946,0.4,
labels,Lena,1,0,alaska,x25,stefan,none,0.0,catboost_lo,0,1478,11,15111,15111,1.0,15.027,5.652,11.105,-0.2373,0.4,
labels,Lena,1,1,alaska,x25,stefan,none,0.0,catboost_lo,0,1478,11,15111,15111,0.0,15.67,7.888,12.628,-0.3455,0.5,
labels,Lena,1,1,alaska,x25,stefan,none,0.0,catboost_lo,0,1478,11,15111,15111,0.25,15.081,7.234,12.024,-0.2463,0.5,
labels,Lena,1,1,alaska,x25,stefan,none,0.0,catboost_lo,0,1478,11,15111,15111,0.5,14.767,6.58,11.553,-0.1949,0.5,
labels,Lena,1,1,alaska,x25,stefan,none,0.0,catboost_lo,0,1478,11,15111,15111,0.75,14.745,5.926,11.226,-0.1913,0.5,
labels,Lena,1,1,alaska,x25,stefan,none,0.0,catboost_lo,0,1478,11,15111,15111,1.0,15.017,5.272,11.056,-0.2356,0.5,
labels,Lena,1,2,alaska,x25,stefan,none,0.0,catboost_lo,0,1478,11,15111,15111,0.0,15.67,7.888,12.628,-0.3455,0.5,
labels,Lena,1,2,alaska,x25,stefan,none,0.0,catboost_lo,0,1478,11,15111,15111,0.25,15.062,7.124,11.985,-0.2431,0.5,
labels,Lena,1,2,alaska,x25,stefan,none,0.0,catboost_lo,0,1478,11,15111,15111,0.5,14.689,6.359,11.462,-0.1822,0.5,
labels,Lena,1,2,alaska,x25,stefan,none,0.0,catboost_lo,0,1478,11,15111,15111,0.75,14.568,5.595,11.063,-0.1628,0.5,
labels,Lena,1,2,alaska,x25,stefan,none,0.0,catboost_lo,0,1478,11,15111,15111,1.0,14.706,4.83,10.809,-0.185,0.5,
labels,Lena,1,0,alaska,x25,none,none,0.0,catboost_lo,0,1478,11,15111,15111,1.0,15.153,4.039,10.839,-0.2581,0.5,
labels,Lena,1,1,alaska,x25,none,none,0.0,catboost_lo,0,1478,11,15111,15111,1.0,14.889,4.276,10.759,-0.2147,0.5,
labels,Lena,1,2,alaska,x25,none,none,0.0,catboost_lo,0,1478,11,15111,15111,1.0,14.579,3.667,10.36,-0.1646,0.5,
labels,Lena,1,0,alaska,x14,stefan,none,0.0,catboost_lo,0,1478,11,15111,15111,0.0,15.67,7.888,12.628,-0.3455,0.4,
labels,Lena,1,0,alaska,x14,stefan,none,0.0,catboost_lo,0,1478,11,15111,15111,0.25,15.096,7.373,12.029,-0.2487,0.4,
labels,Lena,1,0,alaska,x14,stefan,none,0.0,catboost_lo,0,1478,11,15111,15111,0.5,14.762,6.857,11.531,-0.194,0.4,
labels,Lena,1,0,alaska,x14,stefan,none,0.0,catboost_lo,0,1478,11,15111,15111,0.75,14.684,6.342,11.162,-0.1815,0.4,
labels,Lena,1,0,alaska,x14,stefan,none,0.0,catboost_lo,0,1478,11,15111,15111,1.0,14.867,5.826,10.918,-0.2111,0.4,
labels,Lena,1,1,alaska,x14,stefan,none,0.0,catboost_lo,0,1478,11,15111,15111,0.0,15.67,7.888,12.628,-0.3455,0.5,
labels,Lena,1,1,alaska,x14,stefan,none,0.0,catboost_lo,0,1478,11,15111,15111,0.25,15.178,7.463,12.073,-0.2623,0.5,
labels,Lena,1,1,alaska,x14,stefan,none,0.0,catboost_lo,0,1478,11,15111,15111,0.5,15.076,7.038,11.689,-0.2454,0.5,
labels,Lena,1,1,alaska,x14,stefan,none,0.0,catboost_lo,0,1478,11,15111,15111,0.75,15.372,6.613,11.489,-0.2947,0.5,
labels,Lena,1,1,alaska,x14,stefan,none,0.0,catboost_lo,0,1478,11,15111,15111,1.0,16.043,6.188,11.415,-0.4104,0.5,
labels,Lena,1,2,alaska,x14,stefan,none,0.0,catboost_lo,0,1478,11,15111,15111,0.0,15.67,7.888,12.628,-0.3455,0.5,
labels,Lena,1,2,alaska,x14,stefan,none,0.0,catboost_lo,0,1478,11,15111,15111,0.25,15.07,7.296,11.964,-0.2443,0.5,
labels,Lena,1,2,alaska,x14,stefan,none,0.0,catboost_lo,0,1478,11,15111,15111,0.5,14.83,6.705,11.451,-0.2051,0.5,
labels,Lena,1,2,alaska,x14,stefan,none,0.0,catboost_lo,0,1478,11,15111,15111,0.75,14.968,6.113,11.098,-0.2276,0.5,
labels,Lena,1,2,alaska,x14,stefan,none,0.0,catboost_lo,0,1478,11,15111,15111,1.0,15.474,5.521,10.922,-0.3121,0.5,
labels,Lena,1,0,alaska,x14,none,none,0.0,catboost_lo,0,1478,11,15111,15111,1.0,14.019,2.72,9.817,-0.0768,0.4,
labels,Lena,1,1,alaska,x14,none,none,0.0,catboost_lo,0,1478,11,15111,15111,1.0,13.936,2.059,9.75,-0.0641,0.4,
labels,Lena,1,2,alaska,x14,none,none,0.0,catboost_lo,0,1478,11,15111,15111,1.0,14.61,3.545,10.108,-0.1695,0.4,
covonly,Lena,2,0,alaska,x25,stefan,none,0.0,catboost_lo,0,1687,5,13606,13606,0.0,20.047,9.163,16.062,-0.2446,0.4,
covonly,Lena,2,0,alaska,x25,stefan,none,0.0,catboost_lo,0,1687,5,13606,13606,0.25,20.852,10.884,17.075,-0.3465,0.4,
covonly,Lena,2,0,alaska,x25,stefan,none,0.0,catboost_lo,0,1687,5,13606,13606,0.5,21.794,12.604,18.2,-0.4709,0.4,
covonly,Lena,2,0,alaska,x25,stefan,none,0.0,catboost_lo,0,1687,5,13606,13606,0.75,22.855,14.325,19.428,-0.6177,0.4,
covonly,Lena,2,0,alaska,x25,stefan,none,0.0,catboost_lo,0,1687,5,13606,13606,1.0,24.021,16.046,20.728,-0.7869,0.4,
covonly,Lena,2,1,alaska,x25,stefan,none,0.0,catboost_lo,0,1687,5,13606,13606,0.0,20.047,9.163,16.062,-0.2446,0.5,
covonly,Lena,2,1,alaska,x25,stefan,none,0.0,catboost_lo,0,1687,5,13606,13606,0.25,20.77,10.638,16.961,-0.3359,0.5,
covonly,Lena,2,1,alaska,x25,stefan,none,0.0,catboost_lo,0,1687,5,13606,13606,0.5,21.586,12.112,17.931,-0.4431,0.5,
covonly,Lena,2,1,alaska,x25,stefan,none,0.0,catboost_lo,0,1687,5,13606,13606,0.75,22.487,13.587,18.97,-0.566,0.5,
covonly,Lena,2,1,alaska,x25,stefan,none,0.0,catboost_lo,0,1687,5,13606,13606,1.0,23.461,15.061,20.065,-0.7046,0.5,
covonly,Lena,2,2,alaska,x25,stefan,none,0.0,catboost_lo,0,1687,5,13606,13606,0.0,20.047,9.163,16.062,-0.2446,0.4,
covonly,Lena,2,2,alaska,x25,stefan,none,0.0,catboost_lo,0,1687,5,13606,13606,0.25,20.986,11.004,17.195,-0.3639,0.4,
covonly,Lena,2,2,alaska,x25,stefan,none,0.0,catboost_lo,0,1687,5,13606,13606,0.5,22.062,12.846,18.44,-0.5073,0.4,
covonly,Lena,2,2,alaska,x25,stefan,none,0.0,catboost_lo,0,1687,5,13606,13606,0.75,23.255,14.687,19.78,-0.6748,0.4,
covonly,Lena,2,2,alaska,x25,stefan,none,0.0,catboost_lo,0,1687,5,13606,13606,1.0,24.549,16.528,21.197,-0.8664,0.4,
covonly,Lena,2,0,alaska,x25,none,none,0.0,catboost_lo,0,1687,5,13606,13606,1.0,23.827,15.513,20.427,-0.7582,0.4,
covonly,Lena,2,1,alaska,x25,none,none,0.0,catboost_lo,0,1687,5,13606,13606,1.0,23.373,14.78,19.905,-0.6918,0.4,
covonly,Lena,2,2,alaska,x25,none,none,0.0,catboost_lo,0,1687,5,13606,13606,1.0,23.195,14.229,19.666,-0.6661,0.4,
covonly,Lena,2,0,alaska,x14,stefan,none,0.0,catboost_lo,0,1687,5,13606,13606,0.0,20.047,9.163,16.062,-0.2446,0.4,
covonly,Lena,2,0,alaska,x14,stefan,none,0.0,catboost_lo,0,1687,5,13606,13606,0.25,20.854,10.796,17.043,-0.3468,0.4,
covonly,Lena,2,0,alaska,x14,stefan,none,0.0,catboost_lo,0,1687,5,13606,13606,0.5,21.795,12.429,18.144,-0.471,0.4,
covonly,Lena,2,0,alaska,x14,stefan,none,0.0,catboost_lo,0,1687,5,13606,13606,0.75,22.852,14.062,19.353,-0.6173,0.4,
covonly,Lena,2,0,alaska,x14,stefan,none,0.0,catboost_lo,0,1687,5,13606,13606,1.0,24.012,15.695,20.619,-0.7856,0.4,
covonly,Lena,2,1,alaska,x14,stefan,none,0.0,catboost_lo,0,1687,5,13606,13606,0.0,20.047,9.163,16.062,-0.2446,0.4,
covonly,Lena,2,1,alaska,x14,stefan,none,0.0,catboost_lo,0,1687,5,13606,13606,0.25,20.459,9.943,16.542,-0.2963,0.4,
covonly,Lena,2,1,alaska,x14,stefan,none,0.0,catboost_lo,0,1687,5,13606,13606,0.5,20.931,10.724,17.066,-0.3568,0.4,
covonly,Lena,2,1,alaska,x14,stefan,none,0.0,catboost_lo,0,1687,5,13606,13606,0.75,21.459,11.504,17.62,-0.426,0.4,
covonly,Lena,2,1,alaska,x14,stefan,none,0.0,catboost_lo,0,1687,5,13606,13606,1.0,22.037,12.284,18.201,-0.504,0.4,
covonly,Lena,2,2,alaska,x14,stefan,none,0.0,catboost_lo,0,1687,5,13606,13606,0.0,20.047,9.163,16.062,-0.2446,0.4,
covonly,Lena,2,2,alaska,x14,stefan,none,0.0,catboost_lo,0,1687,5,13606,13606,0.25,20.751,10.714,16.942,-0.3335,0.4,
covonly,Lena,2,2,alaska,x14,stefan,none,0.0,catboost_lo,0,1687,5,13606,13606,0.5,21.581,12.265,17.945,-0.4423,0.4,
covonly,Lena,2,2,alaska,x14,stefan,none,0.0,catboost_lo,0,1687,5,13606,13606,0.75,22.524,13.815,19.042,-0.5711,0.4,
covonly,Lena,2,2,alaska,x14,stefan,none,0.0,catboost_lo,0,1687,5,13606,13606,1.0,23.566,15.366,20.196,-0.7199,0.4,
covonly,Lena,2,0,alaska,x14,none,none,0.0,catboost_lo,0,1687,5,13606,13606,1.0,19.256,6.343,14.729,-0.1483,0.4,
covonly,Lena,2,1,alaska,x14,none,none,0.0,catboost_lo,0,1687,5,13606,13606,1.0,20.076,7.122,15.467,-0.2481,0.4,
covonly,Lena,2,2,alaska,x14,none,none,0.0,catboost_lo,0,1687,5,13606,13606,1.0,19.808,6.089,15.088,-0.2151,0.4,
labels,Lena,2,0,alaska,x25,stefan,none,0.0,catboost_lo,0,1687,5,14899,14899,0.0,20.013,9.087,16.018,-0.2403,0.5,
labels,Lena,2,0,alaska,x25,stefan,none,0.0,catboost_lo,0,1687,5,14899,14899,0.25,19.609,9.379,15.884,-0.1908,0.5,
labels,Lena,2,0,alaska,x25,stefan,none,0.0,catboost_lo,0,1687,5,14899,14899,0.5,19.38,9.671,15.833,-0.1631,0.5,
labels,Lena,2,0,alaska,x25,stefan,none,0.0,catboost_lo,0,1687,5,14899,14899,0.75,19.331,9.963,15.822,-0.1573,0.5,
labels,Lena,2,0,alaska,x25,stefan,none,0.0,catboost_lo,0,1687,5,14899,14899,1.0,19.465,10.256,15.858,-0.1734,0.5,
labels,Lena,2,1,alaska,x25,stefan,none,0.0,catboost_lo,0,1687,5,14899,14899,0.0,20.013,9.087,16.018,-0.2403,0.5,
labels,Lena,2,1,alaska,x25,stefan,none,0.0,catboost_lo,0,1687,5,14899,14899,0.25,19.39,9.127,15.684,-0.1644,0.5,
labels,Lena,2,1,alaska,x25,stefan,none,0.0,catboost_lo,0,1687,5,14899,14899,0.5,18.919,9.167,15.413,-0.1084,0.5,
labels,Lena,2,1,alaska,x25,stefan,none,0.0,catboost_lo,0,1687,5,14899,14899,0.75,18.609,9.206,15.174,-0.0724,0.5,
labels,Lena,2,1,alaska,x25,stefan,none,0.0,catboost_lo,0,1687,5,14899,14899,1.0,18.469,9.246,15.003,-0.0563,0.5,
labels,Lena,2,2,alaska,x25,stefan,none,0.0,catboost_lo,0,1687,5,14899,14899,0.0,20.013,9.087,16.018,-0.2403,0.5,
labels,Lena,2,2,alaska,x25,stefan,none,0.0,catboost_lo,0,1687,5,14899,14899,0.25,19.63,9.483,15.923,-0.1933,0.5,
labels,Lena,2,2,alaska,x25,stefan,none,0.0,catboost_lo,0,1687,5,14899,14899,0.5,19.399,9.878,15.901,-0.1654,0.5,
labels,Lena,2,2,alaska,x25,stefan,none,0.0,catboost_lo,0,1687,5,14899,14899,0.75,19.325,10.273,15.91,-0.1566,0.5,
labels,Lena,2,2,alaska,x25,stefan,none,0.0,catboost_lo,0,1687,5,14899,14899,1.0,19.411,10.669,15.964,-0.1669,0.5,
labels,Lena,2,0,alaska,x25,none,none,0.0,catboost_lo,0,1687,5,14899,14899,1.0,17.713,8.232,14.228,0.0284,0.5,
labels,Lena,2,1,alaska,x25,none,none,0.0,catboost_lo,0,1687,5,14899,14899,1.0,22.83,15.061,19.301,-0.6141,0.5,
labels,Lena,2,2,alaska,x25,none,none,0.0,catboost_lo,0,1687,5,14899,14899,1.0,20.392,11.664,16.879,-0.2877,0.5,
labels,Lena,2,0,alaska,x14,stefan,none,0.0,catboost_lo,0,1687,5,14899,14899,0.0,20.013,9.087,16.018,-0.2403,0.4,
labels,Lena,2,0,alaska,x14,stefan,none,0.0,catboost_lo,0,1687,5,14899,14899,0.25,19.512,9.18,15.765,-0.179,0.4,
labels,Lena,2,0,alaska,x14,stefan,none,0.0,catboost_lo,0,1687,5,14899,14899,0.5,19.18,9.272,15.582,-0.1393,0.4,
labels,Lena,2,0,alaska,x14,stefan,none,0.0,catboost_lo,0,1687,5,14899,14899,0.75,19.026,9.365,15.451,-0.1211,0.4,
labels,Lena,2,0,alaska,x14,stefan,none,0.0,catboost_lo,0,1687,5,14899,14899,1.0,19.055,9.457,15.372,-0.1244,0.4,
labels,Lena,2,1,alaska,x14,stefan,none,0.0,catboost_lo,0,1687,5,14899,14899,0.0,20.013,9.087,16.018,-0.2403,0.4,
labels,Lena,2,1,alaska,x14,stefan,none,0.0,catboost_lo,0,1687,5,14899,14899,0.25,19.434,9.059,15.7,-0.1696,0.4,
labels,Lena,2,1,alaska,x14,stefan,none,0.0,catboost_lo,0,1687,5,14899,14899,0.5,19.011,9.03,15.445,-0.1193,0.4,
labels,Lena,2,1,alaska,x14,stefan,none,0.0,catboost_lo,0,1687,5,14899,14899,0.75,18.755,9.002,15.233,-0.0893,0.4,
labels,Lena,2,1,alaska,x14,stefan,none,0.0,catboost_lo,0,1687,5,14899,14899,1.0,18.671,8.973,15.071,-0.0796,0.4,
labels,Lena,2,2,alaska,x14,stefan,none,0.0,catboost_lo,0,1687,5,14899,14899,0.0,20.013,9.087,16.018,-0.2403,0.4,
labels,Lena,2,2,alaska,x14,stefan,none,0.0,catboost_lo,0,1687,5,14899,14899,0.25,19.76,9.59,16.039,-0.2092,0.4,
labels,Lena,2,2,alaska,x14,stefan,none,0.0,catboost_lo,0,1687,5,14899,14899,0.5,19.747,10.093,16.173,-0.2076,0.4,
labels,Lena,2,2,alaska,x14,stefan,none,0.0,catboost_lo,0,1687,5,14899,14899,0.75,19.974,10.596,16.374,-0.2356,0.4,
labels,Lena,2,2,alaska,x14,stefan,none,0.0,catboost_lo,0,1687,5,14899,14899,1.0,20.434,11.099,16.641,-0.2931,0.4,
labels,Lena,2,0,alaska,x14,none,none,0.0,catboost_lo,0,1687,5,14899,14899,1.0,21.26,12.322,17.414,-0.3998,0.4,
labels,Lena,2,1,alaska,x14,none,none,0.0,catboost_lo,0,1687,5,14899,14899,1.0,18.527,8.834,14.88,-0.063,0.4,
labels,Lena,2,2,alaska,x14,none,none,0.0,catboost_lo,0,1687,5,14899,14899,1.0,19.879,10.706,16.153,-0.2238,0.4,
covonly,Canada,0,0,alaska,x25,stefan,none,0.0,catboost_lo,0,374,19,13606,13606,0.0,29.462,-7.303,22.651,0.1606,0.4,
covonly,Canada,0,0,alaska,x25,stefan,none,0.0,catboost_lo,0,374,19,13606,13606,0.25,29.568,-7.647,22.575,0.1545,0.4,
covonly,Canada,0,0,alaska,x25,stefan,none,0.0,catboost_lo,0,374,19,13606,13606,0.5,29.711,-7.991,22.536,0.1463,0.4,
covonly,Canada,0,0,alaska,x25,stefan,none,0.0,catboost_lo,0,374,19,13606,13606,0.75,29.89,-8.335,22.539,0.136,0.4,
covonly,Canada,0,0,alaska,x25,stefan,none,0.0,catboost_lo,0,374,19,13606,13606,1.0,30.105,-8.679,22.587,0.1235,0.4,
covonly,Canada,0,1,alaska,x25,stefan,none,0.0,catboost_lo,0,374,19,13606,13606,0.0,29.462,-7.303,22.651,0.1606,0.4,
covonly,Canada,0,1,alaska,x25,stefan,none,0.0,catboost_lo,0,374,19,13606,13606,0.25,29.531,-7.381,22.618,0.1566,0.4,
covonly,Canada,0,1,alaska,x25,stefan,none,0.0,catboost_lo,0,374,19,13606,13606,0.5,29.628,-7.459,22.616,0.1511,0.4,
covonly,Canada,0,1,alaska,x25,stefan,none,0.0,catboost_lo,0,374,19,13606,13606,0.75,29.754,-7.538,22.639,0.1439,0.4,
covonly,Canada,0,1,alaska,x25,stefan,none,0.0,catboost_lo,0,374,19,13606,13606,1.0,29.907,-7.616,22.7,0.135,0.4,
covonly,Canada,0,2,alaska,x25,stefan,none,0.0,catboost_lo,0,374,19,13606,13606,0.0,29.462,-7.303,22.651,0.1606,0.5,
covonly,Canada,0,2,alaska,x25,stefan,none,0.0,catboost_lo,0,374,19,13606,13606,0.25,29.841,-7.727,22.835,0.1388,0.5,
covonly,Canada,0,2,alaska,x25,stefan,none,0.0,catboost_lo,0,374,19,13606,13606,0.5,30.249,-8.15,23.034,0.1151,0.5,
covonly,Canada,0,2,alaska,x25,stefan,none,0.0,catboost_lo,0,374,19,13606,13606,0.75,30.685,-8.574,23.256,0.0894,0.5,
covonly,Canada,0,2,alaska,x25,stefan,none,0.0,catboost_lo,0,374,19,13606,13606,1.0,31.148,-8.998,23.494,0.0617,0.5,
covonly,Canada,0,0,alaska,x25,none,none,0.0,catboost_lo,0,374,19,13606,13606,1.0,34.689,-17.286,25.155,-0.1637,0.4,
covonly,Canada,0,1,alaska,x25,none,none,0.0,catboost_lo,0,374,19,13606,13606,1.0,33.398,-16.021,24.368,-0.0787,0.4,
covonly,Canada,0,2,alaska,x25,none,none,0.0,catboost_lo,0,374,19,13606,13606,1.0,36.91,-19.097,26.722,-0.3175,0.4,
covonly,Canada,0,0,alaska,x14,stefan,none,0.0,catboost_lo,0,374,19,13606,13606,0.0,29.462,-7.303,22.651,0.1606,0.3,
covonly,Canada,0,0,alaska,x14,stefan,none,0.0,catboost_lo,0,374,19,13606,13606,0.25,29.941,-8.917,22.726,0.133,0.3,
covonly,Canada,0,0,alaska,x14,stefan,none,0.0,catboost_lo,0,374,19,13606,13606,0.5,30.512,-10.53,22.878,0.0997,0.3,
covonly,Canada,0,0,alaska,x14,stefan,none,0.0,catboost_lo,0,374,19,13606,13606,0.75,31.17,-12.144,23.123,0.0604,0.3,
covonly,Canada,0,0,alaska,x14,stefan,none,0.0,catboost_lo,0,374,19,13606,13606,1.0,31.909,-13.757,23.45,0.0154,0.3,
covonly,Canada,0,1,alaska,x14,stefan,none,0.0,catboost_lo,0,374,19,13606,13606,0.0,29.462,-7.303,22.651,0.1606,0.4,
covonly,Canada,0,1,alaska,x14,stefan,none,0.0,catboost_lo,0,374,19,13606,13606,0.25,29.794,-8.911,22.629,0.1415,0.4,
covonly,Canada,0,1,alaska,x14,stefan,none,0.0,catboost_lo,0,374,19,13606,13606,0.5,30.221,-10.519,22.704,0.1168,0.4,
covonly,Canada,0,1,alaska,x14,stefan,none,0.0,catboost_lo,0,374,19,13606,13606,0.75,30.737,-12.128,22.884,0.0863,0.4,
covonly,Canada,0,1,alaska,x14,stefan,none,0.0,catboost_lo,0,374,19,13606,13606,1.0,31.34,-13.736,23.135,0.0501,0.4,
covonly,Canada,0,2,alaska,x14,stefan,none,0.0,catboost_lo,0,374,19,13606,13606,0.0,29.462,-7.303,22.651,0.1606,0.4,
covonly,Canada,0,2,alaska,x14,stefan,none,0.0,catboost_lo,0,374,19,13606,13606,0.25,30.049,-8.997,22.813,0.1268,0.4,
covonly,Canada,0,2,alaska,x14,stefan,none,0.0,catboost_lo,0,374,19,13606,13606,0.5,30.733,-10.691,23.038,0.0866,0.4,
covonly,Canada,0,2,alaska,x14,stefan,none,0.0,catboost_lo,0,374,19,13606,13606,0.75,31.507,-12.385,23.375,0.04,0.4,
covonly,Canada,0,2,alaska,x14,stefan,none,0.0,catboost_lo,0,374,19,13606,13606,1.0,32.367,-14.078,23.789,-0.0131,0.4,
covonly,Canada,0,0,alaska,x14,none,none,0.0,catboost_lo,0,374,19,13606,13606,1.0,33.319,-17.386,24.272,-0.0736,0.4,
covonly,Canada,0,1,alaska,x14,none,none,0.0,catboost_lo,0,374,19,13606,13606,1.0,34.446,-19.101,24.919,-0.1475,0.4,
covonly,Canada,0,2,alaska,x14,none,none,0.0,catboost_lo,0,374,19,13606,13606,1.0,35.551,-19.795,25.732,-0.2222,0.4,
noinfo,Canada,0,0,alaska,x25,stefan,none,0.0,catboost_lo,0,747,36,13606,13606,0.0,26.504,2.307,21.303,0.2217,0.5,
noinfo,Canada,0,0,alaska,x25,stefan,none,0.0,catboost_lo,0,747,36,13606,13606,0.25,26.224,1.798,20.937,0.238,0.5,
noinfo,Canada,0,0,alaska,x25,stefan,none,0.0,catboost_lo,0,747,36,13606,13606,0.5,26.006,1.289,20.613,0.2506,0.5,
noinfo,Canada,0,0,alaska,x25,stefan,none,0.0,catboost_lo,0,747,36,13606,13606,0.75,25.851,0.78,20.338,0.2596,0.5,
noinfo,Canada,0,0,alaska,x25,stefan,none,0.0,catboost_lo,0,747,36,13606,13606,1.0,25.759,0.27,20.105,0.2648,0.5,
noinfo,Canada,0,1,alaska,x25,stefan,none,0.0,catboost_lo,0,747,36,13606,13606,0.0,26.504,2.307,21.303,0.2217,0.5,
noinfo,Canada,0,1,alaska,x25,stefan,none,0.0,catboost_lo,0,747,36,13606,13606,0.25,26.28,2.085,21.053,0.2348,0.5,
noinfo,Canada,0,1,alaska,x25,stefan,none,0.0,catboost_lo,0,747,36,13606,13606,0.5,26.11,1.863,20.833,0.2446,0.5,
noinfo,Canada,0,1,alaska,x25,stefan,none,0.0,catboost_lo,0,747,36,13606,13606,0.75,25.995,1.641,20.655,0.2513,0.5,
noinfo,Canada,0,1,alaska,x25,stefan,none,0.0,catboost_lo,0,747,36,13606,13606,1.0,25.936,1.419,20.516,0.2547,0.5,
noinfo,Canada,0,2,alaska,x25,stefan,none,0.0,catboost_lo,0,747,36,13606,13606,0.0,26.504,2.307,21.303,0.2217,0.4,
noinfo,Canada,0,2,alaska,x25,stefan,none,0.0,catboost_lo,0,747,36,13606,13606,0.25,26.414,1.774,21.103,0.2269,0.4,
noinfo,Canada,0,2,alaska,x25,stefan,none,0.0,catboost_lo,0,747,36,13606,13606,0.5,26.384,1.241,20.926,0.2287,0.4,
noinfo,Canada,0,2,alaska,x25,stefan,none,0.0,catboost_lo,0,747,36,13606,13606,0.75,26.413,0.708,20.785,0.227,0.4,
noinfo,Canada,0,2,alaska,x25,stefan,none,0.0,catboost_lo,0,747,36,13606,13606,1.0,26.501,0.175,20.677,0.2218,0.4,
noinfo,Canada,0,0,alaska,x25,none,none,0.0,catboost_lo,0,747,36,13606,13606,1.0,28.34,-6.952,20.852,0.1101,0.4,
noinfo,Canada,0,1,alaska,x25,none,none,0.0,catboost_lo,0,747,36,13606,13606,1.0,27.578,-6.317,20.477,0.1573,0.4,
noinfo,Canada,0,2,alaska,x25,none,none,0.0,catboost_lo,0,747,36,13606,13606,1.0,29.753,-7.833,21.682,0.0191,0.5,
noinfo,Canada,0,0,alaska,x14,stefan,none,0.0,catboost_lo,0,747,36,13606,13606,0.0,26.504,2.307,21.303,0.2217,0.3,
noinfo,Canada,0,0,alaska,x14,stefan,none,0.0,catboost_lo,0,747,36,13606,13606,0.25,26.582,0.979,21.106,0.2171,0.3,
noinfo,Canada,0,0,alaska,x14,stefan,none,0.0,catboost_lo,0,747,36,13606,13606,0.5,26.754,-0.349,20.98,0.2069,0.3,
noinfo,Canada,0,0,alaska,x14,stefan,none,0.0,catboost_lo,0,747,36,13606,13606,0.75,27.021,-1.677,20.929,0.191,0.3,
noinfo,Canada,0,0,alaska,x14,stefan,none,0.0,catboost_lo,0,747,36,13606,13606,1.0,27.378,-3.005,20.952,0.1695,0.3,
noinfo,Canada,0,1,alaska,x14,stefan,none,0.0,catboost_lo,0,747,36,13606,13606,0.0,26.504,2.307,21.303,0.2217,0.4,
noinfo,Canada,0,1,alaska,x14,stefan,none,0.0,catboost_lo,0,747,36,13606,13606,0.25,26.434,0.868,20.99,0.2258,0.4,
noinfo,Canada,0,1,alaska,x14,stefan,none,0.0,catboost_lo,0,747,36,13606,13606,0.5,26.472,-0.572,20.767,0.2236,0.4,
noinfo,Canada,0,1,alaska,x14,stefan,none,0.0,catboost_lo,0,747,36,13606,13606,0.75,26.616,-2.012,20.627,0.2151,0.4,
noinfo,Canada,0,1,alaska,x14,stefan,none,0.0,catboost_lo,0,747,36,13606,13606,1.0,26.866,-3.451,20.545,0.2003,0.4,
noinfo,Canada,0,2,alaska,x14,stefan,none,0.0,catboost_lo,0,747,36,13606,13606,0.0,26.504,2.307,21.303,0.2217,0.3,
noinfo,Canada,0,2,alaska,x14,stefan,none,0.0,catboost_lo,0,747,36,13606,13606,0.25,26.61,0.88,21.112,0.2154,0.3,
noinfo,Canada,0,2,alaska,x14,stefan,none,0.0,catboost_lo,0,747,36,13606,13606,0.5,26.822,-0.547,20.998,0.2029,0.3,
noinfo,Canada,0,2,alaska,x14,stefan,none,0.0,catboost_lo,0,747,36,13606,13606,0.75,27.138,-1.974,20.981,0.184,0.3,
noinfo,Canada,0,2,alaska,x14,stefan,none,0.0,catboost_lo,0,747,36,13606,13606,1.0,27.554,-3.402,21.024,0.1588,0.3,
noinfo,Canada,0,0,alaska,x14,none,none,0.0,catboost_lo,0,747,36,13606,13606,1.0,27.371,-6.96,20.147,0.1699,0.4,
noinfo,Canada,0,1,alaska,x14,none,none,0.0,catboost_lo,0,747,36,13606,13606,1.0,28.193,-8.344,20.509,0.1193,0.4,
noinfo,Canada,0,2,alaska,x14,none,none,0.0,catboost_lo,0,747,36,13606,13606,1.0,29.029,-8.381,21.233,0.0663,0.4,
labels,Canada,0,0,alaska,x25,stefan,none,0.0,catboost_lo,0,374,19,13981,13981,0.0,29.601,-7.776,22.686,0.1526,0.4,
labels,Canada,0,0,alaska,x25,stefan,none,0.0,catboost_lo,0,374,19,13981,13981,0.25,28.989,-6.843,22.146,0.1873,0.4,
labels,Canada,0,0,alaska,x25,stefan,none,0.0,catboost_lo,0,374,19,13981,13981,0.5,28.499,-5.91,21.707,0.2145,0.4,
labels,Canada,0,0,alaska,x25,stefan,none,0.0,catboost_lo,0,374,19,13981,13981,0.75,28.14,-4.978,21.449,0.2342,0.4,
labels,Canada,0,0,alaska,x25,stefan,none,0.0,catboost_lo,0,374,19,13981,13981,1.0,27.915,-4.045,21.297,0.2464,0.4,
labels,Canada,0,1,alaska,x25,stefan,none,0.0,catboost_lo,0,374,19,13981,13981,0.0,29.601,-7.776,22.686,0.1526,0.4,
labels,Canada,0,1,alaska,x25,stefan,none,0.0,catboost_lo,0,374,19,13981,13981,0.25,28.918,-6.724,22.114,0.1913,0.4,
labels,Canada,0,1,alaska,x25,stefan,none,0.0,catboost_lo,0,374,19,13981,13981,0.5,28.367,-5.672,21.655,0.2218,0.4,
labels,Canada,0,1,alaska,x25,stefan,none,0.0,catboost_lo,0,374,19,13981,13981,0.75,27.957,-4.62,21.358,0.2442,0.4,
labels,Canada,0,1,alaska,x25,stefan,none,0.0,catboost_lo,0,374,19,13981,13981,1.0,27.692,-3.568,21.196,0.2584,0.4,
labels,Canada,0,2,alaska,x25,stefan,none,0.0,catboost_lo,0,374,19,13981,13981,0.0,29.601,-7.776,22.686,0.1526,0.4,
labels,Canada,0,2,alaska,x25,stefan,none,0.0,catboost_lo,0,374,19,13981,13981,0.25,28.872,-7.039,22.003,0.1938,0.4,
labels,Canada,0,2,alaska,x25,stefan,none,0.0,catboost_lo,0,374,19,13981,13981,0.5,28.289,-6.302,21.459,0.2261,0.4,
labels,Canada,0,2,alaska,x25,stefan,none,0.0,catboost_lo,0,374,19,13981,13981,0.75,27.86,-5.565,21.136,0.2494,0.4,
labels,Canada,0,2,alaska,x25,stefan,none,0.0,catboost_lo,0,374,19,13981,13981,1.0,27.593,-4.828,20.948,0.2637,0.4,
labels,Canada,0,0,alaska,x25,none,none,0.0,catboost_lo,0,374,19,13981,13981,1.0,27.188,-3.079,20.88,0.2851,0.5,
labels,Canada,0,1,alaska,x25,none,none,0.0,catboost_lo,0,374,19,13981,13981,1.0,27.019,-4.829,20.626,0.294,0.4,
labels,Canada,0,2,alaska,x25,none,none,0.0,catboost_lo,0,374,19,13981,13981,1.0,27.907,-5.994,21.141,0.2468,0.4,
labels,Canada,0,0,alaska,x14,stefan,none,0.0,catboost_lo,0,374,19,13981,13981,0.0,29.601,-7.776,22.686,0.1526,0.4,
labels,Canada,0,0,alaska,x14,stefan,none,0.0,catboost_lo,0,374,19,13981,13981,0.25,29.313,-8.455,22.168,0.169,0.4,
labels,Canada,0,0,alaska,x14,stefan,none,0.0,catboost_lo,0,374,19,13981,13981,0.5,29.096,-9.135,21.78,0.1813,0.4,
labels,Canada,0,0,alaska,x14,stefan,none,0.0,catboost_lo,0,374,19,13981,13981,0.75,28.95,-9.814,21.54,0.1895,0.4,
labels,Canada,0,0,alaska,x14,stefan,none,0.0,catboost_lo,0,374,19,13981,13981,1.0,28.878,-10.494,21.441,0.1935,0.4,
labels,Canada,0,1,alaska,x14,stefan,none,0.0,catboost_lo,0,374,19,13981,13981,0.0,29.601,-7.776,22.686,0.1526,0.4,
labels,Canada,0,1,alaska,x14,stefan,none,0.0,catboost_lo,0,374,19,13981,13981,0.25,29.246,-8.323,22.155,0.1728,0.4,
labels,Canada,0,1,alaska,x14,stefan,none,0.0,catboost_lo,0,374,19,13981,13981,0.5,28.964,-8.871,21.747,0.1887,0.4,
labels,Canada,0,1,alaska,x14,stefan,none,0.0,catboost_lo,0,374,19,13981,13981,0.75,28.757,-9.418,21.489,0.2003,0.4,
labels,Canada,0,1,alaska,x14,stefan,none,0.0,catboost_lo,0,374,19,13981,13981,1.0,28.626,-9.965,21.342,0.2075,0.4,
labels,Canada,0,2,alaska,x14,stefan,none,0.0,catboost_lo,0,374,19,13981,13981,0.0,29.601,-7.776,22.686,0.1526,0.4,
labels,Canada,0,2,alaska,x14,stefan,none,0.0,catboost_lo,0,374,19,13981,13981,0.25,29.25,-8.516,22.134,0.1726,0.4,
labels,Canada,0,2,alaska,x14,stefan,none,0.0,catboost_lo,0,374,19,13981,13981,0.5,28.986,-9.257,21.737,0.1875,0.4,
labels,Canada,0,2,alaska,x14,stefan,none,0.0,catboost_lo,0,374,19,13981,13981,0.75,28.81,-9.997,21.498,0.1973,0.4,
labels,Canada,0,2,alaska,x14,stefan,none,0.0,catboost_lo,0,374,19,13981,13981,1.0,28.724,-10.737,21.409,0.2021,0.4,
labels,Canada,0,0,alaska,x14,none,none,0.0,catboost_lo,0,374,19,13981,13981,1.0,29.557,-12.569,21.969,0.1552,0.4,
labels,Canada,0,1,alaska,x14,none,none,0.0,catboost_lo,0,374,19,13981,13981,1.0,30.3,-13.64,22.475,0.1122,0.4,
labels,Canada,0,2,alaska,x14,none,none,0.0,catboost_lo,0,374,19,13981,13981,1.0,28.816,-11.731,21.581,0.197,0.4,
covonly,Canada,1,0,alaska,x25,stefan,none,0.0,catboost_lo,0,393,20,13606,13606,0.0,27.697,-6.545,20.839,0.2557,0.4,
covonly,Canada,1,0,alaska,x25,stefan,none,0.0,catboost_lo,0,393,20,13606,13606,0.25,27.817,-6.849,20.832,0.2492,0.4,
covonly,Canada,1,0,alaska,x25,stefan,none,0.0,catboost_lo,0,393,20,13606,13606,0.5,27.968,-7.153,20.853,0.241,0.4,
covonly,Canada,1,0,alaska,x25,stefan,none,0.0,catboost_lo,0,393,20,13606,13606,0.75,28.149,-7.457,20.896,0.2312,0.4,
covonly,Canada,1,0,alaska,x25,stefan,none,0.0,catboost_lo,0,393,20,13606,13606,1.0,28.359,-7.762,20.963,0.2197,0.4,
covonly,Canada,1,1,alaska,x25,stefan,none,0.0,catboost_lo,0,393,20,13606,13606,0.0,27.697,-6.545,20.839,0.2557,0.4,
covonly,Canada,1,1,alaska,x25,stefan,none,0.0,catboost_lo,0,393,20,13606,13606,0.25,27.778,-6.563,20.885,0.2513,0.4,
covonly,Canada,1,1,alaska,x25,stefan,none,0.0,catboost_lo,0,393,20,13606,13606,0.5,27.888,-6.581,20.949,0.2454,0.4,
covonly,Canada,1,1,alaska,x25,stefan,none,0.0,catboost_lo,0,393,20,13606,13606,0.75,28.025,-6.6,21.031,0.2379,0.4,
covonly,Canada,1,1,alaska,x25,stefan,none,0.0,catboost_lo,0,393,20,13606,13606,1.0,28.19,-6.618,21.143,0.229,0.4,
covonly,Canada,1,2,alaska,x25,stefan,none,0.0,catboost_lo,0,393,20,13606,13606,0.0,27.697,-6.545,20.839,0.2557,0.4,
covonly,Canada,1,2,alaska,x25,stefan,none,0.0,catboost_lo,0,393,20,13606,13606,0.25,28.144,-6.802,21.135,0.2315,0.4,
covonly,Canada,1,2,alaska,x25,stefan,none,0.0,catboost_lo,0,393,20,13606,13606,0.5,28.621,-7.06,21.443,0.2052,0.4,
covonly,Canada,1,2,alaska,x25,stefan,none,0.0,catboost_lo,0,393,20,13606,13606,0.75,29.128,-7.318,21.76,0.1768,0.4,
covonly,Canada,1,2,alaska,x25,stefan,none,0.0,catboost_lo,0,393,20,13606,13606,1.0,29.661,-7.575,22.093,0.1464,0.4,
covonly,Canada,1,0,alaska,x25,none,none,0.0,catboost_lo,0,393,20,13606,13606,1.0,33.15,-14.605,23.714,-0.0663,0.4,
covonly,Canada,1,1,alaska,x25,none,none,0.0,catboost_lo,0,393,20,13606,13606,1.0,31.862,-13.577,22.956,0.015,0.4,
covonly,Canada,1,2,alaska,x25,none,none,0.0,catboost_lo,0,393,20,13606,13606,1.0,35.053,-16.142,24.877,-0.1922,0.4,
covonly,Canada,1,0,alaska,x14,stefan,none,0.0,catboost_lo,0,393,20,13606,13606,0.0,27.697,-6.545,20.839,0.2557,0.3,
covonly,Canada,1,0,alaska,x14,stefan,none,0.0,catboost_lo,0,393,20,13606,13606,0.25,28.232,-7.903,20.968,0.2266,0.3,
covonly,Canada,1,0,alaska,x14,stefan,none,0.0,catboost_lo,0,393,20,13606,13606,0.5,28.842,-9.261,21.156,0.1929,0.3,
covonly,Canada,1,0,alaska,x14,stefan,none,0.0,catboost_lo,0,393,20,13606,13606,0.75,29.52,-10.62,21.418,0.1545,0.3,
covonly,Canada,1,0,alaska,x14,stefan,none,0.0,catboost_lo,0,393,20,13606,13606,1.0,30.262,-11.978,21.752,0.1114,0.3,
covonly,Canada,1,1,alaska,x14,stefan,none,0.0,catboost_lo,0,393,20,13606,13606,0.0,27.697,-6.545,20.839,0.2557,0.4,
covonly,Canada,1,1,alaska,x14,stefan,none,0.0,catboost_lo,0,393,20,13606,13606,0.25,28.098,-7.929,20.888,0.234,0.4,
covonly,Canada,1,1,alaska,x14,stefan,none,0.0,catboost_lo,0,393,20,13606,13606,0.5,28.576,-9.312,21.004,0.2077,0.4,
covonly,Canada,1,1,alaska,x14,stefan,none,0.0,catboost_lo,0,393,20,13606,13606,0.75,29.129,-10.696,21.195,0.1767,0.4,
covonly,Canada,1,1,alaska,x14,stefan,none,0.0,catboost_lo,0,393,20,13606,13606,1.0,29.751,-12.08,21.456,0.1412,0.4,
covonly,Canada,1,2,alaska,x14,stefan,none,0.0,catboost_lo,0,393,20,13606,13606,0.0,27.697,-6.545,20.839,0.2557,0.4,
covonly,Canada,1,2,alaska,x14,stefan,none,0.0,catboost_lo,0,393,20,13606,13606,0.25,28.295,-7.977,21.0,0.2232,0.4,
covonly,Canada,1,2,alaska,x14,stefan,none,0.0,catboost_lo,0,393,20,13606,13606,0.5,28.969,-9.409,21.213,0.1857,0.4,
covonly,Canada,1,2,alaska,x14,stefan,none,0.0,catboost_lo,0,393,20,13606,13606,0.75,29.716,-10.841,21.515,0.1432,0.4,
covonly,Canada,1,2,alaska,x14,stefan,none,0.0,catboost_lo,0,393,20,13606,13606,1.0,30.529,-12.273,21.879,0.0957,0.4,
covonly,Canada,1,0,alaska,x14,none,none,0.0,catboost_lo,0,393,20,13606,13606,1.0,31.475,-15.421,22.253,0.0388,0.4,
covonly,Canada,1,1,alaska,x14,none,none,0.0,catboost_lo,0,393,20,13606,13606,1.0,32.72,-16.93,23.016,-0.0388,0.4,
covonly,Canada,1,2,alaska,x14,none,none,0.0,catboost_lo,0,393,20,13606,13606,1.0,33.516,-16.622,23.689,-0.0899,0.4,
labels,Canada,1,0,alaska,x25,stefan,none,0.0,catboost_lo,0,393,20,13961,13961,0.0,27.838,-7.003,20.854,0.2481,0.5,
labels,Canada,1,0,alaska,x25,stefan,none,0.0,catboost_lo,0,393,20,13961,13961,0.25,28.013,-7.645,20.799,0.2386,0.5,
labels,Canada,1,0,alaska,x25,stefan,none,0.0,catboost_lo,0,393,20,13961,13961,0.5,28.241,-8.286,20.841,0.2262,0.5,
labels,Canada,1,0,alaska,x25,stefan,none,0.0,catboost_lo,0,393,20,13961,13961,0.75,28.519,-8.928,20.944,0.2108,0.5,
labels,Canada,1,0,alaska,x25,stefan,none,0.0,catboost_lo,0,393,20,13961,13961,1.0,28.848,-9.57,21.094,0.1925,0.5,
labels,Canada,1,1,alaska,x25,stefan,none,0.0,catboost_lo,0,393,20,13961,13961,0.0,27.838,-7.003,20.854,0.2481,0.5,
labels,Canada,1,1,alaska,x25,stefan,none,0.0,catboost_lo,0,393,20,13961,13961,0.25,27.377,-6.738,20.509,0.2728,0.5,
labels,Canada,1,1,alaska,x25,stefan,none,0.0,catboost_lo,0,393,20,13961,13961,0.5,26.961,-6.474,20.208,0.2947,0.5,
labels,Canada,1,1,alaska,x25,stefan,none,0.0,catboost_lo,0,393,20,13961,13961,0.75,26.59,-6.209,19.942,0.314,0.5,
labels,Canada,1,1,alaska,x25,stefan,none,0.0,catboost_lo,0,393,20,13961,13961,1.0,26.268,-5.945,19.72,0.3305,0.5,
labels,Canada,1,2,alaska,x25,stefan,none,0.0,catboost_lo,0,393,20,13961,13961,0.0,27.838,-7.003,20.854,0.2481,0.4,
labels,Canada,1,2,alaska,x25,stefan,none,0.0,catboost_lo,0,393,20,13961,13961,0.25,27.309,-7.004,20.358,0.2764,0.4,
labels,Canada,1,2,alaska,x25,stefan,none,0.0,catboost_lo,0,393,20,13961,13961,0.5,26.837,-7.005,19.946,0.3012,0.4,
labels,Canada,1,2,alaska,x25,stefan,none,0.0,catboost_lo,0,393,20,13961,13961,0.75,26.424,-7.006,19.605,0.3225,0.4,
labels,Canada,1,2,alaska,x25,stefan,none,0.0,catboost_lo,0,393,20,13961,13961,1.0,26.073,-7.007,19.324,0.3404,0.4,
labels,Canada,1,0,alaska,x25,none,none,0.0,catboost_lo,0,393,20,13961,13961,1.0,28.317,-11.371,20.457,0.222,0.4,
labels,Canada,1,1,alaska,x25,none,none,0.0,catboost_lo,0,393,20,13961,13961,1.0,28.564,-9.74,20.815,0.2083,0.4,
labels,Canada,1,2,alaska,x25,none,none,0.0,catboost_lo,0,393,20,13961,13961,1.0,28.721,-10.772,20.827,0.1997,0.5,
labels,Canada,1,0,alaska,x14,stefan,none,0.0,catboost_lo,0,393,20,13961,13961,0.0,27.838,-7.003,20.854,0.2481,0.4,
labels,Canada,1,0,alaska,x14,stefan,none,0.0,catboost_lo,0,393,20,13961,13961,0.25,27.562,-7.966,20.378,0.2629,0.4,
labels,Canada,1,0,alaska,x14,stefan,none,0.0,catboost_lo,0,393,20,13961,13961,0.5,27.384,-8.928,20.059,0.2724,0.4,
labels,Canada,1,0,alaska,x14,stefan,none,0.0,catboost_lo,0,393,20,13961,13961,0.75,27.305,-9.891,19.851,0.2766,0.4,
labels,Canada,1,0,alaska,x14,stefan,none,0.0,catboost_lo,0,393,20,13961,13961,1.0,27.326,-10.853,19.782,0.2755,0.4,
labels,Canada,1,1,alaska,x14,stefan,none,0.0,catboost_lo,0,393,20,13961,13961,0.0,27.838,-7.003,20.854,0.2481,0.4,
labels,Canada,1,1,alaska,x14,stefan,none,0.0,catboost_lo,0,393,20,13961,13961,0.25,27.293,-7.668,20.201,0.2772,0.4,
labels,Canada,1,1,alaska,x14,stefan,none,0.0,catboost_lo,0,393,20,13961,13961,0.5,26.848,-8.334,19.714,0.3006,0.4,
labels,Canada,1,1,alaska,x14,stefan,none,0.0,catboost_lo,0,393,20,13961,13961,0.75,26.508,-8.999,19.342,0.3182,0.4,
labels,Canada,1,1,alaska,x14,stefan,none,0.0,catboost_lo,0,393,20,13961,13961,1.0,26.277,-9.664,19.099,0.33,0.4,
labels,Canada,1,2,alaska,x14,stefan,none,0.0,catboost_lo,0,393,20,13961,13961,0.0,27.838,-7.003,20.854,0.2481,0.4,
labels,Canada,1,2,alaska,x14,stefan,none,0.0,catboost_lo,0,393,20,13961,13961,0.25,27.393,-7.868,20.257,0.2719,0.4,
labels,Canada,1,2,alaska,x14,stefan,none,0.0,catboost_lo,0,393,20,13961,13961,0.5,27.057,-8.733,19.836,0.2897,0.4,
labels,Canada,1,2,alaska,x14,stefan,none,0.0,catboost_lo,0,393,20,13961,13961,0.75,26.833,-9.597,19.536,0.3014,0.4,
labels,Canada,1,2,alaska,x14,stefan,none,0.0,catboost_lo,0,393,20,13961,13961,1.0,26.725,-10.462,19.388,0.307,0.4,
labels,Canada,1,0,alaska,x14,none,none,0.0,catboost_lo,0,393,20,13961,13961,1.0,27.525,-11.626,20.018,0.2649,0.4,
labels,Canada,1,1,alaska,x14,none,none,0.0,catboost_lo,0,393,20,13961,13961,1.0,28.015,-12.646,20.244,0.2385,0.5,
labels,Canada,1,2,alaska,x14,none,none,0.0,catboost_lo,0,393,20,13961,13961,1.0,28.132,-12.93,20.383,0.2321,0.4,
covonly,Canada,2,0,alaska,x25,stefan,none,0.0,catboost_lo,0,385,12,13606,13606,0.0,32.047,-1.045,26.829,0.1993,0.5,
covonly,Canada,2,0,alaska,x25,stefan,none,0.0,catboost_lo,0,385,12,13606,13606,0.25,31.701,-2.013,26.302,0.2165,0.5,
covonly,Canada,2,0,alaska,x25,stefan,none,0.0,catboost_lo,0,385,12,13606,13606,0.5,31.428,-2.98,25.817,0.23,0.5,
covonly,Canada,2,0,alaska,x25,stefan,none,0.0,catboost_lo,0,385,12,13606,13606,0.75,31.228,-3.948,25.402,0.2397,0.5,
covonly,Canada,2,0,alaska,x25,stefan,none,0.0,catboost_lo,0,385,12,13606,13606,1.0,31.104,-4.916,25.025,0.2457,0.5,
covonly,Canada,2,1,alaska,x25,stefan,none,0.0,catboost_lo,0,385,12,13606,13606,0.0,32.047,-1.045,26.829,0.1993,0.4,
covonly,Canada,2,1,alaska,x25,stefan,none,0.0,catboost_lo,0,385,12,13606,13606,0.25,31.709,-1.78,26.353,0.2161,0.4,
covonly,Canada,2,1,alaska,x25,stefan,none,0.0,catboost_lo,0,385,12,13606,13606,0.5,31.425,-2.515,25.906,0.2301,0.4,
covonly,Canada,2,1,alaska,x25,stefan,none,0.0,catboost_lo,0,385,12,13606,13606,0.75,31.195,-3.249,25.513,0.2413,0.4,
covonly,Canada,2,1,alaska,x25,stefan,none,0.0,catboost_lo,0,385,12,13606,13606,1.0,31.02,-3.984,25.153,0.2498,0.4,
covonly,Canada,2,2,alaska,x25,stefan,none,0.0,catboost_lo,0,385,12,13606,13606,0.0,32.047,-1.045,26.829,0.1993,0.5,
covonly,Canada,2,2,alaska,x25,stefan,none,0.0,catboost_lo,0,385,12,13606,13606,0.25,31.95,-2.216,26.494,0.2041,0.5,
covonly,Canada,2,2,alaska,x25,stefan,none,0.0,catboost_lo,0,385,12,13606,13606,0.5,31.926,-3.387,26.192,0.2053,0.5,
covonly,Canada,2,2,alaska,x25,stefan,none,0.0,catboost_lo,0,385,12,13606,13606,0.75,31.976,-4.558,25.951,0.2029,0.5,
covonly,Canada,2,2,alaska,x25,stefan,none,0.0,catboost_lo,0,385,12,13606,13606,1.0,32.099,-5.729,25.754,0.1967,0.5,
covonly,Canada,2,0,alaska,x25,none,none,0.0,catboost_lo,0,385,12,13606,13606,1.0,35.183,-12.766,26.982,0.0349,0.4,
covonly,Canada,2,1,alaska,x25,none,none,0.0,catboost_lo,0,385,12,13606,13606,1.0,33.941,-11.306,26.18,0.1019,0.4,
covonly,Canada,2,2,alaska,x25,none,none,0.0,catboost_lo,0,385,12,13606,13606,1.0,37.246,-14.587,28.43,-0.0816,0.4,
covonly,Canada,2,0,alaska,x14,stefan,none,0.0,catboost_lo,0,385,12,13606,13606,0.0,32.047,-1.045,26.829,0.1993,0.4,
covonly,Canada,2,0,alaska,x14,stefan,none,0.0,catboost_lo,0,385,12,13606,13606,0.25,32.315,-2.465,26.793,0.1859,0.4,
covonly,Canada,2,0,alaska,x14,stefan,none,0.0,catboost_lo,0,385,12,13606,13606,0.5,32.659,-3.885,26.799,0.1684,0.4,
covonly,Canada,2,0,alaska,x14,stefan,none,0.0,catboost_lo,0,385,12,13606,13606,0.75,33.079,-5.306,26.832,0.1469,0.4,
covonly,Canada,2,0,alaska,x14,stefan,none,0.0,catboost_lo,0,385,12,13606,13606,1.0,33.57,-6.726,26.921,0.1214,0.4,
covonly,Canada,2,1,alaska,x14,stefan,none,0.0,catboost_lo,0,385,12,13606,13606,0.0,32.047,-1.045,26.829,0.1993,0.4,
covonly,Canada,2,1,alaska,x14,stefan,none,0.0,catboost_lo,0,385,12,13606,13606,0.25,32.112,-2.525,26.625,0.1961,0.4,
covonly,Canada,2,1,alaska,x14,stefan,none,0.0,catboost_lo,0,385,12,13606,13606,0.5,32.263,-4.004,26.477,0.1885,0.4,
covonly,Canada,2,1,alaska,x14,stefan,none,0.0,catboost_lo,0,385,12,13606,13606,0.75,32.498,-5.484,26.362,0.1766,0.4,
covonly,Canada,2,1,alaska,x14,stefan,none,0.0,catboost_lo,0,385,12,13606,13606,1.0,32.815,-6.963,26.29,0.1605,0.4,
covonly,Canada,2,2,alaska,x14,stefan,none,0.0,catboost_lo,0,385,12,13606,13606,0.0,32.047,-1.045,26.829,0.1993,0.4,
covonly,Canada,2,2,alaska,x14,stefan,none,0.0,catboost_lo,0,385,12,13606,13606,0.25,32.392,-2.62,26.835,0.182,0.4,
covonly,Canada,2,2,alaska,x14,stefan,none,0.0,catboost_lo,0,385,12,13606,13606,0.5,32.826,-4.195,26.881,0.1599,0.4,
covonly,Canada,2,2,alaska,x14,stefan,none,0.0,catboost_lo,0,385,12,13606,13606,0.75,33.344,-5.77,26.973,0.1332,0.4,
covonly,Canada,2,2,alaska,x14,stefan,none,0.0,catboost_lo,0,385,12,13606,13606,1.0,33.944,-7.345,27.114,0.1017,0.4,
covonly,Canada,2,0,alaska,x14,none,none,0.0,catboost_lo,0,385,12,13606,13606,1.0,33.691,-10.954,25.91,0.1151,0.4,
covonly,Canada,2,1,alaska,x14,none,none,0.0,catboost_lo,0,385,12,13606,13606,1.0,34.612,-12.475,26.372,0.066,0.4,
covonly,Canada,2,2,alaska,x14,none,none,0.0,catboost_lo,0,385,12,13606,13606,1.0,35.819,-13.797,27.333,-0.0003,0.4,
labels,Canada,2,0,alaska,x25,stefan,none,0.0,catboost_lo,0,385,12,13969,13969,0.0,32.065,-1.26,26.812,0.1984,0.4,
labels,Canada,2,0,alaska,x25,stefan,none,0.0,catboost_lo,0,385,12,13969,13969,0.25,32.607,0.193,27.506,0.1711,0.4,
labels,Canada,2,0,alaska,x25,stefan,none,0.0,catboost_lo,0,385,12,13969,13969,0.5,33.252,1.647,28.25,0.138,0.4,
labels,Canada,2,0,alaska,x25,stefan,none,0.0,catboost_lo,0,385,12,13969,13969,0.75,33.996,3.101,29.045,0.099,0.4,
labels,Canada,2,0,alaska,x25,stefan,none,0.0,catboost_lo,0,385,12,13969,13969,1.0,34.831,4.555,29.935,0.0542,0.4,
labels,Canada,2,1,alaska,x25,stefan,none,0.0,catboost_lo,0,385,12,13969,13969,0.0,32.065,-1.26,26.812,0.1984,0.5,
labels,Canada,2,1,alaska,x25,stefan,none,0.0,catboost_lo,0,385,12,13969,13969,0.25,33.079,0.213,27.924,0.1469,0.5,
labels,Canada,2,1,alaska,x25,stefan,none,0.0,catboost_lo,0,385,12,13969,13969,0.5,34.226,1.686,29.101,0.0867,0.5,
labels,Canada,2,1,alaska,x25,stefan,none,0.0,catboost_lo,0,385,12,13969,13969,0.75,35.495,3.159,30.375,0.0178,0.5,
labels,Canada,2,1,alaska,x25,stefan,none,0.0,catboost_lo,0,385,12,13969,13969,1.0,36.873,4.632,31.719,-0.06,0.5,
labels,Canada,2,2,alaska,x25,stefan,none,0.0,catboost_lo,0,385,12,13969,13969,0.0,32.065,-1.26,26.812,0.1984,0.4,
labels,Canada,2,2,alaska,x25,stefan,none,0.0,catboost_lo,0,385,12,13969,13969,0.25,32.888,0.065,27.732,0.1568,0.4,
labels,Canada,2,2,alaska,x25,stefan,none,0.0,catboost_lo,0,385,12,13969,13969,0.5,33.836,1.39,28.726,0.1074,0.4,
labels,Canada,2,2,alaska,x25,stefan,none,0.0,catboost_lo,0,385,12,13969,13969,0.75,34.901,2.714,29.801,0.0503,0.4,
labels,Canada,2,2,alaska,x25,stefan,none,0.0,catboost_lo,0,385,12,13969,13969,1.0,36.072,4.039,30.952,-0.0144,0.4,
labels,Canada,2,0,alaska,x25,none,none,0.0,catboost_lo,0,385,12,13969,13969,1.0,33.083,-1.25,27.434,0.1467,0.4,
labels,Canada,2,1,alaska,x25,none,none,0.0,catboost_lo,0,385,12,13969,13969,1.0,32.169,-0.55,26.853,0.1932,0.5,
labels,Canada,2,2,alaska,x25,none,none,0.0,catboost_lo,0,385,12,13969,13969,1.0,33.762,3.027,28.947,0.1113,0.5,
labels,Canada,2,0,alaska,x14,stefan,none,0.0,catboost_lo,0,385,12,13969,13969,0.0,32.065,-1.26,26.812,0.1984,0.4,
labels,Canada,2,0,alaska,x14,stefan,none,0.0,catboost_lo,0,385,12,13969,13969,0.25,33.867,0.883,28.726,0.1058,0.4,
labels,Canada,2,0,alaska,x14,stefan,none,0.0,catboost_lo,0,385,12,13969,13969,0.5,35.972,3.026,30.807,-0.0088,0.4,
labels,Canada,2,0,alaska,x14,stefan,none,0.0,catboost_lo,0,385,12,13969,13969,0.75,38.329,5.169,33.022,-0.1454,0.4,
labels,Canada,2,0,alaska,x14,stefan,none,0.0,catboost_lo,0,385,12,13969,13969,1.0,40.895,7.311,35.341,-0.3039,0.4,
labels,Canada,2,1,alaska,x14,stefan,none,0.0,catboost_lo,0,385,12,13969,13969,0.0,32.065,-1.26,26.812,0.1984,0.5,
labels,Canada,2,1,alaska,x14,stefan,none,0.0,catboost_lo,0,385,12,13969,13969,0.25,33.621,0.066,28.392,0.1187,0.5,
labels,Canada,2,1,alaska,x14,stefan,none,0.0,catboost_lo,0,385,12,13969,13969,0.5,35.404,1.392,30.144,0.0228,0.5,
labels,Canada,2,1,alaska,x14,stefan,none,0.0,catboost_lo,0,385,12,13969,13969,0.75,37.381,2.718,32.02,-0.0894,0.5,
labels,Canada,2,1,alaska,x14,stefan,none,0.0,catboost_lo,0,385,12,13969,13969,1.0,39.524,4.044,33.991,-0.2179,0.5,
labels,Canada,2,2,alaska,x14,stefan,none,0.0,catboost_lo,0,385,12,13969,13969,0.0,32.065,-1.26,26.812,0.1984,0.4,
labels,Canada,2,2,alaska,x14,stefan,none,0.0,catboost_lo,0,385,12,13969,13969,0.25,33.654,0.289,28.452,0.117,0.4,
labels,Canada,2,2,alaska,x14,stefan,none,0.0,catboost_lo,0,385,12,13969,13969,0.5,35.454,1.839,30.213,0.02,0.4,
labels,Canada,2,2,alaska,x14,stefan,none,0.0,catboost_lo,0,385,12,13969,13969,0.75,37.433,3.388,32.085,-0.0924,0.4,
labels,Canada,2,2,alaska,x14,stefan,none,0.0,catboost_lo,0,385,12,13969,13969,1.0,39.565,4.938,34.046,-0.2204,0.4,
labels,Canada,2,0,alaska,x14,none,none,0.0,catboost_lo,0,385,12,13969,13969,1.0,39.354,3.533,33.753,-0.2074,0.4,
labels,Canada,2,1,alaska,x14,none,none,0.0,catboost_lo,0,385,12,13969,13969,1.0,36.431,0.866,30.963,-0.0347,0.4,
labels,Canada,2,2,alaska,x14,none,none,0.0,catboost_lo,0,385,12,13969,13969,1.0,40.039,4.261,34.416,-0.2498,0.4,
covonly,Russia_W,0,0,alaska,x25,stefan,none,0.0,catboost_lo,0,12,8,13606,13606,0.0,32.717,-21.746,26.497,-0.8436,0.4,
covonly,Russia_W,0,0,alaska,x25,stefan,none,0.0,catboost_lo,0,12,8,13606,13606,0.25,32.32,-21.745,26.174,-0.7992,0.4,
covonly,Russia_W,0,0,alaska,x25,stefan,none,0.0,catboost_lo,0,12,8,13606,13606,0.5,31.988,-21.744,25.934,-0.7624,0.4,
covonly,Russia_W,0,0,alaska,x25,stefan,none,0.0,catboost_lo,0,12,8,13606,13606,0.75,31.722,-21.743,25.752,-0.7332,0.4,
covonly,Russia_W,0,0,alaska,x25,stefan,none,0.0,catboost_lo,0,12,8,13606,13606,1.0,31.524,-21.742,25.569,-0.7117,0.4,
covonly,Russia_W,0,1,alaska,x25,stefan,none,0.0,catboost_lo,0,12,8,13606,13606,0.0,32.717,-21.746,26.497,-0.8436,0.4,
covonly,Russia_W,0,1,alaska,x25,stefan,none,0.0,catboost_lo,0,12,8,13606,13606,0.25,32.436,-21.709,26.284,-0.8122,0.4,
covonly,Russia_W,0,1,alaska,x25,stefan,none,0.0,catboost_lo,0,12,8,13606,13606,0.5,32.199,-21.672,26.071,-0.7858,0.4,
covonly,Russia_W,0,1,alaska,x25,stefan,none,0.0,catboost_lo,0,12,8,13606,13606,0.75,32.005,-21.635,25.859,-0.7643,0.4,
covonly,Russia_W,0,1,alaska,x25,stefan,none,0.0,catboost_lo,0,12,8,13606,13606,1.0,31.856,-21.598,25.663,-0.7479,0.4,
covonly,Russia_W,0,2,alaska,x25,stefan,none,0.0,catboost_lo,0,12,8,13606,13606,0.0,32.717,-21.746,26.497,-0.8436,0.4,
covonly,Russia_W,0,2,alaska,x25,stefan,none,0.0,catboost_lo,0,12,8,13606,13606,0.25,32.575,-21.925,26.426,-0.8278,0.4,
covonly,Russia_W,0,2,alaska,x25,stefan,none,0.0,catboost_lo,0,12,8,13606,13606,0.5,32.51,-22.103,26.47,-0.8204,0.4,
covonly,Russia_W,0,2,alaska,x25,stefan,none,0.0,catboost_lo,0,12,8,13606,13606,0.75,32.519,-22.282,26.556,-0.8215,0.4,
covonly,Russia_W,0,2,alaska,x25,stefan,none,0.0,catboost_lo,0,12,8,13606,13606,1.0,32.605,-22.46,26.641,-0.831,0.4,
covonly,Russia_W,0,0,alaska,x25,none,none,0.0,catboost_lo,0,12,8,13606,13606,1.0,35.277,-25.665,28.96,-1.1435,0.4,
covonly,Russia_W,0,1,alaska,x25,none,none,0.0,catboost_lo,0,12,8,13606,13606,1.0,35.289,-26.417,29.503,-1.145,0.4,
covonly,Russia_W,0,2,alaska,x25,none,none,0.0,catboost_lo,0,12,8,13606,13606,1.0,34.821,-25.675,28.714,-1.0884,0.4,
covonly,Russia_W,0,0,alaska,x14,stefan,none,0.0,catboost_lo,0,12,8,13606,13606,0.0,32.717,-21.746,26.497,-0.8436,0.4,
covonly,Russia_W,0,0,alaska,x14,stefan,none,0.0,catboost_lo,0,12,8,13606,13606,0.25,34.224,-24.139,28.232,-1.0174,0.4,
covonly,Russia_W,0,0,alaska,x14,stefan,none,0.0,catboost_lo,0,12,8,13606,13606,0.5,35.974,-26.532,30.166,-1.229,0.4,
covonly,Russia_W,0,0,alaska,x14,stefan,none,0.0,catboost_lo,0,12,8,13606,13606,0.75,37.934,-28.925,32.099,-1.4785,0.4,
covonly,Russia_W,0,0,alaska,x14,stefan,none,0.0,catboost_lo,0,12,8,13606,13606,1.0,40.073,-31.318,34.033,-1.7659,0.4,
covonly,Russia_W,0,1,alaska,x14,stefan,none,0.0,catboost_lo,0,12,8,13606,13606,0.0,32.717,-21.746,26.497,-0.8436,0.4,
covonly,Russia_W,0,1,alaska,x14,stefan,none,0.0,catboost_lo,0,12,8,13606,13606,0.25,34.308,-24.302,28.194,-1.0273,0.4,
covonly,Russia_W,0,1,alaska,x14,stefan,none,0.0,catboost_lo,0,12,8,13606,13606,0.5,36.146,-26.858,30.089,-1.2504,0.4,
covonly,Russia_W,0,1,alaska,x14,stefan,none,0.0,catboost_lo,0,12,8,13606,13606,0.75,38.196,-29.415,31.984,-1.5129,0.4,
covonly,Russia_W,0,1,alaska,x14,stefan,none,0.0,catboost_lo,0,12,8,13606,13606,1.0,40.426,-31.971,34.38,-1.8149,0.4,
covonly,Russia_W,0,2,alaska,x14,stefan,none,0.0,catboost_lo,0,12,8,13606,13606,0.0,32.717,-21.746,26.497,-0.8436,0.4,
covonly,Russia_W,0,2,alaska,x14,stefan,none,0.0,catboost_lo,0,12,8,13606,13606,0.25,34.394,-24.273,28.399,-1.0375,0.4,
covonly,Russia_W,0,2,alaska,x14,stefan,none,0.0,catboost_lo,0,12,8,13606,13606,0.5,36.303,-26.799,30.5,-1.27,0.4,
covonly,Russia_W,0,2,alaska,x14,stefan,none,0.0,catboost_lo,0,12,8,13606,13606,0.75,38.411,-29.326,32.6,-1.5412,0.4,
covonly,Russia_W,0,2,alaska,x14,stefan,none,0.0,catboost_lo,0,12,8,13606,13606,1.0,40.685,-31.853,34.701,-1.8511,0.4,
covonly,Russia_W,0,0,alaska,x14,none,none,0.0,catboost_lo,0,12,8,13606,13606,1.0,39.992,-32.159,34.023,-1.7548,0.4,
covonly,Russia_W,0,1,alaska,x14,none,none,0.0,catboost_lo,0,12,8,13606,13606,1.0,39.864,-31.582,33.445,-1.7372,0.4,
covonly,Russia_W,0,2,alaska,x14,none,none,0.0,catboost_lo,0,12,8,13606,13606,1.0,40.279,-32.116,34.025,-1.7944,0.4,
noinfo,Russia_W,0,0,alaska,x25,stefan,none,0.0,catboost_lo,0,28,18,13606,13606,0.0,42.456,-32.366,34.764,-1.2707,0.4,
noinfo,Russia_W,0,0,alaska,x25,stefan,none,0.0,catboost_lo,0,28,18,13606,13606,0.25,42.609,-32.745,34.938,-1.2871,0.4,
noinfo,Russia_W,0,0,alaska,x25,stefan,none,0.0,catboost_lo,0,28,18,13606,13606,0.5,42.811,-33.125,35.148,-1.3089,0.4,
noinfo,Russia_W,0,0,alaska,x25,stefan,none,0.0,catboost_lo,0,28,18,13606,13606,0.75,43.062,-33.504,35.382,-1.336,0.4,
noinfo,Russia_W,0,0,alaska,x25,stefan,none,0.0,catboost_lo,0,28,18,13606,13606,1.0,43.36,-33.883,35.617,-1.3685,0.4,
noinfo,Russia_W,0,1,alaska,x25,stefan,none,0.0,catboost_lo,0,28,18,13606,13606,0.0,42.456,-32.366,34.764,-1.2707,0.4,
noinfo,Russia_W,0,1,alaska,x25,stefan,none,0.0,catboost_lo,0,28,18,13606,13606,0.25,42.516,-32.614,34.874,-1.2772,0.4,
noinfo,Russia_W,0,1,alaska,x25,stefan,none,0.0,catboost_lo,0,28,18,13606,13606,0.5,42.614,-32.863,34.983,-1.2877,0.4,
noinfo,Russia_W,0,1,alaska,x25,stefan,none,0.0,catboost_lo,0,28,18,13606,13606,0.75,42.749,-33.111,35.093,-1.3022,0.4,
noinfo,Russia_W,0,1,alaska,x25,stefan,none,0.0,catboost_lo,0,28,18,13606,13606,1.0,42.921,-33.36,35.21,-1.3208,0.4,
noinfo,Russia_W,0,2,alaska,x25,stefan,none,0.0,catboost_lo,0,28,18,13606,13606,0.0,42.456,-32.366,34.764,-1.2707,0.4,
noinfo,Russia_W,0,2,alaska,x25,stefan,none,0.0,catboost_lo,0,28,18,13606,13606,0.25,42.821,-32.915,35.144,-1.31,0.4,
noinfo,Russia_W,0,2,alaska,x25,stefan,none,0.0,catboost_lo,0,28,18,13606,13606,0.5,43.236,-33.463,35.574,-1.355,0.4,
noinfo,Russia_W,0,2,alaska,x25,stefan,none,0.0,catboost_lo,0,28,18,13606,13606,0.75,43.699,-34.012,36.021,-1.4057,0.4,
noinfo,Russia_W,0,2,alaska,x25,stefan,none,0.0,catboost_lo,0,28,18,13606,13606,1.0,44.209,-34.561,36.469,-1.4622,0.4,
noinfo,Russia_W,0,0,alaska,x25,none,none,0.0,catboost_lo,0,28,18,13606,13606,1.0,46.256,-37.044,38.528,-1.6954,0.4,
noinfo,Russia_W,0,1,alaska,x25,none,none,0.0,catboost_lo,0,28,18,13606,13606,1.0,46.406,-37.688,39.051,-1.7129,0.4,
noinfo,Russia_W,0,2,alaska,x25,none,none,0.0,catboost_lo,0,28,18,13606,13606,1.0,46.199,-37.163,38.608,-1.6888,0.4,
noinfo,Russia_W,0,0,alaska,x14,stefan,none,0.0,catboost_lo,0,28,18,13606,13606,0.0,42.456,-32.366,34.764,-1.2707,0.4,
noinfo,Russia_W,0,0,alaska,x14,stefan,none,0.0,catboost_lo,0,28,18,13606,13606,0.25,44.697,-35.228,37.095,-1.5168,0.4,
noinfo,Russia_W,0,0,alaska,x14,stefan,none,0.0,catboost_lo,0,28,18,13606,13606,0.5,47.089,-38.091,39.648,-1.7934,0.4,
noinfo,Russia_W,0,0,alaska,x14,stefan,none,0.0,catboost_lo,0,28,18,13606,13606,0.75,49.61,-40.953,42.313,-2.1005,0.4,
noinfo,Russia_W,0,0,alaska,x14,stefan,none,0.0,catboost_lo,0,28,18,13606,13606,1.0,52.242,-43.815,44.979,-2.4381,0.4,
noinfo,Russia_W,0,1,alaska,x14,stefan,none,0.0,catboost_lo,0,28,18,13606,13606,0.0,42.456,-32.366,34.764,-1.2707,0.4,
noinfo,Russia_W,0,1,alaska,x14,stefan,none,0.0,catboost_lo,0,28,18,13606,13606,0.25,44.64,-35.232,37.043,-1.5104,0.4,
noinfo,Russia_W,0,1,alaska,x14,stefan,none,0.0,catboost_lo,0,28,18,13606,13606,0.5,46.965,-38.097,39.482,-1.7787,0.4,
noinfo,Russia_W,0,1,alaska,x14,stefan,none,0.0,catboost_lo,0,28,18,13606,13606,0.75,49.411,-40.963,42.064,-2.0757,0.4,
noinfo,Russia_W,0,1,alaska,x14,stefan,none,0.0,catboost_lo,0,28,18,13606,13606,1.0,51.961,-43.829,44.861,-2.4013,0.4,
noinfo,Russia_W,0,2,alaska,x14,stefan,none,0.0,catboost_lo,0,28,18,13606,13606,0.0,42.456,-32.366,34.764,-1.2707,0.4,
noinfo,Russia_W,0,2,alaska,x14,stefan,none,0.0,catboost_lo,0,28,18,13606,13606,0.25,44.756,-35.325,37.207,-1.5234,0.4,
noinfo,Russia_W,0,2,alaska,x14,stefan,none,0.0,catboost_lo,0,28,18,13606,13606,0.5,47.209,-38.283,39.869,-1.8076,0.4,
noinfo,Russia_W,0,2,alaska,x14,stefan,none,0.0,catboost_lo,0,28,18,13606,13606,0.75,49.792,-41.242,42.645,-2.1233,0.4,
noinfo,Russia_W,0,2,alaska,x14,stefan,none,0.0,catboost_lo,0,28,18,13606,13606,1.0,52.488,-44.201,45.421,-2.4706,0.4,
noinfo,Russia_W,0,0,alaska,x14,none,none,0.0,catboost_lo,0,28,18,13606,13606,1.0,51.473,-43.552,44.351,-2.3377,0.4,
noinfo,Russia_W,0,1,alaska,x14,none,none,0.0,catboost_lo,0,28,18,13606,13606,1.0,52.141,-43.932,44.73,-2.4249,0.4,
noinfo,Russia_W,0,2,alaska,x14,none,none,0.0,catboost_lo,0,28,18,13606,13606,1.0,51.338,-43.154,43.972,-2.3203,0.4,
labels,Russia_W,0,0,alaska,x25,stefan,none,0.0,catboost_lo,0,12,8,13622,13622,0.0,32.681,-21.691,26.469,-0.8396,0.4,
labels,Russia_W,0,0,alaska,x25,stefan,none,0.0,catboost_lo,0,12,8,13622,13622,0.25,29.696,-16.276,24.567,-0.519,0.4,
labels,Russia_W,0,0,alaska,x25,stefan,none,0.0,catboost_lo,0,12,8,13622,13622,0.5,27.685,-10.861,23.309,-0.3202,0.4,
labels,Russia_W,0,0,alaska,x25,stefan,none,0.0,catboost_lo,0,12,8,13622,13622,0.75,26.867,-5.447,22.39,-0.2433,0.4,
labels,Russia_W,0,0,alaska,x25,stefan,none,0.0,catboost_lo,0,12,8,13622,13622,1.0,27.35,-0.032,22.286,-0.2884,0.4,
labels,Russia_W,0,1,alaska,x25,stefan,none,0.0,catboost_lo,0,12,8,13622,13622,0.0,32.681,-21.691,26.469,-0.8396,0.5,
labels,Russia_W,0,1,alaska,x25,stefan,none,0.0,catboost_lo,0,12,8,13622,13622,0.25,29.709,-16.382,24.581,-0.5203,0.5,
labels,Russia_W,0,1,alaska,x25,stefan,none,0.0,catboost_lo,0,12,8,13622,13622,0.5,27.651,-11.073,23.337,-0.3169,0.5,
labels,Russia_W,0,1,alaska,x25,stefan,none,0.0,catboost_lo,0,12,8,13622,13622,0.75,26.719,-5.764,22.116,-0.2296,0.5,
labels,Russia_W,0,1,alaska,x25,stefan,none,0.0,catboost_lo,0,12,8,13622,13622,1.0,27.029,-0.455,21.921,-0.2583,0.5,
labels,Russia_W,0,2,alaska,x25,stefan,none,0.0,catboost_lo,0,12,8,13622,13622,0.0,32.681,-21.691,26.469,-0.8396,0.4,
labels,Russia_W,0,2,alaska,x25,stefan,none,0.0,catboost_lo,0,12,8,13622,13622,0.25,29.429,-16.353,24.202,-0.4917,0.4,
labels,Russia_W,0,2,alaska,x25,stefan,none,0.0,catboost_lo,0,12,8,13622,13622,0.5,27.013,-11.015,22.579,-0.2569,0.4,
labels,Russia_W,0,2,alaska,x25,stefan,none,0.0,catboost_lo,0,12,8,13622,13622,0.75,25.67,-5.677,20.957,-0.135,0.4,
labels,Russia_W,0,2,alaska,x25,stefan,none,0.0,catboost_lo,0,12,8,13622,13622,1.0,25.569,-0.339,20.249,-0.1261,0.4,
labels,Russia_W,0,0,alaska,x25,none,none,0.0,catboost_lo,0,12,8,13622,13622,1.0,26.909,-2.252,22.529,-0.2472,0.4,
labels,Russia_W,0,1,alaska,x25,none,none,0.0,catboost_lo,0,12,8,13622,13622,1.0,25.261,-2.206,21.147,-0.0991,0.4,
labels,Russia_W,0,2,alaska,x25,none,none,0.0,catboost_lo,0,12,8,13622,13622,1.0,24.783,-5.13,20.429,-0.0579,0.4,
labels,Russia_W,0,0,alaska,x14,stefan,none,0.0,catboost_lo,0,12,8,13622,13622,0.0,32.681,-21.691,26.469,-0.8396,0.4,
labels,Russia_W,0,0,alaska,x14,stefan,none,0.0,catboost_lo,0,12,8,13622,13622,0.25,32.563,-21.3,26.947,-0.8264,0.4,
labels,Russia_W,0,0,alaska,x14,stefan,none,0.0,catboost_lo,0,12,8,13622,13622,0.5,32.626,-20.91,27.425,-0.8335,0.4,
labels,Russia_W,0,0,alaska,x14,stefan,none,0.0,catboost_lo,0,12,8,13622,13622,0.75,32.869,-20.519,27.903,-0.8609,0.4,
labels,Russia_W,0,0,alaska,x14,stefan,none,0.0,catboost_lo,0,12,8,13622,13622,1.0,33.288,-20.128,28.381,-0.9086,0.4,
labels,Russia_W,0,1,alaska,x14,stefan,none,0.0,catboost_lo,0,12,8,13622,13622,0.0,32.681,-21.691,26.469,-0.8396,0.4,
labels,Russia_W,0,1,alaska,x14,stefan,none,0.0,catboost_lo,0,12,8,13622,13622,0.25,32.435,-21.43,26.943,-0.812,0.4,
labels,Russia_W,0,1,alaska,x14,stefan,none,0.0,catboost_lo,0,12,8,13622,13622,0.5,32.376,-21.168,27.417,-0.8054,0.4,
labels,Russia_W,0,1,alaska,x14,stefan,none,0.0,catboost_lo,0,12,8,13622,13622,0.75,32.504,-20.907,27.892,-0.8198,0.4,
labels,Russia_W,0,1,alaska,x14,stefan,none,0.0,catboost_lo,0,12,8,13622,13622,1.0,32.819,-20.646,28.366,-0.8552,0.4,
labels,Russia_W,0,2,alaska,x14,stefan,none,0.0,catboost_lo,0,12,8,13622,13622,0.0,32.681,-21.691,26.469,-0.8396,0.4,
labels,Russia_W,0,2,alaska,x14,stefan,none,0.0,catboost_lo,0,12,8,13622,13622,0.25,32.63,-21.464,27.081,-0.8338,0.4,
labels,Russia_W,0,2,alaska,x14,stefan,none,0.0,catboost_lo,0,12,8,13622,13622,0.5,32.752,-21.237,27.692,-0.8476,0.4,
labels,Russia_W,0,2,alaska,x14,stefan,none,0.0,catboost_lo,0,12,8,13622,13622,0.75,33.046,-21.01,28.303,-0.8809,0.4,
labels,Russia_W,0,2,alaska,x14,stefan,none,0.0,catboost_lo,0,12,8,13622,13622,1.0,33.507,-20.784,28.915,-0.9338,0.4,
labels,Russia_W,0,0,alaska,x14,none,none,0.0,catboost_lo,0,12,8,13622,13622,1.0,30.253,-18.639,25.399,-0.5765,0.4,
labels,Russia_W,0,1,alaska,x14,none,none,0.0,catboost_lo,0,12,8,13622,13622,1.0,32.449,-19.723,28.242,-0.8135,0.3,
labels,Russia_W,0,2,alaska,x14,none,none,0.0,catboost_lo,0,12,8,13622,13622,1.0,29.807,-16.485,25.021,-0.5303,0.4,
covonly,Russia_W,1,0,alaska,x25,stefan,none,0.0,catboost_lo,0,12,7,13606,13606,0.0,46.1,-34.794,36.645,-1.3913,0.4,
covonly,Russia_W,1,0,alaska,x25,stefan,none,0.0,catboost_lo,0,12,7,13606,13606,0.25,45.531,-34.544,36.11,-1.3327,0.4,
covonly,Russia_W,1,0,alaska,x25,stefan,none,0.0,catboost_lo,0,12,7,13606,13606,0.5,44.998,-34.294,35.574,-1.2783,0.4,
covonly,Russia_W,1,0,alaska,x25,stefan,none,0.0,catboost_lo,0,12,7,13606,13606,0.75,44.501,-34.045,35.038,-1.2283,0.4,
covonly,Russia_W,1,0,alaska,x25,stefan,none,0.0,catboost_lo,0,12,7,13606,13606,1.0,44.042,-33.795,34.502,-1.1826,0.4,
covonly,Russia_W,1,1,alaska,x25,stefan,none,0.0,catboost_lo,0,12,7,13606,13606,0.0,46.1,-34.794,36.645,-1.3913,0.5,
covonly,Russia_W,1,1,alaska,x25,stefan,none,0.0,catboost_lo,0,12,7,13606,13606,0.25,45.496,-34.491,36.078,-1.3291,0.5,
covonly,Russia_W,1,1,alaska,x25,stefan,none,0.0,catboost_lo,0,12,7,13606,13606,0.5,44.911,-34.187,35.51,-1.2695,0.5,
covonly,Russia_W,1,1,alaska,x25,stefan,none,0.0,catboost_lo,0,12,7,13606,13606,0.75,44.344,-33.883,34.943,-1.2126,0.5,
covonly,Russia_W,1,1,alaska,x25,stefan,none,0.0,catboost_lo,0,12,7,13606,13606,1.0,43.797,-33.58,34.375,-1.1584,0.5,
covonly,Russia_W,1,2,alaska,x25,stefan,none,0.0,catboost_lo,0,12,7,13606,13606,0.0,46.1,-34.794,36.645,-1.3913,0.4,
covonly,Russia_W,1,2,alaska,x25,stefan,none,0.0,catboost_lo,0,12,7,13606,13606,0.25,45.717,-34.708,36.305,-1.3517,0.4,
covonly,Russia_W,1,2,alaska,x25,stefan,none,0.0,catboost_lo,0,12,7,13606,13606,0.5,45.372,-34.621,35.965,-1.3164,0.4,
covonly,Russia_W,1,2,alaska,x25,stefan,none,0.0,catboost_lo,0,12,7,13606,13606,0.75,45.066,-34.535,35.624,-1.2852,0.4,
covonly,Russia_W,1,2,alaska,x25,stefan,none,0.0,catboost_lo,0,12,7,13606,13606,1.0,44.8,-34.448,35.284,-1.2583,0.4,
covonly,Russia_W,1,0,alaska,x25,none,none,0.0,catboost_lo,0,12,7,13606,13606,1.0,47.281,-37.529,37.641,-1.5154,0.5,
covonly,Russia_W,1,1,alaska,x25,none,none,0.0,catboost_lo,0,12,7,13606,13606,1.0,47.082,-38.156,38.156,-1.4943,0.5,
covonly,Russia_W,1,2,alaska,x25,none,none,0.0,catboost_lo,0,12,7,13606,13606,1.0,46.747,-37.279,37.279,-1.4589,0.5,
covonly,Russia_W,1,0,alaska,x14,stefan,none,0.0,catboost_lo,0,12,7,13606,13606,0.0,46.1,-34.794,36.645,-1.3913,0.4,
covonly,Russia_W,1,0,alaska,x14,stefan,none,0.0,catboost_lo,0,12,7,13606,13606,0.25,47.231,-36.656,38.098,-1.5101,0.4,
covonly,Russia_W,1,0,alaska,x14,stefan,none,0.0,catboost_lo,0,12,7,13606,13606,0.5,48.472,-38.517,39.55,-1.6437,0.4,
covonly,Russia_W,1,0,alaska,x14,stefan,none,0.0,catboost_lo,0,12,7,13606,13606,0.75,49.816,-40.379,41.003,-1.7924,0.4,
covonly,Russia_W,1,0,alaska,x14,stefan,none,0.0,catboost_lo,0,12,7,13606,13606,1.0,51.255,-42.24,42.455,-1.956,0.4,
covonly,Russia_W,1,1,alaska,x14,stefan,none,0.0,catboost_lo,0,12,7,13606,13606,0.0,46.1,-34.794,36.645,-1.3913,0.4,
covonly,Russia_W,1,1,alaska,x14,stefan,none,0.0,catboost_lo,0,12,7,13606,13606,0.25,47.295,-36.837,38.1,-1.5169,0.4,
covonly,Russia_W,1,1,alaska,x14,stefan,none,0.0,catboost_lo,0,12,7,13606,13606,0.5,48.602,-38.88,39.555,-1.6579,0.4,
covonly,Russia_W,1,1,alaska,x14,stefan,none,0.0,catboost_lo,0,12,7,13606,13606,0.75,50.012,-40.922,41.01,-1.8144,0.4,
covonly,Russia_W,1,1,alaska,x14,stefan,none,0.0,catboost_lo,0,12,7,13606,13606,1.0,51.517,-42.965,42.965,-1.9863,0.4,
covonly,Russia_W,1,2,alaska,x14,stefan,none,0.0,catboost_lo,0,12,7,13606,13606,0.0,46.1,-34.794,36.645,-1.3913,0.4,
covonly,Russia_W,1,2,alaska,x14,stefan,none,0.0,catboost_lo,0,12,7,13606,13606,0.25,47.307,-36.803,38.244,-1.5182,0.4,
covonly,Russia_W,1,2,alaska,x14,stefan,none,0.0,catboost_lo,0,12,7,13606,13606,0.5,48.634,-38.812,39.843,-1.6614,0.4,
covonly,Russia_W,1,2,alaska,x14,stefan,none,0.0,catboost_lo,0,12,7,13606,13606,0.75,50.07,-40.821,41.442,-1.8209,0.4,
covonly,Russia_W,1,2,alaska,x14,stefan,none,0.0,catboost_lo,0,12,7,13606,13606,1.0,51.608,-42.83,43.041,-1.9968,0.4,
covonly,Russia_W,1,0,alaska,x14,none,none,0.0,catboost_lo,0,12,7,13606,13606,1.0,50.924,-42.503,42.503,-1.9179,0.4,
covonly,Russia_W,1,1,alaska,x14,none,none,0.0,catboost_lo,0,12,7,13606,13606,1.0,51.096,-41.933,42.218,-1.9377,0.3,
covonly,Russia_W,1,2,alaska,x14,none,none,0.0,catboost_lo,0,12,7,13606,13606,1.0,51.923,-43.164,43.164,-2.0336,0.4,
labels,Russia_W,1,0,alaska,x25,stefan,none,0.0,catboost_lo,0,12,7,13622,13622,0.0,46.069,-34.752,36.611,-1.3881,0.4,
labels,Russia_W,1,0,alaska,x25,stefan,none,0.0,catboost_lo,0,12,7,13622,13622,0.25,42.377,-30.327,32.966,-1.0207,0.4,
labels,Russia_W,1,0,alaska,x25,stefan,none,0.0,catboost_lo,0,12,7,13622,13622,0.5,38.929,-25.903,29.968,-0.7052,0.4,
labels,Russia_W,1,0,alaska,x25,stefan,none,0.0,catboost_lo,0,12,7,13622,13622,0.75,35.794,-21.478,26.97,-0.4417,0.4,
labels,Russia_W,1,0,alaska,x25,stefan,none,0.0,catboost_lo,0,12,7,13622,13622,1.0,33.064,-17.053,24.188,-0.2301,0.4,
labels,Russia_W,1,1,alaska,x25,stefan,none,0.0,catboost_lo,0,12,7,13622,13622,0.0,46.069,-34.752,36.611,-1.3881,0.4,
labels,Russia_W,1,1,alaska,x25,stefan,none,0.0,catboost_lo,0,12,7,13622,13622,0.25,42.852,-30.641,33.227,-1.0662,0.4,
labels,Russia_W,1,1,alaska,x25,stefan,none,0.0,catboost_lo,0,12,7,13622,13622,0.5,39.895,-26.531,30.489,-0.7909,0.4,
labels,Russia_W,1,1,alaska,x25,stefan,none,0.0,catboost_lo,0,12,7,13622,13622,0.75,37.257,-22.42,27.752,-0.5619,0.4,
labels,Russia_W,1,1,alaska,x25,stefan,none,0.0,catboost_lo,0,12,7,13622,13622,1.0,35.014,-18.309,25.42,-0.3795,0.4,
labels,Russia_W,1,2,alaska,x25,stefan,none,0.0,catboost_lo,0,12,7,13622,13622,0.0,46.069,-34.752,36.611,-1.3881,0.4,
labels,Russia_W,1,2,alaska,x25,stefan,none,0.0,catboost_lo,0,12,7,13622,13622,0.25,42.846,-30.76,33.457,-1.0657,0.4,
labels,Russia_W,1,2,alaska,x25,stefan,none,0.0,catboost_lo,0,12,7,13622,13622,0.5,39.891,-26.769,30.95,-0.7905,0.4,
labels,Russia_W,1,2,alaska,x25,stefan,none,0.0,catboost_lo,0,12,7,13622,13622,0.75,37.267,-22.777,28.443,-0.5627,0.4,
labels,Russia_W,1,2,alaska,x25,stefan,none,0.0,catboost_lo,0,12,7,13622,13622,1.0,35.048,-18.785,26.227,-0.3822,0.4,
labels,Russia_W,1,0,alaska,x25,none,none,0.0,catboost_lo,0,12,7,13622,13622,1.0,34.642,-18.755,25.969,-0.3503,0.4,
labels,Russia_W,1,1,alaska,x25,none,none,0.0,catboost_lo,0,12,7,13622,13622,1.0,35.181,-18.954,26.238,-0.3927,0.4,
labels,Russia_W,1,2,alaska,x25,none,none,0.0,catboost_lo,0,12,7,13622,13622,1.0,33.759,-18.334,24.924,-0.2824,0.3,
labels,Russia_W,1,0,alaska,x14,stefan,none,0.0,catboost_lo,0,12,7,13622,13622,0.0,46.069,-34.752,36.611,-1.3881,0.4,
labels,Russia_W,1,0,alaska,x14,stefan,none,0.0,catboost_lo,0,12,7,13622,13622,0.25,46.863,-36.182,37.766,-1.4711,0.4,
labels,Russia_W,1,0,alaska,x14,stefan,none,0.0,catboost_lo,0,12,7,13622,13622,0.5,47.741,-37.612,38.921,-1.5646,0.4,
labels,Russia_W,1,0,alaska,x14,stefan,none,0.0,catboost_lo,0,12,7,13622,13622,0.75,48.698,-39.042,40.077,-1.6685,0.4,
labels,Russia_W,1,0,alaska,x14,stefan,none,0.0,catboost_lo,0,12,7,13622,13622,1.0,49.73,-40.472,41.232,-1.7827,0.4,
labels,Russia_W,1,1,alaska,x14,stefan,none,0.0,catboost_lo,0,12,7,13622,13622,0.0,46.069,-34.752,36.611,-1.3881,0.4,
labels,Russia_W,1,1,alaska,x14,stefan,none,0.0,catboost_lo,0,12,7,13622,13622,0.25,46.622,-35.908,37.471,-1.4457,0.4,
labels,Russia_W,1,1,alaska,x14,stefan,none,0.0,catboost_lo,0,12,7,13622,13622,0.5,47.251,-37.064,38.332,-1.5123,0.4,
labels,Russia_W,1,1,alaska,x14,stefan,none,0.0,catboost_lo,0,12,7,13622,13622,0.75,47.955,-38.22,39.192,-1.5876,0.4,
labels,Russia_W,1,1,alaska,x14,stefan,none,0.0,catboost_lo,0,12,7,13622,13622,1.0,48.729,-39.377,40.053,-1.6719,0.4,
labels,Russia_W,1,2,alaska,x14,stefan,none,0.0,catboost_lo,0,12,7,13622,13622,0.0,46.069,-34.752,36.611,-1.3881,0.4,
labels,Russia_W,1,2,alaska,x14,stefan,none,0.0,catboost_lo,0,12,7,13622,13622,0.25,46.994,-36.409,37.795,-1.4849,0.4,
labels,Russia_W,1,2,alaska,x14,stefan,none,0.0,catboost_lo,0,12,7,13622,13622,0.5,48.003,-38.066,38.98,-1.5928,0.4,
labels,Russia_W,1,2,alaska,x14,stefan,none,0.0,catboost_lo,0,12,7,13622,13622,0.75,49.091,-39.723,40.164,-1.7116,0.4,
labels,Russia_W,1,2,alaska,x14,stefan,none,0.0,catboost_lo,0,12,7,13622,13622,1.0,50.252,-41.38,41.38,-1.8415,0.4,
labels,Russia_W,1,0,alaska,x14,none,none,0.0,catboost_lo,0,12,7,13622,13622,1.0,47.348,-37.387,38.471,-1.5225,0.4,
labels,Russia_W,1,1,alaska,x14,none,none,0.0,catboost_lo,0,12,7,13622,13622,1.0,48.167,-38.815,39.848,-1.6106,0.4,
labels,Russia_W,1,2,alaska,x14,none,none,0.0,catboost_lo,0,12,7,13622,13622,1.0,47.526,-37.347,38.712,-1.5416,0.3,
covonly,Russia_W,2,0,alaska,x25,stefan,none,0.0,catboost_lo,0,17,12,13606,13606,0.0,40.366,-31.155,34.965,-1.368,0.4,
covonly,Russia_W,2,0,alaska,x25,stefan,none,0.0,catboost_lo,0,17,12,13606,13606,0.25,41.038,-32.0,35.571,-1.4474,0.4,
covonly,Russia_W,2,0,alaska,x25,stefan,none,0.0,catboost_lo,0,17,12,13606,13606,0.5,41.759,-32.845,36.177,-1.5342,0.4,
covonly,Russia_W,2,0,alaska,x25,stefan,none,0.0,catboost_lo,0,17,12,13606,13606,0.75,42.528,-33.69,36.784,-1.6284,0.4,
covonly,Russia_W,2,0,alaska,x25,stefan,none,0.0,catboost_lo,0,17,12,13606,13606,1.0,43.342,-34.535,37.39,-1.73,0.4,
covonly,Russia_W,2,1,alaska,x25,stefan,none,0.0,catboost_lo,0,17,12,13606,13606,0.0,40.366,-31.155,34.965,-1.368,0.4,
covonly,Russia_W,2,1,alaska,x25,stefan,none,0.0,catboost_lo,0,17,12,13606,13606,0.25,40.913,-31.832,35.451,-1.4326,0.4,
covonly,Russia_W,2,1,alaska,x25,stefan,none,0.0,catboost_lo,0,17,12,13606,13606,0.5,41.501,-32.509,35.938,-1.5029,0.4,
covonly,Russia_W,2,1,alaska,x25,stefan,none,0.0,catboost_lo,0,17,12,13606,13606,0.75,42.127,-33.186,36.424,-1.579,0.4,
covonly,Russia_W,2,1,alaska,x25,stefan,none,0.0,catboost_lo,0,17,12,13606,13606,1.0,42.79,-33.863,36.911,-1.6608,0.4,
covonly,Russia_W,2,2,alaska,x25,stefan,none,0.0,catboost_lo,0,17,12,13606,13606,0.0,40.366,-31.155,34.965,-1.368,0.4,
covonly,Russia_W,2,2,alaska,x25,stefan,none,0.0,catboost_lo,0,17,12,13606,13606,0.25,41.177,-32.079,35.722,-1.4641,0.4,
covonly,Russia_W,2,2,alaska,x25,stefan,none,0.0,catboost_lo,0,17,12,13606,13606,0.5,42.042,-33.003,36.479,-1.5687,0.4,
covonly,Russia_W,2,2,alaska,x25,stefan,none,0.0,catboost_lo,0,17,12,13606,13606,0.75,42.959,-33.927,37.236,-1.6819,0.4,
covonly,Russia_W,2,2,alaska,x25,stefan,none,0.0,catboost_lo,0,17,12,13606,13606,1.0,43.923,-34.85,37.992,-1.8037,0.4,
covonly,Russia_W,2,0,alaska,x25,none,none,0.0,catboost_lo,0,17,12,13606,13606,1.0,45.303,-36.755,39.2,-1.9825,0.4,
covonly,Russia_W,2,1,alaska,x25,none,none,0.0,catboost_lo,0,17,12,13606,13606,1.0,45.52,-37.237,39.482,-2.0113,0.5,
covonly,Russia_W,2,2,alaska,x25,none,none,0.0,catboost_lo,0,17,12,13606,13606,1.0,45.436,-36.823,39.203,-2.0002,0.5,
covonly,Russia_W,2,0,alaska,x14,stefan,none,0.0,catboost_lo,0,17,12,13606,13606,0.0,40.366,-31.155,34.965,-1.368,0.4,
covonly,Russia_W,2,0,alaska,x14,stefan,none,0.0,catboost_lo,0,17,12,13606,13606,0.25,43.286,-34.484,37.559,-1.723,0.4,
covonly,Russia_W,2,0,alaska,x14,stefan,none,0.0,catboost_lo,0,17,12,13606,13606,0.5,46.338,-37.813,40.378,-2.1204,0.4,
covonly,Russia_W,2,0,alaska,x14,stefan,none,0.0,catboost_lo,0,17,12,13606,13606,0.75,49.496,-41.142,43.383,-2.5602,0.4,
covonly,Russia_W,2,0,alaska,x14,stefan,none,0.0,catboost_lo,0,17,12,13606,13606,1.0,52.742,-44.471,46.387,-3.0425,0.4,
covonly,Russia_W,2,1,alaska,x14,stefan,none,0.0,catboost_lo,0,17,12,13606,13606,0.0,40.366,-31.155,34.965,-1.368,0.4,
covonly,Russia_W,2,1,alaska,x14,stefan,none,0.0,catboost_lo,0,17,12,13606,13606,0.25,43.199,-34.448,37.431,-1.712,0.4,
covonly,Russia_W,2,1,alaska,x14,stefan,none,0.0,catboost_lo,0,17,12,13606,13606,0.5,46.15,-37.741,40.021,-2.0951,0.4,
covonly,Russia_W,2,1,alaska,x14,stefan,none,0.0,catboost_lo,0,17,12,13606,13606,0.75,49.196,-41.034,42.847,-2.5172,0.4,
covonly,Russia_W,2,1,alaska,x14,stefan,none,0.0,catboost_lo,0,17,12,13606,13606,1.0,52.321,-44.327,46.027,-2.9782,0.4,
covonly,Russia_W,2,2,alaska,x14,stefan,none,0.0,catboost_lo,0,17,12,13606,13606,0.0,40.366,-31.155,34.965,-1.368,0.4,
covonly,Russia_W,2,2,alaska,x14,stefan,none,0.0,catboost_lo,0,17,12,13606,13606,0.25,43.326,-34.504,37.604,-1.7279,0.4,
covonly,Russia_W,2,2,alaska,x14,stefan,none,0.0,catboost_lo,0,17,12,13606,13606,0.5,46.412,-37.854,40.466,-2.1304,0.4,
covonly,Russia_W,2,2,alaska,x14,stefan,none,0.0,catboost_lo,0,17,12,13606,13606,0.75,49.601,-41.204,43.515,-2.5754,0.4,
covonly,Russia_W,2,2,alaska,x14,stefan,none,0.0,catboost_lo,0,17,12,13606,13606,1.0,52.875,-44.554,46.564,-3.0629,0.4,
covonly,Russia_W,2,0,alaska,x14,none,none,0.0,catboost_lo,0,17,12,13606,13606,1.0,51.38,-43.42,44.735,-2.8365,0.4,
covonly,Russia_W,2,1,alaska,x14,none,none,0.0,catboost_lo,0,17,12,13606,13606,1.0,52.049,-43.945,45.259,-2.9371,0.4,
covonly,Russia_W,2,2,alaska,x14,none,none,0.0,catboost_lo,0,17,12,13606,13606,1.0,50.228,-42.294,43.641,-2.6664,0.4,
labels,Russia_W,2,0,alaska,x25,stefan,none,0.0,catboost_lo,0,17,12,13620,13620,0.0,40.329,-31.106,34.933,-1.3636,0.5,
labels,Russia_W,2,0,alaska,x25,stefan,none,0.0,catboost_lo,0,17,12,13620,13620,0.25,38.81,-29.007,33.549,-1.1889,0.5,
labels,Russia_W,2,0,alaska,x25,stefan,none,0.0,catboost_lo,0,17,12,13620,13620,0.5,37.457,-26.909,32.165,-1.0389,0.5,
labels,Russia_W,2,0,alaska,x25,stefan,none,0.0,catboost_lo,0,17,12,13620,13620,0.75,36.287,-24.81,30.781,-0.9136,0.5,
labels,Russia_W,2,0,alaska,x25,stefan,none,0.0,catboost_lo,0,17,12,13620,13620,1.0,35.32,-22.711,29.396,-0.8129,0.5,
labels,Russia_W,2,1,alaska,x25,stefan,none,0.0,catboost_lo,0,17,12,13620,13620,0.0,40.329,-31.106,34.933,-1.3636,0.4,
labels,Russia_W,2,1,alaska,x25,stefan,none,0.0,catboost_lo,0,17,12,13620,13620,0.25,39.171,-29.477,33.889,-1.2298,0.4,
labels,Russia_W,2,1,alaska,x25,stefan,none,0.0,catboost_lo,0,17,12,13620,13620,0.5,38.146,-27.847,32.846,-1.1147,0.4,
labels,Russia_W,2,1,alaska,x25,stefan,none,0.0,catboost_lo,0,17,12,13620,13620,0.75,37.265,-26.218,31.803,-1.0181,0.4,
labels,Russia_W,2,1,alaska,x25,stefan,none,0.0,catboost_lo,0,17,12,13620,13620,1.0,36.539,-24.589,30.759,-0.9402,0.4,
labels,Russia_W,2,2,alaska,x25,stefan,none,0.0,catboost_lo,0,17,12,13620,13620,0.0,40.329,-31.106,34.933,-1.3636,0.4,
labels,Russia_W,2,2,alaska,x25,stefan,none,0.0,catboost_lo,0,17,12,13620,13620,0.25,38.985,-29.333,33.764,-1.2087,0.4,
labels,Russia_W,2,2,alaska,x25,stefan,none,0.0,catboost_lo,0,17,12,13620,13620,0.5,37.786,-27.561,32.596,-1.0749,0.4,
labels,Russia_W,2,2,alaska,x25,stefan,none,0.0,catboost_lo,0,17,12,13620,13620,0.75,36.745,-25.788,31.427,-0.9622,0.4,
labels,Russia_W,2,2,alaska,x25,stefan,none,0.0,catboost_lo,0,17,12,13620,13620,1.0,35.877,-24.016,30.259,-0.8706,0.4,
labels,Russia_W,2,0,alaska,x25,none,none,0.0,catboost_lo,0,17,12,13620,13620,1.0,36.684,-25.403,31.3,-0.9557,0.4,
labels,Russia_W,2,1,alaska,x25,none,none,0.0,catboost_lo,0,17,12,13620,13620,1.0,37.723,-27.1,32.286,-1.068,0.4,
labels,Russia_W,2,2,alaska,x25,none,none,0.0,catboost_lo,0,17,12,13620,13620,1.0,37.581,-27.421,32.246,-1.0525,0.4,
labels,Russia_W,2,0,alaska,x14,stefan,none,0.0,catboost_lo,0,17,12,13620,13620,0.0,40.329,-31.106,34.933,-1.3636,0.4,
labels,Russia_W,2,0,alaska,x14,stefan,none,0.0,catboost_lo,0,17,12,13620,13620,0.25,42.579,-33.516,37.09,-1.6347,0.4,
labels,Russia_W,2,0,alaska,x14,stefan,none,0.0,catboost_lo,0,17,12,13620,13620,0.5,44.963,-35.926,39.369,-1.938,0.4,
labels,Russia_W,2,0,alaska,x14,stefan,none,0.0,catboost_lo,0,17,12,13620,13620,0.75,47.46,-38.336,41.888,-2.2733,0.4,
labels,Russia_W,2,0,alaska,x14,stefan,none,0.0,catboost_lo,0,17,12,13620,13620,1.0,50.053,-40.746,44.406,-2.6409,0.4,
labels,Russia_W,2,1,alaska,x14,stefan,none,0.0,catboost_lo,0,17,12,13620,13620,0.0,40.329,-31.106,34.933,-1.3636,0.4,
labels,Russia_W,2,1,alaska,x14,stefan,none,0.0,catboost_lo,0,17,12,13620,13620,0.25,42.705,-33.65,37.149,-1.6503,0.4,
labels,Russia_W,2,1,alaska,x14,stefan,none,0.0,catboost_lo,0,17,12,13620,13620,0.5,45.203,-36.193,39.491,-1.9694,0.4,
labels,Russia_W,2,1,alaska,x14,stefan,none,0.0,catboost_lo,0,17,12,13620,13620,0.75,47.802,-38.737,42.071,-2.3208,0.4,
labels,Russia_W,2,1,alaska,x14,stefan,none,0.0,catboost_lo,0,17,12,13620,13620,1.0,50.489,-41.281,44.652,-2.7045,0.4,
labels,Russia_W,2,2,alaska,x14,stefan,none,0.0,catboost_lo,0,17,12,13620,13620,0.0,40.329,-31.106,34.933,-1.3636,0.4,
labels,Russia_W,2,2,alaska,x14,stefan,none,0.0,catboost_lo,0,17,12,13620,13620,0.25,42.541,-33.494,37.101,-1.6299,0.4,
labels,Russia_W,2,2,alaska,x14,stefan,none,0.0,catboost_lo,0,17,12,13620,13620,0.5,44.901,-35.883,39.346,-1.9299,0.4,
labels,Russia_W,2,2,alaska,x14,stefan,none,0.0,catboost_lo,0,17,12,13620,13620,0.75,47.388,-38.271,41.854,-2.2634,0.4,
labels,Russia_W,2,2,alaska,x14,stefan,none,0.0,catboost_lo,0,17,12,13620,13620,1.0,49.981,-40.66,44.361,-2.6304,0.4,
labels,Russia_W,2,0,alaska,x14,none,none,0.0,catboost_lo,0,17,12,13620,13620,1.0,49.069,-40.315,43.339,-2.4991,0.4,
labels,Russia_W,2,1,alaska,x14,none,none,0.0,catboost_lo,0,17,12,13620,13620,1.0,47.724,-38.371,42.031,-2.3098,0.3,
labels,Russia_W,2,2,alaska,x14,none,none,0.0,catboost_lo,0,17,12,13620,13620,1.0,49.247,-40.111,43.155,-2.5246,0.4,
covonly,Russia_C,0,0,alaska,x25,stefan,none,0.0,catboost_lo,0,3,3,13606,13606,0.0,74.497,-40.876,45.091,0.0419,0.4,
covonly,Russia_C,0,0,alaska,x25,stefan,none,0.0,catboost_lo,0,3,3,13606,13606,0.25,74.058,-39.572,45.827,0.0531,0.4,
covonly,Russia_C,0,0,alaska,x25,stefan,none,0.0,catboost_lo,0,3,3,13606,13606,0.5,73.655,-38.269,46.564,0.0634,0.4,
covonly,Russia_C,0,0,alaska,x25,stefan,none,0.0,catboost_lo,0,3,3,13606,13606,0.75,73.286,-36.966,47.301,0.0728,0.4,
covonly,Russia_C,0,0,alaska,x25,stefan,none,0.0,catboost_lo,0,3,3,13606,13606,1.0,72.953,-35.663,48.037,0.0812,0.4,
covonly,Russia_C,0,1,alaska,x25,stefan,none,0.0,catboost_lo,0,3,3,13606,13606,0.0,74.497,-40.876,45.091,0.0419,0.5,
covonly,Russia_C,0,1,alaska,x25,stefan,none,0.0,catboost_lo,0,3,3,13606,13606,0.25,74.067,-39.158,46.221,0.0529,0.5,
covonly,Russia_C,0,1,alaska,x25,stefan,none,0.0,catboost_lo,0,3,3,13606,13606,0.5,73.685,-37.441,47.352,0.0626,0.5,
covonly,Russia_C,0,1,alaska,x25,stefan,none,0.0,catboost_lo,0,3,3,13606,13606,0.75,73.352,-35.723,48.482,0.0711,0.5,
covonly,Russia_C,0,1,alaska,x25,stefan,none,0.0,catboost_lo,0,3,3,13606,13606,1.0,73.068,-34.006,49.612,0.0783,0.5,
covonly,Russia_C,0,2,alaska,x25,stefan,none,0.0,catboost_lo,0,3,3,13606,13606,0.0,74.497,-40.876,45.091,0.0419,0.4,
covonly,Russia_C,0,2,alaska,x25,stefan,none,0.0,catboost_lo,0,3,3,13606,13606,0.25,74.625,-39.658,46.38,0.0386,0.4,
covonly,Russia_C,0,2,alaska,x25,stefan,none,0.0,catboost_lo,0,3,3,13606,13606,0.5,74.795,-38.441,47.669,0.0342,0.4,
covonly,Russia_C,0,2,alaska,x25,stefan,none,0.0,catboost_lo,0,3,3,13606,13606,0.75,75.005,-37.224,48.958,0.0288,0.4,
covonly,Russia_C,0,2,alaska,x25,stefan,none,0.0,catboost_lo,0,3,3,13606,13606,1.0,75.255,-36.007,50.247,0.0223,0.4,
covonly,Russia_C,0,0,alaska,x25,none,none,0.0,catboost_lo,0,3,3,13606,13606,1.0,83.103,-35.977,58.605,-0.1923,0.4,
covonly,Russia_C,0,1,alaska,x25,none,none,0.0,catboost_lo,0,3,3,13606,13606,1.0,82.056,-35.978,57.538,-0.1624,0.4,
covonly,Russia_C,0,2,alaska,x25,none,none,0.0,catboost_lo,0,3,3,13606,13606,1.0,84.87,-34.86,61.281,-0.2435,0.4,
covonly,Russia_C,0,0,alaska,x14,stefan,none,0.0,catboost_lo,0,3,3,13606,13606,0.0,74.497,-40.876,45.091,0.0419,0.4,
covonly,Russia_C,0,0,alaska,x14,stefan,none,0.0,catboost_lo,0,3,3,13606,13606,0.25,75.683,-40.738,46.556,0.0111,0.4,
covonly,Russia_C,0,0,alaska,x14,stefan,none,0.0,catboost_lo,0,3,3,13606,13606,0.5,76.885,-40.6,48.022,-0.0205,0.4,
covonly,Russia_C,0,0,alaska,x14,stefan,none,0.0,catboost_lo,0,3,3,13606,13606,0.75,78.103,-40.462,49.487,-0.0531,0.4,
covonly,Russia_C,0,0,alaska,x14,stefan,none,0.0,catboost_lo,0,3,3,13606,13606,1.0,79.336,-40.324,50.953,-0.0866,0.4,
covonly,Russia_C,0,1,alaska,x14,stefan,none,0.0,catboost_lo,0,3,3,13606,13606,0.0,74.497,-40.876,45.091,0.0419,0.4,
covonly,Russia_C,0,1,alaska,x14,stefan,none,0.0,catboost_lo,0,3,3,13606,13606,0.25,75.867,-41.271,46.257,0.0063,0.4,
covonly,Russia_C,0,1,alaska,x14,stefan,none,0.0,catboost_lo,0,3,3,13606,13606,0.5,77.264,-41.667,47.424,-0.0306,0.4,
covonly,Russia_C,0,1,alaska,x14,stefan,none,0.0,catboost_lo,0,3,3,13606,13606,0.75,78.685,-42.063,48.59,-0.0689,0.4,
covonly,Russia_C,0,1,alaska,x14,stefan,none,0.0,catboost_lo,0,3,3,13606,13606,1.0,80.131,-42.458,50.046,-0.1085,0.4,
covonly,Russia_C,0,2,alaska,x14,stefan,none,0.0,catboost_lo,0,3,3,13606,13606,0.0,74.497,-40.876,45.091,0.0419,0.4,
covonly,Russia_C,0,2,alaska,x14,stefan,none,0.0,catboost_lo,0,3,3,13606,13606,0.25,75.64,-40.873,46.38,0.0122,0.4,
covonly,Russia_C,0,2,alaska,x14,stefan,none,0.0,catboost_lo,0,3,3,13606,13606,0.5,76.809,-40.87,47.67,-0.0185,0.4,
covonly,Russia_C,0,2,alaska,x14,stefan,none,0.0,catboost_lo,0,3,3,13606,13606,0.75,78.001,-40.866,48.959,-0.0504,0.4,
covonly,Russia_C,0,2,alaska,x14,stefan,none,0.0,catboost_lo,0,3,3,13606,13606,1.0,79.216,-40.863,50.249,-0.0833,0.4,
covonly,Russia_C,0,0,alaska,x14,none,none,0.0,catboost_lo,0,3,3,13606,13606,1.0,86.227,-46.044,53.374,-0.2836,0.4,
covonly,Russia_C,0,1,alaska,x14,none,none,0.0,catboost_lo,0,3,3,13606,13606,1.0,83.982,-43.352,53.341,-0.2176,0.4,
covonly,Russia_C,0,2,alaska,x14,none,none,0.0,catboost_lo,0,3,3,13606,13606,1.0,82.645,-41.894,53.181,-0.1792,0.4,
noinfo,Russia_C,0,0,alaska,x25,stefan,none,0.0,catboost_lo,0,7,6,13606,13606,0.0,53.386,-19.904,31.941,0.1357,0.4,
noinfo,Russia_C,0,0,alaska,x25,stefan,none,0.0,catboost_lo,0,7,6,13606,13606,0.25,53.105,-18.965,32.472,0.1448,0.4,
noinfo,Russia_C,0,0,alaska,x25,stefan,none,0.0,catboost_lo,0,7,6,13606,13606,0.5,52.868,-18.026,33.003,0.1524,0.4,
noinfo,Russia_C,0,0,alaska,x25,stefan,none,0.0,catboost_lo,0,7,6,13606,13606,0.75,52.675,-17.088,33.533,0.1586,0.4,
noinfo,Russia_C,0,0,alaska,x25,stefan,none,0.0,catboost_lo,0,7,6,13606,13606,1.0,52.527,-16.149,34.064,0.1633,0.4,
noinfo,Russia_C,0,1,alaska,x25,stefan,none,0.0,catboost_lo,0,7,6,13606,13606,0.0,53.386,-19.904,31.941,0.1357,0.5,
noinfo,Russia_C,0,1,alaska,x25,stefan,none,0.0,catboost_lo,0,7,6,13606,13606,0.25,53.155,-18.991,32.577,0.1432,0.5,
noinfo,Russia_C,0,1,alaska,x25,stefan,none,0.0,catboost_lo,0,7,6,13606,13606,0.5,52.979,-18.078,33.213,0.1488,0.5,
noinfo,Russia_C,0,1,alaska,x25,stefan,none,0.0,catboost_lo,0,7,6,13606,13606,0.75,52.858,-17.165,33.849,0.1527,0.5,
noinfo,Russia_C,0,1,alaska,x25,stefan,none,0.0,catboost_lo,0,7,6,13606,13606,1.0,52.793,-16.252,34.485,0.1548,0.5,
noinfo,Russia_C,0,2,alaska,x25,stefan,none,0.0,catboost_lo,0,7,6,13606,13606,0.0,53.386,-19.904,31.941,0.1357,0.4,
noinfo,Russia_C,0,2,alaska,x25,stefan,none,0.0,catboost_lo,0,7,6,13606,13606,0.25,53.543,-19.022,32.892,0.1306,0.4,
noinfo,Russia_C,0,2,alaska,x25,stefan,none,0.0,catboost_lo,0,7,6,13606,13606,0.5,53.754,-18.14,33.843,0.1238,0.4,
noinfo,Russia_C,0,2,alaska,x25,stefan,none,0.0,catboost_lo,0,7,6,13606,13606,0.75,54.016,-17.259,34.794,0.1152,0.4,
noinfo,Russia_C,0,2,alaska,x25,stefan,none,0.0,catboost_lo,0,7,6,13606,13606,1.0,54.331,-16.377,35.745,0.1049,0.4,
noinfo,Russia_C,0,0,alaska,x25,none,none,0.0,catboost_lo,0,7,6,13606,13606,1.0,60.355,-22.03,39.043,-0.1047,0.4,
noinfo,Russia_C,0,1,alaska,x25,none,none,0.0,catboost_lo,0,7,6,13606,13606,1.0,59.616,-21.917,38.291,-0.0778,0.4,
noinfo,Russia_C,0,2,alaska,x25,none,none,0.0,catboost_lo,0,7,6,13606,13606,1.0,61.119,-21.158,39.292,-0.1328,0.4,
noinfo,Russia_C,0,0,alaska,x14,stefan,none,0.0,catboost_lo,0,7,6,13606,13606,0.0,53.386,-19.904,31.941,0.1357,0.4,
noinfo,Russia_C,0,0,alaska,x14,stefan,none,0.0,catboost_lo,0,7,6,13606,13606,0.25,54.201,-19.857,32.808,0.1091,0.4,
noinfo,Russia_C,0,0,alaska,x14,stefan,none,0.0,catboost_lo,0,7,6,13606,13606,0.5,55.054,-19.81,33.674,0.0809,0.4,
noinfo,Russia_C,0,0,alaska,x14,stefan,none,0.0,catboost_lo,0,7,6,13606,13606,0.75,55.942,-19.763,34.54,0.051,0.4,
noinfo,Russia_C,0,0,alaska,x14,stefan,none,0.0,catboost_lo,0,7,6,13606,13606,1.0,56.864,-19.717,35.407,0.0194,0.4,
noinfo,Russia_C,0,1,alaska,x14,stefan,none,0.0,catboost_lo,0,7,6,13606,13606,0.0,53.386,-19.904,31.941,0.1357,0.4,
noinfo,Russia_C,0,1,alaska,x14,stefan,none,0.0,catboost_lo,0,7,6,13606,13606,0.25,54.463,-20.599,32.595,0.1005,0.4,
noinfo,Russia_C,0,1,alaska,x14,stefan,none,0.0,catboost_lo,0,7,6,13606,13606,0.5,55.592,-21.294,33.249,0.0628,0.4,
noinfo,Russia_C,0,1,alaska,x14,stefan,none,0.0,catboost_lo,0,7,6,13606,13606,0.75,56.77,-21.989,33.902,0.0227,0.4,
noinfo,Russia_C,0,1,alaska,x14,stefan,none,0.0,catboost_lo,0,7,6,13606,13606,1.0,57.994,-22.684,34.68,-0.0199,0.4,
noinfo,Russia_C,0,2,alaska,x14,stefan,none,0.0,catboost_lo,0,7,6,13606,13606,0.0,53.386,-19.904,31.941,0.1357,0.4,
noinfo,Russia_C,0,2,alaska,x14,stefan,none,0.0,catboost_lo,0,7,6,13606,13606,0.25,54.345,-20.077,32.899,0.1044,0.4,
noinfo,Russia_C,0,2,alaska,x14,stefan,none,0.0,catboost_lo,0,7,6,13606,13606,0.5,55.344,-20.25,33.857,0.0712,0.4,
noinfo,Russia_C,0,2,alaska,x14,stefan,none,0.0,catboost_lo,0,7,6,13606,13606,0.75,56.382,-20.423,34.815,0.036,0.4,
noinfo,Russia_C,0,2,alaska,x14,stefan,none,0.0,catboost_lo,0,7,6,13606,13606,1.0,57.457,-20.595,35.772,-0.0011,0.4,
noinfo,Russia_C,0,0,alaska,x14,none,none,0.0,catboost_lo,0,7,6,13606,13606,1.0,62.038,-26.467,35.147,-0.1671,0.4,
noinfo,Russia_C,0,1,alaska,x14,none,none,0.0,catboost_lo,0,7,6,13606,13606,1.0,61.271,-26.001,35.784,-0.1384,0.4,
noinfo,Russia_C,0,2,alaska,x14,none,none,0.0,catboost_lo,0,7,6,13606,13606,1.0,60.296,-25.022,35.483,-0.1025,0.4,
labels,Russia_C,0,0,alaska,x25,stefan,none,0.0,catboost_lo,0,3,3,13610,13610,0.0,74.495,-40.874,45.091,0.0419,0.4,
labels,Russia_C,0,0,alaska,x25,stefan,none,0.0,catboost_lo,0,3,3,13610,13610,0.25,72.836,-38.975,45.02,0.0841,0.4,
labels,Russia_C,0,0,alaska,x25,stefan,none,0.0,catboost_lo,0,3,3,13610,13610,0.5,71.209,-37.076,44.949,0.1246,0.4,
labels,Russia_C,0,0,alaska,x25,stefan,none,0.0,catboost_lo,0,3,3,13610,13610,0.75,69.615,-35.177,44.877,0.1634,0.4,
labels,Russia_C,0,0,alaska,x25,stefan,none,0.0,catboost_lo,0,3,3,13610,13610,1.0,68.057,-33.278,44.806,0.2004,0.4,
labels,Russia_C,0,1,alaska,x25,stefan,none,0.0,catboost_lo,0,3,3,13610,13610,0.0,74.495,-40.874,45.091,0.0419,0.5,
labels,Russia_C,0,1,alaska,x25,stefan,none,0.0,catboost_lo,0,3,3,13610,13610,0.25,72.804,-38.912,45.043,0.0849,0.5,
labels,Russia_C,0,1,alaska,x25,stefan,none,0.0,catboost_lo,0,3,3,13610,13610,0.5,71.145,-36.95,44.995,0.1262,0.5,
labels,Russia_C,0,1,alaska,x25,stefan,none,0.0,catboost_lo,0,3,3,13610,13610,0.75,69.519,-34.988,44.947,0.1656,0.5,
labels,Russia_C,0,1,alaska,x25,stefan,none,0.0,catboost_lo,0,3,3,13610,13610,1.0,67.931,-33.026,44.899,0.2033,0.5,
labels,Russia_C,0,2,alaska,x25,stefan,none,0.0,catboost_lo,0,3,3,13610,13610,0.0,74.495,-40.874,45.091,0.0419,0.5,
labels,Russia_C,0,2,alaska,x25,stefan,none,0.0,catboost_lo,0,3,3,13610,13610,0.25,73.184,-39.078,45.311,0.0754,0.5,
labels,Russia_C,0,2,alaska,x25,stefan,none,0.0,catboost_lo,0,3,3,13610,13610,0.5,71.914,-37.283,45.531,0.1072,0.5,
labels,Russia_C,0,2,alaska,x25,stefan,none,0.0,catboost_lo,0,3,3,13610,13610,0.75,70.685,-35.488,45.751,0.1374,0.5,
labels,Russia_C,0,2,alaska,x25,stefan,none,0.0,catboost_lo,0,3,3,13610,13610,1.0,69.502,-33.692,45.971,0.1661,0.5,
labels,Russia_C,0,0,alaska,x25,none,none,0.0,catboost_lo,0,3,3,13610,13610,1.0,73.658,-31.188,52.516,0.0633,0.4,
labels,Russia_C,0,1,alaska,x25,none,none,0.0,catboost_lo,0,3,3,13610,13610,1.0,72.44,-28.834,53.035,0.0941,0.4,
labels,Russia_C,0,2,alaska,x25,none,none,0.0,catboost_lo,0,3,3,13610,13610,1.0,71.686,-27.115,53.511,0.1128,0.5,
labels,Russia_C,0,0,alaska,x14,stefan,none,0.0,catboost_lo,0,3,3,13610,13610,0.0,74.495,-40.874,45.091,0.0419,0.4,
labels,Russia_C,0,0,alaska,x14,stefan,none,0.0,catboost_lo,0,3,3,13610,13610,0.25,74.305,-39.584,46.091,0.0468,0.4,
labels,Russia_C,0,0,alaska,x14,stefan,none,0.0,catboost_lo,0,3,3,13610,13610,0.5,74.142,-38.295,47.09,0.051,0.4,
labels,Russia_C,0,0,alaska,x14,stefan,none,0.0,catboost_lo,0,3,3,13610,13610,0.75,74.007,-37.006,48.09,0.0544,0.4,
labels,Russia_C,0,0,alaska,x14,stefan,none,0.0,catboost_lo,0,3,3,13610,13610,1.0,73.9,-35.717,49.089,0.0572,0.4,
labels,Russia_C,0,1,alaska,x14,stefan,none,0.0,catboost_lo,0,3,3,13610,13610,0.0,74.495,-40.874,45.091,0.0419,0.4,
labels,Russia_C,0,1,alaska,x14,stefan,none,0.0,catboost_lo,0,3,3,13610,13610,0.25,74.201,-39.853,45.726,0.0495,0.4,
labels,Russia_C,0,1,alaska,x14,stefan,none,0.0,catboost_lo,0,3,3,13610,13610,0.5,73.933,-38.832,46.362,0.0563,0.4,
labels,Russia_C,0,1,alaska,x14,stefan,none,0.0,catboost_lo,0,3,3,13610,13610,0.75,73.691,-37.811,46.997,0.0625,0.4,
labels,Russia_C,0,1,alaska,x14,stefan,none,0.0,catboost_lo,0,3,3,13610,13610,1.0,73.476,-36.79,47.632,0.068,0.4,
labels,Russia_C,0,2,alaska,x14,stefan,none,0.0,catboost_lo,0,3,3,13610,13610,0.0,74.495,-40.874,45.091,0.0419,0.4,
labels,Russia_C,0,2,alaska,x14,stefan,none,0.0,catboost_lo,0,3,3,13610,13610,0.25,74.429,-39.32,46.474,0.0436,0.4,
labels,Russia_C,0,2,alaska,x14,stefan,none,0.0,catboost_lo,0,3,3,13610,13610,0.5,74.409,-37.766,47.858,0.0441,0.4,
labels,Russia_C,0,2,alaska,x14,stefan,none,0.0,catboost_lo,0,3,3,13610,13610,0.75,74.434,-36.212,49.241,0.0435,0.4,
labels,Russia_C,0,2,alaska,x14,stefan,none,0.0,catboost_lo,0,3,3,13610,13610,1.0,74.505,-34.658,50.624,0.0417,0.4,
labels,Russia_C,0,0,alaska,x14,none,none,0.0,catboost_lo,0,3,3,13610,13610,1.0,74.5,-35.944,49.531,0.0418,0.3,
labels,Russia_C,0,1,alaska,x14,none,none,0.0,catboost_lo,0,3,3,13610,13610,1.0,72.881,-33.769,49.628,0.083,0.4,
labels,Russia_C,0,2,alaska,x14,none,none,0.0,catboost_lo,0,3,3,13610,13610,1.0,76.044,-38.009,49.404,0.0017,0.4,
covonly,Russia_C,1,0,alaska,x25,stefan,none,0.0,catboost_lo,0,3,2,13606,13606,0.0,33.074,-7.036,27.969,0.0662,0.4,
covonly,Russia_C,1,0,alaska,x25,stefan,none,0.0,catboost_lo,0,3,2,13606,13606,0.25,32.885,-6.864,27.756,0.0769,0.4,
covonly,Russia_C,1,0,alaska,x25,stefan,none,0.0,catboost_lo,0,3,2,13606,13606,0.5,32.734,-6.692,27.542,0.0853,0.4,
covonly,Russia_C,1,0,alaska,x25,stefan,none,0.0,catboost_lo,0,3,2,13606,13606,0.75,32.622,-6.52,27.329,0.0915,0.4,
covonly,Russia_C,1,0,alaska,x25,stefan,none,0.0,catboost_lo,0,3,2,13606,13606,1.0,32.55,-6.348,27.115,0.0956,0.4,
covonly,Russia_C,1,1,alaska,x25,stefan,none,0.0,catboost_lo,0,3,2,13606,13606,0.0,33.074,-7.036,27.969,0.0662,0.4,
covonly,Russia_C,1,1,alaska,x25,stefan,none,0.0,catboost_lo,0,3,2,13606,13606,0.25,33.069,-7.262,27.684,0.0665,0.4,
covonly,Russia_C,1,1,alaska,x25,stefan,none,0.0,catboost_lo,0,3,2,13606,13606,0.5,33.122,-7.488,27.398,0.0635,0.4,
covonly,Russia_C,1,1,alaska,x25,stefan,none,0.0,catboost_lo,0,3,2,13606,13606,0.75,33.233,-7.714,27.113,0.0572,0.4,
covonly,Russia_C,1,1,alaska,x25,stefan,none,0.0,catboost_lo,0,3,2,13606,13606,1.0,33.402,-7.94,26.827,0.0476,0.4,
covonly,Russia_C,1,2,alaska,x25,stefan,none,0.0,catboost_lo,0,3,2,13606,13606,0.0,33.074,-7.036,27.969,0.0662,0.4,
covonly,Russia_C,1,2,alaska,x25,stefan,none,0.0,catboost_lo,0,3,2,13606,13606,0.25,33.206,-7.165,27.93,0.0587,0.4,
covonly,Russia_C,1,2,alaska,x25,stefan,none,0.0,catboost_lo,0,3,2,13606,13606,0.5,33.362,-7.293,27.891,0.0499,0.4,
covonly,Russia_C,1,2,alaska,x25,stefan,none,0.0,catboost_lo,0,3,2,13606,13606,0.75,33.541,-7.421,27.852,0.0396,0.4,
covonly,Russia_C,1,2,alaska,x25,stefan,none,0.0,catboost_lo,0,3,2,13606,13606,1.0,33.744,-7.549,27.813,0.028,0.4,
covonly,Russia_C,1,0,alaska,x25,none,none,0.0,catboost_lo,0,3,2,13606,13606,1.0,38.951,-20.479,27.442,-0.2951,0.5,
covonly,Russia_C,1,1,alaska,x25,none,none,0.0,catboost_lo,0,3,2,13606,13606,1.0,38.626,-19.912,27.056,-0.2736,0.5,
covonly,Russia_C,1,2,alaska,x25,none,none,0.0,catboost_lo,0,3,2,13606,13606,1.0,38.041,-19.201,25.707,-0.2353,0.4,
covonly,Russia_C,1,0,alaska,x14,stefan,none,0.0,catboost_lo,0,3,2,13606,13606,0.0,33.074,-7.036,27.969,0.0662,0.4,
covonly,Russia_C,1,0,alaska,x14,stefan,none,0.0,catboost_lo,0,3,2,13606,13606,0.25,33.318,-7.965,27.626,0.0524,0.4,
covonly,Russia_C,1,0,alaska,x14,stefan,none,0.0,catboost_lo,0,3,2,13606,13606,0.5,33.597,-8.893,27.282,0.0364,0.4,
covonly,Russia_C,1,0,alaska,x14,stefan,none,0.0,catboost_lo,0,3,2,13606,13606,0.75,33.912,-9.821,26.939,0.0183,0.4,
covonly,Russia_C,1,0,alaska,x14,stefan,none,0.0,catboost_lo,0,3,2,13606,13606,1.0,34.26,-10.75,26.595,-0.002,0.4,
covonly,Russia_C,1,1,alaska,x14,stefan,none,0.0,catboost_lo,0,3,2,13606,13606,0.0,33.074,-7.036,27.969,0.0662,0.4,
covonly,Russia_C,1,1,alaska,x14,stefan,none,0.0,catboost_lo,0,3,2,13606,13606,0.25,33.934,-8.931,27.659,0.017,0.4,
covonly,Russia_C,1,1,alaska,x14,stefan,none,0.0,catboost_lo,0,3,2,13606,13606,0.5,34.895,-10.827,27.349,-0.0394,0.4,
covonly,Russia_C,1,1,alaska,x14,stefan,none,0.0,catboost_lo,0,3,2,13606,13606,0.75,35.948,-12.722,27.039,-0.1031,0.4,
covonly,Russia_C,1,1,alaska,x14,stefan,none,0.0,catboost_lo,0,3,2,13606,13606,1.0,37.085,-14.617,26.729,-0.174,0.4,
covonly,Russia_C,1,2,alaska,x14,stefan,none,0.0,catboost_lo,0,3,2,13606,13606,0.0,33.074,-7.036,27.969,0.0662,0.4,
covonly,Russia_C,1,2,alaska,x14,stefan,none,0.0,catboost_lo,0,3,2,13606,13606,0.25,33.97,-8.26,28.098,0.0149,0.4,
covonly,Russia_C,1,2,alaska,x14,stefan,none,0.0,catboost_lo,0,3,2,13606,13606,0.5,34.906,-9.483,28.226,-0.0401,0.4,
covonly,Russia_C,1,2,alaska,x14,stefan,none,0.0,catboost_lo,0,3,2,13606,13606,0.75,35.879,-10.706,28.355,-0.0989,0.4,
covonly,Russia_C,1,2,alaska,x14,stefan,none,0.0,catboost_lo,0,3,2,13606,13606,1.0,36.886,-11.93,28.483,-0.1615,0.4,
covonly,Russia_C,1,0,alaska,x14,none,none,0.0,catboost_lo,0,3,2,13606,13606,1.0,39.215,-17.276,27.071,-0.3127,0.3,
covonly,Russia_C,1,1,alaska,x14,none,none,0.0,catboost_lo,0,3,2,13606,13606,1.0,40.959,-20.422,27.05,-0.4321,0.5,
covonly,Russia_C,1,2,alaska,x14,none,none,0.0,catboost_lo,0,3,2,13606,13606,1.0,40.516,-18.429,27.675,-0.4013,0.4,
labels,Russia_C,1,0,alaska,x25,stefan,none,0.0,catboost_lo,0,3,2,13610,13610,0.0,33.07,-7.019,27.974,0.0664,0.4,
labels,Russia_C,1,0,alaska,x25,stefan,none,0.0,catboost_lo,0,3,2,13610,13610,0.25,28.018,-0.681,25.653,0.3299,0.4,
labels,Russia_C,1,0,alaska,x25,stefan,none,0.0,catboost_lo,0,3,2,13610,13610,0.5,24.733,5.657,23.331,0.4778,0.4,
labels,Russia_C,1,0,alaska,x25,stefan,none,0.0,catboost_lo,0,3,2,13610,13610,0.75,23.953,11.995,21.01,0.5102,0.4,
labels,Russia_C,1,0,alaska,x25,stefan,none,0.0,catboost_lo,0,3,2,13610,13610,1.0,25.907,18.333,18.688,0.427,0.4,
labels,Russia_C,1,1,alaska,x25,stefan,none,0.0,catboost_lo,0,3,2,13610,13610,0.0,33.07,-7.019,27.974,0.0664,0.5,
labels,Russia_C,1,1,alaska,x25,stefan,none,0.0,catboost_lo,0,3,2,13610,13610,0.25,28.315,-0.242,26.096,0.3156,0.5,
labels,Russia_C,1,1,alaska,x25,stefan,none,0.0,catboost_lo,0,3,2,13610,13610,0.5,25.512,6.534,24.217,0.4444,0.5,
labels,Russia_C,1,1,alaska,x25,stefan,none,0.0,catboost_lo,0,3,2,13610,13610,0.75,25.316,13.311,22.339,0.4529,0.5,
labels,Russia_C,1,1,alaska,x25,stefan,none,0.0,catboost_lo,0,3,2,13610,13610,1.0,27.783,20.087,20.46,0.3411,0.5,
labels,Russia_C,1,2,alaska,x25,stefan,none,0.0,catboost_lo,0,3,2,13610,13610,0.0,33.07,-7.019,27.974,0.0664,0.4,
labels,Russia_C,1,2,alaska,x25,stefan,none,0.0,catboost_lo,0,3,2,13610,13610,0.25,27.581,-1.007,25.165,0.3506,0.4,
labels,Russia_C,1,2,alaska,x25,stefan,none,0.0,catboost_lo,0,3,2,13610,13610,0.5,23.679,5.005,22.355,0.5214,0.4,
labels,Russia_C,1,2,alaska,x25,stefan,none,0.0,catboost_lo,0,3,2,13610,13610,0.75,22.217,11.017,19.545,0.5787,0.4,
labels,Russia_C,1,2,alaska,x25,stefan,none,0.0,catboost_lo,0,3,2,13610,13610,1.0,23.65,17.029,17.029,0.5225,0.4,
labels,Russia_C,1,0,alaska,x25,none,none,0.0,catboost_lo,0,3,2,13610,13610,1.0,17.587,4.946,14.436,0.736,0.5,
labels,Russia_C,1,1,alaska,x25,none,none,0.0,catboost_lo,0,3,2,13610,13610,1.0,14.615,7.189,9.571,0.8177,0.4,
labels,Russia_C,1,2,alaska,x25,none,none,0.0,catboost_lo,0,3,2,13610,13610,1.0,17.272,4.167,14.06,0.7453,0.4,
labels,Russia_C,1,0,alaska,x14,stefan,none,0.0,catboost_lo,0,3,2,13610,13610,0.0,33.07,-7.019,27.974,0.0664,0.4,
labels,Russia_C,1,0,alaska,x14,stefan,none,0.0,catboost_lo,0,3,2,13610,13610,0.25,28.22,-4.994,24.262,0.3202,0.4,
labels,Russia_C,1,0,alaska,x14,stefan,none,0.0,catboost_lo,0,3,2,13610,13610,0.5,23.483,-2.968,20.55,0.5293,0.4,
labels,Russia_C,1,0,alaska,x14,stefan,none,0.0,catboost_lo,0,3,2,13610,13610,0.75,18.944,-0.943,16.838,0.6936,0.4,
labels,Russia_C,1,0,alaska,x14,stefan,none,0.0,catboost_lo,0,3,2,13610,13610,1.0,14.788,1.082,13.126,0.8133,0.4,
labels,Russia_C,1,1,alaska,x14,stefan,none,0.0,catboost_lo,0,3,2,13610,13610,0.0,33.07,-7.019,27.974,0.0664,0.4,
labels,Russia_C,1,1,alaska,x14,stefan,none,0.0,catboost_lo,0,3,2,13610,13610,0.25,27.45,-4.657,23.713,0.3568,0.4,
labels,Russia_C,1,1,alaska,x14,stefan,none,0.0,catboost_lo,0,3,2,13610,13610,0.5,21.961,-2.295,19.451,0.5883,0.4,
labels,Russia_C,1,1,alaska,x14,stefan,none,0.0,catboost_lo,0,3,2,13610,13610,0.75,16.733,0.067,15.189,0.761,0.4,
labels,Russia_C,1,1,alaska,x14,stefan,none,0.0,catboost_lo,0,3,2,13610,13610,1.0,12.108,2.429,10.927,0.8748,0.4,
labels,Russia_C,1,2,alaska,x14,stefan,none,0.0,catboost_lo,0,3,2,13610,13610,0.0,33.07,-7.019,27.974,0.0664,0.3,
labels,Russia_C,1,2,alaska,x14,stefan,none,0.0,catboost_lo,0,3,2,13610,13610,0.25,28.174,-5.012,24.22,0.3224,0.3,
labels,Russia_C,1,2,alaska,x14,stefan,none,0.0,catboost_lo,0,3,2,13610,13610,0.5,23.38,-3.004,20.466,0.5334,0.3,
labels,Russia_C,1,2,alaska,x14,stefan,none,0.0,catboost_lo,0,3,2,13610,13610,0.75,18.767,-0.997,16.711,0.6993,0.3,
labels,Russia_C,1,2,alaska,x14,stefan,none,0.0,catboost_lo,0,3,2,13610,13610,1.0,14.508,1.01,12.957,0.8203,0.4,
labels,Russia_C,1,0,alaska,x14,none,none,0.0,catboost_lo,0,3,2,13610,13610,1.0,13.871,-2.844,11.402,0.8357,0.4,
labels,Russia_C,1,1,alaska,x14,none,none,0.0,catboost_lo,0,3,2,13610,13610,1.0,12.791,-1.887,11.496,0.8603,0.4,
labels,Russia_C,1,2,alaska,x14,none,none,0.0,catboost_lo,0,3,2,13610,13610,1.0,16.885,-5.074,13.027,0.7566,0.4,
covonly,Russia_C,2,0,alaska,x25,stefan,none,0.0,catboost_lo,0,4,3,13606,13606,0.0,70.551,-37.515,53.214,-0.2714,0.5,
covonly,Russia_C,2,0,alaska,x25,stefan,none,0.0,catboost_lo,0,4,3,13606,13606,0.25,70.096,-37.173,52.842,-0.2551,0.5,
covonly,Russia_C,2,0,alaska,x25,stefan,none,0.0,catboost_lo,0,4,3,13606,13606,0.5,69.655,-36.832,52.469,-0.2393,0.5,
covonly,Russia_C,2,0,alaska,x25,stefan,none,0.0,catboost_lo,0,4,3,13606,13606,0.75,69.227,-36.49,52.096,-0.2241,0.5,
covonly,Russia_C,2,0,alaska,x25,stefan,none,0.0,catboost_lo,0,4,3,13606,13606,1.0,68.814,-36.149,51.724,-0.2096,0.5,
covonly,Russia_C,2,1,alaska,x25,stefan,none,0.0,catboost_lo,0,4,3,13606,13606,0.0,70.551,-37.515,53.214,-0.2714,0.4,
covonly,Russia_C,2,1,alaska,x25,stefan,none,0.0,catboost_lo,0,4,3,13606,13606,0.25,70.147,-37.464,52.78,-0.2569,0.4,
covonly,Russia_C,2,1,alaska,x25,stefan,none,0.0,catboost_lo,0,4,3,13606,13606,0.5,69.764,-37.413,52.346,-0.2432,0.4,
covonly,Russia_C,2,1,alaska,x25,stefan,none,0.0,catboost_lo,0,4,3,13606,13606,0.75,69.403,-37.363,51.912,-0.2304,0.4,
covonly,Russia_C,2,1,alaska,x25,stefan,none,0.0,catboost_lo,0,4,3,13606,13606,1.0,69.064,-37.312,51.477,-0.2184,0.4,
covonly,Russia_C,2,2,alaska,x25,stefan,none,0.0,catboost_lo,0,4,3,13606,13606,0.0,70.551,-37.515,53.214,-0.2714,0.4,
covonly,Russia_C,2,2,alaska,x25,stefan,none,0.0,catboost_lo,0,4,3,13606,13606,0.25,70.647,-37.638,53.212,-0.2748,0.4,
covonly,Russia_C,2,2,alaska,x25,stefan,none,0.0,catboost_lo,0,4,3,13606,13606,0.5,70.751,-37.761,53.21,-0.2786,0.4,
covonly,Russia_C,2,2,alaska,x25,stefan,none,0.0,catboost_lo,0,4,3,13606,13606,0.75,70.864,-37.884,53.207,-0.2827,0.4,
covonly,Russia_C,2,2,alaska,x25,stefan,none,0.0,catboost_lo,0,4,3,13606,13606,1.0,70.985,-38.007,53.205,-0.2871,0.4,
covonly,Russia_C,2,0,alaska,x25,none,none,0.0,catboost_lo,0,4,3,13606,13606,1.0,78.549,-50.828,56.05,-0.576,0.5,
covonly,Russia_C,2,1,alaska,x25,none,none,0.0,catboost_lo,0,4,3,13606,13606,1.0,77.705,-50.002,55.361,-0.5423,0.5,
covonly,Russia_C,2,2,alaska,x25,none,none,0.0,catboost_lo,0,4,3,13606,13606,1.0,79.275,-50.454,55.333,-0.6053,0.4,
covonly,Russia_C,2,0,alaska,x14,stefan,none,0.0,catboost_lo,0,4,3,13606,13606,0.0,70.551,-37.515,53.214,-0.2714,0.4,
covonly,Russia_C,2,0,alaska,x14,stefan,none,0.0,catboost_lo,0,4,3,13606,13606,0.25,71.547,-38.709,53.454,-0.3075,0.4,
covonly,Russia_C,2,0,alaska,x14,stefan,none,0.0,catboost_lo,0,4,3,13606,13606,0.5,72.556,-39.903,53.695,-0.3447,0.4,
covonly,Russia_C,2,0,alaska,x14,stefan,none,0.0,catboost_lo,0,4,3,13606,13606,0.75,73.577,-41.097,53.935,-0.3828,0.4,
covonly,Russia_C,2,0,alaska,x14,stefan,none,0.0,catboost_lo,0,4,3,13606,13606,1.0,74.611,-42.291,54.175,-0.4219,0.4,
covonly,Russia_C,2,1,alaska,x14,stefan,none,0.0,catboost_lo,0,4,3,13606,13606,0.0,70.551,-37.515,53.214,-0.2714,0.4,
covonly,Russia_C,2,1,alaska,x14,stefan,none,0.0,catboost_lo,0,4,3,13606,13606,0.25,71.924,-39.522,53.568,-0.3214,0.4,
covonly,Russia_C,2,1,alaska,x14,stefan,none,0.0,catboost_lo,0,4,3,13606,13606,0.5,73.334,-41.529,53.921,-0.3737,0.4,
covonly,Russia_C,2,1,alaska,x14,stefan,none,0.0,catboost_lo,0,4,3,13606,13606,0.75,74.778,-43.536,54.274,-0.4283,0.4,
covonly,Russia_C,2,1,alaska,x14,stefan,none,0.0,catboost_lo,0,4,3,13606,13606,1.0,76.255,-45.543,54.628,-0.4853,0.4,
covonly,Russia_C,2,2,alaska,x14,stefan,none,0.0,catboost_lo,0,4,3,13606,13606,0.0,70.551,-37.515,53.214,-0.2714,0.4,
covonly,Russia_C,2,2,alaska,x14,stefan,none,0.0,catboost_lo,0,4,3,13606,13606,0.25,71.748,-38.915,53.793,-0.3149,0.4,
covonly,Russia_C,2,2,alaska,x14,stefan,none,0.0,catboost_lo,0,4,3,13606,13606,0.5,72.961,-40.314,54.372,-0.3598,0.4,
covonly,Russia_C,2,2,alaska,x14,stefan,none,0.0,catboost_lo,0,4,3,13606,13606,0.75,74.19,-41.714,54.951,-0.4059,0.4,
covonly,Russia_C,2,2,alaska,x14,stefan,none,0.0,catboost_lo,0,4,3,13606,13606,1.0,75.432,-43.114,55.529,-0.4534,0.4,
covonly,Russia_C,2,0,alaska,x14,none,none,0.0,catboost_lo,0,4,3,13606,13606,1.0,81.933,-50.239,57.585,-0.7147,0.4,
covonly,Russia_C,2,1,alaska,x14,none,none,0.0,catboost_lo,0,4,3,13606,13606,1.0,80.73,-51.576,56.548,-0.6647,0.4,
covonly,Russia_C,2,2,alaska,x14,none,none,0.0,catboost_lo,0,4,3,13606,13606,1.0,79.471,-49.474,56.409,-0.6132,0.4,
labels,Russia_C,2,0,alaska,x25,stefan,none,0.0,catboost_lo,0,4,3,13609,13609,0.0,70.552,-37.516,53.214,-0.2714,0.4,
labels,Russia_C,2,0,alaska,x25,stefan,none,0.0,catboost_lo,0,4,3,13609,13609,0.25,70.364,-37.394,53.11,-0.2647,0.4,
labels,Russia_C,2,0,alaska,x25,stefan,none,0.0,catboost_lo,0,4,3,13609,13609,0.5,70.193,-37.273,53.005,-0.2585,0.4,
labels,Russia_C,2,0,alaska,x25,stefan,none,0.0,catboost_lo,0,4,3,13609,13609,0.75,70.037,-37.151,52.901,-0.2529,0.4,
labels,Russia_C,2,0,alaska,x25,stefan,none,0.0,catboost_lo,0,4,3,13609,13609,1.0,69.897,-37.03,52.797,-0.2479,0.4,
labels,Russia_C,2,1,alaska,x25,stefan,none,0.0,catboost_lo,0,4,3,13609,13609,0.0,70.552,-37.516,53.214,-0.2714,0.4,
labels,Russia_C,2,1,alaska,x25,stefan,none,0.0,catboost_lo,0,4,3,13609,13609,0.25,70.006,-37.134,52.802,-0.2518,0.4,
labels,Russia_C,2,1,alaska,x25,stefan,none,0.0,catboost_lo,0,4,3,13609,13609,0.5,69.472,-36.752,52.39,-0.2328,0.4,
labels,Russia_C,2,1,alaska,x25,stefan,none,0.0,catboost_lo,0,4,3,13609,13609,0.75,68.95,-36.37,51.977,-0.2143,0.4,
labels,Russia_C,2,1,alaska,x25,stefan,none,0.0,catboost_lo,0,4,3,13609,13609,1.0,68.439,-35.988,51.565,-0.1964,0.4,
labels,Russia_C,2,2,alaska,x25,stefan,none,0.0,catboost_lo,0,4,3,13609,13609,0.0,70.552,-37.516,53.214,-0.2714,0.4,
labels,Russia_C,2,2,alaska,x25,stefan,none,0.0,catboost_lo,0,4,3,13609,13609,0.25,70.29,-37.217,53.154,-0.262,0.4,
labels,Russia_C,2,2,alaska,x25,stefan,none,0.0,catboost_lo,0,4,3,13609,13609,0.5,70.05,-36.919,53.094,-0.2534,0.4,
labels,Russia_C,2,2,alaska,x25,stefan,none,0.0,catboost_lo,0,4,3,13609,13609,0.75,69.832,-36.621,53.035,-0.2456,0.4,
labels,Russia_C,2,2,alaska,x25,stefan,none,0.0,catboost_lo,0,4,3,13609,13609,1.0,69.636,-36.323,52.975,-0.2386,0.4,
labels,Russia_C,2,0,alaska,x25,none,none,0.0,catboost_lo,0,4,3,13609,13609,1.0,79.036,-51.607,55.859,-0.5956,0.4,
labels,Russia_C,2,1,alaska,x25,none,none,0.0,catboost_lo,0,4,3,13609,13609,1.0,76.981,-48.645,53.997,-0.5137,0.4,
labels,Russia_C,2,2,alaska,x25,none,none,0.0,catboost_lo,0,4,3,13609,13609,1.0,78.811,-50.051,55.386,-0.5865,0.4,
labels,Russia_C,2,0,alaska,x14,stefan,none,0.0,catboost_lo,0,4,3,13609,13609,0.0,70.552,-37.516,53.214,-0.2714,0.4,
labels,Russia_C,2,0,alaska,x14,stefan,none,0.0,catboost_lo,0,4,3,13609,13609,0.25,71.543,-38.608,53.468,-0.3074,0.4,
labels,Russia_C,2,0,alaska,x14,stefan,none,0.0,catboost_lo,0,4,3,13609,13609,0.5,72.543,-39.699,53.722,-0.3442,0.4,
labels,Russia_C,2,0,alaska,x14,stefan,none,0.0,catboost_lo,0,4,3,13609,13609,0.75,73.553,-40.791,53.976,-0.3819,0.4,
labels,Russia_C,2,0,alaska,x14,stefan,none,0.0,catboost_lo,0,4,3,13609,13609,1.0,74.571,-41.883,54.23,-0.4204,0.4,
labels,Russia_C,2,1,alaska,x14,stefan,none,0.0,catboost_lo,0,4,3,13609,13609,0.0,70.552,-37.516,53.214,-0.2714,0.3,
labels,Russia_C,2,1,alaska,x14,stefan,none,0.0,catboost_lo,0,4,3,13609,13609,0.25,72.059,-39.688,53.642,-0.3263,0.3,
labels,Russia_C,2,1,alaska,x14,stefan,none,0.0,catboost_lo,0,4,3,13609,13609,0.5,73.609,-41.861,54.07,-0.384,0.3,
labels,Russia_C,2,1,alaska,x14,stefan,none,0.0,catboost_lo,0,4,3,13609,13609,0.75,75.197,-44.034,54.497,-0.4444,0.3,
labels,Russia_C,2,1,alaska,x14,stefan,none,0.0,catboost_lo,0,4,3,13609,13609,1.0,76.823,-46.207,54.925,-0.5075,0.3,
labels,Russia_C,2,2,alaska,x14,stefan,none,0.0,catboost_lo,0,4,3,13609,13609,0.0,70.552,-37.516,53.214,-0.2714,0.4,
labels,Russia_C,2,2,alaska,x14,stefan,none,0.0,catboost_lo,0,4,3,13609,13609,0.25,71.363,-38.67,53.349,-0.3008,0.4,
labels,Russia_C,2,2,alaska,x14,stefan,none,0.0,catboost_lo,0,4,3,13609,13609,0.5,72.187,-39.825,53.484,-0.331,0.4,
labels,Russia_C,2,2,alaska,x14,stefan,none,0.0,catboost_lo,0,4,3,13609,13609,0.75,73.024,-40.98,53.618,-0.3621,0.4,
labels,Russia_C,2,2,alaska,x14,stefan,none,0.0,catboost_lo,0,4,3,13609,13609,1.0,73.873,-42.134,53.753,-0.3939,0.4,
labels,Russia_C,2,0,alaska,x14,none,none,0.0,catboost_lo,0,4,3,13609,13609,1.0,83.657,-52.695,57.936,-0.7876,0.3,
labels,Russia_C,2,1,alaska,x14,none,none,0.0,catboost_lo,0,4,3,13609,13609,1.0,80.709,-51.422,57.511,-0.6639,0.4,
labels,Russia_C,2,2,alaska,x14,none,none,0.0,catboost_lo,0,4,3,13609,13609,1.0,80.13,-50.276,56.353,-0.6401,0.4,
covonly,Russia_E,0,0,alaska,x25,stefan,none,0.0,catboost_lo,0,12,9,13606,13606,0.0,16.826,-5.861,11.264,0.194,0.4,
covonly,Russia_E,0,0,alaska,x25,stefan,none,0.0,catboost_lo,0,12,9,13606,13606,0.25,16.745,-4.761,11.705,0.2016,0.4,
covonly,Russia_E,0,0,alaska,x25,stefan,none,0.0,catboost_lo,0,12,9,13606,13606,0.5,16.869,-3.66,12.346,0.1899,0.4,
covonly,Russia_E,0,0,alaska,x25,stefan,none,0.0,catboost_lo,0,12,9,13606,13606,0.75,17.191,-2.559,12.987,0.1586,0.4,
covonly,Russia_E,0,0,alaska,x25,stefan,none,0.0,catboost_lo,0,12,9,13606,13606,1.0,17.702,-1.458,13.629,0.1078,0.4,
covonly,Russia_E,0,1,alaska,x25,stefan,none,0.0,catboost_lo,0,12,9,13606,13606,0.0,16.826,-5.861,11.264,0.194,0.4,
covonly,Russia_E,0,1,alaska,x25,stefan,none,0.0,catboost_lo,0,12,9,13606,13606,0.25,16.853,-4.958,11.491,0.1914,0.4,
covonly,Russia_E,0,1,alaska,x25,stefan,none,0.0,catboost_lo,0,12,9,13606,13606,0.5,17.026,-4.054,11.918,0.1746,0.4,
covonly,Russia_E,0,1,alaska,x25,stefan,none,0.0,catboost_lo,0,12,9,13606,13606,0.75,17.342,-3.15,12.425,0.1438,0.4,
covonly,Russia_E,0,1,alaska,x25,stefan,none,0.0,catboost_lo,0,12,9,13606,13606,1.0,17.792,-2.246,13.246,0.0987,0.4,
covonly,Russia_E,0,2,alaska,x25,stefan,none,0.0,catboost_lo,0,12,9,13606,13606,0.0,16.826,-5.861,11.264,0.194,0.5,
covonly,Russia_E,0,2,alaska,x25,stefan,none,0.0,catboost_lo,0,12,9,13606,13606,0.25,16.894,-4.998,11.561,0.1874,0.5,
covonly,Russia_E,0,2,alaska,x25,stefan,none,0.0,catboost_lo,0,12,9,13606,13606,0.5,17.112,-4.134,12.081,0.1663,0.5,
covonly,Russia_E,0,2,alaska,x25,stefan,none,0.0,catboost_lo,0,12,9,13606,13606,0.75,17.474,-3.27,12.809,0.1307,0.5,
covonly,Russia_E,0,2,alaska,x25,stefan,none,0.0,catboost_lo,0,12,9,13606,13606,1.0,17.971,-2.406,13.537,0.0805,0.5,
covonly,Russia_E,0,0,alaska,x25,none,none,0.0,catboost_lo,0,12,9,13606,13606,1.0,20.097,-4.18,14.744,-0.1499,0.4,
covonly,Russia_E,0,1,alaska,x25,none,none,0.0,catboost_lo,0,12,9,13606,13606,1.0,19.609,-4.668,14.515,-0.0947,0.5,
covonly,Russia_E,0,2,alaska,x25,none,none,0.0,catboost_lo,0,12,9,13606,13606,1.0,20.194,-6.451,14.18,-0.161,0.4,
covonly,Russia_E,0,0,alaska,x14,stefan,none,0.0,catboost_lo,0,12,9,13606,13606,0.0,16.826,-5.861,11.264,0.194,0.4,
covonly,Russia_E,0,0,alaska,x14,stefan,none,0.0,catboost_lo,0,12,9,13606,13606,0.25,16.964,-5.729,11.253,0.1807,0.4,
covonly,Russia_E,0,0,alaska,x14,stefan,none,0.0,catboost_lo,0,12,9,13606,13606,0.5,17.216,-5.596,11.719,0.1561,0.4,
covonly,Russia_E,0,0,alaska,x14,stefan,none,0.0,catboost_lo,0,12,9,13606,13606,0.75,17.579,-5.464,12.489,0.1202,0.4,
covonly,Russia_E,0,0,alaska,x14,stefan,none,0.0,catboost_lo,0,12,9,13606,13606,1.0,18.045,-5.331,13.258,0.0729,0.4,
covonly,Russia_E,0,1,alaska,x14,stefan,none,0.0,catboost_lo,0,12,9,13606,13606,0.0,16.826,-5.861,11.264,0.194,0.3,
covonly,Russia_E,0,1,alaska,x14,stefan,none,0.0,catboost_lo,0,12,9,13606,13606,0.25,17.06,-6.016,11.26,0.1714,0.3,
covonly,Russia_E,0,1,alaska,x14,stefan,none,0.0,catboost_lo,0,12,9,13606,13606,0.5,17.405,-6.171,11.771,0.1375,0.3,
covonly,Russia_E,0,1,alaska,x14,stefan,none,0.0,catboost_lo,0,12,9,13606,13606,0.75,17.855,-6.325,12.566,0.0923,0.3,
covonly,Russia_E,0,1,alaska,x14,stefan,none,0.0,catboost_lo,0,12,9,13606,13606,1.0,18.402,-6.48,13.361,0.0359,0.3,
covonly,Russia_E,0,2,alaska,x14,stefan,none,0.0,catboost_lo,0,12,9,13606,13606,0.0,16.826,-5.861,11.264,0.194,0.4,
covonly,Russia_E,0,2,alaska,x14,stefan,none,0.0,catboost_lo,0,12,9,13606,13606,0.25,17.027,-5.733,11.233,0.1746,0.4,
covonly,Russia_E,0,2,alaska,x14,stefan,none,0.0,catboost_lo,0,12,9,13606,13606,0.5,17.363,-5.604,11.739,0.1416,0.4,
covonly,Russia_E,0,2,alaska,x14,stefan,none,0.0,catboost_lo,0,12,9,13606,13606,0.75,17.828,-5.475,12.518,0.0951,0.4,
covonly,Russia_E,0,2,alaska,x14,stefan,none,0.0,catboost_lo,0,12,9,13606,13606,1.0,18.41,-5.346,13.298,0.035,0.4,
covonly,Russia_E,0,0,alaska,x14,none,none,0.0,catboost_lo,0,12,9,13606,13606,1.0,22.776,-12.736,16.813,-0.4769,0.4,
covonly,Russia_E,0,1,alaska,x14,none,none,0.0,catboost_lo,0,12,9,13606,13606,1.0,22.378,-11.995,16.353,-0.4257,0.4,
covonly,Russia_E,0,2,alaska,x14,none,none,0.0,catboost_lo,0,12,9,13606,13606,1.0,21.928,-11.467,16.261,-0.369,0.4,
noinfo,Russia_E,0,0,alaska,x25,stefan,none,0.0,catboost_lo,0,27,19,13606,13606,0.0,28.444,-9.287,16.684,0.0377,0.4,
noinfo,Russia_E,0,0,alaska,x25,stefan,none,0.0,catboost_lo,0,27,19,13606,13606,0.25,28.865,-8.447,17.453,0.009,0.4,
noinfo,Russia_E,0,0,alaska,x25,stefan,none,0.0,catboost_lo,0,27,19,13606,13606,0.5,29.378,-7.607,18.315,-0.0265,0.4,
noinfo,Russia_E,0,0,alaska,x25,stefan,none,0.0,catboost_lo,0,27,19,13606,13606,0.75,29.979,-6.767,19.243,-0.069,0.4,
noinfo,Russia_E,0,0,alaska,x25,stefan,none,0.0,catboost_lo,0,27,19,13606,13606,1.0,30.663,-5.928,20.17,-0.1183,0.4,
noinfo,Russia_E,0,1,alaska,x25,stefan,none,0.0,catboost_lo,0,27,19,13606,13606,0.0,28.444,-9.287,16.684,0.0377,0.4,
noinfo,Russia_E,0,1,alaska,x25,stefan,none,0.0,catboost_lo,0,27,19,13606,13606,0.25,28.74,-8.412,17.285,0.0176,0.4,
noinfo,Russia_E,0,1,alaska,x25,stefan,none,0.0,catboost_lo,0,27,19,13606,13606,0.5,29.107,-7.537,17.975,-0.0077,0.4,
noinfo,Russia_E,0,1,alaska,x25,stefan,none,0.0,catboost_lo,0,27,19,13606,13606,0.75,29.544,-6.662,18.7,-0.0381,0.4,
noinfo,Russia_E,0,1,alaska,x25,stefan,none,0.0,catboost_lo,0,27,19,13606,13606,1.0,30.046,-5.787,19.587,-0.0738,0.4,
noinfo,Russia_E,0,2,alaska,x25,stefan,none,0.0,catboost_lo,0,27,19,13606,13606,0.0,28.444,-9.287,16.684,0.0377,0.5,
noinfo,Russia_E,0,2,alaska,x25,stefan,none,0.0,catboost_lo,0,27,19,13606,13606,0.25,28.862,-8.523,17.346,0.0092,0.5,
noinfo,Russia_E,0,2,alaska,x25,stefan,none,0.0,catboost_lo,0,27,19,13606,13606,0.5,29.355,-7.759,18.106,-0.0249,0.5,
noinfo,Russia_E,0,2,alaska,x25,stefan,none,0.0,catboost_lo,0,27,19,13606,13606,0.75,29.918,-6.995,18.959,-0.0646,0.5,
noinfo,Russia_E,0,2,alaska,x25,stefan,none,0.0,catboost_lo,0,27,19,13606,13606,1.0,30.548,-6.231,19.873,-0.1099,0.5,
noinfo,Russia_E,0,0,alaska,x25,none,none,0.0,catboost_lo,0,27,19,13606,13606,1.0,31.094,-8.427,19.761,-0.15,0.4,
noinfo,Russia_E,0,1,alaska,x25,none,none,0.0,catboost_lo,0,27,19,13606,13606,1.0,30.616,-8.949,19.213,-0.1149,0.4,
noinfo,Russia_E,0,2,alaska,x25,none,none,0.0,catboost_lo,0,27,19,13606,13606,1.0,30.047,-9.693,18.612,-0.0738,0.4,
noinfo,Russia_E,0,0,alaska,x14,stefan,none,0.0,catboost_lo,0,27,19,13606,13606,0.0,28.444,-9.287,16.684,0.0377,0.3,
noinfo,Russia_E,0,0,alaska,x14,stefan,none,0.0,catboost_lo,0,27,19,13606,13606,0.25,28.626,-9.135,16.979,0.0253,0.3,
noinfo,Russia_E,0,0,alaska,x14,stefan,none,0.0,catboost_lo,0,27,19,13606,13606,0.5,28.858,-8.983,17.487,0.0095,0.3,
noinfo,Russia_E,0,0,alaska,x14,stefan,none,0.0,catboost_lo,0,27,19,13606,13606,0.75,29.14,-8.831,18.129,-0.01,0.3,
noinfo,Russia_E,0,0,alaska,x14,stefan,none,0.0,catboost_lo,0,27,19,13606,13606,1.0,29.47,-8.679,18.771,-0.033,0.3,
noinfo,Russia_E,0,1,alaska,x14,stefan,none,0.0,catboost_lo,0,27,19,13606,13606,0.0,28.444,-9.287,16.684,0.0377,0.4,
noinfo,Russia_E,0,1,alaska,x14,stefan,none,0.0,catboost_lo,0,27,19,13606,13606,0.25,29.027,-9.637,17.09,-0.0022,0.4,
noinfo,Russia_E,0,1,alaska,x14,stefan,none,0.0,catboost_lo,0,27,19,13606,13606,0.5,29.665,-9.987,17.725,-0.0467,0.4,
noinfo,Russia_E,0,1,alaska,x14,stefan,none,0.0,catboost_lo,0,27,19,13606,13606,0.75,30.356,-10.337,18.486,-0.096,0.4,
noinfo,Russia_E,0,1,alaska,x14,stefan,none,0.0,catboost_lo,0,27,19,13606,13606,1.0,31.094,-10.686,19.325,-0.15,0.4,
noinfo,Russia_E,0,2,alaska,x14,stefan,none,0.0,catboost_lo,0,27,19,13606,13606,0.0,28.444,-9.287,16.684,0.0377,0.3,
noinfo,Russia_E,0,2,alaska,x14,stefan,none,0.0,catboost_lo,0,27,19,13606,13606,0.25,28.974,-9.299,17.122,0.0015,0.3,
noinfo,Russia_E,0,2,alaska,x14,stefan,none,0.0,catboost_lo,0,27,19,13606,13606,0.5,29.559,-9.311,17.798,-0.0392,0.3,
noinfo,Russia_E,0,2,alaska,x14,stefan,none,0.0,catboost_lo,0,27,19,13606,13606,0.75,30.194,-9.323,18.596,-0.0844,0.3,
noinfo,Russia_E,0,2,alaska,x14,stefan,none,0.0,catboost_lo,0,27,19,13606,13606,1.0,30.878,-9.335,19.394,-0.134,0.4,
noinfo,Russia_E,0,0,alaska,x14,none,none,0.0,catboost_lo,0,27,19,13606,13606,1.0,33.217,-16.364,20.443,-0.3124,0.4,
noinfo,Russia_E,0,1,alaska,x14,none,none,0.0,catboost_lo,0,27,19,13606,13606,1.0,33.268,-15.973,20.341,-0.3164,0.4,
noinfo,Russia_E,0,2,alaska,x14,none,none,0.0,catboost_lo,0,27,19,13606,13606,1.0,32.893,-15.332,20.12,-0.2869,0.4,
labels,Russia_E,0,0,alaska,x25,stefan,none,0.0,catboost_lo,0,12,9,13621,13621,0.0,16.82,-5.846,11.264,0.1945,0.4,
labels,Russia_E,0,0,alaska,x25,stefan,none,0.0,catboost_lo,0,12,9,13621,13621,0.25,16.805,-5.091,11.289,0.196,0.4,
labels,Russia_E,0,0,alaska,x25,stefan,none,0.0,catboost_lo,0,12,9,13621,13621,0.5,16.902,-4.335,11.512,0.1867,0.4,
labels,Russia_E,0,0,alaska,x25,stefan,none,0.0,catboost_lo,0,12,9,13621,13621,0.75,17.109,-3.579,11.923,0.1666,0.4,
labels,Russia_E,0,0,alaska,x25,stefan,none,0.0,catboost_lo,0,12,9,13621,13621,1.0,17.423,-2.823,12.73,0.1357,0.4,
labels,Russia_E,0,1,alaska,x25,stefan,none,0.0,catboost_lo,0,12,9,13621,13621,0.0,16.82,-5.846,11.264,0.1945,0.4,
labels,Russia_E,0,1,alaska,x25,stefan,none,0.0,catboost_lo,0,12,9,13621,13621,0.25,16.791,-5.14,11.44,0.1973,0.4,
labels,Russia_E,0,1,alaska,x25,stefan,none,0.0,catboost_lo,0,12,9,13621,13621,0.5,16.893,-4.433,11.885,0.1875,0.4,
labels,Russia_E,0,1,alaska,x25,stefan,none,0.0,catboost_lo,0,12,9,13621,13621,0.75,17.122,-3.727,12.516,0.1653,0.4,
labels,Russia_E,0,1,alaska,x25,stefan,none,0.0,catboost_lo,0,12,9,13621,13621,1.0,17.474,-3.02,13.147,0.1307,0.4,
labels,Russia_E,0,2,alaska,x25,stefan,none,0.0,catboost_lo,0,12,9,13621,13621,0.0,16.82,-5.846,11.264,0.1945,0.4,
labels,Russia_E,0,2,alaska,x25,stefan,none,0.0,catboost_lo,0,12,9,13621,13621,0.25,16.607,-4.733,11.5,0.2148,0.4,
labels,Russia_E,0,2,alaska,x25,stefan,none,0.0,catboost_lo,0,12,9,13621,13621,0.5,16.544,-3.62,11.934,0.2207,0.4,
labels,Russia_E,0,2,alaska,x25,stefan,none,0.0,catboost_lo,0,12,9,13621,13621,0.75,16.635,-2.506,12.369,0.2122,0.4,
labels,Russia_E,0,2,alaska,x25,stefan,none,0.0,catboost_lo,0,12,9,13621,13621,1.0,16.876,-1.393,12.803,0.1892,0.4,
labels,Russia_E,0,0,alaska,x25,none,none,0.0,catboost_lo,0,12,9,13621,13621,1.0,18.284,-4.307,12.877,0.0482,0.4,
labels,Russia_E,0,1,alaska,x25,none,none,0.0,catboost_lo,0,12,9,13621,13621,1.0,19.057,-4.901,13.621,-0.034,0.4,
labels,Russia_E,0,2,alaska,x25,none,none,0.0,catboost_lo,0,12,9,13621,13621,1.0,20.056,-4.774,14.439,-0.1452,0.4,
labels,Russia_E,0,0,alaska,x14,stefan,none,0.0,catboost_lo,0,12,9,13621,13621,0.0,16.82,-5.846,11.264,0.1945,0.4,
labels,Russia_E,0,0,alaska,x14,stefan,none,0.0,catboost_lo,0,12,9,13621,13621,0.25,16.431,-4.789,11.283,0.2313,0.4,
labels,Russia_E,0,0,alaska,x14,stefan,none,0.0,catboost_lo,0,12,9,13621,13621,0.5,16.318,-3.731,11.937,0.2419,0.4,
labels,Russia_E,0,0,alaska,x14,stefan,none,0.0,catboost_lo,0,12,9,13621,13621,0.75,16.485,-2.674,12.816,0.2263,0.4,
labels,Russia_E,0,0,alaska,x14,stefan,none,0.0,catboost_lo,0,12,9,13621,13621,1.0,16.925,-1.616,13.695,0.1844,0.4,
labels,Russia_E,0,1,alaska,x14,stefan,none,0.0,catboost_lo,0,12,9,13621,13621,0.0,16.82,-5.846,11.264,0.1945,0.4,
labels,Russia_E,0,1,alaska,x14,stefan,none,0.0,catboost_lo,0,12,9,13621,13621,0.25,16.194,-4.982,11.078,0.2534,0.4,
labels,Russia_E,0,1,alaska,x14,stefan,none,0.0,catboost_lo,0,12,9,13621,13621,0.5,15.768,-4.118,11.36,0.2922,0.4,
labels,Russia_E,0,1,alaska,x14,stefan,none,0.0,catboost_lo,0,12,9,13621,13621,0.75,15.558,-3.254,11.95,0.3108,0.4,
labels,Russia_E,0,1,alaska,x14,stefan,none,0.0,catboost_lo,0,12,9,13621,13621,1.0,15.574,-2.39,12.54,0.3095,0.4,
labels,Russia_E,0,2,alaska,x14,stefan,none,0.0,catboost_lo,0,12,9,13621,13621,0.0,16.82,-5.846,11.264,0.1945,0.3,
labels,Russia_E,0,2,alaska,x14,stefan,none,0.0,catboost_lo,0,12,9,13621,13621,0.25,16.005,-4.28,11.158,0.2707,0.3,
labels,Russia_E,0,2,alaska,x14,stefan,none,0.0,catboost_lo,0,12,9,13621,13621,0.5,15.54,-2.713,11.538,0.3124,0.3,
labels,Russia_E,0,2,alaska,x14,stefan,none,0.0,catboost_lo,0,12,9,13621,13621,0.75,15.459,-1.146,12.217,0.3196,0.3,
labels,Russia_E,0,2,alaska,x14,stefan,none,0.0,catboost_lo,0,12,9,13621,13621,1.0,15.767,0.421,12.896,0.2922,0.3,
labels,Russia_E,0,0,alaska,x14,none,none,0.0,catboost_lo,0,12,9,13621,13621,1.0,16.581,-2.434,12.166,0.2173,0.4,
labels,Russia_E,0,1,alaska,x14,none,none,0.0,catboost_lo,0,12,9,13621,13621,1.0,17.271,-3.775,12.578,0.1507,0.3,
labels,Russia_E,0,2,alaska,x14,none,none,0.0,catboost_lo,0,12,9,13621,13621,1.0,17.795,-3.856,13.417,0.0984,0.4,
covonly,Russia_E,1,0,alaska,x25,stefan,none,0.0,catboost_lo,0,14,10,13606,13606,0.0,37.308,-14.638,24.379,-0.0546,0.4,
covonly,Russia_E,1,0,alaska,x25,stefan,none,0.0,catboost_lo,0,14,10,13606,13606,0.25,37.93,-13.647,25.621,-0.0901,0.4,
covonly,Russia_E,1,0,alaska,x25,stefan,none,0.0,catboost_lo,0,14,10,13606,13606,0.5,38.629,-12.657,26.862,-0.1307,0.4,
covonly,Russia_E,1,0,alaska,x25,stefan,none,0.0,catboost_lo,0,14,10,13606,13606,0.75,39.401,-11.667,28.104,-0.1763,0.4,
covonly,Russia_E,1,0,alaska,x25,stefan,none,0.0,catboost_lo,0,14,10,13606,13606,1.0,40.242,-10.677,29.345,-0.2271,0.4,
covonly,Russia_E,1,1,alaska,x25,stefan,none,0.0,catboost_lo,0,14,10,13606,13606,0.0,37.308,-14.638,24.379,-0.0546,0.4,
covonly,Russia_E,1,1,alaska,x25,stefan,none,0.0,catboost_lo,0,14,10,13606,13606,0.25,37.695,-13.696,25.431,-0.0766,0.4,
covonly,Russia_E,1,1,alaska,x25,stefan,none,0.0,catboost_lo,0,14,10,13606,13606,0.5,38.14,-12.753,26.484,-0.1022,0.4,
covonly,Russia_E,1,1,alaska,x25,stefan,none,0.0,catboost_lo,0,14,10,13606,13606,0.75,38.64,-11.811,27.536,-0.1313,0.4,
covonly,Russia_E,1,1,alaska,x25,stefan,none,0.0,catboost_lo,0,14,10,13606,13606,1.0,39.194,-10.869,28.588,-0.164,0.4,
covonly,Russia_E,1,2,alaska,x25,stefan,none,0.0,catboost_lo,0,14,10,13606,13606,0.0,37.308,-14.638,24.379,-0.0546,0.4,
covonly,Russia_E,1,2,alaska,x25,stefan,none,0.0,catboost_lo,0,14,10,13606,13606,0.25,37.873,-13.881,25.506,-0.0868,0.4,
covonly,Russia_E,1,2,alaska,x25,stefan,none,0.0,catboost_lo,0,14,10,13606,13606,0.5,38.502,-13.124,26.634,-0.1233,0.4,
covonly,Russia_E,1,2,alaska,x25,stefan,none,0.0,catboost_lo,0,14,10,13606,13606,0.75,39.193,-12.367,27.761,-0.1639,0.4,
covonly,Russia_E,1,2,alaska,x25,stefan,none,0.0,catboost_lo,0,14,10,13606,13606,1.0,39.942,-11.61,28.888,-0.2088,0.4,
covonly,Russia_E,1,0,alaska,x25,none,none,0.0,catboost_lo,0,14,10,13606,13606,1.0,40.107,-13.782,28.307,-0.2188,0.4,
covonly,Russia_E,1,1,alaska,x25,none,none,0.0,catboost_lo,0,14,10,13606,13606,1.0,39.674,-14.255,27.88,-0.1927,0.4,
covonly,Russia_E,1,2,alaska,x25,none,none,0.0,catboost_lo,0,14,10,13606,13606,1.0,38.582,-14.734,26.581,-0.1279,0.4,
covonly,Russia_E,1,0,alaska,x14,stefan,none,0.0,catboost_lo,0,14,10,13606,13606,0.0,37.308,-14.638,24.379,-0.0546,0.4,
covonly,Russia_E,1,0,alaska,x14,stefan,none,0.0,catboost_lo,0,14,10,13606,13606,0.25,37.464,-14.222,24.747,-0.0635,0.4,
covonly,Russia_E,1,0,alaska,x14,stefan,none,0.0,catboost_lo,0,14,10,13606,13606,0.5,37.678,-13.805,25.351,-0.0757,0.4,
covonly,Russia_E,1,0,alaska,x14,stefan,none,0.0,catboost_lo,0,14,10,13606,13606,0.75,37.948,-13.389,26.216,-0.0912,0.4,
covonly,Russia_E,1,0,alaska,x14,stefan,none,0.0,catboost_lo,0,14,10,13606,13606,1.0,38.273,-12.973,27.08,-0.11,0.4,
covonly,Russia_E,1,1,alaska,x14,stefan,none,0.0,catboost_lo,0,14,10,13606,13606,0.0,37.308,-14.638,24.379,-0.0546,0.4,
covonly,Russia_E,1,1,alaska,x14,stefan,none,0.0,catboost_lo,0,14,10,13606,13606,0.25,38.047,-14.851,24.822,-0.0969,0.4,
covonly,Russia_E,1,1,alaska,x14,stefan,none,0.0,catboost_lo,0,14,10,13606,13606,0.5,38.839,-15.064,25.581,-0.143,0.4,
covonly,Russia_E,1,1,alaska,x14,stefan,none,0.0,catboost_lo,0,14,10,13606,13606,0.75,39.68,-15.278,26.561,-0.193,0.4,
covonly,Russia_E,1,1,alaska,x14,stefan,none,0.0,catboost_lo,0,14,10,13606,13606,1.0,40.566,-15.491,27.54,-0.2469,0.4,
covonly,Russia_E,1,2,alaska,x14,stefan,none,0.0,catboost_lo,0,14,10,13606,13606,0.0,37.308,-14.638,24.379,-0.0546,0.4,
covonly,Russia_E,1,2,alaska,x14,stefan,none,0.0,catboost_lo,0,14,10,13606,13606,0.25,37.969,-14.507,25.0,-0.0924,0.4,
covonly,Russia_E,1,2,alaska,x14,stefan,none,0.0,catboost_lo,0,14,10,13606,13606,0.5,38.689,-14.376,25.91,-0.1342,0.4,
covonly,Russia_E,1,2,alaska,x14,stefan,none,0.0,catboost_lo,0,14,10,13606,13606,0.75,39.464,-14.245,27.054,-0.1801,0.4,
covonly,Russia_E,1,2,alaska,x14,stefan,none,0.0,catboost_lo,0,14,10,13606,13606,1.0,40.292,-14.115,28.198,-0.2301,0.4,
covonly,Russia_E,1,0,alaska,x14,none,none,0.0,catboost_lo,0,14,10,13606,13606,1.0,42.169,-21.299,26.674,-0.3474,0.5,
covonly,Russia_E,1,1,alaska,x14,none,none,0.0,catboost_lo,0,14,10,13606,13606,1.0,42.384,-20.878,26.498,-0.3612,0.4,
covonly,Russia_E,1,2,alaska,x14,none,none,0.0,catboost_lo,0,14,10,13606,13606,1.0,41.985,-20.695,26.447,-0.3356,0.4,
labels,Russia_E,1,0,alaska,x25,stefan,none,0.0,catboost_lo,0,14,10,13621,13621,0.0,37.306,-14.635,24.38,-0.0546,0.4,
labels,Russia_E,1,0,alaska,x25,stefan,none,0.0,catboost_lo,0,14,10,13621,13621,0.25,37.827,-13.528,25.659,-0.0842,0.4,
labels,Russia_E,1,0,alaska,x25,stefan,none,0.0,catboost_lo,0,14,10,13621,13621,0.5,38.43,-12.421,26.939,-0.1191,0.4,
labels,Russia_E,1,0,alaska,x25,stefan,none,0.0,catboost_lo,0,14,10,13621,13621,0.75,39.11,-11.314,28.218,-0.159,0.4,
labels,Russia_E,1,0,alaska,x25,stefan,none,0.0,catboost_lo,0,14,10,13621,13621,1.0,39.865,-10.207,29.498,-0.2042,0.4,
labels,Russia_E,1,1,alaska,x25,stefan,none,0.0,catboost_lo,0,14,10,13621,13621,0.0,37.306,-14.635,24.38,-0.0546,0.5,
labels,Russia_E,1,1,alaska,x25,stefan,none,0.0,catboost_lo,0,14,10,13621,13621,0.25,37.741,-13.441,25.572,-0.0793,0.5,
labels,Russia_E,1,1,alaska,x25,stefan,none,0.0,catboost_lo,0,14,10,13621,13621,0.5,38.259,-12.247,26.763,-0.1091,0.5,
labels,Russia_E,1,1,alaska,x25,stefan,none,0.0,catboost_lo,0,14,10,13621,13621,0.75,38.857,-11.053,27.955,-0.1441,0.5,
labels,Russia_E,1,1,alaska,x25,stefan,none,0.0,catboost_lo,0,14,10,13621,13621,1.0,39.531,-9.859,29.147,-0.1841,0.5,
labels,Russia_E,1,2,alaska,x25,stefan,none,0.0,catboost_lo,0,14,10,13621,13621,0.0,37.306,-14.635,24.38,-0.0546,0.4,
labels,Russia_E,1,2,alaska,x25,stefan,none,0.0,catboost_lo,0,14,10,13621,13621,0.25,37.744,-13.513,25.505,-0.0795,0.4,
labels,Russia_E,1,2,alaska,x25,stefan,none,0.0,catboost_lo,0,14,10,13621,13621,0.5,38.253,-12.391,26.63,-0.1088,0.4,
labels,Russia_E,1,2,alaska,x25,stefan,none,0.0,catboost_lo,0,14,10,13621,13621,0.75,38.83,-11.268,27.755,-0.1425,0.4,
labels,Russia_E,1,2,alaska,x25,stefan,none,0.0,catboost_lo,0,14,10,13621,13621,1.0,39.472,-10.146,28.88,-0.1806,0.4,
labels,Russia_E,1,0,alaska,x25,none,none,0.0,catboost_lo,0,14,10,13621,13621,1.0,38.848,-13.328,27.309,-0.1435,0.4,
labels,Russia_E,1,1,alaska,x25,none,none,0.0,catboost_lo,0,14,10,13621,13621,1.0,38.62,-12.375,27.786,-0.1301,0.5,
labels,Russia_E,1,2,alaska,x25,none,none,0.0,catboost_lo,0,14,10,13621,13621,1.0,38.297,-13.454,26.421,-0.1113,0.4,
labels,Russia_E,1,0,alaska,x14,stefan,none,0.0,catboost_lo,0,14,10,13621,13621,0.0,37.306,-14.635,24.38,-0.0546,0.3,
labels,Russia_E,1,0,alaska,x14,stefan,none,0.0,catboost_lo,0,14,10,13621,13621,0.25,37.791,-14.239,25.05,-0.0822,0.3,
labels,Russia_E,1,0,alaska,x14,stefan,none,0.0,catboost_lo,0,14,10,13621,13621,0.5,38.35,-13.842,26.018,-0.1144,0.3,
labels,Russia_E,1,0,alaska,x14,stefan,none,0.0,catboost_lo,0,14,10,13621,13621,0.75,38.978,-13.446,27.215,-0.1512,0.3,
labels,Russia_E,1,0,alaska,x14,stefan,none,0.0,catboost_lo,0,14,10,13621,13621,1.0,39.674,-13.049,28.413,-0.1927,0.3,
labels,Russia_E,1,1,alaska,x14,stefan,none,0.0,catboost_lo,0,14,10,13621,13621,0.0,37.306,-14.635,24.38,-0.0546,0.4,
labels,Russia_E,1,1,alaska,x14,stefan,none,0.0,catboost_lo,0,14,10,13621,13621,0.25,37.717,-14.738,24.608,-0.0779,0.5,
labels,Russia_E,1,1,alaska,x14,stefan,none,0.0,catboost_lo,0,14,10,13621,13621,0.5,38.175,-14.84,24.979,-0.1042,0.5,
labels,Russia_E,1,1,alaska,x14,stefan,none,0.0,catboost_lo,0,14,10,13621,13621,0.75,38.679,-14.943,25.658,-0.1336,0.5,
labels,Russia_E,1,1,alaska,x14,stefan,none,0.0,catboost_lo,0,14,10,13621,13621,1.0,39.227,-15.045,26.336,-0.166,0.5,
labels,Russia_E,1,2,alaska,x14,stefan,none,0.0,catboost_lo,0,14,10,13621,13621,0.0,37.306,-14.635,24.38,-0.0546,0.4,
labels,Russia_E,1,2,alaska,x14,stefan,none,0.0,catboost_lo,0,14,10,13621,13621,0.25,37.507,-14.14,24.721,-0.066,0.4,
labels,Russia_E,1,2,alaska,x14,stefan,none,0.0,catboost_lo,0,14,10,13621,13621,0.5,37.773,-13.645,25.348,-0.0811,0.4,
labels,Russia_E,1,2,alaska,x14,stefan,none,0.0,catboost_lo,0,14,10,13621,13621,0.75,38.102,-13.149,26.211,-0.1,0.4,
labels,Russia_E,1,2,alaska,x14,stefan,none,0.0,catboost_lo,0,14,10,13621,13621,1.0,38.493,-12.654,27.074,-0.1227,0.4,
labels,Russia_E,1,0,alaska,x14,none,none,0.0,catboost_lo,0,14,10,13621,13621,1.0,40.604,-18.563,26.452,-0.2492,0.4,
labels,Russia_E,1,1,alaska,x14,none,none,0.0,catboost_lo,0,14,10,13621,13621,1.0,41.428,-20.119,26.308,-0.3004,0.3,
labels,Russia_E,1,2,alaska,x14,none,none,0.0,catboost_lo,0,14,10,13621,13621,1.0,40.709,-18.039,26.893,-0.2557,0.3,
covonly,Russia_E,2,0,alaska,x25,stefan,none,0.0,catboost_lo,0,11,8,13606,13606,0.0,41.532,-24.418,27.066,-0.3327,0.4,
covonly,Russia_E,2,0,alaska,x25,stefan,none,0.0,catboost_lo,0,11,8,13606,13606,0.25,42.015,-24.146,27.674,-0.3639,0.4,
covonly,Russia_E,2,0,alaska,x25,stefan,none,0.0,catboost_lo,0,11,8,13606,13606,0.5,42.54,-23.873,28.282,-0.3982,0.4,
covonly,Russia_E,2,0,alaska,x25,stefan,none,0.0,catboost_lo,0,11,8,13606,13606,0.75,43.106,-23.6,28.89,-0.4357,0.4,
covonly,Russia_E,2,0,alaska,x25,stefan,none,0.0,catboost_lo,0,11,8,13606,13606,1.0,43.71,-23.328,29.498,-0.4762,0.4,
covonly,Russia_E,2,1,alaska,x25,stefan,none,0.0,catboost_lo,0,11,8,13606,13606,0.0,41.532,-24.418,27.066,-0.3327,0.4,
covonly,Russia_E,2,1,alaska,x25,stefan,none,0.0,catboost_lo,0,11,8,13606,13606,0.25,41.758,-23.999,27.311,-0.3473,0.4,
covonly,Russia_E,2,1,alaska,x25,stefan,none,0.0,catboost_lo,0,11,8,13606,13606,0.5,42.008,-23.579,27.557,-0.3635,0.4,
covonly,Russia_E,2,1,alaska,x25,stefan,none,0.0,catboost_lo,0,11,8,13606,13606,0.75,42.28,-23.16,27.803,-0.3812,0.4,
covonly,Russia_E,2,1,alaska,x25,stefan,none,0.0,catboost_lo,0,11,8,13606,13606,1.0,42.576,-22.74,28.102,-0.4006,0.4,
covonly,Russia_E,2,2,alaska,x25,stefan,none,0.0,catboost_lo,0,11,8,13606,13606,0.0,41.532,-24.418,27.066,-0.3327,0.4,
covonly,Russia_E,2,2,alaska,x25,stefan,none,0.0,catboost_lo,0,11,8,13606,13606,0.25,41.985,-24.128,27.522,-0.362,0.4,
covonly,Russia_E,2,2,alaska,x25,stefan,none,0.0,catboost_lo,0,11,8,13606,13606,0.5,42.471,-23.837,27.979,-0.3937,0.4,
covonly,Russia_E,2,2,alaska,x25,stefan,none,0.0,catboost_lo,0,11,8,13606,13606,0.75,42.99,-23.547,28.436,-0.428,0.4,
covonly,Russia_E,2,2,alaska,x25,stefan,none,0.0,catboost_lo,0,11,8,13606,13606,1.0,43.54,-23.256,28.975,-0.4647,0.4,
covonly,Russia_E,2,0,alaska,x25,none,none,0.0,catboost_lo,0,11,8,13606,13606,1.0,44.187,-25.218,29.682,-0.5086,0.4,
covonly,Russia_E,2,1,alaska,x25,none,none,0.0,catboost_lo,0,11,8,13606,13606,1.0,43.83,-25.463,29.834,-0.4843,0.5,
covonly,Russia_E,2,2,alaska,x25,none,none,0.0,catboost_lo,0,11,8,13606,13606,1.0,42.71,-25.329,28.491,-0.4094,0.5,
covonly,Russia_E,2,0,alaska,x14,stefan,none,0.0,catboost_lo,0,11,8,13606,13606,0.0,41.532,-24.418,27.066,-0.3327,0.4,
covonly,Russia_E,2,0,alaska,x14,stefan,none,0.0,catboost_lo,0,11,8,13606,13606,0.25,41.627,-24.606,27.286,-0.3389,0.4,
covonly,Russia_E,2,0,alaska,x14,stefan,none,0.0,catboost_lo,0,11,8,13606,13606,0.5,41.775,-24.794,27.808,-0.3484,0.4,
covonly,Russia_E,2,0,alaska,x14,stefan,none,0.0,catboost_lo,0,11,8,13606,13606,0.75,41.975,-24.982,28.66,-0.3613,0.4,
covonly,Russia_E,2,0,alaska,x14,stefan,none,0.0,catboost_lo,0,11,8,13606,13606,1.0,42.227,-25.169,29.513,-0.3777,0.4,
covonly,Russia_E,2,1,alaska,x14,stefan,none,0.0,catboost_lo,0,11,8,13606,13606,0.0,41.532,-24.418,27.066,-0.3327,0.4,
covonly,Russia_E,2,1,alaska,x14,stefan,none,0.0,catboost_lo,0,11,8,13606,13606,0.25,42.356,-25.277,27.688,-0.3862,0.4,
covonly,Russia_E,2,1,alaska,x14,stefan,none,0.0,catboost_lo,0,11,8,13606,13606,0.5,43.232,-26.136,28.711,-0.4441,0.4,
covonly,Russia_E,2,1,alaska,x14,stefan,none,0.0,catboost_lo,0,11,8,13606,13606,0.75,44.156,-26.995,30.016,-0.5065,0.4,
covonly,Russia_E,2,1,alaska,x14,stefan,none,0.0,catboost_lo,0,11,8,13606,13606,1.0,45.126,-27.853,31.32,-0.5734,0.4,
covonly,Russia_E,2,2,alaska,x14,stefan,none,0.0,catboost_lo,0,11,8,13606,13606,0.0,41.532,-24.418,27.066,-0.3327,0.4,
covonly,Russia_E,2,2,alaska,x14,stefan,none,0.0,catboost_lo,0,11,8,13606,13606,0.25,42.193,-24.948,27.538,-0.3755,0.4,
covonly,Russia_E,2,2,alaska,x14,stefan,none,0.0,catboost_lo,0,11,8,13606,13606,0.5,42.907,-25.477,28.377,-0.4224,0.4,
covonly,Russia_E,2,2,alaska,x14,stefan,none,0.0,catboost_lo,0,11,8,13606,13606,0.75,43.671,-26.006,29.514,-0.4735,0.4,
covonly,Russia_E,2,2,alaska,x14,stefan,none,0.0,catboost_lo,0,11,8,13606,13606,1.0,44.482,-26.535,30.652,-0.5288,0.4,
covonly,Russia_E,2,0,alaska,x14,none,none,0.0,catboost_lo,0,11,8,13606,13606,1.0,47.833,-33.057,34.833,-0.7678,0.4,
covonly,Russia_E,2,1,alaska,x14,none,none,0.0,catboost_lo,0,11,8,13606,13606,1.0,48.082,-32.669,34.585,-0.7863,0.4,
covonly,Russia_E,2,2,alaska,x14,none,none,0.0,catboost_lo,0,11,8,13606,13606,1.0,47.558,-32.063,34.146,-0.7476,0.4,
labels,Russia_E,2,0,alaska,x25,stefan,none,0.0,catboost_lo,0,11,8,13623,13623,0.0,41.532,-24.42,27.066,-0.3328,0.4,
labels,Russia_E,2,0,alaska,x25,stefan,none,0.0,catboost_lo,0,11,8,13623,13623,0.25,41.987,-24.281,27.569,-0.3621,0.4,
labels,Russia_E,2,0,alaska,x25,stefan,none,0.0,catboost_lo,0,11,8,13623,13623,0.5,42.466,-24.143,28.072,-0.3934,0.4,
labels,Russia_E,2,0,alaska,x25,stefan,none,0.0,catboost_lo,0,11,8,13623,13623,0.75,42.969,-24.004,28.575,-0.4266,0.4,
labels,Russia_E,2,0,alaska,x25,stefan,none,0.0,catboost_lo,0,11,8,13623,13623,1.0,43.496,-23.866,29.077,-0.4618,0.4,
labels,Russia_E,2,1,alaska,x25,stefan,none,0.0,catboost_lo,0,11,8,13623,13623,0.0,41.532,-24.42,27.066,-0.3328,0.4,
labels,Russia_E,2,1,alaska,x25,stefan,none,0.0,catboost_lo,0,11,8,13623,13623,0.25,41.748,-23.989,27.371,-0.3467,0.4,
labels,Russia_E,2,1,alaska,x25,stefan,none,0.0,catboost_lo,0,11,8,13623,13623,0.5,42.0,-23.558,27.693,-0.363,0.4,
labels,Russia_E,2,1,alaska,x25,stefan,none,0.0,catboost_lo,0,11,8,13623,13623,0.75,42.287,-23.127,28.149,-0.3817,0.4,
labels,Russia_E,2,1,alaska,x25,stefan,none,0.0,catboost_lo,0,11,8,13623,13623,1.0,42.609,-22.696,28.604,-0.4028,0.4,
labels,Russia_E,2,2,alaska,x25,stefan,none,0.0,catboost_lo,0,11,8,13623,13623,0.0,41.532,-24.42,27.066,-0.3328,0.4,
labels,Russia_E,2,2,alaska,x25,stefan,none,0.0,catboost_lo,0,11,8,13623,13623,0.25,42.094,-24.331,27.656,-0.3691,0.4,
labels,Russia_E,2,2,alaska,x25,stefan,none,0.0,catboost_lo,0,11,8,13623,13623,0.5,42.681,-24.242,28.246,-0.4075,0.4,
labels,Russia_E,2,2,alaska,x25,stefan,none,0.0,catboost_lo,0,11,8,13623,13623,0.75,43.291,-24.154,28.836,-0.448,0.4,
labels,Russia_E,2,2,alaska,x25,stefan,none,0.0,catboost_lo,0,11,8,13623,13623,1.0,43.923,-24.065,29.426,-0.4906,0.4,
labels,Russia_E,2,0,alaska,x25,none,none,0.0,catboost_lo,0,11,8,13623,13623,1.0,43.289,-25.961,29.231,-0.4479,0.4,
labels,Russia_E,2,1,alaska,x25,none,none,0.0,catboost_lo,0,11,8,13623,13623,1.0,44.723,-26.234,30.23,-0.5454,0.4,
labels,Russia_E,2,2,alaska,x25,none,none,0.0,catboost_lo,0,11,8,13623,13623,1.0,44.514,-26.496,30.227,-0.531,0.4,
labels,Russia_E,2,0,alaska,x14,stefan,none,0.0,catboost_lo,0,11,8,13623,13623,0.0,41.532,-24.42,27.066,-0.3328,0.4,
labels,Russia_E,2,0,alaska,x14,stefan,none,0.0,catboost_lo,0,11,8,13623,13623,0.25,42.064,-25.098,27.599,-0.3671,0.4,
labels,Russia_E,2,0,alaska,x14,stefan,none,0.0,catboost_lo,0,11,8,13623,13623,0.5,42.656,-25.776,28.561,-0.4058,0.4,
labels,Russia_E,2,0,alaska,x14,stefan,none,0.0,catboost_lo,0,11,8,13623,13623,0.75,43.304,-26.455,29.791,-0.4489,0.4,
labels,Russia_E,2,0,alaska,x14,stefan,none,0.0,catboost_lo,0,11,8,13623,13623,1.0,44.006,-27.133,31.02,-0.4963,0.4,
labels,Russia_E,2,1,alaska,x14,stefan,none,0.0,catboost_lo,0,11,8,13623,13623,0.0,41.532,-24.42,27.066,-0.3328,0.4,
labels,Russia_E,2,1,alaska,x14,stefan,none,0.0,catboost_lo,0,11,8,13623,13623,0.25,42.239,-25.202,27.664,-0.3785,0.4,
labels,Russia_E,2,1,alaska,x14,stefan,none,0.0,catboost_lo,0,11,8,13623,13623,0.5,43.002,-25.985,28.619,-0.4288,0.4,
labels,Russia_E,2,1,alaska,x14,stefan,none,0.0,catboost_lo,0,11,8,13623,13623,0.75,43.817,-26.768,29.878,-0.4835,0.4,
labels,Russia_E,2,1,alaska,x14,stefan,none,0.0,catboost_lo,0,11,8,13623,13623,1.0,44.683,-27.55,31.136,-0.5426,0.4,
labels,Russia_E,2,2,alaska,x14,stefan,none,0.0,catboost_lo,0,11,8,13623,13623,0.0,41.532,-24.42,27.066,-0.3328,0.4,
labels,Russia_E,2,2,alaska,x14,stefan,none,0.0,catboost_lo,0,11,8,13623,13623,0.25,41.95,-24.923,27.489,-0.3597,0.4,
labels,Russia_E,2,2,alaska,x14,stefan,none,0.0,catboost_lo,0,11,8,13623,13623,0.5,42.417,-25.426,28.232,-0.3902,0.4,
labels,Russia_E,2,2,alaska,x14,stefan,none,0.0,catboost_lo,0,11,8,13623,13623,0.75,42.932,-25.929,29.297,-0.4241,0.4,
labels,Russia_E,2,2,alaska,x14,stefan,none,0.0,catboost_lo,0,11,8,13623,13623,1.0,43.495,-26.433,30.362,-0.4617,0.4,
labels,Russia_E,2,0,alaska,x14,none,none,0.0,catboost_lo,0,11,8,13623,13623,1.0,46.59,-31.21,33.4,-0.6771,0.3,
labels,Russia_E,2,1,alaska,x14,none,none,0.0,catboost_lo,0,11,8,13623,13623,1.0,46.428,-31.546,33.383,-0.6655,0.4,
labels,Russia_E,2,2,alaska,x14,none,none,0.0,catboost_lo,0,11,8,13623,13623,1.0,46.115,-30.072,32.649,-0.6431,0.4,
covonly,Greenland,0,0,alaska,x25,stefan,none,0.0,catboost_lo,0,1,1,13606,13606,0.0,30.899,-30.899,30.899,,0.4,
covonly,Greenland,0,0,alaska,x25,stefan,none,0.0,catboost_lo,0,1,1,13606,13606,0.25,31.251,-31.251,31.251,,0.4,
covonly,Greenland,0,0,alaska,x25,stefan,none,0.0,catboost_lo,0,1,1,13606,13606,0.5,31.603,-31.603,31.603,,0.4,
covonly,Greenland,0,0,alaska,x25,stefan,none,0.0,catboost_lo,0,1,1,13606,13606,0.75,31.955,-31.955,31.955,,0.4,
covonly,Greenland,0,0,alaska,x25,stefan,none,0.0,catboost_lo,0,1,1,13606,13606,1.0,32.306,-32.306,32.306,,0.4,
covonly,Greenland,0,1,alaska,x25,stefan,none,0.0,catboost_lo,0,1,1,13606,13606,0.0,30.899,-30.899,30.899,,0.4,
covonly,Greenland,0,1,alaska,x25,stefan,none,0.0,catboost_lo,0,1,1,13606,13606,0.25,30.59,-30.59,30.59,,0.4,
covonly,Greenland,0,1,alaska,x25,stefan,none,0.0,catboost_lo,0,1,1,13606,13606,0.5,30.28,-30.28,30.28,,0.4,
covonly,Greenland,0,1,alaska,x25,stefan,none,0.0,catboost_lo,0,1,1,13606,13606,0.75,29.97,-29.97,29.97,,0.4,
covonly,Greenland,0,1,alaska,x25,stefan,none,0.0,catboost_lo,0,1,1,13606,13606,1.0,29.661,-29.661,29.661,,0.4,
covonly,Greenland,0,2,alaska,x25,stefan,none,0.0,catboost_lo,0,1,1,13606,13606,0.0,30.899,-30.899,30.899,,0.4,
covonly,Greenland,0,2,alaska,x25,stefan,none,0.0,catboost_lo,0,1,1,13606,13606,0.25,30.518,-30.518,30.518,,0.4,
covonly,Greenland,0,2,alaska,x25,stefan,none,0.0,catboost_lo,0,1,1,13606,13606,0.5,30.136,-30.136,30.136,,0.4,
covonly,Greenland,0,2,alaska,x25,stefan,none,0.0,catboost_lo,0,1,1,13606,13606,0.75,29.755,-29.755,29.755,,0.4,
covonly,Greenland,0,2,alaska,x25,stefan,none,0.0,catboost_lo,0,1,1,13606,13606,1.0,29.374,-29.374,29.374,,0.4,
covonly,Greenland,0,0,alaska,x25,none,none,0.0,catboost_lo,0,1,1,13606,13606,1.0,15.137,-15.137,15.137,,0.4,
covonly,Greenland,0,1,alaska,x25,none,none,0.0,catboost_lo,0,1,1,13606,13606,1.0,16.76,-16.76,16.76,,0.4,
covonly,Greenland,0,2,alaska,x25,none,none,0.0,catboost_lo,0,1,1,13606,13606,1.0,17.189,-17.189,17.189,,0.4,
covonly,Greenland,0,0,alaska,x14,stefan,none,0.0,catboost_lo,0,1,1,13606,13606,0.0,30.899,-30.899,30.899,,0.4,
covonly,Greenland,0,0,alaska,x14,stefan,none,0.0,catboost_lo,0,1,1,13606,13606,0.25,30.774,-30.774,30.774,,0.4,
covonly,Greenland,0,0,alaska,x14,stefan,none,0.0,catboost_lo,0,1,1,13606,13606,0.5,30.649,-30.649,30.649,,0.4,
covonly,Greenland,0,0,alaska,x14,stefan,none,0.0,catboost_lo,0,1,1,13606,13606,0.75,30.524,-30.524,30.524,,0.4,
covonly,Greenland,0,0,alaska,x14,stefan,none,0.0,catboost_lo,0,1,1,13606,13606,1.0,30.4,-30.4,30.4,,0.4,
covonly,Greenland,0,1,alaska,x14,stefan,none,0.0,catboost_lo,0,1,1,13606,13606,0.0,30.899,-30.899,30.899,,0.4,
covonly,Greenland,0,1,alaska,x14,stefan,none,0.0,catboost_lo,0,1,1,13606,13606,0.25,31.81,-31.81,31.81,,0.4,
covonly,Greenland,0,1,alaska,x14,stefan,none,0.0,catboost_lo,0,1,1,13606,13606,0.5,32.722,-32.722,32.722,,0.4,
covonly,Greenland,0,1,alaska,x14,stefan,none,0.0,catboost_lo,0,1,1,13606,13606,0.75,33.633,-33.633,33.633,,0.4,
covonly,Greenland,0,1,alaska,x14,stefan,none,0.0,catboost_lo,0,1,1,13606,13606,1.0,34.545,-34.545,34.545,,0.4,
covonly,Greenland,0,2,alaska,x14,stefan,none,0.0,catboost_lo,0,1,1,13606,13606,0.0,30.899,-30.899,30.899,,0.4,
covonly,Greenland,0,2,alaska,x14,stefan,none,0.0,catboost_lo,0,1,1,13606,13606,0.25,31.257,-31.257,31.257,,0.4,
covonly,Greenland,0,2,alaska,x14,stefan,none,0.0,catboost_lo,0,1,1,13606,13606,0.5,31.614,-31.614,31.614,,0.4,
covonly,Greenland,0,2,alaska,x14,stefan,none,0.0,catboost_lo,0,1,1,13606,13606,0.75,31.972,-31.972,31.972,,0.4,
covonly,Greenland,0,2,alaska,x14,stefan,none,0.0,catboost_lo,0,1,1,13606,13606,1.0,32.329,-32.329,32.329,,0.4,
covonly,Greenland,0,0,alaska,x14,none,none,0.0,catboost_lo,0,1,1,13606,13606,1.0,27.727,-27.727,27.727,,0.4,
covonly,Greenland,0,1,alaska,x14,none,none,0.0,catboost_lo,0,1,1,13606,13606,1.0,23.519,-23.519,23.519,,0.4,
covonly,Greenland,0,2,alaska,x14,none,none,0.0,catboost_lo,0,1,1,13606,13606,1.0,18.163,-18.163,18.163,,0.3,
noinfo,Greenland,0,0,alaska,x25,stefan,none,0.0,catboost_lo,0,1,1,13606,13606,0.0,30.899,-30.899,30.899,,0.4,
noinfo,Greenland,0,0,alaska,x25,stefan,none,0.0,catboost_lo,0,1,1,13606,13606,0.25,31.251,-31.251,31.251,,0.4,
noinfo,Greenland,0,0,alaska,x25,stefan,none,0.0,catboost_lo,0,1,1,13606,13606,0.5,31.603,-31.603,31.603,,0.4,
noinfo,Greenland,0,0,alaska,x25,stefan,none,0.0,catboost_lo,0,1,1,13606,13606,0.75,31.955,-31.955,31.955,,0.4,
noinfo,Greenland,0,0,alaska,x25,stefan,none,0.0,catboost_lo,0,1,1,13606,13606,1.0,32.306,-32.306,32.306,,0.4,
noinfo,Greenland,0,1,alaska,x25,stefan,none,0.0,catboost_lo,0,1,1,13606,13606,0.0,30.899,-30.899,30.899,,0.5,
noinfo,Greenland,0,1,alaska,x25,stefan,none,0.0,catboost_lo,0,1,1,13606,13606,0.25,30.59,-30.59,30.59,,0.5,
noinfo,Greenland,0,1,alaska,x25,stefan,none,0.0,catboost_lo,0,1,1,13606,13606,0.5,30.28,-30.28,30.28,,0.5,
noinfo,Greenland,0,1,alaska,x25,stefan,none,0.0,catboost_lo,0,1,1,13606,13606,0.75,29.97,-29.97,29.97,,0.5,
noinfo,Greenland,0,1,alaska,x25,stefan,none,0.0,catboost_lo,0,1,1,13606,13606,1.0,29.661,-29.661,29.661,,0.5,
noinfo,Greenland,0,2,alaska,x25,stefan,none,0.0,catboost_lo,0,1,1,13606,13606,0.0,30.899,-30.899,30.899,,0.4,
noinfo,Greenland,0,2,alaska,x25,stefan,none,0.0,catboost_lo,0,1,1,13606,13606,0.25,30.518,-30.518,30.518,,0.4,
noinfo,Greenland,0,2,alaska,x25,stefan,none,0.0,catboost_lo,0,1,1,13606,13606,0.5,30.136,-30.136,30.136,,0.4,
noinfo,Greenland,0,2,alaska,x25,stefan,none,0.0,catboost_lo,0,1,1,13606,13606,0.75,29.755,-29.755,29.755,,0.4,
noinfo,Greenland,0,2,alaska,x25,stefan,none,0.0,catboost_lo,0,1,1,13606,13606,1.0,29.374,-29.374,29.374,,0.4,
noinfo,Greenland,0,0,alaska,x25,none,none,0.0,catboost_lo,0,1,1,13606,13606,1.0,15.137,-15.137,15.137,,0.4,
noinfo,Greenland,0,1,alaska,x25,none,none,0.0,catboost_lo,0,1,1,13606,13606,1.0,16.76,-16.76,16.76,,0.4,
noinfo,Greenland,0,2,alaska,x25,none,none,0.0,catboost_lo,0,1,1,13606,13606,1.0,17.189,-17.189,17.189,,0.4,
noinfo,Greenland,0,0,alaska,x14,stefan,none,0.0,catboost_lo,0,1,1,13606,13606,0.0,30.899,-30.899,30.899,,0.4,
noinfo,Greenland,0,0,alaska,x14,stefan,none,0.0,catboost_lo,0,1,1,13606,13606,0.25,30.774,-30.774,30.774,,0.4,
noinfo,Greenland,0,0,alaska,x14,stefan,none,0.0,catboost_lo,0,1,1,13606,13606,0.5,30.649,-30.649,30.649,,0.4,
noinfo,Greenland,0,0,alaska,x14,stefan,none,0.0,catboost_lo,0,1,1,13606,13606,0.75,30.524,-30.524,30.524,,0.4,
noinfo,Greenland,0,0,alaska,x14,stefan,none,0.0,catboost_lo,0,1,1,13606,13606,1.0,30.4,-30.4,30.4,,0.4,
noinfo,Greenland,0,1,alaska,x14,stefan,none,0.0,catboost_lo,0,1,1,13606,13606,0.0,30.899,-30.899,30.899,,0.4,
noinfo,Greenland,0,1,alaska,x14,stefan,none,0.0,catboost_lo,0,1,1,13606,13606,0.25,31.81,-31.81,31.81,,0.4,
noinfo,Greenland,0,1,alaska,x14,stefan,none,0.0,catboost_lo,0,1,1,13606,13606,0.5,32.722,-32.722,32.722,,0.4,
noinfo,Greenland,0,1,alaska,x14,stefan,none,0.0,catboost_lo,0,1,1,13606,13606,0.75,33.633,-33.633,33.633,,0.4,
noinfo,Greenland,0,1,alaska,x14,stefan,none,0.0,catboost_lo,0,1,1,13606,13606,1.0,34.545,-34.545,34.545,,0.4,
noinfo,Greenland,0,2,alaska,x14,stefan,none,0.0,catboost_lo,0,1,1,13606,13606,0.0,30.899,-30.899,30.899,,0.3,
noinfo,Greenland,0,2,alaska,x14,stefan,none,0.0,catboost_lo,0,1,1,13606,13606,0.25,31.257,-31.257,31.257,,0.3,
noinfo,Greenland,0,2,alaska,x14,stefan,none,0.0,catboost_lo,0,1,1,13606,13606,0.5,31.614,-31.614,31.614,,0.3,
noinfo,Greenland,0,2,alaska,x14,stefan,none,0.0,catboost_lo,0,1,1,13606,13606,0.75,31.972,-31.972,31.972,,0.3,
noinfo,Greenland,0,2,alaska,x14,stefan,none,0.0,catboost_lo,0,1,1,13606,13606,1.0,32.329,-32.329,32.329,,0.3,
noinfo,Greenland,0,0,alaska,x14,none,none,0.0,catboost_lo,0,1,1,13606,13606,1.0,27.727,-27.727,27.727,,0.4,
noinfo,Greenland,0,1,alaska,x14,none,none,0.0,catboost_lo,0,1,1,13606,13606,1.0,23.519,-23.519,23.519,,0.3,
noinfo,Greenland,0,2,alaska,x14,none,none,0.0,catboost_lo,0,1,1,13606,13606,1.0,18.163,-18.163,18.163,,0.4,
labels,Greenland,0,0,alaska,x25,stefan,none,0.0,catboost_lo,0,1,1,13608,13608,0.0,30.897,-30.897,30.897,,0.4,
labels,Greenland,0,0,alaska,x25,stefan,none,0.0,catboost_lo,0,1,1,13608,13608,0.25,29.606,-29.606,29.606,,0.4,
labels,Greenland,0,0,alaska,x25,stefan,none,0.0,catboost_lo,0,1,1,13608,13608,0.5,28.315,-28.315,28.315,,0.4,
labels,Greenland,0,0,alaska,x25,stefan,none,0.0,catboost_lo,0,1,1,13608,13608,0.75,27.024,-27.024,27.024,,0.4,
labels,Greenland,0,0,alaska,x25,stefan,none,0.0,catboost_lo,0,1,1,13608,13608,1.0,25.732,-25.732,25.732,,0.4,
labels,Greenland,0,1,alaska,x25,stefan,none,0.0,catboost_lo,0,1,1,13608,13608,0.0,30.897,-30.897,30.897,,0.5,
labels,Greenland,0,1,alaska,x25,stefan,none,0.0,catboost_lo,0,1,1,13608,13608,0.25,29.847,-29.847,29.847,,0.5,
labels,Greenland,0,1,alaska,x25,stefan,none,0.0,catboost_lo,0,1,1,13608,13608,0.5,28.797,-28.797,28.797,,0.5,
labels,Greenland,0,1,alaska,x25,stefan,none,0.0,catboost_lo,0,1,1,13608,13608,0.75,27.747,-27.747,27.747,,0.5,
labels,Greenland,0,1,alaska,x25,stefan,none,0.0,catboost_lo,0,1,1,13608,13608,1.0,26.697,-26.697,26.697,,0.5,
labels,Greenland,0,2,alaska,x25,stefan,none,0.0,catboost_lo,0,1,1,13608,13608,0.0,30.897,-30.897,30.897,,0.4,
labels,Greenland,0,2,alaska,x25,stefan,none,0.0,catboost_lo,0,1,1,13608,13608,0.25,28.716,-28.716,28.716,,0.4,
labels,Greenland,0,2,alaska,x25,stefan,none,0.0,catboost_lo,0,1,1,13608,13608,0.5,26.536,-26.536,26.536,,0.4,
labels,Greenland,0,2,alaska,x25,stefan,none,0.0,catboost_lo,0,1,1,13608,13608,0.75,24.355,-24.355,24.355,,0.4,
labels,Greenland,0,2,alaska,x25,stefan,none,0.0,catboost_lo,0,1,1,13608,13608,1.0,22.174,-22.174,22.174,,0.4,
labels,Greenland,0,0,alaska,x25,none,none,0.0,catboost_lo,0,1,1,13608,13608,1.0,12.653,-12.653,12.653,,0.4,
labels,Greenland,0,1,alaska,x25,none,none,0.0,catboost_lo,0,1,1,13608,13608,1.0,15.119,-15.119,15.119,,0.4,
labels,Greenland,0,2,alaska,x25,none,none,0.0,catboost_lo,0,1,1,13608,13608,1.0,14.319,-14.319,14.319,,0.4,
labels,Greenland,0,0,alaska,x14,stefan,none,0.0,catboost_lo,0,1,1,13608,13608,0.0,30.897,-30.897,30.897,,0.4,
labels,Greenland,0,0,alaska,x14,stefan,none,0.0,catboost_lo,0,1,1,13608,13608,0.25,31.004,-31.004,31.004,,0.4,
labels,Greenland,0,0,alaska,x14,stefan,none,0.0,catboost_lo,0,1,1,13608,13608,0.5,31.112,-31.112,31.112,,0.4,
labels,Greenland,0,0,alaska,x14,stefan,none,0.0,catboost_lo,0,1,1,13608,13608,0.75,31.219,-31.219,31.219,,0.4,
labels,Greenland,0,0,alaska,x14,stefan,none,0.0,catboost_lo,0,1,1,13608,13608,1.0,31.327,-31.327,31.327,,0.4,
labels,Greenland,0,1,alaska,x14,stefan,none,0.0,catboost_lo,0,1,1,13608,13608,0.0,30.897,-30.897,30.897,,0.4,
labels,Greenland,0,1,alaska,x14,stefan,none,0.0,catboost_lo,0,1,1,13608,13608,0.25,29.78,-29.78,29.78,,0.4,
labels,Greenland,0,1,alaska,x14,stefan,none,0.0,catboost_lo,0,1,1,13608,13608,0.5,28.662,-28.662,28.662,,0.4,
labels,Greenland,0,1,alaska,x14,stefan,none,0.0,catboost_lo,0,1,1,13608,13608,0.75,27.545,-27.545,27.545,,0.4,
labels,Greenland,0,1,alaska,x14,stefan,none,0.0,catboost_lo,0,1,1,13608,13608,1.0,26.428,-26.428,26.428,,0.4,
labels,Greenland,0,2,alaska,x14,stefan,none,0.0,catboost_lo,0,1,1,13608,13608,0.0,30.897,-30.897,30.897,,0.4,
labels,Greenland,0,2,alaska,x14,stefan,none,0.0,catboost_lo,0,1,1,13608,13608,0.25,30.619,-30.619,30.619,,0.4,
labels,Greenland,0,2,alaska,x14,stefan,none,0.0,catboost_lo,0,1,1,13608,13608,0.5,30.342,-30.342,30.342,,0.4,
labels,Greenland,0,2,alaska,x14,stefan,none,0.0,catboost_lo,0,1,1,13608,13608,0.75,30.065,-30.065,30.065,,0.4,
labels,Greenland,0,2,alaska,x14,stefan,none,0.0,catboost_lo,0,1,1,13608,13608,1.0,29.787,-29.787,29.787,,0.4,
labels,Greenland,0,0,alaska,x14,none,none,0.0,catboost_lo,0,1,1,13608,13608,1.0,22.33,-22.33,22.33,,0.4,
labels,Greenland,0,1,alaska,x14,none,none,0.0,catboost_lo,0,1,1,13608,13608,1.0,22.159,-22.159,22.159,,0.4,
labels,Greenland,0,2,alaska,x14,none,none,0.0,catboost_lo,0,1,1,13608,13608,1.0,21.837,-21.837,21.837,,0.5,
covonly,Greenland,1,0,alaska,x25,stefan,none,0.0,catboost_lo,0,0,0,13606,13606,,,,,,,zero-size array to reduction operation fmax which has no identity
covonly,Greenland,1,1,alaska,x25,stefan,none,0.0,catboost_lo,0,0,0,13606,13606,,,,,,,zero-size array to reduction operation fmax which has no identity
covonly,Greenland,1,2,alaska,x25,stefan,none,0.0,catboost_lo,0,0,0,13606,13606,,,,,,,zero-size array to reduction operation fmax which has no identity
covonly,Greenland,1,0,alaska,x25,none,none,0.0,catboost_lo,0,0,0,13606,13606,,,,,,,zero-size array to reduction operation fmax which has no identity
covonly,Greenland,1,1,alaska,x25,none,none,0.0,catboost_lo,0,0,0,13606,13606,,,,,,,zero-size array to reduction operation fmax which has no identity
covonly,Greenland,1,2,alaska,x25,none,none,0.0,catboost_lo,0,0,0,13606,13606,,,,,,,zero-size array to reduction operation fmax which has no identity
covonly,Greenland,1,0,alaska,x14,stefan,none,0.0,catboost_lo,0,0,0,13606,13606,,,,,,,zero-size array to reduction operation fmax which has no identity
covonly,Greenland,1,1,alaska,x14,stefan,none,0.0,catboost_lo,0,0,0,13606,13606,,,,,,,zero-size array to reduction operation fmax which has no identity
covonly,Greenland,1,2,alaska,x14,stefan,none,0.0,catboost_lo,0,0,0,13606,13606,,,,,,,zero-size array to reduction operation fmax which has no identity
covonly,Greenland,1,0,alaska,x14,none,none,0.0,catboost_lo,0,0,0,13606,13606,,,,,,,zero-size array to reduction operation fmax which has no identity
covonly,Greenland,1,1,alaska,x14,none,none,0.0,catboost_lo,0,0,0,13606,13606,,,,,,,zero-size array to reduction operation fmax which has no identity
covonly,Greenland,1,2,alaska,x14,none,none,0.0,catboost_lo,0,0,0,13606,13606,,,,,,,zero-size array to reduction operation fmax which has no identity
labels,Greenland,1,0,alaska,x25,stefan,none,0.0,catboost_lo,0,0,0,13607,13607,,,,,,,zero-size array to reduction operation fmax which has no identity
labels,Greenland,1,1,alaska,x25,stefan,none,0.0,catboost_lo,0,0,0,13607,13607,,,,,,,zero-size array to reduction operation fmax which has no identity
labels,Greenland,1,2,alaska,x25,stefan,none,0.0,catboost_lo,0,0,0,13607,13607,,,,,,,zero-size array to reduction operation fmax which has no identity
labels,Greenland,1,0,alaska,x25,none,none,0.0,catboost_lo,0,0,0,13607,13607,,,,,,,zero-size array to reduction operation fmax which has no identity
labels,Greenland,1,1,alaska,x25,none,none,0.0,catboost_lo,0,0,0,13607,13607,,,,,,,zero-size array to reduction operation fmax which has no identity
labels,Greenland,1,2,alaska,x25,none,none,0.0,catboost_lo,0,0,0,13607,13607,,,,,,,zero-size array to reduction operation fmax which has no identity
labels,Greenland,1,0,alaska,x14,stefan,none,0.0,catboost_lo,0,0,0,13607,13607,,,,,,,zero-size array to reduction operation fmax which has no identity
labels,Greenland,1,1,alaska,x14,stefan,none,0.0,catboost_lo,0,0,0,13607,13607,,,,,,,zero-size array to reduction operation fmax which has no identity
labels,Greenland,1,2,alaska,x14,stefan,none,0.0,catboost_lo,0,0,0,13607,13607,,,,,,,zero-size array to reduction operation fmax which has no identity
labels,Greenland,1,0,alaska,x14,none,none,0.0,catboost_lo,0,0,0,13607,13607,,,,,,,zero-size array to reduction operation fmax which has no identity
labels,Greenland,1,1,alaska,x14,none,none,0.0,catboost_lo,0,0,0,13607,13607,,,,,,,zero-size array to reduction operation fmax which has no identity
labels,Greenland,1,2,alaska,x14,none,none,0.0,catboost_lo,0,0,0,13607,13607,,,,,,,zero-size array to reduction operation fmax which has no identity
covonly,Greenland,2,0,alaska,x25,stefan,none,0.0,catboost_lo,0,1,1,13606,13606,0.0,30.899,-30.899,30.899,,0.4,
covonly,Greenland,2,0,alaska,x25,stefan,none,0.0,catboost_lo,0,1,1,13606,13606,0.25,31.251,-31.251,31.251,,0.4,
covonly,Greenland,2,0,alaska,x25,stefan,none,0.0,catboost_lo,0,1,1,13606,13606,0.5,31.603,-31.603,31.603,,0.4,
covonly,Greenland,2,0,alaska,x25,stefan,none,0.0,catboost_lo,0,1,1,13606,13606,0.75,31.955,-31.955,31.955,,0.4,
covonly,Greenland,2,0,alaska,x25,stefan,none,0.0,catboost_lo,0,1,1,13606,13606,1.0,32.306,-32.306,32.306,,0.4,
covonly,Greenland,2,1,alaska,x25,stefan,none,0.0,catboost_lo,0,1,1,13606,13606,0.0,30.899,-30.899,30.899,,0.4,
covonly,Greenland,2,1,alaska,x25,stefan,none,0.0,catboost_lo,0,1,1,13606,13606,0.25,30.59,-30.59,30.59,,0.4,
covonly,Greenland,2,1,alaska,x25,stefan,none,0.0,catboost_lo,0,1,1,13606,13606,0.5,30.28,-30.28,30.28,,0.4,
covonly,Greenland,2,1,alaska,x25,stefan,none,0.0,catboost_lo,0,1,1,13606,13606,0.75,29.97,-29.97,29.97,,0.4,
covonly,Greenland,2,1,alaska,x25,stefan,none,0.0,catboost_lo,0,1,1,13606,13606,1.0,29.661,-29.661,29.661,,0.4,
covonly,Greenland,2,2,alaska,x25,stefan,none,0.0,catboost_lo,0,1,1,13606,13606,0.0,30.899,-30.899,30.899,,0.4,
covonly,Greenland,2,2,alaska,x25,stefan,none,0.0,catboost_lo,0,1,1,13606,13606,0.25,30.518,-30.518,30.518,,0.4,
covonly,Greenland,2,2,alaska,x25,stefan,none,0.0,catboost_lo,0,1,1,13606,13606,0.5,30.136,-30.136,30.136,,0.4,
covonly,Greenland,2,2,alaska,x25,stefan,none,0.0,catboost_lo,0,1,1,13606,13606,0.75,29.755,-29.755,29.755,,0.4,
covonly,Greenland,2,2,alaska,x25,stefan,none,0.0,catboost_lo,0,1,1,13606,13606,1.0,29.374,-29.374,29.374,,0.4,
covonly,Greenland,2,0,alaska,x25,none,none,0.0,catboost_lo,0,1,1,13606,13606,1.0,15.137,-15.137,15.137,,0.5,
covonly,Greenland,2,1,alaska,x25,none,none,0.0,catboost_lo,0,1,1,13606,13606,1.0,16.76,-16.76,16.76,,0.4,
covonly,Greenland,2,2,alaska,x25,none,none,0.0,catboost_lo,0,1,1,13606,13606,1.0,17.189,-17.189,17.189,,0.4,
covonly,Greenland,2,0,alaska,x14,stefan,none,0.0,catboost_lo,0,1,1,13606,13606,0.0,30.899,-30.899,30.899,,0.4,
covonly,Greenland,2,0,alaska,x14,stefan,none,0.0,catboost_lo,0,1,1,13606,13606,0.25,30.774,-30.774,30.774,,0.4,
covonly,Greenland,2,0,alaska,x14,stefan,none,0.0,catboost_lo,0,1,1,13606,13606,0.5,30.649,-30.649,30.649,,0.4,
covonly,Greenland,2,0,alaska,x14,stefan,none,0.0,catboost_lo,0,1,1,13606,13606,0.75,30.524,-30.524,30.524,,0.4,
covonly,Greenland,2,0,alaska,x14,stefan,none,0.0,catboost_lo,0,1,1,13606,13606,1.0,30.4,-30.4,30.4,,0.4,
covonly,Greenland,2,1,alaska,x14,stefan,none,0.0,catboost_lo,0,1,1,13606,13606,0.0,30.899,-30.899,30.899,,0.4,
covonly,Greenland,2,1,alaska,x14,stefan,none,0.0,catboost_lo,0,1,1,13606,13606,0.25,31.81,-31.81,31.81,,0.4,
covonly,Greenland,2,1,alaska,x14,stefan,none,0.0,catboost_lo,0,1,1,13606,13606,0.5,32.722,-32.722,32.722,,0.4,
covonly,Greenland,2,1,alaska,x14,stefan,none,0.0,catboost_lo,0,1,1,13606,13606,0.75,33.633,-33.633,33.633,,0.4,
covonly,Greenland,2,1,alaska,x14,stefan,none,0.0,catboost_lo,0,1,1,13606,13606,1.0,34.545,-34.545,34.545,,0.4,
covonly,Greenland,2,2,alaska,x14,stefan,none,0.0,catboost_lo,0,1,1,13606,13606,0.0,30.899,-30.899,30.899,,0.4,
covonly,Greenland,2,2,alaska,x14,stefan,none,0.0,catboost_lo,0,1,1,13606,13606,0.25,31.257,-31.257,31.257,,0.4,
covonly,Greenland,2,2,alaska,x14,stefan,none,0.0,catboost_lo,0,1,1,13606,13606,0.5,31.614,-31.614,31.614,,0.4,
covonly,Greenland,2,2,alaska,x14,stefan,none,0.0,catboost_lo,0,1,1,13606,13606,0.75,31.972,-31.972,31.972,,0.4,
covonly,Greenland,2,2,alaska,x14,stefan,none,0.0,catboost_lo,0,1,1,13606,13606,1.0,32.329,-32.329,32.329,,0.4,
covonly,Greenland,2,0,alaska,x14,none,none,0.0,catboost_lo,0,1,1,13606,13606,1.0,27.727,-27.727,27.727,,0.3,
covonly,Greenland,2,1,alaska,x14,none,none,0.0,catboost_lo,0,1,1,13606,13606,1.0,23.519,-23.519,23.519,,0.4,
covonly,Greenland,2,2,alaska,x14,none,none,0.0,catboost_lo,0,1,1,13606,13606,1.0,18.163,-18.163,18.163,,0.3,
labels,Greenland,2,0,alaska,x25,stefan,none,0.0,catboost_lo,0,1,1,13608,13608,0.0,30.897,-30.897,30.897,,0.3,
labels,Greenland,2,0,alaska,x25,stefan,none,0.0,catboost_lo,0,1,1,13608,13608,0.25,29.606,-29.606,29.606,,0.3,
labels,Greenland,2,0,alaska,x25,stefan,none,0.0,catboost_lo,0,1,1,13608,13608,0.5,28.315,-28.315,28.315,,0.3,
labels,Greenland,2,0,alaska,x25,stefan,none,0.0,catboost_lo,0,1,1,13608,13608,0.75,27.024,-27.024,27.024,,0.3,
labels,Greenland,2,0,alaska,x25,stefan,none,0.0,catboost_lo,0,1,1,13608,13608,1.0,25.732,-25.732,25.732,,0.3,
labels,Greenland,2,1,alaska,x25,stefan,none,0.0,catboost_lo,0,1,1,13608,13608,0.0,30.897,-30.897,30.897,,0.4,
labels,Greenland,2,1,alaska,x25,stefan,none,0.0,catboost_lo,0,1,1,13608,13608,0.25,29.847,-29.847,29.847,,0.4,
labels,Greenland,2,1,alaska,x25,stefan,none,0.0,catboost_lo,0,1,1,13608,13608,0.5,28.797,-28.797,28.797,,0.4,
labels,Greenland,2,1,alaska,x25,stefan,none,0.0,catboost_lo,0,1,1,13608,13608,0.75,27.747,-27.747,27.747,,0.4,
labels,Greenland,2,1,alaska,x25,stefan,none,0.0,catboost_lo,0,1,1,13608,13608,1.0,26.697,-26.697,26.697,,0.4,
labels,Greenland,2,2,alaska,x25,stefan,none,0.0,catboost_lo,0,1,1,13608,13608,0.0,30.897,-30.897,30.897,,0.4,
labels,Greenland,2,2,alaska,x25,stefan,none,0.0,catboost_lo,0,1,1,13608,13608,0.25,28.716,-28.716,28.716,,0.4,
labels,Greenland,2,2,alaska,x25,stefan,none,0.0,catboost_lo,0,1,1,13608,13608,0.5,26.536,-26.536,26.536,,0.4,
labels,Greenland,2,2,alaska,x25,stefan,none,0.0,catboost_lo,0,1,1,13608,13608,0.75,24.355,-24.355,24.355,,0.4,
labels,Greenland,2,2,alaska,x25,stefan,none,0.0,catboost_lo,0,1,1,13608,13608,1.0,22.174,-22.174,22.174,,0.4,
labels,Greenland,2,0,alaska,x25,none,none,0.0,catboost_lo,0,1,1,13608,13608,1.0,12.653,-12.653,12.653,,0.4,
labels,Greenland,2,1,alaska,x25,none,none,0.0,catboost_lo,0,1,1,13608,13608,1.0,15.119,-15.119,15.119,,0.4,
labels,Greenland,2,2,alaska,x25,none,none,0.0,catboost_lo,0,1,1,13608,13608,1.0,14.319,-14.319,14.319,,0.4,
labels,Greenland,2,0,alaska,x14,stefan,none,0.0,catboost_lo,0,1,1,13608,13608,0.0,30.897,-30.897,30.897,,0.4,
labels,Greenland,2,0,alaska,x14,stefan,none,0.0,catboost_lo,0,1,1,13608,13608,0.25,31.004,-31.004,31.004,,0.4,
labels,Greenland,2,0,alaska,x14,stefan,none,0.0,catboost_lo,0,1,1,13608,13608,0.5,31.112,-31.112,31.112,,0.4,
labels,Greenland,2,0,alaska,x14,stefan,none,0.0,catboost_lo,0,1,1,13608,13608,0.75,31.219,-31.219,31.219,,0.4,
labels,Greenland,2,0,alaska,x14,stefan,none,0.0,catboost_lo,0,1,1,13608,13608,1.0,31.327,-31.327,31.327,,0.4,
labels,Greenland,2,1,alaska,x14,stefan,none,0.0,catboost_lo,0,1,1,13608,13608,0.0,30.897,-30.897,30.897,,0.4,
labels,Greenland,2,1,alaska,x14,stefan,none,0.0,catboost_lo,0,1,1,13608,13608,0.25,29.78,-29.78,29.78,,0.4,
labels,Greenland,2,1,alaska,x14,stefan,none,0.0,catboost_lo,0,1,1,13608,13608,0.5,28.662,-28.662,28.662,,0.4,
labels,Greenland,2,1,alaska,x14,stefan,none,0.0,catboost_lo,0,1,1,13608,13608,0.75,27.545,-27.545,27.545,,0.4,
labels,Greenland,2,1,alaska,x14,stefan,none,0.0,catboost_lo,0,1,1,13608,13608,1.0,26.428,-26.428,26.428,,0.4,
labels,Greenland,2,2,alaska,x14,stefan,none,0.0,catboost_lo,0,1,1,13608,13608,0.0,30.897,-30.897,30.897,,0.4,
labels,Greenland,2,2,alaska,x14,stefan,none,0.0,catboost_lo,0,1,1,13608,13608,0.25,30.619,-30.619,30.619,,0.4,
labels,Greenland,2,2,alaska,x14,stefan,none,0.0,catboost_lo,0,1,1,13608,13608,0.5,30.342,-30.342,30.342,,0.4,
labels,Greenland,2,2,alaska,x14,stefan,none,0.0,catboost_lo,0,1,1,13608,13608,0.75,30.065,-30.065,30.065,,0.4,
labels,Greenland,2,2,alaska,x14,stefan,none,0.0,catboost_lo,0,1,1,13608,13608,1.0,29.787,-29.787,29.787,,0.4,
labels,Greenland,2,0,alaska,x14,none,none,0.0,catboost_lo,0,1,1,13608,13608,1.0,22.33,-22.33,22.33,,0.4,
labels,Greenland,2,1,alaska,x14,none,none,0.0,catboost_lo,0,1,1,13608,13608,1.0,22.159,-22.159,22.159,,0.4,
labels,Greenland,2,2,alaska,x14,none,none,0.0,catboost_lo,0,1,1,13608,13608,1.0,21.837,-21.837,21.837,,0.4,
labels,Alaska,0,0,alaska,x25,stefan,none,0.0,catboost_lo,0,4716,1,8890,8890,0.0,11.048,-5.929,8.924,-0.3898,0.4,
labels,Alaska,0,0,alaska,x25,stefan,none,0.0,catboost_lo,0,4716,1,8890,8890,0.25,9.888,-3.144,8.137,-0.1133,0.4,
labels,Alaska,0,0,alaska,x25,stefan,none,0.0,catboost_lo,0,4716,1,8890,8890,0.5,9.691,-0.359,7.949,-0.0693,0.4,
labels,Alaska,0,0,alaska,x25,stefan,none,0.0,catboost_lo,0,4716,1,8890,8890,0.75,10.511,2.426,8.355,-0.2578,0.4,
labels,Alaska,0,0,alaska,x25,stefan,none,0.0,catboost_lo,0,4716,1,8890,8890,1.0,12.143,5.211,9.429,-0.6788,0.4,
labels,Alaska,0,1,alaska,x25,stefan,none,0.0,catboost_lo,0,4716,1,8890,8890,0.0,11.048,-5.929,8.924,-0.3898,0.4,
labels,Alaska,0,1,alaska,x25,stefan,none,0.0,catboost_lo,0,4716,1,8890,8890,0.25,10.032,-3.318,8.264,-0.1459,0.4,
labels,Alaska,0,1,alaska,x25,stefan,none,0.0,catboost_lo,0,4716,1,8890,8890,0.5,9.77,-0.707,8.132,-0.0868,0.4,
labels,Alaska,0,1,alaska,x25,stefan,none,0.0,catboost_lo,0,4716,1,8890,8890,0.75,10.321,1.903,8.382,-0.2127,0.4,
labels,Alaska,0,1,alaska,x25,stefan,none,0.0,catboost_lo,0,4716,1,8890,8890,1.0,11.568,4.514,9.053,-0.5235,0.4,
labels,Alaska,0,2,alaska,x25,stefan,none,0.0,catboost_lo,0,4716,1,8890,8890,0.0,11.048,-5.929,8.924,-0.3898,0.4,
labels,Alaska,0,2,alaska,x25,stefan,none,0.0,catboost_lo,0,4716,1,8890,8890,0.25,9.968,-3.525,8.166,-0.1313,0.4,
labels,Alaska,0,2,alaska,x25,stefan,none,0.0,catboost_lo,0,4716,1,8890,8890,0.5,9.487,-1.121,7.855,-0.0248,0.4,
labels,Alaska,0,2,alaska,x25,stefan,none,0.0,catboost_lo,0,4716,1,8890,8890,0.75,9.695,1.283,7.929,-0.0702,0.4,
labels,Alaska,0,2,alaska,x25,stefan,none,0.0,catboost_lo,0,4716,1,8890,8890,1.0,10.551,3.687,8.487,-0.2674,0.4,
labels,Alaska,0,0,alaska,x25,none,none,0.0,catboost_lo,0,4716,1,8890,8890,1.0,17.742,14.767,15.203,-2.5841,0.3,
labels,Alaska,0,1,alaska,x25,none,none,0.0,catboost_lo,0,4716,1,8890,8890,1.0,15.567,11.512,12.542,-1.7591,0.4,
labels,Alaska,0,2,alaska,x25,none,none,0.0,catboost_lo,0,4716,1,8890,8890,1.0,18.565,15.9,16.193,-2.9239,0.4,
labels,Alaska,0,0,alaska,x14,stefan,none,0.0,catboost_lo,0,4716,1,8890,8890,0.0,11.048,-5.929,8.924,-0.3898,0.3,
labels,Alaska,0,0,alaska,x14,stefan,none,0.0,catboost_lo,0,4716,1,8890,8890,0.25,9.765,-2.967,8.03,-0.0857,0.3,
labels,Alaska,0,0,alaska,x14,stefan,none,0.0,catboost_lo,0,4716,1,8890,8890,0.5,9.356,-0.006,7.76,0.0033,0.3,
labels,Alaska,0,0,alaska,x14,stefan,none,0.0,catboost_lo,0,4716,1,8890,8890,0.75,9.929,2.955,8.063,-0.1225,0.3,
labels,Alaska,0,0,alaska,x14,stefan,none,0.0,catboost_lo,0,4716,1,8890,8890,1.0,11.337,5.916,9.068,-0.4634,0.3,
labels,Alaska,0,1,alaska,x14,stefan,none,0.0,catboost_lo,0,4716,1,8890,8890,0.0,11.048,-5.929,8.924,-0.3898,0.3,
labels,Alaska,0,1,alaska,x14,stefan,none,0.0,catboost_lo,0,4716,1,8890,8890,0.25,9.907,-2.995,8.178,-0.1176,0.3,
labels,Alaska,0,1,alaska,x14,stefan,none,0.0,catboost_lo,0,4716,1,8890,8890,0.5,9.718,-0.06,8.062,-0.0753,0.3,
labels,Alaska,0,1,alaska,x14,stefan,none,0.0,catboost_lo,0,4716,1,8890,8890,0.75,10.532,2.874,8.488,-0.263,0.3,
labels,Alaska,0,1,alaska,x14,stefan,none,0.0,catboost_lo,0,4716,1,8890,8890,1.0,12.149,5.808,9.495,-0.6805,0.3,
labels,Alaska,0,2,alaska,x14,stefan,none,0.0,catboost_lo,0,4716,1,8890,8890,0.0,11.048,-5.929,8.924,-0.3898,0.4,
labels,Alaska,0,2,alaska,x14,stefan,none,0.0,catboost_lo,0,4716,1,8890,8890,0.25,9.814,-3.016,8.069,-0.0966,0.4,
labels,Alaska,0,2,alaska,x14,stefan,none,0.0,catboost_lo,0,4716,1,8890,8890,0.5,9.436,-0.103,7.823,-0.0138,0.4,
labels,Alaska,0,2,alaska,x14,stefan,none,0.0,catboost_lo,0,4716,1,8890,8890,0.75,10.012,2.81,8.147,-0.1412,0.4,
labels,Alaska,0,2,alaska,x14,stefan,none,0.0,catboost_lo,0,4716,1,8890,8890,1.0,11.397,5.723,9.1,-0.4789,0.4,
labels,Alaska,0,0,alaska,x14,none,none,0.0,catboost_lo,0,4716,1,8890,8890,1.0,17.333,14.04,14.566,-2.4205,0.4,
labels,Alaska,0,1,alaska,x14,none,none,0.0,catboost_lo,0,4716,1,8890,8890,1.0,18.192,15.035,15.481,-2.7679,0.3,
labels,Alaska,0,2,alaska,x14,none,none,0.0,catboost_lo,0,4716,1,8890,8890,1.0,16.617,12.929,13.755,-2.144,0.3,
labels,Alaska,0,0,alaska,x34,stefan,none,0.0,catboost_lo,0,4716,1,8890,8890,0.0,11.048,-5.929,8.924,-0.3898,0.4,
labels,Alaska,0,0,alaska,x34,stefan,none,0.0,catboost_lo,0,4716,1,8890,8890,0.25,9.586,-2.855,7.75,-0.0462,0.4,
labels,Alaska,0,0,alaska,x34,stefan,none,0.0,catboost_lo,0,4716,1,8890,8890,0.5,9.419,0.219,7.52,-0.0101,0.4,
labels,Alaska,0,0,alaska,x34,stefan,none,0.0,catboost_lo,0,4716,1,8890,8890,0.75,10.609,3.292,8.448,-0.2815,0.4,
labels,Alaska,0,0,alaska,x34,stefan,none,0.0,catboost_lo,0,4716,1,8890,8890,1.0,12.783,6.366,10.003,-0.8605,0.4,
labels,Alaska,0,1,alaska,x34,stefan,none,0.0,catboost_lo,0,4716,1,8890,8890,0.0,11.048,-5.929,8.924,-0.3898,0.4,
labels,Alaska,0,1,alaska,x34,stefan,none,0.0,catboost_lo,0,4716,1,8890,8890,0.25,9.514,-2.741,7.701,-0.0305,0.4,
labels,Alaska,0,1,alaska,x34,stefan,none,0.0,catboost_lo,0,4716,1,8890,8890,0.5,9.235,0.447,7.368,0.0289,0.4,
labels,Alaska,0,1,alaska,x34,stefan,none,0.0,catboost_lo,0,4716,1,8890,8890,0.75,10.316,3.635,8.212,-0.2116,0.4,
labels,Alaska,0,1,alaska,x34,stefan,none,0.0,catboost_lo,0,4716,1,8890,8890,1.0,12.405,6.822,9.819,-0.752,0.4,
labels,Alaska,0,2,alaska,x34,stefan,none,0.0,catboost_lo,0,4716,1,8890,8890,0.0,11.048,-5.929,8.924,-0.3898,0.4,
labels,Alaska,0,2,alaska,x34,stefan,none,0.0,catboost_lo,0,4716,1,8890,8890,0.25,9.265,-2.256,7.482,0.0226,0.4,
labels,Alaska,0,2,alaska,x34,stefan,none,0.0,catboost_lo,0,4716,1,8890,8890,0.5,9.217,1.416,7.33,0.0327,0.4,
labels,Alaska,0,2,alaska,x34,stefan,none,0.0,catboost_lo,0,4716,1,8890,8890,0.75,10.928,5.088,8.606,-0.3597,0.4,
labels,Alaska,0,2,alaska,x34,stefan,none,0.0,catboost_lo,0,4716,1,8890,8890,1.0,13.756,8.76,10.792,-1.1545,0.4,
labels,Alaska,0,0,alaska,x34,none,none,0.0,catboost_lo,0,4716,1,8890,8890,1.0,18.652,15.231,15.791,-2.9608,0.4,
labels,Alaska,0,1,alaska,x34,none,none,0.0,catboost_lo,0,4716,1,8890,8890,1.0,18.741,15.426,16.019,-2.999,0.4,
labels,Alaska,0,2,alaska,x34,none,none,0.0,catboost_lo,0,4716,1,8890,8890,1.0,20.266,17.211,17.515,-3.676,0.4,
labels,Alaska,1,0,alaska,x25,stefan,none,0.0,catboost_lo,0,1778,13,11828,11828,0.0,12.393,1.525,9.127,0.0376,0.4,
labels,Alaska,1,0,alaska,x25,stefan,none,0.0,catboost_lo,0,1778,13,11828,11828,0.25,12.329,0.363,9.05,0.0474,0.4,
labels,Alaska,1,0,alaska,x25,stefan,none,0.0,catboost_lo,0,1778,13,11828,11828,0.5,12.388,-0.799,9.091,0.0383,0.4,
labels,Alaska,1,0,alaska,x25,stefan,none,0.0,catboost_lo,0,1778,13,11828,11828,0.75,12.568,-1.96,9.266,0.0102,0.4,
labels,Alaska,1,0,alaska,x25,stefan,none,0.0,catboost_lo,0,1778,13,11828,11828,1.0,12.864,-3.122,9.559,-0.0369,0.4,
labels,Alaska,1,1,alaska,x25,stefan,none,0.0,catboost_lo,0,1778,13,11828,11828,0.0,12.393,1.525,9.127,0.0376,0.4,
labels,Alaska,1,1,alaska,x25,stefan,none,0.0,catboost_lo,0,1778,13,11828,11828,0.25,12.306,0.458,9.047,0.0511,0.4,
labels,Alaska,1,1,alaska,x25,stefan,none,0.0,catboost_lo,0,1778,13,11828,11828,0.5,12.319,-0.609,9.055,0.049,0.4,
labels,Alaska,1,1,alaska,x25,stefan,none,0.0,catboost_lo,0,1778,13,11828,11828,0.75,12.432,-1.677,9.163,0.0315,0.4,
labels,Alaska,1,1,alaska,x25,stefan,none,0.0,catboost_lo,0,1778,13,11828,11828,1.0,12.642,-2.744,9.378,-0.0015,0.4,
labels,Alaska,1,2,alaska,x25,stefan,none,0.0,catboost_lo,0,1778,13,11828,11828,0.0,12.393,1.525,9.127,0.0376,0.4,
labels,Alaska,1,2,alaska,x25,stefan,none,0.0,catboost_lo,0,1778,13,11828,11828,0.25,12.308,0.942,9.077,0.0507,0.4,
labels,Alaska,1,2,alaska,x25,stefan,none,0.0,catboost_lo,0,1778,13,11828,11828,0.5,12.266,0.36,9.071,0.0572,0.4,
labels,Alaska,1,2,alaska,x25,stefan,none,0.0,catboost_lo,0,1778,13,11828,11828,0.75,12.268,-0.222,9.108,0.0569,0.4,
labels,Alaska,1,2,alaska,x25,stefan,none,0.0,catboost_lo,0,1778,13,11828,11828,1.0,12.313,-0.804,9.189,0.05,0.4,
labels,Alaska,1,0,alaska,x25,none,none,0.0,catboost_lo,0,1778,13,11828,11828,1.0,12.104,-2.375,8.976,0.082,0.4,
labels,Alaska,1,1,alaska,x25,none,none,0.0,catboost_lo,0,1778,13,11828,11828,1.0,12.248,-2.89,9.209,0.0599,0.4,
labels,Alaska,1,2,alaska,x25,none,none,0.0,catboost_lo,0,1778,13,11828,11828,1.0,12.179,-2.926,9.037,0.0704,0.4,
labels,Alaska,1,0,alaska,x14,stefan,none,0.0,catboost_lo,0,1778,13,11828,11828,0.0,12.393,1.525,9.127,0.0376,0.3,
labels,Alaska,1,0,alaska,x14,stefan,none,0.0,catboost_lo,0,1778,13,11828,11828,0.25,12.287,0.046,8.966,0.0539,0.3,
labels,Alaska,1,0,alaska,x14,stefan,none,0.0,catboost_lo,0,1778,13,11828,11828,0.5,12.373,-1.433,8.981,0.0407,0.3,
labels,Alaska,1,0,alaska,x14,stefan,none,0.0,catboost_lo,0,1778,13,11828,11828,0.75,12.645,-2.911,9.201,-0.002,0.3,
labels,Alaska,1,0,alaska,x14,stefan,none,0.0,catboost_lo,0,1778,13,11828,11828,1.0,13.094,-4.39,9.594,-0.0743,0.3,
labels,Alaska,1,1,alaska,x14,stefan,none,0.0,catboost_lo,0,1778,13,11828,11828,0.0,12.393,1.525,9.127,0.0376,0.4,
labels,Alaska,1,1,alaska,x14,stefan,none,0.0,catboost_lo,0,1778,13,11828,11828,0.25,12.307,0.067,8.991,0.0509,0.4,
labels,Alaska,1,1,alaska,x14,stefan,none,0.0,catboost_lo,0,1778,13,11828,11828,0.5,12.403,-1.39,9.02,0.0361,0.4,
labels,Alaska,1,1,alaska,x14,stefan,none,0.0,catboost_lo,0,1778,13,11828,11828,0.75,12.675,-2.847,9.247,-0.0068,0.4,
labels,Alaska,1,1,alaska,x14,stefan,none,0.0,catboost_lo,0,1778,13,11828,11828,1.0,13.115,-4.304,9.619,-0.0778,0.4,
labels,Alaska,1,2,alaska,x14,stefan,none,0.0,catboost_lo,0,1778,13,11828,11828,0.0,12.393,1.525,9.127,0.0376,0.3,
labels,Alaska,1,2,alaska,x14,stefan,none,0.0,catboost_lo,0,1778,13,11828,11828,0.25,12.29,0.213,8.984,0.0535,0.3,
labels,Alaska,1,2,alaska,x14,stefan,none,0.0,catboost_lo,0,1778,13,11828,11828,0.5,12.336,-1.098,8.976,0.0464,0.3,
labels,Alaska,1,2,alaska,x14,stefan,none,0.0,catboost_lo,0,1778,13,11828,11828,0.75,12.53,-2.409,9.138,0.0162,0.3,
labels,Alaska,1,2,alaska,x14,stefan,none,0.0,catboost_lo,0,1778,13,11828,11828,1.0,12.864,-3.72,9.442,-0.037,0.3,
labels,Alaska,1,0,alaska,x14,none,none,0.0,catboost_lo,0,1778,13,11828,11828,1.0,12.344,-2.349,8.898,0.0451,0.3,
labels,Alaska,1,1,alaska,x14,none,none,0.0,catboost_lo,0,1778,13,11828,11828,1.0,12.487,-2.911,9.091,0.023,0.4,
labels,Alaska,1,2,alaska,x14,none,none,0.0,catboost_lo,0,1778,13,11828,11828,1.0,12.983,-4.157,9.353,-0.0562,0.4,
labels,Alaska,1,0,alaska,x34,stefan,none,0.0,catboost_lo,0,1778,13,11828,11828,0.0,12.393,1.525,9.127,0.0376,0.4,
labels,Alaska,1,0,alaska,x34,stefan,none,0.0,catboost_lo,0,1778,13,11828,11828,0.25,12.324,0.409,9.036,0.0482,0.4,
labels,Alaska,1,0,alaska,x34,stefan,none,0.0,catboost_lo,0,1778,13,11828,11828,0.5,12.362,-0.707,9.043,0.0424,0.4,
labels,Alaska,1,0,alaska,x34,stefan,none,0.0,catboost_lo,0,1778,13,11828,11828,0.75,12.506,-1.824,9.174,0.0199,0.4,
labels,Alaska,1,0,alaska,x34,stefan,none,0.0,catboost_lo,0,1778,13,11828,11828,1.0,12.752,-2.94,9.408,-0.019,0.4,
labels,Alaska,1,1,alaska,x34,stefan,none,0.0,catboost_lo,0,1778,13,11828,11828,0.0,12.393,1.525,9.127,0.0376,0.4,
labels,Alaska,1,1,alaska,x34,stefan,none,0.0,catboost_lo,0,1778,13,11828,11828,0.25,12.277,0.701,9.036,0.0555,0.4,
labels,Alaska,1,1,alaska,x34,stefan,none,0.0,catboost_lo,0,1778,13,11828,11828,0.5,12.224,-0.123,8.999,0.0637,0.4,
labels,Alaska,1,1,alaska,x34,stefan,none,0.0,catboost_lo,0,1778,13,11828,11828,0.75,12.235,-0.946,9.024,0.062,0.4,
labels,Alaska,1,1,alaska,x34,stefan,none,0.0,catboost_lo,0,1778,13,11828,11828,1.0,12.31,-1.77,9.103,0.0504,0.4,
labels,Alaska,1,2,alaska,x34,stefan,none,0.0,catboost_lo,0,1778,13,11828,11828,0.0,12.393,1.525,9.127,0.0376,0.4,
labels,Alaska,1,2,alaska,x34,stefan,none,0.0,catboost_lo,0,1778,13,11828,11828,0.25,12.33,0.258,9.035,0.0474,0.4,
labels,Alaska,1,2,alaska,x34,stefan,none,0.0,catboost_lo,0,1778,13,11828,11828,0.5,12.402,-1.009,9.071,0.0361,0.4,
labels,Alaska,1,2,alaska,x34,stefan,none,0.0,catboost_lo,0,1778,13,11828,11828,0.75,12.608,-2.276,9.26,0.0039,0.5,
labels,Alaska,1,2,alaska,x34,stefan,none,0.0,catboost_lo,0,1778,13,11828,11828,1.0,12.941,-3.543,9.572,-0.0494,0.5,
labels,Alaska,1,0,alaska,x34,none,none,0.0,catboost_lo,0,1778,13,11828,11828,1.0,12.98,-4.679,9.654,-0.0558,0.4,
labels,Alaska,1,1,alaska,x34,none,none,0.0,catboost_lo,0,1778,13,11828,11828,1.0,12.588,-3.607,9.333,0.007,0.4,
labels,Alaska,1,2,alaska,x34,none,none,0.0,catboost_lo,0,1778,13,11828,11828,1.0,12.721,-3.887,9.521,-0.014,0.4,
labels,Alaska,2,0,alaska,x25,stefan,none,0.0,catboost_lo,0,1778,7,11828,11828,0.0,17.095,2.53,13.678,-0.0134,0.4,
labels,Alaska,2,0,alaska,x25,stefan,none,0.0,catboost_lo,0,1778,7,11828,11828,0.25,16.944,3.137,13.709,0.0044,0.4,
labels,Alaska,2,0,alaska,x25,stefan,none,0.0,catboost_lo,0,1778,7,11828,11828,0.5,16.855,3.744,13.778,0.0149,0.4,
labels,Alaska,2,0,alaska,x25,stefan,none,0.0,catboost_lo,0,1778,7,11828,11828,0.75,16.827,4.351,13.898,0.0181,0.4,
labels,Alaska,2,0,alaska,x25,stefan,none,0.0,catboost_lo,0,1778,7,11828,11828,1.0,16.862,4.958,14.054,0.014,0.4,
labels,Alaska,2,1,alaska,x25,stefan,none,0.0,catboost_lo,0,1778,7,11828,11828,0.0,17.095,2.53,13.678,-0.0134,0.4,
labels,Alaska,2,1,alaska,x25,stefan,none,0.0,catboost_lo,0,1778,7,11828,11828,0.25,16.904,2.713,13.587,0.0091,0.4,
labels,Alaska,2,1,alaska,x25,stefan,none,0.0,catboost_lo,0,1778,7,11828,11828,0.5,16.755,2.895,13.518,0.0265,0.4,
labels,Alaska,2,1,alaska,x25,stefan,none,0.0,catboost_lo,0,1778,7,11828,11828,0.75,16.649,3.077,13.479,0.0388,0.4,
labels,Alaska,2,1,alaska,x25,stefan,none,0.0,catboost_lo,0,1778,7,11828,11828,1.0,16.587,3.259,13.475,0.0459,0.4,
labels,Alaska,2,2,alaska,x25,stefan,none,0.0,catboost_lo,0,1778,7,11828,11828,0.0,17.095,2.53,13.678,-0.0134,0.4,
labels,Alaska,2,2,alaska,x25,stefan,none,0.0,catboost_lo,0,1778,7,11828,11828,0.25,17.04,3.466,13.858,-0.0069,0.4,
labels,Alaska,2,2,alaska,x25,stefan,none,0.0,catboost_lo,0,1778,7,11828,11828,0.5,17.088,4.401,14.106,-0.0125,0.4,
labels,Alaska,2,2,alaska,x25,stefan,none,0.0,catboost_lo,0,1778,7,11828,11828,0.75,17.236,5.337,14.421,-0.0303,0.4,
labels,Alaska,2,2,alaska,x25,stefan,none,0.0,catboost_lo,0,1778,7,11828,11828,1.0,17.484,6.272,14.789,-0.0601,0.4,
labels,Alaska,2,0,alaska,x25,none,none,0.0,catboost_lo,0,1778,7,11828,11828,1.0,16.251,0.894,12.625,0.0842,0.4,
labels,Alaska,2,1,alaska,x25,none,none,0.0,catboost_lo,0,1778,7,11828,11828,1.0,16.461,1.404,12.916,0.0603,0.4,
labels,Alaska,2,2,alaska,x25,none,none,0.0,catboost_lo,0,1778,7,11828,11828,1.0,16.337,0.749,12.755,0.0744,0.4,
labels,Alaska,2,0,alaska,x14,stefan,none,0.0,catboost_lo,0,1778,7,11828,11828,0.0,17.095,2.53,13.678,-0.0134,0.4,
labels,Alaska,2,0,alaska,x14,stefan,none,0.0,catboost_lo,0,1778,7,11828,11828,0.25,17.003,3.075,13.665,-0.0026,0.4,
labels,Alaska,2,0,alaska,x14,stefan,none,0.0,catboost_lo,0,1778,7,11828,11828,0.5,16.969,3.62,13.679,0.0015,0.4,
labels,Alaska,2,0,alaska,x14,stefan,none,0.0,catboost_lo,0,1778,7,11828,11828,0.75,16.993,4.165,13.732,-0.0014,0.4,
labels,Alaska,2,0,alaska,x14,stefan,none,0.0,catboost_lo,0,1778,7,11828,11828,1.0,17.075,4.71,13.817,-0.011,0.4,
labels,Alaska,2,1,alaska,x14,stefan,none,0.0,catboost_lo,0,1778,7,11828,11828,0.0,17.095,2.53,13.678,-0.0134,0.4,
labels,Alaska,2,1,alaska,x14,stefan,none,0.0,catboost_lo,0,1778,7,11828,11828,0.25,17.12,3.406,13.834,-0.0164,0.4,
labels,Alaska,2,1,alaska,x14,stefan,none,0.0,catboost_lo,0,1778,7,11828,11828,0.5,17.23,4.282,14.033,-0.0294,0.4,
labels,Alaska,2,1,alaska,x14,stefan,none,0.0,catboost_lo,0,1778,7,11828,11828,0.75,17.422,5.158,14.28,-0.0526,0.4,
labels,Alaska,2,1,alaska,x14,stefan,none,0.0,catboost_lo,0,1778,7,11828,11828,1.0,17.695,6.034,14.57,-0.0858,0.4,
labels,Alaska,2,2,alaska,x14,stefan,none,0.0,catboost_lo,0,1778,7,11828,11828,0.0,17.095,2.53,13.678,-0.0134,0.4,
labels,Alaska,2,2,alaska,x14,stefan,none,0.0,catboost_lo,0,1778,7,11828,11828,0.25,16.971,2.89,13.606,0.0013,0.4,
labels,Alaska,2,2,alaska,x14,stefan,none,0.0,catboost_lo,0,1778,7,11828,11828,0.5,16.887,3.249,13.555,0.0111,0.4,
labels,Alaska,2,2,alaska,x14,stefan,none,0.0,catboost_lo,0,1778,7,11828,11828,0.75,16.845,3.608,13.536,0.016,0.4,
labels,Alaska,2,2,alaska,x14,stefan,none,0.0,catboost_lo,0,1778,7,11828,11828,1.0,16.844,3.967,13.548,0.0162,0.4,
labels,Alaska,2,0,alaska,x14,none,none,0.0,catboost_lo,0,1778,7,11828,11828,1.0,16.617,0.203,12.732,0.0425,0.4,
labels,Alaska,2,1,alaska,x14,none,none,0.0,catboost_lo,0,1778,7,11828,11828,1.0,16.648,1.593,13.027,0.0389,0.4,
labels,Alaska,2,2,alaska,x14,none,none,0.0,catboost_lo,0,1778,7,11828,11828,1.0,16.611,-0.275,12.606,0.0432,0.4,
labels,Alaska,2,0,alaska,x34,stefan,none,0.0,catboost_lo,0,1778,7,11828,11828,0.0,17.095,2.53,13.678,-0.0134,0.4,
labels,Alaska,2,0,alaska,x34,stefan,none,0.0,catboost_lo,0,1778,7,11828,11828,0.25,16.857,3.096,13.591,0.0146,0.4,
labels,Alaska,2,0,alaska,x34,stefan,none,0.0,catboost_lo,0,1778,7,11828,11828,0.5,16.709,3.662,13.562,0.0318,0.4,
labels,Alaska,2,0,alaska,x34,stefan,none,0.0,catboost_lo,0,1778,7,11828,11828,0.75,16.655,4.228,13.58,0.0381,0.4,
labels,Alaska,2,0,alaska,x34,stefan,none,0.0,catboost_lo,0,1778,7,11828,11828,1.0,16.694,4.794,13.659,0.0336,0.4,
labels,Alaska,2,1,alaska,x34,stefan,none,0.0,catboost_lo,0,1778,7,11828,11828,0.0,17.095,2.53,13.678,-0.0134,0.4,
labels,Alaska,2,1,alaska,x34,stefan,none,0.0,catboost_lo,0,1778,7,11828,11828,0.25,16.991,3.326,13.722,-0.0011,0.4,
labels,Alaska,2,1,alaska,x34,stefan,none,0.0,catboost_lo,0,1778,7,11828,11828,0.5,16.984,4.122,13.812,-0.0002,0.4,
labels,Alaska,2,1,alaska,x34,stefan,none,0.0,catboost_lo,0,1778,7,11828,11828,0.75,17.073,4.917,13.95,-0.0109,0.4,
labels,Alaska,2,1,alaska,x34,stefan,none,0.0,catboost_lo,0,1778,7,11828,11828,1.0,17.259,5.713,14.15,-0.033,0.4,
labels,Alaska,2,2,alaska,x34,stefan,none,0.0,catboost_lo,0,1778,7,11828,11828,0.0,17.095,2.53,13.678,-0.0134,0.4,
labels,Alaska,2,2,alaska,x34,stefan,none,0.0,catboost_lo,0,1778,7,11828,11828,0.25,16.899,3.253,13.652,0.0097,0.4,
labels,Alaska,2,2,alaska,x34,stefan,none,0.0,catboost_lo,0,1778,7,11828,11828,0.5,16.785,3.976,13.671,0.023,0.4,
labels,Alaska,2,2,alaska,x34,stefan,none,0.0,catboost_lo,0,1778,7,11828,11828,0.75,16.756,4.698,13.73,0.0263,0.4,
labels,Alaska,2,2,alaska,x34,stefan,none,0.0,catboost_lo,0,1778,7,11828,11828,1.0,16.813,5.421,13.848,0.0198,0.4,
labels,Alaska,2,0,alaska,x34,none,none,0.0,catboost_lo,0,1778,7,11828,11828,1.0,16.481,1.638,12.903,0.0581,0.5,
labels,Alaska,2,1,alaska,x34,none,none,0.0,catboost_lo,0,1778,7,11828,11828,1.0,16.571,1.364,12.863,0.0478,0.5,
labels,Alaska,2,2,alaska,x34,none,none,0.0,catboost_lo,0,1778,7,11828,11828,1.0,16.321,1.841,12.718,0.0763,0.5,
labels,Alaska,3,0,alaska,x25,stefan,none,0.0,catboost_lo,0,1778,17,11828,11828,0.0,13.326,6.794,10.266,0.0263,0.4,
labels,Alaska,3,0,alaska,x25,stefan,none,0.0,catboost_lo,0,1778,17,11828,11828,0.25,12.577,5.803,9.67,0.1328,0.4,
labels,Alaska,3,0,alaska,x25,stefan,none,0.0,catboost_lo,0,1778,17,11828,11828,0.5,11.944,4.811,9.148,0.2178,0.4,
labels,Alaska,3,0,alaska,x25,stefan,none,0.0,catboost_lo,0,1778,17,11828,11828,0.75,11.448,3.82,8.708,0.2815,0.4,
labels,Alaska,3,0,alaska,x25,stefan,none,0.0,catboost_lo,0,1778,17,11828,11828,1.0,11.106,2.829,8.412,0.3237,0.4,
labels,Alaska,3,1,alaska,x25,stefan,none,0.0,catboost_lo,0,1778,17,11828,11828,0.0,13.326,6.794,10.266,0.0263,0.4,
labels,Alaska,3,1,alaska,x25,stefan,none,0.0,catboost_lo,0,1778,17,11828,11828,0.25,12.726,6.006,9.811,0.1121,0.4,
labels,Alaska,3,1,alaska,x25,stefan,none,0.0,catboost_lo,0,1778,17,11828,11828,0.5,12.233,5.217,9.418,0.1795,0.4,
labels,Alaska,3,1,alaska,x25,stefan,none,0.0,catboost_lo,0,1778,17,11828,11828,0.75,11.861,4.429,9.105,0.2287,0.4,
labels,Alaska,3,1,alaska,x25,stefan,none,0.0,catboost_lo,0,1778,17,11828,11828,1.0,11.622,3.641,8.923,0.2595,0.4,
labels,Alaska,3,2,alaska,x25,stefan,none,0.0,catboost_lo,0,1778,17,11828,11828,0.0,13.326,6.794,10.266,0.0263,0.4,
labels,Alaska,3,2,alaska,x25,stefan,none,0.0,catboost_lo,0,1778,17,11828,11828,0.25,12.514,5.448,9.572,0.1414,0.4,
labels,Alaska,3,2,alaska,x25,stefan,none,0.0,catboost_lo,0,1778,17,11828,11828,0.5,11.863,4.101,9.022,0.2284,0.4,
labels,Alaska,3,2,alaska,x25,stefan,none,0.0,catboost_lo,0,1778,17,11828,11828,0.75,11.4,2.755,8.634,0.2874,0.4,
labels,Alaska,3,2,alaska,x25,stefan,none,0.0,catboost_lo,0,1778,17,11828,11828,1.0,11.15,1.409,8.426,0.3184,0.4,
labels,Alaska,3,0,alaska,x25,none,none,0.0,catboost_lo,0,1778,17,11828,11828,1.0,10.71,0.232,7.958,0.3711,0.4,
labels,Alaska,3,1,alaska,x25,none,none,0.0,catboost_lo,0,1778,17,11828,11828,1.0,10.91,-0.48,8.117,0.3474,0.4,
labels,Alaska,3,2,alaska,x25,none,none,0.0,catboost_lo,0,1778,17,11828,11828,1.0,11.173,-1.09,8.344,0.3155,0.4,
labels,Alaska,3,0,alaska,x14,stefan,none,0.0,catboost_lo,0,1778,17,11828,11828,0.0,13.326,6.794,10.266,0.0263,0.4,
labels,Alaska,3,0,alaska,x14,stefan,none,0.0,catboost_lo,0,1778,17,11828,11828,0.25,12.776,6.307,9.893,0.1051,0.4,
labels,Alaska,3,0,alaska,x14,stefan,none,0.0,catboost_lo,0,1778,17,11828,11828,0.5,12.317,5.82,9.55,0.1682,0.4,
labels,Alaska,3,0,alaska,x14,stefan,none,0.0,catboost_lo,0,1778,17,11828,11828,0.75,11.961,5.333,9.251,0.2156,0.4,
labels,Alaska,3,0,alaska,x14,stefan,none,0.0,catboost_lo,0,1778,17,11828,11828,1.0,11.717,4.847,9.029,0.2472,0.4,
labels,Alaska,3,1,alaska,x14,stefan,none,0.0,catboost_lo,0,1778,17,11828,11828,0.0,13.326,6.794,10.266,0.0263,0.4,
labels,Alaska,3,1,alaska,x14,stefan,none,0.0,catboost_lo,0,1778,17,11828,11828,0.25,12.84,6.344,9.937,0.0961,0.4,
labels,Alaska,3,1,alaska,x14,stefan,none,0.0,catboost_lo,0,1778,17,11828,11828,0.5,12.44,5.894,9.637,0.1516,0.4,
labels,Alaska,3,1,alaska,x14,stefan,none,0.0,catboost_lo,0,1778,17,11828,11828,0.75,12.135,5.445,9.377,0.1926,0.4,
labels,Alaska,3,1,alaska,x14,stefan,none,0.0,catboost_lo,0,1778,17,11828,11828,1.0,11.933,4.995,9.188,0.2193,0.4,
labels,Alaska,3,2,alaska,x14,stefan,none,0.0,catboost_lo,0,1778,17,11828,11828,0.0,13.326,6.794,10.266,0.0263,0.4,
labels,Alaska,3,2,alaska,x14,stefan,none,0.0,catboost_lo,0,1778,17,11828,11828,0.25,12.793,6.34,9.905,0.1027,0.4,
labels,Alaska,3,2,alaska,x14,stefan,none,0.0,catboost_lo,0,1778,17,11828,11828,0.5,12.346,5.886,9.568,0.1643,0.4,
labels,Alaska,3,2,alaska,x14,stefan,none,0.0,catboost_lo,0,1778,17,11828,11828,0.75,11.995,5.432,9.269,0.2111,0.4,
labels,Alaska,3,2,alaska,x14,stefan,none,0.0,catboost_lo,0,1778,17,11828,11828,1.0,11.749,4.978,9.036,0.2432,0.4,
labels,Alaska,3,0,alaska,x14,none,none,0.0,catboost_lo,0,1778,17,11828,11828,1.0,11.251,3.389,8.475,0.306,0.4,
labels,Alaska,3,1,alaska,x14,none,none,0.0,catboost_lo,0,1778,17,11828,11828,1.0,11.695,4.28,8.91,0.2502,0.4,
labels,Alaska,3,2,alaska,x14,none,none,0.0,catboost_lo,0,1778,17,11828,11828,1.0,11.499,3.996,8.648,0.275,0.4,
labels,Alaska,3,0,alaska,x34,stefan,none,0.0,catboost_lo,0,1778,17,11828,11828,0.0,13.326,6.794,10.266,0.0263,0.4,
labels,Alaska,3,0,alaska,x34,stefan,none,0.0,catboost_lo,0,1778,17,11828,11828,0.25,12.791,6.056,9.864,0.103,0.4,
labels,Alaska,3,0,alaska,x34,stefan,none,0.0,catboost_lo,0,1778,17,11828,11828,0.5,12.343,5.319,9.514,0.1647,0.4,
labels,Alaska,3,0,alaska,x34,stefan,none,0.0,catboost_lo,0,1778,17,11828,11828,0.75,11.993,4.582,9.228,0.2114,0.4,
labels,Alaska,3,0,alaska,x34,stefan,none,0.0,catboost_lo,0,1778,17,11828,11828,1.0,11.749,3.844,9.014,0.2431,0.4,
labels,Alaska,3,1,alaska,x34,stefan,none,0.0,catboost_lo,0,1778,17,11828,11828,0.0,13.326,6.794,10.266,0.0263,0.4,
labels,Alaska,3,1,alaska,x34,stefan,none,0.0,catboost_lo,0,1778,17,11828,11828,0.25,12.727,5.922,9.789,0.1119,0.4,
labels,Alaska,3,1,alaska,x34,stefan,none,0.0,catboost_lo,0,1778,17,11828,11828,0.5,12.22,5.05,9.378,0.1812,0.4,
labels,Alaska,3,1,alaska,x34,stefan,none,0.0,catboost_lo,0,1778,17,11828,11828,0.75,11.817,4.178,9.038,0.2344,0.4,
labels,Alaska,3,1,alaska,x34,stefan,none,0.0,catboost_lo,0,1778,17,11828,11828,1.0,11.528,3.306,8.765,0.2714,0.4,
labels,Alaska,3,2,alaska,x34,stefan,none,0.0,catboost_lo,0,1778,17,11828,11828,0.0,13.326,6.794,10.266,0.0263,0.5,
labels,Alaska,3,2,alaska,x34,stefan,none,0.0,catboost_lo,0,1778,17,11828,11828,0.25,12.743,5.819,9.777,0.1096,0.5,
labels,Alaska,3,2,alaska,x34,stefan,none,0.0,catboost_lo,0,1778,17,11828,11828,0.5,12.269,4.844,9.376,0.1747,0.5,
labels,Alaska,3,2,alaska,x34,stefan,none,0.0,catboost_lo,0,1778,17,11828,11828,0.75,11.916,3.869,9.07,0.2215,0.5,
labels,Alaska,3,2,alaska,x34,stefan,none,0.0,catboost_lo,0,1778,17,11828,11828,1.0,11.694,2.894,8.862,0.2502,0.5,
labels,Alaska,3,0,alaska,x34,none,none,0.0,catboost_lo,0,1778,17,11828,11828,1.0,11.45,-0.356,8.572,0.2812,0.5,
labels,Alaska,3,1,alaska,x34,none,none,0.0,catboost_lo,0,1778,17,11828,11828,1.0,11.282,-0.019,8.452,0.3022,0.5,
labels,Alaska,3,2,alaska,x34,none,none,0.0,catboost_lo,0,1778,17,11828,11828,1.0,11.657,-1.455,8.855,0.255,0.4,
labels,Alaska,4,0,alaska,x25,stefan,none,0.0,catboost_lo,0,1778,18,11828,11828,0.0,11.962,-3.169,9.093,-0.1912,0.4,
labels,Alaska,4,0,alaska,x25,stefan,none,0.0,catboost_lo,0,1778,18,11828,11828,0.25,11.917,-3.366,9.105,-0.1824,0.4,
labels,Alaska,4,0,alaska,x25,stefan,none,0.0,catboost_lo,0,1778,18,11828,11828,0.5,12.013,-3.563,9.231,-0.2016,0.4,
labels,Alaska,4,0,alaska,x25,stefan,none,0.0,catboost_lo,0,1778,18,11828,11828,0.75,12.247,-3.761,9.467,-0.2487,0.4,
labels,Alaska,4,0,alaska,x25,stefan,none,0.0,catboost_lo,0,1778,18,11828,11828,1.0,12.61,-3.958,9.801,-0.3239,0.4,
labels,Alaska,4,1,alaska,x25,stefan,none,0.0,catboost_lo,0,1778,18,11828,11828,0.0,11.962,-3.169,9.093,-0.1912,0.4,
labels,Alaska,4,1,alaska,x25,stefan,none,0.0,catboost_lo,0,1778,18,11828,11828,0.25,11.854,-3.213,9.045,-0.1699,0.4,
labels,Alaska,4,1,alaska,x25,stefan,none,0.0,catboost_lo,0,1778,18,11828,11828,0.5,11.87,-3.258,9.072,-0.173,0.4,
labels,Alaska,4,1,alaska,x25,stefan,none,0.0,catboost_lo,0,1778,18,11828,11828,0.75,12.007,-3.302,9.189,-0.2003,0.4,
labels,Alaska,4,1,alaska,x25,stefan,none,0.0,catboost_lo,0,1778,18,11828,11828,1.0,12.263,-3.347,9.395,-0.252,0.4,
labels,Alaska,4,2,alaska,x25,stefan,none,0.0,catboost_lo,0,1778,18,11828,11828,0.0,11.962,-3.169,9.093,-0.1912,0.4,
labels,Alaska,4,2,alaska,x25,stefan,none,0.0,catboost_lo,0,1778,18,11828,11828,0.25,11.971,-3.535,9.087,-0.1931,0.4,
labels,Alaska,4,2,alaska,x25,stefan,none,0.0,catboost_lo,0,1778,18,11828,11828,0.5,12.108,-3.901,9.177,-0.2206,0.4,
labels,Alaska,4,2,alaska,x25,stefan,none,0.0,catboost_lo,0,1778,18,11828,11828,0.75,12.37,-4.267,9.379,-0.2739,0.4,
labels,Alaska,4,2,alaska,x25,stefan,none,0.0,catboost_lo,0,1778,18,11828,11828,1.0,12.748,-4.633,9.69,-0.3529,0.4,
labels,Alaska,4,0,alaska,x25,none,none,0.0,catboost_lo,0,1778,18,11828,11828,1.0,11.982,-3.342,8.994,-0.1952,0.4,
labels,Alaska,4,1,alaska,x25,none,none,0.0,catboost_lo,0,1778,18,11828,11828,1.0,11.806,-3.125,8.969,-0.1604,0.4,
labels,Alaska,4,2,alaska,x25,none,none,0.0,catboost_lo,0,1778,18,11828,11828,1.0,12.319,-4.048,9.283,-0.2635,0.4,
labels,Alaska,4,0,alaska,x14,stefan,none,0.0,catboost_lo,0,1778,18,11828,11828,0.0,11.962,-3.169,9.093,-0.1912,0.4,
labels,Alaska,4,0,alaska,x14,stefan,none,0.0,catboost_lo,0,1778,18,11828,11828,0.25,11.508,-2.674,8.811,-0.1027,0.4,
labels,Alaska,4,0,alaska,x14,stefan,none,0.0,catboost_lo,0,1778,18,11828,11828,0.5,11.258,-2.179,8.667,-0.0551,0.4,
labels,Alaska,4,0,alaska,x14,stefan,none,0.0,catboost_lo,0,1778,18,11828,11828,0.75,11.223,-1.684,8.672,-0.0487,0.4,
labels,Alaska,4,0,alaska,x14,stefan,none,0.0,catboost_lo,0,1778,18,11828,11828,1.0,11.407,-1.189,8.818,-0.0833,0.4,
labels,Alaska,4,1,alaska,x14,stefan,none,0.0,catboost_lo,0,1778,18,11828,11828,0.0,11.962,-3.169,9.093,-0.1912,0.4,
labels,Alaska,4,1,alaska,x14,stefan,none,0.0,catboost_lo,0,1778,18,11828,11828,0.25,11.381,-2.023,8.751,-0.0784,0.4,
labels,Alaska,4,1,alaska,x14,stefan,none,0.0,catboost_lo,0,1778,18,11828,11828,0.5,11.178,-0.878,8.678,-0.0403,0.4,
labels,Alaska,4,1,alaska,x14,stefan,none,0.0,catboost_lo,0,1778,18,11828,11828,0.75,11.374,0.268,8.889,-0.077,0.4,
labels,Alaska,4,1,alaska,x14,stefan,none,0.0,catboost_lo,0,1778,18,11828,11828,1.0,11.948,1.413,9.394,-0.1885,0.4,
labels,Alaska,4,2,alaska,x14,stefan,none,0.0,catboost_lo,0,1778,18,11828,11828,0.0,11.962,-3.169,9.093,-0.1912,0.4,
labels,Alaska,4,2,alaska,x14,stefan,none,0.0,catboost_lo,0,1778,18,11828,11828,0.25,11.451,-2.298,8.76,-0.0917,0.4,
labels,Alaska,4,2,alaska,x14,stefan,none,0.0,catboost_lo,0,1778,18,11828,11828,0.5,11.191,-1.427,8.614,-0.0427,0.4,
labels,Alaska,4,2,alaska,x14,stefan,none,0.0,catboost_lo,0,1778,18,11828,11828,0.75,11.199,-0.557,8.652,-0.0442,0.4,
labels,Alaska,4,2,alaska,x14,stefan,none,0.0,catboost_lo,0,1778,18,11828,11828,1.0,11.475,0.314,8.87,-0.0963,0.4,
labels,Alaska,4,0,alaska,x14,none,none,0.0,catboost_lo,0,1778,18,11828,11828,1.0,11.087,0.462,8.567,-0.0233,0.3,
labels,Alaska,4,1,alaska,x14,none,none,0.0,catboost_lo,0,1778,18,11828,11828,1.0,11.259,-0.366,8.713,-0.0553,0.3,
labels,Alaska,4,2,alaska,x14,none,none,0.0,catboost_lo,0,1778,18,11828,11828,1.0,11.131,-0.016,8.619,-0.0316,0.3,
labels,Alaska,4,0,alaska,x34,stefan,none,0.0,catboost_lo,0,1778,18,11828,11828,0.0,11.962,-3.169,9.093,-0.1912,0.4,
labels,Alaska,4,0,alaska,x34,stefan,none,0.0,catboost_lo,0,1778,18,11828,11828,0.25,11.979,-3.731,9.136,-0.1946,0.4,
labels,Alaska,4,0,alaska,x34,stefan,none,0.0,catboost_lo,0,1778,18,11828,11828,0.5,12.155,-4.293,9.297,-0.23,0.4,
labels,Alaska,4,0,alaska,x34,stefan,none,0.0,catboost_lo,0,1778,18,11828,11828,0.75,12.483,-4.855,9.593,-0.2973,0.4,
labels,Alaska,4,0,alaska,x34,stefan,none,0.0,catboost_lo,0,1778,18,11828,11828,1.0,12.952,-5.418,10.032,-0.3965,0.4,
labels,Alaska,4,1,alaska,x34,stefan,none,0.0,catboost_lo,0,1778,18,11828,11828,0.0,11.962,-3.169,9.093,-0.1912,0.4,
labels,Alaska,4,1,alaska,x34,stefan,none,0.0,catboost_lo,0,1778,18,11828,11828,0.25,11.859,-3.467,9.047,-0.1709,0.4,
labels,Alaska,4,1,alaska,x34,stefan,none,0.0,catboost_lo,0,1778,18,11828,11828,0.5,11.913,-3.765,9.097,-0.1816,0.4,
labels,Alaska,4,1,alaska,x34,stefan,none,0.0,catboost_lo,0,1778,18,11828,11828,0.75,12.121,-4.063,9.313,-0.2232,0.4,
labels,Alaska,4,1,alaska,x34,stefan,none,0.0,catboost_lo,0,1778,18,11828,11828,1.0,12.476,-4.361,9.657,-0.2959,0.4,
labels,Alaska,4,2,alaska,x34,stefan,none,0.0,catboost_lo,0,1778,18,11828,11828,0.0,11.962,-3.169,9.093,-0.1912,0.4,
labels,Alaska,4,2,alaska,x34,stefan,none,0.0,catboost_lo,0,1778,18,11828,11828,0.25,11.931,-3.62,9.081,-0.1851,0.4,
labels,Alaska,4,2,alaska,x34,stefan,none,0.0,catboost_lo,0,1778,18,11828,11828,0.5,12.036,-4.071,9.146,-0.2061,0.4,
labels,Alaska,4,2,alaska,x34,stefan,none,0.0,catboost_lo,0,1778,18,11828,11828,0.75,12.274,-4.522,9.334,-0.2542,0.4,
labels,Alaska,4,2,alaska,x34,stefan,none,0.0,catboost_lo,0,1778,18,11828,11828,1.0,12.637,-4.974,9.642,-0.3294,0.4,
labels,Alaska,4,0,alaska,x34,none,none,0.0,catboost_lo,0,1778,18,11828,11828,1.0,12.999,-5.553,10.083,-0.4068,0.4,
labels,Alaska,4,1,alaska,x34,none,none,0.0,catboost_lo,0,1778,18,11828,11828,1.0,13.051,-5.567,10.17,-0.4181,0.4,
labels,Alaska,4,2,alaska,x34,none,none,0.0,catboost_lo,0,1778,18,11828,11828,1.0,13.469,-6.431,10.416,-0.5104,0.4,
labels,Alaska,5,0,alaska,x25,stefan,none,0.0,catboost_lo,0,1778,18,11828,11828,0.0,22.563,0.444,16.283,0.0613,0.4,
labels,Alaska,5,0,alaska,x25,stefan,none,0.0,catboost_lo,0,1778,18,11828,11828,0.25,21.977,-1.052,15.417,0.1095,0.4,
labels,Alaska,5,0,alaska,x25,stefan,none,0.0,catboost_lo,0,1778,18,11828,11828,0.5,21.719,-2.547,14.796,0.1302,0.4,
labels,Alaska,5,0,alaska,x25,stefan,none,0.0,catboost_lo,0,1778,18,11828,11828,0.75,21.801,-4.042,14.506,0.1236,0.4,
labels,Alaska,5,0,alaska,x25,stefan,none,0.0,catboost_lo,0,1778,18,11828,11828,1.0,22.219,-5.538,14.656,0.0897,0.4,
labels,Alaska,5,1,alaska,x25,stefan,none,0.0,catboost_lo,0,1778,18,11828,11828,0.0,22.563,0.444,16.283,0.0613,0.4,
labels,Alaska,5,1,alaska,x25,stefan,none,0.0,catboost_lo,0,1778,18,11828,11828,0.25,22.01,-0.967,15.461,0.1067,0.4,
labels,Alaska,5,1,alaska,x25,stefan,none,0.0,catboost_lo,0,1778,18,11828,11828,0.5,21.784,-2.378,14.913,0.125,0.4,
labels,Alaska,5,1,alaska,x25,stefan,none,0.0,catboost_lo,0,1778,18,11828,11828,0.75,21.894,-3.789,14.694,0.1161,0.4,
labels,Alaska,5,1,alaska,x25,stefan,none,0.0,catboost_lo,0,1778,18,11828,11828,1.0,22.335,-5.2,14.94,0.0802,0.4,
labels,Alaska,5,2,alaska,x25,stefan,none,0.0,catboost_lo,0,1778,18,11828,11828,0.0,22.563,0.444,16.283,0.0613,0.4,
labels,Alaska,5,2,alaska,x25,stefan,none,0.0,catboost_lo,0,1778,18,11828,11828,0.25,22.029,-1.207,15.451,0.1052,0.4,
labels,Alaska,5,2,alaska,x25,stefan,none,0.0,catboost_lo,0,1778,18,11828,11828,0.5,21.85,-2.858,14.916,0.1197,0.4,
labels,Alaska,5,2,alaska,x25,stefan,none,0.0,catboost_lo,0,1778,18,11828,11828,0.75,22.034,-4.51,14.729,0.1048,0.4,
labels,Alaska,5,2,alaska,x25,stefan,none,0.0,catboost_lo,0,1778,18,11828,11828,1.0,22.573,-6.161,14.991,0.0605,0.4,
labels,Alaska,5,0,alaska,x25,none,none,0.0,catboost_lo,0,1778,18,11828,11828,1.0,22.552,-6.63,15.13,0.0622,0.4,
labels,Alaska,5,1,alaska,x25,none,none,0.0,catboost_lo,0,1778,18,11828,11828,1.0,22.767,-7.378,15.234,0.0442,0.4,
labels,Alaska,5,2,alaska,x25,none,none,0.0,catboost_lo,0,1778,18,11828,11828,1.0,22.61,-6.999,15.092,0.0573,0.4,
labels,Alaska,5,0,alaska,x14,stefan,none,0.0,catboost_lo,0,1778,18,11828,11828,0.0,22.563,0.444,16.283,0.0613,0.3,
labels,Alaska,5,0,alaska,x14,stefan,none,0.0,catboost_lo,0,1778,18,11828,11828,0.25,22.144,-1.288,15.547,0.0959,0.3,
labels,Alaska,5,0,alaska,x14,stefan,none,0.0,catboost_lo,0,1778,18,11828,11828,0.5,22.055,-3.019,15.094,0.1031,0.3,
labels,Alaska,5,0,alaska,x14,stefan,none,0.0,catboost_lo,0,1778,18,11828,11828,0.75,22.3,-4.751,14.984,0.0831,0.3,
labels,Alaska,5,0,alaska,x14,stefan,none,0.0,catboost_lo,0,1778,18,11828,11828,1.0,22.867,-6.482,15.289,0.0358,0.3,
labels,Alaska,5,1,alaska,x14,stefan,none,0.0,catboost_lo,0,1778,18,11828,11828,0.0,22.563,0.444,16.283,0.0613,0.4,
labels,Alaska,5,1,alaska,x14,stefan,none,0.0,catboost_lo,0,1778,18,11828,11828,0.25,22.148,-1.404,15.55,0.0955,0.4,
labels,Alaska,5,1,alaska,x14,stefan,none,0.0,catboost_lo,0,1778,18,11828,11828,0.5,22.079,-3.252,15.108,0.1011,0.4,
labels,Alaska,5,1,alaska,x14,stefan,none,0.0,catboost_lo,0,1778,18,11828,11828,0.75,22.359,-5.1,15.026,0.0782,0.4,
labels,Alaska,5,1,alaska,x14,stefan,none,0.0,catboost_lo,0,1778,18,11828,11828,1.0,22.974,-6.949,15.34,0.0268,0.4,
labels,Alaska,5,2,alaska,x14,stefan,none,0.0,catboost_lo,0,1778,18,11828,11828,0.0,22.563,0.444,16.283,0.0613,0.3,
labels,Alaska,5,2,alaska,x14,stefan,none,0.0,catboost_lo,0,1778,18,11828,11828,0.25,22.131,-1.386,15.542,0.0969,0.3,
labels,Alaska,5,2,alaska,x14,stefan,none,0.0,catboost_lo,0,1778,18,11828,11828,0.5,22.046,-3.215,15.099,0.1038,0.3,
labels,Alaska,5,2,alaska,x14,stefan,none,0.0,catboost_lo,0,1778,18,11828,11828,0.75,22.311,-5.045,15.001,0.0821,0.3,
labels,Alaska,5,2,alaska,x14,stefan,none,0.0,catboost_lo,0,1778,18,11828,11828,1.0,22.914,-6.874,15.325,0.0319,0.3,
labels,Alaska,5,0,alaska,x14,none,none,0.0,catboost_lo,0,1778,18,11828,11828,1.0,24.019,-9.709,16.388,-0.0638,0.3,
labels,Alaska,5,1,alaska,x14,none,none,0.0,catboost_lo,0,1778,18,11828,11828,1.0,24.294,-10.25,16.59,-0.0883,0.3,
labels,Alaska,5,2,alaska,x14,none,none,0.0,catboost_lo,0,1778,18,11828,11828,1.0,24.087,-9.703,16.542,-0.0698,0.3,
labels,Alaska,5,0,alaska,x34,stefan,none,0.0,catboost_lo,0,1778,18,11828,11828,0.0,22.563,0.444,16.283,0.0613,0.5,
labels,Alaska,5,0,alaska,x34,stefan,none,0.0,catboost_lo,0,1778,18,11828,11828,0.25,22.115,-1.011,15.564,0.0982,0.5,
labels,Alaska,5,0,alaska,x34,stefan,none,0.0,catboost_lo,0,1778,18,11828,11828,0.5,21.944,-2.466,15.051,0.1121,0.5,
labels,Alaska,5,0,alaska,x34,stefan,none,0.0,catboost_lo,0,1778,18,11828,11828,0.75,22.056,-3.922,14.805,0.103,0.5,
labels,Alaska,5,0,alaska,x34,stefan,none,0.0,catboost_lo,0,1778,18,11828,11828,1.0,22.448,-5.377,14.893,0.0709,0.5,
labels,Alaska,5,1,alaska,x34,stefan,none,0.0,catboost_lo,0,1778,18,11828,11828,0.0,22.563,0.444,16.283,0.0613,0.5,
labels,Alaska,5,1,alaska,x34,stefan,none,0.0,catboost_lo,0,1778,18,11828,11828,0.25,22.047,-0.974,15.514,0.1037,0.5,
labels,Alaska,5,1,alaska,x34,stefan,none,0.0,catboost_lo,0,1778,18,11828,11828,0.5,21.792,-2.392,14.941,0.1244,0.5,
labels,Alaska,5,1,alaska,x34,stefan,none,0.0,catboost_lo,0,1778,18,11828,11828,0.75,21.807,-3.81,14.618,0.1232,0.5,
labels,Alaska,5,1,alaska,x34,stefan,none,0.0,catboost_lo,0,1778,18,11828,11828,1.0,22.09,-5.228,14.634,0.1002,0.5,
labels,Alaska,5,2,alaska,x34,stefan,none,0.0,catboost_lo,0,1778,18,11828,11828,0.0,22.563,0.444,16.283,0.0613,0.4,
labels,Alaska,5,2,alaska,x34,stefan,none,0.0,catboost_lo,0,1778,18,11828,11828,0.25,22.024,-0.982,15.506,0.1056,0.4,
labels,Alaska,5,2,alaska,x34,stefan,none,0.0,catboost_lo,0,1778,18,11828,11828,0.5,21.764,-2.408,14.939,0.1266,0.4,
labels,Alaska,5,2,alaska,x34,stefan,none,0.0,catboost_lo,0,1778,18,11828,11828,0.75,21.791,-3.834,14.643,0.1244,0.4,
labels,Alaska,5,2,alaska,x34,stefan,none,0.0,catboost_lo,0,1778,18,11828,11828,1.0,22.106,-5.26,14.718,0.099,0.4,
labels,Alaska,5,0,alaska,x34,none,none,0.0,catboost_lo,0,1778,18,11828,11828,1.0,22.576,-7.259,14.998,0.0602,0.4,
labels,Alaska,5,1,alaska,x34,none,none,0.0,catboost_lo,0,1778,18,11828,11828,1.0,22.569,-7.15,15.055,0.0608,0.5,
labels,Alaska,5,2,alaska,x34,none,none,0.0,catboost_lo,0,1778,18,11828,11828,1.0,22.295,-6.347,14.834,0.0835,0.4,
