target,mode,parent,method,learner,alpha,placement,lam,n_star,censored,n_max,n_tested,n_star_p1,censored_p1,n_star_both,n_splits_valid,flag,n_blocks_eval_min,n_blocks_union,best_n,best_d_p0,d_p0_at_nmax,d_p0_hi_at_nmax,d_p0_all,d_p0_hi_all,point_only
AL-1,i,Alaska,D0,catboost_ctx,1,cell,1.0,,True,160,4,,True,,4,blocks<5,2,10,3,4.275822694154538,4.293104090949223,8.763710605116772,3.008072537087383,7.1840301688342425,False
AL-1,i,Alaska,D0,tabpfn,1,cell,1.0,,True,160,4,,True,,4,blocks<5,2,10,160,3.5659099646325894,3.5659099646325894,11.224554083904664,1.1437687287103202,6.576274404890161,False
AL-1,i,Alaska,P1,none,1,cell,0.0,,True,160,4,,True,,4,blocks<5,2,10,40,-2.472353108652298,-2.2620558134503503,4.301605363567072,-2.313961805319472,4.41726079708751,False
AL-1,i,Alaska,R0,catboost_ctx,1,cell,0.25,,True,160,4,,True,,4,blocks<5,2,10,40,-1.2938928007894983,-1.1226596471481325,0.2956883625078974,-1.1274292412929463,0.2949482179025898,False
AL-1,i,Alaska,R0,catboost_ctx,1,cell,0.5,,True,160,4,,True,,4,blocks<5,2,10,40,-1.9337204355921664,-1.7913750316923092,0.7596226597066128,-1.890465454210979,0.7629461097168504,False
AL-1,i,Alaska,R0,catboost_ctx,1,cell,1.0,,True,160,4,,True,,4,blocks<5,2,10,160,-1.611974361485868,-1.611974361485868,2.5641578444298054,-2.1256115460871676,2.365171373792128,False
AL-1,i,Alaska,R0,tabpfn,1,cell,0.25,,True,160,4,,True,,4,blocks<5,2,10,10,-1.8975744095852085,-1.7003001127518513,0.32290904968740275,-1.2470009203568204,0.03449140814867801,False
AL-1,i,Alaska,R0,tabpfn,1,cell,0.5,,True,160,4,,True,,4,blocks<5,2,10,3,-2.8836532679059554,-2.781622900819447,1.1660171995486577,-2.2198581405368443,0.3137770772787767,False
AL-1,i,Alaska,R0,tabpfn,1,cell,1.0,,True,160,4,,True,,4,blocks<5,2,10,160,-2.76188317134199,-2.76188317134199,4.217657779602514,-3.1275390745965828,1.9507258053699637,False
AL-1,i,Alaska,R1,catboost_ctx,1,cell,0.25,,True,160,4,,True,,4,blocks<5,2,10,10,-2.2637852659153146,-1.4310930870479188,5.568860654074135,-1.7047675764254904,5.400799085377767,False
AL-1,i,Alaska,R1,catboost_ctx,1,cell,0.5,,True,160,4,,True,,4,blocks<5,2,10,3,-2.1208930565777524,-0.2708393915950338,6.691238478042679,-0.8757789335532502,6.223294800129458,False
AL-1,i,Alaska,R1,catboost_ctx,1,cell,1.0,,True,160,4,,True,,4,blocks<5,2,10,3,-0.6200752056522458,2.6009947358080625,9.70036911895511,1.200719391961159,8.620588035673201,False
AL-1,i,Alaska,R1,tabpfn,1,cell,0.25,,True,160,4,,True,,4,blocks<5,2,10,10,-2.6445044754397418,-1.8449117764748615,5.715909279620411,-2.17447376076444,5.059238252894217,False
AL-1,i,Alaska,R1,tabpfn,1,cell,0.5,,True,160,4,,True,,4,blocks<5,2,10,3,-2.892004704743957,-1.059734569260948,7.342804103581861,-1.9498352191631287,5.751959759675494,False
AL-1,i,Alaska,R1,tabpfn,1,cell,1.0,,True,160,4,,True,,4,blocks<5,2,10,3,-1.250563544253576,1.4097677114322043,11.81077740363994,-1.274941685224369,7.450332539753226,False
AL-1,x,Alaska,D0,catboost_ctx,1,cell,1.0,,True,160,4,,True,,4,blocks<5,2,10,160,4.586651532576468,4.586651532576468,10.898156446797408,3.5971169490731434,11.007324194361448,False
AL-1,x,Alaska,D0,catboost_ctx,10,cell,1.0,,True,160,3,,True,,4,blocks<5,2,10,160,4.048796037512321,4.048796037512321,11.135553233401028,,,False
AL-1,x,Alaska,D0,catboost_ctx,3,cell,1.0,,True,160,4,,True,,4,blocks<5,2,10,160,4.176245224281352,4.176245224281352,11.251712829832085,,,False
AL-1,x,Alaska,D0,tabpfn,1,cell,1.0,,True,160,4,,True,,4,blocks<5,2,10,160,4.420777809206279,4.420777809206279,13.045267933837788,0.34313617322470646,6.294010591802701,False
AL-1,x,Alaska,D0,tabpfn,10,cell,1.0,,True,160,3,,True,,4,blocks<5,2,10,160,4.4463219596414545,4.4463219596414545,13.380466960865059,,,False
AL-1,x,Alaska,D0,tabpfn,3,cell,1.0,,True,160,4,,True,,4,blocks<5,2,10,160,4.6051280379418,4.6051280379418,13.822095384951128,,,False
AL-1,x,Alaska,D0@rid,catboost_ctx,1,cell,1.0,,True,160,3,,True,,4,blocks<5,2,10,160,6.049453748721628,6.049453748721628,12.574430261089036,4.422621443749951,10.471978062490805,False
AL-1,x,Alaska,D0@rid,tabpfn,1,cell,1.0,,True,160,3,,True,,4,blocks<5,2,10,160,6.992099870275938,6.992099870275938,15.009002690273578,0.5806617264068135,6.379652172630996,False
AL-1,x,Alaska,D0@tgt,catboost_ctx,1,cell,1.0,,True,160,2,,True,,4,blocks<5,2,10,160,3.215264525419068,3.215264525419068,6.820099367632781,2.648224927527122,5.547762498745574,False
AL-1,x,Alaska,D0@tgt,tabpfn,1,cell,1.0,,True,160,2,,True,,4,blocks<5,2,10,160,9.84392285906923,9.84392285906923,12.849096013983356,9.357647743472555,10.843137686607601,False
AL-1,x,Alaska,P1,none,1,cell,0.0,,True,160,4,,True,,4,blocks<5,2,10,160,-2.9720040246406185,-2.9720040246406185,4.0891003740396386,-2.792583489460276,4.352238462977431,False
AL-1,x,Alaska,R0,catboost_ctx,1,cell,0.25,,True,160,4,,True,,4,blocks<5,2,10,3,-2.0114655593969495,-1.3758223803636724,0.36341605533063287,-1.7024963999041556,0.31857104946256853,False
AL-1,x,Alaska,R0,catboost_ctx,1,cell,0.5,,True,160,4,,True,,4,blocks<5,2,10,3,-2.350341564533634,-2.0157997538689965,1.2302979028683347,-2.5971191067203647,1.2287125356508106,False
AL-1,x,Alaska,R0,catboost_ctx,1,cell,1.0,,True,160,4,,True,,4,blocks<5,2,10,160,-0.9646690746768596,-0.9646690746768596,4.550273842798749,-1.868242241939733,4.4562850007722545,False
AL-1,x,Alaska,R0,tabpfn,1,cell,0.25,,True,160,4,,True,,4,blocks<5,2,10,3,-2.9973987721054414,-2.491546867535491,0.5144975978968441,-1.7541092756847907,0.10058464590507683,False
AL-1,x,Alaska,R0,tabpfn,1,cell,0.5,,True,160,4,,True,,4,blocks<5,2,10,160,-3.09560526482976,-3.09560526482976,2.157526242584968,-2.9134333688012126,0.6822065845204768,False
AL-1,x,Alaska,R0,tabpfn,1,cell,1.0,,True,160,4,,True,,4,blocks<5,2,10,160,0.02934738534406689,0.02934738534406689,8.411961003561613,-3.0271798050972323,3.325162518636164,False
AL-1,x,Alaska,R1,catboost_ctx,1,cell,0.25,,True,160,4,,True,,4,blocks<5,2,10,3,-2.6248615389017305,-2.1710063026914037,5.3428581512790325,-2.0958254305127557,5.249298043927897,False
AL-1,x,Alaska,R1,catboost_ctx,1,cell,0.5,,True,160,4,,True,,4,blocks<5,2,10,3,-2.300333408231096,-1.0708990990332983,6.655480128154575,-1.099070588210561,6.297908189699872,False
AL-1,x,Alaska,R1,catboost_ctx,1,cell,1.0,,True,160,4,,True,,4,blocks<5,2,10,3,1.3166591193546586,1.6425270873712248,10.224430841542963,1.4696073501849614,10.057504324874039,False
AL-1,x,Alaska,R1,catboost_ctx,10,cell,0.25,,True,160,3,,True,,4,blocks<5,2,10,10,-2.588595251146369,-2.304268645079487,5.398720773747797,,,False
AL-1,x,Alaska,R1,catboost_ctx,10,cell,0.5,,True,160,3,,True,,4,blocks<5,2,10,10,-1.7085119771669182,-1.1992028246446917,6.639116691492928,,,False
AL-1,x,Alaska,R1,catboost_ctx,10,cell,1.0,,True,160,3,,True,,4,blocks<5,2,10,10,1.553502414867403,1.601845094178707,10.743572614328881,,,False
AL-1,x,Alaska,R1,catboost_ctx,3,cell,0.25,,True,160,4,,True,,4,blocks<5,2,10,10,-2.601466945628343,-2.1832112421041683,5.399529231772683,,,False
AL-1,x,Alaska,R1,catboost_ctx,3,cell,0.5,,True,160,4,,True,,4,blocks<5,2,10,3,-2.190473290192066,-0.9620781043155762,6.509102001392025,,,False
AL-1,x,Alaska,R1,catboost_ctx,3,cell,1.0,,True,160,4,,True,,4,blocks<5,2,10,3,1.1386330400574765,2.044422998820463,10.39576393568077,,,False
AL-1,x,Alaska,R1,tabpfn,1,cell,0.25,,True,160,4,,True,,4,blocks<5,2,10,3,-3.1885777623695737,-2.0600655699207935,6.114344032824782,-2.563906616370926,5.120470267132656,False
AL-1,x,Alaska,R1,tabpfn,1,cell,0.5,,True,160,4,,True,,4,blocks<5,2,10,3,-1.633502914287789,-0.4046386035427578,8.624472401046999,-2.1579923892597543,5.924222585071165,False
AL-1,x,Alaska,R1,tabpfn,1,cell,1.0,,True,160,4,,True,,4,blocks<5,2,10,160,4.394325432959636,4.394325432959636,15.1694856364146,-0.8938536806890607,8.21512368078694,False
AL-1,x,Alaska,R1,tabpfn,10,cell,0.25,,True,160,3,,True,,4,blocks<5,2,10,10,-2.6178933753118847,-1.807450222242672,6.599436426086943,,,False
AL-1,x,Alaska,R1,tabpfn,10,cell,0.5,,True,160,3,,True,,4,blocks<5,2,10,10,-0.3460974764304585,0.16184036350644826,9.210974071831023,,,False
AL-1,x,Alaska,R1,tabpfn,10,cell,1.0,,True,160,3,,True,,4,blocks<5,2,10,160,5.401790612974546,5.401790612974546,16.6656527658368,,,False
AL-1,x,Alaska,R1,tabpfn,3,cell,0.25,,True,160,4,,True,,4,blocks<5,2,10,3,-3.1078475881287906,-1.9873796720779064,6.602201235368316,,,False
AL-1,x,Alaska,R1,tabpfn,3,cell,0.5,,True,160,4,,True,,4,blocks<5,2,10,3,-1.4130040452209283,-0.13666956141714026,9.288891554939337,,,False
AL-1,x,Alaska,R1,tabpfn,3,cell,1.0,,True,160,4,,True,,4,blocks<5,2,10,160,5.038530918575439,5.038530918575439,16.139136877268317,,,False
AL-1,x,Alaska,R1@rid,catboost_ctx,1,cell,0.25,,True,160,3,,True,,4,blocks<5,2,10,10,-2.6880178092002605,-2.2951560819333667,5.629672988234505,-1.900013532099928,5.3131989411953695,False
AL-1,x,Alaska,R1@rid,catboost_ctx,1,cell,0.5,,True,160,3,,True,,4,blocks<5,2,10,10,-1.815102065858727,-1.2407692481711483,6.899408314991012,-0.6833389106179752,6.336036305513652,False
AL-1,x,Alaska,R1@rid,catboost_ctx,1,cell,1.0,,True,160,3,,True,,4,blocks<5,2,10,160,1.3662986422335854,1.3662986422335854,10.775113675760645,2.299926454100705,9.340589210689796,False
AL-1,x,Alaska,R1@rid,tabpfn,1,cell,0.25,,True,160,3,,True,,4,blocks<5,2,10,10,-2.7698592635478136,-1.5893502602740637,7.062583866963488,-2.4812721077410855,5.12598413084877,False
AL-1,x,Alaska,R1@rid,tabpfn,1,cell,0.5,,True,160,3,,True,,4,blocks<5,2,10,10,-0.4430260732226743,0.774039980929405,10.249604819499277,-1.9525265654670778,5.996367164904167,False
AL-1,x,Alaska,R1@rid,tabpfn,1,cell,1.0,,True,160,3,,True,,4,blocks<5,2,10,160,7.040180343433228,7.040180343433228,17.98255540336297,-0.3602228867679944,8.5120482964377,False
AL-1,x,Alaska,R1@tgt,catboost_ctx,1,cell,0.25,,True,160,2,,True,,4,blocks<5,2,10,160,-3.157802102137533,-3.157802102137533,4.268543459817475,-3.0301933663757055,3.78791731364624,False
AL-1,x,Alaska,R1@tgt,catboost_ctx,1,cell,0.5,,True,160,2,,True,,4,blocks<5,2,10,160,-3.043686005290242,-3.043686005290242,4.251828392230778,-2.9689405634013735,3.4566203471276236,False
AL-1,x,Alaska,R1@tgt,catboost_ctx,1,cell,1.0,,True,160,2,,True,,4,blocks<5,2,10,160,-2.2773894070269707,-2.2773894070269707,4.568251336318141,-2.0493909033101594,3.5055360088947896,False
AL-1,x,Alaska,R1@tgt,tabpfn,1,cell,0.25,,True,160,2,,True,,4,blocks<5,2,10,160,-2.1807168951072224,-2.1807168951072224,5.056393925786003,-2.551591410264397,4.146643868093888,False
AL-1,x,Alaska,R1@tgt,tabpfn,1,cell,0.5,,True,160,2,,True,,4,blocks<5,2,10,160,-0.9273220797977215,-0.9273220797977215,5.77869086405589,-2.2421073672490466,3.9612549081280832,False
AL-1,x,Alaska,R1@tgt,tabpfn,1,cell,1.0,,True,160,2,,True,,4,blocks<5,2,10,160,2.119328179920615,2.119328179920615,7.591555029751068,-1.4502280415532867,3.887449880025871,False
AL-2,i,Alaska,D0,catboost_ctx,1,cell,1.0,,True,1000,6,,True,,5,,5,20,1000,0.4889828762306891,0.4889828762306891,1.6380459287811915,0.3002019876948513,1.3445798807017468,False
AL-2,i,Alaska,D0,tabpfn,1,cell,1.0,,True,1000,6,,True,,5,,5,20,10,-0.05551102811615429,0.1391193465715613,0.37600593186055026,-0.15324863446210202,0.07214206319753856,False
AL-2,i,Alaska,P1,none,1,cell,0.0,1000.0,False,1000,6,,True,,5,,5,20,320,-0.1657396777209165,-0.1460040893964532,-0.0658736989446628,-0.12930761913112326,-0.05026964616831524,False
AL-2,i,Alaska,R0,catboost_ctx,1,cell,0.25,,True,1000,6,,True,,5,,5,20,1000,0.22888928695976246,0.22888928695976246,0.42870279778461423,0.1377892782888388,0.30165944937541517,False
AL-2,i,Alaska,R0,catboost_ctx,1,cell,0.5,,True,1000,6,,True,,5,,5,20,1000,0.5526186700163613,0.5526186700163613,0.9351931568813375,0.36313292605105296,0.6777910910260004,False
AL-2,i,Alaska,R0,catboost_ctx,1,cell,1.0,,True,1000,6,,True,,5,,5,20,1000,1.4597718755854099,1.4597718755854099,2.1600810267213455,1.0617388162984422,1.624845978002841,False
AL-2,i,Alaska,R0,tabpfn,1,cell,0.25,3.0,False,1000,6,3.0,False,3.0,5,,5,20,320,-0.5078331562223287,-0.49120430380327706,-0.4439681700581602,-0.4955255423552245,-0.4447611989195885,False
AL-2,i,Alaska,R0,tabpfn,1,cell,0.5,3.0,False,1000,6,3.0,False,3.0,5,,5,20,320,-0.7940267976862856,-0.7878640251138662,-0.6928243439857791,-0.8139635962858783,-0.7128508791171463,False
AL-2,i,Alaska,R0,tabpfn,1,cell,1.0,10.0,False,1000,6,3.0,False,40.0,5,,5,20,1000,-0.7443508858477046,-0.7443508858477046,-0.5582600820902948,-0.86685651090296,-0.674185829010225,False
AL-2,i,Alaska,R1,catboost_ctx,1,cell,0.25,,True,1000,6,,True,,5,,5,20,1000,0.0969391066917236,0.0969391066917236,0.17133519814258927,-0.05552607444274109,0.015110761028322327,False
AL-2,i,Alaska,R1,catboost_ctx,1,cell,0.5,,True,1000,6,,True,,5,,5,20,1000,0.4405182252409233,0.4405182252409233,0.5757273314562498,0.09718330411359374,0.20819597690968683,False
AL-2,i,Alaska,R1,catboost_ctx,1,cell,1.0,,True,1000,6,,True,,5,,5,20,1000,1.4012289004946585,1.4012289004946585,1.778042115031635,0.6329085311642298,0.929273438523247,False
AL-2,i,Alaska,R1,tabpfn,1,cell,0.25,160.0,False,1000,6,3.0,False,160.0,5,,5,20,320,-0.5187490228429503,-0.49859066720033773,-0.3924541513313562,-0.48964371068771123,-0.38114503011065687,False
AL-2,i,Alaska,R1,tabpfn,1,cell,0.5,160.0,False,1000,6,3.0,False,160.0,5,,5,20,1000,-0.6862172698910591,-0.6862172698910591,-0.5452285935165645,-0.6998322599904764,-0.5531661086128573,False
AL-2,i,Alaska,R1,tabpfn,1,cell,1.0,160.0,False,1000,6,1000.0,False,160.0,5,,5,20,1000,-0.5313597927771582,-0.5313597927771582,-0.31628483805261737,-0.6337963735827362,-0.41293282592482367,False
AL-2,x,Alaska,D0,catboost_ctx,1,cell,1.0,160.0,False,1000,6,,True,1000.0,5,,5,20,1000,-0.6004530888021776,-0.6004530888021776,-0.4144814948697071,-0.4026896719192095,-0.17183138787778707,False
AL-2,x,Alaska,D0,catboost_ctx,10,cell,1.0,,True,160,3,,True,,5,,5,20,40,-0.3400955069397604,0.2655579865216726,0.5042471388939577,,,False
AL-2,x,Alaska,D0,catboost_ctx,3,cell,1.0,40.0,False,160,4,,True,,5,,5,20,40,-0.33398290467177316,-0.23361725554039375,-0.021809015452993477,,,False
AL-2,x,Alaska,D0,tabpfn,1,cell,1.0,,True,1000,6,,True,,5,,5,20,1000,0.08169284597591471,0.08169284597591471,0.381276231097522,-0.06781365341523796,0.24847874785898358,False
AL-2,x,Alaska,D0,tabpfn,10,cell,1.0,,True,160,3,,True,,5,,5,20,160,-0.01025250358225449,-0.01025250358225449,0.2940482419330025,,,False
AL-2,x,Alaska,D0,tabpfn,3,cell,1.0,,True,160,4,,True,,5,,5,20,160,0.9511725354430226,0.9511725354430226,1.275993831158437,,,False
AL-2,x,Alaska,D0@rid,catboost_ctx,1,cell,1.0,160.0,False,160,3,,True,,5,,5,20,160,-0.5214804129611228,-0.5214804129611228,-0.34266670276180367,-0.552714117446713,-0.3551031098580273,False
AL-2,x,Alaska,D0@rid,tabpfn,1,cell,1.0,,True,160,3,,True,,5,,5,20,160,1.0757121331776944,1.0757121331776944,1.4036565740994906,-0.0597797496619922,0.25834138707941,False
AL-2,x,Alaska,D0@tgt,catboost_ctx,1,cell,1.0,160.0,False,1000,4,,True,1000.0,5,,5,20,1000,-0.9964072650655709,-0.9964072650655709,-0.698395502325389,-0.9058909026808436,-0.45410500061734893,False
AL-2,x,Alaska,D0@tgt,tabpfn,1,cell,1.0,40.0,False,1000,4,1000.0,False,40.0,5,,5,20,1000,-1.1372311493461242,-1.1372311493461242,-0.9135644231197897,-1.2146246390113877,-0.9848001137178236,False
AL-2,x,Alaska,P1,none,1,cell,0.0,10.0,False,1000,6,,True,10.0,5,,5,20,1000,-0.5209441820625493,-0.5209441820625493,-0.4218997495300299,-0.5284765918512815,-0.42901947931373435,False
AL-2,x,Alaska,R0,catboost_ctx,1,cell,0.25,3.0,False,1000,6,3.0,False,160.0,5,,5,20,3,-0.8249623211800561,-0.6539904396720833,-0.4969995473586586,-0.6960425606255154,-0.5492329638375434,False
AL-2,x,Alaska,R0,catboost_ctx,1,cell,0.5,3.0,False,1000,6,3.0,False,1000.0,5,,5,20,3,-1.0402642771929045,-0.9452269643190526,-0.7094715285548833,-1.027361350549803,-0.8119514175351058,False
AL-2,x,Alaska,R0,catboost_ctx,1,cell,1.0,1000.0,False,1000,6,,True,,5,,5,20,1000,-0.3838531321158758,-0.3838531321158758,-0.12398095460863821,-0.524689950675645,-0.29328317938097787,False
AL-2,x,Alaska,R0,tabpfn,1,cell,0.25,3.0,False,1000,6,3.0,False,3.0,5,,5,20,3,-0.9078955422187363,-0.7331950877634131,-0.6726834858983215,-0.7220465206787985,-0.6547743391656764,False
AL-2,x,Alaska,R0,tabpfn,1,cell,0.5,3.0,False,1000,6,3.0,False,40.0,5,,5,20,1000,-1.1728602580307501,-1.1728602580307501,-1.0544276943369186,-1.1515110109662963,-1.0146416309447839,False
AL-2,x,Alaska,R0,tabpfn,1,cell,1.0,160.0,False,1000,6,1000.0,False,1000.0,5,,5,20,1000,-1.0590562822340774,-1.0590562822340774,-0.8246025650670548,-1.0325417764268647,-0.7673891658126798,False
AL-2,x,Alaska,R1,catboost_ctx,1,cell,0.25,3.0,False,1000,6,3.0,False,3.0,5,,5,20,3,-0.9130162958092385,-0.8765742221034184,-0.7436437142236186,-0.9171115157149995,-0.7806199317308526,False
AL-2,x,Alaska,R1,catboost_ctx,1,cell,0.5,3.0,False,1000,6,3.0,False,320.0,5,,5,20,3,-0.9355704329240477,-0.8968624422540639,-0.7138003974214432,-0.9467071278902083,-0.7767003541433058,False
AL-2,x,Alaska,R1,catboost_ctx,1,cell,1.0,,True,1000,6,,True,,5,,5,20,40,-0.25568702439940016,0.02732499516816027,0.3004091290005694,-0.008945019754531814,0.2353291692648021,False
AL-2,x,Alaska,R1,catboost_ctx,10,cell,0.25,10.0,False,160,3,10.0,False,10.0,5,,5,20,10,-0.9820629877296465,-0.8690054302274326,-0.7282853604491396,,,False
AL-2,x,Alaska,R1,catboost_ctx,10,cell,0.5,10.0,False,160,3,,True,40.0,5,,5,20,160,-0.8603272116588421,-0.8603272116588421,-0.6660436962671786,,,False
AL-2,x,Alaska,R1,catboost_ctx,10,cell,1.0,,True,160,3,,True,,5,,5,20,40,-0.016220838598588826,0.3342882738709566,0.6038072923878536,,,False
AL-2,x,Alaska,R1,catboost_ctx,3,cell,0.25,3.0,False,160,4,3.0,False,10.0,5,,5,20,10,-1.006484372439677,-0.8782889280989487,-0.7248027969041559,,,False
AL-2,x,Alaska,R1,catboost_ctx,3,cell,0.5,3.0,False,160,4,3.0,False,160.0,5,,5,20,160,-0.924695434082804,-0.924695434082804,-0.6863159725055186,,,False
AL-2,x,Alaska,R1,catboost_ctx,3,cell,1.0,,True,160,4,,True,,5,,5,20,40,-0.05104583836198735,0.045012023135332056,0.39711685575283157,,,False
AL-2,x,Alaska,R1,tabpfn,1,cell,0.25,3.0,False,1000,6,3.0,False,3.0,5,,5,20,3,-0.9162621988833368,-0.8923458349636707,-0.7522802872962785,-0.8586590029882164,-0.7088878222159997,False
AL-2,x,Alaska,R1,tabpfn,1,cell,0.5,3.0,False,1000,6,160.0,False,160.0,5,,5,20,1000,-1.0475645714899353,-1.0475645714899353,-0.866634292919862,-0.9779773925548433,-0.7734517348224195,False
AL-2,x,Alaska,R1,tabpfn,1,cell,1.0,1000.0,False,1000,6,,True,,5,,5,20,1000,-0.6698732055574596,-0.6698732055574596,-0.39764997721285766,-0.5584967285248112,-0.24566530478834755,False
AL-2,x,Alaska,R1,tabpfn,10,cell,0.25,10.0,False,160,3,40.0,False,10.0,5,,5,20,10,-0.9658729942943556,-0.6804438758210335,-0.545659154024167,,,False
AL-2,x,Alaska,R1,tabpfn,10,cell,0.5,10.0,False,160,3,40.0,False,40.0,5,,5,20,40,-0.9017751729744724,-0.7039312487024201,-0.522265042311451,,,False
AL-2,x,Alaska,R1,tabpfn,10,cell,1.0,40.0,False,160,3,,True,,5,,5,20,40,-0.5928453618166571,-0.19603605873739766,0.10757647885643792,,,False
AL-2,x,Alaska,R1,tabpfn,3,cell,0.25,3.0,False,160,4,3.0,False,10.0,5,,5,20,10,-0.9790824775912096,-0.8352161359922416,-0.6962379310692656,,,False
AL-2,x,Alaska,R1,tabpfn,3,cell,0.5,3.0,False,160,4,3.0,False,40.0,5,,5,20,40,-1.03294295863967,-0.8913594299111939,-0.7027159361809633,,,False
AL-2,x,Alaska,R1,tabpfn,3,cell,1.0,40.0,False,160,4,,True,,5,,5,20,40,-0.2893659984946783,-0.06994257320668247,0.22979598312137894,,,False
AL-2,x,Alaska,R1@rid,catboost_ctx,1,cell,0.25,10.0,False,160,3,10.0,False,10.0,5,,5,20,10,-1.085744871483384,-0.7572099134860579,-0.589057325565203,-0.9509489215490607,-0.8192428029363975,False
AL-2,x,Alaska,R1@rid,catboost_ctx,1,cell,0.5,10.0,False,160,3,40.0,False,160.0,5,,5,20,40,-0.9480848340641334,-0.7567970167127018,-0.47256062827294143,-1.0559910820663159,-0.8833501527662844,False
AL-2,x,Alaska,R1@rid,catboost_ctx,1,cell,1.0,,True,160,3,,True,,5,,5,20,160,0.07577494046486244,0.07577494046486244,0.45670899023058087,-0.3255874962320977,-0.09311802020679878,False
AL-2,x,Alaska,R1@rid,tabpfn,1,cell,0.25,10.0,False,160,3,40.0,False,10.0,5,,5,20,10,-1.0545426872374801,-0.8340723379217199,-0.6894309944226605,-0.7871315025669933,-0.6345665794234576,False
AL-2,x,Alaska,R1@rid,tabpfn,1,cell,0.5,10.0,False,160,3,40.0,False,160.0,5,,5,20,40,-1.0186406864140665,-0.8242557722263019,-0.621027459034319,-0.8530136497977505,-0.6432740863361476,False
AL-2,x,Alaska,R1@rid,tabpfn,1,cell,1.0,,True,160,3,,True,,5,,5,20,160,0.3076925990691041,0.3076925990691041,0.6317018419420489,-0.4022581344633597,-0.08417259845996976,False
AL-2,x,Alaska,R1@tgt,catboost_ctx,1,cell,0.25,40.0,False,1000,4,160.0,False,40.0,5,,5,20,1000,-0.9091166231532423,-0.9091166231532423,-0.7986460266482452,-1.001433576481538,-0.8893236952230157,False
AL-2,x,Alaska,R1@tgt,catboost_ctx,1,cell,0.5,160.0,False,1000,4,160.0,False,160.0,5,,5,20,1000,-1.165671482948537,-1.165671482948537,-1.0263686511830643,-1.2887853210700335,-1.1424856262470957,False
AL-2,x,Alaska,R1@tgt,catboost_ctx,1,cell,1.0,160.0,False,1000,4,320.0,False,160.0,5,,5,20,1000,-1.194868723180982,-1.194868723180982,-0.9158455375587807,-1.2567787459176962,-0.9046741190376714,False
AL-2,x,Alaska,R1@tgt,tabpfn,1,cell,0.25,40.0,False,1000,4,40.0,False,40.0,5,,5,20,160,-0.8946162263702597,-0.8452282235645268,-0.7241485804831564,-0.8616036969345426,-0.7390824128358948,False
AL-2,x,Alaska,R1@tgt,tabpfn,1,cell,0.5,40.0,False,1000,4,40.0,False,40.0,5,,5,20,320,-1.1298505001363726,-1.0985450308314448,-0.9465259625904625,-1.1168971744775154,-0.9611592633908471,False
AL-2,x,Alaska,R1@tgt,tabpfn,1,cell,1.0,40.0,False,1000,4,40.0,False,40.0,5,,5,20,1000,-1.3093290775465622,-1.3093290775465622,-1.0807786636894534,-1.3684128568250773,-1.1369884982544556,False
AL-3,i,Alaska,D0,catboost_ctx,1,cell,1.0,3.0,False,160,4,3.0,False,3.0,5,blocks<5,3,14,160,-5.006987269230984,-5.006987269230984,-4.303879423141113,-5.534052189267437,-4.727014914673698,False
AL-3,i,Alaska,D0,tabpfn,1,cell,1.0,3.0,False,160,4,3.0,False,3.0,5,blocks<5,3,14,160,-5.8793169493588415,-5.8793169493588415,-4.816476847468705,-5.986913322478996,-4.9092548166285255,False
AL-3,i,Alaska,P1,none,1,cell,0.0,3.0,False,160,4,,True,3.0,5,blocks<5,3,14,160,-6.21621597524091,-6.21621597524091,-4.890137985841487,-6.264494581456459,-4.900146074881393,False
AL-3,i,Alaska,R0,catboost_ctx,1,cell,0.25,3.0,False,160,4,,True,3.0,5,blocks<5,3,14,160,-1.1891939866343435,-1.1891939866343435,-0.9841136121967545,-1.4503840095988245,-1.197235309419189,False
AL-3,i,Alaska,R0,catboost_ctx,1,cell,0.5,3.0,False,160,4,,True,3.0,5,blocks<5,3,14,160,-2.279745396980131,-2.279745396980131,-1.8783313681795308,-2.7561164303316046,-2.2668827031877847,False
AL-3,i,Alaska,R0,catboost_ctx,1,cell,1.0,3.0,False,160,4,,True,3.0,5,blocks<5,3,14,160,-4.079251752422809,-4.079251752422809,-3.3234589947597644,-4.781142683174874,-3.8985622418920145,False
AL-3,i,Alaska,R0,tabpfn,1,cell,0.25,3.0,False,160,4,,True,3.0,5,blocks<5,3,14,160,-1.7810804630239772,-1.7810804630239772,-1.4550917049455327,-1.7858089089601044,-1.4789102505610865,False
AL-3,i,Alaska,R0,tabpfn,1,cell,0.5,3.0,False,160,4,,True,3.0,5,blocks<5,3,14,160,-3.336947410708035,-3.336947410708035,-2.707164769591014,-3.3557561235945124,-2.7634289865283894,False
AL-3,i,Alaska,R0,tabpfn,1,cell,1.0,3.0,False,160,4,,True,3.0,5,blocks<5,3,14,160,-5.474823401991809,-5.474823401991809,-4.353931476478949,-5.554763757810309,-4.496049044357552,False
AL-3,i,Alaska,R1,catboost_ctx,1,cell,0.25,3.0,False,160,4,3.0,False,3.0,5,blocks<5,3,14,160,-6.274885285626311,-6.274885285626311,-5.046309016928716,-6.3015293214059,-5.064227150227087,False
AL-3,i,Alaska,R1,catboost_ctx,1,cell,0.5,3.0,False,160,4,3.0,False,3.0,5,blocks<5,3,14,160,-6.289925765598068,-6.289925765598068,-5.151951662066173,-6.305810388802212,-5.160760099552601,False
AL-3,i,Alaska,R1,catboost_ctx,1,cell,1.0,3.0,False,160,4,3.0,False,3.0,5,blocks<5,3,14,40,-6.206550135723776,-6.187260603841902,-5.1135401409524945,-6.215358183760878,-5.1569383972024845,False
AL-3,i,Alaska,R1,tabpfn,1,cell,0.25,3.0,False,160,4,3.0,False,3.0,5,blocks<5,3,14,160,-6.252861067536904,-6.252861067536904,-4.979729909058384,-6.3047927076649755,-5.00422747181425,False
AL-3,i,Alaska,R1,tabpfn,1,cell,0.5,3.0,False,160,4,3.0,False,3.0,5,blocks<5,3,14,160,-6.278885937604461,-6.278885937604461,-5.029450825024924,-6.3346418766221095,-5.076639400890016,False
AL-3,i,Alaska,R1,tabpfn,1,cell,1.0,3.0,False,160,4,3.0,False,3.0,5,blocks<5,3,14,160,-6.298636950359676,-6.298636950359676,-5.09185088283756,-6.362603697762494,-5.164774552345408,False
AL-3,x,Alaska,D0,catboost_ctx,1,cell,1.0,160.0,False,160,4,,True,160.0,5,blocks<5,3,14,160,-2.6965901417806797,-2.6965901417806797,-1.2890034357728504,-3.414627953021153,-2.6905798062087016,False
AL-3,x,Alaska,D0,catboost_ctx,10,cell,1.0,40.0,False,160,3,,True,160.0,5,blocks<5,3,14,160,-3.117338187842243,-3.117338187842243,-1.5545081236412779,,,False
AL-3,x,Alaska,D0,catboost_ctx,3,cell,1.0,160.0,False,160,4,,True,160.0,5,blocks<5,3,14,160,-3.0339527963242596,-3.0339527963242596,-1.064173658714892,,,False
AL-3,x,Alaska,D0,tabpfn,1,cell,1.0,40.0,False,160,4,,True,40.0,5,blocks<5,3,14,160,-2.8247121390390997,-2.8247121390390997,-2.002162735243253,-2.814592755441173,-2.093841756648005,False
AL-3,x,Alaska,D0,tabpfn,10,cell,1.0,40.0,False,160,3,,True,40.0,5,blocks<5,3,14,40,-1.9074737673043547,-1.8810999973828946,-1.145772759355033,,,False
AL-3,x,Alaska,D0,tabpfn,3,cell,1.0,10.0,False,160,4,,True,40.0,5,blocks<5,3,14,40,-2.543713876335995,-2.4849775635448905,-1.6919345474163872,,,False
AL-3,x,Alaska,D0@rid,catboost_ctx,1,cell,1.0,,True,160,3,,True,,5,blocks<5,3,14,160,-2.410405073085687,-2.410405073085687,0.10219885119667307,-3.4234007090142162,-2.6731973145164907,False
AL-3,x,Alaska,D0@rid,tabpfn,1,cell,1.0,10.0,False,160,3,,True,40.0,5,blocks<5,3,14,160,-2.932732600891676,-2.932732600891676,-2.0228589244182316,-2.986671867308641,-2.2271408916568016,False
AL-3,x,Alaska,D0@tgt,catboost_ctx,1,cell,1.0,40.0,False,160,2,,True,,5,blocks<5,3,14,160,-3.175395807368392,-3.175395807368392,-1.4190988045543542,-3.5977443720893647,-1.9888798041230278,False
AL-3,x,Alaska,D0@tgt,tabpfn,1,cell,1.0,40.0,False,160,2,,True,,5,blocks<5,3,14,160,-3.490979064902561,-3.490979064902561,-1.9658519842153963,-3.4428063419146304,-1.9529518533427108,False
AL-3,x,Alaska,P1,none,1,cell,0.0,3.0,False,160,4,,True,3.0,5,blocks<5,3,14,160,-3.737850196562473,-3.737850196562473,-2.6443448959745752,-3.8037799526707916,-2.626132714361865,False
AL-3,x,Alaska,R0,catboost_ctx,1,cell,0.25,160.0,False,160,4,,True,160.0,5,blocks<5,3,14,160,-1.0631485413309505,-1.0631485413309505,-0.8185623750201104,-1.2354334360083619,-1.0372425369313676,False
AL-3,x,Alaska,R0,catboost_ctx,1,cell,0.5,160.0,False,160,4,,True,160.0,5,blocks<5,3,14,160,-1.8848593387953474,-1.8848593387953474,-1.3995885238755725,-2.1887254781820245,-1.786357231348587,False
AL-3,x,Alaska,R0,catboost_ctx,1,cell,1.0,160.0,False,160,4,,True,160.0,5,blocks<5,3,14,160,-2.645567148354511,-2.645567148354511,-1.6785174080951364,-3.0360073595117245,-2.226574332460669,False
AL-3,x,Alaska,R0,tabpfn,1,cell,0.25,40.0,False,160,4,,True,160.0,5,blocks<5,3,14,160,-0.8704579410216702,-0.8704579410216702,-0.5928408879338602,-0.9217574403397976,-0.723176674484533,False
AL-3,x,Alaska,R0,tabpfn,1,cell,0.5,40.0,False,160,4,,True,160.0,5,blocks<5,3,14,160,-1.5920780123598703,-1.5920780123598703,-1.0367343997785945,-1.6921871576789638,-1.2804516708793277,False
AL-3,x,Alaska,R0,tabpfn,1,cell,1.0,40.0,False,160,4,,True,,5,blocks<5,3,14,160,-2.4970017076280966,-2.4970017076280966,-1.3768025491590752,-2.6726944437214772,-1.808939137680803,False
AL-3,x,Alaska,R1,catboost_ctx,1,cell,0.25,10.0,False,160,4,,True,10.0,5,blocks<5,3,14,160,-3.622579665550006,-3.622579665550006,-2.7480523629379796,-3.6661317480926146,-2.7263247353947753,False
AL-3,x,Alaska,R1,catboost_ctx,1,cell,0.5,10.0,False,160,4,,True,40.0,5,blocks<5,3,14,160,-3.403548375632822,-3.403548375632822,-2.540391384217421,-3.447633233278764,-2.5800397185046275,False
AL-3,x,Alaska,R1,catboost_ctx,1,cell,1.0,40.0,False,160,4,,True,40.0,5,blocks<5,3,14,160,-2.6792294671060075,-2.6792294671060075,-1.4621198523265773,-2.784363544415808,-1.8426533639085798,False
AL-3,x,Alaska,R1,catboost_ctx,10,cell,0.25,10.0,False,160,3,,True,10.0,5,blocks<5,3,14,160,-3.5355626840147556,-3.5355626840147556,-2.6202354127610845,,,False
AL-3,x,Alaska,R1,catboost_ctx,10,cell,0.5,10.0,False,160,3,,True,10.0,5,blocks<5,3,14,160,-3.2859961978315737,-3.2859961978315737,-2.31214702440895,,,False
AL-3,x,Alaska,R1,catboost_ctx,10,cell,1.0,40.0,False,160,3,,True,40.0,5,blocks<5,3,14,160,-2.4435347143715567,-2.4435347143715567,-1.0252383923104615,,,False
AL-3,x,Alaska,R1,catboost_ctx,3,cell,0.25,3.0,False,160,4,,True,10.0,5,blocks<5,3,14,160,-3.5257963168292603,-3.5257963168292603,-2.625908597394593,,,False
AL-3,x,Alaska,R1,catboost_ctx,3,cell,0.5,10.0,False,160,4,,True,10.0,5,blocks<5,3,14,160,-3.273745482985764,-3.273745482985764,-2.3178139041114187,,,False
AL-3,x,Alaska,R1,catboost_ctx,3,cell,1.0,40.0,False,160,4,,True,40.0,5,blocks<5,3,14,160,-2.4491430217524885,-2.4491430217524885,-1.0165207887118042,,,False
AL-3,x,Alaska,R1,tabpfn,1,cell,0.25,10.0,False,160,4,,True,10.0,5,blocks<5,3,14,160,-3.7325213033291433,-3.7325213033291433,-2.9107447115373923,-3.8059678206547582,-2.9222021866450656,False
AL-3,x,Alaska,R1,tabpfn,1,cell,0.5,10.0,False,160,4,,True,10.0,5,blocks<5,3,14,160,-3.672471324791311,-3.672471324791311,-2.978990790263683,-3.7510762460301557,-3.024078921120051,False
AL-3,x,Alaska,R1,tabpfn,1,cell,1.0,40.0,False,160,4,,True,40.0,5,blocks<5,3,14,160,-3.3931202110262966,-3.3931202110262966,-2.6810692376257177,-3.476425752514101,-2.7923531207477468,False
AL-3,x,Alaska,R1,tabpfn,10,cell,0.25,10.0,False,160,3,,True,10.0,5,blocks<5,3,14,160,-3.648652291715264,-3.648652291715264,-2.8330300287552888,,,False
AL-3,x,Alaska,R1,tabpfn,10,cell,0.5,10.0,False,160,3,,True,10.0,5,blocks<5,3,14,160,-3.5405963303070793,-3.5405963303070793,-2.8611460424800725,,,False
AL-3,x,Alaska,R1,tabpfn,10,cell,1.0,10.0,False,160,3,,True,10.0,5,blocks<5,3,14,160,-3.048411537381128,-3.048411537381128,-2.4443650987718177,,,False
AL-3,x,Alaska,R1,tabpfn,3,cell,0.25,3.0,False,160,4,,True,3.0,5,blocks<5,3,14,160,-3.7049541734472484,-3.7049541734472484,-2.893789126851285,,,False
AL-3,x,Alaska,R1,tabpfn,3,cell,0.5,10.0,False,160,4,,True,10.0,5,blocks<5,3,14,160,-3.642925893054012,-3.642925893054012,-2.9507274979704414,,,False
AL-3,x,Alaska,R1,tabpfn,3,cell,1.0,10.0,False,160,4,,True,10.0,5,blocks<5,3,14,160,-3.2084766569831187,-3.2084766569831187,-2.5191743997554057,,,False
AL-3,x,Alaska,R1@rid,catboost_ctx,1,cell,0.25,10.0,False,160,3,,True,10.0,5,blocks<5,3,14,160,-3.546113945324767,-3.546113945324767,-2.6793117937124196,-3.7188326588017504,-2.761057158895255,False
AL-3,x,Alaska,R1@rid,catboost_ctx,1,cell,0.5,10.0,False,160,3,,True,40.0,5,blocks<5,3,14,160,-3.332982426465665,-3.332982426465665,-2.4785215198181105,-3.559752755790734,-2.6749367452566677,False
AL-3,x,Alaska,R1@rid,catboost_ctx,1,cell,1.0,40.0,False,160,3,,True,40.0,5,blocks<5,3,14,160,-2.6319857032854346,-2.6319857032854346,-1.552111128067884,-3.0299822228177695,-2.1099719259641234,False
AL-3,x,Alaska,R1@rid,tabpfn,1,cell,0.25,10.0,False,160,3,,True,10.0,5,blocks<5,3,14,160,-3.665615859707775,-3.665615859707775,-2.8550626133842734,-3.799412629865107,-2.896726018201498,False
AL-3,x,Alaska,R1@rid,tabpfn,1,cell,0.5,10.0,False,160,3,,True,10.0,5,blocks<5,3,14,160,-3.60570814216224,-3.60570814216224,-2.9116258642617168,-3.7290444891807413,-2.9634892987725845,False
AL-3,x,Alaska,R1@rid,tabpfn,1,cell,1.0,10.0,False,160,3,,True,40.0,5,blocks<5,3,14,160,-3.2972332391521135,-3.2972332391521135,-2.5382701172593167,-3.39957189994317,-2.6721632194791183,False
AL-3,x,Alaska,R1@tgt,catboost_ctx,1,cell,0.25,40.0,False,160,2,160.0,False,40.0,5,blocks<5,3,14,160,-3.7384108149570836,-3.7384108149570836,-2.7070597630466144,-3.8581659862141846,-2.7191501974396544,False
AL-3,x,Alaska,R1@tgt,catboost_ctx,1,cell,0.5,40.0,False,160,2,,True,40.0,5,blocks<5,3,14,160,-3.7140719680673655,-3.7140719680673655,-2.6896509072188066,-3.8633974114657748,-2.7350232528066725,False
AL-3,x,Alaska,R1@tgt,catboost_ctx,1,cell,1.0,40.0,False,160,2,,True,160.0,5,blocks<5,3,14,160,-3.3619770431091944,-3.3619770431091944,-2.3549793402097565,-3.7250209439614337,-2.6000729611077085,False
AL-3,x,Alaska,R1@tgt,tabpfn,1,cell,0.25,40.0,False,160,2,,True,40.0,5,blocks<5,3,14,160,-3.679347010999199,-3.679347010999199,-2.6866879741375924,-3.775682237958736,-2.6403153769365626,False
AL-3,x,Alaska,R1@tgt,tabpfn,1,cell,0.5,40.0,False,160,2,,True,40.0,5,blocks<5,3,14,160,-3.6750348207421366,-3.6750348207421366,-2.6678648759013694,-3.7339633633610037,-2.644062018183101,False
AL-3,x,Alaska,R1@tgt,tabpfn,1,cell,1.0,40.0,False,160,2,,True,40.0,5,blocks<5,3,14,160,-3.5977650777068377,-3.5977650777068377,-2.4353253176264293,-3.6115648561791516,-2.5687962840668606,False
AL-4,i,Alaska,D0,catboost_ctx,1,cell,1.0,,True,40,3,,True,,3,blocks<5,2,4,10,0.4590652199712508,0.7076661196313564,2.1650707142452013,0.5627335445140377,2.3796717670881855,False
AL-4,i,Alaska,D0,tabpfn,1,cell,1.0,,True,40,3,,True,,3,blocks<5,2,4,40,0.46409963632277496,0.46409963632277496,1.4171307032784668,0.14642391459616041,0.9990803690837531,False
AL-4,i,Alaska,P1,none,1,cell,0.0,,True,40,3,,True,,3,blocks<5,2,4,3,0.38121122857946216,1.7158323162052287,3.580334832136644,1.1214949024457315,2.6056680146021676,False
AL-4,i,Alaska,R0,catboost_ctx,1,cell,0.25,,True,40,3,,True,,3,blocks<5,2,4,3,0.4464766322165706,0.5055193041724925,1.8354103462540294,0.31054641133524896,1.275207615630105,False
AL-4,i,Alaska,R0,catboost_ctx,1,cell,0.5,,True,40,3,,True,,3,blocks<5,2,4,3,0.969701798630858,1.0761070202479956,3.720814289156934,0.6697894760216178,2.5923335191094075,False
AL-4,i,Alaska,R0,catboost_ctx,1,cell,1.0,,True,40,3,,True,,3,blocks<5,2,4,3,2.221871062552072,2.3923644737476146,7.605986793306102,1.5237833723807175,5.332735618728381,False
AL-4,i,Alaska,R0,tabpfn,1,cell,0.25,,True,40,3,,True,,3,blocks<5,2,4,40,0.2369647874553754,0.2369647874553754,0.7303226409496754,0.14519684094728666,0.5459798966093649,False
AL-4,i,Alaska,R0,tabpfn,1,cell,0.5,,True,40,3,,True,,3,blocks<5,2,4,40,0.492931433688059,0.492931433688059,1.4675371680740088,0.3036962352601182,1.0972503985681665,False
AL-4,i,Alaska,R0,tabpfn,1,cell,1.0,,True,40,3,,True,,3,blocks<5,2,4,40,1.0584416240280028,1.0584416240280028,2.960455087098089,0.6588794780677864,2.2142566719569934,False
AL-4,i,Alaska,R1,catboost_ctx,1,cell,0.25,,True,40,3,,True,,3,blocks<5,2,4,3,0.8432863548358599,2.07101035481694,5.051242215216611,1.3744020486666397,3.7406310981548905,False
AL-4,i,Alaska,R1,catboost_ctx,1,cell,0.5,,True,40,3,,True,,3,blocks<5,2,4,3,1.378672692497864,2.4837178209775055,6.522454089081133,1.6626168132680672,4.897370091367267,False
AL-4,i,Alaska,R1,catboost_ctx,1,cell,1.0,,True,40,3,,True,,3,blocks<5,2,4,3,2.6468563233073183,3.4681782107694707,9.802635921573728,2.3386182241347284,7.240316691485929,False
AL-4,i,Alaska,R1,tabpfn,1,cell,0.25,,True,40,3,,True,,3,blocks<5,2,4,3,0.7178815083601116,1.9510635226046997,4.093882540386858,1.2747613701918976,3.1186132283824803,False
AL-4,i,Alaska,R1,tabpfn,1,cell,0.5,,True,40,3,,True,,3,blocks<5,2,4,3,1.0803585374644804,2.2008444988792433,4.644925200686593,1.4390030005089816,3.6356891404418548,False
AL-4,i,Alaska,R1,tabpfn,1,cell,1.0,,True,40,3,,True,,3,blocks<5,2,4,3,1.8773069005823426,2.7417520548143224,5.8071662539511815,1.7990116360554171,4.681451029195716,False
AL-4,x,Alaska,D0,catboost_ctx,1,cell,1.0,,True,40,3,,True,,3,blocks<5,2,4,40,8.459328553845236,8.459328553845236,12.45249861027451,6.566758830983372,10.795159392581796,False
AL-4,x,Alaska,D0,tabpfn,1,cell,1.0,,True,40,3,,True,,3,blocks<5,2,4,40,8.573725269839652,8.573725269839652,17.030605391264587,7.404489490594538,14.736030905654848,False
AL-4,x,Alaska,P1,none,1,cell,0.0,,True,40,3,,True,,3,blocks<5,2,4,3,0.13742261656663976,1.5001887657118818,3.7989064195445805,1.7147341257768514,4.425433691309125,False
AL-4,x,Alaska,R0,catboost_ctx,1,cell,0.25,,True,40,3,,True,,3,blocks<5,2,4,40,0.8193125297319478,0.8193125297319478,2.7702498259658555,0.552566538972639,2.5540108858067967,False
AL-4,x,Alaska,R0,catboost_ctx,1,cell,0.5,,True,40,3,,True,,3,blocks<5,2,4,40,2.9673442898820994,2.9673442898820994,5.780236963304529,2.1837878151386696,5.278793074918476,False
AL-4,x,Alaska,R0,catboost_ctx,1,cell,1.0,,True,40,3,,True,,3,blocks<5,2,4,40,9.999960787877233,9.999960787877233,13.716620770873485,7.7742931468638625,11.779485230634235,False
AL-4,x,Alaska,R0,tabpfn,1,cell,0.25,,True,40,3,,True,,3,blocks<5,2,4,40,1.3219644283694845,1.3219644283694845,4.150151785449084,1.115421239112487,3.609567941778847,False
AL-4,x,Alaska,R0,tabpfn,1,cell,0.5,,True,40,3,,True,,3,blocks<5,2,4,40,3.4034014130006063,3.4034014130006063,8.692994532084079,2.86913091180325,7.376151041446483,False
AL-4,x,Alaska,R0,tabpfn,1,cell,1.0,,True,40,3,,True,,3,blocks<5,2,4,40,9.02904735463626,9.02904735463626,18.524602098633135,7.602707343728458,15.595705966155784,False
AL-4,x,Alaska,R1,catboost_ctx,1,cell,0.25,,True,40,3,,True,,3,blocks<5,2,4,3,1.264766239902708,2.5400432684021417,5.991616851114032,2.438264814683824,6.277815226770607,False
AL-4,x,Alaska,R1,catboost_ctx,1,cell,0.5,,True,40,3,,True,,3,blocks<5,2,4,3,4.177697975987781,4.671354544774457,8.809358815693034,4.189926648847102,8.865916193936878,False
AL-4,x,Alaska,R1,catboost_ctx,1,cell,1.0,,True,40,3,,True,,3,blocks<5,2,4,40,11.210397343862263,11.210397343862263,15.2230458775123,9.851105933345137,15.398364960556615,False
AL-4,x,Alaska,R1,tabpfn,1,cell,0.25,,True,40,3,,True,,3,blocks<5,2,4,3,1.545628741440139,3.530525711427179,8.28706137470381,3.5386307722320054,7.822969114377951,False
AL-4,x,Alaska,R1,tabpfn,1,cell,0.5,,True,40,3,,True,,3,blocks<5,2,4,3,3.845640361956434,6.033296470142812,12.380389340572263,5.710928290835741,11.594894410855346,False
AL-4,x,Alaska,R1,tabpfn,1,cell,1.0,,True,40,3,,True,,3,blocks<5,2,4,3,10.239429576409474,11.965414268997188,21.7964532420491,10.719664699337594,19.25803746440443,False
AL-5,i,Alaska,D0,catboost_ctx,1,cell,1.0,,True,160,4,,True,,5,blocks<5,4,17,10,-0.23995101960245294,0.5200278008089313,2.300171663405371,1.4391151429848328,3.5378175022099088,False
AL-5,i,Alaska,D0,tabpfn,1,cell,1.0,,True,160,4,160.0,False,,5,blocks<5,4,17,3,-0.6583665754555874,-0.28513117192924825,1.8338048500957878,-0.660812453032294,1.459846602379893,False
AL-5,i,Alaska,P1,none,1,cell,0.0,,True,160,4,,True,,5,blocks<5,4,17,3,0.10986269506322514,2.0192095781236645,3.309173381985553,2.097675092615905,3.4059928026857555,False
AL-5,i,Alaska,R0,catboost_ctx,1,cell,0.25,3.0,False,160,4,,True,3.0,5,blocks<5,4,17,3,-0.3036332172389571,-0.019729956223967095,0.20004108185479152,0.06399362515187904,0.3808946239408444,False
AL-5,i,Alaska,R0,catboost_ctx,1,cell,0.5,3.0,False,160,4,3.0,False,3.0,5,blocks<5,4,17,3,-0.5669487242445157,0.04880358277705952,0.4588414986819321,0.26041250171309543,0.8502829479869152,False
AL-5,i,Alaska,R0,catboost_ctx,1,cell,1.0,3.0,False,160,4,3.0,False,3.0,5,blocks<5,4,17,3,-0.964745948026728,0.4416534344655417,1.1472200540726853,1.0313875470094822,2.0524432192939295,False
AL-5,i,Alaska,R0,tabpfn,1,cell,0.25,,True,160,4,,True,,5,blocks<5,4,17,3,-0.04385049331178479,0.0659415691904428,0.45158234333190644,0.029362757164029318,0.43772280557578214,False
AL-5,i,Alaska,R0,tabpfn,1,cell,0.5,,True,160,4,,True,,5,blocks<5,4,17,3,-0.05433319335923557,0.17603615402754258,0.9393790341517717,0.0956635758520676,0.9062541930887286,False
AL-5,i,Alaska,R0,tabpfn,1,cell,1.0,,True,160,4,,True,,5,blocks<5,4,17,3,0.02455003378547218,0.5263374412596071,2.030586870580034,0.3375695406790179,1.9344509842999555,False
AL-5,i,Alaska,R1,catboost_ctx,1,cell,0.25,,True,160,4,3.0,False,,5,blocks<5,4,17,3,-0.16737753612803702,1.795162869509653,3.0059840400666507,1.8469578141523413,3.1285748776982025,False
AL-5,i,Alaska,R1,catboost_ctx,1,cell,0.5,,True,160,4,3.0,False,,5,blocks<5,4,17,3,-0.40417310734614487,1.6283157244007178,2.7740476418380196,1.6781841593983635,2.9567268350646705,False
AL-5,i,Alaska,R1,catboost_ctx,1,cell,1.0,3.0,False,160,4,3.0,False,3.0,5,blocks<5,4,17,3,-0.7495289502475074,1.470249419889555,2.5070440659591835,1.590897925836218,2.9313443143919966,False
AL-5,i,Alaska,R1,tabpfn,1,cell,0.25,,True,160,4,,True,,5,blocks<5,4,17,3,0.08268860940092253,1.9237529680083447,3.283629440124907,1.9173383604185077,3.292797235040872,False
AL-5,i,Alaska,R1,tabpfn,1,cell,0.5,,True,160,4,,True,,5,blocks<5,4,17,3,0.08735239082455948,1.8689277464212481,3.3198833519755655,1.7744048598838191,3.2568641971423427,False
AL-5,i,Alaska,R1,tabpfn,1,cell,1.0,,True,160,4,,True,,5,blocks<5,4,17,3,0.19084089833870194,1.880794655326254,3.5679848953826663,1.6016285327556303,3.3647360586904336,False
AL-5,x,Alaska,D0,catboost_ctx,1,cell,1.0,,True,160,4,,True,,5,blocks<5,4,17,160,4.64680129367979,4.64680129367979,6.14842759702553,3.660056439704168,5.106868508713877,False
AL-5,x,Alaska,D0,tabpfn,1,cell,1.0,,True,160,4,,True,,5,blocks<5,4,17,160,4.236720850143804,4.236720850143804,6.935544752553862,2.7329348311829187,5.280655678239228,False
AL-5,x,Alaska,P1,none,1,cell,0.0,,True,160,4,,True,,5,blocks<5,4,17,3,0.7365222737453877,2.6481171286189307,4.030632375605286,2.8465360255805514,4.292594973004531,False
AL-5,x,Alaska,R0,catboost_ctx,1,cell,0.25,,True,160,4,,True,,5,blocks<5,4,17,40,0.7730411478321286,0.808771584317985,1.2105084340833512,0.8377992976983144,1.2954959009501814,False
AL-5,x,Alaska,R0,catboost_ctx,1,cell,0.5,,True,160,4,,True,,5,blocks<5,4,17,160,1.8663551360632304,1.8663551360632304,2.5882702423970994,1.8072405246171854,2.676869628665007,False
AL-5,x,Alaska,R0,catboost_ctx,1,cell,1.0,,True,160,4,,True,,5,blocks<5,4,17,160,4.557975412355073,4.557975412355073,5.808112066948556,4.057095492056012,5.679685962631168,False
AL-5,x,Alaska,R0,tabpfn,1,cell,0.25,,True,160,4,,True,,5,blocks<5,4,17,3,0.8103895701208351,0.8753444435707628,1.6259470846775377,0.6539500626220182,1.422190421648377,False
AL-5,x,Alaska,R0,tabpfn,1,cell,0.5,,True,160,4,,True,,5,blocks<5,4,17,10,1.9747607345108833,1.9787707270894905,3.4712885025735796,1.5255055860532054,3.0566453266440297,False
AL-5,x,Alaska,R0,tabpfn,1,cell,1.0,,True,160,4,,True,,5,blocks<5,4,17,160,4.740459868425966,4.740459868425966,7.618278595955105,3.819113445411845,6.781432509963187,False
AL-5,x,Alaska,R1,catboost_ctx,1,cell,0.25,,True,160,4,,True,,5,blocks<5,4,17,3,1.942076484956879,3.1327251799978213,4.495082048521637,3.114850228590664,4.491510536650481,False
AL-5,x,Alaska,R1,catboost_ctx,1,cell,0.5,,True,160,4,,True,,5,blocks<5,4,17,160,3.726292550254904,3.726292550254904,5.118359465037068,3.4574562632688313,4.847941090070777,False
AL-5,x,Alaska,R1,catboost_ctx,1,cell,1.0,,True,160,4,,True,,5,blocks<5,4,17,160,5.194415896500431,5.194415896500431,6.6990187697458685,4.344036376741005,6.135831416286596,False
AL-5,x,Alaska,R1,tabpfn,1,cell,0.25,,True,160,4,,True,,5,blocks<5,4,17,3,1.489329342771061,3.4060727054287683,5.11760707015966,3.30151188643391,4.9998185108318784,False
AL-5,x,Alaska,R1,tabpfn,1,cell,0.5,,True,160,4,,True,,5,blocks<5,4,17,3,2.683537349136187,4.316413199361316,6.43084995765762,3.9135402049898937,5.93149617356033,False
AL-5,x,Alaska,R1,tabpfn,1,cell,1.0,,True,160,4,,True,,5,blocks<5,4,17,10,6.136738524664413,6.56079481429583,9.614449122888972,5.599618339278068,8.471309148166338,False
AL-6,i,Alaska,D0,catboost_ctx,1,cell,1.0,,True,1000,6,,True,,4,blocks<5,2,7,1000,0.545947081793781,0.545947081793781,5.3942160399681285,0.3946691164244944,5.965161369430539,False
AL-6,i,Alaska,D0,tabpfn,1,cell,1.0,,True,1000,6,,True,,4,blocks<5,2,7,1000,0.7912789866181864,0.7912789866181864,3.0198998831643293,0.25611670324118707,2.523494324225457,False
AL-6,i,Alaska,P1,none,1,cell,0.0,,True,1000,6,,True,,4,blocks<5,2,7,10,0.15995537124609482,0.19325562241190974,0.2893925181031962,0.189241423926501,0.2903451796919502,False
AL-6,i,Alaska,R0,catboost_ctx,1,cell,0.25,,True,1000,6,,True,,4,blocks<5,2,7,320,0.25685017003229005,0.3303741930555031,2.18090258282089,0.2039150095919946,1.7667121812890292,False
AL-6,i,Alaska,R0,catboost_ctx,1,cell,0.5,,True,1000,6,,True,,4,blocks<5,2,7,320,0.5752949588512299,0.7601844619133096,4.630905661820056,0.4637990213047778,3.801538089803753,False
AL-6,i,Alaska,R0,catboost_ctx,1,cell,1.0,,True,1000,6,,True,,4,blocks<5,2,7,320,1.367734656917715,1.8524905634092024,9.892026162525099,1.1298729116301458,8.18068277841222,False
AL-6,i,Alaska,R0,tabpfn,1,cell,0.25,,True,1000,6,,True,,4,blocks<5,2,7,1000,0.15062989510166958,0.15062989510166958,1.314203855890802,0.09184144317455045,1.1800943661406358,False
AL-6,i,Alaska,R0,tabpfn,1,cell,0.5,,True,1000,6,,True,,4,blocks<5,2,7,1000,0.3453914954241446,0.3453914954241446,2.7691044776754454,0.20815628312564316,2.4696413507856505,False
AL-6,i,Alaska,R0,tabpfn,1,cell,1.0,,True,1000,6,,True,,4,blocks<5,2,7,1000,0.8517644369682014,0.8517644369682014,5.8823253302900715,0.5079780693576752,5.238293034234815,False
AL-6,i,Alaska,R1,catboost_ctx,1,cell,0.25,,True,1000,6,,True,,4,blocks<5,2,7,1000,0.44768747099753137,0.44768747099753137,2.169203941114622,0.3375074257695907,1.9938289587337832,False
AL-6,i,Alaska,R1,catboost_ctx,1,cell,0.5,,True,1000,6,,True,,4,blocks<5,2,7,320,0.7519087491459131,0.7792531565245131,4.503928423213323,0.5052910154815224,4.0658452548922295,False
AL-6,i,Alaska,R1,catboost_ctx,1,cell,1.0,,True,1000,6,,True,,4,blocks<5,2,7,320,1.4931543319233858,1.6330750918830086,9.635105962308316,0.8942519253247574,8.665120022208107,False
AL-6,i,Alaska,R1,tabpfn,1,cell,0.25,,True,1000,6,,True,,4,blocks<5,2,7,1000,0.3087069983420312,0.3087069983420312,1.2904674777251135,0.2524029160235637,1.2137677937035938,False
AL-6,i,Alaska,R1,tabpfn,1,cell,0.5,,True,1000,6,,True,,4,blocks<5,2,7,1000,0.46859709048080767,0.46859709048080767,2.580981793964572,0.3400110272561192,2.363754228019683,False
AL-6,i,Alaska,R1,tabpfn,1,cell,1.0,,True,1000,6,,True,,4,blocks<5,2,7,1000,0.9097445630305412,0.9097445630305412,5.607690103760129,0.5837572890645482,5.073273207479932,False
AL-6,x,Alaska,D0,catboost_ctx,1,cell,1.0,,True,1000,6,,True,,4,blocks<5,2,7,1000,0.7988118414442806,0.7988118414442806,11.67870446041143,0.9122990625850735,12.662852432342499,False
AL-6,x,Alaska,D0,tabpfn,1,cell,1.0,,True,1000,6,,True,,4,blocks<5,2,7,1000,0.309312110567213,0.309312110567213,9.995767571397609,0.30273567179658967,7.977319006280403,False
AL-6,x,Alaska,P1,none,1,cell,0.0,,True,1000,6,,True,,4,blocks<5,2,7,10,0.04971980613733029,0.2469793490425527,1.7778784439875814,0.2349501062993502,1.759226140243457,False
AL-6,x,Alaska,R0,catboost_ctx,1,cell,0.25,,True,1000,6,,True,,4,blocks<5,2,7,320,-0.2010051028070854,-0.14819806874036212,2.3122871341310396,-0.1298088805326052,2.2888968463608226,False
AL-6,x,Alaska,R0,catboost_ctx,1,cell,0.5,,True,1000,6,,True,,4,blocks<5,2,7,1000,-0.07817088214633872,-0.07817088214633872,5.558821893011711,0.005350405814454895,5.473987755819244,False
AL-6,x,Alaska,R0,catboost_ctx,1,cell,1.0,,True,1000,6,,True,,4,blocks<5,2,7,1000,0.6775686570259101,0.6775686570259101,12.739142650629617,1.0171557962041002,12.519138734857748,False
AL-6,x,Alaska,R0,tabpfn,1,cell,0.25,,True,1000,6,,True,,4,blocks<5,2,7,1000,-0.21128183029393455,-0.21128183029393455,2.493712916699564,-0.1582923410671122,2.408973487558702,False
AL-6,x,Alaska,R0,tabpfn,1,cell,0.5,,True,1000,6,,True,,4,blocks<5,2,7,1000,-0.042350958802193084,-0.042350958802193084,6.200048462868067,0.21634268408922352,5.941363392388681,False
AL-6,x,Alaska,R0,tabpfn,1,cell,1.0,,True,1000,6,,True,,4,blocks<5,2,7,1000,1.3230008566961815,1.3230008566961815,14.16361291905297,2.2648916190833264,13.716013356419653,False
AL-6,x,Alaska,R1,catboost_ctx,1,cell,0.25,,True,1000,6,,True,,4,blocks<5,2,7,320,0.23161024629014326,0.2585521903055299,4.597067547985524,0.3390995574335989,4.544237030356704,False
AL-6,x,Alaska,R1,catboost_ctx,1,cell,0.5,,True,1000,6,,True,,4,blocks<5,2,7,1000,0.40000012303379373,0.40000012303379373,7.884721101738716,0.5947059183321102,7.792624875795567,False
AL-6,x,Alaska,R1,catboost_ctx,1,cell,1.0,,True,1000,6,,True,,4,blocks<5,2,7,1000,1.0296256704365558,1.0296256704365558,14.889624394619812,1.504637360908914,14.574500947156228,False
AL-6,x,Alaska,R1,tabpfn,1,cell,0.25,,True,1000,6,,True,,4,blocks<5,2,7,320,0.48504240645316354,0.49063081133963937,5.071584419894806,0.685267778260843,5.069319049594136,False
AL-6,x,Alaska,R1,tabpfn,1,cell,0.5,,True,1000,6,,True,,4,blocks<5,2,7,1000,0.9140921718120323,0.9140921718120323,8.923414943824813,1.4058682171247843,8.92507456199542,False
AL-6,x,Alaska,R1,tabpfn,1,cell,1.0,,True,1000,6,,True,,4,blocks<5,2,7,1000,2.237386713044976,2.237386713044976,16.8680344700002,3.4827485829902876,16.941267870718715,False
Alaska,x,Alaska,D0,catboost_ctx,1,cell,1.0,,True,1000,6,,True,,5,,21,73,1000,5.734946491516655,5.734946491516655,7.631736034187702,3.1087754209908507,4.139280423925682,False
Alaska,x,Alaska,D0,catboost_ctx,10,cell,1.0,,True,160,3,,True,,5,,21,73,160,5.306787553751613,5.306787553751613,7.041934874387571,,,False
Alaska,x,Alaska,D0,catboost_ctx,3,cell,1.0,,True,160,4,,True,,5,,21,73,160,6.796189245721662,6.796189245721662,8.988160655731914,,,False
Alaska,x,Alaska,D0,tabpfn,1,cell,1.0,,True,1000,6,,True,,5,,21,73,1000,4.610874088702616,4.610874088702616,5.691800591827672,0.8787950732936984,1.2800891167481445,False
Alaska,x,Alaska,D0,tabpfn,10,cell,1.0,,True,160,3,,True,,5,,21,73,160,7.495809829872536,7.495809829872536,9.315052739994565,,,False
Alaska,x,Alaska,D0,tabpfn,3,cell,1.0,,True,160,4,,True,,5,,21,73,160,7.406044817663426,7.406044817663426,9.13456482858168,,,False
Alaska,x,Alaska,D0@rid,catboost_ctx,1,cell,1.0,,True,160,3,,True,,5,,21,73,160,6.435137534367979,6.435137534367979,8.46722798106606,2.942422645889731,3.9142192038725043,False
Alaska,x,Alaska,D0@rid,tabpfn,1,cell,1.0,,True,160,3,,True,,5,,21,73,160,6.943890222138807,6.943890222138807,8.58887509841064,0.9602381543081921,1.378183992797323,False
Alaska,x,Alaska,D0@tgt,catboost_ctx,1,cell,1.0,,True,1000,4,,True,,5,,21,73,1000,1.9981147616203896,1.9981147616203896,2.6242418984773237,1.3550199594437682,1.856655311500936,False
Alaska,x,Alaska,D0@tgt,tabpfn,1,cell,1.0,,True,1000,4,,True,,5,,21,73,160,2.3498324858585384,3.128824367671446,4.068249415035861,1.6754852170029195,2.4921507807294763,False
Alaska,x,Alaska,P1,none,1,cell,0.0,,True,1000,6,,True,,5,,21,73,160,-0.05696668810679704,0.08335953291773528,0.6081220241285407,0.06708346840105114,0.5947204350275428,False
Alaska,x,Alaska,R0,catboost_ctx,1,cell,0.25,,True,1000,6,40.0,False,,5,,21,73,320,-0.5267680092005108,-0.5107598577872118,0.18366978802487452,-0.5858190517679731,-0.1254947121274291,False
Alaska,x,Alaska,R0,catboost_ctx,1,cell,0.5,,True,1000,6,,True,,5,,21,73,1000,0.0795759355506899,0.0795759355506899,1.4190897722305305,-0.7230142640562004,0.08694093051492084,False
Alaska,x,Alaska,R0,catboost_ctx,1,cell,1.0,,True,1000,6,,True,,5,,21,73,1000,3.5655513868663062,3.5655513868663062,5.8782912665057045,0.3644700490598691,1.596779811916058,False
Alaska,x,Alaska,R0,tabpfn,1,cell,0.25,40.0,False,1000,6,10.0,False,,5,,21,73,320,-0.8827068537294884,-0.8739864233537201,-0.31455899124406617,-0.5566716445830174,-0.3171912214233117,False
Alaska,x,Alaska,R0,tabpfn,1,cell,0.5,320.0,False,1000,6,160.0,False,,5,,21,73,1000,-0.7128727528034677,-0.7128727528034677,-0.2165612525053496,-0.8497416161215068,-0.4094862431956806,False
Alaska,x,Alaska,R0,tabpfn,1,cell,1.0,,True,1000,6,,True,,5,,21,73,1000,2.208317714992701,2.208317714992701,2.9794480911092935,-0.5751762295793483,0.1562311691490301,False
Alaska,x,Alaska,R1,catboost_ctx,1,cell,0.25,,True,1000,6,,True,,5,,21,73,320,0.1033413259619362,0.15146100771088947,1.3035147776482356,-0.31289298326992815,0.42486511894545054,False
Alaska,x,Alaska,R1,catboost_ctx,1,cell,0.5,,True,1000,6,,True,,5,,21,73,1000,0.9865848063966205,0.9865848063966205,2.7167557198805814,-0.4084624284865296,0.5663650862488626,False
Alaska,x,Alaska,R1,catboost_ctx,1,cell,1.0,,True,1000,6,,True,,5,,21,73,1000,4.343383822211491,4.343383822211491,6.9029756341536,0.27723151440260274,1.4845112646323386,False
Alaska,x,Alaska,R1,catboost_ctx,10,cell,0.25,,True,160,3,,True,,5,,21,73,10,-0.3477912115724912,0.08055628272462059,1.144920980416468,,,False
Alaska,x,Alaska,R1,catboost_ctx,10,cell,0.5,,True,160,3,,True,,5,,21,73,10,0.7416131139156026,0.781269059567751,2.433552228502278,,,False
Alaska,x,Alaska,R1,catboost_ctx,10,cell,1.0,,True,160,3,,True,,5,,21,73,160,3.6073933373261866,3.6073933373261866,6.159736913221693,,,False
Alaska,x,Alaska,R1,catboost_ctx,3,cell,0.25,,True,160,4,,True,,5,,21,73,10,-0.2394313930992233,0.1629817319555201,1.2707926781130352,,,False
Alaska,x,Alaska,R1,catboost_ctx,3,cell,0.5,,True,160,4,,True,,5,,21,73,10,1.079366766741306,1.092827655502316,2.798639683427972,,,False
Alaska,x,Alaska,R1,catboost_ctx,3,cell,1.0,,True,160,4,,True,,5,,21,73,160,4.6386375902487185,4.6386375902487185,7.226862870870956,,,False
Alaska,x,Alaska,R1,tabpfn,1,cell,0.25,,True,1000,6,,True,,5,,21,73,320,-0.3209600384608766,-0.1833144336684846,0.6646969159664433,-0.1863205401416444,0.39159380036723485,False
Alaska,x,Alaska,R1,tabpfn,1,cell,0.5,,True,1000,6,,True,,5,,21,73,1000,0.4539586009532595,0.4539586009532595,1.3105528618296138,-0.28951637169572886,0.39212034540977564,False
Alaska,x,Alaska,R1,tabpfn,1,cell,1.0,,True,1000,6,,True,,5,,21,73,1000,3.747206431570504,3.747206431570504,4.9581264188622844,-0.016632243672394863,0.8561200576566217,False
Alaska,x,Alaska,R1,tabpfn,10,cell,0.25,,True,160,3,,True,,5,,21,73,10,-0.514006313612074,-0.07065063889795412,0.8680390668745139,,,False
Alaska,x,Alaska,R1,tabpfn,10,cell,0.5,,True,160,3,,True,,5,,21,73,160,0.9010352856159155,0.9010352856159155,1.963541804716718,,,False
Alaska,x,Alaska,R1,tabpfn,10,cell,1.0,,True,160,3,,True,,5,,21,73,160,5.136455349950785,5.136455349950785,6.7740428967649535,,,False
Alaska,x,Alaska,R1,tabpfn,3,cell,0.25,,True,160,4,,True,,5,,21,73,10,-0.46792267580980323,-0.08302556540601244,0.8536572558232601,,,False
Alaska,x,Alaska,R1,tabpfn,3,cell,0.5,,True,160,4,,True,,5,,21,73,160,1.0052178071211944,1.0052178071211944,2.010461787454834,,,False
Alaska,x,Alaska,R1,tabpfn,3,cell,1.0,,True,160,4,,True,,5,,21,73,160,5.5815316336409735,5.5815316336409735,7.285961539182566,,,False
Alaska,x,Alaska,R1@rid,catboost_ctx,1,cell,0.25,,True,160,3,,True,,5,,21,73,10,-0.18348187171077085,0.3057078444954218,1.4086487847600482,-0.3077569874622014,0.3923811009885005,False
Alaska,x,Alaska,R1@rid,catboost_ctx,1,cell,0.5,,True,160,3,,True,,5,,21,73,160,1.2431593332791486,1.2431593332791486,2.9991791816185485,-0.41643870482857964,0.5150398158529591,False
Alaska,x,Alaska,R1@rid,catboost_ctx,1,cell,1.0,,True,160,3,,True,,5,,21,73,160,4.496652592494243,4.496652592494243,7.332182686165319,0.18404972249430074,1.4249509257626447,False
Alaska,x,Alaska,R1@rid,tabpfn,1,cell,0.25,,True,160,3,,True,,5,,21,73,10,-0.37600146599180884,-0.10470395598403962,0.8305734910946116,-0.21420631418164787,0.3350398101819259,False
Alaska,x,Alaska,R1@rid,tabpfn,1,cell,0.5,,True,160,3,,True,,5,,21,73,160,0.8888047866085774,0.8888047866085774,1.830464103475141,-0.365599576898493,0.26011781573919335,False
Alaska,x,Alaska,R1@rid,tabpfn,1,cell,1.0,,True,160,3,,True,,5,,21,73,160,5.169979310418759,5.169979310418759,6.8096242513385326,-0.2512754560511258,0.5580060870021938,False
Alaska,x,Alaska,R1@tgt,catboost_ctx,1,cell,0.25,,True,1000,4,160.0,False,,5,,21,73,320,-0.5515533435285445,-0.43581100469100453,0.13543242836076258,-0.3616617290101143,0.1793065997364221,False
Alaska,x,Alaska,R1@tgt,catboost_ctx,1,cell,0.5,,True,1000,4,320.0,False,,5,,21,73,320,-0.6480425686751161,-0.5193014553266362,0.14958567081959578,-0.37596415599408245,0.20497468756233628,False
Alaska,x,Alaska,R1@tgt,catboost_ctx,1,cell,1.0,,True,1000,4,,True,,5,,21,73,320,0.14689312635379573,0.43745416997608794,1.0898583350447315,0.8028007473772565,1.4520827194010384,False
Alaska,x,Alaska,R1@tgt,tabpfn,1,cell,0.25,,True,1000,4,160.0,False,,5,,21,73,320,-0.5705644952630582,-0.4644746055917544,0.03946068421450592,-0.28188403407643603,0.11634607129888198,False
Alaska,x,Alaska,R1@tgt,tabpfn,1,cell,0.5,1000.0,False,1000,4,320.0,False,,5,,21,73,1000,-0.7369117465614394,-0.7369117465614394,-0.18429270240981385,-0.5236180703670904,-0.1690516982531593,False
Alaska,x,Alaska,R1@tgt,tabpfn,1,cell,1.0,,True,1000,4,1000.0,False,,5,,21,73,1000,-0.5875763405915546,-0.5875763405915546,0.0031838494244203837,-0.6634846969311535,-0.20397005002607246,False
CA-2,i,Canada,D0,catboost_ctx,1,cell,1.0,3.0,False,160,4,3.0,False,3.0,5,blocks<5,2,13,40,-5.260210421127999,-4.186384074083554,0.4188834676917005,-4.161662317105854,-0.22221085493670475,False
CA-2,i,Canada,D0,tabpfn,1,cell,1.0,3.0,False,160,4,3.0,False,3.0,5,blocks<5,2,13,40,-4.179494601759437,-0.9241827972185291,0.7019953245830395,0.10218817721358278,1.556288748937145,False
CA-2,i,Canada,P1,none,1,cell,0.0,,True,160,4,,True,,5,blocks<5,2,13,40,-3.593091210672376,-2.8943222009577774,1.2116119624501285,-3.002666430832673,1.276565744916242,False
CA-2,i,Canada,R0,catboost_ctx,1,cell,0.25,3.0,False,160,4,,True,3.0,5,blocks<5,2,13,10,-1.2470596557364986,-0.8574444522827797,0.2436545289790442,-0.7967622608165591,0.23219028157075783,False
CA-2,i,Canada,R0,catboost_ctx,1,cell,0.5,3.0,False,160,4,,True,3.0,5,blocks<5,2,13,10,-2.391193483113406,-1.565535601308234,0.59553744714795,-1.4518500578657352,0.5679381420739484,False
CA-2,i,Canada,R0,catboost_ctx,1,cell,1.0,3.0,False,160,4,3.0,False,3.0,5,blocks<5,2,13,10,-4.295911823098962,-2.4901590068441757,1.6174376075625947,-2.291805024132448,1.543247656865644,False
CA-2,i,Canada,R0,tabpfn,1,cell,0.25,,True,160,4,,True,,5,blocks<5,2,13,40,-0.7598276895563515,0.033221809045405594,0.32233004347556615,0.26848469481771103,0.5486419486321868,False
CA-2,i,Canada,R0,tabpfn,1,cell,0.5,,True,160,4,,True,,5,blocks<5,2,13,40,-1.4454774361622884,0.14308350605150083,0.7390338860286743,0.6292363429125103,1.1966536208155591,False
CA-2,i,Canada,R0,tabpfn,1,cell,1.0,,True,160,4,,True,,5,blocks<5,2,13,40,-2.5222801602644234,0.5819125474747672,1.8703695420992654,1.6021706870484393,2.7446297826596733,False
CA-2,i,Canada,R1,catboost_ctx,1,cell,0.25,3.0,False,160,4,3.0,False,,5,blocks<5,2,13,40,-4.118771580626559,-3.737814504058516,0.9756414269815984,-3.9736574555068684,0.8401422528061525,False
CA-2,i,Canada,R1,catboost_ctx,1,cell,0.5,3.0,False,160,4,3.0,False,,5,blocks<5,2,13,40,-4.470646883882772,-4.149624297594661,1.2494676293808609,-4.40442401109366,1.0305733821995882,False
CA-2,i,Canada,R1,catboost_ctx,1,cell,1.0,3.0,False,160,4,3.0,False,,5,blocks<5,2,13,10,-4.685801027746898,-3.7390059600202212,3.049021718948057,-3.718548799722304,3.0112362007785722,False
CA-2,i,Canada,R1,tabpfn,1,cell,0.25,3.0,False,160,4,40.0,False,,5,blocks<5,2,13,40,-3.994710723242315,-3.1238715864324247,0.4351354938243637,-3.162046297141786,0.5072212875813019,False
CA-2,i,Canada,R1,tabpfn,1,cell,0.5,3.0,False,160,4,,True,,5,blocks<5,2,13,40,-4.330620498995793,-3.1856594093821013,-0.12943733499779997,-3.1038717829852542,-0.05555025520133411,False
CA-2,i,Canada,R1,tabpfn,1,cell,1.0,10.0,False,160,4,,True,,5,blocks<5,2,13,40,-4.777266780556642,-2.777840952866565,-0.45265696376150083,-2.3077076507503347,-0.2641320187987107,False
CA-2,x,Canada,D0,catboost_ctx,1,cell,1.0,3.0,False,160,4,3.0,False,,5,blocks<5,2,13,3,-5.342063206314143,-2.8288048179829293,2.180596990442039,-3.0109167719255727,2.1062877100193793,False
CA-2,x,Canada,D0,catboost_ctx,10,cell,1.0,,True,160,3,,True,,5,blocks<5,2,13,10,-4.410825449683722,6.720333275577985,7.876249329545005,,,False
CA-2,x,Canada,D0,catboost_ctx,3,cell,1.0,3.0,False,160,4,3.0,False,3.0,5,blocks<5,2,13,3,-5.454038097322486,3.3450672367393914,7.08130170348694,,,False
CA-2,x,Canada,D0,tabpfn,1,cell,1.0,3.0,False,160,4,10.0,False,3.0,5,blocks<5,2,13,10,-3.083014036946958,-0.49211399639201864,1.6091726143695464,0.031108689552276657,2.1142898470648652,False
CA-2,x,Canada,D0,tabpfn,10,cell,1.0,10.0,False,160,3,,True,10.0,5,blocks<5,2,13,40,-2.6087273191324725,-1.8225069979462316,0.887044142768757,,,False
CA-2,x,Canada,D0,tabpfn,3,cell,1.0,3.0,False,160,4,,True,3.0,5,blocks<5,2,13,10,-3.2295342897172348,0.7335175954341541,2.591204148307459,,,False
CA-2,x,Canada,D0@rid,catboost_ctx,1,cell,1.0,10.0,False,160,3,10.0,False,10.0,5,blocks<5,2,13,40,-4.329168493024196,-3.1732105021271333,1.4899612083862563,-3.29254939244766,0.8317749230849841,False
CA-2,x,Canada,D0@rid,tabpfn,1,cell,1.0,10.0,False,160,3,,True,10.0,5,blocks<5,2,13,10,-2.990058310853194,0.776740084703729,2.6325289949802033,1.5739648917003575,3.307459726747307,False
CA-2,x,Canada,D0@tgt,catboost_ctx,1,cell,1.0,,True,160,2,,True,,5,blocks<5,2,13,40,2.7771558591392984,15.835085501956806,24.191855643812698,16.589533363463442,27.385698774311923,False
CA-2,x,Canada,D0@tgt,tabpfn,1,cell,1.0,,True,160,2,,True,,5,blocks<5,2,13,40,11.511301909548768,27.167482306266585,37.582126732123506,29.345369114460453,38.417252909474655,False
CA-2,x,Canada,P1,none,1,cell,0.0,,True,160,4,,True,,5,blocks<5,2,13,160,-2.8605384068026694,-2.8605384068026694,1.0781433108926803,-2.7313088976891136,1.2910424667316556,False
CA-2,x,Canada,R0,catboost_ctx,1,cell,0.25,3.0,False,160,4,,True,3.0,5,blocks<5,2,13,40,-1.166821172967957,-0.68492155357476,0.37216569848084596,-0.6168700694859275,0.28198479829719075,False
CA-2,x,Canada,R0,catboost_ctx,1,cell,0.5,3.0,False,160,4,,True,3.0,5,blocks<5,2,13,40,-2.1909617185572516,-1.2019727455221054,0.9167628375151009,-1.0714701096336339,0.7110969166590588,False
CA-2,x,Canada,R0,catboost_ctx,1,cell,1.0,3.0,False,160,4,3.0,False,,5,blocks<5,2,13,3,-3.762523626655748,-1.7068335381264883,2.3945279902936183,-1.4617496950944815,2.165428404085227,False
CA-2,x,Canada,R0,tabpfn,1,cell,0.25,,True,160,4,,True,,5,blocks<5,2,13,40,-0.2898477782651579,0.13154825597997616,0.48125779862306134,0.28432086239129967,0.6377810202143287,False
CA-2,x,Canada,R0,tabpfn,1,cell,0.5,,True,160,4,,True,,5,blocks<5,2,13,40,-0.5320191978362526,0.3585247212217485,1.0641257099835193,0.6775064708841168,1.3971481034385198,False
CA-2,x,Canada,R0,tabpfn,1,cell,1.0,,True,160,4,,True,,5,blocks<5,2,13,40,-0.8583658319633347,1.0557890692847676,2.549122459119316,1.7372579674335658,3.1795379290864574,False
CA-2,x,Canada,R1,catboost_ctx,1,cell,0.25,3.0,False,160,4,3.0,False,,5,blocks<5,2,13,160,-3.717220034308876,-3.717220034308876,0.696793782832159,-3.56441489601918,0.8449941190790885,False
CA-2,x,Canada,R1,catboost_ctx,1,cell,0.5,3.0,False,160,4,3.0,False,,5,blocks<5,2,13,160,-3.8537096367255677,-3.8537096367255677,1.1457776445277221,-3.663232300927868,1.2167503930538468,False
CA-2,x,Canada,R1,catboost_ctx,1,cell,1.0,3.0,False,160,4,3.0,False,,5,blocks<5,2,13,3,-3.8505462258076903,-2.4764605075591613,3.801439916425928,-2.1019783675353767,3.947889176966073,False
CA-2,x,Canada,R1,catboost_ctx,10,cell,0.25,,True,160,3,,True,,5,blocks<5,2,13,10,-2.6972493235826116,-1.6690329358370353,1.347041910618752,,,False
CA-2,x,Canada,R1,catboost_ctx,10,cell,0.5,,True,160,3,,True,,5,blocks<5,2,13,10,-3.0223272913111763,1.6754638330097915,4.017650199244685,,,False
CA-2,x,Canada,R1,catboost_ctx,10,cell,1.0,,True,160,3,,True,,5,blocks<5,2,13,10,-3.025495272648055,10.488614906229383,13.209999294704284,,,False
CA-2,x,Canada,R1,catboost_ctx,3,cell,0.25,3.0,False,160,4,3.0,False,,5,blocks<5,2,13,10,-2.6609004656632056,-2.6311387507563877,1.3549305988165938,,,False
CA-2,x,Canada,R1,catboost_ctx,3,cell,0.5,3.0,False,160,4,3.0,False,,5,blocks<5,2,13,3,-3.0132738711380034,-0.5815393810285354,3.7517897612424576,,,False
CA-2,x,Canada,R1,catboost_ctx,3,cell,1.0,3.0,False,160,4,3.0,False,,5,blocks<5,2,13,3,-4.114420224123158,5.559143671427359,11.347539823478833,,,False
CA-2,x,Canada,R1,tabpfn,1,cell,0.25,3.0,False,160,4,,True,,5,blocks<5,2,13,160,-3.2293676972213747,-3.2293676972213747,0.17287607777732042,-3.090000820582622,0.30999874739042943,False
CA-2,x,Canada,R1,tabpfn,1,cell,0.5,40.0,False,160,4,,True,,5,blocks<5,2,13,160,-3.3108814893220058,-3.3108814893220058,-0.38579593782035676,-3.1175747749713603,-0.2823556270470086,False
CA-2,x,Canada,R1,tabpfn,1,cell,1.0,10.0,False,160,4,,True,,5,blocks<5,2,13,40,-3.1144941318905026,-2.542845356121434,-0.32674223174208067,-2.099829938906207,-0.16949701740167505,False
CA-2,x,Canada,R1,tabpfn,10,cell,0.25,40.0,False,160,3,160.0,False,,5,blocks<5,2,13,160,-3.4134594472281945,-3.4134594472281945,0.20856602332379945,,,False
CA-2,x,Canada,R1,tabpfn,10,cell,0.5,40.0,False,160,3,160.0,False,,5,blocks<5,2,13,160,-3.748539306363952,-3.748539306363952,-0.3838689896070037,,,False
CA-2,x,Canada,R1,tabpfn,10,cell,1.0,10.0,False,160,3,,True,,5,blocks<5,2,13,160,-3.739616051156984,-3.739616051156984,-0.6050114410638536,,,False
CA-2,x,Canada,R1,tabpfn,3,cell,0.25,3.0,False,160,4,,True,,5,blocks<5,2,13,160,-3.2311168049745747,-3.2311168049745747,0.07964464882907686,,,False
CA-2,x,Canada,R1,tabpfn,3,cell,0.5,3.0,False,160,4,,True,,5,blocks<5,2,13,160,-3.233610984273068,-3.233610984273068,-0.47476649519965464,,,False
CA-2,x,Canada,R1,tabpfn,3,cell,1.0,10.0,False,160,4,,True,,5,blocks<5,2,13,10,-2.5984783466616577,-2.1348324673433052,-0.08198511163907357,,,False
CA-2,x,Canada,R1@rid,catboost_ctx,1,cell,0.25,,True,160,3,,True,,5,blocks<5,2,13,160,-3.650895367183194,-3.650895367183194,0.6988257562855322,-3.6412680638386377,1.0360821924818941,False
CA-2,x,Canada,R1@rid,catboost_ctx,1,cell,0.5,,True,160,3,,True,,5,blocks<5,2,13,160,-3.8371262603405016,-3.8371262603405016,1.0496201550447866,-3.8974349831174893,1.491441148925931,False
CA-2,x,Canada,R1@rid,catboost_ctx,1,cell,1.0,,True,160,3,,True,,5,blocks<5,2,13,10,-3.585254461127815,-2.7403460571757035,3.420119543837017,-2.736709236339066,4.235581146337892,False
CA-2,x,Canada,R1@rid,tabpfn,1,cell,0.25,40.0,False,160,3,,True,,5,blocks<5,2,13,160,-3.282481011280082,-3.282481011280082,-0.116972822202074,-3.1497603242503667,0.017911644660653748,False
CA-2,x,Canada,R1@rid,tabpfn,1,cell,0.5,10.0,False,160,3,,True,,5,blocks<5,2,13,160,-3.3120168265317007,-3.3120168265317007,-0.8279274610443348,-3.174447234932113,-0.7900216070927419,False
CA-2,x,Canada,R1@rid,tabpfn,1,cell,1.0,10.0,False,160,3,,True,160.0,5,blocks<5,2,13,40,-2.424464019613972,-2.181333117400979,-0.4710440942524713,-1.9432246253828898,-0.39234008140941423,False
CA-2,x,Canada,R1@tgt,catboost_ctx,1,cell,0.25,,True,160,2,,True,,5,blocks<5,2,13,40,-1.3563724177639607,-0.8852616569259013,1.1050857675874255,-0.9743447112047725,1.6278546563180163,False
CA-2,x,Canada,R1@tgt,catboost_ctx,1,cell,0.5,,True,160,2,,True,,5,blocks<5,2,13,40,-0.1784859018047346,4.237824764745497,7.836043931473268,4.083586986589745,9.65440454822632,False
CA-2,x,Canada,R1@tgt,catboost_ctx,1,cell,1.0,,True,160,2,,True,,5,blocks<5,2,13,40,3.33010118634607,16.76700145871542,24.081806280441196,16.901451691974156,28.145913406621816,False
CA-2,x,Canada,R1@tgt,tabpfn,1,cell,0.25,,True,160,2,,True,,5,blocks<5,2,13,40,0.036448159351881414,1.07615743537045,2.9859295921880835,1.245372621422364,3.030066846405932,False
CA-2,x,Canada,R1@tgt,tabpfn,1,cell,0.5,,True,160,2,,True,,5,blocks<5,2,13,40,3.3955011006378144,9.62623276584932,13.520162532206557,10.095666623728262,13.77069030076092,False
CA-2,x,Canada,R1@tgt,tabpfn,1,cell,1.0,,True,160,2,,True,,5,blocks<5,2,13,40,11.63181539753594,29.118787320462708,36.89845869395761,30.4542413877772,37.88771167015017,False
CA-3,i,Canada,D0,catboost_ctx,1,cell,1.0,,True,40,3,,True,,5,blocks<5,3,16,40,0.07753432695426525,0.07753432695426525,1.0313333263145812,-0.4126069148444202,0.9770100502067979,False
CA-3,i,Canada,D0,tabpfn,1,cell,1.0,,True,40,3,,True,,5,blocks<5,3,16,40,-0.6102005142223931,-0.6102005142223931,0.8378059601366794,-1.238385855452855,0.6113814707396391,False
CA-3,i,Canada,P1,none,1,cell,0.0,,True,40,3,,True,,5,blocks<5,3,16,10,-0.4324267503669518,0.601913955525584,3.2033273013623735,1.2384392457362168,3.958445642888631,False
CA-3,i,Canada,R0,catboost_ctx,1,cell,0.25,3.0,False,40,3,,True,,5,blocks<5,3,16,10,-0.6241659041898749,-0.5068653356603591,-0.2572385164850901,-0.5648975350346916,-0.2887053656740387,False
CA-3,i,Canada,R0,catboost_ctx,1,cell,0.5,10.0,False,40,3,,True,,5,blocks<5,3,16,10,-0.965177209249967,-0.804821652741736,-0.26090757372022727,-0.9199068427247183,-0.2931500563889376,False
CA-3,i,Canada,R0,catboost_ctx,1,cell,1.0,,True,40,3,,True,,5,blocks<5,3,16,10,-0.8289905396541741,-0.7945437623051476,0.5990660641550751,-1.0131878527839162,0.6368652638740421,False
CA-3,i,Canada,R0,tabpfn,1,cell,0.25,,True,40,3,,True,,5,blocks<5,3,16,10,-0.6807009886375865,-0.6196244489269886,0.019081627955148568,-0.7229423708976966,-0.08711016624915502,False
CA-3,i,Canada,R0,tabpfn,1,cell,0.5,,True,40,3,,True,,5,blocks<5,3,16,10,-1.0649006039926825,-1.048258014044834,0.26766305163109416,-1.2683417666580177,0.06124294391317373,False
CA-3,i,Canada,R0,tabpfn,1,cell,1.0,,True,40,3,40.0,False,,5,blocks<5,3,16,40,-1.3321034918325723,-1.3321034918325723,1.4432167905096762,-1.8109083056514101,1.0178711732970998,False
CA-3,i,Canada,R1,catboost_ctx,1,cell,0.25,,True,40,3,,True,,5,blocks<5,3,16,10,-0.6285823474270451,0.41449270964673063,2.94259970304211,0.6225432437635036,3.0310436939478516,False
CA-3,i,Canada,R1,catboost_ctx,1,cell,0.5,,True,40,3,,True,,5,blocks<5,3,16,10,-0.6596680827759756,0.2699979056496112,2.774191178604372,0.09130135120311919,2.3154291293774523,False
CA-3,i,Canada,R1,catboost_ctx,1,cell,1.0,,True,40,3,,True,,5,blocks<5,3,16,10,-0.24865077248344178,0.11323102759578205,2.7633836831044514,-0.6887871785792676,1.6449618062308649,False
CA-3,i,Canada,R1,tabpfn,1,cell,0.25,,True,40,3,,True,,5,blocks<5,3,16,10,-0.5476476050581838,0.3506258673707521,3.1654620013006114,0.5039628513821626,3.2074896472270202,False
CA-3,i,Canada,R1,tabpfn,1,cell,0.5,,True,40,3,,True,,5,blocks<5,3,16,10,-0.5077524744340053,0.17177683893904713,3.2475281883274767,-0.11094163424035841,2.731450933302884,False
CA-3,i,Canada,R1,tabpfn,1,cell,1.0,,True,40,3,,True,,5,blocks<5,3,16,10,0.021018457068954888,0.03579869987274194,3.823171272195004,-0.9499389829946032,2.6050980660057808,False
CA-3,x,Canada,D0,catboost_ctx,1,cell,1.0,,True,40,3,,True,,5,blocks<5,3,16,40,1.0811339958308381,1.0811339958308381,1.499318140762773,0.17874954441157415,1.1589440453181268,False
CA-3,x,Canada,D0,catboost_ctx,10,cell,1.0,,True,40,2,,True,,5,blocks<5,3,16,40,-0.3109113177881568,-0.3109113177881568,0.8770707271908224,,,False
CA-3,x,Canada,D0,catboost_ctx,3,cell,1.0,,True,40,3,,True,,5,blocks<5,3,16,40,0.5630797076995634,0.5630797076995634,1.0423079497467702,,,False
CA-3,x,Canada,D0,tabpfn,1,cell,1.0,,True,40,3,,True,,5,blocks<5,3,16,40,-0.4437743678940279,-0.4437743678940279,0.6118054342681187,-1.1765223775268432,0.6110006852381138,False
CA-3,x,Canada,D0,tabpfn,10,cell,1.0,,True,40,2,,True,,5,blocks<5,3,16,40,-0.1955474354548862,-0.1955474354548862,2.7571780695925425,,,False
CA-3,x,Canada,D0,tabpfn,3,cell,1.0,,True,40,3,,True,,5,blocks<5,3,16,40,-0.8979808255187287,-0.8979808255187287,1.4018224146565192,,,False
CA-3,x,Canada,D0@rid,catboost_ctx,1,cell,1.0,,True,40,2,,True,,5,blocks<5,3,16,40,1.1538254759874362,1.1538254759874362,2.0383172752949585,0.2694291080996457,1.5765037055934212,False
CA-3,x,Canada,D0@rid,tabpfn,1,cell,1.0,,True,40,2,,True,,5,blocks<5,3,16,40,-0.3077798336064923,-0.3077798336064923,0.8808717558472959,-1.2201113769260417,0.7430726923588853,False
CA-3,x,Canada,D0@tgt,catboost_ctx,1,cell,1.0,,True,40,1,,True,,5,blocks<5,3,16,40,-0.39202021755660893,-0.39202021755660893,1.8012541888043874,-1.5725819569412878,3.1495847548729152,False
CA-3,x,Canada,D0@tgt,tabpfn,1,cell,1.0,,True,40,1,,True,,5,blocks<5,3,16,40,0.23470074662039195,0.23470074662039195,2.0158996543417764,-1.4585939737824993,1.8151431790503894,False
CA-3,x,Canada,P1,none,1,cell,0.0,,True,40,3,,True,,5,blocks<5,3,16,3,-0.19031051037525942,1.2010688928170794,3.1637476321998275,1.393969610481306,3.940536686241991,False
CA-3,x,Canada,R0,catboost_ctx,1,cell,0.25,40.0,False,40,3,,True,,5,blocks<5,3,16,3,-0.36364619665340714,-0.25770958879671185,-0.018284524600159797,-0.4088335201496157,-0.15658247644322987,False
CA-3,x,Canada,R0,catboost_ctx,1,cell,0.5,,True,40,3,,True,,5,blocks<5,3,16,3,-0.32247622511574364,-0.31779222443804966,0.17269347324497408,-0.619673441247965,-0.05703765623223159,False
CA-3,x,Canada,R0,catboost_ctx,1,cell,1.0,,True,40,3,,True,,5,blocks<5,3,16,40,0.1100287563174561,0.1100287563174561,1.2347973017699079,-0.4682915439451655,0.9954935458109874,False
CA-3,x,Canada,R0,tabpfn,1,cell,0.25,40.0,False,40,3,,True,,5,blocks<5,3,16,40,-0.602529683307926,-0.602529683307926,-0.014452970065655163,-0.7030602134408767,-0.019601956111218396,False
CA-3,x,Canada,R0,tabpfn,1,cell,0.5,,True,40,3,10.0,False,,5,blocks<5,3,16,40,-1.064206339677856,-1.064206339677856,0.1361758385901577,-1.25035507321059,0.1453970229129503,False
CA-3,x,Canada,R0,tabpfn,1,cell,1.0,,True,40,3,40.0,False,,5,blocks<5,3,16,40,-1.5570179526194565,-1.5570179526194565,0.9435410319663591,-1.8561293297891026,1.0318540557588873,False
CA-3,x,Canada,R1,catboost_ctx,1,cell,0.25,,True,40,3,,True,,5,blocks<5,3,16,3,-0.10486184627920139,1.152779192915083,3.089836195529353,0.8607922476211222,3.1573093610942267,False
CA-3,x,Canada,R1,catboost_ctx,1,cell,0.5,,True,40,3,,True,,5,blocks<5,3,16,3,0.2609578732433825,1.135141522100075,3.1154451963543703,0.3852256920063944,2.5738350859000003,False
CA-3,x,Canada,R1,catboost_ctx,1,cell,1.0,,True,40,3,,True,,5,blocks<5,3,16,40,1.1916161379382992,1.1916161379382992,3.365697774708985,-0.3748961706711761,1.7486835715178717,False
CA-3,x,Canada,R1,catboost_ctx,10,cell,0.25,,True,40,2,40.0,False,,5,blocks<5,3,16,40,0.6867252264826191,0.6867252264826191,1.8693521710179954,,,False
CA-3,x,Canada,R1,catboost_ctx,10,cell,0.5,,True,40,2,40.0,False,,5,blocks<5,3,16,40,0.24310242510719463,0.24310242510719463,1.358129046158979,,,False
CA-3,x,Canada,R1,catboost_ctx,10,cell,1.0,,True,40,2,,True,,5,blocks<5,3,16,40,-0.15350946499305565,-0.15350946499305565,1.4828856898192695,,,False
CA-3,x,Canada,R1,catboost_ctx,3,cell,0.25,,True,40,3,,True,,5,blocks<5,3,16,3,-0.11213039857907461,1.0040210429374725,2.3248815977011117,,,False
CA-3,x,Canada,R1,catboost_ctx,3,cell,0.5,,True,40,3,,True,,5,blocks<5,3,16,3,0.27966459281766376,0.782590006526911,2.0024101308214592,,,False
CA-3,x,Canada,R1,catboost_ctx,3,cell,1.0,,True,40,3,,True,,5,blocks<5,3,16,40,0.523268543787043,0.523268543787043,1.8912924592110487,,,False
CA-3,x,Canada,R1,tabpfn,1,cell,0.25,,True,40,3,40.0,False,,5,blocks<5,3,16,3,-0.2779890201570261,0.7187192688851909,2.821175068704808,0.6064967484813941,3.16180186513514,False
CA-3,x,Canada,R1,tabpfn,1,cell,0.5,,True,40,3,,True,,5,blocks<5,3,16,3,-0.09136655846537636,0.31264199966657247,2.685003495870969,-0.04847324077104389,2.737890758640896,False
CA-3,x,Canada,R1,tabpfn,1,cell,1.0,,True,40,3,,True,,5,blocks<5,3,16,40,-0.2555241023733984,-0.2555241023733984,2.8883893437297576,-0.9217704182811147,2.6447648527502916,False
CA-3,x,Canada,R1,tabpfn,10,cell,0.25,,True,40,2,,True,,5,blocks<5,3,16,10,0.37687906825577216,0.8452281004893372,2.2849794861529684,,,False
CA-3,x,Canada,R1,tabpfn,10,cell,0.5,,True,40,2,,True,,5,blocks<5,3,16,10,0.44879635885476005,0.5159692357583687,2.194575804060302,,,False
CA-3,x,Canada,R1,tabpfn,10,cell,1.0,,True,40,2,,True,,5,blocks<5,3,16,40,0.20285280395326238,0.20285280395326238,2.7624037297530113,,,False
CA-3,x,Canada,R1,tabpfn,3,cell,0.25,,True,40,3,40.0,False,,5,blocks<5,3,16,3,-0.24197353185534992,0.5967881127929893,2.1273780394466266,,,False
CA-3,x,Canada,R1,tabpfn,3,cell,0.5,,True,40,3,40.0,False,,5,blocks<5,3,16,3,0.010325767799353259,0.06092343234964659,1.9694104524294442,,,False
CA-3,x,Canada,R1,tabpfn,3,cell,1.0,,True,40,3,,True,,5,blocks<5,3,16,40,-0.5179526349670809,-0.5179526349670809,2.512489248469832,,,False
CA-3,x,Canada,R1@rid,catboost_ctx,1,cell,0.25,,True,40,2,,True,,5,blocks<5,3,16,10,0.7815617216713789,1.265897257871152,2.6567987306555128,0.818650775905008,3.139443558668812,False
CA-3,x,Canada,R1@rid,catboost_ctx,1,cell,0.5,,True,40,2,,True,,5,blocks<5,3,16,10,1.2345236515674904,1.2722233139240842,2.5908740342759558,0.31310945945684165,2.530651052846789,False
CA-3,x,Canada,R1@rid,catboost_ctx,1,cell,1.0,,True,40,2,,True,,5,blocks<5,3,16,40,1.358590662045105,1.358590662045105,2.626402355296589,-0.4629481442315416,1.7101426538480193,False
CA-3,x,Canada,R1@rid,tabpfn,1,cell,0.25,,True,40,2,,True,,5,blocks<5,3,16,10,0.4005706425714898,0.8552491387942525,2.3663339622008857,0.6079914052864176,3.167917274042668,False
CA-3,x,Canada,R1@rid,tabpfn,1,cell,0.5,,True,40,2,,True,,5,blocks<5,3,16,10,0.47479697949902755,0.49875383228792386,2.1957413345225674,-0.054845914300278055,2.71880756336663,False
CA-3,x,Canada,R1@rid,tabpfn,1,cell,1.0,,True,40,2,,True,,5,blocks<5,3,16,40,0.015101280127704796,0.015101280127704796,2.4800063660087477,-0.9714423579710377,2.5831632637200026,False
CA-3,x,Canada,R1@tgt,catboost_ctx,1,cell,0.25,,True,40,1,40.0,False,,5,blocks<5,3,16,40,0.11419864360696437,0.11419864360696437,1.2784019064309073,-0.2797592332654354,2.3087120066510978,False
CA-3,x,Canada,R1@tgt,catboost_ctx,1,cell,0.5,,True,40,1,40.0,False,,5,blocks<5,3,16,40,-0.6080162928329464,-0.6080162928329464,0.6997617771117078,-1.4870661424232174,1.6968831515597358,False
CA-3,x,Canada,R1@tgt,catboost_ctx,1,cell,1.0,,True,40,1,40.0,False,,5,blocks<5,3,16,40,-0.6440507244262662,-0.6440507244262662,1.5908147743153727,-2.2004869839109906,3.0428567391006958,False
CA-3,x,Canada,R1@tgt,tabpfn,1,cell,0.25,,True,40,1,40.0,False,,5,blocks<5,3,16,40,0.5112546305800898,0.5112546305800898,1.7011487139823045,0.10212983409986336,2.504809807648635,False
CA-3,x,Canada,R1@tgt,tabpfn,1,cell,0.5,,True,40,1,40.0,False,,5,blocks<5,3,16,40,-0.0037124473180334405,-0.0037124473180334405,1.1855435088211528,-0.9441158355992065,1.6032645596751982,False
CA-3,x,Canada,R1@tgt,tabpfn,1,cell,1.0,,True,40,1,,True,,5,blocks<5,3,16,40,-0.2553433880763656,-0.2553433880763656,1.3831728076364382,-2.1103232145474293,1.1582153774527686,False
Canada,x,Canada,D0,catboost_ctx,1,cell,1.0,160.0,False,320,5,10.0,False,320.0,5,,12,36,320,-1.745992555947911,-1.745992555947911,-0.45654683905949955,-1.7331573214220093,-0.5073846458931942,False
Canada,x,Canada,D0,catboost_ctx,10,cell,1.0,160.0,False,160,3,10.0,False,,5,,12,36,160,-2.1831924175035917,-2.1831924175035917,-0.18786083334956644,,,False
Canada,x,Canada,D0,catboost_ctx,3,cell,1.0,160.0,False,160,4,10.0,False,160.0,5,,12,36,160,-1.955466711862637,-1.955466711862637,-0.616304606351618,,,False
Canada,x,Canada,D0,tabpfn,1,cell,1.0,160.0,False,320,5,10.0,False,160.0,5,,12,36,160,-1.550783452315769,-1.393027573115657,0.07385325856615924,-1.4151443369308652,0.034414261197855366,False
Canada,x,Canada,D0,tabpfn,10,cell,1.0,,True,160,3,40.0,False,,5,,12,36,160,-1.772685600665067,-1.772685600665067,0.29744999191202187,,,False
Canada,x,Canada,D0,tabpfn,3,cell,1.0,160.0,False,160,4,10.0,False,160.0,5,,12,36,160,-1.7552921162795336,-1.7552921162795336,-0.02006697100808706,,,False
Canada,x,Canada,D0@rid,catboost_ctx,1,cell,1.0,,True,160,3,10.0,False,,5,,12,36,160,-1.1674049665593422,-1.1674049665593422,0.09754438415176746,-1.0239845200911908,0.16239526556128225,False
Canada,x,Canada,D0@rid,tabpfn,1,cell,1.0,,True,160,3,10.0,False,,5,,12,36,160,-1.2929780333446288,-1.2929780333446288,0.12214984766016039,-1.1916601267261904,0.25758659945791657,False
Canada,x,Canada,D0@tgt,catboost_ctx,1,cell,1.0,,True,320,3,160.0,False,,5,,12,36,320,-1.9731790304814603,-1.9731790304814603,1.1327050992240408,-2.027391965646802,0.48513951195735794,False
Canada,x,Canada,D0@tgt,tabpfn,1,cell,1.0,,True,320,3,160.0,False,,5,,12,36,160,-0.3108784438483966,1.0558088823016214,4.294589302239686,0.7365791441298875,3.5075415271020973,False
Canada,x,Canada,P1,none,1,cell,0.0,,True,320,5,,True,,5,,12,36,3,0.973498113979965,4.65963997344547,5.846781090135326,4.638171953843806,5.825027258212402,False
Canada,x,Canada,R0,catboost_ctx,1,cell,0.25,3.0,False,320,5,3.0,False,3.0,5,,12,36,3,-0.7702666051849306,-0.6636829672445899,-0.42453905427329797,-0.6535678513526108,-0.42193224067653873,False
Canada,x,Canada,R0,catboost_ctx,1,cell,0.5,3.0,False,320,5,3.0,False,3.0,5,,12,36,320,-1.2242275300155554,-1.2242275300155554,-0.7350247688427824,-1.2099869262876581,-0.7372477251106158,False
Canada,x,Canada,R0,catboost_ctx,1,cell,1.0,40.0,False,320,5,10.0,False,40.0,5,,12,36,320,-2.0054859223166828,-2.0054859223166828,-0.9462194962863818,-2.0029234378111114,-0.9860831295518955,False
Canada,x,Canada,R0,tabpfn,1,cell,0.25,3.0,False,320,5,3.0,False,3.0,5,,12,36,160,-0.6669367337681947,-0.5691415062925088,-0.11108705314004648,-0.5258528800337501,-0.06474948346276505,False
Canada,x,Canada,R0,tabpfn,1,cell,0.5,10.0,False,320,5,3.0,False,10.0,5,,12,36,160,-1.1740975295002165,-0.9779924486324802,0.00022700321178500388,-0.8912463373495363,0.09123897142133042,False
Canada,x,Canada,R0,tabpfn,1,cell,1.0,,True,320,5,10.0,False,,5,,12,36,160,-1.6713342229999988,-1.284258166659221,0.8698717614206717,-1.1129340473116442,1.0738095643530907,False
Canada,x,Canada,R1,catboost_ctx,1,cell,0.25,,True,320,5,3.0,False,,5,,12,36,3,0.1004842804454313,3.364809156146444,4.405268558099898,3.3541459278075365,4.396637873961305,False
Canada,x,Canada,R1,catboost_ctx,1,cell,0.5,,True,320,5,3.0,False,,5,,12,36,3,-0.46773254654880037,2.1944200046326947,3.1226544430624528,2.1958215430728023,3.125811614434147,False
Canada,x,Canada,R1,catboost_ctx,1,cell,1.0,,True,320,5,10.0,False,,5,,12,36,3,-0.6412376756753069,0.28917254630663647,1.0770106158055133,0.31870284460681686,1.1072594531593292,False
Canada,x,Canada,R1,catboost_ctx,10,cell,0.25,,True,160,3,10.0,False,,5,,12,36,10,0.6640819837451722,2.7103125840020943,3.415957068536089,,,False
Canada,x,Canada,R1,catboost_ctx,10,cell,0.5,,True,160,3,10.0,False,,5,,12,36,10,-0.3553152259991073,1.3120833337256912,1.7252190554575475,,,False
Canada,x,Canada,R1,catboost_ctx,10,cell,1.0,,True,160,3,10.0,False,,5,,12,36,10,-1.2717101907523776,-0.5190010573620796,0.8689862306156219,,,False
Canada,x,Canada,R1,catboost_ctx,3,cell,0.25,,True,160,4,3.0,False,,5,,12,36,3,0.4245492285230689,3.046960502433329,3.927398473699092,,,False
Canada,x,Canada,R1,catboost_ctx,3,cell,0.5,,True,160,4,3.0,False,,5,,12,36,3,-0.08140698396617978,1.8685727630309223,2.5271861641719715,,,False
Canada,x,Canada,R1,catboost_ctx,3,cell,1.0,,True,160,4,10.0,False,,5,,12,36,10,-0.8664923256564763,0.03456683246642669,0.6008651369380107,,,False
Canada,x,Canada,R1,tabpfn,1,cell,0.25,,True,320,5,3.0,False,,5,,12,36,3,0.3389504103507207,3.209595579504209,4.080658876512392,3.2016555650256597,4.05965713512988,False
Canada,x,Canada,R1,tabpfn,1,cell,0.5,,True,320,5,3.0,False,,5,,12,36,3,-0.08597134710830048,1.9695365244445084,2.5379878114158707,1.9802672578677885,2.5293847712689805,False
Canada,x,Canada,R1,tabpfn,1,cell,1.0,,True,320,5,10.0,False,,5,,12,36,3,-0.2881308784608997,0.2881150062227363,1.27550420965794,0.3534370510063923,1.3466745937360716,False
Canada,x,Canada,R1,tabpfn,10,cell,0.25,,True,160,3,10.0,False,,5,,12,36,10,0.8723422269326505,3.199044913567156,4.091877110114917,,,False
Canada,x,Canada,R1,tabpfn,10,cell,0.5,,True,160,3,10.0,False,,5,,12,36,10,0.0037638362607694377,2.1901210189961517,2.8658116595274343,,,False
Canada,x,Canada,R1,tabpfn,10,cell,1.0,,True,160,3,40.0,False,,5,,12,36,10,-0.79138365004709,0.7641206992790913,1.6088569731795972,,,False
Canada,x,Canada,R1,tabpfn,3,cell,0.25,,True,160,4,3.0,False,,5,,12,36,3,0.7264354973276091,2.933461785966532,3.7347237019887167,,,False
Canada,x,Canada,R1,tabpfn,3,cell,0.5,,True,160,4,10.0,False,,5,,12,36,10,-0.11118754179327724,1.7009190172866404,2.2161942799896828,,,False
Canada,x,Canada,R1,tabpfn,3,cell,1.0,,True,160,4,10.0,False,,5,,12,36,10,-1.0955552928211396,0.0036966284361774626,1.0758702774076159,,,False
Canada,x,Canada,R1@rid,catboost_ctx,1,cell,0.25,,True,160,3,10.0,False,,5,,12,36,10,1.0881296448826432,3.334339123715101,4.348673041427551,3.4098771796740004,4.466913704175731,False
Canada,x,Canada,R1@rid,catboost_ctx,1,cell,0.5,,True,160,3,10.0,False,,5,,12,36,10,0.33388633672084894,2.3920669663544816,3.3341639780508205,2.288481429342563,3.236832834994827,False
Canada,x,Canada,R1@rid,catboost_ctx,1,cell,1.0,,True,160,3,10.0,False,,5,,12,36,10,-0.6211091343078493,0.8316742598119674,1.7602483474911201,0.417213674202862,1.2049790587766003,False
Canada,x,Canada,R1@rid,tabpfn,1,cell,0.25,,True,160,3,10.0,False,,5,,12,36,10,0.9561011606518797,2.8559820969687557,3.6528212981550174,2.9977547326189153,3.835767734639191,False
Canada,x,Canada,R1@rid,tabpfn,1,cell,0.5,,True,160,3,10.0,False,,5,,12,36,10,0.08472701965580143,1.5381609330797965,2.0472082341819435,1.5953088399656132,2.1166845660293396,False
Canada,x,Canada,R1@rid,tabpfn,1,cell,1.0,,True,160,3,10.0,False,,5,,12,36,10,-1.0156257314287196,-0.3496897853060659,0.6630751258966536,-0.2790953868294125,0.895311399628102,False
Canada,x,Canada,R1@tgt,catboost_ctx,1,cell,0.25,,True,320,3,40.0,False,,5,,12,36,320,2.1348393130858034,2.1348393130858034,2.7247526957824695,2.3226390465308766,2.908782357283846,False
Canada,x,Canada,R1@tgt,catboost_ctx,1,cell,0.5,,True,320,3,40.0,False,,5,,12,36,320,0.22893599969969786,0.22893599969969786,0.9597378605759739,0.5165644521921301,1.2440202814641648,False
Canada,x,Canada,R1@tgt,catboost_ctx,1,cell,1.0,,True,320,3,320.0,False,,5,,12,36,320,-1.2887260913376728,-1.2887260913376728,1.9679101015570428,-1.0879527479699256,2.089865714564342,False
Canada,x,Canada,R1@tgt,tabpfn,1,cell,0.25,,True,320,3,40.0,False,,5,,12,36,160,2.4435098978702534,2.5274740995645653,3.156868393160869,2.6311782276475126,3.290577914501322,False
Canada,x,Canada,R1@tgt,tabpfn,1,cell,0.5,,True,320,3,40.0,False,,5,,12,36,160,0.916459039334373,0.999050352586741,1.7043965248940933,1.1464689556384677,1.8941140481625882,False
Canada,x,Canada,R1@tgt,tabpfn,1,cell,1.0,,True,320,3,160.0,False,,5,,12,36,160,-0.5964445925445346,0.06897764881194135,3.089871667833114,0.21978993314216594,3.165187810590119,False
LE-1,i,Lena,D0,catboost_ctx,1,cell,1.0,,True,320,5,,True,,4,blocks<5,3,14,10,0.5550655773701605,2.30989058893815,3.602740564830788,1.658367874540322,3.485085825281939,False
LE-1,i,Lena,D0,tabpfn,1,cell,1.0,160.0,False,320,5,160.0,False,,4,blocks<5,3,14,320,-3.2777291087918137,-3.2777291087918137,-0.8353952669302556,-4.001419987879649,-0.3218000564866265,False
LE-1,i,Lena,P1,none,1,cell,0.0,,True,320,5,,True,,4,blocks<5,3,14,40,0.08688981842782617,0.21835488331002662,2.921303292532938,0.20702439120113425,2.90459543269136,False
LE-1,i,Lena,R0,catboost_ctx,1,cell,0.25,,True,320,5,,True,,4,blocks<5,3,14,320,-0.15309699291520928,-0.15309699291520928,0.1244388903175922,-0.4973199610122325,-0.028850730616970535,False
LE-1,i,Lena,R0,catboost_ctx,1,cell,0.5,,True,320,5,,True,,4,blocks<5,3,14,320,-0.06597635297441773,-0.06597635297441773,0.566124797467585,-0.7557763988150983,0.2910839544551197,False
LE-1,i,Lena,R0,catboost_ctx,1,cell,1.0,,True,320,5,,True,,4,blocks<5,3,14,320,0.7523298276356245,0.7523298276356245,2.6553402530255434,-0.5620581245064686,2.376970741034284,False
LE-1,i,Lena,R0,tabpfn,1,cell,0.25,160.0,False,320,5,,True,160.0,4,blocks<5,3,14,320,-0.9275146252693443,-0.9275146252693443,-0.5713295815346254,-1.238098626662742,-0.7242885958217011,False
LE-1,i,Lena,R0,tabpfn,1,cell,0.5,160.0,False,320,5,,True,160.0,4,blocks<5,3,14,320,-1.7150489776296851,-1.7150489776296851,-0.93666314095966,-2.290552585397502,-1.1198278855942254,False
LE-1,i,Lena,R0,tabpfn,1,cell,1.0,160.0,False,320,5,160.0,False,320.0,4,blocks<5,3,14,320,-2.8089042606586583,-2.8089042606586583,-0.8806872482412857,-3.7169410584187874,-0.5527685816445204,False
LE-1,i,Lena,R1,catboost_ctx,1,cell,0.25,,True,320,5,,True,,4,blocks<5,3,14,320,0.038833008670226654,0.038833008670226654,2.1798063833808117,-0.40550513079462824,1.5934757093696894,False
LE-1,i,Lena,R1,catboost_ctx,1,cell,0.5,,True,320,5,,True,,4,blocks<5,3,14,320,0.1438178155027794,0.1438178155027794,1.9164080867894162,-0.7422615026763459,1.1387597568066345,False
LE-1,i,Lena,R1,catboost_ctx,1,cell,1.0,,True,320,5,,True,,4,blocks<5,3,14,320,1.1144380595653276,1.1144380595653276,3.243060944278373,-0.594350300436818,2.569904531827343,False
LE-1,i,Lena,R1,tabpfn,1,cell,0.25,,True,320,5,160.0,False,,4,blocks<5,3,14,320,-0.7872090091535631,-0.7872090091535631,1.3800076781722788,-1.066025828820532,1.167314710369971,False
LE-1,i,Lena,R1,tabpfn,1,cell,0.5,,True,320,5,160.0,False,,4,blocks<5,3,14,320,-1.6344431836889601,-1.6344431836889601,0.43819965480314554,-2.1416707485558115,0.2157695751153879,False
LE-1,i,Lena,R1,tabpfn,1,cell,1.0,320.0,False,320,5,160.0,False,,4,blocks<5,3,14,320,-2.7848648148032176,-2.7848648148032176,-0.5805628769213793,-3.577505260957027,-0.17609576160548554,False
LE-1,x,Lena,D0,catboost_ctx,1,cell,1.0,,True,320,5,,True,,4,blocks<5,3,14,40,1.1764617594653588,1.3849730092473491,3.2068112679579515,1.3924799140306563,3.3296905214347605,False
LE-1,x,Lena,D0,tabpfn,1,cell,1.0,160.0,False,320,5,160.0,False,,4,blocks<5,3,14,320,-3.3691800403863637,-3.3691800403863637,-0.1673067395059888,-4.05301567372803,-0.10567814149225681,False
LE-1,x,Lena,P1,none,1,cell,0.0,,True,320,5,,True,,4,blocks<5,3,14,40,0.14469134737120193,0.275729789022261,2.9477056162133874,0.2016575319590972,2.909607011588508,False
LE-1,x,Lena,R0,catboost_ctx,1,cell,0.25,,True,320,5,,True,,4,blocks<5,3,14,320,-0.24379226549138178,-0.24379226549138178,0.039070729820475464,-0.6345726757555168,-0.1258491595601714,False
LE-1,x,Lena,R0,catboost_ctx,1,cell,0.5,,True,320,5,,True,,4,blocks<5,3,14,320,-0.2204076117369631,-0.2204076117369631,0.6488944830084867,-0.9962493181038923,0.27217893690877665,False
LE-1,x,Lena,R0,catboost_ctx,1,cell,1.0,,True,320,5,,True,,4,blocks<5,3,14,320,0.5615608217138366,0.5615608217138366,3.365361842083943,-0.895831639117457,2.926372632326764,False
LE-1,x,Lena,R0,tabpfn,1,cell,0.25,40.0,False,320,5,,True,160.0,4,blocks<5,3,14,320,-1.035867100269579,-1.035867100269579,-0.6542600728346215,-1.3274837217889237,-0.7973655959223716,False
LE-1,x,Lena,R0,tabpfn,1,cell,0.5,40.0,False,320,5,320.0,False,160.0,4,blocks<5,3,14,320,-1.9118454897755264,-1.9118454897755264,-1.018506187105617,-2.464138601524094,-1.2170048775784252,False
LE-1,x,Lena,R0,tabpfn,1,cell,1.0,160.0,False,320,5,320.0,False,,4,blocks<5,3,14,320,-3.099648690767861,-3.099648690767861,-0.5604829523405896,-4.029986026643688,-0.498345254881221,False
LE-1,x,Lena,R1,catboost_ctx,1,cell,0.25,,True,320,5,,True,,4,blocks<5,3,14,320,-0.06131027358921681,-0.06131027358921681,2.1012073693610738,-0.6159099615853885,1.3520276486498266,False
LE-1,x,Lena,R1,catboost_ctx,1,cell,0.5,,True,320,5,,True,,4,blocks<5,3,14,320,-0.1229339382078809,-0.1229339382078809,1.785027544159561,-1.1433713548588553,0.899345495437128,False
LE-1,x,Lena,R1,catboost_ctx,1,cell,1.0,,True,320,5,,True,,4,blocks<5,3,14,320,0.5134633890367191,0.5134633890367191,3.6681987801100933,-1.288207805140904,2.803460578055497,False
LE-1,x,Lena,R1,tabpfn,1,cell,0.25,,True,320,5,40.0,False,,4,blocks<5,3,14,320,-0.7833408351062925,-0.7833408351062925,1.3468235418577112,-1.1003002476766168,1.0656052153170075,False
LE-1,x,Lena,R1,tabpfn,1,cell,0.5,,True,320,5,40.0,False,,4,blocks<5,3,14,320,-1.674212636083003,-1.674212636083003,0.2739696138340825,-2.2092938876439874,0.006922197191907789,False
LE-1,x,Lena,R1,tabpfn,1,cell,1.0,320.0,False,320,5,160.0,False,,4,blocks<5,3,14,320,-2.8665950092297985,-2.8665950092297985,-0.31661272076791697,-3.720589699634771,-0.16245248842767268,False
LE-2,i,Lena,D0,catboost_ctx,1,cell,1.0,,True,160,4,,True,,3,blocks<5,4,6,160,1.2600284396503358,1.2600284396503358,1.8173907029474545,0.5990547493866831,1.0446341560752643,False
LE-2,i,Lena,D0,tabpfn,1,cell,1.0,,True,160,4,,True,,3,blocks<5,4,6,160,1.1841732602247383,1.1841732602247383,1.749367338789087,1.1689509110934828,1.7244400742892243,False
LE-2,i,Lena,P1,none,1,cell,0.0,,True,160,4,,True,,3,blocks<5,4,6,3,0.08793670792928172,0.8153611748043925,1.618543543098894,0.8079314641146033,1.6068361256579788,False
LE-2,i,Lena,R0,catboost_ctx,1,cell,0.25,,True,160,4,,True,,3,blocks<5,4,6,160,0.04792055601316155,0.04792055601316155,0.202286043484453,-0.005003310535030299,0.1331187750783405,False
LE-2,i,Lena,R0,catboost_ctx,1,cell,0.5,,True,160,4,,True,,3,blocks<5,4,6,160,0.22556657992826837,0.22556657992826837,0.5330281562912559,0.03999207143373399,0.31222150865387643,False
LE-2,i,Lena,R0,catboost_ctx,1,cell,1.0,,True,160,4,,True,,3,blocks<5,4,6,160,0.9278633378709232,0.9278633378709232,1.5543113005477907,0.2776409292971002,0.7989905898758055,False
LE-2,i,Lena,R0,tabpfn,1,cell,0.25,,True,160,4,,True,,3,blocks<5,4,6,160,0.09548877633714643,0.09548877633714643,0.26391207214931417,0.06362209229053366,0.22466805546846821,False
LE-2,i,Lena,R0,tabpfn,1,cell,0.5,,True,160,4,,True,,3,blocks<5,4,6,160,0.29532256562543563,0.29532256562543563,0.6085525510669166,0.23041725912584413,0.5228902509632231,False
LE-2,i,Lena,R0,tabpfn,1,cell,1.0,,True,160,4,,True,,3,blocks<5,4,6,160,0.9912019834498231,0.9912019834498231,1.5304282756732863,0.8611785204999082,1.344942377455215,False
LE-2,i,Lena,R1,catboost_ctx,1,cell,0.25,,True,160,4,,True,,3,blocks<5,4,6,160,0.43250743367529526,0.43250743367529526,0.9069220446479452,0.464933502959011,0.9042749232069939,False
LE-2,i,Lena,R1,catboost_ctx,1,cell,0.5,,True,160,4,,True,,3,blocks<5,4,6,160,0.2767452413434312,0.2767452413434312,0.5190813350440923,0.2857232880201585,0.5554460566308883,False
LE-2,i,Lena,R1,catboost_ctx,1,cell,1.0,,True,160,4,,True,,3,blocks<5,4,6,160,0.6765498916969909,0.6765498916969909,1.0444485966643835,0.45388270623945876,0.7723726117607472,False
LE-2,i,Lena,R1,tabpfn,1,cell,0.25,,True,160,4,,True,,3,blocks<5,4,6,3,0.2475006726678893,0.5631095420620659,1.2022977183899175,0.5424283228770138,1.1698659408979604,False
LE-2,i,Lena,R1,tabpfn,1,cell,0.5,,True,160,4,,True,,3,blocks<5,4,6,160,0.45493345302996246,0.45493345302996246,0.9724954484337501,0.44679714785381996,0.9353670133096617,False
LE-2,i,Lena,R1,tabpfn,1,cell,1.0,,True,160,4,,True,,3,blocks<5,4,6,160,0.6825349705582925,0.6825349705582925,0.9993300942508008,0.777209197537036,1.0868113128473562,False
LE-2,x,Lena,D0,catboost_ctx,1,cell,1.0,,True,160,4,,True,,3,blocks<5,4,6,160,0.8013779616528284,0.8013779616528284,1.2611219051454081,0.8663251848892474,1.2431492284623495,False
LE-2,x,Lena,D0,tabpfn,1,cell,1.0,,True,160,4,,True,,3,blocks<5,4,6,160,0.7740445736135211,0.7740445736135211,1.2410479433797517,0.600713745271328,1.0018126634938909,False
LE-2,x,Lena,P1,none,1,cell,0.0,,True,160,4,,True,,3,blocks<5,4,6,3,0.21415480277888635,0.6824091914450339,1.433423524877749,0.8136099111320494,1.594167632716653,False
LE-2,x,Lena,R0,catboost_ctx,1,cell,0.25,,True,160,4,,True,,3,blocks<5,4,6,40,0.07426849685029187,0.0879249458276578,0.16781554450875064,0.06695492387771178,0.1573473978679171,False
LE-2,x,Lena,R0,catboost_ctx,1,cell,0.5,,True,160,4,,True,,3,blocks<5,4,6,40,0.20275442521380427,0.22884709689833826,0.3869186483408906,0.17785223251133195,0.35642026606370386,False
LE-2,x,Lena,R0,catboost_ctx,1,cell,1.0,,True,160,4,,True,,3,blocks<5,4,6,40,0.6147668344680692,0.6627989986371521,0.9709126365299278,0.5274816667636321,0.8744603659115388,False
LE-2,x,Lena,R0,tabpfn,1,cell,0.25,,True,160,4,,True,,3,blocks<5,4,6,160,0.06369467677459777,0.06369467677459777,0.1917775915426802,0.022364876412131213,0.13150650413186413,False
LE-2,x,Lena,R0,tabpfn,1,cell,0.5,,True,160,4,,True,,3,blocks<5,4,6,160,0.17832386934358033,0.17832386934358033,0.4175622136512813,0.10204632626176273,0.30056906767198316,False
LE-2,x,Lena,R0,tabpfn,1,cell,1.0,,True,160,4,,True,,3,blocks<5,4,6,160,0.5538071135264472,0.5538071135264472,0.9599163474641399,0.4305511816454306,0.7494377205139189,False
LE-2,x,Lena,R1,catboost_ctx,1,cell,0.25,,True,160,4,,True,,3,blocks<5,4,6,160,0.6235217721431562,0.6235217721431562,1.0616586415746996,0.6469179212351778,1.1275761985709836,False
LE-2,x,Lena,R1,catboost_ctx,1,cell,0.5,,True,160,4,,True,,3,blocks<5,4,6,160,0.635216891771672,0.635216891771672,1.018147652727519,0.557857426593919,0.9319687496793685,False
LE-2,x,Lena,R1,catboost_ctx,1,cell,1.0,,True,160,4,,True,,3,blocks<5,4,6,160,0.8668992442633657,0.8668992442633657,1.1967308523600428,0.6164241271755865,0.8746625050483138,False
LE-2,x,Lena,R1,tabpfn,1,cell,0.25,,True,160,4,,True,,3,blocks<5,4,6,160,0.4913605547191331,0.4913605547191331,1.1286606840229003,0.5538005759900232,1.1394461667805857,False
LE-2,x,Lena,R1,tabpfn,1,cell,0.5,,True,160,4,,True,,3,blocks<5,4,6,160,0.39231096400176213,0.39231096400176213,0.9435188761955915,0.41009131399578064,0.8348953283303785,False
LE-2,x,Lena,R1,tabpfn,1,cell,1.0,,True,160,4,,True,,3,blocks<5,4,6,160,0.4757196205265277,0.4757196205265277,0.8679910362426386,0.48195830663445705,0.6733811529278722,False
Lena,x,Lena,D0,catboost_ctx,1,cell,1.0,,True,1000,6,,True,,5,,5,20,320,0.12126071387272219,0.15340689406780186,2.016161586293408,-0.10203265582391552,1.821817231205031,False
Lena,x,Lena,D0,catboost_ctx,10,cell,1.0,,True,160,3,,True,,5,,5,20,40,1.2469262106937875,3.3644521119324673,6.280071911674834,,,False
Lena,x,Lena,D0,catboost_ctx,3,cell,1.0,,True,160,4,,True,,5,,5,20,40,0.5876726263137438,3.5172097766209776,5.760205668790106,,,False
Lena,x,Lena,D0,tabpfn,1,cell,1.0,320.0,False,1000,6,320.0,False,320.0,5,,5,20,1000,-2.4568772576847913,-2.4568772576847913,-0.3023097546491351,-2.653722394015168,-0.34417192015047393,False
Lena,x,Lena,D0,tabpfn,10,cell,1.0,160.0,False,160,3,160.0,False,,5,,5,20,40,-1.0494180767590904,-0.978285541622417,-0.07187555746455392,,,False
Lena,x,Lena,D0,tabpfn,3,cell,1.0,,True,160,4,,True,,5,,5,20,160,-0.5829974771634383,-0.5829974771634383,0.5092884871990797,,,False
Lena,x,Lena,D0@rid,catboost_ctx,1,cell,1.0,,True,160,3,,True,,5,,5,20,40,0.5934112234882349,1.7529369781083595,3.226285330616435,-1.0483962332071939,0.7697522112091744,False
Lena,x,Lena,D0@rid,tabpfn,1,cell,1.0,,True,160,3,,True,,5,,5,20,160,0.015719858991651136,0.015719858991651136,0.9899955800229213,-2.518508864491364,-0.05515128745951658,False
Lena,x,Lena,D0@tgt,catboost_ctx,1,cell,1.0,,True,1000,4,,True,,5,,5,20,1000,-0.49992349029739885,-0.49992349029739885,2.2394410715361657,-0.22357477529929567,2.5518658936734666,False
Lena,x,Lena,D0@tgt,tabpfn,1,cell,1.0,,True,1000,4,,True,,5,,5,20,1000,-1.0444086836086377,-1.0444086836086377,1.4008686920539535,-1.3610558579000809,1.5640325135299564,False
Lena,x,Lena,P1,none,1,cell,0.0,,True,1000,6,,True,,5,,5,20,320,-0.09867467256916988,0.016011138904144673,1.3379466735396381,0.022753456656834814,1.3368636606985864,False
Lena,x,Lena,R0,catboost_ctx,1,cell,0.25,320.0,False,1000,6,,True,320.0,5,,5,20,1000,-0.5198300316282772,-0.5198300316282772,-0.1539865676021809,-0.6046882765961221,-0.17620241788924157,False
Lena,x,Lena,R0,catboost_ctx,1,cell,0.5,320.0,False,1000,6,,True,320.0,5,,5,20,1000,-0.760709300548631,-0.760709300548631,0.09374339031415277,-0.9264126548830273,0.009812340712275141,False
Lena,x,Lena,R0,catboost_ctx,1,cell,1.0,,True,1000,6,,True,,5,,5,20,320,-0.5594670657789195,-0.4042206224610162,1.6021967846173066,-0.6971933999747243,1.3851278817678512,False
Lena,x,Lena,R0,tabpfn,1,cell,0.25,40.0,False,1000,6,,True,40.0,5,,5,20,1000,-0.9420732848966686,-0.9420732848966686,-0.5086054028033472,-1.0129063932996878,-0.5848704732123648,False
Lena,x,Lena,R0,tabpfn,1,cell,0.5,40.0,False,1000,6,1000.0,False,160.0,5,,5,20,1000,-1.6924035065260679,-1.6924035065260679,-0.8042886594303044,-1.828422401763398,-0.9298571071330326,False
Lena,x,Lena,R0,tabpfn,1,cell,1.0,320.0,False,1000,6,320.0,False,320.0,5,,5,20,1000,-2.5336836570680865,-2.5336836570680865,-0.5967133387008946,-2.768542957595294,-0.6104766552178877,False
Lena,x,Lena,R1,catboost_ctx,1,cell,0.25,,True,1000,6,40.0,False,,5,,5,20,1000,-0.6763390067585273,-0.6763390067585273,0.17006897000268917,-0.8078354999548285,-0.016417021765199016,False
Lena,x,Lena,R1,catboost_ctx,1,cell,0.5,1000.0,False,1000,6,320.0,False,,5,,5,20,1000,-1.0506316823827397,-1.0506316823827397,-0.2984472040475282,-1.3049954258087104,-0.5672571690687996,False
Lena,x,Lena,R1,catboost_ctx,1,cell,1.0,,True,1000,6,,True,,5,,5,20,1000,-0.7888571612393221,-0.7888571612393221,0.9938465434303944,-1.186267317454155,0.5612188430829632,False
Lena,x,Lena,R1,catboost_ctx,10,cell,0.25,,True,160,3,40.0,False,,5,,5,20,40,-0.4898442907243492,-0.017018417594073652,0.9034918493069597,,,False
Lena,x,Lena,R1,catboost_ctx,10,cell,0.5,,True,160,3,,True,,5,,5,20,40,-0.5372317763288578,0.20698613822984271,1.2321236137098164,,,False
Lena,x,Lena,R1,catboost_ctx,10,cell,1.0,,True,160,3,,True,,5,,5,20,40,0.042433463983838494,2.063355222253155,4.513736617887175,,,False
Lena,x,Lena,R1,catboost_ctx,3,cell,0.25,,True,160,4,,True,,5,,5,20,40,-0.3231852709305155,0.17804634542891726,1.125536031962507,,,False
Lena,x,Lena,R1,catboost_ctx,3,cell,0.5,,True,160,4,,True,,5,,5,20,40,-0.3050071747735714,0.4921488119483051,1.3646080296391363,,,False
Lena,x,Lena,R1,catboost_ctx,3,cell,1.0,,True,160,4,,True,,5,,5,20,40,0.11011087152145294,2.2408929432800035,3.964728469846847,,,False
Lena,x,Lena,R1,tabpfn,1,cell,0.25,1000.0,False,1000,6,40.0,False,,5,,5,20,1000,-1.0268236996328877,-1.0268236996328877,-0.15173602090726246,-1.0846581874000965,-0.23238864838987813,False
Lena,x,Lena,R1,tabpfn,1,cell,0.5,320.0,False,1000,6,40.0,False,,5,,5,20,1000,-1.854487737399604,-1.854487737399604,-0.8905372011592955,-1.9743140664417216,-1.0271735652255092,False
Lena,x,Lena,R1,tabpfn,1,cell,1.0,160.0,False,1000,6,320.0,False,320.0,5,,5,20,1000,-2.7515072858152396,-2.7515072858152396,-0.953920123465269,-2.976366567170567,-1.010447576313228,False
Lena,x,Lena,R1,tabpfn,10,cell,0.25,,True,160,3,40.0,False,,5,,5,20,40,-0.5117664244224802,-0.25698925729339417,0.695942070217166,,,False
Lena,x,Lena,R1,tabpfn,10,cell,0.5,,True,160,3,40.0,False,,5,,5,20,40,-0.723528952802041,-0.6381990293329896,0.16336048326631517,,,False
Lena,x,Lena,R1,tabpfn,10,cell,1.0,,True,160,3,160.0,False,,5,,5,20,160,-0.8899479137790636,-0.8899479137790636,0.019876239633813738,,,False
Lena,x,Lena,R1,tabpfn,3,cell,0.25,,True,160,4,40.0,False,,5,,5,20,40,-0.489590471063892,-0.2685031539900386,0.5667807065660753,,,False
Lena,x,Lena,R1,tabpfn,3,cell,0.5,,True,160,4,,True,,5,,5,20,40,-0.6150113181907468,-0.577950050299345,0.11936190447087232,,,False
Lena,x,Lena,R1,tabpfn,3,cell,1.0,,True,160,4,,True,,5,,5,20,160,-0.4475371240698543,-0.4475371240698543,0.5210970399296185,,,False
Lena,x,Lena,R1@rid,catboost_ctx,1,cell,0.25,,True,160,3,40.0,False,,5,,5,20,40,-0.35012811877095584,0.18190210326116443,1.2173258617526979,-0.817891345697981,-0.0026119615783396413,False
Lena,x,Lena,R1@rid,catboost_ctx,1,cell,0.5,,True,160,3,40.0,False,,5,,5,20,40,-0.3874331139590758,0.2993076384553589,1.2258859915211586,-1.3716085201466264,-0.6064586758297965,False
Lena,x,Lena,R1@rid,catboost_ctx,1,cell,1.0,,True,160,3,,True,,5,,5,20,40,-0.15848306031159645,1.1667134638727326,2.4179794966039965,-1.4993423096874778,0.21880041120979285,False
Lena,x,Lena,R1@rid,tabpfn,1,cell,0.25,,True,160,3,160.0,False,,5,,5,20,40,-0.28800918399461395,-0.08375345835589343,0.7773622737436501,-1.1149132117902212,-0.29108288399418425,False
Lena,x,Lena,R1@rid,tabpfn,1,cell,0.5,,True,160,3,,True,,5,,5,20,40,-0.285258487742588,-0.27246515907705343,0.3922812402406381,-2.0012648219841984,-1.0674826862558542,False
Lena,x,Lena,R1@rid,tabpfn,1,cell,1.0,,True,160,3,,True,,5,,5,20,160,-0.07943924628741712,-0.07943924628741712,0.7485020218594043,-2.877987515647822,-0.8463634285505142,False
Lena,x,Lena,R1@tgt,catboost_ctx,1,cell,0.25,320.0,False,1000,4,320.0,False,,5,,5,20,320,-1.1248398212544253,-1.0788927454851904,-0.19720370122588188,-0.9822952974533156,-0.05554920995316037,False
Lena,x,Lena,R1@tgt,catboost_ctx,1,cell,0.5,320.0,False,1000,4,1000.0,False,,5,,5,20,1000,-1.5736520909504983,-1.5736520909504983,-0.35267449937424444,-1.3801567042586036,-0.07791197961383493,False
Lena,x,Lena,R1@tgt,catboost_ctx,1,cell,1.0,,True,1000,4,,True,,5,,5,20,320,-0.5925609041320008,-0.5874677394989526,2.1166046437500703,-0.24342610067797565,2.5175205092249113,False
Lena,x,Lena,R1@tgt,tabpfn,1,cell,0.25,320.0,False,1000,4,320.0,False,,5,,5,20,320,-0.9371921952328804,-0.9213462239910392,-0.08398425143880485,-0.9204033219874745,-0.0362470371440228,False
Lena,x,Lena,R1@tgt,tabpfn,1,cell,0.5,320.0,False,1000,4,1000.0,False,,5,,5,20,1000,-1.4522442087709055,-1.4522442087709055,-0.5324980311328457,-1.5055511149722407,-0.4556656911213067,False
Lena,x,Lena,R1@tgt,tabpfn,1,cell,1.0,,True,1000,4,,True,,5,,5,20,1000,-1.1648552758044626,-1.1648552758044626,1.194156473178911,-1.4850771935456037,1.4232491389227129,False
Russia_C,x,Russia_C,D0,catboost_ctx,1,cell,1.0,,True,3,1,,True,,5,blocks<5;point_only,2,5,3,3.3452054622314327,3.3452054622314327,,3.4870017221257514,,True
Russia_C,x,Russia_C,D0,catboost_ctx,3,cell,1.0,,True,3,1,,True,,5,blocks<5;point_only,2,5,3,5.016378113837962,5.016378113837962,,,,True
Russia_C,x,Russia_C,D0,tabpfn,1,cell,1.0,,True,3,1,,True,,5,blocks<5;point_only,2,5,3,4.448616693478603,4.448616693478603,,4.443061630340518,,True
Russia_C,x,Russia_C,D0,tabpfn,3,cell,1.0,,True,3,1,,True,,5,blocks<5;point_only,2,5,3,3.9060958936985353,3.9060958936985353,,,,True
Russia_C,x,Russia_C,P1,none,1,cell,0.0,,True,3,1,,True,,5,blocks<5;point_only,2,5,3,3.8567763403000974,3.8567763403000974,,3.954449998609737,,True
Russia_C,x,Russia_C,R0,catboost_ctx,1,cell,0.25,,True,3,1,,True,,5,blocks<5;point_only,2,5,3,-1.0573268919774805,-1.0573268919774805,,-0.9058234057497039,,True
Russia_C,x,Russia_C,R0,catboost_ctx,1,cell,0.5,,True,3,1,,True,,5,blocks<5;point_only,2,5,3,-1.5030528532885628,-1.5030528532885628,,-1.3194217875949001,,True
Russia_C,x,Russia_C,R0,catboost_ctx,1,cell,1.0,,True,3,1,,True,,5,blocks<5;point_only,2,5,3,0.44780567246647784,0.44780567246647784,,0.03354541697875106,,True
Russia_C,x,Russia_C,R0,tabpfn,1,cell,0.25,,True,3,1,,True,,5,blocks<5;point_only,2,5,3,-0.03614723534565645,-0.03614723534565645,,-0.11474226849037664,,True
Russia_C,x,Russia_C,R0,tabpfn,1,cell,0.5,,True,3,1,,True,,5,blocks<5;point_only,2,5,3,0.06568828816467409,0.06568828816467409,,-0.09958154460684128,,True
Russia_C,x,Russia_C,R0,tabpfn,1,cell,1.0,,True,3,1,,True,,5,blocks<5;point_only,2,5,3,0.6704705609388597,0.6704705609388597,,0.3097886931903012,,True
Russia_C,x,Russia_C,R1,catboost_ctx,1,cell,0.25,,True,3,1,,True,,5,blocks<5;point_only,2,5,3,4.09145091997321,4.09145091997321,,4.152198955867104,,True
Russia_C,x,Russia_C,R1,catboost_ctx,1,cell,0.5,,True,3,1,,True,,5,blocks<5;point_only,2,5,3,4.936351638763698,4.936351638763698,,4.930320010301992,,True
Russia_C,x,Russia_C,R1,catboost_ctx,1,cell,1.0,,True,3,1,,True,,5,blocks<5;point_only,2,5,3,8.213681097098188,8.213681097098188,,7.971430257979028,,True
Russia_C,x,Russia_C,R1,catboost_ctx,3,cell,0.25,,True,3,1,,True,,5,blocks<5;point_only,2,5,3,4.168721554842202,4.168721554842202,,,,True
Russia_C,x,Russia_C,R1,catboost_ctx,3,cell,0.5,,True,3,1,,True,,5,blocks<5;point_only,2,5,3,4.88404870006774,4.88404870006774,,,,True
Russia_C,x,Russia_C,R1,catboost_ctx,3,cell,1.0,,True,3,1,,True,,5,blocks<5;point_only,2,5,3,8.369593793075442,8.369593793075442,,,,True
Russia_C,x,Russia_C,R1,tabpfn,1,cell,0.25,,True,3,1,,True,,5,blocks<5;point_only,2,5,3,4.306454490624809,4.306454490624809,,4.227013672357663,,True
Russia_C,x,Russia_C,R1,tabpfn,1,cell,0.5,,True,3,1,,True,,5,blocks<5;point_only,2,5,3,4.861799036920805,4.861799036920805,,4.601665716984832,,True
Russia_C,x,Russia_C,R1,tabpfn,1,cell,1.0,,True,3,1,,True,,5,blocks<5;point_only,2,5,3,6.246819195156884,6.246819195156884,,5.624499934327523,,True
Russia_C,x,Russia_C,R1,tabpfn,3,cell,0.25,,True,3,1,,True,,5,blocks<5;point_only,2,5,3,4.596415307172147,4.596415307172147,,,,True
Russia_C,x,Russia_C,R1,tabpfn,3,cell,0.5,,True,3,1,,True,,5,blocks<5;point_only,2,5,3,5.12660609002739,5.12660609002739,,,,True
Russia_C,x,Russia_C,R1,tabpfn,3,cell,1.0,,True,3,1,,True,,5,blocks<5;point_only,2,5,3,6.6449647447344224,6.6449647447344224,,,,True
Russia_E,x,Russia_E,D0,catboost_ctx,1,cell,1.0,,True,10,2,,True,,5,,8,17,10,4.050563025722981,4.050563025722981,5.407478285444897,3.973852410604599,5.4691611803212385,False
Russia_E,x,Russia_E,D0,catboost_ctx,10,cell,1.0,,True,10,1,,True,,5,,8,17,10,3.6241524643792813,3.6241524643792813,5.713951351303817,,,False
Russia_E,x,Russia_E,D0,catboost_ctx,3,cell,1.0,,True,10,2,,True,,5,,8,17,10,3.6822863798203036,3.6822863798203036,5.160792743095146,,,False
Russia_E,x,Russia_E,D0,tabpfn,1,cell,1.0,,True,10,2,,True,,5,,8,17,10,0.8990189966353583,0.8990189966353583,4.724331853623813,0.9033050982299422,4.613815905836214,False
Russia_E,x,Russia_E,D0,tabpfn,10,cell,1.0,,True,10,1,,True,,5,,8,17,10,1.0130776668365506,1.0130776668365506,6.611371940515368,,,False
Russia_E,x,Russia_E,D0,tabpfn,3,cell,1.0,,True,10,2,,True,,5,,8,17,10,0.9954139296292489,0.9954139296292489,5.567530384059526,,,False
Russia_E,x,Russia_E,D0@rid,catboost_ctx,1,cell,1.0,,True,10,1,,True,,5,,8,17,10,3.7576300371560407,3.7576300371560407,5.087909254947803,3.060269549544317,4.372199497397298,False
Russia_E,x,Russia_E,D0@rid,tabpfn,1,cell,1.0,,True,10,1,,True,,5,,8,17,10,0.0590136860052997,0.0590136860052997,4.509178210388255,-0.21459870822701213,3.468768059404323,False
Russia_E,x,Russia_E,P1,none,1,cell,0.0,,True,10,2,,True,,5,,8,17,10,-0.3353089895860162,-0.3353089895860162,1.302665895965526,-0.08943742407692809,2.46384119884887,False
Russia_E,x,Russia_E,R0,catboost_ctx,1,cell,0.25,,True,10,2,,True,,5,,8,17,10,0.43678202021100637,0.43678202021100637,0.8419304433992345,0.4204936121423689,0.7808625589633906,False
Russia_E,x,Russia_E,R0,catboost_ctx,1,cell,0.5,,True,10,2,,True,,5,,8,17,10,1.1795171411430547,1.1795171411430547,1.9997179195343902,1.0674418553992542,1.8025915613047432,False
Russia_E,x,Russia_E,R0,catboost_ctx,1,cell,1.0,,True,10,2,,True,,5,,8,17,10,3.4208334931956506,3.4208334931956506,5.097795892667976,2.9463200346621177,4.482759127799519,False
Russia_E,x,Russia_E,R0,tabpfn,1,cell,0.25,,True,10,2,,True,,5,,8,17,3,-0.4402730000039039,-0.4229234754583171,0.5127033032036018,-0.49406714945234353,0.5164134880079407,False
Russia_E,x,Russia_E,R0,tabpfn,1,cell,0.5,,True,10,2,,True,,5,,8,17,10,-0.5724209885952121,-0.5724209885952121,1.293804420536201,-0.6683020876448641,1.264145699103977,False
Russia_E,x,Russia_E,R0,tabpfn,1,cell,1.0,,True,10,2,,True,,5,,8,17,10,-0.09870724450318882,-0.09870724450318882,3.5070383248451598,-0.1500754473630394,3.37134588352739,False
Russia_E,x,Russia_E,R1,catboost_ctx,1,cell,0.25,,True,10,2,,True,,5,,8,17,10,0.26947075550892413,0.26947075550892413,1.9222562945256807,0.5743259340734781,3.003392874251484,False
Russia_E,x,Russia_E,R1,catboost_ctx,1,cell,0.5,,True,10,2,,True,,5,,8,17,10,1.1599496634887423,1.1599496634887423,3.0089016941442486,1.4116616326228795,3.8435913716962453,False
Russia_E,x,Russia_E,R1,catboost_ctx,1,cell,1.0,,True,10,2,,True,,5,,8,17,10,3.6014688604144225,3.6014688604144225,5.954680919061919,3.5225672568614668,6.210536013596699,False
Russia_E,x,Russia_E,R1,catboost_ctx,10,cell,0.25,,True,10,1,,True,,5,,8,17,10,0.17056390488628353,0.17056390488628353,1.997355221737049,,,False
Russia_E,x,Russia_E,R1,catboost_ctx,10,cell,0.5,,True,10,1,,True,,5,,8,17,10,0.7995707808338317,0.7995707808338317,2.815049129619941,,,False
Russia_E,x,Russia_E,R1,catboost_ctx,10,cell,1.0,,True,10,1,,True,,5,,8,17,10,2.470756418599259,2.470756418599259,5.115132730717647,,,False
Russia_E,x,Russia_E,R1,catboost_ctx,3,cell,0.25,,True,10,2,,True,,5,,8,17,10,0.25157504162421984,0.25157504162421984,2.0583969237667135,,,False
Russia_E,x,Russia_E,R1,catboost_ctx,3,cell,0.5,,True,10,2,,True,,5,,8,17,10,1.009577268745966,1.009577268745966,2.9894698159613236,,,False
Russia_E,x,Russia_E,R1,catboost_ctx,3,cell,1.0,,True,10,2,,True,,5,,8,17,10,3.0522645251547935,3.0522645251547935,5.699203952945155,,,False
Russia_E,x,Russia_E,R1,tabpfn,1,cell,0.25,,True,10,2,,True,,5,,8,17,10,-0.4010025890515248,-0.4010025890515248,1.8271809651431867,-0.04619519986143281,2.919617331316629,False
Russia_E,x,Russia_E,R1,tabpfn,1,cell,0.5,,True,10,2,,True,,5,,8,17,10,-0.26452464765223915,-0.26452464765223915,2.6752937283847777,0.14723175447435963,3.6081686303443607,False
Russia_E,x,Russia_E,R1,tabpfn,1,cell,1.0,,True,10,2,,True,,5,,8,17,10,0.5383926398248761,0.5383926398248761,4.870924566166868,0.9228815384695451,5.392299581953708,False
Russia_E,x,Russia_E,R1,tabpfn,10,cell,0.25,,True,10,1,,True,,5,,8,17,10,-0.24890446932661553,-0.24890446932661553,2.4937973156648283,,,False
Russia_E,x,Russia_E,R1,tabpfn,10,cell,0.5,,True,10,1,,True,,5,,8,17,10,0.05754857960804536,0.05754857960804536,3.7506029751055383,,,False
Russia_E,x,Russia_E,R1,tabpfn,10,cell,1.0,,True,10,1,,True,,5,,8,17,10,1.3164583811966644,1.3164583811966644,6.893821144414203,,,False
Russia_E,x,Russia_E,R1,tabpfn,3,cell,0.25,,True,10,2,,True,,5,,8,17,3,-0.5274053344301229,-0.3796612546940942,2.1892769015693174,,,False
Russia_E,x,Russia_E,R1,tabpfn,3,cell,0.5,,True,10,2,,True,,5,,8,17,3,-0.4838252123819512,-0.24810647402598746,3.1188775889555944,,,False
Russia_E,x,Russia_E,R1,tabpfn,3,cell,1.0,,True,10,2,,True,,5,,8,17,10,0.5753093019619037,0.5753093019619037,5.4904615887552755,,,False
Russia_E,x,Russia_E,R1@rid,catboost_ctx,1,cell,0.25,,True,10,1,,True,,5,,8,17,10,0.25736294989573416,0.25736294989573416,2.113191447974346,0.47382426473313755,2.897597692372709,False
Russia_E,x,Russia_E,R1@rid,catboost_ctx,1,cell,0.5,,True,10,1,,True,,5,,8,17,10,1.0539988796327004,1.0539988796327004,3.0594477856257343,1.2023779393587724,3.610209041374807,False
Russia_E,x,Russia_E,R1@rid,catboost_ctx,1,cell,1.0,,True,10,1,,True,,5,,8,17,10,3.2391272213115263,3.2391272213115263,5.683039067857575,3.0791140825275285,5.636071920629092,False
Russia_E,x,Russia_E,R1@rid,tabpfn,1,cell,0.25,,True,10,1,,True,,5,,8,17,10,-0.537884030640344,-0.537884030640344,2.008144216028274,-0.34837775239262603,2.640353731871792,False
Russia_E,x,Russia_E,R1@rid,tabpfn,1,cell,0.5,,True,10,1,,True,,5,,8,17,10,-0.6096782263034214,-0.6096782263034214,2.724981198227108,-0.49731450915565534,3.053819308399148,False
Russia_E,x,Russia_E,R1@rid,tabpfn,1,cell,1.0,,True,10,1,,True,,5,,8,17,10,-0.2876756574331111,-0.2876756574331111,4.6135122627806675,-0.4925101689716868,4.182720265112897,False
Russia_W,x,Russia_W,D0,catboost_ctx,1,cell,1.0,,True,10,2,,True,,5,,7,18,10,-1.3593645303779993,-1.3593645303779993,1.0535588018391042,-3.0374124289376128,-0.44597688831874505,False
Russia_W,x,Russia_W,D0,catboost_ctx,10,cell,1.0,10.0,False,10,1,,True,10.0,5,,7,18,10,-10.821515044988283,-10.821515044988283,-6.4788282316128125,,,False
Russia_W,x,Russia_W,D0,catboost_ctx,3,cell,1.0,10.0,False,10,2,,True,10.0,5,,7,18,10,-5.988471478332502,-5.988471478332502,-3.0472268798504922,,,False
Russia_W,x,Russia_W,D0,tabpfn,1,cell,1.0,3.0,False,10,2,,True,3.0,5,,7,18,10,-9.69198989772324,-9.69198989772324,-8.26278753255304,-11.340696400167674,-9.612056186462848,False
Russia_W,x,Russia_W,D0,tabpfn,10,cell,1.0,10.0,False,10,1,,True,10.0,5,,7,18,10,-10.070805537620117,-10.070805537620117,-7.625621190570965,,,False
Russia_W,x,Russia_W,D0,tabpfn,3,cell,1.0,3.0,False,10,2,,True,3.0,5,,7,18,10,-11.341162751505022,-11.341162751505022,-9.061915908032883,,,False
Russia_W,x,Russia_W,D0@rid,catboost_ctx,1,cell,1.0,10.0,False,10,1,,True,10.0,5,,7,18,10,-8.154873802208835,-8.154873802208835,-5.998581659796462,-10.519504889880642,-8.028913717591891,False
Russia_W,x,Russia_W,D0@rid,tabpfn,1,cell,1.0,10.0,False,10,1,,True,10.0,5,,7,18,10,-12.239513908106119,-12.239513908106119,-10.183981560646242,-13.166487259225516,-11.10845234332902,False
Russia_W,x,Russia_W,P1,none,1,cell,0.0,3.0,False,10,2,,True,3.0,5,,7,18,10,-11.964733930026489,-11.964733930026489,-10.463966156195927,-13.498048904252068,-11.587588181510098,False
Russia_W,x,Russia_W,R0,catboost_ctx,1,cell,0.25,10.0,False,10,2,,True,,5,,7,18,10,-0.9087416922392251,-0.9087416922392251,-0.39035477293857374,-1.2899129926636816,-0.7168114114102762,False
Russia_W,x,Russia_W,R0,catboost_ctx,1,cell,0.5,10.0,False,10,2,,True,,5,,7,18,10,-1.6918969165065931,-1.6918969165065931,-0.6560880273064134,-2.442441985214566,-1.282775522764567,False
Russia_W,x,Russia_W,R0,catboost_ctx,1,cell,1.0,10.0,False,10,2,,True,,5,,7,18,10,-2.844708616294173,-2.844708616294173,-0.7393001191775096,-4.27548563864988,-1.8414358554196943,False
Russia_W,x,Russia_W,R0,tabpfn,1,cell,0.25,3.0,False,10,2,,True,3.0,5,,7,18,10,-2.536455349555864,-2.536455349555864,-2.2985449093581165,-2.873413936582358,-2.5831219760655606,False
Russia_W,x,Russia_W,R0,tabpfn,1,cell,0.5,3.0,False,10,2,,True,3.0,5,,7,18,10,-4.913559865914044,-4.913559865914044,-4.424519605772264,-5.562599360580031,-4.9439076711071595,False
Russia_W,x,Russia_W,R0,tabpfn,1,cell,1.0,3.0,False,10,2,,True,3.0,5,,7,18,10,-9.030845061794619,-9.030845061794619,-7.896016694020912,-10.19089588775293,-8.747522561656229,False
Russia_W,x,Russia_W,R1,catboost_ctx,1,cell,0.25,3.0,False,10,2,10.0,False,3.0,5,,7,18,10,-12.570126096671935,-12.570126096671935,-10.979828142536405,-14.141464549684477,-12.076771727448381,False
Russia_W,x,Russia_W,R1,catboost_ctx,1,cell,0.5,3.0,False,10,2,10.0,False,3.0,5,,7,18,10,-13.027291947320048,-13.027291947320048,-11.254239963415229,-14.637623955990984,-12.339512320698931,False
Russia_W,x,Russia_W,R1,catboost_ctx,1,cell,1.0,3.0,False,10,2,,True,3.0,5,,7,18,10,-13.469566573550143,-13.469566573550143,-11.108420256842946,-15.162352322196579,-12.308009713065728,False
Russia_W,x,Russia_W,R1,catboost_ctx,10,cell,0.25,10.0,False,10,1,10.0,False,10.0,5,,7,18,10,-13.488404963590133,-13.488404963590133,-11.401176688784115,,,False
Russia_W,x,Russia_W,R1,catboost_ctx,10,cell,0.5,10.0,False,10,1,10.0,False,10.0,5,,7,18,10,-14.450279685242297,-14.450279685242297,-11.624761751519275,,,False
Russia_W,x,Russia_W,R1,catboost_ctx,10,cell,1.0,10.0,False,10,1,,True,10.0,5,,7,18,10,-14.981689252116817,-14.981689252116817,-10.510082797334686,,,False
Russia_W,x,Russia_W,R1,catboost_ctx,3,cell,0.25,3.0,False,10,2,10.0,False,3.0,5,,7,18,10,-13.080096479002185,-13.080096479002185,-11.224043582792826,,,False
Russia_W,x,Russia_W,R1,catboost_ctx,3,cell,0.5,3.0,False,10,2,10.0,False,3.0,5,,7,18,10,-13.82417170060457,-13.82417170060457,-11.499122339975184,,,False
Russia_W,x,Russia_W,R1,catboost_ctx,3,cell,1.0,3.0,False,10,2,,True,3.0,5,,7,18,10,-14.585311547918902,-14.585311547918902,-11.141996861936516,,,False
Russia_W,x,Russia_W,R1,tabpfn,1,cell,0.25,3.0,False,10,2,3.0,False,3.0,5,,7,18,10,-12.79556589038007,-12.79556589038007,-11.025200603768962,-14.196309518455092,-11.985678119970888,False
Russia_W,x,Russia_W,R1,tabpfn,1,cell,0.5,3.0,False,10,2,3.0,False,3.0,5,,7,18,10,-13.518590111242762,-13.518590111242762,-11.445331256990006,-14.796678382852718,-12.261173612126779,False
Russia_W,x,Russia_W,R1,tabpfn,1,cell,1.0,3.0,False,10,2,3.0,False,3.0,5,,7,18,10,-14.612035304881903,-14.612035304881903,-11.821684686074875,-15.676849443377204,-12.455722373805605,False
Russia_W,x,Russia_W,R1,tabpfn,10,cell,0.25,10.0,False,10,1,10.0,False,10.0,5,,7,18,10,-13.008766853827732,-13.008766853827732,-11.100474706539686,,,False
Russia_W,x,Russia_W,R1,tabpfn,10,cell,0.5,10.0,False,10,1,10.0,False,10.0,5,,7,18,10,-13.761082288781534,-13.761082288781534,-11.42395686478762,,,False
Russia_W,x,Russia_W,R1,tabpfn,10,cell,1.0,10.0,False,10,1,10.0,False,10.0,5,,7,18,10,-14.803367560801291,-14.803367560801291,-11.431197909425844,,,False
Russia_W,x,Russia_W,R1,tabpfn,3,cell,0.25,3.0,False,10,2,3.0,False,3.0,5,,7,18,10,-13.035802675685838,-13.035802675685838,-11.101985141447457,,,False
Russia_W,x,Russia_W,R1,tabpfn,3,cell,0.5,3.0,False,10,2,3.0,False,3.0,5,,7,18,10,-13.746636822956287,-13.746636822956287,-11.30341042148547,,,False
Russia_W,x,Russia_W,R1,tabpfn,3,cell,1.0,3.0,False,10,2,3.0,False,3.0,5,,7,18,10,-14.497323904530058,-14.497323904530058,-10.949702534246176,,,False
Russia_W,x,Russia_W,R1@rid,catboost_ctx,1,cell,0.25,10.0,False,10,1,10.0,False,10.0,5,,7,18,10,-12.701706270830016,-12.701706270830016,-11.085070140040198,-14.127825491496186,-12.049136675682016,False
Russia_W,x,Russia_W,R1@rid,catboost_ctx,1,cell,0.5,10.0,False,10,1,10.0,False,10.0,5,,7,18,10,-13.133241330980772,-13.133241330980772,-11.316225273868174,-14.610828668602613,-12.285874354380258,False
Russia_W,x,Russia_W,R1@rid,catboost_ctx,1,cell,1.0,10.0,False,10,1,,True,10.0,5,,7,18,10,-13.515968317238357,-13.515968317238357,-11.1305925853428,-15.111751625426132,-12.143965489417122,False
Russia_W,x,Russia_W,R1@rid,tabpfn,1,cell,0.25,10.0,False,10,1,10.0,False,10.0,5,,7,18,10,-12.977267646831447,-12.977267646831447,-11.104570271205091,-14.148097823878212,-11.91368094547298,False
Russia_W,x,Russia_W,R1@rid,tabpfn,1,cell,0.5,10.0,False,10,1,10.0,False,10.0,5,,7,18,10,-13.689187106762569,-13.689187106762569,-11.43340987090011,-14.700914686344722,-12.13418274215903,False
Russia_W,x,Russia_W,R1@rid,tabpfn,1,cell,1.0,10.0,False,10,1,10.0,False,10.0,5,,7,18,10,-14.637935443801728,-14.637935443801728,-11.557880516079054,-15.494052215720245,-12.215253353873495,False
