src_id,site_id,site_name,lat,lon,year,month,alt_cm,method,label_def,n_obs,country,macro,citation,license,subunit,date,eos_basis,value_kind,year_min,year_max,alt_sd_cm,coord_prec_deg,disturbed,disturb_type,right_censored,orig_source,dup_of,qc_flag,notes
firealt_talucci2025,firealt_talucci2025_0001,Olefeldt scotty_2014 (burned),59.34583283,-121.3,2015,6,31.5,probe,direct_dated,1,Canada,Canada,"Talucci, A., Loranty, M., Holloway, J., Rogers, B., Alexander, H., et al. (2024) FireALT dataset: estimated active layer thickness for paired burned unburned sites measured from 2001-2023. NSF Arctic Data Center. https://doi.org/10.18739/A2RN3092P. 자료 논문: Talucci, A. C., et al. (2025) Permafrost-wildfire interactions: active layer thickness estimates for paired burned and unburned sites in northern high latitudes. Earth System Science Data 17, 2887-2909, https://doi.org/10.5194/essd-17-2887-2025",CC BY 4.0,,2015-06-22,none,single_visit,,,,0.1,1,burned,0,FireALT 기여 자료(lastNm 열): Gibson,,ok,"기여자 Olefeldt; siteId scotty_2014; plot 1개; 연중 방문 1회(8월 1일 이후 0회); msrType thaw; 식생 W; 영구동토 분포 S; 생태지역 Muskwa-Slave Lake taiga; 화재 연도 2014, 화재 후 경과 연수 1"
firealt_talucci2025,firealt_talucci2025_0002,Olefeldt zama_1984 (burned),59.345831,-119.340000,2015,9,64.6364,probe,direct_eos,88,Canada,Canada,"Talucci, A., Loranty, M., Holloway, J., Rogers, B., Alexander, H., et al. (2024) FireALT dataset: estimated active layer thickness for paired burned unburned sites measured from 2001-2023. NSF Arctic Data Center. https://doi.org/10.18739/A2RN3092P. 자료 논문: Talucci, A. C., et al. (2025) Permafrost-wildfire interactions: active layer thickness estimates for paired burned and unburned sites in northern high latitudes. Earth System Science Data 17, 2887-2909, https://doi.org/10.5194/essd-17-2887-2025",CC BY 4.0,,2015-09-15,record_date,annual_value,,,23.186,0.01,1,burned,0,FireALT 기여 자료(lastNm 열): Gibson,,ok,"기여자 Olefeldt; siteId zama_1984; plot 88개; 연중 방문 2회(8월 1일 이후 1회); msrType active; 식생 W; 영구동토 분포 S; 생태지역 Muskwa-Slave Lake taiga; 화재 연도 1984, 화재 후 경과 연수 31; 원좌표 문자열 2개를 소수 4자리에서 묶음"
firealt_talucci2025,firealt_talucci2025_0002,Olefeldt zama_1984 (burned),59.345831,-119.340000,2016,9,82.7619,probe,direct_eos,84,Canada,Canada,"Talucci, A., Loranty, M., Holloway, J., Rogers, B., Alexander, H., et al. (2024) FireALT dataset: estimated active layer thickness for paired burned unburned sites measured from 2001-2023. NSF Arctic Data Center. https://doi.org/10.18739/A2RN3092P. 자료 논문: Talucci, A. C., et al. (2025) Permafrost-wildfire interactions: active layer thickness estimates for paired burned and unburned sites in northern high latitudes. Earth System Science Data 17, 2887-2909, https://doi.org/10.5194/essd-17-2887-2025",CC BY 4.0,,2016-09-14,record_date,single_visit,,,29.7891,0.01,1,burned,0,FireALT 기여 자료(lastNm 열): Gibson,,ok,"기여자 Olefeldt; siteId zama_1984; plot 84개; 연중 방문 1회(8월 1일 이후 1회); msrType active; 식생 W; 영구동토 분포 S; 생태지역 Muskwa-Slave Lake taiga; 화재 연도 1984, 화재 후 경과 연수 32; 원좌표 문자열 2개를 소수 4자리에서 묶음"
firealt_talucci2025,firealt_talucci2025_0003,Olefeldt zama_unburn (unburned),59.369168,-119.321106,2015,9,49.5155,probe,direct_eos,97,Canada,Canada,"Talucci, A., Loranty, M., Holloway, J., Rogers, B., Alexander, H., et al. (2024) FireALT dataset: estimated active layer thickness for paired burned unburned sites measured from 2001-2023. NSF Arctic Data Center. https://doi.org/10.18739/A2RN3092P. 자료 논문: Talucci, A. C., et al. (2025) Permafrost-wildfire interactions: active layer thickness estimates for paired burned and unburned sites in northern high latitudes. Earth System Science Data 17, 2887-2909, https://doi.org/10.5194/essd-17-2887-2025",CC BY 4.0,,2015-09-15,record_date,annual_value,,,6.4535,0.0000001,0,,0,FireALT 기여 자료(lastNm 열): Gibson,,ok,기여자 Olefeldt; siteId zama_unburn; plot 97개; 연중 방문 2회(8월 1일 이후 1회); msrType active; 식생 W; 영구동토 분포 S; 생태지역 Muskwa-Slave Lake taiga; 원좌표 문자열 2개를 소수 4자리에서 묶음
firealt_talucci2025,firealt_talucci2025_0003,Olefeldt zama_unburn (unburned),59.369168,-119.321106,2016,9,56.26,probe,direct_eos,100,Canada,Canada,"Talucci, A., Loranty, M., Holloway, J., Rogers, B., Alexander, H., et al. (2024) FireALT dataset: estimated active layer thickness for paired burned unburned sites measured from 2001-2023. NSF Arctic Data Center. https://doi.org/10.18739/A2RN3092P. 자료 논문: Talucci, A. C., et al. (2025) Permafrost-wildfire interactions: active layer thickness estimates for paired burned and unburned sites in northern high latitudes. Earth System Science Data 17, 2887-2909, https://doi.org/10.5194/essd-17-2887-2025",CC BY 4.0,,2016-09-14,record_date,single_visit,,,9.0001,0.0000001,0,,0,FireALT 기여 자료(lastNm 열): Gibson,,ok,기여자 Olefeldt; siteId zama_unburn; plot 100개; 연중 방문 1회(8월 1일 이후 1회); msrType active; 식생 W; 영구동토 분포 S; 생태지역 Muskwa-Slave Lake taiga; 원좌표 문자열 2개를 소수 4자리에서 묶음
firealt_talucci2025,firealt_talucci2025_0004,Olefeldt Lutose 2007/lutose_2007 (burned),59.41722,-117.2844,2016,9,118.0625,probe,direct_eos,32,Canada,Canada,"Talucci, A., Loranty, M., Holloway, J., Rogers, B., Alexander, H., et al. (2024) FireALT dataset: estimated active layer thickness for paired burned unburned sites measured from 2001-2023. NSF Arctic Data Center. https://doi.org/10.18739/A2RN3092P. 자료 논문: Talucci, A. C., et al. (2025) Permafrost-wildfire interactions: active layer thickness estimates for paired burned and unburned sites in northern high latitudes. Earth System Science Data 17, 2887-2909, https://doi.org/10.5194/essd-17-2887-2025",CC BY 4.0,,2016-09-16,record_date,single_visit,,,13.9444,0.0001,1,burned,0,FireALT 기여 자료(lastNm 열): Gibson; Schulze,,ok,"기여자 Olefeldt; siteId lutose_2007; plot 32개; 연중 방문 1회(8월 1일 이후 1회); msrType active; 식생 W; 영구동토 분포 S; 생태지역 Muskwa-Slave Lake taiga; 화재 연도 2008, 화재 후 경과 연수 8"
firealt_talucci2025,firealt_talucci2025_0004,Olefeldt Lutose 2007/lutose_2007 (burned),59.41722,-117.2844,2019,10,119.5,probe,direct_dated,6,Canada,Canada,"Talucci, A., Loranty, M., Holloway, J., Rogers, B., Alexander, H., et al. (2024) FireALT dataset: estimated active layer thickness for paired burned unburned sites measured from 2001-2023. NSF Arctic Data Center. https://doi.org/10.18739/A2RN3092P. 자료 논문: Talucci, A. C., et al. (2025) Permafrost-wildfire interactions: active layer thickness estimates for paired burned and unburned sites in northern high latitudes. Earth System Science Data 17, 2887-2909, https://doi.org/10.5194/essd-17-2887-2025",CC BY 4.0,,2019-10-19,none,single_visit,,,18.3167,0.0001,1,burned,0,FireALT 기여 자료(lastNm 열): Gibson; Schulze,,ok,"기여자 Olefeldt; siteId Lutose 2007; plot 6개; 연중 방문 1회(8월 1일 이후 1회); msrType active; 식생 W; 영구동토 분포 S; 생태지역 Muskwa-Slave Lake taiga; 화재 연도 2007, 화재 후 경과 연수 12"
firealt_talucci2025,firealt_talucci2025_0004,Olefeldt Lutose 2007/lutose_2007 (burned),59.41722,-117.2844,2020,9,109.3333,probe,direct_eos,9,Canada,Canada,"Talucci, A., Loranty, M., Holloway, J., Rogers, B., Alexander, H., et al. (2024) FireALT dataset: estimated active layer thickness for paired burned unburned sites measured from 2001-2023. NSF Arctic Data Center. https://doi.org/10.18739/A2RN3092P. 자료 논문: Talucci, A. C., et al. (2025) Permafrost-wildfire interactions: active layer thickness estimates for paired burned and unburned sites in northern high latitudes. Earth System Science Data 17, 2887-2909, https://doi.org/10.5194/essd-17-2887-2025",CC BY 4.0,,2020-09-18,series_max,annual_value,,,29.5593,0.0001,1,burned,0,FireALT 기여 자료(lastNm 열): Gibson; Schulze,,ok,"기여자 Olefeldt; siteId Lutose 2007; plot 9개; 연중 방문 4회(8월 1일 이후 2회); msrType active; 식생 W; 영구동토 분포 S; 생태지역 Muskwa-Slave Lake taiga; 화재 연도 2007, 화재 후 경과 연수 13"
firealt_talucci2025,firealt_talucci2025_0005,Olefeldt Lutose Unburn/lutose_unburn (unburned),59.484442,-117.178078,2015,9,75.963,probe,direct_eos,81,Canada,Canada,"Talucci, A., Loranty, M., Holloway, J., Rogers, B., Alexander, H., et al. (2024) FireALT dataset: estimated active layer thickness for paired burned unburned sites measured from 2001-2023. NSF Arctic Data Center. https://doi.org/10.18739/A2RN3092P. 자료 논문: Talucci, A. C., et al. (2025) Permafrost-wildfire interactions: active layer thickness estimates for paired burned and unburned sites in northern high latitudes. Earth System Science Data 17, 2887-2909, https://doi.org/10.5194/essd-17-2887-2025",CC BY 4.0,,2015-09-11,record_date,annual_value,,,29.6881,0.0000001,0,,0,FireALT 기여 자료(lastNm 열): Gibson; Schulze,,ok,기여자 Olefeldt; siteId lutose_unburn; plot 81개; 연중 방문 4회(8월 1일 이후 1회); msrType active; 식생 W; 영구동토 분포 S; 생태지역 Muskwa-Slave Lake taiga; 원좌표 문자열 2개를 소수 4자리에서 묶음
firealt_talucci2025,firealt_talucci2025_0005,Olefeldt Lutose Unburn/lutose_unburn (unburned),59.484442,-117.178078,2016,9,88.939,probe,direct_eos,82,Canada,Canada,"Talucci, A., Loranty, M., Holloway, J., Rogers, B., Alexander, H., et al. (2024) FireALT dataset: estimated active layer thickness for paired burned unburned sites measured from 2001-2023. NSF Arctic Data Center. https://doi.org/10.18739/A2RN3092P. 자료 논문: Talucci, A. C., et al. (2025) Permafrost-wildfire interactions: active layer thickness estimates for paired burned and unburned sites in northern high latitudes. Earth System Science Data 17, 2887-2909, https://doi.org/10.5194/essd-17-2887-2025",CC BY 4.0,,2016-09-17,record_date,single_visit,,,28.5291,0.0000001,0,,0,FireALT 기여 자료(lastNm 열): Gibson; Schulze,,ok,기여자 Olefeldt; siteId lutose_unburn; plot 82개; 연중 방문 1회(8월 1일 이후 1회); msrType active; 식생 W; 영구동토 분포 S; 생태지역 Muskwa-Slave Lake taiga; 원좌표 문자열 2개를 소수 4자리에서 묶음
firealt_talucci2025,firealt_talucci2025_0005,Olefeldt Lutose Unburn/lutose_unburn (unburned),59.484442,-117.178078,2019,10,60.6349,probe,direct_dated,63,Canada,Canada,"Talucci, A., Loranty, M., Holloway, J., Rogers, B., Alexander, H., et al. (2024) FireALT dataset: estimated active layer thickness for paired burned unburned sites measured from 2001-2023. NSF Arctic Data Center. https://doi.org/10.18739/A2RN3092P. 자료 논문: Talucci, A. C., et al. (2025) Permafrost-wildfire interactions: active layer thickness estimates for paired burned and unburned sites in northern high latitudes. Earth System Science Data 17, 2887-2909, https://doi.org/10.5194/essd-17-2887-2025",CC BY 4.0,,2019-10-19,none,single_visit,,,47.356,0.0000001,0,,0,FireALT 기여 자료(lastNm 열): Gibson; Schulze,,ok,기여자 Olefeldt; siteId Lutose Unburn; plot 63개; 연중 방문 1회(8월 1일 이후 1회); msrType active; 식생 W; 영구동토 분포 S; 생태지역 Muskwa-Slave Lake taiga; 값을 준 방문에 0 cm 기록 18건 포함; 원좌표 문자열 2개를 소수 4자리에서 묶음
firealt_talucci2025,firealt_talucci2025_0005,Olefeldt Lutose Unburn/lutose_unburn (unburned),59.484442,-117.178078,2020,9,85.9672,probe,direct_eos,61,Canada,Canada,"Talucci, A., Loranty, M., Holloway, J., Rogers, B., Alexander, H., et al. (2024) FireALT dataset: estimated active layer thickness for paired burned unburned sites measured from 2001-2023. NSF Arctic Data Center. https://doi.org/10.18739/A2RN3092P. 자료 논문: Talucci, A. C., et al. (2025) Permafrost-wildfire interactions: active layer thickness estimates for paired burned and unburned sites in northern high latitudes. Earth System Science Data 17, 2887-2909, https://doi.org/10.5194/essd-17-2887-2025",CC BY 4.0,,2020-09-18,series_max,annual_value,,,31.3039,0.0000001,0,,0,FireALT 기여 자료(lastNm 열): Gibson; Schulze,,ok,기여자 Olefeldt; siteId Lutose Unburn; plot 61개; 연중 방문 4회(8월 1일 이후 2회); msrType active; 식생 W; 영구동토 분포 S; 생태지역 Muskwa-Slave Lake taiga; 원좌표 문자열 2개를 소수 4자리에서 묶음
firealt_talucci2025,firealt_talucci2025_0006,Olefeldt lutose_2000 (burned),59.500000,-117.204711,2015,9,124.1707,probe,direct_eos,82,Canada,Canada,"Talucci, A., Loranty, M., Holloway, J., Rogers, B., Alexander, H., et al. (2024) FireALT dataset: estimated active layer thickness for paired burned unburned sites measured from 2001-2023. NSF Arctic Data Center. https://doi.org/10.18739/A2RN3092P. 자료 논문: Talucci, A. C., et al. (2025) Permafrost-wildfire interactions: active layer thickness estimates for paired burned and unburned sites in northern high latitudes. Earth System Science Data 17, 2887-2909, https://doi.org/10.5194/essd-17-2887-2025",CC BY 4.0,,2015-09-11,record_date,annual_value,,,19.539,0.1,1,burned,0,FireALT 기여 자료(lastNm 열): Gibson,,ok,"기여자 Olefeldt; siteId lutose_2000; plot 82개; 연중 방문 3회(8월 1일 이후 1회); msrType active; 식생 W; 영구동토 분포 S; 생태지역 Muskwa-Slave Lake taiga; 화재 연도 2000, 화재 후 경과 연수 15; 원좌표 문자열 2개를 소수 4자리에서 묶음"
firealt_talucci2025,firealt_talucci2025_0006,Olefeldt lutose_2000 (burned),59.500000,-117.204711,2016,8,127.0714,probe,direct_eos,56,Canada,Canada,"Talucci, A., Loranty, M., Holloway, J., Rogers, B., Alexander, H., et al. (2024) FireALT dataset: estimated active layer thickness for paired burned unburned sites measured from 2001-2023. NSF Arctic Data Center. https://doi.org/10.18739/A2RN3092P. 자료 논문: Talucci, A. C., et al. (2025) Permafrost-wildfire interactions: active layer thickness estimates for paired burned and unburned sites in northern high latitudes. Earth System Science Data 17, 2887-2909, https://doi.org/10.5194/essd-17-2887-2025",CC BY 4.0,,2016-08-18,series_max,annual_value,,,15.2552,0.1,1,burned,0,FireALT 기여 자료(lastNm 열): Gibson,,ok,"기여자 Olefeldt; siteId lutose_2000; plot 56개; 연중 방문 17회(8월 1일 이후 4회); msrType thaw; 식생 W; 영구동토 분포 S; 생태지역 Muskwa-Slave Lake taiga; 화재 연도 2000, 화재 후 경과 연수 16; 8월 1일 이후 방문 간격 최소 1일(같은 조사 기간의 서로 다른 plot 일 수 있다); 원좌표 문자열 2개를 소수 4자리에서 묶음"
firealt_talucci2025,firealt_talucci2025_0007,Olefeldt lutose_2000 (unburned),59.5,-117.2047,2016,8,84.9518,probe,direct_eos,83,Canada,Canada,"Talucci, A., Loranty, M., Holloway, J., Rogers, B., Alexander, H., et al. (2024) FireALT dataset: estimated active layer thickness for paired burned unburned sites measured from 2001-2023. NSF Arctic Data Center. https://doi.org/10.18739/A2RN3092P. 자료 논문: Talucci, A. C., et al. (2025) Permafrost-wildfire interactions: active layer thickness estimates for paired burned and unburned sites in northern high latitudes. Earth System Science Data 17, 2887-2909, https://doi.org/10.5194/essd-17-2887-2025",CC BY 4.0,,2016-08-15,record_date,annual_value,,,30.4795,0.1,0,,0,FireALT 기여 자료(lastNm 열): Gibson,,ok,기여자 Olefeldt; siteId lutose_2000; plot 83개; 연중 방문 6회(8월 1일 이후 1회); msrType thaw; 식생 W; 영구동토 분포 S; 생태지역 Muskwa-Slave Lake taiga
firealt_talucci2025,firealt_talucci2025_0008,Olefeldt Lutose 2019 (burned),59.59508,-117.2862,2019,10,57.6154,probe,direct_dated,65,Canada,Canada,"Talucci, A., Loranty, M., Holloway, J., Rogers, B., Alexander, H., et al. (2024) FireALT dataset: estimated active layer thickness for paired burned unburned sites measured from 2001-2023. NSF Arctic Data Center. https://doi.org/10.18739/A2RN3092P. 자료 논문: Talucci, A. C., et al. (2025) Permafrost-wildfire interactions: active layer thickness estimates for paired burned and unburned sites in northern high latitudes. Earth System Science Data 17, 2887-2909, https://doi.org/10.5194/essd-17-2887-2025",CC BY 4.0,,2019-10-19,none,single_visit,,,14.7846,0.0001,1,burned,0,FireALT 기여 자료(lastNm 열): Schulze,,ok,"기여자 Olefeldt; siteId Lutose 2019; plot 65개; 연중 방문 1회(8월 1일 이후 1회); msrType active; 식생 W; 영구동토 분포 S; 생태지역 Muskwa-Slave Lake taiga; 화재 연도 2019, 화재 후 경과 연수 0"
firealt_talucci2025,firealt_talucci2025_0008,Olefeldt Lutose 2019 (burned),59.59508,-117.2862,2020,9,69.6615,probe,direct_eos,65,Canada,Canada,"Talucci, A., Loranty, M., Holloway, J., Rogers, B., Alexander, H., et al. (2024) FireALT dataset: estimated active layer thickness for paired burned unburned sites measured from 2001-2023. NSF Arctic Data Center. https://doi.org/10.18739/A2RN3092P. 자료 논문: Talucci, A. C., et al. (2025) Permafrost-wildfire interactions: active layer thickness estimates for paired burned and unburned sites in northern high latitudes. Earth System Science Data 17, 2887-2909, https://doi.org/10.5194/essd-17-2887-2025",CC BY 4.0,,2020-09-18,series_max,annual_value,,,19.5498,0.0001,1,burned,0,FireALT 기여 자료(lastNm 열): Schulze,,ok,"기여자 Olefeldt; siteId Lutose 2019; plot 65개; 연중 방문 4회(8월 1일 이후 2회); msrType active; 식생 W; 영구동토 분포 S; 생태지역 Muskwa-Slave Lake taiga; 화재 연도 2019, 화재 후 경과 연수 1"
firealt_talucci2025,firealt_talucci2025_0009,Olefeldt lutose_2012 (burned),59.778332,-117.061106,2015,9,81.4176,probe,direct_eos,91,Canada,Canada,"Talucci, A., Loranty, M., Holloway, J., Rogers, B., Alexander, H., et al. (2024) FireALT dataset: estimated active layer thickness for paired burned unburned sites measured from 2001-2023. NSF Arctic Data Center. https://doi.org/10.18739/A2RN3092P. 자료 논문: Talucci, A. C., et al. (2025) Permafrost-wildfire interactions: active layer thickness estimates for paired burned and unburned sites in northern high latitudes. Earth System Science Data 17, 2887-2909, https://doi.org/10.5194/essd-17-2887-2025",CC BY 4.0,,2015-09-11,record_date,annual_value,,,17.1717,0.0000001,1,burned,0,FireALT 기여 자료(lastNm 열): Gibson,,ok,"기여자 Olefeldt; siteId lutose_2012; plot 91개; 연중 방문 3회(8월 1일 이후 1회); msrType active; 식생 W; 영구동토 분포 S; 생태지역 Muskwa-Slave Lake taiga; 화재 연도 2012, 화재 후 경과 연수 3; 원좌표 문자열 2개를 소수 4자리에서 묶음"
firealt_talucci2025,firealt_talucci2025_0009,Olefeldt lutose_2012 (burned),59.778332,-117.061106,2016,9,89.9348,probe,direct_eos,92,Canada,Canada,"Talucci, A., Loranty, M., Holloway, J., Rogers, B., Alexander, H., et al. (2024) FireALT dataset: estimated active layer thickness for paired burned unburned sites measured from 2001-2023. NSF Arctic Data Center. https://doi.org/10.18739/A2RN3092P. 자료 논문: Talucci, A. C., et al. (2025) Permafrost-wildfire interactions: active layer thickness estimates for paired burned and unburned sites in northern high latitudes. Earth System Science Data 17, 2887-2909, https://doi.org/10.5194/essd-17-2887-2025",CC BY 4.0,,2016-09-16,record_date,single_visit,,,16.2209,0.0000001,1,burned,0,FireALT 기여 자료(lastNm 열): Gibson,,ok,"기여자 Olefeldt; siteId lutose_2012; plot 92개; 연중 방문 1회(8월 1일 이후 1회); msrType active; 식생 W; 영구동토 분포 S; 생태지역 Muskwa-Slave Lake taiga; 화재 연도 2012, 화재 후 경과 연수 4; 원좌표 문자열 2개를 소수 4자리에서 묶음"
firealt_talucci2025,firealt_talucci2025_0010,Dieleman CG3-30 (unburned),60.58076,-116.017,2019,9,100.8,probe,direct_eos,5,Canada,Canada,"Talucci, A., Loranty, M., Holloway, J., Rogers, B., Alexander, H., et al. (2024) FireALT dataset: estimated active layer thickness for paired burned unburned sites measured from 2001-2023. NSF Arctic Data Center. https://doi.org/10.18739/A2RN3092P. 자료 논문: Talucci, A. C., et al. (2025) Permafrost-wildfire interactions: active layer thickness estimates for paired burned and unburned sites in northern high latitudes. Earth System Science Data 17, 2887-2909, https://doi.org/10.5194/essd-17-2887-2025",CC BY 4.0,,2019-09-30,record_date,single_visit,,,7.1204,0.001,0,,0,FireALT 기여 자료(lastNm 열): Dieleman_Baltzer_Turetsky,,ok,기여자 Dieleman; siteId CG3-30; plot 1개; 연중 방문 1회(8월 1일 이후 1회); msrType active; 식생 DN; 영구동토 분포 S; 생태지역 Muskwa-Slave Lake taiga
firealt_talucci2025,firealt_talucci2025_0011,Dieleman CG3-40 (unburned),60.60659,-116.242,2019,9,71.6,probe,direct_eos,5,Canada,Canada,"Talucci, A., Loranty, M., Holloway, J., Rogers, B., Alexander, H., et al. (2024) FireALT dataset: estimated active layer thickness for paired burned unburned sites measured from 2001-2023. NSF Arctic Data Center. https://doi.org/10.18739/A2RN3092P. 자료 논문: Talucci, A. C., et al. (2025) Permafrost-wildfire interactions: active layer thickness estimates for paired burned and unburned sites in northern high latitudes. Earth System Science Data 17, 2887-2909, https://doi.org/10.5194/essd-17-2887-2025",CC BY 4.0,,2019-09-30,record_date,single_visit,,,23.2444,0.001,0,,0,FireALT 기여 자료(lastNm 열): Dieleman_Baltzer_Turetsky,,ok,기여자 Dieleman; siteId CG3-40; plot 1개; 연중 방문 1회(8월 1일 이후 1회); msrType active; 식생 EN; 영구동토 분포 S; 생태지역 Muskwa-Slave Lake taiga
firealt_talucci2025,firealt_talucci2025_0012,Dieleman F1-31 (burned),60.64151,-116.091,2017,8,100,probe,direct_eos,1,Canada,Canada,"Talucci, A., Loranty, M., Holloway, J., Rogers, B., Alexander, H., et al. (2024) FireALT dataset: estimated active layer thickness for paired burned unburned sites measured from 2001-2023. NSF Arctic Data Center. https://doi.org/10.18739/A2RN3092P. 자료 논문: Talucci, A. C., et al. (2025) Permafrost-wildfire interactions: active layer thickness estimates for paired burned and unburned sites in northern high latitudes. Earth System Science Data 17, 2887-2909, https://doi.org/10.5194/essd-17-2887-2025",CC BY 4.0,,2017-08-08,record_date,single_visit,,,,0.001,1,burned,0,FireALT 기여 자료(lastNm 열): Dieleman_Baltzer_Turetsky,,ok,"기여자 Dieleman; siteId F1-31; plot 1개; 연중 방문 1회(8월 1일 이후 1회); msrType thaw; 식생 EN; 영구동토 분포 S; 생태지역 Muskwa-Slave Lake taiga; 화재 연도 1971, 화재 후 경과 연수 46"
firealt_talucci2025,firealt_talucci2025_0013,Dieleman F1-25 (burned),60.64175,-116.099,2017,8,149,probe,direct_eos,2,Canada,Canada,"Talucci, A., Loranty, M., Holloway, J., Rogers, B., Alexander, H., et al. (2024) FireALT dataset: estimated active layer thickness for paired burned unburned sites measured from 2001-2023. NSF Arctic Data Center. https://doi.org/10.18739/A2RN3092P. 자료 논문: Talucci, A. C., et al. (2025) Permafrost-wildfire interactions: active layer thickness estimates for paired burned and unburned sites in northern high latitudes. Earth System Science Data 17, 2887-2909, https://doi.org/10.5194/essd-17-2887-2025",CC BY 4.0,,2017-08-07,record_date,single_visit,,,15.5563,0.001,1,burned,0,FireALT 기여 자료(lastNm 열): Dieleman_Baltzer_Turetsky,,ok,"기여자 Dieleman; siteId F1-25; plot 1개; 연중 방문 1회(8월 1일 이후 1회); msrType thaw; 식생 EN; 영구동토 분포 S; 생태지역 Muskwa-Slave Lake taiga; 화재 연도 1971, 화재 후 경과 연수 46"
firealt_talucci2025,firealt_talucci2025_0013,Dieleman F1-25 (burned),60.64175,-116.099,2019,9,117.4,probe,direct_eos,5,Canada,Canada,"Talucci, A., Loranty, M., Holloway, J., Rogers, B., Alexander, H., et al. (2024) FireALT dataset: estimated active layer thickness for paired burned unburned sites measured from 2001-2023. NSF Arctic Data Center. https://doi.org/10.18739/A2RN3092P. 자료 논문: Talucci, A. C., et al. (2025) Permafrost-wildfire interactions: active layer thickness estimates for paired burned and unburned sites in northern high latitudes. Earth System Science Data 17, 2887-2909, https://doi.org/10.5194/essd-17-2887-2025",CC BY 4.0,,2019-09-30,record_date,single_visit,,,3.9115,0.001,1,burned,0,FireALT 기여 자료(lastNm 열): Dieleman_Baltzer_Turetsky,,ok,"기여자 Dieleman; siteId F1-25; plot 1개; 연중 방문 1회(8월 1일 이후 1회); msrType active; 식생 EN; 영구동토 분포 S; 생태지역 Muskwa-Slave Lake taiga; 화재 연도 1971, 화재 후 경과 연수 48"
firealt_talucci2025,firealt_talucci2025_0014,Dieleman F1-12 (burned),60.69384,-115.929,2019,9,106.2,probe,direct_eos,5,Canada,Canada,"Talucci, A., Loranty, M., Holloway, J., Rogers, B., Alexander, H., et al. (2024) FireALT dataset: estimated active layer thickness for paired burned unburned sites measured from 2001-2023. NSF Arctic Data Center. https://doi.org/10.18739/A2RN3092P. 자료 논문: Talucci, A. C., et al. (2025) Permafrost-wildfire interactions: active layer thickness estimates for paired burned and unburned sites in northern high latitudes. Earth System Science Data 17, 2887-2909, https://doi.org/10.5194/essd-17-2887-2025",CC BY 4.0,,2019-09-30,record_date,single_visit,,,40.2082,0.001,1,burned,0,FireALT 기여 자료(lastNm 열): Dieleman_Baltzer_Turetsky,,ok,"기여자 Dieleman; siteId F1-12; plot 1개; 연중 방문 1회(8월 1일 이후 1회); msrType active; 식생 EN; 영구동토 분포 S; 생태지역 Muskwa-Slave Lake taiga; 화재 연도 1971, 화재 후 경과 연수 48"
firealt_talucci2025,firealt_talucci2025_0015,Dieleman CG3-12 (unburned),60.70012,-116.464,2019,10,109.6667,probe,direct_dated,3,Canada,Canada,"Talucci, A., Loranty, M., Holloway, J., Rogers, B., Alexander, H., et al. (2024) FireALT dataset: estimated active layer thickness for paired burned unburned sites measured from 2001-2023. NSF Arctic Data Center. https://doi.org/10.18739/A2RN3092P. 자료 논문: Talucci, A. C., et al. (2025) Permafrost-wildfire interactions: active layer thickness estimates for paired burned and unburned sites in northern high latitudes. Earth System Science Data 17, 2887-2909, https://doi.org/10.5194/essd-17-2887-2025",CC BY 4.0,,2019-10-01,none,single_visit,,,8.3267,0.001,0,,0,FireALT 기여 자료(lastNm 열): Dieleman_Baltzer_Turetsky,,ok,기여자 Dieleman; siteId CG3-12; plot 1개; 연중 방문 1회(8월 1일 이후 1회); msrType active; 식생 EN; 영구동토 분포 S; 생태지역 Muskwa-Slave Lake taiga
firealt_talucci2025,firealt_talucci2025_0016,Dieleman F1-22 (burned),60.70167,-115.905,2017,8,75,probe,direct_eos,1,Canada,Canada,"Talucci, A., Loranty, M., Holloway, J., Rogers, B., Alexander, H., et al. (2024) FireALT dataset: estimated active layer thickness for paired burned unburned sites measured from 2001-2023. NSF Arctic Data Center. https://doi.org/10.18739/A2RN3092P. 자료 논문: Talucci, A. C., et al. (2025) Permafrost-wildfire interactions: active layer thickness estimates for paired burned and unburned sites in northern high latitudes. Earth System Science Data 17, 2887-2909, https://doi.org/10.5194/essd-17-2887-2025",CC BY 4.0,,2017-08-13,record_date,single_visit,,,,0.001,1,burned,0,FireALT 기여 자료(lastNm 열): Dieleman_Baltzer_Turetsky,,ok,"기여자 Dieleman; siteId F1-22; plot 1개; 연중 방문 1회(8월 1일 이후 1회); msrType thaw; 식생 MNM; 영구동토 분포 S; 생태지역 Muskwa-Slave Lake taiga; 화재 연도 1971, 화재 후 경과 연수 46"
firealt_talucci2025,firealt_talucci2025_0017,Dieleman F1-22 (burned),60.70185,-115.904,2019,9,150.75,probe,direct_eos,4,Canada,Canada,"Talucci, A., Loranty, M., Holloway, J., Rogers, B., Alexander, H., et al. (2024) FireALT dataset: estimated active layer thickness for paired burned unburned sites measured from 2001-2023. NSF Arctic Data Center. https://doi.org/10.18739/A2RN3092P. 자료 논문: Talucci, A. C., et al. (2025) Permafrost-wildfire interactions: active layer thickness estimates for paired burned and unburned sites in northern high latitudes. Earth System Science Data 17, 2887-2909, https://doi.org/10.5194/essd-17-2887-2025",CC BY 4.0,,2019-09-30,record_date,single_visit,,,22.4704,0.001,1,burned,0,FireALT 기여 자료(lastNm 열): Dieleman_Baltzer_Turetsky,,ok,"기여자 Dieleman; siteId F1-22; plot 1개; 연중 방문 1회(8월 1일 이후 1회); msrType active; 식생 MNM; 영구동토 분포 S; 생태지역 Muskwa-Slave Lake taiga; 화재 연도 1971, 화재 후 경과 연수 48"
firealt_talucci2025,firealt_talucci2025_0018,Dieleman F6-1 (burned),60.70244,-115.003,2019,9,145.2,probe,direct_eos,5,Canada,Canada,"Talucci, A., Loranty, M., Holloway, J., Rogers, B., Alexander, H., et al. (2024) FireALT dataset: estimated active layer thickness for paired burned unburned sites measured from 2001-2023. NSF Arctic Data Center. https://doi.org/10.18739/A2RN3092P. 자료 논문: Talucci, A. C., et al. (2025) Permafrost-wildfire interactions: active layer thickness estimates for paired burned and unburned sites in northern high latitudes. Earth System Science Data 17, 2887-2909, https://doi.org/10.5194/essd-17-2887-2025",CC BY 4.0,,2019-09-28,record_date,single_visit,,,23.0152,0.001,1,burned,0,FireALT 기여 자료(lastNm 열): Dieleman_Baltzer_Turetsky,,ok,"기여자 Dieleman; siteId F6-1; plot 1개; 연중 방문 1회(8월 1일 이후 1회); msrType active; 식생 DN; 영구동토 분포 S; 생태지역 Muskwa-Slave Lake taiga; 화재 연도 1981, 화재 후 경과 연수 "
firealt_talucci2025,firealt_talucci2025_0019,Dieleman CG3-4 (unburned),60.73417,-115.209,2019,9,146.8,probe,direct_eos,5,Canada,Canada,"Talucci, A., Loranty, M., Holloway, J., Rogers, B., Alexander, H., et al. (2024) FireALT dataset: estimated active layer thickness for paired burned unburned sites measured from 2001-2023. NSF Arctic Data Center. https://doi.org/10.18739/A2RN3092P. 자료 논문: Talucci, A. C., et al. (2025) Permafrost-wildfire interactions: active layer thickness estimates for paired burned and unburned sites in northern high latitudes. Earth System Science Data 17, 2887-2909, https://doi.org/10.5194/essd-17-2887-2025",CC BY 4.0,,2019-09-28,record_date,single_visit,,,40.4809,0.001,0,,0,FireALT 기여 자료(lastNm 열): Dieleman_Baltzer_Turetsky,,ok,기여자 Dieleman; siteId CG3-4; plot 1개; 연중 방문 1회(8월 1일 이후 1회); msrType active; 식생 EN; 영구동토 분포 S; 생태지역 Muskwa-Slave Lake taiga
firealt_talucci2025,firealt_talucci2025_0020,Dieleman F1-47 (burned),60.73611,-115.901,2017,8,200,probe,direct_eos,2,Canada,Canada,"Talucci, A., Loranty, M., Holloway, J., Rogers, B., Alexander, H., et al. (2024) FireALT dataset: estimated active layer thickness for paired burned unburned sites measured from 2001-2023. NSF Arctic Data Center. https://doi.org/10.18739/A2RN3092P. 자료 논문: Talucci, A. C., et al. (2025) Permafrost-wildfire interactions: active layer thickness estimates for paired burned and unburned sites in northern high latitudes. Earth System Science Data 17, 2887-2909, https://doi.org/10.5194/essd-17-2887-2025",CC BY 4.0,,2017-08-18,record_date,single_visit,,,0,0.001,1,burned,0,FireALT 기여 자료(lastNm 열): Dieleman_Baltzer_Turetsky,,ok,"기여자 Dieleman; siteId F1-47; plot 1개; 연중 방문 1회(8월 1일 이후 1회); msrType thaw; 식생 MNM; 영구동토 분포 S; 생태지역 Muskwa-Slave Lake taiga; 화재 연도 1971, 화재 후 경과 연수 46"
firealt_talucci2025,firealt_talucci2025_0021,Dieleman F3-8 (burned),60.79222,-116.583,2019,10,200,probe,direct_dated,4,Canada,Canada,"Talucci, A., Loranty, M., Holloway, J., Rogers, B., Alexander, H., et al. (2024) FireALT dataset: estimated active layer thickness for paired burned unburned sites measured from 2001-2023. NSF Arctic Data Center. https://doi.org/10.18739/A2RN3092P. 자료 논문: Talucci, A. C., et al. (2025) Permafrost-wildfire interactions: active layer thickness estimates for paired burned and unburned sites in northern high latitudes. Earth System Science Data 17, 2887-2909, https://doi.org/10.5194/essd-17-2887-2025",CC BY 4.0,,2019-10-01,none,single_visit,,,0,0.001,1,burned,0,FireALT 기여 자료(lastNm 열): Dieleman_Baltzer_Turetsky,,ok,"기여자 Dieleman; siteId F3-8; plot 1개; 연중 방문 1회(8월 1일 이후 1회); msrType active; 식생 DN; 영구동토 분포 S; 생태지역 Muskwa-Slave Lake taiga; 화재 연도 1969, 화재 후 경과 연수 50"
firealt_talucci2025,firealt_talucci2025_0022,Dieleman SS33-27 (burned),60.84466,-117.464,2015,8,87.5,probe,direct_eos,10,Canada,Canada,"Talucci, A., Loranty, M., Holloway, J., Rogers, B., Alexander, H., et al. (2024) FireALT dataset: estimated active layer thickness for paired burned unburned sites measured from 2001-2023. NSF Arctic Data Center. https://doi.org/10.18739/A2RN3092P. 자료 논문: Talucci, A. C., et al. (2025) Permafrost-wildfire interactions: active layer thickness estimates for paired burned and unburned sites in northern high latitudes. Earth System Science Data 17, 2887-2909, https://doi.org/10.5194/essd-17-2887-2025",CC BY 4.0,,2015-08-26,record_date,single_visit,,,24.0613,0.001,1,burned,0,FireALT 기여 자료(lastNm 열): Dieleman_Baltzer_Turetsky,,ok,"기여자 Dieleman; siteId SS33-27; plot 1개; 연중 방문 1회(8월 1일 이후 1회); msrType thaw; 식생 EN; 영구동토 분포 S; 생태지역 Muskwa-Slave Lake taiga; 화재 연도 2014, 화재 후 경과 연수 1"
firealt_talucci2025,firealt_talucci2025_0023,Dieleman SS33-27 (burned),60.84491,-117.462,2015,8,91.7,probe,direct_eos,10,Canada,Canada,"Talucci, A., Loranty, M., Holloway, J., Rogers, B., Alexander, H., et al. (2024) FireALT dataset: estimated active layer thickness for paired burned unburned sites measured from 2001-2023. NSF Arctic Data Center. https://doi.org/10.18739/A2RN3092P. 자료 논문: Talucci, A. C., et al. (2025) Permafrost-wildfire interactions: active layer thickness estimates for paired burned and unburned sites in northern high latitudes. Earth System Science Data 17, 2887-2909, https://doi.org/10.5194/essd-17-2887-2025",CC BY 4.0,,2015-08-26,record_date,single_visit,,,29.7697,0.001,1,burned,0,FireALT 기여 자료(lastNm 열): Dieleman_Baltzer_Turetsky,,ok,"기여자 Dieleman; siteId SS33-27; plot 1개; 연중 방문 1회(8월 1일 이후 1회); msrType thaw; 식생 EN; 영구동토 분포 S; 생태지역 Muskwa-Slave Lake taiga; 화재 연도 2014, 화재 후 경과 연수 1"
firealt_talucci2025,firealt_talucci2025_0024,Dieleman SS33-27 (burned),60.84574,-117.46,2015,8,119.1111,probe,direct_eos,9,Canada,Canada,"Talucci, A., Loranty, M., Holloway, J., Rogers, B., Alexander, H., et al. (2024) FireALT dataset: estimated active layer thickness for paired burned unburned sites measured from 2001-2023. NSF Arctic Data Center. https://doi.org/10.18739/A2RN3092P. 자료 논문: Talucci, A. C., et al. (2025) Permafrost-wildfire interactions: active layer thickness estimates for paired burned and unburned sites in northern high latitudes. Earth System Science Data 17, 2887-2909, https://doi.org/10.5194/essd-17-2887-2025",CC BY 4.0,,2015-08-26,record_date,single_visit,,,17.1424,0.01,1,burned,0,FireALT 기여 자료(lastNm 열): Dieleman_Baltzer_Turetsky,,ok,"기여자 Dieleman; siteId SS33-27; plot 1개; 연중 방문 1회(8월 1일 이후 1회); msrType thaw; 식생 MNM; 영구동토 분포 S; 생태지역 Muskwa-Slave Lake taiga; 화재 연도 2014, 화재 후 경과 연수 1"
firealt_talucci2025,firealt_talucci2025_0025,Dieleman SS33-26 (burned),60.84812,-117.447,2015,8,117,probe,direct_eos,10,Canada,Canada,"Talucci, A., Loranty, M., Holloway, J., Rogers, B., Alexander, H., et al. (2024) FireALT dataset: estimated active layer thickness for paired burned unburned sites measured from 2001-2023. NSF Arctic Data Center. https://doi.org/10.18739/A2RN3092P. 자료 논문: Talucci, A. C., et al. (2025) Permafrost-wildfire interactions: active layer thickness estimates for paired burned and unburned sites in northern high latitudes. Earth System Science Data 17, 2887-2909, https://doi.org/10.5194/essd-17-2887-2025",CC BY 4.0,,2015-08-26,record_date,single_visit,,,8.7433,0.001,1,burned,0,FireALT 기여 자료(lastNm 열): Dieleman_Baltzer_Turetsky,,ok,"기여자 Dieleman; siteId SS33-26; plot 1개; 연중 방문 1회(8월 1일 이후 1회); msrType thaw; 식생 MNM; 영구동토 분포 S; 생태지역 Muskwa-Slave Lake taiga; 화재 연도 2014, 화재 후 경과 연수 1"
firealt_talucci2025,firealt_talucci2025_0026,Dieleman SS33-25 (burned),60.8622,-117.422,2015,8,100,probe,direct_eos,10,Canada,Canada,"Talucci, A., Loranty, M., Holloway, J., Rogers, B., Alexander, H., et al. (2024) FireALT dataset: estimated active layer thickness for paired burned unburned sites measured from 2001-2023. NSF Arctic Data Center. https://doi.org/10.18739/A2RN3092P. 자료 논문: Talucci, A. C., et al. (2025) Permafrost-wildfire interactions: active layer thickness estimates for paired burned and unburned sites in northern high latitudes. Earth System Science Data 17, 2887-2909, https://doi.org/10.5194/essd-17-2887-2025",CC BY 4.0,,2015-08-26,record_date,single_visit,,,0,0.001,1,burned,0,FireALT 기여 자료(lastNm 열): Dieleman_Baltzer_Turetsky,,ok,"기여자 Dieleman; siteId SS33-25; plot 1개; 연중 방문 1회(8월 1일 이후 1회); msrType thaw; 식생 DN; 영구동토 분포 S; 생태지역 Muskwa-Slave Lake taiga; 화재 연도 2014, 화재 후 경과 연수 1"
firealt_talucci2025,firealt_talucci2025_0027,Dieleman F3-3 (burned),60.86399,-116.637,2019,10,102.5,probe,direct_dated,4,Canada,Canada,"Talucci, A., Loranty, M., Holloway, J., Rogers, B., Alexander, H., et al. (2024) FireALT dataset: estimated active layer thickness for paired burned unburned sites measured from 2001-2023. NSF Arctic Data Center. https://doi.org/10.18739/A2RN3092P. 자료 논문: Talucci, A. C., et al. (2025) Permafrost-wildfire interactions: active layer thickness estimates for paired burned and unburned sites in northern high latitudes. Earth System Science Data 17, 2887-2909, https://doi.org/10.5194/essd-17-2887-2025",CC BY 4.0,,2019-10-01,none,single_visit,,,37.7492,0.001,1,burned,0,FireALT 기여 자료(lastNm 열): Dieleman_Baltzer_Turetsky,,ok,"기여자 Dieleman; siteId F3-3; plot 1개; 연중 방문 1회(8월 1일 이후 1회); msrType active; 식생 MNM; 영구동토 분포 S; 생태지역 Muskwa-Slave Lake taiga; 화재 연도 1969, 화재 후 경과 연수 50"
firealt_talucci2025,firealt_talucci2025_0028,Dieleman SS33-21 (burned),60.87413,-117.41,2015,8,89.1,probe,direct_eos,10,Canada,Canada,"Talucci, A., Loranty, M., Holloway, J., Rogers, B., Alexander, H., et al. (2024) FireALT dataset: estimated active layer thickness for paired burned unburned sites measured from 2001-2023. NSF Arctic Data Center. https://doi.org/10.18739/A2RN3092P. 자료 논문: Talucci, A. C., et al. (2025) Permafrost-wildfire interactions: active layer thickness estimates for paired burned and unburned sites in northern high latitudes. Earth System Science Data 17, 2887-2909, https://doi.org/10.5194/essd-17-2887-2025",CC BY 4.0,,2015-08-26,record_date,single_visit,,,15.2858,0.01,1,burned,0,FireALT 기여 자료(lastNm 열): Dieleman_Baltzer_Turetsky,,ok,"기여자 Dieleman; siteId SS33-21; plot 1개; 연중 방문 1회(8월 1일 이후 1회); msrType thaw; 식생 DN; 영구동토 분포 S; 생태지역 Muskwa-Slave Lake taiga; 화재 연도 2014, 화재 후 경과 연수 1"
firealt_talucci2025,firealt_talucci2025_0029,Dieleman SS33-21 (burned),60.87551,-117.414,2015,8,78.1,probe,direct_eos,10,Canada,Canada,"Talucci, A., Loranty, M., Holloway, J., Rogers, B., Alexander, H., et al. (2024) FireALT dataset: estimated active layer thickness for paired burned unburned sites measured from 2001-2023. NSF Arctic Data Center. https://doi.org/10.18739/A2RN3092P. 자료 논문: Talucci, A. C., et al. (2025) Permafrost-wildfire interactions: active layer thickness estimates for paired burned and unburned sites in northern high latitudes. Earth System Science Data 17, 2887-2909, https://doi.org/10.5194/essd-17-2887-2025",CC BY 4.0,,2015-08-26,record_date,single_visit,,,15.2129,0.001,1,burned,0,FireALT 기여 자료(lastNm 열): Dieleman_Baltzer_Turetsky,,ok,"기여자 Dieleman; siteId SS33-21; plot 1개; 연중 방문 1회(8월 1일 이후 1회); msrType thaw; 식생 MNM; 영구동토 분포 S; 생태지역 Muskwa-Slave Lake taiga; 화재 연도 2014, 화재 후 경과 연수 1"
firealt_talucci2025,firealt_talucci2025_0030,Dieleman SS33-877 (burned),60.91125,-117.009,2019,10,151.6,probe,direct_dated,5,Canada,Canada,"Talucci, A., Loranty, M., Holloway, J., Rogers, B., Alexander, H., et al. (2024) FireALT dataset: estimated active layer thickness for paired burned unburned sites measured from 2001-2023. NSF Arctic Data Center. https://doi.org/10.18739/A2RN3092P. 자료 논문: Talucci, A. C., et al. (2025) Permafrost-wildfire interactions: active layer thickness estimates for paired burned and unburned sites in northern high latitudes. Earth System Science Data 17, 2887-2909, https://doi.org/10.5194/essd-17-2887-2025",CC BY 4.0,,2019-10-01,none,single_visit,,,15.2086,0.001,1,burned,0,FireALT 기여 자료(lastNm 열): Dieleman_Baltzer_Turetsky,,ok,"기여자 Dieleman; siteId SS33-877; plot 1개; 연중 방문 1회(8월 1일 이후 1회); msrType active; 식생 MNM; 영구동토 분포 S; 생태지역 Muskwa-Slave Lake taiga; 화재 연도 2014, 화재 후 경과 연수 5"
firealt_talucci2025,firealt_talucci2025_0031,Dieleman SS33-582 (burned),60.9319,-117.079,2019,10,133.6,probe,direct_dated,5,Canada,Canada,"Talucci, A., Loranty, M., Holloway, J., Rogers, B., Alexander, H., et al. (2024) FireALT dataset: estimated active layer thickness for paired burned unburned sites measured from 2001-2023. NSF Arctic Data Center. https://doi.org/10.18739/A2RN3092P. 자료 논문: Talucci, A. C., et al. (2025) Permafrost-wildfire interactions: active layer thickness estimates for paired burned and unburned sites in northern high latitudes. Earth System Science Data 17, 2887-2909, https://doi.org/10.5194/essd-17-2887-2025",CC BY 4.0,,2019-10-01,none,single_visit,,,39.8598,0.001,1,burned,0,FireALT 기여 자료(lastNm 열): Dieleman_Baltzer_Turetsky,,ok,"기여자 Dieleman; siteId SS33-582; plot 1개; 연중 방문 1회(8월 1일 이후 1회); msrType active; 식생 EN; 영구동토 분포 S; 생태지역 Muskwa-Slave Lake taiga; 화재 연도 2014, 화재 후 경과 연수 5"
firealt_talucci2025,firealt_talucci2025_0032,Dieleman SS33-1 (burned),60.93517,-117.125,2015,8,75.7,probe,direct_eos,10,Canada,Canada,"Talucci, A., Loranty, M., Holloway, J., Rogers, B., Alexander, H., et al. (2024) FireALT dataset: estimated active layer thickness for paired burned unburned sites measured from 2001-2023. NSF Arctic Data Center. https://doi.org/10.18739/A2RN3092P. 자료 논문: Talucci, A. C., et al. (2025) Permafrost-wildfire interactions: active layer thickness estimates for paired burned and unburned sites in northern high latitudes. Earth System Science Data 17, 2887-2909, https://doi.org/10.5194/essd-17-2887-2025",CC BY 4.0,,2015-08-26,record_date,single_visit,,,14.8253,0.001,1,burned,0,FireALT 기여 자료(lastNm 열): Dieleman_Baltzer_Turetsky,,ok,"기여자 Dieleman; siteId SS33-1; plot 1개; 연중 방문 1회(8월 1일 이후 1회); msrType thaw; 식생 EN; 영구동토 분포 S; 생태지역 Muskwa-Slave Lake taiga; 화재 연도 2014, 화재 후 경과 연수 1"
firealt_talucci2025,firealt_talucci2025_0033,Dieleman SS33-1 (burned),60.93538,-117.124,2019,10,173.2,probe,direct_dated,5,Canada,Canada,"Talucci, A., Loranty, M., Holloway, J., Rogers, B., Alexander, H., et al. (2024) FireALT dataset: estimated active layer thickness for paired burned unburned sites measured from 2001-2023. NSF Arctic Data Center. https://doi.org/10.18739/A2RN3092P. 자료 논문: Talucci, A. C., et al. (2025) Permafrost-wildfire interactions: active layer thickness estimates for paired burned and unburned sites in northern high latitudes. Earth System Science Data 17, 2887-2909, https://doi.org/10.5194/essd-17-2887-2025",CC BY 4.0,,2019-10-01,none,single_visit,,,33.9072,0.001,1,burned,0,FireALT 기여 자료(lastNm 열): Dieleman_Baltzer_Turetsky,,ok,"기여자 Dieleman; siteId SS33-1; plot 1개; 연중 방문 1회(8월 1일 이후 1회); msrType active; 식생 EN; 영구동토 분포 S; 생태지역 Muskwa-Slave Lake taiga; 화재 연도 2014, 화재 후 경과 연수 5"
firealt_talucci2025,firealt_talucci2025_0034,Dieleman SS33-3 (burned),60.93987,-117.378,2015,8,102.5,probe,direct_eos,10,Canada,Canada,"Talucci, A., Loranty, M., Holloway, J., Rogers, B., Alexander, H., et al. (2024) FireALT dataset: estimated active layer thickness for paired burned unburned sites measured from 2001-2023. NSF Arctic Data Center. https://doi.org/10.18739/A2RN3092P. 자료 논문: Talucci, A. C., et al. (2025) Permafrost-wildfire interactions: active layer thickness estimates for paired burned and unburned sites in northern high latitudes. Earth System Science Data 17, 2887-2909, https://doi.org/10.5194/essd-17-2887-2025",CC BY 4.0,,2015-08-25,record_date,single_visit,,,29.9713,0.001,1,burned,0,FireALT 기여 자료(lastNm 열): Dieleman_Baltzer_Turetsky,,ok,"기여자 Dieleman; siteId SS33-3; plot 1개; 연중 방문 1회(8월 1일 이후 1회); msrType thaw; 식생 EN; 영구동토 분포 S; 생태지역 Muskwa-Slave Lake taiga; 화재 연도 2014, 화재 후 경과 연수 1; v3 F4_direct 셀 12576(ABoVE_CA)과 체비쇼프 0.0088° 로 0.01° 이내"
firealt_talucci2025,firealt_talucci2025_0035,Dieleman SS33-3 (burned),60.94009,-117.378,2019,9,187,probe,direct_eos,5,Canada,Canada,"Talucci, A., Loranty, M., Holloway, J., Rogers, B., Alexander, H., et al. (2024) FireALT dataset: estimated active layer thickness for paired burned unburned sites measured from 2001-2023. NSF Arctic Data Center. https://doi.org/10.18739/A2RN3092P. 자료 논문: Talucci, A. C., et al. (2025) Permafrost-wildfire interactions: active layer thickness estimates for paired burned and unburned sites in northern high latitudes. Earth System Science Data 17, 2887-2909, https://doi.org/10.5194/essd-17-2887-2025",CC BY 4.0,,2019-09-30,record_date,single_visit,,,17.1756,0.001,1,burned,0,FireALT 기여 자료(lastNm 열): Dieleman_Baltzer_Turetsky,,ok,"기여자 Dieleman; siteId SS33-3; plot 1개; 연중 방문 1회(8월 1일 이후 1회); msrType active; 식생 EN; 영구동토 분포 S; 생태지역 Muskwa-Slave Lake taiga; 화재 연도 2014, 화재 후 경과 연수 5; v3 F4_direct 셀 12576(ABoVE_CA)과 체비쇼프 0.0088° 로 0.01° 이내"
firealt_talucci2025,firealt_talucci2025_0036,Olefeldt kakisa _2014/kakisa_2014/kakiska_2014 (burned),60.940558,-117.361683,2015,9,69.7755,probe,direct_eos,98,Canada,Canada,"Talucci, A., Loranty, M., Holloway, J., Rogers, B., Alexander, H., et al. (2024) FireALT dataset: estimated active layer thickness for paired burned unburned sites measured from 2001-2023. NSF Arctic Data Center. https://doi.org/10.18739/A2RN3092P. 자료 논문: Talucci, A. C., et al. (2025) Permafrost-wildfire interactions: active layer thickness estimates for paired burned and unburned sites in northern high latitudes. Earth System Science Data 17, 2887-2909, https://doi.org/10.5194/essd-17-2887-2025",CC BY 4.0,,2015-09-10,record_date,annual_value,,,11.8413,0.0000001,1,burned,0,FireALT 기여 자료(lastNm 열): Gibson,,ok,"기여자 Olefeldt; siteId kakisa_2014; plot 98개; 연중 방문 3회(8월 1일 이후 1회); msrType active; 식생 W; 영구동토 분포 S; 생태지역 Muskwa-Slave Lake taiga; 화재 연도 2014, 화재 후 경과 연수 1; 원좌표 문자열 2개를 소수 4자리에서 묶음"
firealt_talucci2025,firealt_talucci2025_0036,Olefeldt kakisa _2014/kakisa_2014/kakiska_2014 (burned),60.940558,-117.361683,2016,9,90.13,probe,direct_eos,100,Canada,Canada,"Talucci, A., Loranty, M., Holloway, J., Rogers, B., Alexander, H., et al. (2024) FireALT dataset: estimated active layer thickness for paired burned unburned sites measured from 2001-2023. NSF Arctic Data Center. https://doi.org/10.18739/A2RN3092P. 자료 논문: Talucci, A. C., et al. (2025) Permafrost-wildfire interactions: active layer thickness estimates for paired burned and unburned sites in northern high latitudes. Earth System Science Data 17, 2887-2909, https://doi.org/10.5194/essd-17-2887-2025",CC BY 4.0,,2016-09-15,record_date,annual_value,,,12.2941,0.0000001,1,burned,0,FireALT 기여 자료(lastNm 열): Gibson,,ok,"기여자 Olefeldt; siteId kakiska_2014; plot 100개; 연중 방문 3회(8월 1일 이후 1회); msrType active; 식생 W; 영구동토 분포 S; 생태지역 Muskwa-Slave Lake taiga; 화재 연도 2014, 화재 후 경과 연수 2; 원좌표 문자열 2개를 소수 4자리에서 묶음"
firealt_talucci2025,firealt_talucci2025_0037,Dieleman SS33-9 (burned),60.94142,-117.365,2015,8,58.7,probe,direct_eos,10,Canada,Canada,"Talucci, A., Loranty, M., Holloway, J., Rogers, B., Alexander, H., et al. (2024) FireALT dataset: estimated active layer thickness for paired burned unburned sites measured from 2001-2023. NSF Arctic Data Center. https://doi.org/10.18739/A2RN3092P. 자료 논문: Talucci, A. C., et al. (2025) Permafrost-wildfire interactions: active layer thickness estimates for paired burned and unburned sites in northern high latitudes. Earth System Science Data 17, 2887-2909, https://doi.org/10.5194/essd-17-2887-2025",CC BY 4.0,,2015-08-26,record_date,single_visit,,,20.028,0.001,1,burned,0,FireALT 기여 자료(lastNm 열): Dieleman_Baltzer_Turetsky,,ok,"기여자 Dieleman; siteId SS33-9; plot 1개; 연중 방문 1회(8월 1일 이후 1회); msrType thaw; 식생 EN; 영구동토 분포 S; 생태지역 Muskwa-Slave Lake taiga; 화재 연도 2014, 화재 후 경과 연수 1; v3 F4_direct 셀 8(ABoVE_CA)과 체비쇼프 0.0085° 로 0.01° 이내"
firealt_talucci2025,firealt_talucci2025_0037,Dieleman SS33-9 (burned),60.94142,-117.365,2016,8,77.5,probe,direct_eos,10,Canada,Canada,"Talucci, A., Loranty, M., Holloway, J., Rogers, B., Alexander, H., et al. (2024) FireALT dataset: estimated active layer thickness for paired burned unburned sites measured from 2001-2023. NSF Arctic Data Center. https://doi.org/10.18739/A2RN3092P. 자료 논문: Talucci, A. C., et al. (2025) Permafrost-wildfire interactions: active layer thickness estimates for paired burned and unburned sites in northern high latitudes. Earth System Science Data 17, 2887-2909, https://doi.org/10.5194/essd-17-2887-2025",CC BY 4.0,,2016-08-26,record_date,single_visit,,,15.3786,0.001,1,burned,0,FireALT 기여 자료(lastNm 열): Dieleman_Baltzer_Turetsky,,ok,"기여자 Dieleman; siteId SS33-9; plot 1개; 연중 방문 1회(8월 1일 이후 1회); msrType thaw; 식생 EN; 영구동토 분포 S; 생태지역 Muskwa-Slave Lake taiga; 화재 연도 2014, 화재 후 경과 연수 2; v3 F4_direct 셀 8(ABoVE_CA)과 체비쇼프 0.0085° 로 0.01° 이내"
firealt_talucci2025,firealt_talucci2025_0037,Dieleman SS33-9 (burned),60.94142,-117.365,2017,10,84.0567,probe,direct_dated,6,Canada,Canada,"Talucci, A., Loranty, M., Holloway, J., Rogers, B., Alexander, H., et al. (2024) FireALT dataset: estimated active layer thickness for paired burned unburned sites measured from 2001-2023. NSF Arctic Data Center. https://doi.org/10.18739/A2RN3092P. 자료 논문: Talucci, A. C., et al. (2025) Permafrost-wildfire interactions: active layer thickness estimates for paired burned and unburned sites in northern high latitudes. Earth System Science Data 17, 2887-2909, https://doi.org/10.5194/essd-17-2887-2025",CC BY 4.0,,2017-10-26,none,single_visit,,,8.8985,0.001,1,burned,0,FireALT 기여 자료(lastNm 열): Dieleman_Baltzer_Turetsky,,ok,"기여자 Dieleman; siteId SS33-9; plot 1개; 연중 방문 1회(8월 1일 이후 1회); msrType active; 식생 EN; 영구동토 분포 S; 생태지역 Muskwa-Slave Lake taiga; 화재 연도 2014, 화재 후 경과 연수 3; v3 F4_direct 셀 8(ABoVE_CA)과 체비쇼프 0.0085° 로 0.01° 이내"
firealt_talucci2025,firealt_talucci2025_0038,Holloway b1 (burned),60.941490,-117.365510,2015,8,61.2545,probe,direct_eos,55,Canada,Canada,"Talucci, A., Loranty, M., Holloway, J., Rogers, B., Alexander, H., et al. (2024) FireALT dataset: estimated active layer thickness for paired burned unburned sites measured from 2001-2023. NSF Arctic Data Center. https://doi.org/10.18739/A2RN3092P. 자료 논문: Talucci, A. C., et al. (2025) Permafrost-wildfire interactions: active layer thickness estimates for paired burned and unburned sites in northern high latitudes. Earth System Science Data 17, 2887-2909, https://doi.org/10.5194/essd-17-2887-2025",CC BY 4.0,,2015-08-16,record_date,single_visit,,,8.1518,0.00001,1,burned,0,FireALT 기여 자료(lastNm 열): Holloway,,ok,"기여자 Holloway; siteId b1; plot 1개; 연중 방문 1회(8월 1일 이후 1회); msrType thaw; 식생 EN; 영구동토 분포 S; 생태지역 Muskwa-Slave Lake taiga; 화재 연도 2014, 화재 후 경과 연수 1; 원좌표 문자열 2개를 소수 4자리에서 묶음; v3 F4_direct 셀 8(ABoVE_CA)과 체비쇼프 0.0080° 로 0.01° 이내"
firealt_talucci2025,firealt_talucci2025_0038,Holloway b1 (burned),60.941490,-117.365510,2016,9,82.0328,probe,direct_eos,61,Canada,Canada,"Talucci, A., Loranty, M., Holloway, J., Rogers, B., Alexander, H., et al. (2024) FireALT dataset: estimated active layer thickness for paired burned unburned sites measured from 2001-2023. NSF Arctic Data Center. https://doi.org/10.18739/A2RN3092P. 자료 논문: Talucci, A. C., et al. (2025) Permafrost-wildfire interactions: active layer thickness estimates for paired burned and unburned sites in northern high latitudes. Earth System Science Data 17, 2887-2909, https://doi.org/10.5194/essd-17-2887-2025",CC BY 4.0,,2016-09-01,record_date,single_visit,,,23.5994,0.00001,1,burned,0,FireALT 기여 자료(lastNm 열): Holloway,,ok,"기여자 Holloway; siteId b1; plot 1개; 연중 방문 1회(8월 1일 이후 1회); msrType thaw; 식생 EN; 영구동토 분포 S; 생태지역 Muskwa-Slave Lake taiga; 화재 연도 2014, 화재 후 경과 연수 2; 원좌표 문자열 2개를 소수 4자리에서 묶음; v3 F4_direct 셀 8(ABoVE_CA)과 체비쇼프 0.0080° 로 0.01° 이내"
firealt_talucci2025,firealt_talucci2025_0038,Holloway b1 (burned),60.941490,-117.365510,2017,8,78.9464,probe,direct_eos,56,Canada,Canada,"Talucci, A., Loranty, M., Holloway, J., Rogers, B., Alexander, H., et al. (2024) FireALT dataset: estimated active layer thickness for paired burned unburned sites measured from 2001-2023. NSF Arctic Data Center. https://doi.org/10.18739/A2RN3092P. 자료 논문: Talucci, A. C., et al. (2025) Permafrost-wildfire interactions: active layer thickness estimates for paired burned and unburned sites in northern high latitudes. Earth System Science Data 17, 2887-2909, https://doi.org/10.5194/essd-17-2887-2025",CC BY 4.0,,2017-08-29,record_date,single_visit,,,10.5182,0.00001,1,burned,0,FireALT 기여 자료(lastNm 열): Holloway,,ok,"기여자 Holloway; siteId b1; plot 1개; 연중 방문 1회(8월 1일 이후 1회); msrType thaw; 식생 EN; 영구동토 분포 S; 생태지역 Muskwa-Slave Lake taiga; 화재 연도 2014, 화재 후 경과 연수 3; 원좌표 문자열 2개를 소수 4자리에서 묶음; v3 F4_direct 셀 8(ABoVE_CA)과 체비쇼프 0.0080° 로 0.01° 이내"
firealt_talucci2025,firealt_talucci2025_0038,Holloway b1 (burned),60.941490,-117.365510,2018,9,91.8431,probe,direct_eos,51,Canada,Canada,"Talucci, A., Loranty, M., Holloway, J., Rogers, B., Alexander, H., et al. (2024) FireALT dataset: estimated active layer thickness for paired burned unburned sites measured from 2001-2023. NSF Arctic Data Center. https://doi.org/10.18739/A2RN3092P. 자료 논문: Talucci, A. C., et al. (2025) Permafrost-wildfire interactions: active layer thickness estimates for paired burned and unburned sites in northern high latitudes. Earth System Science Data 17, 2887-2909, https://doi.org/10.5194/essd-17-2887-2025",CC BY 4.0,,2018-09-03,record_date,single_visit,,,10.9861,0.00001,1,burned,0,FireALT 기여 자료(lastNm 열): Holloway,,ok,"기여자 Holloway; siteId b1; plot 1개; 연중 방문 1회(8월 1일 이후 1회); msrType thaw; 식생 EN; 영구동토 분포 S; 생태지역 Muskwa-Slave Lake taiga; 화재 연도 2014, 화재 후 경과 연수 4; 원좌표 문자열 2개를 소수 4자리에서 묶음; v3 F4_direct 셀 8(ABoVE_CA)과 체비쇼프 0.0080° 로 0.01° 이내"
firealt_talucci2025,firealt_talucci2025_0038,Holloway b1 (burned),60.941490,-117.365510,2019,9,96.381,probe,direct_eos,21,Canada,Canada,"Talucci, A., Loranty, M., Holloway, J., Rogers, B., Alexander, H., et al. (2024) FireALT dataset: estimated active layer thickness for paired burned unburned sites measured from 2001-2023. NSF Arctic Data Center. https://doi.org/10.18739/A2RN3092P. 자료 논문: Talucci, A. C., et al. (2025) Permafrost-wildfire interactions: active layer thickness estimates for paired burned and unburned sites in northern high latitudes. Earth System Science Data 17, 2887-2909, https://doi.org/10.5194/essd-17-2887-2025",CC BY 4.0,,2019-09-02,record_date,single_visit,,,10.1906,0.00001,1,burned,0,FireALT 기여 자료(lastNm 열): Holloway,,ok,"기여자 Holloway; siteId b1; plot 1개; 연중 방문 1회(8월 1일 이후 1회); msrType thaw; 식생 EN; 영구동토 분포 S; 생태지역 Muskwa-Slave Lake taiga; 화재 연도 2014, 화재 후 경과 연수 5; 원좌표 문자열 2개를 소수 4자리에서 묶음; v3 F4_direct 셀 8(ABoVE_CA)과 체비쇼프 0.0080° 로 0.01° 이내"
firealt_talucci2025,firealt_talucci2025_0039,Dieleman SS33-9 (burned),60.941475,-117.365000,2018,10,97.5,probe,direct_dated,2,Canada,Canada,"Talucci, A., Loranty, M., Holloway, J., Rogers, B., Alexander, H., et al. (2024) FireALT dataset: estimated active layer thickness for paired burned unburned sites measured from 2001-2023. NSF Arctic Data Center. https://doi.org/10.18739/A2RN3092P. 자료 논문: Talucci, A. C., et al. (2025) Permafrost-wildfire interactions: active layer thickness estimates for paired burned and unburned sites in northern high latitudes. Earth System Science Data 17, 2887-2909, https://doi.org/10.5194/essd-17-2887-2025",CC BY 4.0,,2018-10-26,none,single_visit,,,3.5355,0.001,1,burned,0,FireALT 기여 자료(lastNm 열): Dieleman_Baltzer_Turetsky,,ok,"기여자 Dieleman; siteId SS33-9; plot 1개; 연중 방문 1회(8월 1일 이후 1회); msrType active; 식생 EN; 영구동토 분포 S; 생태지역 Muskwa-Slave Lake taiga; 화재 연도 2014, 화재 후 경과 연수 4; 원좌표 문자열 2개를 소수 4자리에서 묶음; v3 F4_direct 셀 8(ABoVE_CA)과 체비쇼프 0.0085° 로 0.01° 이내"
firealt_talucci2025,firealt_talucci2025_0040,Dieleman SS33-9 (burned),60.941585,-117.365000,2018,10,100,probe,direct_dated,2,Canada,Canada,"Talucci, A., Loranty, M., Holloway, J., Rogers, B., Alexander, H., et al. (2024) FireALT dataset: estimated active layer thickness for paired burned unburned sites measured from 2001-2023. NSF Arctic Data Center. https://doi.org/10.18739/A2RN3092P. 자료 논문: Talucci, A. C., et al. (2025) Permafrost-wildfire interactions: active layer thickness estimates for paired burned and unburned sites in northern high latitudes. Earth System Science Data 17, 2887-2909, https://doi.org/10.5194/essd-17-2887-2025",CC BY 4.0,,2018-10-26,none,single_visit,,,7.0711,0.001,1,burned,0,FireALT 기여 자료(lastNm 열): Dieleman_Baltzer_Turetsky,,ok,"기여자 Dieleman; siteId SS33-9; plot 1개; 연중 방문 1회(8월 1일 이후 1회); msrType active; 식생 EN; 영구동토 분포 S; 생태지역 Muskwa-Slave Lake taiga; 화재 연도 2014, 화재 후 경과 연수 4; 원좌표 문자열 2개를 소수 4자리에서 묶음; v3 F4_direct 셀 8(ABoVE_CA)과 체비쇼프 0.0085° 로 0.01° 이내"
firealt_talucci2025,firealt_talucci2025_0041,Dieleman SS33-9 (burned),60.94166,-117.365,2018,10,110,probe,direct_dated,1,Canada,Canada,"Talucci, A., Loranty, M., Holloway, J., Rogers, B., Alexander, H., et al. (2024) FireALT dataset: estimated active layer thickness for paired burned unburned sites measured from 2001-2023. NSF Arctic Data Center. https://doi.org/10.18739/A2RN3092P. 자료 논문: Talucci, A. C., et al. (2025) Permafrost-wildfire interactions: active layer thickness estimates for paired burned and unburned sites in northern high latitudes. Earth System Science Data 17, 2887-2909, https://doi.org/10.5194/essd-17-2887-2025",CC BY 4.0,,2018-10-26,none,single_visit,,,,0.001,1,burned,0,FireALT 기여 자료(lastNm 열): Dieleman_Baltzer_Turetsky,,ok,"기여자 Dieleman; siteId SS33-9; plot 1개; 연중 방문 1회(8월 1일 이후 1회); msrType active; 식생 EN; 영구동토 분포 S; 생태지역 Muskwa-Slave Lake taiga; 화재 연도 2014, 화재 후 경과 연수 4; v3 F4_direct 셀 8(ABoVE_CA)과 체비쇼프 0.0085° 로 0.01° 이내"
firealt_talucci2025,firealt_talucci2025_0041,Dieleman SS33-9 (burned),60.94166,-117.365,2019,9,99.6,probe,direct_eos,5,Canada,Canada,"Talucci, A., Loranty, M., Holloway, J., Rogers, B., Alexander, H., et al. (2024) FireALT dataset: estimated active layer thickness for paired burned unburned sites measured from 2001-2023. NSF Arctic Data Center. https://doi.org/10.18739/A2RN3092P. 자료 논문: Talucci, A. C., et al. (2025) Permafrost-wildfire interactions: active layer thickness estimates for paired burned and unburned sites in northern high latitudes. Earth System Science Data 17, 2887-2909, https://doi.org/10.5194/essd-17-2887-2025",CC BY 4.0,,2019-09-30,record_date,single_visit,,,8.961,0.001,1,burned,0,FireALT 기여 자료(lastNm 열): Dieleman_Baltzer_Turetsky,,ok,"기여자 Dieleman; siteId SS33-9; plot 1개; 연중 방문 1회(8월 1일 이후 1회); msrType active; 식생 EN; 영구동토 분포 S; 생태지역 Muskwa-Slave Lake taiga; 화재 연도 2014, 화재 후 경과 연수 5; v3 F4_direct 셀 8(ABoVE_CA)과 체비쇼프 0.0085° 로 0.01° 이내"
firealt_talucci2025,firealt_talucci2025_0042,Dieleman SS33-11 (burned),60.94818,-117.356,2015,8,116.25,probe,direct_eos,8,Canada,Canada,"Talucci, A., Loranty, M., Holloway, J., Rogers, B., Alexander, H., et al. (2024) FireALT dataset: estimated active layer thickness for paired burned unburned sites measured from 2001-2023. NSF Arctic Data Center. https://doi.org/10.18739/A2RN3092P. 자료 논문: Talucci, A. C., et al. (2025) Permafrost-wildfire interactions: active layer thickness estimates for paired burned and unburned sites in northern high latitudes. Earth System Science Data 17, 2887-2909, https://doi.org/10.5194/essd-17-2887-2025",CC BY 4.0,,2015-08-26,record_date,single_visit,,,13.0247,0.001,1,burned,0,FireALT 기여 자료(lastNm 열): Dieleman_Baltzer_Turetsky,,ok,"기여자 Dieleman; siteId SS33-11; plot 1개; 연중 방문 1회(8월 1일 이후 1회); msrType thaw; 식생 DN; 영구동토 분포 S; 생태지역 Muskwa-Slave Lake taiga; 화재 연도 2014, 화재 후 경과 연수 1"
firealt_talucci2025,firealt_talucci2025_0042,Dieleman SS33-11 (burned),60.94818,-117.356,2019,9,200,probe,direct_eos,1,Canada,Canada,"Talucci, A., Loranty, M., Holloway, J., Rogers, B., Alexander, H., et al. (2024) FireALT dataset: estimated active layer thickness for paired burned unburned sites measured from 2001-2023. NSF Arctic Data Center. https://doi.org/10.18739/A2RN3092P. 자료 논문: Talucci, A. C., et al. (2025) Permafrost-wildfire interactions: active layer thickness estimates for paired burned and unburned sites in northern high latitudes. Earth System Science Data 17, 2887-2909, https://doi.org/10.5194/essd-17-2887-2025",CC BY 4.0,,2019-09-30,record_date,single_visit,,,,0.001,1,burned,0,FireALT 기여 자료(lastNm 열): Dieleman_Baltzer_Turetsky,,ok,"기여자 Dieleman; siteId SS33-11; plot 1개; 연중 방문 1회(8월 1일 이후 1회); msrType active; 식생 DN; 영구동토 분포 S; 생태지역 Muskwa-Slave Lake taiga; 화재 연도 2014, 화재 후 경과 연수 5"
firealt_talucci2025,firealt_talucci2025_0043,Dieleman SS33-11 (burned),60.94823,-117.355,2019,9,161,probe,direct_eos,4,Canada,Canada,"Talucci, A., Loranty, M., Holloway, J., Rogers, B., Alexander, H., et al. (2024) FireALT dataset: estimated active layer thickness for paired burned unburned sites measured from 2001-2023. NSF Arctic Data Center. https://doi.org/10.18739/A2RN3092P. 자료 논문: Talucci, A. C., et al. (2025) Permafrost-wildfire interactions: active layer thickness estimates for paired burned and unburned sites in northern high latitudes. Earth System Science Data 17, 2887-2909, https://doi.org/10.5194/essd-17-2887-2025",CC BY 4.0,,2019-09-30,record_date,single_visit,,,26.7208,0.001,1,burned,0,FireALT 기여 자료(lastNm 열): Dieleman_Baltzer_Turetsky,,ok,"기여자 Dieleman; siteId SS33-11; plot 1개; 연중 방문 1회(8월 1일 이후 1회); msrType active; 식생 DN; 영구동토 분포 S; 생태지역 Muskwa-Slave Lake taiga; 화재 연도 2014, 화재 후 경과 연수 5"
firealt_talucci2025,firealt_talucci2025_0044,Dieleman SS33-6 (burned),60.952135,-117.333000,2015,8,75.6,probe,direct_eos,10,Canada,Canada,"Talucci, A., Loranty, M., Holloway, J., Rogers, B., Alexander, H., et al. (2024) FireALT dataset: estimated active layer thickness for paired burned unburned sites measured from 2001-2023. NSF Arctic Data Center. https://doi.org/10.18739/A2RN3092P. 자료 논문: Talucci, A. C., et al. (2025) Permafrost-wildfire interactions: active layer thickness estimates for paired burned and unburned sites in northern high latitudes. Earth System Science Data 17, 2887-2909, https://doi.org/10.5194/essd-17-2887-2025",CC BY 4.0,,2015-08-26,record_date,single_visit,,,11.5489,0.001,1,burned,0,FireALT 기여 자료(lastNm 열): Dieleman_Baltzer_Turetsky,,ok,"기여자 Dieleman; siteId SS33-6; plot 1개; 연중 방문 1회(8월 1일 이후 1회); msrType thaw; 식생 EN; 영구동토 분포 S; 생태지역 Muskwa-Slave Lake taiga; 화재 연도 2014, 화재 후 경과 연수 1; 원좌표 문자열 2개를 소수 4자리에서 묶음; v3 F4_direct 셀 4(ABoVE_CA)과 체비쇼프 0.0079° 로 0.01° 이내"
firealt_talucci2025,firealt_talucci2025_0044,Dieleman SS33-6 (burned),60.952135,-117.333000,2016,8,102.6,probe,direct_eos,10,Canada,Canada,"Talucci, A., Loranty, M., Holloway, J., Rogers, B., Alexander, H., et al. (2024) FireALT dataset: estimated active layer thickness for paired burned unburned sites measured from 2001-2023. NSF Arctic Data Center. https://doi.org/10.18739/A2RN3092P. 자료 논문: Talucci, A. C., et al. (2025) Permafrost-wildfire interactions: active layer thickness estimates for paired burned and unburned sites in northern high latitudes. Earth System Science Data 17, 2887-2909, https://doi.org/10.5194/essd-17-2887-2025",CC BY 4.0,,2016-08-26,record_date,single_visit,,,23.1334,0.001,1,burned,0,FireALT 기여 자료(lastNm 열): Dieleman_Baltzer_Turetsky,,ok,"기여자 Dieleman; siteId SS33-6; plot 1개; 연중 방문 1회(8월 1일 이후 1회); msrType thaw; 식생 EN; 영구동토 분포 S; 생태지역 Muskwa-Slave Lake taiga; 화재 연도 2014, 화재 후 경과 연수 2; 원좌표 문자열 2개를 소수 4자리에서 묶음; v3 F4_direct 셀 4(ABoVE_CA)과 체비쇼프 0.0079° 로 0.01° 이내"
firealt_talucci2025,firealt_talucci2025_0044,Dieleman SS33-6 (burned),60.952135,-117.333000,2018,10,135,probe,direct_dated,1,Canada,Canada,"Talucci, A., Loranty, M., Holloway, J., Rogers, B., Alexander, H., et al. (2024) FireALT dataset: estimated active layer thickness for paired burned unburned sites measured from 2001-2023. NSF Arctic Data Center. https://doi.org/10.18739/A2RN3092P. 자료 논문: Talucci, A. C., et al. (2025) Permafrost-wildfire interactions: active layer thickness estimates for paired burned and unburned sites in northern high latitudes. Earth System Science Data 17, 2887-2909, https://doi.org/10.5194/essd-17-2887-2025",CC BY 4.0,,2018-10-26,none,single_visit,,,,0.001,1,burned,0,FireALT 기여 자료(lastNm 열): Dieleman_Baltzer_Turetsky,,ok,"기여자 Dieleman; siteId SS33-6; plot 1개; 연중 방문 1회(8월 1일 이후 1회); msrType active; 식생 MNM; 영구동토 분포 S; 생태지역 Muskwa-Slave Lake taiga; 화재 연도 2014, 화재 후 경과 연수 4; 원좌표 문자열 2개를 소수 4자리에서 묶음; v3 F4_direct 셀 4(ABoVE_CA)과 체비쇼프 0.0079° 로 0.01° 이내"
firealt_talucci2025,firealt_talucci2025_0045,Dieleman SS33-6 (burned),60.952175,-117.333000,2018,10,110,probe,direct_dated,2,Canada,Canada,"Talucci, A., Loranty, M., Holloway, J., Rogers, B., Alexander, H., et al. (2024) FireALT dataset: estimated active layer thickness for paired burned unburned sites measured from 2001-2023. NSF Arctic Data Center. https://doi.org/10.18739/A2RN3092P. 자료 논문: Talucci, A. C., et al. (2025) Permafrost-wildfire interactions: active layer thickness estimates for paired burned and unburned sites in northern high latitudes. Earth System Science Data 17, 2887-2909, https://doi.org/10.5194/essd-17-2887-2025",CC BY 4.0,,2018-10-26,none,single_visit,,,14.1421,0.001,1,burned,0,FireALT 기여 자료(lastNm 열): Dieleman_Baltzer_Turetsky,,ok,"기여자 Dieleman; siteId SS33-6; plot 1개; 연중 방문 1회(8월 1일 이후 1회); msrType active; 식생 MNM; 영구동토 분포 S; 생태지역 Muskwa-Slave Lake taiga; 화재 연도 2014, 화재 후 경과 연수 4; 원좌표 문자열 2개를 소수 4자리에서 묶음; v3 F4_direct 셀 4(ABoVE_CA)과 체비쇼프 0.0079° 로 0.01° 이내"
firealt_talucci2025,firealt_talucci2025_0046,Dieleman SS33-6 (burned),60.952290,-117.333000,2018,10,112.5,probe,direct_dated,2,Canada,Canada,"Talucci, A., Loranty, M., Holloway, J., Rogers, B., Alexander, H., et al. (2024) FireALT dataset: estimated active layer thickness for paired burned unburned sites measured from 2001-2023. NSF Arctic Data Center. https://doi.org/10.18739/A2RN3092P. 자료 논문: Talucci, A. C., et al. (2025) Permafrost-wildfire interactions: active layer thickness estimates for paired burned and unburned sites in northern high latitudes. Earth System Science Data 17, 2887-2909, https://doi.org/10.5194/essd-17-2887-2025",CC BY 4.0,,2018-10-26,none,single_visit,,,3.5355,0.001,1,burned,0,FireALT 기여 자료(lastNm 열): Dieleman_Baltzer_Turetsky,,ok,"기여자 Dieleman; siteId SS33-6; plot 1개; 연중 방문 1회(8월 1일 이후 1회); msrType active; 식생 MNM; 영구동토 분포 S; 생태지역 Muskwa-Slave Lake taiga; 화재 연도 2014, 화재 후 경과 연수 4; 원좌표 문자열 2개를 소수 4자리에서 묶음; v3 F4_direct 셀 4(ABoVE_CA)과 체비쇼프 0.0079° 로 0.01° 이내"
firealt_talucci2025,firealt_talucci2025_0046,Dieleman SS33-6 (burned),60.952290,-117.333000,2019,9,160.6,probe,direct_eos,5,Canada,Canada,"Talucci, A., Loranty, M., Holloway, J., Rogers, B., Alexander, H., et al. (2024) FireALT dataset: estimated active layer thickness for paired burned unburned sites measured from 2001-2023. NSF Arctic Data Center. https://doi.org/10.18739/A2RN3092P. 자료 논문: Talucci, A. C., et al. (2025) Permafrost-wildfire interactions: active layer thickness estimates for paired burned and unburned sites in northern high latitudes. Earth System Science Data 17, 2887-2909, https://doi.org/10.5194/essd-17-2887-2025",CC BY 4.0,,2019-09-30,record_date,single_visit,,,56.2477,0.001,1,burned,0,FireALT 기여 자료(lastNm 열): Dieleman_Baltzer_Turetsky,,ok,"기여자 Dieleman; siteId SS33-6; plot 1개; 연중 방문 1회(8월 1일 이후 1회); msrType active; 식생 MNM; 영구동토 분포 S; 생태지역 Muskwa-Slave Lake taiga; 화재 연도 2014, 화재 후 경과 연수 5; 원좌표 문자열 2개를 소수 4자리에서 묶음; v3 F4_direct 셀 4(ABoVE_CA)과 체비쇼프 0.0079° 로 0.01° 이내"
firealt_talucci2025,firealt_talucci2025_0047,Dieleman SS33-6 (burned),60.957290,-117.339000,2015,8,127.25,probe,direct_eos,8,Canada,Canada,"Talucci, A., Loranty, M., Holloway, J., Rogers, B., Alexander, H., et al. (2024) FireALT dataset: estimated active layer thickness for paired burned unburned sites measured from 2001-2023. NSF Arctic Data Center. https://doi.org/10.18739/A2RN3092P. 자료 논문: Talucci, A. C., et al. (2025) Permafrost-wildfire interactions: active layer thickness estimates for paired burned and unburned sites in northern high latitudes. Earth System Science Data 17, 2887-2909, https://doi.org/10.5194/essd-17-2887-2025",CC BY 4.0,,2015-08-26,record_date,single_visit,,,21.426,0.001,1,burned,0,FireALT 기여 자료(lastNm 열): Dieleman_Baltzer_Turetsky,,ok,"기여자 Dieleman; siteId SS33-6; plot 1개; 연중 방문 1회(8월 1일 이후 1회); msrType thaw; 식생 MNM; 영구동토 분포 S; 생태지역 Muskwa-Slave Lake taiga; 화재 연도 2014, 화재 후 경과 연수 1; 원좌표 문자열 3개를 소수 4자리에서 묶음; v3 F4_direct 셀 4(ABoVE_CA)과 체비쇼프 0.0019° 로 0.01° 이내"
firealt_talucci2025,firealt_talucci2025_0047,Dieleman SS33-6 (burned),60.957290,-117.339000,2016,8,165.7143,probe,direct_eos,7,Canada,Canada,"Talucci, A., Loranty, M., Holloway, J., Rogers, B., Alexander, H., et al. (2024) FireALT dataset: estimated active layer thickness for paired burned unburned sites measured from 2001-2023. NSF Arctic Data Center. https://doi.org/10.18739/A2RN3092P. 자료 논문: Talucci, A. C., et al. (2025) Permafrost-wildfire interactions: active layer thickness estimates for paired burned and unburned sites in northern high latitudes. Earth System Science Data 17, 2887-2909, https://doi.org/10.5194/essd-17-2887-2025",CC BY 4.0,,2016-08-26,record_date,single_visit,,,21.492,0.001,1,burned,0,FireALT 기여 자료(lastNm 열): Dieleman_Baltzer_Turetsky,,ok,"기여자 Dieleman; siteId SS33-6; plot 1개; 연중 방문 1회(8월 1일 이후 1회); msrType thaw; 식생 MNM; 영구동토 분포 S; 생태지역 Muskwa-Slave Lake taiga; 화재 연도 2014, 화재 후 경과 연수 2; 원좌표 문자열 3개를 소수 4자리에서 묶음; v3 F4_direct 셀 4(ABoVE_CA)과 체비쇼프 0.0019° 로 0.01° 이내"
firealt_talucci2025,firealt_talucci2025_0047,Dieleman SS33-6 (burned),60.957290,-117.339000,2018,10,112.5,probe,direct_dated,4,Canada,Canada,"Talucci, A., Loranty, M., Holloway, J., Rogers, B., Alexander, H., et al. (2024) FireALT dataset: estimated active layer thickness for paired burned unburned sites measured from 2001-2023. NSF Arctic Data Center. https://doi.org/10.18739/A2RN3092P. 자료 논문: Talucci, A. C., et al. (2025) Permafrost-wildfire interactions: active layer thickness estimates for paired burned and unburned sites in northern high latitudes. Earth System Science Data 17, 2887-2909, https://doi.org/10.5194/essd-17-2887-2025",CC BY 4.0,,2018-10-26,none,single_visit,,,18.4842,0.001,1,burned,0,FireALT 기여 자료(lastNm 열): Dieleman_Baltzer_Turetsky,,ok,"기여자 Dieleman; siteId SS33-6; plot 1개; 연중 방문 1회(8월 1일 이후 1회); msrType active; 식생 EN; 영구동토 분포 S; 생태지역 Muskwa-Slave Lake taiga; 화재 연도 2014, 화재 후 경과 연수 4; 원좌표 문자열 3개를 소수 4자리에서 묶음; v3 F4_direct 셀 4(ABoVE_CA)과 체비쇼프 0.0019° 로 0.01° 이내"
firealt_talucci2025,firealt_talucci2025_0048,Dieleman SS33-6 (burned),60.95738,-117.339,2018,10,95,probe,direct_dated,1,Canada,Canada,"Talucci, A., Loranty, M., Holloway, J., Rogers, B., Alexander, H., et al. (2024) FireALT dataset: estimated active layer thickness for paired burned unburned sites measured from 2001-2023. NSF Arctic Data Center. https://doi.org/10.18739/A2RN3092P. 자료 논문: Talucci, A. C., et al. (2025) Permafrost-wildfire interactions: active layer thickness estimates for paired burned and unburned sites in northern high latitudes. Earth System Science Data 17, 2887-2909, https://doi.org/10.5194/essd-17-2887-2025",CC BY 4.0,,2018-10-26,none,single_visit,,,,0.001,1,burned,0,FireALT 기여 자료(lastNm 열): Dieleman_Baltzer_Turetsky,,ok,"기여자 Dieleman; siteId SS33-6; plot 1개; 연중 방문 1회(8월 1일 이후 1회); msrType active; 식생 EN; 영구동토 분포 S; 생태지역 Muskwa-Slave Lake taiga; 화재 연도 2014, 화재 후 경과 연수 4; v3 F4_direct 셀 4(ABoVE_CA)과 체비쇼프 0.0019° 로 0.01° 이내"
firealt_talucci2025,firealt_talucci2025_0049,Dieleman SS33-6 (burned),60.95744,-117.338,2018,10,130,probe,direct_dated,1,Canada,Canada,"Talucci, A., Loranty, M., Holloway, J., Rogers, B., Alexander, H., et al. (2024) FireALT dataset: estimated active layer thickness for paired burned unburned sites measured from 2001-2023. NSF Arctic Data Center. https://doi.org/10.18739/A2RN3092P. 자료 논문: Talucci, A. C., et al. (2025) Permafrost-wildfire interactions: active layer thickness estimates for paired burned and unburned sites in northern high latitudes. Earth System Science Data 17, 2887-2909, https://doi.org/10.5194/essd-17-2887-2025",CC BY 4.0,,2018-10-26,none,single_visit,,,,0.001,1,burned,0,FireALT 기여 자료(lastNm 열): Dieleman_Baltzer_Turetsky,,ok,"기여자 Dieleman; siteId SS33-6; plot 1개; 연중 방문 1회(8월 1일 이후 1회); msrType active; 식생 EN; 영구동토 분포 S; 생태지역 Muskwa-Slave Lake taiga; 화재 연도 2014, 화재 후 경과 연수 4; v3 F4_direct 셀 4(ABoVE_CA)과 체비쇼프 0.0029° 로 0.01° 이내"
firealt_talucci2025,firealt_talucci2025_0050,Dieleman SS33-6 (burned),60.95748,-117.338,2018,10,80,probe,direct_dated,1,Canada,Canada,"Talucci, A., Loranty, M., Holloway, J., Rogers, B., Alexander, H., et al. (2024) FireALT dataset: estimated active layer thickness for paired burned unburned sites measured from 2001-2023. NSF Arctic Data Center. https://doi.org/10.18739/A2RN3092P. 자료 논문: Talucci, A. C., et al. (2025) Permafrost-wildfire interactions: active layer thickness estimates for paired burned and unburned sites in northern high latitudes. Earth System Science Data 17, 2887-2909, https://doi.org/10.5194/essd-17-2887-2025",CC BY 4.0,,2018-10-26,none,single_visit,,,,0.001,1,burned,0,FireALT 기여 자료(lastNm 열): Dieleman_Baltzer_Turetsky,,ok,"기여자 Dieleman; siteId SS33-6; plot 1개; 연중 방문 1회(8월 1일 이후 1회); msrType active; 식생 EN; 영구동토 분포 S; 생태지역 Muskwa-Slave Lake taiga; 화재 연도 2014, 화재 후 경과 연수 4; v3 F4_direct 셀 4(ABoVE_CA)과 체비쇼프 0.0029° 로 0.01° 이내"
firealt_talucci2025,firealt_talucci2025_0050,Dieleman SS33-6 (burned),60.95748,-117.338,2019,9,176.25,probe,direct_eos,4,Canada,Canada,"Talucci, A., Loranty, M., Holloway, J., Rogers, B., Alexander, H., et al. (2024) FireALT dataset: estimated active layer thickness for paired burned unburned sites measured from 2001-2023. NSF Arctic Data Center. https://doi.org/10.18739/A2RN3092P. 자료 논문: Talucci, A. C., et al. (2025) Permafrost-wildfire interactions: active layer thickness estimates for paired burned and unburned sites in northern high latitudes. Earth System Science Data 17, 2887-2909, https://doi.org/10.5194/essd-17-2887-2025",CC BY 4.0,,2019-09-30,record_date,single_visit,,,37.3486,0.001,1,burned,0,FireALT 기여 자료(lastNm 열): Dieleman_Baltzer_Turetsky,,ok,"기여자 Dieleman; siteId SS33-6; plot 1개; 연중 방문 1회(8월 1일 이후 1회); msrType active; 식생 EN; 영구동토 분포 S; 생태지역 Muskwa-Slave Lake taiga; 화재 연도 2014, 화재 후 경과 연수 5; v3 F4_direct 셀 4(ABoVE_CA)과 체비쇼프 0.0029° 로 0.01° 이내"
firealt_talucci2025,firealt_talucci2025_0051,Dieleman KAK-UB-1 (unburned),60.96169,-117.275,2019,9,187.3333,probe,direct_eos,3,Canada,Canada,"Talucci, A., Loranty, M., Holloway, J., Rogers, B., Alexander, H., et al. (2024) FireALT dataset: estimated active layer thickness for paired burned unburned sites measured from 2001-2023. NSF Arctic Data Center. https://doi.org/10.18739/A2RN3092P. 자료 논문: Talucci, A. C., et al. (2025) Permafrost-wildfire interactions: active layer thickness estimates for paired burned and unburned sites in northern high latitudes. Earth System Science Data 17, 2887-2909, https://doi.org/10.5194/essd-17-2887-2025",CC BY 4.0,,2019-09-30,record_date,single_visit,,,18.5831,0.001,0,,0,FireALT 기여 자료(lastNm 열): Dieleman_Baltzer_Turetsky,,ok,기여자 Dieleman; siteId KAK-UB-1; plot 1개; 연중 방문 1회(8월 1일 이후 1회); msrType active; 식생 EN; 영구동토 분포 S; 생태지역 Muskwa-Slave Lake taiga
firealt_talucci2025,firealt_talucci2025_0052,Dieleman CG1-8 (unburned),60.98869,-117.25,2017,8,59.6,probe,direct_eos,5,Canada,Canada,"Talucci, A., Loranty, M., Holloway, J., Rogers, B., Alexander, H., et al. (2024) FireALT dataset: estimated active layer thickness for paired burned unburned sites measured from 2001-2023. NSF Arctic Data Center. https://doi.org/10.18739/A2RN3092P. 자료 논문: Talucci, A. C., et al. (2025) Permafrost-wildfire interactions: active layer thickness estimates for paired burned and unburned sites in northern high latitudes. Earth System Science Data 17, 2887-2909, https://doi.org/10.5194/essd-17-2887-2025",CC BY 4.0,,2017-08-27,record_date,annual_value,,,13.3529,0.01,0,,0,FireALT 기여 자료(lastNm 열): Dieleman_Baltzer_Turetsky,,ok,"기여자 Dieleman; siteId CG1-8; plot 1개; 연중 방문 2회(8월 1일 이후 2회); msrType thaw; 식생 EN; 영구동토 분포 S; 생태지역 Muskwa-Slave Lake taiga; 10월 최댓값 방문 기각(개정 13): 2017-10-27 평균 95.0 cm, 기록 2건, msrType active 대 8-9월 최대 기록 5건, msrType thaw"
firealt_talucci2025,firealt_talucci2025_0053,Dieleman CG1-8 (unburned),60.98889,-117.249,2019,9,131,probe,direct_eos,4,Canada,Canada,"Talucci, A., Loranty, M., Holloway, J., Rogers, B., Alexander, H., et al. (2024) FireALT dataset: estimated active layer thickness for paired burned unburned sites measured from 2001-2023. NSF Arctic Data Center. https://doi.org/10.18739/A2RN3092P. 자료 논문: Talucci, A. C., et al. (2025) Permafrost-wildfire interactions: active layer thickness estimates for paired burned and unburned sites in northern high latitudes. Earth System Science Data 17, 2887-2909, https://doi.org/10.5194/essd-17-2887-2025",CC BY 4.0,,2019-09-30,record_date,single_visit,,,31.102,0.001,0,,0,FireALT 기여 자료(lastNm 열): Dieleman_Baltzer_Turetsky,,ok,기여자 Dieleman; siteId CG1-8; plot 1개; 연중 방문 1회(8월 1일 이후 1회); msrType active; 식생 EN; 영구동토 분포 S; 생태지역 Muskwa-Slave Lake taiga
firealt_talucci2025,firealt_talucci2025_0054,Dieleman CG1-157 (unburned),61.05614,-118.374,2019,9,94,probe,direct_eos,2,Canada,Canada,"Talucci, A., Loranty, M., Holloway, J., Rogers, B., Alexander, H., et al. (2024) FireALT dataset: estimated active layer thickness for paired burned unburned sites measured from 2001-2023. NSF Arctic Data Center. https://doi.org/10.18739/A2RN3092P. 자료 논문: Talucci, A. C., et al. (2025) Permafrost-wildfire interactions: active layer thickness estimates for paired burned and unburned sites in northern high latitudes. Earth System Science Data 17, 2887-2909, https://doi.org/10.5194/essd-17-2887-2025",CC BY 4.0,,2019-09-29,record_date,single_visit,,,8.4853,0.001,0,,0,FireALT 기여 자료(lastNm 열): Dieleman_Baltzer_Turetsky,,ok,기여자 Dieleman; siteId CG1-157; plot 1개; 연중 방문 1회(8월 1일 이후 1회); msrType active; 식생 EN; 영구동토 분포 S; 생태지역 Muskwa-Slave Lake taiga
firealt_talucci2025,firealt_talucci2025_0055,Dieleman CG1-18 (unburned),61.05873,-118.406,2019,9,52.8,probe,direct_eos,5,Canada,Canada,"Talucci, A., Loranty, M., Holloway, J., Rogers, B., Alexander, H., et al. (2024) FireALT dataset: estimated active layer thickness for paired burned unburned sites measured from 2001-2023. NSF Arctic Data Center. https://doi.org/10.18739/A2RN3092P. 자료 논문: Talucci, A. C., et al. (2025) Permafrost-wildfire interactions: active layer thickness estimates for paired burned and unburned sites in northern high latitudes. Earth System Science Data 17, 2887-2909, https://doi.org/10.5194/essd-17-2887-2025",CC BY 4.0,,2019-09-29,record_date,single_visit,,,25.1535,0.001,0,,0,FireALT 기여 자료(lastNm 열): Dieleman_Baltzer_Turetsky,,ok,기여자 Dieleman; siteId CG1-18; plot 1개; 연중 방문 1회(8월 1일 이후 1회); msrType active; 식생 EN; 영구동토 분포 S; 생태지역 Muskwa-Slave Lake taiga
firealt_talucci2025,firealt_talucci2025_0056,Dieleman CG1-18 (unburned),61.05917,-118.403,2019,9,154,probe,direct_eos,5,Canada,Canada,"Talucci, A., Loranty, M., Holloway, J., Rogers, B., Alexander, H., et al. (2024) FireALT dataset: estimated active layer thickness for paired burned unburned sites measured from 2001-2023. NSF Arctic Data Center. https://doi.org/10.18739/A2RN3092P. 자료 논문: Talucci, A. C., et al. (2025) Permafrost-wildfire interactions: active layer thickness estimates for paired burned and unburned sites in northern high latitudes. Earth System Science Data 17, 2887-2909, https://doi.org/10.5194/essd-17-2887-2025",CC BY 4.0,,2019-09-29,record_date,single_visit,,,16.3095,0.001,0,,0,FireALT 기여 자료(lastNm 열): Dieleman_Baltzer_Turetsky,,ok,기여자 Dieleman; siteId CG1-18; plot 1개; 연중 방문 1회(8월 1일 이후 1회); msrType active; 식생 EN; 영구동토 분포 S; 생태지역 Muskwa-Slave Lake taiga
firealt_talucci2025,firealt_talucci2025_0057,Dieleman CG1-25 (unburned),61.06403,-118.482,2019,9,83,probe,direct_eos,3,Canada,Canada,"Talucci, A., Loranty, M., Holloway, J., Rogers, B., Alexander, H., et al. (2024) FireALT dataset: estimated active layer thickness for paired burned unburned sites measured from 2001-2023. NSF Arctic Data Center. https://doi.org/10.18739/A2RN3092P. 자료 논문: Talucci, A. C., et al. (2025) Permafrost-wildfire interactions: active layer thickness estimates for paired burned and unburned sites in northern high latitudes. Earth System Science Data 17, 2887-2909, https://doi.org/10.5194/essd-17-2887-2025",CC BY 4.0,,2019-09-29,record_date,single_visit,,,6.245,0.001,0,,0,FireALT 기여 자료(lastNm 열): Dieleman_Baltzer_Turetsky,,ok,기여자 Dieleman; siteId CG1-25; plot 1개; 연중 방문 1회(8월 1일 이후 1회); msrType active; 식생 EN; 영구동토 분포 S; 생태지역 Muskwa-Slave Lake taiga
firealt_talucci2025,firealt_talucci2025_0058,Dieleman F4-31 (burned),61.06417,-118.44,2019,9,138.8,probe,direct_eos,5,Canada,Canada,"Talucci, A., Loranty, M., Holloway, J., Rogers, B., Alexander, H., et al. (2024) FireALT dataset: estimated active layer thickness for paired burned unburned sites measured from 2001-2023. NSF Arctic Data Center. https://doi.org/10.18739/A2RN3092P. 자료 논문: Talucci, A. C., et al. (2025) Permafrost-wildfire interactions: active layer thickness estimates for paired burned and unburned sites in northern high latitudes. Earth System Science Data 17, 2887-2909, https://doi.org/10.5194/essd-17-2887-2025",CC BY 4.0,,2019-09-29,record_date,single_visit,,,13.9176,0.01,1,burned,0,FireALT 기여 자료(lastNm 열): Dieleman_Baltzer_Turetsky,,ok,"기여자 Dieleman; siteId F4-31; plot 1개; 연중 방문 1회(8월 1일 이후 1회); msrType active; 식생 MNM; 영구동토 분포 S; 생태지역 Muskwa-Slave Lake taiga; 화재 연도 1980, 화재 후 경과 연수 39"
firealt_talucci2025,firealt_talucci2025_0059,Olefeldt kakisa _unburn/kakisa_unburn (unburned),61.081389,-117.623078,2015,9,69.2468,probe,direct_eos,77,Canada,Canada,"Talucci, A., Loranty, M., Holloway, J., Rogers, B., Alexander, H., et al. (2024) FireALT dataset: estimated active layer thickness for paired burned unburned sites measured from 2001-2023. NSF Arctic Data Center. https://doi.org/10.18739/A2RN3092P. 자료 논문: Talucci, A. C., et al. (2025) Permafrost-wildfire interactions: active layer thickness estimates for paired burned and unburned sites in northern high latitudes. Earth System Science Data 17, 2887-2909, https://doi.org/10.5194/essd-17-2887-2025",CC BY 4.0,,2015-09-10,record_date,annual_value,,,25.5462,0.0000001,0,,0,FireALT 기여 자료(lastNm 열): Gibson,,ok,기여자 Olefeldt; siteId kakisa_unburn; plot 77개; 연중 방문 3회(8월 1일 이후 1회); msrType active; 식생 W; 영구동토 분포 S; 생태지역 Muskwa-Slave Lake taiga; 원좌표 문자열 2개를 소수 4자리에서 묶음
firealt_talucci2025,firealt_talucci2025_0059,Olefeldt kakisa _unburn/kakisa_unburn (unburned),61.081389,-117.623078,2016,9,82.0366,probe,direct_eos,82,Canada,Canada,"Talucci, A., Loranty, M., Holloway, J., Rogers, B., Alexander, H., et al. (2024) FireALT dataset: estimated active layer thickness for paired burned unburned sites measured from 2001-2023. NSF Arctic Data Center. https://doi.org/10.18739/A2RN3092P. 자료 논문: Talucci, A. C., et al. (2025) Permafrost-wildfire interactions: active layer thickness estimates for paired burned and unburned sites in northern high latitudes. Earth System Science Data 17, 2887-2909, https://doi.org/10.5194/essd-17-2887-2025",CC BY 4.0,,2016-09-15,record_date,annual_value,,,29.1223,0.0000001,0,,0,FireALT 기여 자료(lastNm 열): Gibson,,ok,기여자 Olefeldt; siteId kakisa_unburn; plot 82개; 연중 방문 3회(8월 1일 이후 1회); msrType active; 식생 W; 영구동토 분포 S; 생태지역 Muskwa-Slave Lake taiga; 원좌표 문자열 2개를 소수 4자리에서 묶음
firealt_talucci2025,firealt_talucci2025_0060,Dieleman F4-1 (burned),61.09666,-118.813,2019,9,135.8,probe,direct_eos,5,Canada,Canada,"Talucci, A., Loranty, M., Holloway, J., Rogers, B., Alexander, H., et al. (2024) FireALT dataset: estimated active layer thickness for paired burned unburned sites measured from 2001-2023. NSF Arctic Data Center. https://doi.org/10.18739/A2RN3092P. 자료 논문: Talucci, A. C., et al. (2025) Permafrost-wildfire interactions: active layer thickness estimates for paired burned and unburned sites in northern high latitudes. Earth System Science Data 17, 2887-2909, https://doi.org/10.5194/essd-17-2887-2025",CC BY 4.0,,2019-09-29,record_date,single_visit,,,19.0709,0.001,1,burned,0,FireALT 기여 자료(lastNm 열): Dieleman_Baltzer_Turetsky,,ok,"기여자 Dieleman; siteId F4-1; plot 1개; 연중 방문 1회(8월 1일 이후 1회); msrType active; 식생 MNM; 영구동토 분포 S; 생태지역 Muskwa-Slave Lake taiga; 화재 연도 1980, 화재 후 경과 연수 39"
firealt_talucci2025,firealt_talucci2025_0061,Dieleman CG1-15 (unburned),61.13372,-117.922,2017,8,99.8889,probe,direct_eos,9,Canada,Canada,"Talucci, A., Loranty, M., Holloway, J., Rogers, B., Alexander, H., et al. (2024) FireALT dataset: estimated active layer thickness for paired burned unburned sites measured from 2001-2023. NSF Arctic Data Center. https://doi.org/10.18739/A2RN3092P. 자료 논문: Talucci, A. C., et al. (2025) Permafrost-wildfire interactions: active layer thickness estimates for paired burned and unburned sites in northern high latitudes. Earth System Science Data 17, 2887-2909, https://doi.org/10.5194/essd-17-2887-2025",CC BY 4.0,,2017-08-26,record_date,single_visit,,,21.4793,0.001,0,,0,FireALT 기여 자료(lastNm 열): Dieleman_Baltzer_Turetsky,,ok,기여자 Dieleman; siteId CG1-15; plot 1개; 연중 방문 1회(8월 1일 이후 1회); msrType thaw; 식생 DN; 영구동토 분포 S; 생태지역 Muskwa-Slave Lake taiga
firealt_talucci2025,firealt_talucci2025_0062,Dieleman CG1-6 (unburned),61.13375,-117.772,2019,9,172.4,probe,direct_eos,5,Canada,Canada,"Talucci, A., Loranty, M., Holloway, J., Rogers, B., Alexander, H., et al. (2024) FireALT dataset: estimated active layer thickness for paired burned unburned sites measured from 2001-2023. NSF Arctic Data Center. https://doi.org/10.18739/A2RN3092P. 자료 논문: Talucci, A. C., et al. (2025) Permafrost-wildfire interactions: active layer thickness estimates for paired burned and unburned sites in northern high latitudes. Earth System Science Data 17, 2887-2909, https://doi.org/10.5194/essd-17-2887-2025",CC BY 4.0,,2019-09-29,record_date,single_visit,,,23.7234,0.001,0,,0,FireALT 기여 자료(lastNm 열): Dieleman_Baltzer_Turetsky,,ok,기여자 Dieleman; siteId CG1-6; plot 1개; 연중 방문 1회(8월 1일 이후 1회); msrType active; 식생 MNM; 영구동토 분포 S; 생태지역 Muskwa-Slave Lake taiga
firealt_talucci2025,firealt_talucci2025_0063,Dieleman CG1-15 (unburned),61.13394,-117.921,2019,9,126.6,probe,direct_eos,5,Canada,Canada,"Talucci, A., Loranty, M., Holloway, J., Rogers, B., Alexander, H., et al. (2024) FireALT dataset: estimated active layer thickness for paired burned unburned sites measured from 2001-2023. NSF Arctic Data Center. https://doi.org/10.18739/A2RN3092P. 자료 논문: Talucci, A. C., et al. (2025) Permafrost-wildfire interactions: active layer thickness estimates for paired burned and unburned sites in northern high latitudes. Earth System Science Data 17, 2887-2909, https://doi.org/10.5194/essd-17-2887-2025",CC BY 4.0,,2019-09-29,record_date,single_visit,,,41.8545,0.001,0,,0,FireALT 기여 자료(lastNm 열): Dieleman_Baltzer_Turetsky,,ok,기여자 Dieleman; siteId CG1-15; plot 1개; 연중 방문 1회(8월 1일 이후 1회); msrType active; 식생 DN; 영구동토 분포 S; 생태지역 Muskwa-Slave Lake taiga
firealt_talucci2025,firealt_talucci2025_0064,Dieleman F7-1 (unburned),61.14931,-119.515,2019,10,150,probe,direct_dated,5,Canada,Canada,"Talucci, A., Loranty, M., Holloway, J., Rogers, B., Alexander, H., et al. (2024) FireALT dataset: estimated active layer thickness for paired burned unburned sites measured from 2001-2023. NSF Arctic Data Center. https://doi.org/10.18739/A2RN3092P. 자료 논문: Talucci, A. C., et al. (2025) Permafrost-wildfire interactions: active layer thickness estimates for paired burned and unburned sites in northern high latitudes. Earth System Science Data 17, 2887-2909, https://doi.org/10.5194/essd-17-2887-2025",CC BY 4.0,,2019-10-02,none,single_visit,,,0,0.001,0,,0,FireALT 기여 자료(lastNm 열): Dieleman_Baltzer_Turetsky,,ok,기여자 Dieleman; siteId F7-1; plot 1개; 연중 방문 1회(8월 1일 이후 1회); msrType active; 식생 EN; 영구동토 분포 S; 생태지역 Muskwa-Slave Lake taiga
firealt_talucci2025,firealt_talucci2025_0065,Olefeldt samba _2013/samba_2013 (burned),61.195000,-120.090289,2015,9,93,probe,direct_eos,91,Canada,Canada,"Talucci, A., Loranty, M., Holloway, J., Rogers, B., Alexander, H., et al. (2024) FireALT dataset: estimated active layer thickness for paired burned unburned sites measured from 2001-2023. NSF Arctic Data Center. https://doi.org/10.18739/A2RN3092P. 자료 논문: Talucci, A. C., et al. (2025) Permafrost-wildfire interactions: active layer thickness estimates for paired burned and unburned sites in northern high latitudes. Earth System Science Data 17, 2887-2909, https://doi.org/10.5194/essd-17-2887-2025",CC BY 4.0,,2015-09-09,record_date,annual_value,,,22.9172,0.001,1,burned,0,FireALT 기여 자료(lastNm 열): Gibson,,ok,"기여자 Olefeldt; siteId samba_2013; plot 91개; 연중 방문 3회(8월 1일 이후 1회); msrType active; 식생 W; 영구동토 분포 S; 생태지역 Muskwa-Slave Lake taiga; 화재 연도 2013, 화재 후 경과 연수 2; 원좌표 문자열 2개를 소수 4자리에서 묶음"
firealt_talucci2025,firealt_talucci2025_0065,Olefeldt samba _2013/samba_2013 (burned),61.195000,-120.090289,2016,9,100.6771,probe,direct_eos,96,Canada,Canada,"Talucci, A., Loranty, M., Holloway, J., Rogers, B., Alexander, H., et al. (2024) FireALT dataset: estimated active layer thickness for paired burned unburned sites measured from 2001-2023. NSF Arctic Data Center. https://doi.org/10.18739/A2RN3092P. 자료 논문: Talucci, A. C., et al. (2025) Permafrost-wildfire interactions: active layer thickness estimates for paired burned and unburned sites in northern high latitudes. Earth System Science Data 17, 2887-2909, https://doi.org/10.5194/essd-17-2887-2025",CC BY 4.0,,2016-09-12,record_date,annual_value,,,19.7652,0.001,1,burned,0,FireALT 기여 자료(lastNm 열): Gibson,,ok,"기여자 Olefeldt; siteId samba_2013; plot 96개; 연중 방문 3회(8월 1일 이후 1회); msrType active; 식생 W; 영구동토 분포 S; 생태지역 Muskwa-Slave Lake taiga; 화재 연도 2013, 화재 후 경과 연수 3; 원좌표 문자열 2개를 소수 4자리에서 묶음"
firealt_talucci2025,firealt_talucci2025_0066,Olefeldt samba_unburn (unburned),61.199721,-120.113894,2015,9,74.0581,probe,direct_eos,86,Canada,Canada,"Talucci, A., Loranty, M., Holloway, J., Rogers, B., Alexander, H., et al. (2024) FireALT dataset: estimated active layer thickness for paired burned unburned sites measured from 2001-2023. NSF Arctic Data Center. https://doi.org/10.18739/A2RN3092P. 자료 논문: Talucci, A. C., et al. (2025) Permafrost-wildfire interactions: active layer thickness estimates for paired burned and unburned sites in northern high latitudes. Earth System Science Data 17, 2887-2909, https://doi.org/10.5194/essd-17-2887-2025",CC BY 4.0,,2015-09-09,record_date,annual_value,,,26.2048,0.0000001,0,,0,FireALT 기여 자료(lastNm 열): Gibson,,ok,기여자 Olefeldt; siteId samba_unburn; plot 86개; 연중 방문 3회(8월 1일 이후 1회); msrType active; 식생 W; 영구동토 분포 S; 생태지역 Muskwa-Slave Lake taiga; 원좌표 문자열 2개를 소수 4자리에서 묶음
firealt_talucci2025,firealt_talucci2025_0066,Olefeldt samba_unburn (unburned),61.199721,-120.113894,2016,9,75.3333,probe,direct_eos,96,Canada,Canada,"Talucci, A., Loranty, M., Holloway, J., Rogers, B., Alexander, H., et al. (2024) FireALT dataset: estimated active layer thickness for paired burned unburned sites measured from 2001-2023. NSF Arctic Data Center. https://doi.org/10.18739/A2RN3092P. 자료 논문: Talucci, A. C., et al. (2025) Permafrost-wildfire interactions: active layer thickness estimates for paired burned and unburned sites in northern high latitudes. Earth System Science Data 17, 2887-2909, https://doi.org/10.5194/essd-17-2887-2025",CC BY 4.0,,2016-09-12,record_date,annual_value,,,24.9908,0.0000001,0,,0,FireALT 기여 자료(lastNm 열): Gibson,,ok,기여자 Olefeldt; siteId samba_unburn; plot 96개; 연중 방문 3회(8월 1일 이후 1회); msrType active; 식생 W; 영구동토 분포 S; 생태지역 Muskwa-Slave Lake taiga; 원좌표 문자열 2개를 소수 4자리에서 묶음
firealt_talucci2025,firealt_talucci2025_0067,Olefeldt scotty_2014 (burned),61.3,-121.3,2015,6,43.3651,probe,direct_dated,63,Canada,Canada,"Talucci, A., Loranty, M., Holloway, J., Rogers, B., Alexander, H., et al. (2024) FireALT dataset: estimated active layer thickness for paired burned unburned sites measured from 2001-2023. NSF Arctic Data Center. https://doi.org/10.18739/A2RN3092P. 자료 논문: Talucci, A. C., et al. (2025) Permafrost-wildfire interactions: active layer thickness estimates for paired burned and unburned sites in northern high latitudes. Earth System Science Data 17, 2887-2909, https://doi.org/10.5194/essd-17-2887-2025",CC BY 4.0,,2015-06-22,none,single_visit,,,20.7308,0.1,1,burned,0,FireALT 기여 자료(lastNm 열): Gibson,,ok,"기여자 Olefeldt; siteId scotty_2014; plot 63개; 연중 방문 1회(8월 1일 이후 0회); msrType thaw; 식생 W; 영구동토 분포 S; 생태지역 Muskwa-Slave Lake taiga; 화재 연도 2014, 화재 후 경과 연수 1; v3 F4_direct 셀 13162(ABoVE_CA)과 체비쇼프 0.0099° 로 0.01° 이내"
firealt_talucci2025,firealt_talucci2025_0068,Olefeldt scotty_unburn (unburned),61.3,-121.3,2015,6,36.358,probe,direct_dated,81,Canada,Canada,"Talucci, A., Loranty, M., Holloway, J., Rogers, B., Alexander, H., et al. (2024) FireALT dataset: estimated active layer thickness for paired burned unburned sites measured from 2001-2023. NSF Arctic Data Center. https://doi.org/10.18739/A2RN3092P. 자료 논문: Talucci, A. C., et al. (2025) Permafrost-wildfire interactions: active layer thickness estimates for paired burned and unburned sites in northern high latitudes. Earth System Science Data 17, 2887-2909, https://doi.org/10.5194/essd-17-2887-2025",CC BY 4.0,,2015-06-22,none,single_visit,,,17.2419,0.1,0,,0,FireALT 기여 자료(lastNm 열): Gibson,,ok,기여자 Olefeldt; siteId scotty_unburn; plot 81개; 연중 방문 1회(8월 1일 이후 0회); msrType thaw; 식생 W; 영구동토 분포 S; 생태지역 Muskwa-Slave Lake taiga; v3 F4_direct 셀 13162(ABoVE_CA)과 체비쇼프 0.0099° 로 0.01° 이내
firealt_talucci2025,firealt_talucci2025_0069,Olefeldt samba_1967 (burned),61.355000,-121.008078,2015,9,69.4773,probe,direct_eos,88,Canada,Canada,"Talucci, A., Loranty, M., Holloway, J., Rogers, B., Alexander, H., et al. (2024) FireALT dataset: estimated active layer thickness for paired burned unburned sites measured from 2001-2023. NSF Arctic Data Center. https://doi.org/10.18739/A2RN3092P. 자료 논문: Talucci, A. C., et al. (2025) Permafrost-wildfire interactions: active layer thickness estimates for paired burned and unburned sites in northern high latitudes. Earth System Science Data 17, 2887-2909, https://doi.org/10.5194/essd-17-2887-2025",CC BY 4.0,,2015-09-09,record_date,annual_value,,,21.4733,0.001,1,burned,0,FireALT 기여 자료(lastNm 열): Gibson,,ok,"기여자 Olefeldt; siteId samba_1967; plot 88개; 연중 방문 2회(8월 1일 이후 1회); msrType active; 식생 W; 영구동토 분포 S; 생태지역 Muskwa-Slave Lake taiga; 화재 연도 1967, 화재 후 경과 연수 48; 원좌표 문자열 2개를 소수 4자리에서 묶음"
firealt_talucci2025,firealt_talucci2025_0069,Olefeldt samba_1967 (burned),61.355000,-121.008078,2016,9,71.134,probe,direct_eos,97,Canada,Canada,"Talucci, A., Loranty, M., Holloway, J., Rogers, B., Alexander, H., et al. (2024) FireALT dataset: estimated active layer thickness for paired burned unburned sites measured from 2001-2023. NSF Arctic Data Center. https://doi.org/10.18739/A2RN3092P. 자료 논문: Talucci, A. C., et al. (2025) Permafrost-wildfire interactions: active layer thickness estimates for paired burned and unburned sites in northern high latitudes. Earth System Science Data 17, 2887-2909, https://doi.org/10.5194/essd-17-2887-2025",CC BY 4.0,,2016-09-11,record_date,annual_value,,,24.2692,0.001,1,burned,0,FireALT 기여 자료(lastNm 열): Gibson,,ok,"기여자 Olefeldt; siteId samba_1967; plot 97개; 연중 방문 3회(8월 1일 이후 1회); msrType active; 식생 W; 영구동토 분포 S; 생태지역 Muskwa-Slave Lake taiga; 화재 연도 1964, 화재 후 경과 연수 52; 원좌표 문자열 2개를 소수 4자리에서 묶음"
firealt_talucci2025,firealt_talucci2025_0070,Dieleman ZF20-125 (burned),61.59479,-117.151,2019,9,116.2,probe,direct_eos,5,Canada,Canada,"Talucci, A., Loranty, M., Holloway, J., Rogers, B., Alexander, H., et al. (2024) FireALT dataset: estimated active layer thickness for paired burned unburned sites measured from 2001-2023. NSF Arctic Data Center. https://doi.org/10.18739/A2RN3092P. 자료 논문: Talucci, A. C., et al. (2025) Permafrost-wildfire interactions: active layer thickness estimates for paired burned and unburned sites in northern high latitudes. Earth System Science Data 17, 2887-2909, https://doi.org/10.5194/essd-17-2887-2025",CC BY 4.0,,2019-09-29,record_date,single_visit,,,16.9027,0.001,1,burned,0,FireALT 기여 자료(lastNm 열): Dieleman_Baltzer_Turetsky,,ok,"기여자 Dieleman; siteId ZF20-125; plot 1개; 연중 방문 1회(8월 1일 이후 1회); msrType active; 식생 EN; 영구동토 분포 S; 생태지역 Muskwa-Slave Lake taiga; 화재 연도 2014, 화재 후 경과 연수 5"
firealt_talucci2025,firealt_talucci2025_0071,Dieleman ZF20-125 (burned),61.59649,-117.155,2019,9,108.6,probe,direct_eos,5,Canada,Canada,"Talucci, A., Loranty, M., Holloway, J., Rogers, B., Alexander, H., et al. (2024) FireALT dataset: estimated active layer thickness for paired burned unburned sites measured from 2001-2023. NSF Arctic Data Center. https://doi.org/10.18739/A2RN3092P. 자료 논문: Talucci, A. C., et al. (2025) Permafrost-wildfire interactions: active layer thickness estimates for paired burned and unburned sites in northern high latitudes. Earth System Science Data 17, 2887-2909, https://doi.org/10.5194/essd-17-2887-2025",CC BY 4.0,,2019-09-29,record_date,single_visit,,,37.9974,0.001,1,burned,0,FireALT 기여 자료(lastNm 열): Dieleman_Baltzer_Turetsky,,ok,"기여자 Dieleman; siteId ZF20-125; plot 1개; 연중 방문 1회(8월 1일 이후 1회); msrType active; 식생 EN; 영구동토 분포 S; 생태지역 Muskwa-Slave Lake taiga; 화재 연도 2014, 화재 후 경과 연수 5"
firealt_talucci2025,firealt_talucci2025_0072,Dieleman ZF20-40 (burned),61.63213,-117.13,2015,8,115,probe,direct_eos,5,Canada,Canada,"Talucci, A., Loranty, M., Holloway, J., Rogers, B., Alexander, H., et al. (2024) FireALT dataset: estimated active layer thickness for paired burned unburned sites measured from 2001-2023. NSF Arctic Data Center. https://doi.org/10.18739/A2RN3092P. 자료 논문: Talucci, A. C., et al. (2025) Permafrost-wildfire interactions: active layer thickness estimates for paired burned and unburned sites in northern high latitudes. Earth System Science Data 17, 2887-2909, https://doi.org/10.5194/essd-17-2887-2025",CC BY 4.0,,2015-08-25,record_date,single_visit,,,22.9129,0.01,1,burned,0,FireALT 기여 자료(lastNm 열): Dieleman_Baltzer_Turetsky,,ok,"기여자 Dieleman; siteId ZF20-40; plot 1개; 연중 방문 1회(8월 1일 이후 1회); msrType thaw; 식생 EN; 영구동토 분포 S; 생태지역 Muskwa-Slave Lake taiga; 화재 연도 2014, 화재 후 경과 연수 1"
firealt_talucci2025,firealt_talucci2025_0073,Dieleman ZF20-40 (burned),61.63229,-117.13,2019,9,149,probe,direct_eos,1,Canada,Canada,"Talucci, A., Loranty, M., Holloway, J., Rogers, B., Alexander, H., et al. (2024) FireALT dataset: estimated active layer thickness for paired burned unburned sites measured from 2001-2023. NSF Arctic Data Center. https://doi.org/10.18739/A2RN3092P. 자료 논문: Talucci, A. C., et al. (2025) Permafrost-wildfire interactions: active layer thickness estimates for paired burned and unburned sites in northern high latitudes. Earth System Science Data 17, 2887-2909, https://doi.org/10.5194/essd-17-2887-2025",CC BY 4.0,,2019-09-29,record_date,single_visit,,,,0.01,1,burned,0,FireALT 기여 자료(lastNm 열): Dieleman_Baltzer_Turetsky,,ok,"기여자 Dieleman; siteId ZF20-40; plot 1개; 연중 방문 1회(8월 1일 이후 1회); msrType active; 식생 EN; 영구동토 분포 S; 생태지역 Muskwa-Slave Lake taiga; 화재 연도 2014, 화재 후 경과 연수 5"
firealt_talucci2025,firealt_talucci2025_0074,Dieleman ZF20-6 (burned),61.68932,-116.952,2017,10,2.5,probe,direct_dated,2,Canada,Canada,"Talucci, A., Loranty, M., Holloway, J., Rogers, B., Alexander, H., et al. (2024) FireALT dataset: estimated active layer thickness for paired burned unburned sites measured from 2001-2023. NSF Arctic Data Center. https://doi.org/10.18739/A2RN3092P. 자료 논문: Talucci, A. C., et al. (2025) Permafrost-wildfire interactions: active layer thickness estimates for paired burned and unburned sites in northern high latitudes. Earth System Science Data 17, 2887-2909, https://doi.org/10.5194/essd-17-2887-2025",CC BY 4.0,,2017-10-25,none,single_visit,,,0,0.001,1,burned,0,FireALT 기여 자료(lastNm 열): Dieleman_Baltzer_Turetsky,,ok,"기여자 Dieleman; siteId ZF20-6; plot 1개; 연중 방문 1회(8월 1일 이후 1회); msrType active; 식생 EN; 영구동토 분포 S; 생태지역 Northwest Territories taiga; 화재 연도 2014, 화재 후 경과 연수 3"
firealt_talucci2025,firealt_talucci2025_0074,Dieleman ZF20-6 (burned),61.68932,-116.952,2018,10,68.75,probe,direct_dated,4,Canada,Canada,"Talucci, A., Loranty, M., Holloway, J., Rogers, B., Alexander, H., et al. (2024) FireALT dataset: estimated active layer thickness for paired burned unburned sites measured from 2001-2023. NSF Arctic Data Center. https://doi.org/10.18739/A2RN3092P. 자료 논문: Talucci, A. C., et al. (2025) Permafrost-wildfire interactions: active layer thickness estimates for paired burned and unburned sites in northern high latitudes. Earth System Science Data 17, 2887-2909, https://doi.org/10.5194/essd-17-2887-2025",CC BY 4.0,,2018-10-25,none,single_visit,,,6.2915,0.001,1,burned,0,FireALT 기여 자료(lastNm 열): Dieleman_Baltzer_Turetsky,,ok,"기여자 Dieleman; siteId ZF20-6; plot 1개; 연중 방문 1회(8월 1일 이후 1회); msrType active; 식생 EN; 영구동토 분포 S; 생태지역 Northwest Territories taiga; 화재 연도 2014, 화재 후 경과 연수 4"
firealt_talucci2025,firealt_talucci2025_0074,Dieleman ZF20-6 (burned),61.68932,-116.952,2019,9,150,probe,direct_eos,5,Canada,Canada,"Talucci, A., Loranty, M., Holloway, J., Rogers, B., Alexander, H., et al. (2024) FireALT dataset: estimated active layer thickness for paired burned unburned sites measured from 2001-2023. NSF Arctic Data Center. https://doi.org/10.18739/A2RN3092P. 자료 논문: Talucci, A. C., et al. (2025) Permafrost-wildfire interactions: active layer thickness estimates for paired burned and unburned sites in northern high latitudes. Earth System Science Data 17, 2887-2909, https://doi.org/10.5194/essd-17-2887-2025",CC BY 4.0,,2019-09-29,record_date,single_visit,,,0,0.001,1,burned,0,FireALT 기여 자료(lastNm 열): Dieleman_Baltzer_Turetsky,,ok,"기여자 Dieleman; siteId ZF20-6; plot 1개; 연중 방문 1회(8월 1일 이후 1회); msrType active; 식생 EN; 영구동토 분포 S; 생태지역 Northwest Territories taiga; 화재 연도 2014, 화재 후 경과 연수 5"
firealt_talucci2025,firealt_talucci2025_0075,Dieleman ZF20-6 (burned),61.69145,-116.956,2015,8,100,probe,direct_eos,9,Canada,Canada,"Talucci, A., Loranty, M., Holloway, J., Rogers, B., Alexander, H., et al. (2024) FireALT dataset: estimated active layer thickness for paired burned unburned sites measured from 2001-2023. NSF Arctic Data Center. https://doi.org/10.18739/A2RN3092P. 자료 논문: Talucci, A. C., et al. (2025) Permafrost-wildfire interactions: active layer thickness estimates for paired burned and unburned sites in northern high latitudes. Earth System Science Data 17, 2887-2909, https://doi.org/10.5194/essd-17-2887-2025",CC BY 4.0,,2015-08-25,record_date,single_visit,,,0,0.001,1,burned,0,FireALT 기여 자료(lastNm 열): Dieleman_Baltzer_Turetsky,,ok,"기여자 Dieleman; siteId ZF20-6; plot 1개; 연중 방문 1회(8월 1일 이후 1회); msrType thaw; 식생 EN; 영구동토 분포 S; 생태지역 Northwest Territories taiga; 화재 연도 2014, 화재 후 경과 연수 1"
firealt_talucci2025,firealt_talucci2025_0076,Holloway b5 (burned),61.691660,-116.953110,2015,8,68.4762,probe,direct_eos,21,Canada,Canada,"Talucci, A., Loranty, M., Holloway, J., Rogers, B., Alexander, H., et al. (2024) FireALT dataset: estimated active layer thickness for paired burned unburned sites measured from 2001-2023. NSF Arctic Data Center. https://doi.org/10.18739/A2RN3092P. 자료 논문: Talucci, A. C., et al. (2025) Permafrost-wildfire interactions: active layer thickness estimates for paired burned and unburned sites in northern high latitudes. Earth System Science Data 17, 2887-2909, https://doi.org/10.5194/essd-17-2887-2025",CC BY 4.0,,2015-08-18,record_date,single_visit,,,13.8225,0.00001,1,burned,0,FireALT 기여 자료(lastNm 열): Holloway,,ok,"기여자 Holloway; siteId b5; plot 1개; 연중 방문 1회(8월 1일 이후 1회); msrType thaw; 식생 EN; 영구동토 분포 S; 생태지역 Northwest Territories taiga; 화재 연도 2014, 화재 후 경과 연수 1; 원좌표 문자열 2개를 소수 4자리에서 묶음"
firealt_talucci2025,firealt_talucci2025_0076,Holloway b5 (burned),61.691660,-116.953110,2016,9,109.9333,probe,direct_eos,15,Canada,Canada,"Talucci, A., Loranty, M., Holloway, J., Rogers, B., Alexander, H., et al. (2024) FireALT dataset: estimated active layer thickness for paired burned unburned sites measured from 2001-2023. NSF Arctic Data Center. https://doi.org/10.18739/A2RN3092P. 자료 논문: Talucci, A. C., et al. (2025) Permafrost-wildfire interactions: active layer thickness estimates for paired burned and unburned sites in northern high latitudes. Earth System Science Data 17, 2887-2909, https://doi.org/10.5194/essd-17-2887-2025",CC BY 4.0,,2016-09-07,record_date,single_visit,,,35.437,0.00001,1,burned,0,FireALT 기여 자료(lastNm 열): Holloway,,ok,"기여자 Holloway; siteId b5; plot 1개; 연중 방문 1회(8월 1일 이후 1회); msrType thaw; 식생 EN; 영구동토 분포 S; 생태지역 Northwest Territories taiga; 화재 연도 2014, 화재 후 경과 연수 2; 원좌표 문자열 2개를 소수 4자리에서 묶음"
firealt_talucci2025,firealt_talucci2025_0076,Holloway b5 (burned),61.691660,-116.953110,2017,9,94.8,probe,direct_eos,5,Canada,Canada,"Talucci, A., Loranty, M., Holloway, J., Rogers, B., Alexander, H., et al. (2024) FireALT dataset: estimated active layer thickness for paired burned unburned sites measured from 2001-2023. NSF Arctic Data Center. https://doi.org/10.18739/A2RN3092P. 자료 논문: Talucci, A. C., et al. (2025) Permafrost-wildfire interactions: active layer thickness estimates for paired burned and unburned sites in northern high latitudes. Earth System Science Data 17, 2887-2909, https://doi.org/10.5194/essd-17-2887-2025",CC BY 4.0,,2017-09-02,record_date,single_visit,,,10.616,0.00001,1,burned,0,FireALT 기여 자료(lastNm 열): Holloway,,ok,"기여자 Holloway; siteId b5; plot 1개; 연중 방문 1회(8월 1일 이후 1회); msrType thaw; 식생 EN; 영구동토 분포 S; 생태지역 Northwest Territories taiga; 화재 연도 2014, 화재 후 경과 연수 3; 원좌표 문자열 2개를 소수 4자리에서 묶음"
firealt_talucci2025,firealt_talucci2025_0077,Dieleman ZF20-12 (burned),61.73387,-116.832,2015,8,73.2,probe,direct_eos,10,Canada,Canada,"Talucci, A., Loranty, M., Holloway, J., Rogers, B., Alexander, H., et al. (2024) FireALT dataset: estimated active layer thickness for paired burned unburned sites measured from 2001-2023. NSF Arctic Data Center. https://doi.org/10.18739/A2RN3092P. 자료 논문: Talucci, A. C., et al. (2025) Permafrost-wildfire interactions: active layer thickness estimates for paired burned and unburned sites in northern high latitudes. Earth System Science Data 17, 2887-2909, https://doi.org/10.5194/essd-17-2887-2025",CC BY 4.0,,2015-08-25,record_date,single_visit,,,21.5912,0.001,1,burned,0,FireALT 기여 자료(lastNm 열): Dieleman_Baltzer_Turetsky,,ok,"기여자 Dieleman; siteId ZF20-12; plot 1개; 연중 방문 1회(8월 1일 이후 1회); msrType thaw; 식생 MNM; 영구동토 분포 S; 생태지역 Northwest Territories taiga; 화재 연도 2014, 화재 후 경과 연수 1"
firealt_talucci2025,firealt_talucci2025_0078,Dieleman ZF20-12 (burned),61.73404,-116.832,2019,9,174.2,probe,direct_eos,5,Canada,Canada,"Talucci, A., Loranty, M., Holloway, J., Rogers, B., Alexander, H., et al. (2024) FireALT dataset: estimated active layer thickness for paired burned unburned sites measured from 2001-2023. NSF Arctic Data Center. https://doi.org/10.18739/A2RN3092P. 자료 논문: Talucci, A. C., et al. (2025) Permafrost-wildfire interactions: active layer thickness estimates for paired burned and unburned sites in northern high latitudes. Earth System Science Data 17, 2887-2909, https://doi.org/10.5194/essd-17-2887-2025",CC BY 4.0,,2019-09-29,record_date,single_visit,,,35.8915,0.001,1,burned,0,FireALT 기여 자료(lastNm 열): Dieleman_Baltzer_Turetsky,,ok,"기여자 Dieleman; siteId ZF20-12; plot 1개; 연중 방문 1회(8월 1일 이후 1회); msrType active; 식생 MNM; 영구동토 분포 S; 생태지역 Northwest Territories taiga; 화재 연도 2014, 화재 후 경과 연수 5"
firealt_talucci2025,firealt_talucci2025_0079,Dieleman ZF20-12 (burned),61.73695,-116.834,2015,8,98.8571,probe,direct_eos,7,Canada,Canada,"Talucci, A., Loranty, M., Holloway, J., Rogers, B., Alexander, H., et al. (2024) FireALT dataset: estimated active layer thickness for paired burned unburned sites measured from 2001-2023. NSF Arctic Data Center. https://doi.org/10.18739/A2RN3092P. 자료 논문: Talucci, A. C., et al. (2025) Permafrost-wildfire interactions: active layer thickness estimates for paired burned and unburned sites in northern high latitudes. Earth System Science Data 17, 2887-2909, https://doi.org/10.5194/essd-17-2887-2025",CC BY 4.0,,2015-08-25,record_date,single_visit,,,3.0237,0.001,1,burned,0,FireALT 기여 자료(lastNm 열): Dieleman_Baltzer_Turetsky,,ok,"기여자 Dieleman; siteId ZF20-12; plot 1개; 연중 방문 1회(8월 1일 이후 1회); msrType thaw; 식생 EN; 영구동토 분포 S; 생태지역 Northwest Territories taiga; 화재 연도 2014, 화재 후 경과 연수 1"
firealt_talucci2025,firealt_talucci2025_0080,Dieleman ZF20-11 (burned),61.75223,-116.817,2015,8,96.3333,probe,direct_eos,6,Canada,Canada,"Talucci, A., Loranty, M., Holloway, J., Rogers, B., Alexander, H., et al. (2024) FireALT dataset: estimated active layer thickness for paired burned unburned sites measured from 2001-2023. NSF Arctic Data Center. https://doi.org/10.18739/A2RN3092P. 자료 논문: Talucci, A. C., et al. (2025) Permafrost-wildfire interactions: active layer thickness estimates for paired burned and unburned sites in northern high latitudes. Earth System Science Data 17, 2887-2909, https://doi.org/10.5194/essd-17-2887-2025",CC BY 4.0,,2015-08-26,record_date,single_visit,,,10.9666,0.001,1,burned,0,FireALT 기여 자료(lastNm 열): Dieleman_Baltzer_Turetsky,,ok,"기여자 Dieleman; siteId ZF20-11; plot 1개; 연중 방문 1회(8월 1일 이후 1회); msrType thaw; 식생 EN; 영구동토 분포 D; 생태지역 Northwest Territories taiga; 화재 연도 2014, 화재 후 경과 연수 1"
firealt_talucci2025,firealt_talucci2025_0080,Dieleman ZF20-11 (burned),61.75223,-116.817,2016,8,112.5,probe,direct_eos,8,Canada,Canada,"Talucci, A., Loranty, M., Holloway, J., Rogers, B., Alexander, H., et al. (2024) FireALT dataset: estimated active layer thickness for paired burned unburned sites measured from 2001-2023. NSF Arctic Data Center. https://doi.org/10.18739/A2RN3092P. 자료 논문: Talucci, A. C., et al. (2025) Permafrost-wildfire interactions: active layer thickness estimates for paired burned and unburned sites in northern high latitudes. Earth System Science Data 17, 2887-2909, https://doi.org/10.5194/essd-17-2887-2025",CC BY 4.0,,2016-08-26,record_date,single_visit,,,17.7281,0.001,1,burned,0,FireALT 기여 자료(lastNm 열): Dieleman_Baltzer_Turetsky,,ok,"기여자 Dieleman; siteId ZF20-11; plot 1개; 연중 방문 1회(8월 1일 이후 1회); msrType thaw; 식생 EN; 영구동토 분포 D; 생태지역 Northwest Territories taiga; 화재 연도 2014, 화재 후 경과 연수 2"
firealt_talucci2025,firealt_talucci2025_0080,Dieleman ZF20-11 (burned),61.75223,-116.817,2017,10,102.2,probe,direct_dated,5,Canada,Canada,"Talucci, A., Loranty, M., Holloway, J., Rogers, B., Alexander, H., et al. (2024) FireALT dataset: estimated active layer thickness for paired burned unburned sites measured from 2001-2023. NSF Arctic Data Center. https://doi.org/10.18739/A2RN3092P. 자료 논문: Talucci, A. C., et al. (2025) Permafrost-wildfire interactions: active layer thickness estimates for paired burned and unburned sites in northern high latitudes. Earth System Science Data 17, 2887-2909, https://doi.org/10.5194/essd-17-2887-2025",CC BY 4.0,,2017-10-26,none,single_visit,,,49.0186,0.001,1,burned,0,FireALT 기여 자료(lastNm 열): Dieleman_Baltzer_Turetsky,,ok,"기여자 Dieleman; siteId ZF20-11; plot 1개; 연중 방문 1회(8월 1일 이후 1회); msrType active; 식생 EN; 영구동토 분포 D; 생태지역 Northwest Territories taiga; 화재 연도 2014, 화재 후 경과 연수 3"
firealt_talucci2025,firealt_talucci2025_0081,Dieleman ZF20-11 (burned),61.752275,-116.817000,2018,10,103.3333,probe,direct_dated,3,Canada,Canada,"Talucci, A., Loranty, M., Holloway, J., Rogers, B., Alexander, H., et al. (2024) FireALT dataset: estimated active layer thickness for paired burned unburned sites measured from 2001-2023. NSF Arctic Data Center. https://doi.org/10.18739/A2RN3092P. 자료 논문: Talucci, A. C., et al. (2025) Permafrost-wildfire interactions: active layer thickness estimates for paired burned and unburned sites in northern high latitudes. Earth System Science Data 17, 2887-2909, https://doi.org/10.5194/essd-17-2887-2025",CC BY 4.0,,2018-10-26,none,single_visit,,,2.8868,0.001,1,burned,0,FireALT 기여 자료(lastNm 열): Dieleman_Baltzer_Turetsky,,ok,"기여자 Dieleman; siteId ZF20-11; plot 1개; 연중 방문 1회(8월 1일 이후 1회); msrType active; 식생 EN; 영구동토 분포 D; 생태지역 Northwest Territories taiga; 화재 연도 2014, 화재 후 경과 연수 4; 원좌표 문자열 2개를 소수 4자리에서 묶음"
firealt_talucci2025,firealt_talucci2025_0082,Dieleman ZF20-11 (burned),61.752390,-116.817000,2018,10,114,probe,direct_dated,2,Canada,Canada,"Talucci, A., Loranty, M., Holloway, J., Rogers, B., Alexander, H., et al. (2024) FireALT dataset: estimated active layer thickness for paired burned unburned sites measured from 2001-2023. NSF Arctic Data Center. https://doi.org/10.18739/A2RN3092P. 자료 논문: Talucci, A. C., et al. (2025) Permafrost-wildfire interactions: active layer thickness estimates for paired burned and unburned sites in northern high latitudes. Earth System Science Data 17, 2887-2909, https://doi.org/10.5194/essd-17-2887-2025",CC BY 4.0,,2018-10-26,none,single_visit,,,8.4853,0.001,1,burned,0,FireALT 기여 자료(lastNm 열): Dieleman_Baltzer_Turetsky,,ok,"기여자 Dieleman; siteId ZF20-11; plot 1개; 연중 방문 1회(8월 1일 이후 1회); msrType active; 식생 EN; 영구동토 분포 D; 생태지역 Northwest Territories taiga; 화재 연도 2014, 화재 후 경과 연수 4; 원좌표 문자열 2개를 소수 4자리에서 묶음"
firealt_talucci2025,firealt_talucci2025_0082,Dieleman ZF20-11 (burned),61.752390,-116.817000,2019,9,128.6,probe,direct_eos,5,Canada,Canada,"Talucci, A., Loranty, M., Holloway, J., Rogers, B., Alexander, H., et al. (2024) FireALT dataset: estimated active layer thickness for paired burned unburned sites measured from 2001-2023. NSF Arctic Data Center. https://doi.org/10.18739/A2RN3092P. 자료 논문: Talucci, A. C., et al. (2025) Permafrost-wildfire interactions: active layer thickness estimates for paired burned and unburned sites in northern high latitudes. Earth System Science Data 17, 2887-2909, https://doi.org/10.5194/essd-17-2887-2025",CC BY 4.0,,2019-09-29,record_date,single_visit,,,10.9909,0.001,1,burned,0,FireALT 기여 자료(lastNm 열): Dieleman_Baltzer_Turetsky,,ok,"기여자 Dieleman; siteId ZF20-11; plot 1개; 연중 방문 1회(8월 1일 이후 1회); msrType active; 식생 EN; 영구동토 분포 D; 생태지역 Northwest Territories taiga; 화재 연도 2014, 화재 후 경과 연수 5; 원좌표 문자열 2개를 소수 4자리에서 묶음"
firealt_talucci2025,firealt_talucci2025_0083,Dieleman ZF20-9 (burned),61.79548,-116.74,2015,8,81.5,probe,direct_eos,10,Canada,Canada,"Talucci, A., Loranty, M., Holloway, J., Rogers, B., Alexander, H., et al. (2024) FireALT dataset: estimated active layer thickness for paired burned unburned sites measured from 2001-2023. NSF Arctic Data Center. https://doi.org/10.18739/A2RN3092P. 자료 논문: Talucci, A. C., et al. (2025) Permafrost-wildfire interactions: active layer thickness estimates for paired burned and unburned sites in northern high latitudes. Earth System Science Data 17, 2887-2909, https://doi.org/10.5194/essd-17-2887-2025",CC BY 4.0,,2015-08-25,record_date,single_visit,,,21.5265,0.01,1,burned,0,FireALT 기여 자료(lastNm 열): Dieleman_Baltzer_Turetsky,,ok,"기여자 Dieleman; siteId ZF20-9; plot 1개; 연중 방문 1회(8월 1일 이후 1회); msrType thaw; 식생 EN; 영구동토 분포 D; 생태지역 Northwest Territories taiga; 화재 연도 2014, 화재 후 경과 연수 1"
firealt_talucci2025,firealt_talucci2025_0084,Dieleman ZF20-9 (burned),61.79568,-116.74,2019,9,112.25,probe,direct_eos,4,Canada,Canada,"Talucci, A., Loranty, M., Holloway, J., Rogers, B., Alexander, H., et al. (2024) FireALT dataset: estimated active layer thickness for paired burned unburned sites measured from 2001-2023. NSF Arctic Data Center. https://doi.org/10.18739/A2RN3092P. 자료 논문: Talucci, A. C., et al. (2025) Permafrost-wildfire interactions: active layer thickness estimates for paired burned and unburned sites in northern high latitudes. Earth System Science Data 17, 2887-2909, https://doi.org/10.5194/essd-17-2887-2025",CC BY 4.0,,2019-09-29,record_date,single_visit,,,38.9904,0.01,1,burned,0,FireALT 기여 자료(lastNm 열): Dieleman_Baltzer_Turetsky,,ok,"기여자 Dieleman; siteId ZF20-9; plot 1개; 연중 방문 1회(8월 1일 이후 1회); msrType active; 식생 EN; 영구동토 분포 D; 생태지역 Northwest Territories taiga; 화재 연도 2014, 화재 후 경과 연수 5"
firealt_talucci2025,firealt_talucci2025_0085,Dieleman ZF20-9 (burned),61.79591,-116.737,2015,8,77.875,probe,direct_eos,8,Canada,Canada,"Talucci, A., Loranty, M., Holloway, J., Rogers, B., Alexander, H., et al. (2024) FireALT dataset: estimated active layer thickness for paired burned unburned sites measured from 2001-2023. NSF Arctic Data Center. https://doi.org/10.18739/A2RN3092P. 자료 논문: Talucci, A. C., et al. (2025) Permafrost-wildfire interactions: active layer thickness estimates for paired burned and unburned sites in northern high latitudes. Earth System Science Data 17, 2887-2909, https://doi.org/10.5194/essd-17-2887-2025",CC BY 4.0,,2015-08-25,record_date,single_visit,,,21.4572,0.001,1,burned,0,FireALT 기여 자료(lastNm 열): Dieleman_Baltzer_Turetsky,,ok,"기여자 Dieleman; siteId ZF20-9; plot 1개; 연중 방문 1회(8월 1일 이후 1회); msrType thaw; 식생 EN; 영구동토 분포 D; 생태지역 Northwest Territories taiga; 화재 연도 2014, 화재 후 경과 연수 1"
firealt_talucci2025,firealt_talucci2025_0086,Dieleman ZF20-10 (burned),61.804115,-116.716000,2015,8,101.75,probe,direct_eos,4,Canada,Canada,"Talucci, A., Loranty, M., Holloway, J., Rogers, B., Alexander, H., et al. (2024) FireALT dataset: estimated active layer thickness for paired burned unburned sites measured from 2001-2023. NSF Arctic Data Center. https://doi.org/10.18739/A2RN3092P. 자료 논문: Talucci, A. C., et al. (2025) Permafrost-wildfire interactions: active layer thickness estimates for paired burned and unburned sites in northern high latitudes. Earth System Science Data 17, 2887-2909, https://doi.org/10.5194/essd-17-2887-2025",CC BY 4.0,,2015-08-26,record_date,single_visit,,,9.6047,0.001,1,burned,0,FireALT 기여 자료(lastNm 열): Dieleman_Baltzer_Turetsky,,ok,"기여자 Dieleman; siteId ZF20-10; plot 1개; 연중 방문 1회(8월 1일 이후 1회); msrType thaw; 식생 EN; 영구동토 분포 D; 생태지역 Northwest Territories taiga; 화재 연도 2014, 화재 후 경과 연수 1; 원좌표 문자열 2개를 소수 4자리에서 묶음"
firealt_talucci2025,firealt_talucci2025_0086,Dieleman ZF20-10 (burned),61.804115,-116.716000,2016,8,93.75,probe,direct_eos,4,Canada,Canada,"Talucci, A., Loranty, M., Holloway, J., Rogers, B., Alexander, H., et al. (2024) FireALT dataset: estimated active layer thickness for paired burned unburned sites measured from 2001-2023. NSF Arctic Data Center. https://doi.org/10.18739/A2RN3092P. 자료 논문: Talucci, A. C., et al. (2025) Permafrost-wildfire interactions: active layer thickness estimates for paired burned and unburned sites in northern high latitudes. Earth System Science Data 17, 2887-2909, https://doi.org/10.5194/essd-17-2887-2025",CC BY 4.0,,2016-08-26,record_date,single_visit,,,26.8871,0.001,1,burned,0,FireALT 기여 자료(lastNm 열): Dieleman_Baltzer_Turetsky,,ok,"기여자 Dieleman; siteId ZF20-10; plot 1개; 연중 방문 1회(8월 1일 이후 1회); msrType thaw; 식생 EN; 영구동토 분포 D; 생태지역 Northwest Territories taiga; 화재 연도 2014, 화재 후 경과 연수 2; 원좌표 문자열 2개를 소수 4자리에서 묶음"
firealt_talucci2025,firealt_talucci2025_0086,Dieleman ZF20-10 (burned),61.804115,-116.716000,2018,10,90,probe,direct_dated,1,Canada,Canada,"Talucci, A., Loranty, M., Holloway, J., Rogers, B., Alexander, H., et al. (2024) FireALT dataset: estimated active layer thickness for paired burned unburned sites measured from 2001-2023. NSF Arctic Data Center. https://doi.org/10.18739/A2RN3092P. 자료 논문: Talucci, A. C., et al. (2025) Permafrost-wildfire interactions: active layer thickness estimates for paired burned and unburned sites in northern high latitudes. Earth System Science Data 17, 2887-2909, https://doi.org/10.5194/essd-17-2887-2025",CC BY 4.0,,2018-10-26,none,single_visit,,,,0.001,1,burned,0,FireALT 기여 자료(lastNm 열): Dieleman_Baltzer_Turetsky,,ok,"기여자 Dieleman; siteId ZF20-10; plot 1개; 연중 방문 1회(8월 1일 이후 1회); msrType active; 식생 EN; 영구동토 분포 D; 생태지역 Northwest Territories taiga; 화재 연도 2014, 화재 후 경과 연수 4; 원좌표 문자열 2개를 소수 4자리에서 묶음"
firealt_talucci2025,firealt_talucci2025_0087,Dieleman ZF20-10 (burned),61.804200,-116.716000,2018,10,92.5,probe,direct_dated,2,Canada,Canada,"Talucci, A., Loranty, M., Holloway, J., Rogers, B., Alexander, H., et al. (2024) FireALT dataset: estimated active layer thickness for paired burned unburned sites measured from 2001-2023. NSF Arctic Data Center. https://doi.org/10.18739/A2RN3092P. 자료 논문: Talucci, A. C., et al. (2025) Permafrost-wildfire interactions: active layer thickness estimates for paired burned and unburned sites in northern high latitudes. Earth System Science Data 17, 2887-2909, https://doi.org/10.5194/essd-17-2887-2025",CC BY 4.0,,2018-10-26,none,single_visit,,,3.5355,0.001,1,burned,0,FireALT 기여 자료(lastNm 열): Dieleman_Baltzer_Turetsky,,ok,"기여자 Dieleman; siteId ZF20-10; plot 1개; 연중 방문 1회(8월 1일 이후 1회); msrType active; 식생 EN; 영구동토 분포 D; 생태지역 Northwest Territories taiga; 화재 연도 2014, 화재 후 경과 연수 4; 원좌표 문자열 2개를 소수 4자리에서 묶음"
firealt_talucci2025,firealt_talucci2025_0088,Dieleman ZF20-10 (burned),61.80428,-116.716,2018,10,105,probe,direct_dated,1,Canada,Canada,"Talucci, A., Loranty, M., Holloway, J., Rogers, B., Alexander, H., et al. (2024) FireALT dataset: estimated active layer thickness for paired burned unburned sites measured from 2001-2023. NSF Arctic Data Center. https://doi.org/10.18739/A2RN3092P. 자료 논문: Talucci, A. C., et al. (2025) Permafrost-wildfire interactions: active layer thickness estimates for paired burned and unburned sites in northern high latitudes. Earth System Science Data 17, 2887-2909, https://doi.org/10.5194/essd-17-2887-2025",CC BY 4.0,,2018-10-26,none,single_visit,,,,0.001,1,burned,0,FireALT 기여 자료(lastNm 열): Dieleman_Baltzer_Turetsky,,ok,"기여자 Dieleman; siteId ZF20-10; plot 1개; 연중 방문 1회(8월 1일 이후 1회); msrType active; 식생 EN; 영구동토 분포 D; 생태지역 Northwest Territories taiga; 화재 연도 2014, 화재 후 경과 연수 4"
firealt_talucci2025,firealt_talucci2025_0089,Dieleman ZF20-8 (burned),61.84134,-116.636,2015,8,105.6667,probe,direct_eos,6,Canada,Canada,"Talucci, A., Loranty, M., Holloway, J., Rogers, B., Alexander, H., et al. (2024) FireALT dataset: estimated active layer thickness for paired burned unburned sites measured from 2001-2023. NSF Arctic Data Center. https://doi.org/10.18739/A2RN3092P. 자료 논문: Talucci, A. C., et al. (2025) Permafrost-wildfire interactions: active layer thickness estimates for paired burned and unburned sites in northern high latitudes. Earth System Science Data 17, 2887-2909, https://doi.org/10.5194/essd-17-2887-2025",CC BY 4.0,,2015-08-26,record_date,single_visit,,,10.0133,0.001,1,burned,0,FireALT 기여 자료(lastNm 열): Dieleman_Baltzer_Turetsky,,ok,"기여자 Dieleman; siteId ZF20-8; plot 1개; 연중 방문 1회(8월 1일 이후 1회); msrType thaw; 식생 MNM; 영구동토 분포 D; 생태지역 Northwest Territories taiga; 화재 연도 2014, 화재 후 경과 연수 1"
firealt_talucci2025,firealt_talucci2025_0089,Dieleman ZF20-8 (burned),61.84134,-116.636,2016,8,123,probe,direct_eos,5,Canada,Canada,"Talucci, A., Loranty, M., Holloway, J., Rogers, B., Alexander, H., et al. (2024) FireALT dataset: estimated active layer thickness for paired burned unburned sites measured from 2001-2023. NSF Arctic Data Center. https://doi.org/10.18739/A2RN3092P. 자료 논문: Talucci, A. C., et al. (2025) Permafrost-wildfire interactions: active layer thickness estimates for paired burned and unburned sites in northern high latitudes. Earth System Science Data 17, 2887-2909, https://doi.org/10.5194/essd-17-2887-2025",CC BY 4.0,,2016-08-26,record_date,single_visit,,,18.4255,0.001,1,burned,0,FireALT 기여 자료(lastNm 열): Dieleman_Baltzer_Turetsky,,ok,"기여자 Dieleman; siteId ZF20-8; plot 1개; 연중 방문 1회(8월 1일 이후 1회); msrType thaw; 식생 MNM; 영구동토 분포 D; 생태지역 Northwest Territories taiga; 화재 연도 2014, 화재 후 경과 연수 2"
firealt_talucci2025,firealt_talucci2025_0090,Dieleman ZF20-8 (burned),61.84331,-116.636,2015,8,104.75,probe,direct_eos,4,Canada,Canada,"Talucci, A., Loranty, M., Holloway, J., Rogers, B., Alexander, H., et al. (2024) FireALT dataset: estimated active layer thickness for paired burned unburned sites measured from 2001-2023. NSF Arctic Data Center. https://doi.org/10.18739/A2RN3092P. 자료 논문: Talucci, A. C., et al. (2025) Permafrost-wildfire interactions: active layer thickness estimates for paired burned and unburned sites in northern high latitudes. Earth System Science Data 17, 2887-2909, https://doi.org/10.5194/essd-17-2887-2025",CC BY 4.0,,2015-08-26,record_date,single_visit,,,42.0585,0.001,1,burned,0,FireALT 기여 자료(lastNm 열): Dieleman_Baltzer_Turetsky,,ok,"기여자 Dieleman; siteId ZF20-8; plot 1개; 연중 방문 1회(8월 1일 이후 1회); msrType thaw; 식생 EN; 영구동토 분포 D; 생태지역 Northwest Territories taiga; 화재 연도 2014, 화재 후 경과 연수 1"
firealt_talucci2025,firealt_talucci2025_0090,Dieleman ZF20-8 (burned),61.84331,-116.636,2016,8,94.5,probe,direct_eos,10,Canada,Canada,"Talucci, A., Loranty, M., Holloway, J., Rogers, B., Alexander, H., et al. (2024) FireALT dataset: estimated active layer thickness for paired burned unburned sites measured from 2001-2023. NSF Arctic Data Center. https://doi.org/10.18739/A2RN3092P. 자료 논문: Talucci, A. C., et al. (2025) Permafrost-wildfire interactions: active layer thickness estimates for paired burned and unburned sites in northern high latitudes. Earth System Science Data 17, 2887-2909, https://doi.org/10.5194/essd-17-2887-2025",CC BY 4.0,,2016-08-26,record_date,single_visit,,,33.434,0.001,1,burned,0,FireALT 기여 자료(lastNm 열): Dieleman_Baltzer_Turetsky,,ok,"기여자 Dieleman; siteId ZF20-8; plot 1개; 연중 방문 1회(8월 1일 이후 1회); msrType thaw; 식생 EN; 영구동토 분포 D; 생태지역 Northwest Territories taiga; 화재 연도 2014, 화재 후 경과 연수 2"
firealt_talucci2025,firealt_talucci2025_0090,Dieleman ZF20-8 (burned),61.84331,-116.636,2017,10,103.132,probe,direct_dated,5,Canada,Canada,"Talucci, A., Loranty, M., Holloway, J., Rogers, B., Alexander, H., et al. (2024) FireALT dataset: estimated active layer thickness for paired burned unburned sites measured from 2001-2023. NSF Arctic Data Center. https://doi.org/10.18739/A2RN3092P. 자료 논문: Talucci, A. C., et al. (2025) Permafrost-wildfire interactions: active layer thickness estimates for paired burned and unburned sites in northern high latitudes. Earth System Science Data 17, 2887-2909, https://doi.org/10.5194/essd-17-2887-2025",CC BY 4.0,,2017-10-04,none,single_visit,,,27.4906,0.001,1,burned,0,FireALT 기여 자료(lastNm 열): Dieleman_Baltzer_Turetsky,,ok,"기여자 Dieleman; siteId ZF20-8; plot 1개; 연중 방문 1회(8월 1일 이후 1회); msrType active; 식생 EN; 영구동토 분포 D; 생태지역 Northwest Territories taiga; 화재 연도 2014, 화재 후 경과 연수 3"
firealt_talucci2025,firealt_talucci2025_0091,Dieleman ZF20-8 (burned),61.843405,-116.636000,2018,10,102.5,probe,direct_dated,2,Canada,Canada,"Talucci, A., Loranty, M., Holloway, J., Rogers, B., Alexander, H., et al. (2024) FireALT dataset: estimated active layer thickness for paired burned unburned sites measured from 2001-2023. NSF Arctic Data Center. https://doi.org/10.18739/A2RN3092P. 자료 논문: Talucci, A. C., et al. (2025) Permafrost-wildfire interactions: active layer thickness estimates for paired burned and unburned sites in northern high latitudes. Earth System Science Data 17, 2887-2909, https://doi.org/10.5194/essd-17-2887-2025",CC BY 4.0,,2018-10-04,none,single_visit,,,3.5355,0.001,1,burned,0,FireALT 기여 자료(lastNm 열): Dieleman_Baltzer_Turetsky,,ok,"기여자 Dieleman; siteId ZF20-8; plot 1개; 연중 방문 1회(8월 1일 이후 1회); msrType active; 식생 EN; 영구동토 분포 D; 생태지역 Northwest Territories taiga; 화재 연도 2014, 화재 후 경과 연수 4; 원좌표 문자열 2개를 소수 4자리에서 묶음"
firealt_talucci2025,firealt_talucci2025_0092,Dieleman ZF20-8 (burned),61.843480,-116.636000,2018,10,87.5,probe,direct_dated,2,Canada,Canada,"Talucci, A., Loranty, M., Holloway, J., Rogers, B., Alexander, H., et al. (2024) FireALT dataset: estimated active layer thickness for paired burned unburned sites measured from 2001-2023. NSF Arctic Data Center. https://doi.org/10.18739/A2RN3092P. 자료 논문: Talucci, A. C., et al. (2025) Permafrost-wildfire interactions: active layer thickness estimates for paired burned and unburned sites in northern high latitudes. Earth System Science Data 17, 2887-2909, https://doi.org/10.5194/essd-17-2887-2025",CC BY 4.0,,2018-10-04,none,single_visit,,,3.5355,0.001,1,burned,0,FireALT 기여 자료(lastNm 열): Dieleman_Baltzer_Turetsky,,ok,"기여자 Dieleman; siteId ZF20-8; plot 1개; 연중 방문 1회(8월 1일 이후 1회); msrType active; 식생 EN; 영구동토 분포 D; 생태지역 Northwest Territories taiga; 화재 연도 2014, 화재 후 경과 연수 4; 원좌표 문자열 2개를 소수 4자리에서 묶음"
firealt_talucci2025,firealt_talucci2025_0092,Dieleman ZF20-8 (burned),61.843480,-116.636000,2019,10,129,probe,direct_dated,2,Canada,Canada,"Talucci, A., Loranty, M., Holloway, J., Rogers, B., Alexander, H., et al. (2024) FireALT dataset: estimated active layer thickness for paired burned unburned sites measured from 2001-2023. NSF Arctic Data Center. https://doi.org/10.18739/A2RN3092P. 자료 논문: Talucci, A. C., et al. (2025) Permafrost-wildfire interactions: active layer thickness estimates for paired burned and unburned sites in northern high latitudes. Earth System Science Data 17, 2887-2909, https://doi.org/10.5194/essd-17-2887-2025",CC BY 4.0,,2019-10-04,none,single_visit,,,5.6569,0.001,1,burned,0,FireALT 기여 자료(lastNm 열): Dieleman_Baltzer_Turetsky,,ok,"기여자 Dieleman; siteId ZF20-8; plot 1개; 연중 방문 1회(8월 1일 이후 1회); msrType active; 식생 EN; 영구동토 분포 D; 생태지역 Northwest Territories taiga; 화재 연도 2014, 화재 후 경과 연수 5; 원좌표 문자열 2개를 소수 4자리에서 묶음"
firealt_talucci2025,firealt_talucci2025_0093,Dieleman ZF20-4 (burned),61.86111,-116.596,2015,8,100,probe,direct_eos,1,Canada,Canada,"Talucci, A., Loranty, M., Holloway, J., Rogers, B., Alexander, H., et al. (2024) FireALT dataset: estimated active layer thickness for paired burned unburned sites measured from 2001-2023. NSF Arctic Data Center. https://doi.org/10.18739/A2RN3092P. 자료 논문: Talucci, A. C., et al. (2025) Permafrost-wildfire interactions: active layer thickness estimates for paired burned and unburned sites in northern high latitudes. Earth System Science Data 17, 2887-2909, https://doi.org/10.5194/essd-17-2887-2025",CC BY 4.0,,2015-08-28,record_date,single_visit,,,,0.001,1,burned,0,FireALT 기여 자료(lastNm 열): Dieleman_Baltzer_Turetsky,,ok,"기여자 Dieleman; siteId ZF20-4; plot 1개; 연중 방문 1회(8월 1일 이후 1회); msrType thaw; 식생 MNM; 영구동토 분포 D; 생태지역 Northwest Territories taiga; 화재 연도 2014, 화재 후 경과 연수 1"
firealt_talucci2025,firealt_talucci2025_0093,Dieleman ZF20-4 (burned),61.86111,-116.596,2016,8,94,probe,direct_eos,7,Canada,Canada,"Talucci, A., Loranty, M., Holloway, J., Rogers, B., Alexander, H., et al. (2024) FireALT dataset: estimated active layer thickness for paired burned unburned sites measured from 2001-2023. NSF Arctic Data Center. https://doi.org/10.18739/A2RN3092P. 자료 논문: Talucci, A. C., et al. (2025) Permafrost-wildfire interactions: active layer thickness estimates for paired burned and unburned sites in northern high latitudes. Earth System Science Data 17, 2887-2909, https://doi.org/10.5194/essd-17-2887-2025",CC BY 4.0,,2016-08-28,record_date,single_visit,,,15.4488,0.001,1,burned,0,FireALT 기여 자료(lastNm 열): Dieleman_Baltzer_Turetsky,,ok,"기여자 Dieleman; siteId ZF20-4; plot 1개; 연중 방문 1회(8월 1일 이후 1회); msrType thaw; 식생 MNM; 영구동토 분포 D; 생태지역 Northwest Territories taiga; 화재 연도 2014, 화재 후 경과 연수 2"
firealt_talucci2025,firealt_talucci2025_0094,Dieleman ZF20-4 (burned),61.862605,-116.597000,2015,8,75.3333,probe,direct_eos,3,Canada,Canada,"Talucci, A., Loranty, M., Holloway, J., Rogers, B., Alexander, H., et al. (2024) FireALT dataset: estimated active layer thickness for paired burned unburned sites measured from 2001-2023. NSF Arctic Data Center. https://doi.org/10.18739/A2RN3092P. 자료 논문: Talucci, A. C., et al. (2025) Permafrost-wildfire interactions: active layer thickness estimates for paired burned and unburned sites in northern high latitudes. Earth System Science Data 17, 2887-2909, https://doi.org/10.5194/essd-17-2887-2025",CC BY 4.0,,2015-08-28,record_date,single_visit,,,18.8237,0.001,1,burned,0,FireALT 기여 자료(lastNm 열): Dieleman_Baltzer_Turetsky,,ok,"기여자 Dieleman; siteId ZF20-4; plot 1개; 연중 방문 1회(8월 1일 이후 1회); msrType thaw; 식생 EN; 영구동토 분포 D; 생태지역 Northwest Territories taiga; 화재 연도 2014, 화재 후 경과 연수 1; 원좌표 문자열 2개를 소수 4자리에서 묶음"
firealt_talucci2025,firealt_talucci2025_0094,Dieleman ZF20-4 (burned),61.862605,-116.597000,2017,10,89.3333,probe,direct_dated,3,Canada,Canada,"Talucci, A., Loranty, M., Holloway, J., Rogers, B., Alexander, H., et al. (2024) FireALT dataset: estimated active layer thickness for paired burned unburned sites measured from 2001-2023. NSF Arctic Data Center. https://doi.org/10.18739/A2RN3092P. 자료 논문: Talucci, A. C., et al. (2025) Permafrost-wildfire interactions: active layer thickness estimates for paired burned and unburned sites in northern high latitudes. Earth System Science Data 17, 2887-2909, https://doi.org/10.5194/essd-17-2887-2025",CC BY 4.0,,2017-10-28,none,single_visit,,,4.5369,0.001,1,burned,0,FireALT 기여 자료(lastNm 열): Dieleman_Baltzer_Turetsky,,ok,"기여자 Dieleman; siteId ZF20-4; plot 1개; 연중 방문 1회(8월 1일 이후 1회); msrType active; 식생 EN; 영구동토 분포 D; 생태지역 Northwest Territories taiga; 화재 연도 2014, 화재 후 경과 연수 3; 원좌표 문자열 2개를 소수 4자리에서 묶음"
firealt_talucci2025,firealt_talucci2025_0094,Dieleman ZF20-4 (burned),61.862605,-116.597000,2018,10,95,probe,direct_dated,1,Canada,Canada,"Talucci, A., Loranty, M., Holloway, J., Rogers, B., Alexander, H., et al. (2024) FireALT dataset: estimated active layer thickness for paired burned unburned sites measured from 2001-2023. NSF Arctic Data Center. https://doi.org/10.18739/A2RN3092P. 자료 논문: Talucci, A. C., et al. (2025) Permafrost-wildfire interactions: active layer thickness estimates for paired burned and unburned sites in northern high latitudes. Earth System Science Data 17, 2887-2909, https://doi.org/10.5194/essd-17-2887-2025",CC BY 4.0,,2018-10-28,none,single_visit,,,,0.001,1,burned,0,FireALT 기여 자료(lastNm 열): Dieleman_Baltzer_Turetsky,,ok,"기여자 Dieleman; siteId ZF20-4; plot 1개; 연중 방문 1회(8월 1일 이후 1회); msrType active; 식생 EN; 영구동토 분포 D; 생태지역 Northwest Territories taiga; 화재 연도 2014, 화재 후 경과 연수 4; 원좌표 문자열 2개를 소수 4자리에서 묶음"
firealt_talucci2025,firealt_talucci2025_0095,Dieleman/Holloway ZF20-4/b8 (burned),61.862682,-116.596995,2015,8,85.0741,probe,direct_eos,27,Canada,Canada,"Talucci, A., Loranty, M., Holloway, J., Rogers, B., Alexander, H., et al. (2024) FireALT dataset: estimated active layer thickness for paired burned unburned sites measured from 2001-2023. NSF Arctic Data Center. https://doi.org/10.18739/A2RN3092P. 자료 논문: Talucci, A. C., et al. (2025) Permafrost-wildfire interactions: active layer thickness estimates for paired burned and unburned sites in northern high latitudes. Earth System Science Data 17, 2887-2909, https://doi.org/10.5194/essd-17-2887-2025",CC BY 4.0,,2015-08-17,record_date,single_visit,,,13.4362,0.00001,1,burned,0,FireALT 기여 자료(lastNm 열): Dieleman_Baltzer_Turetsky; Holloway,,ok,"기여자 Holloway; siteId b8; plot 1개; 연중 방문 1회(8월 1일 이후 1회); msrType thaw; 식생 EN; 영구동토 분포 D; 생태지역 Northwest Territories taiga; 화재 연도 2014, 화재 후 경과 연수 1; 원좌표 문자열 4개를 소수 4자리에서 묶음"
firealt_talucci2025,firealt_talucci2025_0095,Dieleman/Holloway ZF20-4/b8 (burned),61.862682,-116.596995,2016,9,116,probe,direct_eos,29,Canada,Canada,"Talucci, A., Loranty, M., Holloway, J., Rogers, B., Alexander, H., et al. (2024) FireALT dataset: estimated active layer thickness for paired burned unburned sites measured from 2001-2023. NSF Arctic Data Center. https://doi.org/10.18739/A2RN3092P. 자료 논문: Talucci, A. C., et al. (2025) Permafrost-wildfire interactions: active layer thickness estimates for paired burned and unburned sites in northern high latitudes. Earth System Science Data 17, 2887-2909, https://doi.org/10.5194/essd-17-2887-2025",CC BY 4.0,,2016-09-02,record_date,single_visit,,,22.9922,0.00001,1,burned,0,FireALT 기여 자료(lastNm 열): Dieleman_Baltzer_Turetsky; Holloway,,ok,"기여자 Holloway; siteId b8; plot 1개; 연중 방문 1회(8월 1일 이후 1회); msrType thaw; 식생 EN; 영구동토 분포 D; 생태지역 Northwest Territories taiga; 화재 연도 2014, 화재 후 경과 연수 2; 원좌표 문자열 4개를 소수 4자리에서 묶음"
firealt_talucci2025,firealt_talucci2025_0095,Dieleman/Holloway ZF20-4/b8 (burned),61.862682,-116.596995,2017,8,70,probe,direct_eos,2,Canada,Canada,"Talucci, A., Loranty, M., Holloway, J., Rogers, B., Alexander, H., et al. (2024) FireALT dataset: estimated active layer thickness for paired burned unburned sites measured from 2001-2023. NSF Arctic Data Center. https://doi.org/10.18739/A2RN3092P. 자료 논문: Talucci, A. C., et al. (2025) Permafrost-wildfire interactions: active layer thickness estimates for paired burned and unburned sites in northern high latitudes. Earth System Science Data 17, 2887-2909, https://doi.org/10.5194/essd-17-2887-2025",CC BY 4.0,,2017-08-30,record_date,single_visit,,,28.2843,0.00001,1,burned,0,FireALT 기여 자료(lastNm 열): Dieleman_Baltzer_Turetsky; Holloway,,ok,"기여자 Holloway; siteId b8; plot 1개; 연중 방문 1회(8월 1일 이후 1회); msrType thaw; 식생 EN; 영구동토 분포 D; 생태지역 Northwest Territories taiga; 화재 연도 2014, 화재 후 경과 연수 3; 원좌표 문자열 4개를 소수 4자리에서 묶음"
firealt_talucci2025,firealt_talucci2025_0095,Dieleman/Holloway ZF20-4/b8 (burned),61.862682,-116.596995,2018,9,137.6667,probe,direct_eos,3,Canada,Canada,"Talucci, A., Loranty, M., Holloway, J., Rogers, B., Alexander, H., et al. (2024) FireALT dataset: estimated active layer thickness for paired burned unburned sites measured from 2001-2023. NSF Arctic Data Center. https://doi.org/10.18739/A2RN3092P. 자료 논문: Talucci, A. C., et al. (2025) Permafrost-wildfire interactions: active layer thickness estimates for paired burned and unburned sites in northern high latitudes. Earth System Science Data 17, 2887-2909, https://doi.org/10.5194/essd-17-2887-2025",CC BY 4.0,,2018-09-09,series_max,annual_value,,,40.2036,0.00001,1,burned,0,FireALT 기여 자료(lastNm 열): Dieleman_Baltzer_Turetsky; Holloway,,ok,"기여자 Holloway; siteId b8; plot 1개; 연중 방문 2회(8월 1일 이후 2회); msrType thaw; 식생 EN; 영구동토 분포 D; 생태지역 Northwest Territories taiga; 화재 연도 2014, 화재 후 경과 연수 4; 원좌표 문자열 4개를 소수 4자리에서 묶음"
firealt_talucci2025,firealt_talucci2025_0096,Dieleman ZF20-4 (burned),61.86277,-116.597,2018,10,75,probe,direct_dated,1,Canada,Canada,"Talucci, A., Loranty, M., Holloway, J., Rogers, B., Alexander, H., et al. (2024) FireALT dataset: estimated active layer thickness for paired burned unburned sites measured from 2001-2023. NSF Arctic Data Center. https://doi.org/10.18739/A2RN3092P. 자료 논문: Talucci, A. C., et al. (2025) Permafrost-wildfire interactions: active layer thickness estimates for paired burned and unburned sites in northern high latitudes. Earth System Science Data 17, 2887-2909, https://doi.org/10.5194/essd-17-2887-2025",CC BY 4.0,,2018-10-28,none,single_visit,,,,0.001,1,burned,0,FireALT 기여 자료(lastNm 열): Dieleman_Baltzer_Turetsky,,ok,"기여자 Dieleman; siteId ZF20-4; plot 1개; 연중 방문 1회(8월 1일 이후 1회); msrType active; 식생 EN; 영구동토 분포 D; 생태지역 Northwest Territories taiga; 화재 연도 2014, 화재 후 경과 연수 4"
firealt_talucci2025,firealt_talucci2025_0096,Dieleman ZF20-4 (burned),61.86277,-116.597,2019,10,113,probe,direct_dated,4,Canada,Canada,"Talucci, A., Loranty, M., Holloway, J., Rogers, B., Alexander, H., et al. (2024) FireALT dataset: estimated active layer thickness for paired burned unburned sites measured from 2001-2023. NSF Arctic Data Center. https://doi.org/10.18739/A2RN3092P. 자료 논문: Talucci, A. C., et al. (2025) Permafrost-wildfire interactions: active layer thickness estimates for paired burned and unburned sites in northern high latitudes. Earth System Science Data 17, 2887-2909, https://doi.org/10.5194/essd-17-2887-2025",CC BY 4.0,,2019-10-01,none,single_visit,,,15.7692,0.001,1,burned,0,FireALT 기여 자료(lastNm 열): Dieleman_Baltzer_Turetsky,,ok,"기여자 Dieleman; siteId ZF20-4; plot 1개; 연중 방문 1회(8월 1일 이후 1회); msrType active; 식생 EN; 영구동토 분포 D; 생태지역 Northwest Territories taiga; 화재 연도 2014, 화재 후 경과 연수 5"
firealt_talucci2025,firealt_talucci2025_0097,Dieleman ZF20-43 (burned),61.953607,-116.501000,2015,8,91.8,probe,direct_eos,10,Canada,Canada,"Talucci, A., Loranty, M., Holloway, J., Rogers, B., Alexander, H., et al. (2024) FireALT dataset: estimated active layer thickness for paired burned unburned sites measured from 2001-2023. NSF Arctic Data Center. https://doi.org/10.18739/A2RN3092P. 자료 논문: Talucci, A. C., et al. (2025) Permafrost-wildfire interactions: active layer thickness estimates for paired burned and unburned sites in northern high latitudes. Earth System Science Data 17, 2887-2909, https://doi.org/10.5194/essd-17-2887-2025",CC BY 4.0,,2015-08-28,record_date,single_visit,,,26.381,0.001,1,burned,0,FireALT 기여 자료(lastNm 열): Dieleman_Baltzer_Turetsky,,ok,"기여자 Dieleman; siteId ZF20-43; plot 1개; 연중 방문 1회(8월 1일 이후 1회); msrType thaw; 식생 EN; 영구동토 분포 D; 생태지역 Northwest Territories taiga; 화재 연도 2014, 화재 후 경과 연수 1; 원좌표 문자열 3개를 소수 4자리에서 묶음"
firealt_talucci2025,firealt_talucci2025_0097,Dieleman ZF20-43 (burned),61.953607,-116.501000,2018,10,80,probe,direct_dated,2,Canada,Canada,"Talucci, A., Loranty, M., Holloway, J., Rogers, B., Alexander, H., et al. (2024) FireALT dataset: estimated active layer thickness for paired burned unburned sites measured from 2001-2023. NSF Arctic Data Center. https://doi.org/10.18739/A2RN3092P. 자료 논문: Talucci, A. C., et al. (2025) Permafrost-wildfire interactions: active layer thickness estimates for paired burned and unburned sites in northern high latitudes. Earth System Science Data 17, 2887-2909, https://doi.org/10.5194/essd-17-2887-2025",CC BY 4.0,,2018-10-28,none,single_visit,,,21.2132,0.001,1,burned,0,FireALT 기여 자료(lastNm 열): Dieleman_Baltzer_Turetsky,,ok,"기여자 Dieleman; siteId ZF20-43; plot 1개; 연중 방문 1회(8월 1일 이후 1회); msrType active; 식생 EN; 영구동토 분포 D; 생태지역 Northwest Territories taiga; 화재 연도 2014, 화재 후 경과 연수 4; 원좌표 문자열 3개를 소수 4자리에서 묶음"
firealt_talucci2025,firealt_talucci2025_0098,Dieleman ZF20-43 (burned),61.95368,-116.501,2018,10,103.75,probe,direct_dated,4,Canada,Canada,"Talucci, A., Loranty, M., Holloway, J., Rogers, B., Alexander, H., et al. (2024) FireALT dataset: estimated active layer thickness for paired burned unburned sites measured from 2001-2023. NSF Arctic Data Center. https://doi.org/10.18739/A2RN3092P. 자료 논문: Talucci, A. C., et al. (2025) Permafrost-wildfire interactions: active layer thickness estimates for paired burned and unburned sites in northern high latitudes. Earth System Science Data 17, 2887-2909, https://doi.org/10.5194/essd-17-2887-2025",CC BY 4.0,,2018-10-28,none,single_visit,,,32.5,0.001,1,burned,0,FireALT 기여 자료(lastNm 열): Dieleman_Baltzer_Turetsky,,ok,"기여자 Dieleman; siteId ZF20-43; plot 1개; 연중 방문 1회(8월 1일 이후 1회); msrType active; 식생 EN; 영구동토 분포 D; 생태지역 Northwest Territories taiga; 화재 연도 2014, 화재 후 경과 연수 4"
firealt_talucci2025,firealt_talucci2025_0098,Dieleman ZF20-43 (burned),61.95368,-116.501,2019,10,112.2,probe,direct_dated,5,Canada,Canada,"Talucci, A., Loranty, M., Holloway, J., Rogers, B., Alexander, H., et al. (2024) FireALT dataset: estimated active layer thickness for paired burned unburned sites measured from 2001-2023. NSF Arctic Data Center. https://doi.org/10.18739/A2RN3092P. 자료 논문: Talucci, A. C., et al. (2025) Permafrost-wildfire interactions: active layer thickness estimates for paired burned and unburned sites in northern high latitudes. Earth System Science Data 17, 2887-2909, https://doi.org/10.5194/essd-17-2887-2025",CC BY 4.0,,2019-10-04,none,single_visit,,,35.457,0.001,1,burned,0,FireALT 기여 자료(lastNm 열): Dieleman_Baltzer_Turetsky,,ok,"기여자 Dieleman; siteId ZF20-43; plot 1개; 연중 방문 1회(8월 1일 이후 1회); msrType active; 식생 EN; 영구동토 분포 D; 생태지역 Northwest Territories taiga; 화재 연도 2014, 화재 후 경과 연수 5"
firealt_talucci2025,firealt_talucci2025_0099,Olefeldt fortsimpson_2006 (burned),61.99,-121.398,2015,9,103.0976,probe,direct_eos,82,Canada,Canada,"Talucci, A., Loranty, M., Holloway, J., Rogers, B., Alexander, H., et al. (2024) FireALT dataset: estimated active layer thickness for paired burned unburned sites measured from 2001-2023. NSF Arctic Data Center. https://doi.org/10.18739/A2RN3092P. 자료 논문: Talucci, A. C., et al. (2025) Permafrost-wildfire interactions: active layer thickness estimates for paired burned and unburned sites in northern high latitudes. Earth System Science Data 17, 2887-2909, https://doi.org/10.5194/essd-17-2887-2025",CC BY 4.0,,2015-09-07,record_date,annual_value,,,28.6199,0.01,1,burned,0,FireALT 기여 자료(lastNm 열): Gibson,,ok,"기여자 Olefeldt; siteId fortsimpson_2006; plot 82개; 연중 방문 2회(8월 1일 이후 1회); msrType active; 식생 W; 영구동토 분포 D; 생태지역 Northwest Territories taiga; 화재 연도 2006, 화재 후 경과 연수 9"
firealt_talucci2025,firealt_talucci2025_0099,Olefeldt fortsimpson_2006 (burned),61.99,-121.398,2016,9,111.3171,probe,direct_eos,82,Canada,Canada,"Talucci, A., Loranty, M., Holloway, J., Rogers, B., Alexander, H., et al. (2024) FireALT dataset: estimated active layer thickness for paired burned unburned sites measured from 2001-2023. NSF Arctic Data Center. https://doi.org/10.18739/A2RN3092P. 자료 논문: Talucci, A. C., et al. (2025) Permafrost-wildfire interactions: active layer thickness estimates for paired burned and unburned sites in northern high latitudes. Earth System Science Data 17, 2887-2909, https://doi.org/10.5194/essd-17-2887-2025",CC BY 4.0,,2016-09-09,record_date,annual_value,,,20.3506,0.01,1,burned,0,FireALT 기여 자료(lastNm 열): Gibson,,ok,"기여자 Olefeldt; siteId fortsimpson_2006; plot 82개; 연중 방문 2회(8월 1일 이후 1회); msrType active; 식생 W; 영구동토 분포 D; 생태지역 Northwest Territories taiga; 화재 연도 2006, 화재 후 경과 연수 10"
firealt_talucci2025,firealt_talucci2025_0100,Olefeldt fortsimpson_unburn (unburned),61.992779,-121.383078,2015,9,63.5,probe,direct_eos,88,Canada,Canada,"Talucci, A., Loranty, M., Holloway, J., Rogers, B., Alexander, H., et al. (2024) FireALT dataset: estimated active layer thickness for paired burned unburned sites measured from 2001-2023. NSF Arctic Data Center. https://doi.org/10.18739/A2RN3092P. 자료 논문: Talucci, A. C., et al. (2025) Permafrost-wildfire interactions: active layer thickness estimates for paired burned and unburned sites in northern high latitudes. Earth System Science Data 17, 2887-2909, https://doi.org/10.5194/essd-17-2887-2025",CC BY 4.0,,2015-09-07,record_date,annual_value,,,20.0877,0.0000001,0,,0,FireALT 기여 자료(lastNm 열): Gibson,,ok,기여자 Olefeldt; siteId fortsimpson_unburn; plot 88개; 연중 방문 2회(8월 1일 이후 1회); msrType active; 식생 W; 영구동토 분포 D; 생태지역 Northwest Territories taiga; 원좌표 문자열 2개를 소수 4자리에서 묶음
firealt_talucci2025,firealt_talucci2025_0100,Olefeldt fortsimpson_unburn (unburned),61.992779,-121.383078,2016,9,67.4737,probe,direct_eos,95,Canada,Canada,"Talucci, A., Loranty, M., Holloway, J., Rogers, B., Alexander, H., et al. (2024) FireALT dataset: estimated active layer thickness for paired burned unburned sites measured from 2001-2023. NSF Arctic Data Center. https://doi.org/10.18739/A2RN3092P. 자료 논문: Talucci, A. C., et al. (2025) Permafrost-wildfire interactions: active layer thickness estimates for paired burned and unburned sites in northern high latitudes. Earth System Science Data 17, 2887-2909, https://doi.org/10.5194/essd-17-2887-2025",CC BY 4.0,,2016-09-09,record_date,annual_value,,,23.3957,0.0000001,0,,0,FireALT 기여 자료(lastNm 열): Gibson,,ok,기여자 Olefeldt; siteId fortsimpson_unburn; plot 95개; 연중 방문 2회(8월 1일 이후 1회); msrType active; 식생 W; 영구동토 분포 D; 생태지역 Northwest Territories taiga; 원좌표 문자열 2개를 소수 4자리에서 묶음
firealt_talucci2025,firealt_talucci2025_0101,Olefeldt camsell_unburn (unburned),61.99583333,-122.5730556,2015,7,44,probe,direct_dated,1,Canada,Canada,"Talucci, A., Loranty, M., Holloway, J., Rogers, B., Alexander, H., et al. (2024) FireALT dataset: estimated active layer thickness for paired burned unburned sites measured from 2001-2023. NSF Arctic Data Center. https://doi.org/10.18739/A2RN3092P. 자료 논문: Talucci, A. C., et al. (2025) Permafrost-wildfire interactions: active layer thickness estimates for paired burned and unburned sites in northern high latitudes. Earth System Science Data 17, 2887-2909, https://doi.org/10.5194/essd-17-2887-2025",CC BY 4.0,,2015-07-28,none,single_visit,,,,0.0000001,0,,0,FireALT 기여 자료(lastNm 열): Gibson,,ok,기여자 Olefeldt; siteId camsell_unburn; plot 1개; 연중 방문 1회(8월 1일 이후 0회); msrType thaw; 식생 W; 영구동토 분포 D; 생태지역 Muskwa-Slave Lake taiga
firealt_talucci2025,firealt_talucci2025_0102,Olefeldt fortsimpson_1995 (burned),61.995832,-121.395817,2015,9,79.6705,probe,direct_eos,88,Canada,Canada,"Talucci, A., Loranty, M., Holloway, J., Rogers, B., Alexander, H., et al. (2024) FireALT dataset: estimated active layer thickness for paired burned unburned sites measured from 2001-2023. NSF Arctic Data Center. https://doi.org/10.18739/A2RN3092P. 자료 논문: Talucci, A. C., et al. (2025) Permafrost-wildfire interactions: active layer thickness estimates for paired burned and unburned sites in northern high latitudes. Earth System Science Data 17, 2887-2909, https://doi.org/10.5194/essd-17-2887-2025",CC BY 4.0,,2015-09-07,record_date,annual_value,,,31.2538,0.0000001,1,burned,0,FireALT 기여 자료(lastNm 열): Gibson,,ok,"기여자 Olefeldt; siteId fortsimpson_1995; plot 88개; 연중 방문 2회(8월 1일 이후 1회); msrType active; 식생 W; 영구동토 분포 D; 생태지역 Northwest Territories taiga; 화재 연도 1995, 화재 후 경과 연수 20; 원좌표 문자열 2개를 소수 4자리에서 묶음"
firealt_talucci2025,firealt_talucci2025_0102,Olefeldt fortsimpson_1995 (burned),61.995832,-121.395817,2016,9,108.2556,probe,direct_eos,90,Canada,Canada,"Talucci, A., Loranty, M., Holloway, J., Rogers, B., Alexander, H., et al. (2024) FireALT dataset: estimated active layer thickness for paired burned unburned sites measured from 2001-2023. NSF Arctic Data Center. https://doi.org/10.18739/A2RN3092P. 자료 논문: Talucci, A. C., et al. (2025) Permafrost-wildfire interactions: active layer thickness estimates for paired burned and unburned sites in northern high latitudes. Earth System Science Data 17, 2887-2909, https://doi.org/10.5194/essd-17-2887-2025",CC BY 4.0,,2016-09-09,record_date,annual_value,,,27.5341,0.0000001,1,burned,0,FireALT 기여 자료(lastNm 열): Gibson,,ok,"기여자 Olefeldt; siteId fortsimpson_1995; plot 90개; 연중 방문 2회(8월 1일 이후 1회); msrType active; 식생 W; 영구동토 분포 D; 생태지역 Northwest Territories taiga; 화재 연도 1995, 화재 후 경과 연수 21; 원좌표 문자열 2개를 소수 4자리에서 묶음"
firealt_talucci2025,firealt_talucci2025_0103,Dieleman HWY3-UB-1 (unburned),62.02819,-116.316,2019,9,61.2,probe,direct_eos,5,Canada,Canada,"Talucci, A., Loranty, M., Holloway, J., Rogers, B., Alexander, H., et al. (2024) FireALT dataset: estimated active layer thickness for paired burned unburned sites measured from 2001-2023. NSF Arctic Data Center. https://doi.org/10.18739/A2RN3092P. 자료 논문: Talucci, A. C., et al. (2025) Permafrost-wildfire interactions: active layer thickness estimates for paired burned and unburned sites in northern high latitudes. Earth System Science Data 17, 2887-2909, https://doi.org/10.5194/essd-17-2887-2025",CC BY 4.0,,2019-09-28,record_date,single_visit,,,6.9065,0.001,0,,0,FireALT 기여 자료(lastNm 열): Dieleman_Baltzer_Turetsky,,ok,기여자 Dieleman; siteId HWY3-UB-1; plot 1개; 연중 방문 1회(8월 1일 이후 1회); msrType active; 식생 EN; 영구동토 분포 D; 생태지역 Northwest Territories taiga; v3 F4_direct 셀 12610(ABoVE_CA)과 체비쇼프 0.0010° 로 0.01° 이내
firealt_talucci2025,firealt_talucci2025_0104,Holloway ub2 (unburned),62.02892,-116.3139,2016,9,63.35,probe,direct_eos,60,Canada,Canada,"Talucci, A., Loranty, M., Holloway, J., Rogers, B., Alexander, H., et al. (2024) FireALT dataset: estimated active layer thickness for paired burned unburned sites measured from 2001-2023. NSF Arctic Data Center. https://doi.org/10.18739/A2RN3092P. 자료 논문: Talucci, A. C., et al. (2025) Permafrost-wildfire interactions: active layer thickness estimates for paired burned and unburned sites in northern high latitudes. Earth System Science Data 17, 2887-2909, https://doi.org/10.5194/essd-17-2887-2025",CC BY 4.0,,2016-09-09,record_date,single_visit,,,7.3803,0.0001,0,,0,FireALT 기여 자료(lastNm 열): Holloway,,ok,기여자 Holloway; siteId ub2; plot 1개; 연중 방문 1회(8월 1일 이후 1회); msrType thaw; 식생 EN; 영구동토 분포 D; 생태지역 Northwest Territories taiga; v3 F4_direct 셀 12612(ABoVE_CA)과 체비쇼프 0.0003° 로 0.01° 이내
firealt_talucci2025,firealt_talucci2025_0104,Holloway ub2 (unburned),62.02892,-116.3139,2017,9,66.3103,probe,direct_eos,58,Canada,Canada,"Talucci, A., Loranty, M., Holloway, J., Rogers, B., Alexander, H., et al. (2024) FireALT dataset: estimated active layer thickness for paired burned unburned sites measured from 2001-2023. NSF Arctic Data Center. https://doi.org/10.18739/A2RN3092P. 자료 논문: Talucci, A. C., et al. (2025) Permafrost-wildfire interactions: active layer thickness estimates for paired burned and unburned sites in northern high latitudes. Earth System Science Data 17, 2887-2909, https://doi.org/10.5194/essd-17-2887-2025",CC BY 4.0,,2017-09-03,record_date,single_visit,,,9.1464,0.0001,0,,0,FireALT 기여 자료(lastNm 열): Holloway,,ok,기여자 Holloway; siteId ub2; plot 1개; 연중 방문 1회(8월 1일 이후 1회); msrType thaw; 식생 EN; 영구동토 분포 D; 생태지역 Northwest Territories taiga; v3 F4_direct 셀 12612(ABoVE_CA)과 체비쇼프 0.0003° 로 0.01° 이내
firealt_talucci2025,firealt_talucci2025_0104,Holloway ub2 (unburned),62.02892,-116.3139,2018,9,72.5593,probe,direct_eos,59,Canada,Canada,"Talucci, A., Loranty, M., Holloway, J., Rogers, B., Alexander, H., et al. (2024) FireALT dataset: estimated active layer thickness for paired burned unburned sites measured from 2001-2023. NSF Arctic Data Center. https://doi.org/10.18739/A2RN3092P. 자료 논문: Talucci, A. C., et al. (2025) Permafrost-wildfire interactions: active layer thickness estimates for paired burned and unburned sites in northern high latitudes. Earth System Science Data 17, 2887-2909, https://doi.org/10.5194/essd-17-2887-2025",CC BY 4.0,,2018-09-10,record_date,single_visit,,,8.4226,0.0001,0,,0,FireALT 기여 자료(lastNm 열): Holloway,,ok,기여자 Holloway; siteId ub2; plot 1개; 연중 방문 1회(8월 1일 이후 1회); msrType thaw; 식생 EN; 영구동토 분포 D; 생태지역 Northwest Territories taiga; v3 F4_direct 셀 12612(ABoVE_CA)과 체비쇼프 0.0003° 로 0.01° 이내
firealt_talucci2025,firealt_talucci2025_0104,Holloway ub2 (unburned),62.02892,-116.3139,2019,9,68.125,probe,direct_eos,40,Canada,Canada,"Talucci, A., Loranty, M., Holloway, J., Rogers, B., Alexander, H., et al. (2024) FireALT dataset: estimated active layer thickness for paired burned unburned sites measured from 2001-2023. NSF Arctic Data Center. https://doi.org/10.18739/A2RN3092P. 자료 논문: Talucci, A. C., et al. (2025) Permafrost-wildfire interactions: active layer thickness estimates for paired burned and unburned sites in northern high latitudes. Earth System Science Data 17, 2887-2909, https://doi.org/10.5194/essd-17-2887-2025",CC BY 4.0,,2019-09-04,record_date,single_visit,,,9.188,0.0001,0,,0,FireALT 기여 자료(lastNm 열): Holloway,,ok,기여자 Holloway; siteId ub2; plot 1개; 연중 방문 1회(8월 1일 이후 1회); msrType thaw; 식생 EN; 영구동토 분포 D; 생태지역 Northwest Territories taiga; v3 F4_direct 셀 12612(ABoVE_CA)과 체비쇼프 0.0003° 로 0.01° 이내
firealt_talucci2025,firealt_talucci2025_0105,Dieleman CG2-5 (unburned),62.21236,-116.313,2019,10,57,probe,direct_dated,5,Canada,Canada,"Talucci, A., Loranty, M., Holloway, J., Rogers, B., Alexander, H., et al. (2024) FireALT dataset: estimated active layer thickness for paired burned unburned sites measured from 2001-2023. NSF Arctic Data Center. https://doi.org/10.18739/A2RN3092P. 자료 논문: Talucci, A. C., et al. (2025) Permafrost-wildfire interactions: active layer thickness estimates for paired burned and unburned sites in northern high latitudes. Earth System Science Data 17, 2887-2909, https://doi.org/10.5194/essd-17-2887-2025",CC BY 4.0,,2019-10-04,none,single_visit,,,8.1548,0.001,0,,0,FireALT 기여 자료(lastNm 열): Dieleman_Baltzer_Turetsky,,ok,기여자 Dieleman; siteId CG2-5; plot 1개; 연중 방문 1회(8월 1일 이후 1회); msrType active; 식생 EN; 영구동토 분포 D; 생태지역 Northwest Territories taiga
firealt_talucci2025,firealt_talucci2025_0106,Olefeldt camsell_1975 (burned),62.24611111,-122.6355556,2015,7,53,probe,direct_dated,1,Canada,Canada,"Talucci, A., Loranty, M., Holloway, J., Rogers, B., Alexander, H., et al. (2024) FireALT dataset: estimated active layer thickness for paired burned unburned sites measured from 2001-2023. NSF Arctic Data Center. https://doi.org/10.18739/A2RN3092P. 자료 논문: Talucci, A. C., et al. (2025) Permafrost-wildfire interactions: active layer thickness estimates for paired burned and unburned sites in northern high latitudes. Earth System Science Data 17, 2887-2909, https://doi.org/10.5194/essd-17-2887-2025",CC BY 4.0,,2015-07-28,none,single_visit,,,,0.0000001,1,burned,0,FireALT 기여 자료(lastNm 열): Gibson,,ok,"기여자 Olefeldt; siteId camsell_1975; plot 1개; 연중 방문 1회(8월 1일 이후 0회); msrType thaw; 식생 W; 영구동토 분포 D; 생태지역 Northwest Territories taiga; 화재 연도 1975, 화재 후 경과 연수 40"
firealt_talucci2025,firealt_talucci2025_0107,Olefeldt camsell _unburn/camsell_unburn (unburned),62.246111,-122.573078,2015,9,61.0714,probe,direct_eos,98,Canada,Canada,"Talucci, A., Loranty, M., Holloway, J., Rogers, B., Alexander, H., et al. (2024) FireALT dataset: estimated active layer thickness for paired burned unburned sites measured from 2001-2023. NSF Arctic Data Center. https://doi.org/10.18739/A2RN3092P. 자료 논문: Talucci, A. C., et al. (2025) Permafrost-wildfire interactions: active layer thickness estimates for paired burned and unburned sites in northern high latitudes. Earth System Science Data 17, 2887-2909, https://doi.org/10.5194/essd-17-2887-2025",CC BY 4.0,,2015-09-08,record_date,annual_value,,,10.6541,0.0000001,0,,0,FireALT 기여 자료(lastNm 열): Gibson,,ok,기여자 Olefeldt; siteId camsell_unburn; plot 98개; 연중 방문 3회(8월 1일 이후 1회); msrType active; 식생 W; 영구동토 분포 D; 생태지역 Muskwa-Slave Lake taiga/Northwest Territories taiga; 원좌표 문자열 2개를 소수 4자리에서 묶음
firealt_talucci2025,firealt_talucci2025_0107,Olefeldt camsell _unburn/camsell_unburn (unburned),62.246111,-122.573078,2016,9,65.92,probe,direct_eos,100,Canada,Canada,"Talucci, A., Loranty, M., Holloway, J., Rogers, B., Alexander, H., et al. (2024) FireALT dataset: estimated active layer thickness for paired burned unburned sites measured from 2001-2023. NSF Arctic Data Center. https://doi.org/10.18739/A2RN3092P. 자료 논문: Talucci, A. C., et al. (2025) Permafrost-wildfire interactions: active layer thickness estimates for paired burned and unburned sites in northern high latitudes. Earth System Science Data 17, 2887-2909, https://doi.org/10.5194/essd-17-2887-2025",CC BY 4.0,,2016-09-10,record_date,annual_value,,,13.1046,0.0000001,0,,0,FireALT 기여 자료(lastNm 열): Gibson,,ok,기여자 Olefeldt; siteId camsell_unburn; plot 100개; 연중 방문 3회(8월 1일 이후 1회); msrType active; 식생 W; 영구동토 분포 D; 생태지역 Muskwa-Slave Lake taiga/Northwest Territories taiga; 원좌표 문자열 2개를 소수 4자리에서 묶음
firealt_talucci2025,firealt_talucci2025_0108,Olefeldt camsell _1975/camsell_1975 (burned),62.299721,-122.635578,2015,9,63.3068,probe,direct_eos,88,Canada,Canada,"Talucci, A., Loranty, M., Holloway, J., Rogers, B., Alexander, H., et al. (2024) FireALT dataset: estimated active layer thickness for paired burned unburned sites measured from 2001-2023. NSF Arctic Data Center. https://doi.org/10.18739/A2RN3092P. 자료 논문: Talucci, A. C., et al. (2025) Permafrost-wildfire interactions: active layer thickness estimates for paired burned and unburned sites in northern high latitudes. Earth System Science Data 17, 2887-2909, https://doi.org/10.5194/essd-17-2887-2025",CC BY 4.0,,2015-09-08,record_date,annual_value,,,17.3466,0.0000001,1,burned,0,FireALT 기여 자료(lastNm 열): Gibson,,ok,"기여자 Olefeldt; siteId camsell_1975; plot 88개; 연중 방문 3회(8월 1일 이후 1회); msrType active; 식생 W; 영구동토 분포 D; 생태지역 Northwest Territories taiga; 화재 연도 1975, 화재 후 경과 연수 40; 원좌표 문자열 2개를 소수 4자리에서 묶음"
firealt_talucci2025,firealt_talucci2025_0108,Olefeldt camsell _1975/camsell_1975 (burned),62.299721,-122.635578,2016,9,85.044,probe,direct_eos,91,Canada,Canada,"Talucci, A., Loranty, M., Holloway, J., Rogers, B., Alexander, H., et al. (2024) FireALT dataset: estimated active layer thickness for paired burned unburned sites measured from 2001-2023. NSF Arctic Data Center. https://doi.org/10.18739/A2RN3092P. 자료 논문: Talucci, A. C., et al. (2025) Permafrost-wildfire interactions: active layer thickness estimates for paired burned and unburned sites in northern high latitudes. Earth System Science Data 17, 2887-2909, https://doi.org/10.5194/essd-17-2887-2025",CC BY 4.0,,2016-09-10,record_date,annual_value,,,30.9806,0.0000001,1,burned,0,FireALT 기여 자료(lastNm 열): Gibson,,ok,"기여자 Olefeldt; siteId camsell_1975; plot 91개; 연중 방문 3회(8월 1일 이후 1회); msrType active; 식생 W; 영구동토 분포 D; 생태지역 Northwest Territories taiga; 화재 연도 1975, 화재 후 경과 연수 41; 원좌표 문자열 2개를 소수 4자리에서 묶음"
firealt_talucci2025,firealt_talucci2025_0109,Holloway b9 (burned),62.344650,-116.481680,2015,8,58.25,probe,direct_eos,24,Canada,Canada,"Talucci, A., Loranty, M., Holloway, J., Rogers, B., Alexander, H., et al. (2024) FireALT dataset: estimated active layer thickness for paired burned unburned sites measured from 2001-2023. NSF Arctic Data Center. https://doi.org/10.18739/A2RN3092P. 자료 논문: Talucci, A. C., et al. (2025) Permafrost-wildfire interactions: active layer thickness estimates for paired burned and unburned sites in northern high latitudes. Earth System Science Data 17, 2887-2909, https://doi.org/10.5194/essd-17-2887-2025",CC BY 4.0,,2015-08-12,record_date,single_visit,,,5.6665,0.00001,1,burned,0,FireALT 기여 자료(lastNm 열): Holloway,,ok,"기여자 Holloway; siteId b9; plot 1개; 연중 방문 1회(8월 1일 이후 1회); msrType thaw; 식생 EN; 영구동토 분포 D; 생태지역 Northwest Territories taiga; 화재 연도 2014, 화재 후 경과 연수 1; 원좌표 문자열 2개를 소수 4자리에서 묶음"
firealt_talucci2025,firealt_talucci2025_0109,Holloway b9 (burned),62.344650,-116.481680,2016,9,74.28,probe,direct_eos,25,Canada,Canada,"Talucci, A., Loranty, M., Holloway, J., Rogers, B., Alexander, H., et al. (2024) FireALT dataset: estimated active layer thickness for paired burned unburned sites measured from 2001-2023. NSF Arctic Data Center. https://doi.org/10.18739/A2RN3092P. 자료 논문: Talucci, A. C., et al. (2025) Permafrost-wildfire interactions: active layer thickness estimates for paired burned and unburned sites in northern high latitudes. Earth System Science Data 17, 2887-2909, https://doi.org/10.5194/essd-17-2887-2025",CC BY 4.0,,2016-09-14,record_date,single_visit,,,12.8825,0.00001,1,burned,0,FireALT 기여 자료(lastNm 열): Holloway,,ok,"기여자 Holloway; siteId b9; plot 1개; 연중 방문 1회(8월 1일 이후 1회); msrType thaw; 식생 EN; 영구동토 분포 D; 생태지역 Northwest Territories taiga; 화재 연도 2014, 화재 후 경과 연수 2; 원좌표 문자열 2개를 소수 4자리에서 묶음"
firealt_talucci2025,firealt_talucci2025_0109,Holloway b9 (burned),62.344650,-116.481680,2017,9,56,probe,direct_eos,4,Canada,Canada,"Talucci, A., Loranty, M., Holloway, J., Rogers, B., Alexander, H., et al. (2024) FireALT dataset: estimated active layer thickness for paired burned unburned sites measured from 2001-2023. NSF Arctic Data Center. https://doi.org/10.18739/A2RN3092P. 자료 논문: Talucci, A. C., et al. (2025) Permafrost-wildfire interactions: active layer thickness estimates for paired burned and unburned sites in northern high latitudes. Earth System Science Data 17, 2887-2909, https://doi.org/10.5194/essd-17-2887-2025",CC BY 4.0,,2017-09-05,record_date,single_visit,,,6.9282,0.00001,1,burned,0,FireALT 기여 자료(lastNm 열): Holloway,,ok,"기여자 Holloway; siteId b9; plot 1개; 연중 방문 1회(8월 1일 이후 1회); msrType thaw; 식생 EN; 영구동토 분포 D; 생태지역 Northwest Territories taiga; 화재 연도 2014, 화재 후 경과 연수 3; 원좌표 문자열 2개를 소수 4자리에서 묶음"
firealt_talucci2025,firealt_talucci2025_0109,Holloway b9 (burned),62.344650,-116.481680,2018,9,75.6,probe,direct_eos,5,Canada,Canada,"Talucci, A., Loranty, M., Holloway, J., Rogers, B., Alexander, H., et al. (2024) FireALT dataset: estimated active layer thickness for paired burned unburned sites measured from 2001-2023. NSF Arctic Data Center. https://doi.org/10.18739/A2RN3092P. 자료 논문: Talucci, A. C., et al. (2025) Permafrost-wildfire interactions: active layer thickness estimates for paired burned and unburned sites in northern high latitudes. Earth System Science Data 17, 2887-2909, https://doi.org/10.5194/essd-17-2887-2025",CC BY 4.0,,2018-09-12,record_date,single_visit,,,19.1911,0.00001,1,burned,0,FireALT 기여 자료(lastNm 열): Holloway,,ok,"기여자 Holloway; siteId b9; plot 1개; 연중 방문 1회(8월 1일 이후 1회); msrType thaw; 식생 EN; 영구동토 분포 D; 생태지역 Northwest Territories taiga; 화재 연도 2014, 화재 후 경과 연수 4; 원좌표 문자열 2개를 소수 4자리에서 묶음"
firealt_talucci2025,firealt_talucci2025_0110,Dieleman ZF46-18 (burned),62.34484,-116.48,2015,8,63,probe,direct_eos,2,Canada,Canada,"Talucci, A., Loranty, M., Holloway, J., Rogers, B., Alexander, H., et al. (2024) FireALT dataset: estimated active layer thickness for paired burned unburned sites measured from 2001-2023. NSF Arctic Data Center. https://doi.org/10.18739/A2RN3092P. 자료 논문: Talucci, A. C., et al. (2025) Permafrost-wildfire interactions: active layer thickness estimates for paired burned and unburned sites in northern high latitudes. Earth System Science Data 17, 2887-2909, https://doi.org/10.5194/essd-17-2887-2025",CC BY 4.0,,2015-08-28,record_date,single_visit,,,7.0711,0.01,1,burned,0,FireALT 기여 자료(lastNm 열): Dieleman_Baltzer_Turetsky,,ok,"기여자 Dieleman; siteId ZF46-18; plot 1개; 연중 방문 1회(8월 1일 이후 1회); msrType thaw; 식생 EN; 영구동토 분포 D; 생태지역 Northwest Territories taiga; 화재 연도 2014, 화재 후 경과 연수 1"
firealt_talucci2025,firealt_talucci2025_0111,Dieleman ZF46-21 (burned),62.3505,-116.509,2015,8,52.5556,probe,direct_eos,9,Canada,Canada,"Talucci, A., Loranty, M., Holloway, J., Rogers, B., Alexander, H., et al. (2024) FireALT dataset: estimated active layer thickness for paired burned unburned sites measured from 2001-2023. NSF Arctic Data Center. https://doi.org/10.18739/A2RN3092P. 자료 논문: Talucci, A. C., et al. (2025) Permafrost-wildfire interactions: active layer thickness estimates for paired burned and unburned sites in northern high latitudes. Earth System Science Data 17, 2887-2909, https://doi.org/10.5194/essd-17-2887-2025",CC BY 4.0,,2015-08-26,record_date,single_visit,,,3.7454,0.001,1,burned,0,FireALT 기여 자료(lastNm 열): Dieleman_Baltzer_Turetsky,,ok,"기여자 Dieleman; siteId ZF46-21; plot 1개; 연중 방문 1회(8월 1일 이후 1회); msrType thaw; 식생 EN; 영구동토 분포 D; 생태지역 Northwest Territories taiga; 화재 연도 2014, 화재 후 경과 연수 1"
firealt_talucci2025,firealt_talucci2025_0111,Dieleman ZF46-21 (burned),62.3505,-116.509,2016,8,41.75,probe,direct_eos,2,Canada,Canada,"Talucci, A., Loranty, M., Holloway, J., Rogers, B., Alexander, H., et al. (2024) FireALT dataset: estimated active layer thickness for paired burned unburned sites measured from 2001-2023. NSF Arctic Data Center. https://doi.org/10.18739/A2RN3092P. 자료 논문: Talucci, A. C., et al. (2025) Permafrost-wildfire interactions: active layer thickness estimates for paired burned and unburned sites in northern high latitudes. Earth System Science Data 17, 2887-2909, https://doi.org/10.5194/essd-17-2887-2025",CC BY 4.0,,2016-08-26,record_date,single_visit,,,3.8891,0.001,1,burned,0,FireALT 기여 자료(lastNm 열): Dieleman_Baltzer_Turetsky,,ok,"기여자 Dieleman; siteId ZF46-21; plot 1개; 연중 방문 1회(8월 1일 이후 1회); msrType thaw; 식생 EN; 영구동토 분포 D; 생태지역 Northwest Territories taiga; 화재 연도 2014, 화재 후 경과 연수 2"
firealt_talucci2025,firealt_talucci2025_0112,Holloway ub3 (unburned),62.458250,-114.531595,2015,8,57.0714,probe,direct_eos,56,Canada,Canada,"Talucci, A., Loranty, M., Holloway, J., Rogers, B., Alexander, H., et al. (2024) FireALT dataset: estimated active layer thickness for paired burned unburned sites measured from 2001-2023. NSF Arctic Data Center. https://doi.org/10.18739/A2RN3092P. 자료 논문: Talucci, A. C., et al. (2025) Permafrost-wildfire interactions: active layer thickness estimates for paired burned and unburned sites in northern high latitudes. Earth System Science Data 17, 2887-2909, https://doi.org/10.5194/essd-17-2887-2025",CC BY 4.0,,2015-08-11,record_date,single_visit,,,12.6719,0.00001,0,,0,FireALT 기여 자료(lastNm 열): Holloway,,ok,기여자 Holloway; siteId ub3; plot 1개; 연중 방문 1회(8월 1일 이후 1회); msrType thaw; 식생 EN; 영구동토 분포 D; 생태지역 Northern Canadian Shield taiga; 원좌표 문자열 2개를 소수 4자리에서 묶음
firealt_talucci2025,firealt_talucci2025_0112,Holloway ub3 (unburned),62.458250,-114.531595,2016,9,64.2917,probe,direct_eos,48,Canada,Canada,"Talucci, A., Loranty, M., Holloway, J., Rogers, B., Alexander, H., et al. (2024) FireALT dataset: estimated active layer thickness for paired burned unburned sites measured from 2001-2023. NSF Arctic Data Center. https://doi.org/10.18739/A2RN3092P. 자료 논문: Talucci, A. C., et al. (2025) Permafrost-wildfire interactions: active layer thickness estimates for paired burned and unburned sites in northern high latitudes. Earth System Science Data 17, 2887-2909, https://doi.org/10.5194/essd-17-2887-2025",CC BY 4.0,,2016-09-16,record_date,single_visit,,,9.1882,0.00001,0,,0,FireALT 기여 자료(lastNm 열): Holloway,,ok,기여자 Holloway; siteId ub3; plot 1개; 연중 방문 1회(8월 1일 이후 1회); msrType thaw; 식생 EN; 영구동토 분포 D; 생태지역 Northern Canadian Shield taiga; 원좌표 문자열 2개를 소수 4자리에서 묶음
firealt_talucci2025,firealt_talucci2025_0112,Holloway ub3 (unburned),62.458250,-114.531595,2017,9,67.9545,probe,direct_eos,44,Canada,Canada,"Talucci, A., Loranty, M., Holloway, J., Rogers, B., Alexander, H., et al. (2024) FireALT dataset: estimated active layer thickness for paired burned unburned sites measured from 2001-2023. NSF Arctic Data Center. https://doi.org/10.18739/A2RN3092P. 자료 논문: Talucci, A. C., et al. (2025) Permafrost-wildfire interactions: active layer thickness estimates for paired burned and unburned sites in northern high latitudes. Earth System Science Data 17, 2887-2909, https://doi.org/10.5194/essd-17-2887-2025",CC BY 4.0,,2017-09-17,record_date,single_visit,,,10.2978,0.00001,0,,0,FireALT 기여 자료(lastNm 열): Holloway,,ok,기여자 Holloway; siteId ub3; plot 1개; 연중 방문 1회(8월 1일 이후 1회); msrType thaw; 식생 EN; 영구동토 분포 D; 생태지역 Northern Canadian Shield taiga; 원좌표 문자열 2개를 소수 4자리에서 묶음
firealt_talucci2025,firealt_talucci2025_0112,Holloway ub3 (unburned),62.458250,-114.531595,2018,9,74.8261,probe,direct_eos,46,Canada,Canada,"Talucci, A., Loranty, M., Holloway, J., Rogers, B., Alexander, H., et al. (2024) FireALT dataset: estimated active layer thickness for paired burned unburned sites measured from 2001-2023. NSF Arctic Data Center. https://doi.org/10.18739/A2RN3092P. 자료 논문: Talucci, A. C., et al. (2025) Permafrost-wildfire interactions: active layer thickness estimates for paired burned and unburned sites in northern high latitudes. Earth System Science Data 17, 2887-2909, https://doi.org/10.5194/essd-17-2887-2025",CC BY 4.0,,2018-09-13,record_date,single_visit,,,13.3038,0.00001,0,,0,FireALT 기여 자료(lastNm 열): Holloway,,ok,기여자 Holloway; siteId ub3; plot 1개; 연중 방문 1회(8월 1일 이후 1회); msrType thaw; 식생 EN; 영구동토 분포 D; 생태지역 Northern Canadian Shield taiga; 원좌표 문자열 2개를 소수 4자리에서 묶음
firealt_talucci2025,firealt_talucci2025_0112,Holloway ub3 (unburned),62.458250,-114.531595,2019,9,66.625,probe,direct_eos,32,Canada,Canada,"Talucci, A., Loranty, M., Holloway, J., Rogers, B., Alexander, H., et al. (2024) FireALT dataset: estimated active layer thickness for paired burned unburned sites measured from 2001-2023. NSF Arctic Data Center. https://doi.org/10.18739/A2RN3092P. 자료 논문: Talucci, A. C., et al. (2025) Permafrost-wildfire interactions: active layer thickness estimates for paired burned and unburned sites in northern high latitudes. Earth System Science Data 17, 2887-2909, https://doi.org/10.5194/essd-17-2887-2025",CC BY 4.0,,2019-09-06,record_date,single_visit,,,12.8408,0.00001,0,,0,FireALT 기여 자료(lastNm 열): Holloway,,ok,기여자 Holloway; siteId ub3; plot 1개; 연중 방문 1회(8월 1일 이후 1회); msrType thaw; 식생 EN; 영구동토 분포 D; 생태지역 Northern Canadian Shield taiga; 원좌표 문자열 2개를 소수 4자리에서 묶음
firealt_talucci2025,firealt_talucci2025_0113,Dieleman ZF46-15 (burned),62.47921,-116.507,2015,8,101.7,probe,direct_eos,10,Canada,Canada,"Talucci, A., Loranty, M., Holloway, J., Rogers, B., Alexander, H., et al. (2024) FireALT dataset: estimated active layer thickness for paired burned unburned sites measured from 2001-2023. NSF Arctic Data Center. https://doi.org/10.18739/A2RN3092P. 자료 논문: Talucci, A. C., et al. (2025) Permafrost-wildfire interactions: active layer thickness estimates for paired burned and unburned sites in northern high latitudes. Earth System Science Data 17, 2887-2909, https://doi.org/10.5194/essd-17-2887-2025",CC BY 4.0,,2015-08-28,record_date,single_visit,,,9.3101,0.001,1,burned,0,FireALT 기여 자료(lastNm 열): Dieleman_Baltzer_Turetsky,,ok,"기여자 Dieleman; siteId ZF46-15; plot 1개; 연중 방문 1회(8월 1일 이후 1회); msrType thaw; 식생 EN; 영구동토 분포 D; 생태지역 Northwest Territories taiga; 화재 연도 2014, 화재 후 경과 연수 1"
firealt_talucci2025,firealt_talucci2025_0114,Dieleman ZF46-15 (burned),62.47939,-116.507,2019,9,143.4,probe,direct_eos,5,Canada,Canada,"Talucci, A., Loranty, M., Holloway, J., Rogers, B., Alexander, H., et al. (2024) FireALT dataset: estimated active layer thickness for paired burned unburned sites measured from 2001-2023. NSF Arctic Data Center. https://doi.org/10.18739/A2RN3092P. 자료 논문: Talucci, A. C., et al. (2025) Permafrost-wildfire interactions: active layer thickness estimates for paired burned and unburned sites in northern high latitudes. Earth System Science Data 17, 2887-2909, https://doi.org/10.5194/essd-17-2887-2025",CC BY 4.0,,2019-09-28,record_date,single_visit,,,9.2087,0.001,1,burned,0,FireALT 기여 자료(lastNm 열): Dieleman_Baltzer_Turetsky,,ok,"기여자 Dieleman; siteId ZF46-15; plot 1개; 연중 방문 1회(8월 1일 이후 1회); msrType active; 식생 EN; 영구동토 분포 D; 생태지역 Northwest Territories taiga; 화재 연도 2014, 화재 후 경과 연수 5"
firealt_talucci2025,firealt_talucci2025_0115,Dieleman ZF46-1 (burned),62.47995,-116.52,2015,8,117,probe,direct_eos,10,Canada,Canada,"Talucci, A., Loranty, M., Holloway, J., Rogers, B., Alexander, H., et al. (2024) FireALT dataset: estimated active layer thickness for paired burned unburned sites measured from 2001-2023. NSF Arctic Data Center. https://doi.org/10.18739/A2RN3092P. 자료 논문: Talucci, A. C., et al. (2025) Permafrost-wildfire interactions: active layer thickness estimates for paired burned and unburned sites in northern high latitudes. Earth System Science Data 17, 2887-2909, https://doi.org/10.5194/essd-17-2887-2025",CC BY 4.0,,2015-08-26,record_date,single_visit,,,13.7598,0.01,1,burned,0,FireALT 기여 자료(lastNm 열): Dieleman_Baltzer_Turetsky,,ok,"기여자 Dieleman; siteId ZF46-1; plot 1개; 연중 방문 1회(8월 1일 이후 1회); msrType thaw; 식생 EN; 영구동토 분포 D; 생태지역 Northwest Territories taiga; 화재 연도 2014, 화재 후 경과 연수 1"
firealt_talucci2025,firealt_talucci2025_0115,Dieleman ZF46-1 (burned),62.47995,-116.52,2016,8,137.5,probe,direct_eos,10,Canada,Canada,"Talucci, A., Loranty, M., Holloway, J., Rogers, B., Alexander, H., et al. (2024) FireALT dataset: estimated active layer thickness for paired burned unburned sites measured from 2001-2023. NSF Arctic Data Center. https://doi.org/10.18739/A2RN3092P. 자료 논문: Talucci, A. C., et al. (2025) Permafrost-wildfire interactions: active layer thickness estimates for paired burned and unburned sites in northern high latitudes. Earth System Science Data 17, 2887-2909, https://doi.org/10.5194/essd-17-2887-2025",CC BY 4.0,,2016-08-26,record_date,single_visit,,,17.0375,0.01,1,burned,0,FireALT 기여 자료(lastNm 열): Dieleman_Baltzer_Turetsky,,ok,"기여자 Dieleman; siteId ZF46-1; plot 1개; 연중 방문 1회(8월 1일 이후 1회); msrType thaw; 식생 EN; 영구동토 분포 D; 생태지역 Northwest Territories taiga; 화재 연도 2014, 화재 후 경과 연수 2"
firealt_talucci2025,firealt_talucci2025_0115,Dieleman ZF46-1 (burned),62.47995,-116.52,2017,10,169.9717,probe,direct_dated,6,Canada,Canada,"Talucci, A., Loranty, M., Holloway, J., Rogers, B., Alexander, H., et al. (2024) FireALT dataset: estimated active layer thickness for paired burned unburned sites measured from 2001-2023. NSF Arctic Data Center. https://doi.org/10.18739/A2RN3092P. 자료 논문: Talucci, A. C., et al. (2025) Permafrost-wildfire interactions: active layer thickness estimates for paired burned and unburned sites in northern high latitudes. Earth System Science Data 17, 2887-2909, https://doi.org/10.5194/essd-17-2887-2025",CC BY 4.0,,2017-10-26,none,single_visit,,,51.5792,0.01,1,burned,0,FireALT 기여 자료(lastNm 열): Dieleman_Baltzer_Turetsky,,ok,"기여자 Dieleman; siteId ZF46-1; plot 1개; 연중 방문 1회(8월 1일 이후 1회); msrType active; 식생 EN; 영구동토 분포 D; 생태지역 Northwest Territories taiga; 화재 연도 2014, 화재 후 경과 연수 3"
firealt_talucci2025,firealt_talucci2025_0115,Dieleman ZF46-1 (burned),62.47995,-116.52,2018,10,200,probe,direct_dated,5,Canada,Canada,"Talucci, A., Loranty, M., Holloway, J., Rogers, B., Alexander, H., et al. (2024) FireALT dataset: estimated active layer thickness for paired burned unburned sites measured from 2001-2023. NSF Arctic Data Center. https://doi.org/10.18739/A2RN3092P. 자료 논문: Talucci, A. C., et al. (2025) Permafrost-wildfire interactions: active layer thickness estimates for paired burned and unburned sites in northern high latitudes. Earth System Science Data 17, 2887-2909, https://doi.org/10.5194/essd-17-2887-2025",CC BY 4.0,,2018-10-26,none,single_visit,,,0,0.01,1,burned,0,FireALT 기여 자료(lastNm 열): Dieleman_Baltzer_Turetsky,,ok,"기여자 Dieleman; siteId ZF46-1; plot 1개; 연중 방문 1회(8월 1일 이후 1회); msrType active; 식생 EN; 영구동토 분포 D; 생태지역 Northwest Territories taiga; 화재 연도 2014, 화재 후 경과 연수 4"
firealt_talucci2025,firealt_talucci2025_0116,Holloway b12 (burned),62.480880,-116.520305,2015,8,61.0556,probe,direct_eos,18,Canada,Canada,"Talucci, A., Loranty, M., Holloway, J., Rogers, B., Alexander, H., et al. (2024) FireALT dataset: estimated active layer thickness for paired burned unburned sites measured from 2001-2023. NSF Arctic Data Center. https://doi.org/10.18739/A2RN3092P. 자료 논문: Talucci, A. C., et al. (2025) Permafrost-wildfire interactions: active layer thickness estimates for paired burned and unburned sites in northern high latitudes. Earth System Science Data 17, 2887-2909, https://doi.org/10.5194/essd-17-2887-2025",CC BY 4.0,,2015-08-18,record_date,single_visit,,,13.6143,0.00001,1,burned,0,FireALT 기여 자료(lastNm 열): Holloway,,ok,"기여자 Holloway; siteId b12; plot 1개; 연중 방문 1회(8월 1일 이후 1회); msrType thaw; 식생 EN; 영구동토 분포 D; 생태지역 Northwest Territories taiga; 화재 연도 2014, 화재 후 경과 연수 1; 원좌표 문자열 2개를 소수 4자리에서 묶음"
firealt_talucci2025,firealt_talucci2025_0116,Holloway b12 (burned),62.480880,-116.520305,2016,9,63,probe,direct_eos,11,Canada,Canada,"Talucci, A., Loranty, M., Holloway, J., Rogers, B., Alexander, H., et al. (2024) FireALT dataset: estimated active layer thickness for paired burned unburned sites measured from 2001-2023. NSF Arctic Data Center. https://doi.org/10.18739/A2RN3092P. 자료 논문: Talucci, A. C., et al. (2025) Permafrost-wildfire interactions: active layer thickness estimates for paired burned and unburned sites in northern high latitudes. Earth System Science Data 17, 2887-2909, https://doi.org/10.5194/essd-17-2887-2025",CC BY 4.0,,2016-09-15,record_date,single_visit,,,14.3178,0.00001,1,burned,0,FireALT 기여 자료(lastNm 열): Holloway,,ok,"기여자 Holloway; siteId b12; plot 1개; 연중 방문 1회(8월 1일 이후 1회); msrType thaw; 식생 EN; 영구동토 분포 D; 생태지역 Northwest Territories taiga; 화재 연도 2014, 화재 후 경과 연수 2; 원좌표 문자열 2개를 소수 4자리에서 묶음"
firealt_talucci2025,firealt_talucci2025_0116,Holloway b12 (burned),62.480880,-116.520305,2017,9,70.5,probe,direct_eos,6,Canada,Canada,"Talucci, A., Loranty, M., Holloway, J., Rogers, B., Alexander, H., et al. (2024) FireALT dataset: estimated active layer thickness for paired burned unburned sites measured from 2001-2023. NSF Arctic Data Center. https://doi.org/10.18739/A2RN3092P. 자료 논문: Talucci, A. C., et al. (2025) Permafrost-wildfire interactions: active layer thickness estimates for paired burned and unburned sites in northern high latitudes. Earth System Science Data 17, 2887-2909, https://doi.org/10.5194/essd-17-2887-2025",CC BY 4.0,,2017-09-05,record_date,single_visit,,,8.167,0.00001,1,burned,0,FireALT 기여 자료(lastNm 열): Holloway,,ok,"기여자 Holloway; siteId b12; plot 1개; 연중 방문 1회(8월 1일 이후 1회); msrType thaw; 식생 EN; 영구동토 분포 D; 생태지역 Northwest Territories taiga; 화재 연도 2014, 화재 후 경과 연수 3; 원좌표 문자열 2개를 소수 4자리에서 묶음"
firealt_talucci2025,firealt_talucci2025_0117,Dieleman ZF46-15 (burned),62.48114,-116.508,2015,8,96.5,probe,direct_eos,10,Canada,Canada,"Talucci, A., Loranty, M., Holloway, J., Rogers, B., Alexander, H., et al. (2024) FireALT dataset: estimated active layer thickness for paired burned unburned sites measured from 2001-2023. NSF Arctic Data Center. https://doi.org/10.18739/A2RN3092P. 자료 논문: Talucci, A. C., et al. (2025) Permafrost-wildfire interactions: active layer thickness estimates for paired burned and unburned sites in northern high latitudes. Earth System Science Data 17, 2887-2909, https://doi.org/10.5194/essd-17-2887-2025",CC BY 4.0,,2015-08-28,record_date,single_visit,,,6.2937,0.001,1,burned,0,FireALT 기여 자료(lastNm 열): Dieleman_Baltzer_Turetsky,,ok,"기여자 Dieleman; siteId ZF46-15; plot 1개; 연중 방문 1회(8월 1일 이후 1회); msrType thaw; 식생 EN; 영구동토 분포 D; 생태지역 Northwest Territories taiga; 화재 연도 2014, 화재 후 경과 연수 1"
firealt_talucci2025,firealt_talucci2025_0118,Dieleman ZF46-15 (burned),62.48133,-116.508,2019,9,176.4,probe,direct_eos,5,Canada,Canada,"Talucci, A., Loranty, M., Holloway, J., Rogers, B., Alexander, H., et al. (2024) FireALT dataset: estimated active layer thickness for paired burned unburned sites measured from 2001-2023. NSF Arctic Data Center. https://doi.org/10.18739/A2RN3092P. 자료 논문: Talucci, A. C., et al. (2025) Permafrost-wildfire interactions: active layer thickness estimates for paired burned and unburned sites in northern high latitudes. Earth System Science Data 17, 2887-2909, https://doi.org/10.5194/essd-17-2887-2025",CC BY 4.0,,2019-09-28,record_date,single_visit,,,22.7882,0.001,1,burned,0,FireALT 기여 자료(lastNm 열): Dieleman_Baltzer_Turetsky,,ok,"기여자 Dieleman; siteId ZF46-15; plot 1개; 연중 방문 1회(8월 1일 이후 1회); msrType active; 식생 EN; 영구동토 분포 D; 생태지역 Northwest Territories taiga; 화재 연도 2014, 화재 후 경과 연수 5"
firealt_talucci2025,firealt_talucci2025_0119,Holloway b13 (burned),62.484940,-116.517785,2015,8,77.6111,probe,direct_eos,18,Canada,Canada,"Talucci, A., Loranty, M., Holloway, J., Rogers, B., Alexander, H., et al. (2024) FireALT dataset: estimated active layer thickness for paired burned unburned sites measured from 2001-2023. NSF Arctic Data Center. https://doi.org/10.18739/A2RN3092P. 자료 논문: Talucci, A. C., et al. (2025) Permafrost-wildfire interactions: active layer thickness estimates for paired burned and unburned sites in northern high latitudes. Earth System Science Data 17, 2887-2909, https://doi.org/10.5194/essd-17-2887-2025",CC BY 4.0,,2015-08-19,record_date,single_visit,,,16.557,0.00001,1,burned,0,FireALT 기여 자료(lastNm 열): Holloway,,ok,"기여자 Holloway; siteId b13; plot 1개; 연중 방문 1회(8월 1일 이후 1회); msrType thaw; 식생 EN; 영구동토 분포 D; 생태지역 Northwest Territories taiga; 화재 연도 2014, 화재 후 경과 연수 1; 원좌표 문자열 2개를 소수 4자리에서 묶음"
firealt_talucci2025,firealt_talucci2025_0119,Holloway b13 (burned),62.484940,-116.517785,2016,9,103.5714,probe,direct_eos,7,Canada,Canada,"Talucci, A., Loranty, M., Holloway, J., Rogers, B., Alexander, H., et al. (2024) FireALT dataset: estimated active layer thickness for paired burned unburned sites measured from 2001-2023. NSF Arctic Data Center. https://doi.org/10.18739/A2RN3092P. 자료 논문: Talucci, A. C., et al. (2025) Permafrost-wildfire interactions: active layer thickness estimates for paired burned and unburned sites in northern high latitudes. Earth System Science Data 17, 2887-2909, https://doi.org/10.5194/essd-17-2887-2025",CC BY 4.0,,2016-09-15,record_date,single_visit,,,7.9132,0.00001,1,burned,0,FireALT 기여 자료(lastNm 열): Holloway,,ok,"기여자 Holloway; siteId b13; plot 1개; 연중 방문 1회(8월 1일 이후 1회); msrType thaw; 식생 EN; 영구동토 분포 D; 생태지역 Northwest Territories taiga; 화재 연도 2014, 화재 후 경과 연수 2; 원좌표 문자열 2개를 소수 4자리에서 묶음"
firealt_talucci2025,firealt_talucci2025_0120,Holloway b14 (burned),62.5222,-113.382,2016,9,57.8689,probe,direct_eos,61,Canada,Canada,"Talucci, A., Loranty, M., Holloway, J., Rogers, B., Alexander, H., et al. (2024) FireALT dataset: estimated active layer thickness for paired burned unburned sites measured from 2001-2023. NSF Arctic Data Center. https://doi.org/10.18739/A2RN3092P. 자료 논문: Talucci, A. C., et al. (2025) Permafrost-wildfire interactions: active layer thickness estimates for paired burned and unburned sites in northern high latitudes. Earth System Science Data 17, 2887-2909, https://doi.org/10.5194/essd-17-2887-2025",CC BY 4.0,,2016-09-12,record_date,single_visit,,,8.7854,0.001,1,burned,0,FireALT 기여 자료(lastNm 열): Holloway,,ok,"기여자 Holloway; siteId b14; plot 1개; 연중 방문 1회(8월 1일 이후 1회); msrType thaw; 식생 EN; 영구동토 분포 D; 생태지역 Northern Canadian Shield taiga; 화재 연도 2015, 화재 후 경과 연수 1; v3 F4_direct 셀 40(ABoVE_CA)과 체비쇼프 0.0086° 로 0.01° 이내"
firealt_talucci2025,firealt_talucci2025_0120,Holloway b14 (burned),62.5222,-113.382,2017,9,63.9672,probe,direct_eos,61,Canada,Canada,"Talucci, A., Loranty, M., Holloway, J., Rogers, B., Alexander, H., et al. (2024) FireALT dataset: estimated active layer thickness for paired burned unburned sites measured from 2001-2023. NSF Arctic Data Center. https://doi.org/10.18739/A2RN3092P. 자료 논문: Talucci, A. C., et al. (2025) Permafrost-wildfire interactions: active layer thickness estimates for paired burned and unburned sites in northern high latitudes. Earth System Science Data 17, 2887-2909, https://doi.org/10.5194/essd-17-2887-2025",CC BY 4.0,,2017-09-07,record_date,single_visit,,,7.9288,0.001,1,burned,0,FireALT 기여 자료(lastNm 열): Holloway,,ok,"기여자 Holloway; siteId b14; plot 1개; 연중 방문 1회(8월 1일 이후 1회); msrType thaw; 식생 EN; 영구동토 분포 D; 생태지역 Northern Canadian Shield taiga; 화재 연도 2015, 화재 후 경과 연수 2; v3 F4_direct 셀 40(ABoVE_CA)과 체비쇼프 0.0086° 로 0.01° 이내"
firealt_talucci2025,firealt_talucci2025_0120,Holloway b14 (burned),62.5222,-113.382,2018,9,80.2459,probe,direct_eos,61,Canada,Canada,"Talucci, A., Loranty, M., Holloway, J., Rogers, B., Alexander, H., et al. (2024) FireALT dataset: estimated active layer thickness for paired burned unburned sites measured from 2001-2023. NSF Arctic Data Center. https://doi.org/10.18739/A2RN3092P. 자료 논문: Talucci, A. C., et al. (2025) Permafrost-wildfire interactions: active layer thickness estimates for paired burned and unburned sites in northern high latitudes. Earth System Science Data 17, 2887-2909, https://doi.org/10.5194/essd-17-2887-2025",CC BY 4.0,,2018-09-14,record_date,single_visit,,,10.5018,0.001,1,burned,0,FireALT 기여 자료(lastNm 열): Holloway,,ok,"기여자 Holloway; siteId b14; plot 1개; 연중 방문 1회(8월 1일 이후 1회); msrType thaw; 식생 EN; 영구동토 분포 D; 생태지역 Northern Canadian Shield taiga; 화재 연도 2015, 화재 후 경과 연수 3; v3 F4_direct 셀 40(ABoVE_CA)과 체비쇼프 0.0086° 로 0.01° 이내"
firealt_talucci2025,firealt_talucci2025_0120,Holloway b14 (burned),62.5222,-113.382,2019,9,68.5714,probe,direct_eos,56,Canada,Canada,"Talucci, A., Loranty, M., Holloway, J., Rogers, B., Alexander, H., et al. (2024) FireALT dataset: estimated active layer thickness for paired burned unburned sites measured from 2001-2023. NSF Arctic Data Center. https://doi.org/10.18739/A2RN3092P. 자료 논문: Talucci, A. C., et al. (2025) Permafrost-wildfire interactions: active layer thickness estimates for paired burned and unburned sites in northern high latitudes. Earth System Science Data 17, 2887-2909, https://doi.org/10.5194/essd-17-2887-2025",CC BY 4.0,,2019-09-06,record_date,single_visit,,,9.039,0.001,1,burned,0,FireALT 기여 자료(lastNm 열): Holloway,,ok,"기여자 Holloway; siteId b14; plot 1개; 연중 방문 1회(8월 1일 이후 1회); msrType thaw; 식생 EN; 영구동토 분포 D; 생태지역 Northern Canadian Shield taiga; 화재 연도 2015, 화재 후 경과 연수 4; v3 F4_direct 셀 40(ABoVE_CA)과 체비쇼프 0.0086° 로 0.01° 이내"
firealt_talucci2025,firealt_talucci2025_0121,Dieleman CG2-20 (unburned),62.60675,-116.326,2019,9,128.2,probe,direct_eos,5,Canada,Canada,"Talucci, A., Loranty, M., Holloway, J., Rogers, B., Alexander, H., et al. (2024) FireALT dataset: estimated active layer thickness for paired burned unburned sites measured from 2001-2023. NSF Arctic Data Center. https://doi.org/10.18739/A2RN3092P. 자료 논문: Talucci, A. C., et al. (2025) Permafrost-wildfire interactions: active layer thickness estimates for paired burned and unburned sites in northern high latitudes. Earth System Science Data 17, 2887-2909, https://doi.org/10.5194/essd-17-2887-2025",CC BY 4.0,,2019-09-28,record_date,single_visit,,,45.5873,0.001,0,,0,FireALT 기여 자료(lastNm 열): Dieleman_Baltzer_Turetsky,,ok,기여자 Dieleman; siteId CG2-20; plot 1개; 연중 방문 1회(8월 1일 이후 1회); msrType active; 식생 EN; 영구동토 분포 D; 생태지역 Northwest Territories taiga
firealt_talucci2025,firealt_talucci2025_0122,Dieleman CG2-20 (unburned),62.6069,-116.325,2019,10,150,probe,direct_eos,5,Canada,Canada,"Talucci, A., Loranty, M., Holloway, J., Rogers, B., Alexander, H., et al. (2024) FireALT dataset: estimated active layer thickness for paired burned unburned sites measured from 2001-2023. NSF Arctic Data Center. https://doi.org/10.18739/A2RN3092P. 자료 논문: Talucci, A. C., et al. (2025) Permafrost-wildfire interactions: active layer thickness estimates for paired burned and unburned sites in northern high latitudes. Earth System Science Data 17, 2887-2909, https://doi.org/10.5194/essd-17-2887-2025",CC BY 4.0,,2019-10-04,series_max,annual_value,,,0,0.001,0,,0,FireALT 기여 자료(lastNm 열): Dieleman_Baltzer_Turetsky,,ok,"기여자 Dieleman; siteId CG2-20; plot 1개; 연중 방문 2회(8월 1일 이후 2회); msrType active; 식생 EN; 영구동토 분포 D; 생태지역 Northwest Territories taiga; 최댓값을 준 방문이 10월이다; 10월 최댓값 방문 유지(기록 수 5 = 8-9월 최대 5, msrType active)"
firealt_talucci2025,firealt_talucci2025_0123,Dieleman F2-137 (burned),62.64542,-116.231,2019,9,195.6,probe,direct_eos,5,Canada,Canada,"Talucci, A., Loranty, M., Holloway, J., Rogers, B., Alexander, H., et al. (2024) FireALT dataset: estimated active layer thickness for paired burned unburned sites measured from 2001-2023. NSF Arctic Data Center. https://doi.org/10.18739/A2RN3092P. 자료 논문: Talucci, A. C., et al. (2025) Permafrost-wildfire interactions: active layer thickness estimates for paired burned and unburned sites in northern high latitudes. Earth System Science Data 17, 2887-2909, https://doi.org/10.5194/essd-17-2887-2025",CC BY 4.0,,2019-09-28,record_date,single_visit,,,9.8387,0.001,1,burned,0,FireALT 기여 자료(lastNm 열): Dieleman_Baltzer_Turetsky,,ok,"기여자 Dieleman; siteId F2-137; plot 1개; 연중 방문 1회(8월 1일 이후 1회); msrType active; 식생 EN; 영구동토 분포 D; 생태지역 Northwest Territories taiga; 화재 연도 1972, 화재 후 경과 연수 47"
firealt_talucci2025,firealt_talucci2025_0124,Dieleman F2-4 (burned),62.65087,-116.261,2019,9,138.2,probe,direct_eos,5,Canada,Canada,"Talucci, A., Loranty, M., Holloway, J., Rogers, B., Alexander, H., et al. (2024) FireALT dataset: estimated active layer thickness for paired burned unburned sites measured from 2001-2023. NSF Arctic Data Center. https://doi.org/10.18739/A2RN3092P. 자료 논문: Talucci, A. C., et al. (2025) Permafrost-wildfire interactions: active layer thickness estimates for paired burned and unburned sites in northern high latitudes. Earth System Science Data 17, 2887-2909, https://doi.org/10.5194/essd-17-2887-2025",CC BY 4.0,,2019-09-28,record_date,single_visit,,,11.5195,0.001,1,burned,0,FireALT 기여 자료(lastNm 열): Dieleman_Baltzer_Turetsky,,ok,"기여자 Dieleman; siteId F2-4; plot 1개; 연중 방문 1회(8월 1일 이후 1회); msrType active; 식생 EN; 영구동토 분포 D; 생태지역 Northwest Territories taiga; 화재 연도 1972, 화재 후 경과 연수 47"
firealt_talucci2025,firealt_talucci2025_0125,Dieleman F2-18 (burned),62.65736,-116.211,2019,9,151,probe,direct_eos,5,Canada,Canada,"Talucci, A., Loranty, M., Holloway, J., Rogers, B., Alexander, H., et al. (2024) FireALT dataset: estimated active layer thickness for paired burned unburned sites measured from 2001-2023. NSF Arctic Data Center. https://doi.org/10.18739/A2RN3092P. 자료 논문: Talucci, A. C., et al. (2025) Permafrost-wildfire interactions: active layer thickness estimates for paired burned and unburned sites in northern high latitudes. Earth System Science Data 17, 2887-2909, https://doi.org/10.5194/essd-17-2887-2025",CC BY 4.0,,2019-09-27,record_date,single_visit,,,7.3824,0.001,1,burned,0,FireALT 기여 자료(lastNm 열): Dieleman_Baltzer_Turetsky,,ok,"기여자 Dieleman; siteId F2-18; plot 1개; 연중 방문 1회(8월 1일 이후 1회); msrType active; 식생 EN; 영구동토 분포 D; 생태지역 Northwest Territories taiga; 화재 연도 1972, 화재 후 경과 연수 47"
firealt_talucci2025,firealt_talucci2025_0126,Dieleman F2-18 (burned),62.65991,-116.214,2019,9,164.2,probe,direct_eos,5,Canada,Canada,"Talucci, A., Loranty, M., Holloway, J., Rogers, B., Alexander, H., et al. (2024) FireALT dataset: estimated active layer thickness for paired burned unburned sites measured from 2001-2023. NSF Arctic Data Center. https://doi.org/10.18739/A2RN3092P. 자료 논문: Talucci, A. C., et al. (2025) Permafrost-wildfire interactions: active layer thickness estimates for paired burned and unburned sites in northern high latitudes. Earth System Science Data 17, 2887-2909, https://doi.org/10.5194/essd-17-2887-2025",CC BY 4.0,,2019-09-27,record_date,single_visit,,,23.5733,0.001,1,burned,0,FireALT 기여 자료(lastNm 열): Dieleman_Baltzer_Turetsky,,ok,"기여자 Dieleman; siteId F2-18; plot 1개; 연중 방문 1회(8월 1일 이후 1회); msrType active; 식생 EN; 영구동토 분포 D; 생태지역 Northwest Territories taiga; 화재 연도 1972, 화재 후 경과 연수 47"
firealt_talucci2025,firealt_talucci2025_0127,Dieleman C1-32 (unburned),62.66273,-115.348,2019,9,108.6,probe,direct_eos,5,Canada,Canada,"Talucci, A., Loranty, M., Holloway, J., Rogers, B., Alexander, H., et al. (2024) FireALT dataset: estimated active layer thickness for paired burned unburned sites measured from 2001-2023. NSF Arctic Data Center. https://doi.org/10.18739/A2RN3092P. 자료 논문: Talucci, A. C., et al. (2025) Permafrost-wildfire interactions: active layer thickness estimates for paired burned and unburned sites in northern high latitudes. Earth System Science Data 17, 2887-2909, https://doi.org/10.5194/essd-17-2887-2025",CC BY 4.0,,2019-09-27,record_date,single_visit,,,5.8138,0.001,0,,0,FireALT 기여 자료(lastNm 열): Dieleman_Baltzer_Turetsky,,ok,기여자 Dieleman; siteId C1-32; plot 1개; 연중 방문 1회(8월 1일 이후 1회); msrType active; 식생 EN; 영구동토 분포 D; 생태지역 Northern Canadian Shield taiga
firealt_talucci2025,firealt_talucci2025_0128,Dieleman C1-19 (unburned),62.69086,-115.47,2019,9,107,probe,direct_eos,4,Canada,Canada,"Talucci, A., Loranty, M., Holloway, J., Rogers, B., Alexander, H., et al. (2024) FireALT dataset: estimated active layer thickness for paired burned unburned sites measured from 2001-2023. NSF Arctic Data Center. https://doi.org/10.18739/A2RN3092P. 자료 논문: Talucci, A. C., et al. (2025) Permafrost-wildfire interactions: active layer thickness estimates for paired burned and unburned sites in northern high latitudes. Earth System Science Data 17, 2887-2909, https://doi.org/10.5194/essd-17-2887-2025",CC BY 4.0,,2019-09-27,record_date,single_visit,,,57.0789,0.01,0,,0,FireALT 기여 자료(lastNm 열): Dieleman_Baltzer_Turetsky,,ok,기여자 Dieleman; siteId C1-19; plot 1개; 연중 방문 1회(8월 1일 이후 1회); msrType active; 식생 EN; 영구동토 분포 D; 생태지역 Northern Canadian Shield taiga
firealt_talucci2025,firealt_talucci2025_0129,Dieleman C1-8 (unburned),62.70866,-115.601,2019,9,95.6,probe,direct_eos,5,Canada,Canada,"Talucci, A., Loranty, M., Holloway, J., Rogers, B., Alexander, H., et al. (2024) FireALT dataset: estimated active layer thickness for paired burned unburned sites measured from 2001-2023. NSF Arctic Data Center. https://doi.org/10.18739/A2RN3092P. 자료 논문: Talucci, A. C., et al. (2025) Permafrost-wildfire interactions: active layer thickness estimates for paired burned and unburned sites in northern high latitudes. Earth System Science Data 17, 2887-2909, https://doi.org/10.5194/essd-17-2887-2025",CC BY 4.0,,2019-09-27,record_date,single_visit,,,22.289,0.001,0,,0,FireALT 기여 자료(lastNm 열): Dieleman_Baltzer_Turetsky,,ok,기여자 Dieleman; siteId C1-8; plot 1개; 연중 방문 1회(8월 1일 이후 1회); msrType active; 식생 EN; 영구동토 분포 D; 생태지역 Northern Canadian Shield taiga
firealt_talucci2025,firealt_talucci2025_0130,Dieleman C1-21 (unburned),62.72734,-115.629,2019,9,143.5,probe,direct_eos,2,Canada,Canada,"Talucci, A., Loranty, M., Holloway, J., Rogers, B., Alexander, H., et al. (2024) FireALT dataset: estimated active layer thickness for paired burned unburned sites measured from 2001-2023. NSF Arctic Data Center. https://doi.org/10.18739/A2RN3092P. 자료 논문: Talucci, A. C., et al. (2025) Permafrost-wildfire interactions: active layer thickness estimates for paired burned and unburned sites in northern high latitudes. Earth System Science Data 17, 2887-2909, https://doi.org/10.5194/essd-17-2887-2025",CC BY 4.0,,2019-09-27,record_date,single_visit,,,37.4767,0.001,0,,0,FireALT 기여 자료(lastNm 열): Dieleman_Baltzer_Turetsky,,ok,기여자 Dieleman; siteId C1-21; plot 1개; 연중 방문 1회(8월 1일 이후 1회); msrType active; 식생 EN; 영구동토 분포 D; 생태지역 Northern Canadian Shield taiga
firealt_talucci2025,firealt_talucci2025_0131,Dieleman C1-17 (unburned),62.7295,-115.698,2019,9,76.8,probe,direct_eos,5,Canada,Canada,"Talucci, A., Loranty, M., Holloway, J., Rogers, B., Alexander, H., et al. (2024) FireALT dataset: estimated active layer thickness for paired burned unburned sites measured from 2001-2023. NSF Arctic Data Center. https://doi.org/10.18739/A2RN3092P. 자료 논문: Talucci, A. C., et al. (2025) Permafrost-wildfire interactions: active layer thickness estimates for paired burned and unburned sites in northern high latitudes. Earth System Science Data 17, 2887-2909, https://doi.org/10.5194/essd-17-2887-2025",CC BY 4.0,,2019-09-27,record_date,single_visit,,,8.0747,0.001,0,,0,FireALT 기여 자료(lastNm 열): Dieleman_Baltzer_Turetsky,,ok,기여자 Dieleman; siteId C1-17; plot 1개; 연중 방문 1회(8월 1일 이후 1회); msrType active; 식생 EN; 영구동토 분포 D; 생태지역 Northern Canadian Shield taiga
firealt_talucci2025,firealt_talucci2025_0132,Dieleman C1-14 (unburned),62.732,-115.651,2019,9,54.8,probe,direct_eos,5,Canada,Canada,"Talucci, A., Loranty, M., Holloway, J., Rogers, B., Alexander, H., et al. (2024) FireALT dataset: estimated active layer thickness for paired burned unburned sites measured from 2001-2023. NSF Arctic Data Center. https://doi.org/10.18739/A2RN3092P. 자료 논문: Talucci, A. C., et al. (2025) Permafrost-wildfire interactions: active layer thickness estimates for paired burned and unburned sites in northern high latitudes. Earth System Science Data 17, 2887-2909, https://doi.org/10.5194/essd-17-2887-2025",CC BY 4.0,,2019-09-27,record_date,single_visit,,,4.3818,0.001,0,,0,FireALT 기여 자료(lastNm 열): Dieleman_Baltzer_Turetsky,,ok,기여자 Dieleman; siteId C1-14; plot 1개; 연중 방문 1회(8월 1일 이후 1회); msrType active; 식생 EN; 영구동토 분포 D; 생태지역 Northern Canadian Shield taiga
firealt_talucci2025,firealt_talucci2025_0133,Dieleman F11-19 (burned),62.75426,-115.771,2019,9,74.5,probe,direct_eos,4,Canada,Canada,"Talucci, A., Loranty, M., Holloway, J., Rogers, B., Alexander, H., et al. (2024) FireALT dataset: estimated active layer thickness for paired burned unburned sites measured from 2001-2023. NSF Arctic Data Center. https://doi.org/10.18739/A2RN3092P. 자료 논문: Talucci, A. C., et al. (2025) Permafrost-wildfire interactions: active layer thickness estimates for paired burned and unburned sites in northern high latitudes. Earth System Science Data 17, 2887-2909, https://doi.org/10.5194/essd-17-2887-2025",CC BY 4.0,,2019-09-27,record_date,single_visit,,,16.4621,0.001,1,burned,0,FireALT 기여 자료(lastNm 열): Dieleman_Baltzer_Turetsky,,ok,"기여자 Dieleman; siteId F11-19; plot 1개; 연중 방문 1회(8월 1일 이후 1회); msrType active; 식생 BD; 영구동토 분포 D; 생태지역 Northern Canadian Shield taiga; 화재 연도 1971, 화재 후 경과 연수 48"
firealt_talucci2025,firealt_talucci2025_0134,Dieleman F11-1 (burned),62.75854,-115.775,2019,10,170.4,probe,direct_dated,5,Canada,Canada,"Talucci, A., Loranty, M., Holloway, J., Rogers, B., Alexander, H., et al. (2024) FireALT dataset: estimated active layer thickness for paired burned unburned sites measured from 2001-2023. NSF Arctic Data Center. https://doi.org/10.18739/A2RN3092P. 자료 논문: Talucci, A. C., et al. (2025) Permafrost-wildfire interactions: active layer thickness estimates for paired burned and unburned sites in northern high latitudes. Earth System Science Data 17, 2887-2909, https://doi.org/10.5194/essd-17-2887-2025",CC BY 4.0,,2019-10-01,none,single_visit,,,66.1876,0.001,1,burned,0,FireALT 기여 자료(lastNm 열): Dieleman_Baltzer_Turetsky,,ok,"기여자 Dieleman; siteId F11-1; plot 1개; 연중 방문 1회(8월 1일 이후 1회); msrType active; 식생 EN; 영구동토 분포 D; 생태지역 Northern Canadian Shield taiga; 화재 연도 1971, 화재 후 경과 연수 48"
firealt_talucci2025,firealt_talucci2025_0135,Dieleman F11-15 (burned),62.7592,-115.786,2019,9,68.2,probe,direct_eos,5,Canada,Canada,"Talucci, A., Loranty, M., Holloway, J., Rogers, B., Alexander, H., et al. (2024) FireALT dataset: estimated active layer thickness for paired burned unburned sites measured from 2001-2023. NSF Arctic Data Center. https://doi.org/10.18739/A2RN3092P. 자료 논문: Talucci, A. C., et al. (2025) Permafrost-wildfire interactions: active layer thickness estimates for paired burned and unburned sites in northern high latitudes. Earth System Science Data 17, 2887-2909, https://doi.org/10.5194/essd-17-2887-2025",CC BY 4.0,,2019-09-27,record_date,single_visit,,,6.5345,0.001,1,burned,0,FireALT 기여 자료(lastNm 열): Dieleman_Baltzer_Turetsky,,ok,"기여자 Dieleman; siteId F11-15; plot 1개; 연중 방문 1회(8월 1일 이후 1회); msrType active; 식생 EN; 영구동토 분포 D; 생태지역 Northern Canadian Shield taiga; 화재 연도 1971, 화재 후 경과 연수 48"
firealt_talucci2025,firealt_talucci2025_0136,Dieleman F11-10 (burned),62.76122,-115.813,2019,9,55.25,probe,direct_eos,4,Canada,Canada,"Talucci, A., Loranty, M., Holloway, J., Rogers, B., Alexander, H., et al. (2024) FireALT dataset: estimated active layer thickness for paired burned unburned sites measured from 2001-2023. NSF Arctic Data Center. https://doi.org/10.18739/A2RN3092P. 자료 논문: Talucci, A. C., et al. (2025) Permafrost-wildfire interactions: active layer thickness estimates for paired burned and unburned sites in northern high latitudes. Earth System Science Data 17, 2887-2909, https://doi.org/10.5194/essd-17-2887-2025",CC BY 4.0,,2019-09-27,record_date,single_visit,,,5.8523,0.001,1,burned,0,FireALT 기여 자료(lastNm 열): Dieleman_Baltzer_Turetsky,,ok,"기여자 Dieleman; siteId F11-10; plot 1개; 연중 방문 1회(8월 1일 이후 1회); msrType active; 식생 EN; 영구동토 분포 D; 생태지역 Northern Canadian Shield taiga; 화재 연도 1971, 화재 후 경과 연수 48"
firealt_talucci2025,firealt_talucci2025_0137,Dieleman C5-11 (unburned),62.98644,-114.054,2018,8,68.2,probe,direct_eos,5,Canada,Canada,"Talucci, A., Loranty, M., Holloway, J., Rogers, B., Alexander, H., et al. (2024) FireALT dataset: estimated active layer thickness for paired burned unburned sites measured from 2001-2023. NSF Arctic Data Center. https://doi.org/10.18739/A2RN3092P. 자료 논문: Talucci, A. C., et al. (2025) Permafrost-wildfire interactions: active layer thickness estimates for paired burned and unburned sites in northern high latitudes. Earth System Science Data 17, 2887-2909, https://doi.org/10.5194/essd-17-2887-2025",CC BY 4.0,,2018-08-24,record_date,single_visit,,,11.0995,0.001,0,,0,FireALT 기여 자료(lastNm 열): Dieleman_Baltzer_Turetsky,,ok,기여자 Dieleman; siteId C5-11; plot 1개; 연중 방문 1회(8월 1일 이후 1회); msrType thaw; 식생 EN; 영구동토 분포 D; 생태지역 Northern Canadian Shield taiga
firealt_talucci2025,firealt_talucci2025_0138,Dieleman C5-4 (unburned),63.02294,-114.103,2018,8,55.6,probe,direct_eos,5,Canada,Canada,"Talucci, A., Loranty, M., Holloway, J., Rogers, B., Alexander, H., et al. (2024) FireALT dataset: estimated active layer thickness for paired burned unburned sites measured from 2001-2023. NSF Arctic Data Center. https://doi.org/10.18739/A2RN3092P. 자료 논문: Talucci, A. C., et al. (2025) Permafrost-wildfire interactions: active layer thickness estimates for paired burned and unburned sites in northern high latitudes. Earth System Science Data 17, 2887-2909, https://doi.org/10.5194/essd-17-2887-2025",CC BY 4.0,,2018-08-23,record_date,single_visit,,,16.1493,0.001,0,,0,FireALT 기여 자료(lastNm 열): Dieleman_Baltzer_Turetsky,,ok,기여자 Dieleman; siteId C5-4; plot 1개; 연중 방문 1회(8월 1일 이후 1회); msrType thaw; 식생 EN; 영구동토 분포 D; 생태지역 Northern Canadian Shield taiga
firealt_talucci2025,firealt_talucci2025_0139,Dieleman F13-5 (burned),63.03386,-114.351,2018,8,44,probe,direct_eos,3,Canada,Canada,"Talucci, A., Loranty, M., Holloway, J., Rogers, B., Alexander, H., et al. (2024) FireALT dataset: estimated active layer thickness for paired burned unburned sites measured from 2001-2023. NSF Arctic Data Center. https://doi.org/10.18739/A2RN3092P. 자료 논문: Talucci, A. C., et al. (2025) Permafrost-wildfire interactions: active layer thickness estimates for paired burned and unburned sites in northern high latitudes. Earth System Science Data 17, 2887-2909, https://doi.org/10.5194/essd-17-2887-2025",CC BY 4.0,,2018-08-01,record_date,single_visit,,,4.5826,0.001,1,burned,0,FireALT 기여 자료(lastNm 열): Dieleman_Baltzer_Turetsky,,ok,"기여자 Dieleman; siteId F13-5; plot 1개; 연중 방문 1회(8월 1일 이후 1회); msrType thaw; 식생 EN; 영구동토 분포 D; 생태지역 Northern Canadian Shield taiga; 화재 연도 1973, 화재 후 경과 연수 45"
firealt_talucci2025,firealt_talucci2025_0140,Dieleman F13-11 (burned),63.04548,-114.128,2018,8,75.75,probe,direct_eos,4,Canada,Canada,"Talucci, A., Loranty, M., Holloway, J., Rogers, B., Alexander, H., et al. (2024) FireALT dataset: estimated active layer thickness for paired burned unburned sites measured from 2001-2023. NSF Arctic Data Center. https://doi.org/10.18739/A2RN3092P. 자료 논문: Talucci, A. C., et al. (2025) Permafrost-wildfire interactions: active layer thickness estimates for paired burned and unburned sites in northern high latitudes. Earth System Science Data 17, 2887-2909, https://doi.org/10.5194/essd-17-2887-2025",CC BY 4.0,,2018-08-02,record_date,single_visit,,,16.7207,0.001,1,burned,0,FireALT 기여 자료(lastNm 열): Dieleman_Baltzer_Turetsky,,ok,"기여자 Dieleman; siteId F13-11; plot 1개; 연중 방문 1회(8월 1일 이후 1회); msrType thaw; 식생 EN; 영구동토 분포 D; 생태지역 Northern Canadian Shield taiga; 화재 연도 1973, 화재 후 경과 연수 45"
firealt_talucci2025,firealt_talucci2025_0141,Dieleman F13-11 (burned),63.04645,-114.124,2018,8,39.75,probe,direct_eos,4,Canada,Canada,"Talucci, A., Loranty, M., Holloway, J., Rogers, B., Alexander, H., et al. (2024) FireALT dataset: estimated active layer thickness for paired burned unburned sites measured from 2001-2023. NSF Arctic Data Center. https://doi.org/10.18739/A2RN3092P. 자료 논문: Talucci, A. C., et al. (2025) Permafrost-wildfire interactions: active layer thickness estimates for paired burned and unburned sites in northern high latitudes. Earth System Science Data 17, 2887-2909, https://doi.org/10.5194/essd-17-2887-2025",CC BY 4.0,,2018-08-02,record_date,single_visit,,,10.8128,0.001,1,burned,0,FireALT 기여 자료(lastNm 열): Dieleman_Baltzer_Turetsky,,ok,"기여자 Dieleman; siteId F13-11; plot 1개; 연중 방문 1회(8월 1일 이후 1회); msrType thaw; 식생 MNM; 영구동토 분포 D; 생태지역 Northern Canadian Shield taiga; 화재 연도 1973, 화재 후 경과 연수 45"
firealt_talucci2025,firealt_talucci2025_0142,Dieleman C3-3 (unburned),63.11221,-113.777,2018,8,44.3333,probe,direct_eos,3,Canada,Canada,"Talucci, A., Loranty, M., Holloway, J., Rogers, B., Alexander, H., et al. (2024) FireALT dataset: estimated active layer thickness for paired burned unburned sites measured from 2001-2023. NSF Arctic Data Center. https://doi.org/10.18739/A2RN3092P. 자료 논문: Talucci, A. C., et al. (2025) Permafrost-wildfire interactions: active layer thickness estimates for paired burned and unburned sites in northern high latitudes. Earth System Science Data 17, 2887-2909, https://doi.org/10.5194/essd-17-2887-2025",CC BY 4.0,,2018-08-23,record_date,single_visit,,,10.0167,0.001,0,,0,FireALT 기여 자료(lastNm 열): Dieleman_Baltzer_Turetsky,,ok,기여자 Dieleman; siteId C3-3; plot 1개; 연중 방문 1회(8월 1일 이후 1회); msrType thaw; 식생 EN; 영구동토 분포 D; 생태지역 Northern Canadian Shield taiga
firealt_talucci2025,firealt_talucci2025_0143,Holloway b16 (burned),63.132430,-114.006320,2015,8,84.3415,probe,direct_eos,41,Canada,Canada,"Talucci, A., Loranty, M., Holloway, J., Rogers, B., Alexander, H., et al. (2024) FireALT dataset: estimated active layer thickness for paired burned unburned sites measured from 2001-2023. NSF Arctic Data Center. https://doi.org/10.18739/A2RN3092P. 자료 논문: Talucci, A. C., et al. (2025) Permafrost-wildfire interactions: active layer thickness estimates for paired burned and unburned sites in northern high latitudes. Earth System Science Data 17, 2887-2909, https://doi.org/10.5194/essd-17-2887-2025",CC BY 4.0,,2015-08-29,record_date,single_visit,,,21.7527,0.00001,1,burned,0,FireALT 기여 자료(lastNm 열): Holloway,,ok,"기여자 Holloway; siteId b16; plot 1개; 연중 방문 1회(8월 1일 이후 1회); msrType thaw; 식생 EN; 영구동토 분포 D; 생태지역 Northern Canadian Shield taiga; 화재 연도 2014, 화재 후 경과 연수 1; 원좌표 문자열 2개를 소수 4자리에서 묶음"
firealt_talucci2025,firealt_talucci2025_0143,Holloway b16 (burned),63.132430,-114.006320,2016,9,82.8929,probe,direct_eos,28,Canada,Canada,"Talucci, A., Loranty, M., Holloway, J., Rogers, B., Alexander, H., et al. (2024) FireALT dataset: estimated active layer thickness for paired burned unburned sites measured from 2001-2023. NSF Arctic Data Center. https://doi.org/10.18739/A2RN3092P. 자료 논문: Talucci, A. C., et al. (2025) Permafrost-wildfire interactions: active layer thickness estimates for paired burned and unburned sites in northern high latitudes. Earth System Science Data 17, 2887-2909, https://doi.org/10.5194/essd-17-2887-2025",CC BY 4.0,,2016-09-10,record_date,single_visit,,,18.6475,0.00001,1,burned,0,FireALT 기여 자료(lastNm 열): Holloway,,ok,"기여자 Holloway; siteId b16; plot 1개; 연중 방문 1회(8월 1일 이후 1회); msrType thaw; 식생 EN; 영구동토 분포 D; 생태지역 Northern Canadian Shield taiga; 화재 연도 2014, 화재 후 경과 연수 2; 원좌표 문자열 2개를 소수 4자리에서 묶음"
firealt_talucci2025,firealt_talucci2025_0143,Holloway b16 (burned),63.132430,-114.006320,2018,8,79.6154,probe,direct_eos,26,Canada,Canada,"Talucci, A., Loranty, M., Holloway, J., Rogers, B., Alexander, H., et al. (2024) FireALT dataset: estimated active layer thickness for paired burned unburned sites measured from 2001-2023. NSF Arctic Data Center. https://doi.org/10.18739/A2RN3092P. 자료 논문: Talucci, A. C., et al. (2025) Permafrost-wildfire interactions: active layer thickness estimates for paired burned and unburned sites in northern high latitudes. Earth System Science Data 17, 2887-2909, https://doi.org/10.5194/essd-17-2887-2025",CC BY 4.0,,2018-08-25,record_date,single_visit,,,25.445,0.00001,1,burned,0,FireALT 기여 자료(lastNm 열): Holloway,,ok,"기여자 Holloway; siteId b16; plot 1개; 연중 방문 1회(8월 1일 이후 1회); msrType thaw; 식생 EN; 영구동토 분포 D; 생태지역 Northern Canadian Shield taiga; 화재 연도 2014, 화재 후 경과 연수 4; 원좌표 문자열 2개를 소수 4자리에서 묶음"
firealt_talucci2025,firealt_talucci2025_0144,Holloway b15 (burned),63.133410,-114.004115,2015,8,71.4107,probe,direct_eos,56,Canada,Canada,"Talucci, A., Loranty, M., Holloway, J., Rogers, B., Alexander, H., et al. (2024) FireALT dataset: estimated active layer thickness for paired burned unburned sites measured from 2001-2023. NSF Arctic Data Center. https://doi.org/10.18739/A2RN3092P. 자료 논문: Talucci, A. C., et al. (2025) Permafrost-wildfire interactions: active layer thickness estimates for paired burned and unburned sites in northern high latitudes. Earth System Science Data 17, 2887-2909, https://doi.org/10.5194/essd-17-2887-2025",CC BY 4.0,,2015-08-29,record_date,single_visit,,,17.9735,0.00001,1,burned,0,FireALT 기여 자료(lastNm 열): Holloway,,ok,"기여자 Holloway; siteId b15; plot 1개; 연중 방문 1회(8월 1일 이후 1회); msrType thaw; 식생 EN; 영구동토 분포 D; 생태지역 Northern Canadian Shield taiga; 화재 연도 2014, 화재 후 경과 연수 1; 원좌표 문자열 2개를 소수 4자리에서 묶음"
firealt_talucci2025,firealt_talucci2025_0144,Holloway b15 (burned),63.133410,-114.004115,2016,9,77.8958,probe,direct_eos,48,Canada,Canada,"Talucci, A., Loranty, M., Holloway, J., Rogers, B., Alexander, H., et al. (2024) FireALT dataset: estimated active layer thickness for paired burned unburned sites measured from 2001-2023. NSF Arctic Data Center. https://doi.org/10.18739/A2RN3092P. 자료 논문: Talucci, A. C., et al. (2025) Permafrost-wildfire interactions: active layer thickness estimates for paired burned and unburned sites in northern high latitudes. Earth System Science Data 17, 2887-2909, https://doi.org/10.5194/essd-17-2887-2025",CC BY 4.0,,2016-09-10,record_date,single_visit,,,15.2849,0.00001,1,burned,0,FireALT 기여 자료(lastNm 열): Holloway,,ok,"기여자 Holloway; siteId b15; plot 1개; 연중 방문 1회(8월 1일 이후 1회); msrType thaw; 식생 EN; 영구동토 분포 D; 생태지역 Northern Canadian Shield taiga; 화재 연도 2014, 화재 후 경과 연수 2; 원좌표 문자열 2개를 소수 4자리에서 묶음"
firealt_talucci2025,firealt_talucci2025_0144,Holloway b15 (burned),63.133410,-114.004115,2018,8,87.8,probe,direct_eos,45,Canada,Canada,"Talucci, A., Loranty, M., Holloway, J., Rogers, B., Alexander, H., et al. (2024) FireALT dataset: estimated active layer thickness for paired burned unburned sites measured from 2001-2023. NSF Arctic Data Center. https://doi.org/10.18739/A2RN3092P. 자료 논문: Talucci, A. C., et al. (2025) Permafrost-wildfire interactions: active layer thickness estimates for paired burned and unburned sites in northern high latitudes. Earth System Science Data 17, 2887-2909, https://doi.org/10.5194/essd-17-2887-2025",CC BY 4.0,,2018-08-25,record_date,single_visit,,,13.0063,0.00001,1,burned,0,FireALT 기여 자료(lastNm 열): Holloway,,ok,"기여자 Holloway; siteId b15; plot 1개; 연중 방문 1회(8월 1일 이후 1회); msrType thaw; 식생 EN; 영구동토 분포 D; 생태지역 Northern Canadian Shield taiga; 화재 연도 2014, 화재 후 경과 연수 4; 원좌표 문자열 2개를 소수 4자리에서 묶음"
firealt_talucci2025,firealt_talucci2025_0145,Dieleman C7-9 (unburned),65.15188,-126.852,2018,8,59.6,probe,direct_eos,5,Canada,Canada,"Talucci, A., Loranty, M., Holloway, J., Rogers, B., Alexander, H., et al. (2024) FireALT dataset: estimated active layer thickness for paired burned unburned sites measured from 2001-2023. NSF Arctic Data Center. https://doi.org/10.18739/A2RN3092P. 자료 논문: Talucci, A. C., et al. (2025) Permafrost-wildfire interactions: active layer thickness estimates for paired burned and unburned sites in northern high latitudes. Earth System Science Data 17, 2887-2909, https://doi.org/10.5194/essd-17-2887-2025",CC BY 4.0,,2018-08-14,record_date,single_visit,,,12.7593,0.001,0,,0,FireALT 기여 자료(lastNm 열): Dieleman_Baltzer_Turetsky,,ok,기여자 Dieleman; siteId C7-9; plot 1개; 연중 방문 1회(8월 1일 이후 1회); msrType thaw; 식생 EN; 영구동토 분포 D; 생태지역 Northwest Territories taiga
firealt_talucci2025,firealt_talucci2025_0146,Dieleman C7-9 (unburned),65.15314,-126.848,2018,8,67.2,probe,direct_eos,5,Canada,Canada,"Talucci, A., Loranty, M., Holloway, J., Rogers, B., Alexander, H., et al. (2024) FireALT dataset: estimated active layer thickness for paired burned unburned sites measured from 2001-2023. NSF Arctic Data Center. https://doi.org/10.18739/A2RN3092P. 자료 논문: Talucci, A. C., et al. (2025) Permafrost-wildfire interactions: active layer thickness estimates for paired burned and unburned sites in northern high latitudes. Earth System Science Data 17, 2887-2909, https://doi.org/10.5194/essd-17-2887-2025",CC BY 4.0,,2018-08-14,record_date,single_visit,,,12.5579,0.001,0,,0,FireALT 기여 자료(lastNm 열): Dieleman_Baltzer_Turetsky,,ok,기여자 Dieleman; siteId C7-9; plot 1개; 연중 방문 1회(8월 1일 이후 1회); msrType thaw; 식생 EN; 영구동토 분포 D; 생태지역 Northwest Territories taiga
firealt_talucci2025,firealt_talucci2025_0147,Dieleman C7-18 (unburned),65.1709,-126.815,2018,8,50,probe,direct_eos,5,Canada,Canada,"Talucci, A., Loranty, M., Holloway, J., Rogers, B., Alexander, H., et al. (2024) FireALT dataset: estimated active layer thickness for paired burned unburned sites measured from 2001-2023. NSF Arctic Data Center. https://doi.org/10.18739/A2RN3092P. 자료 논문: Talucci, A. C., et al. (2025) Permafrost-wildfire interactions: active layer thickness estimates for paired burned and unburned sites in northern high latitudes. Earth System Science Data 17, 2887-2909, https://doi.org/10.5194/essd-17-2887-2025",CC BY 4.0,,2018-08-17,record_date,single_visit,,,6.1644,0.001,0,,0,FireALT 기여 자료(lastNm 열): Dieleman_Baltzer_Turetsky,,ok,기여자 Dieleman; siteId C7-18; plot 1개; 연중 방문 1회(8월 1일 이후 1회); msrType thaw; 식생 DN; 영구동토 분포 D; 생태지역 Northwest Territories taiga
firealt_talucci2025,firealt_talucci2025_0148,Dieleman C7-18 (unburned),65.17146,-126.812,2018,8,89.2,probe,direct_eos,5,Canada,Canada,"Talucci, A., Loranty, M., Holloway, J., Rogers, B., Alexander, H., et al. (2024) FireALT dataset: estimated active layer thickness for paired burned unburned sites measured from 2001-2023. NSF Arctic Data Center. https://doi.org/10.18739/A2RN3092P. 자료 논문: Talucci, A. C., et al. (2025) Permafrost-wildfire interactions: active layer thickness estimates for paired burned and unburned sites in northern high latitudes. Earth System Science Data 17, 2887-2909, https://doi.org/10.5194/essd-17-2887-2025",CC BY 4.0,,2018-08-17,record_date,single_visit,,,27.3075,0.001,0,,0,FireALT 기여 자료(lastNm 열): Dieleman_Baltzer_Turetsky,,ok,기여자 Dieleman; siteId C7-18; plot 1개; 연중 방문 1회(8월 1일 이후 1회); msrType thaw; 식생 EN; 영구동토 분포 D; 생태지역 Northwest Territories taiga
firealt_talucci2025,firealt_talucci2025_0149,Dieleman C9-1 (unburned),65.59224,-127.412,2018,8,58.6,probe,direct_eos,5,Canada,Canada,"Talucci, A., Loranty, M., Holloway, J., Rogers, B., Alexander, H., et al. (2024) FireALT dataset: estimated active layer thickness for paired burned unburned sites measured from 2001-2023. NSF Arctic Data Center. https://doi.org/10.18739/A2RN3092P. 자료 논문: Talucci, A. C., et al. (2025) Permafrost-wildfire interactions: active layer thickness estimates for paired burned and unburned sites in northern high latitudes. Earth System Science Data 17, 2887-2909, https://doi.org/10.5194/essd-17-2887-2025",CC BY 4.0,,2018-08-17,record_date,single_visit,,,7.2319,0.001,0,,0,FireALT 기여 자료(lastNm 열): Dieleman_Baltzer_Turetsky,,ok,기여자 Dieleman; siteId C9-1; plot 1개; 연중 방문 1회(8월 1일 이후 1회); msrType thaw; 식생 EN; 영구동토 분포 D; 생태지역 Northwest Territories taiga
firealt_talucci2025,firealt_talucci2025_0150,Dieleman F17-5 (burned),65.605,-127.499,2018,8,98.8,probe,direct_eos,5,Canada,Canada,"Talucci, A., Loranty, M., Holloway, J., Rogers, B., Alexander, H., et al. (2024) FireALT dataset: estimated active layer thickness for paired burned unburned sites measured from 2001-2023. NSF Arctic Data Center. https://doi.org/10.18739/A2RN3092P. 자료 논문: Talucci, A. C., et al. (2025) Permafrost-wildfire interactions: active layer thickness estimates for paired burned and unburned sites in northern high latitudes. Earth System Science Data 17, 2887-2909, https://doi.org/10.5194/essd-17-2887-2025",CC BY 4.0,,2018-08-15,record_date,single_visit,,,16.2696,0.001,1,burned,0,FireALT 기여 자료(lastNm 열): Dieleman_Baltzer_Turetsky,,ok,"기여자 Dieleman; siteId F17-5; plot 1개; 연중 방문 1회(8월 1일 이후 1회); msrType thaw; 식생 EN; 영구동토 분포 D; 생태지역 Northwest Territories taiga; 화재 연도 2014, 화재 후 경과 연수 4"
firealt_talucci2025,firealt_talucci2025_0151,Dieleman F17-5 (burned),65.60578,-127.497,2018,8,80,probe,direct_eos,4,Canada,Canada,"Talucci, A., Loranty, M., Holloway, J., Rogers, B., Alexander, H., et al. (2024) FireALT dataset: estimated active layer thickness for paired burned unburned sites measured from 2001-2023. NSF Arctic Data Center. https://doi.org/10.18739/A2RN3092P. 자료 논문: Talucci, A. C., et al. (2025) Permafrost-wildfire interactions: active layer thickness estimates for paired burned and unburned sites in northern high latitudes. Earth System Science Data 17, 2887-2909, https://doi.org/10.5194/essd-17-2887-2025",CC BY 4.0,,2018-08-15,record_date,single_visit,,,20.5102,0.001,1,burned,0,FireALT 기여 자료(lastNm 열): Dieleman_Baltzer_Turetsky,,ok,"기여자 Dieleman; siteId F17-5; plot 1개; 연중 방문 1회(8월 1일 이후 1회); msrType thaw; 식생 EN; 영구동토 분포 D; 생태지역 Northwest Territories taiga; 화재 연도 2014, 화재 후 경과 연수 4"
firealt_talucci2025,firealt_talucci2025_0152,Dieleman C9-5 (unburned),65.62686,-127.542,2018,8,56.2,probe,direct_eos,5,Canada,Canada,"Talucci, A., Loranty, M., Holloway, J., Rogers, B., Alexander, H., et al. (2024) FireALT dataset: estimated active layer thickness for paired burned unburned sites measured from 2001-2023. NSF Arctic Data Center. https://doi.org/10.18739/A2RN3092P. 자료 논문: Talucci, A. C., et al. (2025) Permafrost-wildfire interactions: active layer thickness estimates for paired burned and unburned sites in northern high latitudes. Earth System Science Data 17, 2887-2909, https://doi.org/10.5194/essd-17-2887-2025",CC BY 4.0,,2018-08-16,record_date,single_visit,,,13.9356,0.001,0,,0,FireALT 기여 자료(lastNm 열): Dieleman_Baltzer_Turetsky,,ok,기여자 Dieleman; siteId C9-5; plot 1개; 연중 방문 1회(8월 1일 이후 1회); msrType thaw; 식생 EN; 영구동토 분포 D; 생태지역 Northwest Territories taiga
firealt_talucci2025,firealt_talucci2025_0153,Dieleman C9-9 (unburned),65.64198,-127.408,2018,8,79.4,probe,direct_eos,5,Canada,Canada,"Talucci, A., Loranty, M., Holloway, J., Rogers, B., Alexander, H., et al. (2024) FireALT dataset: estimated active layer thickness for paired burned unburned sites measured from 2001-2023. NSF Arctic Data Center. https://doi.org/10.18739/A2RN3092P. 자료 논문: Talucci, A. C., et al. (2025) Permafrost-wildfire interactions: active layer thickness estimates for paired burned and unburned sites in northern high latitudes. Earth System Science Data 17, 2887-2909, https://doi.org/10.5194/essd-17-2887-2025",CC BY 4.0,,2018-08-16,record_date,single_visit,,,27.6912,0.001,0,,0,FireALT 기여 자료(lastNm 열): Dieleman_Baltzer_Turetsky,,ok,기여자 Dieleman; siteId C9-9; plot 1개; 연중 방문 1회(8월 1일 이후 1회); msrType thaw; 식생 EN; 영구동토 분포 D; 생태지역 Northwest Territories taiga
firealt_talucci2025,firealt_talucci2025_0154,Dieleman C9-9 (unburned),65.64261,-127.411,2018,8,67.6,probe,direct_eos,5,Canada,Canada,"Talucci, A., Loranty, M., Holloway, J., Rogers, B., Alexander, H., et al. (2024) FireALT dataset: estimated active layer thickness for paired burned unburned sites measured from 2001-2023. NSF Arctic Data Center. https://doi.org/10.18739/A2RN3092P. 자료 논문: Talucci, A. C., et al. (2025) Permafrost-wildfire interactions: active layer thickness estimates for paired burned and unburned sites in northern high latitudes. Earth System Science Data 17, 2887-2909, https://doi.org/10.5194/essd-17-2887-2025",CC BY 4.0,,2018-08-16,record_date,single_visit,,,13.4276,0.001,0,,0,FireALT 기여 자료(lastNm 열): Dieleman_Baltzer_Turetsky,,ok,기여자 Dieleman; siteId C9-9; plot 1개; 연중 방문 1회(8월 1일 이후 1회); msrType thaw; 식생 EN; 영구동토 분포 D; 생태지역 Northwest Territories taiga
firealt_talucci2025,firealt_talucci2025_0155,Dieleman F15-16 (burned),65.87998,-128.231,2018,8,56,probe,direct_eos,5,Canada,Canada,"Talucci, A., Loranty, M., Holloway, J., Rogers, B., Alexander, H., et al. (2024) FireALT dataset: estimated active layer thickness for paired burned unburned sites measured from 2001-2023. NSF Arctic Data Center. https://doi.org/10.18739/A2RN3092P. 자료 논문: Talucci, A. C., et al. (2025) Permafrost-wildfire interactions: active layer thickness estimates for paired burned and unburned sites in northern high latitudes. Earth System Science Data 17, 2887-2909, https://doi.org/10.5194/essd-17-2887-2025",CC BY 4.0,,2018-08-11,record_date,single_visit,,,4.1833,0.001,1,burned,0,FireALT 기여 자료(lastNm 열): Dieleman_Baltzer_Turetsky,,ok,"기여자 Dieleman; siteId F15-16; plot 1개; 연중 방문 1회(8월 1일 이후 1회); msrType thaw; 식생 EN; 영구동토 분포 D; 생태지역 Northwest Territories taiga; 화재 연도 1969, 화재 후 경과 연수 49"
firealt_talucci2025,firealt_talucci2025_0156,Dieleman F15-9 (burned),65.89741,-128.239,2018,8,82.2,probe,direct_eos,5,Canada,Canada,"Talucci, A., Loranty, M., Holloway, J., Rogers, B., Alexander, H., et al. (2024) FireALT dataset: estimated active layer thickness for paired burned unburned sites measured from 2001-2023. NSF Arctic Data Center. https://doi.org/10.18739/A2RN3092P. 자료 논문: Talucci, A. C., et al. (2025) Permafrost-wildfire interactions: active layer thickness estimates for paired burned and unburned sites in northern high latitudes. Earth System Science Data 17, 2887-2909, https://doi.org/10.5194/essd-17-2887-2025",CC BY 4.0,,2018-08-11,record_date,single_visit,,,14.0606,0.001,1,burned,0,FireALT 기여 자료(lastNm 열): Dieleman_Baltzer_Turetsky,,ok,"기여자 Dieleman; siteId F15-9; plot 1개; 연중 방문 1회(8월 1일 이후 1회); msrType thaw; 식생 EN; 영구동토 분포 D; 생태지역 Northwest Territories taiga; 화재 연도 1969, 화재 후 경과 연수 49"
firealt_talucci2025,firealt_talucci2025_0157,Dieleman F15-9 (burned),65.89851,-128.237,2018,8,63.8,probe,direct_eos,5,Canada,Canada,"Talucci, A., Loranty, M., Holloway, J., Rogers, B., Alexander, H., et al. (2024) FireALT dataset: estimated active layer thickness for paired burned unburned sites measured from 2001-2023. NSF Arctic Data Center. https://doi.org/10.18739/A2RN3092P. 자료 논문: Talucci, A. C., et al. (2025) Permafrost-wildfire interactions: active layer thickness estimates for paired burned and unburned sites in northern high latitudes. Earth System Science Data 17, 2887-2909, https://doi.org/10.5194/essd-17-2887-2025",CC BY 4.0,,2018-08-11,record_date,single_visit,,,12.1532,0.001,1,burned,0,FireALT 기여 자료(lastNm 열): Dieleman_Baltzer_Turetsky,,ok,"기여자 Dieleman; siteId F15-9; plot 1개; 연중 방문 1회(8월 1일 이후 1회); msrType thaw; 식생 EN; 영구동토 분포 D; 생태지역 Northwest Territories taiga; 화재 연도 1969, 화재 후 경과 연수 49"
firealt_talucci2025,firealt_talucci2025_0158,Paulson frk (unburned),61.82019,130.2335,2019,6,50.4,probe,direct_dated,5,Russia,Russia_C,"Talucci, A., Loranty, M., Holloway, J., Rogers, B., Alexander, H., et al. (2024) FireALT dataset: estimated active layer thickness for paired burned unburned sites measured from 2001-2023. NSF Arctic Data Center. https://doi.org/10.18739/A2RN3092P. 자료 논문: Talucci, A. C., et al. (2025) Permafrost-wildfire interactions: active layer thickness estimates for paired burned and unburned sites in northern high latitudes. Earth System Science Data 17, 2887-2909, https://doi.org/10.5194/essd-17-2887-2025",CC BY 4.0,Yakutia_C,2019-06-09,none,single_visit,,,12.0333,0.0001,0,,0,FireALT 기여 자료(lastNm 열): Paulson,,ok,기여자 Paulson; siteId frk; plot 1개; 연중 방문 1회(8월 1일 이후 0회); msrType thaw; 식생 DN; 영구동토 분포 C; 생태지역 East Siberian taiga
firealt_talucci2025,firealt_talucci2025_0159,Paulson frk (unburned),61.82024,130.2339,2019,6,54,probe,direct_dated,5,Russia,Russia_C,"Talucci, A., Loranty, M., Holloway, J., Rogers, B., Alexander, H., et al. (2024) FireALT dataset: estimated active layer thickness for paired burned unburned sites measured from 2001-2023. NSF Arctic Data Center. https://doi.org/10.18739/A2RN3092P. 자료 논문: Talucci, A. C., et al. (2025) Permafrost-wildfire interactions: active layer thickness estimates for paired burned and unburned sites in northern high latitudes. Earth System Science Data 17, 2887-2909, https://doi.org/10.5194/essd-17-2887-2025",CC BY 4.0,Yakutia_C,2019-06-09,none,single_visit,,,6,0.0001,0,,0,FireALT 기여 자료(lastNm 열): Paulson,,ok,기여자 Paulson; siteId frk; plot 1개; 연중 방문 1회(8월 1일 이후 0회); msrType thaw; 식생 DN; 영구동토 분포 C; 생태지역 East Siberian taiga
firealt_talucci2025,firealt_talucci2025_0160,Paulson frk (burned),61.82039,130.2348,2019,6,52.8,probe,direct_dated,5,Russia,Russia_C,"Talucci, A., Loranty, M., Holloway, J., Rogers, B., Alexander, H., et al. (2024) FireALT dataset: estimated active layer thickness for paired burned unburned sites measured from 2001-2023. NSF Arctic Data Center. https://doi.org/10.18739/A2RN3092P. 자료 논문: Talucci, A. C., et al. (2025) Permafrost-wildfire interactions: active layer thickness estimates for paired burned and unburned sites in northern high latitudes. Earth System Science Data 17, 2887-2909, https://doi.org/10.5194/essd-17-2887-2025",CC BY 4.0,Yakutia_C,2019-06-09,none,single_visit,,,10.7564,0.0001,1,burned,0,FireALT 기여 자료(lastNm 열): Paulson,,ok,"기여자 Paulson; siteId frk; plot 1개; 연중 방문 1회(8월 1일 이후 0회); msrType thaw; 식생 DN; 영구동토 분포 C; 생태지역 East Siberian taiga; 화재 연도 2002, 화재 후 경과 연수 17"
firealt_talucci2025,firealt_talucci2025_0161,Paulson frk (burned),61.82046,130.2353,2019,6,55.2,probe,direct_dated,5,Russia,Russia_C,"Talucci, A., Loranty, M., Holloway, J., Rogers, B., Alexander, H., et al. (2024) FireALT dataset: estimated active layer thickness for paired burned unburned sites measured from 2001-2023. NSF Arctic Data Center. https://doi.org/10.18739/A2RN3092P. 자료 논문: Talucci, A. C., et al. (2025) Permafrost-wildfire interactions: active layer thickness estimates for paired burned and unburned sites in northern high latitudes. Earth System Science Data 17, 2887-2909, https://doi.org/10.5194/essd-17-2887-2025",CC BY 4.0,Yakutia_C,2019-06-10,none,single_visit,,,3.7683,0.0001,1,burned,0,FireALT 기여 자료(lastNm 열): Paulson,,ok,"기여자 Paulson; siteId frk; plot 1개; 연중 방문 1회(8월 1일 이후 0회); msrType thaw; 식생 DN; 영구동토 분포 C; 생태지역 East Siberian taiga; 화재 연도 2002, 화재 후 경과 연수 17"
firealt_talucci2025,firealt_talucci2025_0162,Paulson frk (burned),61.8205,130.2357,2019,6,50.8,probe,direct_dated,5,Russia,Russia_C,"Talucci, A., Loranty, M., Holloway, J., Rogers, B., Alexander, H., et al. (2024) FireALT dataset: estimated active layer thickness for paired burned unburned sites measured from 2001-2023. NSF Arctic Data Center. https://doi.org/10.18739/A2RN3092P. 자료 논문: Talucci, A. C., et al. (2025) Permafrost-wildfire interactions: active layer thickness estimates for paired burned and unburned sites in northern high latitudes. Earth System Science Data 17, 2887-2909, https://doi.org/10.5194/essd-17-2887-2025",CC BY 4.0,Yakutia_C,2019-06-10,none,single_visit,,,6.9785,0.0001,1,burned,0,FireALT 기여 자료(lastNm 열): Paulson,,ok,"기여자 Paulson; siteId frk; plot 1개; 연중 방문 1회(8월 1일 이후 0회); msrType thaw; 식생 DN; 영구동토 분포 C; 생태지역 East Siberian taiga; 화재 연도 2002, 화재 후 경과 연수 17"
firealt_talucci2025,firealt_talucci2025_0163,Paulson frk (burned),61.82058,130.2362,2019,6,55.8,probe,direct_dated,5,Russia,Russia_C,"Talucci, A., Loranty, M., Holloway, J., Rogers, B., Alexander, H., et al. (2024) FireALT dataset: estimated active layer thickness for paired burned unburned sites measured from 2001-2023. NSF Arctic Data Center. https://doi.org/10.18739/A2RN3092P. 자료 논문: Talucci, A. C., et al. (2025) Permafrost-wildfire interactions: active layer thickness estimates for paired burned and unburned sites in northern high latitudes. Earth System Science Data 17, 2887-2909, https://doi.org/10.5194/essd-17-2887-2025",CC BY 4.0,Yakutia_C,2019-06-10,none,single_visit,,,9.985,0.0001,1,burned,0,FireALT 기여 자료(lastNm 열): Paulson,,ok,"기여자 Paulson; siteId frk; plot 1개; 연중 방문 1회(8월 1일 이후 0회); msrType thaw; 식생 DN; 영구동토 분포 C; 생태지역 East Siberian taiga; 화재 연도 2002, 화재 후 경과 연수 17"
firealt_talucci2025,firealt_talucci2025_0164,Paulson frk (burned),61.82066,130.2371,2019,6,62.6,probe,direct_dated,5,Russia,Russia_C,"Talucci, A., Loranty, M., Holloway, J., Rogers, B., Alexander, H., et al. (2024) FireALT dataset: estimated active layer thickness for paired burned unburned sites measured from 2001-2023. NSF Arctic Data Center. https://doi.org/10.18739/A2RN3092P. 자료 논문: Talucci, A. C., et al. (2025) Permafrost-wildfire interactions: active layer thickness estimates for paired burned and unburned sites in northern high latitudes. Earth System Science Data 17, 2887-2909, https://doi.org/10.5194/essd-17-2887-2025",CC BY 4.0,Yakutia_C,2019-06-10,none,single_visit,,,18.9816,0.0001,1,burned,0,FireALT 기여 자료(lastNm 열): Paulson,,ok,"기여자 Paulson; siteId frk; plot 1개; 연중 방문 1회(8월 1일 이후 0회); msrType thaw; 식생 DN; 영구동토 분포 C; 생태지역 East Siberian taiga; 화재 연도 2002, 화재 후 경과 연수 17"
firealt_talucci2025,firealt_talucci2025_0165,Paulson frk (burned),61.82077,130.2381,2019,6,72,probe,direct_dated,5,Russia,Russia_C,"Talucci, A., Loranty, M., Holloway, J., Rogers, B., Alexander, H., et al. (2024) FireALT dataset: estimated active layer thickness for paired burned unburned sites measured from 2001-2023. NSF Arctic Data Center. https://doi.org/10.18739/A2RN3092P. 자료 논문: Talucci, A. C., et al. (2025) Permafrost-wildfire interactions: active layer thickness estimates for paired burned and unburned sites in northern high latitudes. Earth System Science Data 17, 2887-2909, https://doi.org/10.5194/essd-17-2887-2025",CC BY 4.0,Yakutia_C,2019-06-10,none,single_visit,,,8.0312,0.0001,1,burned,0,FireALT 기여 자료(lastNm 열): Paulson,,ok,"기여자 Paulson; siteId frk; plot 1개; 연중 방문 1회(8월 1일 이후 0회); msrType thaw; 식생 DN; 영구동토 분포 C; 생태지역 East Siberian taiga; 화재 연도 2002, 화재 후 경과 연수 17"
firealt_talucci2025,firealt_talucci2025_0166,Paulson frk (burned),61.842,130.2445,2019,6,62.4,probe,direct_dated,5,Russia,Russia_C,"Talucci, A., Loranty, M., Holloway, J., Rogers, B., Alexander, H., et al. (2024) FireALT dataset: estimated active layer thickness for paired burned unburned sites measured from 2001-2023. NSF Arctic Data Center. https://doi.org/10.18739/A2RN3092P. 자료 논문: Talucci, A. C., et al. (2025) Permafrost-wildfire interactions: active layer thickness estimates for paired burned and unburned sites in northern high latitudes. Earth System Science Data 17, 2887-2909, https://doi.org/10.5194/essd-17-2887-2025",CC BY 4.0,Yakutia_C,2019-06-15,none,single_visit,,,8.8487,0.001,1,burned,0,FireALT 기여 자료(lastNm 열): Paulson,,ok,"기여자 Paulson; siteId frk; plot 1개; 연중 방문 1회(8월 1일 이후 0회); msrType thaw; 식생 DN; 영구동토 분포 C; 생태지역 East Siberian taiga; 화재 연도 2002, 화재 후 경과 연수 17"
firealt_talucci2025,firealt_talucci2025_0167,Paulson frk (burned),61.84199,130.2453,2019,6,61.2,probe,direct_dated,5,Russia,Russia_C,"Talucci, A., Loranty, M., Holloway, J., Rogers, B., Alexander, H., et al. (2024) FireALT dataset: estimated active layer thickness for paired burned unburned sites measured from 2001-2023. NSF Arctic Data Center. https://doi.org/10.18739/A2RN3092P. 자료 논문: Talucci, A. C., et al. (2025) Permafrost-wildfire interactions: active layer thickness estimates for paired burned and unburned sites in northern high latitudes. Earth System Science Data 17, 2887-2909, https://doi.org/10.5194/essd-17-2887-2025",CC BY 4.0,Yakutia_C,2019-06-15,none,single_visit,,,12.518,0.0001,1,burned,0,FireALT 기여 자료(lastNm 열): Paulson,,ok,"기여자 Paulson; siteId frk; plot 1개; 연중 방문 1회(8월 1일 이후 0회); msrType thaw; 식생 DN; 영구동토 분포 C; 생태지역 East Siberian taiga; 화재 연도 2002, 화재 후 경과 연수 17"
firealt_talucci2025,firealt_talucci2025_0168,Paulson frk (unburned),61.84203,130.2463,2019,6,35.4,probe,direct_dated,5,Russia,Russia_C,"Talucci, A., Loranty, M., Holloway, J., Rogers, B., Alexander, H., et al. (2024) FireALT dataset: estimated active layer thickness for paired burned unburned sites measured from 2001-2023. NSF Arctic Data Center. https://doi.org/10.18739/A2RN3092P. 자료 논문: Talucci, A. C., et al. (2025) Permafrost-wildfire interactions: active layer thickness estimates for paired burned and unburned sites in northern high latitudes. Earth System Science Data 17, 2887-2909, https://doi.org/10.5194/essd-17-2887-2025",CC BY 4.0,Yakutia_C,2019-06-15,none,single_visit,,,8.4439,0.0001,0,,0,FireALT 기여 자료(lastNm 열): Paulson,,ok,기여자 Paulson; siteId frk; plot 1개; 연중 방문 1회(8월 1일 이후 0회); msrType thaw; 식생 DN; 영구동토 분포 C; 생태지역 East Siberian taiga
firealt_talucci2025,firealt_talucci2025_0169,Paulson frk (burned),61.84206,130.243,2019,6,66.2,probe,direct_dated,5,Russia,Russia_C,"Talucci, A., Loranty, M., Holloway, J., Rogers, B., Alexander, H., et al. (2024) FireALT dataset: estimated active layer thickness for paired burned unburned sites measured from 2001-2023. NSF Arctic Data Center. https://doi.org/10.18739/A2RN3092P. 자료 논문: Talucci, A. C., et al. (2025) Permafrost-wildfire interactions: active layer thickness estimates for paired burned and unburned sites in northern high latitudes. Earth System Science Data 17, 2887-2909, https://doi.org/10.5194/essd-17-2887-2025",CC BY 4.0,Yakutia_C,2019-06-15,none,single_visit,,,7.3621,0.001,1,burned,0,FireALT 기여 자료(lastNm 열): Paulson,,ok,"기여자 Paulson; siteId frk; plot 1개; 연중 방문 1회(8월 1일 이후 0회); msrType thaw; 식생 DN; 영구동토 분포 C; 생태지역 East Siberian taiga; 화재 연도 2002, 화재 후 경과 연수 17"
firealt_talucci2025,firealt_talucci2025_0170,Paulson rob (unburned),61.85087,130.4242,2019,6,32.8,probe,direct_dated,5,Russia,Russia_C,"Talucci, A., Loranty, M., Holloway, J., Rogers, B., Alexander, H., et al. (2024) FireALT dataset: estimated active layer thickness for paired burned unburned sites measured from 2001-2023. NSF Arctic Data Center. https://doi.org/10.18739/A2RN3092P. 자료 논문: Talucci, A. C., et al. (2025) Permafrost-wildfire interactions: active layer thickness estimates for paired burned and unburned sites in northern high latitudes. Earth System Science Data 17, 2887-2909, https://doi.org/10.5194/essd-17-2887-2025",CC BY 4.0,Yakutia_C,2019-06-14,none,single_visit,,,7.8549,0.0001,0,,0,FireALT 기여 자료(lastNm 열): Paulson,,ok,기여자 Paulson; siteId rob; plot 1개; 연중 방문 1회(8월 1일 이후 0회); msrType thaw; 식생 DN; 영구동토 분포 C; 생태지역 East Siberian taiga
firealt_talucci2025,firealt_talucci2025_0171,Paulson rob (burned),61.85127,130.4247,2019,6,61,probe,direct_dated,4,Russia,Russia_C,"Talucci, A., Loranty, M., Holloway, J., Rogers, B., Alexander, H., et al. (2024) FireALT dataset: estimated active layer thickness for paired burned unburned sites measured from 2001-2023. NSF Arctic Data Center. https://doi.org/10.18739/A2RN3092P. 자료 논문: Talucci, A. C., et al. (2025) Permafrost-wildfire interactions: active layer thickness estimates for paired burned and unburned sites in northern high latitudes. Earth System Science Data 17, 2887-2909, https://doi.org/10.5194/essd-17-2887-2025",CC BY 4.0,Yakutia_C,2019-06-14,none,single_visit,,,4.5461,0.0001,1,burned,0,FireALT 기여 자료(lastNm 열): Paulson,,ok,"기여자 Paulson; siteId rob; plot 1개; 연중 방문 1회(8월 1일 이후 0회); msrType thaw; 식생 DN; 영구동토 분포 C; 생태지역 East Siberian taiga; 화재 연도 2002, 화재 후 경과 연수 17"
firealt_talucci2025,firealt_talucci2025_0172,Paulson rob (burned),61.85182,130.4254,2019,6,63.8,probe,direct_dated,5,Russia,Russia_C,"Talucci, A., Loranty, M., Holloway, J., Rogers, B., Alexander, H., et al. (2024) FireALT dataset: estimated active layer thickness for paired burned unburned sites measured from 2001-2023. NSF Arctic Data Center. https://doi.org/10.18739/A2RN3092P. 자료 논문: Talucci, A. C., et al. (2025) Permafrost-wildfire interactions: active layer thickness estimates for paired burned and unburned sites in northern high latitudes. Earth System Science Data 17, 2887-2909, https://doi.org/10.5194/essd-17-2887-2025",CC BY 4.0,Yakutia_C,2019-06-14,none,single_visit,,,3.1145,0.0001,1,burned,0,FireALT 기여 자료(lastNm 열): Paulson,,ok,"기여자 Paulson; siteId rob; plot 1개; 연중 방문 1회(8월 1일 이후 0회); msrType thaw; 식생 DN; 영구동토 분포 C; 생태지역 East Siberian taiga; 화재 연도 2002, 화재 후 경과 연수 17"
firealt_talucci2025,firealt_talucci2025_0173,Paulson rob (burned),61.85239,130.4261,2019,6,43,probe,direct_dated,5,Russia,Russia_C,"Talucci, A., Loranty, M., Holloway, J., Rogers, B., Alexander, H., et al. (2024) FireALT dataset: estimated active layer thickness for paired burned unburned sites measured from 2001-2023. NSF Arctic Data Center. https://doi.org/10.18739/A2RN3092P. 자료 논문: Talucci, A. C., et al. (2025) Permafrost-wildfire interactions: active layer thickness estimates for paired burned and unburned sites in northern high latitudes. Earth System Science Data 17, 2887-2909, https://doi.org/10.5194/essd-17-2887-2025",CC BY 4.0,Yakutia_C,2019-06-14,none,single_visit,,,14.3701,0.0001,1,burned,0,FireALT 기여 자료(lastNm 열): Paulson,,ok,"기여자 Paulson; siteId rob; plot 1개; 연중 방문 1회(8월 1일 이후 0회); msrType thaw; 식생 DN; 영구동토 분포 C; 생태지역 East Siberian taiga; 화재 연도 2002, 화재 후 경과 연수 17"
firealt_talucci2025,firealt_talucci2025_0174,Paulson rob (unburned),61.85692,130.4106,2019,6,43.2,probe,direct_dated,5,Russia,Russia_C,"Talucci, A., Loranty, M., Holloway, J., Rogers, B., Alexander, H., et al. (2024) FireALT dataset: estimated active layer thickness for paired burned unburned sites measured from 2001-2023. NSF Arctic Data Center. https://doi.org/10.18739/A2RN3092P. 자료 논문: Talucci, A. C., et al. (2025) Permafrost-wildfire interactions: active layer thickness estimates for paired burned and unburned sites in northern high latitudes. Earth System Science Data 17, 2887-2909, https://doi.org/10.5194/essd-17-2887-2025",CC BY 4.0,Yakutia_C,2019-06-14,none,single_visit,,,13.8094,0.0001,0,,0,FireALT 기여 자료(lastNm 열): Paulson,,ok,기여자 Paulson; siteId rob; plot 1개; 연중 방문 1회(8월 1일 이후 0회); msrType thaw; 식생 DN; 영구동토 분포 C; 생태지역 East Siberian taiga
firealt_talucci2025,firealt_talucci2025_0175,Paulson rob (burned),61.85709,130.4114,2019,6,70.6,probe,direct_dated,5,Russia,Russia_C,"Talucci, A., Loranty, M., Holloway, J., Rogers, B., Alexander, H., et al. (2024) FireALT dataset: estimated active layer thickness for paired burned unburned sites measured from 2001-2023. NSF Arctic Data Center. https://doi.org/10.18739/A2RN3092P. 자료 논문: Talucci, A. C., et al. (2025) Permafrost-wildfire interactions: active layer thickness estimates for paired burned and unburned sites in northern high latitudes. Earth System Science Data 17, 2887-2909, https://doi.org/10.5194/essd-17-2887-2025",CC BY 4.0,Yakutia_C,2019-06-14,none,single_visit,,,8.735,0.0001,1,burned,0,FireALT 기여 자료(lastNm 열): Paulson,,ok,"기여자 Paulson; siteId rob; plot 1개; 연중 방문 1회(8월 1일 이후 0회); msrType thaw; 식생 DN; 영구동토 분포 C; 생태지역 East Siberian taiga; 화재 연도 2002, 화재 후 경과 연수 17"
firealt_talucci2025,firealt_talucci2025_0176,Paulson rob (burned),61.85722,130.4122,2019,6,72.4,probe,direct_dated,5,Russia,Russia_C,"Talucci, A., Loranty, M., Holloway, J., Rogers, B., Alexander, H., et al. (2024) FireALT dataset: estimated active layer thickness for paired burned unburned sites measured from 2001-2023. NSF Arctic Data Center. https://doi.org/10.18739/A2RN3092P. 자료 논문: Talucci, A. C., et al. (2025) Permafrost-wildfire interactions: active layer thickness estimates for paired burned and unburned sites in northern high latitudes. Earth System Science Data 17, 2887-2909, https://doi.org/10.5194/essd-17-2887-2025",CC BY 4.0,Yakutia_C,2019-06-14,none,single_visit,,,7.7974,0.0001,1,burned,0,FireALT 기여 자료(lastNm 열): Paulson,,ok,"기여자 Paulson; siteId rob; plot 1개; 연중 방문 1회(8월 1일 이후 0회); msrType thaw; 식생 DN; 영구동토 분포 C; 생태지역 East Siberian taiga; 화재 연도 2002, 화재 후 경과 연수 17"
firealt_talucci2025,firealt_talucci2025_0177,Paulson rob (burned),61.85747,130.4135,2019,6,80.8,probe,direct_dated,5,Russia,Russia_C,"Talucci, A., Loranty, M., Holloway, J., Rogers, B., Alexander, H., et al. (2024) FireALT dataset: estimated active layer thickness for paired burned unburned sites measured from 2001-2023. NSF Arctic Data Center. https://doi.org/10.18739/A2RN3092P. 자료 논문: Talucci, A. C., et al. (2025) Permafrost-wildfire interactions: active layer thickness estimates for paired burned and unburned sites in northern high latitudes. Earth System Science Data 17, 2887-2909, https://doi.org/10.5194/essd-17-2887-2025",CC BY 4.0,Yakutia_C,2019-06-14,none,single_visit,,,9.9599,0.0001,1,burned,0,FireALT 기여 자료(lastNm 열): Paulson,,ok,"기여자 Paulson; siteId rob; plot 1개; 연중 방문 1회(8월 1일 이후 0회); msrType thaw; 식생 DN; 영구동토 분포 C; 생태지역 East Siberian taiga; 화재 연도 2002, 화재 후 경과 연수 17"
firealt_talucci2025,firealt_talucci2025_0178,Paulson rob (unburned),61.8727,130.4798,2019,6,36,probe,direct_dated,5,Russia,Russia_C,"Talucci, A., Loranty, M., Holloway, J., Rogers, B., Alexander, H., et al. (2024) FireALT dataset: estimated active layer thickness for paired burned unburned sites measured from 2001-2023. NSF Arctic Data Center. https://doi.org/10.18739/A2RN3092P. 자료 논문: Talucci, A. C., et al. (2025) Permafrost-wildfire interactions: active layer thickness estimates for paired burned and unburned sites in northern high latitudes. Earth System Science Data 17, 2887-2909, https://doi.org/10.5194/essd-17-2887-2025",CC BY 4.0,Yakutia_C,2019-06-11,none,single_visit,,,10.9087,0.0001,0,,0,FireALT 기여 자료(lastNm 열): Paulson,,ok,기여자 Paulson; siteId rob; plot 1개; 연중 방문 1회(8월 1일 이후 0회); msrType thaw; 식생 DN; 영구동토 분포 C; 생태지역 East Siberian taiga
firealt_talucci2025,firealt_talucci2025_0179,Paulson rob (burned),61.87308,130.4793,2019,6,49.6,probe,direct_dated,5,Russia,Russia_C,"Talucci, A., Loranty, M., Holloway, J., Rogers, B., Alexander, H., et al. (2024) FireALT dataset: estimated active layer thickness for paired burned unburned sites measured from 2001-2023. NSF Arctic Data Center. https://doi.org/10.18739/A2RN3092P. 자료 논문: Talucci, A. C., et al. (2025) Permafrost-wildfire interactions: active layer thickness estimates for paired burned and unburned sites in northern high latitudes. Earth System Science Data 17, 2887-2909, https://doi.org/10.5194/essd-17-2887-2025",CC BY 4.0,Yakutia_C,2019-06-11,none,single_visit,,,9.8387,0.0001,1,burned,0,FireALT 기여 자료(lastNm 열): Paulson,,ok,"기여자 Paulson; siteId rob; plot 1개; 연중 방문 1회(8월 1일 이후 0회); msrType thaw; 식생 DN; 영구동토 분포 C; 생태지역 East Siberian taiga; 화재 연도 2002, 화재 후 경과 연수 17"
firealt_talucci2025,firealt_talucci2025_0180,Paulson rob (burned),61.87347,130.4785,2019,6,51.6,probe,direct_dated,5,Russia,Russia_C,"Talucci, A., Loranty, M., Holloway, J., Rogers, B., Alexander, H., et al. (2024) FireALT dataset: estimated active layer thickness for paired burned unburned sites measured from 2001-2023. NSF Arctic Data Center. https://doi.org/10.18739/A2RN3092P. 자료 논문: Talucci, A. C., et al. (2025) Permafrost-wildfire interactions: active layer thickness estimates for paired burned and unburned sites in northern high latitudes. Earth System Science Data 17, 2887-2909, https://doi.org/10.5194/essd-17-2887-2025",CC BY 4.0,Yakutia_C,2019-06-11,none,single_visit,,,14.6561,0.0001,1,burned,0,FireALT 기여 자료(lastNm 열): Paulson,,ok,"기여자 Paulson; siteId rob; plot 1개; 연중 방문 1회(8월 1일 이후 0회); msrType thaw; 식생 DN; 영구동토 분포 C; 생태지역 East Siberian taiga; 화재 연도 2002, 화재 후 경과 연수 17"
firealt_talucci2025,firealt_talucci2025_0181,Paulson rob (burned),61.87409,130.4778,2019,6,54.4,probe,direct_dated,5,Russia,Russia_C,"Talucci, A., Loranty, M., Holloway, J., Rogers, B., Alexander, H., et al. (2024) FireALT dataset: estimated active layer thickness for paired burned unburned sites measured from 2001-2023. NSF Arctic Data Center. https://doi.org/10.18739/A2RN3092P. 자료 논문: Talucci, A. C., et al. (2025) Permafrost-wildfire interactions: active layer thickness estimates for paired burned and unburned sites in northern high latitudes. Earth System Science Data 17, 2887-2909, https://doi.org/10.5194/essd-17-2887-2025",CC BY 4.0,Yakutia_C,2019-06-11,none,single_visit,,,5.8138,0.0001,1,burned,0,FireALT 기여 자료(lastNm 열): Paulson,,ok,"기여자 Paulson; siteId rob; plot 1개; 연중 방문 1회(8월 1일 이후 0회); msrType thaw; 식생 DN; 영구동토 분포 C; 생태지역 East Siberian taiga; 화재 연도 2002, 화재 후 경과 연수 17"
firealt_talucci2025,firealt_talucci2025_0182,Delcourt yert (unburned),61.93153,126.119,2019,8,141.8571,probe,direct_eos,7,Russia,Russia_C,"Talucci, A., Loranty, M., Holloway, J., Rogers, B., Alexander, H., et al. (2024) FireALT dataset: estimated active layer thickness for paired burned unburned sites measured from 2001-2023. NSF Arctic Data Center. https://doi.org/10.18739/A2RN3092P. 자료 논문: Talucci, A. C., et al. (2025) Permafrost-wildfire interactions: active layer thickness estimates for paired burned and unburned sites in northern high latitudes. Earth System Science Data 17, 2887-2909, https://doi.org/10.5194/essd-17-2887-2025",CC BY 4.0,Yakutia_C,2019-08-07,record_date,single_visit,,,12.2397,0.001,0,,0,FireALT 기여 자료(lastNm 열): Delcourt-Veraverbeke,,ok,기여자 Delcourt; siteId yert; plot 1개; 연중 방문 1회(8월 1일 이후 1회); msrType thaw; 식생 EN; 영구동토 분포 C; 생태지역 East Siberian taiga
firealt_talucci2025,firealt_talucci2025_0183,Delcourt yert (unburned),61.94,126.0829,2019,8,125.2,probe,direct_eos,10,Russia,Russia_C,"Talucci, A., Loranty, M., Holloway, J., Rogers, B., Alexander, H., et al. (2024) FireALT dataset: estimated active layer thickness for paired burned unburned sites measured from 2001-2023. NSF Arctic Data Center. https://doi.org/10.18739/A2RN3092P. 자료 논문: Talucci, A. C., et al. (2025) Permafrost-wildfire interactions: active layer thickness estimates for paired burned and unburned sites in northern high latitudes. Earth System Science Data 17, 2887-2909, https://doi.org/10.5194/essd-17-2887-2025",CC BY 4.0,Yakutia_C,2019-08-04,record_date,single_visit,,,17.8687,0.01,0,,0,FireALT 기여 자료(lastNm 열): Delcourt-Veraverbeke,,ok,기여자 Delcourt; siteId yert; plot 1개; 연중 방문 1회(8월 1일 이후 1회); msrType thaw; 식생 MNM; 영구동토 분포 C; 생태지역 East Siberian taiga
firealt_talucci2025,firealt_talucci2025_0184,Delcourt yert (burned),61.95274,126.0764,2019,8,120.7,probe,direct_eos,10,Russia,Russia_C,"Talucci, A., Loranty, M., Holloway, J., Rogers, B., Alexander, H., et al. (2024) FireALT dataset: estimated active layer thickness for paired burned unburned sites measured from 2001-2023. NSF Arctic Data Center. https://doi.org/10.18739/A2RN3092P. 자료 논문: Talucci, A. C., et al. (2025) Permafrost-wildfire interactions: active layer thickness estimates for paired burned and unburned sites in northern high latitudes. Earth System Science Data 17, 2887-2909, https://doi.org/10.5194/essd-17-2887-2025",CC BY 4.0,Yakutia_C,2019-08-07,record_date,single_visit,,,10.2421,0.0001,1,burned,0,FireALT 기여 자료(lastNm 열): Delcourt-Veraverbeke,,ok,"기여자 Delcourt; siteId yert; plot 1개; 연중 방문 1회(8월 1일 이후 1회); msrType thaw; 식생 MBM; 영구동토 분포 C; 생태지역 East Siberian taiga; 화재 연도 2018, 화재 후 경과 연수 1"
firealt_talucci2025,firealt_talucci2025_0185,Paulson maya (burned),61.95503,130.1675,2019,6,71.4,probe,direct_dated,5,Russia,Russia_C,"Talucci, A., Loranty, M., Holloway, J., Rogers, B., Alexander, H., et al. (2024) FireALT dataset: estimated active layer thickness for paired burned unburned sites measured from 2001-2023. NSF Arctic Data Center. https://doi.org/10.18739/A2RN3092P. 자료 논문: Talucci, A. C., et al. (2025) Permafrost-wildfire interactions: active layer thickness estimates for paired burned and unburned sites in northern high latitudes. Earth System Science Data 17, 2887-2909, https://doi.org/10.5194/essd-17-2887-2025",CC BY 4.0,Yakutia_C,2019-06-12,none,single_visit,,,5.1769,0.0001,1,burned,0,FireALT 기여 자료(lastNm 열): Paulson,,ok,"기여자 Paulson; siteId maya; plot 1개; 연중 방문 1회(8월 1일 이후 0회); msrType thaw; 식생 DN; 영구동토 분포 C; 생태지역 East Siberian taiga; 화재 연도 2002, 화재 후 경과 연수 17"
firealt_talucci2025,firealt_talucci2025_0186,Paulson maya (burned),61.95528,130.1689,2019,6,59.4,probe,direct_dated,5,Russia,Russia_C,"Talucci, A., Loranty, M., Holloway, J., Rogers, B., Alexander, H., et al. (2024) FireALT dataset: estimated active layer thickness for paired burned unburned sites measured from 2001-2023. NSF Arctic Data Center. https://doi.org/10.18739/A2RN3092P. 자료 논문: Talucci, A. C., et al. (2025) Permafrost-wildfire interactions: active layer thickness estimates for paired burned and unburned sites in northern high latitudes. Earth System Science Data 17, 2887-2909, https://doi.org/10.5194/essd-17-2887-2025",CC BY 4.0,Yakutia_C,2019-06-12,none,single_visit,,,11.929,0.0001,1,burned,0,FireALT 기여 자료(lastNm 열): Paulson,,ok,"기여자 Paulson; siteId maya; plot 1개; 연중 방문 1회(8월 1일 이후 0회); msrType thaw; 식생 DN; 영구동토 분포 C; 생태지역 East Siberian taiga; 화재 연도 2002, 화재 후 경과 연수 17"
firealt_talucci2025,firealt_talucci2025_0187,Paulson maya (burned),61.95543,130.1698,2019,6,70.2,probe,direct_dated,5,Russia,Russia_C,"Talucci, A., Loranty, M., Holloway, J., Rogers, B., Alexander, H., et al. (2024) FireALT dataset: estimated active layer thickness for paired burned unburned sites measured from 2001-2023. NSF Arctic Data Center. https://doi.org/10.18739/A2RN3092P. 자료 논문: Talucci, A. C., et al. (2025) Permafrost-wildfire interactions: active layer thickness estimates for paired burned and unburned sites in northern high latitudes. Earth System Science Data 17, 2887-2909, https://doi.org/10.5194/essd-17-2887-2025",CC BY 4.0,Yakutia_C,2019-06-12,none,single_visit,,,6.3008,0.0001,1,burned,0,FireALT 기여 자료(lastNm 열): Paulson,,ok,"기여자 Paulson; siteId maya; plot 1개; 연중 방문 1회(8월 1일 이후 0회); msrType thaw; 식생 DN; 영구동토 분포 C; 생태지역 East Siberian taiga; 화재 연도 2002, 화재 후 경과 연수 17"
firealt_talucci2025,firealt_talucci2025_0188,Paulson maya (unburned),61.95553,130.1708,2019,6,38.8,probe,direct_dated,5,Russia,Russia_C,"Talucci, A., Loranty, M., Holloway, J., Rogers, B., Alexander, H., et al. (2024) FireALT dataset: estimated active layer thickness for paired burned unburned sites measured from 2001-2023. NSF Arctic Data Center. https://doi.org/10.18739/A2RN3092P. 자료 논문: Talucci, A. C., et al. (2025) Permafrost-wildfire interactions: active layer thickness estimates for paired burned and unburned sites in northern high latitudes. Earth System Science Data 17, 2887-2909, https://doi.org/10.5194/essd-17-2887-2025",CC BY 4.0,Yakutia_C,2019-06-12,none,single_visit,,,8.7006,0.0001,0,,0,FireALT 기여 자료(lastNm 열): Paulson,,ok,기여자 Paulson; siteId maya; plot 1개; 연중 방문 1회(8월 1일 이후 0회); msrType thaw; 식생 DN; 영구동토 분포 C; 생태지역 East Siberian taiga
firealt_talucci2025,firealt_talucci2025_0189,Delcourt yert (unburned),61.95941,126.0171,2019,8,99.1,probe,direct_eos,10,Russia,Russia_C,"Talucci, A., Loranty, M., Holloway, J., Rogers, B., Alexander, H., et al. (2024) FireALT dataset: estimated active layer thickness for paired burned unburned sites measured from 2001-2023. NSF Arctic Data Center. https://doi.org/10.18739/A2RN3092P. 자료 논문: Talucci, A. C., et al. (2025) Permafrost-wildfire interactions: active layer thickness estimates for paired burned and unburned sites in northern high latitudes. Earth System Science Data 17, 2887-2909, https://doi.org/10.5194/essd-17-2887-2025",CC BY 4.0,Yakutia_C,2019-08-06,record_date,single_visit,,,10.6609,0.0001,0,,0,FireALT 기여 자료(lastNm 열): Delcourt-Veraverbeke,,ok,기여자 Delcourt; siteId yert; plot 1개; 연중 방문 1회(8월 1일 이후 1회); msrType thaw; 식생 DN; 영구동토 분포 C; 생태지역 East Siberian taiga
firealt_talucci2025,firealt_talucci2025_0190,Delcourt yert (burned),61.9606,126.0195,2019,8,172.1,probe,direct_eos,10,Russia,Russia_C,"Talucci, A., Loranty, M., Holloway, J., Rogers, B., Alexander, H., et al. (2024) FireALT dataset: estimated active layer thickness for paired burned unburned sites measured from 2001-2023. NSF Arctic Data Center. https://doi.org/10.18739/A2RN3092P. 자료 논문: Talucci, A. C., et al. (2025) Permafrost-wildfire interactions: active layer thickness estimates for paired burned and unburned sites in northern high latitudes. Earth System Science Data 17, 2887-2909, https://doi.org/10.5194/essd-17-2887-2025",CC BY 4.0,Yakutia_C,2019-08-06,record_date,single_visit,,,8.4255,0.0001,1,burned,0,FireALT 기여 자료(lastNm 열): Delcourt-Veraverbeke,,ok,"기여자 Delcourt; siteId yert; plot 1개; 연중 방문 1회(8월 1일 이후 1회); msrType thaw; 식생 DN; 영구동토 분포 C; 생태지역 East Siberian taiga; 화재 연도 2018, 화재 후 경과 연수 1"
firealt_talucci2025,firealt_talucci2025_0191,Delcourt yert (unburned),61.96198,126.0099,2019,8,96.6,probe,direct_eos,10,Russia,Russia_C,"Talucci, A., Loranty, M., Holloway, J., Rogers, B., Alexander, H., et al. (2024) FireALT dataset: estimated active layer thickness for paired burned unburned sites measured from 2001-2023. NSF Arctic Data Center. https://doi.org/10.18739/A2RN3092P. 자료 논문: Talucci, A. C., et al. (2025) Permafrost-wildfire interactions: active layer thickness estimates for paired burned and unburned sites in northern high latitudes. Earth System Science Data 17, 2887-2909, https://doi.org/10.5194/essd-17-2887-2025",CC BY 4.0,Yakutia_C,2019-08-06,record_date,single_visit,,,16.1672,0.0001,0,,0,FireALT 기여 자료(lastNm 열): Delcourt-Veraverbeke,,ok,기여자 Delcourt; siteId yert; plot 1개; 연중 방문 1회(8월 1일 이후 1회); msrType thaw; 식생 DN; 영구동토 분포 C; 생태지역 East Siberian taiga
firealt_talucci2025,firealt_talucci2025_0192,Delcourt yert (burned),61.96376,126.0095,2019,8,150.2,probe,direct_eos,10,Russia,Russia_C,"Talucci, A., Loranty, M., Holloway, J., Rogers, B., Alexander, H., et al. (2024) FireALT dataset: estimated active layer thickness for paired burned unburned sites measured from 2001-2023. NSF Arctic Data Center. https://doi.org/10.18739/A2RN3092P. 자료 논문: Talucci, A. C., et al. (2025) Permafrost-wildfire interactions: active layer thickness estimates for paired burned and unburned sites in northern high latitudes. Earth System Science Data 17, 2887-2909, https://doi.org/10.5194/essd-17-2887-2025",CC BY 4.0,Yakutia_C,2019-08-06,record_date,single_visit,,,8.1213,0.0001,1,burned,0,FireALT 기여 자료(lastNm 열): Delcourt-Veraverbeke,,ok,"기여자 Delcourt; siteId yert; plot 1개; 연중 방문 1회(8월 1일 이후 1회); msrType thaw; 식생 M; 영구동토 분포 C; 생태지역 East Siberian taiga; 화재 연도 2018, 화재 후 경과 연수 1"
firealt_talucci2025,firealt_talucci2025_0193,Paulson korova (burned),61.99669,131.8222,2019,6,38.6,probe,direct_dated,5,Russia,Russia_C,"Talucci, A., Loranty, M., Holloway, J., Rogers, B., Alexander, H., et al. (2024) FireALT dataset: estimated active layer thickness for paired burned unburned sites measured from 2001-2023. NSF Arctic Data Center. https://doi.org/10.18739/A2RN3092P. 자료 논문: Talucci, A. C., et al. (2025) Permafrost-wildfire interactions: active layer thickness estimates for paired burned and unburned sites in northern high latitudes. Earth System Science Data 17, 2887-2909, https://doi.org/10.5194/essd-17-2887-2025",CC BY 4.0,Yakutia_C,2019-06-13,none,single_visit,,,5.3666,0.0001,1,burned,0,FireALT 기여 자료(lastNm 열): Paulson,,ok,"기여자 Paulson; siteId korova; plot 1개; 연중 방문 1회(8월 1일 이후 0회); msrType thaw; 식생 DN; 영구동토 분포 C; 생태지역 East Siberian taiga; 화재 연도 2002, 화재 후 경과 연수 17"
firealt_talucci2025,firealt_talucci2025_0194,Paulson korova (burned),61.99706,131.821,2019,6,48.4,probe,direct_dated,5,Russia,Russia_C,"Talucci, A., Loranty, M., Holloway, J., Rogers, B., Alexander, H., et al. (2024) FireALT dataset: estimated active layer thickness for paired burned unburned sites measured from 2001-2023. NSF Arctic Data Center. https://doi.org/10.18739/A2RN3092P. 자료 논문: Talucci, A. C., et al. (2025) Permafrost-wildfire interactions: active layer thickness estimates for paired burned and unburned sites in northern high latitudes. Earth System Science Data 17, 2887-2909, https://doi.org/10.5194/essd-17-2887-2025",CC BY 4.0,Yakutia_C,2019-06-13,none,single_visit,,,11.6748,0.001,1,burned,0,FireALT 기여 자료(lastNm 열): Paulson,,ok,"기여자 Paulson; siteId korova; plot 1개; 연중 방문 1회(8월 1일 이후 0회); msrType thaw; 식생 DN; 영구동토 분포 C; 생태지역 East Siberian taiga; 화재 연도 2002, 화재 후 경과 연수 17"
firealt_talucci2025,firealt_talucci2025_0195,Paulson korova (burned),61.99731,131.8201,2019,6,45,probe,direct_dated,5,Russia,Russia_C,"Talucci, A., Loranty, M., Holloway, J., Rogers, B., Alexander, H., et al. (2024) FireALT dataset: estimated active layer thickness for paired burned unburned sites measured from 2001-2023. NSF Arctic Data Center. https://doi.org/10.18739/A2RN3092P. 자료 논문: Talucci, A. C., et al. (2025) Permafrost-wildfire interactions: active layer thickness estimates for paired burned and unburned sites in northern high latitudes. Earth System Science Data 17, 2887-2909, https://doi.org/10.5194/essd-17-2887-2025",CC BY 4.0,Yakutia_C,2019-06-13,none,single_visit,,,9.1924,0.0001,1,burned,0,FireALT 기여 자료(lastNm 열): Paulson,,ok,"기여자 Paulson; siteId korova; plot 1개; 연중 방문 1회(8월 1일 이후 0회); msrType thaw; 식생 DN; 영구동토 분포 C; 생태지역 East Siberian taiga; 화재 연도 2002, 화재 후 경과 연수 17"
firealt_talucci2025,firealt_talucci2025_0196,Paulson korova (unburned),61.99755,131.8193,2019,6,21.2,probe,direct_dated,5,Russia,Russia_C,"Talucci, A., Loranty, M., Holloway, J., Rogers, B., Alexander, H., et al. (2024) FireALT dataset: estimated active layer thickness for paired burned unburned sites measured from 2001-2023. NSF Arctic Data Center. https://doi.org/10.18739/A2RN3092P. 자료 논문: Talucci, A. C., et al. (2025) Permafrost-wildfire interactions: active layer thickness estimates for paired burned and unburned sites in northern high latitudes. Earth System Science Data 17, 2887-2909, https://doi.org/10.5194/essd-17-2887-2025",CC BY 4.0,Yakutia_C,2019-06-13,none,single_visit,,,6.1806,0.0001,0,,0,FireALT 기여 자료(lastNm 열): Paulson,,ok,기여자 Paulson; siteId korova; plot 1개; 연중 방문 1회(8월 1일 이후 0회); msrType thaw; 식생 DN; 영구동토 분포 C; 생태지역 East Siberian taiga
firealt_talucci2025,firealt_talucci2025_0197,Delcourt yert (unburned),62.06311,125.8376,2019,8,76.4,probe,direct_eos,10,Russia,Russia_C,"Talucci, A., Loranty, M., Holloway, J., Rogers, B., Alexander, H., et al. (2024) FireALT dataset: estimated active layer thickness for paired burned unburned sites measured from 2001-2023. NSF Arctic Data Center. https://doi.org/10.18739/A2RN3092P. 자료 논문: Talucci, A. C., et al. (2025) Permafrost-wildfire interactions: active layer thickness estimates for paired burned and unburned sites in northern high latitudes. Earth System Science Data 17, 2887-2909, https://doi.org/10.5194/essd-17-2887-2025",CC BY 4.0,Yakutia_C,2019-08-05,record_date,single_visit,,,10.1456,0.0001,0,,0,FireALT 기여 자료(lastNm 열): Delcourt-Veraverbeke,,ok,기여자 Delcourt; siteId yert; plot 1개; 연중 방문 1회(8월 1일 이후 1회); msrType thaw; 식생 MNM; 영구동토 분포 C; 생태지역 East Siberian taiga
firealt_talucci2025,firealt_talucci2025_0198,Delcourt yert (unburned),62.06353,125.8464,2019,8,78.7,probe,direct_eos,10,Russia,Russia_C,"Talucci, A., Loranty, M., Holloway, J., Rogers, B., Alexander, H., et al. (2024) FireALT dataset: estimated active layer thickness for paired burned unburned sites measured from 2001-2023. NSF Arctic Data Center. https://doi.org/10.18739/A2RN3092P. 자료 논문: Talucci, A. C., et al. (2025) Permafrost-wildfire interactions: active layer thickness estimates for paired burned and unburned sites in northern high latitudes. Earth System Science Data 17, 2887-2909, https://doi.org/10.5194/essd-17-2887-2025",CC BY 4.0,Yakutia_C,2019-08-05,record_date,single_visit,,,11.2452,0.0001,0,,0,FireALT 기여 자료(lastNm 열): Delcourt-Veraverbeke,,ok,기여자 Delcourt; siteId yert; plot 1개; 연중 방문 1회(8월 1일 이후 1회); msrType thaw; 식생 DN; 영구동토 분포 C; 생태지역 East Siberian taiga
firealt_talucci2025,firealt_talucci2025_0199,Delcourt yert (unburned),62.06522,125.8492,2019,8,69.2,probe,direct_eos,10,Russia,Russia_C,"Talucci, A., Loranty, M., Holloway, J., Rogers, B., Alexander, H., et al. (2024) FireALT dataset: estimated active layer thickness for paired burned unburned sites measured from 2001-2023. NSF Arctic Data Center. https://doi.org/10.18739/A2RN3092P. 자료 논문: Talucci, A. C., et al. (2025) Permafrost-wildfire interactions: active layer thickness estimates for paired burned and unburned sites in northern high latitudes. Earth System Science Data 17, 2887-2909, https://doi.org/10.5194/essd-17-2887-2025",CC BY 4.0,Yakutia_C,2019-08-05,record_date,single_visit,,,6.4429,0.0001,0,,0,FireALT 기여 자료(lastNm 열): Delcourt-Veraverbeke,,ok,기여자 Delcourt; siteId yert; plot 1개; 연중 방문 1회(8월 1일 이후 1회); msrType thaw; 식생 DN; 영구동토 분포 C; 생태지역 East Siberian taiga
firealt_talucci2025,firealt_talucci2025_0200,Delcourt yert (burned),62.07055,125.9119,2019,8,93.2,probe,direct_eos,10,Russia,Russia_C,"Talucci, A., Loranty, M., Holloway, J., Rogers, B., Alexander, H., et al. (2024) FireALT dataset: estimated active layer thickness for paired burned unburned sites measured from 2001-2023. NSF Arctic Data Center. https://doi.org/10.18739/A2RN3092P. 자료 논문: Talucci, A. C., et al. (2025) Permafrost-wildfire interactions: active layer thickness estimates for paired burned and unburned sites in northern high latitudes. Earth System Science Data 17, 2887-2909, https://doi.org/10.5194/essd-17-2887-2025",CC BY 4.0,Yakutia_C,2019-08-01,record_date,single_visit,,,9.9644,0.0001,1,burned,0,FireALT 기여 자료(lastNm 열): Delcourt-Veraverbeke,,ok,"기여자 Delcourt; siteId yert; plot 1개; 연중 방문 1회(8월 1일 이후 1회); msrType thaw; 식생 MNM; 영구동토 분포 C; 생태지역 East Siberian taiga; 화재 연도 2018, 화재 후 경과 연수 1"
firealt_talucci2025,firealt_talucci2025_0201,Delcourt yert (burned),62.07247,125.8988,2019,7,118.5,probe,direct_dated,10,Russia,Russia_C,"Talucci, A., Loranty, M., Holloway, J., Rogers, B., Alexander, H., et al. (2024) FireALT dataset: estimated active layer thickness for paired burned unburned sites measured from 2001-2023. NSF Arctic Data Center. https://doi.org/10.18739/A2RN3092P. 자료 논문: Talucci, A. C., et al. (2025) Permafrost-wildfire interactions: active layer thickness estimates for paired burned and unburned sites in northern high latitudes. Earth System Science Data 17, 2887-2909, https://doi.org/10.5194/essd-17-2887-2025",CC BY 4.0,Yakutia_C,2019-07-30,none,single_visit,,,8.263,0.0001,1,burned,0,FireALT 기여 자료(lastNm 열): Delcourt-Veraverbeke,,ok,"기여자 Delcourt; siteId yert; plot 1개; 연중 방문 1회(8월 1일 이후 0회); msrType thaw; 식생 MNM; 영구동토 분포 C; 생태지역 East Siberian taiga; 화재 연도 2018, 화재 후 경과 연수 1"
firealt_talucci2025,firealt_talucci2025_0202,Delcourt yert (burned),62.07349,125.907,2019,8,127.5,probe,direct_eos,10,Russia,Russia_C,"Talucci, A., Loranty, M., Holloway, J., Rogers, B., Alexander, H., et al. (2024) FireALT dataset: estimated active layer thickness for paired burned unburned sites measured from 2001-2023. NSF Arctic Data Center. https://doi.org/10.18739/A2RN3092P. 자료 논문: Talucci, A. C., et al. (2025) Permafrost-wildfire interactions: active layer thickness estimates for paired burned and unburned sites in northern high latitudes. Earth System Science Data 17, 2887-2909, https://doi.org/10.5194/essd-17-2887-2025",CC BY 4.0,Yakutia_C,2019-08-02,record_date,single_visit,,,6.7041,0.001,1,burned,0,FireALT 기여 자료(lastNm 열): Delcourt-Veraverbeke,,ok,"기여자 Delcourt; siteId yert; plot 1개; 연중 방문 1회(8월 1일 이후 1회); msrType thaw; 식생 MNM; 영구동토 분포 C; 생태지역 East Siberian taiga; 화재 연도 2018, 화재 후 경과 연수 1"
firealt_talucci2025,firealt_talucci2025_0203,Delcourt yert (burned),62.07673,125.9035,2019,8,117.3,probe,direct_eos,10,Russia,Russia_C,"Talucci, A., Loranty, M., Holloway, J., Rogers, B., Alexander, H., et al. (2024) FireALT dataset: estimated active layer thickness for paired burned unburned sites measured from 2001-2023. NSF Arctic Data Center. https://doi.org/10.18739/A2RN3092P. 자료 논문: Talucci, A. C., et al. (2025) Permafrost-wildfire interactions: active layer thickness estimates for paired burned and unburned sites in northern high latitudes. Earth System Science Data 17, 2887-2909, https://doi.org/10.5194/essd-17-2887-2025",CC BY 4.0,Yakutia_C,2019-08-02,record_date,single_visit,,,13.2418,0.0001,1,burned,0,FireALT 기여 자료(lastNm 열): Delcourt-Veraverbeke,,ok,"기여자 Delcourt; siteId yert; plot 1개; 연중 방문 1회(8월 1일 이후 1회); msrType thaw; 식생 DN; 영구동토 분포 C; 생태지역 East Siberian taiga; 화재 연도 2018, 화재 후 경과 연수 1"
firealt_talucci2025,firealt_talucci2025_0204,Delcourt yert (burned),62.07789,125.8963,2019,7,85,probe,direct_dated,10,Russia,Russia_C,"Talucci, A., Loranty, M., Holloway, J., Rogers, B., Alexander, H., et al. (2024) FireALT dataset: estimated active layer thickness for paired burned unburned sites measured from 2001-2023. NSF Arctic Data Center. https://doi.org/10.18739/A2RN3092P. 자료 논문: Talucci, A. C., et al. (2025) Permafrost-wildfire interactions: active layer thickness estimates for paired burned and unburned sites in northern high latitudes. Earth System Science Data 17, 2887-2909, https://doi.org/10.5194/essd-17-2887-2025",CC BY 4.0,Yakutia_C,2019-07-30,none,single_visit,,,5.7155,0.0001,1,burned,0,FireALT 기여 자료(lastNm 열): Delcourt-Veraverbeke,,ok,"기여자 Delcourt; siteId yert; plot 1개; 연중 방문 1회(8월 1일 이후 0회); msrType thaw; 식생 M; 영구동토 분포 C; 생태지역 East Siberian taiga; 화재 연도 2018, 화재 후 경과 연수 1"
firealt_talucci2025,firealt_talucci2025_0205,Delcourt yert (burned),62.07823,125.9636,2019,7,151.7,probe,direct_dated,10,Russia,Russia_C,"Talucci, A., Loranty, M., Holloway, J., Rogers, B., Alexander, H., et al. (2024) FireALT dataset: estimated active layer thickness for paired burned unburned sites measured from 2001-2023. NSF Arctic Data Center. https://doi.org/10.18739/A2RN3092P. 자료 논문: Talucci, A. C., et al. (2025) Permafrost-wildfire interactions: active layer thickness estimates for paired burned and unburned sites in northern high latitudes. Earth System Science Data 17, 2887-2909, https://doi.org/10.5194/essd-17-2887-2025",CC BY 4.0,Yakutia_C,2019-07-31,none,single_visit,,,16.9905,0.0001,1,burned,0,FireALT 기여 자료(lastNm 열): Delcourt-Veraverbeke,,ok,"기여자 Delcourt; siteId yert; plot 1개; 연중 방문 1회(8월 1일 이후 0회); msrType thaw; 식생 MBM; 영구동토 분포 C; 생태지역 East Siberian taiga; 화재 연도 2018, 화재 후 경과 연수 1"
firealt_talucci2025,firealt_talucci2025_0206,Delcourt yert (burned),62.07857,125.9267,2019,8,127.6,probe,direct_eos,10,Russia,Russia_C,"Talucci, A., Loranty, M., Holloway, J., Rogers, B., Alexander, H., et al. (2024) FireALT dataset: estimated active layer thickness for paired burned unburned sites measured from 2001-2023. NSF Arctic Data Center. https://doi.org/10.18739/A2RN3092P. 자료 논문: Talucci, A. C., et al. (2025) Permafrost-wildfire interactions: active layer thickness estimates for paired burned and unburned sites in northern high latitudes. Earth System Science Data 17, 2887-2909, https://doi.org/10.5194/essd-17-2887-2025",CC BY 4.0,Yakutia_C,2019-08-01,record_date,single_visit,,,28.8798,0.0001,1,burned,0,FireALT 기여 자료(lastNm 열): Delcourt-Veraverbeke,,ok,"기여자 Delcourt; siteId yert; plot 1개; 연중 방문 1회(8월 1일 이후 1회); msrType thaw; 식생 MNM; 영구동토 분포 C; 생태지역 East Siberian taiga; 화재 연도 2018, 화재 후 경과 연수 1"
firealt_talucci2025,firealt_talucci2025_0207,Delcourt yert (burned),62.08051,125.9102,2019,8,90.7,probe,direct_eos,10,Russia,Russia_C,"Talucci, A., Loranty, M., Holloway, J., Rogers, B., Alexander, H., et al. (2024) FireALT dataset: estimated active layer thickness for paired burned unburned sites measured from 2001-2023. NSF Arctic Data Center. https://doi.org/10.18739/A2RN3092P. 자료 논문: Talucci, A. C., et al. (2025) Permafrost-wildfire interactions: active layer thickness estimates for paired burned and unburned sites in northern high latitudes. Earth System Science Data 17, 2887-2909, https://doi.org/10.5194/essd-17-2887-2025",CC BY 4.0,Yakutia_C,2019-08-02,record_date,single_visit,,,9.6845,0.0001,1,burned,0,FireALT 기여 자료(lastNm 열): Delcourt-Veraverbeke,,ok,"기여자 Delcourt; siteId yert; plot 1개; 연중 방문 1회(8월 1일 이후 1회); msrType thaw; 식생 DN; 영구동토 분포 C; 생태지역 East Siberian taiga; 화재 연도 2018, 화재 후 경과 연수 1"
firealt_talucci2025,firealt_talucci2025_0208,Delcourt yert (burned),62.08263,125.9043,2019,8,131.7,probe,direct_eos,10,Russia,Russia_C,"Talucci, A., Loranty, M., Holloway, J., Rogers, B., Alexander, H., et al. (2024) FireALT dataset: estimated active layer thickness for paired burned unburned sites measured from 2001-2023. NSF Arctic Data Center. https://doi.org/10.18739/A2RN3092P. 자료 논문: Talucci, A. C., et al. (2025) Permafrost-wildfire interactions: active layer thickness estimates for paired burned and unburned sites in northern high latitudes. Earth System Science Data 17, 2887-2909, https://doi.org/10.5194/essd-17-2887-2025",CC BY 4.0,Yakutia_C,2019-08-02,record_date,single_visit,,,10.5098,0.0001,1,burned,0,FireALT 기여 자료(lastNm 열): Delcourt-Veraverbeke,,ok,"기여자 Delcourt; siteId yert; plot 1개; 연중 방문 1회(8월 1일 이후 1회); msrType thaw; 식생 MNM; 영구동토 분포 C; 생태지역 East Siberian taiga; 화재 연도 2018, 화재 후 경과 연수 1"
firealt_talucci2025,firealt_talucci2025_0209,Delcourt yert (burned),62.08689,125.961,2019,7,167.4,probe,direct_dated,10,Russia,Russia_C,"Talucci, A., Loranty, M., Holloway, J., Rogers, B., Alexander, H., et al. (2024) FireALT dataset: estimated active layer thickness for paired burned unburned sites measured from 2001-2023. NSF Arctic Data Center. https://doi.org/10.18739/A2RN3092P. 자료 논문: Talucci, A. C., et al. (2025) Permafrost-wildfire interactions: active layer thickness estimates for paired burned and unburned sites in northern high latitudes. Earth System Science Data 17, 2887-2909, https://doi.org/10.5194/essd-17-2887-2025",CC BY 4.0,Yakutia_C,2019-07-31,none,single_visit,,,4.6236,0.001,1,burned,0,FireALT 기여 자료(lastNm 열): Delcourt-Veraverbeke,,ok,"기여자 Delcourt; siteId yert; plot 1개; 연중 방문 1회(8월 1일 이후 0회); msrType thaw; 식생 MBM; 영구동토 분포 C; 생태지역 East Siberian taiga; 화재 연도 2018, 화재 후 경과 연수 1"
firealt_talucci2025,firealt_talucci2025_0210,Sizov nwsib_p2020_s.1 (unburned),65.85096,74.38171,2020,8,210,probe,direct_eos,1,Russia,Russia_W,"Talucci, A., Loranty, M., Holloway, J., Rogers, B., Alexander, H., et al. (2024) FireALT dataset: estimated active layer thickness for paired burned unburned sites measured from 2001-2023. NSF Arctic Data Center. https://doi.org/10.18739/A2RN3092P. 자료 논문: Talucci, A. C., et al. (2025) Permafrost-wildfire interactions: active layer thickness estimates for paired burned and unburned sites in northern high latitudes. Earth System Science Data 17, 2887-2909, https://doi.org/10.5194/essd-17-2887-2025",CC BY 4.0,,2020-08-16,record_date,single_visit,,,,0.00001,0,,0,"FireALT 기여 자료(lastNm 열): Sizov, Soromotin, Brodt",,ok,기여자 Sizov; siteId nwsib_p2020_s.1; plot 1개; 연중 방문 1회(8월 1일 이후 1회); msrType active; 식생 P; 영구동토 분포 D; 생태지역 Yamal-Gydan tundra
firealt_talucci2025,firealt_talucci2025_0211,Sizov nwsib_p2020_s.6 (burned),66.52213,73.9049,2020,8,190,probe,direct_eos,1,Russia,Russia_W,"Talucci, A., Loranty, M., Holloway, J., Rogers, B., Alexander, H., et al. (2024) FireALT dataset: estimated active layer thickness for paired burned unburned sites measured from 2001-2023. NSF Arctic Data Center. https://doi.org/10.18739/A2RN3092P. 자료 논문: Talucci, A. C., et al. (2025) Permafrost-wildfire interactions: active layer thickness estimates for paired burned and unburned sites in northern high latitudes. Earth System Science Data 17, 2887-2909, https://doi.org/10.5194/essd-17-2887-2025",CC BY 4.0,,2020-08-17,record_date,single_visit,,,,0.0001,1,burned,0,"FireALT 기여 자료(lastNm 열): Sizov, Soromotin, Brodt",,ok,"기여자 Sizov; siteId nwsib_p2020_s.6; plot 1개; 연중 방문 1회(8월 1일 이후 1회); msrType active; 식생 P; 영구동토 분포 D; 생태지역 Yamal-Gydan tundra; 화재 연도 2016, 화재 후 경과 연수 4"
firealt_talucci2025,firealt_talucci2025_0212,Sizov nwsib_p2020_s.7 (unburned),66.53593,73.88074,2020,8,110,probe,direct_eos,1,Russia,Russia_W,"Talucci, A., Loranty, M., Holloway, J., Rogers, B., Alexander, H., et al. (2024) FireALT dataset: estimated active layer thickness for paired burned unburned sites measured from 2001-2023. NSF Arctic Data Center. https://doi.org/10.18739/A2RN3092P. 자료 논문: Talucci, A. C., et al. (2025) Permafrost-wildfire interactions: active layer thickness estimates for paired burned and unburned sites in northern high latitudes. Earth System Science Data 17, 2887-2909, https://doi.org/10.5194/essd-17-2887-2025",CC BY 4.0,,2020-08-17,record_date,single_visit,,,,0.00001,0,,0,"FireALT 기여 자료(lastNm 열): Sizov, Soromotin, Brodt",,ok,기여자 Sizov; siteId nwsib_p2020_s.7; plot 1개; 연중 방문 1회(8월 1일 이후 1회); msrType active; 식생 P; 영구동토 분포 C; 생태지역 Yamal-Gydan tundra
firealt_talucci2025,firealt_talucci2025_0213,Paulson gonzo (unburned),67.52828,154.929,2018,6,27.8,probe,direct_dated,5,Russia,Russia_E,"Talucci, A., Loranty, M., Holloway, J., Rogers, B., Alexander, H., et al. (2024) FireALT dataset: estimated active layer thickness for paired burned unburned sites measured from 2001-2023. NSF Arctic Data Center. https://doi.org/10.18739/A2RN3092P. 자료 논문: Talucci, A. C., et al. (2025) Permafrost-wildfire interactions: active layer thickness estimates for paired burned and unburned sites in northern high latitudes. Earth System Science Data 17, 2887-2909, https://doi.org/10.5194/essd-17-2887-2025",CC BY 4.0,,2018-06-29,none,single_visit,,,8.4676,0.001,0,,0,FireALT 기여 자료(lastNm 열): Paulson,,ok,기여자 Paulson; siteId gonzo; plot 1개; 연중 방문 1회(8월 1일 이후 0회); msrType thaw; 식생 DN; 영구동토 분포 C; 생태지역 Northeast Siberian taiga
firealt_talucci2025,firealt_talucci2025_0214,Paulson gonzo (unburned),67.52844,154.9287,2018,6,36,probe,direct_dated,5,Russia,Russia_E,"Talucci, A., Loranty, M., Holloway, J., Rogers, B., Alexander, H., et al. (2024) FireALT dataset: estimated active layer thickness for paired burned unburned sites measured from 2001-2023. NSF Arctic Data Center. https://doi.org/10.18739/A2RN3092P. 자료 논문: Talucci, A. C., et al. (2025) Permafrost-wildfire interactions: active layer thickness estimates for paired burned and unburned sites in northern high latitudes. Earth System Science Data 17, 2887-2909, https://doi.org/10.5194/essd-17-2887-2025",CC BY 4.0,,2018-06-29,none,single_visit,,,3.3166,0.0001,0,,0,FireALT 기여 자료(lastNm 열): Paulson,,ok,기여자 Paulson; siteId gonzo; plot 1개; 연중 방문 1회(8월 1일 이후 0회); msrType thaw; 식생 DN; 영구동토 분포 C; 생태지역 Northeast Siberian taiga
firealt_talucci2025,firealt_talucci2025_0215,Paulson gonzo (burned),67.61228,155.1173,2018,6,110.3333,probe,direct_dated,3,Russia,Russia_E,"Talucci, A., Loranty, M., Holloway, J., Rogers, B., Alexander, H., et al. (2024) FireALT dataset: estimated active layer thickness for paired burned unburned sites measured from 2001-2023. NSF Arctic Data Center. https://doi.org/10.18739/A2RN3092P. 자료 논문: Talucci, A. C., et al. (2025) Permafrost-wildfire interactions: active layer thickness estimates for paired burned and unburned sites in northern high latitudes. Earth System Science Data 17, 2887-2909, https://doi.org/10.5194/essd-17-2887-2025",CC BY 4.0,,2018-06-30,none,single_visit,,,54.5374,0.0001,1,burned,0,FireALT 기여 자료(lastNm 열): Paulson,,ok,"기여자 Paulson; siteId gonzo; plot 1개; 연중 방문 1회(8월 1일 이후 0회); msrType thaw; 식생 DN; 영구동토 분포 C; 생태지역 Northeast Siberian taiga; 화재 연도 2001, 화재 후 경과 연수 17"
firealt_talucci2025,firealt_talucci2025_0216,Paulson gonzo (unburned),67.61287,155.1114,2018,6,28.8,probe,direct_dated,5,Russia,Russia_E,"Talucci, A., Loranty, M., Holloway, J., Rogers, B., Alexander, H., et al. (2024) FireALT dataset: estimated active layer thickness for paired burned unburned sites measured from 2001-2023. NSF Arctic Data Center. https://doi.org/10.18739/A2RN3092P. 자료 논문: Talucci, A. C., et al. (2025) Permafrost-wildfire interactions: active layer thickness estimates for paired burned and unburned sites in northern high latitudes. Earth System Science Data 17, 2887-2909, https://doi.org/10.5194/essd-17-2887-2025",CC BY 4.0,,2018-06-30,none,single_visit,,,18.86,0.0001,0,,0,FireALT 기여 자료(lastNm 열): Paulson,,ok,기여자 Paulson; siteId gonzo; plot 1개; 연중 방문 1회(8월 1일 이후 0회); msrType thaw; 식생 DN; 영구동토 분포 C; 생태지역 Northeast Siberian taiga
firealt_talucci2025,firealt_talucci2025_0217,Paulson gonzo (unburned),67.6129,155.112,2018,6,38,probe,direct_dated,5,Russia,Russia_E,"Talucci, A., Loranty, M., Holloway, J., Rogers, B., Alexander, H., et al. (2024) FireALT dataset: estimated active layer thickness for paired burned unburned sites measured from 2001-2023. NSF Arctic Data Center. https://doi.org/10.18739/A2RN3092P. 자료 논문: Talucci, A. C., et al. (2025) Permafrost-wildfire interactions: active layer thickness estimates for paired burned and unburned sites in northern high latitudes. Earth System Science Data 17, 2887-2909, https://doi.org/10.5194/essd-17-2887-2025",CC BY 4.0,,2018-06-30,none,single_visit,,,21.6217,0.001,0,,0,FireALT 기여 자료(lastNm 열): Paulson,,ok,기여자 Paulson; siteId gonzo; plot 1개; 연중 방문 1회(8월 1일 이후 0회); msrType thaw; 식생 DN; 영구동토 분포 C; 생태지역 Northeast Siberian taiga
firealt_talucci2025,firealt_talucci2025_0218,Paulson fu (unburned),67.64943,155.3614,2018,7,24,probe,direct_dated,5,Russia,Russia_E,"Talucci, A., Loranty, M., Holloway, J., Rogers, B., Alexander, H., et al. (2024) FireALT dataset: estimated active layer thickness for paired burned unburned sites measured from 2001-2023. NSF Arctic Data Center. https://doi.org/10.18739/A2RN3092P. 자료 논문: Talucci, A. C., et al. (2025) Permafrost-wildfire interactions: active layer thickness estimates for paired burned and unburned sites in northern high latitudes. Earth System Science Data 17, 2887-2909, https://doi.org/10.5194/essd-17-2887-2025",CC BY 4.0,,2018-07-01,none,single_visit,,,7.6485,0.0001,0,,0,FireALT 기여 자료(lastNm 열): Paulson,,ok,기여자 Paulson; siteId fu; plot 1개; 연중 방문 1회(8월 1일 이후 0회); msrType thaw; 식생 DN; 영구동토 분포 C; 생태지역 Northeast Siberian taiga
firealt_talucci2025,firealt_talucci2025_0219,Paulson fu (unburned),67.64965,155.3615,2018,7,25,probe,direct_dated,5,Russia,Russia_E,"Talucci, A., Loranty, M., Holloway, J., Rogers, B., Alexander, H., et al. (2024) FireALT dataset: estimated active layer thickness for paired burned unburned sites measured from 2001-2023. NSF Arctic Data Center. https://doi.org/10.18739/A2RN3092P. 자료 논문: Talucci, A. C., et al. (2025) Permafrost-wildfire interactions: active layer thickness estimates for paired burned and unburned sites in northern high latitudes. Earth System Science Data 17, 2887-2909, https://doi.org/10.5194/essd-17-2887-2025",CC BY 4.0,,2018-07-01,none,single_visit,,,4.3589,0.0001,0,,0,FireALT 기여 자료(lastNm 열): Paulson,,ok,기여자 Paulson; siteId fu; plot 1개; 연중 방문 1회(8월 1일 이후 0회); msrType thaw; 식생 DN; 영구동토 분포 C; 생태지역 Northeast Siberian taiga
firealt_talucci2025,firealt_talucci2025_0220,Paulson fu (burned),67.65022,155.3624,2018,7,42.8,probe,direct_dated,5,Russia,Russia_E,"Talucci, A., Loranty, M., Holloway, J., Rogers, B., Alexander, H., et al. (2024) FireALT dataset: estimated active layer thickness for paired burned unburned sites measured from 2001-2023. NSF Arctic Data Center. https://doi.org/10.18739/A2RN3092P. 자료 논문: Talucci, A. C., et al. (2025) Permafrost-wildfire interactions: active layer thickness estimates for paired burned and unburned sites in northern high latitudes. Earth System Science Data 17, 2887-2909, https://doi.org/10.5194/essd-17-2887-2025",CC BY 4.0,,2018-07-01,none,single_visit,,,12.3369,0.0001,1,burned,0,FireALT 기여 자료(lastNm 열): Paulson,,ok,"기여자 Paulson; siteId fu; plot 1개; 연중 방문 1회(8월 1일 이후 0회); msrType thaw; 식생 DN; 영구동토 분포 C; 생태지역 Northeast Siberian taiga; 화재 연도 2015, 화재 후 경과 연수 3"
firealt_talucci2025,firealt_talucci2025_0221,Paulson fu (burned),67.65041,155.3627,2018,7,41.6,probe,direct_dated,5,Russia,Russia_E,"Talucci, A., Loranty, M., Holloway, J., Rogers, B., Alexander, H., et al. (2024) FireALT dataset: estimated active layer thickness for paired burned unburned sites measured from 2001-2023. NSF Arctic Data Center. https://doi.org/10.18739/A2RN3092P. 자료 논문: Talucci, A. C., et al. (2025) Permafrost-wildfire interactions: active layer thickness estimates for paired burned and unburned sites in northern high latitudes. Earth System Science Data 17, 2887-2909, https://doi.org/10.5194/essd-17-2887-2025",CC BY 4.0,,2018-07-01,none,single_visit,,,11.393,0.0001,1,burned,0,FireALT 기여 자료(lastNm 열): Paulson,,ok,"기여자 Paulson; siteId fu; plot 1개; 연중 방문 1회(8월 1일 이후 0회); msrType thaw; 식생 DN; 영구동토 분포 C; 생태지역 Northeast Siberian taiga; 화재 연도 2015, 화재 후 경과 연수 3"
firealt_talucci2025,firealt_talucci2025_0222,Paulson fu (burned),67.6506,155.363,2018,7,44.4,probe,direct_dated,5,Russia,Russia_E,"Talucci, A., Loranty, M., Holloway, J., Rogers, B., Alexander, H., et al. (2024) FireALT dataset: estimated active layer thickness for paired burned unburned sites measured from 2001-2023. NSF Arctic Data Center. https://doi.org/10.18739/A2RN3092P. 자료 논문: Talucci, A. C., et al. (2025) Permafrost-wildfire interactions: active layer thickness estimates for paired burned and unburned sites in northern high latitudes. Earth System Science Data 17, 2887-2909, https://doi.org/10.5194/essd-17-2887-2025",CC BY 4.0,,2018-07-01,none,single_visit,,,8.3546,0.001,1,burned,0,FireALT 기여 자료(lastNm 열): Paulson,,ok,"기여자 Paulson; siteId fu; plot 1개; 연중 방문 1회(8월 1일 이후 0회); msrType thaw; 식생 DN; 영구동토 분포 C; 생태지역 Northeast Siberian taiga; 화재 연도 2015, 화재 후 경과 연수 3"
firealt_talucci2025,firealt_talucci2025_0223,Paulson fu (burned),67.65077,155.3632,2018,7,43.2,probe,direct_dated,5,Russia,Russia_E,"Talucci, A., Loranty, M., Holloway, J., Rogers, B., Alexander, H., et al. (2024) FireALT dataset: estimated active layer thickness for paired burned unburned sites measured from 2001-2023. NSF Arctic Data Center. https://doi.org/10.18739/A2RN3092P. 자료 논문: Talucci, A. C., et al. (2025) Permafrost-wildfire interactions: active layer thickness estimates for paired burned and unburned sites in northern high latitudes. Earth System Science Data 17, 2887-2909, https://doi.org/10.5194/essd-17-2887-2025",CC BY 4.0,,2018-07-01,none,single_visit,,,11.4761,0.0001,1,burned,0,FireALT 기여 자료(lastNm 열): Paulson,,ok,"기여자 Paulson; siteId fu; plot 1개; 연중 방문 1회(8월 1일 이후 0회); msrType thaw; 식생 DN; 영구동토 분포 C; 생태지역 Northeast Siberian taiga; 화재 연도 2015, 화재 후 경과 연수 3"
firealt_talucci2025,firealt_talucci2025_0224,Paulson fu (burned),67.65115,155.3637,2018,7,54.4,probe,direct_dated,5,Russia,Russia_E,"Talucci, A., Loranty, M., Holloway, J., Rogers, B., Alexander, H., et al. (2024) FireALT dataset: estimated active layer thickness for paired burned unburned sites measured from 2001-2023. NSF Arctic Data Center. https://doi.org/10.18739/A2RN3092P. 자료 논문: Talucci, A. C., et al. (2025) Permafrost-wildfire interactions: active layer thickness estimates for paired burned and unburned sites in northern high latitudes. Earth System Science Data 17, 2887-2909, https://doi.org/10.5194/essd-17-2887-2025",CC BY 4.0,,2018-07-01,none,single_visit,,,16.456,0.0001,1,burned,0,FireALT 기여 자료(lastNm 열): Paulson,,ok,"기여자 Paulson; siteId fu; plot 1개; 연중 방문 1회(8월 1일 이후 0회); msrType thaw; 식생 DN; 영구동토 분포 C; 생태지역 Northeast Siberian taiga; 화재 연도 2015, 화재 후 경과 연수 3"
firealt_talucci2025,firealt_talucci2025_0225,Paulson fu (burned),67.65151,155.3642,2018,7,44.2,probe,direct_dated,5,Russia,Russia_E,"Talucci, A., Loranty, M., Holloway, J., Rogers, B., Alexander, H., et al. (2024) FireALT dataset: estimated active layer thickness for paired burned unburned sites measured from 2001-2023. NSF Arctic Data Center. https://doi.org/10.18739/A2RN3092P. 자료 논문: Talucci, A. C., et al. (2025) Permafrost-wildfire interactions: active layer thickness estimates for paired burned and unburned sites in northern high latitudes. Earth System Science Data 17, 2887-2909, https://doi.org/10.5194/essd-17-2887-2025",CC BY 4.0,,2018-07-01,none,single_visit,,,9.9348,0.0001,1,burned,0,FireALT 기여 자료(lastNm 열): Paulson,,ok,"기여자 Paulson; siteId fu; plot 1개; 연중 방문 1회(8월 1일 이후 0회); msrType thaw; 식생 DN; 영구동토 분포 C; 생태지역 Northeast Siberian taiga; 화재 연도 2015, 화재 후 경과 연수 3"
firealt_talucci2025,firealt_talucci2025_0226,Paulson fu (unburned),67.65211,155.4028,2018,7,21.8,probe,direct_dated,5,Russia,Russia_E,"Talucci, A., Loranty, M., Holloway, J., Rogers, B., Alexander, H., et al. (2024) FireALT dataset: estimated active layer thickness for paired burned unburned sites measured from 2001-2023. NSF Arctic Data Center. https://doi.org/10.18739/A2RN3092P. 자료 논문: Talucci, A. C., et al. (2025) Permafrost-wildfire interactions: active layer thickness estimates for paired burned and unburned sites in northern high latitudes. Earth System Science Data 17, 2887-2909, https://doi.org/10.5194/essd-17-2887-2025",CC BY 4.0,,2018-07-01,none,single_visit,,,2.1679,0.0001,0,,0,FireALT 기여 자료(lastNm 열): Paulson,,ok,기여자 Paulson; siteId fu; plot 1개; 연중 방문 1회(8월 1일 이후 0회); msrType thaw; 식생 DN; 영구동토 분포 C; 생태지역 Northeast Siberian taiga
firealt_talucci2025,firealt_talucci2025_0227,Paulson fu (unburned),67.65226,155.4024,2018,7,23.8,probe,direct_dated,5,Russia,Russia_E,"Talucci, A., Loranty, M., Holloway, J., Rogers, B., Alexander, H., et al. (2024) FireALT dataset: estimated active layer thickness for paired burned unburned sites measured from 2001-2023. NSF Arctic Data Center. https://doi.org/10.18739/A2RN3092P. 자료 논문: Talucci, A. C., et al. (2025) Permafrost-wildfire interactions: active layer thickness estimates for paired burned and unburned sites in northern high latitudes. Earth System Science Data 17, 2887-2909, https://doi.org/10.5194/essd-17-2887-2025",CC BY 4.0,,2018-07-01,none,single_visit,,,6.3797,0.0001,0,,0,FireALT 기여 자료(lastNm 열): Paulson,,ok,기여자 Paulson; siteId fu; plot 1개; 연중 방문 1회(8월 1일 이후 0회); msrType thaw; 식생 DN; 영구동토 분포 C; 생태지역 Northeast Siberian taiga
firealt_talucci2025,firealt_talucci2025_0228,Paulson fu (burned),67.65262,155.4015,2018,7,22.8,probe,direct_dated,5,Russia,Russia_E,"Talucci, A., Loranty, M., Holloway, J., Rogers, B., Alexander, H., et al. (2024) FireALT dataset: estimated active layer thickness for paired burned unburned sites measured from 2001-2023. NSF Arctic Data Center. https://doi.org/10.18739/A2RN3092P. 자료 논문: Talucci, A. C., et al. (2025) Permafrost-wildfire interactions: active layer thickness estimates for paired burned and unburned sites in northern high latitudes. Earth System Science Data 17, 2887-2909, https://doi.org/10.5194/essd-17-2887-2025",CC BY 4.0,,2018-07-01,none,single_visit,,,7.7266,0.0001,1,burned,0,FireALT 기여 자료(lastNm 열): Paulson,,ok,"기여자 Paulson; siteId fu; plot 1개; 연중 방문 1회(8월 1일 이후 0회); msrType thaw; 식생 DN; 영구동토 분포 C; 생태지역 Northeast Siberian taiga; 화재 연도 2015, 화재 후 경과 연수 3"
firealt_talucci2025,firealt_talucci2025_0229,Paulson fu (burned),67.65277,155.4011,2018,7,25.4,probe,direct_dated,5,Russia,Russia_E,"Talucci, A., Loranty, M., Holloway, J., Rogers, B., Alexander, H., et al. (2024) FireALT dataset: estimated active layer thickness for paired burned unburned sites measured from 2001-2023. NSF Arctic Data Center. https://doi.org/10.18739/A2RN3092P. 자료 논문: Talucci, A. C., et al. (2025) Permafrost-wildfire interactions: active layer thickness estimates for paired burned and unburned sites in northern high latitudes. Earth System Science Data 17, 2887-2909, https://doi.org/10.5194/essd-17-2887-2025",CC BY 4.0,,2018-07-01,none,single_visit,,,11.2606,0.0001,1,burned,0,FireALT 기여 자료(lastNm 열): Paulson,,ok,"기여자 Paulson; siteId fu; plot 1개; 연중 방문 1회(8월 1일 이후 0회); msrType thaw; 식생 DN; 영구동토 분포 C; 생태지역 Northeast Siberian taiga; 화재 연도 2015, 화재 후 경과 연수 3"
firealt_talucci2025,firealt_talucci2025_0230,Paulson fu (burned),67.65295,155.4007,2018,7,26.6,probe,direct_dated,5,Russia,Russia_E,"Talucci, A., Loranty, M., Holloway, J., Rogers, B., Alexander, H., et al. (2024) FireALT dataset: estimated active layer thickness for paired burned unburned sites measured from 2001-2023. NSF Arctic Data Center. https://doi.org/10.18739/A2RN3092P. 자료 논문: Talucci, A. C., et al. (2025) Permafrost-wildfire interactions: active layer thickness estimates for paired burned and unburned sites in northern high latitudes. Earth System Science Data 17, 2887-2909, https://doi.org/10.5194/essd-17-2887-2025",CC BY 4.0,,2018-07-01,none,single_visit,,,11.5456,0.0001,1,burned,0,FireALT 기여 자료(lastNm 열): Paulson,,ok,"기여자 Paulson; siteId fu; plot 1개; 연중 방문 1회(8월 1일 이후 0회); msrType thaw; 식생 DN; 영구동토 분포 C; 생태지역 Northeast Siberian taiga; 화재 연도 2015, 화재 후 경과 연수 3"
firealt_talucci2025,firealt_talucci2025_0231,Paulson fu (burned),67.65313,155.4004,2018,7,22.6,probe,direct_dated,5,Russia,Russia_E,"Talucci, A., Loranty, M., Holloway, J., Rogers, B., Alexander, H., et al. (2024) FireALT dataset: estimated active layer thickness for paired burned unburned sites measured from 2001-2023. NSF Arctic Data Center. https://doi.org/10.18739/A2RN3092P. 자료 논문: Talucci, A. C., et al. (2025) Permafrost-wildfire interactions: active layer thickness estimates for paired burned and unburned sites in northern high latitudes. Earth System Science Data 17, 2887-2909, https://doi.org/10.5194/essd-17-2887-2025",CC BY 4.0,,2018-07-01,none,single_visit,,,3.7815,0.0001,1,burned,0,FireALT 기여 자료(lastNm 열): Paulson,,ok,"기여자 Paulson; siteId fu; plot 1개; 연중 방문 1회(8월 1일 이후 0회); msrType thaw; 식생 DN; 영구동토 분포 C; 생태지역 Northeast Siberian taiga; 화재 연도 2015, 화재 후 경과 연수 3"
firealt_talucci2025,firealt_talucci2025_0232,Paulson fu (burned),67.65347,155.3995,2018,7,43,probe,direct_dated,5,Russia,Russia_E,"Talucci, A., Loranty, M., Holloway, J., Rogers, B., Alexander, H., et al. (2024) FireALT dataset: estimated active layer thickness for paired burned unburned sites measured from 2001-2023. NSF Arctic Data Center. https://doi.org/10.18739/A2RN3092P. 자료 논문: Talucci, A. C., et al. (2025) Permafrost-wildfire interactions: active layer thickness estimates for paired burned and unburned sites in northern high latitudes. Earth System Science Data 17, 2887-2909, https://doi.org/10.5194/essd-17-2887-2025",CC BY 4.0,,2018-07-01,none,single_visit,,,6.1237,0.0001,1,burned,0,FireALT 기여 자료(lastNm 열): Paulson,,ok,"기여자 Paulson; siteId fu; plot 1개; 연중 방문 1회(8월 1일 이후 0회); msrType thaw; 식생 DN; 영구동토 분포 C; 생태지역 Northeast Siberian taiga; 화재 연도 2015, 화재 후 경과 연수 3"
firealt_talucci2025,firealt_talucci2025_0233,Paulson fu (burned),67.65381,155.3988,2018,7,37,probe,direct_dated,5,Russia,Russia_E,"Talucci, A., Loranty, M., Holloway, J., Rogers, B., Alexander, H., et al. (2024) FireALT dataset: estimated active layer thickness for paired burned unburned sites measured from 2001-2023. NSF Arctic Data Center. https://doi.org/10.18739/A2RN3092P. 자료 논문: Talucci, A. C., et al. (2025) Permafrost-wildfire interactions: active layer thickness estimates for paired burned and unburned sites in northern high latitudes. Earth System Science Data 17, 2887-2909, https://doi.org/10.5194/essd-17-2887-2025",CC BY 4.0,,2018-07-01,none,single_visit,,,7.0711,0.0001,1,burned,0,FireALT 기여 자료(lastNm 열): Paulson,,ok,"기여자 Paulson; siteId fu; plot 1개; 연중 방문 1회(8월 1일 이후 0회); msrType thaw; 식생 DN; 영구동토 분포 C; 생태지역 Northeast Siberian taiga; 화재 연도 2015, 화재 후 경과 연수 3"
firealt_talucci2025,firealt_talucci2025_0234,Paulson foc (unburned),67.76843,156.3098,2018,7,34.4,probe,direct_dated,5,Russia,Russia_E,"Talucci, A., Loranty, M., Holloway, J., Rogers, B., Alexander, H., et al. (2024) FireALT dataset: estimated active layer thickness for paired burned unburned sites measured from 2001-2023. NSF Arctic Data Center. https://doi.org/10.18739/A2RN3092P. 자료 논문: Talucci, A. C., et al. (2025) Permafrost-wildfire interactions: active layer thickness estimates for paired burned and unburned sites in northern high latitudes. Earth System Science Data 17, 2887-2909, https://doi.org/10.5194/essd-17-2887-2025",CC BY 4.0,,2018-07-02,none,single_visit,,,10.015,0.0001,0,,0,FireALT 기여 자료(lastNm 열): Paulson,,ok,기여자 Paulson; siteId foc; plot 1개; 연중 방문 1회(8월 1일 이후 0회); msrType thaw; 식생 DN; 영구동토 분포 C; 생태지역 Northeast Siberian taiga
firealt_talucci2025,firealt_talucci2025_0235,Paulson foc (unburned),67.76868,156.3102,2018,7,32.2,probe,direct_dated,5,Russia,Russia_E,"Talucci, A., Loranty, M., Holloway, J., Rogers, B., Alexander, H., et al. (2024) FireALT dataset: estimated active layer thickness for paired burned unburned sites measured from 2001-2023. NSF Arctic Data Center. https://doi.org/10.18739/A2RN3092P. 자료 논문: Talucci, A. C., et al. (2025) Permafrost-wildfire interactions: active layer thickness estimates for paired burned and unburned sites in northern high latitudes. Earth System Science Data 17, 2887-2909, https://doi.org/10.5194/essd-17-2887-2025",CC BY 4.0,,2018-07-02,none,single_visit,,,5.2631,0.0001,0,,0,FireALT 기여 자료(lastNm 열): Paulson,,ok,기여자 Paulson; siteId foc; plot 1개; 연중 방문 1회(8월 1일 이후 0회); msrType thaw; 식생 DN; 영구동토 분포 C; 생태지역 Northeast Siberian taiga
firealt_talucci2025,firealt_talucci2025_0236,Paulson foc (burned),67.76888,156.3095,2018,7,27.6,probe,direct_dated,5,Russia,Russia_E,"Talucci, A., Loranty, M., Holloway, J., Rogers, B., Alexander, H., et al. (2024) FireALT dataset: estimated active layer thickness for paired burned unburned sites measured from 2001-2023. NSF Arctic Data Center. https://doi.org/10.18739/A2RN3092P. 자료 논문: Talucci, A. C., et al. (2025) Permafrost-wildfire interactions: active layer thickness estimates for paired burned and unburned sites in northern high latitudes. Earth System Science Data 17, 2887-2909, https://doi.org/10.5194/essd-17-2887-2025",CC BY 4.0,,2018-07-02,none,single_visit,,,6.1074,0.0001,1,burned,0,FireALT 기여 자료(lastNm 열): Paulson,,ok,"기여자 Paulson; siteId foc; plot 1개; 연중 방문 1회(8월 1일 이후 0회); msrType thaw; 식생 DN; 영구동토 분포 C; 생태지역 Northeast Siberian taiga; 화재 연도 2015, 화재 후 경과 연수 3"
firealt_talucci2025,firealt_talucci2025_0237,Paulson foc (burned),67.769,156.309,2018,7,37.2,probe,direct_dated,5,Russia,Russia_E,"Talucci, A., Loranty, M., Holloway, J., Rogers, B., Alexander, H., et al. (2024) FireALT dataset: estimated active layer thickness for paired burned unburned sites measured from 2001-2023. NSF Arctic Data Center. https://doi.org/10.18739/A2RN3092P. 자료 논문: Talucci, A. C., et al. (2025) Permafrost-wildfire interactions: active layer thickness estimates for paired burned and unburned sites in northern high latitudes. Earth System Science Data 17, 2887-2909, https://doi.org/10.5194/essd-17-2887-2025",CC BY 4.0,,2018-07-02,none,single_visit,,,15.3362,0.001,1,burned,0,FireALT 기여 자료(lastNm 열): Paulson,,ok,"기여자 Paulson; siteId foc; plot 1개; 연중 방문 1회(8월 1일 이후 0회); msrType thaw; 식생 DN; 영구동토 분포 C; 생태지역 Northeast Siberian taiga; 화재 연도 2015, 화재 후 경과 연수 3"
firealt_talucci2025,firealt_talucci2025_0238,Paulson foc (burned),67.76914,156.3085,2018,7,43.8,probe,direct_dated,5,Russia,Russia_E,"Talucci, A., Loranty, M., Holloway, J., Rogers, B., Alexander, H., et al. (2024) FireALT dataset: estimated active layer thickness for paired burned unburned sites measured from 2001-2023. NSF Arctic Data Center. https://doi.org/10.18739/A2RN3092P. 자료 논문: Talucci, A. C., et al. (2025) Permafrost-wildfire interactions: active layer thickness estimates for paired burned and unburned sites in northern high latitudes. Earth System Science Data 17, 2887-2909, https://doi.org/10.5194/essd-17-2887-2025",CC BY 4.0,,2018-07-02,none,single_visit,,,18.5796,0.0001,1,burned,0,FireALT 기여 자료(lastNm 열): Paulson,,ok,"기여자 Paulson; siteId foc; plot 1개; 연중 방문 1회(8월 1일 이후 0회); msrType thaw; 식생 DN; 영구동토 분포 C; 생태지역 Northeast Siberian taiga; 화재 연도 2015, 화재 후 경과 연수 3"
firealt_talucci2025,firealt_talucci2025_0239,Paulson foc (burned),67.76929,156.3081,2018,7,40.4,probe,direct_dated,5,Russia,Russia_E,"Talucci, A., Loranty, M., Holloway, J., Rogers, B., Alexander, H., et al. (2024) FireALT dataset: estimated active layer thickness for paired burned unburned sites measured from 2001-2023. NSF Arctic Data Center. https://doi.org/10.18739/A2RN3092P. 자료 논문: Talucci, A. C., et al. (2025) Permafrost-wildfire interactions: active layer thickness estimates for paired burned and unburned sites in northern high latitudes. Earth System Science Data 17, 2887-2909, https://doi.org/10.5194/essd-17-2887-2025",CC BY 4.0,,2018-07-02,none,single_visit,,,12.8763,0.0001,1,burned,0,FireALT 기여 자료(lastNm 열): Paulson,,ok,"기여자 Paulson; siteId foc; plot 1개; 연중 방문 1회(8월 1일 이후 0회); msrType thaw; 식생 DN; 영구동토 분포 C; 생태지역 Northeast Siberian taiga; 화재 연도 2015, 화재 후 경과 연수 3"
firealt_talucci2025,firealt_talucci2025_0240,Paulson foc (burned),67.76953,156.307,2018,7,33.2,probe,direct_dated,5,Russia,Russia_E,"Talucci, A., Loranty, M., Holloway, J., Rogers, B., Alexander, H., et al. (2024) FireALT dataset: estimated active layer thickness for paired burned unburned sites measured from 2001-2023. NSF Arctic Data Center. https://doi.org/10.18739/A2RN3092P. 자료 논문: Talucci, A. C., et al. (2025) Permafrost-wildfire interactions: active layer thickness estimates for paired burned and unburned sites in northern high latitudes. Earth System Science Data 17, 2887-2909, https://doi.org/10.5194/essd-17-2887-2025",CC BY 4.0,,2018-07-02,none,single_visit,,,7.4967,0.001,1,burned,0,FireALT 기여 자료(lastNm 열): Paulson,,ok,"기여자 Paulson; siteId foc; plot 1개; 연중 방문 1회(8월 1일 이후 0회); msrType thaw; 식생 DN; 영구동토 분포 C; 생태지역 Northeast Siberian taiga; 화재 연도 2015, 화재 후 경과 연수 3"
firealt_talucci2025,firealt_talucci2025_0241,Paulson foc (burned),67.76982,156.3062,2018,7,29.8,probe,direct_dated,5,Russia,Russia_E,"Talucci, A., Loranty, M., Holloway, J., Rogers, B., Alexander, H., et al. (2024) FireALT dataset: estimated active layer thickness for paired burned unburned sites measured from 2001-2023. NSF Arctic Data Center. https://doi.org/10.18739/A2RN3092P. 자료 논문: Talucci, A. C., et al. (2025) Permafrost-wildfire interactions: active layer thickness estimates for paired burned and unburned sites in northern high latitudes. Earth System Science Data 17, 2887-2909, https://doi.org/10.5194/essd-17-2887-2025",CC BY 4.0,,2018-07-02,none,single_visit,,,8.5264,0.0001,1,burned,0,FireALT 기여 자료(lastNm 열): Paulson,,ok,"기여자 Paulson; siteId foc; plot 1개; 연중 방문 1회(8월 1일 이후 0회); msrType thaw; 식생 DN; 영구동토 분포 C; 생태지역 Northeast Siberian taiga; 화재 연도 2015, 화재 후 경과 연수 3"
firealt_talucci2025,firealt_talucci2025_0242,Paulson foc (burned),67.77776,156.3235,2018,7,31.4,probe,direct_dated,5,Russia,Russia_E,"Talucci, A., Loranty, M., Holloway, J., Rogers, B., Alexander, H., et al. (2024) FireALT dataset: estimated active layer thickness for paired burned unburned sites measured from 2001-2023. NSF Arctic Data Center. https://doi.org/10.18739/A2RN3092P. 자료 논문: Talucci, A. C., et al. (2025) Permafrost-wildfire interactions: active layer thickness estimates for paired burned and unburned sites in northern high latitudes. Earth System Science Data 17, 2887-2909, https://doi.org/10.5194/essd-17-2887-2025",CC BY 4.0,,2018-07-02,none,single_visit,,,4.3932,0.0001,1,burned,0,FireALT 기여 자료(lastNm 열): Paulson,,ok,"기여자 Paulson; siteId foc; plot 1개; 연중 방문 1회(8월 1일 이후 0회); msrType thaw; 식생 DN; 영구동토 분포 C; 생태지역 Northeast Siberian taiga; 화재 연도 2015, 화재 후 경과 연수 3"
firealt_talucci2025,firealt_talucci2025_0243,Paulson foc (burned),67.77785,156.3245,2018,7,48,probe,direct_dated,5,Russia,Russia_E,"Talucci, A., Loranty, M., Holloway, J., Rogers, B., Alexander, H., et al. (2024) FireALT dataset: estimated active layer thickness for paired burned unburned sites measured from 2001-2023. NSF Arctic Data Center. https://doi.org/10.18739/A2RN3092P. 자료 논문: Talucci, A. C., et al. (2025) Permafrost-wildfire interactions: active layer thickness estimates for paired burned and unburned sites in northern high latitudes. Earth System Science Data 17, 2887-2909, https://doi.org/10.5194/essd-17-2887-2025",CC BY 4.0,,2018-07-02,none,single_visit,,,10.5119,0.0001,1,burned,0,FireALT 기여 자료(lastNm 열): Paulson,,ok,"기여자 Paulson; siteId foc; plot 1개; 연중 방문 1회(8월 1일 이후 0회); msrType thaw; 식생 DN; 영구동토 분포 C; 생태지역 Northeast Siberian taiga; 화재 연도 2015, 화재 후 경과 연수 3"
firealt_talucci2025,firealt_talucci2025_0244,Paulson foc (burned),67.77792,156.3255,2018,7,40.8,probe,direct_dated,5,Russia,Russia_E,"Talucci, A., Loranty, M., Holloway, J., Rogers, B., Alexander, H., et al. (2024) FireALT dataset: estimated active layer thickness for paired burned unburned sites measured from 2001-2023. NSF Arctic Data Center. https://doi.org/10.18739/A2RN3092P. 자료 논문: Talucci, A. C., et al. (2025) Permafrost-wildfire interactions: active layer thickness estimates for paired burned and unburned sites in northern high latitudes. Earth System Science Data 17, 2887-2909, https://doi.org/10.5194/essd-17-2887-2025",CC BY 4.0,,2018-07-02,none,single_visit,,,4.0249,0.0001,1,burned,0,FireALT 기여 자료(lastNm 열): Paulson,,ok,"기여자 Paulson; siteId foc; plot 1개; 연중 방문 1회(8월 1일 이후 0회); msrType thaw; 식생 DN; 영구동토 분포 C; 생태지역 Northeast Siberian taiga; 화재 연도 2015, 화재 후 경과 연수 3"
firealt_talucci2025,firealt_talucci2025_0245,Paulson foc (burned),67.77794,156.3261,2018,7,43.4,probe,direct_dated,5,Russia,Russia_E,"Talucci, A., Loranty, M., Holloway, J., Rogers, B., Alexander, H., et al. (2024) FireALT dataset: estimated active layer thickness for paired burned unburned sites measured from 2001-2023. NSF Arctic Data Center. https://doi.org/10.18739/A2RN3092P. 자료 논문: Talucci, A. C., et al. (2025) Permafrost-wildfire interactions: active layer thickness estimates for paired burned and unburned sites in northern high latitudes. Earth System Science Data 17, 2887-2909, https://doi.org/10.5194/essd-17-2887-2025",CC BY 4.0,,2018-07-02,none,single_visit,,,10.3827,0.0001,1,burned,0,FireALT 기여 자료(lastNm 열): Paulson,,ok,"기여자 Paulson; siteId foc; plot 1개; 연중 방문 1회(8월 1일 이후 0회); msrType thaw; 식생 DN; 영구동토 분포 C; 생태지역 Northeast Siberian taiga; 화재 연도 2015, 화재 후 경과 연수 3"
firealt_talucci2025,firealt_talucci2025_0246,Paulson foc (burned),67.77803,156.3267,2018,7,40.6,probe,direct_dated,5,Russia,Russia_E,"Talucci, A., Loranty, M., Holloway, J., Rogers, B., Alexander, H., et al. (2024) FireALT dataset: estimated active layer thickness for paired burned unburned sites measured from 2001-2023. NSF Arctic Data Center. https://doi.org/10.18739/A2RN3092P. 자료 논문: Talucci, A. C., et al. (2025) Permafrost-wildfire interactions: active layer thickness estimates for paired burned and unburned sites in northern high latitudes. Earth System Science Data 17, 2887-2909, https://doi.org/10.5194/essd-17-2887-2025",CC BY 4.0,,2018-07-02,none,single_visit,,,6.8044,0.0001,1,burned,0,FireALT 기여 자료(lastNm 열): Paulson,,ok,"기여자 Paulson; siteId foc; plot 1개; 연중 방문 1회(8월 1일 이후 0회); msrType thaw; 식생 DN; 영구동토 분포 C; 생태지역 Northeast Siberian taiga; 화재 연도 2015, 화재 후 경과 연수 3"
firealt_talucci2025,firealt_talucci2025_0247,Paulson foc (burned),67.77805,156.3272,2018,7,33,probe,direct_dated,5,Russia,Russia_E,"Talucci, A., Loranty, M., Holloway, J., Rogers, B., Alexander, H., et al. (2024) FireALT dataset: estimated active layer thickness for paired burned unburned sites measured from 2001-2023. NSF Arctic Data Center. https://doi.org/10.18739/A2RN3092P. 자료 논문: Talucci, A. C., et al. (2025) Permafrost-wildfire interactions: active layer thickness estimates for paired burned and unburned sites in northern high latitudes. Earth System Science Data 17, 2887-2909, https://doi.org/10.5194/essd-17-2887-2025",CC BY 4.0,,2018-07-02,none,single_visit,,,4.6368,0.0001,1,burned,0,FireALT 기여 자료(lastNm 열): Paulson,,ok,"기여자 Paulson; siteId foc; plot 1개; 연중 방문 1회(8월 1일 이후 0회); msrType thaw; 식생 DN; 영구동토 분포 C; 생태지역 Northeast Siberian taiga; 화재 연도 2015, 화재 후 경과 연수 3"
firealt_talucci2025,firealt_talucci2025_0248,Paulson foc (unburned),67.77807,156.3286,2018,7,34,probe,direct_dated,5,Russia,Russia_E,"Talucci, A., Loranty, M., Holloway, J., Rogers, B., Alexander, H., et al. (2024) FireALT dataset: estimated active layer thickness for paired burned unburned sites measured from 2001-2023. NSF Arctic Data Center. https://doi.org/10.18739/A2RN3092P. 자료 논문: Talucci, A. C., et al. (2025) Permafrost-wildfire interactions: active layer thickness estimates for paired burned and unburned sites in northern high latitudes. Earth System Science Data 17, 2887-2909, https://doi.org/10.5194/essd-17-2887-2025",CC BY 4.0,,2018-07-02,none,single_visit,,,6,0.0001,0,,0,FireALT 기여 자료(lastNm 열): Paulson,,ok,기여자 Paulson; siteId foc; plot 1개; 연중 방문 1회(8월 1일 이후 0회); msrType thaw; 식생 DN; 영구동토 분포 C; 생태지역 Northeast Siberian taiga
firealt_talucci2025,firealt_talucci2025_0249,Paulson foc (unburned),67.77808,156.3291,2018,7,27.2,probe,direct_dated,5,Russia,Russia_E,"Talucci, A., Loranty, M., Holloway, J., Rogers, B., Alexander, H., et al. (2024) FireALT dataset: estimated active layer thickness for paired burned unburned sites measured from 2001-2023. NSF Arctic Data Center. https://doi.org/10.18739/A2RN3092P. 자료 논문: Talucci, A. C., et al. (2025) Permafrost-wildfire interactions: active layer thickness estimates for paired burned and unburned sites in northern high latitudes. Earth System Science Data 17, 2887-2909, https://doi.org/10.5194/essd-17-2887-2025",CC BY 4.0,,2018-07-02,none,single_visit,,,4.4385,0.0001,0,,0,FireALT 기여 자료(lastNm 열): Paulson,,ok,기여자 Paulson; siteId foc; plot 1개; 연중 방문 1회(8월 1일 이후 0회); msrType thaw; 식생 DN; 영구동토 분포 C; 생태지역 Northeast Siberian taiga
firealt_talucci2025,firealt_talucci2025_0250,Paulson ans (unburned),67.81182,161.8981,2019,6,26.8,probe,direct_dated,5,Russia,Russia_E,"Talucci, A., Loranty, M., Holloway, J., Rogers, B., Alexander, H., et al. (2024) FireALT dataset: estimated active layer thickness for paired burned unburned sites measured from 2001-2023. NSF Arctic Data Center. https://doi.org/10.18739/A2RN3092P. 자료 논문: Talucci, A. C., et al. (2025) Permafrost-wildfire interactions: active layer thickness estimates for paired burned and unburned sites in northern high latitudes. Earth System Science Data 17, 2887-2909, https://doi.org/10.5194/essd-17-2887-2025",CC BY 4.0,,2019-06-23,none,single_visit,,,16.3463,0.0001,0,,0,FireALT 기여 자료(lastNm 열): Paulson,,ok,기여자 Paulson; siteId ans; plot 1개; 연중 방문 1회(8월 1일 이후 0회); msrType thaw; 식생 DN; 영구동토 분포 C; 생태지역 Northeast Siberian taiga
firealt_talucci2025,firealt_talucci2025_0251,Paulson ans (unburned),67.81192,161.8982,2019,6,36,probe,direct_dated,5,Russia,Russia_E,"Talucci, A., Loranty, M., Holloway, J., Rogers, B., Alexander, H., et al. (2024) FireALT dataset: estimated active layer thickness for paired burned unburned sites measured from 2001-2023. NSF Arctic Data Center. https://doi.org/10.18739/A2RN3092P. 자료 논문: Talucci, A. C., et al. (2025) Permafrost-wildfire interactions: active layer thickness estimates for paired burned and unburned sites in northern high latitudes. Earth System Science Data 17, 2887-2909, https://doi.org/10.5194/essd-17-2887-2025",CC BY 4.0,,2019-06-23,none,single_visit,,,13.6565,0.0001,0,,0,FireALT 기여 자료(lastNm 열): Paulson,,ok,기여자 Paulson; siteId ans; plot 1개; 연중 방문 1회(8월 1일 이후 0회); msrType thaw; 식생 DN; 영구동토 분포 C; 생태지역 Northeast Siberian taiga
firealt_talucci2025,firealt_talucci2025_0252,Paulson ans (burned),67.81217,161.899,2019,6,44.4,probe,direct_dated,5,Russia,Russia_E,"Talucci, A., Loranty, M., Holloway, J., Rogers, B., Alexander, H., et al. (2024) FireALT dataset: estimated active layer thickness for paired burned unburned sites measured from 2001-2023. NSF Arctic Data Center. https://doi.org/10.18739/A2RN3092P. 자료 논문: Talucci, A. C., et al. (2025) Permafrost-wildfire interactions: active layer thickness estimates for paired burned and unburned sites in northern high latitudes. Earth System Science Data 17, 2887-2909, https://doi.org/10.5194/essd-17-2887-2025",CC BY 4.0,,2019-06-23,none,single_visit,,,11.4586,0.001,1,burned,0,FireALT 기여 자료(lastNm 열): Paulson,,ok,"기여자 Paulson; siteId ans; plot 1개; 연중 방문 1회(8월 1일 이후 0회); msrType thaw; 식생 DN; 영구동토 분포 C; 생태지역 Northeast Siberian taiga; 화재 연도 2003, 화재 후 경과 연수 16"
firealt_talucci2025,firealt_talucci2025_0253,Paulson ans (burned),67.81233,161.8993,2019,6,25.4,probe,direct_dated,5,Russia,Russia_E,"Talucci, A., Loranty, M., Holloway, J., Rogers, B., Alexander, H., et al. (2024) FireALT dataset: estimated active layer thickness for paired burned unburned sites measured from 2001-2023. NSF Arctic Data Center. https://doi.org/10.18739/A2RN3092P. 자료 논문: Talucci, A. C., et al. (2025) Permafrost-wildfire interactions: active layer thickness estimates for paired burned and unburned sites in northern high latitudes. Earth System Science Data 17, 2887-2909, https://doi.org/10.5194/essd-17-2887-2025",CC BY 4.0,,2019-06-23,none,single_visit,,,7.3689,0.0001,1,burned,0,FireALT 기여 자료(lastNm 열): Paulson,,ok,"기여자 Paulson; siteId ans; plot 1개; 연중 방문 1회(8월 1일 이후 0회); msrType thaw; 식생 DN; 영구동토 분포 C; 생태지역 Northeast Siberian taiga; 화재 연도 2003, 화재 후 경과 연수 16"
firealt_talucci2025,firealt_talucci2025_0254,Paulson ans (burned),67.81251,161.8997,2019,6,18.2,probe,direct_dated,5,Russia,Russia_E,"Talucci, A., Loranty, M., Holloway, J., Rogers, B., Alexander, H., et al. (2024) FireALT dataset: estimated active layer thickness for paired burned unburned sites measured from 2001-2023. NSF Arctic Data Center. https://doi.org/10.18739/A2RN3092P. 자료 논문: Talucci, A. C., et al. (2025) Permafrost-wildfire interactions: active layer thickness estimates for paired burned and unburned sites in northern high latitudes. Earth System Science Data 17, 2887-2909, https://doi.org/10.5194/essd-17-2887-2025",CC BY 4.0,,2019-06-23,none,single_visit,,,6.6106,0.0001,1,burned,0,FireALT 기여 자료(lastNm 열): Paulson,,ok,"기여자 Paulson; siteId ans; plot 1개; 연중 방문 1회(8월 1일 이후 0회); msrType thaw; 식생 DN; 영구동토 분포 C; 생태지역 Northeast Siberian taiga; 화재 연도 2003, 화재 후 경과 연수 16"
firealt_talucci2025,firealt_talucci2025_0255,Paulson ans (burned),67.81268,161.9,2019,6,27.6,probe,direct_dated,5,Russia,Russia_E,"Talucci, A., Loranty, M., Holloway, J., Rogers, B., Alexander, H., et al. (2024) FireALT dataset: estimated active layer thickness for paired burned unburned sites measured from 2001-2023. NSF Arctic Data Center. https://doi.org/10.18739/A2RN3092P. 자료 논문: Talucci, A. C., et al. (2025) Permafrost-wildfire interactions: active layer thickness estimates for paired burned and unburned sites in northern high latitudes. Earth System Science Data 17, 2887-2909, https://doi.org/10.5194/essd-17-2887-2025",CC BY 4.0,,2019-06-23,none,single_visit,,,6.8044,0.1,1,burned,0,FireALT 기여 자료(lastNm 열): Paulson,,ok,"기여자 Paulson; siteId ans; plot 1개; 연중 방문 1회(8월 1일 이후 0회); msrType thaw; 식생 DN; 영구동토 분포 C; 생태지역 Northeast Siberian taiga; 화재 연도 2003, 화재 후 경과 연수 16"
firealt_talucci2025,firealt_talucci2025_0256,Paulson ans (burned),67.81302,161.9006,2019,6,19,probe,direct_dated,5,Russia,Russia_E,"Talucci, A., Loranty, M., Holloway, J., Rogers, B., Alexander, H., et al. (2024) FireALT dataset: estimated active layer thickness for paired burned unburned sites measured from 2001-2023. NSF Arctic Data Center. https://doi.org/10.18739/A2RN3092P. 자료 논문: Talucci, A. C., et al. (2025) Permafrost-wildfire interactions: active layer thickness estimates for paired burned and unburned sites in northern high latitudes. Earth System Science Data 17, 2887-2909, https://doi.org/10.5194/essd-17-2887-2025",CC BY 4.0,,2019-06-23,none,single_visit,,,3.3912,0.0001,1,burned,0,FireALT 기여 자료(lastNm 열): Paulson,,ok,"기여자 Paulson; siteId ans; plot 1개; 연중 방문 1회(8월 1일 이후 0회); msrType thaw; 식생 DN; 영구동토 분포 C; 생태지역 Northeast Siberian taiga; 화재 연도 2003, 화재 후 경과 연수 16"
firealt_talucci2025,firealt_talucci2025_0257,Paulson ans (burned),67.81333,161.9014,2019,6,25.6,probe,direct_dated,5,Russia,Russia_E,"Talucci, A., Loranty, M., Holloway, J., Rogers, B., Alexander, H., et al. (2024) FireALT dataset: estimated active layer thickness for paired burned unburned sites measured from 2001-2023. NSF Arctic Data Center. https://doi.org/10.18739/A2RN3092P. 자료 논문: Talucci, A. C., et al. (2025) Permafrost-wildfire interactions: active layer thickness estimates for paired burned and unburned sites in northern high latitudes. Earth System Science Data 17, 2887-2909, https://doi.org/10.5194/essd-17-2887-2025",CC BY 4.0,,2019-06-23,none,single_visit,,,12.4619,0.0001,1,burned,0,FireALT 기여 자료(lastNm 열): Paulson,,ok,"기여자 Paulson; siteId ans; plot 1개; 연중 방문 1회(8월 1일 이후 0회); msrType thaw; 식생 DN; 영구동토 분포 C; 생태지역 Northeast Siberian taiga; 화재 연도 2003, 화재 후 경과 연수 16"
firealt_talucci2025,firealt_talucci2025_0258,Paulson ans (unburned),67.81387,161.7715,2019,6,21,probe,direct_dated,5,Russia,Russia_E,"Talucci, A., Loranty, M., Holloway, J., Rogers, B., Alexander, H., et al. (2024) FireALT dataset: estimated active layer thickness for paired burned unburned sites measured from 2001-2023. NSF Arctic Data Center. https://doi.org/10.18739/A2RN3092P. 자료 논문: Talucci, A. C., et al. (2025) Permafrost-wildfire interactions: active layer thickness estimates for paired burned and unburned sites in northern high latitudes. Earth System Science Data 17, 2887-2909, https://doi.org/10.5194/essd-17-2887-2025",CC BY 4.0,,2019-06-23,none,single_visit,,,8.4261,0.0001,0,,0,FireALT 기여 자료(lastNm 열): Paulson,,ok,기여자 Paulson; siteId ans; plot 1개; 연중 방문 1회(8월 1일 이후 0회); msrType thaw; 식생 DN; 영구동토 분포 C; 생태지역 Northeast Siberian taiga
firealt_talucci2025,firealt_talucci2025_0259,Paulson ans (unburned),67.81407,161.7714,2019,6,20,probe,direct_dated,5,Russia,Russia_E,"Talucci, A., Loranty, M., Holloway, J., Rogers, B., Alexander, H., et al. (2024) FireALT dataset: estimated active layer thickness for paired burned unburned sites measured from 2001-2023. NSF Arctic Data Center. https://doi.org/10.18739/A2RN3092P. 자료 논문: Talucci, A. C., et al. (2025) Permafrost-wildfire interactions: active layer thickness estimates for paired burned and unburned sites in northern high latitudes. Earth System Science Data 17, 2887-2909, https://doi.org/10.5194/essd-17-2887-2025",CC BY 4.0,,2019-06-23,none,single_visit,,,3.4641,0.0001,0,,0,FireALT 기여 자료(lastNm 열): Paulson,,ok,기여자 Paulson; siteId ans; plot 1개; 연중 방문 1회(8월 1일 이후 0회); msrType thaw; 식생 DN; 영구동토 분포 C; 생태지역 Northeast Siberian taiga
firealt_talucci2025,firealt_talucci2025_0260,Paulson ans (burned),67.81434,161.7723,2019,6,18.8,probe,direct_dated,5,Russia,Russia_E,"Talucci, A., Loranty, M., Holloway, J., Rogers, B., Alexander, H., et al. (2024) FireALT dataset: estimated active layer thickness for paired burned unburned sites measured from 2001-2023. NSF Arctic Data Center. https://doi.org/10.18739/A2RN3092P. 자료 논문: Talucci, A. C., et al. (2025) Permafrost-wildfire interactions: active layer thickness estimates for paired burned and unburned sites in northern high latitudes. Earth System Science Data 17, 2887-2909, https://doi.org/10.5194/essd-17-2887-2025",CC BY 4.0,,2019-06-23,none,single_visit,,,4.1473,0.0001,1,burned,0,FireALT 기여 자료(lastNm 열): Paulson,,ok,"기여자 Paulson; siteId ans; plot 1개; 연중 방문 1회(8월 1일 이후 0회); msrType thaw; 식생 DN; 영구동토 분포 C; 생태지역 Northeast Siberian taiga; 화재 연도 2003, 화재 후 경과 연수 16"
firealt_talucci2025,firealt_talucci2025_0261,Paulson ans (burned),67.81443,161.7729,2019,6,16.8,probe,direct_dated,5,Russia,Russia_E,"Talucci, A., Loranty, M., Holloway, J., Rogers, B., Alexander, H., et al. (2024) FireALT dataset: estimated active layer thickness for paired burned unburned sites measured from 2001-2023. NSF Arctic Data Center. https://doi.org/10.18739/A2RN3092P. 자료 논문: Talucci, A. C., et al. (2025) Permafrost-wildfire interactions: active layer thickness estimates for paired burned and unburned sites in northern high latitudes. Earth System Science Data 17, 2887-2909, https://doi.org/10.5194/essd-17-2887-2025",CC BY 4.0,,2019-06-23,none,single_visit,,,2.9496,0.0001,1,burned,0,FireALT 기여 자료(lastNm 열): Paulson,,ok,"기여자 Paulson; siteId ans; plot 1개; 연중 방문 1회(8월 1일 이후 0회); msrType thaw; 식생 DN; 영구동토 분포 C; 생태지역 Northeast Siberian taiga; 화재 연도 2003, 화재 후 경과 연수 16"
firealt_talucci2025,firealt_talucci2025_0262,Paulson ans (burned),67.8145,161.7733,2019,6,22.6,probe,direct_dated,5,Russia,Russia_E,"Talucci, A., Loranty, M., Holloway, J., Rogers, B., Alexander, H., et al. (2024) FireALT dataset: estimated active layer thickness for paired burned unburned sites measured from 2001-2023. NSF Arctic Data Center. https://doi.org/10.18739/A2RN3092P. 자료 논문: Talucci, A. C., et al. (2025) Permafrost-wildfire interactions: active layer thickness estimates for paired burned and unburned sites in northern high latitudes. Earth System Science Data 17, 2887-2909, https://doi.org/10.5194/essd-17-2887-2025",CC BY 4.0,,2019-06-23,none,single_visit,,,2.51,0.0001,1,burned,0,FireALT 기여 자료(lastNm 열): Paulson,,ok,"기여자 Paulson; siteId ans; plot 1개; 연중 방문 1회(8월 1일 이후 0회); msrType thaw; 식생 DN; 영구동토 분포 C; 생태지역 Northeast Siberian taiga; 화재 연도 2003, 화재 후 경과 연수 16"
firealt_talucci2025,firealt_talucci2025_0263,Paulson ans (burned),67.81456,161.7739,2019,6,17,probe,direct_dated,5,Russia,Russia_E,"Talucci, A., Loranty, M., Holloway, J., Rogers, B., Alexander, H., et al. (2024) FireALT dataset: estimated active layer thickness for paired burned unburned sites measured from 2001-2023. NSF Arctic Data Center. https://doi.org/10.18739/A2RN3092P. 자료 논문: Talucci, A. C., et al. (2025) Permafrost-wildfire interactions: active layer thickness estimates for paired burned and unburned sites in northern high latitudes. Earth System Science Data 17, 2887-2909, https://doi.org/10.5194/essd-17-2887-2025",CC BY 4.0,,2019-06-23,none,single_visit,,,3.5355,0.0001,1,burned,0,FireALT 기여 자료(lastNm 열): Paulson,,ok,"기여자 Paulson; siteId ans; plot 1개; 연중 방문 1회(8월 1일 이후 0회); msrType thaw; 식생 DN; 영구동토 분포 C; 생태지역 Northeast Siberian taiga; 화재 연도 2003, 화재 후 경과 연수 16"
firealt_talucci2025,firealt_talucci2025_0264,Paulson ans (burned),67.81475,161.7751,2019,6,20.2,probe,direct_dated,5,Russia,Russia_E,"Talucci, A., Loranty, M., Holloway, J., Rogers, B., Alexander, H., et al. (2024) FireALT dataset: estimated active layer thickness for paired burned unburned sites measured from 2001-2023. NSF Arctic Data Center. https://doi.org/10.18739/A2RN3092P. 자료 논문: Talucci, A. C., et al. (2025) Permafrost-wildfire interactions: active layer thickness estimates for paired burned and unburned sites in northern high latitudes. Earth System Science Data 17, 2887-2909, https://doi.org/10.5194/essd-17-2887-2025",CC BY 4.0,,2019-06-23,none,single_visit,,,4.7645,0.0001,1,burned,0,FireALT 기여 자료(lastNm 열): Paulson,,ok,"기여자 Paulson; siteId ans; plot 1개; 연중 방문 1회(8월 1일 이후 0회); msrType thaw; 식생 DN; 영구동토 분포 C; 생태지역 Northeast Siberian taiga; 화재 연도 2003, 화재 후 경과 연수 16"
firealt_talucci2025,firealt_talucci2025_0265,Paulson ans (burned),67.81501,161.7762,2019,6,22.4,probe,direct_dated,5,Russia,Russia_E,"Talucci, A., Loranty, M., Holloway, J., Rogers, B., Alexander, H., et al. (2024) FireALT dataset: estimated active layer thickness for paired burned unburned sites measured from 2001-2023. NSF Arctic Data Center. https://doi.org/10.18739/A2RN3092P. 자료 논문: Talucci, A. C., et al. (2025) Permafrost-wildfire interactions: active layer thickness estimates for paired burned and unburned sites in northern high latitudes. Earth System Science Data 17, 2887-2909, https://doi.org/10.5194/essd-17-2887-2025",CC BY 4.0,,2019-06-23,none,single_visit,,,5.2726,0.0001,1,burned,0,FireALT 기여 자료(lastNm 열): Paulson,,ok,"기여자 Paulson; siteId ans; plot 1개; 연중 방문 1회(8월 1일 이후 0회); msrType thaw; 식생 DN; 영구동토 분포 C; 생태지역 Northeast Siberian taiga; 화재 연도 2003, 화재 후 경과 연수 16"
firealt_talucci2025,firealt_talucci2025_0266,Paulson ans (unburned),67.86031,161.6838,2019,6,17.4,probe,direct_dated,5,Russia,Russia_E,"Talucci, A., Loranty, M., Holloway, J., Rogers, B., Alexander, H., et al. (2024) FireALT dataset: estimated active layer thickness for paired burned unburned sites measured from 2001-2023. NSF Arctic Data Center. https://doi.org/10.18739/A2RN3092P. 자료 논문: Talucci, A. C., et al. (2025) Permafrost-wildfire interactions: active layer thickness estimates for paired burned and unburned sites in northern high latitudes. Earth System Science Data 17, 2887-2909, https://doi.org/10.5194/essd-17-2887-2025",CC BY 4.0,,2019-06-22,none,single_visit,,,6.0663,0.0001,0,,0,FireALT 기여 자료(lastNm 열): Paulson,,ok,기여자 Paulson; siteId ans; plot 1개; 연중 방문 1회(8월 1일 이후 0회); msrType thaw; 식생 DN; 영구동토 분포 C; 생태지역 Northeast Siberian taiga
firealt_talucci2025,firealt_talucci2025_0267,Paulson ans (unburned),67.86025,161.6843,2019,6,40,probe,direct_dated,5,Russia,Russia_E,"Talucci, A., Loranty, M., Holloway, J., Rogers, B., Alexander, H., et al. (2024) FireALT dataset: estimated active layer thickness for paired burned unburned sites measured from 2001-2023. NSF Arctic Data Center. https://doi.org/10.18739/A2RN3092P. 자료 논문: Talucci, A. C., et al. (2025) Permafrost-wildfire interactions: active layer thickness estimates for paired burned and unburned sites in northern high latitudes. Earth System Science Data 17, 2887-2909, https://doi.org/10.5194/essd-17-2887-2025",CC BY 4.0,,2019-06-22,none,single_visit,,,32.871,0.0001,0,,0,FireALT 기여 자료(lastNm 열): Paulson,,ok,기여자 Paulson; siteId ans; plot 1개; 연중 방문 1회(8월 1일 이후 0회); msrType thaw; 식생 DN; 영구동토 분포 C; 생태지역 Northeast Siberian taiga
firealt_talucci2025,firealt_talucci2025_0268,Paulson ans (burned),67.86085,161.6835,2019,6,24.2,probe,direct_dated,5,Russia,Russia_E,"Talucci, A., Loranty, M., Holloway, J., Rogers, B., Alexander, H., et al. (2024) FireALT dataset: estimated active layer thickness for paired burned unburned sites measured from 2001-2023. NSF Arctic Data Center. https://doi.org/10.18739/A2RN3092P. 자료 논문: Talucci, A. C., et al. (2025) Permafrost-wildfire interactions: active layer thickness estimates for paired burned and unburned sites in northern high latitudes. Earth System Science Data 17, 2887-2909, https://doi.org/10.5194/essd-17-2887-2025",CC BY 4.0,,2019-06-22,none,single_visit,,,3.4205,0.0001,1,burned,0,FireALT 기여 자료(lastNm 열): Paulson,,ok,"기여자 Paulson; siteId ans; plot 1개; 연중 방문 1회(8월 1일 이후 0회); msrType thaw; 식생 DN; 영구동토 분포 C; 생태지역 Northeast Siberian taiga; 화재 연도 2003, 화재 후 경과 연수 16"
firealt_talucci2025,firealt_talucci2025_0269,Paulson ans (burned),67.8611,161.6835,2019,6,28.6,probe,direct_dated,5,Russia,Russia_E,"Talucci, A., Loranty, M., Holloway, J., Rogers, B., Alexander, H., et al. (2024) FireALT dataset: estimated active layer thickness for paired burned unburned sites measured from 2001-2023. NSF Arctic Data Center. https://doi.org/10.18739/A2RN3092P. 자료 논문: Talucci, A. C., et al. (2025) Permafrost-wildfire interactions: active layer thickness estimates for paired burned and unburned sites in northern high latitudes. Earth System Science Data 17, 2887-2909, https://doi.org/10.5194/essd-17-2887-2025",CC BY 4.0,,2019-06-22,none,single_visit,,,10.6207,0.0001,1,burned,0,FireALT 기여 자료(lastNm 열): Paulson,,ok,"기여자 Paulson; siteId ans; plot 1개; 연중 방문 1회(8월 1일 이후 0회); msrType thaw; 식생 DN; 영구동토 분포 C; 생태지역 Northeast Siberian taiga; 화재 연도 2003, 화재 후 경과 연수 16"
firealt_talucci2025,firealt_talucci2025_0270,Paulson ans (burned),67.86134,161.6836,2019,6,30,probe,direct_dated,5,Russia,Russia_E,"Talucci, A., Loranty, M., Holloway, J., Rogers, B., Alexander, H., et al. (2024) FireALT dataset: estimated active layer thickness for paired burned unburned sites measured from 2001-2023. NSF Arctic Data Center. https://doi.org/10.18739/A2RN3092P. 자료 논문: Talucci, A. C., et al. (2025) Permafrost-wildfire interactions: active layer thickness estimates for paired burned and unburned sites in northern high latitudes. Earth System Science Data 17, 2887-2909, https://doi.org/10.5194/essd-17-2887-2025",CC BY 4.0,,2019-06-22,none,single_visit,,,6.9282,0.0001,1,burned,0,FireALT 기여 자료(lastNm 열): Paulson,,ok,"기여자 Paulson; siteId ans; plot 1개; 연중 방문 1회(8월 1일 이후 0회); msrType thaw; 식생 DN; 영구동토 분포 C; 생태지역 Northeast Siberian taiga; 화재 연도 2003, 화재 후 경과 연수 16"
firealt_talucci2025,firealt_talucci2025_0271,Paulson ans (burned),67.86183,161.6836,2019,6,28.4,probe,direct_dated,5,Russia,Russia_E,"Talucci, A., Loranty, M., Holloway, J., Rogers, B., Alexander, H., et al. (2024) FireALT dataset: estimated active layer thickness for paired burned unburned sites measured from 2001-2023. NSF Arctic Data Center. https://doi.org/10.18739/A2RN3092P. 자료 논문: Talucci, A. C., et al. (2025) Permafrost-wildfire interactions: active layer thickness estimates for paired burned and unburned sites in northern high latitudes. Earth System Science Data 17, 2887-2909, https://doi.org/10.5194/essd-17-2887-2025",CC BY 4.0,,2019-06-22,none,single_visit,,,8.5029,0.0001,1,burned,0,FireALT 기여 자료(lastNm 열): Paulson,,ok,"기여자 Paulson; siteId ans; plot 1개; 연중 방문 1회(8월 1일 이후 0회); msrType thaw; 식생 DN; 영구동토 분포 C; 생태지역 Northeast Siberian taiga; 화재 연도 2003, 화재 후 경과 연수 16"
firealt_talucci2025,firealt_talucci2025_0272,Paulson ans (burned),67.86304,161.684,2019,6,28.4,probe,direct_dated,5,Russia,Russia_E,"Talucci, A., Loranty, M., Holloway, J., Rogers, B., Alexander, H., et al. (2024) FireALT dataset: estimated active layer thickness for paired burned unburned sites measured from 2001-2023. NSF Arctic Data Center. https://doi.org/10.18739/A2RN3092P. 자료 논문: Talucci, A. C., et al. (2025) Permafrost-wildfire interactions: active layer thickness estimates for paired burned and unburned sites in northern high latitudes. Earth System Science Data 17, 2887-2909, https://doi.org/10.5194/essd-17-2887-2025",CC BY 4.0,,2019-06-22,none,single_visit,,,7.9246,0.001,1,burned,0,FireALT 기여 자료(lastNm 열): Paulson,,ok,"기여자 Paulson; siteId ans; plot 1개; 연중 방문 1회(8월 1일 이후 0회); msrType thaw; 식생 DN; 영구동토 분포 C; 생태지역 Northeast Siberian taiga; 화재 연도 2003, 화재 후 경과 연수 16"
firealt_talucci2025,firealt_talucci2025_0273,Paulson shark (burned),67.99242,156.9334,2018,7,148.2,probe,direct_dated,5,Russia,Russia_E,"Talucci, A., Loranty, M., Holloway, J., Rogers, B., Alexander, H., et al. (2024) FireALT dataset: estimated active layer thickness for paired burned unburned sites measured from 2001-2023. NSF Arctic Data Center. https://doi.org/10.18739/A2RN3092P. 자료 논문: Talucci, A. C., et al. (2025) Permafrost-wildfire interactions: active layer thickness estimates for paired burned and unburned sites in northern high latitudes. Earth System Science Data 17, 2887-2909, https://doi.org/10.5194/essd-17-2887-2025",CC BY 4.0,,2018-07-03,none,single_visit,,,14.9231,0.0001,1,burned,0,FireALT 기여 자료(lastNm 열): Paulson,,ok,"기여자 Paulson; siteId shark; plot 1개; 연중 방문 1회(8월 1일 이후 0회); msrType thaw; 식생 DN; 영구동토 분포 C; 생태지역 Northeast Siberian taiga; 화재 연도 2010, 화재 후 경과 연수 8"
firealt_talucci2025,firealt_talucci2025_0274,Paulson shark (burned),67.99257,156.9311,2018,7,107.4,probe,direct_dated,5,Russia,Russia_E,"Talucci, A., Loranty, M., Holloway, J., Rogers, B., Alexander, H., et al. (2024) FireALT dataset: estimated active layer thickness for paired burned unburned sites measured from 2001-2023. NSF Arctic Data Center. https://doi.org/10.18739/A2RN3092P. 자료 논문: Talucci, A. C., et al. (2025) Permafrost-wildfire interactions: active layer thickness estimates for paired burned and unburned sites in northern high latitudes. Earth System Science Data 17, 2887-2909, https://doi.org/10.5194/essd-17-2887-2025",CC BY 4.0,,2018-07-03,none,single_visit,,,31.6591,0.0001,1,burned,0,FireALT 기여 자료(lastNm 열): Paulson,,ok,"기여자 Paulson; siteId shark; plot 1개; 연중 방문 1회(8월 1일 이후 0회); msrType thaw; 식생 DN; 영구동토 분포 C; 생태지역 Northeast Siberian taiga; 화재 연도 2010, 화재 후 경과 연수 8"
firealt_talucci2025,firealt_talucci2025_0275,Paulson shark (burned),67.99273,156.9289,2018,7,54.4,probe,direct_dated,5,Russia,Russia_E,"Talucci, A., Loranty, M., Holloway, J., Rogers, B., Alexander, H., et al. (2024) FireALT dataset: estimated active layer thickness for paired burned unburned sites measured from 2001-2023. NSF Arctic Data Center. https://doi.org/10.18739/A2RN3092P. 자료 논문: Talucci, A. C., et al. (2025) Permafrost-wildfire interactions: active layer thickness estimates for paired burned and unburned sites in northern high latitudes. Earth System Science Data 17, 2887-2909, https://doi.org/10.5194/essd-17-2887-2025",CC BY 4.0,,2018-07-03,none,single_visit,,,11.5888,0.0001,1,burned,0,FireALT 기여 자료(lastNm 열): Paulson,,ok,"기여자 Paulson; siteId shark; plot 1개; 연중 방문 1회(8월 1일 이후 0회); msrType thaw; 식생 DN; 영구동토 분포 C; 생태지역 Northeast Siberian taiga; 화재 연도 2010, 화재 후 경과 연수 8"
firealt_talucci2025,firealt_talucci2025_0276,Paulson shark (burned),67.99293,156.9266,2018,7,78.8,probe,direct_dated,5,Russia,Russia_E,"Talucci, A., Loranty, M., Holloway, J., Rogers, B., Alexander, H., et al. (2024) FireALT dataset: estimated active layer thickness for paired burned unburned sites measured from 2001-2023. NSF Arctic Data Center. https://doi.org/10.18739/A2RN3092P. 자료 논문: Talucci, A. C., et al. (2025) Permafrost-wildfire interactions: active layer thickness estimates for paired burned and unburned sites in northern high latitudes. Earth System Science Data 17, 2887-2909, https://doi.org/10.5194/essd-17-2887-2025",CC BY 4.0,,2018-07-03,none,single_visit,,,15.6429,0.0001,1,burned,0,FireALT 기여 자료(lastNm 열): Paulson,,ok,"기여자 Paulson; siteId shark; plot 1개; 연중 방문 1회(8월 1일 이후 0회); msrType thaw; 식생 DN; 영구동토 분포 C; 생태지역 Northeast Siberian taiga; 화재 연도 2010, 화재 후 경과 연수 8"
firealt_talucci2025,firealt_talucci2025_0277,Paulson shark (burned),67.99302,156.9253,2018,7,40,probe,direct_dated,5,Russia,Russia_E,"Talucci, A., Loranty, M., Holloway, J., Rogers, B., Alexander, H., et al. (2024) FireALT dataset: estimated active layer thickness for paired burned unburned sites measured from 2001-2023. NSF Arctic Data Center. https://doi.org/10.18739/A2RN3092P. 자료 논문: Talucci, A. C., et al. (2025) Permafrost-wildfire interactions: active layer thickness estimates for paired burned and unburned sites in northern high latitudes. Earth System Science Data 17, 2887-2909, https://doi.org/10.5194/essd-17-2887-2025",CC BY 4.0,,2018-07-03,none,single_visit,,,11.2694,0.0001,1,burned,0,FireALT 기여 자료(lastNm 열): Paulson,,ok,"기여자 Paulson; siteId shark; plot 1개; 연중 방문 1회(8월 1일 이후 0회); msrType thaw; 식생 DN; 영구동토 분포 C; 생태지역 Northeast Siberian taiga; 화재 연도 2010, 화재 후 경과 연수 8"
firealt_talucci2025,firealt_talucci2025_0278,Paulson shark (burned),67.99298,156.926,2018,7,51,probe,direct_dated,5,Russia,Russia_E,"Talucci, A., Loranty, M., Holloway, J., Rogers, B., Alexander, H., et al. (2024) FireALT dataset: estimated active layer thickness for paired burned unburned sites measured from 2001-2023. NSF Arctic Data Center. https://doi.org/10.18739/A2RN3092P. 자료 논문: Talucci, A. C., et al. (2025) Permafrost-wildfire interactions: active layer thickness estimates for paired burned and unburned sites in northern high latitudes. Earth System Science Data 17, 2887-2909, https://doi.org/10.5194/essd-17-2887-2025",CC BY 4.0,,2018-07-03,none,single_visit,,,12.7671,0.001,1,burned,0,FireALT 기여 자료(lastNm 열): Paulson,,ok,"기여자 Paulson; siteId shark; plot 1개; 연중 방문 1회(8월 1일 이후 0회); msrType thaw; 식생 DN; 영구동토 분포 C; 생태지역 Northeast Siberian taiga; 화재 연도 2010, 화재 후 경과 연수 8"
firealt_talucci2025,firealt_talucci2025_0279,Paulson shark (unburned),67.99312,156.9232,2018,7,30.2,probe,direct_dated,5,Russia,Russia_E,"Talucci, A., Loranty, M., Holloway, J., Rogers, B., Alexander, H., et al. (2024) FireALT dataset: estimated active layer thickness for paired burned unburned sites measured from 2001-2023. NSF Arctic Data Center. https://doi.org/10.18739/A2RN3092P. 자료 논문: Talucci, A. C., et al. (2025) Permafrost-wildfire interactions: active layer thickness estimates for paired burned and unburned sites in northern high latitudes. Earth System Science Data 17, 2887-2909, https://doi.org/10.5194/essd-17-2887-2025",CC BY 4.0,,2018-07-03,none,single_visit,,,15.4013,0.0001,0,,0,FireALT 기여 자료(lastNm 열): Paulson,,ok,기여자 Paulson; siteId shark; plot 1개; 연중 방문 1회(8월 1일 이후 0회); msrType thaw; 식생 DN; 영구동토 분포 C; 생태지역 Northeast Siberian taiga
firealt_talucci2025,firealt_talucci2025_0280,Paulson shark (unburned),67.99309,156.9237,2018,7,21.2,probe,direct_dated,5,Russia,Russia_E,"Talucci, A., Loranty, M., Holloway, J., Rogers, B., Alexander, H., et al. (2024) FireALT dataset: estimated active layer thickness for paired burned unburned sites measured from 2001-2023. NSF Arctic Data Center. https://doi.org/10.18739/A2RN3092P. 자료 논문: Talucci, A. C., et al. (2025) Permafrost-wildfire interactions: active layer thickness estimates for paired burned and unburned sites in northern high latitudes. Earth System Science Data 17, 2887-2909, https://doi.org/10.5194/essd-17-2887-2025",CC BY 4.0,,2018-07-03,none,single_visit,,,4.8683,0.0001,0,,0,FireALT 기여 자료(lastNm 열): Paulson,,ok,기여자 Paulson; siteId shark; plot 1개; 연중 방문 1회(8월 1일 이후 0회); msrType thaw; 식생 DN; 영구동토 분포 C; 생태지역 Northeast Siberian taiga
firealt_talucci2025,firealt_talucci2025_0281,Paulson shark (burned),67.99305,156.9247,2018,7,62.8,probe,direct_dated,5,Russia,Russia_E,"Talucci, A., Loranty, M., Holloway, J., Rogers, B., Alexander, H., et al. (2024) FireALT dataset: estimated active layer thickness for paired burned unburned sites measured from 2001-2023. NSF Arctic Data Center. https://doi.org/10.18739/A2RN3092P. 자료 논문: Talucci, A. C., et al. (2025) Permafrost-wildfire interactions: active layer thickness estimates for paired burned and unburned sites in northern high latitudes. Earth System Science Data 17, 2887-2909, https://doi.org/10.5194/essd-17-2887-2025",CC BY 4.0,,2018-07-03,none,single_visit,,,11.2783,0.0001,1,burned,0,FireALT 기여 자료(lastNm 열): Paulson,,ok,"기여자 Paulson; siteId shark; plot 1개; 연중 방문 1회(8월 1일 이후 0회); msrType thaw; 식생 DN; 영구동토 분포 C; 생태지역 Northeast Siberian taiga; 화재 연도 2010, 화재 후 경과 연수 8"
firealt_talucci2025,firealt_talucci2025_0282,Paulson shark (burned),67.99322,156.9715,2018,7,57.2,probe,direct_dated,5,Russia,Russia_E,"Talucci, A., Loranty, M., Holloway, J., Rogers, B., Alexander, H., et al. (2024) FireALT dataset: estimated active layer thickness for paired burned unburned sites measured from 2001-2023. NSF Arctic Data Center. https://doi.org/10.18739/A2RN3092P. 자료 논문: Talucci, A. C., et al. (2025) Permafrost-wildfire interactions: active layer thickness estimates for paired burned and unburned sites in northern high latitudes. Earth System Science Data 17, 2887-2909, https://doi.org/10.5194/essd-17-2887-2025",CC BY 4.0,,2018-07-03,none,single_visit,,,23.253,0.0001,1,burned,0,FireALT 기여 자료(lastNm 열): Paulson,,ok,"기여자 Paulson; siteId shark; plot 1개; 연중 방문 1회(8월 1일 이후 0회); msrType thaw; 식생 DN; 영구동토 분포 C; 생태지역 Northeast Siberian taiga; 화재 연도 2010, 화재 후 경과 연수 8"
firealt_talucci2025,firealt_talucci2025_0283,Paulson shark (burned),67.99336,156.9712,2018,7,49.8,probe,direct_dated,5,Russia,Russia_E,"Talucci, A., Loranty, M., Holloway, J., Rogers, B., Alexander, H., et al. (2024) FireALT dataset: estimated active layer thickness for paired burned unburned sites measured from 2001-2023. NSF Arctic Data Center. https://doi.org/10.18739/A2RN3092P. 자료 논문: Talucci, A. C., et al. (2025) Permafrost-wildfire interactions: active layer thickness estimates for paired burned and unburned sites in northern high latitudes. Earth System Science Data 17, 2887-2909, https://doi.org/10.5194/essd-17-2887-2025",CC BY 4.0,,2018-07-03,none,single_visit,,,19.9549,0.0001,1,burned,0,FireALT 기여 자료(lastNm 열): Paulson,,ok,"기여자 Paulson; siteId shark; plot 1개; 연중 방문 1회(8월 1일 이후 0회); msrType thaw; 식생 DN; 영구동토 분포 C; 생태지역 Northeast Siberian taiga; 화재 연도 2010, 화재 후 경과 연수 8"
firealt_talucci2025,firealt_talucci2025_0284,Paulson shark (unburned),67.99375,156.9707,2018,7,21.2,probe,direct_dated,5,Russia,Russia_E,"Talucci, A., Loranty, M., Holloway, J., Rogers, B., Alexander, H., et al. (2024) FireALT dataset: estimated active layer thickness for paired burned unburned sites measured from 2001-2023. NSF Arctic Data Center. https://doi.org/10.18739/A2RN3092P. 자료 논문: Talucci, A. C., et al. (2025) Permafrost-wildfire interactions: active layer thickness estimates for paired burned and unburned sites in northern high latitudes. Earth System Science Data 17, 2887-2909, https://doi.org/10.5194/essd-17-2887-2025",CC BY 4.0,,2018-07-03,none,single_visit,,,2.3875,0.0001,0,,0,FireALT 기여 자료(lastNm 열): Paulson,,ok,기여자 Paulson; siteId shark; plot 1개; 연중 방문 1회(8월 1일 이후 0회); msrType thaw; 식생 DN; 영구동토 분포 C; 생태지역 Northeast Siberian taiga
firealt_talucci2025,firealt_talucci2025_0285,Paulson shark (unburned),67.99386,156.9704,2018,7,28.8,probe,direct_dated,5,Russia,Russia_E,"Talucci, A., Loranty, M., Holloway, J., Rogers, B., Alexander, H., et al. (2024) FireALT dataset: estimated active layer thickness for paired burned unburned sites measured from 2001-2023. NSF Arctic Data Center. https://doi.org/10.18739/A2RN3092P. 자료 논문: Talucci, A. C., et al. (2025) Permafrost-wildfire interactions: active layer thickness estimates for paired burned and unburned sites in northern high latitudes. Earth System Science Data 17, 2887-2909, https://doi.org/10.5194/essd-17-2887-2025",CC BY 4.0,,2018-07-03,none,single_visit,,,14.025,0.0001,0,,0,FireALT 기여 자료(lastNm 열): Paulson,,ok,기여자 Paulson; siteId shark; plot 1개; 연중 방문 1회(8월 1일 이후 0회); msrType thaw; 식생 DN; 영구동토 분포 C; 생태지역 Northeast Siberian taiga
firealt_talucci2025,firealt_talucci2025_0286,Paulson shark (burned),67.99435,156.9727,2018,7,70.6,probe,direct_dated,5,Russia,Russia_E,"Talucci, A., Loranty, M., Holloway, J., Rogers, B., Alexander, H., et al. (2024) FireALT dataset: estimated active layer thickness for paired burned unburned sites measured from 2001-2023. NSF Arctic Data Center. https://doi.org/10.18739/A2RN3092P. 자료 논문: Talucci, A. C., et al. (2025) Permafrost-wildfire interactions: active layer thickness estimates for paired burned and unburned sites in northern high latitudes. Earth System Science Data 17, 2887-2909, https://doi.org/10.5194/essd-17-2887-2025",CC BY 4.0,,2018-07-03,none,single_visit,,,34.6453,0.0001,1,burned,0,FireALT 기여 자료(lastNm 열): Paulson,,ok,"기여자 Paulson; siteId shark; plot 1개; 연중 방문 1회(8월 1일 이후 0회); msrType thaw; 식생 DN; 영구동토 분포 C; 생태지역 Northeast Siberian taiga; 화재 연도 2010, 화재 후 경과 연수 8"
firealt_talucci2025,firealt_talucci2025_0287,Paulson shark (burned),67.99447,156.9732,2018,7,70.6,probe,direct_dated,5,Russia,Russia_E,"Talucci, A., Loranty, M., Holloway, J., Rogers, B., Alexander, H., et al. (2024) FireALT dataset: estimated active layer thickness for paired burned unburned sites measured from 2001-2023. NSF Arctic Data Center. https://doi.org/10.18739/A2RN3092P. 자료 논문: Talucci, A. C., et al. (2025) Permafrost-wildfire interactions: active layer thickness estimates for paired burned and unburned sites in northern high latitudes. Earth System Science Data 17, 2887-2909, https://doi.org/10.5194/essd-17-2887-2025",CC BY 4.0,,2018-07-03,none,single_visit,,,39.2403,0.0001,1,burned,0,FireALT 기여 자료(lastNm 열): Paulson,,ok,"기여자 Paulson; siteId shark; plot 1개; 연중 방문 1회(8월 1일 이후 0회); msrType thaw; 식생 DN; 영구동토 분포 C; 생태지역 Northeast Siberian taiga; 화재 연도 2010, 화재 후 경과 연수 8"
firealt_talucci2025,firealt_talucci2025_0288,Paulson shark (burned),67.99456,156.9738,2018,7,77.4,probe,direct_dated,5,Russia,Russia_E,"Talucci, A., Loranty, M., Holloway, J., Rogers, B., Alexander, H., et al. (2024) FireALT dataset: estimated active layer thickness for paired burned unburned sites measured from 2001-2023. NSF Arctic Data Center. https://doi.org/10.18739/A2RN3092P. 자료 논문: Talucci, A. C., et al. (2025) Permafrost-wildfire interactions: active layer thickness estimates for paired burned and unburned sites in northern high latitudes. Earth System Science Data 17, 2887-2909, https://doi.org/10.5194/essd-17-2887-2025",CC BY 4.0,,2018-07-03,none,single_visit,,,22.3562,0.0001,1,burned,0,FireALT 기여 자료(lastNm 열): Paulson,,ok,"기여자 Paulson; siteId shark; plot 1개; 연중 방문 1회(8월 1일 이후 0회); msrType thaw; 식생 DN; 영구동토 분포 C; 생태지역 Northeast Siberian taiga; 화재 연도 2010, 화재 후 경과 연수 8"
firealt_talucci2025,firealt_talucci2025_0289,Paulson shark (burned),67.9947,156.9743,2018,7,69.6,probe,direct_dated,5,Russia,Russia_E,"Talucci, A., Loranty, M., Holloway, J., Rogers, B., Alexander, H., et al. (2024) FireALT dataset: estimated active layer thickness for paired burned unburned sites measured from 2001-2023. NSF Arctic Data Center. https://doi.org/10.18739/A2RN3092P. 자료 논문: Talucci, A. C., et al. (2025) Permafrost-wildfire interactions: active layer thickness estimates for paired burned and unburned sites in northern high latitudes. Earth System Science Data 17, 2887-2909, https://doi.org/10.5194/essd-17-2887-2025",CC BY 4.0,,2018-07-03,none,single_visit,,,24.2652,0.0001,1,burned,0,FireALT 기여 자료(lastNm 열): Paulson,,ok,"기여자 Paulson; siteId shark; plot 1개; 연중 방문 1회(8월 1일 이후 0회); msrType thaw; 식생 DN; 영구동토 분포 C; 생태지역 Northeast Siberian taiga; 화재 연도 2010, 화재 후 경과 연수 8"
firealt_talucci2025,firealt_talucci2025_0290,Paulson shark (unburned),67.99493,156.9754,2018,7,23.4,probe,direct_dated,5,Russia,Russia_E,"Talucci, A., Loranty, M., Holloway, J., Rogers, B., Alexander, H., et al. (2024) FireALT dataset: estimated active layer thickness for paired burned unburned sites measured from 2001-2023. NSF Arctic Data Center. https://doi.org/10.18739/A2RN3092P. 자료 논문: Talucci, A. C., et al. (2025) Permafrost-wildfire interactions: active layer thickness estimates for paired burned and unburned sites in northern high latitudes. Earth System Science Data 17, 2887-2909, https://doi.org/10.5194/essd-17-2887-2025",CC BY 4.0,,2018-07-03,none,single_visit,,,9.2358,0.0001,0,,0,FireALT 기여 자료(lastNm 열): Paulson,,ok,기여자 Paulson; siteId shark; plot 1개; 연중 방문 1회(8월 1일 이후 0회); msrType thaw; 식생 DN; 영구동토 분포 C; 생태지역 Northeast Siberian taiga
firealt_talucci2025,firealt_talucci2025_0291,Paulson shark (unburned),67.99513,156.9752,2018,7,22.6,probe,direct_dated,5,Russia,Russia_E,"Talucci, A., Loranty, M., Holloway, J., Rogers, B., Alexander, H., et al. (2024) FireALT dataset: estimated active layer thickness for paired burned unburned sites measured from 2001-2023. NSF Arctic Data Center. https://doi.org/10.18739/A2RN3092P. 자료 논문: Talucci, A. C., et al. (2025) Permafrost-wildfire interactions: active layer thickness estimates for paired burned and unburned sites in northern high latitudes. Earth System Science Data 17, 2887-2909, https://doi.org/10.5194/essd-17-2887-2025",CC BY 4.0,,2018-07-03,none,single_visit,,,11.0815,0.0001,0,,0,FireALT 기여 자료(lastNm 열): Paulson,,ok,기여자 Paulson; siteId shark; plot 1개; 연중 방문 1회(8월 1일 이후 0회); msrType thaw; 식생 DN; 영구동토 분포 C; 생태지역 Northeast Siberian taiga
firealt_talucci2025,firealt_talucci2025_0292,Paulson alnus (burned),68.1088,161.3367,2019,6,12.6,probe,direct_dated,5,Russia,Russia_E,"Talucci, A., Loranty, M., Holloway, J., Rogers, B., Alexander, H., et al. (2024) FireALT dataset: estimated active layer thickness for paired burned unburned sites measured from 2001-2023. NSF Arctic Data Center. https://doi.org/10.18739/A2RN3092P. 자료 논문: Talucci, A. C., et al. (2025) Permafrost-wildfire interactions: active layer thickness estimates for paired burned and unburned sites in northern high latitudes. Earth System Science Data 17, 2887-2909, https://doi.org/10.5194/essd-17-2887-2025",CC BY 4.0,,2019-06-24,none,single_visit,,,1.8166,0.0001,1,burned,0,FireALT 기여 자료(lastNm 열): Paulson,,ok,"기여자 Paulson; siteId alnus; plot 1개; 연중 방문 1회(8월 1일 이후 0회); msrType thaw; 식생 DN; 영구동토 분포 C; 생태지역 Northeast Siberian taiga; 화재 연도 1984, 화재 후 경과 연수 35"
firealt_talucci2025,firealt_talucci2025_0293,Paulson alnus (unburned),68.10885,161.3355,2019,6,11,probe,direct_dated,4,Russia,Russia_E,"Talucci, A., Loranty, M., Holloway, J., Rogers, B., Alexander, H., et al. (2024) FireALT dataset: estimated active layer thickness for paired burned unburned sites measured from 2001-2023. NSF Arctic Data Center. https://doi.org/10.18739/A2RN3092P. 자료 논문: Talucci, A. C., et al. (2025) Permafrost-wildfire interactions: active layer thickness estimates for paired burned and unburned sites in northern high latitudes. Earth System Science Data 17, 2887-2909, https://doi.org/10.5194/essd-17-2887-2025",CC BY 4.0,,2019-06-24,none,single_visit,,,2.708,0.0001,0,,0,FireALT 기여 자료(lastNm 열): Paulson,,ok,기여자 Paulson; siteId alnus; plot 1개; 연중 방문 1회(8월 1일 이후 0회); msrType thaw; 식생 DN; 영구동토 분포 C; 생태지역 Northeast Siberian taiga
firealt_talucci2025,firealt_talucci2025_0294,Paulson alnus (burned),68.10886,161.3373,2019,6,9.5,probe,direct_dated,6,Russia,Russia_E,"Talucci, A., Loranty, M., Holloway, J., Rogers, B., Alexander, H., et al. (2024) FireALT dataset: estimated active layer thickness for paired burned unburned sites measured from 2001-2023. NSF Arctic Data Center. https://doi.org/10.18739/A2RN3092P. 자료 논문: Talucci, A. C., et al. (2025) Permafrost-wildfire interactions: active layer thickness estimates for paired burned and unburned sites in northern high latitudes. Earth System Science Data 17, 2887-2909, https://doi.org/10.5194/essd-17-2887-2025",CC BY 4.0,,2019-06-24,none,single_visit,,,2.5884,0.0001,1,burned,0,FireALT 기여 자료(lastNm 열): Paulson,,ok,"기여자 Paulson; siteId alnus; plot 1개; 연중 방문 1회(8월 1일 이후 0회); msrType thaw; 식생 DN; 영구동토 분포 C; 생태지역 Northeast Siberian taiga; 화재 연도 1984, 화재 후 경과 연수 35"
firealt_talucci2025,firealt_talucci2025_0295,Paulson alnus (burned),68.10891,161.3378,2019,6,11.4,probe,direct_dated,5,Russia,Russia_E,"Talucci, A., Loranty, M., Holloway, J., Rogers, B., Alexander, H., et al. (2024) FireALT dataset: estimated active layer thickness for paired burned unburned sites measured from 2001-2023. NSF Arctic Data Center. https://doi.org/10.18739/A2RN3092P. 자료 논문: Talucci, A. C., et al. (2025) Permafrost-wildfire interactions: active layer thickness estimates for paired burned and unburned sites in northern high latitudes. Earth System Science Data 17, 2887-2909, https://doi.org/10.5194/essd-17-2887-2025",CC BY 4.0,,2019-06-24,none,single_visit,,,4.3932,0.0001,1,burned,0,FireALT 기여 자료(lastNm 열): Paulson,,ok,"기여자 Paulson; siteId alnus; plot 1개; 연중 방문 1회(8월 1일 이후 0회); msrType thaw; 식생 DN; 영구동토 분포 C; 생태지역 Northeast Siberian taiga; 화재 연도 1984, 화재 후 경과 연수 35"
firealt_talucci2025,firealt_talucci2025_0296,Paulson alnus (burned),68.10894,161.3385,2019,6,10,probe,direct_dated,5,Russia,Russia_E,"Talucci, A., Loranty, M., Holloway, J., Rogers, B., Alexander, H., et al. (2024) FireALT dataset: estimated active layer thickness for paired burned unburned sites measured from 2001-2023. NSF Arctic Data Center. https://doi.org/10.18739/A2RN3092P. 자료 논문: Talucci, A. C., et al. (2025) Permafrost-wildfire interactions: active layer thickness estimates for paired burned and unburned sites in northern high latitudes. Earth System Science Data 17, 2887-2909, https://doi.org/10.5194/essd-17-2887-2025",CC BY 4.0,,2019-06-24,none,single_visit,,,2.4495,0.0001,1,burned,0,FireALT 기여 자료(lastNm 열): Paulson,,ok,"기여자 Paulson; siteId alnus; plot 1개; 연중 방문 1회(8월 1일 이후 0회); msrType thaw; 식생 DN; 영구동토 분포 C; 생태지역 Northeast Siberian taiga; 화재 연도 1984, 화재 후 경과 연수 35"
firealt_talucci2025,firealt_talucci2025_0297,Paulson alnus (burned),68.10899,161.3396,2019,6,11,probe,direct_dated,5,Russia,Russia_E,"Talucci, A., Loranty, M., Holloway, J., Rogers, B., Alexander, H., et al. (2024) FireALT dataset: estimated active layer thickness for paired burned unburned sites measured from 2001-2023. NSF Arctic Data Center. https://doi.org/10.18739/A2RN3092P. 자료 논문: Talucci, A. C., et al. (2025) Permafrost-wildfire interactions: active layer thickness estimates for paired burned and unburned sites in northern high latitudes. Earth System Science Data 17, 2887-2909, https://doi.org/10.5194/essd-17-2887-2025",CC BY 4.0,,2019-06-24,none,single_visit,,,3.7417,0.0001,1,burned,0,FireALT 기여 자료(lastNm 열): Paulson,,ok,"기여자 Paulson; siteId alnus; plot 1개; 연중 방문 1회(8월 1일 이후 0회); msrType thaw; 식생 DN; 영구동토 분포 C; 생태지역 Northeast Siberian taiga; 화재 연도 1984, 화재 후 경과 연수 35"
firealt_talucci2025,firealt_talucci2025_0298,Paulson alnus (burned),68.10905,161.3408,2019,6,17.8,probe,direct_dated,5,Russia,Russia_E,"Talucci, A., Loranty, M., Holloway, J., Rogers, B., Alexander, H., et al. (2024) FireALT dataset: estimated active layer thickness for paired burned unburned sites measured from 2001-2023. NSF Arctic Data Center. https://doi.org/10.18739/A2RN3092P. 자료 논문: Talucci, A. C., et al. (2025) Permafrost-wildfire interactions: active layer thickness estimates for paired burned and unburned sites in northern high latitudes. Earth System Science Data 17, 2887-2909, https://doi.org/10.5194/essd-17-2887-2025",CC BY 4.0,,2019-06-24,none,single_visit,,,6.3403,0.0001,1,burned,0,FireALT 기여 자료(lastNm 열): Paulson,,ok,"기여자 Paulson; siteId alnus; plot 1개; 연중 방문 1회(8월 1일 이후 0회); msrType thaw; 식생 DN; 영구동토 분포 C; 생태지역 Northeast Siberian taiga; 화재 연도 1984, 화재 후 경과 연수 35"
firealt_talucci2025,firealt_talucci2025_0299,Paulson bp (burned),68.32026,160.6431,2019,6,26,probe,direct_dated,5,Russia,Russia_E,"Talucci, A., Loranty, M., Holloway, J., Rogers, B., Alexander, H., et al. (2024) FireALT dataset: estimated active layer thickness for paired burned unburned sites measured from 2001-2023. NSF Arctic Data Center. https://doi.org/10.18739/A2RN3092P. 자료 논문: Talucci, A. C., et al. (2025) Permafrost-wildfire interactions: active layer thickness estimates for paired burned and unburned sites in northern high latitudes. Earth System Science Data 17, 2887-2909, https://doi.org/10.5194/essd-17-2887-2025",CC BY 4.0,,2019-06-25,none,single_visit,,,8.3964,0.0001,1,burned,0,FireALT 기여 자료(lastNm 열): Paulson,,ok,"기여자 Paulson; siteId bp; plot 1개; 연중 방문 1회(8월 1일 이후 0회); msrType thaw; 식생 DN; 영구동토 분포 C; 생태지역 Northeast Siberian taiga; 화재 연도 1983, 화재 후 경과 연수 36"
firealt_talucci2025,firealt_talucci2025_0300,Paulson bp (burned),68.32057,160.6442,2019,6,26.8,probe,direct_dated,5,Russia,Russia_E,"Talucci, A., Loranty, M., Holloway, J., Rogers, B., Alexander, H., et al. (2024) FireALT dataset: estimated active layer thickness for paired burned unburned sites measured from 2001-2023. NSF Arctic Data Center. https://doi.org/10.18739/A2RN3092P. 자료 논문: Talucci, A. C., et al. (2025) Permafrost-wildfire interactions: active layer thickness estimates for paired burned and unburned sites in northern high latitudes. Earth System Science Data 17, 2887-2909, https://doi.org/10.5194/essd-17-2887-2025",CC BY 4.0,,2019-06-25,none,single_visit,,,11.3666,0.0001,1,burned,0,FireALT 기여 자료(lastNm 열): Paulson,,ok,"기여자 Paulson; siteId bp; plot 1개; 연중 방문 1회(8월 1일 이후 0회); msrType thaw; 식생 DN; 영구동토 분포 C; 생태지역 Northeast Siberian taiga; 화재 연도 1983, 화재 후 경과 연수 36"
firealt_talucci2025,firealt_talucci2025_0301,Paulson bp (burned),68.3209,160.645,2019,6,18.6,probe,direct_dated,5,Russia,Russia_E,"Talucci, A., Loranty, M., Holloway, J., Rogers, B., Alexander, H., et al. (2024) FireALT dataset: estimated active layer thickness for paired burned unburned sites measured from 2001-2023. NSF Arctic Data Center. https://doi.org/10.18739/A2RN3092P. 자료 논문: Talucci, A. C., et al. (2025) Permafrost-wildfire interactions: active layer thickness estimates for paired burned and unburned sites in northern high latitudes. Earth System Science Data 17, 2887-2909, https://doi.org/10.5194/essd-17-2887-2025",CC BY 4.0,,2019-06-25,none,single_visit,,,6.6558,0.001,1,burned,0,FireALT 기여 자료(lastNm 열): Paulson,,ok,"기여자 Paulson; siteId bp; plot 1개; 연중 방문 1회(8월 1일 이후 0회); msrType thaw; 식생 DN; 영구동토 분포 C; 생태지역 Northeast Siberian taiga; 화재 연도 1983, 화재 후 경과 연수 36"
firealt_talucci2025,firealt_talucci2025_0302,Paulson bp (burned),68.3211,160.6456,2019,6,28.4,probe,direct_dated,5,Russia,Russia_E,"Talucci, A., Loranty, M., Holloway, J., Rogers, B., Alexander, H., et al. (2024) FireALT dataset: estimated active layer thickness for paired burned unburned sites measured from 2001-2023. NSF Arctic Data Center. https://doi.org/10.18739/A2RN3092P. 자료 논문: Talucci, A. C., et al. (2025) Permafrost-wildfire interactions: active layer thickness estimates for paired burned and unburned sites in northern high latitudes. Earth System Science Data 17, 2887-2909, https://doi.org/10.5194/essd-17-2887-2025",CC BY 4.0,,2019-06-25,none,single_visit,,,15.5016,0.0001,1,burned,0,FireALT 기여 자료(lastNm 열): Paulson,,ok,"기여자 Paulson; siteId bp; plot 1개; 연중 방문 1회(8월 1일 이후 0회); msrType thaw; 식생 DN; 영구동토 분포 C; 생태지역 Northeast Siberian taiga; 화재 연도 1983, 화재 후 경과 연수 36"
firealt_talucci2025,firealt_talucci2025_0303,Paulson bp (burned),68.32126,160.6461,2019,6,20.2,probe,direct_dated,5,Russia,Russia_E,"Talucci, A., Loranty, M., Holloway, J., Rogers, B., Alexander, H., et al. (2024) FireALT dataset: estimated active layer thickness for paired burned unburned sites measured from 2001-2023. NSF Arctic Data Center. https://doi.org/10.18739/A2RN3092P. 자료 논문: Talucci, A. C., et al. (2025) Permafrost-wildfire interactions: active layer thickness estimates for paired burned and unburned sites in northern high latitudes. Earth System Science Data 17, 2887-2909, https://doi.org/10.5194/essd-17-2887-2025",CC BY 4.0,,2019-06-25,none,single_visit,,,10.1094,0.0001,1,burned,0,FireALT 기여 자료(lastNm 열): Paulson,,ok,"기여자 Paulson; siteId bp; plot 1개; 연중 방문 1회(8월 1일 이후 0회); msrType thaw; 식생 DN; 영구동토 분포 C; 생태지역 Northeast Siberian taiga; 화재 연도 1983, 화재 후 경과 연수 36"
firealt_talucci2025,firealt_talucci2025_0304,Paulson bp (burned),68.32144,160.6466,2019,6,22,probe,direct_dated,5,Russia,Russia_E,"Talucci, A., Loranty, M., Holloway, J., Rogers, B., Alexander, H., et al. (2024) FireALT dataset: estimated active layer thickness for paired burned unburned sites measured from 2001-2023. NSF Arctic Data Center. https://doi.org/10.18739/A2RN3092P. 자료 논문: Talucci, A. C., et al. (2025) Permafrost-wildfire interactions: active layer thickness estimates for paired burned and unburned sites in northern high latitudes. Earth System Science Data 17, 2887-2909, https://doi.org/10.5194/essd-17-2887-2025",CC BY 4.0,,2019-06-25,none,single_visit,,,4.1833,0.0001,1,burned,0,FireALT 기여 자료(lastNm 열): Paulson,,ok,"기여자 Paulson; siteId bp; plot 1개; 연중 방문 1회(8월 1일 이후 0회); msrType thaw; 식생 DN; 영구동토 분포 C; 생태지역 Northeast Siberian taiga; 화재 연도 1983, 화재 후 경과 연수 36"
firealt_talucci2025,firealt_talucci2025_0305,Paulson bp (unburned),68.32186,160.6475,2019,6,18.6,probe,direct_dated,5,Russia,Russia_E,"Talucci, A., Loranty, M., Holloway, J., Rogers, B., Alexander, H., et al. (2024) FireALT dataset: estimated active layer thickness for paired burned unburned sites measured from 2001-2023. NSF Arctic Data Center. https://doi.org/10.18739/A2RN3092P. 자료 논문: Talucci, A. C., et al. (2025) Permafrost-wildfire interactions: active layer thickness estimates for paired burned and unburned sites in northern high latitudes. Earth System Science Data 17, 2887-2909, https://doi.org/10.5194/essd-17-2887-2025",CC BY 4.0,,2019-06-25,none,single_visit,,,14.3108,0.0001,0,,0,FireALT 기여 자료(lastNm 열): Paulson,,ok,기여자 Paulson; siteId bp; plot 1개; 연중 방문 1회(8월 1일 이후 0회); msrType thaw; 식생 DN; 영구동토 분포 C; 생태지역 Northeast Siberian taiga
firealt_talucci2025,firealt_talucci2025_0306,Paulson bp (unburned),68.32186,160.648,2019,6,28.8,probe,direct_dated,5,Russia,Russia_E,"Talucci, A., Loranty, M., Holloway, J., Rogers, B., Alexander, H., et al. (2024) FireALT dataset: estimated active layer thickness for paired burned unburned sites measured from 2001-2023. NSF Arctic Data Center. https://doi.org/10.18739/A2RN3092P. 자료 논문: Talucci, A. C., et al. (2025) Permafrost-wildfire interactions: active layer thickness estimates for paired burned and unburned sites in northern high latitudes. Earth System Science Data 17, 2887-2909, https://doi.org/10.5194/essd-17-2887-2025",CC BY 4.0,,2019-06-25,none,single_visit,,,6.261,0.001,0,,0,FireALT 기여 자료(lastNm 열): Paulson,,ok,기여자 Paulson; siteId bp; plot 1개; 연중 방문 1회(8월 1일 이후 0회); msrType thaw; 식생 DN; 영구동토 분포 C; 생태지역 Northeast Siberian taiga
firealt_talucci2025,firealt_talucci2025_0307,Paulson bp (burned),68.32272,160.6587,2019,6,31.6,probe,direct_dated,5,Russia,Russia_E,"Talucci, A., Loranty, M., Holloway, J., Rogers, B., Alexander, H., et al. (2024) FireALT dataset: estimated active layer thickness for paired burned unburned sites measured from 2001-2023. NSF Arctic Data Center. https://doi.org/10.18739/A2RN3092P. 자료 논문: Talucci, A. C., et al. (2025) Permafrost-wildfire interactions: active layer thickness estimates for paired burned and unburned sites in northern high latitudes. Earth System Science Data 17, 2887-2909, https://doi.org/10.5194/essd-17-2887-2025",CC BY 4.0,,2019-06-25,none,single_visit,,,19.6799,0.0001,1,burned,0,FireALT 기여 자료(lastNm 열): Paulson,,ok,"기여자 Paulson; siteId bp; plot 1개; 연중 방문 1회(8월 1일 이후 0회); msrType thaw; 식생 DN; 영구동토 분포 C; 생태지역 Northeast Siberian taiga; 화재 연도 1983, 화재 후 경과 연수 36"
firealt_talucci2025,firealt_talucci2025_0308,Paulson bp (burned),68.32268,160.66,2019,6,35,probe,direct_dated,5,Russia,Russia_E,"Talucci, A., Loranty, M., Holloway, J., Rogers, B., Alexander, H., et al. (2024) FireALT dataset: estimated active layer thickness for paired burned unburned sites measured from 2001-2023. NSF Arctic Data Center. https://doi.org/10.18739/A2RN3092P. 자료 논문: Talucci, A. C., et al. (2025) Permafrost-wildfire interactions: active layer thickness estimates for paired burned and unburned sites in northern high latitudes. Earth System Science Data 17, 2887-2909, https://doi.org/10.5194/essd-17-2887-2025",CC BY 4.0,,2019-06-25,none,single_visit,,,14.089,0.01,1,burned,0,FireALT 기여 자료(lastNm 열): Paulson,,ok,"기여자 Paulson; siteId bp; plot 1개; 연중 방문 1회(8월 1일 이후 0회); msrType thaw; 식생 DN; 영구동토 분포 C; 생태지역 Northeast Siberian taiga; 화재 연도 1983, 화재 후 경과 연수 36"
firealt_talucci2025,firealt_talucci2025_0309,Paulson bp (burned),68.32283,160.6569,2019,6,27.4,probe,direct_dated,5,Russia,Russia_E,"Talucci, A., Loranty, M., Holloway, J., Rogers, B., Alexander, H., et al. (2024) FireALT dataset: estimated active layer thickness for paired burned unburned sites measured from 2001-2023. NSF Arctic Data Center. https://doi.org/10.18739/A2RN3092P. 자료 논문: Talucci, A. C., et al. (2025) Permafrost-wildfire interactions: active layer thickness estimates for paired burned and unburned sites in northern high latitudes. Earth System Science Data 17, 2887-2909, https://doi.org/10.5194/essd-17-2887-2025",CC BY 4.0,,2019-06-25,none,single_visit,,,12.0125,0.0001,1,burned,0,FireALT 기여 자료(lastNm 열): Paulson,,ok,"기여자 Paulson; siteId bp; plot 1개; 연중 방문 1회(8월 1일 이후 0회); msrType thaw; 식생 DN; 영구동토 분포 C; 생태지역 Northeast Siberian taiga; 화재 연도 1983, 화재 후 경과 연수 36"
firealt_talucci2025,firealt_talucci2025_0310,Paulson bp (burned),68.32282,160.6575,2019,6,24.2,probe,direct_dated,5,Russia,Russia_E,"Talucci, A., Loranty, M., Holloway, J., Rogers, B., Alexander, H., et al. (2024) FireALT dataset: estimated active layer thickness for paired burned unburned sites measured from 2001-2023. NSF Arctic Data Center. https://doi.org/10.18739/A2RN3092P. 자료 논문: Talucci, A. C., et al. (2025) Permafrost-wildfire interactions: active layer thickness estimates for paired burned and unburned sites in northern high latitudes. Earth System Science Data 17, 2887-2909, https://doi.org/10.5194/essd-17-2887-2025",CC BY 4.0,,2019-06-25,none,single_visit,,,8.5849,0.0001,1,burned,0,FireALT 기여 자료(lastNm 열): Paulson,,ok,"기여자 Paulson; siteId bp; plot 1개; 연중 방문 1회(8월 1일 이후 0회); msrType thaw; 식생 DN; 영구동토 분포 C; 생태지역 Northeast Siberian taiga; 화재 연도 1983, 화재 후 경과 연수 36"
firealt_talucci2025,firealt_talucci2025_0311,Paulson bp (burned),68.32288,160.6554,2019,6,19.2,probe,direct_dated,5,Russia,Russia_E,"Talucci, A., Loranty, M., Holloway, J., Rogers, B., Alexander, H., et al. (2024) FireALT dataset: estimated active layer thickness for paired burned unburned sites measured from 2001-2023. NSF Arctic Data Center. https://doi.org/10.18739/A2RN3092P. 자료 논문: Talucci, A. C., et al. (2025) Permafrost-wildfire interactions: active layer thickness estimates for paired burned and unburned sites in northern high latitudes. Earth System Science Data 17, 2887-2909, https://doi.org/10.5194/essd-17-2887-2025",CC BY 4.0,,2019-06-25,none,single_visit,,,5.6745,0.0001,1,burned,0,FireALT 기여 자료(lastNm 열): Paulson,,ok,"기여자 Paulson; siteId bp; plot 1개; 연중 방문 1회(8월 1일 이후 0회); msrType thaw; 식생 DN; 영구동토 분포 C; 생태지역 Northeast Siberian taiga; 화재 연도 1983, 화재 후 경과 연수 36"
firealt_talucci2025,firealt_talucci2025_0312,Paulson bp (burned),68.32287,160.6561,2019,6,24,probe,direct_dated,5,Russia,Russia_E,"Talucci, A., Loranty, M., Holloway, J., Rogers, B., Alexander, H., et al. (2024) FireALT dataset: estimated active layer thickness for paired burned unburned sites measured from 2001-2023. NSF Arctic Data Center. https://doi.org/10.18739/A2RN3092P. 자료 논문: Talucci, A. C., et al. (2025) Permafrost-wildfire interactions: active layer thickness estimates for paired burned and unburned sites in northern high latitudes. Earth System Science Data 17, 2887-2909, https://doi.org/10.5194/essd-17-2887-2025",CC BY 4.0,,2019-06-25,none,single_visit,,,6.1644,0.0001,1,burned,0,FireALT 기여 자료(lastNm 열): Paulson,,ok,"기여자 Paulson; siteId bp; plot 1개; 연중 방문 1회(8월 1일 이후 0회); msrType thaw; 식생 DN; 영구동토 분포 C; 생태지역 Northeast Siberian taiga; 화재 연도 1983, 화재 후 경과 연수 36"
firealt_talucci2025,firealt_talucci2025_0313,Paulson bp (unburned),68.32298,160.6542,2019,6,20.4,probe,direct_dated,5,Russia,Russia_E,"Talucci, A., Loranty, M., Holloway, J., Rogers, B., Alexander, H., et al. (2024) FireALT dataset: estimated active layer thickness for paired burned unburned sites measured from 2001-2023. NSF Arctic Data Center. https://doi.org/10.18739/A2RN3092P. 자료 논문: Talucci, A. C., et al. (2025) Permafrost-wildfire interactions: active layer thickness estimates for paired burned and unburned sites in northern high latitudes. Earth System Science Data 17, 2887-2909, https://doi.org/10.5194/essd-17-2887-2025",CC BY 4.0,,2019-06-25,none,single_visit,,,7.4364,0.0001,0,,0,FireALT 기여 자료(lastNm 열): Paulson,,ok,기여자 Paulson; siteId bp; plot 1개; 연중 방문 1회(8월 1일 이후 0회); msrType thaw; 식생 DN; 영구동토 분포 C; 생태지역 Northeast Siberian taiga
firealt_talucci2025,firealt_talucci2025_0314,Paulson bp (unburned),68.32307,160.6547,2019,6,24,probe,direct_dated,5,Russia,Russia_E,"Talucci, A., Loranty, M., Holloway, J., Rogers, B., Alexander, H., et al. (2024) FireALT dataset: estimated active layer thickness for paired burned unburned sites measured from 2001-2023. NSF Arctic Data Center. https://doi.org/10.18739/A2RN3092P. 자료 논문: Talucci, A. C., et al. (2025) Permafrost-wildfire interactions: active layer thickness estimates for paired burned and unburned sites in northern high latitudes. Earth System Science Data 17, 2887-2909, https://doi.org/10.5194/essd-17-2887-2025",CC BY 4.0,,2019-06-25,none,single_visit,,,7.5166,0.0001,0,,0,FireALT 기여 자료(lastNm 열): Paulson,,ok,기여자 Paulson; siteId bp; plot 1개; 연중 방문 1회(8월 1일 이후 0회); msrType thaw; 식생 DN; 영구동토 분포 C; 생태지역 Northeast Siberian taiga
firealt_talucci2025,firealt_talucci2025_0315,Paulson hr (burned),68.74854,161.5338,2019,7,48.6,probe,direct_dated,5,Russia,Russia_E,"Talucci, A., Loranty, M., Holloway, J., Rogers, B., Alexander, H., et al. (2024) FireALT dataset: estimated active layer thickness for paired burned unburned sites measured from 2001-2023. NSF Arctic Data Center. https://doi.org/10.18739/A2RN3092P. 자료 논문: Talucci, A. C., et al. (2025) Permafrost-wildfire interactions: active layer thickness estimates for paired burned and unburned sites in northern high latitudes. Earth System Science Data 17, 2887-2909, https://doi.org/10.5194/essd-17-2887-2025",CC BY 4.0,,2019-07-02,none,single_visit,,,13.4648,0.0001,1,burned,0,FireALT 기여 자료(lastNm 열): Paulson,,ok,"기여자 Paulson; siteId hr; plot 1개; 연중 방문 1회(8월 1일 이후 0회); msrType thaw; 식생 DN; 영구동토 분포 C; 생태지역 Northeast Siberian taiga; 화재 연도 1990, 화재 후 경과 연수 29"
firealt_talucci2025,firealt_talucci2025_0316,Paulson hr (burned),68.74851,161.535,2019,7,60.6,probe,direct_dated,5,Russia,Russia_E,"Talucci, A., Loranty, M., Holloway, J., Rogers, B., Alexander, H., et al. (2024) FireALT dataset: estimated active layer thickness for paired burned unburned sites measured from 2001-2023. NSF Arctic Data Center. https://doi.org/10.18739/A2RN3092P. 자료 논문: Talucci, A. C., et al. (2025) Permafrost-wildfire interactions: active layer thickness estimates for paired burned and unburned sites in northern high latitudes. Earth System Science Data 17, 2887-2909, https://doi.org/10.5194/essd-17-2887-2025",CC BY 4.0,,2019-07-02,none,single_visit,,,14.6731,0.001,1,burned,0,FireALT 기여 자료(lastNm 열): Paulson,,ok,"기여자 Paulson; siteId hr; plot 1개; 연중 방문 1회(8월 1일 이후 0회); msrType thaw; 식생 DN; 영구동토 분포 C; 생태지역 Northeast Siberian taiga; 화재 연도 1990, 화재 후 경과 연수 29"
firealt_talucci2025,firealt_talucci2025_0317,Paulson hr (burned),68.74861,161.5304,2019,7,49.4,probe,direct_dated,5,Russia,Russia_E,"Talucci, A., Loranty, M., Holloway, J., Rogers, B., Alexander, H., et al. (2024) FireALT dataset: estimated active layer thickness for paired burned unburned sites measured from 2001-2023. NSF Arctic Data Center. https://doi.org/10.18739/A2RN3092P. 자료 논문: Talucci, A. C., et al. (2025) Permafrost-wildfire interactions: active layer thickness estimates for paired burned and unburned sites in northern high latitudes. Earth System Science Data 17, 2887-2909, https://doi.org/10.5194/essd-17-2887-2025",CC BY 4.0,,2019-07-02,none,single_visit,,,14.3631,0.0001,1,burned,0,FireALT 기여 자료(lastNm 열): Paulson,,ok,"기여자 Paulson; siteId hr; plot 1개; 연중 방문 1회(8월 1일 이후 0회); msrType thaw; 식생 DN; 영구동토 분포 C; 생태지역 Northeast Siberian taiga; 화재 연도 1990, 화재 후 경과 연수 29"
firealt_talucci2025,firealt_talucci2025_0318,Paulson hr (burned),68.74859,161.531,2019,7,54.6,probe,direct_dated,5,Russia,Russia_E,"Talucci, A., Loranty, M., Holloway, J., Rogers, B., Alexander, H., et al. (2024) FireALT dataset: estimated active layer thickness for paired burned unburned sites measured from 2001-2023. NSF Arctic Data Center. https://doi.org/10.18739/A2RN3092P. 자료 논문: Talucci, A. C., et al. (2025) Permafrost-wildfire interactions: active layer thickness estimates for paired burned and unburned sites in northern high latitudes. Earth System Science Data 17, 2887-2909, https://doi.org/10.5194/essd-17-2887-2025",CC BY 4.0,,2019-07-02,none,single_visit,,,17.7426,0.001,1,burned,0,FireALT 기여 자료(lastNm 열): Paulson,,ok,"기여자 Paulson; siteId hr; plot 1개; 연중 방문 1회(8월 1일 이후 0회); msrType thaw; 식생 DN; 영구동토 분포 C; 생태지역 Northeast Siberian taiga; 화재 연도 1990, 화재 후 경과 연수 29"
firealt_talucci2025,firealt_talucci2025_0319,Paulson hr (burned),68.74856,161.5318,2019,7,49,probe,direct_dated,5,Russia,Russia_E,"Talucci, A., Loranty, M., Holloway, J., Rogers, B., Alexander, H., et al. (2024) FireALT dataset: estimated active layer thickness for paired burned unburned sites measured from 2001-2023. NSF Arctic Data Center. https://doi.org/10.18739/A2RN3092P. 자료 논문: Talucci, A. C., et al. (2025) Permafrost-wildfire interactions: active layer thickness estimates for paired burned and unburned sites in northern high latitudes. Earth System Science Data 17, 2887-2909, https://doi.org/10.5194/essd-17-2887-2025",CC BY 4.0,,2019-07-02,none,single_visit,,,14.089,0.0001,1,burned,0,FireALT 기여 자료(lastNm 열): Paulson,,ok,"기여자 Paulson; siteId hr; plot 1개; 연중 방문 1회(8월 1일 이후 0회); msrType thaw; 식생 DN; 영구동토 분포 C; 생태지역 Northeast Siberian taiga; 화재 연도 1990, 화재 후 경과 연수 29"
firealt_talucci2025,firealt_talucci2025_0320,Paulson hr (burned),68.74855,161.5326,2019,7,61.6,probe,direct_dated,5,Russia,Russia_E,"Talucci, A., Loranty, M., Holloway, J., Rogers, B., Alexander, H., et al. (2024) FireALT dataset: estimated active layer thickness for paired burned unburned sites measured from 2001-2023. NSF Arctic Data Center. https://doi.org/10.18739/A2RN3092P. 자료 논문: Talucci, A. C., et al. (2025) Permafrost-wildfire interactions: active layer thickness estimates for paired burned and unburned sites in northern high latitudes. Earth System Science Data 17, 2887-2909, https://doi.org/10.5194/essd-17-2887-2025",CC BY 4.0,,2019-07-02,none,single_visit,,,13.8852,0.0001,1,burned,0,FireALT 기여 자료(lastNm 열): Paulson,,ok,"기여자 Paulson; siteId hr; plot 1개; 연중 방문 1회(8월 1일 이후 0회); msrType thaw; 식생 DN; 영구동토 분포 C; 생태지역 Northeast Siberian taiga; 화재 연도 1990, 화재 후 경과 연수 29"
firealt_talucci2025,firealt_talucci2025_0321,Paulson hr (unburned),68.74868,161.5282,2019,7,25.6,probe,direct_dated,5,Russia,Russia_E,"Talucci, A., Loranty, M., Holloway, J., Rogers, B., Alexander, H., et al. (2024) FireALT dataset: estimated active layer thickness for paired burned unburned sites measured from 2001-2023. NSF Arctic Data Center. https://doi.org/10.18739/A2RN3092P. 자료 논문: Talucci, A. C., et al. (2025) Permafrost-wildfire interactions: active layer thickness estimates for paired burned and unburned sites in northern high latitudes. Earth System Science Data 17, 2887-2909, https://doi.org/10.5194/essd-17-2887-2025",CC BY 4.0,,2019-07-02,none,single_visit,,,10.6207,0.0001,0,,0,FireALT 기여 자료(lastNm 열): Paulson,,ok,기여자 Paulson; siteId hr; plot 1개; 연중 방문 1회(8월 1일 이후 0회); msrType thaw; 식생 DN; 영구동토 분포 C; 생태지역 Northeast Siberian taiga
firealt_talucci2025,firealt_talucci2025_0322,Paulson hr (unburned),68.74866,161.529,2019,7,20.6,probe,direct_dated,5,Russia,Russia_E,"Talucci, A., Loranty, M., Holloway, J., Rogers, B., Alexander, H., et al. (2024) FireALT dataset: estimated active layer thickness for paired burned unburned sites measured from 2001-2023. NSF Arctic Data Center. https://doi.org/10.18739/A2RN3092P. 자료 논문: Talucci, A. C., et al. (2025) Permafrost-wildfire interactions: active layer thickness estimates for paired burned and unburned sites in northern high latitudes. Earth System Science Data 17, 2887-2909, https://doi.org/10.5194/essd-17-2887-2025",CC BY 4.0,,2019-07-02,none,single_visit,,,7.0569,0.001,0,,0,FireALT 기여 자료(lastNm 열): Paulson,,ok,기여자 Paulson; siteId hr; plot 1개; 연중 방문 1회(8월 1일 이후 0회); msrType thaw; 식생 DN; 영구동토 분포 C; 생태지역 Northeast Siberian taiga
firealt_talucci2025,firealt_talucci2025_0323,Paulson hr (burned),68.75087,161.538,2019,7,47.8,probe,direct_dated,5,Russia,Russia_E,"Talucci, A., Loranty, M., Holloway, J., Rogers, B., Alexander, H., et al. (2024) FireALT dataset: estimated active layer thickness for paired burned unburned sites measured from 2001-2023. NSF Arctic Data Center. https://doi.org/10.18739/A2RN3092P. 자료 논문: Talucci, A. C., et al. (2025) Permafrost-wildfire interactions: active layer thickness estimates for paired burned and unburned sites in northern high latitudes. Earth System Science Data 17, 2887-2909, https://doi.org/10.5194/essd-17-2887-2025",CC BY 4.0,,2019-07-02,none,single_visit,,,9.8843,0.001,1,burned,0,FireALT 기여 자료(lastNm 열): Paulson,,ok,"기여자 Paulson; siteId hr; plot 1개; 연중 방문 1회(8월 1일 이후 0회); msrType thaw; 식생 DN; 영구동토 분포 C; 생태지역 Northeast Siberian taiga; 화재 연도 1990, 화재 후 경과 연수 29"
firealt_talucci2025,firealt_talucci2025_0324,Paulson hr (burned),68.75121,161.5376,2019,7,44.8,probe,direct_dated,5,Russia,Russia_E,"Talucci, A., Loranty, M., Holloway, J., Rogers, B., Alexander, H., et al. (2024) FireALT dataset: estimated active layer thickness for paired burned unburned sites measured from 2001-2023. NSF Arctic Data Center. https://doi.org/10.18739/A2RN3092P. 자료 논문: Talucci, A. C., et al. (2025) Permafrost-wildfire interactions: active layer thickness estimates for paired burned and unburned sites in northern high latitudes. Earth System Science Data 17, 2887-2909, https://doi.org/10.5194/essd-17-2887-2025",CC BY 4.0,,2019-07-02,none,single_visit,,,15.0897,0.0001,1,burned,0,FireALT 기여 자료(lastNm 열): Paulson,,ok,"기여자 Paulson; siteId hr; plot 1개; 연중 방문 1회(8월 1일 이후 0회); msrType thaw; 식생 DN; 영구동토 분포 C; 생태지역 Northeast Siberian taiga; 화재 연도 1990, 화재 후 경과 연수 29"
firealt_talucci2025,firealt_talucci2025_0325,Paulson hr (burned),68.75156,161.5373,2019,7,50.4,probe,direct_dated,5,Russia,Russia_E,"Talucci, A., Loranty, M., Holloway, J., Rogers, B., Alexander, H., et al. (2024) FireALT dataset: estimated active layer thickness for paired burned unburned sites measured from 2001-2023. NSF Arctic Data Center. https://doi.org/10.18739/A2RN3092P. 자료 논문: Talucci, A. C., et al. (2025) Permafrost-wildfire interactions: active layer thickness estimates for paired burned and unburned sites in northern high latitudes. Earth System Science Data 17, 2887-2909, https://doi.org/10.5194/essd-17-2887-2025",CC BY 4.0,,2019-07-02,none,single_visit,,,10.9681,0.0001,1,burned,0,FireALT 기여 자료(lastNm 열): Paulson,,ok,"기여자 Paulson; siteId hr; plot 1개; 연중 방문 1회(8월 1일 이후 0회); msrType thaw; 식생 DN; 영구동토 분포 C; 생태지역 Northeast Siberian taiga; 화재 연도 1990, 화재 후 경과 연수 29"
firealt_talucci2025,firealt_talucci2025_0326,Paulson hr (burned),68.75177,161.5371,2019,7,49.4,probe,direct_dated,5,Russia,Russia_E,"Talucci, A., Loranty, M., Holloway, J., Rogers, B., Alexander, H., et al. (2024) FireALT dataset: estimated active layer thickness for paired burned unburned sites measured from 2001-2023. NSF Arctic Data Center. https://doi.org/10.18739/A2RN3092P. 자료 논문: Talucci, A. C., et al. (2025) Permafrost-wildfire interactions: active layer thickness estimates for paired burned and unburned sites in northern high latitudes. Earth System Science Data 17, 2887-2909, https://doi.org/10.5194/essd-17-2887-2025",CC BY 4.0,,2019-07-02,none,single_visit,,,13.2401,0.0001,1,burned,0,FireALT 기여 자료(lastNm 열): Paulson,,ok,"기여자 Paulson; siteId hr; plot 1개; 연중 방문 1회(8월 1일 이후 0회); msrType thaw; 식생 DN; 영구동토 분포 C; 생태지역 Northeast Siberian taiga; 화재 연도 1990, 화재 후 경과 연수 29"
firealt_talucci2025,firealt_talucci2025_0327,Paulson hr (burned),68.752,161.5368,2019,7,48.6,probe,direct_dated,5,Russia,Russia_E,"Talucci, A., Loranty, M., Holloway, J., Rogers, B., Alexander, H., et al. (2024) FireALT dataset: estimated active layer thickness for paired burned unburned sites measured from 2001-2023. NSF Arctic Data Center. https://doi.org/10.18739/A2RN3092P. 자료 논문: Talucci, A. C., et al. (2025) Permafrost-wildfire interactions: active layer thickness estimates for paired burned and unburned sites in northern high latitudes. Earth System Science Data 17, 2887-2909, https://doi.org/10.5194/essd-17-2887-2025",CC BY 4.0,,2019-07-02,none,single_visit,,,10.5499,0.001,1,burned,0,FireALT 기여 자료(lastNm 열): Paulson,,ok,"기여자 Paulson; siteId hr; plot 1개; 연중 방문 1회(8월 1일 이후 0회); msrType thaw; 식생 DN; 영구동토 분포 C; 생태지역 Northeast Siberian taiga; 화재 연도 1990, 화재 후 경과 연수 29"
firealt_talucci2025,firealt_talucci2025_0328,Paulson hr (burned),68.75219,161.5366,2019,7,61,probe,direct_dated,5,Russia,Russia_E,"Talucci, A., Loranty, M., Holloway, J., Rogers, B., Alexander, H., et al. (2024) FireALT dataset: estimated active layer thickness for paired burned unburned sites measured from 2001-2023. NSF Arctic Data Center. https://doi.org/10.18739/A2RN3092P. 자료 논문: Talucci, A. C., et al. (2025) Permafrost-wildfire interactions: active layer thickness estimates for paired burned and unburned sites in northern high latitudes. Earth System Science Data 17, 2887-2909, https://doi.org/10.5194/essd-17-2887-2025",CC BY 4.0,,2019-07-02,none,single_visit,,,9.6954,0.0001,1,burned,0,FireALT 기여 자료(lastNm 열): Paulson,,ok,"기여자 Paulson; siteId hr; plot 1개; 연중 방문 1회(8월 1일 이후 0회); msrType thaw; 식생 DN; 영구동토 분포 C; 생태지역 Northeast Siberian taiga; 화재 연도 1990, 화재 후 경과 연수 29"
firealt_talucci2025,firealt_talucci2025_0329,Paulson hr (unburned),68.75256,161.5361,2019,7,37.8,probe,direct_dated,5,Russia,Russia_E,"Talucci, A., Loranty, M., Holloway, J., Rogers, B., Alexander, H., et al. (2024) FireALT dataset: estimated active layer thickness for paired burned unburned sites measured from 2001-2023. NSF Arctic Data Center. https://doi.org/10.18739/A2RN3092P. 자료 논문: Talucci, A. C., et al. (2025) Permafrost-wildfire interactions: active layer thickness estimates for paired burned and unburned sites in northern high latitudes. Earth System Science Data 17, 2887-2909, https://doi.org/10.5194/essd-17-2887-2025",CC BY 4.0,,2019-07-02,none,single_visit,,,11.4978,0.0001,0,,0,FireALT 기여 자료(lastNm 열): Paulson,,ok,기여자 Paulson; siteId hr; plot 1개; 연중 방문 1회(8월 1일 이후 0회); msrType thaw; 식생 DN; 영구동토 분포 C; 생태지역 Northeast Siberian taiga
firealt_talucci2025,firealt_talucci2025_0330,Paulson hr (unburned),68.75287,161.5359,2019,7,32,probe,direct_dated,5,Russia,Russia_E,"Talucci, A., Loranty, M., Holloway, J., Rogers, B., Alexander, H., et al. (2024) FireALT dataset: estimated active layer thickness for paired burned unburned sites measured from 2001-2023. NSF Arctic Data Center. https://doi.org/10.18739/A2RN3092P. 자료 논문: Talucci, A. C., et al. (2025) Permafrost-wildfire interactions: active layer thickness estimates for paired burned and unburned sites in northern high latitudes. Earth System Science Data 17, 2887-2909, https://doi.org/10.5194/essd-17-2887-2025",CC BY 4.0,,2019-07-02,none,single_visit,,,11.8954,0.0001,0,,0,FireALT 기여 자료(lastNm 열): Paulson,,ok,기여자 Paulson; siteId hr; plot 1개; 연중 방문 1회(8월 1일 이후 0회); msrType thaw; 식생 DN; 영구동토 분포 C; 생태지역 Northeast Siberian taiga
firealt_talucci2025,firealt_talucci2025_0331,Paulson cn (unburned),68.78183,161.4741,2018,6,21.2,probe,direct_dated,5,Russia,Russia_E,"Talucci, A., Loranty, M., Holloway, J., Rogers, B., Alexander, H., et al. (2024) FireALT dataset: estimated active layer thickness for paired burned unburned sites measured from 2001-2023. NSF Arctic Data Center. https://doi.org/10.18739/A2RN3092P. 자료 논문: Talucci, A. C., et al. (2025) Permafrost-wildfire interactions: active layer thickness estimates for paired burned and unburned sites in northern high latitudes. Earth System Science Data 17, 2887-2909, https://doi.org/10.5194/essd-17-2887-2025",CC BY 4.0,,2018-06-25,none,single_visit,,,1.9235,0.0001,0,,0,FireALT 기여 자료(lastNm 열): Paulson,,ok,기여자 Paulson; siteId cn; plot 1개; 연중 방문 1회(8월 1일 이후 0회); msrType thaw; 식생 DN; 영구동토 분포 C; 생태지역 Northeast Siberian taiga
firealt_talucci2025,firealt_talucci2025_0332,Paulson cn (unburned),68.782,161.4744,2018,6,19.4,probe,direct_dated,5,Russia,Russia_E,"Talucci, A., Loranty, M., Holloway, J., Rogers, B., Alexander, H., et al. (2024) FireALT dataset: estimated active layer thickness for paired burned unburned sites measured from 2001-2023. NSF Arctic Data Center. https://doi.org/10.18739/A2RN3092P. 자료 논문: Talucci, A. C., et al. (2025) Permafrost-wildfire interactions: active layer thickness estimates for paired burned and unburned sites in northern high latitudes. Earth System Science Data 17, 2887-2909, https://doi.org/10.5194/essd-17-2887-2025",CC BY 4.0,,2018-06-25,none,single_visit,,,5.0299,0.001,0,,0,FireALT 기여 자료(lastNm 열): Paulson,,ok,기여자 Paulson; siteId cn; plot 1개; 연중 방문 1회(8월 1일 이후 0회); msrType thaw; 식생 DN; 영구동토 분포 C; 생태지역 Northeast Siberian taiga
firealt_talucci2025,firealt_talucci2025_0333,Paulson cn (burned),68.78263,161.4748,2018,6,47,probe,direct_dated,5,Russia,Russia_E,"Talucci, A., Loranty, M., Holloway, J., Rogers, B., Alexander, H., et al. (2024) FireALT dataset: estimated active layer thickness for paired burned unburned sites measured from 2001-2023. NSF Arctic Data Center. https://doi.org/10.18739/A2RN3092P. 자료 논문: Talucci, A. C., et al. (2025) Permafrost-wildfire interactions: active layer thickness estimates for paired burned and unburned sites in northern high latitudes. Earth System Science Data 17, 2887-2909, https://doi.org/10.5194/essd-17-2887-2025",CC BY 4.0,,2018-06-25,none,single_visit,,,19.3778,0.0001,1,burned,0,FireALT 기여 자료(lastNm 열): Paulson,,ok,"기여자 Paulson; siteId cn; plot 1개; 연중 방문 1회(8월 1일 이후 0회); msrType thaw; 식생 DN; 영구동토 분포 C; 생태지역 Northeast Siberian taiga; 화재 연도 2001, 화재 후 경과 연수 17"
firealt_talucci2025,firealt_talucci2025_0334,Paulson cn (burned),68.78283,161.475,2018,6,40.2,probe,direct_dated,5,Russia,Russia_E,"Talucci, A., Loranty, M., Holloway, J., Rogers, B., Alexander, H., et al. (2024) FireALT dataset: estimated active layer thickness for paired burned unburned sites measured from 2001-2023. NSF Arctic Data Center. https://doi.org/10.18739/A2RN3092P. 자료 논문: Talucci, A. C., et al. (2025) Permafrost-wildfire interactions: active layer thickness estimates for paired burned and unburned sites in northern high latitudes. Earth System Science Data 17, 2887-2909, https://doi.org/10.5194/essd-17-2887-2025",CC BY 4.0,,2018-06-25,none,single_visit,,,11.3886,0.001,1,burned,0,FireALT 기여 자료(lastNm 열): Paulson,,ok,"기여자 Paulson; siteId cn; plot 1개; 연중 방문 1회(8월 1일 이후 0회); msrType thaw; 식생 DN; 영구동토 분포 C; 생태지역 Northeast Siberian taiga; 화재 연도 2001, 화재 후 경과 연수 17"
firealt_talucci2025,firealt_talucci2025_0335,Paulson cn (burned),68.78304,161.4752,2018,6,39.2,probe,direct_dated,5,Russia,Russia_E,"Talucci, A., Loranty, M., Holloway, J., Rogers, B., Alexander, H., et al. (2024) FireALT dataset: estimated active layer thickness for paired burned unburned sites measured from 2001-2023. NSF Arctic Data Center. https://doi.org/10.18739/A2RN3092P. 자료 논문: Talucci, A. C., et al. (2025) Permafrost-wildfire interactions: active layer thickness estimates for paired burned and unburned sites in northern high latitudes. Earth System Science Data 17, 2887-2909, https://doi.org/10.5194/essd-17-2887-2025",CC BY 4.0,,2018-06-25,none,single_visit,,,8.5849,0.0001,1,burned,0,FireALT 기여 자료(lastNm 열): Paulson,,ok,"기여자 Paulson; siteId cn; plot 1개; 연중 방문 1회(8월 1일 이후 0회); msrType thaw; 식생 DN; 영구동토 분포 C; 생태지역 Northeast Siberian taiga; 화재 연도 2001, 화재 후 경과 연수 17"
firealt_talucci2025,firealt_talucci2025_0336,Paulson cn (burned),68.78347,161.4757,2018,6,29.8,probe,direct_dated,5,Russia,Russia_E,"Talucci, A., Loranty, M., Holloway, J., Rogers, B., Alexander, H., et al. (2024) FireALT dataset: estimated active layer thickness for paired burned unburned sites measured from 2001-2023. NSF Arctic Data Center. https://doi.org/10.18739/A2RN3092P. 자료 논문: Talucci, A. C., et al. (2025) Permafrost-wildfire interactions: active layer thickness estimates for paired burned and unburned sites in northern high latitudes. Earth System Science Data 17, 2887-2909, https://doi.org/10.5194/essd-17-2887-2025",CC BY 4.0,,2018-06-25,none,single_visit,,,8.2583,0.0001,1,burned,0,FireALT 기여 자료(lastNm 열): Paulson,,ok,"기여자 Paulson; siteId cn; plot 1개; 연중 방문 1회(8월 1일 이후 0회); msrType thaw; 식생 DN; 영구동토 분포 C; 생태지역 Northeast Siberian taiga; 화재 연도 2001, 화재 후 경과 연수 17"
firealt_talucci2025,firealt_talucci2025_0337,Paulson cn (burned),68.78391,161.4761,2018,6,47.6,probe,direct_dated,5,Russia,Russia_E,"Talucci, A., Loranty, M., Holloway, J., Rogers, B., Alexander, H., et al. (2024) FireALT dataset: estimated active layer thickness for paired burned unburned sites measured from 2001-2023. NSF Arctic Data Center. https://doi.org/10.18739/A2RN3092P. 자료 논문: Talucci, A. C., et al. (2025) Permafrost-wildfire interactions: active layer thickness estimates for paired burned and unburned sites in northern high latitudes. Earth System Science Data 17, 2887-2909, https://doi.org/10.5194/essd-17-2887-2025",CC BY 4.0,,2018-06-25,none,single_visit,,,10.4067,0.0001,1,burned,0,FireALT 기여 자료(lastNm 열): Paulson,,ok,"기여자 Paulson; siteId cn; plot 1개; 연중 방문 1회(8월 1일 이후 0회); msrType thaw; 식생 DN; 영구동토 분포 C; 생태지역 Northeast Siberian taiga; 화재 연도 2001, 화재 후 경과 연수 17"
firealt_talucci2025,firealt_talucci2025_0338,Paulson cn (unburned),68.78674,161.4978,2018,7,18.4,probe,direct_dated,5,Russia,Russia_E,"Talucci, A., Loranty, M., Holloway, J., Rogers, B., Alexander, H., et al. (2024) FireALT dataset: estimated active layer thickness for paired burned unburned sites measured from 2001-2023. NSF Arctic Data Center. https://doi.org/10.18739/A2RN3092P. 자료 논문: Talucci, A. C., et al. (2025) Permafrost-wildfire interactions: active layer thickness estimates for paired burned and unburned sites in northern high latitudes. Earth System Science Data 17, 2887-2909, https://doi.org/10.5194/essd-17-2887-2025",CC BY 4.0,,2018-07-08,none,single_visit,,,2.881,0.0001,0,,0,FireALT 기여 자료(lastNm 열): Paulson,,ok,기여자 Paulson; siteId cn; plot 1개; 연중 방문 1회(8월 1일 이후 0회); msrType thaw; 식생 DN; 영구동토 분포 C; 생태지역 Northeast Siberian taiga
firealt_talucci2025,firealt_talucci2025_0339,Paulson cn (unburned),68.78666,161.4983,2018,7,29.4,probe,direct_dated,5,Russia,Russia_E,"Talucci, A., Loranty, M., Holloway, J., Rogers, B., Alexander, H., et al. (2024) FireALT dataset: estimated active layer thickness for paired burned unburned sites measured from 2001-2023. NSF Arctic Data Center. https://doi.org/10.18739/A2RN3092P. 자료 논문: Talucci, A. C., et al. (2025) Permafrost-wildfire interactions: active layer thickness estimates for paired burned and unburned sites in northern high latitudes. Earth System Science Data 17, 2887-2909, https://doi.org/10.5194/essd-17-2887-2025",CC BY 4.0,,2018-07-08,none,single_visit,,,6.1074,0.0001,0,,0,FireALT 기여 자료(lastNm 열): Paulson,,ok,기여자 Paulson; siteId cn; plot 1개; 연중 방문 1회(8월 1일 이후 0회); msrType thaw; 식생 DN; 영구동토 분포 C; 생태지역 Northeast Siberian taiga
firealt_talucci2025,firealt_talucci2025_0340,Paulson cn (burned),68.78695,161.497,2018,7,68,probe,direct_dated,5,Russia,Russia_E,"Talucci, A., Loranty, M., Holloway, J., Rogers, B., Alexander, H., et al. (2024) FireALT dataset: estimated active layer thickness for paired burned unburned sites measured from 2001-2023. NSF Arctic Data Center. https://doi.org/10.18739/A2RN3092P. 자료 논문: Talucci, A. C., et al. (2025) Permafrost-wildfire interactions: active layer thickness estimates for paired burned and unburned sites in northern high latitudes. Earth System Science Data 17, 2887-2909, https://doi.org/10.5194/essd-17-2887-2025",CC BY 4.0,,2018-07-08,none,single_visit,,,22.3607,0.001,1,burned,0,FireALT 기여 자료(lastNm 열): Paulson,,ok,"기여자 Paulson; siteId cn; plot 1개; 연중 방문 1회(8월 1일 이후 0회); msrType thaw; 식생 DN; 영구동토 분포 C; 생태지역 Northeast Siberian taiga; 화재 연도 2001, 화재 후 경과 연수 17"
firealt_talucci2025,firealt_talucci2025_0341,Paulson cn (burned),68.7871,161.4964,2018,7,81,probe,direct_dated,5,Russia,Russia_E,"Talucci, A., Loranty, M., Holloway, J., Rogers, B., Alexander, H., et al. (2024) FireALT dataset: estimated active layer thickness for paired burned unburned sites measured from 2001-2023. NSF Arctic Data Center. https://doi.org/10.18739/A2RN3092P. 자료 논문: Talucci, A. C., et al. (2025) Permafrost-wildfire interactions: active layer thickness estimates for paired burned and unburned sites in northern high latitudes. Earth System Science Data 17, 2887-2909, https://doi.org/10.5194/essd-17-2887-2025",CC BY 4.0,,2018-07-08,none,single_visit,,,32.6037,0.0001,1,burned,0,FireALT 기여 자료(lastNm 열): Paulson,,ok,"기여자 Paulson; siteId cn; plot 1개; 연중 방문 1회(8월 1일 이후 0회); msrType thaw; 식생 DN; 영구동토 분포 C; 생태지역 Northeast Siberian taiga; 화재 연도 2001, 화재 후 경과 연수 17"
firealt_talucci2025,firealt_talucci2025_0342,Paulson cn (burned),68.78722,161.4959,2018,7,63.8,probe,direct_dated,5,Russia,Russia_E,"Talucci, A., Loranty, M., Holloway, J., Rogers, B., Alexander, H., et al. (2024) FireALT dataset: estimated active layer thickness for paired burned unburned sites measured from 2001-2023. NSF Arctic Data Center. https://doi.org/10.18739/A2RN3092P. 자료 논문: Talucci, A. C., et al. (2025) Permafrost-wildfire interactions: active layer thickness estimates for paired burned and unburned sites in northern high latitudes. Earth System Science Data 17, 2887-2909, https://doi.org/10.5194/essd-17-2887-2025",CC BY 4.0,,2018-07-08,none,single_visit,,,24.4274,0.0001,1,burned,0,FireALT 기여 자료(lastNm 열): Paulson,,ok,"기여자 Paulson; siteId cn; plot 1개; 연중 방문 1회(8월 1일 이후 0회); msrType thaw; 식생 DN; 영구동토 분포 C; 생태지역 Northeast Siberian taiga; 화재 연도 2001, 화재 후 경과 연수 17"
firealt_talucci2025,firealt_talucci2025_0343,Paulson cn (burned),68.78739,161.4953,2018,7,81.6,probe,direct_dated,5,Russia,Russia_E,"Talucci, A., Loranty, M., Holloway, J., Rogers, B., Alexander, H., et al. (2024) FireALT dataset: estimated active layer thickness for paired burned unburned sites measured from 2001-2023. NSF Arctic Data Center. https://doi.org/10.18739/A2RN3092P. 자료 논문: Talucci, A. C., et al. (2025) Permafrost-wildfire interactions: active layer thickness estimates for paired burned and unburned sites in northern high latitudes. Earth System Science Data 17, 2887-2909, https://doi.org/10.5194/essd-17-2887-2025",CC BY 4.0,,2018-07-08,none,single_visit,,,37.0985,0.0001,1,burned,0,FireALT 기여 자료(lastNm 열): Paulson,,ok,"기여자 Paulson; siteId cn; plot 1개; 연중 방문 1회(8월 1일 이후 0회); msrType thaw; 식생 DN; 영구동토 분포 C; 생태지역 Northeast Siberian taiga; 화재 연도 2001, 화재 후 경과 연수 17"
firealt_talucci2025,firealt_talucci2025_0344,Paulson cn (burned),68.78763,161.4838,2018,7,76.6,probe,direct_dated,5,Russia,Russia_E,"Talucci, A., Loranty, M., Holloway, J., Rogers, B., Alexander, H., et al. (2024) FireALT dataset: estimated active layer thickness for paired burned unburned sites measured from 2001-2023. NSF Arctic Data Center. https://doi.org/10.18739/A2RN3092P. 자료 논문: Talucci, A. C., et al. (2025) Permafrost-wildfire interactions: active layer thickness estimates for paired burned and unburned sites in northern high latitudes. Earth System Science Data 17, 2887-2909, https://doi.org/10.5194/essd-17-2887-2025",CC BY 4.0,,2018-07-08,none,single_visit,,,12.522,0.0001,1,burned,0,FireALT 기여 자료(lastNm 열): Paulson,,ok,"기여자 Paulson; siteId cn; plot 1개; 연중 방문 1회(8월 1일 이후 0회); msrType thaw; 식생 DN; 영구동토 분포 C; 생태지역 Northeast Siberian taiga; 화재 연도 2001, 화재 후 경과 연수 17"
firealt_talucci2025,firealt_talucci2025_0345,Paulson cn (burned),68.78773,161.4824,2018,7,81.4,probe,direct_dated,5,Russia,Russia_E,"Talucci, A., Loranty, M., Holloway, J., Rogers, B., Alexander, H., et al. (2024) FireALT dataset: estimated active layer thickness for paired burned unburned sites measured from 2001-2023. NSF Arctic Data Center. https://doi.org/10.18739/A2RN3092P. 자료 논문: Talucci, A. C., et al. (2025) Permafrost-wildfire interactions: active layer thickness estimates for paired burned and unburned sites in northern high latitudes. Earth System Science Data 17, 2887-2909, https://doi.org/10.5194/essd-17-2887-2025",CC BY 4.0,,2018-07-08,none,single_visit,,,46.8754,0.0001,1,burned,0,FireALT 기여 자료(lastNm 열): Paulson,,ok,"기여자 Paulson; siteId cn; plot 1개; 연중 방문 1회(8월 1일 이후 0회); msrType thaw; 식생 DN; 영구동토 분포 C; 생태지역 Northeast Siberian taiga; 화재 연도 2001, 화재 후 경과 연수 17"
firealt_talucci2025,firealt_talucci2025_0346,Paulson cn (burned),68.78768,161.4943,2018,7,98.6,probe,direct_dated,5,Russia,Russia_E,"Talucci, A., Loranty, M., Holloway, J., Rogers, B., Alexander, H., et al. (2024) FireALT dataset: estimated active layer thickness for paired burned unburned sites measured from 2001-2023. NSF Arctic Data Center. https://doi.org/10.18739/A2RN3092P. 자료 논문: Talucci, A. C., et al. (2025) Permafrost-wildfire interactions: active layer thickness estimates for paired burned and unburned sites in northern high latitudes. Earth System Science Data 17, 2887-2909, https://doi.org/10.5194/essd-17-2887-2025",CC BY 4.0,,2018-07-08,none,single_visit,,,21.5476,0.0001,1,burned,0,FireALT 기여 자료(lastNm 열): Paulson,,ok,"기여자 Paulson; siteId cn; plot 1개; 연중 방문 1회(8월 1일 이후 0회); msrType thaw; 식생 DN; 영구동토 분포 C; 생태지역 Northeast Siberian taiga; 화재 연도 2001, 화재 후 경과 연수 17"
firealt_talucci2025,firealt_talucci2025_0347,Paulson cn (burned),68.78784,161.4803,2018,7,86.8,probe,direct_dated,5,Russia,Russia_E,"Talucci, A., Loranty, M., Holloway, J., Rogers, B., Alexander, H., et al. (2024) FireALT dataset: estimated active layer thickness for paired burned unburned sites measured from 2001-2023. NSF Arctic Data Center. https://doi.org/10.18739/A2RN3092P. 자료 논문: Talucci, A. C., et al. (2025) Permafrost-wildfire interactions: active layer thickness estimates for paired burned and unburned sites in northern high latitudes. Earth System Science Data 17, 2887-2909, https://doi.org/10.5194/essd-17-2887-2025",CC BY 4.0,,2018-07-08,none,single_visit,,,31.14,0.0001,1,burned,0,FireALT 기여 자료(lastNm 열): Paulson,,ok,"기여자 Paulson; siteId cn; plot 1개; 연중 방문 1회(8월 1일 이후 0회); msrType thaw; 식생 DN; 영구동토 분포 C; 생태지역 Northeast Siberian taiga; 화재 연도 2001, 화재 후 경과 연수 17"
firealt_talucci2025,firealt_talucci2025_0348,Paulson cn (burned),68.7878,161.481,2018,7,76.2,probe,direct_dated,5,Russia,Russia_E,"Talucci, A., Loranty, M., Holloway, J., Rogers, B., Alexander, H., et al. (2024) FireALT dataset: estimated active layer thickness for paired burned unburned sites measured from 2001-2023. NSF Arctic Data Center. https://doi.org/10.18739/A2RN3092P. 자료 논문: Talucci, A. C., et al. (2025) Permafrost-wildfire interactions: active layer thickness estimates for paired burned and unburned sites in northern high latitudes. Earth System Science Data 17, 2887-2909, https://doi.org/10.5194/essd-17-2887-2025",CC BY 4.0,,2018-07-08,none,single_visit,,,28.8479,0.001,1,burned,0,FireALT 기여 자료(lastNm 열): Paulson,,ok,"기여자 Paulson; siteId cn; plot 1개; 연중 방문 1회(8월 1일 이후 0회); msrType thaw; 식생 DN; 영구동토 분포 C; 생태지역 Northeast Siberian taiga; 화재 연도 2001, 화재 후 경과 연수 17"
firealt_talucci2025,firealt_talucci2025_0349,Paulson cn (burned),68.78792,161.4796,2018,7,109.2,probe,direct_dated,5,Russia,Russia_E,"Talucci, A., Loranty, M., Holloway, J., Rogers, B., Alexander, H., et al. (2024) FireALT dataset: estimated active layer thickness for paired burned unburned sites measured from 2001-2023. NSF Arctic Data Center. https://doi.org/10.18739/A2RN3092P. 자료 논문: Talucci, A. C., et al. (2025) Permafrost-wildfire interactions: active layer thickness estimates for paired burned and unburned sites in northern high latitudes. Earth System Science Data 17, 2887-2909, https://doi.org/10.5194/essd-17-2887-2025",CC BY 4.0,,2018-07-08,none,single_visit,,,25.1933,0.0001,1,burned,0,FireALT 기여 자료(lastNm 열): Paulson,,ok,"기여자 Paulson; siteId cn; plot 1개; 연중 방문 1회(8월 1일 이후 0회); msrType thaw; 식생 DN; 영구동토 분포 C; 생태지역 Northeast Siberian taiga; 화재 연도 2001, 화재 후 경과 연수 17"
firealt_talucci2025,firealt_talucci2025_0350,Paulson cn (burned),68.78793,161.4932,2018,7,102,probe,direct_dated,1,Russia,Russia_E,"Talucci, A., Loranty, M., Holloway, J., Rogers, B., Alexander, H., et al. (2024) FireALT dataset: estimated active layer thickness for paired burned unburned sites measured from 2001-2023. NSF Arctic Data Center. https://doi.org/10.18739/A2RN3092P. 자료 논문: Talucci, A. C., et al. (2025) Permafrost-wildfire interactions: active layer thickness estimates for paired burned and unburned sites in northern high latitudes. Earth System Science Data 17, 2887-2909, https://doi.org/10.5194/essd-17-2887-2025",CC BY 4.0,,2018-07-08,none,single_visit,,,,0.0001,1,burned,0,FireALT 기여 자료(lastNm 열): Paulson,,ok,"기여자 Paulson; siteId cn; plot 1개; 연중 방문 1회(8월 1일 이후 0회); msrType thaw; 식생 DN; 영구동토 분포 C; 생태지역 Northeast Siberian taiga; 화재 연도 2001, 화재 후 경과 연수 17"
firealt_talucci2025,firealt_talucci2025_0351,Paulson cn (burned),68.78795,161.4789,2018,7,119,probe,direct_dated,5,Russia,Russia_E,"Talucci, A., Loranty, M., Holloway, J., Rogers, B., Alexander, H., et al. (2024) FireALT dataset: estimated active layer thickness for paired burned unburned sites measured from 2001-2023. NSF Arctic Data Center. https://doi.org/10.18739/A2RN3092P. 자료 논문: Talucci, A. C., et al. (2025) Permafrost-wildfire interactions: active layer thickness estimates for paired burned and unburned sites in northern high latitudes. Earth System Science Data 17, 2887-2909, https://doi.org/10.5194/essd-17-2887-2025",CC BY 4.0,,2018-07-08,none,single_visit,,,34.3875,0.0001,1,burned,0,FireALT 기여 자료(lastNm 열): Paulson,,ok,"기여자 Paulson; siteId cn; plot 1개; 연중 방문 1회(8월 1일 이후 0회); msrType thaw; 식생 DN; 영구동토 분포 C; 생태지역 Northeast Siberian taiga; 화재 연도 2001, 화재 후 경과 연수 17"
firealt_talucci2025,firealt_talucci2025_0352,Paulson cn (unburned),68.78813,161.4767,2018,7,38.4,probe,direct_dated,5,Russia,Russia_E,"Talucci, A., Loranty, M., Holloway, J., Rogers, B., Alexander, H., et al. (2024) FireALT dataset: estimated active layer thickness for paired burned unburned sites measured from 2001-2023. NSF Arctic Data Center. https://doi.org/10.18739/A2RN3092P. 자료 논문: Talucci, A. C., et al. (2025) Permafrost-wildfire interactions: active layer thickness estimates for paired burned and unburned sites in northern high latitudes. Earth System Science Data 17, 2887-2909, https://doi.org/10.5194/essd-17-2887-2025",CC BY 4.0,,2018-07-08,none,single_visit,,,15.566,0.0001,0,,0,FireALT 기여 자료(lastNm 열): Paulson,,ok,기여자 Paulson; siteId cn; plot 1개; 연중 방문 1회(8월 1일 이후 0회); msrType thaw; 식생 DN; 영구동토 분포 C; 생태지역 Northeast Siberian taiga
firealt_talucci2025,firealt_talucci2025_0353,Paulson cn (unburned),68.7881,161.4773,2018,7,37.4,probe,direct_dated,5,Russia,Russia_E,"Talucci, A., Loranty, M., Holloway, J., Rogers, B., Alexander, H., et al. (2024) FireALT dataset: estimated active layer thickness for paired burned unburned sites measured from 2001-2023. NSF Arctic Data Center. https://doi.org/10.18739/A2RN3092P. 자료 논문: Talucci, A. C., et al. (2025) Permafrost-wildfire interactions: active layer thickness estimates for paired burned and unburned sites in northern high latitudes. Earth System Science Data 17, 2887-2909, https://doi.org/10.5194/essd-17-2887-2025",CC BY 4.0,,2018-07-08,none,single_visit,,,15.582,0.0001,0,,0,FireALT 기여 자료(lastNm 열): Paulson,,ok,기여자 Paulson; siteId cn; plot 1개; 연중 방문 1회(8월 1일 이후 0회); msrType thaw; 식생 DN; 영구동토 분포 C; 생태지역 Northeast Siberian taiga
firealt_talucci2025,firealt_talucci2025_0354,Loranty B2 (burned),69.469,162.179,2012,7,34.7778,probe,direct_dated,63,Russia,Russia_E,"Talucci, A., Loranty, M., Holloway, J., Rogers, B., Alexander, H., et al. (2024) FireALT dataset: estimated active layer thickness for paired burned unburned sites measured from 2001-2023. NSF Arctic Data Center. https://doi.org/10.18739/A2RN3092P. 자료 논문: Talucci, A. C., et al. (2025) Permafrost-wildfire interactions: active layer thickness estimates for paired burned and unburned sites in northern high latitudes. Earth System Science Data 17, 2887-2909, https://doi.org/10.5194/essd-17-2887-2025",CC BY 4.0,,2012-07-19,none,single_visit,,,8.5656,0.001,1,burned,0,FireALT 기여 자료(lastNm 열): Loranty,,ok,"기여자 Loranty; siteId B2; plot 63개; 연중 방문 1회(8월 1일 이후 0회); msrType active; 식생 GT; 영구동토 분포 C; 생태지역 Chukchi Peninsula tundra; 화재 연도 1972, 화재 후 경과 연수 40"
firealt_talucci2025,firealt_talucci2025_0355,Loranty U2 (unburned),69.471,162.214,2013,7,38.6667,probe,direct_dated,63,Russia,Russia_E,"Talucci, A., Loranty, M., Holloway, J., Rogers, B., Alexander, H., et al. (2024) FireALT dataset: estimated active layer thickness for paired burned unburned sites measured from 2001-2023. NSF Arctic Data Center. https://doi.org/10.18739/A2RN3092P. 자료 논문: Talucci, A. C., et al. (2025) Permafrost-wildfire interactions: active layer thickness estimates for paired burned and unburned sites in northern high latitudes. Earth System Science Data 17, 2887-2909, https://doi.org/10.5194/essd-17-2887-2025",CC BY 4.0,,2013-07-21,none,single_visit,,,10.4279,0.001,0,,0,FireALT 기여 자료(lastNm 열): Loranty,,ok,기여자 Loranty; siteId U2; plot 63개; 연중 방문 1회(8월 1일 이후 0회); msrType active; 식생 GT; 영구동토 분포 C; 생태지역 Chukchi Peninsula tundra
firealt_talucci2025,firealt_talucci2025_0356,Loranty B4 (burned),69.474,162.207,2013,7,35.1852,probe,direct_dated,54,Russia,Russia_E,"Talucci, A., Loranty, M., Holloway, J., Rogers, B., Alexander, H., et al. (2024) FireALT dataset: estimated active layer thickness for paired burned unburned sites measured from 2001-2023. NSF Arctic Data Center. https://doi.org/10.18739/A2RN3092P. 자료 논문: Talucci, A. C., et al. (2025) Permafrost-wildfire interactions: active layer thickness estimates for paired burned and unburned sites in northern high latitudes. Earth System Science Data 17, 2887-2909, https://doi.org/10.5194/essd-17-2887-2025",CC BY 4.0,,2013-07-21,none,single_visit,,,6.7491,0.001,1,burned,0,FireALT 기여 자료(lastNm 열): Loranty,,ok,"기여자 Loranty; siteId B4; plot 54개; 연중 방문 1회(8월 1일 이후 0회); msrType active; 식생 GT; 영구동토 분포 C; 생태지역 Chukchi Peninsula tundra; 화재 연도 1972, 화재 후 경과 연수 41"
firealt_talucci2025,firealt_talucci2025_0357,Loranty B1 (burned),69.476,162.149,2012,7,36.0159,probe,direct_dated,63,Russia,Russia_E,"Talucci, A., Loranty, M., Holloway, J., Rogers, B., Alexander, H., et al. (2024) FireALT dataset: estimated active layer thickness for paired burned unburned sites measured from 2001-2023. NSF Arctic Data Center. https://doi.org/10.18739/A2RN3092P. 자료 논문: Talucci, A. C., et al. (2025) Permafrost-wildfire interactions: active layer thickness estimates for paired burned and unburned sites in northern high latitudes. Earth System Science Data 17, 2887-2909, https://doi.org/10.5194/essd-17-2887-2025",CC BY 4.0,,2012-07-19,none,single_visit,,,8.7243,0.001,1,burned,0,FireALT 기여 자료(lastNm 열): Loranty,,ok,"기여자 Loranty; siteId B1; plot 63개; 연중 방문 1회(8월 1일 이후 0회); msrType active; 식생 GT; 영구동토 분포 C; 생태지역 Chukchi Peninsula tundra; 화재 연도 1972, 화재 후 경과 연수 40"
firealt_talucci2025,firealt_talucci2025_0358,Loranty B3 (burned),69.487,162.138,2013,7,33.5079,probe,direct_dated,63,Russia,Russia_E,"Talucci, A., Loranty, M., Holloway, J., Rogers, B., Alexander, H., et al. (2024) FireALT dataset: estimated active layer thickness for paired burned unburned sites measured from 2001-2023. NSF Arctic Data Center. https://doi.org/10.18739/A2RN3092P. 자료 논문: Talucci, A. C., et al. (2025) Permafrost-wildfire interactions: active layer thickness estimates for paired burned and unburned sites in northern high latitudes. Earth System Science Data 17, 2887-2909, https://doi.org/10.5194/essd-17-2887-2025",CC BY 4.0,,2013-07-20,none,single_visit,,,9.3081,0.001,1,burned,0,FireALT 기여 자료(lastNm 열): Loranty,,ok,"기여자 Loranty; siteId B3; plot 63개; 연중 방문 1회(8월 1일 이후 0회); msrType active; 식생 GT; 영구동토 분포 C; 생태지역 Chukchi Peninsula tundra; 화재 연도 1972, 화재 후 경과 연수 41"
firealt_talucci2025,firealt_talucci2025_0359,Loranty U1 (unburned),69.487,162.157,2012,7,30.746,probe,direct_dated,63,Russia,Russia_E,"Talucci, A., Loranty, M., Holloway, J., Rogers, B., Alexander, H., et al. (2024) FireALT dataset: estimated active layer thickness for paired burned unburned sites measured from 2001-2023. NSF Arctic Data Center. https://doi.org/10.18739/A2RN3092P. 자료 논문: Talucci, A. C., et al. (2025) Permafrost-wildfire interactions: active layer thickness estimates for paired burned and unburned sites in northern high latitudes. Earth System Science Data 17, 2887-2909, https://doi.org/10.5194/essd-17-2887-2025",CC BY 4.0,,2012-07-19,none,single_visit,,,9.2544,0.001,0,,0,FireALT 기여 자료(lastNm 열): Loranty,,ok,기여자 Loranty; siteId U1; plot 63개; 연중 방문 1회(8월 1일 이후 0회); msrType active; 식생 GT; 영구동토 분포 C; 생태지역 Chukchi Peninsula tundra
firealt_talucci2025,firealt_talucci2025_0360,Loranty U3 (unburned),69.506,162.125,2013,7,44.5873,probe,direct_dated,63,Russia,Russia_E,"Talucci, A., Loranty, M., Holloway, J., Rogers, B., Alexander, H., et al. (2024) FireALT dataset: estimated active layer thickness for paired burned unburned sites measured from 2001-2023. NSF Arctic Data Center. https://doi.org/10.18739/A2RN3092P. 자료 논문: Talucci, A. C., et al. (2025) Permafrost-wildfire interactions: active layer thickness estimates for paired burned and unburned sites in northern high latitudes. Earth System Science Data 17, 2887-2909, https://doi.org/10.5194/essd-17-2887-2025",CC BY 4.0,,2013-07-22,none,single_visit,,,11.9968,0.001,0,,0,FireALT 기여 자료(lastNm 열): Loranty,,ok,기여자 Loranty; siteId U3; plot 63개; 연중 방문 1회(8월 1일 이후 0회); msrType active; 식생 GT; 영구동토 분포 C; 생태지역 Chukchi Peninsula tundra
firealt_talucci2025,firealt_talucci2025_0361,Loranty U4 (unburned),69.514,162.109,2013,7,46.2857,probe,direct_dated,63,Russia,Russia_E,"Talucci, A., Loranty, M., Holloway, J., Rogers, B., Alexander, H., et al. (2024) FireALT dataset: estimated active layer thickness for paired burned unburned sites measured from 2001-2023. NSF Arctic Data Center. https://doi.org/10.18739/A2RN3092P. 자료 논문: Talucci, A. C., et al. (2025) Permafrost-wildfire interactions: active layer thickness estimates for paired burned and unburned sites in northern high latitudes. Earth System Science Data 17, 2887-2909, https://doi.org/10.5194/essd-17-2887-2025",CC BY 4.0,,2013-07-22,none,single_visit,,,12.6586,0.001,0,,0,FireALT 기여 자료(lastNm 열): Loranty,,ok,기여자 Loranty; siteId U4; plot 63개; 연중 방문 1회(8월 1일 이후 0회); msrType active; 식생 GT; 영구동토 분포 C; 생태지역 Chukchi Peninsula tundra
firealt_talucci2025,firealt_talucci2025_0362,Frost yk_delta_izaviknek_uplands (burned),61.1397,-162.7072,2017,7,45.1905,probe,direct_dated,21,United States,Alaska,"Talucci, A., Loranty, M., Holloway, J., Rogers, B., Alexander, H., et al. (2024) FireALT dataset: estimated active layer thickness for paired burned unburned sites measured from 2001-2023. NSF Arctic Data Center. https://doi.org/10.18739/A2RN3092P. 자료 논문: Talucci, A. C., et al. (2025) Permafrost-wildfire interactions: active layer thickness estimates for paired burned and unburned sites in northern high latitudes. Earth System Science Data 17, 2887-2909, https://doi.org/10.5194/essd-17-2887-2025",CC BY 4.0,,2017-07-30,none,single_visit,,,4.8231,0.0001,1,burned,0,FireALT 기여 자료(lastNm 열): Frost,,ok,"기여자 Frost; siteId yk_delta_izaviknek_uplands; plot 1개; 연중 방문 1회(8월 1일 이후 0회); msrType thaw; 식생 P; 영구동토 분포 C; 생태지역 Beringia lowland tundra; 화재 연도 1972, 화재 후 경과 연수 45"
firealt_talucci2025,firealt_talucci2025_0363,Frost yk_delta_izaviknek_uplands (unburned),61.1516,-162.7237,2017,7,40.8421,probe,direct_dated,19,United States,Alaska,"Talucci, A., Loranty, M., Holloway, J., Rogers, B., Alexander, H., et al. (2024) FireALT dataset: estimated active layer thickness for paired burned unburned sites measured from 2001-2023. NSF Arctic Data Center. https://doi.org/10.18739/A2RN3092P. 자료 논문: Talucci, A. C., et al. (2025) Permafrost-wildfire interactions: active layer thickness estimates for paired burned and unburned sites in northern high latitudes. Earth System Science Data 17, 2887-2909, https://doi.org/10.5194/essd-17-2887-2025",CC BY 4.0,,2017-07-30,none,single_visit,,,3.7751,0.0001,0,,0,FireALT 기여 자료(lastNm 열): Frost,,ok,기여자 Frost; siteId yk_delta_izaviknek_uplands; plot 1개; 연중 방문 1회(8월 1일 이후 0회); msrType thaw; 식생 GNT; 영구동토 분포 C; 생태지역 Beringia lowland tundra
firealt_talucci2025,firealt_talucci2025_0364,Frost yk_delta_izaviknek_uplands (burned),61.1536,-162.7134,2017,7,50.3333,probe,direct_dated,21,United States,Alaska,"Talucci, A., Loranty, M., Holloway, J., Rogers, B., Alexander, H., et al. (2024) FireALT dataset: estimated active layer thickness for paired burned unburned sites measured from 2001-2023. NSF Arctic Data Center. https://doi.org/10.18739/A2RN3092P. 자료 논문: Talucci, A. C., et al. (2025) Permafrost-wildfire interactions: active layer thickness estimates for paired burned and unburned sites in northern high latitudes. Earth System Science Data 17, 2887-2909, https://doi.org/10.5194/essd-17-2887-2025",CC BY 4.0,,2017-07-30,none,single_visit,,,3.9412,0.0001,1,burned,0,FireALT 기여 자료(lastNm 열): Frost,,ok,"기여자 Frost; siteId yk_delta_izaviknek_uplands; plot 1개; 연중 방문 1회(8월 1일 이후 0회); msrType thaw; 식생 GNT; 영구동토 분포 C; 생태지역 Beringia lowland tundra; 화재 연도 2006, 화재 후 경과 연수 11"
firealt_talucci2025,firealt_talucci2025_0365,Frost yk_delta_izaviknek_uplands (burned),61.1608,-162.7287,2017,7,62.1304,probe,direct_dated,23,United States,Alaska,"Talucci, A., Loranty, M., Holloway, J., Rogers, B., Alexander, H., et al. (2024) FireALT dataset: estimated active layer thickness for paired burned unburned sites measured from 2001-2023. NSF Arctic Data Center. https://doi.org/10.18739/A2RN3092P. 자료 논문: Talucci, A. C., et al. (2025) Permafrost-wildfire interactions: active layer thickness estimates for paired burned and unburned sites in northern high latitudes. Earth System Science Data 17, 2887-2909, https://doi.org/10.5194/essd-17-2887-2025",CC BY 4.0,,2017-07-25,none,single_visit,,,12.5129,0.0001,1,burned,0,FireALT 기여 자료(lastNm 열): Frost,,ok,"기여자 Frost; siteId yk_delta_izaviknek_uplands; plot 1개; 연중 방문 1회(8월 1일 이후 0회); msrType thaw; 식생 GNT; 영구동토 분포 C; 생태지역 Beringia lowland tundra; 화재 연도 2006, 화재 후 경과 연수 11"
firealt_talucci2025,firealt_talucci2025_0366,Frost yk_delta_izaviknek_uplands (burned),61.1622,-162.7197,2017,7,51.55,probe,direct_dated,20,United States,Alaska,"Talucci, A., Loranty, M., Holloway, J., Rogers, B., Alexander, H., et al. (2024) FireALT dataset: estimated active layer thickness for paired burned unburned sites measured from 2001-2023. NSF Arctic Data Center. https://doi.org/10.18739/A2RN3092P. 자료 논문: Talucci, A. C., et al. (2025) Permafrost-wildfire interactions: active layer thickness estimates for paired burned and unburned sites in northern high latitudes. Earth System Science Data 17, 2887-2909, https://doi.org/10.5194/essd-17-2887-2025",CC BY 4.0,,2017-07-30,none,single_visit,,,8.4944,0.0001,1,burned,0,FireALT 기여 자료(lastNm 열): Frost,,ok,"기여자 Frost; siteId yk_delta_izaviknek_uplands; plot 1개; 연중 방문 1회(8월 1일 이후 0회); msrType thaw; 식생 P; 영구동토 분포 C; 생태지역 Beringia lowland tundra; 화재 연도 2006, 화재 후 경과 연수 11"
firealt_talucci2025,firealt_talucci2025_0367,Frost yk_delta_izaviknek_uplands (burned),61.1649,-162.7319,2017,7,53.7368,probe,direct_dated,19,United States,Alaska,"Talucci, A., Loranty, M., Holloway, J., Rogers, B., Alexander, H., et al. (2024) FireALT dataset: estimated active layer thickness for paired burned unburned sites measured from 2001-2023. NSF Arctic Data Center. https://doi.org/10.18739/A2RN3092P. 자료 논문: Talucci, A. C., et al. (2025) Permafrost-wildfire interactions: active layer thickness estimates for paired burned and unburned sites in northern high latitudes. Earth System Science Data 17, 2887-2909, https://doi.org/10.5194/essd-17-2887-2025",CC BY 4.0,,2017-07-25,none,single_visit,,,7.415,0.0001,1,burned,0,FireALT 기여 자료(lastNm 열): Frost,,ok,"기여자 Frost; siteId yk_delta_izaviknek_uplands; plot 1개; 연중 방문 1회(8월 1일 이후 0회); msrType thaw; 식생 P; 영구동토 분포 C; 생태지역 Beringia lowland tundra; 화재 연도 2006, 화재 후 경과 연수 11"
firealt_talucci2025,firealt_talucci2025_0368,Natali YKD (unburned),61.18675,-162.791,2016,9,66.1935,probe,direct_eos,31,United States,Alaska,"Talucci, A., Loranty, M., Holloway, J., Rogers, B., Alexander, H., et al. (2024) FireALT dataset: estimated active layer thickness for paired burned unburned sites measured from 2001-2023. NSF Arctic Data Center. https://doi.org/10.18739/A2RN3092P. 자료 논문: Talucci, A. C., et al. (2025) Permafrost-wildfire interactions: active layer thickness estimates for paired burned and unburned sites in northern high latitudes. Earth System Science Data 17, 2887-2909, https://doi.org/10.5194/essd-17-2887-2025",CC BY 4.0,,2016-09-16,record_date,annual_value,,,5.1796,0.001,0,,0,FireALT 기여 자료(lastNm 열): Natali,,ok,기여자 Natali; siteId YKD; plot 1개; 연중 방문 2회(8월 1일 이후 1회); msrType active; 식생 W; 영구동토 분포 C; 생태지역 Beringia lowland tundra; v3 F4_direct 셀 10815(ABoVE_AK)과 체비쇼프 0.0001° 로 0.01° 이내
firealt_talucci2025,firealt_talucci2025_0369,Natali YKD (unburned),61.19168,-162.7927,2015,9,59.0667,probe,direct_eos,15,United States,Alaska,"Talucci, A., Loranty, M., Holloway, J., Rogers, B., Alexander, H., et al. (2024) FireALT dataset: estimated active layer thickness for paired burned unburned sites measured from 2001-2023. NSF Arctic Data Center. https://doi.org/10.18739/A2RN3092P. 자료 논문: Talucci, A. C., et al. (2025) Permafrost-wildfire interactions: active layer thickness estimates for paired burned and unburned sites in northern high latitudes. Earth System Science Data 17, 2887-2909, https://doi.org/10.5194/essd-17-2887-2025",CC BY 4.0,,2015-09-18,record_date,single_visit,,,5.3515,0.0001,0,,0,FireALT 기여 자료(lastNm 열): Natali,,ok,기여자 Natali; siteId YKD; plot 1개; 연중 방문 1회(8월 1일 이후 1회); msrType active; 식생 W; 영구동토 분포 C; 생태지역 Beringia lowland tundra; v3 F4_direct 셀 10843(ABoVE_AK)과 체비쇼프 0.0043° 로 0.01° 이내
firealt_talucci2025,firealt_talucci2025_0370,Natali YKD (burned),61.20016,-162.79,2016,9,65.8095,probe,direct_eos,21,United States,Alaska,"Talucci, A., Loranty, M., Holloway, J., Rogers, B., Alexander, H., et al. (2024) FireALT dataset: estimated active layer thickness for paired burned unburned sites measured from 2001-2023. NSF Arctic Data Center. https://doi.org/10.18739/A2RN3092P. 자료 논문: Talucci, A. C., et al. (2025) Permafrost-wildfire interactions: active layer thickness estimates for paired burned and unburned sites in northern high latitudes. Earth System Science Data 17, 2887-2909, https://doi.org/10.5194/essd-17-2887-2025",CC BY 4.0,,2016-09-16,record_date,annual_value,,,5.4737,0.01,1,burned,0,FireALT 기여 자료(lastNm 열): Natali,,ok,"기여자 Natali; siteId YKD; plot 1개; 연중 방문 2회(8월 1일 이후 1회); msrType active; 식생 W; 영구동토 분포 C; 생태지역 Beringia lowland tundra; 화재 연도 2015, 화재 후 경과 연수 1; v3 F4_direct 셀 932(ABoVE_AK)과 체비쇼프 0.0017° 로 0.01° 이내"
firealt_talucci2025,firealt_talucci2025_0371,Natali YKD (burned),61.20066,-162.796,2016,6,34.4624,probe,direct_dated,93,United States,Alaska,"Talucci, A., Loranty, M., Holloway, J., Rogers, B., Alexander, H., et al. (2024) FireALT dataset: estimated active layer thickness for paired burned unburned sites measured from 2001-2023. NSF Arctic Data Center. https://doi.org/10.18739/A2RN3092P. 자료 논문: Talucci, A. C., et al. (2025) Permafrost-wildfire interactions: active layer thickness estimates for paired burned and unburned sites in northern high latitudes. Earth System Science Data 17, 2887-2909, https://doi.org/10.5194/essd-17-2887-2025",CC BY 4.0,,2016-06-18,none,single_visit,,,6.2023,0.001,1,burned,0,FireALT 기여 자료(lastNm 열): Natali,,ok,"기여자 Natali; siteId YKD; plot 1개; 연중 방문 1회(8월 1일 이후 0회); msrType thaw; 식생 W; 영구동토 분포 C; 생태지역 Beringia lowland tundra; 화재 연도 2015, 화재 후 경과 연수 1; v3 F4_direct 셀 936(ABoVE_AK)과 체비쇼프 0.0037° 로 0.01° 이내"
firealt_talucci2025,firealt_talucci2025_0372,Natali YKD (burned),61.20091,-162.7881,2015,9,56,probe,direct_eos,15,United States,Alaska,"Talucci, A., Loranty, M., Holloway, J., Rogers, B., Alexander, H., et al. (2024) FireALT dataset: estimated active layer thickness for paired burned unburned sites measured from 2001-2023. NSF Arctic Data Center. https://doi.org/10.18739/A2RN3092P. 자료 논문: Talucci, A. C., et al. (2025) Permafrost-wildfire interactions: active layer thickness estimates for paired burned and unburned sites in northern high latitudes. Earth System Science Data 17, 2887-2909, https://doi.org/10.5194/essd-17-2887-2025",CC BY 4.0,,2015-09-18,record_date,single_visit,,,10.9022,0.0001,1,burned,0,FireALT 기여 자료(lastNm 열): Natali,,ok,"기여자 Natali; siteId YKD; plot 1개; 연중 방문 1회(8월 1일 이후 1회); msrType active; 식생 W; 영구동토 분포 C; 생태지역 Beringia lowland tundra; 화재 연도 2015, 화재 후 경과 연수 0; v3 F4_direct 셀 914(ABoVE_AK)과 체비쇼프 0.0029° 로 0.01° 이내"
firealt_talucci2025,firealt_talucci2025_0373,Frost yk_delta_izaviknek_uplands (burned),61.2051,-162.9661,2017,7,46.619,probe,direct_dated,21,United States,Alaska,"Talucci, A., Loranty, M., Holloway, J., Rogers, B., Alexander, H., et al. (2024) FireALT dataset: estimated active layer thickness for paired burned unburned sites measured from 2001-2023. NSF Arctic Data Center. https://doi.org/10.18739/A2RN3092P. 자료 논문: Talucci, A. C., et al. (2025) Permafrost-wildfire interactions: active layer thickness estimates for paired burned and unburned sites in northern high latitudes. Earth System Science Data 17, 2887-2909, https://doi.org/10.5194/essd-17-2887-2025",CC BY 4.0,,2017-07-26,none,single_visit,,,7.2352,0.0001,1,burned,0,FireALT 기여 자료(lastNm 열): Frost,,ok,"기여자 Frost; siteId yk_delta_izaviknek_uplands; plot 1개; 연중 방문 1회(8월 1일 이후 0회); msrType thaw; 식생 P; 영구동토 분포 C; 생태지역 Beringia lowland tundra; 화재 연도 1971, 화재 후 경과 연수 46"
firealt_talucci2025,firealt_talucci2025_0374,Frost yk_delta_izaviknek_uplands (burned),61.2079,-162.9592,2017,7,42.5263,probe,direct_dated,19,United States,Alaska,"Talucci, A., Loranty, M., Holloway, J., Rogers, B., Alexander, H., et al. (2024) FireALT dataset: estimated active layer thickness for paired burned unburned sites measured from 2001-2023. NSF Arctic Data Center. https://doi.org/10.18739/A2RN3092P. 자료 논문: Talucci, A. C., et al. (2025) Permafrost-wildfire interactions: active layer thickness estimates for paired burned and unburned sites in northern high latitudes. Earth System Science Data 17, 2887-2909, https://doi.org/10.5194/essd-17-2887-2025",CC BY 4.0,,2017-07-26,none,single_visit,,,10.6425,0.0001,1,burned,0,FireALT 기여 자료(lastNm 열): Frost,,ok,"기여자 Frost; siteId yk_delta_izaviknek_uplands; plot 1개; 연중 방문 1회(8월 1일 이후 0회); msrType thaw; 식생 P; 영구동토 분포 C; 생태지역 Beringia lowland tundra; 화재 연도 1971, 화재 후 경과 연수 46"
firealt_talucci2025,firealt_talucci2025_0375,Frost yk_delta_izaviknek_uplands (unburned),61.2107,-162.9711,2017,7,41.2857,probe,direct_dated,21,United States,Alaska,"Talucci, A., Loranty, M., Holloway, J., Rogers, B., Alexander, H., et al. (2024) FireALT dataset: estimated active layer thickness for paired burned unburned sites measured from 2001-2023. NSF Arctic Data Center. https://doi.org/10.18739/A2RN3092P. 자료 논문: Talucci, A. C., et al. (2025) Permafrost-wildfire interactions: active layer thickness estimates for paired burned and unburned sites in northern high latitudes. Earth System Science Data 17, 2887-2909, https://doi.org/10.5194/essd-17-2887-2025",CC BY 4.0,,2017-07-26,none,single_visit,,,4.6599,0.0001,0,,0,FireALT 기여 자료(lastNm 열): Frost,,ok,기여자 Frost; siteId yk_delta_izaviknek_uplands; plot 1개; 연중 방문 1회(8월 1일 이후 0회); msrType thaw; 식생 GNT; 영구동토 분포 C; 생태지역 Beringia lowland tundra
firealt_talucci2025,firealt_talucci2025_0376,Baillargeon c (burned),61.2313,-163.21,2018,7,43.1778,probe,direct_dated,90,United States,Alaska,"Talucci, A., Loranty, M., Holloway, J., Rogers, B., Alexander, H., et al. (2024) FireALT dataset: estimated active layer thickness for paired burned unburned sites measured from 2001-2023. NSF Arctic Data Center. https://doi.org/10.18739/A2RN3092P. 자료 논문: Talucci, A. C., et al. (2025) Permafrost-wildfire interactions: active layer thickness estimates for paired burned and unburned sites in northern high latitudes. Earth System Science Data 17, 2887-2909, https://doi.org/10.5194/essd-17-2887-2025",CC BY 4.0,,2018-07-06,none,single_visit,,,6.416,0.01,1,burned,0,"FireALT 기여 자료(lastNm 열): Baillargeon, MacArthur, Natali, Sistla",,ok,"기여자 Baillargeon; siteId c; plot 90개; 연중 방문 1회(8월 1일 이후 0회); msrType thaw; 식생 W; 영구동토 분포 C; 생태지역 Beringia lowland tundra; 화재 연도 2015, 화재 후 경과 연수 3"
firealt_talucci2025,firealt_talucci2025_0377,Baillargeon e (burned),61.2362,-163.222,2019,7,53.5833,probe,direct_dated,12,United States,Alaska,"Talucci, A., Loranty, M., Holloway, J., Rogers, B., Alexander, H., et al. (2024) FireALT dataset: estimated active layer thickness for paired burned unburned sites measured from 2001-2023. NSF Arctic Data Center. https://doi.org/10.18739/A2RN3092P. 자료 논문: Talucci, A. C., et al. (2025) Permafrost-wildfire interactions: active layer thickness estimates for paired burned and unburned sites in northern high latitudes. Earth System Science Data 17, 2887-2909, https://doi.org/10.5194/essd-17-2887-2025",CC BY 4.0,,2019-07-09,none,single_visit,,,14.3746,0.001,1,burned,0,"FireALT 기여 자료(lastNm 열): Baillargeon, MacArthur, Natali, Sistla",,ok,"기여자 Baillargeon; siteId e; plot 12개; 연중 방문 1회(8월 1일 이후 0회); msrType thaw; 식생 W; 영구동토 분포 C; 생태지역 Beringia lowland tundra; 화재 연도 2015, 화재 후 경과 연수 4"
firealt_talucci2025,firealt_talucci2025_0378,Frost yk_delta_izaviknek_uplands (burned),61.2362,-162.7415,2018,7,59.4167,probe,direct_dated,12,United States,Alaska,"Talucci, A., Loranty, M., Holloway, J., Rogers, B., Alexander, H., et al. (2024) FireALT dataset: estimated active layer thickness for paired burned unburned sites measured from 2001-2023. NSF Arctic Data Center. https://doi.org/10.18739/A2RN3092P. 자료 논문: Talucci, A. C., et al. (2025) Permafrost-wildfire interactions: active layer thickness estimates for paired burned and unburned sites in northern high latitudes. Earth System Science Data 17, 2887-2909, https://doi.org/10.5194/essd-17-2887-2025",CC BY 4.0,,2018-07-10,none,single_visit,,,9.0298,0.0001,1,burned,0,FireALT 기여 자료(lastNm 열): Frost,,ok,"기여자 Frost; siteId yk_delta_izaviknek_uplands; plot 1개; 연중 방문 1회(8월 1일 이후 0회); msrType thaw; 식생 GNT; 영구동토 분포 C; 생태지역 Beringia lowland tundra; 화재 연도 2015, 화재 후 경과 연수 3"
firealt_talucci2025,firealt_talucci2025_0379,Baillargeon e (burned),61.2363,-163.222,2019,7,60.7667,probe,direct_dated,15,United States,Alaska,"Talucci, A., Loranty, M., Holloway, J., Rogers, B., Alexander, H., et al. (2024) FireALT dataset: estimated active layer thickness for paired burned unburned sites measured from 2001-2023. NSF Arctic Data Center. https://doi.org/10.18739/A2RN3092P. 자료 논문: Talucci, A. C., et al. (2025) Permafrost-wildfire interactions: active layer thickness estimates for paired burned and unburned sites in northern high latitudes. Earth System Science Data 17, 2887-2909, https://doi.org/10.5194/essd-17-2887-2025",CC BY 4.0,,2019-07-09,none,single_visit,,,19.8232,0.001,1,burned,0,"FireALT 기여 자료(lastNm 열): Baillargeon, MacArthur, Natali, Sistla",,ok,"기여자 Baillargeon; siteId e; plot 15개; 연중 방문 1회(8월 1일 이후 0회); msrType thaw; 식생 W; 영구동토 분포 C; 생태지역 Beringia lowland tundra; 화재 연도 2015, 화재 후 경과 연수 4"
firealt_talucci2025,firealt_talucci2025_0380,Baillargeon e (unburned),61.2366,-163.223,2019,7,46.6333,probe,direct_dated,30,United States,Alaska,"Talucci, A., Loranty, M., Holloway, J., Rogers, B., Alexander, H., et al. (2024) FireALT dataset: estimated active layer thickness for paired burned unburned sites measured from 2001-2023. NSF Arctic Data Center. https://doi.org/10.18739/A2RN3092P. 자료 논문: Talucci, A. C., et al. (2025) Permafrost-wildfire interactions: active layer thickness estimates for paired burned and unburned sites in northern high latitudes. Earth System Science Data 17, 2887-2909, https://doi.org/10.5194/essd-17-2887-2025",CC BY 4.0,,2019-07-09,none,single_visit,,,11.9813,0.001,0,,0,"FireALT 기여 자료(lastNm 열): Baillargeon, MacArthur, Natali, Sistla",,ok,기여자 Baillargeon; siteId e; plot 30개; 연중 방문 1회(8월 1일 이후 0회); msrType thaw; 식생 W; 영구동토 분포 C; 생태지역 Beringia lowland tundra
firealt_talucci2025,firealt_talucci2025_0381,Baillargeon e (unburned),61.2367,-163.223,2019,7,69.6667,probe,direct_dated,15,United States,Alaska,"Talucci, A., Loranty, M., Holloway, J., Rogers, B., Alexander, H., et al. (2024) FireALT dataset: estimated active layer thickness for paired burned unburned sites measured from 2001-2023. NSF Arctic Data Center. https://doi.org/10.18739/A2RN3092P. 자료 논문: Talucci, A. C., et al. (2025) Permafrost-wildfire interactions: active layer thickness estimates for paired burned and unburned sites in northern high latitudes. Earth System Science Data 17, 2887-2909, https://doi.org/10.5194/essd-17-2887-2025",CC BY 4.0,,2019-07-09,none,single_visit,,,15.9,0.001,0,,0,"FireALT 기여 자료(lastNm 열): Baillargeon, MacArthur, Natali, Sistla",,ok,기여자 Baillargeon; siteId e; plot 15개; 연중 방문 1회(8월 1일 이후 0회); msrType thaw; 식생 W; 영구동토 분포 C; 생태지역 Beringia lowland tundra
firealt_talucci2025,firealt_talucci2025_0382,Frost yk_delta_izaviknek_uplands (burned),61.2368,-162.7322,2018,7,56.3333,probe,direct_dated,12,United States,Alaska,"Talucci, A., Loranty, M., Holloway, J., Rogers, B., Alexander, H., et al. (2024) FireALT dataset: estimated active layer thickness for paired burned unburned sites measured from 2001-2023. NSF Arctic Data Center. https://doi.org/10.18739/A2RN3092P. 자료 논문: Talucci, A. C., et al. (2025) Permafrost-wildfire interactions: active layer thickness estimates for paired burned and unburned sites in northern high latitudes. Earth System Science Data 17, 2887-2909, https://doi.org/10.5194/essd-17-2887-2025",CC BY 4.0,,2018-07-10,none,single_visit,,,23.8683,0.0001,1,burned,0,FireALT 기여 자료(lastNm 열): Frost,,ok,"기여자 Frost; siteId yk_delta_izaviknek_uplands; plot 1개; 연중 방문 1회(8월 1일 이후 0회); msrType thaw; 식생 GNT; 영구동토 분포 C; 생태지역 Beringia lowland tundra; 화재 연도 2015, 화재 후 경과 연수 3"
firealt_talucci2025,firealt_talucci2025_0383,Frost yk_delta_izaviknek_uplands (burned),61.2374,-162.723,2018,7,50.4167,probe,direct_dated,12,United States,Alaska,"Talucci, A., Loranty, M., Holloway, J., Rogers, B., Alexander, H., et al. (2024) FireALT dataset: estimated active layer thickness for paired burned unburned sites measured from 2001-2023. NSF Arctic Data Center. https://doi.org/10.18739/A2RN3092P. 자료 논문: Talucci, A. C., et al. (2025) Permafrost-wildfire interactions: active layer thickness estimates for paired burned and unburned sites in northern high latitudes. Earth System Science Data 17, 2887-2909, https://doi.org/10.5194/essd-17-2887-2025",CC BY 4.0,,2018-07-10,none,single_visit,,,5.4516,0.001,1,burned,0,FireALT 기여 자료(lastNm 열): Frost,,ok,"기여자 Frost; siteId yk_delta_izaviknek_uplands; plot 1개; 연중 방문 1회(8월 1일 이후 0회); msrType thaw; 식생 P; 영구동토 분포 C; 생태지역 Beringia lowland tundra; 화재 연도 2015, 화재 후 경과 연수 3"
firealt_talucci2025,firealt_talucci2025_0384,Baillargeon c (unburned),61.2378,-163.209,2018,7,34.8639,probe,direct_dated,90,United States,Alaska,"Talucci, A., Loranty, M., Holloway, J., Rogers, B., Alexander, H., et al. (2024) FireALT dataset: estimated active layer thickness for paired burned unburned sites measured from 2001-2023. NSF Arctic Data Center. https://doi.org/10.18739/A2RN3092P. 자료 논문: Talucci, A. C., et al. (2025) Permafrost-wildfire interactions: active layer thickness estimates for paired burned and unburned sites in northern high latitudes. Earth System Science Data 17, 2887-2909, https://doi.org/10.5194/essd-17-2887-2025",CC BY 4.0,,2018-07-04,none,single_visit,,,3.8985,0.001,0,,0,"FireALT 기여 자료(lastNm 열): Baillargeon, MacArthur, Natali, Sistla",,ok,기여자 Baillargeon; siteId c; plot 90개; 연중 방문 1회(8월 1일 이후 0회); msrType thaw; 식생 W; 영구동토 분포 C; 생태지역 Beringia lowland tundra
firealt_talucci2025,firealt_talucci2025_0385,Baillargeon e (burned),61.2403,-163.223,2019,7,45.2444,probe,direct_dated,45,United States,Alaska,"Talucci, A., Loranty, M., Holloway, J., Rogers, B., Alexander, H., et al. (2024) FireALT dataset: estimated active layer thickness for paired burned unburned sites measured from 2001-2023. NSF Arctic Data Center. https://doi.org/10.18739/A2RN3092P. 자료 논문: Talucci, A. C., et al. (2025) Permafrost-wildfire interactions: active layer thickness estimates for paired burned and unburned sites in northern high latitudes. Earth System Science Data 17, 2887-2909, https://doi.org/10.5194/essd-17-2887-2025",CC BY 4.0,,2019-07-09,none,single_visit,,,14.3735,0.001,1,burned,0,"FireALT 기여 자료(lastNm 열): Baillargeon, MacArthur, Natali, Sistla",,ok,"기여자 Baillargeon; siteId e; plot 45개; 연중 방문 1회(8월 1일 이후 0회); msrType thaw; 식생 W; 영구동토 분포 C; 생태지역 Beringia lowland tundra; 화재 연도 1972, 화재 후 경과 연수 47"
firealt_talucci2025,firealt_talucci2025_0386,Frost yk_delta_izaviknek_uplands (burned),61.2406,-162.7427,2018,7,50.5,probe,direct_dated,12,United States,Alaska,"Talucci, A., Loranty, M., Holloway, J., Rogers, B., Alexander, H., et al. (2024) FireALT dataset: estimated active layer thickness for paired burned unburned sites measured from 2001-2023. NSF Arctic Data Center. https://doi.org/10.18739/A2RN3092P. 자료 논문: Talucci, A. C., et al. (2025) Permafrost-wildfire interactions: active layer thickness estimates for paired burned and unburned sites in northern high latitudes. Earth System Science Data 17, 2887-2909, https://doi.org/10.5194/essd-17-2887-2025",CC BY 4.0,,2018-07-08,none,single_visit,,,6.3747,0.0001,1,burned,0,FireALT 기여 자료(lastNm 열): Frost,,ok,"기여자 Frost; siteId yk_delta_izaviknek_uplands; plot 1개; 연중 방문 1회(8월 1일 이후 0회); msrType thaw; 식생 P; 영구동토 분포 C; 생태지역 Beringia lowland tundra; 화재 연도 2015, 화재 후 경과 연수 3"
firealt_talucci2025,firealt_talucci2025_0387,Baillargeon c (burned),61.2407,-163.207,2018,7,36.3806,probe,direct_dated,90,United States,Alaska,"Talucci, A., Loranty, M., Holloway, J., Rogers, B., Alexander, H., et al. (2024) FireALT dataset: estimated active layer thickness for paired burned unburned sites measured from 2001-2023. NSF Arctic Data Center. https://doi.org/10.18739/A2RN3092P. 자료 논문: Talucci, A. C., et al. (2025) Permafrost-wildfire interactions: active layer thickness estimates for paired burned and unburned sites in northern high latitudes. Earth System Science Data 17, 2887-2909, https://doi.org/10.5194/essd-17-2887-2025",CC BY 4.0,,2018-07-04,none,single_visit,,,5.0894,0.001,1,burned,0,"FireALT 기여 자료(lastNm 열): Baillargeon, MacArthur, Natali, Sistla",,ok,"기여자 Baillargeon; siteId c; plot 90개; 연중 방문 1회(8월 1일 이후 0회); msrType thaw; 식생 W; 영구동토 분포 C; 생태지역 Beringia lowland tundra; 화재 연도 1972, 화재 후 경과 연수 46"
firealt_talucci2025,firealt_talucci2025_0388,Natali YKD (burned),61.24114,-163.1273,2015,9,64.3333,probe,direct_eos,15,United States,Alaska,"Talucci, A., Loranty, M., Holloway, J., Rogers, B., Alexander, H., et al. (2024) FireALT dataset: estimated active layer thickness for paired burned unburned sites measured from 2001-2023. NSF Arctic Data Center. https://doi.org/10.18739/A2RN3092P. 자료 논문: Talucci, A. C., et al. (2025) Permafrost-wildfire interactions: active layer thickness estimates for paired burned and unburned sites in northern high latitudes. Earth System Science Data 17, 2887-2909, https://doi.org/10.5194/essd-17-2887-2025",CC BY 4.0,,2015-09-17,record_date,single_visit,,,7.1181,0.0001,1,burned,0,FireALT 기여 자료(lastNm 열): Natali,,ok,"기여자 Natali; siteId YKD; plot 1개; 연중 방문 1회(8월 1일 이후 1회); msrType active; 식생 W; 영구동토 분포 C; 생태지역 Beringia lowland tundra; 화재 연도 2015, 화재 후 경과 연수 0"
firealt_talucci2025,firealt_talucci2025_0389,Frost yk_delta_izaviknek_uplands (burned),61.2412,-162.7335,2018,7,47.1667,probe,direct_dated,12,United States,Alaska,"Talucci, A., Loranty, M., Holloway, J., Rogers, B., Alexander, H., et al. (2024) FireALT dataset: estimated active layer thickness for paired burned unburned sites measured from 2001-2023. NSF Arctic Data Center. https://doi.org/10.18739/A2RN3092P. 자료 논문: Talucci, A. C., et al. (2025) Permafrost-wildfire interactions: active layer thickness estimates for paired burned and unburned sites in northern high latitudes. Earth System Science Data 17, 2887-2909, https://doi.org/10.5194/essd-17-2887-2025",CC BY 4.0,,2018-07-09,none,single_visit,,,14.3263,0.0001,1,burned,0,FireALT 기여 자료(lastNm 열): Frost,,ok,"기여자 Frost; siteId yk_delta_izaviknek_uplands; plot 1개; 연중 방문 1회(8월 1일 이후 0회); msrType thaw; 식생 P; 영구동토 분포 C; 생태지역 Beringia lowland tundra; 화재 연도 2015, 화재 후 경과 연수 3"
firealt_talucci2025,firealt_talucci2025_0390,Frost yk_delta_izaviknek_uplands (burned),61.2418,-162.7242,2018,7,53.1667,probe,direct_dated,12,United States,Alaska,"Talucci, A., Loranty, M., Holloway, J., Rogers, B., Alexander, H., et al. (2024) FireALT dataset: estimated active layer thickness for paired burned unburned sites measured from 2001-2023. NSF Arctic Data Center. https://doi.org/10.18739/A2RN3092P. 자료 논문: Talucci, A. C., et al. (2025) Permafrost-wildfire interactions: active layer thickness estimates for paired burned and unburned sites in northern high latitudes. Earth System Science Data 17, 2887-2909, https://doi.org/10.5194/essd-17-2887-2025",CC BY 4.0,,2018-07-09,none,single_visit,,,19.5161,0.0001,1,burned,0,FireALT 기여 자료(lastNm 열): Frost,,ok,"기여자 Frost; siteId yk_delta_izaviknek_uplands; plot 1개; 연중 방문 1회(8월 1일 이후 0회); msrType thaw; 식생 GNT; 영구동토 분포 C; 생태지역 Beringia lowland tundra; 화재 연도 2015, 화재 후 경과 연수 3"
firealt_talucci2025,firealt_talucci2025_0391,Frost yk_delta_izaviknek_uplands (burned),61.2451,-162.7439,2018,7,41.0833,probe,direct_dated,12,United States,Alaska,"Talucci, A., Loranty, M., Holloway, J., Rogers, B., Alexander, H., et al. (2024) FireALT dataset: estimated active layer thickness for paired burned unburned sites measured from 2001-2023. NSF Arctic Data Center. https://doi.org/10.18739/A2RN3092P. 자료 논문: Talucci, A. C., et al. (2025) Permafrost-wildfire interactions: active layer thickness estimates for paired burned and unburned sites in northern high latitudes. Earth System Science Data 17, 2887-2909, https://doi.org/10.5194/essd-17-2887-2025",CC BY 4.0,,2018-07-08,none,single_visit,,,6.0371,0.0001,1,burned,0,FireALT 기여 자료(lastNm 열): Frost,,ok,"기여자 Frost; siteId yk_delta_izaviknek_uplands; plot 1개; 연중 방문 1회(8월 1일 이후 0회); msrType thaw; 식생 P; 영구동토 분포 C; 생태지역 Beringia lowland tundra; 화재 연도 2015, 화재 후 경과 연수 3"
firealt_talucci2025,firealt_talucci2025_0392,Frost yk_delta_izaviknek_uplands (burned),61.2457,-162.7347,2017,7,37.4334,probe,direct_dated,5,United States,Alaska,"Talucci, A., Loranty, M., Holloway, J., Rogers, B., Alexander, H., et al. (2024) FireALT dataset: estimated active layer thickness for paired burned unburned sites measured from 2001-2023. NSF Arctic Data Center. https://doi.org/10.18739/A2RN3092P. 자료 논문: Talucci, A. C., et al. (2025) Permafrost-wildfire interactions: active layer thickness estimates for paired burned and unburned sites in northern high latitudes. Earth System Science Data 17, 2887-2909, https://doi.org/10.5194/essd-17-2887-2025",CC BY 4.0,,2017-07-21,none,single_visit,,,2.5044,0.0001,1,burned,0,FireALT 기여 자료(lastNm 열): Frost,,ok,"기여자 Frost; siteId yk_delta_izaviknek_uplands; plot 1개; 연중 방문 1회(8월 1일 이후 0회); msrType thaw; 식생 P; 영구동토 분포 C; 생태지역 Beringia lowland tundra; 화재 연도 2015, 화재 후 경과 연수 2"
firealt_talucci2025,firealt_talucci2025_0393,Frost yk_delta_izaviknek_uplands (burned),61.2464,-162.726,2017,7,45.2,probe,direct_dated,5,United States,Alaska,"Talucci, A., Loranty, M., Holloway, J., Rogers, B., Alexander, H., et al. (2024) FireALT dataset: estimated active layer thickness for paired burned unburned sites measured from 2001-2023. NSF Arctic Data Center. https://doi.org/10.18739/A2RN3092P. 자료 논문: Talucci, A. C., et al. (2025) Permafrost-wildfire interactions: active layer thickness estimates for paired burned and unburned sites in northern high latitudes. Earth System Science Data 17, 2887-2909, https://doi.org/10.5194/essd-17-2887-2025",CC BY 4.0,,2017-07-21,none,single_visit,,,13.3163,0.001,1,burned,0,FireALT 기여 자료(lastNm 열): Frost,,ok,"기여자 Frost; siteId yk_delta_izaviknek_uplands; plot 1개; 연중 방문 1회(8월 1일 이후 0회); msrType thaw; 식생 P; 영구동토 분포 C; 생태지역 Beringia lowland tundra; 화재 연도 2015, 화재 후 경과 연수 2"
firealt_talucci2025,firealt_talucci2025_0394,Frost yk_delta_izaviknek_uplands (burned),61.2495,-162.7452,2017,7,50,probe,direct_dated,4,United States,Alaska,"Talucci, A., Loranty, M., Holloway, J., Rogers, B., Alexander, H., et al. (2024) FireALT dataset: estimated active layer thickness for paired burned unburned sites measured from 2001-2023. NSF Arctic Data Center. https://doi.org/10.18739/A2RN3092P. 자료 논문: Talucci, A. C., et al. (2025) Permafrost-wildfire interactions: active layer thickness estimates for paired burned and unburned sites in northern high latitudes. Earth System Science Data 17, 2887-2909, https://doi.org/10.5194/essd-17-2887-2025",CC BY 4.0,,2017-07-20,none,single_visit,,,6.1674,0.0001,1,burned,0,FireALT 기여 자료(lastNm 열): Frost,,ok,"기여자 Frost; siteId yk_delta_izaviknek_uplands; plot 1개; 연중 방문 1회(8월 1일 이후 0회); msrType thaw; 식생 GNT; 영구동토 분포 C; 생태지역 Beringia lowland tundra; 화재 연도 2015, 화재 후 경과 연수 2"
firealt_talucci2025,firealt_talucci2025_0395,Natali YKD (burned),61.24963,-163.207,2017,7,35.8333,probe,direct_dated,9,United States,Alaska,"Talucci, A., Loranty, M., Holloway, J., Rogers, B., Alexander, H., et al. (2024) FireALT dataset: estimated active layer thickness for paired burned unburned sites measured from 2001-2023. NSF Arctic Data Center. https://doi.org/10.18739/A2RN3092P. 자료 논문: Talucci, A. C., et al. (2025) Permafrost-wildfire interactions: active layer thickness estimates for paired burned and unburned sites in northern high latitudes. Earth System Science Data 17, 2887-2909, https://doi.org/10.5194/essd-17-2887-2025",CC BY 4.0,,2017-07-12,none,single_visit,,,3.7997,0.001,1,burned,0,FireALT 기여 자료(lastNm 열): Natali,,ok,"기여자 Natali; siteId YKD; plot 1개; 연중 방문 1회(8월 1일 이후 0회); msrType thaw; 식생 W; 영구동토 분포 C; 생태지역 Beringia lowland tundra; 화재 연도 1972, 화재 후 경과 연수 45"
firealt_talucci2025,firealt_talucci2025_0396,Frost yk_delta_izaviknek_uplands (burned),61.2504,-162.7362,2017,7,51.8333,probe,direct_dated,5,United States,Alaska,"Talucci, A., Loranty, M., Holloway, J., Rogers, B., Alexander, H., et al. (2024) FireALT dataset: estimated active layer thickness for paired burned unburned sites measured from 2001-2023. NSF Arctic Data Center. https://doi.org/10.18739/A2RN3092P. 자료 논문: Talucci, A. C., et al. (2025) Permafrost-wildfire interactions: active layer thickness estimates for paired burned and unburned sites in northern high latitudes. Earth System Science Data 17, 2887-2909, https://doi.org/10.5194/essd-17-2887-2025",CC BY 4.0,,2017-07-20,none,single_visit,,,6.5754,0.0001,1,burned,0,FireALT 기여 자료(lastNm 열): Frost,,ok,"기여자 Frost; siteId yk_delta_izaviknek_uplands; plot 1개; 연중 방문 1회(8월 1일 이후 0회); msrType thaw; 식생 GNT; 영구동토 분포 C; 생태지역 Beringia lowland tundra; 화재 연도 2015, 화재 후 경과 연수 2"
firealt_talucci2025,firealt_talucci2025_0397,Frost yk_delta_izaviknek_uplands (burned),61.2509,-162.7264,2017,7,37.9583,probe,direct_dated,4,United States,Alaska,"Talucci, A., Loranty, M., Holloway, J., Rogers, B., Alexander, H., et al. (2024) FireALT dataset: estimated active layer thickness for paired burned unburned sites measured from 2001-2023. NSF Arctic Data Center. https://doi.org/10.18739/A2RN3092P. 자료 논문: Talucci, A. C., et al. (2025) Permafrost-wildfire interactions: active layer thickness estimates for paired burned and unburned sites in northern high latitudes. Earth System Science Data 17, 2887-2909, https://doi.org/10.5194/essd-17-2887-2025",CC BY 4.0,,2017-07-21,none,single_visit,,,9.266,0.0001,1,burned,0,FireALT 기여 자료(lastNm 열): Frost,,ok,"기여자 Frost; siteId yk_delta_izaviknek_uplands; plot 1개; 연중 방문 1회(8월 1일 이후 0회); msrType thaw; 식생 P; 영구동토 분포 C; 생태지역 Beringia lowland tundra; 화재 연도 2015, 화재 후 경과 연수 2"
firealt_talucci2025,firealt_talucci2025_0398,Natali YKD (unburned),61.25651,-163.1096,2015,9,52.7333,probe,direct_eos,15,United States,Alaska,"Talucci, A., Loranty, M., Holloway, J., Rogers, B., Alexander, H., et al. (2024) FireALT dataset: estimated active layer thickness for paired burned unburned sites measured from 2001-2023. NSF Arctic Data Center. https://doi.org/10.18739/A2RN3092P. 자료 논문: Talucci, A. C., et al. (2025) Permafrost-wildfire interactions: active layer thickness estimates for paired burned and unburned sites in northern high latitudes. Earth System Science Data 17, 2887-2909, https://doi.org/10.5194/essd-17-2887-2025",CC BY 4.0,,2015-09-18,record_date,single_visit,,,6.0411,0.0001,0,,0,FireALT 기여 자료(lastNm 열): Natali,,ok,기여자 Natali; siteId YKD; plot 1개; 연중 방문 1회(8월 1일 이후 1회); msrType active; 식생 W; 영구동토 분포 C; 생태지역 Beringia lowland tundra
firealt_talucci2025,firealt_talucci2025_0399,Natali YKD (unburned),61.25849,-163.247,2017,7,32.8889,probe,direct_dated,9,United States,Alaska,"Talucci, A., Loranty, M., Holloway, J., Rogers, B., Alexander, H., et al. (2024) FireALT dataset: estimated active layer thickness for paired burned unburned sites measured from 2001-2023. NSF Arctic Data Center. https://doi.org/10.18739/A2RN3092P. 자료 논문: Talucci, A. C., et al. (2025) Permafrost-wildfire interactions: active layer thickness estimates for paired burned and unburned sites in northern high latitudes. Earth System Science Data 17, 2887-2909, https://doi.org/10.5194/essd-17-2887-2025",CC BY 4.0,,2017-07-03,none,single_visit,,,1.7638,0.001,0,,0,FireALT 기여 자료(lastNm 열): Natali,,ok,기여자 Natali; siteId YKD; plot 1개; 연중 방문 1회(8월 1일 이후 0회); msrType thaw; 식생 W; 영구동토 분포 C; 생태지역 Beringia lowland tundra; v3 F4_direct 셀 2357(ABoVE_AK)과 체비쇼프 0.0022° 로 0.01° 이내
firealt_talucci2025,firealt_talucci2025_0400,Natali YKD (unburned),61.25923,-162.629,2016,9,66.6452,probe,direct_eos,93,United States,Alaska,"Talucci, A., Loranty, M., Holloway, J., Rogers, B., Alexander, H., et al. (2024) FireALT dataset: estimated active layer thickness for paired burned unburned sites measured from 2001-2023. NSF Arctic Data Center. https://doi.org/10.18739/A2RN3092P. 자료 논문: Talucci, A. C., et al. (2025) Permafrost-wildfire interactions: active layer thickness estimates for paired burned and unburned sites in northern high latitudes. Earth System Science Data 17, 2887-2909, https://doi.org/10.5194/essd-17-2887-2025",CC BY 4.0,,2016-09-17,record_date,annual_value,,,5.0231,0.001,0,,0,FireALT 기여 자료(lastNm 열): Natali,,ok,기여자 Natali; siteId YKD; plot 1개; 연중 방문 2회(8월 1일 이후 1회); msrType active; 식생 W; 영구동토 분포 C; 생태지역 Beringia lowland tundra
firealt_talucci2025,firealt_talucci2025_0401,Baillargeon d (burned),61.2594,-163.239,2018,7,37.87,probe,direct_dated,60,United States,Alaska,"Talucci, A., Loranty, M., Holloway, J., Rogers, B., Alexander, H., et al. (2024) FireALT dataset: estimated active layer thickness for paired burned unburned sites measured from 2001-2023. NSF Arctic Data Center. https://doi.org/10.18739/A2RN3092P. 자료 논문: Talucci, A. C., et al. (2025) Permafrost-wildfire interactions: active layer thickness estimates for paired burned and unburned sites in northern high latitudes. Earth System Science Data 17, 2887-2909, https://doi.org/10.5194/essd-17-2887-2025",CC BY 4.0,,2018-07-10,none,single_visit,,,7.5962,0.001,1,burned,0,"FireALT 기여 자료(lastNm 열): Baillargeon, MacArthur, Natali, Sistla",,ok,"기여자 Baillargeon; siteId d; plot 60개; 연중 방문 1회(8월 1일 이후 0회); msrType thaw; 식생 W; 영구동토 분포 C; 생태지역 Beringia lowland tundra; 화재 연도 2015, 화재 후 경과 연수 3; v3 F4_direct 셀 2306(ABoVE_AK)과 체비쇼프 0.0003° 로 0.01° 이내"
firealt_talucci2025,firealt_talucci2025_0401,Baillargeon d (burned),61.2594,-163.239,2019,6,48,probe,direct_dated,58,United States,Alaska,"Talucci, A., Loranty, M., Holloway, J., Rogers, B., Alexander, H., et al. (2024) FireALT dataset: estimated active layer thickness for paired burned unburned sites measured from 2001-2023. NSF Arctic Data Center. https://doi.org/10.18739/A2RN3092P. 자료 논문: Talucci, A. C., et al. (2025) Permafrost-wildfire interactions: active layer thickness estimates for paired burned and unburned sites in northern high latitudes. Earth System Science Data 17, 2887-2909, https://doi.org/10.5194/essd-17-2887-2025",CC BY 4.0,,2019-06-30,none,single_visit,,,14.9455,0.001,1,burned,0,"FireALT 기여 자료(lastNm 열): Baillargeon, MacArthur, Natali, Sistla",,ok,"기여자 Baillargeon; siteId d; plot 58개; 연중 방문 1회(8월 1일 이후 0회); msrType thaw; 식생 W; 영구동토 분포 C; 생태지역 Beringia lowland tundra; 화재 연도 2015, 화재 후 경과 연수 4; v3 F4_direct 셀 2306(ABoVE_AK)과 체비쇼프 0.0003° 로 0.01° 이내"
firealt_talucci2025,firealt_talucci2025_0402,Baillargeon d (burned),61.2595,-163.239,2018,7,39.9817,probe,direct_dated,30,United States,Alaska,"Talucci, A., Loranty, M., Holloway, J., Rogers, B., Alexander, H., et al. (2024) FireALT dataset: estimated active layer thickness for paired burned unburned sites measured from 2001-2023. NSF Arctic Data Center. https://doi.org/10.18739/A2RN3092P. 자료 논문: Talucci, A. C., et al. (2025) Permafrost-wildfire interactions: active layer thickness estimates for paired burned and unburned sites in northern high latitudes. Earth System Science Data 17, 2887-2909, https://doi.org/10.5194/essd-17-2887-2025",CC BY 4.0,,2018-07-10,none,single_visit,,,4.6142,0.001,1,burned,0,"FireALT 기여 자료(lastNm 열): Baillargeon, MacArthur, Natali, Sistla",,ok,"기여자 Baillargeon; siteId d; plot 30개; 연중 방문 1회(8월 1일 이후 0회); msrType thaw; 식생 W; 영구동토 분포 C; 생태지역 Beringia lowland tundra; 화재 연도 2015, 화재 후 경과 연수 3; v3 F4_direct 셀 2307(ABoVE_AK)과 체비쇼프 0.0002° 로 0.01° 이내"
firealt_talucci2025,firealt_talucci2025_0402,Baillargeon d (burned),61.2595,-163.239,2019,6,48.0741,probe,direct_dated,27,United States,Alaska,"Talucci, A., Loranty, M., Holloway, J., Rogers, B., Alexander, H., et al. (2024) FireALT dataset: estimated active layer thickness for paired burned unburned sites measured from 2001-2023. NSF Arctic Data Center. https://doi.org/10.18739/A2RN3092P. 자료 논문: Talucci, A. C., et al. (2025) Permafrost-wildfire interactions: active layer thickness estimates for paired burned and unburned sites in northern high latitudes. Earth System Science Data 17, 2887-2909, https://doi.org/10.5194/essd-17-2887-2025",CC BY 4.0,,2019-06-30,none,single_visit,,,18.1191,0.001,1,burned,0,"FireALT 기여 자료(lastNm 열): Baillargeon, MacArthur, Natali, Sistla",,ok,"기여자 Baillargeon; siteId d; plot 27개; 연중 방문 1회(8월 1일 이후 0회); msrType thaw; 식생 W; 영구동토 분포 C; 생태지역 Beringia lowland tundra; 화재 연도 2015, 화재 후 경과 연수 4; v3 F4_direct 셀 2307(ABoVE_AK)과 체비쇼프 0.0002° 로 0.01° 이내"
firealt_talucci2025,firealt_talucci2025_0403,Natali YKD (burned),61.26004,-163.24,2017,7,35.5556,probe,direct_dated,9,United States,Alaska,"Talucci, A., Loranty, M., Holloway, J., Rogers, B., Alexander, H., et al. (2024) FireALT dataset: estimated active layer thickness for paired burned unburned sites measured from 2001-2023. NSF Arctic Data Center. https://doi.org/10.18739/A2RN3092P. 자료 논문: Talucci, A. C., et al. (2025) Permafrost-wildfire interactions: active layer thickness estimates for paired burned and unburned sites in northern high latitudes. Earth System Science Data 17, 2887-2909, https://doi.org/10.5194/essd-17-2887-2025",CC BY 4.0,,2017-07-04,none,single_visit,,,4.0035,0.01,1,burned,0,FireALT 기여 자료(lastNm 열): Natali,,ok,"기여자 Natali; siteId YKD; plot 1개; 연중 방문 1회(8월 1일 이후 0회); msrType thaw; 식생 W; 영구동토 분포 C; 생태지역 Beringia lowland tundra; 화재 연도 2015, 화재 후 경과 연수 2; v3 F4_direct 셀 2317(ABoVE_AK)과 체비쇼프 0.0003° 로 0.01° 이내"
firealt_talucci2025,firealt_talucci2025_0404,Baillargeon d (unburned),61.261,-163.243,2018,7,36.5083,probe,direct_dated,30,United States,Alaska,"Talucci, A., Loranty, M., Holloway, J., Rogers, B., Alexander, H., et al. (2024) FireALT dataset: estimated active layer thickness for paired burned unburned sites measured from 2001-2023. NSF Arctic Data Center. https://doi.org/10.18739/A2RN3092P. 자료 논문: Talucci, A. C., et al. (2025) Permafrost-wildfire interactions: active layer thickness estimates for paired burned and unburned sites in northern high latitudes. Earth System Science Data 17, 2887-2909, https://doi.org/10.5194/essd-17-2887-2025",CC BY 4.0,,2018-07-10,none,single_visit,,,5.3589,0.001,0,,0,"FireALT 기여 자료(lastNm 열): Baillargeon, MacArthur, Natali, Sistla",,ok,기여자 Baillargeon; siteId d; plot 30개; 연중 방문 1회(8월 1일 이후 0회); msrType thaw; 식생 W; 영구동토 분포 C; 생태지역 Beringia lowland tundra; v3 F4_direct 셀 2340(ABoVE_AK)과 체비쇼프 0.0005° 로 0.01° 이내
firealt_talucci2025,firealt_talucci2025_0404,Baillargeon d (unburned),61.261,-163.243,2019,6,37.3667,probe,direct_dated,30,United States,Alaska,"Talucci, A., Loranty, M., Holloway, J., Rogers, B., Alexander, H., et al. (2024) FireALT dataset: estimated active layer thickness for paired burned unburned sites measured from 2001-2023. NSF Arctic Data Center. https://doi.org/10.18739/A2RN3092P. 자료 논문: Talucci, A. C., et al. (2025) Permafrost-wildfire interactions: active layer thickness estimates for paired burned and unburned sites in northern high latitudes. Earth System Science Data 17, 2887-2909, https://doi.org/10.5194/essd-17-2887-2025",CC BY 4.0,,2019-06-30,none,single_visit,,,10.8516,0.001,0,,0,"FireALT 기여 자료(lastNm 열): Baillargeon, MacArthur, Natali, Sistla",,ok,기여자 Baillargeon; siteId d; plot 30개; 연중 방문 1회(8월 1일 이후 0회); msrType thaw; 식생 W; 영구동토 분포 C; 생태지역 Beringia lowland tundra; v3 F4_direct 셀 2340(ABoVE_AK)과 체비쇼프 0.0005° 로 0.01° 이내
firealt_talucci2025,firealt_talucci2025_0405,Baillargeon d (unburned),61.2611,-163.243,2018,7,37.025,probe,direct_dated,30,United States,Alaska,"Talucci, A., Loranty, M., Holloway, J., Rogers, B., Alexander, H., et al. (2024) FireALT dataset: estimated active layer thickness for paired burned unburned sites measured from 2001-2023. NSF Arctic Data Center. https://doi.org/10.18739/A2RN3092P. 자료 논문: Talucci, A. C., et al. (2025) Permafrost-wildfire interactions: active layer thickness estimates for paired burned and unburned sites in northern high latitudes. Earth System Science Data 17, 2887-2909, https://doi.org/10.5194/essd-17-2887-2025",CC BY 4.0,,2018-07-10,none,single_visit,,,6.3921,0.001,0,,0,"FireALT 기여 자료(lastNm 열): Baillargeon, MacArthur, Natali, Sistla",,ok,기여자 Baillargeon; siteId d; plot 30개; 연중 방문 1회(8월 1일 이후 0회); msrType thaw; 식생 W; 영구동토 분포 C; 생태지역 Beringia lowland tundra; v3 F4_direct 셀 2342(ABoVE_AK)과 체비쇼프 0.0006° 로 0.01° 이내
firealt_talucci2025,firealt_talucci2025_0405,Baillargeon d (unburned),61.2611,-163.243,2019,6,39.2333,probe,direct_dated,30,United States,Alaska,"Talucci, A., Loranty, M., Holloway, J., Rogers, B., Alexander, H., et al. (2024) FireALT dataset: estimated active layer thickness for paired burned unburned sites measured from 2001-2023. NSF Arctic Data Center. https://doi.org/10.18739/A2RN3092P. 자료 논문: Talucci, A. C., et al. (2025) Permafrost-wildfire interactions: active layer thickness estimates for paired burned and unburned sites in northern high latitudes. Earth System Science Data 17, 2887-2909, https://doi.org/10.5194/essd-17-2887-2025",CC BY 4.0,,2019-06-30,none,single_visit,,,12.3391,0.001,0,,0,"FireALT 기여 자료(lastNm 열): Baillargeon, MacArthur, Natali, Sistla",,ok,기여자 Baillargeon; siteId d; plot 30개; 연중 방문 1회(8월 1일 이후 0회); msrType thaw; 식생 W; 영구동토 분포 C; 생태지역 Beringia lowland tundra; v3 F4_direct 셀 2342(ABoVE_AK)과 체비쇼프 0.0006° 로 0.01° 이내
firealt_talucci2025,firealt_talucci2025_0406,Baillargeon d (unburned),61.2612,-163.243,2018,7,36.5567,probe,direct_dated,30,United States,Alaska,"Talucci, A., Loranty, M., Holloway, J., Rogers, B., Alexander, H., et al. (2024) FireALT dataset: estimated active layer thickness for paired burned unburned sites measured from 2001-2023. NSF Arctic Data Center. https://doi.org/10.18739/A2RN3092P. 자료 논문: Talucci, A. C., et al. (2025) Permafrost-wildfire interactions: active layer thickness estimates for paired burned and unburned sites in northern high latitudes. Earth System Science Data 17, 2887-2909, https://doi.org/10.5194/essd-17-2887-2025",CC BY 4.0,,2018-07-10,none,single_visit,,,4.234,0.001,0,,0,"FireALT 기여 자료(lastNm 열): Baillargeon, MacArthur, Natali, Sistla",,ok,기여자 Baillargeon; siteId d; plot 30개; 연중 방문 1회(8월 1일 이후 0회); msrType thaw; 식생 W; 영구동토 분포 C; 생태지역 Beringia lowland tundra; v3 F4_direct 셀 2342(ABoVE_AK)과 체비쇼프 0.0007° 로 0.01° 이내
firealt_talucci2025,firealt_talucci2025_0406,Baillargeon d (unburned),61.2612,-163.243,2019,6,39.7667,probe,direct_dated,30,United States,Alaska,"Talucci, A., Loranty, M., Holloway, J., Rogers, B., Alexander, H., et al. (2024) FireALT dataset: estimated active layer thickness for paired burned unburned sites measured from 2001-2023. NSF Arctic Data Center. https://doi.org/10.18739/A2RN3092P. 자료 논문: Talucci, A. C., et al. (2025) Permafrost-wildfire interactions: active layer thickness estimates for paired burned and unburned sites in northern high latitudes. Earth System Science Data 17, 2887-2909, https://doi.org/10.5194/essd-17-2887-2025",CC BY 4.0,,2019-06-30,none,single_visit,,,10.2037,0.001,0,,0,"FireALT 기여 자료(lastNm 열): Baillargeon, MacArthur, Natali, Sistla",,ok,기여자 Baillargeon; siteId d; plot 30개; 연중 방문 1회(8월 1일 이후 0회); msrType thaw; 식생 W; 영구동토 분포 C; 생태지역 Beringia lowland tundra; v3 F4_direct 셀 2342(ABoVE_AK)과 체비쇼프 0.0007° 로 0.01° 이내
firealt_talucci2025,firealt_talucci2025_0407,Baillargeon b (unburned),61.2629,-163.25,2018,7,27.3167,probe,direct_dated,30,United States,Alaska,"Talucci, A., Loranty, M., Holloway, J., Rogers, B., Alexander, H., et al. (2024) FireALT dataset: estimated active layer thickness for paired burned unburned sites measured from 2001-2023. NSF Arctic Data Center. https://doi.org/10.18739/A2RN3092P. 자료 논문: Talucci, A. C., et al. (2025) Permafrost-wildfire interactions: active layer thickness estimates for paired burned and unburned sites in northern high latitudes. Earth System Science Data 17, 2887-2909, https://doi.org/10.5194/essd-17-2887-2025",CC BY 4.0,,2018-07-02,none,single_visit,,,3.1581,0.01,0,,0,"FireALT 기여 자료(lastNm 열): Baillargeon, MacArthur, Natali, Sistla",,ok,기여자 Baillargeon; siteId b; plot 30개; 연중 방문 1회(8월 1일 이후 0회); msrType thaw; 식생 W; 영구동토 분포 C; 생태지역 Beringia lowland tundra; v3 F4_direct 셀 2443(ABoVE_AK)과 체비쇼프 0.0010° 로 0.01° 이내
firealt_talucci2025,firealt_talucci2025_0407,Baillargeon b (unburned),61.2629,-163.25,2019,7,36.7333,probe,direct_dated,30,United States,Alaska,"Talucci, A., Loranty, M., Holloway, J., Rogers, B., Alexander, H., et al. (2024) FireALT dataset: estimated active layer thickness for paired burned unburned sites measured from 2001-2023. NSF Arctic Data Center. https://doi.org/10.18739/A2RN3092P. 자료 논문: Talucci, A. C., et al. (2025) Permafrost-wildfire interactions: active layer thickness estimates for paired burned and unburned sites in northern high latitudes. Earth System Science Data 17, 2887-2909, https://doi.org/10.5194/essd-17-2887-2025",CC BY 4.0,,2019-07-05,none,single_visit,,,12.2247,0.01,0,,0,"FireALT 기여 자료(lastNm 열): Baillargeon, MacArthur, Natali, Sistla",,ok,기여자 Baillargeon; siteId b; plot 30개; 연중 방문 1회(8월 1일 이후 0회); msrType thaw; 식생 W; 영구동토 분포 C; 생태지역 Beringia lowland tundra; v3 F4_direct 셀 2443(ABoVE_AK)과 체비쇼프 0.0010° 로 0.01° 이내
firealt_talucci2025,firealt_talucci2025_0408,Baillargeon b (unburned),61.263,-163.25,2018,7,28.6583,probe,direct_dated,30,United States,Alaska,"Talucci, A., Loranty, M., Holloway, J., Rogers, B., Alexander, H., et al. (2024) FireALT dataset: estimated active layer thickness for paired burned unburned sites measured from 2001-2023. NSF Arctic Data Center. https://doi.org/10.18739/A2RN3092P. 자료 논문: Talucci, A. C., et al. (2025) Permafrost-wildfire interactions: active layer thickness estimates for paired burned and unburned sites in northern high latitudes. Earth System Science Data 17, 2887-2909, https://doi.org/10.5194/essd-17-2887-2025",CC BY 4.0,,2018-07-02,none,single_visit,,,4.253,0.01,0,,0,"FireALT 기여 자료(lastNm 열): Baillargeon, MacArthur, Natali, Sistla",,ok,기여자 Baillargeon; siteId b; plot 30개; 연중 방문 1회(8월 1일 이후 0회); msrType thaw; 식생 W; 영구동토 분포 C; 생태지역 Beringia lowland tundra; v3 F4_direct 셀 2451(ABoVE_AK)과 체비쇼프 0.0010° 로 0.01° 이내
firealt_talucci2025,firealt_talucci2025_0408,Baillargeon b (unburned),61.263,-163.25,2019,7,33.7,probe,direct_dated,30,United States,Alaska,"Talucci, A., Loranty, M., Holloway, J., Rogers, B., Alexander, H., et al. (2024) FireALT dataset: estimated active layer thickness for paired burned unburned sites measured from 2001-2023. NSF Arctic Data Center. https://doi.org/10.18739/A2RN3092P. 자료 논문: Talucci, A. C., et al. (2025) Permafrost-wildfire interactions: active layer thickness estimates for paired burned and unburned sites in northern high latitudes. Earth System Science Data 17, 2887-2909, https://doi.org/10.5194/essd-17-2887-2025",CC BY 4.0,,2019-07-05,none,single_visit,,,3.4556,0.01,0,,0,"FireALT 기여 자료(lastNm 열): Baillargeon, MacArthur, Natali, Sistla",,ok,기여자 Baillargeon; siteId b; plot 30개; 연중 방문 1회(8월 1일 이후 0회); msrType thaw; 식생 W; 영구동토 분포 C; 생태지역 Beringia lowland tundra; v3 F4_direct 셀 2451(ABoVE_AK)과 체비쇼프 0.0010° 로 0.01° 이내
firealt_talucci2025,firealt_talucci2025_0409,Baillargeon b (unburned),61.2632,-163.249,2018,7,25,probe,direct_dated,30,United States,Alaska,"Talucci, A., Loranty, M., Holloway, J., Rogers, B., Alexander, H., et al. (2024) FireALT dataset: estimated active layer thickness for paired burned unburned sites measured from 2001-2023. NSF Arctic Data Center. https://doi.org/10.18739/A2RN3092P. 자료 논문: Talucci, A. C., et al. (2025) Permafrost-wildfire interactions: active layer thickness estimates for paired burned and unburned sites in northern high latitudes. Earth System Science Data 17, 2887-2909, https://doi.org/10.5194/essd-17-2887-2025",CC BY 4.0,,2018-07-02,none,single_visit,,,5.4203,0.001,0,,0,"FireALT 기여 자료(lastNm 열): Baillargeon, MacArthur, Natali, Sistla",,ok,기여자 Baillargeon; siteId b; plot 30개; 연중 방문 1회(8월 1일 이후 0회); msrType thaw; 식생 W; 영구동토 분포 C; 생태지역 Beringia lowland tundra; v3 F4_direct 셀 2436(ABoVE_AK)과 체비쇼프 0.0016° 로 0.01° 이내
firealt_talucci2025,firealt_talucci2025_0409,Baillargeon b (unburned),61.2632,-163.249,2019,7,36.5,probe,direct_dated,30,United States,Alaska,"Talucci, A., Loranty, M., Holloway, J., Rogers, B., Alexander, H., et al. (2024) FireALT dataset: estimated active layer thickness for paired burned unburned sites measured from 2001-2023. NSF Arctic Data Center. https://doi.org/10.18739/A2RN3092P. 자료 논문: Talucci, A. C., et al. (2025) Permafrost-wildfire interactions: active layer thickness estimates for paired burned and unburned sites in northern high latitudes. Earth System Science Data 17, 2887-2909, https://doi.org/10.5194/essd-17-2887-2025",CC BY 4.0,,2019-07-05,none,single_visit,,,13.0853,0.001,0,,0,"FireALT 기여 자료(lastNm 열): Baillargeon, MacArthur, Natali, Sistla",,ok,기여자 Baillargeon; siteId b; plot 30개; 연중 방문 1회(8월 1일 이후 0회); msrType thaw; 식생 W; 영구동토 분포 C; 생태지역 Beringia lowland tundra; v3 F4_direct 셀 2436(ABoVE_AK)과 체비쇼프 0.0016° 로 0.01° 이내
firealt_talucci2025,firealt_talucci2025_0410,Baillargeon b (burned),61.2653,-163.249,2018,7,29.9083,probe,direct_dated,60,United States,Alaska,"Talucci, A., Loranty, M., Holloway, J., Rogers, B., Alexander, H., et al. (2024) FireALT dataset: estimated active layer thickness for paired burned unburned sites measured from 2001-2023. NSF Arctic Data Center. https://doi.org/10.18739/A2RN3092P. 자료 논문: Talucci, A. C., et al. (2025) Permafrost-wildfire interactions: active layer thickness estimates for paired burned and unburned sites in northern high latitudes. Earth System Science Data 17, 2887-2909, https://doi.org/10.5194/essd-17-2887-2025",CC BY 4.0,,2018-07-02,none,single_visit,,,3.876,0.001,1,burned,0,"FireALT 기여 자료(lastNm 열): Baillargeon, MacArthur, Natali, Sistla",,ok,"기여자 Baillargeon; siteId b; plot 60개; 연중 방문 1회(8월 1일 이후 0회); msrType thaw; 식생 W; 영구동토 분포 C; 생태지역 Beringia lowland tundra; 화재 연도 2015, 화재 후 경과 연수 3; v3 F4_direct 셀 2590(ABoVE_AK)과 체비쇼프 0.0012° 로 0.01° 이내"
firealt_talucci2025,firealt_talucci2025_0410,Baillargeon b (burned),61.2653,-163.249,2019,7,44.6078,probe,direct_dated,51,United States,Alaska,"Talucci, A., Loranty, M., Holloway, J., Rogers, B., Alexander, H., et al. (2024) FireALT dataset: estimated active layer thickness for paired burned unburned sites measured from 2001-2023. NSF Arctic Data Center. https://doi.org/10.18739/A2RN3092P. 자료 논문: Talucci, A. C., et al. (2025) Permafrost-wildfire interactions: active layer thickness estimates for paired burned and unburned sites in northern high latitudes. Earth System Science Data 17, 2887-2909, https://doi.org/10.5194/essd-17-2887-2025",CC BY 4.0,,2019-07-05,none,single_visit,,,15.0865,0.001,1,burned,0,"FireALT 기여 자료(lastNm 열): Baillargeon, MacArthur, Natali, Sistla",,ok,"기여자 Baillargeon; siteId b; plot 51개; 연중 방문 1회(8월 1일 이후 0회); msrType thaw; 식생 W; 영구동토 분포 C; 생태지역 Beringia lowland tundra; 화재 연도 2015, 화재 후 경과 연수 4; v3 F4_direct 셀 2590(ABoVE_AK)과 체비쇼프 0.0012° 로 0.01° 이내"
firealt_talucci2025,firealt_talucci2025_0411,Baillargeon b (burned),61.2654,-163.249,2018,7,28.325,probe,direct_dated,30,United States,Alaska,"Talucci, A., Loranty, M., Holloway, J., Rogers, B., Alexander, H., et al. (2024) FireALT dataset: estimated active layer thickness for paired burned unburned sites measured from 2001-2023. NSF Arctic Data Center. https://doi.org/10.18739/A2RN3092P. 자료 논문: Talucci, A. C., et al. (2025) Permafrost-wildfire interactions: active layer thickness estimates for paired burned and unburned sites in northern high latitudes. Earth System Science Data 17, 2887-2909, https://doi.org/10.5194/essd-17-2887-2025",CC BY 4.0,,2018-07-02,none,single_visit,,,5.247,0.001,1,burned,0,"FireALT 기여 자료(lastNm 열): Baillargeon, MacArthur, Natali, Sistla",,ok,"기여자 Baillargeon; siteId b; plot 30개; 연중 방문 1회(8월 1일 이후 0회); msrType thaw; 식생 W; 영구동토 분포 C; 생태지역 Beringia lowland tundra; 화재 연도 2015, 화재 후 경과 연수 3; v3 F4_direct 셀 2590(ABoVE_AK)과 체비쇼프 0.0012° 로 0.01° 이내"
firealt_talucci2025,firealt_talucci2025_0411,Baillargeon b (burned),61.2654,-163.249,2019,7,45.2667,probe,direct_dated,30,United States,Alaska,"Talucci, A., Loranty, M., Holloway, J., Rogers, B., Alexander, H., et al. (2024) FireALT dataset: estimated active layer thickness for paired burned unburned sites measured from 2001-2023. NSF Arctic Data Center. https://doi.org/10.18739/A2RN3092P. 자료 논문: Talucci, A. C., et al. (2025) Permafrost-wildfire interactions: active layer thickness estimates for paired burned and unburned sites in northern high latitudes. Earth System Science Data 17, 2887-2909, https://doi.org/10.5194/essd-17-2887-2025",CC BY 4.0,,2019-07-05,none,single_visit,,,12.9586,0.001,1,burned,0,"FireALT 기여 자료(lastNm 열): Baillargeon, MacArthur, Natali, Sistla",,ok,"기여자 Baillargeon; siteId b; plot 30개; 연중 방문 1회(8월 1일 이후 0회); msrType thaw; 식생 W; 영구동토 분포 C; 생태지역 Beringia lowland tundra; 화재 연도 2015, 화재 후 경과 연수 4; v3 F4_direct 셀 2590(ABoVE_AK)과 체비쇼프 0.0012° 로 0.01° 이내"
firealt_talucci2025,firealt_talucci2025_0412,Frost yk_delta_izaviknek_uplands (unburned),61.2696,-162.637,2017,7,41.7619,probe,direct_dated,21,United States,Alaska,"Talucci, A., Loranty, M., Holloway, J., Rogers, B., Alexander, H., et al. (2024) FireALT dataset: estimated active layer thickness for paired burned unburned sites measured from 2001-2023. NSF Arctic Data Center. https://doi.org/10.18739/A2RN3092P. 자료 논문: Talucci, A. C., et al. (2025) Permafrost-wildfire interactions: active layer thickness estimates for paired burned and unburned sites in northern high latitudes. Earth System Science Data 17, 2887-2909, https://doi.org/10.5194/essd-17-2887-2025",CC BY 4.0,,2017-07-27,none,single_visit,,,5.019,0.001,0,,0,FireALT 기여 자료(lastNm 열): Frost,,ok,기여자 Frost; siteId yk_delta_izaviknek_uplands; plot 1개; 연중 방문 1회(8월 1일 이후 0회); msrType thaw; 식생 GNT; 영구동토 분포 C; 생태지역 Beringia lowland tundra; v3 F4_direct 셀 3181(ABoVE_AK)과 체비쇼프 0.0080° 로 0.01° 이내
firealt_talucci2025,firealt_talucci2025_0413,Natali YKDB (burned),61.26996,-163.2354,2017,9,65.9231,probe,direct_eos,13,United States,Alaska,"Talucci, A., Loranty, M., Holloway, J., Rogers, B., Alexander, H., et al. (2024) FireALT dataset: estimated active layer thickness for paired burned unburned sites measured from 2001-2023. NSF Arctic Data Center. https://doi.org/10.18739/A2RN3092P. 자료 논문: Talucci, A. C., et al. (2025) Permafrost-wildfire interactions: active layer thickness estimates for paired burned and unburned sites in northern high latitudes. Earth System Science Data 17, 2887-2909, https://doi.org/10.5194/essd-17-2887-2025",CC BY 4.0,,2017-09-24,record_date,single_visit,,,2.3966,0.0001,1,burned,0,FireALT 기여 자료(lastNm 열): Natali,,ok,"기여자 Natali; siteId YKDB; plot 1개; 연중 방문 1회(8월 1일 이후 1회); msrType active; 식생 W; 영구동토 분포 C; 생태지역 Beringia lowland tundra; 화재 연도 2015, 화재 후 경과 연수 2; v3 F4_direct 셀 290(ABoVE_AK)과 체비쇼프 0.0000° 로 0.01° 이내"
firealt_talucci2025,firealt_talucci2025_0414,Natali YKDB (burned),61.27012,-163.2358,2017,9,67.3077,probe,direct_eos,13,United States,Alaska,"Talucci, A., Loranty, M., Holloway, J., Rogers, B., Alexander, H., et al. (2024) FireALT dataset: estimated active layer thickness for paired burned unburned sites measured from 2001-2023. NSF Arctic Data Center. https://doi.org/10.18739/A2RN3092P. 자료 논문: Talucci, A. C., et al. (2025) Permafrost-wildfire interactions: active layer thickness estimates for paired burned and unburned sites in northern high latitudes. Earth System Science Data 17, 2887-2909, https://doi.org/10.5194/essd-17-2887-2025",CC BY 4.0,,2017-09-24,record_date,single_visit,,,7.6853,0.0001,1,burned,0,FireALT 기여 자료(lastNm 열): Natali,,ok,"기여자 Natali; siteId YKDB; plot 1개; 연중 방문 1회(8월 1일 이후 1회); msrType active; 식생 W; 영구동토 분포 C; 생태지역 Beringia lowland tundra; 화재 연도 2015, 화재 후 경과 연수 2; v3 F4_direct 셀 295(ABoVE_AK)과 체비쇼프 0.0000° 로 0.01° 이내"
firealt_talucci2025,firealt_talucci2025_0415,Natali YKD (unburned),61.27027,-163.241,2016,9,62.4086,probe,direct_eos,93,United States,Alaska,"Talucci, A., Loranty, M., Holloway, J., Rogers, B., Alexander, H., et al. (2024) FireALT dataset: estimated active layer thickness for paired burned unburned sites measured from 2001-2023. NSF Arctic Data Center. https://doi.org/10.18739/A2RN3092P. 자료 논문: Talucci, A. C., et al. (2025) Permafrost-wildfire interactions: active layer thickness estimates for paired burned and unburned sites in northern high latitudes. Earth System Science Data 17, 2887-2909, https://doi.org/10.5194/essd-17-2887-2025",CC BY 4.0,,2016-09-15,record_date,annual_value,,,5.3492,0.001,0,,0,FireALT 기여 자료(lastNm 열): Natali,,ok,기여자 Natali; siteId YKD; plot 1개; 연중 방문 2회(8월 1일 이후 1회); msrType active; 식생 W; 영구동토 분포 C; 생태지역 Beringia lowland tundra; v3 F4_direct 셀 2738(ABoVE_AK)과 체비쇼프 0.0001° 로 0.01° 이내
firealt_talucci2025,firealt_talucci2025_0416,Baillargeon a (unburned),61.2704,-163.239,2018,7,34.6917,probe,direct_dated,30,United States,Alaska,"Talucci, A., Loranty, M., Holloway, J., Rogers, B., Alexander, H., et al. (2024) FireALT dataset: estimated active layer thickness for paired burned unburned sites measured from 2001-2023. NSF Arctic Data Center. https://doi.org/10.18739/A2RN3092P. 자료 논문: Talucci, A. C., et al. (2025) Permafrost-wildfire interactions: active layer thickness estimates for paired burned and unburned sites in northern high latitudes. Earth System Science Data 17, 2887-2909, https://doi.org/10.5194/essd-17-2887-2025",CC BY 4.0,,2018-07-03,none,single_visit,,,4.9861,0.001,0,,0,"FireALT 기여 자료(lastNm 열): Baillargeon, MacArthur, Natali, Sistla",,ok,기여자 Baillargeon; siteId a; plot 30개; 연중 방문 1회(8월 1일 이후 0회); msrType thaw; 식생 W; 영구동토 분포 C; 생태지역 Beringia lowland tundra; v3 F4_direct 셀 2782(ABoVE_AK)과 체비쇼프 0.0001° 로 0.01° 이내
firealt_talucci2025,firealt_talucci2025_0416,Baillargeon a (unburned),61.2704,-163.239,2019,7,54.2,probe,direct_dated,30,United States,Alaska,"Talucci, A., Loranty, M., Holloway, J., Rogers, B., Alexander, H., et al. (2024) FireALT dataset: estimated active layer thickness for paired burned unburned sites measured from 2001-2023. NSF Arctic Data Center. https://doi.org/10.18739/A2RN3092P. 자료 논문: Talucci, A. C., et al. (2025) Permafrost-wildfire interactions: active layer thickness estimates for paired burned and unburned sites in northern high latitudes. Earth System Science Data 17, 2887-2909, https://doi.org/10.5194/essd-17-2887-2025",CC BY 4.0,,2019-07-02,none,single_visit,,,22.7071,0.001,0,,0,"FireALT 기여 자료(lastNm 열): Baillargeon, MacArthur, Natali, Sistla",,ok,기여자 Baillargeon; siteId a; plot 30개; 연중 방문 1회(8월 1일 이후 0회); msrType thaw; 식생 W; 영구동토 분포 C; 생태지역 Beringia lowland tundra; v3 F4_direct 셀 2782(ABoVE_AK)과 체비쇼프 0.0001° 로 0.01° 이내
firealt_talucci2025,firealt_talucci2025_0417,Natali YKD (unburned),61.27041,-163.237,2017,7,34.2222,probe,direct_dated,9,United States,Alaska,"Talucci, A., Loranty, M., Holloway, J., Rogers, B., Alexander, H., et al. (2024) FireALT dataset: estimated active layer thickness for paired burned unburned sites measured from 2001-2023. NSF Arctic Data Center. https://doi.org/10.18739/A2RN3092P. 자료 논문: Talucci, A. C., et al. (2025) Permafrost-wildfire interactions: active layer thickness estimates for paired burned and unburned sites in northern high latitudes. Earth System Science Data 17, 2887-2909, https://doi.org/10.5194/essd-17-2887-2025",CC BY 4.0,,2017-07-07,none,single_visit,,,5.1667,0.001,0,,0,FireALT 기여 자료(lastNm 열): Natali,,ok,기여자 Natali; siteId YKD; plot 1개; 연중 방문 1회(8월 1일 이후 0회); msrType thaw; 식생 W; 영구동토 분포 C; 생태지역 Beringia lowland tundra; v3 F4_direct 셀 2728(ABoVE_AK)과 체비쇼프 0.0001° 로 0.01° 이내
firealt_talucci2025,firealt_talucci2025_0418,Baillargeon a (burned),61.2704,-163.236,2018,7,39.6233,probe,direct_dated,30,United States,Alaska,"Talucci, A., Loranty, M., Holloway, J., Rogers, B., Alexander, H., et al. (2024) FireALT dataset: estimated active layer thickness for paired burned unburned sites measured from 2001-2023. NSF Arctic Data Center. https://doi.org/10.18739/A2RN3092P. 자료 논문: Talucci, A. C., et al. (2025) Permafrost-wildfire interactions: active layer thickness estimates for paired burned and unburned sites in northern high latitudes. Earth System Science Data 17, 2887-2909, https://doi.org/10.5194/essd-17-2887-2025",CC BY 4.0,,2018-07-03,none,single_visit,,,7.304,0.001,1,burned,0,"FireALT 기여 자료(lastNm 열): Baillargeon, MacArthur, Natali, Sistla",,ok,"기여자 Baillargeon; siteId a; plot 30개; 연중 방문 1회(8월 1일 이후 0회); msrType thaw; 식생 W; 영구동토 분포 C; 생태지역 Beringia lowland tundra; 화재 연도 2015, 화재 후 경과 연수 3; v3 F4_direct 셀 2261(ABoVE_AK)과 체비쇼프 0.0000° 로 0.01° 이내"
firealt_talucci2025,firealt_talucci2025_0418,Baillargeon a (burned),61.2704,-163.236,2019,7,64.12,probe,direct_dated,25,United States,Alaska,"Talucci, A., Loranty, M., Holloway, J., Rogers, B., Alexander, H., et al. (2024) FireALT dataset: estimated active layer thickness for paired burned unburned sites measured from 2001-2023. NSF Arctic Data Center. https://doi.org/10.18739/A2RN3092P. 자료 논문: Talucci, A. C., et al. (2025) Permafrost-wildfire interactions: active layer thickness estimates for paired burned and unburned sites in northern high latitudes. Earth System Science Data 17, 2887-2909, https://doi.org/10.5194/essd-17-2887-2025",CC BY 4.0,,2019-07-02,none,single_visit,,,20.8773,0.001,1,burned,0,"FireALT 기여 자료(lastNm 열): Baillargeon, MacArthur, Natali, Sistla",,ok,"기여자 Baillargeon; siteId a; plot 25개; 연중 방문 1회(8월 1일 이후 0회); msrType thaw; 식생 W; 영구동토 분포 C; 생태지역 Beringia lowland tundra; 화재 연도 2015, 화재 후 경과 연수 4; v3 F4_direct 셀 2261(ABoVE_AK)과 체비쇼프 0.0000° 로 0.01° 이내"
firealt_talucci2025,firealt_talucci2025_0419,Baillargeon a (unburned),61.2705,-163.239,2018,7,36.6583,probe,direct_dated,30,United States,Alaska,"Talucci, A., Loranty, M., Holloway, J., Rogers, B., Alexander, H., et al. (2024) FireALT dataset: estimated active layer thickness for paired burned unburned sites measured from 2001-2023. NSF Arctic Data Center. https://doi.org/10.18739/A2RN3092P. 자료 논문: Talucci, A. C., et al. (2025) Permafrost-wildfire interactions: active layer thickness estimates for paired burned and unburned sites in northern high latitudes. Earth System Science Data 17, 2887-2909, https://doi.org/10.5194/essd-17-2887-2025",CC BY 4.0,,2018-07-03,none,single_visit,,,3.3915,0.001,0,,0,"FireALT 기여 자료(lastNm 열): Baillargeon, MacArthur, Natali, Sistla",,ok,기여자 Baillargeon; siteId a; plot 30개; 연중 방문 1회(8월 1일 이후 0회); msrType thaw; 식생 W; 영구동토 분포 C; 생태지역 Beringia lowland tundra; v3 F4_direct 셀 2783(ABoVE_AK)과 체비쇼프 0.0000° 로 0.01° 이내
firealt_talucci2025,firealt_talucci2025_0419,Baillargeon a (unburned),61.2705,-163.239,2019,7,49.4,probe,direct_dated,30,United States,Alaska,"Talucci, A., Loranty, M., Holloway, J., Rogers, B., Alexander, H., et al. (2024) FireALT dataset: estimated active layer thickness for paired burned unburned sites measured from 2001-2023. NSF Arctic Data Center. https://doi.org/10.18739/A2RN3092P. 자료 논문: Talucci, A. C., et al. (2025) Permafrost-wildfire interactions: active layer thickness estimates for paired burned and unburned sites in northern high latitudes. Earth System Science Data 17, 2887-2909, https://doi.org/10.5194/essd-17-2887-2025",CC BY 4.0,,2019-07-02,none,single_visit,,,17.0872,0.001,0,,0,"FireALT 기여 자료(lastNm 열): Baillargeon, MacArthur, Natali, Sistla",,ok,기여자 Baillargeon; siteId a; plot 30개; 연중 방문 1회(8월 1일 이후 0회); msrType thaw; 식생 W; 영구동토 분포 C; 생태지역 Beringia lowland tundra; v3 F4_direct 셀 2783(ABoVE_AK)과 체비쇼프 0.0000° 로 0.01° 이내
firealt_talucci2025,firealt_talucci2025_0420,Baillargeon a (burned),61.2705,-163.236,2018,7,40.4917,probe,direct_dated,30,United States,Alaska,"Talucci, A., Loranty, M., Holloway, J., Rogers, B., Alexander, H., et al. (2024) FireALT dataset: estimated active layer thickness for paired burned unburned sites measured from 2001-2023. NSF Arctic Data Center. https://doi.org/10.18739/A2RN3092P. 자료 논문: Talucci, A. C., et al. (2025) Permafrost-wildfire interactions: active layer thickness estimates for paired burned and unburned sites in northern high latitudes. Earth System Science Data 17, 2887-2909, https://doi.org/10.5194/essd-17-2887-2025",CC BY 4.0,,2018-07-03,none,single_visit,,,5.4892,0.001,1,burned,0,"FireALT 기여 자료(lastNm 열): Baillargeon, MacArthur, Natali, Sistla",,ok,"기여자 Baillargeon; siteId a; plot 30개; 연중 방문 1회(8월 1일 이후 0회); msrType thaw; 식생 W; 영구동토 분포 C; 생태지역 Beringia lowland tundra; 화재 연도 2015, 화재 후 경과 연수 3; v3 F4_direct 셀 2261(ABoVE_AK)과 체비쇼프 0.0001° 로 0.01° 이내"
firealt_talucci2025,firealt_talucci2025_0420,Baillargeon a (burned),61.2705,-163.236,2019,7,51.0952,probe,direct_dated,21,United States,Alaska,"Talucci, A., Loranty, M., Holloway, J., Rogers, B., Alexander, H., et al. (2024) FireALT dataset: estimated active layer thickness for paired burned unburned sites measured from 2001-2023. NSF Arctic Data Center. https://doi.org/10.18739/A2RN3092P. 자료 논문: Talucci, A. C., et al. (2025) Permafrost-wildfire interactions: active layer thickness estimates for paired burned and unburned sites in northern high latitudes. Earth System Science Data 17, 2887-2909, https://doi.org/10.5194/essd-17-2887-2025",CC BY 4.0,,2019-07-02,none,single_visit,,,18.3519,0.001,1,burned,0,"FireALT 기여 자료(lastNm 열): Baillargeon, MacArthur, Natali, Sistla",,ok,"기여자 Baillargeon; siteId a; plot 21개; 연중 방문 1회(8월 1일 이후 0회); msrType thaw; 식생 W; 영구동토 분포 C; 생태지역 Beringia lowland tundra; 화재 연도 2015, 화재 후 경과 연수 4; v3 F4_direct 셀 2261(ABoVE_AK)과 체비쇼프 0.0001° 로 0.01° 이내"
firealt_talucci2025,firealt_talucci2025_0421,Baillargeon a (burned),61.2706,-163.236,2018,7,41.1333,probe,direct_dated,30,United States,Alaska,"Talucci, A., Loranty, M., Holloway, J., Rogers, B., Alexander, H., et al. (2024) FireALT dataset: estimated active layer thickness for paired burned unburned sites measured from 2001-2023. NSF Arctic Data Center. https://doi.org/10.18739/A2RN3092P. 자료 논문: Talucci, A. C., et al. (2025) Permafrost-wildfire interactions: active layer thickness estimates for paired burned and unburned sites in northern high latitudes. Earth System Science Data 17, 2887-2909, https://doi.org/10.5194/essd-17-2887-2025",CC BY 4.0,,2018-07-03,none,single_visit,,,5.359,0.001,1,burned,0,"FireALT 기여 자료(lastNm 열): Baillargeon, MacArthur, Natali, Sistla",,ok,"기여자 Baillargeon; siteId a; plot 30개; 연중 방문 1회(8월 1일 이후 0회); msrType thaw; 식생 W; 영구동토 분포 C; 생태지역 Beringia lowland tundra; 화재 연도 2015, 화재 후 경과 연수 3; v3 F4_direct 셀 2801(ABoVE_AK)과 체비쇼프 0.0000° 로 0.01° 이내"
firealt_talucci2025,firealt_talucci2025_0421,Baillargeon a (burned),61.2706,-163.236,2019,7,54.1923,probe,direct_dated,26,United States,Alaska,"Talucci, A., Loranty, M., Holloway, J., Rogers, B., Alexander, H., et al. (2024) FireALT dataset: estimated active layer thickness for paired burned unburned sites measured from 2001-2023. NSF Arctic Data Center. https://doi.org/10.18739/A2RN3092P. 자료 논문: Talucci, A. C., et al. (2025) Permafrost-wildfire interactions: active layer thickness estimates for paired burned and unburned sites in northern high latitudes. Earth System Science Data 17, 2887-2909, https://doi.org/10.5194/essd-17-2887-2025",CC BY 4.0,,2019-07-02,none,single_visit,,,16.9517,0.001,1,burned,0,"FireALT 기여 자료(lastNm 열): Baillargeon, MacArthur, Natali, Sistla",,ok,"기여자 Baillargeon; siteId a; plot 26개; 연중 방문 1회(8월 1일 이후 0회); msrType thaw; 식생 W; 영구동토 분포 C; 생태지역 Beringia lowland tundra; 화재 연도 2015, 화재 후 경과 연수 4; v3 F4_direct 셀 2801(ABoVE_AK)과 체비쇼프 0.0000° 로 0.01° 이내"
firealt_talucci2025,firealt_talucci2025_0422,Baillargeon a (unburned),61.2707,-163.239,2018,7,33.6333,probe,direct_dated,30,United States,Alaska,"Talucci, A., Loranty, M., Holloway, J., Rogers, B., Alexander, H., et al. (2024) FireALT dataset: estimated active layer thickness for paired burned unburned sites measured from 2001-2023. NSF Arctic Data Center. https://doi.org/10.18739/A2RN3092P. 자료 논문: Talucci, A. C., et al. (2025) Permafrost-wildfire interactions: active layer thickness estimates for paired burned and unburned sites in northern high latitudes. Earth System Science Data 17, 2887-2909, https://doi.org/10.5194/essd-17-2887-2025",CC BY 4.0,,2018-07-03,none,single_visit,,,4.1832,0.001,0,,0,"FireALT 기여 자료(lastNm 열): Baillargeon, MacArthur, Natali, Sistla",,ok,기여자 Baillargeon; siteId a; plot 30개; 연중 방문 1회(8월 1일 이후 0회); msrType thaw; 식생 W; 영구동토 분포 C; 생태지역 Beringia lowland tundra; v3 F4_direct 셀 2785(ABoVE_AK)과 체비쇼프 0.0002° 로 0.01° 이내
firealt_talucci2025,firealt_talucci2025_0422,Baillargeon a (unburned),61.2707,-163.239,2019,7,43.9667,probe,direct_dated,30,United States,Alaska,"Talucci, A., Loranty, M., Holloway, J., Rogers, B., Alexander, H., et al. (2024) FireALT dataset: estimated active layer thickness for paired burned unburned sites measured from 2001-2023. NSF Arctic Data Center. https://doi.org/10.18739/A2RN3092P. 자료 논문: Talucci, A. C., et al. (2025) Permafrost-wildfire interactions: active layer thickness estimates for paired burned and unburned sites in northern high latitudes. Earth System Science Data 17, 2887-2909, https://doi.org/10.5194/essd-17-2887-2025",CC BY 4.0,,2019-07-02,none,single_visit,,,12.7671,0.001,0,,0,"FireALT 기여 자료(lastNm 열): Baillargeon, MacArthur, Natali, Sistla",,ok,기여자 Baillargeon; siteId a; plot 30개; 연중 방문 1회(8월 1일 이후 0회); msrType thaw; 식생 W; 영구동토 분포 C; 생태지역 Beringia lowland tundra; v3 F4_direct 셀 2785(ABoVE_AK)과 체비쇼프 0.0002° 로 0.01° 이내
firealt_talucci2025,firealt_talucci2025_0423,Natali YKDU (unburned),61.2707,-163.2384,2017,9,62.8462,probe,direct_eos,13,United States,Alaska,"Talucci, A., Loranty, M., Holloway, J., Rogers, B., Alexander, H., et al. (2024) FireALT dataset: estimated active layer thickness for paired burned unburned sites measured from 2001-2023. NSF Arctic Data Center. https://doi.org/10.18739/A2RN3092P. 자료 논문: Talucci, A. C., et al. (2025) Permafrost-wildfire interactions: active layer thickness estimates for paired burned and unburned sites in northern high latitudes. Earth System Science Data 17, 2887-2909, https://doi.org/10.5194/essd-17-2887-2025",CC BY 4.0,,2017-09-24,record_date,single_visit,,,3.9759,0.0001,0,,0,FireALT 기여 자료(lastNm 열): Natali,,ok,기여자 Natali; siteId YKDU; plot 1개; 연중 방문 1회(8월 1일 이후 1회); msrType active; 식생 W; 영구동토 분포 C; 생태지역 Beringia lowland tundra; v3 F4_direct 셀 296(ABoVE_AK)과 체비쇼프 0.0000° 로 0.01° 이내
firealt_talucci2025,firealt_talucci2025_0424,Natali YKDU (unburned),61.27076,-163.2388,2017,9,58.6923,probe,direct_eos,13,United States,Alaska,"Talucci, A., Loranty, M., Holloway, J., Rogers, B., Alexander, H., et al. (2024) FireALT dataset: estimated active layer thickness for paired burned unburned sites measured from 2001-2023. NSF Arctic Data Center. https://doi.org/10.18739/A2RN3092P. 자료 논문: Talucci, A. C., et al. (2025) Permafrost-wildfire interactions: active layer thickness estimates for paired burned and unburned sites in northern high latitudes. Earth System Science Data 17, 2887-2909, https://doi.org/10.5194/essd-17-2887-2025",CC BY 4.0,,2017-09-24,record_date,single_visit,,,4.4607,0.0001,0,,0,FireALT 기여 자료(lastNm 열): Natali,,ok,기여자 Natali; siteId YKDU; plot 1개; 연중 방문 1회(8월 1일 이후 1회); msrType active; 식생 W; 영구동토 분포 C; 생태지역 Beringia lowland tundra; v3 F4_direct 셀 301(ABoVE_AK)과 체비쇼프 0.0000° 로 0.01° 이내
firealt_talucci2025,firealt_talucci2025_0425,Natali YKD (burned),61.27076,-163.23,2017,7,36.4444,probe,direct_dated,9,United States,Alaska,"Talucci, A., Loranty, M., Holloway, J., Rogers, B., Alexander, H., et al. (2024) FireALT dataset: estimated active layer thickness for paired burned unburned sites measured from 2001-2023. NSF Arctic Data Center. https://doi.org/10.18739/A2RN3092P. 자료 논문: Talucci, A. C., et al. (2025) Permafrost-wildfire interactions: active layer thickness estimates for paired burned and unburned sites in northern high latitudes. Earth System Science Data 17, 2887-2909, https://doi.org/10.5194/essd-17-2887-2025",CC BY 4.0,,2017-07-07,none,single_visit,,,6.5405,0.01,1,burned,0,FireALT 기여 자료(lastNm 열): Natali,,ok,"기여자 Natali; siteId YKD; plot 1개; 연중 방문 1회(8월 1일 이후 0회); msrType thaw; 식생 W; 영구동토 분포 C; 생태지역 Beringia lowland tundra; 화재 연도 2015, 화재 후 경과 연수 2; v3 F4_direct 셀 2697(ABoVE_AK)과 체비쇼프 0.0011° 로 0.01° 이내"
firealt_talucci2025,firealt_talucci2025_0426,Frost yk_delta_izaviknek_uplands (burned),61.2711,-162.6291,2017,7,49.1364,probe,direct_dated,22,United States,Alaska,"Talucci, A., Loranty, M., Holloway, J., Rogers, B., Alexander, H., et al. (2024) FireALT dataset: estimated active layer thickness for paired burned unburned sites measured from 2001-2023. NSF Arctic Data Center. https://doi.org/10.18739/A2RN3092P. 자료 논문: Talucci, A. C., et al. (2025) Permafrost-wildfire interactions: active layer thickness estimates for paired burned and unburned sites in northern high latitudes. Earth System Science Data 17, 2887-2909, https://doi.org/10.5194/essd-17-2887-2025",CC BY 4.0,,2017-07-27,none,single_visit,,,5.4624,0.0001,1,burned,0,FireALT 기여 자료(lastNm 열): Frost,,ok,"기여자 Frost; siteId yk_delta_izaviknek_uplands; plot 1개; 연중 방문 1회(8월 1일 이후 0회); msrType thaw; 식생 P; 영구동토 분포 C; 생태지역 Beringia lowland tundra; 화재 연도 2015, 화재 후 경과 연수 2; v3 F4_direct 셀 3174(ABoVE_AK)과 체비쇼프 0.0065° 로 0.01° 이내"
firealt_talucci2025,firealt_talucci2025_0426,Frost yk_delta_izaviknek_uplands (burned),61.2711,-162.6291,2018,7,43.1667,probe,direct_dated,12,United States,Alaska,"Talucci, A., Loranty, M., Holloway, J., Rogers, B., Alexander, H., et al. (2024) FireALT dataset: estimated active layer thickness for paired burned unburned sites measured from 2001-2023. NSF Arctic Data Center. https://doi.org/10.18739/A2RN3092P. 자료 논문: Talucci, A. C., et al. (2025) Permafrost-wildfire interactions: active layer thickness estimates for paired burned and unburned sites in northern high latitudes. Earth System Science Data 17, 2887-2909, https://doi.org/10.5194/essd-17-2887-2025",CC BY 4.0,,2018-07-16,none,single_visit,,,7.5538,0.0001,1,burned,0,FireALT 기여 자료(lastNm 열): Frost,,ok,"기여자 Frost; siteId yk_delta_izaviknek_uplands; plot 1개; 연중 방문 1회(8월 1일 이후 0회); msrType thaw; 식생 P; 영구동토 분포 C; 생태지역 Beringia lowland tundra; 화재 연도 2015, 화재 후 경과 연수 3; v3 F4_direct 셀 3174(ABoVE_AK)과 체비쇼프 0.0065° 로 0.01° 이내"
firealt_talucci2025,firealt_talucci2025_0427,Frost yk_delta_izaviknek_uplands (burned),61.2725,-162.6203,2018,7,41.9167,probe,direct_dated,12,United States,Alaska,"Talucci, A., Loranty, M., Holloway, J., Rogers, B., Alexander, H., et al. (2024) FireALT dataset: estimated active layer thickness for paired burned unburned sites measured from 2001-2023. NSF Arctic Data Center. https://doi.org/10.18739/A2RN3092P. 자료 논문: Talucci, A. C., et al. (2025) Permafrost-wildfire interactions: active layer thickness estimates for paired burned and unburned sites in northern high latitudes. Earth System Science Data 17, 2887-2909, https://doi.org/10.5194/essd-17-2887-2025",CC BY 4.0,,2018-07-15,none,single_visit,,,6.445,0.0001,1,burned,0,FireALT 기여 자료(lastNm 열): Frost,,ok,"기여자 Frost; siteId yk_delta_izaviknek_uplands; plot 1개; 연중 방문 1회(8월 1일 이후 0회); msrType thaw; 식생 P; 영구동토 분포 C; 생태지역 Beringia lowland tundra; 화재 연도 2015, 화재 후 경과 연수 3; v3 F4_direct 셀 3247(ABoVE_AK)과 체비쇼프 0.0072° 로 0.01° 이내"
firealt_talucci2025,firealt_talucci2025_0428,Natali YKD (burned),61.27362,-163.23,2016,9,69.5914,probe,direct_eos,93,United States,Alaska,"Talucci, A., Loranty, M., Holloway, J., Rogers, B., Alexander, H., et al. (2024) FireALT dataset: estimated active layer thickness for paired burned unburned sites measured from 2001-2023. NSF Arctic Data Center. https://doi.org/10.18739/A2RN3092P. 자료 논문: Talucci, A. C., et al. (2025) Permafrost-wildfire interactions: active layer thickness estimates for paired burned and unburned sites in northern high latitudes. Earth System Science Data 17, 2887-2909, https://doi.org/10.5194/essd-17-2887-2025",CC BY 4.0,,2016-09-17,record_date,annual_value,,,5.7526,0.01,1,burned,0,FireALT 기여 자료(lastNm 열): Natali,,ok,"기여자 Natali; siteId YKD; plot 1개; 연중 방문 2회(8월 1일 이후 1회); msrType active; 식생 W; 영구동토 분포 C; 생태지역 Beringia lowland tundra; 화재 연도 2015, 화재 후 경과 연수 1; v3 F4_direct 셀 2951(ABoVE_AK)과 체비쇼프 0.0000° 로 0.01° 이내"
firealt_talucci2025,firealt_talucci2025_0429,Frost yk_delta_izaviknek_uplands (burned),61.275,-162.612,2018,7,46.8333,probe,direct_dated,12,United States,Alaska,"Talucci, A., Loranty, M., Holloway, J., Rogers, B., Alexander, H., et al. (2024) FireALT dataset: estimated active layer thickness for paired burned unburned sites measured from 2001-2023. NSF Arctic Data Center. https://doi.org/10.18739/A2RN3092P. 자료 논문: Talucci, A. C., et al. (2025) Permafrost-wildfire interactions: active layer thickness estimates for paired burned and unburned sites in northern high latitudes. Earth System Science Data 17, 2887-2909, https://doi.org/10.5194/essd-17-2887-2025",CC BY 4.0,,2018-07-13,none,single_visit,,,4.6482,0.001,1,burned,0,FireALT 기여 자료(lastNm 열): Frost,,ok,"기여자 Frost; siteId yk_delta_izaviknek_uplands; plot 1개; 연중 방문 1회(8월 1일 이후 0회); msrType thaw; 식생 P; 영구동토 분포 C; 생태지역 Beringia lowland tundra; 화재 연도 2015, 화재 후 경과 연수 3"
firealt_talucci2025,firealt_talucci2025_0430,Frost yk_delta_izaviknek_uplands (burned),61.2754,-162.6321,2017,7,54.5789,probe,direct_dated,19,United States,Alaska,"Talucci, A., Loranty, M., Holloway, J., Rogers, B., Alexander, H., et al. (2024) FireALT dataset: estimated active layer thickness for paired burned unburned sites measured from 2001-2023. NSF Arctic Data Center. https://doi.org/10.18739/A2RN3092P. 자료 논문: Talucci, A. C., et al. (2025) Permafrost-wildfire interactions: active layer thickness estimates for paired burned and unburned sites in northern high latitudes. Earth System Science Data 17, 2887-2909, https://doi.org/10.5194/essd-17-2887-2025",CC BY 4.0,,2017-07-27,none,single_visit,,,18.6617,0.0001,1,burned,0,FireALT 기여 자료(lastNm 열): Frost,,ok,"기여자 Frost; siteId yk_delta_izaviknek_uplands; plot 1개; 연중 방문 1회(8월 1일 이후 0회); msrType thaw; 식생 P; 영구동토 분포 C; 생태지역 Beringia lowland tundra; 화재 연도 2015, 화재 후 경과 연수 2; v3 F4_direct 셀 3181(ABoVE_AK)과 체비쇼프 0.0022° 로 0.01° 이내"
firealt_talucci2025,firealt_talucci2025_0430,Frost yk_delta_izaviknek_uplands (burned),61.2754,-162.6321,2018,7,63.25,probe,direct_dated,12,United States,Alaska,"Talucci, A., Loranty, M., Holloway, J., Rogers, B., Alexander, H., et al. (2024) FireALT dataset: estimated active layer thickness for paired burned unburned sites measured from 2001-2023. NSF Arctic Data Center. https://doi.org/10.18739/A2RN3092P. 자료 논문: Talucci, A. C., et al. (2025) Permafrost-wildfire interactions: active layer thickness estimates for paired burned and unburned sites in northern high latitudes. Earth System Science Data 17, 2887-2909, https://doi.org/10.5194/essd-17-2887-2025",CC BY 4.0,,2018-07-16,none,single_visit,,,32.5133,0.0001,1,burned,0,FireALT 기여 자료(lastNm 열): Frost,,ok,"기여자 Frost; siteId yk_delta_izaviknek_uplands; plot 1개; 연중 방문 1회(8월 1일 이후 0회); msrType thaw; 식생 P; 영구동토 분포 C; 생태지역 Beringia lowland tundra; 화재 연도 2015, 화재 후 경과 연수 3; v3 F4_direct 셀 3181(ABoVE_AK)과 체비쇼프 0.0022° 로 0.01° 이내"
firealt_talucci2025,firealt_talucci2025_0431,Frost yk_delta_izaviknek_uplands (burned),61.2754,-162.6025,2018,7,41.6667,probe,direct_dated,12,United States,Alaska,"Talucci, A., Loranty, M., Holloway, J., Rogers, B., Alexander, H., et al. (2024) FireALT dataset: estimated active layer thickness for paired burned unburned sites measured from 2001-2023. NSF Arctic Data Center. https://doi.org/10.18739/A2RN3092P. 자료 논문: Talucci, A. C., et al. (2025) Permafrost-wildfire interactions: active layer thickness estimates for paired burned and unburned sites in northern high latitudes. Earth System Science Data 17, 2887-2909, https://doi.org/10.5194/essd-17-2887-2025",CC BY 4.0,,2018-07-14,none,single_visit,,,4.868,0.0001,1,burned,0,FireALT 기여 자료(lastNm 열): Frost,,ok,"기여자 Frost; siteId yk_delta_izaviknek_uplands; plot 1개; 연중 방문 1회(8월 1일 이후 0회); msrType thaw; 식생 P; 영구동토 분포 C; 생태지역 Beringia lowland tundra; 화재 연도 2015, 화재 후 경과 연수 3"
firealt_talucci2025,firealt_talucci2025_0432,Frost yk_delta_izaviknek_uplands (burned),61.2768,-162.6233,2018,7,50.6667,probe,direct_dated,12,United States,Alaska,"Talucci, A., Loranty, M., Holloway, J., Rogers, B., Alexander, H., et al. (2024) FireALT dataset: estimated active layer thickness for paired burned unburned sites measured from 2001-2023. NSF Arctic Data Center. https://doi.org/10.18739/A2RN3092P. 자료 논문: Talucci, A. C., et al. (2025) Permafrost-wildfire interactions: active layer thickness estimates for paired burned and unburned sites in northern high latitudes. Earth System Science Data 17, 2887-2909, https://doi.org/10.5194/essd-17-2887-2025",CC BY 4.0,,2018-07-15,none,single_visit,,,16.1771,0.0001,1,burned,0,FireALT 기여 자료(lastNm 열): Frost,,ok,"기여자 Frost; siteId yk_delta_izaviknek_uplands; plot 1개; 연중 방문 1회(8월 1일 이후 0회); msrType thaw; 식생 P; 영구동토 분포 C; 생태지역 Beringia lowland tundra; 화재 연도 2015, 화재 후 경과 연수 3; v3 F4_direct 셀 3247(ABoVE_AK)과 체비쇼프 0.0042° 로 0.01° 이내"
firealt_talucci2025,firealt_talucci2025_0433,Frost yk_delta_izaviknek_uplands (burned),61.2782,-162.6144,2018,7,40.4167,probe,direct_dated,12,United States,Alaska,"Talucci, A., Loranty, M., Holloway, J., Rogers, B., Alexander, H., et al. (2024) FireALT dataset: estimated active layer thickness for paired burned unburned sites measured from 2001-2023. NSF Arctic Data Center. https://doi.org/10.18739/A2RN3092P. 자료 논문: Talucci, A. C., et al. (2025) Permafrost-wildfire interactions: active layer thickness estimates for paired burned and unburned sites in northern high latitudes. Earth System Science Data 17, 2887-2909, https://doi.org/10.5194/essd-17-2887-2025",CC BY 4.0,,2018-07-13,none,single_visit,,,4.8703,0.0001,1,burned,0,FireALT 기여 자료(lastNm 열): Frost,,ok,"기여자 Frost; siteId yk_delta_izaviknek_uplands; plot 1개; 연중 방문 1회(8월 1일 이후 0회); msrType thaw; 식생 GNT; 영구동토 분포 C; 생태지역 Beringia lowland tundra; 화재 연도 2015, 화재 후 경과 연수 3"
firealt_talucci2025,firealt_talucci2025_0434,Natali YKD (burned),61.27825,-162.631,2016,9,68.8925,probe,direct_eos,93,United States,Alaska,"Talucci, A., Loranty, M., Holloway, J., Rogers, B., Alexander, H., et al. (2024) FireALT dataset: estimated active layer thickness for paired burned unburned sites measured from 2001-2023. NSF Arctic Data Center. https://doi.org/10.18739/A2RN3092P. 자료 논문: Talucci, A. C., et al. (2025) Permafrost-wildfire interactions: active layer thickness estimates for paired burned and unburned sites in northern high latitudes. Earth System Science Data 17, 2887-2909, https://doi.org/10.5194/essd-17-2887-2025",CC BY 4.0,,2016-09-17,record_date,annual_value,,,5.8131,0.001,1,burned,0,FireALT 기여 자료(lastNm 열): Natali,,ok,"기여자 Natali; siteId YKD; plot 1개; 연중 방문 2회(8월 1일 이후 1회); msrType active; 식생 W; 영구동토 분포 C; 생태지역 Beringia lowland tundra; 화재 연도 2015, 화재 후 경과 연수 1; v3 F4_direct 셀 3233(ABoVE_AK)과 체비쇼프 0.0003° 로 0.01° 이내"
firealt_talucci2025,firealt_talucci2025_0435,Frost yk_delta_izaviknek_uplands (burned),61.2796,-162.6351,2018,7,48,probe,direct_dated,12,United States,Alaska,"Talucci, A., Loranty, M., Holloway, J., Rogers, B., Alexander, H., et al. (2024) FireALT dataset: estimated active layer thickness for paired burned unburned sites measured from 2001-2023. NSF Arctic Data Center. https://doi.org/10.18739/A2RN3092P. 자료 논문: Talucci, A. C., et al. (2025) Permafrost-wildfire interactions: active layer thickness estimates for paired burned and unburned sites in northern high latitudes. Earth System Science Data 17, 2887-2909, https://doi.org/10.5194/essd-17-2887-2025",CC BY 4.0,,2018-07-16,none,single_visit,,,9.2638,0.0001,1,burned,0,FireALT 기여 자료(lastNm 열): Frost,,ok,"기여자 Frost; siteId yk_delta_izaviknek_uplands; plot 1개; 연중 방문 1회(8월 1일 이후 0회); msrType thaw; 식생 GNT; 영구동토 분포 C; 생태지역 Beringia lowland tundra; 화재 연도 2015, 화재 후 경과 연수 3; v3 F4_direct 셀 3195(ABoVE_AK)과 체비쇼프 0.0035° 로 0.01° 이내"
firealt_talucci2025,firealt_talucci2025_0436,Frost yk_delta_izaviknek_uplands (burned),61.2796,-162.6055,2018,7,41.8333,probe,direct_dated,12,United States,Alaska,"Talucci, A., Loranty, M., Holloway, J., Rogers, B., Alexander, H., et al. (2024) FireALT dataset: estimated active layer thickness for paired burned unburned sites measured from 2001-2023. NSF Arctic Data Center. https://doi.org/10.18739/A2RN3092P. 자료 논문: Talucci, A. C., et al. (2025) Permafrost-wildfire interactions: active layer thickness estimates for paired burned and unburned sites in northern high latitudes. Earth System Science Data 17, 2887-2909, https://doi.org/10.5194/essd-17-2887-2025",CC BY 4.0,,2018-07-14,none,single_visit,,,4.0189,0.0001,1,burned,0,FireALT 기여 자료(lastNm 열): Frost,,ok,"기여자 Frost; siteId yk_delta_izaviknek_uplands; plot 1개; 연중 방문 1회(8월 1일 이후 0회); msrType thaw; 식생 P; 영구동토 분포 C; 생태지역 Beringia lowland tundra; 화재 연도 2015, 화재 후 경과 연수 3"
firealt_talucci2025,firealt_talucci2025_0437,Frost yk_delta_izaviknek_uplands (unburned),61.28,-162.8636,2017,7,42.9524,probe,direct_dated,21,United States,Alaska,"Talucci, A., Loranty, M., Holloway, J., Rogers, B., Alexander, H., et al. (2024) FireALT dataset: estimated active layer thickness for paired burned unburned sites measured from 2001-2023. NSF Arctic Data Center. https://doi.org/10.18739/A2RN3092P. 자료 논문: Talucci, A. C., et al. (2025) Permafrost-wildfire interactions: active layer thickness estimates for paired burned and unburned sites in northern high latitudes. Earth System Science Data 17, 2887-2909, https://doi.org/10.5194/essd-17-2887-2025",CC BY 4.0,,2017-07-29,none,single_visit,,,3.7347,0.01,0,,0,FireALT 기여 자료(lastNm 열): Frost,,ok,기여자 Frost; siteId yk_delta_izaviknek_uplands; plot 1개; 연중 방문 1회(8월 1일 이후 0회); msrType thaw; 식생 GNT; 영구동토 분포 C; 생태지역 Beringia lowland tundra; v3 F4_direct 셀 548(ABoVE_AK)과 체비쇼프 0.0040° 로 0.01° 이내
firealt_talucci2025,firealt_talucci2025_0438,Frost yk_delta_izaviknek_uplands (burned),61.281,-162.6263,2018,7,57.0833,probe,direct_dated,12,United States,Alaska,"Talucci, A., Loranty, M., Holloway, J., Rogers, B., Alexander, H., et al. (2024) FireALT dataset: estimated active layer thickness for paired burned unburned sites measured from 2001-2023. NSF Arctic Data Center. https://doi.org/10.18739/A2RN3092P. 자료 논문: Talucci, A. C., et al. (2025) Permafrost-wildfire interactions: active layer thickness estimates for paired burned and unburned sites in northern high latitudes. Earth System Science Data 17, 2887-2909, https://doi.org/10.5194/essd-17-2887-2025",CC BY 4.0,,2018-07-15,none,single_visit,,,26.3006,0.001,1,burned,0,FireALT 기여 자료(lastNm 열): Frost,,ok,"기여자 Frost; siteId yk_delta_izaviknek_uplands; plot 1개; 연중 방문 1회(8월 1일 이후 0회); msrType thaw; 식생 P; 영구동토 분포 C; 생태지역 Beringia lowland tundra; 화재 연도 2015, 화재 후 경과 연수 3; v3 F4_direct 셀 3296(ABoVE_AK)과 체비쇼프 0.0026° 로 0.01° 이내"
firealt_talucci2025,firealt_talucci2025_0439,Frost yk_delta_izaviknek_uplands (burned),61.2825,-162.6174,2018,7,43.6667,probe,direct_dated,12,United States,Alaska,"Talucci, A., Loranty, M., Holloway, J., Rogers, B., Alexander, H., et al. (2024) FireALT dataset: estimated active layer thickness for paired burned unburned sites measured from 2001-2023. NSF Arctic Data Center. https://doi.org/10.18739/A2RN3092P. 자료 논문: Talucci, A. C., et al. (2025) Permafrost-wildfire interactions: active layer thickness estimates for paired burned and unburned sites in northern high latitudes. Earth System Science Data 17, 2887-2909, https://doi.org/10.5194/essd-17-2887-2025",CC BY 4.0,,2018-07-13,none,single_visit,,,4.6775,0.0001,1,burned,0,FireALT 기여 자료(lastNm 열): Frost,,ok,"기여자 Frost; siteId yk_delta_izaviknek_uplands; plot 1개; 연중 방문 1회(8월 1일 이후 0회); msrType thaw; 식생 GNT; 영구동토 분포 C; 생태지역 Beringia lowland tundra; 화재 연도 2015, 화재 후 경과 연수 3"
firealt_talucci2025,firealt_talucci2025_0440,Baillargeon f (unburned),61.2838,-163.348,2019,7,46.9333,probe,direct_dated,15,United States,Alaska,"Talucci, A., Loranty, M., Holloway, J., Rogers, B., Alexander, H., et al. (2024) FireALT dataset: estimated active layer thickness for paired burned unburned sites measured from 2001-2023. NSF Arctic Data Center. https://doi.org/10.18739/A2RN3092P. 자료 논문: Talucci, A. C., et al. (2025) Permafrost-wildfire interactions: active layer thickness estimates for paired burned and unburned sites in northern high latitudes. Earth System Science Data 17, 2887-2909, https://doi.org/10.5194/essd-17-2887-2025",CC BY 4.0,,2019-07-04,none,single_visit,,,15.5906,0.001,0,,0,"FireALT 기여 자료(lastNm 열): Baillargeon, MacArthur, Natali, Sistla",,ok,기여자 Baillargeon; siteId f; plot 15개; 연중 방문 1회(8월 1일 이후 0회); msrType thaw; 식생 W; 영구동토 분포 C; 생태지역 Beringia lowland tundra
firealt_talucci2025,firealt_talucci2025_0441,Baillargeon f (unburned),61.2839,-163.348,2019,7,57.3333,probe,direct_dated,15,United States,Alaska,"Talucci, A., Loranty, M., Holloway, J., Rogers, B., Alexander, H., et al. (2024) FireALT dataset: estimated active layer thickness for paired burned unburned sites measured from 2001-2023. NSF Arctic Data Center. https://doi.org/10.18739/A2RN3092P. 자료 논문: Talucci, A. C., et al. (2025) Permafrost-wildfire interactions: active layer thickness estimates for paired burned and unburned sites in northern high latitudes. Earth System Science Data 17, 2887-2909, https://doi.org/10.5194/essd-17-2887-2025",CC BY 4.0,,2019-07-04,none,single_visit,,,15.1123,0.001,0,,0,"FireALT 기여 자료(lastNm 열): Baillargeon, MacArthur, Natali, Sistla",,ok,기여자 Baillargeon; siteId f; plot 15개; 연중 방문 1회(8월 1일 이후 0회); msrType thaw; 식생 W; 영구동토 분포 C; 생태지역 Beringia lowland tundra
firealt_talucci2025,firealt_talucci2025_0442,Frost yk_delta_izaviknek_uplands (burned),61.2839,-162.6085,2018,7,54.3333,probe,direct_dated,12,United States,Alaska,"Talucci, A., Loranty, M., Holloway, J., Rogers, B., Alexander, H., et al. (2024) FireALT dataset: estimated active layer thickness for paired burned unburned sites measured from 2001-2023. NSF Arctic Data Center. https://doi.org/10.18739/A2RN3092P. 자료 논문: Talucci, A. C., et al. (2025) Permafrost-wildfire interactions: active layer thickness estimates for paired burned and unburned sites in northern high latitudes. Earth System Science Data 17, 2887-2909, https://doi.org/10.5194/essd-17-2887-2025",CC BY 4.0,,2018-07-14,none,single_visit,,,14.6618,0.0001,1,burned,0,FireALT 기여 자료(lastNm 열): Frost,,ok,"기여자 Frost; siteId yk_delta_izaviknek_uplands; plot 1개; 연중 방문 1회(8월 1일 이후 0회); msrType thaw; 식생 GNT; 영구동토 분포 C; 생태지역 Beringia lowland tundra; 화재 연도 2015, 화재 후 경과 연수 3"
firealt_talucci2025,firealt_talucci2025_0443,Baillargeon f (unburned),61.2841,-163.348,2019,7,48.6,probe,direct_dated,15,United States,Alaska,"Talucci, A., Loranty, M., Holloway, J., Rogers, B., Alexander, H., et al. (2024) FireALT dataset: estimated active layer thickness for paired burned unburned sites measured from 2001-2023. NSF Arctic Data Center. https://doi.org/10.18739/A2RN3092P. 자료 논문: Talucci, A. C., et al. (2025) Permafrost-wildfire interactions: active layer thickness estimates for paired burned and unburned sites in northern high latitudes. Earth System Science Data 17, 2887-2909, https://doi.org/10.5194/essd-17-2887-2025",CC BY 4.0,,2019-07-04,none,single_visit,,,13.6424,0.001,0,,0,"FireALT 기여 자료(lastNm 열): Baillargeon, MacArthur, Natali, Sistla",,ok,기여자 Baillargeon; siteId f; plot 15개; 연중 방문 1회(8월 1일 이후 0회); msrType thaw; 식생 W; 영구동토 분포 C; 생태지역 Beringia lowland tundra
firealt_talucci2025,firealt_talucci2025_0444,Frost yk_delta_izaviknek_uplands (burned),61.2894,-162.8768,2017,7,46.5556,probe,direct_dated,18,United States,Alaska,"Talucci, A., Loranty, M., Holloway, J., Rogers, B., Alexander, H., et al. (2024) FireALT dataset: estimated active layer thickness for paired burned unburned sites measured from 2001-2023. NSF Arctic Data Center. https://doi.org/10.18739/A2RN3092P. 자료 논문: Talucci, A. C., et al. (2025) Permafrost-wildfire interactions: active layer thickness estimates for paired burned and unburned sites in northern high latitudes. Earth System Science Data 17, 2887-2909, https://doi.org/10.5194/essd-17-2887-2025",CC BY 4.0,,2017-07-29,none,single_visit,,,5.0553,0.0001,1,burned,0,FireALT 기여 자료(lastNm 열): Frost,,ok,"기여자 Frost; siteId yk_delta_izaviknek_uplands; plot 1개; 연중 방문 1회(8월 1일 이후 0회); msrType thaw; 식생 P; 영구동토 분포 C; 생태지역 Beringia lowland tundra; 화재 연도 1985, 화재 후 경과 연수 32; v3 F4_direct 셀 719(ABoVE_AK)과 체비쇼프 0.0045° 로 0.01° 이내"
firealt_talucci2025,firealt_talucci2025_0445,Baillargeon f (burned),61.2895,-163.341,2019,7,48.6667,probe,direct_dated,30,United States,Alaska,"Talucci, A., Loranty, M., Holloway, J., Rogers, B., Alexander, H., et al. (2024) FireALT dataset: estimated active layer thickness for paired burned unburned sites measured from 2001-2023. NSF Arctic Data Center. https://doi.org/10.18739/A2RN3092P. 자료 논문: Talucci, A. C., et al. (2025) Permafrost-wildfire interactions: active layer thickness estimates for paired burned and unburned sites in northern high latitudes. Earth System Science Data 17, 2887-2909, https://doi.org/10.5194/essd-17-2887-2025",CC BY 4.0,,2019-07-04,none,single_visit,,,15.2617,0.001,1,burned,0,"FireALT 기여 자료(lastNm 열): Baillargeon, MacArthur, Natali, Sistla",,ok,"기여자 Baillargeon; siteId f; plot 30개; 연중 방문 1회(8월 1일 이후 0회); msrType thaw; 식생 W; 영구동토 분포 C; 생태지역 Beringia lowland tundra; 화재 연도 1972, 화재 후 경과 연수 47"
firealt_talucci2025,firealt_talucci2025_0446,Baillargeon f (burned),61.2897,-163.341,2019,7,47.0667,probe,direct_dated,15,United States,Alaska,"Talucci, A., Loranty, M., Holloway, J., Rogers, B., Alexander, H., et al. (2024) FireALT dataset: estimated active layer thickness for paired burned unburned sites measured from 2001-2023. NSF Arctic Data Center. https://doi.org/10.18739/A2RN3092P. 자료 논문: Talucci, A. C., et al. (2025) Permafrost-wildfire interactions: active layer thickness estimates for paired burned and unburned sites in northern high latitudes. Earth System Science Data 17, 2887-2909, https://doi.org/10.5194/essd-17-2887-2025",CC BY 4.0,,2019-07-04,none,single_visit,,,18.9491,0.001,1,burned,0,"FireALT 기여 자료(lastNm 열): Baillargeon, MacArthur, Natali, Sistla",,ok,"기여자 Baillargeon; siteId f; plot 15개; 연중 방문 1회(8월 1일 이후 0회); msrType thaw; 식생 W; 영구동토 분포 C; 생태지역 Beringia lowland tundra; 화재 연도 1972, 화재 후 경과 연수 47"
firealt_talucci2025,firealt_talucci2025_0447,Natali YKD (burned),61.29217,-163.361,2017,7,37,probe,direct_dated,9,United States,Alaska,"Talucci, A., Loranty, M., Holloway, J., Rogers, B., Alexander, H., et al. (2024) FireALT dataset: estimated active layer thickness for paired burned unburned sites measured from 2001-2023. NSF Arctic Data Center. https://doi.org/10.18739/A2RN3092P. 자료 논문: Talucci, A. C., et al. (2025) Permafrost-wildfire interactions: active layer thickness estimates for paired burned and unburned sites in northern high latitudes. Earth System Science Data 17, 2887-2909, https://doi.org/10.5194/essd-17-2887-2025",CC BY 4.0,,2017-07-09,none,single_visit,,,5.9372,0.001,1,burned,0,FireALT 기여 자료(lastNm 열): Natali,,ok,"기여자 Natali; siteId YKD; plot 1개; 연중 방문 1회(8월 1일 이후 0회); msrType thaw; 식생 W; 영구동토 분포 C; 생태지역 Beringia lowland tundra; 화재 연도 1972, 화재 후 경과 연수 45"
firealt_talucci2025,firealt_talucci2025_0448,Baillargeon f (burned),61.2937,-163.336,2019,7,61.1429,probe,direct_dated,14,United States,Alaska,"Talucci, A., Loranty, M., Holloway, J., Rogers, B., Alexander, H., et al. (2024) FireALT dataset: estimated active layer thickness for paired burned unburned sites measured from 2001-2023. NSF Arctic Data Center. https://doi.org/10.18739/A2RN3092P. 자료 논문: Talucci, A. C., et al. (2025) Permafrost-wildfire interactions: active layer thickness estimates for paired burned and unburned sites in northern high latitudes. Earth System Science Data 17, 2887-2909, https://doi.org/10.5194/essd-17-2887-2025",CC BY 4.0,,2019-07-04,none,single_visit,,,20.1947,0.001,1,burned,0,"FireALT 기여 자료(lastNm 열): Baillargeon, MacArthur, Natali, Sistla",,ok,"기여자 Baillargeon; siteId f; plot 14개; 연중 방문 1회(8월 1일 이후 0회); msrType thaw; 식생 W; 영구동토 분포 C; 생태지역 Beringia lowland tundra; 화재 연도 2015, 화재 후 경과 연수 4"
firealt_talucci2025,firealt_talucci2025_0449,Baillargeon f (burned),61.2938,-163.336,2019,7,55.3333,probe,direct_dated,15,United States,Alaska,"Talucci, A., Loranty, M., Holloway, J., Rogers, B., Alexander, H., et al. (2024) FireALT dataset: estimated active layer thickness for paired burned unburned sites measured from 2001-2023. NSF Arctic Data Center. https://doi.org/10.18739/A2RN3092P. 자료 논문: Talucci, A. C., et al. (2025) Permafrost-wildfire interactions: active layer thickness estimates for paired burned and unburned sites in northern high latitudes. Earth System Science Data 17, 2887-2909, https://doi.org/10.5194/essd-17-2887-2025",CC BY 4.0,,2019-07-04,none,single_visit,,,17.9749,0.001,1,burned,0,"FireALT 기여 자료(lastNm 열): Baillargeon, MacArthur, Natali, Sistla",,ok,"기여자 Baillargeon; siteId f; plot 15개; 연중 방문 1회(8월 1일 이후 0회); msrType thaw; 식생 W; 영구동토 분포 C; 생태지역 Beringia lowland tundra; 화재 연도 2015, 화재 후 경과 연수 4"
firealt_talucci2025,firealt_talucci2025_0450,Baillargeon f (burned),61.2939,-163.336,2019,7,68.2308,probe,direct_dated,13,United States,Alaska,"Talucci, A., Loranty, M., Holloway, J., Rogers, B., Alexander, H., et al. (2024) FireALT dataset: estimated active layer thickness for paired burned unburned sites measured from 2001-2023. NSF Arctic Data Center. https://doi.org/10.18739/A2RN3092P. 자료 논문: Talucci, A. C., et al. (2025) Permafrost-wildfire interactions: active layer thickness estimates for paired burned and unburned sites in northern high latitudes. Earth System Science Data 17, 2887-2909, https://doi.org/10.5194/essd-17-2887-2025",CC BY 4.0,,2019-07-04,none,single_visit,,,20.245,0.001,1,burned,0,"FireALT 기여 자료(lastNm 열): Baillargeon, MacArthur, Natali, Sistla",,ok,"기여자 Baillargeon; siteId f; plot 13개; 연중 방문 1회(8월 1일 이후 0회); msrType thaw; 식생 W; 영구동토 분포 C; 생태지역 Beringia lowland tundra; 화재 연도 2015, 화재 후 경과 연수 4"
firealt_talucci2025,firealt_talucci2025_0451,Natali YKD (burned),61.30083,-162.5275,2015,9,70.9333,probe,direct_eos,15,United States,Alaska,"Talucci, A., Loranty, M., Holloway, J., Rogers, B., Alexander, H., et al. (2024) FireALT dataset: estimated active layer thickness for paired burned unburned sites measured from 2001-2023. NSF Arctic Data Center. https://doi.org/10.18739/A2RN3092P. 자료 논문: Talucci, A. C., et al. (2025) Permafrost-wildfire interactions: active layer thickness estimates for paired burned and unburned sites in northern high latitudes. Earth System Science Data 17, 2887-2909, https://doi.org/10.5194/essd-17-2887-2025",CC BY 4.0,,2015-09-19,record_date,single_visit,,,9.5204,0.0001,1,burned,0,FireALT 기여 자료(lastNm 열): Natali,,ok,"기여자 Natali; siteId YKD; plot 1개; 연중 방문 1회(8월 1일 이후 1회); msrType active; 식생 W; 영구동토 분포 C; 생태지역 Beringia lowland tundra; 화재 연도 2015, 화재 후 경과 연수 0"
firealt_talucci2025,firealt_talucci2025_0452,Natali YKD (burned),61.30278,-162.5308,2015,9,114.2,probe,direct_eos,15,United States,Alaska,"Talucci, A., Loranty, M., Holloway, J., Rogers, B., Alexander, H., et al. (2024) FireALT dataset: estimated active layer thickness for paired burned unburned sites measured from 2001-2023. NSF Arctic Data Center. https://doi.org/10.18739/A2RN3092P. 자료 논문: Talucci, A. C., et al. (2025) Permafrost-wildfire interactions: active layer thickness estimates for paired burned and unburned sites in northern high latitudes. Earth System Science Data 17, 2887-2909, https://doi.org/10.5194/essd-17-2887-2025",CC BY 4.0,,2015-09-19,record_date,single_visit,,,15.2231,0.0001,1,burned,0,FireALT 기여 자료(lastNm 열): Natali,,ok,"기여자 Natali; siteId YKD; plot 1개; 연중 방문 1회(8월 1일 이후 1회); msrType active; 식생 W; 영구동토 분포 C; 생태지역 Beringia lowland tundra; 화재 연도 2015, 화재 후 경과 연수 0"
firealt_talucci2025,firealt_talucci2025_0453,Natali YKD (unburned),61.30278,-162.5308,2015,9,50.7333,probe,direct_eos,15,United States,Alaska,"Talucci, A., Loranty, M., Holloway, J., Rogers, B., Alexander, H., et al. (2024) FireALT dataset: estimated active layer thickness for paired burned unburned sites measured from 2001-2023. NSF Arctic Data Center. https://doi.org/10.18739/A2RN3092P. 자료 논문: Talucci, A. C., et al. (2025) Permafrost-wildfire interactions: active layer thickness estimates for paired burned and unburned sites in northern high latitudes. Earth System Science Data 17, 2887-2909, https://doi.org/10.5194/essd-17-2887-2025",CC BY 4.0,,2015-09-19,record_date,single_visit,,,5.4441,0.0001,0,,0,FireALT 기여 자료(lastNm 열): Natali,,ok,기여자 Natali; siteId YKD; plot 1개; 연중 방문 1회(8월 1일 이후 1회); msrType active; 식생 W; 영구동토 분포 C; 생태지역 Beringia lowland tundra
firealt_talucci2025,firealt_talucci2025_0454,Natali YKD (unburned),61.3075,-162.4442,2015,9,63.4,probe,direct_eos,15,United States,Alaska,"Talucci, A., Loranty, M., Holloway, J., Rogers, B., Alexander, H., et al. (2024) FireALT dataset: estimated active layer thickness for paired burned unburned sites measured from 2001-2023. NSF Arctic Data Center. https://doi.org/10.18739/A2RN3092P. 자료 논문: Talucci, A. C., et al. (2025) Permafrost-wildfire interactions: active layer thickness estimates for paired burned and unburned sites in northern high latitudes. Earth System Science Data 17, 2887-2909, https://doi.org/10.5194/essd-17-2887-2025",CC BY 4.0,,2015-09-19,record_date,single_visit,,,9.8908,0.0001,0,,0,FireALT 기여 자료(lastNm 열): Natali,,ok,기여자 Natali; siteId YKD; plot 1개; 연중 방문 1회(8월 1일 이후 1회); msrType active; 식생 W; 영구동토 분포 C; 생태지역 Beringia lowland tundra
firealt_talucci2025,firealt_talucci2025_0455,Natali YKD (unburned),61.32074,-163.244,2017,7,34.4444,probe,direct_dated,9,United States,Alaska,"Talucci, A., Loranty, M., Holloway, J., Rogers, B., Alexander, H., et al. (2024) FireALT dataset: estimated active layer thickness for paired burned unburned sites measured from 2001-2023. NSF Arctic Data Center. https://doi.org/10.18739/A2RN3092P. 자료 논문: Talucci, A. C., et al. (2025) Permafrost-wildfire interactions: active layer thickness estimates for paired burned and unburned sites in northern high latitudes. Earth System Science Data 17, 2887-2909, https://doi.org/10.5194/essd-17-2887-2025",CC BY 4.0,,2017-07-06,none,single_visit,,,4.1567,0.001,0,,0,FireALT 기여 자료(lastNm 열): Natali,,ok,기여자 Natali; siteId YKD; plot 1개; 연중 방문 1회(8월 1일 이후 0회); msrType thaw; 식생 W; 영구동토 분포 C; 생태지역 Beringia lowland tundra
firealt_talucci2025,firealt_talucci2025_0456,Natali YKD (burned),61.3208,-163.243,2017,7,38.5556,probe,direct_dated,9,United States,Alaska,"Talucci, A., Loranty, M., Holloway, J., Rogers, B., Alexander, H., et al. (2024) FireALT dataset: estimated active layer thickness for paired burned unburned sites measured from 2001-2023. NSF Arctic Data Center. https://doi.org/10.18739/A2RN3092P. 자료 논문: Talucci, A. C., et al. (2025) Permafrost-wildfire interactions: active layer thickness estimates for paired burned and unburned sites in northern high latitudes. Earth System Science Data 17, 2887-2909, https://doi.org/10.5194/essd-17-2887-2025",CC BY 4.0,,2017-07-06,none,single_visit,,,4.9018,0.001,1,burned,0,FireALT 기여 자료(lastNm 열): Natali,,ok,"기여자 Natali; siteId YKD; plot 1개; 연중 방문 1회(8월 1일 이후 0회); msrType thaw; 식생 W; 영구동토 분포 C; 생태지역 Beringia lowland tundra; 화재 연도 2015, 화재 후 경과 연수 2"
firealt_talucci2025,firealt_talucci2025_0457,Baillargeon g (burned),61.3222,-163.01,2019,7,61.3571,probe,direct_dated,14,United States,Alaska,"Talucci, A., Loranty, M., Holloway, J., Rogers, B., Alexander, H., et al. (2024) FireALT dataset: estimated active layer thickness for paired burned unburned sites measured from 2001-2023. NSF Arctic Data Center. https://doi.org/10.18739/A2RN3092P. 자료 논문: Talucci, A. C., et al. (2025) Permafrost-wildfire interactions: active layer thickness estimates for paired burned and unburned sites in northern high latitudes. Earth System Science Data 17, 2887-2909, https://doi.org/10.5194/essd-17-2887-2025",CC BY 4.0,,2019-07-10,none,single_visit,,,15.7705,0.01,1,burned,0,"FireALT 기여 자료(lastNm 열): Baillargeon, MacArthur, Natali, Sistla",,ok,"기여자 Baillargeon; siteId g; plot 14개; 연중 방문 1회(8월 1일 이후 0회); msrType thaw; 식생 W; 영구동토 분포 C; 생태지역 Beringia lowland tundra; 화재 연도 2015, 화재 후 경과 연수 4"
firealt_talucci2025,firealt_talucci2025_0458,Baillargeon g (burned),61.3223,-163.01,2019,7,58.7857,probe,direct_dated,14,United States,Alaska,"Talucci, A., Loranty, M., Holloway, J., Rogers, B., Alexander, H., et al. (2024) FireALT dataset: estimated active layer thickness for paired burned unburned sites measured from 2001-2023. NSF Arctic Data Center. https://doi.org/10.18739/A2RN3092P. 자료 논문: Talucci, A. C., et al. (2025) Permafrost-wildfire interactions: active layer thickness estimates for paired burned and unburned sites in northern high latitudes. Earth System Science Data 17, 2887-2909, https://doi.org/10.5194/essd-17-2887-2025",CC BY 4.0,,2019-07-10,none,single_visit,,,21.6872,0.01,1,burned,0,"FireALT 기여 자료(lastNm 열): Baillargeon, MacArthur, Natali, Sistla",,ok,"기여자 Baillargeon; siteId g; plot 14개; 연중 방문 1회(8월 1일 이후 0회); msrType thaw; 식생 W; 영구동토 분포 C; 생태지역 Beringia lowland tundra; 화재 연도 2015, 화재 후 경과 연수 4"
firealt_talucci2025,firealt_talucci2025_0459,Baillargeon g (burned),61.3225,-163.01,2019,7,71.0667,probe,direct_dated,15,United States,Alaska,"Talucci, A., Loranty, M., Holloway, J., Rogers, B., Alexander, H., et al. (2024) FireALT dataset: estimated active layer thickness for paired burned unburned sites measured from 2001-2023. NSF Arctic Data Center. https://doi.org/10.18739/A2RN3092P. 자료 논문: Talucci, A. C., et al. (2025) Permafrost-wildfire interactions: active layer thickness estimates for paired burned and unburned sites in northern high latitudes. Earth System Science Data 17, 2887-2909, https://doi.org/10.5194/essd-17-2887-2025",CC BY 4.0,,2019-07-10,none,single_visit,,,16.3203,0.01,1,burned,0,"FireALT 기여 자료(lastNm 열): Baillargeon, MacArthur, Natali, Sistla",,ok,"기여자 Baillargeon; siteId g; plot 15개; 연중 방문 1회(8월 1일 이후 0회); msrType thaw; 식생 W; 영구동토 분포 C; 생태지역 Beringia lowland tundra; 화재 연도 2015, 화재 후 경과 연수 4"
firealt_talucci2025,firealt_talucci2025_0460,Baillargeon g (unburned),61.332,-163.016,2019,7,52.8333,probe,direct_dated,12,United States,Alaska,"Talucci, A., Loranty, M., Holloway, J., Rogers, B., Alexander, H., et al. (2024) FireALT dataset: estimated active layer thickness for paired burned unburned sites measured from 2001-2023. NSF Arctic Data Center. https://doi.org/10.18739/A2RN3092P. 자료 논문: Talucci, A. C., et al. (2025) Permafrost-wildfire interactions: active layer thickness estimates for paired burned and unburned sites in northern high latitudes. Earth System Science Data 17, 2887-2909, https://doi.org/10.5194/essd-17-2887-2025",CC BY 4.0,,2019-07-10,none,single_visit,,,23.4243,0.001,0,,0,"FireALT 기여 자료(lastNm 열): Baillargeon, MacArthur, Natali, Sistla",,ok,기여자 Baillargeon; siteId g; plot 12개; 연중 방문 1회(8월 1일 이후 0회); msrType thaw; 식생 W; 영구동토 분포 C; 생태지역 Beringia lowland tundra
firealt_talucci2025,firealt_talucci2025_0461,Baillargeon g (unburned),61.3321,-163.016,2019,7,54.8462,probe,direct_dated,13,United States,Alaska,"Talucci, A., Loranty, M., Holloway, J., Rogers, B., Alexander, H., et al. (2024) FireALT dataset: estimated active layer thickness for paired burned unburned sites measured from 2001-2023. NSF Arctic Data Center. https://doi.org/10.18739/A2RN3092P. 자료 논문: Talucci, A. C., et al. (2025) Permafrost-wildfire interactions: active layer thickness estimates for paired burned and unburned sites in northern high latitudes. Earth System Science Data 17, 2887-2909, https://doi.org/10.5194/essd-17-2887-2025",CC BY 4.0,,2019-07-10,none,single_visit,,,21.513,0.001,0,,0,"FireALT 기여 자료(lastNm 열): Baillargeon, MacArthur, Natali, Sistla",,ok,기여자 Baillargeon; siteId g; plot 13개; 연중 방문 1회(8월 1일 이후 0회); msrType thaw; 식생 W; 영구동토 분포 C; 생태지역 Beringia lowland tundra
firealt_talucci2025,firealt_talucci2025_0462,Baillargeon g (unburned),61.3322,-163.016,2019,7,57.25,probe,direct_dated,12,United States,Alaska,"Talucci, A., Loranty, M., Holloway, J., Rogers, B., Alexander, H., et al. (2024) FireALT dataset: estimated active layer thickness for paired burned unburned sites measured from 2001-2023. NSF Arctic Data Center. https://doi.org/10.18739/A2RN3092P. 자료 논문: Talucci, A. C., et al. (2025) Permafrost-wildfire interactions: active layer thickness estimates for paired burned and unburned sites in northern high latitudes. Earth System Science Data 17, 2887-2909, https://doi.org/10.5194/essd-17-2887-2025",CC BY 4.0,,2019-07-10,none,single_visit,,,20.7633,0.001,0,,0,"FireALT 기여 자료(lastNm 열): Baillargeon, MacArthur, Natali, Sistla",,ok,기여자 Baillargeon; siteId g; plot 12개; 연중 방문 1회(8월 1일 이후 0회); msrType thaw; 식생 W; 영구동토 분포 C; 생태지역 Beringia lowland tundra
firealt_talucci2025,firealt_talucci2025_0463,Frost yk_delta_izaviknek_uplands (burned),61.3324,-162.8406,2017,7,47.8421,probe,direct_dated,19,United States,Alaska,"Talucci, A., Loranty, M., Holloway, J., Rogers, B., Alexander, H., et al. (2024) FireALT dataset: estimated active layer thickness for paired burned unburned sites measured from 2001-2023. NSF Arctic Data Center. https://doi.org/10.18739/A2RN3092P. 자료 논문: Talucci, A. C., et al. (2025) Permafrost-wildfire interactions: active layer thickness estimates for paired burned and unburned sites in northern high latitudes. Earth System Science Data 17, 2887-2909, https://doi.org/10.5194/essd-17-2887-2025",CC BY 4.0,,2017-07-29,none,single_visit,,,8.2883,0.0001,1,burned,0,FireALT 기여 자료(lastNm 열): Frost,,ok,"기여자 Frost; siteId yk_delta_izaviknek_uplands; plot 1개; 연중 방문 1회(8월 1일 이후 0회); msrType thaw; 식생 P; 영구동토 분포 C; 생태지역 Beringia lowland tundra; 화재 연도 1971, 화재 후 경과 연수 46"
firealt_talucci2025,firealt_talucci2025_0464,Frost yk_delta_izaviknek_uplands (burned),61.337,-162.8637,2017,7,47.1364,probe,direct_dated,22,United States,Alaska,"Talucci, A., Loranty, M., Holloway, J., Rogers, B., Alexander, H., et al. (2024) FireALT dataset: estimated active layer thickness for paired burned unburned sites measured from 2001-2023. NSF Arctic Data Center. https://doi.org/10.18739/A2RN3092P. 자료 논문: Talucci, A. C., et al. (2025) Permafrost-wildfire interactions: active layer thickness estimates for paired burned and unburned sites in northern high latitudes. Earth System Science Data 17, 2887-2909, https://doi.org/10.5194/essd-17-2887-2025",CC BY 4.0,,2017-07-28,none,single_visit,,,8.8978,0.001,1,burned,0,FireALT 기여 자료(lastNm 열): Frost,,ok,"기여자 Frost; siteId yk_delta_izaviknek_uplands; plot 1개; 연중 방문 1회(8월 1일 이후 0회); msrType thaw; 식생 P; 영구동토 분포 C; 생태지역 Beringia lowland tundra; 화재 연도 1985, 화재 후 경과 연수 32"
firealt_talucci2025,firealt_talucci2025_0465,Frost yk_delta_izaviknek_uplands (burned),61.3398,-162.8462,2017,7,51.2273,probe,direct_dated,22,United States,Alaska,"Talucci, A., Loranty, M., Holloway, J., Rogers, B., Alexander, H., et al. (2024) FireALT dataset: estimated active layer thickness for paired burned unburned sites measured from 2001-2023. NSF Arctic Data Center. https://doi.org/10.18739/A2RN3092P. 자료 논문: Talucci, A. C., et al. (2025) Permafrost-wildfire interactions: active layer thickness estimates for paired burned and unburned sites in northern high latitudes. Earth System Science Data 17, 2887-2909, https://doi.org/10.5194/essd-17-2887-2025",CC BY 4.0,,2017-07-28,none,single_visit,,,7.8251,0.0001,1,burned,0,FireALT 기여 자료(lastNm 열): Frost,,ok,"기여자 Frost; siteId yk_delta_izaviknek_uplands; plot 1개; 연중 방문 1회(8월 1일 이후 0회); msrType thaw; 식생 S; 영구동토 분포 C; 생태지역 Beringia lowland tundra; 화재 연도 1985, 화재 후 경과 연수 32"
firealt_talucci2025,firealt_talucci2025_0466,Frost yk_delta_izaviknek_uplands (burned),61.3414,-162.8539,2017,7,44.4286,probe,direct_dated,21,United States,Alaska,"Talucci, A., Loranty, M., Holloway, J., Rogers, B., Alexander, H., et al. (2024) FireALT dataset: estimated active layer thickness for paired burned unburned sites measured from 2001-2023. NSF Arctic Data Center. https://doi.org/10.18739/A2RN3092P. 자료 논문: Talucci, A. C., et al. (2025) Permafrost-wildfire interactions: active layer thickness estimates for paired burned and unburned sites in northern high latitudes. Earth System Science Data 17, 2887-2909, https://doi.org/10.5194/essd-17-2887-2025",CC BY 4.0,,2017-07-29,none,single_visit,,,7.2427,0.0001,1,burned,0,FireALT 기여 자료(lastNm 열): Frost,,ok,"기여자 Frost; siteId yk_delta_izaviknek_uplands; plot 1개; 연중 방문 1회(8월 1일 이후 0회); msrType thaw; 식생 S; 영구동토 분포 C; 생태지역 Beringia lowland tundra; 화재 연도 1985, 화재 후 경과 연수 32"
firealt_talucci2025,firealt_talucci2025_0467,Natali YKD (burned),61.35149,-163.023,2017,7,36.7778,probe,direct_dated,9,United States,Alaska,"Talucci, A., Loranty, M., Holloway, J., Rogers, B., Alexander, H., et al. (2024) FireALT dataset: estimated active layer thickness for paired burned unburned sites measured from 2001-2023. NSF Arctic Data Center. https://doi.org/10.18739/A2RN3092P. 자료 논문: Talucci, A. C., et al. (2025) Permafrost-wildfire interactions: active layer thickness estimates for paired burned and unburned sites in northern high latitudes. Earth System Science Data 17, 2887-2909, https://doi.org/10.5194/essd-17-2887-2025",CC BY 4.0,,2017-07-09,none,single_visit,,,8.5114,0.001,1,burned,0,FireALT 기여 자료(lastNm 열): Natali,,ok,"기여자 Natali; siteId YKD; plot 1개; 연중 방문 1회(8월 1일 이후 0회); msrType thaw; 식생 W; 영구동토 분포 C; 생태지역 Beringia lowland tundra; 화재 연도 1972, 화재 후 경과 연수 45"
firealt_talucci2025,firealt_talucci2025_0468,Frost yk_delta_izaviknek_uplands (burned),61.3681,-162.8823,2017,7,52.25,probe,direct_dated,20,United States,Alaska,"Talucci, A., Loranty, M., Holloway, J., Rogers, B., Alexander, H., et al. (2024) FireALT dataset: estimated active layer thickness for paired burned unburned sites measured from 2001-2023. NSF Arctic Data Center. https://doi.org/10.18739/A2RN3092P. 자료 논문: Talucci, A. C., et al. (2025) Permafrost-wildfire interactions: active layer thickness estimates for paired burned and unburned sites in northern high latitudes. Earth System Science Data 17, 2887-2909, https://doi.org/10.5194/essd-17-2887-2025",CC BY 4.0,,2017-07-31,none,single_visit,,,9.6947,0.0001,1,burned,0,FireALT 기여 자료(lastNm 열): Frost,,ok,"기여자 Frost; siteId yk_delta_izaviknek_uplands; plot 1개; 연중 방문 1회(8월 1일 이후 0회); msrType thaw; 식생 GNT; 영구동토 분포 C; 생태지역 Beringia lowland tundra; 화재 연도 2007, 화재 후 경과 연수 10"
firealt_talucci2025,firealt_talucci2025_0469,Diaz east_fork (burned),62.02393,-163.0396,2023,8,77.3636,probe,direct_eos,11,United States,Alaska,"Talucci, A., Loranty, M., Holloway, J., Rogers, B., Alexander, H., et al. (2024) FireALT dataset: estimated active layer thickness for paired burned unburned sites measured from 2001-2023. NSF Arctic Data Center. https://doi.org/10.18739/A2RN3092P. 자료 논문: Talucci, A. C., et al. (2025) Permafrost-wildfire interactions: active layer thickness estimates for paired burned and unburned sites in northern high latitudes. Earth System Science Data 17, 2887-2909, https://doi.org/10.5194/essd-17-2887-2025",CC BY 4.0,,2023-08-06,record_date,single_visit,,,12.2823,0.0001,1,burned,0,FireALT 기여 자료(lastNm 열): Diaz-Veraverbeke,,ok,"기여자 Diaz; siteId east_fork; plot 1개; 연중 방문 1회(8월 1일 이후 1회); msrType thaw; 식생 GT; 영구동토 분포 D; 생태지역 Beringia lowland tundra; 화재 연도 2022, 화재 후 경과 연수 1"
firealt_talucci2025,firealt_talucci2025_0470,Diaz east_fork (burned),62.03624,-163.0819,2023,7,78.1818,probe,direct_dated,11,United States,Alaska,"Talucci, A., Loranty, M., Holloway, J., Rogers, B., Alexander, H., et al. (2024) FireALT dataset: estimated active layer thickness for paired burned unburned sites measured from 2001-2023. NSF Arctic Data Center. https://doi.org/10.18739/A2RN3092P. 자료 논문: Talucci, A. C., et al. (2025) Permafrost-wildfire interactions: active layer thickness estimates for paired burned and unburned sites in northern high latitudes. Earth System Science Data 17, 2887-2909, https://doi.org/10.5194/essd-17-2887-2025",CC BY 4.0,,2023-07-31,none,single_visit,,,16.2961,0.0001,1,burned,0,FireALT 기여 자료(lastNm 열): Diaz-Veraverbeke,,ok,"기여자 Diaz; siteId east_fork; plot 1개; 연중 방문 1회(8월 1일 이후 0회); msrType thaw; 식생 GT; 영구동토 분포 D; 생태지역 Beringia lowland tundra; 화재 연도 2022, 화재 후 경과 연수 1"
firealt_talucci2025,firealt_talucci2025_0471,Diaz east_fork (burned),62.0503,-163.0684,2023,8,143.4545,probe,direct_eos,11,United States,Alaska,"Talucci, A., Loranty, M., Holloway, J., Rogers, B., Alexander, H., et al. (2024) FireALT dataset: estimated active layer thickness for paired burned unburned sites measured from 2001-2023. NSF Arctic Data Center. https://doi.org/10.18739/A2RN3092P. 자료 논문: Talucci, A. C., et al. (2025) Permafrost-wildfire interactions: active layer thickness estimates for paired burned and unburned sites in northern high latitudes. Earth System Science Data 17, 2887-2909, https://doi.org/10.5194/essd-17-2887-2025",CC BY 4.0,,2023-08-06,record_date,single_visit,,,24.9334,0.0001,1,burned,0,FireALT 기여 자료(lastNm 열): Diaz-Veraverbeke,,ok,"기여자 Diaz; siteId east_fork; plot 1개; 연중 방문 1회(8월 1일 이후 1회); msrType thaw; 식생 GT; 영구동토 분포 D; 생태지역 Beringia lowland tundra; 화재 연도 2022, 화재 후 경과 연수 1"
firealt_talucci2025,firealt_talucci2025_0472,Diaz east_fork (burned),62.05434,-162.9461,2023,7,95.7,probe,direct_dated,10,United States,Alaska,"Talucci, A., Loranty, M., Holloway, J., Rogers, B., Alexander, H., et al. (2024) FireALT dataset: estimated active layer thickness for paired burned unburned sites measured from 2001-2023. NSF Arctic Data Center. https://doi.org/10.18739/A2RN3092P. 자료 논문: Talucci, A. C., et al. (2025) Permafrost-wildfire interactions: active layer thickness estimates for paired burned and unburned sites in northern high latitudes. Earth System Science Data 17, 2887-2909, https://doi.org/10.5194/essd-17-2887-2025",CC BY 4.0,,2023-07-31,none,single_visit,,,11.6051,0.0001,1,burned,0,FireALT 기여 자료(lastNm 열): Diaz-Veraverbeke,,ok,"기여자 Diaz; siteId east_fork; plot 1개; 연중 방문 1회(8월 1일 이후 0회); msrType thaw; 식생 GT; 영구동토 분포 D; 생태지역 Beringia lowland tundra; 화재 연도 2022, 화재 후 경과 연수 1"
firealt_talucci2025,firealt_talucci2025_0473,Diaz east_fork (burned),62.05788,-162.944,2023,7,122.8182,probe,direct_dated,11,United States,Alaska,"Talucci, A., Loranty, M., Holloway, J., Rogers, B., Alexander, H., et al. (2024) FireALT dataset: estimated active layer thickness for paired burned unburned sites measured from 2001-2023. NSF Arctic Data Center. https://doi.org/10.18739/A2RN3092P. 자료 논문: Talucci, A. C., et al. (2025) Permafrost-wildfire interactions: active layer thickness estimates for paired burned and unburned sites in northern high latitudes. Earth System Science Data 17, 2887-2909, https://doi.org/10.5194/essd-17-2887-2025",CC BY 4.0,,2023-07-31,none,single_visit,,,27.4875,0.001,1,burned,0,FireALT 기여 자료(lastNm 열): Diaz-Veraverbeke,,ok,"기여자 Diaz; siteId east_fork; plot 1개; 연중 방문 1회(8월 1일 이후 0회); msrType thaw; 식생 GT; 영구동토 분포 D; 생태지역 Beringia lowland tundra; 화재 연도 2022, 화재 후 경과 연수 1"
firealt_talucci2025,firealt_talucci2025_0474,Diaz east_fork (burned),62.06581,-163.0554,2023,7,58.5714,probe,direct_dated,21,United States,Alaska,"Talucci, A., Loranty, M., Holloway, J., Rogers, B., Alexander, H., et al. (2024) FireALT dataset: estimated active layer thickness for paired burned unburned sites measured from 2001-2023. NSF Arctic Data Center. https://doi.org/10.18739/A2RN3092P. 자료 논문: Talucci, A. C., et al. (2025) Permafrost-wildfire interactions: active layer thickness estimates for paired burned and unburned sites in northern high latitudes. Earth System Science Data 17, 2887-2909, https://doi.org/10.5194/essd-17-2887-2025",CC BY 4.0,,2023-07-30,none,single_visit,,,15.0186,0.0001,1,burned,0,FireALT 기여 자료(lastNm 열): Diaz-Veraverbeke,,ok,"기여자 Diaz; siteId east_fork; plot 1개; 연중 방문 1회(8월 1일 이후 0회); msrType thaw; 식생 GT; 영구동토 분포 D; 생태지역 Beringia lowland tundra; 화재 연도 2022, 화재 후 경과 연수 1"
firealt_talucci2025,firealt_talucci2025_0475,Diaz east_fork (burned),62.07224,-163.0426,2023,7,96.4545,probe,direct_dated,11,United States,Alaska,"Talucci, A., Loranty, M., Holloway, J., Rogers, B., Alexander, H., et al. (2024) FireALT dataset: estimated active layer thickness for paired burned unburned sites measured from 2001-2023. NSF Arctic Data Center. https://doi.org/10.18739/A2RN3092P. 자료 논문: Talucci, A. C., et al. (2025) Permafrost-wildfire interactions: active layer thickness estimates for paired burned and unburned sites in northern high latitudes. Earth System Science Data 17, 2887-2909, https://doi.org/10.5194/essd-17-2887-2025",CC BY 4.0,,2023-07-30,none,single_visit,,,36.6889,0.0001,1,burned,0,FireALT 기여 자료(lastNm 열): Diaz-Veraverbeke,,ok,"기여자 Diaz; siteId east_fork; plot 1개; 연중 방문 1회(8월 1일 이후 0회); msrType thaw; 식생 GT; 영구동토 분포 D; 생태지역 Beringia lowland tundra; 화재 연도 2022, 화재 후 경과 연수 1"
firealt_talucci2025,firealt_talucci2025_0476,Diaz east_fork (burned),62.08422,-163.0353,2023,7,83.5455,probe,direct_dated,11,United States,Alaska,"Talucci, A., Loranty, M., Holloway, J., Rogers, B., Alexander, H., et al. (2024) FireALT dataset: estimated active layer thickness for paired burned unburned sites measured from 2001-2023. NSF Arctic Data Center. https://doi.org/10.18739/A2RN3092P. 자료 논문: Talucci, A. C., et al. (2025) Permafrost-wildfire interactions: active layer thickness estimates for paired burned and unburned sites in northern high latitudes. Earth System Science Data 17, 2887-2909, https://doi.org/10.5194/essd-17-2887-2025",CC BY 4.0,,2023-07-30,none,single_visit,,,21.8099,0.0001,1,burned,0,FireALT 기여 자료(lastNm 열): Diaz-Veraverbeke,,ok,"기여자 Diaz; siteId east_fork; plot 1개; 연중 방문 1회(8월 1일 이후 0회); msrType thaw; 식생 GT; 영구동토 분포 D; 생태지역 Beringia lowland tundra; 화재 연도 2022, 화재 후 경과 연수 1"
firealt_talucci2025,firealt_talucci2025_0477,Diaz east_fork (unburned),62.08968,-163.1051,2023,8,53.5455,probe,direct_eos,11,United States,Alaska,"Talucci, A., Loranty, M., Holloway, J., Rogers, B., Alexander, H., et al. (2024) FireALT dataset: estimated active layer thickness for paired burned unburned sites measured from 2001-2023. NSF Arctic Data Center. https://doi.org/10.18739/A2RN3092P. 자료 논문: Talucci, A. C., et al. (2025) Permafrost-wildfire interactions: active layer thickness estimates for paired burned and unburned sites in northern high latitudes. Earth System Science Data 17, 2887-2909, https://doi.org/10.5194/essd-17-2887-2025",CC BY 4.0,,2023-08-01,record_date,single_visit,,,13.7067,0.0001,0,,0,FireALT 기여 자료(lastNm 열): Diaz-Veraverbeke,,ok,기여자 Diaz; siteId east_fork; plot 1개; 연중 방문 1회(8월 1일 이후 1회); msrType thaw; 식생 GT; 영구동토 분포 D; 생태지역 Beringia lowland tundra
firealt_talucci2025,firealt_talucci2025_0478,Diaz east_fork (unburned),62.09795,-163.0901,2023,8,70.3,probe,direct_eos,10,United States,Alaska,"Talucci, A., Loranty, M., Holloway, J., Rogers, B., Alexander, H., et al. (2024) FireALT dataset: estimated active layer thickness for paired burned unburned sites measured from 2001-2023. NSF Arctic Data Center. https://doi.org/10.18739/A2RN3092P. 자료 논문: Talucci, A. C., et al. (2025) Permafrost-wildfire interactions: active layer thickness estimates for paired burned and unburned sites in northern high latitudes. Earth System Science Data 17, 2887-2909, https://doi.org/10.5194/essd-17-2887-2025",CC BY 4.0,,2023-08-10,record_date,single_visit,,,17.1727,0.0001,0,,0,FireALT 기여 자료(lastNm 열): Diaz-Veraverbeke,,ok,기여자 Diaz; siteId east_fork; plot 1개; 연중 방문 1회(8월 1일 이후 1회); msrType thaw; 식생 GT; 영구동토 분포 D; 생태지역 Beringia lowland tundra
firealt_talucci2025,firealt_talucci2025_0479,Diaz east_fork (unburned),62.10717,-163.0713,2023,7,41.2381,probe,direct_dated,21,United States,Alaska,"Talucci, A., Loranty, M., Holloway, J., Rogers, B., Alexander, H., et al. (2024) FireALT dataset: estimated active layer thickness for paired burned unburned sites measured from 2001-2023. NSF Arctic Data Center. https://doi.org/10.18739/A2RN3092P. 자료 논문: Talucci, A. C., et al. (2025) Permafrost-wildfire interactions: active layer thickness estimates for paired burned and unburned sites in northern high latitudes. Earth System Science Data 17, 2887-2909, https://doi.org/10.5194/essd-17-2887-2025",CC BY 4.0,,2023-07-29,none,single_visit,,,3.2079,0.0001,0,,0,FireALT 기여 자료(lastNm 열): Diaz-Veraverbeke,,ok,기여자 Diaz; siteId east_fork; plot 1개; 연중 방문 1회(8월 1일 이후 0회); msrType thaw; 식생 GT; 영구동토 분포 D; 생태지역 Beringia lowland tundra
firealt_talucci2025,firealt_talucci2025_0480,Diaz east_fork (burned),62.10877,-162.9975,2023,8,74,probe,direct_eos,11,United States,Alaska,"Talucci, A., Loranty, M., Holloway, J., Rogers, B., Alexander, H., et al. (2024) FireALT dataset: estimated active layer thickness for paired burned unburned sites measured from 2001-2023. NSF Arctic Data Center. https://doi.org/10.18739/A2RN3092P. 자료 논문: Talucci, A. C., et al. (2025) Permafrost-wildfire interactions: active layer thickness estimates for paired burned and unburned sites in northern high latitudes. Earth System Science Data 17, 2887-2909, https://doi.org/10.5194/essd-17-2887-2025",CC BY 4.0,,2023-08-01,record_date,single_visit,,,21.5314,0.0001,1,burned,0,FireALT 기여 자료(lastNm 열): Diaz-Veraverbeke,,ok,"기여자 Diaz; siteId east_fork; plot 1개; 연중 방문 1회(8월 1일 이후 1회); msrType thaw; 식생 GT; 영구동토 분포 D; 생태지역 Beringia lowland tundra; 화재 연도 2022, 화재 후 경과 연수 1"
firealt_talucci2025,firealt_talucci2025_0481,Diaz east_fork (unburned),62.1123,-163.0652,2023,8,61.3636,probe,direct_eos,11,United States,Alaska,"Talucci, A., Loranty, M., Holloway, J., Rogers, B., Alexander, H., et al. (2024) FireALT dataset: estimated active layer thickness for paired burned unburned sites measured from 2001-2023. NSF Arctic Data Center. https://doi.org/10.18739/A2RN3092P. 자료 논문: Talucci, A. C., et al. (2025) Permafrost-wildfire interactions: active layer thickness estimates for paired burned and unburned sites in northern high latitudes. Earth System Science Data 17, 2887-2909, https://doi.org/10.5194/essd-17-2887-2025",CC BY 4.0,,2023-08-08,record_date,single_visit,,,13.5888,0.0001,0,,0,FireALT 기여 자료(lastNm 열): Diaz-Veraverbeke,,ok,기여자 Diaz; siteId east_fork; plot 1개; 연중 방문 1회(8월 1일 이후 1회); msrType thaw; 식생 GT; 영구동토 분포 D; 생태지역 Beringia lowland tundra
firealt_talucci2025,firealt_talucci2025_0482,Diaz east_fork (burned),62.11291,-162.9966,2023,8,93.4545,probe,direct_eos,11,United States,Alaska,"Talucci, A., Loranty, M., Holloway, J., Rogers, B., Alexander, H., et al. (2024) FireALT dataset: estimated active layer thickness for paired burned unburned sites measured from 2001-2023. NSF Arctic Data Center. https://doi.org/10.18739/A2RN3092P. 자료 논문: Talucci, A. C., et al. (2025) Permafrost-wildfire interactions: active layer thickness estimates for paired burned and unburned sites in northern high latitudes. Earth System Science Data 17, 2887-2909, https://doi.org/10.5194/essd-17-2887-2025",CC BY 4.0,,2023-08-01,record_date,single_visit,,,16.2318,0.0001,1,burned,0,FireALT 기여 자료(lastNm 열): Diaz-Veraverbeke,,ok,"기여자 Diaz; siteId east_fork; plot 1개; 연중 방문 1회(8월 1일 이후 1회); msrType thaw; 식생 GT; 영구동토 분포 D; 생태지역 Beringia lowland tundra; 화재 연도 2022, 화재 후 경과 연수 1"
firealt_talucci2025,firealt_talucci2025_0483,Diaz east_fork (burned),62.12627,-163.0249,2023,8,79.4545,probe,direct_eos,11,United States,Alaska,"Talucci, A., Loranty, M., Holloway, J., Rogers, B., Alexander, H., et al. (2024) FireALT dataset: estimated active layer thickness for paired burned unburned sites measured from 2001-2023. NSF Arctic Data Center. https://doi.org/10.18739/A2RN3092P. 자료 논문: Talucci, A. C., et al. (2025) Permafrost-wildfire interactions: active layer thickness estimates for paired burned and unburned sites in northern high latitudes. Earth System Science Data 17, 2887-2909, https://doi.org/10.5194/essd-17-2887-2025",CC BY 4.0,,2023-08-01,record_date,single_visit,,,16.4156,0.0001,1,burned,0,FireALT 기여 자료(lastNm 열): Diaz-Veraverbeke,,ok,"기여자 Diaz; siteId east_fork; plot 1개; 연중 방문 1회(8월 1일 이후 1회); msrType thaw; 식생 GT; 영구동토 분포 D; 생태지역 Beringia lowland tundra; 화재 연도 2022, 화재 후 경과 연수 1"
firealt_talucci2025,firealt_talucci2025_0484,Diaz east_fork (burned),62.15763,-162.9708,2023,7,57.2353,probe,direct_dated,17,United States,Alaska,"Talucci, A., Loranty, M., Holloway, J., Rogers, B., Alexander, H., et al. (2024) FireALT dataset: estimated active layer thickness for paired burned unburned sites measured from 2001-2023. NSF Arctic Data Center. https://doi.org/10.18739/A2RN3092P. 자료 논문: Talucci, A. C., et al. (2025) Permafrost-wildfire interactions: active layer thickness estimates for paired burned and unburned sites in northern high latitudes. Earth System Science Data 17, 2887-2909, https://doi.org/10.5194/essd-17-2887-2025",CC BY 4.0,,2023-07-29,none,single_visit,,,14.5625,0.0001,1,burned,0,FireALT 기여 자료(lastNm 열): Diaz-Veraverbeke,,ok,"기여자 Diaz; siteId east_fork; plot 1개; 연중 방문 1회(8월 1일 이후 0회); msrType thaw; 식생 GT; 영구동토 분포 D; 생태지역 Beringia lowland tundra; 화재 연도 2022, 화재 후 경과 연수 1"
firealt_talucci2025,firealt_talucci2025_0485,Diaz east_fork (burned),62.16423,-162.9667,2023,8,53.0909,probe,direct_eos,11,United States,Alaska,"Talucci, A., Loranty, M., Holloway, J., Rogers, B., Alexander, H., et al. (2024) FireALT dataset: estimated active layer thickness for paired burned unburned sites measured from 2001-2023. NSF Arctic Data Center. https://doi.org/10.18739/A2RN3092P. 자료 논문: Talucci, A. C., et al. (2025) Permafrost-wildfire interactions: active layer thickness estimates for paired burned and unburned sites in northern high latitudes. Earth System Science Data 17, 2887-2909, https://doi.org/10.5194/essd-17-2887-2025",CC BY 4.0,,2023-08-08,record_date,single_visit,,,11.0041,0.0001,1,burned,0,FireALT 기여 자료(lastNm 열): Diaz-Veraverbeke,,ok,"기여자 Diaz; siteId east_fork; plot 1개; 연중 방문 1회(8월 1일 이후 1회); msrType thaw; 식생 GT; 영구동토 분포 D; 생태지역 Beringia lowland tundra; 화재 연도 2022, 화재 후 경과 연수 1"
firealt_talucci2025,firealt_talucci2025_0486,Diaz east_fork (burned),62.18034,-162.9605,2023,8,146.2727,probe,direct_eos,11,United States,Alaska,"Talucci, A., Loranty, M., Holloway, J., Rogers, B., Alexander, H., et al. (2024) FireALT dataset: estimated active layer thickness for paired burned unburned sites measured from 2001-2023. NSF Arctic Data Center. https://doi.org/10.18739/A2RN3092P. 자료 논문: Talucci, A. C., et al. (2025) Permafrost-wildfire interactions: active layer thickness estimates for paired burned and unburned sites in northern high latitudes. Earth System Science Data 17, 2887-2909, https://doi.org/10.5194/essd-17-2887-2025",CC BY 4.0,,2023-08-08,record_date,single_visit,,,31.2285,0.0001,1,burned,0,FireALT 기여 자료(lastNm 열): Diaz-Veraverbeke,,ok,"기여자 Diaz; siteId east_fork; plot 1개; 연중 방문 1회(8월 1일 이후 1회); msrType thaw; 식생 GT; 영구동토 분포 D; 생태지역 Beringia lowland tundra; 화재 연도 2022, 화재 후 경과 연수 1"
firealt_talucci2025,firealt_talucci2025_0487,Diaz east_fork (burned),62.19803,-162.9358,2023,8,62.2727,probe,direct_eos,11,United States,Alaska,"Talucci, A., Loranty, M., Holloway, J., Rogers, B., Alexander, H., et al. (2024) FireALT dataset: estimated active layer thickness for paired burned unburned sites measured from 2001-2023. NSF Arctic Data Center. https://doi.org/10.18739/A2RN3092P. 자료 논문: Talucci, A. C., et al. (2025) Permafrost-wildfire interactions: active layer thickness estimates for paired burned and unburned sites in northern high latitudes. Earth System Science Data 17, 2887-2909, https://doi.org/10.5194/essd-17-2887-2025",CC BY 4.0,,2023-08-04,record_date,single_visit,,,15.6339,0.0001,1,burned,0,FireALT 기여 자료(lastNm 열): Diaz-Veraverbeke,,ok,"기여자 Diaz; siteId east_fork; plot 1개; 연중 방문 1회(8월 1일 이후 1회); msrType thaw; 식생 GT; 영구동토 분포 D; 생태지역 Beringia lowland tundra; 화재 연도 2022, 화재 후 경과 연수 1"
firealt_talucci2025,firealt_talucci2025_0488,Diaz east_fork (burned),62.20332,-162.9201,2023,8,60.7273,probe,direct_eos,11,United States,Alaska,"Talucci, A., Loranty, M., Holloway, J., Rogers, B., Alexander, H., et al. (2024) FireALT dataset: estimated active layer thickness for paired burned unburned sites measured from 2001-2023. NSF Arctic Data Center. https://doi.org/10.18739/A2RN3092P. 자료 논문: Talucci, A. C., et al. (2025) Permafrost-wildfire interactions: active layer thickness estimates for paired burned and unburned sites in northern high latitudes. Earth System Science Data 17, 2887-2909, https://doi.org/10.5194/essd-17-2887-2025",CC BY 4.0,,2023-08-04,record_date,single_visit,,,10.3159,0.0001,1,burned,0,FireALT 기여 자료(lastNm 열): Diaz-Veraverbeke,,ok,"기여자 Diaz; siteId east_fork; plot 1개; 연중 방문 1회(8월 1일 이후 1회); msrType thaw; 식생 GT; 영구동토 분포 D; 생태지역 Beringia lowland tundra; 화재 연도 2022, 화재 후 경과 연수 1"
firealt_talucci2025,firealt_talucci2025_0489,Diaz east_fork (burned),62.23914,-162.9392,2023,8,85.9091,probe,direct_eos,11,United States,Alaska,"Talucci, A., Loranty, M., Holloway, J., Rogers, B., Alexander, H., et al. (2024) FireALT dataset: estimated active layer thickness for paired burned unburned sites measured from 2001-2023. NSF Arctic Data Center. https://doi.org/10.18739/A2RN3092P. 자료 논문: Talucci, A. C., et al. (2025) Permafrost-wildfire interactions: active layer thickness estimates for paired burned and unburned sites in northern high latitudes. Earth System Science Data 17, 2887-2909, https://doi.org/10.5194/essd-17-2887-2025",CC BY 4.0,,2023-08-07,record_date,single_visit,,,33.6881,0.0001,1,burned,0,FireALT 기여 자료(lastNm 열): Diaz-Veraverbeke,,ok,"기여자 Diaz; siteId east_fork; plot 1개; 연중 방문 1회(8월 1일 이후 1회); msrType thaw; 식생 GT; 영구동토 분포 D; 생태지역 Beringia lowland tundra; 화재 연도 2022, 화재 후 경과 연수 1"
firealt_talucci2025,firealt_talucci2025_0490,Diaz east_fork (burned),62.24113,-162.9426,2023,8,68.5455,probe,direct_eos,11,United States,Alaska,"Talucci, A., Loranty, M., Holloway, J., Rogers, B., Alexander, H., et al. (2024) FireALT dataset: estimated active layer thickness for paired burned unburned sites measured from 2001-2023. NSF Arctic Data Center. https://doi.org/10.18739/A2RN3092P. 자료 논문: Talucci, A. C., et al. (2025) Permafrost-wildfire interactions: active layer thickness estimates for paired burned and unburned sites in northern high latitudes. Earth System Science Data 17, 2887-2909, https://doi.org/10.5194/essd-17-2887-2025",CC BY 4.0,,2023-08-07,record_date,single_visit,,,14.949,0.0001,1,burned,0,FireALT 기여 자료(lastNm 열): Diaz-Veraverbeke,,ok,"기여자 Diaz; siteId east_fork; plot 1개; 연중 방문 1회(8월 1일 이후 1회); msrType thaw; 식생 GT; 영구동토 분포 D; 생태지역 Beringia lowland tundra; 화재 연도 2022, 화재 후 경과 연수 1"
firealt_talucci2025,firealt_talucci2025_0491,Diaz east_fork (burned),62.24367,-162.9476,2023,8,72.8182,probe,direct_eos,11,United States,Alaska,"Talucci, A., Loranty, M., Holloway, J., Rogers, B., Alexander, H., et al. (2024) FireALT dataset: estimated active layer thickness for paired burned unburned sites measured from 2001-2023. NSF Arctic Data Center. https://doi.org/10.18739/A2RN3092P. 자료 논문: Talucci, A. C., et al. (2025) Permafrost-wildfire interactions: active layer thickness estimates for paired burned and unburned sites in northern high latitudes. Earth System Science Data 17, 2887-2909, https://doi.org/10.5194/essd-17-2887-2025",CC BY 4.0,,2023-08-07,record_date,single_visit,,,7.5076,0.0001,1,burned,0,FireALT 기여 자료(lastNm 열): Diaz-Veraverbeke,,ok,"기여자 Diaz; siteId east_fork; plot 1개; 연중 방문 1회(8월 1일 이후 1회); msrType thaw; 식생 GT; 영구동토 분포 D; 생태지역 Beringia lowland tundra; 화재 연도 2022, 화재 후 경과 연수 1"
firealt_talucci2025,firealt_talucci2025_0492,Diaz east_fork (burned),62.2596,-162.8912,2023,8,67.8182,probe,direct_eos,11,United States,Alaska,"Talucci, A., Loranty, M., Holloway, J., Rogers, B., Alexander, H., et al. (2024) FireALT dataset: estimated active layer thickness for paired burned unburned sites measured from 2001-2023. NSF Arctic Data Center. https://doi.org/10.18739/A2RN3092P. 자료 논문: Talucci, A. C., et al. (2025) Permafrost-wildfire interactions: active layer thickness estimates for paired burned and unburned sites in northern high latitudes. Earth System Science Data 17, 2887-2909, https://doi.org/10.5194/essd-17-2887-2025",CC BY 4.0,,2023-08-03,record_date,single_visit,,,8.9646,0.0001,1,burned,0,FireALT 기여 자료(lastNm 열): Diaz-Veraverbeke,,ok,"기여자 Diaz; siteId east_fork; plot 1개; 연중 방문 1회(8월 1일 이후 1회); msrType thaw; 식생 GT; 영구동토 분포 D; 생태지역 Beringia lowland tundra; 화재 연도 2022, 화재 후 경과 연수 1"
firealt_talucci2025,firealt_talucci2025_0493,Diaz east_fork (burned),62.27045,-162.8983,2023,8,70,probe,direct_eos,11,United States,Alaska,"Talucci, A., Loranty, M., Holloway, J., Rogers, B., Alexander, H., et al. (2024) FireALT dataset: estimated active layer thickness for paired burned unburned sites measured from 2001-2023. NSF Arctic Data Center. https://doi.org/10.18739/A2RN3092P. 자료 논문: Talucci, A. C., et al. (2025) Permafrost-wildfire interactions: active layer thickness estimates for paired burned and unburned sites in northern high latitudes. Earth System Science Data 17, 2887-2909, https://doi.org/10.5194/essd-17-2887-2025",CC BY 4.0,,2023-08-03,record_date,single_visit,,,8.2341,0.0001,1,burned,0,FireALT 기여 자료(lastNm 열): Diaz-Veraverbeke,,ok,"기여자 Diaz; siteId east_fork; plot 1개; 연중 방문 1회(8월 1일 이후 1회); msrType thaw; 식생 GT; 영구동토 분포 D; 생태지역 Beringia lowland tundra; 화재 연도 2022, 화재 후 경과 연수 1"
firealt_talucci2025,firealt_talucci2025_0494,Diaz east_fork (burned),62.30191,-162.8341,2023,8,126.1818,probe,direct_eos,11,United States,Alaska,"Talucci, A., Loranty, M., Holloway, J., Rogers, B., Alexander, H., et al. (2024) FireALT dataset: estimated active layer thickness for paired burned unburned sites measured from 2001-2023. NSF Arctic Data Center. https://doi.org/10.18739/A2RN3092P. 자료 논문: Talucci, A. C., et al. (2025) Permafrost-wildfire interactions: active layer thickness estimates for paired burned and unburned sites in northern high latitudes. Earth System Science Data 17, 2887-2909, https://doi.org/10.5194/essd-17-2887-2025",CC BY 4.0,,2023-08-10,record_date,single_visit,,,35.7458,0.0001,1,burned,0,FireALT 기여 자료(lastNm 열): Diaz-Veraverbeke,,ok,"기여자 Diaz; siteId east_fork; plot 1개; 연중 방문 1회(8월 1일 이후 1회); msrType thaw; 식생 GT; 영구동토 분포 D; 생태지역 Beringia lowland tundra; 화재 연도 2022, 화재 후 경과 연수 1"
firealt_talucci2025,firealt_talucci2025_0495,Diaz east_fork (burned),62.31556,-162.8376,2023,8,64.7273,probe,direct_eos,11,United States,Alaska,"Talucci, A., Loranty, M., Holloway, J., Rogers, B., Alexander, H., et al. (2024) FireALT dataset: estimated active layer thickness for paired burned unburned sites measured from 2001-2023. NSF Arctic Data Center. https://doi.org/10.18739/A2RN3092P. 자료 논문: Talucci, A. C., et al. (2025) Permafrost-wildfire interactions: active layer thickness estimates for paired burned and unburned sites in northern high latitudes. Earth System Science Data 17, 2887-2909, https://doi.org/10.5194/essd-17-2887-2025",CC BY 4.0,,2023-08-10,record_date,single_visit,,,15.4537,0.0001,1,burned,0,FireALT 기여 자료(lastNm 열): Diaz-Veraverbeke,,ok,"기여자 Diaz; siteId east_fork; plot 1개; 연중 방문 1회(8월 1일 이후 1회); msrType thaw; 식생 GT; 영구동토 분포 D; 생태지역 Beringia lowland tundra; 화재 연도 2022, 화재 후 경과 연수 1"
firealt_talucci2025,firealt_talucci2025_0496,Diaz east_fork (burned),62.36598,-162.8253,2023,8,69,probe,direct_eos,11,United States,Alaska,"Talucci, A., Loranty, M., Holloway, J., Rogers, B., Alexander, H., et al. (2024) FireALT dataset: estimated active layer thickness for paired burned unburned sites measured from 2001-2023. NSF Arctic Data Center. https://doi.org/10.18739/A2RN3092P. 자료 논문: Talucci, A. C., et al. (2025) Permafrost-wildfire interactions: active layer thickness estimates for paired burned and unburned sites in northern high latitudes. Earth System Science Data 17, 2887-2909, https://doi.org/10.5194/essd-17-2887-2025",CC BY 4.0,,2023-08-02,record_date,single_visit,,,10.6864,0.0001,1,burned,0,FireALT 기여 자료(lastNm 열): Diaz-Veraverbeke,,ok,"기여자 Diaz; siteId east_fork; plot 1개; 연중 방문 1회(8월 1일 이후 1회); msrType thaw; 식생 GT; 영구동토 분포 D; 생태지역 Beringia lowland tundra; 화재 연도 2022, 화재 후 경과 연수 1"
firealt_talucci2025,firealt_talucci2025_0497,Diaz east_fork (unburned),62.37108,-162.8202,2023,8,67.5455,probe,direct_eos,11,United States,Alaska,"Talucci, A., Loranty, M., Holloway, J., Rogers, B., Alexander, H., et al. (2024) FireALT dataset: estimated active layer thickness for paired burned unburned sites measured from 2001-2023. NSF Arctic Data Center. https://doi.org/10.18739/A2RN3092P. 자료 논문: Talucci, A. C., et al. (2025) Permafrost-wildfire interactions: active layer thickness estimates for paired burned and unburned sites in northern high latitudes. Earth System Science Data 17, 2887-2909, https://doi.org/10.5194/essd-17-2887-2025",CC BY 4.0,,2023-08-02,record_date,single_visit,,,7.5281,0.0001,0,,0,FireALT 기여 자료(lastNm 열): Diaz-Veraverbeke,,ok,기여자 Diaz; siteId east_fork; plot 1개; 연중 방문 1회(8월 1일 이후 1회); msrType thaw; 식생 GT; 영구동토 분포 D; 생태지역 Beringia lowland tundra
firealt_talucci2025,firealt_talucci2025_0498,Diaz east_fork (unburned),62.37233,-162.8225,2023,8,42.5455,probe,direct_eos,11,United States,Alaska,"Talucci, A., Loranty, M., Holloway, J., Rogers, B., Alexander, H., et al. (2024) FireALT dataset: estimated active layer thickness for paired burned unburned sites measured from 2001-2023. NSF Arctic Data Center. https://doi.org/10.18739/A2RN3092P. 자료 논문: Talucci, A. C., et al. (2025) Permafrost-wildfire interactions: active layer thickness estimates for paired burned and unburned sites in northern high latitudes. Earth System Science Data 17, 2887-2909, https://doi.org/10.5194/essd-17-2887-2025",CC BY 4.0,,2023-08-02,record_date,single_visit,,,6.9622,0.0001,0,,0,FireALT 기여 자료(lastNm 열): Diaz-Veraverbeke,,ok,기여자 Diaz; siteId east_fork; plot 1개; 연중 방문 1회(8월 1일 이후 1회); msrType thaw; 식생 GT; 영구동토 분포 D; 생태지역 Beringia lowland tundra
firealt_talucci2025,firealt_talucci2025_0499,Diaz apoon_pass (unburned),62.427,-163.5687,2023,8,58.5455,probe,direct_eos,11,United States,Alaska,"Talucci, A., Loranty, M., Holloway, J., Rogers, B., Alexander, H., et al. (2024) FireALT dataset: estimated active layer thickness for paired burned unburned sites measured from 2001-2023. NSF Arctic Data Center. https://doi.org/10.18739/A2RN3092P. 자료 논문: Talucci, A. C., et al. (2025) Permafrost-wildfire interactions: active layer thickness estimates for paired burned and unburned sites in northern high latitudes. Earth System Science Data 17, 2887-2909, https://doi.org/10.5194/essd-17-2887-2025",CC BY 4.0,,2023-08-12,record_date,single_visit,,,11.3169,0.001,0,,0,FireALT 기여 자료(lastNm 열): Diaz-Veraverbeke,,ok,기여자 Diaz; siteId apoon_pass; plot 1개; 연중 방문 1회(8월 1일 이후 1회); msrType thaw; 식생 GT; 영구동토 분포 C; 생태지역 Beringia lowland tundra
firealt_talucci2025,firealt_talucci2025_0500,Diaz apoon_pass (burned),62.42771,-163.5255,2023,8,58.8182,probe,direct_eos,11,United States,Alaska,"Talucci, A., Loranty, M., Holloway, J., Rogers, B., Alexander, H., et al. (2024) FireALT dataset: estimated active layer thickness for paired burned unburned sites measured from 2001-2023. NSF Arctic Data Center. https://doi.org/10.18739/A2RN3092P. 자료 논문: Talucci, A. C., et al. (2025) Permafrost-wildfire interactions: active layer thickness estimates for paired burned and unburned sites in northern high latitudes. Earth System Science Data 17, 2887-2909, https://doi.org/10.5194/essd-17-2887-2025",CC BY 4.0,,2023-08-12,record_date,single_visit,,,3.4588,0.0001,1,burned,0,FireALT 기여 자료(lastNm 열): Diaz-Veraverbeke,,ok,"기여자 Diaz; siteId apoon_pass; plot 1개; 연중 방문 1회(8월 1일 이후 1회); msrType thaw; 식생 GT; 영구동토 분포 D; 생태지역 Beringia lowland tundra; 화재 연도 2022, 화재 후 경과 연수 1"
firealt_talucci2025,firealt_talucci2025_0501,Diaz apoon_pass (unburned),62.46206,-163.3458,2023,8,52.8182,probe,direct_eos,11,United States,Alaska,"Talucci, A., Loranty, M., Holloway, J., Rogers, B., Alexander, H., et al. (2024) FireALT dataset: estimated active layer thickness for paired burned unburned sites measured from 2001-2023. NSF Arctic Data Center. https://doi.org/10.18739/A2RN3092P. 자료 논문: Talucci, A. C., et al. (2025) Permafrost-wildfire interactions: active layer thickness estimates for paired burned and unburned sites in northern high latitudes. Earth System Science Data 17, 2887-2909, https://doi.org/10.5194/essd-17-2887-2025",CC BY 4.0,,2023-08-11,record_date,single_visit,,,9.4849,0.0001,0,,0,FireALT 기여 자료(lastNm 열): Diaz-Veraverbeke,,ok,기여자 Diaz; siteId apoon_pass; plot 1개; 연중 방문 1회(8월 1일 이후 1회); msrType thaw; 식생 GT; 영구동토 분포 D; 생태지역 Beringia lowland tundra
firealt_talucci2025,firealt_talucci2025_0502,Diaz apoon_pass (burned),62.46968,-163.4969,2023,8,63.3636,probe,direct_eos,11,United States,Alaska,"Talucci, A., Loranty, M., Holloway, J., Rogers, B., Alexander, H., et al. (2024) FireALT dataset: estimated active layer thickness for paired burned unburned sites measured from 2001-2023. NSF Arctic Data Center. https://doi.org/10.18739/A2RN3092P. 자료 논문: Talucci, A. C., et al. (2025) Permafrost-wildfire interactions: active layer thickness estimates for paired burned and unburned sites in northern high latitudes. Earth System Science Data 17, 2887-2909, https://doi.org/10.5194/essd-17-2887-2025",CC BY 4.0,,2023-08-14,record_date,single_visit,,,2.9077,0.0001,1,burned,0,FireALT 기여 자료(lastNm 열): Diaz-Veraverbeke,,ok,"기여자 Diaz; siteId apoon_pass; plot 1개; 연중 방문 1회(8월 1일 이후 1회); msrType thaw; 식생 GT; 영구동토 분포 C; 생태지역 Beringia lowland tundra; 화재 연도 2022, 화재 후 경과 연수 1"
firealt_talucci2025,firealt_talucci2025_0503,Diaz apoon_pass (burned),62.47728,-163.3806,2023,8,58.4545,probe,direct_eos,11,United States,Alaska,"Talucci, A., Loranty, M., Holloway, J., Rogers, B., Alexander, H., et al. (2024) FireALT dataset: estimated active layer thickness for paired burned unburned sites measured from 2001-2023. NSF Arctic Data Center. https://doi.org/10.18739/A2RN3092P. 자료 논문: Talucci, A. C., et al. (2025) Permafrost-wildfire interactions: active layer thickness estimates for paired burned and unburned sites in northern high latitudes. Earth System Science Data 17, 2887-2909, https://doi.org/10.5194/essd-17-2887-2025",CC BY 4.0,,2023-08-11,record_date,single_visit,,,5.336,0.0001,1,burned,0,FireALT 기여 자료(lastNm 열): Diaz-Veraverbeke,,ok,"기여자 Diaz; siteId apoon_pass; plot 1개; 연중 방문 1회(8월 1일 이후 1회); msrType thaw; 식생 GT; 영구동토 분포 D; 생태지역 Beringia lowland tundra; 화재 연도 2022, 화재 후 경과 연수 1"
firealt_talucci2025,firealt_talucci2025_0504,Diaz apoon_pass (burned),62.4829,-163.3422,2023,8,65.6364,probe,direct_eos,11,United States,Alaska,"Talucci, A., Loranty, M., Holloway, J., Rogers, B., Alexander, H., et al. (2024) FireALT dataset: estimated active layer thickness for paired burned unburned sites measured from 2001-2023. NSF Arctic Data Center. https://doi.org/10.18739/A2RN3092P. 자료 논문: Talucci, A. C., et al. (2025) Permafrost-wildfire interactions: active layer thickness estimates for paired burned and unburned sites in northern high latitudes. Earth System Science Data 17, 2887-2909, https://doi.org/10.5194/essd-17-2887-2025",CC BY 4.0,,2023-08-11,record_date,single_visit,,,6.2012,0.0001,1,burned,0,FireALT 기여 자료(lastNm 열): Diaz-Veraverbeke,,ok,"기여자 Diaz; siteId apoon_pass; plot 1개; 연중 방문 1회(8월 1일 이후 1회); msrType thaw; 식생 GT; 영구동토 분포 D; 생태지역 Beringia lowland tundra; 화재 연도 2022, 화재 후 경과 연수 1"
firealt_talucci2025,firealt_talucci2025_0505,Diaz apoon_pass (burned),62.49283,-163.5273,2023,8,70.3636,probe,direct_eos,11,United States,Alaska,"Talucci, A., Loranty, M., Holloway, J., Rogers, B., Alexander, H., et al. (2024) FireALT dataset: estimated active layer thickness for paired burned unburned sites measured from 2001-2023. NSF Arctic Data Center. https://doi.org/10.18739/A2RN3092P. 자료 논문: Talucci, A. C., et al. (2025) Permafrost-wildfire interactions: active layer thickness estimates for paired burned and unburned sites in northern high latitudes. Earth System Science Data 17, 2887-2909, https://doi.org/10.5194/essd-17-2887-2025",CC BY 4.0,,2023-08-14,record_date,single_visit,,,6.12,0.0001,1,burned,0,FireALT 기여 자료(lastNm 열): Diaz-Veraverbeke,,ok,"기여자 Diaz; siteId apoon_pass; plot 1개; 연중 방문 1회(8월 1일 이후 1회); msrType thaw; 식생 GT; 영구동토 분포 C; 생태지역 Beringia lowland tundra; 화재 연도 2022, 화재 후 경과 연수 1"
firealt_talucci2025,firealt_talucci2025_0506,Diaz apoon_pass (burned),62.51404,-163.284,2023,8,63.8182,probe,direct_eos,11,United States,Alaska,"Talucci, A., Loranty, M., Holloway, J., Rogers, B., Alexander, H., et al. (2024) FireALT dataset: estimated active layer thickness for paired burned unburned sites measured from 2001-2023. NSF Arctic Data Center. https://doi.org/10.18739/A2RN3092P. 자료 논문: Talucci, A. C., et al. (2025) Permafrost-wildfire interactions: active layer thickness estimates for paired burned and unburned sites in northern high latitudes. Earth System Science Data 17, 2887-2909, https://doi.org/10.5194/essd-17-2887-2025",CC BY 4.0,,2023-08-15,record_date,single_visit,,,3.4876,0.001,1,burned,0,FireALT 기여 자료(lastNm 열): Diaz-Veraverbeke,,ok,"기여자 Diaz; siteId apoon_pass; plot 1개; 연중 방문 1회(8월 1일 이후 1회); msrType thaw; 식생 GT; 영구동토 분포 D; 생태지역 Beringia lowland tundra; 화재 연도 2022, 화재 후 경과 연수 1"
firealt_talucci2025,firealt_talucci2025_0507,Diaz apoon_pass (burned),62.51807,-163.459,2023,8,64.6364,probe,direct_eos,11,United States,Alaska,"Talucci, A., Loranty, M., Holloway, J., Rogers, B., Alexander, H., et al. (2024) FireALT dataset: estimated active layer thickness for paired burned unburned sites measured from 2001-2023. NSF Arctic Data Center. https://doi.org/10.18739/A2RN3092P. 자료 논문: Talucci, A. C., et al. (2025) Permafrost-wildfire interactions: active layer thickness estimates for paired burned and unburned sites in northern high latitudes. Earth System Science Data 17, 2887-2909, https://doi.org/10.5194/essd-17-2887-2025",CC BY 4.0,,2023-08-15,record_date,single_visit,,,9.4475,0.001,1,burned,0,FireALT 기여 자료(lastNm 열): Diaz-Veraverbeke,,ok,"기여자 Diaz; siteId apoon_pass; plot 1개; 연중 방문 1회(8월 1일 이후 1회); msrType thaw; 식생 GT; 영구동토 분포 C; 생태지역 Beringia lowland tundra; 화재 연도 2022, 화재 후 경과 연수 1"
firealt_talucci2025,firealt_talucci2025_0508,Diaz apoon_pass (burned),62.5431,-163.377,2023,8,61.9091,probe,direct_eos,11,United States,Alaska,"Talucci, A., Loranty, M., Holloway, J., Rogers, B., Alexander, H., et al. (2024) FireALT dataset: estimated active layer thickness for paired burned unburned sites measured from 2001-2023. NSF Arctic Data Center. https://doi.org/10.18739/A2RN3092P. 자료 논문: Talucci, A. C., et al. (2025) Permafrost-wildfire interactions: active layer thickness estimates for paired burned and unburned sites in northern high latitudes. Earth System Science Data 17, 2887-2909, https://doi.org/10.5194/essd-17-2887-2025",CC BY 4.0,,2023-08-13,record_date,single_visit,,,6.3317,0.001,1,burned,0,FireALT 기여 자료(lastNm 열): Diaz-Veraverbeke,,ok,"기여자 Diaz; siteId apoon_pass; plot 1개; 연중 방문 1회(8월 1일 이후 1회); msrType thaw; 식생 GT; 영구동토 분포 D; 생태지역 Beringia lowland tundra; 화재 연도 2022, 화재 후 경과 연수 1"
firealt_talucci2025,firealt_talucci2025_0509,Diaz apoon_pass (burned),62.57092,-163.3946,2023,8,61.2727,probe,direct_eos,11,United States,Alaska,"Talucci, A., Loranty, M., Holloway, J., Rogers, B., Alexander, H., et al. (2024) FireALT dataset: estimated active layer thickness for paired burned unburned sites measured from 2001-2023. NSF Arctic Data Center. https://doi.org/10.18739/A2RN3092P. 자료 논문: Talucci, A. C., et al. (2025) Permafrost-wildfire interactions: active layer thickness estimates for paired burned and unburned sites in northern high latitudes. Earth System Science Data 17, 2887-2909, https://doi.org/10.5194/essd-17-2887-2025",CC BY 4.0,,2023-08-13,record_date,single_visit,,,9.253,0.0001,1,burned,0,FireALT 기여 자료(lastNm 열): Diaz-Veraverbeke,,ok,"기여자 Diaz; siteId apoon_pass; plot 1개; 연중 방문 1회(8월 1일 이후 1회); msrType thaw; 식생 GT; 영구동토 분포 C; 생태지역 Beringia lowland tundra; 화재 연도 2022, 화재 후 경과 연수 1"
firealt_talucci2025,firealt_talucci2025_0510,Diaz apoon_pass (burned),62.57694,-163.2258,2023,8,69,probe,direct_eos,11,United States,Alaska,"Talucci, A., Loranty, M., Holloway, J., Rogers, B., Alexander, H., et al. (2024) FireALT dataset: estimated active layer thickness for paired burned unburned sites measured from 2001-2023. NSF Arctic Data Center. https://doi.org/10.18739/A2RN3092P. 자료 논문: Talucci, A. C., et al. (2025) Permafrost-wildfire interactions: active layer thickness estimates for paired burned and unburned sites in northern high latitudes. Earth System Science Data 17, 2887-2909, https://doi.org/10.5194/essd-17-2887-2025",CC BY 4.0,,2023-08-13,record_date,single_visit,,,5.4222,0.0001,1,burned,0,FireALT 기여 자료(lastNm 열): Diaz-Veraverbeke,,ok,"기여자 Diaz; siteId apoon_pass; plot 1개; 연중 방문 1회(8월 1일 이후 1회); msrType thaw; 식생 GT; 영구동토 분포 D; 생태지역 Beringia lowland tundra; 화재 연도 2022, 화재 후 경과 연수 1"
firealt_talucci2025,firealt_talucci2025_0511,Diaz apoon_pass (burned),62.58331,-163.3251,2023,8,63.7273,probe,direct_eos,11,United States,Alaska,"Talucci, A., Loranty, M., Holloway, J., Rogers, B., Alexander, H., et al. (2024) FireALT dataset: estimated active layer thickness for paired burned unburned sites measured from 2001-2023. NSF Arctic Data Center. https://doi.org/10.18739/A2RN3092P. 자료 논문: Talucci, A. C., et al. (2025) Permafrost-wildfire interactions: active layer thickness estimates for paired burned and unburned sites in northern high latitudes. Earth System Science Data 17, 2887-2909, https://doi.org/10.5194/essd-17-2887-2025",CC BY 4.0,,2023-08-13,record_date,single_visit,,,4.7768,0.0001,1,burned,0,FireALT 기여 자료(lastNm 열): Diaz-Veraverbeke,,ok,"기여자 Diaz; siteId apoon_pass; plot 1개; 연중 방문 1회(8월 1일 이후 1회); msrType thaw; 식생 GT; 영구동토 분포 D; 생태지역 Beringia lowland tundra; 화재 연도 2022, 화재 후 경과 연수 1"
firealt_talucci2025,firealt_talucci2025_0512,Diaz apoon_pass (burned),62.58402,-163.5193,2023,8,66.4545,probe,direct_eos,11,United States,Alaska,"Talucci, A., Loranty, M., Holloway, J., Rogers, B., Alexander, H., et al. (2024) FireALT dataset: estimated active layer thickness for paired burned unburned sites measured from 2001-2023. NSF Arctic Data Center. https://doi.org/10.18739/A2RN3092P. 자료 논문: Talucci, A. C., et al. (2025) Permafrost-wildfire interactions: active layer thickness estimates for paired burned and unburned sites in northern high latitudes. Earth System Science Data 17, 2887-2909, https://doi.org/10.5194/essd-17-2887-2025",CC BY 4.0,,2023-08-14,record_date,single_visit,,,6.4863,0.0001,1,burned,0,FireALT 기여 자료(lastNm 열): Diaz-Veraverbeke,,ok,"기여자 Diaz; siteId apoon_pass; plot 1개; 연중 방문 1회(8월 1일 이후 1회); msrType thaw; 식생 GT; 영구동토 분포 C; 생태지역 Beringia lowland tundra; 화재 연도 2022, 화재 후 경과 연수 1"
firealt_talucci2025,firealt_talucci2025_0513,Diaz apoon_pass (unburned),62.58781,-163.2485,2023,8,69.4545,probe,direct_eos,11,United States,Alaska,"Talucci, A., Loranty, M., Holloway, J., Rogers, B., Alexander, H., et al. (2024) FireALT dataset: estimated active layer thickness for paired burned unburned sites measured from 2001-2023. NSF Arctic Data Center. https://doi.org/10.18739/A2RN3092P. 자료 논문: Talucci, A. C., et al. (2025) Permafrost-wildfire interactions: active layer thickness estimates for paired burned and unburned sites in northern high latitudes. Earth System Science Data 17, 2887-2909, https://doi.org/10.5194/essd-17-2887-2025",CC BY 4.0,,2023-08-15,record_date,single_visit,,,10.7179,0.0001,0,,0,FireALT 기여 자료(lastNm 열): Diaz-Veraverbeke,,ok,기여자 Diaz; siteId apoon_pass; plot 1개; 연중 방문 1회(8월 1일 이후 1회); msrType thaw; 식생 GT; 영구동토 분포 D; 생태지역 Beringia lowland tundra
firealt_talucci2025,firealt_talucci2025_0514,O'Donnell THNM (unburned),63.41814,-142.48384,2008,9,35,probe,direct_eos,1,United States,Alaska,"Talucci, A., Loranty, M., Holloway, J., Rogers, B., Alexander, H., et al. (2024) FireALT dataset: estimated active layer thickness for paired burned unburned sites measured from 2001-2023. NSF Arctic Data Center. https://doi.org/10.18739/A2RN3092P. 자료 논문: Talucci, A. C., et al. (2025) Permafrost-wildfire interactions: active layer thickness estimates for paired burned and unburned sites in northern high latitudes. Earth System Science Data 17, 2887-2909, https://doi.org/10.5194/essd-17-2887-2025",CC BY 4.0,,2008-09-03,record_date,single_visit,,,,0.00001,0,,0,FireALT 기여 자료(lastNm 열): O'Donnell,,ok,기여자 O'Donnell; siteId THNM; plot 1개; 연중 방문 1회(8월 1일 이후 1회); msrType active; 식생 EN; 영구동토 분포 D; 생태지역 Interior Alaska-Yukon lowland taiga
firealt_talucci2025,firealt_talucci2025_0515,O'Donnell THNM (unburned),63.41829,-142.48338,2008,9,31,probe,direct_eos,1,United States,Alaska,"Talucci, A., Loranty, M., Holloway, J., Rogers, B., Alexander, H., et al. (2024) FireALT dataset: estimated active layer thickness for paired burned unburned sites measured from 2001-2023. NSF Arctic Data Center. https://doi.org/10.18739/A2RN3092P. 자료 논문: Talucci, A. C., et al. (2025) Permafrost-wildfire interactions: active layer thickness estimates for paired burned and unburned sites in northern high latitudes. Earth System Science Data 17, 2887-2909, https://doi.org/10.5194/essd-17-2887-2025",CC BY 4.0,,2008-09-03,record_date,single_visit,,,,0.00001,0,,0,FireALT 기여 자료(lastNm 열): O'Donnell,,ok,기여자 O'Donnell; siteId THNM; plot 1개; 연중 방문 1회(8월 1일 이후 1회); msrType active; 식생 EN; 영구동토 분포 D; 생태지역 Interior Alaska-Yukon lowland taiga
firealt_talucci2025,firealt_talucci2025_0516,O'Donnell THNM (unburned),63.45807,-142.49008,2008,9,64,probe,direct_eos,1,United States,Alaska,"Talucci, A., Loranty, M., Holloway, J., Rogers, B., Alexander, H., et al. (2024) FireALT dataset: estimated active layer thickness for paired burned unburned sites measured from 2001-2023. NSF Arctic Data Center. https://doi.org/10.18739/A2RN3092P. 자료 논문: Talucci, A. C., et al. (2025) Permafrost-wildfire interactions: active layer thickness estimates for paired burned and unburned sites in northern high latitudes. Earth System Science Data 17, 2887-2909, https://doi.org/10.5194/essd-17-2887-2025",CC BY 4.0,,2008-09-05,record_date,single_visit,,,,0.00001,0,,0,FireALT 기여 자료(lastNm 열): O'Donnell,,ok,기여자 O'Donnell; siteId THNM; plot 1개; 연중 방문 1회(8월 1일 이후 1회); msrType active; 식생 EN; 영구동토 분포 D; 생태지역 Interior Alaska-Yukon lowland taiga
firealt_talucci2025,firealt_talucci2025_0517,Manies DFCC (unburned),63.8468,-145.719,2001,9,50.12,probe,direct_eos,50,United States,Alaska,"Talucci, A., Loranty, M., Holloway, J., Rogers, B., Alexander, H., et al. (2024) FireALT dataset: estimated active layer thickness for paired burned unburned sites measured from 2001-2023. NSF Arctic Data Center. https://doi.org/10.18739/A2RN3092P. 자료 논문: Talucci, A. C., et al. (2025) Permafrost-wildfire interactions: active layer thickness estimates for paired burned and unburned sites in northern high latitudes. Earth System Science Data 17, 2887-2909, https://doi.org/10.5194/essd-17-2887-2025",CC BY 4.0,,2001-09-23,series_max,annual_value,,,11.0114,0.001,0,,0,FireALT 기여 자료(lastNm 열): Manies,,ok,기여자 Manies; siteId DFCC; plot 10개; 연중 방문 4회(8월 1일 이후 2회); msrType active; 식생 EN; 영구동토 분포 D; 생태지역 Interior Alaska-Yukon lowland taiga; v3 F4_direct 셀 514(ABoVE_AK)과 체비쇼프 0.0019° 로 0.01° 이내
firealt_talucci2025,firealt_talucci2025_0518,Manies DFCB (burned),63.8474,-145.717,2001,8,49,probe,direct_eos,2,United States,Alaska,"Talucci, A., Loranty, M., Holloway, J., Rogers, B., Alexander, H., et al. (2024) FireALT dataset: estimated active layer thickness for paired burned unburned sites measured from 2001-2023. NSF Arctic Data Center. https://doi.org/10.18739/A2RN3092P. 자료 논문: Talucci, A. C., et al. (2025) Permafrost-wildfire interactions: active layer thickness estimates for paired burned and unburned sites in northern high latitudes. Earth System Science Data 17, 2887-2909, https://doi.org/10.5194/essd-17-2887-2025",CC BY 4.0,,2001-08-31,record_date,annual_value,,,11.3137,0.001,1,burned,0,FireALT 기여 자료(lastNm 열): Manies,,ok,"기여자 Manies; siteId DFCB; plot 1개; 연중 방문 3회(8월 1일 이후 1회); msrType active; 식생 EN; 영구동토 분포 D; 생태지역 Interior Alaska-Yukon lowland taiga; 화재 연도 1999, 화재 후 경과 연수 2; v3 F4_direct 셀 516(ABoVE_AK)과 체비쇼프 0.0000° 로 0.01° 이내"
firealt_talucci2025,firealt_talucci2025_0519,Manies DFTC (unburned),63.88801,-145.739,2001,6,35.67,probe,direct_dated,50,United States,Alaska,"Talucci, A., Loranty, M., Holloway, J., Rogers, B., Alexander, H., et al. (2024) FireALT dataset: estimated active layer thickness for paired burned unburned sites measured from 2001-2023. NSF Arctic Data Center. https://doi.org/10.18739/A2RN3092P. 자료 논문: Talucci, A. C., et al. (2025) Permafrost-wildfire interactions: active layer thickness estimates for paired burned and unburned sites in northern high latitudes. Earth System Science Data 17, 2887-2909, https://doi.org/10.5194/essd-17-2887-2025",CC BY 4.0,,2001-06-21,none,annual_value,,,11.7637,0.001,0,,0,FireALT 기여 자료(lastNm 열): Manies,,ok,기여자 Manies; siteId DFTC; plot 6개; 연중 방문 3회(8월 1일 이후 0회); msrType thaw; 식생 EN; 영구동토 분포 D; 생태지역 Interior Alaska-Yukon lowland taiga
firealt_talucci2025,firealt_talucci2025_0520,Manies DFTB (burned),63.9206,-145.746,2001,6,30.5,probe,direct_dated,50,United States,Alaska,"Talucci, A., Loranty, M., Holloway, J., Rogers, B., Alexander, H., et al. (2024) FireALT dataset: estimated active layer thickness for paired burned unburned sites measured from 2001-2023. NSF Arctic Data Center. https://doi.org/10.18739/A2RN3092P. 자료 논문: Talucci, A. C., et al. (2025) Permafrost-wildfire interactions: active layer thickness estimates for paired burned and unburned sites in northern high latitudes. Earth System Science Data 17, 2887-2909, https://doi.org/10.5194/essd-17-2887-2025",CC BY 4.0,,2001-06-24,none,annual_value,,,10.2519,0.001,1,burned,0,FireALT 기여 자료(lastNm 열): Manies,,ok,"기여자 Manies; siteId DFTB; plot 10개; 연중 방문 3회(8월 1일 이후 0회); msrType thaw; 식생 EN; 영구동토 분포 D; 생태지역 Interior Alaska-Yukon lowland taiga; 화재 연도 1999, 화재 후 경과 연수 2"
firealt_talucci2025,firealt_talucci2025_0521,Natali BCU (unburned),64.706800,-148.292000,2015,8,40.0159,probe,direct_eos,126,United States,Alaska,"Talucci, A., Loranty, M., Holloway, J., Rogers, B., Alexander, H., et al. (2024) FireALT dataset: estimated active layer thickness for paired burned unburned sites measured from 2001-2023. NSF Arctic Data Center. https://doi.org/10.18739/A2RN3092P. 자료 논문: Talucci, A. C., et al. (2025) Permafrost-wildfire interactions: active layer thickness estimates for paired burned and unburned sites in northern high latitudes. Earth System Science Data 17, 2887-2909, https://doi.org/10.5194/essd-17-2887-2025",CC BY 4.0,,2015-08-02,record_date,single_visit,,,11.0091,0.001,0,,0,FireALT 기여 자료(lastNm 열): Natali,,ok,"기여자 Natali; siteId BCU; plot 3개; 연중 방문 1회(8월 1일 이후 1회); msrType active; 식생 EN; 영구동토 분포 D; 생태지역 Interior Alaska-Yukon lowland taiga; 원좌표 문자열 2개를 소수 4자리에서 묶음; 측정값 묶음이 같은 날짜의 다른 지점과 같다(지점 6곳, 값 중복도 2)"
firealt_talucci2025,firealt_talucci2025_0521,Natali BCU (unburned),64.706800,-148.292000,2017,9,59.505,probe,direct_eos,202,United States,Alaska,"Talucci, A., Loranty, M., Holloway, J., Rogers, B., Alexander, H., et al. (2024) FireALT dataset: estimated active layer thickness for paired burned unburned sites measured from 2001-2023. NSF Arctic Data Center. https://doi.org/10.18739/A2RN3092P. 자료 논문: Talucci, A. C., et al. (2025) Permafrost-wildfire interactions: active layer thickness estimates for paired burned and unburned sites in northern high latitudes. Earth System Science Data 17, 2887-2909, https://doi.org/10.5194/essd-17-2887-2025",CC BY 4.0,,2017-09-17,record_date,single_visit,,,13.3671,0.001,0,,0,FireALT 기여 자료(lastNm 열): Natali,,ok,"기여자 Natali; siteId BCU; plot 1개; 연중 방문 1회(8월 1일 이후 1회); msrType active; 식생 EN; 영구동토 분포 D; 생태지역 Interior Alaska-Yukon lowland taiga; 원좌표 문자열 2개를 소수 4자리에서 묶음; 측정값 묶음이 같은 날짜의 다른 지점과 같다(지점 6곳, 값 중복도 2)"
firealt_talucci2025,firealt_talucci2025_0521,Natali BCU (unburned),64.706800,-148.292000,2018,9,70.3069,probe,direct_eos,202,United States,Alaska,"Talucci, A., Loranty, M., Holloway, J., Rogers, B., Alexander, H., et al. (2024) FireALT dataset: estimated active layer thickness for paired burned unburned sites measured from 2001-2023. NSF Arctic Data Center. https://doi.org/10.18739/A2RN3092P. 자료 논문: Talucci, A. C., et al. (2025) Permafrost-wildfire interactions: active layer thickness estimates for paired burned and unburned sites in northern high latitudes. Earth System Science Data 17, 2887-2909, https://doi.org/10.5194/essd-17-2887-2025",CC BY 4.0,,2018-09-06,record_date,single_visit,,,15.5642,0.001,0,,0,FireALT 기여 자료(lastNm 열): Natali,,ok,"기여자 Natali; siteId BCU; plot 1개; 연중 방문 1회(8월 1일 이후 1회); msrType active; 식생 EN; 영구동토 분포 D; 생태지역 Interior Alaska-Yukon lowland taiga; 원좌표 문자열 2개를 소수 4자리에서 묶음; 측정값 묶음이 같은 날짜의 다른 지점과 같다(지점 6곳, 값 중복도 2)"
firealt_talucci2025,firealt_talucci2025_0522,Natali BCU (unburned),64.706895,-148.292000,2015,8,40.0159,probe,direct_eos,189,United States,Alaska,"Talucci, A., Loranty, M., Holloway, J., Rogers, B., Alexander, H., et al. (2024) FireALT dataset: estimated active layer thickness for paired burned unburned sites measured from 2001-2023. NSF Arctic Data Center. https://doi.org/10.18739/A2RN3092P. 자료 논문: Talucci, A. C., et al. (2025) Permafrost-wildfire interactions: active layer thickness estimates for paired burned and unburned sites in northern high latitudes. Earth System Science Data 17, 2887-2909, https://doi.org/10.5194/essd-17-2887-2025",CC BY 4.0,,2015-08-02,record_date,single_visit,,,10.9944,0.001,0,,0,FireALT 기여 자료(lastNm 열): Natali,firealt_talucci2025:firealt_talucci2025_0521,ok,"기여자 Natali; siteId BCU; plot 3개; 연중 방문 1회(8월 1일 이후 1회); msrType active; 식생 EN; 영구동토 분포 D; 생태지역 Interior Alaska-Yukon lowland taiga; 원좌표 문자열 2개를 소수 4자리에서 묶음; 측정값 묶음이 같은 날짜의 다른 지점과 같다(지점 6곳, 값 중복도 3)"
firealt_talucci2025,firealt_talucci2025_0522,Natali BCU (unburned),64.706895,-148.292000,2017,9,59.505,probe,direct_eos,303,United States,Alaska,"Talucci, A., Loranty, M., Holloway, J., Rogers, B., Alexander, H., et al. (2024) FireALT dataset: estimated active layer thickness for paired burned unburned sites measured from 2001-2023. NSF Arctic Data Center. https://doi.org/10.18739/A2RN3092P. 자료 논문: Talucci, A. C., et al. (2025) Permafrost-wildfire interactions: active layer thickness estimates for paired burned and unburned sites in northern high latitudes. Earth System Science Data 17, 2887-2909, https://doi.org/10.5194/essd-17-2887-2025",CC BY 4.0,,2017-09-17,record_date,single_visit,,,13.356,0.001,0,,0,FireALT 기여 자료(lastNm 열): Natali,firealt_talucci2025:firealt_talucci2025_0521,ok,"기여자 Natali; siteId BCU; plot 1개; 연중 방문 1회(8월 1일 이후 1회); msrType active; 식생 EN; 영구동토 분포 D; 생태지역 Interior Alaska-Yukon lowland taiga; 원좌표 문자열 2개를 소수 4자리에서 묶음; 측정값 묶음이 같은 날짜의 다른 지점과 같다(지점 6곳, 값 중복도 3)"
firealt_talucci2025,firealt_talucci2025_0522,Natali BCU (unburned),64.706895,-148.292000,2018,9,70.3069,probe,direct_eos,303,United States,Alaska,"Talucci, A., Loranty, M., Holloway, J., Rogers, B., Alexander, H., et al. (2024) FireALT dataset: estimated active layer thickness for paired burned unburned sites measured from 2001-2023. NSF Arctic Data Center. https://doi.org/10.18739/A2RN3092P. 자료 논문: Talucci, A. C., et al. (2025) Permafrost-wildfire interactions: active layer thickness estimates for paired burned and unburned sites in northern high latitudes. Earth System Science Data 17, 2887-2909, https://doi.org/10.5194/essd-17-2887-2025",CC BY 4.0,,2018-09-06,record_date,single_visit,,,15.5513,0.001,0,,0,FireALT 기여 자료(lastNm 열): Natali,firealt_talucci2025:firealt_talucci2025_0521,ok,"기여자 Natali; siteId BCU; plot 1개; 연중 방문 1회(8월 1일 이후 1회); msrType active; 식생 EN; 영구동토 분포 D; 생태지역 Interior Alaska-Yukon lowland taiga; 원좌표 문자열 2개를 소수 4자리에서 묶음; 측정값 묶음이 같은 날짜의 다른 지점과 같다(지점 6곳, 값 중복도 3)"
firealt_talucci2025,firealt_talucci2025_0523,Natali BCU (unburned),64.70689,-148.291,2015,8,40.0159,probe,direct_eos,63,United States,Alaska,"Talucci, A., Loranty, M., Holloway, J., Rogers, B., Alexander, H., et al. (2024) FireALT dataset: estimated active layer thickness for paired burned unburned sites measured from 2001-2023. NSF Arctic Data Center. https://doi.org/10.18739/A2RN3092P. 자료 논문: Talucci, A. C., et al. (2025) Permafrost-wildfire interactions: active layer thickness estimates for paired burned and unburned sites in northern high latitudes. Earth System Science Data 17, 2887-2909, https://doi.org/10.5194/essd-17-2887-2025",CC BY 4.0,,2015-08-02,record_date,single_visit,,,11.0534,0.001,0,,0,FireALT 기여 자료(lastNm 열): Natali,firealt_talucci2025:firealt_talucci2025_0521,ok,"기여자 Natali; siteId BCU; plot 3개; 연중 방문 1회(8월 1일 이후 1회); msrType active; 식생 EN; 영구동토 분포 D; 생태지역 Interior Alaska-Yukon lowland taiga; 측정값 묶음이 같은 날짜의 다른 지점과 같다(지점 6곳, 값 중복도 1)"
firealt_talucci2025,firealt_talucci2025_0523,Natali BCU (unburned),64.70689,-148.291,2017,9,59.505,probe,direct_eos,101,United States,Alaska,"Talucci, A., Loranty, M., Holloway, J., Rogers, B., Alexander, H., et al. (2024) FireALT dataset: estimated active layer thickness for paired burned unburned sites measured from 2001-2023. NSF Arctic Data Center. https://doi.org/10.18739/A2RN3092P. 자료 논문: Talucci, A. C., et al. (2025) Permafrost-wildfire interactions: active layer thickness estimates for paired burned and unburned sites in northern high latitudes. Earth System Science Data 17, 2887-2909, https://doi.org/10.5194/essd-17-2887-2025",CC BY 4.0,,2017-09-17,record_date,single_visit,,,13.4005,0.001,0,,0,FireALT 기여 자료(lastNm 열): Natali,firealt_talucci2025:firealt_talucci2025_0521,ok,"기여자 Natali; siteId BCU; plot 1개; 연중 방문 1회(8월 1일 이후 1회); msrType active; 식생 EN; 영구동토 분포 D; 생태지역 Interior Alaska-Yukon lowland taiga; 측정값 묶음이 같은 날짜의 다른 지점과 같다(지점 6곳, 값 중복도 1)"
firealt_talucci2025,firealt_talucci2025_0523,Natali BCU (unburned),64.70689,-148.291,2018,9,70.3069,probe,direct_eos,101,United States,Alaska,"Talucci, A., Loranty, M., Holloway, J., Rogers, B., Alexander, H., et al. (2024) FireALT dataset: estimated active layer thickness for paired burned unburned sites measured from 2001-2023. NSF Arctic Data Center. https://doi.org/10.18739/A2RN3092P. 자료 논문: Talucci, A. C., et al. (2025) Permafrost-wildfire interactions: active layer thickness estimates for paired burned and unburned sites in northern high latitudes. Earth System Science Data 17, 2887-2909, https://doi.org/10.5194/essd-17-2887-2025",CC BY 4.0,,2018-09-06,record_date,single_visit,,,15.603,0.001,0,,0,FireALT 기여 자료(lastNm 열): Natali,firealt_talucci2025:firealt_talucci2025_0521,ok,"기여자 Natali; siteId BCU; plot 1개; 연중 방문 1회(8월 1일 이후 1회); msrType active; 식생 EN; 영구동토 분포 D; 생태지역 Interior Alaska-Yukon lowland taiga; 측정값 묶음이 같은 날짜의 다른 지점과 같다(지점 6곳, 값 중복도 1)"
firealt_talucci2025,firealt_talucci2025_0524,Natali BCU (unburned),64.70699,-148.292,2015,8,40.0159,probe,direct_eos,63,United States,Alaska,"Talucci, A., Loranty, M., Holloway, J., Rogers, B., Alexander, H., et al. (2024) FireALT dataset: estimated active layer thickness for paired burned unburned sites measured from 2001-2023. NSF Arctic Data Center. https://doi.org/10.18739/A2RN3092P. 자료 논문: Talucci, A. C., et al. (2025) Permafrost-wildfire interactions: active layer thickness estimates for paired burned and unburned sites in northern high latitudes. Earth System Science Data 17, 2887-2909, https://doi.org/10.5194/essd-17-2887-2025",CC BY 4.0,,2015-08-02,record_date,single_visit,,,11.0534,0.001,0,,0,FireALT 기여 자료(lastNm 열): Natali,firealt_talucci2025:firealt_talucci2025_0521,ok,"기여자 Natali; siteId BCU; plot 3개; 연중 방문 1회(8월 1일 이후 1회); msrType active; 식생 EN; 영구동토 분포 D; 생태지역 Interior Alaska-Yukon lowland taiga; 측정값 묶음이 같은 날짜의 다른 지점과 같다(지점 6곳, 값 중복도 1)"
firealt_talucci2025,firealt_talucci2025_0524,Natali BCU (unburned),64.70699,-148.292,2017,9,59.505,probe,direct_eos,101,United States,Alaska,"Talucci, A., Loranty, M., Holloway, J., Rogers, B., Alexander, H., et al. (2024) FireALT dataset: estimated active layer thickness for paired burned unburned sites measured from 2001-2023. NSF Arctic Data Center. https://doi.org/10.18739/A2RN3092P. 자료 논문: Talucci, A. C., et al. (2025) Permafrost-wildfire interactions: active layer thickness estimates for paired burned and unburned sites in northern high latitudes. Earth System Science Data 17, 2887-2909, https://doi.org/10.5194/essd-17-2887-2025",CC BY 4.0,,2017-09-17,record_date,single_visit,,,13.4005,0.001,0,,0,FireALT 기여 자료(lastNm 열): Natali,firealt_talucci2025:firealt_talucci2025_0521,ok,"기여자 Natali; siteId BCU; plot 1개; 연중 방문 1회(8월 1일 이후 1회); msrType active; 식생 EN; 영구동토 분포 D; 생태지역 Interior Alaska-Yukon lowland taiga; 측정값 묶음이 같은 날짜의 다른 지점과 같다(지점 6곳, 값 중복도 1)"
firealt_talucci2025,firealt_talucci2025_0524,Natali BCU (unburned),64.70699,-148.292,2018,9,70.3069,probe,direct_eos,101,United States,Alaska,"Talucci, A., Loranty, M., Holloway, J., Rogers, B., Alexander, H., et al. (2024) FireALT dataset: estimated active layer thickness for paired burned unburned sites measured from 2001-2023. NSF Arctic Data Center. https://doi.org/10.18739/A2RN3092P. 자료 논문: Talucci, A. C., et al. (2025) Permafrost-wildfire interactions: active layer thickness estimates for paired burned and unburned sites in northern high latitudes. Earth System Science Data 17, 2887-2909, https://doi.org/10.5194/essd-17-2887-2025",CC BY 4.0,,2018-09-06,record_date,single_visit,,,15.603,0.001,0,,0,FireALT 기여 자료(lastNm 열): Natali,firealt_talucci2025:firealt_talucci2025_0521,ok,"기여자 Natali; siteId BCU; plot 1개; 연중 방문 1회(8월 1일 이후 1회); msrType active; 식생 EN; 영구동토 분포 D; 생태지역 Interior Alaska-Yukon lowland taiga; 측정값 묶음이 같은 날짜의 다른 지점과 같다(지점 6곳, 값 중복도 1)"
firealt_talucci2025,firealt_talucci2025_0525,Natali BCU (unburned),64.707005,-148.291000,2015,8,40.0159,probe,direct_eos,189,United States,Alaska,"Talucci, A., Loranty, M., Holloway, J., Rogers, B., Alexander, H., et al. (2024) FireALT dataset: estimated active layer thickness for paired burned unburned sites measured from 2001-2023. NSF Arctic Data Center. https://doi.org/10.18739/A2RN3092P. 자료 논문: Talucci, A. C., et al. (2025) Permafrost-wildfire interactions: active layer thickness estimates for paired burned and unburned sites in northern high latitudes. Earth System Science Data 17, 2887-2909, https://doi.org/10.5194/essd-17-2887-2025",CC BY 4.0,,2015-08-02,record_date,single_visit,,,10.9944,0.001,0,,0,FireALT 기여 자료(lastNm 열): Natali,firealt_talucci2025:firealt_talucci2025_0521,ok,"기여자 Natali; siteId BCU; plot 3개; 연중 방문 1회(8월 1일 이후 1회); msrType active; 식생 EN; 영구동토 분포 D; 생태지역 Interior Alaska-Yukon lowland taiga; 원좌표 문자열 2개를 소수 4자리에서 묶음; 측정값 묶음이 같은 날짜의 다른 지점과 같다(지점 6곳, 값 중복도 3)"
firealt_talucci2025,firealt_talucci2025_0525,Natali BCU (unburned),64.707005,-148.291000,2017,9,59.505,probe,direct_eos,303,United States,Alaska,"Talucci, A., Loranty, M., Holloway, J., Rogers, B., Alexander, H., et al. (2024) FireALT dataset: estimated active layer thickness for paired burned unburned sites measured from 2001-2023. NSF Arctic Data Center. https://doi.org/10.18739/A2RN3092P. 자료 논문: Talucci, A. C., et al. (2025) Permafrost-wildfire interactions: active layer thickness estimates for paired burned and unburned sites in northern high latitudes. Earth System Science Data 17, 2887-2909, https://doi.org/10.5194/essd-17-2887-2025",CC BY 4.0,,2017-09-17,record_date,single_visit,,,13.356,0.001,0,,0,FireALT 기여 자료(lastNm 열): Natali,firealt_talucci2025:firealt_talucci2025_0521,ok,"기여자 Natali; siteId BCU; plot 1개; 연중 방문 1회(8월 1일 이후 1회); msrType active; 식생 EN; 영구동토 분포 D; 생태지역 Interior Alaska-Yukon lowland taiga; 원좌표 문자열 2개를 소수 4자리에서 묶음; 측정값 묶음이 같은 날짜의 다른 지점과 같다(지점 6곳, 값 중복도 3)"
firealt_talucci2025,firealt_talucci2025_0525,Natali BCU (unburned),64.707005,-148.291000,2018,9,70.3069,probe,direct_eos,303,United States,Alaska,"Talucci, A., Loranty, M., Holloway, J., Rogers, B., Alexander, H., et al. (2024) FireALT dataset: estimated active layer thickness for paired burned unburned sites measured from 2001-2023. NSF Arctic Data Center. https://doi.org/10.18739/A2RN3092P. 자료 논문: Talucci, A. C., et al. (2025) Permafrost-wildfire interactions: active layer thickness estimates for paired burned and unburned sites in northern high latitudes. Earth System Science Data 17, 2887-2909, https://doi.org/10.5194/essd-17-2887-2025",CC BY 4.0,,2018-09-06,record_date,single_visit,,,15.5513,0.001,0,,0,FireALT 기여 자료(lastNm 열): Natali,firealt_talucci2025:firealt_talucci2025_0521,ok,"기여자 Natali; siteId BCU; plot 1개; 연중 방문 1회(8월 1일 이후 1회); msrType active; 식생 EN; 영구동토 분포 D; 생태지역 Interior Alaska-Yukon lowland taiga; 원좌표 문자열 2개를 소수 4자리에서 묶음; 측정값 묶음이 같은 날짜의 다른 지점과 같다(지점 6곳, 값 중복도 3)"
firealt_talucci2025,firealt_talucci2025_0526,Natali BCU (unburned),64.70714,-148.29,2015,8,40.0159,probe,direct_eos,126,United States,Alaska,"Talucci, A., Loranty, M., Holloway, J., Rogers, B., Alexander, H., et al. (2024) FireALT dataset: estimated active layer thickness for paired burned unburned sites measured from 2001-2023. NSF Arctic Data Center. https://doi.org/10.18739/A2RN3092P. 자료 논문: Talucci, A. C., et al. (2025) Permafrost-wildfire interactions: active layer thickness estimates for paired burned and unburned sites in northern high latitudes. Earth System Science Data 17, 2887-2909, https://doi.org/10.5194/essd-17-2887-2025",CC BY 4.0,,2015-08-02,record_date,single_visit,,,11.0091,0.01,0,,0,FireALT 기여 자료(lastNm 열): Natali,firealt_talucci2025:firealt_talucci2025_0521,ok,"기여자 Natali; siteId BCU; plot 3개; 연중 방문 1회(8월 1일 이후 1회); msrType active; 식생 EN; 영구동토 분포 D; 생태지역 Interior Alaska-Yukon lowland taiga; 측정값 묶음이 같은 날짜의 다른 지점과 같다(지점 6곳, 값 중복도 2)"
firealt_talucci2025,firealt_talucci2025_0526,Natali BCU (unburned),64.70714,-148.29,2017,9,59.505,probe,direct_eos,202,United States,Alaska,"Talucci, A., Loranty, M., Holloway, J., Rogers, B., Alexander, H., et al. (2024) FireALT dataset: estimated active layer thickness for paired burned unburned sites measured from 2001-2023. NSF Arctic Data Center. https://doi.org/10.18739/A2RN3092P. 자료 논문: Talucci, A. C., et al. (2025) Permafrost-wildfire interactions: active layer thickness estimates for paired burned and unburned sites in northern high latitudes. Earth System Science Data 17, 2887-2909, https://doi.org/10.5194/essd-17-2887-2025",CC BY 4.0,,2017-09-17,record_date,single_visit,,,13.3671,0.01,0,,0,FireALT 기여 자료(lastNm 열): Natali,firealt_talucci2025:firealt_talucci2025_0521,ok,"기여자 Natali; siteId BCU; plot 1개; 연중 방문 1회(8월 1일 이후 1회); msrType active; 식생 EN; 영구동토 분포 D; 생태지역 Interior Alaska-Yukon lowland taiga; 측정값 묶음이 같은 날짜의 다른 지점과 같다(지점 6곳, 값 중복도 2)"
firealt_talucci2025,firealt_talucci2025_0526,Natali BCU (unburned),64.70714,-148.29,2018,9,70.3069,probe,direct_eos,202,United States,Alaska,"Talucci, A., Loranty, M., Holloway, J., Rogers, B., Alexander, H., et al. (2024) FireALT dataset: estimated active layer thickness for paired burned unburned sites measured from 2001-2023. NSF Arctic Data Center. https://doi.org/10.18739/A2RN3092P. 자료 논문: Talucci, A. C., et al. (2025) Permafrost-wildfire interactions: active layer thickness estimates for paired burned and unburned sites in northern high latitudes. Earth System Science Data 17, 2887-2909, https://doi.org/10.5194/essd-17-2887-2025",CC BY 4.0,,2018-09-06,record_date,single_visit,,,15.5642,0.01,0,,0,FireALT 기여 자료(lastNm 열): Natali,firealt_talucci2025:firealt_talucci2025_0521,ok,"기여자 Natali; siteId BCU; plot 1개; 연중 방문 1회(8월 1일 이후 1회); msrType active; 식생 EN; 영구동토 분포 D; 생태지역 Interior Alaska-Yukon lowland taiga; 측정값 묶음이 같은 날짜의 다른 지점과 같다(지점 6곳, 값 중복도 2)"
firealt_talucci2025,firealt_talucci2025_0527,Natali BCB (burned),64.714880,-148.289000,2015,8,67.7778,probe,direct_eos,252,United States,Alaska,"Talucci, A., Loranty, M., Holloway, J., Rogers, B., Alexander, H., et al. (2024) FireALT dataset: estimated active layer thickness for paired burned unburned sites measured from 2001-2023. NSF Arctic Data Center. https://doi.org/10.18739/A2RN3092P. 자료 논문: Talucci, A. C., et al. (2025) Permafrost-wildfire interactions: active layer thickness estimates for paired burned and unburned sites in northern high latitudes. Earth System Science Data 17, 2887-2909, https://doi.org/10.5194/essd-17-2887-2025",CC BY 4.0,,2015-08-02,record_date,single_visit,,,8.0742,0.001,1,burned,0,FireALT 기여 자료(lastNm 열): Natali,,ok,"기여자 Natali; siteId BCB; plot 3개; 연중 방문 1회(8월 1일 이후 1회); msrType active; 식생 EN; 영구동토 분포 D; 생태지역 Interior Alaska-Yukon lowland taiga; 화재 연도 1983,2015, 화재 후 경과 연수 0,32; 원좌표 문자열 2개를 소수 4자리에서 묶음; 측정값 묶음이 같은 날짜의 다른 지점과 같다(지점 5곳, 값 중복도 4)"
firealt_talucci2025,firealt_talucci2025_0528,Natali BCB (burned),64.71485,-148.288,2015,8,67.7778,probe,direct_eos,126,United States,Alaska,"Talucci, A., Loranty, M., Holloway, J., Rogers, B., Alexander, H., et al. (2024) FireALT dataset: estimated active layer thickness for paired burned unburned sites measured from 2001-2023. NSF Arctic Data Center. https://doi.org/10.18739/A2RN3092P. 자료 논문: Talucci, A. C., et al. (2025) Permafrost-wildfire interactions: active layer thickness estimates for paired burned and unburned sites in northern high latitudes. Earth System Science Data 17, 2887-2909, https://doi.org/10.5194/essd-17-2887-2025",CC BY 4.0,,2015-08-02,record_date,single_visit,,,8.0904,0.001,1,burned,0,FireALT 기여 자료(lastNm 열): Natali,firealt_talucci2025:firealt_talucci2025_0527,ok,"기여자 Natali; siteId BCB; plot 3개; 연중 방문 1회(8월 1일 이후 1회); msrType active; 식생 EN; 영구동토 분포 D; 생태지역 Interior Alaska-Yukon lowland taiga; 화재 연도 1983,2015, 화재 후 경과 연수 0,32; 측정값 묶음이 같은 날짜의 다른 지점과 같다(지점 5곳, 값 중복도 2)"
firealt_talucci2025,firealt_talucci2025_0529,Natali BCB (burned),64.71503,-148.288,2015,8,67.7778,probe,direct_eos,126,United States,Alaska,"Talucci, A., Loranty, M., Holloway, J., Rogers, B., Alexander, H., et al. (2024) FireALT dataset: estimated active layer thickness for paired burned unburned sites measured from 2001-2023. NSF Arctic Data Center. https://doi.org/10.18739/A2RN3092P. 자료 논문: Talucci, A. C., et al. (2025) Permafrost-wildfire interactions: active layer thickness estimates for paired burned and unburned sites in northern high latitudes. Earth System Science Data 17, 2887-2909, https://doi.org/10.5194/essd-17-2887-2025",CC BY 4.0,,2015-08-02,record_date,single_visit,,,8.0904,0.001,1,burned,0,FireALT 기여 자료(lastNm 열): Natali,firealt_talucci2025:firealt_talucci2025_0527,ok,"기여자 Natali; siteId BCB; plot 3개; 연중 방문 1회(8월 1일 이후 1회); msrType active; 식생 EN; 영구동토 분포 D; 생태지역 Interior Alaska-Yukon lowland taiga; 화재 연도 1983,2015, 화재 후 경과 연수 0,32; 측정값 묶음이 같은 날짜의 다른 지점과 같다(지점 5곳, 값 중복도 2)"
firealt_talucci2025,firealt_talucci2025_0530,Natali BCB (burned),64.71507,-148.289,2015,8,67.7778,probe,direct_eos,126,United States,Alaska,"Talucci, A., Loranty, M., Holloway, J., Rogers, B., Alexander, H., et al. (2024) FireALT dataset: estimated active layer thickness for paired burned unburned sites measured from 2001-2023. NSF Arctic Data Center. https://doi.org/10.18739/A2RN3092P. 자료 논문: Talucci, A. C., et al. (2025) Permafrost-wildfire interactions: active layer thickness estimates for paired burned and unburned sites in northern high latitudes. Earth System Science Data 17, 2887-2909, https://doi.org/10.5194/essd-17-2887-2025",CC BY 4.0,,2015-08-02,record_date,single_visit,,,8.0904,0.001,1,burned,0,FireALT 기여 자료(lastNm 열): Natali,firealt_talucci2025:firealt_talucci2025_0527,ok,"기여자 Natali; siteId BCB; plot 3개; 연중 방문 1회(8월 1일 이후 1회); msrType active; 식생 EN; 영구동토 분포 D; 생태지역 Interior Alaska-Yukon lowland taiga; 화재 연도 1983,2015, 화재 후 경과 연수 0,32; 측정값 묶음이 같은 날짜의 다른 지점과 같다(지점 5곳, 값 중복도 2)"
firealt_talucci2025,firealt_talucci2025_0531,Natali BCB (burned),64.71505,-148.288,2015,8,67.7778,probe,direct_eos,126,United States,Alaska,"Talucci, A., Loranty, M., Holloway, J., Rogers, B., Alexander, H., et al. (2024) FireALT dataset: estimated active layer thickness for paired burned unburned sites measured from 2001-2023. NSF Arctic Data Center. https://doi.org/10.18739/A2RN3092P. 자료 논문: Talucci, A. C., et al. (2025) Permafrost-wildfire interactions: active layer thickness estimates for paired burned and unburned sites in northern high latitudes. Earth System Science Data 17, 2887-2909, https://doi.org/10.5194/essd-17-2887-2025",CC BY 4.0,,2015-08-02,record_date,single_visit,,,8.0904,0.001,1,burned,0,FireALT 기여 자료(lastNm 열): Natali,firealt_talucci2025:firealt_talucci2025_0527,ok,"기여자 Natali; siteId BCB; plot 3개; 연중 방문 1회(8월 1일 이후 1회); msrType active; 식생 EN; 영구동토 분포 D; 생태지역 Interior Alaska-Yukon lowland taiga; 화재 연도 1983,2015, 화재 후 경과 연수 0,32; 측정값 묶음이 같은 날짜의 다른 지점과 같다(지점 5곳, 값 중복도 2)"
firealt_talucci2025,firealt_talucci2025_0532,Douglas TF10 (burned),64.715769,-148.009611,2011,9,105.1458,probe,direct_eos,48,United States,Alaska,"Talucci, A., Loranty, M., Holloway, J., Rogers, B., Alexander, H., et al. (2024) FireALT dataset: estimated active layer thickness for paired burned unburned sites measured from 2001-2023. NSF Arctic Data Center. https://doi.org/10.18739/A2RN3092P. 자료 논문: Talucci, A. C., et al. (2025) Permafrost-wildfire interactions: active layer thickness estimates for paired burned and unburned sites in northern high latitudes. Earth System Science Data 17, 2887-2909, https://doi.org/10.5194/essd-17-2887-2025",CC BY 4.0,,2011-09-20,record_date,single_visit,,,16.9743,0.000001,1,burned,0,FireALT 기여 자료(lastNm 열): Douglas and Jorgenson,,ok,"기여자 Douglas; siteId TF10; plot 48개; 연중 방문 1회(8월 1일 이후 1회); msrType active; 식생 EN; 영구동토 분포 D; 생태지역 Interior Alaska-Yukon lowland taiga; 화재 연도 2010, 화재 후 경과 연수 1; 원좌표 문자열 2개를 소수 4자리에서 묶음"
firealt_talucci2025,firealt_talucci2025_0532,Douglas TF10 (burned),64.715769,-148.009611,2012,8,130.7083,probe,direct_eos,24,United States,Alaska,"Talucci, A., Loranty, M., Holloway, J., Rogers, B., Alexander, H., et al. (2024) FireALT dataset: estimated active layer thickness for paired burned unburned sites measured from 2001-2023. NSF Arctic Data Center. https://doi.org/10.18739/A2RN3092P. 자료 논문: Talucci, A. C., et al. (2025) Permafrost-wildfire interactions: active layer thickness estimates for paired burned and unburned sites in northern high latitudes. Earth System Science Data 17, 2887-2909, https://doi.org/10.5194/essd-17-2887-2025",CC BY 4.0,,2012-08-24,record_date,single_visit,,,25.9975,0.000001,1,burned,0,FireALT 기여 자료(lastNm 열): Douglas and Jorgenson,,ok,"기여자 Douglas; siteId TF10; plot 24개; 연중 방문 1회(8월 1일 이후 1회); msrType active; 식생 EN; 영구동토 분포 D; 생태지역 Interior Alaska-Yukon lowland taiga; 화재 연도 2010, 화재 후 경과 연수 2; 원좌표 문자열 2개를 소수 4자리에서 묶음"
firealt_talucci2025,firealt_talucci2025_0532,Douglas TF10 (burned),64.715769,-148.009611,2013,9,152.2273,probe,direct_eos,44,United States,Alaska,"Talucci, A., Loranty, M., Holloway, J., Rogers, B., Alexander, H., et al. (2024) FireALT dataset: estimated active layer thickness for paired burned unburned sites measured from 2001-2023. NSF Arctic Data Center. https://doi.org/10.18739/A2RN3092P. 자료 논문: Talucci, A. C., et al. (2025) Permafrost-wildfire interactions: active layer thickness estimates for paired burned and unburned sites in northern high latitudes. Earth System Science Data 17, 2887-2909, https://doi.org/10.5194/essd-17-2887-2025",CC BY 4.0,,2013-09-16,record_date,single_visit,,,35.9359,0.000001,1,burned,0,FireALT 기여 자료(lastNm 열): Douglas and Jorgenson,,ok,"기여자 Douglas; siteId TF10; plot 44개; 연중 방문 1회(8월 1일 이후 1회); msrType active; 식생 EN; 영구동토 분포 D; 생태지역 Interior Alaska-Yukon lowland taiga; 화재 연도 2010, 화재 후 경과 연수 3; 원좌표 문자열 2개를 소수 4자리에서 묶음"
firealt_talucci2025,firealt_talucci2025_0532,Douglas TF10 (burned),64.715769,-148.009611,2014,10,166,probe,direct_dated,36,United States,Alaska,"Talucci, A., Loranty, M., Holloway, J., Rogers, B., Alexander, H., et al. (2024) FireALT dataset: estimated active layer thickness for paired burned unburned sites measured from 2001-2023. NSF Arctic Data Center. https://doi.org/10.18739/A2RN3092P. 자료 논문: Talucci, A. C., et al. (2025) Permafrost-wildfire interactions: active layer thickness estimates for paired burned and unburned sites in northern high latitudes. Earth System Science Data 17, 2887-2909, https://doi.org/10.5194/essd-17-2887-2025",CC BY 4.0,,2014-10-02,none,single_visit,,,24.996,0.000001,1,burned,0,FireALT 기여 자료(lastNm 열): Douglas and Jorgenson,,ok,"기여자 Douglas; siteId TF10; plot 36개; 연중 방문 1회(8월 1일 이후 1회); msrType active; 식생 EN; 영구동토 분포 D; 생태지역 Interior Alaska-Yukon lowland taiga; 화재 연도 2010, 화재 후 경과 연수 4; 원좌표 문자열 2개를 소수 4자리에서 묶음"
firealt_talucci2025,firealt_talucci2025_0532,Douglas TF10 (burned),64.715769,-148.009611,2018,10,314.4091,probe,direct_dated,22,United States,Alaska,"Talucci, A., Loranty, M., Holloway, J., Rogers, B., Alexander, H., et al. (2024) FireALT dataset: estimated active layer thickness for paired burned unburned sites measured from 2001-2023. NSF Arctic Data Center. https://doi.org/10.18739/A2RN3092P. 자료 논문: Talucci, A. C., et al. (2025) Permafrost-wildfire interactions: active layer thickness estimates for paired burned and unburned sites in northern high latitudes. Earth System Science Data 17, 2887-2909, https://doi.org/10.5194/essd-17-2887-2025",CC BY 4.0,,2018-10-04,none,single_visit,,,34.3007,0.000001,1,burned,0,FireALT 기여 자료(lastNm 열): Douglas and Jorgenson,,ok,"기여자 Douglas; siteId TF10; plot 22개; 연중 방문 1회(8월 1일 이후 1회); msrType active; 식생 EN; 영구동토 분포 D; 생태지역 Interior Alaska-Yukon lowland taiga; 화재 연도 2010, 화재 후 경과 연수 8; 원좌표 문자열 2개를 소수 4자리에서 묶음"
firealt_talucci2025,firealt_talucci2025_0532,Douglas TF10 (burned),64.715769,-148.009611,2020,9,293.4839,probe,direct_eos,31,United States,Alaska,"Talucci, A., Loranty, M., Holloway, J., Rogers, B., Alexander, H., et al. (2024) FireALT dataset: estimated active layer thickness for paired burned unburned sites measured from 2001-2023. NSF Arctic Data Center. https://doi.org/10.18739/A2RN3092P. 자료 논문: Talucci, A. C., et al. (2025) Permafrost-wildfire interactions: active layer thickness estimates for paired burned and unburned sites in northern high latitudes. Earth System Science Data 17, 2887-2909, https://doi.org/10.5194/essd-17-2887-2025",CC BY 4.0,,2020-09-30,record_date,single_visit,,,35.5498,0.000001,1,burned,0,FireALT 기여 자료(lastNm 열): Douglas and Jorgenson,,ok,"기여자 Douglas; siteId TF10; plot 31개; 연중 방문 1회(8월 1일 이후 1회); msrType active; 식생 EN; 영구동토 분포 D; 생태지역 Interior Alaska-Yukon lowland taiga; 화재 연도 2010, 화재 후 경과 연수 10; 원좌표 문자열 2개를 소수 4자리에서 묶음"
firealt_talucci2025,firealt_talucci2025_0533,Douglas Farmers CALM (unburned),64.876460,-147.667090,2005,10,57.5124,probe,direct_dated,121,United States,Alaska,"Talucci, A., Loranty, M., Holloway, J., Rogers, B., Alexander, H., et al. (2024) FireALT dataset: estimated active layer thickness for paired burned unburned sites measured from 2001-2023. NSF Arctic Data Center. https://doi.org/10.18739/A2RN3092P. 자료 논문: Talucci, A. C., et al. (2025) Permafrost-wildfire interactions: active layer thickness estimates for paired burned and unburned sites in northern high latitudes. Earth System Science Data 17, 2887-2909, https://doi.org/10.5194/essd-17-2887-2025",CC BY 4.0,,2005-10-06,none,single_visit,,,8.3448,0.00001,0,,0,FireALT 기여 자료(lastNm 열): Douglas and Jorgenson,,ok,기여자 Douglas; siteId Farmers CALM; plot 121개; 연중 방문 1회(8월 1일 이후 1회); msrType active; 식생 EN; 영구동토 분포 D; 생태지역 Interior Alaska-Yukon lowland taiga; 원좌표 문자열 2개를 소수 4자리에서 묶음; v3 F4_direct 셀 14313(United States (Alaska))과 체비쇼프 0.0035° 로 0.01° 이내
firealt_talucci2025,firealt_talucci2025_0533,Douglas Farmers CALM (unburned),64.876460,-147.667090,2006,10,53.5372,probe,direct_dated,121,United States,Alaska,"Talucci, A., Loranty, M., Holloway, J., Rogers, B., Alexander, H., et al. (2024) FireALT dataset: estimated active layer thickness for paired burned unburned sites measured from 2001-2023. NSF Arctic Data Center. https://doi.org/10.18739/A2RN3092P. 자료 논문: Talucci, A. C., et al. (2025) Permafrost-wildfire interactions: active layer thickness estimates for paired burned and unburned sites in northern high latitudes. Earth System Science Data 17, 2887-2909, https://doi.org/10.5194/essd-17-2887-2025",CC BY 4.0,,2006-10-06,none,single_visit,,,7.4722,0.00001,0,,0,FireALT 기여 자료(lastNm 열): Douglas and Jorgenson,,ok,기여자 Douglas; siteId Farmers CALM; plot 121개; 연중 방문 1회(8월 1일 이후 1회); msrType active; 식생 EN; 영구동토 분포 D; 생태지역 Interior Alaska-Yukon lowland taiga; 원좌표 문자열 2개를 소수 4자리에서 묶음; v3 F4_direct 셀 14313(United States (Alaska))과 체비쇼프 0.0035° 로 0.01° 이내
firealt_talucci2025,firealt_talucci2025_0533,Douglas Farmers CALM (unburned),64.876460,-147.667090,2007,10,57.3058,probe,direct_dated,121,United States,Alaska,"Talucci, A., Loranty, M., Holloway, J., Rogers, B., Alexander, H., et al. (2024) FireALT dataset: estimated active layer thickness for paired burned unburned sites measured from 2001-2023. NSF Arctic Data Center. https://doi.org/10.18739/A2RN3092P. 자료 논문: Talucci, A. C., et al. (2025) Permafrost-wildfire interactions: active layer thickness estimates for paired burned and unburned sites in northern high latitudes. Earth System Science Data 17, 2887-2909, https://doi.org/10.5194/essd-17-2887-2025",CC BY 4.0,,2007-10-02,none,single_visit,,,8.0009,0.00001,0,,0,FireALT 기여 자료(lastNm 열): Douglas and Jorgenson,,ok,기여자 Douglas; siteId Farmers CALM; plot 121개; 연중 방문 1회(8월 1일 이후 1회); msrType active; 식생 EN; 영구동토 분포 D; 생태지역 Interior Alaska-Yukon lowland taiga; 원좌표 문자열 2개를 소수 4자리에서 묶음; v3 F4_direct 셀 14313(United States (Alaska))과 체비쇼프 0.0035° 로 0.01° 이내
firealt_talucci2025,firealt_talucci2025_0533,Douglas Farmers CALM (unburned),64.876460,-147.667090,2008,10,57.124,probe,direct_dated,121,United States,Alaska,"Talucci, A., Loranty, M., Holloway, J., Rogers, B., Alexander, H., et al. (2024) FireALT dataset: estimated active layer thickness for paired burned unburned sites measured from 2001-2023. NSF Arctic Data Center. https://doi.org/10.18739/A2RN3092P. 자료 논문: Talucci, A. C., et al. (2025) Permafrost-wildfire interactions: active layer thickness estimates for paired burned and unburned sites in northern high latitudes. Earth System Science Data 17, 2887-2909, https://doi.org/10.5194/essd-17-2887-2025",CC BY 4.0,,2008-10-16,none,single_visit,,,7.067,0.00001,0,,0,FireALT 기여 자료(lastNm 열): Douglas and Jorgenson,,ok,기여자 Douglas; siteId Farmers CALM; plot 121개; 연중 방문 1회(8월 1일 이후 1회); msrType active; 식생 EN; 영구동토 분포 D; 생태지역 Interior Alaska-Yukon lowland taiga; 원좌표 문자열 2개를 소수 4자리에서 묶음; v3 F4_direct 셀 14313(United States (Alaska))과 체비쇼프 0.0035° 로 0.01° 이내
firealt_talucci2025,firealt_talucci2025_0533,Douglas Farmers CALM (unburned),64.876460,-147.667090,2009,10,52.6694,probe,direct_dated,121,United States,Alaska,"Talucci, A., Loranty, M., Holloway, J., Rogers, B., Alexander, H., et al. (2024) FireALT dataset: estimated active layer thickness for paired burned unburned sites measured from 2001-2023. NSF Arctic Data Center. https://doi.org/10.18739/A2RN3092P. 자료 논문: Talucci, A. C., et al. (2025) Permafrost-wildfire interactions: active layer thickness estimates for paired burned and unburned sites in northern high latitudes. Earth System Science Data 17, 2887-2909, https://doi.org/10.5194/essd-17-2887-2025",CC BY 4.0,,2009-10-09,none,single_visit,,,7.3228,0.00001,0,,0,FireALT 기여 자료(lastNm 열): Douglas and Jorgenson,,ok,기여자 Douglas; siteId Farmers CALM; plot 121개; 연중 방문 1회(8월 1일 이후 1회); msrType active; 식생 EN; 영구동토 분포 D; 생태지역 Interior Alaska-Yukon lowland taiga; 원좌표 문자열 2개를 소수 4자리에서 묶음; v3 F4_direct 셀 14313(United States (Alaska))과 체비쇼프 0.0035° 로 0.01° 이내
firealt_talucci2025,firealt_talucci2025_0533,Douglas Farmers CALM (unburned),64.876460,-147.667090,2010,10,56.8099,probe,direct_dated,121,United States,Alaska,"Talucci, A., Loranty, M., Holloway, J., Rogers, B., Alexander, H., et al. (2024) FireALT dataset: estimated active layer thickness for paired burned unburned sites measured from 2001-2023. NSF Arctic Data Center. https://doi.org/10.18739/A2RN3092P. 자료 논문: Talucci, A. C., et al. (2025) Permafrost-wildfire interactions: active layer thickness estimates for paired burned and unburned sites in northern high latitudes. Earth System Science Data 17, 2887-2909, https://doi.org/10.5194/essd-17-2887-2025",CC BY 4.0,,2010-10-08,none,single_visit,,,8.4738,0.00001,0,,0,FireALT 기여 자료(lastNm 열): Douglas and Jorgenson,,ok,기여자 Douglas; siteId Farmers CALM; plot 121개; 연중 방문 1회(8월 1일 이후 1회); msrType active; 식생 EN; 영구동토 분포 D; 생태지역 Interior Alaska-Yukon lowland taiga; 원좌표 문자열 2개를 소수 4자리에서 묶음; v3 F4_direct 셀 14313(United States (Alaska))과 체비쇼프 0.0035° 로 0.01° 이내
firealt_talucci2025,firealt_talucci2025_0533,Douglas Farmers CALM (unburned),64.876460,-147.667090,2011,10,56.7603,probe,direct_dated,121,United States,Alaska,"Talucci, A., Loranty, M., Holloway, J., Rogers, B., Alexander, H., et al. (2024) FireALT dataset: estimated active layer thickness for paired burned unburned sites measured from 2001-2023. NSF Arctic Data Center. https://doi.org/10.18739/A2RN3092P. 자료 논문: Talucci, A. C., et al. (2025) Permafrost-wildfire interactions: active layer thickness estimates for paired burned and unburned sites in northern high latitudes. Earth System Science Data 17, 2887-2909, https://doi.org/10.5194/essd-17-2887-2025",CC BY 4.0,,2011-10-13,none,single_visit,,,7.4532,0.00001,0,,0,FireALT 기여 자료(lastNm 열): Douglas and Jorgenson,,ok,기여자 Douglas; siteId Farmers CALM; plot 121개; 연중 방문 1회(8월 1일 이후 1회); msrType active; 식생 EN; 영구동토 분포 D; 생태지역 Interior Alaska-Yukon lowland taiga; 원좌표 문자열 2개를 소수 4자리에서 묶음; v3 F4_direct 셀 14313(United States (Alaska))과 체비쇼프 0.0035° 로 0.01° 이내
firealt_talucci2025,firealt_talucci2025_0533,Douglas Farmers CALM (unburned),64.876460,-147.667090,2012,10,57.405,probe,direct_dated,121,United States,Alaska,"Talucci, A., Loranty, M., Holloway, J., Rogers, B., Alexander, H., et al. (2024) FireALT dataset: estimated active layer thickness for paired burned unburned sites measured from 2001-2023. NSF Arctic Data Center. https://doi.org/10.18739/A2RN3092P. 자료 논문: Talucci, A. C., et al. (2025) Permafrost-wildfire interactions: active layer thickness estimates for paired burned and unburned sites in northern high latitudes. Earth System Science Data 17, 2887-2909, https://doi.org/10.5194/essd-17-2887-2025",CC BY 4.0,,2012-10-04,none,single_visit,,,8.0887,0.00001,0,,0,FireALT 기여 자료(lastNm 열): Douglas and Jorgenson,,ok,기여자 Douglas; siteId Farmers CALM; plot 121개; 연중 방문 1회(8월 1일 이후 1회); msrType active; 식생 EN; 영구동토 분포 D; 생태지역 Interior Alaska-Yukon lowland taiga; 원좌표 문자열 2개를 소수 4자리에서 묶음; v3 F4_direct 셀 14313(United States (Alaska))과 체비쇼프 0.0035° 로 0.01° 이내
firealt_talucci2025,firealt_talucci2025_0533,Douglas Farmers CALM (unburned),64.876460,-147.667090,2013,10,55.2975,probe,direct_dated,121,United States,Alaska,"Talucci, A., Loranty, M., Holloway, J., Rogers, B., Alexander, H., et al. (2024) FireALT dataset: estimated active layer thickness for paired burned unburned sites measured from 2001-2023. NSF Arctic Data Center. https://doi.org/10.18739/A2RN3092P. 자료 논문: Talucci, A. C., et al. (2025) Permafrost-wildfire interactions: active layer thickness estimates for paired burned and unburned sites in northern high latitudes. Earth System Science Data 17, 2887-2909, https://doi.org/10.5194/essd-17-2887-2025",CC BY 4.0,,2013-10-08,none,single_visit,,,7.7553,0.00001,0,,0,FireALT 기여 자료(lastNm 열): Douglas and Jorgenson,,ok,기여자 Douglas; siteId Farmers CALM; plot 121개; 연중 방문 1회(8월 1일 이후 1회); msrType active; 식생 EN; 영구동토 분포 D; 생태지역 Interior Alaska-Yukon lowland taiga; 원좌표 문자열 2개를 소수 4자리에서 묶음; v3 F4_direct 셀 14313(United States (Alaska))과 체비쇼프 0.0035° 로 0.01° 이내
firealt_talucci2025,firealt_talucci2025_0533,Douglas Farmers CALM (unburned),64.876460,-147.667090,2014,10,58.9256,probe,direct_dated,121,United States,Alaska,"Talucci, A., Loranty, M., Holloway, J., Rogers, B., Alexander, H., et al. (2024) FireALT dataset: estimated active layer thickness for paired burned unburned sites measured from 2001-2023. NSF Arctic Data Center. https://doi.org/10.18739/A2RN3092P. 자료 논문: Talucci, A. C., et al. (2025) Permafrost-wildfire interactions: active layer thickness estimates for paired burned and unburned sites in northern high latitudes. Earth System Science Data 17, 2887-2909, https://doi.org/10.5194/essd-17-2887-2025",CC BY 4.0,,2014-10-08,none,single_visit,,,8.6102,0.00001,0,,0,FireALT 기여 자료(lastNm 열): Douglas and Jorgenson,,ok,기여자 Douglas; siteId Farmers CALM; plot 121개; 연중 방문 1회(8월 1일 이후 1회); msrType active; 식생 EN; 영구동토 분포 D; 생태지역 Interior Alaska-Yukon lowland taiga; 원좌표 문자열 2개를 소수 4자리에서 묶음; v3 F4_direct 셀 14313(United States (Alaska))과 체비쇼프 0.0035° 로 0.01° 이내
firealt_talucci2025,firealt_talucci2025_0533,Douglas Farmers CALM (unburned),64.876460,-147.667090,2015,10,55.7769,probe,direct_dated,121,United States,Alaska,"Talucci, A., Loranty, M., Holloway, J., Rogers, B., Alexander, H., et al. (2024) FireALT dataset: estimated active layer thickness for paired burned unburned sites measured from 2001-2023. NSF Arctic Data Center. https://doi.org/10.18739/A2RN3092P. 자료 논문: Talucci, A. C., et al. (2025) Permafrost-wildfire interactions: active layer thickness estimates for paired burned and unburned sites in northern high latitudes. Earth System Science Data 17, 2887-2909, https://doi.org/10.5194/essd-17-2887-2025",CC BY 4.0,,2015-10-01,none,single_visit,,,7.9786,0.00001,0,,0,FireALT 기여 자료(lastNm 열): Douglas and Jorgenson,,ok,기여자 Douglas; siteId Farmers CALM; plot 121개; 연중 방문 1회(8월 1일 이후 1회); msrType active; 식생 EN; 영구동토 분포 D; 생태지역 Interior Alaska-Yukon lowland taiga; 원좌표 문자열 2개를 소수 4자리에서 묶음; v3 F4_direct 셀 14313(United States (Alaska))과 체비쇼프 0.0035° 로 0.01° 이내
firealt_talucci2025,firealt_talucci2025_0533,Douglas Farmers CALM (unburned),64.876460,-147.667090,2016,9,61.6942,probe,direct_eos,121,United States,Alaska,"Talucci, A., Loranty, M., Holloway, J., Rogers, B., Alexander, H., et al. (2024) FireALT dataset: estimated active layer thickness for paired burned unburned sites measured from 2001-2023. NSF Arctic Data Center. https://doi.org/10.18739/A2RN3092P. 자료 논문: Talucci, A. C., et al. (2025) Permafrost-wildfire interactions: active layer thickness estimates for paired burned and unburned sites in northern high latitudes. Earth System Science Data 17, 2887-2909, https://doi.org/10.5194/essd-17-2887-2025",CC BY 4.0,,2016-09-27,record_date,single_visit,,,8.6688,0.00001,0,,0,FireALT 기여 자료(lastNm 열): Douglas and Jorgenson,,ok,기여자 Douglas; siteId Farmers CALM; plot 121개; 연중 방문 1회(8월 1일 이후 1회); msrType active; 식생 EN; 영구동토 분포 D; 생태지역 Interior Alaska-Yukon lowland taiga; 원좌표 문자열 2개를 소수 4자리에서 묶음; v3 F4_direct 셀 14313(United States (Alaska))과 체비쇼프 0.0035° 로 0.01° 이내
firealt_talucci2025,firealt_talucci2025_0533,Douglas Farmers CALM (unburned),64.876460,-147.667090,2017,9,60.4132,probe,direct_eos,121,United States,Alaska,"Talucci, A., Loranty, M., Holloway, J., Rogers, B., Alexander, H., et al. (2024) FireALT dataset: estimated active layer thickness for paired burned unburned sites measured from 2001-2023. NSF Arctic Data Center. https://doi.org/10.18739/A2RN3092P. 자료 논문: Talucci, A. C., et al. (2025) Permafrost-wildfire interactions: active layer thickness estimates for paired burned and unburned sites in northern high latitudes. Earth System Science Data 17, 2887-2909, https://doi.org/10.5194/essd-17-2887-2025",CC BY 4.0,,2017-09-27,record_date,single_visit,,,8.4879,0.00001,0,,0,FireALT 기여 자료(lastNm 열): Douglas and Jorgenson,,ok,기여자 Douglas; siteId Farmers CALM; plot 121개; 연중 방문 1회(8월 1일 이후 1회); msrType active; 식생 EN; 영구동토 분포 D; 생태지역 Interior Alaska-Yukon lowland taiga; 원좌표 문자열 2개를 소수 4자리에서 묶음; v3 F4_direct 셀 14313(United States (Alaska))과 체비쇼프 0.0035° 로 0.01° 이내
firealt_talucci2025,firealt_talucci2025_0533,Douglas Farmers CALM (unburned),64.876460,-147.667090,2018,10,61.8264,probe,direct_dated,121,United States,Alaska,"Talucci, A., Loranty, M., Holloway, J., Rogers, B., Alexander, H., et al. (2024) FireALT dataset: estimated active layer thickness for paired burned unburned sites measured from 2001-2023. NSF Arctic Data Center. https://doi.org/10.18739/A2RN3092P. 자료 논문: Talucci, A. C., et al. (2025) Permafrost-wildfire interactions: active layer thickness estimates for paired burned and unburned sites in northern high latitudes. Earth System Science Data 17, 2887-2909, https://doi.org/10.5194/essd-17-2887-2025",CC BY 4.0,,2018-10-08,none,single_visit,,,8.786,0.00001,0,,0,FireALT 기여 자료(lastNm 열): Douglas and Jorgenson,,ok,기여자 Douglas; siteId Farmers CALM; plot 121개; 연중 방문 1회(8월 1일 이후 1회); msrType active; 식생 EN; 영구동토 분포 D; 생태지역 Interior Alaska-Yukon lowland taiga; 원좌표 문자열 2개를 소수 4자리에서 묶음; v3 F4_direct 셀 14313(United States (Alaska))과 체비쇼프 0.0035° 로 0.01° 이내
firealt_talucci2025,firealt_talucci2025_0533,Douglas Farmers CALM (unburned),64.876460,-147.667090,2019,10,64.3636,probe,direct_dated,121,United States,Alaska,"Talucci, A., Loranty, M., Holloway, J., Rogers, B., Alexander, H., et al. (2024) FireALT dataset: estimated active layer thickness for paired burned unburned sites measured from 2001-2023. NSF Arctic Data Center. https://doi.org/10.18739/A2RN3092P. 자료 논문: Talucci, A. C., et al. (2025) Permafrost-wildfire interactions: active layer thickness estimates for paired burned and unburned sites in northern high latitudes. Earth System Science Data 17, 2887-2909, https://doi.org/10.5194/essd-17-2887-2025",CC BY 4.0,,2019-10-03,none,single_visit,,,10.8612,0.00001,0,,0,FireALT 기여 자료(lastNm 열): Douglas and Jorgenson,,ok,기여자 Douglas; siteId Farmers CALM; plot 121개; 연중 방문 1회(8월 1일 이후 1회); msrType active; 식생 EN; 영구동토 분포 D; 생태지역 Interior Alaska-Yukon lowland taiga; 원좌표 문자열 2개를 소수 4자리에서 묶음; v3 F4_direct 셀 14313(United States (Alaska))과 체비쇼프 0.0035° 로 0.01° 이내
firealt_talucci2025,firealt_talucci2025_0533,Douglas Farmers CALM (unburned),64.876460,-147.667090,2020,10,67.2975,probe,direct_dated,121,United States,Alaska,"Talucci, A., Loranty, M., Holloway, J., Rogers, B., Alexander, H., et al. (2024) FireALT dataset: estimated active layer thickness for paired burned unburned sites measured from 2001-2023. NSF Arctic Data Center. https://doi.org/10.18739/A2RN3092P. 자료 논문: Talucci, A. C., et al. (2025) Permafrost-wildfire interactions: active layer thickness estimates for paired burned and unburned sites in northern high latitudes. Earth System Science Data 17, 2887-2909, https://doi.org/10.5194/essd-17-2887-2025",CC BY 4.0,,2020-10-05,none,single_visit,,,12.0725,0.00001,0,,0,FireALT 기여 자료(lastNm 열): Douglas and Jorgenson,,ok,기여자 Douglas; siteId Farmers CALM; plot 121개; 연중 방문 1회(8월 1일 이후 1회); msrType active; 식생 EN; 영구동토 분포 D; 생태지역 Interior Alaska-Yukon lowland taiga; 원좌표 문자열 2개를 소수 4자리에서 묶음; v3 F4_direct 셀 14313(United States (Alaska))과 체비쇼프 0.0035° 로 0.01° 이내
firealt_talucci2025,firealt_talucci2025_0534,Natali NCU_NEW (unburned),65.28537,-146.5598,2018,7,59.4,probe,direct_dated,15,United States,Alaska,"Talucci, A., Loranty, M., Holloway, J., Rogers, B., Alexander, H., et al. (2024) FireALT dataset: estimated active layer thickness for paired burned unburned sites measured from 2001-2023. NSF Arctic Data Center. https://doi.org/10.18739/A2RN3092P. 자료 논문: Talucci, A. C., et al. (2025) Permafrost-wildfire interactions: active layer thickness estimates for paired burned and unburned sites in northern high latitudes. Earth System Science Data 17, 2887-2909, https://doi.org/10.5194/essd-17-2887-2025",CC BY 4.0,,2018-07-07,none,single_visit,,,19.5806,0.0001,0,,0,FireALT 기여 자료(lastNm 열): Natali,,ok,기여자 Natali; siteId NCU_NEW; plot 1개; 연중 방문 1회(8월 1일 이후 0회); msrType thaw; 식생 EN; 영구동토 분포 D; 생태지역 Interior Alaska-Yukon lowland taiga
firealt_talucci2025,firealt_talucci2025_0535,Natali NCU_NEW (unburned),65.28548,-146.5603,2018,7,38.1667,probe,direct_dated,12,United States,Alaska,"Talucci, A., Loranty, M., Holloway, J., Rogers, B., Alexander, H., et al. (2024) FireALT dataset: estimated active layer thickness for paired burned unburned sites measured from 2001-2023. NSF Arctic Data Center. https://doi.org/10.18739/A2RN3092P. 자료 논문: Talucci, A. C., et al. (2025) Permafrost-wildfire interactions: active layer thickness estimates for paired burned and unburned sites in northern high latitudes. Earth System Science Data 17, 2887-2909, https://doi.org/10.5194/essd-17-2887-2025",CC BY 4.0,,2018-07-07,none,single_visit,,,10.5558,0.0001,0,,0,FireALT 기여 자료(lastNm 열): Natali,,ok,기여자 Natali; siteId NCU_NEW; plot 1개; 연중 방문 1회(8월 1일 이후 0회); msrType thaw; 식생 EN; 영구동토 분포 D; 생태지역 Interior Alaska-Yukon lowland taiga
firealt_talucci2025,firealt_talucci2025_0536,Natali NCU_NEW (unburned),65.28552,-146.56,2018,7,46.3077,probe,direct_dated,13,United States,Alaska,"Talucci, A., Loranty, M., Holloway, J., Rogers, B., Alexander, H., et al. (2024) FireALT dataset: estimated active layer thickness for paired burned unburned sites measured from 2001-2023. NSF Arctic Data Center. https://doi.org/10.18739/A2RN3092P. 자료 논문: Talucci, A. C., et al. (2025) Permafrost-wildfire interactions: active layer thickness estimates for paired burned and unburned sites in northern high latitudes. Earth System Science Data 17, 2887-2909, https://doi.org/10.5194/essd-17-2887-2025",CC BY 4.0,,2018-07-07,none,single_visit,,,20.2295,0.01,0,,0,FireALT 기여 자료(lastNm 열): Natali,,ok,기여자 Natali; siteId NCU_NEW; plot 1개; 연중 방문 1회(8월 1일 이후 0회); msrType thaw; 식생 EN; 영구동토 분포 D; 생태지역 Interior Alaska-Yukon lowland taiga
firealt_talucci2025,firealt_talucci2025_0537,Natali NCU_NEW (unburned),65.28573,-146.5597,2018,7,37.2667,probe,direct_dated,15,United States,Alaska,"Talucci, A., Loranty, M., Holloway, J., Rogers, B., Alexander, H., et al. (2024) FireALT dataset: estimated active layer thickness for paired burned unburned sites measured from 2001-2023. NSF Arctic Data Center. https://doi.org/10.18739/A2RN3092P. 자료 논문: Talucci, A. C., et al. (2025) Permafrost-wildfire interactions: active layer thickness estimates for paired burned and unburned sites in northern high latitudes. Earth System Science Data 17, 2887-2909, https://doi.org/10.5194/essd-17-2887-2025",CC BY 4.0,,2018-07-07,none,single_visit,,,21.0831,0.0001,0,,0,FireALT 기여 자료(lastNm 열): Natali,,ok,기여자 Natali; siteId NCU_NEW; plot 1개; 연중 방문 1회(8월 1일 이후 0회); msrType thaw; 식생 EN; 영구동토 분포 D; 생태지역 Interior Alaska-Yukon lowland taiga
firealt_talucci2025,firealt_talucci2025_0538,Natali NCB_NEW (burned),65.28572,-146.558,2018,8,126.3077,probe,direct_eos,13,United States,Alaska,"Talucci, A., Loranty, M., Holloway, J., Rogers, B., Alexander, H., et al. (2024) FireALT dataset: estimated active layer thickness for paired burned unburned sites measured from 2001-2023. NSF Arctic Data Center. https://doi.org/10.18739/A2RN3092P. 자료 논문: Talucci, A. C., et al. (2025) Permafrost-wildfire interactions: active layer thickness estimates for paired burned and unburned sites in northern high latitudes. Earth System Science Data 17, 2887-2909, https://doi.org/10.5194/essd-17-2887-2025",CC BY 4.0,,2018-08-28,record_date,annual_value,,,12.9447,0.001,1,burned,0,FireALT 기여 자료(lastNm 열): Natali,,ok,"기여자 Natali; siteId NCB_NEW; plot 1개; 연중 방문 2회(8월 1일 이후 1회); msrType active; 식생 EN; 영구동토 분포 D; 생태지역 Interior Alaska-Yukon lowland taiga; 화재 연도 2004, 화재 후 경과 연수 14"
firealt_talucci2025,firealt_talucci2025_0539,Natali NCB_NEW (burned),65.28579,-146.5584,2018,8,83.2727,probe,direct_eos,11,United States,Alaska,"Talucci, A., Loranty, M., Holloway, J., Rogers, B., Alexander, H., et al. (2024) FireALT dataset: estimated active layer thickness for paired burned unburned sites measured from 2001-2023. NSF Arctic Data Center. https://doi.org/10.18739/A2RN3092P. 자료 논문: Talucci, A. C., et al. (2025) Permafrost-wildfire interactions: active layer thickness estimates for paired burned and unburned sites in northern high latitudes. Earth System Science Data 17, 2887-2909, https://doi.org/10.5194/essd-17-2887-2025",CC BY 4.0,,2018-08-28,record_date,annual_value,,,15.2059,0.0001,1,burned,0,FireALT 기여 자료(lastNm 열): Natali,,ok,"기여자 Natali; siteId NCB_NEW; plot 1개; 연중 방문 2회(8월 1일 이후 1회); msrType active; 식생 EN; 영구동토 분포 D; 생태지역 Interior Alaska-Yukon lowland taiga; 화재 연도 2015, 화재 후 경과 연수 3"
firealt_talucci2025,firealt_talucci2025_0540,Natali NCB_NEW (burned),65.28591,-146.5587,2018,7,41.8462,probe,direct_dated,13,United States,Alaska,"Talucci, A., Loranty, M., Holloway, J., Rogers, B., Alexander, H., et al. (2024) FireALT dataset: estimated active layer thickness for paired burned unburned sites measured from 2001-2023. NSF Arctic Data Center. https://doi.org/10.18739/A2RN3092P. 자료 논문: Talucci, A. C., et al. (2025) Permafrost-wildfire interactions: active layer thickness estimates for paired burned and unburned sites in northern high latitudes. Earth System Science Data 17, 2887-2909, https://doi.org/10.5194/essd-17-2887-2025",CC BY 4.0,,2018-07-07,none,single_visit,,,23.1691,0.0001,1,burned,0,FireALT 기여 자료(lastNm 열): Natali,,ok,"기여자 Natali; siteId NCB_NEW; plot 1개; 연중 방문 1회(8월 1일 이후 0회); msrType thaw; 식생 EN; 영구동토 분포 D; 생태지역 Interior Alaska-Yukon lowland taiga; 화재 연도 2004, 화재 후 경과 연수 14"
firealt_talucci2025,firealt_talucci2025_0541,Natali NCB_NEW (burned),65.28593,-146.5576,2018,8,89.6875,probe,direct_eos,16,United States,Alaska,"Talucci, A., Loranty, M., Holloway, J., Rogers, B., Alexander, H., et al. (2024) FireALT dataset: estimated active layer thickness for paired burned unburned sites measured from 2001-2023. NSF Arctic Data Center. https://doi.org/10.18739/A2RN3092P. 자료 논문: Talucci, A. C., et al. (2025) Permafrost-wildfire interactions: active layer thickness estimates for paired burned and unburned sites in northern high latitudes. Earth System Science Data 17, 2887-2909, https://doi.org/10.5194/essd-17-2887-2025",CC BY 4.0,,2018-08-28,record_date,annual_value,,,18.7642,0.0001,1,burned,0,FireALT 기여 자료(lastNm 열): Natali,,ok,"기여자 Natali; siteId NCB_NEW; plot 1개; 연중 방문 2회(8월 1일 이후 1회); msrType active; 식생 EN; 영구동토 분포 D; 생태지역 Interior Alaska-Yukon lowland taiga; 화재 연도 2004, 화재 후 경과 연수 14"
firealt_talucci2025,firealt_talucci2025_0542,Natali NCB_NEW (burned),65.28604,-146.5581,2018,8,81.4,probe,direct_eos,10,United States,Alaska,"Talucci, A., Loranty, M., Holloway, J., Rogers, B., Alexander, H., et al. (2024) FireALT dataset: estimated active layer thickness for paired burned unburned sites measured from 2001-2023. NSF Arctic Data Center. https://doi.org/10.18739/A2RN3092P. 자료 논문: Talucci, A. C., et al. (2025) Permafrost-wildfire interactions: active layer thickness estimates for paired burned and unburned sites in northern high latitudes. Earth System Science Data 17, 2887-2909, https://doi.org/10.5194/essd-17-2887-2025",CC BY 4.0,,2018-08-28,record_date,annual_value,,,18.9514,0.0001,1,burned,0,FireALT 기여 자료(lastNm 열): Natali,,ok,"기여자 Natali; siteId NCB_NEW; plot 1개; 연중 방문 2회(8월 1일 이후 1회); msrType active; 식생 EN; 영구동토 분포 D; 생태지역 Interior Alaska-Yukon lowland taiga; 화재 연도 2015, 화재 후 경과 연수 3"
firealt_talucci2025,firealt_talucci2025_0543,Natali NCB_NEW (burned),65.28616,-146.5584,2018,7,43.3333,probe,direct_dated,15,United States,Alaska,"Talucci, A., Loranty, M., Holloway, J., Rogers, B., Alexander, H., et al. (2024) FireALT dataset: estimated active layer thickness for paired burned unburned sites measured from 2001-2023. NSF Arctic Data Center. https://doi.org/10.18739/A2RN3092P. 자료 논문: Talucci, A. C., et al. (2025) Permafrost-wildfire interactions: active layer thickness estimates for paired burned and unburned sites in northern high latitudes. Earth System Science Data 17, 2887-2909, https://doi.org/10.5194/essd-17-2887-2025",CC BY 4.0,,2018-07-07,none,single_visit,,,15.5732,0.0001,1,burned,0,FireALT 기여 자료(lastNm 열): Natali,,ok,"기여자 Natali; siteId NCB_NEW; plot 1개; 연중 방문 1회(8월 1일 이후 0회); msrType thaw; 식생 EN; 영구동토 분포 D; 생태지역 Interior Alaska-Yukon lowland taiga; 화재 연도 2004, 화재 후 경과 연수 14"
firealt_talucci2025,firealt_talucci2025_0544,Natali NCB_OLD (burned),65.33992,-146.9103,2017,6,19.75,probe,direct_dated,16,United States,Alaska,"Talucci, A., Loranty, M., Holloway, J., Rogers, B., Alexander, H., et al. (2024) FireALT dataset: estimated active layer thickness for paired burned unburned sites measured from 2001-2023. NSF Arctic Data Center. https://doi.org/10.18739/A2RN3092P. 자료 논문: Talucci, A. C., et al. (2025) Permafrost-wildfire interactions: active layer thickness estimates for paired burned and unburned sites in northern high latitudes. Earth System Science Data 17, 2887-2909, https://doi.org/10.5194/essd-17-2887-2025",CC BY 4.0,,2017-06-13,none,single_visit,,,6.8654,0.0001,1,burned,0,FireALT 기여 자료(lastNm 열): Natali,,ok,"기여자 Natali; siteId NCB_OLD; plot 1개; 연중 방문 1회(8월 1일 이후 0회); msrType thaw; 식생 EN; 영구동토 분포 D; 생태지역 Interior Alaska-Yukon lowland taiga; 화재 연도 2004, 화재 후 경과 연수 13; v3 F4_direct 셀 264(ABoVE_AK)과 체비쇼프 0.0000° 로 0.01° 이내"
firealt_talucci2025,firealt_talucci2025_0545,Natali NCB_OLD (burned),65.33986,-146.91,2017,6,15.0625,probe,direct_dated,16,United States,Alaska,"Talucci, A., Loranty, M., Holloway, J., Rogers, B., Alexander, H., et al. (2024) FireALT dataset: estimated active layer thickness for paired burned unburned sites measured from 2001-2023. NSF Arctic Data Center. https://doi.org/10.18739/A2RN3092P. 자료 논문: Talucci, A. C., et al. (2025) Permafrost-wildfire interactions: active layer thickness estimates for paired burned and unburned sites in northern high latitudes. Earth System Science Data 17, 2887-2909, https://doi.org/10.5194/essd-17-2887-2025",CC BY 4.0,,2017-06-13,none,single_visit,,,3.2755,0.01,1,burned,0,FireALT 기여 자료(lastNm 열): Natali,,ok,"기여자 Natali; siteId NCB_OLD; plot 1개; 연중 방문 1회(8월 1일 이후 0회); msrType thaw; 식생 EN; 영구동토 분포 D; 생태지역 Interior Alaska-Yukon lowland taiga; 화재 연도 2004, 화재 후 경과 연수 13; v3 F4_direct 셀 269(ABoVE_AK)과 체비쇼프 0.0000° 로 0.01° 이내"
firealt_talucci2025,firealt_talucci2025_0546,Natali NCB_OLD (burned),65.33995,-146.9107,2017,6,18.6875,probe,direct_dated,16,United States,Alaska,"Talucci, A., Loranty, M., Holloway, J., Rogers, B., Alexander, H., et al. (2024) FireALT dataset: estimated active layer thickness for paired burned unburned sites measured from 2001-2023. NSF Arctic Data Center. https://doi.org/10.18739/A2RN3092P. 자료 논문: Talucci, A. C., et al. (2025) Permafrost-wildfire interactions: active layer thickness estimates for paired burned and unburned sites in northern high latitudes. Earth System Science Data 17, 2887-2909, https://doi.org/10.5194/essd-17-2887-2025",CC BY 4.0,,2017-06-13,none,single_visit,,,6.75,0.0001,1,burned,0,FireALT 기여 자료(lastNm 열): Natali,,ok,"기여자 Natali; siteId NCB_OLD; plot 1개; 연중 방문 1회(8월 1일 이후 0회); msrType thaw; 식생 EN; 영구동토 분포 D; 생태지역 Interior Alaska-Yukon lowland taiga; 화재 연도 2015, 화재 후 경과 연수 2; v3 F4_direct 셀 258(ABoVE_AK)과 체비쇼프 0.0000° 로 0.01° 이내"
firealt_talucci2025,firealt_talucci2025_0547,Natali NCU_OLD (unburned),65.34014,-146.9202,2016,8,39.3333,probe,direct_eos,15,United States,Alaska,"Talucci, A., Loranty, M., Holloway, J., Rogers, B., Alexander, H., et al. (2024) FireALT dataset: estimated active layer thickness for paired burned unburned sites measured from 2001-2023. NSF Arctic Data Center. https://doi.org/10.18739/A2RN3092P. 자료 논문: Talucci, A. C., et al. (2025) Permafrost-wildfire interactions: active layer thickness estimates for paired burned and unburned sites in northern high latitudes. Earth System Science Data 17, 2887-2909, https://doi.org/10.5194/essd-17-2887-2025",CC BY 4.0,,2016-08-10,record_date,single_visit,,,6.1257,0.0001,0,,0,FireALT 기여 자료(lastNm 열): Natali,,ok,기여자 Natali; siteId NCU_OLD; plot 1개; 연중 방문 1회(8월 1일 이후 1회); msrType active; 식생 EN; 영구동토 분포 D; 생태지역 Interior Alaska-Yukon lowland taiga; v3 F4_direct 셀 274(ABoVE_AK)과 체비쇼프 0.0000° 로 0.01° 이내
firealt_talucci2025,firealt_talucci2025_0547,Natali NCU_OLD (unburned),65.34014,-146.9202,2017,9,45.2667,probe,direct_eos,15,United States,Alaska,"Talucci, A., Loranty, M., Holloway, J., Rogers, B., Alexander, H., et al. (2024) FireALT dataset: estimated active layer thickness for paired burned unburned sites measured from 2001-2023. NSF Arctic Data Center. https://doi.org/10.18739/A2RN3092P. 자료 논문: Talucci, A. C., et al. (2025) Permafrost-wildfire interactions: active layer thickness estimates for paired burned and unburned sites in northern high latitudes. Earth System Science Data 17, 2887-2909, https://doi.org/10.5194/essd-17-2887-2025",CC BY 4.0,,2017-09-18,record_date,annual_value,,,5.5481,0.0001,0,,0,FireALT 기여 자료(lastNm 열): Natali,,ok,기여자 Natali; siteId NCU_OLD; plot 1개; 연중 방문 2회(8월 1일 이후 1회); msrType active; 식생 EN; 영구동토 분포 D; 생태지역 Interior Alaska-Yukon lowland taiga; v3 F4_direct 셀 274(ABoVE_AK)과 체비쇼프 0.0000° 로 0.01° 이내
firealt_talucci2025,firealt_talucci2025_0548,Natali NCU_OLD (unburned),65.34021,-146.9199,2016,8,42.6,probe,direct_eos,15,United States,Alaska,"Talucci, A., Loranty, M., Holloway, J., Rogers, B., Alexander, H., et al. (2024) FireALT dataset: estimated active layer thickness for paired burned unburned sites measured from 2001-2023. NSF Arctic Data Center. https://doi.org/10.18739/A2RN3092P. 자료 논문: Talucci, A. C., et al. (2025) Permafrost-wildfire interactions: active layer thickness estimates for paired burned and unburned sites in northern high latitudes. Earth System Science Data 17, 2887-2909, https://doi.org/10.5194/essd-17-2887-2025",CC BY 4.0,,2016-08-10,record_date,single_visit,,,7.0993,0.0001,0,,0,FireALT 기여 자료(lastNm 열): Natali,,ok,기여자 Natali; siteId NCU_OLD; plot 1개; 연중 방문 1회(8월 1일 이후 1회); msrType active; 식생 EN; 영구동토 분포 D; 생태지역 Interior Alaska-Yukon lowland taiga; v3 F4_direct 셀 280(ABoVE_AK)과 체비쇼프 0.0000° 로 0.01° 이내
firealt_talucci2025,firealt_talucci2025_0548,Natali NCU_OLD (unburned),65.34021,-146.9199,2017,9,43.6667,probe,direct_eos,15,United States,Alaska,"Talucci, A., Loranty, M., Holloway, J., Rogers, B., Alexander, H., et al. (2024) FireALT dataset: estimated active layer thickness for paired burned unburned sites measured from 2001-2023. NSF Arctic Data Center. https://doi.org/10.18739/A2RN3092P. 자료 논문: Talucci, A. C., et al. (2025) Permafrost-wildfire interactions: active layer thickness estimates for paired burned and unburned sites in northern high latitudes. Earth System Science Data 17, 2887-2909, https://doi.org/10.5194/essd-17-2887-2025",CC BY 4.0,,2017-09-18,record_date,annual_value,,,6.377,0.0001,0,,0,FireALT 기여 자료(lastNm 열): Natali,,ok,기여자 Natali; siteId NCU_OLD; plot 1개; 연중 방문 2회(8월 1일 이후 1회); msrType active; 식생 EN; 영구동토 분포 D; 생태지역 Interior Alaska-Yukon lowland taiga; v3 F4_direct 셀 280(ABoVE_AK)과 체비쇼프 0.0000° 로 0.01° 이내
firealt_talucci2025,firealt_talucci2025_0549,Natali NCB_OLD (burned),65.34019,-146.9105,2017,6,20.4,probe,direct_dated,15,United States,Alaska,"Talucci, A., Loranty, M., Holloway, J., Rogers, B., Alexander, H., et al. (2024) FireALT dataset: estimated active layer thickness for paired burned unburned sites measured from 2001-2023. NSF Arctic Data Center. https://doi.org/10.18739/A2RN3092P. 자료 논문: Talucci, A. C., et al. (2025) Permafrost-wildfire interactions: active layer thickness estimates for paired burned and unburned sites in northern high latitudes. Earth System Science Data 17, 2887-2909, https://doi.org/10.5194/essd-17-2887-2025",CC BY 4.0,,2017-06-13,none,single_visit,,,7.7901,0.0001,1,burned,0,FireALT 기여 자료(lastNm 열): Natali,,ok,"기여자 Natali; siteId NCB_OLD; plot 1개; 연중 방문 1회(8월 1일 이후 0회); msrType thaw; 식생 EN; 영구동토 분포 D; 생태지역 Interior Alaska-Yukon lowland taiga; 화재 연도 2015, 화재 후 경과 연수 2; v3 F4_direct 셀 263(ABoVE_AK)과 체비쇼프 0.0000° 로 0.01° 이내"
firealt_talucci2025,firealt_talucci2025_0550,Natali NCB_OLD (burned),65.34018,-146.9102,2017,6,20.8667,probe,direct_dated,15,United States,Alaska,"Talucci, A., Loranty, M., Holloway, J., Rogers, B., Alexander, H., et al. (2024) FireALT dataset: estimated active layer thickness for paired burned unburned sites measured from 2001-2023. NSF Arctic Data Center. https://doi.org/10.18739/A2RN3092P. 자료 논문: Talucci, A. C., et al. (2025) Permafrost-wildfire interactions: active layer thickness estimates for paired burned and unburned sites in northern high latitudes. Earth System Science Data 17, 2887-2909, https://doi.org/10.5194/essd-17-2887-2025",CC BY 4.0,,2017-06-13,none,single_visit,,,7.963,0.0001,1,burned,0,FireALT 기여 자료(lastNm 열): Natali,,ok,"기여자 Natali; siteId NCB_OLD; plot 1개; 연중 방문 1회(8월 1일 이후 0회); msrType thaw; 식생 EN; 영구동토 분포 D; 생태지역 Interior Alaska-Yukon lowland taiga; 화재 연도 2004, 화재 후 경과 연수 13; v3 F4_direct 셀 268(ABoVE_AK)과 체비쇼프 0.0000° 로 0.01° 이내"
firealt_talucci2025,firealt_talucci2025_0551,Natali NCB_OLD (burned),65.34015,-146.9098,2017,6,24,probe,direct_dated,14,United States,Alaska,"Talucci, A., Loranty, M., Holloway, J., Rogers, B., Alexander, H., et al. (2024) FireALT dataset: estimated active layer thickness for paired burned unburned sites measured from 2001-2023. NSF Arctic Data Center. https://doi.org/10.18739/A2RN3092P. 자료 논문: Talucci, A. C., et al. (2025) Permafrost-wildfire interactions: active layer thickness estimates for paired burned and unburned sites in northern high latitudes. Earth System Science Data 17, 2887-2909, https://doi.org/10.5194/essd-17-2887-2025",CC BY 4.0,,2017-06-13,none,single_visit,,,10.6627,0.0001,1,burned,0,FireALT 기여 자료(lastNm 열): Natali,,ok,"기여자 Natali; siteId NCB_OLD; plot 1개; 연중 방문 1회(8월 1일 이후 0회); msrType thaw; 식생 EN; 영구동토 분포 D; 생태지역 Interior Alaska-Yukon lowland taiga; 화재 연도 2004, 화재 후 경과 연수 13; v3 F4_direct 셀 273(ABoVE_AK)과 체비쇼프 0.0000° 로 0.01° 이내"
firealt_talucci2025,firealt_talucci2025_0552,Natali NCU_OLD (unburned),65.3403,-146.9194,2016,8,47.0667,probe,direct_eos,15,United States,Alaska,"Talucci, A., Loranty, M., Holloway, J., Rogers, B., Alexander, H., et al. (2024) FireALT dataset: estimated active layer thickness for paired burned unburned sites measured from 2001-2023. NSF Arctic Data Center. https://doi.org/10.18739/A2RN3092P. 자료 논문: Talucci, A. C., et al. (2025) Permafrost-wildfire interactions: active layer thickness estimates for paired burned and unburned sites in northern high latitudes. Earth System Science Data 17, 2887-2909, https://doi.org/10.5194/essd-17-2887-2025",CC BY 4.0,,2016-08-10,record_date,single_visit,,,7.4973,0.0001,0,,0,FireALT 기여 자료(lastNm 열): Natali,,ok,기여자 Natali; siteId NCU_OLD; plot 1개; 연중 방문 1회(8월 1일 이후 1회); msrType active; 식생 EN; 영구동토 분포 D; 생태지역 Interior Alaska-Yukon lowland taiga; v3 F4_direct 셀 286(ABoVE_AK)과 체비쇼프 0.0000° 로 0.01° 이내
firealt_talucci2025,firealt_talucci2025_0552,Natali NCU_OLD (unburned),65.3403,-146.9194,2017,9,45.7333,probe,direct_eos,15,United States,Alaska,"Talucci, A., Loranty, M., Holloway, J., Rogers, B., Alexander, H., et al. (2024) FireALT dataset: estimated active layer thickness for paired burned unburned sites measured from 2001-2023. NSF Arctic Data Center. https://doi.org/10.18739/A2RN3092P. 자료 논문: Talucci, A. C., et al. (2025) Permafrost-wildfire interactions: active layer thickness estimates for paired burned and unburned sites in northern high latitudes. Earth System Science Data 17, 2887-2909, https://doi.org/10.5194/essd-17-2887-2025",CC BY 4.0,,2017-09-18,record_date,annual_value,,,6.9536,0.0001,0,,0,FireALT 기여 자료(lastNm 열): Natali,,ok,기여자 Natali; siteId NCU_OLD; plot 1개; 연중 방문 2회(8월 1일 이후 1회); msrType active; 식생 EN; 영구동토 분포 D; 생태지역 Interior Alaska-Yukon lowland taiga; v3 F4_direct 셀 286(ABoVE_AK)과 체비쇼프 0.0000° 로 0.01° 이내
firealt_talucci2025,firealt_talucci2025_0553,Natali NCU_OLD (unburned),65.34039,-146.9204,2016,8,41.6875,probe,direct_eos,16,United States,Alaska,"Talucci, A., Loranty, M., Holloway, J., Rogers, B., Alexander, H., et al. (2024) FireALT dataset: estimated active layer thickness for paired burned unburned sites measured from 2001-2023. NSF Arctic Data Center. https://doi.org/10.18739/A2RN3092P. 자료 논문: Talucci, A. C., et al. (2025) Permafrost-wildfire interactions: active layer thickness estimates for paired burned and unburned sites in northern high latitudes. Earth System Science Data 17, 2887-2909, https://doi.org/10.5194/essd-17-2887-2025",CC BY 4.0,,2016-08-10,record_date,single_visit,,,5.8733,0.0001,0,,0,FireALT 기여 자료(lastNm 열): Natali,,ok,기여자 Natali; siteId NCU_OLD; plot 1개; 연중 방문 1회(8월 1일 이후 1회); msrType active; 식생 EN; 영구동토 분포 D; 생태지역 Interior Alaska-Yukon lowland taiga; v3 F4_direct 셀 279(ABoVE_AK)과 체비쇼프 0.0000° 로 0.01° 이내
firealt_talucci2025,firealt_talucci2025_0553,Natali NCU_OLD (unburned),65.34039,-146.9204,2017,9,44.75,probe,direct_eos,16,United States,Alaska,"Talucci, A., Loranty, M., Holloway, J., Rogers, B., Alexander, H., et al. (2024) FireALT dataset: estimated active layer thickness for paired burned unburned sites measured from 2001-2023. NSF Arctic Data Center. https://doi.org/10.18739/A2RN3092P. 자료 논문: Talucci, A. C., et al. (2025) Permafrost-wildfire interactions: active layer thickness estimates for paired burned and unburned sites in northern high latitudes. Earth System Science Data 17, 2887-2909, https://doi.org/10.5194/essd-17-2887-2025",CC BY 4.0,,2017-09-18,record_date,annual_value,,,6.7774,0.0001,0,,0,FireALT 기여 자료(lastNm 열): Natali,,ok,기여자 Natali; siteId NCU_OLD; plot 1개; 연중 방문 2회(8월 1일 이후 1회); msrType active; 식생 EN; 영구동토 분포 D; 생태지역 Interior Alaska-Yukon lowland taiga; v3 F4_direct 셀 279(ABoVE_AK)과 체비쇼프 0.0000° 로 0.01° 이내
firealt_talucci2025,firealt_talucci2025_0554,Natali NCU_OLD (unburned),65.3405,-146.9201,2016,8,41,probe,direct_eos,16,United States,Alaska,"Talucci, A., Loranty, M., Holloway, J., Rogers, B., Alexander, H., et al. (2024) FireALT dataset: estimated active layer thickness for paired burned unburned sites measured from 2001-2023. NSF Arctic Data Center. https://doi.org/10.18739/A2RN3092P. 자료 논문: Talucci, A. C., et al. (2025) Permafrost-wildfire interactions: active layer thickness estimates for paired burned and unburned sites in northern high latitudes. Earth System Science Data 17, 2887-2909, https://doi.org/10.5194/essd-17-2887-2025",CC BY 4.0,,2016-08-10,record_date,single_visit,,,6.9474,0.0001,0,,0,FireALT 기여 자료(lastNm 열): Natali,,ok,기여자 Natali; siteId NCU_OLD; plot 1개; 연중 방문 1회(8월 1일 이후 1회); msrType active; 식생 EN; 영구동토 분포 D; 생태지역 Interior Alaska-Yukon lowland taiga; v3 F4_direct 셀 285(ABoVE_AK)과 체비쇼프 0.0000° 로 0.01° 이내
firealt_talucci2025,firealt_talucci2025_0554,Natali NCU_OLD (unburned),65.3405,-146.9201,2017,9,47.0625,probe,direct_eos,16,United States,Alaska,"Talucci, A., Loranty, M., Holloway, J., Rogers, B., Alexander, H., et al. (2024) FireALT dataset: estimated active layer thickness for paired burned unburned sites measured from 2001-2023. NSF Arctic Data Center. https://doi.org/10.18739/A2RN3092P. 자료 논문: Talucci, A. C., et al. (2025) Permafrost-wildfire interactions: active layer thickness estimates for paired burned and unburned sites in northern high latitudes. Earth System Science Data 17, 2887-2909, https://doi.org/10.5194/essd-17-2887-2025",CC BY 4.0,,2017-09-18,record_date,annual_value,,,3.356,0.0001,0,,0,FireALT 기여 자료(lastNm 열): Natali,,ok,기여자 Natali; siteId NCU_OLD; plot 1개; 연중 방문 2회(8월 1일 이후 1회); msrType active; 식생 EN; 영구동토 분포 D; 생태지역 Interior Alaska-Yukon lowland taiga; v3 F4_direct 셀 285(ABoVE_AK)과 체비쇼프 0.0000° 로 0.01° 이내
firealt_talucci2025,firealt_talucci2025_0555,Natali NCU_OLD (unburned),65.34055,-146.9196,2016,8,42.75,probe,direct_eos,16,United States,Alaska,"Talucci, A., Loranty, M., Holloway, J., Rogers, B., Alexander, H., et al. (2024) FireALT dataset: estimated active layer thickness for paired burned unburned sites measured from 2001-2023. NSF Arctic Data Center. https://doi.org/10.18739/A2RN3092P. 자료 논문: Talucci, A. C., et al. (2025) Permafrost-wildfire interactions: active layer thickness estimates for paired burned and unburned sites in northern high latitudes. Earth System Science Data 17, 2887-2909, https://doi.org/10.5194/essd-17-2887-2025",CC BY 4.0,,2016-08-10,record_date,single_visit,,,7.225,0.0001,0,,0,FireALT 기여 자료(lastNm 열): Natali,,ok,기여자 Natali; siteId NCU_OLD; plot 1개; 연중 방문 1회(8월 1일 이후 1회); msrType active; 식생 EN; 영구동토 분포 D; 생태지역 Interior Alaska-Yukon lowland taiga; v3 F4_direct 셀 289(ABoVE_AK)과 체비쇼프 0.0000° 로 0.01° 이내
firealt_talucci2025,firealt_talucci2025_0555,Natali NCU_OLD (unburned),65.34055,-146.9196,2017,9,46.25,probe,direct_eos,16,United States,Alaska,"Talucci, A., Loranty, M., Holloway, J., Rogers, B., Alexander, H., et al. (2024) FireALT dataset: estimated active layer thickness for paired burned unburned sites measured from 2001-2023. NSF Arctic Data Center. https://doi.org/10.18739/A2RN3092P. 자료 논문: Talucci, A. C., et al. (2025) Permafrost-wildfire interactions: active layer thickness estimates for paired burned and unburned sites in northern high latitudes. Earth System Science Data 17, 2887-2909, https://doi.org/10.5194/essd-17-2887-2025",CC BY 4.0,,2017-09-18,record_date,annual_value,,,6.8848,0.0001,0,,0,FireALT 기여 자료(lastNm 열): Natali,,ok,기여자 Natali; siteId NCU_OLD; plot 1개; 연중 방문 2회(8월 1일 이후 1회); msrType active; 식생 EN; 영구동토 분포 D; 생태지역 Interior Alaska-Yukon lowland taiga; v3 F4_direct 셀 289(ABoVE_AK)과 체비쇼프 0.0000° 로 0.01° 이내
firealt_talucci2025,firealt_talucci2025_0556,O'Donnell HCCS (unburned),65.34488,-148.5753,2007,9,79,probe,direct_eos,1,United States,Alaska,"Talucci, A., Loranty, M., Holloway, J., Rogers, B., Alexander, H., et al. (2024) FireALT dataset: estimated active layer thickness for paired burned unburned sites measured from 2001-2023. NSF Arctic Data Center. https://doi.org/10.18739/A2RN3092P. 자료 논문: Talucci, A. C., et al. (2025) Permafrost-wildfire interactions: active layer thickness estimates for paired burned and unburned sites in northern high latitudes. Earth System Science Data 17, 2887-2909, https://doi.org/10.5194/essd-17-2887-2025",CC BY 4.0,,2007-09-17,record_date,single_visit,,,,0.0001,0,,0,FireALT 기여 자료(lastNm 열): O'Donnell,,ok,기여자 O'Donnell; siteId HCCS; plot 1개; 연중 방문 1회(8월 1일 이후 1회); msrType active; 식생 EN; 영구동토 분포 D; 생태지역 Interior Alaska-Yukon lowland taiga
firealt_talucci2025,firealt_talucci2025_0557,Breen seward peninsula west (unburned),65.36100441,-164.6781755,2012,7,27.5,probe,direct_dated,1,United States,Alaska,"Talucci, A., Loranty, M., Holloway, J., Rogers, B., Alexander, H., et al. (2024) FireALT dataset: estimated active layer thickness for paired burned unburned sites measured from 2001-2023. NSF Arctic Data Center. https://doi.org/10.18739/A2RN3092P. 자료 논문: Talucci, A. C., et al. (2025) Permafrost-wildfire interactions: active layer thickness estimates for paired burned and unburned sites in northern high latitudes. Earth System Science Data 17, 2887-2909, https://doi.org/10.5194/essd-17-2887-2025",CC BY 4.0,,2012-07-25,none,single_visit,,,,0.0000001,0,,0,FireALT 기여 자료(lastNm 열): Breen,,ok,기여자 Breen; siteId seward peninsula west; plot 1개; 연중 방문 1회(8월 1일 이후 0회); msrType thaw; 식생 GT; 영구동토 분포 D; 생태지역 Beringia upland tundra
firealt_talucci2025,firealt_talucci2025_0558,Breen seward peninsula west (unburned),65.36107563,-164.6779167,2012,7,34.25,probe,direct_dated,1,United States,Alaska,"Talucci, A., Loranty, M., Holloway, J., Rogers, B., Alexander, H., et al. (2024) FireALT dataset: estimated active layer thickness for paired burned unburned sites measured from 2001-2023. NSF Arctic Data Center. https://doi.org/10.18739/A2RN3092P. 자료 논문: Talucci, A. C., et al. (2025) Permafrost-wildfire interactions: active layer thickness estimates for paired burned and unburned sites in northern high latitudes. Earth System Science Data 17, 2887-2909, https://doi.org/10.5194/essd-17-2887-2025",CC BY 4.0,,2012-07-25,none,single_visit,,,,0.0000001,0,,0,FireALT 기여 자료(lastNm 열): Breen,,ok,기여자 Breen; siteId seward peninsula west; plot 1개; 연중 방문 1회(8월 1일 이후 0회); msrType thaw; 식생 GT; 영구동토 분포 D; 생태지역 Beringia upland tundra
firealt_talucci2025,firealt_talucci2025_0559,Breen seward peninsula west (unburned),65.36120686,-164.6763458,2012,7,26,probe,direct_dated,1,United States,Alaska,"Talucci, A., Loranty, M., Holloway, J., Rogers, B., Alexander, H., et al. (2024) FireALT dataset: estimated active layer thickness for paired burned unburned sites measured from 2001-2023. NSF Arctic Data Center. https://doi.org/10.18739/A2RN3092P. 자료 논문: Talucci, A. C., et al. (2025) Permafrost-wildfire interactions: active layer thickness estimates for paired burned and unburned sites in northern high latitudes. Earth System Science Data 17, 2887-2909, https://doi.org/10.5194/essd-17-2887-2025",CC BY 4.0,,2012-07-25,none,single_visit,,,,0.0000001,0,,0,FireALT 기여 자료(lastNm 열): Breen,,ok,기여자 Breen; siteId seward peninsula west; plot 1개; 연중 방문 1회(8월 1일 이후 0회); msrType thaw; 식생 GT; 영구동토 분포 D; 생태지역 Beringia upland tundra
firealt_talucci2025,firealt_talucci2025_0560,Breen seward peninsula west (burned),65.42610879,-164.6203555,2012,7,52.25,probe,direct_dated,1,United States,Alaska,"Talucci, A., Loranty, M., Holloway, J., Rogers, B., Alexander, H., et al. (2024) FireALT dataset: estimated active layer thickness for paired burned unburned sites measured from 2001-2023. NSF Arctic Data Center. https://doi.org/10.18739/A2RN3092P. 자료 논문: Talucci, A. C., et al. (2025) Permafrost-wildfire interactions: active layer thickness estimates for paired burned and unburned sites in northern high latitudes. Earth System Science Data 17, 2887-2909, https://doi.org/10.5194/essd-17-2887-2025",CC BY 4.0,,2012-07-24,none,single_visit,,,,0.0000001,1,burned,0,FireALT 기여 자료(lastNm 열): Breen,,ok,"기여자 Breen; siteId seward peninsula west; plot 1개; 연중 방문 1회(8월 1일 이후 0회); msrType thaw; 식생 GT; 영구동토 분포 D; 생태지역 Beringia upland tundra; 화재 연도 2002, 화재 후 경과 연수 10; v3 F4_direct 셀 13821(ABoVE_AK)과 체비쇼프 0.0054° 로 0.01° 이내"
firealt_talucci2025,firealt_talucci2025_0561,Breen seward peninsula west (burned),65.42689034,-164.6136419,2012,7,45.5,probe,direct_dated,1,United States,Alaska,"Talucci, A., Loranty, M., Holloway, J., Rogers, B., Alexander, H., et al. (2024) FireALT dataset: estimated active layer thickness for paired burned unburned sites measured from 2001-2023. NSF Arctic Data Center. https://doi.org/10.18739/A2RN3092P. 자료 논문: Talucci, A. C., et al. (2025) Permafrost-wildfire interactions: active layer thickness estimates for paired burned and unburned sites in northern high latitudes. Earth System Science Data 17, 2887-2909, https://doi.org/10.5194/essd-17-2887-2025",CC BY 4.0,,2012-07-24,none,single_visit,,,,0.0000001,1,burned,0,FireALT 기여 자료(lastNm 열): Breen,,ok,"기여자 Breen; siteId seward peninsula west; plot 1개; 연중 방문 1회(8월 1일 이후 0회); msrType thaw; 식생 GT; 영구동토 분포 D; 생태지역 Beringia upland tundra; 화재 연도 2002, 화재 후 경과 연수 10; v3 F4_direct 셀 13938(ABoVE_AK)과 체비쇼프 0.0065° 로 0.01° 이내"
firealt_talucci2025,firealt_talucci2025_0562,Breen seward peninsula west (burned),65.42719292,-164.6126677,2012,7,54,probe,direct_dated,1,United States,Alaska,"Talucci, A., Loranty, M., Holloway, J., Rogers, B., Alexander, H., et al. (2024) FireALT dataset: estimated active layer thickness for paired burned unburned sites measured from 2001-2023. NSF Arctic Data Center. https://doi.org/10.18739/A2RN3092P. 자료 논문: Talucci, A. C., et al. (2025) Permafrost-wildfire interactions: active layer thickness estimates for paired burned and unburned sites in northern high latitudes. Earth System Science Data 17, 2887-2909, https://doi.org/10.5194/essd-17-2887-2025",CC BY 4.0,,2012-07-24,none,single_visit,,,,0.0000001,1,burned,0,FireALT 기여 자료(lastNm 열): Breen,,ok,"기여자 Breen; siteId seward peninsula west; plot 1개; 연중 방문 1회(8월 1일 이후 0회); msrType thaw; 식생 GT; 영구동토 분포 D; 생태지역 Beringia upland tundra; 화재 연도 2002, 화재 후 경과 연수 10; v3 F4_direct 셀 13938(ABoVE_AK)과 체비쇼프 0.0068° 로 0.01° 이내"
firealt_talucci2025,firealt_talucci2025_0563,Breen seward peninsula west (burned),65.4274926,-164.6105728,2012,7,81,probe,direct_dated,1,United States,Alaska,"Talucci, A., Loranty, M., Holloway, J., Rogers, B., Alexander, H., et al. (2024) FireALT dataset: estimated active layer thickness for paired burned unburned sites measured from 2001-2023. NSF Arctic Data Center. https://doi.org/10.18739/A2RN3092P. 자료 논문: Talucci, A. C., et al. (2025) Permafrost-wildfire interactions: active layer thickness estimates for paired burned and unburned sites in northern high latitudes. Earth System Science Data 17, 2887-2909, https://doi.org/10.5194/essd-17-2887-2025",CC BY 4.0,,2012-07-24,none,single_visit,,,,0.0000001,1,burned,0,FireALT 기여 자료(lastNm 열): Breen,,ok,"기여자 Breen; siteId seward peninsula west; plot 1개; 연중 방문 1회(8월 1일 이후 0회); msrType thaw; 식생 GT; 영구동토 분포 D; 생태지역 Beringia upland tundra; 화재 연도 2002, 화재 후 경과 연수 10; v3 F4_direct 셀 13885(ABoVE_AK)과 체비쇼프 0.0054° 로 0.01° 이내"
firealt_talucci2025,firealt_talucci2025_0564,Breen seward peninsula west (burned),65.42785824,-164.6097053,2012,7,57.25,probe,direct_dated,1,United States,Alaska,"Talucci, A., Loranty, M., Holloway, J., Rogers, B., Alexander, H., et al. (2024) FireALT dataset: estimated active layer thickness for paired burned unburned sites measured from 2001-2023. NSF Arctic Data Center. https://doi.org/10.18739/A2RN3092P. 자료 논문: Talucci, A. C., et al. (2025) Permafrost-wildfire interactions: active layer thickness estimates for paired burned and unburned sites in northern high latitudes. Earth System Science Data 17, 2887-2909, https://doi.org/10.5194/essd-17-2887-2025",CC BY 4.0,,2012-07-24,none,single_visit,,,,0.0000001,1,burned,0,FireALT 기여 자료(lastNm 열): Breen,,ok,"기여자 Breen; siteId seward peninsula west; plot 1개; 연중 방문 1회(8월 1일 이후 0회); msrType thaw; 식생 GT; 영구동토 분포 D; 생태지역 Beringia upland tundra; 화재 연도 2002, 화재 후 경과 연수 10; v3 F4_direct 셀 13885(ABoVE_AK)과 체비쇼프 0.0045° 로 0.01° 이내"
firealt_talucci2025,firealt_talucci2025_0565,Breen seward peninsula west (unburned),65.43201141,-164.686422,2012,7,16.5,probe,direct_dated,1,United States,Alaska,"Talucci, A., Loranty, M., Holloway, J., Rogers, B., Alexander, H., et al. (2024) FireALT dataset: estimated active layer thickness for paired burned unburned sites measured from 2001-2023. NSF Arctic Data Center. https://doi.org/10.18739/A2RN3092P. 자료 논문: Talucci, A. C., et al. (2025) Permafrost-wildfire interactions: active layer thickness estimates for paired burned and unburned sites in northern high latitudes. Earth System Science Data 17, 2887-2909, https://doi.org/10.5194/essd-17-2887-2025",CC BY 4.0,,2012-07-25,none,single_visit,,,,0.000001,0,,0,FireALT 기여 자료(lastNm 열): Breen,,ok,기여자 Breen; siteId seward peninsula west; plot 1개; 연중 방문 1회(8월 1일 이후 0회); msrType thaw; 식생 S; 영구동토 분포 D; 생태지역 Beringia upland tundra; v3 F4_direct 셀 13794(ABoVE_AK)과 체비쇼프 0.0028° 로 0.01° 이내
firealt_talucci2025,firealt_talucci2025_0566,Breen seward peninsula west (unburned),65.43199069,-164.6850859,2012,7,24.25,probe,direct_dated,1,United States,Alaska,"Talucci, A., Loranty, M., Holloway, J., Rogers, B., Alexander, H., et al. (2024) FireALT dataset: estimated active layer thickness for paired burned unburned sites measured from 2001-2023. NSF Arctic Data Center. https://doi.org/10.18739/A2RN3092P. 자료 논문: Talucci, A. C., et al. (2025) Permafrost-wildfire interactions: active layer thickness estimates for paired burned and unburned sites in northern high latitudes. Earth System Science Data 17, 2887-2909, https://doi.org/10.5194/essd-17-2887-2025",CC BY 4.0,,2012-07-25,none,single_visit,,,,0.0000001,0,,0,FireALT 기여 자료(lastNm 열): Breen,,ok,기여자 Breen; siteId seward peninsula west; plot 1개; 연중 방문 1회(8월 1일 이후 0회); msrType thaw; 식생 GT; 영구동토 분포 D; 생태지역 Beringia upland tundra; v3 F4_direct 셀 13794(ABoVE_AK)과 체비쇼프 0.0028° 로 0.01° 이내
firealt_talucci2025,firealt_talucci2025_0567,Breen seward peninsula west (unburned),65.4336323,-164.6764221,2012,7,23.75,probe,direct_dated,1,United States,Alaska,"Talucci, A., Loranty, M., Holloway, J., Rogers, B., Alexander, H., et al. (2024) FireALT dataset: estimated active layer thickness for paired burned unburned sites measured from 2001-2023. NSF Arctic Data Center. https://doi.org/10.18739/A2RN3092P. 자료 논문: Talucci, A. C., et al. (2025) Permafrost-wildfire interactions: active layer thickness estimates for paired burned and unburned sites in northern high latitudes. Earth System Science Data 17, 2887-2909, https://doi.org/10.5194/essd-17-2887-2025",CC BY 4.0,,2012-07-25,none,single_visit,,,,0.0000001,0,,0,FireALT 기여 자료(lastNm 열): Breen,,ok,기여자 Breen; siteId seward peninsula west; plot 1개; 연중 방문 1회(8월 1일 이후 0회); msrType thaw; 식생 GT; 영구동토 분포 D; 생태지역 Beringia upland tundra; v3 F4_direct 셀 13792(ABoVE_AK)과 체비쇼프 0.0046° 로 0.01° 이내
firealt_talucci2025,firealt_talucci2025_0568,Breen seward peninsula west (unburned),65.43363795,-164.67487,2012,7,28.5,probe,direct_dated,1,United States,Alaska,"Talucci, A., Loranty, M., Holloway, J., Rogers, B., Alexander, H., et al. (2024) FireALT dataset: estimated active layer thickness for paired burned unburned sites measured from 2001-2023. NSF Arctic Data Center. https://doi.org/10.18739/A2RN3092P. 자료 논문: Talucci, A. C., et al. (2025) Permafrost-wildfire interactions: active layer thickness estimates for paired burned and unburned sites in northern high latitudes. Earth System Science Data 17, 2887-2909, https://doi.org/10.5194/essd-17-2887-2025",CC BY 4.0,,2012-07-25,none,single_visit,,,,0.00001,0,,0,FireALT 기여 자료(lastNm 열): Breen,,ok,기여자 Breen; siteId seward peninsula west; plot 1개; 연중 방문 1회(8월 1일 이후 0회); msrType thaw; 식생 GT; 영구동토 분포 D; 생태지역 Beringia upland tundra; v3 F4_direct 셀 13792(ABoVE_AK)과 체비쇼프 0.0046° 로 0.01° 이내
firealt_talucci2025,firealt_talucci2025_0569,Breen seward peninsula west (unburned),65.43383385,-164.6741778,2012,7,19.75,probe,direct_dated,1,United States,Alaska,"Talucci, A., Loranty, M., Holloway, J., Rogers, B., Alexander, H., et al. (2024) FireALT dataset: estimated active layer thickness for paired burned unburned sites measured from 2001-2023. NSF Arctic Data Center. https://doi.org/10.18739/A2RN3092P. 자료 논문: Talucci, A. C., et al. (2025) Permafrost-wildfire interactions: active layer thickness estimates for paired burned and unburned sites in northern high latitudes. Earth System Science Data 17, 2887-2909, https://doi.org/10.5194/essd-17-2887-2025",CC BY 4.0,,2012-07-25,none,single_visit,,,,0.0000001,0,,0,FireALT 기여 자료(lastNm 열): Breen,,ok,기여자 Breen; siteId seward peninsula west; plot 1개; 연중 방문 1회(8월 1일 이후 0회); msrType thaw; 식생 GT; 영구동토 분포 D; 생태지역 Beringia upland tundra; v3 F4_direct 셀 13792(ABoVE_AK)과 체비쇼프 0.0048° 로 0.01° 이내
firealt_talucci2025,firealt_talucci2025_0570,Breen seward peninsula west (burned),65.43569645,-164.6446418,2012,7,74.25,probe,direct_dated,1,United States,Alaska,"Talucci, A., Loranty, M., Holloway, J., Rogers, B., Alexander, H., et al. (2024) FireALT dataset: estimated active layer thickness for paired burned unburned sites measured from 2001-2023. NSF Arctic Data Center. https://doi.org/10.18739/A2RN3092P. 자료 논문: Talucci, A. C., et al. (2025) Permafrost-wildfire interactions: active layer thickness estimates for paired burned and unburned sites in northern high latitudes. Earth System Science Data 17, 2887-2909, https://doi.org/10.5194/essd-17-2887-2025",CC BY 4.0,,2012-07-24,none,single_visit,,,,0.0000001,1,burned,0,FireALT 기여 자료(lastNm 열): Breen,,ok,"기여자 Breen; siteId seward peninsula west; plot 1개; 연중 방문 1회(8월 1일 이후 0회); msrType thaw; 식생 GT; 영구동토 분포 D; 생태지역 Beringia upland tundra; 화재 연도 2002, 화재 후 경과 연수 10; v3 F4_direct 셀 13825(ABoVE_AK)과 체비쇼프 0.0045° 로 0.01° 이내"
firealt_talucci2025,firealt_talucci2025_0571,Breen seward peninsula west (burned),65.436093,-164.645434,2012,7,42.375,probe,direct_dated,2,United States,Alaska,"Talucci, A., Loranty, M., Holloway, J., Rogers, B., Alexander, H., et al. (2024) FireALT dataset: estimated active layer thickness for paired burned unburned sites measured from 2001-2023. NSF Arctic Data Center. https://doi.org/10.18739/A2RN3092P. 자료 논문: Talucci, A. C., et al. (2025) Permafrost-wildfire interactions: active layer thickness estimates for paired burned and unburned sites in northern high latitudes. Earth System Science Data 17, 2887-2909, https://doi.org/10.5194/essd-17-2887-2025",CC BY 4.0,,2012-07-24,none,single_visit,,,6.8943,0.0000001,1,burned,0,FireALT 기여 자료(lastNm 열): Breen,,ok,"기여자 Breen; siteId seward peninsula west; plot 2개; 연중 방문 1회(8월 1일 이후 0회); msrType thaw; 식생 GT; 영구동토 분포 D; 생태지역 Beringia upland tundra; 화재 연도 2002, 화재 후 경과 연수 10; 원좌표 문자열 2개를 소수 4자리에서 묶음; v3 F4_direct 셀 13825(ABoVE_AK)과 체비쇼프 0.0041° 로 0.01° 이내"
firealt_talucci2025,firealt_talucci2025_0572,Breen seward peninsula west (burned),65.43664477,-164.6473023,2012,7,67,probe,direct_dated,1,United States,Alaska,"Talucci, A., Loranty, M., Holloway, J., Rogers, B., Alexander, H., et al. (2024) FireALT dataset: estimated active layer thickness for paired burned unburned sites measured from 2001-2023. NSF Arctic Data Center. https://doi.org/10.18739/A2RN3092P. 자료 논문: Talucci, A. C., et al. (2025) Permafrost-wildfire interactions: active layer thickness estimates for paired burned and unburned sites in northern high latitudes. Earth System Science Data 17, 2887-2909, https://doi.org/10.5194/essd-17-2887-2025",CC BY 4.0,,2012-07-24,none,single_visit,,,,0.0000001,1,burned,0,FireALT 기여 자료(lastNm 열): Breen,,ok,"기여자 Breen; siteId seward peninsula west; plot 1개; 연중 방문 1회(8월 1일 이후 0회); msrType thaw; 식생 GT; 영구동토 분포 D; 생태지역 Beringia upland tundra; 화재 연도 2002, 화재 후 경과 연수 10; v3 F4_direct 셀 13837(ABoVE_AK)과 체비쇼프 0.0037° 로 0.01° 이내"
firealt_talucci2025,firealt_talucci2025_0573,Breen seward peninsula west (burned),65.45847215,-164.666039,2012,7,44.25,probe,direct_dated,1,United States,Alaska,"Talucci, A., Loranty, M., Holloway, J., Rogers, B., Alexander, H., et al. (2024) FireALT dataset: estimated active layer thickness for paired burned unburned sites measured from 2001-2023. NSF Arctic Data Center. https://doi.org/10.18739/A2RN3092P. 자료 논문: Talucci, A. C., et al. (2025) Permafrost-wildfire interactions: active layer thickness estimates for paired burned and unburned sites in northern high latitudes. Earth System Science Data 17, 2887-2909, https://doi.org/10.5194/essd-17-2887-2025",CC BY 4.0,,2012-07-23,none,single_visit,,,,0.000001,1,burned,0,FireALT 기여 자료(lastNm 열): Breen,,ok,"기여자 Breen; siteId seward peninsula west; plot 1개; 연중 방문 1회(8월 1일 이후 0회); msrType thaw; 식생 S; 영구동토 분포 D; 생태지역 Beringia upland tundra; 화재 연도 1971, 화재 후 경과 연수 41; v3 F4_direct 셀 13909(ABoVE_AK)과 체비쇼프 0.0039° 로 0.01° 이내"
firealt_talucci2025,firealt_talucci2025_0574,Breen seward peninsula west (burned),65.45887703,-164.6665517,2012,7,21,probe,direct_dated,1,United States,Alaska,"Talucci, A., Loranty, M., Holloway, J., Rogers, B., Alexander, H., et al. (2024) FireALT dataset: estimated active layer thickness for paired burned unburned sites measured from 2001-2023. NSF Arctic Data Center. https://doi.org/10.18739/A2RN3092P. 자료 논문: Talucci, A. C., et al. (2025) Permafrost-wildfire interactions: active layer thickness estimates for paired burned and unburned sites in northern high latitudes. Earth System Science Data 17, 2887-2909, https://doi.org/10.5194/essd-17-2887-2025",CC BY 4.0,,2012-07-23,none,single_visit,,,,0.0000001,1,burned,0,FireALT 기여 자료(lastNm 열): Breen,,ok,"기여자 Breen; siteId seward peninsula west; plot 1개; 연중 방문 1회(8월 1일 이후 0회); msrType thaw; 식생 S; 영구동토 분포 D; 생태지역 Beringia upland tundra; 화재 연도 1971, 화재 후 경과 연수 41; v3 F4_direct 셀 13909(ABoVE_AK)과 체비쇼프 0.0043° 로 0.01° 이내"
firealt_talucci2025,firealt_talucci2025_0575,Breen seward peninsula west (burned),65.45908515,-164.6673474,2012,7,28,probe,direct_dated,1,United States,Alaska,"Talucci, A., Loranty, M., Holloway, J., Rogers, B., Alexander, H., et al. (2024) FireALT dataset: estimated active layer thickness for paired burned unburned sites measured from 2001-2023. NSF Arctic Data Center. https://doi.org/10.18739/A2RN3092P. 자료 논문: Talucci, A. C., et al. (2025) Permafrost-wildfire interactions: active layer thickness estimates for paired burned and unburned sites in northern high latitudes. Earth System Science Data 17, 2887-2909, https://doi.org/10.5194/essd-17-2887-2025",CC BY 4.0,,2012-07-23,none,single_visit,,,,0.0000001,1,burned,0,FireALT 기여 자료(lastNm 열): Breen,,ok,"기여자 Breen; siteId seward peninsula west; plot 1개; 연중 방문 1회(8월 1일 이후 0회); msrType thaw; 식생 S; 영구동토 분포 D; 생태지역 Beringia upland tundra; 화재 연도 1971, 화재 후 경과 연수 41; v3 F4_direct 셀 13909(ABoVE_AK)과 체비쇼프 0.0045° 로 0.01° 이내"
firealt_talucci2025,firealt_talucci2025_0576,Breen seward peninsula west (burned),65.45918261,-164.6792568,2012,7,25.25,probe,direct_dated,1,United States,Alaska,"Talucci, A., Loranty, M., Holloway, J., Rogers, B., Alexander, H., et al. (2024) FireALT dataset: estimated active layer thickness for paired burned unburned sites measured from 2001-2023. NSF Arctic Data Center. https://doi.org/10.18739/A2RN3092P. 자료 논문: Talucci, A. C., et al. (2025) Permafrost-wildfire interactions: active layer thickness estimates for paired burned and unburned sites in northern high latitudes. Earth System Science Data 17, 2887-2909, https://doi.org/10.5194/essd-17-2887-2025",CC BY 4.0,,2012-07-23,none,single_visit,,,,0.0000001,1,burned,0,FireALT 기여 자료(lastNm 열): Breen,,ok,"기여자 Breen; siteId seward peninsula west; plot 1개; 연중 방문 1회(8월 1일 이후 0회); msrType thaw; 식생 GT; 영구동토 분포 D; 생태지역 Beringia upland tundra; 화재 연도 1971, 화재 후 경과 연수 41"
firealt_talucci2025,firealt_talucci2025_0577,Breen seward peninsula west (burned),65.45992479,-164.6697319,2012,7,21,probe,direct_dated,1,United States,Alaska,"Talucci, A., Loranty, M., Holloway, J., Rogers, B., Alexander, H., et al. (2024) FireALT dataset: estimated active layer thickness for paired burned unburned sites measured from 2001-2023. NSF Arctic Data Center. https://doi.org/10.18739/A2RN3092P. 자료 논문: Talucci, A. C., et al. (2025) Permafrost-wildfire interactions: active layer thickness estimates for paired burned and unburned sites in northern high latitudes. Earth System Science Data 17, 2887-2909, https://doi.org/10.5194/essd-17-2887-2025",CC BY 4.0,,2012-07-23,none,single_visit,,,,0.0000001,1,burned,0,FireALT 기여 자료(lastNm 열): Breen,,ok,"기여자 Breen; siteId seward peninsula west; plot 1개; 연중 방문 1회(8월 1일 이후 0회); msrType thaw; 식생 S; 영구동토 분포 D; 생태지역 Beringia upland tundra; 화재 연도 1971, 화재 후 경과 연수 41; v3 F4_direct 셀 13908(ABoVE_AK)과 체비쇼프 0.0063° 로 0.01° 이내"
firealt_talucci2025,firealt_talucci2025_0578,Breen seward peninsula west (burned),65.46003098,-164.6773691,2012,7,21,probe,direct_dated,1,United States,Alaska,"Talucci, A., Loranty, M., Holloway, J., Rogers, B., Alexander, H., et al. (2024) FireALT dataset: estimated active layer thickness for paired burned unburned sites measured from 2001-2023. NSF Arctic Data Center. https://doi.org/10.18739/A2RN3092P. 자료 논문: Talucci, A. C., et al. (2025) Permafrost-wildfire interactions: active layer thickness estimates for paired burned and unburned sites in northern high latitudes. Earth System Science Data 17, 2887-2909, https://doi.org/10.5194/essd-17-2887-2025",CC BY 4.0,,2012-07-23,none,single_visit,,,,0.0000001,1,burned,0,FireALT 기여 자료(lastNm 열): Breen,,ok,"기여자 Breen; siteId seward peninsula west; plot 1개; 연중 방문 1회(8월 1일 이후 0회); msrType thaw; 식생 S; 영구동토 분포 D; 생태지역 Beringia upland tundra; 화재 연도 1971, 화재 후 경과 연수 41"
firealt_talucci2025,firealt_talucci2025_0579,Breen seward peninsula west (burned),65.46052848,-164.6750541,2012,7,22.75,probe,direct_dated,1,United States,Alaska,"Talucci, A., Loranty, M., Holloway, J., Rogers, B., Alexander, H., et al. (2024) FireALT dataset: estimated active layer thickness for paired burned unburned sites measured from 2001-2023. NSF Arctic Data Center. https://doi.org/10.18739/A2RN3092P. 자료 논문: Talucci, A. C., et al. (2025) Permafrost-wildfire interactions: active layer thickness estimates for paired burned and unburned sites in northern high latitudes. Earth System Science Data 17, 2887-2909, https://doi.org/10.5194/essd-17-2887-2025",CC BY 4.0,,2012-07-23,none,single_visit,,,,0.0000001,1,burned,0,FireALT 기여 자료(lastNm 열): Breen,,ok,"기여자 Breen; siteId seward peninsula west; plot 1개; 연중 방문 1회(8월 1일 이후 0회); msrType thaw; 식생 S; 영구동토 분포 D; 생태지역 Beringia upland tundra; 화재 연도 1971, 화재 후 경과 연수 41"
firealt_talucci2025,firealt_talucci2025_0580,Breen seward peninsula west (burned),65.46055983,-164.6688176,2012,7,15,probe,direct_dated,1,United States,Alaska,"Talucci, A., Loranty, M., Holloway, J., Rogers, B., Alexander, H., et al. (2024) FireALT dataset: estimated active layer thickness for paired burned unburned sites measured from 2001-2023. NSF Arctic Data Center. https://doi.org/10.18739/A2RN3092P. 자료 논문: Talucci, A. C., et al. (2025) Permafrost-wildfire interactions: active layer thickness estimates for paired burned and unburned sites in northern high latitudes. Earth System Science Data 17, 2887-2909, https://doi.org/10.5194/essd-17-2887-2025",CC BY 4.0,,2012-07-23,none,single_visit,,,,0.0000001,1,burned,0,FireALT 기여 자료(lastNm 열): Breen,,ok,"기여자 Breen; siteId seward peninsula west; plot 1개; 연중 방문 1회(8월 1일 이후 0회); msrType thaw; 식생 S; 영구동토 분포 D; 생태지역 Beringia upland tundra; 화재 연도 1971, 화재 후 경과 연수 41; v3 F4_direct 셀 13909(ABoVE_AK)과 체비쇼프 0.0060° 로 0.01° 이내"
firealt_talucci2025,firealt_talucci2025_0581,Breen seward peninsula west (burned),65.46072847,-164.6720954,2012,7,21.75,probe,direct_dated,1,United States,Alaska,"Talucci, A., Loranty, M., Holloway, J., Rogers, B., Alexander, H., et al. (2024) FireALT dataset: estimated active layer thickness for paired burned unburned sites measured from 2001-2023. NSF Arctic Data Center. https://doi.org/10.18739/A2RN3092P. 자료 논문: Talucci, A. C., et al. (2025) Permafrost-wildfire interactions: active layer thickness estimates for paired burned and unburned sites in northern high latitudes. Earth System Science Data 17, 2887-2909, https://doi.org/10.5194/essd-17-2887-2025",CC BY 4.0,,2012-07-23,none,single_visit,,,,0.0000001,1,burned,0,FireALT 기여 자료(lastNm 열): Breen,,ok,"기여자 Breen; siteId seward peninsula west; plot 1개; 연중 방문 1회(8월 1일 이후 0회); msrType thaw; 식생 GT; 영구동토 분포 D; 생태지역 Beringia upland tundra; 화재 연도 1971, 화재 후 경과 연수 41; v3 F4_direct 셀 13908(ABoVE_AK)과 체비쇼프 0.0087° 로 0.01° 이내"
firealt_talucci2025,firealt_talucci2025_0582,Breen seward peninsula west (burned),65.46081547,-164.6708427,2012,7,20,probe,direct_dated,1,United States,Alaska,"Talucci, A., Loranty, M., Holloway, J., Rogers, B., Alexander, H., et al. (2024) FireALT dataset: estimated active layer thickness for paired burned unburned sites measured from 2001-2023. NSF Arctic Data Center. https://doi.org/10.18739/A2RN3092P. 자료 논문: Talucci, A. C., et al. (2025) Permafrost-wildfire interactions: active layer thickness estimates for paired burned and unburned sites in northern high latitudes. Earth System Science Data 17, 2887-2909, https://doi.org/10.5194/essd-17-2887-2025",CC BY 4.0,,2012-07-23,none,single_visit,,,,0.0000001,1,burned,0,FireALT 기여 자료(lastNm 열): Breen,,ok,"기여자 Breen; siteId seward peninsula west; plot 1개; 연중 방문 1회(8월 1일 이후 0회); msrType thaw; 식생 S; 영구동토 분포 D; 생태지역 Beringia upland tundra; 화재 연도 1971, 화재 후 경과 연수 41; v3 F4_direct 셀 13908(ABoVE_AK)과 체비쇼프 0.0074° 로 0.01° 이내"
firealt_talucci2025,firealt_talucci2025_0583,O'Donnell HC67/HC90 (burned),65.48797,-149.48595,2007,9,50,probe,direct_eos,2,United States,Alaska,"Talucci, A., Loranty, M., Holloway, J., Rogers, B., Alexander, H., et al. (2024) FireALT dataset: estimated active layer thickness for paired burned unburned sites measured from 2001-2023. NSF Arctic Data Center. https://doi.org/10.18739/A2RN3092P. 자료 논문: Talucci, A. C., et al. (2025) Permafrost-wildfire interactions: active layer thickness estimates for paired burned and unburned sites in northern high latitudes. Earth System Science Data 17, 2887-2909, https://doi.org/10.5194/essd-17-2887-2025",CC BY 4.0,,2007-09-13,record_date,single_visit,,,7.0711,0.00001,1,burned,0,FireALT 기여 자료(lastNm 열): O'Donnell,,ok,"기여자 O'Donnell; siteId HC67/HC90; plot 2개; 연중 방문 1회(8월 1일 이후 1회); msrType active; 식생 MBM/MNM; 영구동토 분포 D; 생태지역 Interior Alaska-Yukon lowland taiga; 화재 연도 1967,1990, 화재 후 경과 연수 17,40"
firealt_talucci2025,firealt_talucci2025_0584,Natali HCU (unburned),65.56675,-148.9246,2017,9,43.303,probe,direct_eos,33,United States,Alaska,"Talucci, A., Loranty, M., Holloway, J., Rogers, B., Alexander, H., et al. (2024) FireALT dataset: estimated active layer thickness for paired burned unburned sites measured from 2001-2023. NSF Arctic Data Center. https://doi.org/10.18739/A2RN3092P. 자료 논문: Talucci, A. C., et al. (2025) Permafrost-wildfire interactions: active layer thickness estimates for paired burned and unburned sites in northern high latitudes. Earth System Science Data 17, 2887-2909, https://doi.org/10.5194/essd-17-2887-2025",CC BY 4.0,,2017-09-10,record_date,single_visit,,,6.4541,0.0001,0,,0,FireALT 기여 자료(lastNm 열): Natali,,ok,기여자 Natali; siteId HCU; plot 1개; 연중 방문 1회(8월 1일 이후 1회); msrType active; 식생 EN; 영구동토 분포 D; 생태지역 Interior Alaska-Yukon lowland taiga; v3 F4_direct 셀 205(ABoVE_AK)과 체비쇼프 0.0006° 로 0.01° 이내
firealt_talucci2025,firealt_talucci2025_0585,Natali HCU (unburned),65.56714,-148.9252,2017,9,47.7059,probe,direct_eos,34,United States,Alaska,"Talucci, A., Loranty, M., Holloway, J., Rogers, B., Alexander, H., et al. (2024) FireALT dataset: estimated active layer thickness for paired burned unburned sites measured from 2001-2023. NSF Arctic Data Center. https://doi.org/10.18739/A2RN3092P. 자료 논문: Talucci, A. C., et al. (2025) Permafrost-wildfire interactions: active layer thickness estimates for paired burned and unburned sites in northern high latitudes. Earth System Science Data 17, 2887-2909, https://doi.org/10.5194/essd-17-2887-2025",CC BY 4.0,,2017-09-10,record_date,single_visit,,,11.3499,0.0001,0,,0,FireALT 기여 자료(lastNm 열): Natali,,ok,기여자 Natali; siteId HCU; plot 1개; 연중 방문 1회(8월 1일 이후 1회); msrType active; 식생 EN; 영구동토 분포 D; 생태지역 Interior Alaska-Yukon lowland taiga; v3 F4_direct 셀 205(ABoVE_AK)과 체비쇼프 0.0002° 로 0.01° 이내
firealt_talucci2025,firealt_talucci2025_0586,Natali HCU (unburned),65.56719,-148.9257,2016,8,42,probe,direct_eos,15,United States,Alaska,"Talucci, A., Loranty, M., Holloway, J., Rogers, B., Alexander, H., et al. (2024) FireALT dataset: estimated active layer thickness for paired burned unburned sites measured from 2001-2023. NSF Arctic Data Center. https://doi.org/10.18739/A2RN3092P. 자료 논문: Talucci, A. C., et al. (2025) Permafrost-wildfire interactions: active layer thickness estimates for paired burned and unburned sites in northern high latitudes. Earth System Science Data 17, 2887-2909, https://doi.org/10.5194/essd-17-2887-2025",CC BY 4.0,,2016-08-09,record_date,single_visit,,,8.8721,0.0001,0,,0,FireALT 기여 자료(lastNm 열): Natali,,ok,기여자 Natali; siteId HCU; plot 1개; 연중 방문 1회(8월 1일 이후 1회); msrType active; 식생 EN; 영구동토 분포 D; 생태지역 Interior Alaska-Yukon lowland taiga; v3 F4_direct 셀 194(ABoVE_AK)과 체비쇼프 0.0000° 로 0.01° 이내
firealt_talucci2025,firealt_talucci2025_0586,Natali HCU (unburned),65.56719,-148.9257,2017,9,42.5333,probe,direct_eos,15,United States,Alaska,"Talucci, A., Loranty, M., Holloway, J., Rogers, B., Alexander, H., et al. (2024) FireALT dataset: estimated active layer thickness for paired burned unburned sites measured from 2001-2023. NSF Arctic Data Center. https://doi.org/10.18739/A2RN3092P. 자료 논문: Talucci, A. C., et al. (2025) Permafrost-wildfire interactions: active layer thickness estimates for paired burned and unburned sites in northern high latitudes. Earth System Science Data 17, 2887-2909, https://doi.org/10.5194/essd-17-2887-2025",CC BY 4.0,,2017-09-10,record_date,single_visit,,,7.954,0.0001,0,,0,FireALT 기여 자료(lastNm 열): Natali,,ok,기여자 Natali; siteId HCU; plot 1개; 연중 방문 1회(8월 1일 이후 1회); msrType active; 식생 EN; 영구동토 분포 D; 생태지역 Interior Alaska-Yukon lowland taiga; v3 F4_direct 셀 194(ABoVE_AK)과 체비쇼프 0.0000° 로 0.01° 이내
firealt_talucci2025,firealt_talucci2025_0586,Natali HCU (unburned),65.56719,-148.9257,2018,8,46.6667,probe,direct_eos,15,United States,Alaska,"Talucci, A., Loranty, M., Holloway, J., Rogers, B., Alexander, H., et al. (2024) FireALT dataset: estimated active layer thickness for paired burned unburned sites measured from 2001-2023. NSF Arctic Data Center. https://doi.org/10.18739/A2RN3092P. 자료 논문: Talucci, A. C., et al. (2025) Permafrost-wildfire interactions: active layer thickness estimates for paired burned and unburned sites in northern high latitudes. Earth System Science Data 17, 2887-2909, https://doi.org/10.5194/essd-17-2887-2025",CC BY 4.0,,2018-08-27,record_date,annual_value,,,6.1023,0.0001,0,,0,FireALT 기여 자료(lastNm 열): Natali,,ok,기여자 Natali; siteId HCU; plot 1개; 연중 방문 2회(8월 1일 이후 1회); msrType active; 식생 EN; 영구동토 분포 D; 생태지역 Interior Alaska-Yukon lowland taiga; v3 F4_direct 셀 194(ABoVE_AK)과 체비쇼프 0.0000° 로 0.01° 이내
firealt_talucci2025,firealt_talucci2025_0587,Natali HCU (unburned),65.56723,-148.9254,2016,8,44.0714,probe,direct_eos,14,United States,Alaska,"Talucci, A., Loranty, M., Holloway, J., Rogers, B., Alexander, H., et al. (2024) FireALT dataset: estimated active layer thickness for paired burned unburned sites measured from 2001-2023. NSF Arctic Data Center. https://doi.org/10.18739/A2RN3092P. 자료 논문: Talucci, A. C., et al. (2025) Permafrost-wildfire interactions: active layer thickness estimates for paired burned and unburned sites in northern high latitudes. Earth System Science Data 17, 2887-2909, https://doi.org/10.5194/essd-17-2887-2025",CC BY 4.0,,2016-08-09,record_date,single_visit,,,6.2936,0.0001,0,,0,FireALT 기여 자료(lastNm 열): Natali,,ok,기여자 Natali; siteId HCU; plot 1개; 연중 방문 1회(8월 1일 이후 1회); msrType active; 식생 EN; 영구동토 분포 D; 생태지역 Interior Alaska-Yukon lowland taiga; v3 F4_direct 셀 199(ABoVE_AK)과 체비쇼프 0.0000° 로 0.01° 이내
firealt_talucci2025,firealt_talucci2025_0587,Natali HCU (unburned),65.56723,-148.9254,2017,9,40.6667,probe,direct_eos,15,United States,Alaska,"Talucci, A., Loranty, M., Holloway, J., Rogers, B., Alexander, H., et al. (2024) FireALT dataset: estimated active layer thickness for paired burned unburned sites measured from 2001-2023. NSF Arctic Data Center. https://doi.org/10.18739/A2RN3092P. 자료 논문: Talucci, A. C., et al. (2025) Permafrost-wildfire interactions: active layer thickness estimates for paired burned and unburned sites in northern high latitudes. Earth System Science Data 17, 2887-2909, https://doi.org/10.5194/essd-17-2887-2025",CC BY 4.0,,2017-09-15,record_date,single_visit,,,9.3325,0.0001,0,,0,FireALT 기여 자료(lastNm 열): Natali,,ok,기여자 Natali; siteId HCU; plot 1개; 연중 방문 1회(8월 1일 이후 1회); msrType active; 식생 EN; 영구동토 분포 D; 생태지역 Interior Alaska-Yukon lowland taiga; v3 F4_direct 셀 199(ABoVE_AK)과 체비쇼프 0.0000° 로 0.01° 이내
firealt_talucci2025,firealt_talucci2025_0587,Natali HCU (unburned),65.56723,-148.9254,2018,8,46.4,probe,direct_eos,15,United States,Alaska,"Talucci, A., Loranty, M., Holloway, J., Rogers, B., Alexander, H., et al. (2024) FireALT dataset: estimated active layer thickness for paired burned unburned sites measured from 2001-2023. NSF Arctic Data Center. https://doi.org/10.18739/A2RN3092P. 자료 논문: Talucci, A. C., et al. (2025) Permafrost-wildfire interactions: active layer thickness estimates for paired burned and unburned sites in northern high latitudes. Earth System Science Data 17, 2887-2909, https://doi.org/10.5194/essd-17-2887-2025",CC BY 4.0,,2018-08-27,record_date,annual_value,,,8.8382,0.0001,0,,0,FireALT 기여 자료(lastNm 열): Natali,,ok,기여자 Natali; siteId HCU; plot 1개; 연중 방문 2회(8월 1일 이후 1회); msrType active; 식생 EN; 영구동토 분포 D; 생태지역 Interior Alaska-Yukon lowland taiga; v3 F4_direct 셀 199(ABoVE_AK)과 체비쇼프 0.0000° 로 0.01° 이내
firealt_talucci2025,firealt_talucci2025_0588,Natali HCU (unburned),65.56728,-148.925,2016,8,42.5333,probe,direct_eos,15,United States,Alaska,"Talucci, A., Loranty, M., Holloway, J., Rogers, B., Alexander, H., et al. (2024) FireALT dataset: estimated active layer thickness for paired burned unburned sites measured from 2001-2023. NSF Arctic Data Center. https://doi.org/10.18739/A2RN3092P. 자료 논문: Talucci, A. C., et al. (2025) Permafrost-wildfire interactions: active layer thickness estimates for paired burned and unburned sites in northern high latitudes. Earth System Science Data 17, 2887-2909, https://doi.org/10.5194/essd-17-2887-2025",CC BY 4.0,,2016-08-09,record_date,single_visit,,,8.8952,0.001,0,,0,FireALT 기여 자료(lastNm 열): Natali,,ok,기여자 Natali; siteId HCU; plot 1개; 연중 방문 1회(8월 1일 이후 1회); msrType active; 식생 EN; 영구동토 분포 D; 생태지역 Interior Alaska-Yukon lowland taiga; v3 F4_direct 셀 205(ABoVE_AK)과 체비쇼프 0.0000° 로 0.01° 이내
firealt_talucci2025,firealt_talucci2025_0588,Natali HCU (unburned),65.56728,-148.925,2017,9,45.8,probe,direct_eos,15,United States,Alaska,"Talucci, A., Loranty, M., Holloway, J., Rogers, B., Alexander, H., et al. (2024) FireALT dataset: estimated active layer thickness for paired burned unburned sites measured from 2001-2023. NSF Arctic Data Center. https://doi.org/10.18739/A2RN3092P. 자료 논문: Talucci, A. C., et al. (2025) Permafrost-wildfire interactions: active layer thickness estimates for paired burned and unburned sites in northern high latitudes. Earth System Science Data 17, 2887-2909, https://doi.org/10.5194/essd-17-2887-2025",CC BY 4.0,,2017-09-15,record_date,single_visit,,,8.0374,0.001,0,,0,FireALT 기여 자료(lastNm 열): Natali,,ok,기여자 Natali; siteId HCU; plot 1개; 연중 방문 1회(8월 1일 이후 1회); msrType active; 식생 EN; 영구동토 분포 D; 생태지역 Interior Alaska-Yukon lowland taiga; v3 F4_direct 셀 205(ABoVE_AK)과 체비쇼프 0.0000° 로 0.01° 이내
firealt_talucci2025,firealt_talucci2025_0588,Natali HCU (unburned),65.56728,-148.925,2018,8,51.4667,probe,direct_eos,15,United States,Alaska,"Talucci, A., Loranty, M., Holloway, J., Rogers, B., Alexander, H., et al. (2024) FireALT dataset: estimated active layer thickness for paired burned unburned sites measured from 2001-2023. NSF Arctic Data Center. https://doi.org/10.18739/A2RN3092P. 자료 논문: Talucci, A. C., et al. (2025) Permafrost-wildfire interactions: active layer thickness estimates for paired burned and unburned sites in northern high latitudes. Earth System Science Data 17, 2887-2909, https://doi.org/10.5194/essd-17-2887-2025",CC BY 4.0,,2018-08-27,record_date,annual_value,,,9.4026,0.001,0,,0,FireALT 기여 자료(lastNm 열): Natali,,ok,기여자 Natali; siteId HCU; plot 1개; 연중 방문 2회(8월 1일 이후 1회); msrType active; 식생 EN; 영구동토 분포 D; 생태지역 Interior Alaska-Yukon lowland taiga; v3 F4_direct 셀 205(ABoVE_AK)과 체비쇼프 0.0000° 로 0.01° 이내
firealt_talucci2025,firealt_talucci2025_0589,Natali HCU (unburned),65.56748,-148.9259,2017,9,42.1212,probe,direct_eos,33,United States,Alaska,"Talucci, A., Loranty, M., Holloway, J., Rogers, B., Alexander, H., et al. (2024) FireALT dataset: estimated active layer thickness for paired burned unburned sites measured from 2001-2023. NSF Arctic Data Center. https://doi.org/10.18739/A2RN3092P. 자료 논문: Talucci, A. C., et al. (2025) Permafrost-wildfire interactions: active layer thickness estimates for paired burned and unburned sites in northern high latitudes. Earth System Science Data 17, 2887-2909, https://doi.org/10.5194/essd-17-2887-2025",CC BY 4.0,,2017-09-10,record_date,single_visit,,,7.3772,0.0001,0,,0,FireALT 기여 자료(lastNm 열): Natali,,ok,기여자 Natali; siteId HCU; plot 1개; 연중 방문 1회(8월 1일 이후 1회); msrType active; 식생 EN; 영구동토 분포 D; 생태지역 Interior Alaska-Yukon lowland taiga; v3 F4_direct 셀 198(ABoVE_AK)과 체비쇼프 0.0001° 로 0.01° 이내
firealt_talucci2025,firealt_talucci2025_0590,Natali HCU (unburned),65.56748,-148.9258,2016,8,40.125,probe,direct_eos,16,United States,Alaska,"Talucci, A., Loranty, M., Holloway, J., Rogers, B., Alexander, H., et al. (2024) FireALT dataset: estimated active layer thickness for paired burned unburned sites measured from 2001-2023. NSF Arctic Data Center. https://doi.org/10.18739/A2RN3092P. 자료 논문: Talucci, A. C., et al. (2025) Permafrost-wildfire interactions: active layer thickness estimates for paired burned and unburned sites in northern high latitudes. Earth System Science Data 17, 2887-2909, https://doi.org/10.5194/essd-17-2887-2025",CC BY 4.0,,2016-08-09,record_date,single_visit,,,5.8977,0.0001,0,,0,FireALT 기여 자료(lastNm 열): Natali,,ok,기여자 Natali; siteId HCU; plot 1개; 연중 방문 1회(8월 1일 이후 1회); msrType active; 식생 EN; 영구동토 분포 D; 생태지역 Interior Alaska-Yukon lowland taiga; v3 F4_direct 셀 198(ABoVE_AK)과 체비쇼프 0.0000° 로 0.01° 이내
firealt_talucci2025,firealt_talucci2025_0590,Natali HCU (unburned),65.56748,-148.9258,2017,9,43.125,probe,direct_eos,16,United States,Alaska,"Talucci, A., Loranty, M., Holloway, J., Rogers, B., Alexander, H., et al. (2024) FireALT dataset: estimated active layer thickness for paired burned unburned sites measured from 2001-2023. NSF Arctic Data Center. https://doi.org/10.18739/A2RN3092P. 자료 논문: Talucci, A. C., et al. (2025) Permafrost-wildfire interactions: active layer thickness estimates for paired burned and unburned sites in northern high latitudes. Earth System Science Data 17, 2887-2909, https://doi.org/10.5194/essd-17-2887-2025",CC BY 4.0,,2017-09-10,record_date,single_visit,,,6.9558,0.0001,0,,0,FireALT 기여 자료(lastNm 열): Natali,,ok,기여자 Natali; siteId HCU; plot 1개; 연중 방문 1회(8월 1일 이후 1회); msrType active; 식생 EN; 영구동토 분포 D; 생태지역 Interior Alaska-Yukon lowland taiga; v3 F4_direct 셀 198(ABoVE_AK)과 체비쇼프 0.0000° 로 0.01° 이내
firealt_talucci2025,firealt_talucci2025_0590,Natali HCU (unburned),65.56748,-148.9258,2018,8,51.125,probe,direct_eos,16,United States,Alaska,"Talucci, A., Loranty, M., Holloway, J., Rogers, B., Alexander, H., et al. (2024) FireALT dataset: estimated active layer thickness for paired burned unburned sites measured from 2001-2023. NSF Arctic Data Center. https://doi.org/10.18739/A2RN3092P. 자료 논문: Talucci, A. C., et al. (2025) Permafrost-wildfire interactions: active layer thickness estimates for paired burned and unburned sites in northern high latitudes. Earth System Science Data 17, 2887-2909, https://doi.org/10.5194/essd-17-2887-2025",CC BY 4.0,,2018-08-27,record_date,annual_value,,,6.1196,0.0001,0,,0,FireALT 기여 자료(lastNm 열): Natali,,ok,기여자 Natali; siteId HCU; plot 1개; 연중 방문 2회(8월 1일 이후 1회); msrType active; 식생 EN; 영구동토 분포 D; 생태지역 Interior Alaska-Yukon lowland taiga; v3 F4_direct 셀 198(ABoVE_AK)과 체비쇼프 0.0000° 로 0.01° 이내
firealt_talucci2025,firealt_talucci2025_0591,Natali HCU (unburned),65.56746,-148.9256,2016,8,40.125,probe,direct_eos,16,United States,Alaska,"Talucci, A., Loranty, M., Holloway, J., Rogers, B., Alexander, H., et al. (2024) FireALT dataset: estimated active layer thickness for paired burned unburned sites measured from 2001-2023. NSF Arctic Data Center. https://doi.org/10.18739/A2RN3092P. 자료 논문: Talucci, A. C., et al. (2025) Permafrost-wildfire interactions: active layer thickness estimates for paired burned and unburned sites in northern high latitudes. Earth System Science Data 17, 2887-2909, https://doi.org/10.5194/essd-17-2887-2025",CC BY 4.0,,2016-08-09,record_date,single_visit,,,8.5391,0.0001,0,,0,FireALT 기여 자료(lastNm 열): Natali,,ok,기여자 Natali; siteId HCU; plot 1개; 연중 방문 1회(8월 1일 이후 1회); msrType active; 식생 EN; 영구동토 분포 D; 생태지역 Interior Alaska-Yukon lowland taiga; v3 F4_direct 셀 204(ABoVE_AK)과 체비쇼프 0.0000° 로 0.01° 이내
firealt_talucci2025,firealt_talucci2025_0591,Natali HCU (unburned),65.56746,-148.9256,2017,9,49.5,probe,direct_eos,16,United States,Alaska,"Talucci, A., Loranty, M., Holloway, J., Rogers, B., Alexander, H., et al. (2024) FireALT dataset: estimated active layer thickness for paired burned unburned sites measured from 2001-2023. NSF Arctic Data Center. https://doi.org/10.18739/A2RN3092P. 자료 논문: Talucci, A. C., et al. (2025) Permafrost-wildfire interactions: active layer thickness estimates for paired burned and unburned sites in northern high latitudes. Earth System Science Data 17, 2887-2909, https://doi.org/10.5194/essd-17-2887-2025",CC BY 4.0,,2017-09-15,record_date,single_visit,,,10.3987,0.0001,0,,0,FireALT 기여 자료(lastNm 열): Natali,,ok,기여자 Natali; siteId HCU; plot 1개; 연중 방문 1회(8월 1일 이후 1회); msrType active; 식생 EN; 영구동토 분포 D; 생태지역 Interior Alaska-Yukon lowland taiga; v3 F4_direct 셀 204(ABoVE_AK)과 체비쇼프 0.0000° 로 0.01° 이내
firealt_talucci2025,firealt_talucci2025_0591,Natali HCU (unburned),65.56746,-148.9256,2018,8,54.625,probe,direct_eos,16,United States,Alaska,"Talucci, A., Loranty, M., Holloway, J., Rogers, B., Alexander, H., et al. (2024) FireALT dataset: estimated active layer thickness for paired burned unburned sites measured from 2001-2023. NSF Arctic Data Center. https://doi.org/10.18739/A2RN3092P. 자료 논문: Talucci, A. C., et al. (2025) Permafrost-wildfire interactions: active layer thickness estimates for paired burned and unburned sites in northern high latitudes. Earth System Science Data 17, 2887-2909, https://doi.org/10.5194/essd-17-2887-2025",CC BY 4.0,,2018-08-27,record_date,annual_value,,,8.8081,0.0001,0,,0,FireALT 기여 자료(lastNm 열): Natali,,ok,기여자 Natali; siteId HCU; plot 1개; 연중 방문 2회(8월 1일 이후 1회); msrType active; 식생 EN; 영구동토 분포 D; 생태지역 Interior Alaska-Yukon lowland taiga; v3 F4_direct 셀 204(ABoVE_AK)과 체비쇼프 0.0000° 로 0.01° 이내
firealt_talucci2025,firealt_talucci2025_0592,Natali HCU (unburned),65.56756,-148.9251,2016,8,45.1875,probe,direct_eos,16,United States,Alaska,"Talucci, A., Loranty, M., Holloway, J., Rogers, B., Alexander, H., et al. (2024) FireALT dataset: estimated active layer thickness for paired burned unburned sites measured from 2001-2023. NSF Arctic Data Center. https://doi.org/10.18739/A2RN3092P. 자료 논문: Talucci, A. C., et al. (2025) Permafrost-wildfire interactions: active layer thickness estimates for paired burned and unburned sites in northern high latitudes. Earth System Science Data 17, 2887-2909, https://doi.org/10.5194/essd-17-2887-2025",CC BY 4.0,,2016-08-09,record_date,single_visit,,,6.4002,0.0001,0,,0,FireALT 기여 자료(lastNm 열): Natali,,ok,기여자 Natali; siteId HCU; plot 1개; 연중 방문 1회(8월 1일 이후 1회); msrType active; 식생 EN; 영구동토 분포 D; 생태지역 Interior Alaska-Yukon lowland taiga; v3 F4_direct 셀 209(ABoVE_AK)과 체비쇼프 0.0000° 로 0.01° 이내
firealt_talucci2025,firealt_talucci2025_0592,Natali HCU (unburned),65.56756,-148.9251,2017,9,47.5625,probe,direct_eos,16,United States,Alaska,"Talucci, A., Loranty, M., Holloway, J., Rogers, B., Alexander, H., et al. (2024) FireALT dataset: estimated active layer thickness for paired burned unburned sites measured from 2001-2023. NSF Arctic Data Center. https://doi.org/10.18739/A2RN3092P. 자료 논문: Talucci, A. C., et al. (2025) Permafrost-wildfire interactions: active layer thickness estimates for paired burned and unburned sites in northern high latitudes. Earth System Science Data 17, 2887-2909, https://doi.org/10.5194/essd-17-2887-2025",CC BY 4.0,,2017-09-15,record_date,single_visit,,,8.0247,0.0001,0,,0,FireALT 기여 자료(lastNm 열): Natali,,ok,기여자 Natali; siteId HCU; plot 1개; 연중 방문 1회(8월 1일 이후 1회); msrType active; 식생 EN; 영구동토 분포 D; 생태지역 Interior Alaska-Yukon lowland taiga; v3 F4_direct 셀 209(ABoVE_AK)과 체비쇼프 0.0000° 로 0.01° 이내
firealt_talucci2025,firealt_talucci2025_0592,Natali HCU (unburned),65.56756,-148.9251,2018,8,50.0625,probe,direct_eos,16,United States,Alaska,"Talucci, A., Loranty, M., Holloway, J., Rogers, B., Alexander, H., et al. (2024) FireALT dataset: estimated active layer thickness for paired burned unburned sites measured from 2001-2023. NSF Arctic Data Center. https://doi.org/10.18739/A2RN3092P. 자료 논문: Talucci, A. C., et al. (2025) Permafrost-wildfire interactions: active layer thickness estimates for paired burned and unburned sites in northern high latitudes. Earth System Science Data 17, 2887-2909, https://doi.org/10.5194/essd-17-2887-2025",CC BY 4.0,,2018-08-27,record_date,annual_value,,,7.2431,0.0001,0,,0,FireALT 기여 자료(lastNm 열): Natali,,ok,기여자 Natali; siteId HCU; plot 1개; 연중 방문 2회(8월 1일 이후 1회); msrType active; 식생 EN; 영구동토 분포 D; 생태지역 Interior Alaska-Yukon lowland taiga; v3 F4_direct 셀 209(ABoVE_AK)과 체비쇼프 0.0000° 로 0.01° 이내
firealt_talucci2025,firealt_talucci2025_0593,O'Donnell HCCN (unburned),65.56758,-148.92488,2007,9,53,probe,direct_eos,1,United States,Alaska,"Talucci, A., Loranty, M., Holloway, J., Rogers, B., Alexander, H., et al. (2024) FireALT dataset: estimated active layer thickness for paired burned unburned sites measured from 2001-2023. NSF Arctic Data Center. https://doi.org/10.18739/A2RN3092P. 자료 논문: Talucci, A. C., et al. (2025) Permafrost-wildfire interactions: active layer thickness estimates for paired burned and unburned sites in northern high latitudes. Earth System Science Data 17, 2887-2909, https://doi.org/10.5194/essd-17-2887-2025",CC BY 4.0,,2007-09-12,series_max,annual_value,,,,0.00001,0,,0,FireALT 기여 자료(lastNm 열): O'Donnell,,ok,기여자 O'Donnell; siteId HCCN; plot 1개; 연중 방문 2회(8월 1일 이후 2회); msrType active; 식생 EN; 영구동토 분포 D; 생태지역 Interior Alaska-Yukon lowland taiga; 8월 1일 이후 방문 간격 최소 1일(같은 조사 기간의 서로 다른 plot 일 수 있다); v3 F4_direct 셀 207(ABoVE_AK)과 체비쇼프 0.0002° 로 0.01° 이내
firealt_talucci2025,firealt_talucci2025_0594,Natali HCB (burned),65.56862,-148.9238,2017,9,91,probe,direct_eos,15,United States,Alaska,"Talucci, A., Loranty, M., Holloway, J., Rogers, B., Alexander, H., et al. (2024) FireALT dataset: estimated active layer thickness for paired burned unburned sites measured from 2001-2023. NSF Arctic Data Center. https://doi.org/10.18739/A2RN3092P. 자료 논문: Talucci, A. C., et al. (2025) Permafrost-wildfire interactions: active layer thickness estimates for paired burned and unburned sites in northern high latitudes. Earth System Science Data 17, 2887-2909, https://doi.org/10.5194/essd-17-2887-2025",CC BY 4.0,,2017-09-15,record_date,annual_value,,,11.408,0.0001,1,burned,0,FireALT 기여 자료(lastNm 열): Natali,,ok,"기여자 Natali; siteId HCB; plot 1개; 연중 방문 2회(8월 1일 이후 1회); msrType active; 식생 EN; 영구동토 분포 D; 생태지역 Interior Alaska-Yukon lowland taiga; 화재 연도 2003, 화재 후 경과 연수 14; v3 F4_direct 셀 186(ABoVE_AK)과 체비쇼프 0.0000° 로 0.01° 이내"
firealt_talucci2025,firealt_talucci2025_0594,Natali HCB (burned),65.56862,-148.9238,2018,8,102.4,probe,direct_eos,15,United States,Alaska,"Talucci, A., Loranty, M., Holloway, J., Rogers, B., Alexander, H., et al. (2024) FireALT dataset: estimated active layer thickness for paired burned unburned sites measured from 2001-2023. NSF Arctic Data Center. https://doi.org/10.18739/A2RN3092P. 자료 논문: Talucci, A. C., et al. (2025) Permafrost-wildfire interactions: active layer thickness estimates for paired burned and unburned sites in northern high latitudes. Earth System Science Data 17, 2887-2909, https://doi.org/10.5194/essd-17-2887-2025",CC BY 4.0,,2018-08-27,record_date,annual_value,,,23.0025,0.0001,1,burned,0,FireALT 기여 자료(lastNm 열): Natali,,ok,"기여자 Natali; siteId HCB; plot 1개; 연중 방문 2회(8월 1일 이후 1회); msrType active; 식생 EN; 영구동토 분포 D; 생태지역 Interior Alaska-Yukon lowland taiga; 화재 연도 2003, 화재 후 경과 연수 15; v3 F4_direct 셀 186(ABoVE_AK)과 체비쇼프 0.0000° 로 0.01° 이내"
firealt_talucci2025,firealt_talucci2025_0595,Natali HCB (burned),65.56863,-148.9232,2017,9,86.8667,probe,direct_eos,15,United States,Alaska,"Talucci, A., Loranty, M., Holloway, J., Rogers, B., Alexander, H., et al. (2024) FireALT dataset: estimated active layer thickness for paired burned unburned sites measured from 2001-2023. NSF Arctic Data Center. https://doi.org/10.18739/A2RN3092P. 자료 논문: Talucci, A. C., et al. (2025) Permafrost-wildfire interactions: active layer thickness estimates for paired burned and unburned sites in northern high latitudes. Earth System Science Data 17, 2887-2909, https://doi.org/10.5194/essd-17-2887-2025",CC BY 4.0,,2017-09-15,record_date,annual_value,,,11.7648,0.0001,1,burned,0,FireALT 기여 자료(lastNm 열): Natali,,ok,"기여자 Natali; siteId HCB; plot 1개; 연중 방문 2회(8월 1일 이후 1회); msrType active; 식생 EN; 영구동토 분포 D; 생태지역 Interior Alaska-Yukon lowland taiga; 화재 연도 2003, 화재 후 경과 연수 14; v3 F4_direct 셀 190(ABoVE_AK)과 체비쇼프 0.0000° 로 0.01° 이내"
firealt_talucci2025,firealt_talucci2025_0595,Natali HCB (burned),65.56863,-148.9232,2018,8,91.9333,probe,direct_eos,15,United States,Alaska,"Talucci, A., Loranty, M., Holloway, J., Rogers, B., Alexander, H., et al. (2024) FireALT dataset: estimated active layer thickness for paired burned unburned sites measured from 2001-2023. NSF Arctic Data Center. https://doi.org/10.18739/A2RN3092P. 자료 논문: Talucci, A. C., et al. (2025) Permafrost-wildfire interactions: active layer thickness estimates for paired burned and unburned sites in northern high latitudes. Earth System Science Data 17, 2887-2909, https://doi.org/10.5194/essd-17-2887-2025",CC BY 4.0,,2018-08-27,record_date,annual_value,,,15.8946,0.0001,1,burned,0,FireALT 기여 자료(lastNm 열): Natali,,ok,"기여자 Natali; siteId HCB; plot 1개; 연중 방문 2회(8월 1일 이후 1회); msrType active; 식생 EN; 영구동토 분포 D; 생태지역 Interior Alaska-Yukon lowland taiga; 화재 연도 2003, 화재 후 경과 연수 15; v3 F4_direct 셀 190(ABoVE_AK)과 체비쇼프 0.0000° 로 0.01° 이내"
firealt_talucci2025,firealt_talucci2025_0596,Natali HCB (burned),65.56874,-148.9241,2017,9,76.6667,probe,direct_eos,15,United States,Alaska,"Talucci, A., Loranty, M., Holloway, J., Rogers, B., Alexander, H., et al. (2024) FireALT dataset: estimated active layer thickness for paired burned unburned sites measured from 2001-2023. NSF Arctic Data Center. https://doi.org/10.18739/A2RN3092P. 자료 논문: Talucci, A. C., et al. (2025) Permafrost-wildfire interactions: active layer thickness estimates for paired burned and unburned sites in northern high latitudes. Earth System Science Data 17, 2887-2909, https://doi.org/10.5194/essd-17-2887-2025",CC BY 4.0,,2017-09-15,record_date,annual_value,,,10.8803,0.0001,1,burned,0,FireALT 기여 자료(lastNm 열): Natali,,ok,"기여자 Natali; siteId HCB; plot 1개; 연중 방문 2회(8월 1일 이후 1회); msrType active; 식생 EN; 영구동토 분포 D; 생태지역 Interior Alaska-Yukon lowland taiga; 화재 연도 2015, 화재 후 경과 연수 2; v3 F4_direct 셀 181(ABoVE_AK)과 체비쇼프 0.0000° 로 0.01° 이내"
firealt_talucci2025,firealt_talucci2025_0596,Natali HCB (burned),65.56874,-148.9241,2018,8,78.8,probe,direct_eos,15,United States,Alaska,"Talucci, A., Loranty, M., Holloway, J., Rogers, B., Alexander, H., et al. (2024) FireALT dataset: estimated active layer thickness for paired burned unburned sites measured from 2001-2023. NSF Arctic Data Center. https://doi.org/10.18739/A2RN3092P. 자료 논문: Talucci, A. C., et al. (2025) Permafrost-wildfire interactions: active layer thickness estimates for paired burned and unburned sites in northern high latitudes. Earth System Science Data 17, 2887-2909, https://doi.org/10.5194/essd-17-2887-2025",CC BY 4.0,,2018-08-27,record_date,annual_value,,,9.1355,0.0001,1,burned,0,FireALT 기여 자료(lastNm 열): Natali,,ok,"기여자 Natali; siteId HCB; plot 1개; 연중 방문 2회(8월 1일 이후 1회); msrType active; 식생 EN; 영구동토 분포 D; 생태지역 Interior Alaska-Yukon lowland taiga; 화재 연도 2015, 화재 후 경과 연수 3; v3 F4_direct 셀 181(ABoVE_AK)과 체비쇼프 0.0000° 로 0.01° 이내"
firealt_talucci2025,firealt_talucci2025_0597,O'Donnell HC03 (burned),65.56866,-148.92282,2007,9,78,probe,direct_eos,1,United States,Alaska,"Talucci, A., Loranty, M., Holloway, J., Rogers, B., Alexander, H., et al. (2024) FireALT dataset: estimated active layer thickness for paired burned unburned sites measured from 2001-2023. NSF Arctic Data Center. https://doi.org/10.18739/A2RN3092P. 자료 논문: Talucci, A. C., et al. (2025) Permafrost-wildfire interactions: active layer thickness estimates for paired burned and unburned sites in northern high latitudes. Earth System Science Data 17, 2887-2909, https://doi.org/10.5194/essd-17-2887-2025",CC BY 4.0,,2007-09-15,record_date,single_visit,,,,0.00001,1,burned,0,FireALT 기여 자료(lastNm 열): O'Donnell,,ok,"기여자 O'Donnell; siteId HC03; plot 1개; 연중 방문 1회(8월 1일 이후 1회); msrType active; 식생 EN; 영구동토 분포 D; 생태지역 Interior Alaska-Yukon lowland taiga; 화재 연도 2003, 화재 후 경과 연수 4; v3 F4_direct 셀 193(ABoVE_AK)과 체비쇼프 0.0004° 로 0.01° 이내"
firealt_talucci2025,firealt_talucci2025_0598,O'Donnell HC03 (burned),65.56872,-148.92261,2007,9,62.5,probe,direct_eos,2,United States,Alaska,"Talucci, A., Loranty, M., Holloway, J., Rogers, B., Alexander, H., et al. (2024) FireALT dataset: estimated active layer thickness for paired burned unburned sites measured from 2001-2023. NSF Arctic Data Center. https://doi.org/10.18739/A2RN3092P. 자료 논문: Talucci, A. C., et al. (2025) Permafrost-wildfire interactions: active layer thickness estimates for paired burned and unburned sites in northern high latitudes. Earth System Science Data 17, 2887-2909, https://doi.org/10.5194/essd-17-2887-2025",CC BY 4.0,,2007-09-11,series_max,annual_value,,,6.364,0.00001,1,burned,0,FireALT 기여 자료(lastNm 열): O'Donnell,,ok,"기여자 O'Donnell; siteId HC03; plot 2개; 연중 방문 2회(8월 1일 이후 2회); msrType active; 식생 EN; 영구동토 분포 D; 생태지역 Interior Alaska-Yukon lowland taiga; 화재 연도 2003, 화재 후 경과 연수 4; 8월 1일 이후 방문 간격 최소 4일(같은 조사 기간의 서로 다른 plot 일 수 있다); v3 F4_direct 셀 193(ABoVE_AK)과 체비쇼프 0.0006° 로 0.01° 이내"
firealt_talucci2025,firealt_talucci2025_0599,Natali HCB (burned),65.5689,-148.9238,2017,9,81.125,probe,direct_eos,16,United States,Alaska,"Talucci, A., Loranty, M., Holloway, J., Rogers, B., Alexander, H., et al. (2024) FireALT dataset: estimated active layer thickness for paired burned unburned sites measured from 2001-2023. NSF Arctic Data Center. https://doi.org/10.18739/A2RN3092P. 자료 논문: Talucci, A. C., et al. (2025) Permafrost-wildfire interactions: active layer thickness estimates for paired burned and unburned sites in northern high latitudes. Earth System Science Data 17, 2887-2909, https://doi.org/10.5194/essd-17-2887-2025",CC BY 4.0,,2017-09-15,record_date,annual_value,,,12.5266,0.0001,1,burned,0,FireALT 기여 자료(lastNm 열): Natali,,ok,"기여자 Natali; siteId HCB; plot 1개; 연중 방문 2회(8월 1일 이후 1회); msrType active; 식생 EN; 영구동토 분포 D; 생태지역 Interior Alaska-Yukon lowland taiga; 화재 연도 2003, 화재 후 경과 연수 14; v3 F4_direct 셀 189(ABoVE_AK)과 체비쇼프 0.0000° 로 0.01° 이내"
firealt_talucci2025,firealt_talucci2025_0599,Natali HCB (burned),65.5689,-148.9238,2018,8,86.875,probe,direct_eos,16,United States,Alaska,"Talucci, A., Loranty, M., Holloway, J., Rogers, B., Alexander, H., et al. (2024) FireALT dataset: estimated active layer thickness for paired burned unburned sites measured from 2001-2023. NSF Arctic Data Center. https://doi.org/10.18739/A2RN3092P. 자료 논문: Talucci, A. C., et al. (2025) Permafrost-wildfire interactions: active layer thickness estimates for paired burned and unburned sites in northern high latitudes. Earth System Science Data 17, 2887-2909, https://doi.org/10.5194/essd-17-2887-2025",CC BY 4.0,,2018-08-27,record_date,annual_value,,,11.2716,0.0001,1,burned,0,FireALT 기여 자료(lastNm 열): Natali,,ok,"기여자 Natali; siteId HCB; plot 1개; 연중 방문 2회(8월 1일 이후 1회); msrType active; 식생 EN; 영구동토 분포 D; 생태지역 Interior Alaska-Yukon lowland taiga; 화재 연도 2003, 화재 후 경과 연수 15; v3 F4_direct 셀 189(ABoVE_AK)과 체비쇼프 0.0000° 로 0.01° 이내"
firealt_talucci2025,firealt_talucci2025_0600,Natali HCB (burned),65.56891,-148.9232,2017,9,88.7083,probe,direct_eos,24,United States,Alaska,"Talucci, A., Loranty, M., Holloway, J., Rogers, B., Alexander, H., et al. (2024) FireALT dataset: estimated active layer thickness for paired burned unburned sites measured from 2001-2023. NSF Arctic Data Center. https://doi.org/10.18739/A2RN3092P. 자료 논문: Talucci, A. C., et al. (2025) Permafrost-wildfire interactions: active layer thickness estimates for paired burned and unburned sites in northern high latitudes. Earth System Science Data 17, 2887-2909, https://doi.org/10.5194/essd-17-2887-2025",CC BY 4.0,,2017-09-15,record_date,annual_value,,,12.8722,0.0001,1,burned,0,FireALT 기여 자료(lastNm 열): Natali,,ok,"기여자 Natali; siteId HCB; plot 2개; 연중 방문 2회(8월 1일 이후 1회); msrType active; 식생 EN; 영구동토 분포 D; 생태지역 Interior Alaska-Yukon lowland taiga; 화재 연도 2003, 화재 후 경과 연수 14; v3 F4_direct 셀 193(ABoVE_AK)과 체비쇼프 0.0000° 로 0.01° 이내"
firealt_talucci2025,firealt_talucci2025_0600,Natali HCB (burned),65.56891,-148.9232,2018,8,106.875,probe,direct_eos,16,United States,Alaska,"Talucci, A., Loranty, M., Holloway, J., Rogers, B., Alexander, H., et al. (2024) FireALT dataset: estimated active layer thickness for paired burned unburned sites measured from 2001-2023. NSF Arctic Data Center. https://doi.org/10.18739/A2RN3092P. 자료 논문: Talucci, A. C., et al. (2025) Permafrost-wildfire interactions: active layer thickness estimates for paired burned and unburned sites in northern high latitudes. Earth System Science Data 17, 2887-2909, https://doi.org/10.5194/essd-17-2887-2025",CC BY 4.0,,2018-08-27,record_date,annual_value,,,23.0936,0.0001,1,burned,0,FireALT 기여 자료(lastNm 열): Natali,,ok,"기여자 Natali; siteId HCB; plot 1개; 연중 방문 2회(8월 1일 이후 1회); msrType active; 식생 EN; 영구동토 분포 D; 생태지역 Interior Alaska-Yukon lowland taiga; 화재 연도 2003, 화재 후 경과 연수 15; v3 F4_direct 셀 193(ABoVE_AK)과 체비쇼프 0.0000° 로 0.01° 이내"
firealt_talucci2025,firealt_talucci2025_0601,Natali HCB (burned),65.56899,-148.924,2017,9,83.7333,probe,direct_eos,15,United States,Alaska,"Talucci, A., Loranty, M., Holloway, J., Rogers, B., Alexander, H., et al. (2024) FireALT dataset: estimated active layer thickness for paired burned unburned sites measured from 2001-2023. NSF Arctic Data Center. https://doi.org/10.18739/A2RN3092P. 자료 논문: Talucci, A. C., et al. (2025) Permafrost-wildfire interactions: active layer thickness estimates for paired burned and unburned sites in northern high latitudes. Earth System Science Data 17, 2887-2909, https://doi.org/10.5194/essd-17-2887-2025",CC BY 4.0,,2017-09-15,record_date,annual_value,,,16.0065,0.001,1,burned,0,FireALT 기여 자료(lastNm 열): Natali,,ok,"기여자 Natali; siteId HCB; plot 1개; 연중 방문 2회(8월 1일 이후 1회); msrType active; 식생 EN; 영구동토 분포 D; 생태지역 Interior Alaska-Yukon lowland taiga; 화재 연도 2015, 화재 후 경과 연수 2; v3 F4_direct 셀 185(ABoVE_AK)과 체비쇼프 0.0000° 로 0.01° 이내"
firealt_talucci2025,firealt_talucci2025_0601,Natali HCB (burned),65.56899,-148.924,2018,8,85.3125,probe,direct_eos,16,United States,Alaska,"Talucci, A., Loranty, M., Holloway, J., Rogers, B., Alexander, H., et al. (2024) FireALT dataset: estimated active layer thickness for paired burned unburned sites measured from 2001-2023. NSF Arctic Data Center. https://doi.org/10.18739/A2RN3092P. 자료 논문: Talucci, A. C., et al. (2025) Permafrost-wildfire interactions: active layer thickness estimates for paired burned and unburned sites in northern high latitudes. Earth System Science Data 17, 2887-2909, https://doi.org/10.5194/essd-17-2887-2025",CC BY 4.0,,2018-08-27,record_date,annual_value,,,18.8033,0.001,1,burned,0,FireALT 기여 자료(lastNm 열): Natali,,ok,"기여자 Natali; siteId HCB; plot 1개; 연중 방문 2회(8월 1일 이후 1회); msrType active; 식생 EN; 영구동토 분포 D; 생태지역 Interior Alaska-Yukon lowland taiga; 화재 연도 2015, 화재 후 경과 연수 3; v3 F4_direct 셀 185(ABoVE_AK)과 체비쇼프 0.0000° 로 0.01° 이내"
firealt_talucci2025,firealt_talucci2025_0602,Natali HCB (burned),65.56908,-148.9238,2017,9,82.6774,probe,direct_eos,31,United States,Alaska,"Talucci, A., Loranty, M., Holloway, J., Rogers, B., Alexander, H., et al. (2024) FireALT dataset: estimated active layer thickness for paired burned unburned sites measured from 2001-2023. NSF Arctic Data Center. https://doi.org/10.18739/A2RN3092P. 자료 논문: Talucci, A. C., et al. (2025) Permafrost-wildfire interactions: active layer thickness estimates for paired burned and unburned sites in northern high latitudes. Earth System Science Data 17, 2887-2909, https://doi.org/10.5194/essd-17-2887-2025",CC BY 4.0,,2017-09-15,record_date,single_visit,,,12.8903,0.0001,1,burned,0,FireALT 기여 자료(lastNm 열): Natali,,ok,"기여자 Natali; siteId HCB; plot 1개; 연중 방문 1회(8월 1일 이후 1회); msrType active; 식생 EN; 영구동토 분포 D; 생태지역 Interior Alaska-Yukon lowland taiga; 화재 연도 2003, 화재 후 경과 연수 14; v3 F4_direct 셀 185(ABoVE_AK)과 체비쇼프 0.0002° 로 0.01° 이내"
firealt_talucci2025,firealt_talucci2025_0603,Natali HCB (burned),65.56953,-148.9239,2017,9,83.4545,probe,direct_eos,22,United States,Alaska,"Talucci, A., Loranty, M., Holloway, J., Rogers, B., Alexander, H., et al. (2024) FireALT dataset: estimated active layer thickness for paired burned unburned sites measured from 2001-2023. NSF Arctic Data Center. https://doi.org/10.18739/A2RN3092P. 자료 논문: Talucci, A. C., et al. (2025) Permafrost-wildfire interactions: active layer thickness estimates for paired burned and unburned sites in northern high latitudes. Earth System Science Data 17, 2887-2909, https://doi.org/10.5194/essd-17-2887-2025",CC BY 4.0,,2017-09-15,record_date,single_visit,,,16.1001,0.0001,1,burned,0,FireALT 기여 자료(lastNm 열): Natali,,ok,"기여자 Natali; siteId HCB; plot 1개; 연중 방문 1회(8월 1일 이후 1회); msrType active; 식생 EN; 영구동토 분포 D; 생태지역 Interior Alaska-Yukon lowland taiga; 화재 연도 2003, 화재 후 경과 연수 14; v3 F4_direct 셀 185(ABoVE_AK)과 체비쇼프 0.0006° 로 0.01° 이내"
firealt_talucci2025,firealt_talucci2025_0604,O'Donnell ECLB (burned),65.57626,-148.95951,2005,9,68,probe,direct_eos,10,United States,Alaska,"Talucci, A., Loranty, M., Holloway, J., Rogers, B., Alexander, H., et al. (2024) FireALT dataset: estimated active layer thickness for paired burned unburned sites measured from 2001-2023. NSF Arctic Data Center. https://doi.org/10.18739/A2RN3092P. 자료 논문: Talucci, A. C., et al. (2025) Permafrost-wildfire interactions: active layer thickness estimates for paired burned and unburned sites in northern high latitudes. Earth System Science Data 17, 2887-2909, https://doi.org/10.5194/essd-17-2887-2025",CC BY 4.0,,2005-09-13,series_max,annual_value,,,9.4634,0.00001,1,burned,0,FireALT 기여 자료(lastNm 열): O'Donnell,,ok,"기여자 O'Donnell; siteId ECLB; plot 10개; 연중 방문 12회(8월 1일 이후 5회); msrType thaw; 식생 EN; 영구동토 분포 D; 생태지역 Interior Alaska-Yukon lowland taiga; 화재 연도 2003, 화재 후 경과 연수 2"
firealt_talucci2025,firealt_talucci2025_0605,O'Donnell ECLC (unburned),65.577626,-148.95982,2005,9,55.3,probe,direct_eos,10,United States,Alaska,"Talucci, A., Loranty, M., Holloway, J., Rogers, B., Alexander, H., et al. (2024) FireALT dataset: estimated active layer thickness for paired burned unburned sites measured from 2001-2023. NSF Arctic Data Center. https://doi.org/10.18739/A2RN3092P. 자료 논문: Talucci, A. C., et al. (2025) Permafrost-wildfire interactions: active layer thickness estimates for paired burned and unburned sites in northern high latitudes. Earth System Science Data 17, 2887-2909, https://doi.org/10.5194/essd-17-2887-2025",CC BY 4.0,,2005-09-13,series_max,annual_value,,,6.1473,0.00001,0,,0,FireALT 기여 자료(lastNm 열): O'Donnell,,ok,기여자 O'Donnell; siteId ECLC; plot 10개; 연중 방문 12회(8월 1일 이후 5회); msrType thaw; 식생 EN; 영구동토 분포 D; 생태지역 Interior Alaska-Yukon lowland taiga
firealt_talucci2025,firealt_talucci2025_0606,Buma STEESE_1 (burned),65.58279,-144.9942,2019,7,104,probe,direct_dated,5,United States,Alaska,"Talucci, A., Loranty, M., Holloway, J., Rogers, B., Alexander, H., et al. (2024) FireALT dataset: estimated active layer thickness for paired burned unburned sites measured from 2001-2023. NSF Arctic Data Center. https://doi.org/10.18739/A2RN3092P. 자료 논문: Talucci, A. C., et al. (2025) Permafrost-wildfire interactions: active layer thickness estimates for paired burned and unburned sites in northern high latitudes. Earth System Science Data 17, 2887-2909, https://doi.org/10.5194/essd-17-2887-2025",CC BY 4.0,,2019-07-22,none,single_visit,,,19.8746,0.0001,1,burned,0,FireALT 기여 자료(lastNm 열): Buma / Olson,,ok,"기여자 Buma; siteId STEESE_1; plot 1개; 연중 방문 1회(8월 1일 이후 0회); msrType thaw; 식생 P; 영구동토 분포 D; 생태지역 Interior Alaska-Yukon lowland taiga; 화재 연도 2005, 화재 후 경과 연수 14"
firealt_talucci2025,firealt_talucci2025_0607,Buma STEESE_2 (burned),65.58768,-144.9726,2019,7,108.1667,probe,direct_dated,6,United States,Alaska,"Talucci, A., Loranty, M., Holloway, J., Rogers, B., Alexander, H., et al. (2024) FireALT dataset: estimated active layer thickness for paired burned unburned sites measured from 2001-2023. NSF Arctic Data Center. https://doi.org/10.18739/A2RN3092P. 자료 논문: Talucci, A. C., et al. (2025) Permafrost-wildfire interactions: active layer thickness estimates for paired burned and unburned sites in northern high latitudes. Earth System Science Data 17, 2887-2909, https://doi.org/10.5194/essd-17-2887-2025",CC BY 4.0,,2019-07-31,none,single_visit,,,10.6097,0.0001,1,burned,0,FireALT 기여 자료(lastNm 열): Buma / Olson,,ok,"기여자 Buma; siteId STEESE_2; plot 1개; 연중 방문 1회(8월 1일 이후 0회); msrType thaw; 식생 P; 영구동토 분포 D; 생태지역 Interior Alaska-Yukon lowland taiga; 화재 연도 2005, 화재 후 경과 연수 14"
firealt_talucci2025,firealt_talucci2025_0608,Buma STEESE_2 (burned),65.58785,-144.9703,2019,7,119.3333,probe,direct_dated,3,United States,Alaska,"Talucci, A., Loranty, M., Holloway, J., Rogers, B., Alexander, H., et al. (2024) FireALT dataset: estimated active layer thickness for paired burned unburned sites measured from 2001-2023. NSF Arctic Data Center. https://doi.org/10.18739/A2RN3092P. 자료 논문: Talucci, A. C., et al. (2025) Permafrost-wildfire interactions: active layer thickness estimates for paired burned and unburned sites in northern high latitudes. Earth System Science Data 17, 2887-2909, https://doi.org/10.5194/essd-17-2887-2025",CC BY 4.0,,2019-07-31,none,single_visit,,,16.8028,0.0001,1,burned,0,FireALT 기여 자료(lastNm 열): Buma / Olson,,ok,"기여자 Buma; siteId STEESE_2; plot 1개; 연중 방문 1회(8월 1일 이후 0회); msrType thaw; 식생 P; 영구동토 분포 D; 생태지역 Interior Alaska-Yukon lowland taiga; 화재 연도 2005, 화재 후 경과 연수 14"
firealt_talucci2025,firealt_talucci2025_0609,Buma STEESE_2 (burned),65.58894,-144.9748,2019,7,91.4286,probe,direct_dated,7,United States,Alaska,"Talucci, A., Loranty, M., Holloway, J., Rogers, B., Alexander, H., et al. (2024) FireALT dataset: estimated active layer thickness for paired burned unburned sites measured from 2001-2023. NSF Arctic Data Center. https://doi.org/10.18739/A2RN3092P. 자료 논문: Talucci, A. C., et al. (2025) Permafrost-wildfire interactions: active layer thickness estimates for paired burned and unburned sites in northern high latitudes. Earth System Science Data 17, 2887-2909, https://doi.org/10.5194/essd-17-2887-2025",CC BY 4.0,,2019-07-31,none,single_visit,,,10.39,0.0001,1,burned,0,FireALT 기여 자료(lastNm 열): Buma / Olson,,ok,"기여자 Buma; siteId STEESE_2; plot 1개; 연중 방문 1회(8월 1일 이후 0회); msrType thaw; 식생 P; 영구동토 분포 D; 생태지역 Interior Alaska-Yukon lowland taiga; 화재 연도 2005, 화재 후 경과 연수 14"
firealt_talucci2025,firealt_talucci2025_0610,Buma STEESE_2 (burned),65.58942,-144.9704,2019,7,119.6,probe,direct_dated,5,United States,Alaska,"Talucci, A., Loranty, M., Holloway, J., Rogers, B., Alexander, H., et al. (2024) FireALT dataset: estimated active layer thickness for paired burned unburned sites measured from 2001-2023. NSF Arctic Data Center. https://doi.org/10.18739/A2RN3092P. 자료 논문: Talucci, A. C., et al. (2025) Permafrost-wildfire interactions: active layer thickness estimates for paired burned and unburned sites in northern high latitudes. Earth System Science Data 17, 2887-2909, https://doi.org/10.5194/essd-17-2887-2025",CC BY 4.0,,2019-07-31,none,single_visit,,,15.7575,0.0001,1,burned,0,FireALT 기여 자료(lastNm 열): Buma / Olson,,ok,"기여자 Buma; siteId STEESE_2; plot 1개; 연중 방문 1회(8월 1일 이후 0회); msrType thaw; 식생 P; 영구동토 분포 D; 생태지역 Interior Alaska-Yukon lowland taiga; 화재 연도 2005, 화재 후 경과 연수 14"
firealt_talucci2025,firealt_talucci2025_0611,O'Donnell ECHB (burned),65.667269,-148.96782,2005,9,67.9,probe,direct_eos,10,United States,Alaska,"Talucci, A., Loranty, M., Holloway, J., Rogers, B., Alexander, H., et al. (2024) FireALT dataset: estimated active layer thickness for paired burned unburned sites measured from 2001-2023. NSF Arctic Data Center. https://doi.org/10.18739/A2RN3092P. 자료 논문: Talucci, A. C., et al. (2025) Permafrost-wildfire interactions: active layer thickness estimates for paired burned and unburned sites in northern high latitudes. Earth System Science Data 17, 2887-2909, https://doi.org/10.5194/essd-17-2887-2025",CC BY 4.0,,2005-09-08,series_max,annual_value,,,6.5396,0.00001,1,burned,0,FireALT 기여 자료(lastNm 열): O'Donnell,,ok,"기여자 O'Donnell; siteId ECHB; plot 10개; 연중 방문 11회(8월 1일 이후 4회); msrType thaw; 식생 EN; 영구동토 분포 D; 생태지역 Interior Alaska-Yukon lowland taiga; 화재 연도 2003, 화재 후 경과 연수 2"
firealt_talucci2025,firealt_talucci2025_0612,O'Donnell ECHC (unburned),65.667269,-148.96782,2005,9,72.2,probe,direct_eos,10,United States,Alaska,"Talucci, A., Loranty, M., Holloway, J., Rogers, B., Alexander, H., et al. (2024) FireALT dataset: estimated active layer thickness for paired burned unburned sites measured from 2001-2023. NSF Arctic Data Center. https://doi.org/10.18739/A2RN3092P. 자료 논문: Talucci, A. C., et al. (2025) Permafrost-wildfire interactions: active layer thickness estimates for paired burned and unburned sites in northern high latitudes. Earth System Science Data 17, 2887-2909, https://doi.org/10.5194/essd-17-2887-2025",CC BY 4.0,,2005-09-08,series_max,annual_value,,,8.8167,0.00001,0,,0,FireALT 기여 자료(lastNm 열): O'Donnell,,ok,기여자 O'Donnell; siteId ECHC; plot 10개; 연중 방문 12회(8월 1일 이후 5회); msrType thaw; 식생 EN; 영구동토 분포 D; 생태지역 Interior Alaska-Yukon lowland taiga
firealt_talucci2025,firealt_talucci2025_0613,Buma DALTON_1 (burned),65.69073,-149.125,2019,7,143,probe,direct_dated,2,United States,Alaska,"Talucci, A., Loranty, M., Holloway, J., Rogers, B., Alexander, H., et al. (2024) FireALT dataset: estimated active layer thickness for paired burned unburned sites measured from 2001-2023. NSF Arctic Data Center. https://doi.org/10.18739/A2RN3092P. 자료 논문: Talucci, A. C., et al. (2025) Permafrost-wildfire interactions: active layer thickness estimates for paired burned and unburned sites in northern high latitudes. Earth System Science Data 17, 2887-2909, https://doi.org/10.5194/essd-17-2887-2025",CC BY 4.0,,2019-07-29,none,single_visit,,,7.0711,0.001,1,burned,0,FireALT 기여 자료(lastNm 열): Buma / Olson,,ok,"기여자 Buma; siteId DALTON_1; plot 1개; 연중 방문 1회(8월 1일 이후 0회); msrType thaw; 식생 P; 영구동토 분포 D; 생태지역 Interior Alaska-Yukon lowland taiga; 화재 연도 2005, 화재 후 경과 연수 14"
firealt_talucci2025,firealt_talucci2025_0614,Buma DALTON_1 (burned),65.69112,-149.118,2019,8,111.75,probe,direct_eos,4,United States,Alaska,"Talucci, A., Loranty, M., Holloway, J., Rogers, B., Alexander, H., et al. (2024) FireALT dataset: estimated active layer thickness for paired burned unburned sites measured from 2001-2023. NSF Arctic Data Center. https://doi.org/10.18739/A2RN3092P. 자료 논문: Talucci, A. C., et al. (2025) Permafrost-wildfire interactions: active layer thickness estimates for paired burned and unburned sites in northern high latitudes. Earth System Science Data 17, 2887-2909, https://doi.org/10.5194/essd-17-2887-2025",CC BY 4.0,,2019-08-03,record_date,single_visit,,,9.7425,0.001,1,burned,0,FireALT 기여 자료(lastNm 열): Buma / Olson,,ok,"기여자 Buma; siteId DALTON_1; plot 1개; 연중 방문 1회(8월 1일 이후 1회); msrType thaw; 식생 P; 영구동토 분포 D; 생태지역 Interior Alaska-Yukon lowland taiga; 화재 연도 2005, 화재 후 경과 연수 14"
firealt_talucci2025,firealt_talucci2025_0615,Buma DALTON_2 (burned),65.70004,-149.117,2019,8,96,probe,direct_eos,4,United States,Alaska,"Talucci, A., Loranty, M., Holloway, J., Rogers, B., Alexander, H., et al. (2024) FireALT dataset: estimated active layer thickness for paired burned unburned sites measured from 2001-2023. NSF Arctic Data Center. https://doi.org/10.18739/A2RN3092P. 자료 논문: Talucci, A. C., et al. (2025) Permafrost-wildfire interactions: active layer thickness estimates for paired burned and unburned sites in northern high latitudes. Earth System Science Data 17, 2887-2909, https://doi.org/10.5194/essd-17-2887-2025",CC BY 4.0,,2019-08-05,record_date,single_visit,,,10.2307,0.001,1,burned,0,FireALT 기여 자료(lastNm 열): Buma / Olson,,ok,"기여자 Buma; siteId DALTON_2; plot 1개; 연중 방문 1회(8월 1일 이후 1회); msrType thaw; 식생 P; 영구동토 분포 D; 생태지역 Interior Alaska-Yukon lowland taiga; 화재 연도 2005, 화재 후 경과 연수 14"
firealt_talucci2025,firealt_talucci2025_0616,Buma DALTON_1 (burned),65.70615,-149.224,2019,8,133,probe,direct_eos,1,United States,Alaska,"Talucci, A., Loranty, M., Holloway, J., Rogers, B., Alexander, H., et al. (2024) FireALT dataset: estimated active layer thickness for paired burned unburned sites measured from 2001-2023. NSF Arctic Data Center. https://doi.org/10.18739/A2RN3092P. 자료 논문: Talucci, A. C., et al. (2025) Permafrost-wildfire interactions: active layer thickness estimates for paired burned and unburned sites in northern high latitudes. Earth System Science Data 17, 2887-2909, https://doi.org/10.5194/essd-17-2887-2025",CC BY 4.0,,2019-08-10,record_date,single_visit,,,,0.001,1,burned,0,FireALT 기여 자료(lastNm 열): Buma / Olson,,ok,"기여자 Buma; siteId DALTON_1; plot 1개; 연중 방문 1회(8월 1일 이후 1회); msrType thaw; 식생 P; 영구동토 분포 D; 생태지역 Interior Alaska-Yukon lowland taiga; 화재 연도 2005, 화재 후 경과 연수 14"
firealt_talucci2025,firealt_talucci2025_0617,Buma DALTON_1 (burned),65.7068,-149.186,2019,8,95,probe,direct_eos,1,United States,Alaska,"Talucci, A., Loranty, M., Holloway, J., Rogers, B., Alexander, H., et al. (2024) FireALT dataset: estimated active layer thickness for paired burned unburned sites measured from 2001-2023. NSF Arctic Data Center. https://doi.org/10.18739/A2RN3092P. 자료 논문: Talucci, A. C., et al. (2025) Permafrost-wildfire interactions: active layer thickness estimates for paired burned and unburned sites in northern high latitudes. Earth System Science Data 17, 2887-2909, https://doi.org/10.5194/essd-17-2887-2025",CC BY 4.0,,2019-08-07,record_date,single_visit,,,,0.001,1,burned,0,FireALT 기여 자료(lastNm 열): Buma / Olson,,ok,"기여자 Buma; siteId DALTON_1; plot 1개; 연중 방문 1회(8월 1일 이후 1회); msrType thaw; 식생 P; 영구동토 분포 D; 생태지역 Interior Alaska-Yukon lowland taiga; 화재 연도 2005, 화재 후 경과 연수 14"
firealt_talucci2025,firealt_talucci2025_0618,Buma DALTON_0 (unburned),65.71309,-149.228,2019,8,78.1,probe,direct_eos,10,United States,Alaska,"Talucci, A., Loranty, M., Holloway, J., Rogers, B., Alexander, H., et al. (2024) FireALT dataset: estimated active layer thickness for paired burned unburned sites measured from 2001-2023. NSF Arctic Data Center. https://doi.org/10.18739/A2RN3092P. 자료 논문: Talucci, A. C., et al. (2025) Permafrost-wildfire interactions: active layer thickness estimates for paired burned and unburned sites in northern high latitudes. Earth System Science Data 17, 2887-2909, https://doi.org/10.5194/essd-17-2887-2025",CC BY 4.0,,2019-08-05,record_date,single_visit,,,7.1251,0.001,0,,0,FireALT 기여 자료(lastNm 열): Buma / Olson,,ok,기여자 Buma; siteId DALTON_0; plot 1개; 연중 방문 1회(8월 1일 이후 1회); msrType thaw; 식생 EN; 영구동토 분포 D; 생태지역 Interior Alaska-Yukon lowland taiga
firealt_talucci2025,firealt_talucci2025_0619,Buma DALTON_0 (unburned),65.71369,-149.233,2019,8,69,probe,direct_eos,10,United States,Alaska,"Talucci, A., Loranty, M., Holloway, J., Rogers, B., Alexander, H., et al. (2024) FireALT dataset: estimated active layer thickness for paired burned unburned sites measured from 2001-2023. NSF Arctic Data Center. https://doi.org/10.18739/A2RN3092P. 자료 논문: Talucci, A. C., et al. (2025) Permafrost-wildfire interactions: active layer thickness estimates for paired burned and unburned sites in northern high latitudes. Earth System Science Data 17, 2887-2909, https://doi.org/10.5194/essd-17-2887-2025",CC BY 4.0,,2019-08-05,record_date,single_visit,,,8.6795,0.001,0,,0,FireALT 기여 자료(lastNm 열): Buma / Olson,,ok,기여자 Buma; siteId DALTON_0; plot 1개; 연중 방문 1회(8월 1일 이후 1회); msrType thaw; 식생 EN; 영구동토 분포 D; 생태지역 Interior Alaska-Yukon lowland taiga
firealt_talucci2025,firealt_talucci2025_0620,Buma DALTON_0 (unburned),65.71578,-149.226,2019,7,88,probe,direct_dated,10,United States,Alaska,"Talucci, A., Loranty, M., Holloway, J., Rogers, B., Alexander, H., et al. (2024) FireALT dataset: estimated active layer thickness for paired burned unburned sites measured from 2001-2023. NSF Arctic Data Center. https://doi.org/10.18739/A2RN3092P. 자료 논문: Talucci, A. C., et al. (2025) Permafrost-wildfire interactions: active layer thickness estimates for paired burned and unburned sites in northern high latitudes. Earth System Science Data 17, 2887-2909, https://doi.org/10.5194/essd-17-2887-2025",CC BY 4.0,,2019-07-29,none,single_visit,,,17.3013,0.001,0,,0,FireALT 기여 자료(lastNm 열): Buma / Olson,,ok,기여자 Buma; siteId DALTON_0; plot 1개; 연중 방문 1회(8월 1일 이후 0회); msrType thaw; 식생 EN; 영구동토 분포 D; 생태지역 Interior Alaska-Yukon lowland taiga
firealt_talucci2025,firealt_talucci2025_0621,Buma DALTON_0 (unburned),65.71918,-149.227,2019,8,79.1,probe,direct_eos,10,United States,Alaska,"Talucci, A., Loranty, M., Holloway, J., Rogers, B., Alexander, H., et al. (2024) FireALT dataset: estimated active layer thickness for paired burned unburned sites measured from 2001-2023. NSF Arctic Data Center. https://doi.org/10.18739/A2RN3092P. 자료 논문: Talucci, A. C., et al. (2025) Permafrost-wildfire interactions: active layer thickness estimates for paired burned and unburned sites in northern high latitudes. Earth System Science Data 17, 2887-2909, https://doi.org/10.5194/essd-17-2887-2025",CC BY 4.0,,2019-08-05,record_date,single_visit,,,10.1264,0.001,0,,0,FireALT 기여 자료(lastNm 열): Buma / Olson,,ok,기여자 Buma; siteId DALTON_0; plot 1개; 연중 방문 1회(8월 1일 이후 1회); msrType thaw; 식생 EN; 영구동토 분포 D; 생태지역 Interior Alaska-Yukon lowland taiga
firealt_talucci2025,firealt_talucci2025_0622,O'Donnell HCCN (burned),65.79545,-149.45639,2007,9,47,probe,direct_eos,1,United States,Alaska,"Talucci, A., Loranty, M., Holloway, J., Rogers, B., Alexander, H., et al. (2024) FireALT dataset: estimated active layer thickness for paired burned unburned sites measured from 2001-2023. NSF Arctic Data Center. https://doi.org/10.18739/A2RN3092P. 자료 논문: Talucci, A. C., et al. (2025) Permafrost-wildfire interactions: active layer thickness estimates for paired burned and unburned sites in northern high latitudes. Earth System Science Data 17, 2887-2909, https://doi.org/10.5194/essd-17-2887-2025",CC BY 4.0,,2007-09-13,record_date,single_visit,,,,0.00001,1,burned,0,FireALT 기여 자료(lastNm 열): O'Donnell,,ok,"기여자 O'Donnell; siteId HCCN; plot 1개; 연중 방문 1회(8월 1일 이후 1회); msrType active; 식생 EN; 영구동토 분포 D; 생태지역 Interior Alaska-Yukon lowland taiga; 화재 연도 2003, 화재 후 경과 연수 4"
firealt_talucci2025,firealt_talucci2025_0623,O'Donnell HCCN (unburned),65.81447,-149.58308,2007,9,46,probe,direct_eos,1,United States,Alaska,"Talucci, A., Loranty, M., Holloway, J., Rogers, B., Alexander, H., et al. (2024) FireALT dataset: estimated active layer thickness for paired burned unburned sites measured from 2001-2023. NSF Arctic Data Center. https://doi.org/10.18739/A2RN3092P. 자료 논문: Talucci, A. C., et al. (2025) Permafrost-wildfire interactions: active layer thickness estimates for paired burned and unburned sites in northern high latitudes. Earth System Science Data 17, 2887-2909, https://doi.org/10.5194/essd-17-2887-2025",CC BY 4.0,,2007-09-14,record_date,single_visit,,,,0.00001,0,,0,FireALT 기여 자료(lastNm 열): O'Donnell,,ok,기여자 O'Donnell; siteId HCCN; plot 1개; 연중 방문 1회(8월 1일 이후 1회); msrType active; 식생 EN; 영구동토 분포 D; 생태지역 Interior Alaska-Yukon lowland taiga
firealt_talucci2025,firealt_talucci2025_0624,Breen seward peninsula east (burned),65.84966611,-166.3930159,2012,7,44,probe,direct_dated,1,United States,Alaska,"Talucci, A., Loranty, M., Holloway, J., Rogers, B., Alexander, H., et al. (2024) FireALT dataset: estimated active layer thickness for paired burned unburned sites measured from 2001-2023. NSF Arctic Data Center. https://doi.org/10.18739/A2RN3092P. 자료 논문: Talucci, A. C., et al. (2025) Permafrost-wildfire interactions: active layer thickness estimates for paired burned and unburned sites in northern high latitudes. Earth System Science Data 17, 2887-2909, https://doi.org/10.5194/essd-17-2887-2025",CC BY 4.0,,2012-07-29,none,single_visit,,,,0.0000001,1,burned,0,FireALT 기여 자료(lastNm 열): Breen,,ok,"기여자 Breen; siteId seward peninsula east; plot 1개; 연중 방문 1회(8월 1일 이후 0회); msrType thaw; 식생 GT; 영구동토 분포 D; 생태지역 Beringia upland tundra; 화재 연도 2011, 화재 후 경과 연수 1"
firealt_talucci2025,firealt_talucci2025_0625,Breen seward peninsula east (burned),65.84989569,-166.3914509,2012,7,35.75,probe,direct_dated,1,United States,Alaska,"Talucci, A., Loranty, M., Holloway, J., Rogers, B., Alexander, H., et al. (2024) FireALT dataset: estimated active layer thickness for paired burned unburned sites measured from 2001-2023. NSF Arctic Data Center. https://doi.org/10.18739/A2RN3092P. 자료 논문: Talucci, A. C., et al. (2025) Permafrost-wildfire interactions: active layer thickness estimates for paired burned and unburned sites in northern high latitudes. Earth System Science Data 17, 2887-2909, https://doi.org/10.5194/essd-17-2887-2025",CC BY 4.0,,2012-07-29,none,single_visit,,,,0.0000001,1,burned,0,FireALT 기여 자료(lastNm 열): Breen,,ok,"기여자 Breen; siteId seward peninsula east; plot 1개; 연중 방문 1회(8월 1일 이후 0회); msrType thaw; 식생 GT; 영구동토 분포 D; 생태지역 Beringia upland tundra; 화재 연도 2011, 화재 후 경과 연수 1"
firealt_talucci2025,firealt_talucci2025_0626,Breen seward peninsula east (burned),65.84990724,-166.3911667,2012,7,56.5,probe,direct_dated,1,United States,Alaska,"Talucci, A., Loranty, M., Holloway, J., Rogers, B., Alexander, H., et al. (2024) FireALT dataset: estimated active layer thickness for paired burned unburned sites measured from 2001-2023. NSF Arctic Data Center. https://doi.org/10.18739/A2RN3092P. 자료 논문: Talucci, A. C., et al. (2025) Permafrost-wildfire interactions: active layer thickness estimates for paired burned and unburned sites in northern high latitudes. Earth System Science Data 17, 2887-2909, https://doi.org/10.5194/essd-17-2887-2025",CC BY 4.0,,2012-07-29,none,single_visit,,,,0.0000001,1,burned,0,FireALT 기여 자료(lastNm 열): Breen,,ok,"기여자 Breen; siteId seward peninsula east; plot 1개; 연중 방문 1회(8월 1일 이후 0회); msrType thaw; 식생 GT; 영구동토 분포 D; 생태지역 Beringia upland tundra; 화재 연도 2011, 화재 후 경과 연수 1"
firealt_talucci2025,firealt_talucci2025_0627,Breen seward peninsula east (burned),65.85009303,-166.3924475,2012,7,44.5,probe,direct_dated,1,United States,Alaska,"Talucci, A., Loranty, M., Holloway, J., Rogers, B., Alexander, H., et al. (2024) FireALT dataset: estimated active layer thickness for paired burned unburned sites measured from 2001-2023. NSF Arctic Data Center. https://doi.org/10.18739/A2RN3092P. 자료 논문: Talucci, A. C., et al. (2025) Permafrost-wildfire interactions: active layer thickness estimates for paired burned and unburned sites in northern high latitudes. Earth System Science Data 17, 2887-2909, https://doi.org/10.5194/essd-17-2887-2025",CC BY 4.0,,2012-07-29,none,single_visit,,,,0.0000001,1,burned,0,FireALT 기여 자료(lastNm 열): Breen,,ok,"기여자 Breen; siteId seward peninsula east; plot 1개; 연중 방문 1회(8월 1일 이후 0회); msrType thaw; 식생 GT; 영구동토 분포 D; 생태지역 Beringia upland tundra; 화재 연도 2011, 화재 후 경과 연수 1"
firealt_talucci2025,firealt_talucci2025_0628,Breen seward peninsula east (burned),65.85161579,-166.3927491,2012,7,37.75,probe,direct_dated,1,United States,Alaska,"Talucci, A., Loranty, M., Holloway, J., Rogers, B., Alexander, H., et al. (2024) FireALT dataset: estimated active layer thickness for paired burned unburned sites measured from 2001-2023. NSF Arctic Data Center. https://doi.org/10.18739/A2RN3092P. 자료 논문: Talucci, A. C., et al. (2025) Permafrost-wildfire interactions: active layer thickness estimates for paired burned and unburned sites in northern high latitudes. Earth System Science Data 17, 2887-2909, https://doi.org/10.5194/essd-17-2887-2025",CC BY 4.0,,2012-07-29,none,single_visit,,,,0.0000001,1,burned,0,FireALT 기여 자료(lastNm 열): Breen,,ok,"기여자 Breen; siteId seward peninsula east; plot 1개; 연중 방문 1회(8월 1일 이후 0회); msrType thaw; 식생 GT; 영구동토 분포 D; 생태지역 Beringia upland tundra; 화재 연도 2011, 화재 후 경과 연수 1"
firealt_talucci2025,firealt_talucci2025_0629,Breen seward peninsula east (burned),65.85192573,-166.3932041,2012,7,53.25,probe,direct_dated,1,United States,Alaska,"Talucci, A., Loranty, M., Holloway, J., Rogers, B., Alexander, H., et al. (2024) FireALT dataset: estimated active layer thickness for paired burned unburned sites measured from 2001-2023. NSF Arctic Data Center. https://doi.org/10.18739/A2RN3092P. 자료 논문: Talucci, A. C., et al. (2025) Permafrost-wildfire interactions: active layer thickness estimates for paired burned and unburned sites in northern high latitudes. Earth System Science Data 17, 2887-2909, https://doi.org/10.5194/essd-17-2887-2025",CC BY 4.0,,2012-07-29,none,single_visit,,,,0.0000001,1,burned,0,FireALT 기여 자료(lastNm 열): Breen,,ok,"기여자 Breen; siteId seward peninsula east; plot 1개; 연중 방문 1회(8월 1일 이후 0회); msrType thaw; 식생 GT; 영구동토 분포 D; 생태지역 Beringia upland tundra; 화재 연도 2011, 화재 후 경과 연수 1"
firealt_talucci2025,firealt_talucci2025_0630,Breen seward peninsula east (burned),65.85215594,-166.3935452,2012,7,42,probe,direct_dated,1,United States,Alaska,"Talucci, A., Loranty, M., Holloway, J., Rogers, B., Alexander, H., et al. (2024) FireALT dataset: estimated active layer thickness for paired burned unburned sites measured from 2001-2023. NSF Arctic Data Center. https://doi.org/10.18739/A2RN3092P. 자료 논문: Talucci, A. C., et al. (2025) Permafrost-wildfire interactions: active layer thickness estimates for paired burned and unburned sites in northern high latitudes. Earth System Science Data 17, 2887-2909, https://doi.org/10.5194/essd-17-2887-2025",CC BY 4.0,,2012-07-29,none,single_visit,,,,0.0000001,1,burned,0,FireALT 기여 자료(lastNm 열): Breen,,ok,"기여자 Breen; siteId seward peninsula east; plot 1개; 연중 방문 1회(8월 1일 이후 0회); msrType thaw; 식생 GT; 영구동토 분포 D; 생태지역 Beringia upland tundra; 화재 연도 2011, 화재 후 경과 연수 1"
firealt_talucci2025,firealt_talucci2025_0631,Breen seward peninsula east (burned),65.85229486,-166.3940567,2012,7,43,probe,direct_dated,1,United States,Alaska,"Talucci, A., Loranty, M., Holloway, J., Rogers, B., Alexander, H., et al. (2024) FireALT dataset: estimated active layer thickness for paired burned unburned sites measured from 2001-2023. NSF Arctic Data Center. https://doi.org/10.18739/A2RN3092P. 자료 논문: Talucci, A. C., et al. (2025) Permafrost-wildfire interactions: active layer thickness estimates for paired burned and unburned sites in northern high latitudes. Earth System Science Data 17, 2887-2909, https://doi.org/10.5194/essd-17-2887-2025",CC BY 4.0,,2012-07-29,none,single_visit,,,,0.0000001,1,burned,0,FireALT 기여 자료(lastNm 열): Breen,,ok,"기여자 Breen; siteId seward peninsula east; plot 1개; 연중 방문 1회(8월 1일 이후 0회); msrType thaw; 식생 GT; 영구동토 분포 D; 생태지역 Beringia upland tundra; 화재 연도 2011, 화재 후 경과 연수 1"
firealt_talucci2025,firealt_talucci2025_0632,Breen seward peninsula east (burned),65.85236004,-166.3947833,2012,7,44.5,probe,direct_dated,1,United States,Alaska,"Talucci, A., Loranty, M., Holloway, J., Rogers, B., Alexander, H., et al. (2024) FireALT dataset: estimated active layer thickness for paired burned unburned sites measured from 2001-2023. NSF Arctic Data Center. https://doi.org/10.18739/A2RN3092P. 자료 논문: Talucci, A. C., et al. (2025) Permafrost-wildfire interactions: active layer thickness estimates for paired burned and unburned sites in northern high latitudes. Earth System Science Data 17, 2887-2909, https://doi.org/10.5194/essd-17-2887-2025",CC BY 4.0,,2012-07-29,none,single_visit,,,,0.0000001,1,burned,0,FireALT 기여 자료(lastNm 열): Breen,,ok,"기여자 Breen; siteId seward peninsula east; plot 1개; 연중 방문 1회(8월 1일 이후 0회); msrType thaw; 식생 GT; 영구동토 분포 D; 생태지역 Beringia upland tundra; 화재 연도 2011, 화재 후 경과 연수 1"
firealt_talucci2025,firealt_talucci2025_0633,Breen seward peninsula east (burned),65.85274053,-166.3953736,2012,7,55,probe,direct_dated,1,United States,Alaska,"Talucci, A., Loranty, M., Holloway, J., Rogers, B., Alexander, H., et al. (2024) FireALT dataset: estimated active layer thickness for paired burned unburned sites measured from 2001-2023. NSF Arctic Data Center. https://doi.org/10.18739/A2RN3092P. 자료 논문: Talucci, A. C., et al. (2025) Permafrost-wildfire interactions: active layer thickness estimates for paired burned and unburned sites in northern high latitudes. Earth System Science Data 17, 2887-2909, https://doi.org/10.5194/essd-17-2887-2025",CC BY 4.0,,2012-07-29,none,single_visit,,,,0.0000001,1,burned,0,FireALT 기여 자료(lastNm 열): Breen,,ok,"기여자 Breen; siteId seward peninsula east; plot 1개; 연중 방문 1회(8월 1일 이후 0회); msrType thaw; 식생 GT; 영구동토 분포 D; 생태지역 Beringia upland tundra; 화재 연도 2011, 화재 후 경과 연수 1"
firealt_talucci2025,firealt_talucci2025_0634,Breen seward peninsula east (burned),65.85362077,-166.4099927,2012,7,50.5,probe,direct_dated,1,United States,Alaska,"Talucci, A., Loranty, M., Holloway, J., Rogers, B., Alexander, H., et al. (2024) FireALT dataset: estimated active layer thickness for paired burned unburned sites measured from 2001-2023. NSF Arctic Data Center. https://doi.org/10.18739/A2RN3092P. 자료 논문: Talucci, A. C., et al. (2025) Permafrost-wildfire interactions: active layer thickness estimates for paired burned and unburned sites in northern high latitudes. Earth System Science Data 17, 2887-2909, https://doi.org/10.5194/essd-17-2887-2025",CC BY 4.0,,2012-07-30,none,single_visit,,,,0.0000001,1,burned,0,FireALT 기여 자료(lastNm 열): Breen,,ok,"기여자 Breen; siteId seward peninsula east; plot 1개; 연중 방문 1회(8월 1일 이후 0회); msrType thaw; 식생 GT; 영구동토 분포 D; 생태지역 Beringia upland tundra; 화재 연도 1982, 화재 후 경과 연수 30"
firealt_talucci2025,firealt_talucci2025_0635,Breen seward peninsula east (burned),65.8539492,-166.4103832,2012,7,44.25,probe,direct_dated,1,United States,Alaska,"Talucci, A., Loranty, M., Holloway, J., Rogers, B., Alexander, H., et al. (2024) FireALT dataset: estimated active layer thickness for paired burned unburned sites measured from 2001-2023. NSF Arctic Data Center. https://doi.org/10.18739/A2RN3092P. 자료 논문: Talucci, A. C., et al. (2025) Permafrost-wildfire interactions: active layer thickness estimates for paired burned and unburned sites in northern high latitudes. Earth System Science Data 17, 2887-2909, https://doi.org/10.5194/essd-17-2887-2025",CC BY 4.0,,2012-07-30,none,single_visit,,,,0.0000001,1,burned,0,FireALT 기여 자료(lastNm 열): Breen,,ok,"기여자 Breen; siteId seward peninsula east; plot 1개; 연중 방문 1회(8월 1일 이후 0회); msrType thaw; 식생 GT; 영구동토 분포 D; 생태지역 Beringia upland tundra; 화재 연도 1982, 화재 후 경과 연수 30"
firealt_talucci2025,firealt_talucci2025_0636,Breen seward peninsula east (burned),65.85391957,-166.4097023,2012,7,48.5,probe,direct_dated,1,United States,Alaska,"Talucci, A., Loranty, M., Holloway, J., Rogers, B., Alexander, H., et al. (2024) FireALT dataset: estimated active layer thickness for paired burned unburned sites measured from 2001-2023. NSF Arctic Data Center. https://doi.org/10.18739/A2RN3092P. 자료 논문: Talucci, A. C., et al. (2025) Permafrost-wildfire interactions: active layer thickness estimates for paired burned and unburned sites in northern high latitudes. Earth System Science Data 17, 2887-2909, https://doi.org/10.5194/essd-17-2887-2025",CC BY 4.0,,2012-07-30,none,single_visit,,,,0.0000001,1,burned,0,FireALT 기여 자료(lastNm 열): Breen,,ok,"기여자 Breen; siteId seward peninsula east; plot 1개; 연중 방문 1회(8월 1일 이후 0회); msrType thaw; 식생 GT; 영구동토 분포 D; 생태지역 Beringia upland tundra; 화재 연도 1982, 화재 후 경과 연수 30"
firealt_talucci2025,firealt_talucci2025_0637,Breen seward peninsula east (burned),65.85403597,-166.4097306,2012,7,46.25,probe,direct_dated,1,United States,Alaska,"Talucci, A., Loranty, M., Holloway, J., Rogers, B., Alexander, H., et al. (2024) FireALT dataset: estimated active layer thickness for paired burned unburned sites measured from 2001-2023. NSF Arctic Data Center. https://doi.org/10.18739/A2RN3092P. 자료 논문: Talucci, A. C., et al. (2025) Permafrost-wildfire interactions: active layer thickness estimates for paired burned and unburned sites in northern high latitudes. Earth System Science Data 17, 2887-2909, https://doi.org/10.5194/essd-17-2887-2025",CC BY 4.0,,2012-07-30,none,single_visit,,,,0.0000001,1,burned,0,FireALT 기여 자료(lastNm 열): Breen,,ok,"기여자 Breen; siteId seward peninsula east; plot 1개; 연중 방문 1회(8월 1일 이후 0회); msrType thaw; 식생 GT; 영구동토 분포 D; 생태지역 Beringia upland tundra; 화재 연도 1982, 화재 후 경과 연수 30"
firealt_talucci2025,firealt_talucci2025_0638,Breen seward peninsula east (burned),65.85499877,-166.4084686,2012,7,55.25,probe,direct_dated,1,United States,Alaska,"Talucci, A., Loranty, M., Holloway, J., Rogers, B., Alexander, H., et al. (2024) FireALT dataset: estimated active layer thickness for paired burned unburned sites measured from 2001-2023. NSF Arctic Data Center. https://doi.org/10.18739/A2RN3092P. 자료 논문: Talucci, A. C., et al. (2025) Permafrost-wildfire interactions: active layer thickness estimates for paired burned and unburned sites in northern high latitudes. Earth System Science Data 17, 2887-2909, https://doi.org/10.5194/essd-17-2887-2025",CC BY 4.0,,2012-07-30,none,single_visit,,,,0.0000001,1,burned,0,FireALT 기여 자료(lastNm 열): Breen,,ok,"기여자 Breen; siteId seward peninsula east; plot 1개; 연중 방문 1회(8월 1일 이후 0회); msrType thaw; 식생 GT; 영구동토 분포 D; 생태지역 Beringia upland tundra; 화재 연도 1982, 화재 후 경과 연수 30"
firealt_talucci2025,firealt_talucci2025_0639,Gaglioti noatak (burned),67.9828,-161.9789,2017,8,44.3415,probe,direct_eos,82,United States,Alaska,"Talucci, A., Loranty, M., Holloway, J., Rogers, B., Alexander, H., et al. (2024) FireALT dataset: estimated active layer thickness for paired burned unburned sites measured from 2001-2023. NSF Arctic Data Center. https://doi.org/10.18739/A2RN3092P. 자료 논문: Talucci, A. C., et al. (2025) Permafrost-wildfire interactions: active layer thickness estimates for paired burned and unburned sites in northern high latitudes. Earth System Science Data 17, 2887-2909, https://doi.org/10.5194/essd-17-2887-2025",CC BY 4.0,,2017-08-26,record_date,single_visit,,,7.1978,0.0001,1,burned,0,FireALT 기여 자료(lastNm 열): Gaglioti,,ok,"기여자 Gaglioti; siteId noatak; plot 1개; 연중 방문 1회(8월 1일 이후 1회); msrType active; 식생 S; 영구동토 분포 C; 생태지역 Arctic foothills tundra; 화재 연도 1984, 화재 후 경과 연수 33"
firealt_talucci2025,firealt_talucci2025_0640,Gaglioti noatak (burned),67.9864,-161.9738,2017,8,53.2459,probe,direct_eos,122,United States,Alaska,"Talucci, A., Loranty, M., Holloway, J., Rogers, B., Alexander, H., et al. (2024) FireALT dataset: estimated active layer thickness for paired burned unburned sites measured from 2001-2023. NSF Arctic Data Center. https://doi.org/10.18739/A2RN3092P. 자료 논문: Talucci, A. C., et al. (2025) Permafrost-wildfire interactions: active layer thickness estimates for paired burned and unburned sites in northern high latitudes. Earth System Science Data 17, 2887-2909, https://doi.org/10.5194/essd-17-2887-2025",CC BY 4.0,,2017-08-27,record_date,single_visit,,,13.3084,0.0001,1,burned,0,FireALT 기여 자료(lastNm 열): Gaglioti,,ok,"기여자 Gaglioti; siteId noatak; plot 1개; 연중 방문 1회(8월 1일 이후 1회); msrType active; 식생 S; 영구동토 분포 C; 생태지역 Arctic foothills tundra; 화재 연도 1984, 화재 후 경과 연수 33; v3 F4_direct 셀 13411(ABoVE_AK)과 체비쇼프 0.0070° 로 0.01° 이내"
firealt_talucci2025,firealt_talucci2025_0641,Gaglioti noatak (unburned),67.99161,-162.0033,2017,8,40.4156,probe,direct_eos,77,United States,Alaska,"Talucci, A., Loranty, M., Holloway, J., Rogers, B., Alexander, H., et al. (2024) FireALT dataset: estimated active layer thickness for paired burned unburned sites measured from 2001-2023. NSF Arctic Data Center. https://doi.org/10.18739/A2RN3092P. 자료 논문: Talucci, A. C., et al. (2025) Permafrost-wildfire interactions: active layer thickness estimates for paired burned and unburned sites in northern high latitudes. Earth System Science Data 17, 2887-2909, https://doi.org/10.5194/essd-17-2887-2025",CC BY 4.0,,2017-08-26,record_date,single_visit,,,8.6729,0.0001,0,,0,FireALT 기여 자료(lastNm 열): Gaglioti,,ok,기여자 Gaglioti; siteId noatak; plot 1개; 연중 방문 1회(8월 1일 이후 1회); msrType active; 식생 S; 영구동토 분포 C; 생태지역 Arctic foothills tundra
firealt_talucci2025,firealt_talucci2025_0642,Rocha Anaktuvuk River fire (burned),68.877720,-150.485303,2014,8,56.45,probe,direct_eos,20,United States,Alaska,"Talucci, A., Loranty, M., Holloway, J., Rogers, B., Alexander, H., et al. (2024) FireALT dataset: estimated active layer thickness for paired burned unburned sites measured from 2001-2023. NSF Arctic Data Center. https://doi.org/10.18739/A2RN3092P. 자료 논문: Talucci, A. C., et al. (2025) Permafrost-wildfire interactions: active layer thickness estimates for paired burned and unburned sites in northern high latitudes. Earth System Science Data 17, 2887-2909, https://doi.org/10.5194/essd-17-2887-2025",CC BY 4.0,,2014-08-31,record_date,single_visit,,,9.8327,0.000001,1,burned,0,FireALT 기여 자료(lastNm 열): Rocha,,ok,"기여자 Rocha; siteId Anaktuvuk River fire; plot 1개; 연중 방문 1회(8월 1일 이후 1회); msrType active; 식생 ; 영구동토 분포 C; 생태지역 Arctic foothills tundra; 화재 연도 2007, 화재 후 경과 연수 7; 원좌표 문자열 2개를 소수 4자리에서 묶음; v3 F4_direct 셀 459(ABoVE_AK)과 체비쇼프 0.0000° 로 0.01° 이내"
firealt_talucci2025,firealt_talucci2025_0642,Rocha Anaktuvuk River fire (burned),68.877720,-150.485303,2019,9,77.3,probe,direct_eos,20,United States,Alaska,"Talucci, A., Loranty, M., Holloway, J., Rogers, B., Alexander, H., et al. (2024) FireALT dataset: estimated active layer thickness for paired burned unburned sites measured from 2001-2023. NSF Arctic Data Center. https://doi.org/10.18739/A2RN3092P. 자료 논문: Talucci, A. C., et al. (2025) Permafrost-wildfire interactions: active layer thickness estimates for paired burned and unburned sites in northern high latitudes. Earth System Science Data 17, 2887-2909, https://doi.org/10.5194/essd-17-2887-2025",CC BY 4.0,,2019-09-02,record_date,single_visit,,,11.2816,0.000001,1,burned,0,FireALT 기여 자료(lastNm 열): Rocha,,ok,"기여자 Rocha; siteId Anaktuvuk River fire; plot 1개; 연중 방문 1회(8월 1일 이후 1회); msrType active; 식생 ; 영구동토 분포 C; 생태지역 Arctic foothills tundra; 화재 연도 2007, 화재 후 경과 연수 12; 원좌표 문자열 2개를 소수 4자리에서 묶음; v3 F4_direct 셀 459(ABoVE_AK)과 체비쇼프 0.0000° 로 0.01° 이내"
firealt_talucci2025,firealt_talucci2025_0643,Rocha Anaktuvuk River fire (burned),68.881151,-150.730988,2014,8,44.9,probe,direct_eos,20,United States,Alaska,"Talucci, A., Loranty, M., Holloway, J., Rogers, B., Alexander, H., et al. (2024) FireALT dataset: estimated active layer thickness for paired burned unburned sites measured from 2001-2023. NSF Arctic Data Center. https://doi.org/10.18739/A2RN3092P. 자료 논문: Talucci, A. C., et al. (2025) Permafrost-wildfire interactions: active layer thickness estimates for paired burned and unburned sites in northern high latitudes. Earth System Science Data 17, 2887-2909, https://doi.org/10.5194/essd-17-2887-2025",CC BY 4.0,,2014-08-31,record_date,single_visit,,,10.407,0.000001,1,burned,0,FireALT 기여 자료(lastNm 열): Rocha,,ok,"기여자 Rocha; siteId Anaktuvuk River fire; plot 1개; 연중 방문 1회(8월 1일 이후 1회); msrType active; 식생 ; 영구동토 분포 C; 생태지역 Arctic foothills tundra; 화재 연도 2007, 화재 후 경과 연수 7; 원좌표 문자열 2개를 소수 4자리에서 묶음; v3 F4_direct 셀 457(ABoVE_AK)과 체비쇼프 0.0000° 로 0.01° 이내"
firealt_talucci2025,firealt_talucci2025_0643,Rocha Anaktuvuk River fire (burned),68.881151,-150.730988,2019,9,66.8,probe,direct_eos,20,United States,Alaska,"Talucci, A., Loranty, M., Holloway, J., Rogers, B., Alexander, H., et al. (2024) FireALT dataset: estimated active layer thickness for paired burned unburned sites measured from 2001-2023. NSF Arctic Data Center. https://doi.org/10.18739/A2RN3092P. 자료 논문: Talucci, A. C., et al. (2025) Permafrost-wildfire interactions: active layer thickness estimates for paired burned and unburned sites in northern high latitudes. Earth System Science Data 17, 2887-2909, https://doi.org/10.5194/essd-17-2887-2025",CC BY 4.0,,2019-09-02,record_date,single_visit,,,12.9477,0.000001,1,burned,0,FireALT 기여 자료(lastNm 열): Rocha,,ok,"기여자 Rocha; siteId Anaktuvuk River fire; plot 1개; 연중 방문 1회(8월 1일 이후 1회); msrType active; 식생 ; 영구동토 분포 C; 생태지역 Arctic foothills tundra; 화재 연도 2007, 화재 후 경과 연수 12; 원좌표 문자열 2개를 소수 4자리에서 묶음; v3 F4_direct 셀 457(ABoVE_AK)과 체비쇼프 0.0000° 로 0.01° 이내"
firealt_talucci2025,firealt_talucci2025_0644,Rocha Anaktuvuk River fire (burned),68.901161,-150.579083,2014,8,52.7,probe,direct_eos,20,United States,Alaska,"Talucci, A., Loranty, M., Holloway, J., Rogers, B., Alexander, H., et al. (2024) FireALT dataset: estimated active layer thickness for paired burned unburned sites measured from 2001-2023. NSF Arctic Data Center. https://doi.org/10.18739/A2RN3092P. 자료 논문: Talucci, A. C., et al. (2025) Permafrost-wildfire interactions: active layer thickness estimates for paired burned and unburned sites in northern high latitudes. Earth System Science Data 17, 2887-2909, https://doi.org/10.5194/essd-17-2887-2025",CC BY 4.0,,2014-08-31,record_date,single_visit,,,11.3513,0.000001,1,burned,0,FireALT 기여 자료(lastNm 열): Rocha,,ok,"기여자 Rocha; siteId Anaktuvuk River fire; plot 1개; 연중 방문 1회(8월 1일 이후 1회); msrType active; 식생 ; 영구동토 분포 C; 생태지역 Arctic foothills tundra; 화재 연도 2007, 화재 후 경과 연수 7; 원좌표 문자열 2개를 소수 4자리에서 묶음; v3 F4_direct 셀 458(ABoVE_AK)과 체비쇼프 0.0000° 로 0.01° 이내"
firealt_talucci2025,firealt_talucci2025_0644,Rocha Anaktuvuk River fire (burned),68.901161,-150.579083,2019,9,77.45,probe,direct_eos,20,United States,Alaska,"Talucci, A., Loranty, M., Holloway, J., Rogers, B., Alexander, H., et al. (2024) FireALT dataset: estimated active layer thickness for paired burned unburned sites measured from 2001-2023. NSF Arctic Data Center. https://doi.org/10.18739/A2RN3092P. 자료 논문: Talucci, A. C., et al. (2025) Permafrost-wildfire interactions: active layer thickness estimates for paired burned and unburned sites in northern high latitudes. Earth System Science Data 17, 2887-2909, https://doi.org/10.5194/essd-17-2887-2025",CC BY 4.0,,2019-09-02,record_date,single_visit,,,19.0221,0.000001,1,burned,0,FireALT 기여 자료(lastNm 열): Rocha,,ok,"기여자 Rocha; siteId Anaktuvuk River fire; plot 1개; 연중 방문 1회(8월 1일 이후 1회); msrType active; 식생 ; 영구동토 분포 C; 생태지역 Arctic foothills tundra; 화재 연도 2007, 화재 후 경과 연수 12; 원좌표 문자열 2개를 소수 4자리에서 묶음; v3 F4_direct 셀 458(ABoVE_AK)과 체비쇼프 0.0000° 로 0.01° 이내"
firealt_talucci2025,firealt_talucci2025_0645,Rocha Anaktuvuk River fire (burned),68.906329,-150.233191,2014,8,53.65,probe,direct_eos,20,United States,Alaska,"Talucci, A., Loranty, M., Holloway, J., Rogers, B., Alexander, H., et al. (2024) FireALT dataset: estimated active layer thickness for paired burned unburned sites measured from 2001-2023. NSF Arctic Data Center. https://doi.org/10.18739/A2RN3092P. 자료 논문: Talucci, A. C., et al. (2025) Permafrost-wildfire interactions: active layer thickness estimates for paired burned and unburned sites in northern high latitudes. Earth System Science Data 17, 2887-2909, https://doi.org/10.5194/essd-17-2887-2025",CC BY 4.0,,2014-08-31,record_date,single_visit,,,7.9424,0.000001,1,burned,0,FireALT 기여 자료(lastNm 열): Rocha,,ok,"기여자 Rocha; siteId Anaktuvuk River fire; plot 1개; 연중 방문 1회(8월 1일 이후 1회); msrType active; 식생 ; 영구동토 분포 C; 생태지역 Arctic foothills tundra; 화재 연도 2007, 화재 후 경과 연수 7; 원좌표 문자열 2개를 소수 4자리에서 묶음; v3 F4_direct 셀 462(ABoVE_AK)과 체비쇼프 0.0000° 로 0.01° 이내"
firealt_talucci2025,firealt_talucci2025_0645,Rocha Anaktuvuk River fire (burned),68.906329,-150.233191,2019,9,79.8,probe,direct_eos,20,United States,Alaska,"Talucci, A., Loranty, M., Holloway, J., Rogers, B., Alexander, H., et al. (2024) FireALT dataset: estimated active layer thickness for paired burned unburned sites measured from 2001-2023. NSF Arctic Data Center. https://doi.org/10.18739/A2RN3092P. 자료 논문: Talucci, A. C., et al. (2025) Permafrost-wildfire interactions: active layer thickness estimates for paired burned and unburned sites in northern high latitudes. Earth System Science Data 17, 2887-2909, https://doi.org/10.5194/essd-17-2887-2025",CC BY 4.0,,2019-09-02,record_date,single_visit,,,9.4401,0.000001,1,burned,0,FireALT 기여 자료(lastNm 열): Rocha,,ok,"기여자 Rocha; siteId Anaktuvuk River fire; plot 1개; 연중 방문 1회(8월 1일 이후 1회); msrType active; 식생 ; 영구동토 분포 C; 생태지역 Arctic foothills tundra; 화재 연도 2007, 화재 후 경과 연수 12; 원좌표 문자열 2개를 소수 4자리에서 묶음; v3 F4_direct 셀 462(ABoVE_AK)과 체비쇼프 0.0000° 로 0.01° 이내"
firealt_talucci2025,firealt_talucci2025_0646,Rocha Anaktuvuk River fire (unburned),68.920771,-150.036897,2014,8,53,probe,direct_eos,20,United States,Alaska,"Talucci, A., Loranty, M., Holloway, J., Rogers, B., Alexander, H., et al. (2024) FireALT dataset: estimated active layer thickness for paired burned unburned sites measured from 2001-2023. NSF Arctic Data Center. https://doi.org/10.18739/A2RN3092P. 자료 논문: Talucci, A. C., et al. (2025) Permafrost-wildfire interactions: active layer thickness estimates for paired burned and unburned sites in northern high latitudes. Earth System Science Data 17, 2887-2909, https://doi.org/10.5194/essd-17-2887-2025",CC BY 4.0,,2014-08-31,record_date,single_visit,,,9.1133,0.000001,0,,0,FireALT 기여 자료(lastNm 열): Rocha,,ok,기여자 Rocha; siteId Anaktuvuk River fire; plot 1개; 연중 방문 1회(8월 1일 이후 1회); msrType active; 식생 ; 영구동토 분포 C; 생태지역 Arctic foothills tundra; 원좌표 문자열 2개를 소수 4자리에서 묶음; v3 F4_direct 셀 461(ABoVE_AK)과 체비쇼프 0.0000° 로 0.01° 이내
firealt_talucci2025,firealt_talucci2025_0646,Rocha Anaktuvuk River fire (unburned),68.920771,-150.036897,2019,9,51.65,probe,direct_eos,20,United States,Alaska,"Talucci, A., Loranty, M., Holloway, J., Rogers, B., Alexander, H., et al. (2024) FireALT dataset: estimated active layer thickness for paired burned unburned sites measured from 2001-2023. NSF Arctic Data Center. https://doi.org/10.18739/A2RN3092P. 자료 논문: Talucci, A. C., et al. (2025) Permafrost-wildfire interactions: active layer thickness estimates for paired burned and unburned sites in northern high latitudes. Earth System Science Data 17, 2887-2909, https://doi.org/10.5194/essd-17-2887-2025",CC BY 4.0,,2019-09-02,record_date,single_visit,,,15.1424,0.000001,0,,0,FireALT 기여 자료(lastNm 열): Rocha,,ok,기여자 Rocha; siteId Anaktuvuk River fire; plot 1개; 연중 방문 1회(8월 1일 이후 1회); msrType active; 식생 ; 영구동토 분포 C; 생태지역 Arctic foothills tundra; 원좌표 문자열 2개를 소수 4자리에서 묶음; v3 F4_direct 셀 461(ABoVE_AK)과 체비쇼프 0.0000° 로 0.01° 이내
firealt_talucci2025,firealt_talucci2025_0647,Natali ANKU (unburned),68.9298,-150.2798,2018,7,25.8667,probe,direct_dated,15,United States,Alaska,"Talucci, A., Loranty, M., Holloway, J., Rogers, B., Alexander, H., et al. (2024) FireALT dataset: estimated active layer thickness for paired burned unburned sites measured from 2001-2023. NSF Arctic Data Center. https://doi.org/10.18739/A2RN3092P. 자료 논문: Talucci, A. C., et al. (2025) Permafrost-wildfire interactions: active layer thickness estimates for paired burned and unburned sites in northern high latitudes. Earth System Science Data 17, 2887-2909, https://doi.org/10.5194/essd-17-2887-2025",CC BY 4.0,,2018-07-11,none,single_visit,,,5.5917,0.0001,0,,0,FireALT 기여 자료(lastNm 열): Natali,,ok,기여자 Natali; siteId ANKU; plot 1개; 연중 방문 1회(8월 1일 이후 0회); msrType thaw; 식생 GT; 영구동토 분포 C; 생태지역 Arctic foothills tundra; v3 F4_direct 셀 512(ABoVE_AK)과 체비쇼프 0.0070° 로 0.01° 이내
firealt_talucci2025,firealt_talucci2025_0648,Natali ANKU (unburned),68.92988,-150.2805,2018,7,28.5625,probe,direct_dated,16,United States,Alaska,"Talucci, A., Loranty, M., Holloway, J., Rogers, B., Alexander, H., et al. (2024) FireALT dataset: estimated active layer thickness for paired burned unburned sites measured from 2001-2023. NSF Arctic Data Center. https://doi.org/10.18739/A2RN3092P. 자료 논문: Talucci, A. C., et al. (2025) Permafrost-wildfire interactions: active layer thickness estimates for paired burned and unburned sites in northern high latitudes. Earth System Science Data 17, 2887-2909, https://doi.org/10.5194/essd-17-2887-2025",CC BY 4.0,,2018-07-11,none,single_visit,,,5.2785,0.0001,0,,0,FireALT 기여 자료(lastNm 열): Natali,,ok,기여자 Natali; siteId ANKU; plot 1개; 연중 방문 1회(8월 1일 이후 0회); msrType thaw; 식생 GT; 영구동토 분포 C; 생태지역 Arctic foothills tundra; v3 F4_direct 셀 512(ABoVE_AK)과 체비쇼프 0.0077° 로 0.01° 이내
firealt_talucci2025,firealt_talucci2025_0649,Natali ANKU (unburned),68.92988,-150.2795,2018,7,28.9333,probe,direct_dated,15,United States,Alaska,"Talucci, A., Loranty, M., Holloway, J., Rogers, B., Alexander, H., et al. (2024) FireALT dataset: estimated active layer thickness for paired burned unburned sites measured from 2001-2023. NSF Arctic Data Center. https://doi.org/10.18739/A2RN3092P. 자료 논문: Talucci, A. C., et al. (2025) Permafrost-wildfire interactions: active layer thickness estimates for paired burned and unburned sites in northern high latitudes. Earth System Science Data 17, 2887-2909, https://doi.org/10.5194/essd-17-2887-2025",CC BY 4.0,,2018-07-11,none,single_visit,,,8.1981,0.0001,0,,0,FireALT 기여 자료(lastNm 열): Natali,,ok,기여자 Natali; siteId ANKU; plot 1개; 연중 방문 1회(8월 1일 이후 0회); msrType thaw; 식생 GT; 영구동토 분포 C; 생태지역 Arctic foothills tundra; v3 F4_direct 셀 512(ABoVE_AK)과 체비쇼프 0.0067° 로 0.01° 이내
firealt_talucci2025,firealt_talucci2025_0650,Natali ANKU (unburned),68.93004,-150.28,2018,7,26.875,probe,direct_dated,16,United States,Alaska,"Talucci, A., Loranty, M., Holloway, J., Rogers, B., Alexander, H., et al. (2024) FireALT dataset: estimated active layer thickness for paired burned unburned sites measured from 2001-2023. NSF Arctic Data Center. https://doi.org/10.18739/A2RN3092P. 자료 논문: Talucci, A. C., et al. (2025) Permafrost-wildfire interactions: active layer thickness estimates for paired burned and unburned sites in northern high latitudes. Earth System Science Data 17, 2887-2909, https://doi.org/10.5194/essd-17-2887-2025",CC BY 4.0,,2018-07-11,none,single_visit,,,6.8884,0.01,0,,0,FireALT 기여 자료(lastNm 열): Natali,,ok,기여자 Natali; siteId ANKU; plot 1개; 연중 방문 1회(8월 1일 이후 0회); msrType thaw; 식생 GT; 영구동토 분포 C; 생태지역 Arctic foothills tundra; v3 F4_direct 셀 512(ABoVE_AK)과 체비쇼프 0.0072° 로 0.01° 이내
firealt_talucci2025,firealt_talucci2025_0651,Rocha ARF Unburned (unburned),68.93,-150.27,2008,8,46.5658,probe,direct_eos,76,United States,Alaska,"Talucci, A., Loranty, M., Holloway, J., Rogers, B., Alexander, H., et al. (2024) FireALT dataset: estimated active layer thickness for paired burned unburned sites measured from 2001-2023. NSF Arctic Data Center. https://doi.org/10.18739/A2RN3092P. 자료 논문: Talucci, A. C., et al. (2025) Permafrost-wildfire interactions: active layer thickness estimates for paired burned and unburned sites in northern high latitudes. Earth System Science Data 17, 2887-2909, https://doi.org/10.5194/essd-17-2887-2025",CC BY 4.0,,2008-08-30,series_max,annual_value,,,9.1234,0.01,0,,0,FireALT 기여 자료(lastNm 열): Rocha,,ok,기여자 Rocha; siteId ARF Unburned; plot 1개; 연중 방문 5회(8월 1일 이후 2회); msrType thaw; 식생 GT; 영구동토 분포 C; 생태지역 Arctic foothills tundra; v3 F4_direct 셀 508(ABoVE_AK)과 체비쇼프 0.0000° 로 0.01° 이내
firealt_talucci2025,firealt_talucci2025_0651,Rocha ARF Unburned (unburned),68.93,-150.27,2009,8,56.7895,probe,direct_eos,76,United States,Alaska,"Talucci, A., Loranty, M., Holloway, J., Rogers, B., Alexander, H., et al. (2024) FireALT dataset: estimated active layer thickness for paired burned unburned sites measured from 2001-2023. NSF Arctic Data Center. https://doi.org/10.18739/A2RN3092P. 자료 논문: Talucci, A. C., et al. (2025) Permafrost-wildfire interactions: active layer thickness estimates for paired burned and unburned sites in northern high latitudes. Earth System Science Data 17, 2887-2909, https://doi.org/10.5194/essd-17-2887-2025",CC BY 4.0,,2009-08-27,series_max,annual_value,,,7.6912,0.01,0,,0,FireALT 기여 자료(lastNm 열): Rocha,,ok,기여자 Rocha; siteId ARF Unburned; plot 1개; 연중 방문 7회(8월 1일 이후 3회); msrType thaw; 식생 GT; 영구동토 분포 C; 생태지역 Arctic foothills tundra; v3 F4_direct 셀 508(ABoVE_AK)과 체비쇼프 0.0000° 로 0.01° 이내
firealt_talucci2025,firealt_talucci2025_0651,Rocha ARF Unburned (unburned),68.93,-150.27,2010,8,55.3421,probe,direct_eos,76,United States,Alaska,"Talucci, A., Loranty, M., Holloway, J., Rogers, B., Alexander, H., et al. (2024) FireALT dataset: estimated active layer thickness for paired burned unburned sites measured from 2001-2023. NSF Arctic Data Center. https://doi.org/10.18739/A2RN3092P. 자료 논문: Talucci, A. C., et al. (2025) Permafrost-wildfire interactions: active layer thickness estimates for paired burned and unburned sites in northern high latitudes. Earth System Science Data 17, 2887-2909, https://doi.org/10.5194/essd-17-2887-2025",CC BY 4.0,,2010-08-25,record_date,annual_value,,,7.7418,0.01,0,,0,FireALT 기여 자료(lastNm 열): Rocha,,ok,기여자 Rocha; siteId ARF Unburned; plot 1개; 연중 방문 3회(8월 1일 이후 1회); msrType thaw; 식생 GT; 영구동토 분포 C; 생태지역 Arctic foothills tundra; v3 F4_direct 셀 508(ABoVE_AK)과 체비쇼프 0.0000° 로 0.01° 이내
firealt_talucci2025,firealt_talucci2025_0651,Rocha ARF Unburned (unburned),68.93,-150.27,2011,8,49.1842,probe,direct_eos,76,United States,Alaska,"Talucci, A., Loranty, M., Holloway, J., Rogers, B., Alexander, H., et al. (2024) FireALT dataset: estimated active layer thickness for paired burned unburned sites measured from 2001-2023. NSF Arctic Data Center. https://doi.org/10.18739/A2RN3092P. 자료 논문: Talucci, A. C., et al. (2025) Permafrost-wildfire interactions: active layer thickness estimates for paired burned and unburned sites in northern high latitudes. Earth System Science Data 17, 2887-2909, https://doi.org/10.5194/essd-17-2887-2025",CC BY 4.0,,2011-08-11,series_max,annual_value,,,8.4233,0.01,0,,0,FireALT 기여 자료(lastNm 열): Rocha,,ok,기여자 Rocha; siteId ARF Unburned; plot 1개; 연중 방문 6회(8월 1일 이후 2회); msrType thaw; 식생 GT; 영구동토 분포 C; 생태지역 Arctic foothills tundra; v3 F4_direct 셀 508(ABoVE_AK)과 체비쇼프 0.0000° 로 0.01° 이내
firealt_talucci2025,firealt_talucci2025_0651,Rocha ARF Unburned (unburned),68.93,-150.27,2012,9,52.4167,probe,direct_eos,84,United States,Alaska,"Talucci, A., Loranty, M., Holloway, J., Rogers, B., Alexander, H., et al. (2024) FireALT dataset: estimated active layer thickness for paired burned unburned sites measured from 2001-2023. NSF Arctic Data Center. https://doi.org/10.18739/A2RN3092P. 자료 논문: Talucci, A. C., et al. (2025) Permafrost-wildfire interactions: active layer thickness estimates for paired burned and unburned sites in northern high latitudes. Earth System Science Data 17, 2887-2909, https://doi.org/10.5194/essd-17-2887-2025",CC BY 4.0,,2012-09-03,series_max,annual_value,,,8.1554,0.01,0,,0,FireALT 기여 자료(lastNm 열): Rocha,,ok,기여자 Rocha; siteId ARF Unburned; plot 1개; 연중 방문 6회(8월 1일 이후 3회); msrType thaw; 식생 GT; 영구동토 분포 C; 생태지역 Arctic foothills tundra; v3 F4_direct 셀 508(ABoVE_AK)과 체비쇼프 0.0000° 로 0.01° 이내
firealt_talucci2025,firealt_talucci2025_0651,Rocha ARF Unburned (unburned),68.93,-150.27,2013,9,55.1071,probe,direct_eos,84,United States,Alaska,"Talucci, A., Loranty, M., Holloway, J., Rogers, B., Alexander, H., et al. (2024) FireALT dataset: estimated active layer thickness for paired burned unburned sites measured from 2001-2023. NSF Arctic Data Center. https://doi.org/10.18739/A2RN3092P. 자료 논문: Talucci, A. C., et al. (2025) Permafrost-wildfire interactions: active layer thickness estimates for paired burned and unburned sites in northern high latitudes. Earth System Science Data 17, 2887-2909, https://doi.org/10.5194/essd-17-2887-2025",CC BY 4.0,,2013-09-02,series_max,annual_value,,,7.4478,0.01,0,,0,FireALT 기여 자료(lastNm 열): Rocha,,ok,기여자 Rocha; siteId ARF Unburned; plot 1개; 연중 방문 5회(8월 1일 이후 3회); msrType thaw; 식생 GT; 영구동토 분포 C; 생태지역 Arctic foothills tundra; v3 F4_direct 셀 508(ABoVE_AK)과 체비쇼프 0.0000° 로 0.01° 이내
firealt_talucci2025,firealt_talucci2025_0651,Rocha ARF Unburned (unburned),68.93,-150.27,2014,9,49.7976,probe,direct_eos,84,United States,Alaska,"Talucci, A., Loranty, M., Holloway, J., Rogers, B., Alexander, H., et al. (2024) FireALT dataset: estimated active layer thickness for paired burned unburned sites measured from 2001-2023. NSF Arctic Data Center. https://doi.org/10.18739/A2RN3092P. 자료 논문: Talucci, A. C., et al. (2025) Permafrost-wildfire interactions: active layer thickness estimates for paired burned and unburned sites in northern high latitudes. Earth System Science Data 17, 2887-2909, https://doi.org/10.5194/essd-17-2887-2025",CC BY 4.0,,2014-09-01,series_max,annual_value,,,8.137,0.01,0,,0,FireALT 기여 자료(lastNm 열): Rocha,,ok,기여자 Rocha; siteId ARF Unburned; plot 1개; 연중 방문 10회(8월 1일 이후 3회); msrType thaw; 식생 GT; 영구동토 분포 C; 생태지역 Arctic foothills tundra; v3 F4_direct 셀 508(ABoVE_AK)과 체비쇼프 0.0000° 로 0.01° 이내
firealt_talucci2025,firealt_talucci2025_0651,Rocha ARF Unburned (unburned),68.93,-150.27,2015,8,55.3452,probe,direct_eos,84,United States,Alaska,"Talucci, A., Loranty, M., Holloway, J., Rogers, B., Alexander, H., et al. (2024) FireALT dataset: estimated active layer thickness for paired burned unburned sites measured from 2001-2023. NSF Arctic Data Center. https://doi.org/10.18739/A2RN3092P. 자료 논문: Talucci, A. C., et al. (2025) Permafrost-wildfire interactions: active layer thickness estimates for paired burned and unburned sites in northern high latitudes. Earth System Science Data 17, 2887-2909, https://doi.org/10.5194/essd-17-2887-2025",CC BY 4.0,,2015-08-12,series_max,annual_value,,,8.9705,0.01,0,,0,FireALT 기여 자료(lastNm 열): Rocha,,ok,기여자 Rocha; siteId ARF Unburned; plot 1개; 연중 방문 6회(8월 1일 이후 2회); msrType thaw; 식생 GT; 영구동토 분포 C; 생태지역 Arctic foothills tundra; v3 F4_direct 셀 508(ABoVE_AK)과 체비쇼프 0.0000° 로 0.01° 이내
firealt_talucci2025,firealt_talucci2025_0651,Rocha ARF Unburned (unburned),68.93,-150.27,2016,8,57.2738,probe,direct_eos,84,United States,Alaska,"Talucci, A., Loranty, M., Holloway, J., Rogers, B., Alexander, H., et al. (2024) FireALT dataset: estimated active layer thickness for paired burned unburned sites measured from 2001-2023. NSF Arctic Data Center. https://doi.org/10.18739/A2RN3092P. 자료 논문: Talucci, A. C., et al. (2025) Permafrost-wildfire interactions: active layer thickness estimates for paired burned and unburned sites in northern high latitudes. Earth System Science Data 17, 2887-2909, https://doi.org/10.5194/essd-17-2887-2025",CC BY 4.0,,2016-08-19,series_max,annual_value,,,8.1984,0.01,0,,0,FireALT 기여 자료(lastNm 열): Rocha,,ok,기여자 Rocha; siteId ARF Unburned; plot 1개; 연중 방문 9회(8월 1일 이후 3회); msrType thaw; 식생 GT; 영구동토 분포 C; 생태지역 Arctic foothills tundra; v3 F4_direct 셀 508(ABoVE_AK)과 체비쇼프 0.0000° 로 0.01° 이내
firealt_talucci2025,firealt_talucci2025_0651,Rocha ARF Unburned (unburned),68.93,-150.27,2017,9,53.0714,probe,direct_eos,84,United States,Alaska,"Talucci, A., Loranty, M., Holloway, J., Rogers, B., Alexander, H., et al. (2024) FireALT dataset: estimated active layer thickness for paired burned unburned sites measured from 2001-2023. NSF Arctic Data Center. https://doi.org/10.18739/A2RN3092P. 자료 논문: Talucci, A. C., et al. (2025) Permafrost-wildfire interactions: active layer thickness estimates for paired burned and unburned sites in northern high latitudes. Earth System Science Data 17, 2887-2909, https://doi.org/10.5194/essd-17-2887-2025",CC BY 4.0,,2017-09-02,series_max,annual_value,,,8.5331,0.01,0,,0,FireALT 기여 자료(lastNm 열): Rocha,,ok,기여자 Rocha; siteId ARF Unburned; plot 1개; 연중 방문 8회(8월 1일 이후 2회); msrType thaw; 식생 GT; 영구동토 분포 C; 생태지역 Arctic foothills tundra; v3 F4_direct 셀 508(ABoVE_AK)과 체비쇼프 0.0000° 로 0.01° 이내
firealt_talucci2025,firealt_talucci2025_0651,Rocha ARF Unburned (unburned),68.93,-150.27,2018,8,49.6863,probe,direct_eos,102,United States,Alaska,"Talucci, A., Loranty, M., Holloway, J., Rogers, B., Alexander, H., et al. (2024) FireALT dataset: estimated active layer thickness for paired burned unburned sites measured from 2001-2023. NSF Arctic Data Center. https://doi.org/10.18739/A2RN3092P. 자료 논문: Talucci, A. C., et al. (2025) Permafrost-wildfire interactions: active layer thickness estimates for paired burned and unburned sites in northern high latitudes. Earth System Science Data 17, 2887-2909, https://doi.org/10.5194/essd-17-2887-2025",CC BY 4.0,,2018-08-26,record_date,annual_value,,,8.9265,0.01,0,,0,FireALT 기여 자료(lastNm 열): Rocha,,ok,기여자 Rocha; siteId ARF Unburned; plot 1개; 연중 방문 4회(8월 1일 이후 1회); msrType thaw; 식생 GT; 영구동토 분포 C; 생태지역 Arctic foothills tundra; v3 F4_direct 셀 508(ABoVE_AK)과 체비쇼프 0.0000° 로 0.01° 이내
firealt_talucci2025,firealt_talucci2025_0651,Rocha ARF Unburned (unburned),68.93,-150.27,2019,8,62.4405,probe,direct_eos,84,United States,Alaska,"Talucci, A., Loranty, M., Holloway, J., Rogers, B., Alexander, H., et al. (2024) FireALT dataset: estimated active layer thickness for paired burned unburned sites measured from 2001-2023. NSF Arctic Data Center. https://doi.org/10.18739/A2RN3092P. 자료 논문: Talucci, A. C., et al. (2025) Permafrost-wildfire interactions: active layer thickness estimates for paired burned and unburned sites in northern high latitudes. Earth System Science Data 17, 2887-2909, https://doi.org/10.5194/essd-17-2887-2025",CC BY 4.0,,2019-08-19,series_max,annual_value,,,7.8408,0.01,0,,0,FireALT 기여 자료(lastNm 열): Rocha,,ok,기여자 Rocha; siteId ARF Unburned; plot 1개; 연중 방문 9회(8월 1일 이후 3회); msrType thaw; 식생 GT; 영구동토 분포 C; 생태지역 Arctic foothills tundra; v3 F4_direct 셀 508(ABoVE_AK)과 체비쇼프 0.0000° 로 0.01° 이내
firealt_talucci2025,firealt_talucci2025_0651,Rocha ARF Unburned (unburned),68.93,-150.27,2020,8,52.2143,probe,direct_eos,84,United States,Alaska,"Talucci, A., Loranty, M., Holloway, J., Rogers, B., Alexander, H., et al. (2024) FireALT dataset: estimated active layer thickness for paired burned unburned sites measured from 2001-2023. NSF Arctic Data Center. https://doi.org/10.18739/A2RN3092P. 자료 논문: Talucci, A. C., et al. (2025) Permafrost-wildfire interactions: active layer thickness estimates for paired burned and unburned sites in northern high latitudes. Earth System Science Data 17, 2887-2909, https://doi.org/10.5194/essd-17-2887-2025",CC BY 4.0,,2020-08-15,record_date,annual_value,,,8.4012,0.01,0,,0,FireALT 기여 자료(lastNm 열): Rocha,,ok,기여자 Rocha; siteId ARF Unburned; plot 1개; 연중 방문 2회(8월 1일 이후 1회); msrType thaw; 식생 GT; 영구동토 분포 C; 생태지역 Arctic foothills tundra; v3 F4_direct 셀 508(ABoVE_AK)과 체비쇼프 0.0000° 로 0.01° 이내
firealt_talucci2025,firealt_talucci2025_0652,Rocha Anaktuvuk River fire (burned),68.947778,-150.671796,2014,8,41.8,probe,direct_eos,20,United States,Alaska,"Talucci, A., Loranty, M., Holloway, J., Rogers, B., Alexander, H., et al. (2024) FireALT dataset: estimated active layer thickness for paired burned unburned sites measured from 2001-2023. NSF Arctic Data Center. https://doi.org/10.18739/A2RN3092P. 자료 논문: Talucci, A. C., et al. (2025) Permafrost-wildfire interactions: active layer thickness estimates for paired burned and unburned sites in northern high latitudes. Earth System Science Data 17, 2887-2909, https://doi.org/10.5194/essd-17-2887-2025",CC BY 4.0,,2014-08-31,record_date,single_visit,,,10.685,0.000001,1,burned,0,FireALT 기여 자료(lastNm 열): Rocha,,ok,"기여자 Rocha; siteId Anaktuvuk River fire; plot 1개; 연중 방문 1회(8월 1일 이후 1회); msrType active; 식생 ; 영구동토 분포 C; 생태지역 Arctic foothills tundra; 화재 연도 2007, 화재 후 경과 연수 7; 원좌표 문자열 2개를 소수 4자리에서 묶음; v3 F4_direct 셀 467(ABoVE_AK)과 체비쇼프 0.0000° 로 0.01° 이내"
firealt_talucci2025,firealt_talucci2025_0652,Rocha Anaktuvuk River fire (burned),68.947778,-150.671796,2019,9,64.35,probe,direct_eos,20,United States,Alaska,"Talucci, A., Loranty, M., Holloway, J., Rogers, B., Alexander, H., et al. (2024) FireALT dataset: estimated active layer thickness for paired burned unburned sites measured from 2001-2023. NSF Arctic Data Center. https://doi.org/10.18739/A2RN3092P. 자료 논문: Talucci, A. C., et al. (2025) Permafrost-wildfire interactions: active layer thickness estimates for paired burned and unburned sites in northern high latitudes. Earth System Science Data 17, 2887-2909, https://doi.org/10.5194/essd-17-2887-2025",CC BY 4.0,,2019-09-02,record_date,single_visit,,,9.9169,0.000001,1,burned,0,FireALT 기여 자료(lastNm 열): Rocha,,ok,"기여자 Rocha; siteId Anaktuvuk River fire; plot 1개; 연중 방문 1회(8월 1일 이후 1회); msrType active; 식생 ; 영구동토 분포 C; 생태지역 Arctic foothills tundra; 화재 연도 2007, 화재 후 경과 연수 12; 원좌표 문자열 2개를 소수 4자리에서 묶음; v3 F4_direct 셀 467(ABoVE_AK)과 체비쇼프 0.0000° 로 0.01° 이내"
firealt_talucci2025,firealt_talucci2025_0653,Rocha Anaktuvuk River fire (burned),68.948903,-150.439681,2014,8,53.9,probe,direct_eos,20,United States,Alaska,"Talucci, A., Loranty, M., Holloway, J., Rogers, B., Alexander, H., et al. (2024) FireALT dataset: estimated active layer thickness for paired burned unburned sites measured from 2001-2023. NSF Arctic Data Center. https://doi.org/10.18739/A2RN3092P. 자료 논문: Talucci, A. C., et al. (2025) Permafrost-wildfire interactions: active layer thickness estimates for paired burned and unburned sites in northern high latitudes. Earth System Science Data 17, 2887-2909, https://doi.org/10.5194/essd-17-2887-2025",CC BY 4.0,,2014-08-31,record_date,single_visit,,,7.5387,0.000001,1,burned,0,FireALT 기여 자료(lastNm 열): Rocha,,ok,"기여자 Rocha; siteId Anaktuvuk River fire; plot 1개; 연중 방문 1회(8월 1일 이후 1회); msrType active; 식생 ; 영구동토 분포 C; 생태지역 Arctic foothills tundra; 화재 연도 2007, 화재 후 경과 연수 7; 원좌표 문자열 2개를 소수 4자리에서 묶음; v3 F4_direct 셀 460(ABoVE_AK)과 체비쇼프 0.0000° 로 0.01° 이내"
firealt_talucci2025,firealt_talucci2025_0653,Rocha Anaktuvuk River fire (burned),68.948903,-150.439681,2019,9,77.65,probe,direct_eos,20,United States,Alaska,"Talucci, A., Loranty, M., Holloway, J., Rogers, B., Alexander, H., et al. (2024) FireALT dataset: estimated active layer thickness for paired burned unburned sites measured from 2001-2023. NSF Arctic Data Center. https://doi.org/10.18739/A2RN3092P. 자료 논문: Talucci, A. C., et al. (2025) Permafrost-wildfire interactions: active layer thickness estimates for paired burned and unburned sites in northern high latitudes. Earth System Science Data 17, 2887-2909, https://doi.org/10.5194/essd-17-2887-2025",CC BY 4.0,,2019-09-02,record_date,single_visit,,,10.0905,0.000001,1,burned,0,FireALT 기여 자료(lastNm 열): Rocha,,ok,"기여자 Rocha; siteId Anaktuvuk River fire; plot 1개; 연중 방문 1회(8월 1일 이후 1회); msrType active; 식생 ; 영구동토 분포 C; 생태지역 Arctic foothills tundra; 화재 연도 2007, 화재 후 경과 연수 12; 원좌표 문자열 2개를 소수 4자리에서 묶음; v3 F4_direct 셀 460(ABoVE_AK)과 체비쇼프 0.0000° 로 0.01° 이내"
firealt_talucci2025,firealt_talucci2025_0654,Rocha ARF Moderate (burned),68.95,-150.21,2008,8,51.8421,probe,direct_eos,76,United States,Alaska,"Talucci, A., Loranty, M., Holloway, J., Rogers, B., Alexander, H., et al. (2024) FireALT dataset: estimated active layer thickness for paired burned unburned sites measured from 2001-2023. NSF Arctic Data Center. https://doi.org/10.18739/A2RN3092P. 자료 논문: Talucci, A. C., et al. (2025) Permafrost-wildfire interactions: active layer thickness estimates for paired burned and unburned sites in northern high latitudes. Earth System Science Data 17, 2887-2909, https://doi.org/10.5194/essd-17-2887-2025",CC BY 4.0,,2008-08-30,series_max,annual_value,,,11.5563,0.01,1,burned,0,FireALT 기여 자료(lastNm 열): Rocha,,ok,"기여자 Rocha; siteId ARF Moderate; plot 1개; 연중 방문 5회(8월 1일 이후 2회); msrType thaw; 식생 GT; 영구동토 분포 C; 생태지역 Arctic foothills tundra; 화재 연도 2007, 화재 후 경과 연수 1; v3 F4_direct 셀 506(ABoVE_AK)과 체비쇼프 0.0000° 로 0.01° 이내"
firealt_talucci2025,firealt_talucci2025_0654,Rocha ARF Moderate (burned),68.95,-150.21,2009,8,66.75,probe,direct_eos,76,United States,Alaska,"Talucci, A., Loranty, M., Holloway, J., Rogers, B., Alexander, H., et al. (2024) FireALT dataset: estimated active layer thickness for paired burned unburned sites measured from 2001-2023. NSF Arctic Data Center. https://doi.org/10.18739/A2RN3092P. 자료 논문: Talucci, A. C., et al. (2025) Permafrost-wildfire interactions: active layer thickness estimates for paired burned and unburned sites in northern high latitudes. Earth System Science Data 17, 2887-2909, https://doi.org/10.5194/essd-17-2887-2025",CC BY 4.0,,2009-08-27,series_max,annual_value,,,10.1956,0.01,1,burned,0,FireALT 기여 자료(lastNm 열): Rocha,,ok,"기여자 Rocha; siteId ARF Moderate; plot 1개; 연중 방문 7회(8월 1일 이후 3회); msrType thaw; 식생 GT; 영구동토 분포 C; 생태지역 Arctic foothills tundra; 화재 연도 2007, 화재 후 경과 연수 2; v3 F4_direct 셀 506(ABoVE_AK)과 체비쇼프 0.0000° 로 0.01° 이내"
firealt_talucci2025,firealt_talucci2025_0654,Rocha ARF Moderate (burned),68.95,-150.21,2010,8,61.8158,probe,direct_eos,76,United States,Alaska,"Talucci, A., Loranty, M., Holloway, J., Rogers, B., Alexander, H., et al. (2024) FireALT dataset: estimated active layer thickness for paired burned unburned sites measured from 2001-2023. NSF Arctic Data Center. https://doi.org/10.18739/A2RN3092P. 자료 논문: Talucci, A. C., et al. (2025) Permafrost-wildfire interactions: active layer thickness estimates for paired burned and unburned sites in northern high latitudes. Earth System Science Data 17, 2887-2909, https://doi.org/10.5194/essd-17-2887-2025",CC BY 4.0,,2010-08-25,record_date,annual_value,,,10.3675,0.01,1,burned,0,FireALT 기여 자료(lastNm 열): Rocha,,ok,"기여자 Rocha; siteId ARF Moderate; plot 1개; 연중 방문 3회(8월 1일 이후 1회); msrType thaw; 식생 GT; 영구동토 분포 C; 생태지역 Arctic foothills tundra; 화재 연도 2007, 화재 후 경과 연수 3; v3 F4_direct 셀 506(ABoVE_AK)과 체비쇼프 0.0000° 로 0.01° 이내"
firealt_talucci2025,firealt_talucci2025_0654,Rocha ARF Moderate (burned),68.95,-150.21,2011,8,57.4868,probe,direct_eos,76,United States,Alaska,"Talucci, A., Loranty, M., Holloway, J., Rogers, B., Alexander, H., et al. (2024) FireALT dataset: estimated active layer thickness for paired burned unburned sites measured from 2001-2023. NSF Arctic Data Center. https://doi.org/10.18739/A2RN3092P. 자료 논문: Talucci, A. C., et al. (2025) Permafrost-wildfire interactions: active layer thickness estimates for paired burned and unburned sites in northern high latitudes. Earth System Science Data 17, 2887-2909, https://doi.org/10.5194/essd-17-2887-2025",CC BY 4.0,,2011-08-11,series_max,annual_value,,,12.4263,0.01,1,burned,0,FireALT 기여 자료(lastNm 열): Rocha,,ok,"기여자 Rocha; siteId ARF Moderate; plot 1개; 연중 방문 6회(8월 1일 이후 2회); msrType thaw; 식생 GT; 영구동토 분포 C; 생태지역 Arctic foothills tundra; 화재 연도 2007, 화재 후 경과 연수 4; v3 F4_direct 셀 506(ABoVE_AK)과 체비쇼프 0.0000° 로 0.01° 이내"
firealt_talucci2025,firealt_talucci2025_0654,Rocha ARF Moderate (burned),68.95,-150.21,2012,9,60.1071,probe,direct_eos,84,United States,Alaska,"Talucci, A., Loranty, M., Holloway, J., Rogers, B., Alexander, H., et al. (2024) FireALT dataset: estimated active layer thickness for paired burned unburned sites measured from 2001-2023. NSF Arctic Data Center. https://doi.org/10.18739/A2RN3092P. 자료 논문: Talucci, A. C., et al. (2025) Permafrost-wildfire interactions: active layer thickness estimates for paired burned and unburned sites in northern high latitudes. Earth System Science Data 17, 2887-2909, https://doi.org/10.5194/essd-17-2887-2025",CC BY 4.0,,2012-09-03,series_max,annual_value,,,8.2987,0.01,1,burned,0,FireALT 기여 자료(lastNm 열): Rocha,,ok,"기여자 Rocha; siteId ARF Moderate; plot 1개; 연중 방문 6회(8월 1일 이후 3회); msrType thaw; 식생 GT; 영구동토 분포 C; 생태지역 Arctic foothills tundra; 화재 연도 2007, 화재 후 경과 연수 5; v3 F4_direct 셀 506(ABoVE_AK)과 체비쇼프 0.0000° 로 0.01° 이내"
firealt_talucci2025,firealt_talucci2025_0654,Rocha ARF Moderate (burned),68.95,-150.21,2013,9,64.1786,probe,direct_eos,84,United States,Alaska,"Talucci, A., Loranty, M., Holloway, J., Rogers, B., Alexander, H., et al. (2024) FireALT dataset: estimated active layer thickness for paired burned unburned sites measured from 2001-2023. NSF Arctic Data Center. https://doi.org/10.18739/A2RN3092P. 자료 논문: Talucci, A. C., et al. (2025) Permafrost-wildfire interactions: active layer thickness estimates for paired burned and unburned sites in northern high latitudes. Earth System Science Data 17, 2887-2909, https://doi.org/10.5194/essd-17-2887-2025",CC BY 4.0,,2013-09-02,series_max,annual_value,,,8.364,0.01,1,burned,0,FireALT 기여 자료(lastNm 열): Rocha,,ok,"기여자 Rocha; siteId ARF Moderate; plot 1개; 연중 방문 5회(8월 1일 이후 3회); msrType thaw; 식생 GT; 영구동토 분포 C; 생태지역 Arctic foothills tundra; 화재 연도 2007, 화재 후 경과 연수 6; v3 F4_direct 셀 506(ABoVE_AK)과 체비쇼프 0.0000° 로 0.01° 이내"
firealt_talucci2025,firealt_talucci2025_0654,Rocha ARF Moderate (burned),68.95,-150.21,2014,9,58.6071,probe,direct_eos,84,United States,Alaska,"Talucci, A., Loranty, M., Holloway, J., Rogers, B., Alexander, H., et al. (2024) FireALT dataset: estimated active layer thickness for paired burned unburned sites measured from 2001-2023. NSF Arctic Data Center. https://doi.org/10.18739/A2RN3092P. 자료 논문: Talucci, A. C., et al. (2025) Permafrost-wildfire interactions: active layer thickness estimates for paired burned and unburned sites in northern high latitudes. Earth System Science Data 17, 2887-2909, https://doi.org/10.5194/essd-17-2887-2025",CC BY 4.0,,2014-09-01,series_max,annual_value,,,8.0929,0.01,1,burned,0,FireALT 기여 자료(lastNm 열): Rocha,,ok,"기여자 Rocha; siteId ARF Moderate; plot 1개; 연중 방문 10회(8월 1일 이후 3회); msrType thaw; 식생 GT; 영구동토 분포 C; 생태지역 Arctic foothills tundra; 화재 연도 2007, 화재 후 경과 연수 7; v3 F4_direct 셀 506(ABoVE_AK)과 체비쇼프 0.0000° 로 0.01° 이내"
firealt_talucci2025,firealt_talucci2025_0654,Rocha ARF Moderate (burned),68.95,-150.21,2015,8,65.7976,probe,direct_eos,84,United States,Alaska,"Talucci, A., Loranty, M., Holloway, J., Rogers, B., Alexander, H., et al. (2024) FireALT dataset: estimated active layer thickness for paired burned unburned sites measured from 2001-2023. NSF Arctic Data Center. https://doi.org/10.18739/A2RN3092P. 자료 논문: Talucci, A. C., et al. (2025) Permafrost-wildfire interactions: active layer thickness estimates for paired burned and unburned sites in northern high latitudes. Earth System Science Data 17, 2887-2909, https://doi.org/10.5194/essd-17-2887-2025",CC BY 4.0,,2015-08-28,series_max,annual_value,,,9.9804,0.01,1,burned,0,FireALT 기여 자료(lastNm 열): Rocha,,ok,"기여자 Rocha; siteId ARF Moderate; plot 1개; 연중 방문 6회(8월 1일 이후 2회); msrType thaw; 식생 GT; 영구동토 분포 C; 생태지역 Arctic foothills tundra; 화재 연도 2007, 화재 후 경과 연수 8; v3 F4_direct 셀 506(ABoVE_AK)과 체비쇼프 0.0000° 로 0.01° 이내"
firealt_talucci2025,firealt_talucci2025_0654,Rocha ARF Moderate (burned),68.95,-150.21,2016,8,61.131,probe,direct_eos,84,United States,Alaska,"Talucci, A., Loranty, M., Holloway, J., Rogers, B., Alexander, H., et al. (2024) FireALT dataset: estimated active layer thickness for paired burned unburned sites measured from 2001-2023. NSF Arctic Data Center. https://doi.org/10.18739/A2RN3092P. 자료 논문: Talucci, A. C., et al. (2025) Permafrost-wildfire interactions: active layer thickness estimates for paired burned and unburned sites in northern high latitudes. Earth System Science Data 17, 2887-2909, https://doi.org/10.5194/essd-17-2887-2025",CC BY 4.0,,2016-08-19,series_max,annual_value,,,14.1428,0.01,1,burned,0,FireALT 기여 자료(lastNm 열): Rocha,,ok,"기여자 Rocha; siteId ARF Moderate; plot 1개; 연중 방문 9회(8월 1일 이후 3회); msrType thaw; 식생 GT; 영구동토 분포 C; 생태지역 Arctic foothills tundra; 화재 연도 2007, 화재 후 경과 연수 9; v3 F4_direct 셀 506(ABoVE_AK)과 체비쇼프 0.0000° 로 0.01° 이내"
firealt_talucci2025,firealt_talucci2025_0654,Rocha ARF Moderate (burned),68.95,-150.21,2017,9,62,probe,direct_eos,84,United States,Alaska,"Talucci, A., Loranty, M., Holloway, J., Rogers, B., Alexander, H., et al. (2024) FireALT dataset: estimated active layer thickness for paired burned unburned sites measured from 2001-2023. NSF Arctic Data Center. https://doi.org/10.18739/A2RN3092P. 자료 논문: Talucci, A. C., et al. (2025) Permafrost-wildfire interactions: active layer thickness estimates for paired burned and unburned sites in northern high latitudes. Earth System Science Data 17, 2887-2909, https://doi.org/10.5194/essd-17-2887-2025",CC BY 4.0,,2017-09-02,series_max,annual_value,,,8.6693,0.01,1,burned,0,FireALT 기여 자료(lastNm 열): Rocha,,ok,"기여자 Rocha; siteId ARF Moderate; plot 1개; 연중 방문 7회(8월 1일 이후 2회); msrType thaw; 식생 GT; 영구동토 분포 C; 생태지역 Arctic foothills tundra; 화재 연도 2007, 화재 후 경과 연수 10; v3 F4_direct 셀 506(ABoVE_AK)과 체비쇼프 0.0000° 로 0.01° 이내"
firealt_talucci2025,firealt_talucci2025_0654,Rocha ARF Moderate (burned),68.95,-150.21,2018,8,62.4314,probe,direct_eos,102,United States,Alaska,"Talucci, A., Loranty, M., Holloway, J., Rogers, B., Alexander, H., et al. (2024) FireALT dataset: estimated active layer thickness for paired burned unburned sites measured from 2001-2023. NSF Arctic Data Center. https://doi.org/10.18739/A2RN3092P. 자료 논문: Talucci, A. C., et al. (2025) Permafrost-wildfire interactions: active layer thickness estimates for paired burned and unburned sites in northern high latitudes. Earth System Science Data 17, 2887-2909, https://doi.org/10.5194/essd-17-2887-2025",CC BY 4.0,,2018-08-26,record_date,annual_value,,,13.2325,0.01,1,burned,0,FireALT 기여 자료(lastNm 열): Rocha,,ok,"기여자 Rocha; siteId ARF Moderate; plot 1개; 연중 방문 4회(8월 1일 이후 1회); msrType thaw; 식생 GT; 영구동토 분포 C; 생태지역 Arctic foothills tundra; 화재 연도 2007, 화재 후 경과 연수 11; v3 F4_direct 셀 506(ABoVE_AK)과 체비쇼프 0.0000° 로 0.01° 이내"
firealt_talucci2025,firealt_talucci2025_0654,Rocha ARF Moderate (burned),68.95,-150.21,2019,8,69.3095,probe,direct_eos,84,United States,Alaska,"Talucci, A., Loranty, M., Holloway, J., Rogers, B., Alexander, H., et al. (2024) FireALT dataset: estimated active layer thickness for paired burned unburned sites measured from 2001-2023. NSF Arctic Data Center. https://doi.org/10.18739/A2RN3092P. 자료 논문: Talucci, A. C., et al. (2025) Permafrost-wildfire interactions: active layer thickness estimates for paired burned and unburned sites in northern high latitudes. Earth System Science Data 17, 2887-2909, https://doi.org/10.5194/essd-17-2887-2025",CC BY 4.0,,2019-08-19,series_max,annual_value,,,10.2322,0.01,1,burned,0,FireALT 기여 자료(lastNm 열): Rocha,,ok,"기여자 Rocha; siteId ARF Moderate; plot 1개; 연중 방문 8회(8월 1일 이후 3회); msrType thaw; 식생 GT; 영구동토 분포 C; 생태지역 Arctic foothills tundra; 화재 연도 2007, 화재 후 경과 연수 12; v3 F4_direct 셀 506(ABoVE_AK)과 체비쇼프 0.0000° 로 0.01° 이내"
firealt_talucci2025,firealt_talucci2025_0654,Rocha ARF Moderate (burned),68.95,-150.21,2020,8,52.5244,probe,direct_eos,82,United States,Alaska,"Talucci, A., Loranty, M., Holloway, J., Rogers, B., Alexander, H., et al. (2024) FireALT dataset: estimated active layer thickness for paired burned unburned sites measured from 2001-2023. NSF Arctic Data Center. https://doi.org/10.18739/A2RN3092P. 자료 논문: Talucci, A. C., et al. (2025) Permafrost-wildfire interactions: active layer thickness estimates for paired burned and unburned sites in northern high latitudes. Earth System Science Data 17, 2887-2909, https://doi.org/10.5194/essd-17-2887-2025",CC BY 4.0,,2020-08-15,record_date,annual_value,,,10.1449,0.01,1,burned,0,FireALT 기여 자료(lastNm 열): Rocha,,ok,"기여자 Rocha; siteId ARF Moderate; plot 1개; 연중 방문 2회(8월 1일 이후 1회); msrType thaw; 식생 GT; 영구동토 분포 C; 생태지역 Arctic foothills tundra; 화재 연도 2007, 화재 후 경과 연수 13; v3 F4_direct 셀 506(ABoVE_AK)과 체비쇼프 0.0000° 로 0.01° 이내"
firealt_talucci2025,firealt_talucci2025_0655,Rocha Anaktuvuk River fire (unburned),68.950558,-150.835492,2014,8,38.5,probe,direct_eos,20,United States,Alaska,"Talucci, A., Loranty, M., Holloway, J., Rogers, B., Alexander, H., et al. (2024) FireALT dataset: estimated active layer thickness for paired burned unburned sites measured from 2001-2023. NSF Arctic Data Center. https://doi.org/10.18739/A2RN3092P. 자료 논문: Talucci, A. C., et al. (2025) Permafrost-wildfire interactions: active layer thickness estimates for paired burned and unburned sites in northern high latitudes. Earth System Science Data 17, 2887-2909, https://doi.org/10.5194/essd-17-2887-2025",CC BY 4.0,,2014-08-31,record_date,single_visit,,,5.2265,0.000001,0,,0,FireALT 기여 자료(lastNm 열): Rocha,,ok,기여자 Rocha; siteId Anaktuvuk River fire; plot 1개; 연중 방문 1회(8월 1일 이후 1회); msrType active; 식생 ; 영구동토 분포 C; 생태지역 Arctic foothills tundra; 원좌표 문자열 2개를 소수 4자리에서 묶음; v3 F4_direct 셀 468(ABoVE_AK)과 체비쇼프 0.0000° 로 0.01° 이내
firealt_talucci2025,firealt_talucci2025_0655,Rocha Anaktuvuk River fire (unburned),68.950558,-150.835492,2019,9,55.6,probe,direct_eos,20,United States,Alaska,"Talucci, A., Loranty, M., Holloway, J., Rogers, B., Alexander, H., et al. (2024) FireALT dataset: estimated active layer thickness for paired burned unburned sites measured from 2001-2023. NSF Arctic Data Center. https://doi.org/10.18739/A2RN3092P. 자료 논문: Talucci, A. C., et al. (2025) Permafrost-wildfire interactions: active layer thickness estimates for paired burned and unburned sites in northern high latitudes. Earth System Science Data 17, 2887-2909, https://doi.org/10.5194/essd-17-2887-2025",CC BY 4.0,,2019-09-02,record_date,single_visit,,,5.02,0.000001,0,,0,FireALT 기여 자료(lastNm 열): Rocha,,ok,기여자 Rocha; siteId Anaktuvuk River fire; plot 1개; 연중 방문 1회(8월 1일 이후 1회); msrType active; 식생 ; 영구동토 분포 C; 생태지역 Arctic foothills tundra; 원좌표 문자열 2개를 소수 4자리에서 묶음; v3 F4_direct 셀 468(ABoVE_AK)과 체비쇼프 0.0000° 로 0.01° 이내
firealt_talucci2025,firealt_talucci2025_0656,Rocha Anaktuvuk River fire (burned),68.985278,-150.521837,2014,8,67.6,probe,direct_eos,20,United States,Alaska,"Talucci, A., Loranty, M., Holloway, J., Rogers, B., Alexander, H., et al. (2024) FireALT dataset: estimated active layer thickness for paired burned unburned sites measured from 2001-2023. NSF Arctic Data Center. https://doi.org/10.18739/A2RN3092P. 자료 논문: Talucci, A. C., et al. (2025) Permafrost-wildfire interactions: active layer thickness estimates for paired burned and unburned sites in northern high latitudes. Earth System Science Data 17, 2887-2909, https://doi.org/10.5194/essd-17-2887-2025",CC BY 4.0,,2014-08-31,record_date,single_visit,,,9.9282,0.000001,1,burned,0,FireALT 기여 자료(lastNm 열): Rocha,,ok,"기여자 Rocha; siteId Anaktuvuk River fire; plot 1개; 연중 방문 1회(8월 1일 이후 1회); msrType active; 식생 ; 영구동토 분포 C; 생태지역 Arctic foothills tundra; 화재 연도 2007, 화재 후 경과 연수 7; v3 F4_direct 셀 465(ABoVE_AK)과 체비쇼프 0.0000° 로 0.01° 이내"
firealt_talucci2025,firealt_talucci2025_0657,Rocha ARF Severe (burned),68.99,-150.28,2008,8,55.9079,probe,direct_eos,76,United States,Alaska,"Talucci, A., Loranty, M., Holloway, J., Rogers, B., Alexander, H., et al. (2024) FireALT dataset: estimated active layer thickness for paired burned unburned sites measured from 2001-2023. NSF Arctic Data Center. https://doi.org/10.18739/A2RN3092P. 자료 논문: Talucci, A. C., et al. (2025) Permafrost-wildfire interactions: active layer thickness estimates for paired burned and unburned sites in northern high latitudes. Earth System Science Data 17, 2887-2909, https://doi.org/10.5194/essd-17-2887-2025",CC BY 4.0,,2008-08-30,series_max,annual_value,,,9.4052,0.01,1,burned,0,FireALT 기여 자료(lastNm 열): Rocha,,ok,"기여자 Rocha; siteId ARF Severe; plot 1개; 연중 방문 5회(8월 1일 이후 2회); msrType thaw; 식생 GT; 영구동토 분포 C; 생태지역 Arctic foothills tundra; 화재 연도 2007, 화재 후 경과 연수 1; v3 F4_direct 셀 504(ABoVE_AK)과 체비쇼프 0.0000° 로 0.01° 이내"
firealt_talucci2025,firealt_talucci2025_0657,Rocha ARF Severe (burned),68.99,-150.28,2009,8,67.6533,probe,direct_eos,75,United States,Alaska,"Talucci, A., Loranty, M., Holloway, J., Rogers, B., Alexander, H., et al. (2024) FireALT dataset: estimated active layer thickness for paired burned unburned sites measured from 2001-2023. NSF Arctic Data Center. https://doi.org/10.18739/A2RN3092P. 자료 논문: Talucci, A. C., et al. (2025) Permafrost-wildfire interactions: active layer thickness estimates for paired burned and unburned sites in northern high latitudes. Earth System Science Data 17, 2887-2909, https://doi.org/10.5194/essd-17-2887-2025",CC BY 4.0,,2009-08-27,series_max,annual_value,,,8.4045,0.01,1,burned,0,FireALT 기여 자료(lastNm 열): Rocha,,ok,"기여자 Rocha; siteId ARF Severe; plot 1개; 연중 방문 7회(8월 1일 이후 3회); msrType thaw; 식생 GT; 영구동토 분포 C; 생태지역 Arctic foothills tundra; 화재 연도 2007, 화재 후 경과 연수 2; v3 F4_direct 셀 504(ABoVE_AK)과 체비쇼프 0.0000° 로 0.01° 이내"
firealt_talucci2025,firealt_talucci2025_0657,Rocha ARF Severe (burned),68.99,-150.28,2010,8,67.6184,probe,direct_eos,76,United States,Alaska,"Talucci, A., Loranty, M., Holloway, J., Rogers, B., Alexander, H., et al. (2024) FireALT dataset: estimated active layer thickness for paired burned unburned sites measured from 2001-2023. NSF Arctic Data Center. https://doi.org/10.18739/A2RN3092P. 자료 논문: Talucci, A. C., et al. (2025) Permafrost-wildfire interactions: active layer thickness estimates for paired burned and unburned sites in northern high latitudes. Earth System Science Data 17, 2887-2909, https://doi.org/10.5194/essd-17-2887-2025",CC BY 4.0,,2010-08-25,record_date,annual_value,,,10.7343,0.01,1,burned,0,FireALT 기여 자료(lastNm 열): Rocha,,ok,"기여자 Rocha; siteId ARF Severe; plot 1개; 연중 방문 3회(8월 1일 이후 1회); msrType thaw; 식생 GT; 영구동토 분포 C; 생태지역 Arctic foothills tundra; 화재 연도 2007, 화재 후 경과 연수 3; v3 F4_direct 셀 504(ABoVE_AK)과 체비쇼프 0.0000° 로 0.01° 이내"
firealt_talucci2025,firealt_talucci2025_0657,Rocha ARF Severe (burned),68.99,-150.28,2011,8,63.6316,probe,direct_eos,76,United States,Alaska,"Talucci, A., Loranty, M., Holloway, J., Rogers, B., Alexander, H., et al. (2024) FireALT dataset: estimated active layer thickness for paired burned unburned sites measured from 2001-2023. NSF Arctic Data Center. https://doi.org/10.18739/A2RN3092P. 자료 논문: Talucci, A. C., et al. (2025) Permafrost-wildfire interactions: active layer thickness estimates for paired burned and unburned sites in northern high latitudes. Earth System Science Data 17, 2887-2909, https://doi.org/10.5194/essd-17-2887-2025",CC BY 4.0,,2011-08-01,series_max,annual_value,,,9.9597,0.01,1,burned,0,FireALT 기여 자료(lastNm 열): Rocha,,ok,"기여자 Rocha; siteId ARF Severe; plot 1개; 연중 방문 6회(8월 1일 이후 2회); msrType thaw; 식생 GT; 영구동토 분포 C; 생태지역 Arctic foothills tundra; 화재 연도 2007, 화재 후 경과 연수 4; v3 F4_direct 셀 504(ABoVE_AK)과 체비쇼프 0.0000° 로 0.01° 이내"
firealt_talucci2025,firealt_talucci2025_0657,Rocha ARF Severe (burned),68.99,-150.28,2012,9,68.6429,probe,direct_eos,84,United States,Alaska,"Talucci, A., Loranty, M., Holloway, J., Rogers, B., Alexander, H., et al. (2024) FireALT dataset: estimated active layer thickness for paired burned unburned sites measured from 2001-2023. NSF Arctic Data Center. https://doi.org/10.18739/A2RN3092P. 자료 논문: Talucci, A. C., et al. (2025) Permafrost-wildfire interactions: active layer thickness estimates for paired burned and unburned sites in northern high latitudes. Earth System Science Data 17, 2887-2909, https://doi.org/10.5194/essd-17-2887-2025",CC BY 4.0,,2012-09-03,series_max,annual_value,,,10.724,0.01,1,burned,0,FireALT 기여 자료(lastNm 열): Rocha,,ok,"기여자 Rocha; siteId ARF Severe; plot 1개; 연중 방문 6회(8월 1일 이후 3회); msrType thaw; 식생 GT; 영구동토 분포 C; 생태지역 Arctic foothills tundra; 화재 연도 2007, 화재 후 경과 연수 5; v3 F4_direct 셀 504(ABoVE_AK)과 체비쇼프 0.0000° 로 0.01° 이내"
firealt_talucci2025,firealt_talucci2025_0657,Rocha ARF Severe (burned),68.99,-150.28,2013,8,68.1071,probe,direct_eos,84,United States,Alaska,"Talucci, A., Loranty, M., Holloway, J., Rogers, B., Alexander, H., et al. (2024) FireALT dataset: estimated active layer thickness for paired burned unburned sites measured from 2001-2023. NSF Arctic Data Center. https://doi.org/10.18739/A2RN3092P. 자료 논문: Talucci, A. C., et al. (2025) Permafrost-wildfire interactions: active layer thickness estimates for paired burned and unburned sites in northern high latitudes. Earth System Science Data 17, 2887-2909, https://doi.org/10.5194/essd-17-2887-2025",CC BY 4.0,,2013-08-24,series_max,annual_value,,,10.1507,0.01,1,burned,0,FireALT 기여 자료(lastNm 열): Rocha,,ok,"기여자 Rocha; siteId ARF Severe; plot 1개; 연중 방문 5회(8월 1일 이후 3회); msrType thaw; 식생 GT; 영구동토 분포 C; 생태지역 Arctic foothills tundra; 화재 연도 2007, 화재 후 경과 연수 6; v3 F4_direct 셀 504(ABoVE_AK)과 체비쇼프 0.0000° 로 0.01° 이내"
firealt_talucci2025,firealt_talucci2025_0657,Rocha ARF Severe (burned),68.99,-150.28,2014,9,62.5,probe,direct_eos,84,United States,Alaska,"Talucci, A., Loranty, M., Holloway, J., Rogers, B., Alexander, H., et al. (2024) FireALT dataset: estimated active layer thickness for paired burned unburned sites measured from 2001-2023. NSF Arctic Data Center. https://doi.org/10.18739/A2RN3092P. 자료 논문: Talucci, A. C., et al. (2025) Permafrost-wildfire interactions: active layer thickness estimates for paired burned and unburned sites in northern high latitudes. Earth System Science Data 17, 2887-2909, https://doi.org/10.5194/essd-17-2887-2025",CC BY 4.0,,2014-09-01,series_max,annual_value,,,10.1477,0.01,1,burned,0,FireALT 기여 자료(lastNm 열): Rocha,,ok,"기여자 Rocha; siteId ARF Severe; plot 1개; 연중 방문 10회(8월 1일 이후 3회); msrType thaw; 식생 GT; 영구동토 분포 C; 생태지역 Arctic foothills tundra; 화재 연도 2007, 화재 후 경과 연수 7; v3 F4_direct 셀 504(ABoVE_AK)과 체비쇼프 0.0000° 로 0.01° 이내"
firealt_talucci2025,firealt_talucci2025_0657,Rocha ARF Severe (burned),68.99,-150.28,2015,8,73.4524,probe,direct_eos,84,United States,Alaska,"Talucci, A., Loranty, M., Holloway, J., Rogers, B., Alexander, H., et al. (2024) FireALT dataset: estimated active layer thickness for paired burned unburned sites measured from 2001-2023. NSF Arctic Data Center. https://doi.org/10.18739/A2RN3092P. 자료 논문: Talucci, A. C., et al. (2025) Permafrost-wildfire interactions: active layer thickness estimates for paired burned and unburned sites in northern high latitudes. Earth System Science Data 17, 2887-2909, https://doi.org/10.5194/essd-17-2887-2025",CC BY 4.0,,2015-08-28,series_max,annual_value,,,10.387,0.01,1,burned,0,FireALT 기여 자료(lastNm 열): Rocha,,ok,"기여자 Rocha; siteId ARF Severe; plot 1개; 연중 방문 6회(8월 1일 이후 2회); msrType thaw; 식생 GT; 영구동토 분포 C; 생태지역 Arctic foothills tundra; 화재 연도 2007, 화재 후 경과 연수 8; v3 F4_direct 셀 504(ABoVE_AK)과 체비쇼프 0.0000° 로 0.01° 이내"
firealt_talucci2025,firealt_talucci2025_0657,Rocha ARF Severe (burned),68.99,-150.28,2016,8,67.8929,probe,direct_eos,84,United States,Alaska,"Talucci, A., Loranty, M., Holloway, J., Rogers, B., Alexander, H., et al. (2024) FireALT dataset: estimated active layer thickness for paired burned unburned sites measured from 2001-2023. NSF Arctic Data Center. https://doi.org/10.18739/A2RN3092P. 자료 논문: Talucci, A. C., et al. (2025) Permafrost-wildfire interactions: active layer thickness estimates for paired burned and unburned sites in northern high latitudes. Earth System Science Data 17, 2887-2909, https://doi.org/10.5194/essd-17-2887-2025",CC BY 4.0,,2016-08-19,series_max,annual_value,,,11.3764,0.01,1,burned,0,FireALT 기여 자료(lastNm 열): Rocha,,ok,"기여자 Rocha; siteId ARF Severe; plot 1개; 연중 방문 9회(8월 1일 이후 3회); msrType thaw; 식생 GT; 영구동토 분포 C; 생태지역 Arctic foothills tundra; 화재 연도 2007, 화재 후 경과 연수 9; v3 F4_direct 셀 504(ABoVE_AK)과 체비쇼프 0.0000° 로 0.01° 이내"
firealt_talucci2025,firealt_talucci2025_0657,Rocha ARF Severe (burned),68.99,-150.28,2017,9,64.4405,probe,direct_eos,84,United States,Alaska,"Talucci, A., Loranty, M., Holloway, J., Rogers, B., Alexander, H., et al. (2024) FireALT dataset: estimated active layer thickness for paired burned unburned sites measured from 2001-2023. NSF Arctic Data Center. https://doi.org/10.18739/A2RN3092P. 자료 논문: Talucci, A. C., et al. (2025) Permafrost-wildfire interactions: active layer thickness estimates for paired burned and unburned sites in northern high latitudes. Earth System Science Data 17, 2887-2909, https://doi.org/10.5194/essd-17-2887-2025",CC BY 4.0,,2017-09-02,series_max,annual_value,,,10.5263,0.01,1,burned,0,FireALT 기여 자료(lastNm 열): Rocha,,ok,"기여자 Rocha; siteId ARF Severe; plot 1개; 연중 방문 8회(8월 1일 이후 2회); msrType thaw; 식생 GT; 영구동토 분포 C; 생태지역 Arctic foothills tundra; 화재 연도 2007, 화재 후 경과 연수 10; v3 F4_direct 셀 504(ABoVE_AK)과 체비쇼프 0.0000° 로 0.01° 이내"
firealt_talucci2025,firealt_talucci2025_0657,Rocha ARF Severe (burned),68.99,-150.28,2018,8,53.2941,probe,direct_eos,102,United States,Alaska,"Talucci, A., Loranty, M., Holloway, J., Rogers, B., Alexander, H., et al. (2024) FireALT dataset: estimated active layer thickness for paired burned unburned sites measured from 2001-2023. NSF Arctic Data Center. https://doi.org/10.18739/A2RN3092P. 자료 논문: Talucci, A. C., et al. (2025) Permafrost-wildfire interactions: active layer thickness estimates for paired burned and unburned sites in northern high latitudes. Earth System Science Data 17, 2887-2909, https://doi.org/10.5194/essd-17-2887-2025",CC BY 4.0,,2018-08-26,record_date,annual_value,,,10.5357,0.01,1,burned,0,FireALT 기여 자료(lastNm 열): Rocha,,ok,"기여자 Rocha; siteId ARF Severe; plot 1개; 연중 방문 4회(8월 1일 이후 1회); msrType thaw; 식생 GT; 영구동토 분포 C; 생태지역 Arctic foothills tundra; 화재 연도 2007, 화재 후 경과 연수 11; v3 F4_direct 셀 504(ABoVE_AK)과 체비쇼프 0.0000° 로 0.01° 이내"
firealt_talucci2025,firealt_talucci2025_0657,Rocha ARF Severe (burned),68.99,-150.28,2019,8,74.8452,probe,direct_eos,84,United States,Alaska,"Talucci, A., Loranty, M., Holloway, J., Rogers, B., Alexander, H., et al. (2024) FireALT dataset: estimated active layer thickness for paired burned unburned sites measured from 2001-2023. NSF Arctic Data Center. https://doi.org/10.18739/A2RN3092P. 자료 논문: Talucci, A. C., et al. (2025) Permafrost-wildfire interactions: active layer thickness estimates for paired burned and unburned sites in northern high latitudes. Earth System Science Data 17, 2887-2909, https://doi.org/10.5194/essd-17-2887-2025",CC BY 4.0,,2019-08-19,series_max,annual_value,,,9.8611,0.01,1,burned,0,FireALT 기여 자료(lastNm 열): Rocha,,ok,"기여자 Rocha; siteId ARF Severe; plot 1개; 연중 방문 10회(8월 1일 이후 3회); msrType thaw; 식생 GT; 영구동토 분포 C; 생태지역 Arctic foothills tundra; 화재 연도 2007, 화재 후 경과 연수 12; v3 F4_direct 셀 504(ABoVE_AK)과 체비쇼프 0.0000° 로 0.01° 이내"
firealt_talucci2025,firealt_talucci2025_0657,Rocha ARF Severe (burned),68.99,-150.28,2020,8,59.631,probe,direct_eos,84,United States,Alaska,"Talucci, A., Loranty, M., Holloway, J., Rogers, B., Alexander, H., et al. (2024) FireALT dataset: estimated active layer thickness for paired burned unburned sites measured from 2001-2023. NSF Arctic Data Center. https://doi.org/10.18739/A2RN3092P. 자료 논문: Talucci, A. C., et al. (2025) Permafrost-wildfire interactions: active layer thickness estimates for paired burned and unburned sites in northern high latitudes. Earth System Science Data 17, 2887-2909, https://doi.org/10.5194/essd-17-2887-2025",CC BY 4.0,,2020-08-15,record_date,annual_value,,,14.2531,0.01,1,burned,0,FireALT 기여 자료(lastNm 열): Rocha,,ok,"기여자 Rocha; siteId ARF Severe; plot 1개; 연중 방문 2회(8월 1일 이후 1회); msrType thaw; 식생 GT; 영구동토 분포 C; 생태지역 Arctic foothills tundra; 화재 연도 2007, 화재 후 경과 연수 13; v3 F4_direct 셀 504(ABoVE_AK)과 체비쇼프 0.0000° 로 0.01° 이내"
firealt_talucci2025,firealt_talucci2025_0658,Natali ANKB (burned),68.9909,-150.2705,2018,7,35.8667,probe,direct_dated,15,United States,Alaska,"Talucci, A., Loranty, M., Holloway, J., Rogers, B., Alexander, H., et al. (2024) FireALT dataset: estimated active layer thickness for paired burned unburned sites measured from 2001-2023. NSF Arctic Data Center. https://doi.org/10.18739/A2RN3092P. 자료 논문: Talucci, A. C., et al. (2025) Permafrost-wildfire interactions: active layer thickness estimates for paired burned and unburned sites in northern high latitudes. Earth System Science Data 17, 2887-2909, https://doi.org/10.5194/essd-17-2887-2025",CC BY 4.0,,2018-07-11,none,single_visit,,,13.3463,0.0001,1,burned,0,FireALT 기여 자료(lastNm 열): Natali,,ok,"기여자 Natali; siteId ANKB; plot 1개; 연중 방문 1회(8월 1일 이후 0회); msrType thaw; 식생 GT; 영구동토 분포 C; 생태지역 Arctic foothills tundra; 화재 연도 2007, 화재 후 경과 연수 11; v3 F4_direct 셀 504(ABoVE_AK)과 체비쇼프 0.0095° 로 0.01° 이내"
firealt_talucci2025,firealt_talucci2025_0659,Rocha Anaktuvuk River fire (burned),68.991130,-150.625985,2014,8,55.65,probe,direct_eos,20,United States,Alaska,"Talucci, A., Loranty, M., Holloway, J., Rogers, B., Alexander, H., et al. (2024) FireALT dataset: estimated active layer thickness for paired burned unburned sites measured from 2001-2023. NSF Arctic Data Center. https://doi.org/10.18739/A2RN3092P. 자료 논문: Talucci, A. C., et al. (2025) Permafrost-wildfire interactions: active layer thickness estimates for paired burned and unburned sites in northern high latitudes. Earth System Science Data 17, 2887-2909, https://doi.org/10.5194/essd-17-2887-2025",CC BY 4.0,,2014-08-31,record_date,single_visit,,,9.3936,0.00001,1,burned,0,FireALT 기여 자료(lastNm 열): Rocha,,ok,"기여자 Rocha; siteId Anaktuvuk River fire; plot 1개; 연중 방문 1회(8월 1일 이후 1회); msrType active; 식생 ; 영구동토 분포 C; 생태지역 Arctic foothills tundra; 화재 연도 2007, 화재 후 경과 연수 7; 원좌표 문자열 2개를 소수 4자리에서 묶음; v3 F4_direct 셀 466(ABoVE_AK)과 체비쇼프 0.0000° 로 0.01° 이내"
firealt_talucci2025,firealt_talucci2025_0659,Rocha Anaktuvuk River fire (burned),68.991130,-150.625985,2019,9,74.4,probe,direct_eos,20,United States,Alaska,"Talucci, A., Loranty, M., Holloway, J., Rogers, B., Alexander, H., et al. (2024) FireALT dataset: estimated active layer thickness for paired burned unburned sites measured from 2001-2023. NSF Arctic Data Center. https://doi.org/10.18739/A2RN3092P. 자료 논문: Talucci, A. C., et al. (2025) Permafrost-wildfire interactions: active layer thickness estimates for paired burned and unburned sites in northern high latitudes. Earth System Science Data 17, 2887-2909, https://doi.org/10.5194/essd-17-2887-2025",CC BY 4.0,,2019-09-02,record_date,single_visit,,,8.6048,0.00001,1,burned,0,FireALT 기여 자료(lastNm 열): Rocha,,ok,"기여자 Rocha; siteId Anaktuvuk River fire; plot 1개; 연중 방문 1회(8월 1일 이후 1회); msrType active; 식생 ; 영구동토 분포 C; 생태지역 Arctic foothills tundra; 화재 연도 2007, 화재 후 경과 연수 12; 원좌표 문자열 2개를 소수 4자리에서 묶음; v3 F4_direct 셀 466(ABoVE_AK)과 체비쇼프 0.0000° 로 0.01° 이내"
firealt_talucci2025,firealt_talucci2025_0660,Natali ANKB (burned),68.99109,-150.2711,2018,7,39.3125,probe,direct_dated,16,United States,Alaska,"Talucci, A., Loranty, M., Holloway, J., Rogers, B., Alexander, H., et al. (2024) FireALT dataset: estimated active layer thickness for paired burned unburned sites measured from 2001-2023. NSF Arctic Data Center. https://doi.org/10.18739/A2RN3092P. 자료 논문: Talucci, A. C., et al. (2025) Permafrost-wildfire interactions: active layer thickness estimates for paired burned and unburned sites in northern high latitudes. Earth System Science Data 17, 2887-2909, https://doi.org/10.5194/essd-17-2887-2025",CC BY 4.0,,2018-07-11,none,single_visit,,,16.7161,0.0001,1,burned,0,FireALT 기여 자료(lastNm 열): Natali,,ok,"기여자 Natali; siteId ANKB; plot 1개; 연중 방문 1회(8월 1일 이후 0회); msrType thaw; 식생 GT; 영구동토 분포 C; 생태지역 Arctic foothills tundra; 화재 연도 2007, 화재 후 경과 연수 11; v3 F4_direct 셀 504(ABoVE_AK)과 체비쇼프 0.0089° 로 0.01° 이내"
firealt_talucci2025,firealt_talucci2025_0661,Rocha Anaktuvuk River fire (burned),69.003589,-150.734676,2014,8,44.85,probe,direct_eos,20,United States,Alaska,"Talucci, A., Loranty, M., Holloway, J., Rogers, B., Alexander, H., et al. (2024) FireALT dataset: estimated active layer thickness for paired burned unburned sites measured from 2001-2023. NSF Arctic Data Center. https://doi.org/10.18739/A2RN3092P. 자료 논문: Talucci, A. C., et al. (2025) Permafrost-wildfire interactions: active layer thickness estimates for paired burned and unburned sites in northern high latitudes. Earth System Science Data 17, 2887-2909, https://doi.org/10.5194/essd-17-2887-2025",CC BY 4.0,,2014-08-31,record_date,single_visit,,,8.2925,0.000001,1,burned,0,FireALT 기여 자료(lastNm 열): Rocha,,ok,"기여자 Rocha; siteId Anaktuvuk River fire; plot 1개; 연중 방문 1회(8월 1일 이후 1회); msrType active; 식생 ; 영구동토 분포 C; 생태지역 Arctic foothills tundra; 화재 연도 2007, 화재 후 경과 연수 7; 원좌표 문자열 2개를 소수 4자리에서 묶음; v3 F4_direct 셀 471(ABoVE_AK)과 체비쇼프 0.0000° 로 0.01° 이내"
firealt_talucci2025,firealt_talucci2025_0661,Rocha Anaktuvuk River fire (burned),69.003589,-150.734676,2019,9,82.25,probe,direct_eos,20,United States,Alaska,"Talucci, A., Loranty, M., Holloway, J., Rogers, B., Alexander, H., et al. (2024) FireALT dataset: estimated active layer thickness for paired burned unburned sites measured from 2001-2023. NSF Arctic Data Center. https://doi.org/10.18739/A2RN3092P. 자료 논문: Talucci, A. C., et al. (2025) Permafrost-wildfire interactions: active layer thickness estimates for paired burned and unburned sites in northern high latitudes. Earth System Science Data 17, 2887-2909, https://doi.org/10.5194/essd-17-2887-2025",CC BY 4.0,,2019-09-02,record_date,single_visit,,,12.9569,0.000001,1,burned,0,FireALT 기여 자료(lastNm 열): Rocha,,ok,"기여자 Rocha; siteId Anaktuvuk River fire; plot 1개; 연중 방문 1회(8월 1일 이후 1회); msrType active; 식생 ; 영구동토 분포 C; 생태지역 Arctic foothills tundra; 화재 연도 2007, 화재 후 경과 연수 12; 원좌표 문자열 2개를 소수 4자리에서 묶음; v3 F4_direct 셀 471(ABoVE_AK)과 체비쇼프 0.0000° 로 0.01° 이내"
firealt_talucci2025,firealt_talucci2025_0662,Rocha Anaktuvuk River fire (burned),69.005572,-150.392406,2014,8,48.55,probe,direct_eos,20,United States,Alaska,"Talucci, A., Loranty, M., Holloway, J., Rogers, B., Alexander, H., et al. (2024) FireALT dataset: estimated active layer thickness for paired burned unburned sites measured from 2001-2023. NSF Arctic Data Center. https://doi.org/10.18739/A2RN3092P. 자료 논문: Talucci, A. C., et al. (2025) Permafrost-wildfire interactions: active layer thickness estimates for paired burned and unburned sites in northern high latitudes. Earth System Science Data 17, 2887-2909, https://doi.org/10.5194/essd-17-2887-2025",CC BY 4.0,,2014-08-31,record_date,single_visit,,,8.7267,0.000001,1,burned,0,FireALT 기여 자료(lastNm 열): Rocha,,ok,"기여자 Rocha; siteId Anaktuvuk River fire; plot 1개; 연중 방문 1회(8월 1일 이후 1회); msrType active; 식생 ; 영구동토 분포 C; 생태지역 Arctic foothills tundra; 화재 연도 2007, 화재 후 경과 연수 7; 원좌표 문자열 2개를 소수 4자리에서 묶음; v3 F4_direct 셀 464(ABoVE_AK)과 체비쇼프 0.0000° 로 0.01° 이내"
firealt_talucci2025,firealt_talucci2025_0662,Rocha Anaktuvuk River fire (burned),69.005572,-150.392406,2019,9,65.6,probe,direct_eos,20,United States,Alaska,"Talucci, A., Loranty, M., Holloway, J., Rogers, B., Alexander, H., et al. (2024) FireALT dataset: estimated active layer thickness for paired burned unburned sites measured from 2001-2023. NSF Arctic Data Center. https://doi.org/10.18739/A2RN3092P. 자료 논문: Talucci, A. C., et al. (2025) Permafrost-wildfire interactions: active layer thickness estimates for paired burned and unburned sites in northern high latitudes. Earth System Science Data 17, 2887-2909, https://doi.org/10.5194/essd-17-2887-2025",CC BY 4.0,,2019-09-02,record_date,single_visit,,,8.8639,0.000001,1,burned,0,FireALT 기여 자료(lastNm 열): Rocha,,ok,"기여자 Rocha; siteId Anaktuvuk River fire; plot 1개; 연중 방문 1회(8월 1일 이후 1회); msrType active; 식생 ; 영구동토 분포 C; 생태지역 Arctic foothills tundra; 화재 연도 2007, 화재 후 경과 연수 12; 원좌표 문자열 2개를 소수 4자리에서 묶음; v3 F4_direct 셀 464(ABoVE_AK)과 체비쇼프 0.0000° 로 0.01° 이내"
firealt_talucci2025,firealt_talucci2025_0663,Rocha Anaktuvuk River fire (unburned),69.017628,-150.915918,2014,8,43.75,probe,direct_eos,20,United States,Alaska,"Talucci, A., Loranty, M., Holloway, J., Rogers, B., Alexander, H., et al. (2024) FireALT dataset: estimated active layer thickness for paired burned unburned sites measured from 2001-2023. NSF Arctic Data Center. https://doi.org/10.18739/A2RN3092P. 자료 논문: Talucci, A. C., et al. (2025) Permafrost-wildfire interactions: active layer thickness estimates for paired burned and unburned sites in northern high latitudes. Earth System Science Data 17, 2887-2909, https://doi.org/10.5194/essd-17-2887-2025",CC BY 4.0,,2014-08-31,record_date,single_visit,,,12.8098,0.000001,0,,0,FireALT 기여 자료(lastNm 열): Rocha,,ok,기여자 Rocha; siteId Anaktuvuk River fire; plot 1개; 연중 방문 1회(8월 1일 이후 1회); msrType active; 식생 ; 영구동토 분포 C; 생태지역 Arctic foothills tundra; 원좌표 문자열 2개를 소수 4자리에서 묶음; v3 F4_direct 셀 469(ABoVE_AK)과 체비쇼프 0.0000° 로 0.01° 이내
firealt_talucci2025,firealt_talucci2025_0663,Rocha Anaktuvuk River fire (unburned),69.017628,-150.915918,2019,9,53.9,probe,direct_eos,20,United States,Alaska,"Talucci, A., Loranty, M., Holloway, J., Rogers, B., Alexander, H., et al. (2024) FireALT dataset: estimated active layer thickness for paired burned unburned sites measured from 2001-2023. NSF Arctic Data Center. https://doi.org/10.18739/A2RN3092P. 자료 논문: Talucci, A. C., et al. (2025) Permafrost-wildfire interactions: active layer thickness estimates for paired burned and unburned sites in northern high latitudes. Earth System Science Data 17, 2887-2909, https://doi.org/10.5194/essd-17-2887-2025",CC BY 4.0,,2019-09-02,record_date,single_visit,,,6.8434,0.000001,0,,0,FireALT 기여 자료(lastNm 열): Rocha,,ok,기여자 Rocha; siteId Anaktuvuk River fire; plot 1개; 연중 방문 1회(8월 1일 이후 1회); msrType active; 식생 ; 영구동토 분포 C; 생태지역 Arctic foothills tundra; 원좌표 문자열 2개를 소수 4자리에서 묶음; v3 F4_direct 셀 469(ABoVE_AK)과 체비쇼프 0.0000° 로 0.01° 이내
firealt_talucci2025,firealt_talucci2025_0664,Rocha Anaktuvuk River fire (burned),69.021547,-150.549971,2014,8,57,probe,direct_eos,20,United States,Alaska,"Talucci, A., Loranty, M., Holloway, J., Rogers, B., Alexander, H., et al. (2024) FireALT dataset: estimated active layer thickness for paired burned unburned sites measured from 2001-2023. NSF Arctic Data Center. https://doi.org/10.18739/A2RN3092P. 자료 논문: Talucci, A. C., et al. (2025) Permafrost-wildfire interactions: active layer thickness estimates for paired burned and unburned sites in northern high latitudes. Earth System Science Data 17, 2887-2909, https://doi.org/10.5194/essd-17-2887-2025",CC BY 4.0,,2014-08-31,record_date,single_visit,,,7.2548,0.000001,1,burned,0,FireALT 기여 자료(lastNm 열): Rocha,,ok,"기여자 Rocha; siteId Anaktuvuk River fire; plot 1개; 연중 방문 1회(8월 1일 이후 1회); msrType active; 식생 ; 영구동토 분포 C; 생태지역 Arctic foothills tundra; 화재 연도 2007, 화재 후 경과 연수 7; v3 F4_direct 셀 474(ABoVE_AK)과 체비쇼프 0.0000° 로 0.01° 이내"
firealt_talucci2025,firealt_talucci2025_0665,Rocha Anaktuvuk River fire (burned),69.02155,-150.55,2019,9,67.6,probe,direct_eos,20,United States,Alaska,"Talucci, A., Loranty, M., Holloway, J., Rogers, B., Alexander, H., et al. (2024) FireALT dataset: estimated active layer thickness for paired burned unburned sites measured from 2001-2023. NSF Arctic Data Center. https://doi.org/10.18739/A2RN3092P. 자료 논문: Talucci, A. C., et al. (2025) Permafrost-wildfire interactions: active layer thickness estimates for paired burned and unburned sites in northern high latitudes. Earth System Science Data 17, 2887-2909, https://doi.org/10.5194/essd-17-2887-2025",CC BY 4.0,,2019-09-02,record_date,single_visit,,,6.5966,0.01,1,burned,0,FireALT 기여 자료(lastNm 열): Rocha,,ok,"기여자 Rocha; siteId Anaktuvuk River fire; plot 1개; 연중 방문 1회(8월 1일 이후 1회); msrType active; 식생 ; 영구동토 분포 C; 생태지역 Arctic foothills tundra; 화재 연도 2007, 화재 후 경과 연수 12; v3 F4_direct 셀 474(ABoVE_AK)과 체비쇼프 0.0000° 로 0.01° 이내"
firealt_talucci2025,firealt_talucci2025_0666,Rocha Anaktuvuk River fire (unburned),69.025702,-150.122882,2014,8,34.85,probe,direct_eos,20,United States,Alaska,"Talucci, A., Loranty, M., Holloway, J., Rogers, B., Alexander, H., et al. (2024) FireALT dataset: estimated active layer thickness for paired burned unburned sites measured from 2001-2023. NSF Arctic Data Center. https://doi.org/10.18739/A2RN3092P. 자료 논문: Talucci, A. C., et al. (2025) Permafrost-wildfire interactions: active layer thickness estimates for paired burned and unburned sites in northern high latitudes. Earth System Science Data 17, 2887-2909, https://doi.org/10.5194/essd-17-2887-2025",CC BY 4.0,,2014-08-31,record_date,single_visit,,,3.3447,0.000001,0,,0,FireALT 기여 자료(lastNm 열): Rocha,,ok,기여자 Rocha; siteId Anaktuvuk River fire; plot 1개; 연중 방문 1회(8월 1일 이후 1회); msrType active; 식생 ; 영구동토 분포 C; 생태지역 Arctic foothills tundra; 원좌표 문자열 2개를 소수 4자리에서 묶음; v3 F4_direct 셀 463(ABoVE_AK)과 체비쇼프 0.0000° 로 0.01° 이내
firealt_talucci2025,firealt_talucci2025_0666,Rocha Anaktuvuk River fire (unburned),69.025702,-150.122882,2019,9,51.85,probe,direct_eos,20,United States,Alaska,"Talucci, A., Loranty, M., Holloway, J., Rogers, B., Alexander, H., et al. (2024) FireALT dataset: estimated active layer thickness for paired burned unburned sites measured from 2001-2023. NSF Arctic Data Center. https://doi.org/10.18739/A2RN3092P. 자료 논문: Talucci, A. C., et al. (2025) Permafrost-wildfire interactions: active layer thickness estimates for paired burned and unburned sites in northern high latitudes. Earth System Science Data 17, 2887-2909, https://doi.org/10.5194/essd-17-2887-2025",CC BY 4.0,,2019-09-02,record_date,single_visit,,,10.7814,0.000001,0,,0,FireALT 기여 자료(lastNm 열): Rocha,,ok,기여자 Rocha; siteId Anaktuvuk River fire; plot 1개; 연중 방문 1회(8월 1일 이후 1회); msrType active; 식생 ; 영구동토 분포 C; 생태지역 Arctic foothills tundra; 원좌표 문자열 2개를 소수 4자리에서 묶음; v3 F4_direct 셀 463(ABoVE_AK)과 체비쇼프 0.0000° 로 0.01° 이내
firealt_talucci2025,firealt_talucci2025_0667,Rocha Anaktuvuk River fire (burned),69.032528,-150.796676,2014,8,39.95,probe,direct_eos,20,United States,Alaska,"Talucci, A., Loranty, M., Holloway, J., Rogers, B., Alexander, H., et al. (2024) FireALT dataset: estimated active layer thickness for paired burned unburned sites measured from 2001-2023. NSF Arctic Data Center. https://doi.org/10.18739/A2RN3092P. 자료 논문: Talucci, A. C., et al. (2025) Permafrost-wildfire interactions: active layer thickness estimates for paired burned and unburned sites in northern high latitudes. Earth System Science Data 17, 2887-2909, https://doi.org/10.5194/essd-17-2887-2025",CC BY 4.0,,2014-08-31,record_date,single_visit,,,3.4409,0.000001,1,burned,0,FireALT 기여 자료(lastNm 열): Rocha,,ok,"기여자 Rocha; siteId Anaktuvuk River fire; plot 1개; 연중 방문 1회(8월 1일 이후 1회); msrType active; 식생 ; 영구동토 분포 C; 생태지역 Arctic foothills tundra; 화재 연도 2007, 화재 후 경과 연수 7; 원좌표 문자열 2개를 소수 4자리에서 묶음; v3 F4_direct 셀 470(ABoVE_AK)과 체비쇼프 0.0000° 로 0.01° 이내"
firealt_talucci2025,firealt_talucci2025_0667,Rocha Anaktuvuk River fire (burned),69.032528,-150.796676,2019,9,51.45,probe,direct_eos,20,United States,Alaska,"Talucci, A., Loranty, M., Holloway, J., Rogers, B., Alexander, H., et al. (2024) FireALT dataset: estimated active layer thickness for paired burned unburned sites measured from 2001-2023. NSF Arctic Data Center. https://doi.org/10.18739/A2RN3092P. 자료 논문: Talucci, A. C., et al. (2025) Permafrost-wildfire interactions: active layer thickness estimates for paired burned and unburned sites in northern high latitudes. Earth System Science Data 17, 2887-2909, https://doi.org/10.5194/essd-17-2887-2025",CC BY 4.0,,2019-09-02,record_date,single_visit,,,4.0585,0.000001,1,burned,0,FireALT 기여 자료(lastNm 열): Rocha,,ok,"기여자 Rocha; siteId Anaktuvuk River fire; plot 1개; 연중 방문 1회(8월 1일 이후 1회); msrType active; 식생 ; 영구동토 분포 C; 생태지역 Arctic foothills tundra; 화재 연도 2007, 화재 후 경과 연수 12; 원좌표 문자열 2개를 소수 4자리에서 묶음; v3 F4_direct 셀 470(ABoVE_AK)과 체비쇼프 0.0000° 로 0.01° 이내"
firealt_talucci2025,firealt_talucci2025_0668,Rocha Anaktuvuk River fire (burned),69.036423,-150.678503,2014,8,48.7,probe,direct_eos,20,United States,Alaska,"Talucci, A., Loranty, M., Holloway, J., Rogers, B., Alexander, H., et al. (2024) FireALT dataset: estimated active layer thickness for paired burned unburned sites measured from 2001-2023. NSF Arctic Data Center. https://doi.org/10.18739/A2RN3092P. 자료 논문: Talucci, A. C., et al. (2025) Permafrost-wildfire interactions: active layer thickness estimates for paired burned and unburned sites in northern high latitudes. Earth System Science Data 17, 2887-2909, https://doi.org/10.5194/essd-17-2887-2025",CC BY 4.0,,2014-08-31,record_date,single_visit,,,6.4571,0.000001,1,burned,0,FireALT 기여 자료(lastNm 열): Rocha,,ok,"기여자 Rocha; siteId Anaktuvuk River fire; plot 1개; 연중 방문 1회(8월 1일 이후 1회); msrType active; 식생 ; 영구동토 분포 C; 생태지역 Arctic foothills tundra; 화재 연도 2007, 화재 후 경과 연수 7; 원좌표 문자열 2개를 소수 4자리에서 묶음; v3 F4_direct 셀 472(ABoVE_AK)과 체비쇼프 0.0000° 로 0.01° 이내"
firealt_talucci2025,firealt_talucci2025_0668,Rocha Anaktuvuk River fire (burned),69.036423,-150.678503,2019,9,67.05,probe,direct_eos,20,United States,Alaska,"Talucci, A., Loranty, M., Holloway, J., Rogers, B., Alexander, H., et al. (2024) FireALT dataset: estimated active layer thickness for paired burned unburned sites measured from 2001-2023. NSF Arctic Data Center. https://doi.org/10.18739/A2RN3092P. 자료 논문: Talucci, A. C., et al. (2025) Permafrost-wildfire interactions: active layer thickness estimates for paired burned and unburned sites in northern high latitudes. Earth System Science Data 17, 2887-2909, https://doi.org/10.5194/essd-17-2887-2025",CC BY 4.0,,2019-09-02,record_date,single_visit,,,7.416,0.000001,1,burned,0,FireALT 기여 자료(lastNm 열): Rocha,,ok,"기여자 Rocha; siteId Anaktuvuk River fire; plot 1개; 연중 방문 1회(8월 1일 이후 1회); msrType active; 식생 ; 영구동토 분포 C; 생태지역 Arctic foothills tundra; 화재 연도 2007, 화재 후 경과 연수 12; 원좌표 문자열 2개를 소수 4자리에서 묶음; v3 F4_direct 셀 472(ABoVE_AK)과 체비쇼프 0.0000° 로 0.01° 이내"
firealt_talucci2025,firealt_talucci2025_0669,Rocha Kuparuk Burned (burned),69.037611,-149.513,2011,7,38.3,probe,direct_dated,30,United States,Alaska,"Talucci, A., Loranty, M., Holloway, J., Rogers, B., Alexander, H., et al. (2024) FireALT dataset: estimated active layer thickness for paired burned unburned sites measured from 2001-2023. NSF Arctic Data Center. https://doi.org/10.18739/A2RN3092P. 자료 논문: Talucci, A. C., et al. (2025) Permafrost-wildfire interactions: active layer thickness estimates for paired burned and unburned sites in northern high latitudes. Earth System Science Data 17, 2887-2909, https://doi.org/10.5194/essd-17-2887-2025",CC BY 4.0,,2011-07-24,none,single_visit,,,7.8747,0.001,1,burned,0,FireALT 기여 자료(lastNm 열): Rocha,,ok,"기여자 Rocha; siteId Kuparuk Burned; plot 1개; 연중 방문 1회(8월 1일 이후 0회); msrType active; 식생 GT; 영구동토 분포 C; 생태지역 Arctic foothills tundra; 화재 연도 2001, 화재 후 경과 연수 10"
firealt_talucci2025,firealt_talucci2025_0670,Rocha Kuparuk Unburned (unburned),69.037611,-149.513,2011,7,32.2667,probe,direct_dated,30,United States,Alaska,"Talucci, A., Loranty, M., Holloway, J., Rogers, B., Alexander, H., et al. (2024) FireALT dataset: estimated active layer thickness for paired burned unburned sites measured from 2001-2023. NSF Arctic Data Center. https://doi.org/10.18739/A2RN3092P. 자료 논문: Talucci, A. C., et al. (2025) Permafrost-wildfire interactions: active layer thickness estimates for paired burned and unburned sites in northern high latitudes. Earth System Science Data 17, 2887-2909, https://doi.org/10.5194/essd-17-2887-2025",CC BY 4.0,,2011-07-24,none,single_visit,,,8.7254,0.001,0,,0,FireALT 기여 자료(lastNm 열): Rocha,,ok,기여자 Rocha; siteId Kuparuk Unburned; plot 1개; 연중 방문 1회(8월 1일 이후 0회); msrType active; 식생 GT; 영구동토 분포 C; 생태지역 Arctic foothills tundra
firealt_talucci2025,firealt_talucci2025_0671,Rocha Anaktuvuk River fire (burned),69.040768,-150.384692,2014,8,57.25,probe,direct_eos,20,United States,Alaska,"Talucci, A., Loranty, M., Holloway, J., Rogers, B., Alexander, H., et al. (2024) FireALT dataset: estimated active layer thickness for paired burned unburned sites measured from 2001-2023. NSF Arctic Data Center. https://doi.org/10.18739/A2RN3092P. 자료 논문: Talucci, A. C., et al. (2025) Permafrost-wildfire interactions: active layer thickness estimates for paired burned and unburned sites in northern high latitudes. Earth System Science Data 17, 2887-2909, https://doi.org/10.5194/essd-17-2887-2025",CC BY 4.0,,2014-08-31,record_date,single_visit,,,16.492,0.000001,1,burned,0,FireALT 기여 자료(lastNm 열): Rocha,,ok,"기여자 Rocha; siteId Anaktuvuk River fire; plot 1개; 연중 방문 1회(8월 1일 이후 1회); msrType active; 식생 ; 영구동토 분포 C; 생태지역 Arctic foothills tundra; 화재 연도 2007, 화재 후 경과 연수 7; 원좌표 문자열 2개를 소수 4자리에서 묶음; v3 F4_direct 셀 475(ABoVE_AK)과 체비쇼프 0.0000° 로 0.01° 이내"
firealt_talucci2025,firealt_talucci2025_0671,Rocha Anaktuvuk River fire (burned),69.040768,-150.384692,2019,9,65.05,probe,direct_eos,20,United States,Alaska,"Talucci, A., Loranty, M., Holloway, J., Rogers, B., Alexander, H., et al. (2024) FireALT dataset: estimated active layer thickness for paired burned unburned sites measured from 2001-2023. NSF Arctic Data Center. https://doi.org/10.18739/A2RN3092P. 자료 논문: Talucci, A. C., et al. (2025) Permafrost-wildfire interactions: active layer thickness estimates for paired burned and unburned sites in northern high latitudes. Earth System Science Data 17, 2887-2909, https://doi.org/10.5194/essd-17-2887-2025",CC BY 4.0,,2019-09-02,record_date,single_visit,,,6.9848,0.000001,1,burned,0,FireALT 기여 자료(lastNm 열): Rocha,,ok,"기여자 Rocha; siteId Anaktuvuk River fire; plot 1개; 연중 방문 1회(8월 1일 이후 1회); msrType active; 식생 ; 영구동토 분포 C; 생태지역 Arctic foothills tundra; 화재 연도 2007, 화재 후 경과 연수 12; 원좌표 문자열 2개를 소수 4자리에서 묶음; v3 F4_direct 셀 475(ABoVE_AK)과 체비쇼프 0.0000° 로 0.01° 이내"
firealt_talucci2025,firealt_talucci2025_0672,Rocha Anaktuvuk River fire (burned),69.052829,-150.609408,2014,8,42,probe,direct_eos,20,United States,Alaska,"Talucci, A., Loranty, M., Holloway, J., Rogers, B., Alexander, H., et al. (2024) FireALT dataset: estimated active layer thickness for paired burned unburned sites measured from 2001-2023. NSF Arctic Data Center. https://doi.org/10.18739/A2RN3092P. 자료 논문: Talucci, A. C., et al. (2025) Permafrost-wildfire interactions: active layer thickness estimates for paired burned and unburned sites in northern high latitudes. Earth System Science Data 17, 2887-2909, https://doi.org/10.5194/essd-17-2887-2025",CC BY 4.0,,2014-08-31,record_date,single_visit,,,4.5538,0.000001,1,burned,0,FireALT 기여 자료(lastNm 열): Rocha,,ok,"기여자 Rocha; siteId Anaktuvuk River fire; plot 1개; 연중 방문 1회(8월 1일 이후 1회); msrType active; 식생 ; 영구동토 분포 C; 생태지역 Arctic foothills tundra; 화재 연도 2007, 화재 후 경과 연수 7; 원좌표 문자열 2개를 소수 4자리에서 묶음; v3 F4_direct 셀 473(ABoVE_AK)과 체비쇼프 0.0000° 로 0.01° 이내"
firealt_talucci2025,firealt_talucci2025_0672,Rocha Anaktuvuk River fire (burned),69.052829,-150.609408,2019,9,56.55,probe,direct_eos,20,United States,Alaska,"Talucci, A., Loranty, M., Holloway, J., Rogers, B., Alexander, H., et al. (2024) FireALT dataset: estimated active layer thickness for paired burned unburned sites measured from 2001-2023. NSF Arctic Data Center. https://doi.org/10.18739/A2RN3092P. 자료 논문: Talucci, A. C., et al. (2025) Permafrost-wildfire interactions: active layer thickness estimates for paired burned and unburned sites in northern high latitudes. Earth System Science Data 17, 2887-2909, https://doi.org/10.5194/essd-17-2887-2025",CC BY 4.0,,2019-09-02,record_date,single_visit,,,9.3554,0.000001,1,burned,0,FireALT 기여 자료(lastNm 열): Rocha,,ok,"기여자 Rocha; siteId Anaktuvuk River fire; plot 1개; 연중 방문 1회(8월 1일 이후 1회); msrType active; 식생 ; 영구동토 분포 C; 생태지역 Arctic foothills tundra; 화재 연도 2007, 화재 후 경과 연수 12; 원좌표 문자열 2개를 소수 4자리에서 묶음; v3 F4_direct 셀 473(ABoVE_AK)과 체비쇼프 0.0000° 로 0.01° 이내"
firealt_talucci2025,firealt_talucci2025_0673,Rocha Anaktuvuk River fire (burned),69.073890,-150.414916,2014,8,59.35,probe,direct_eos,20,United States,Alaska,"Talucci, A., Loranty, M., Holloway, J., Rogers, B., Alexander, H., et al. (2024) FireALT dataset: estimated active layer thickness for paired burned unburned sites measured from 2001-2023. NSF Arctic Data Center. https://doi.org/10.18739/A2RN3092P. 자료 논문: Talucci, A. C., et al. (2025) Permafrost-wildfire interactions: active layer thickness estimates for paired burned and unburned sites in northern high latitudes. Earth System Science Data 17, 2887-2909, https://doi.org/10.5194/essd-17-2887-2025",CC BY 4.0,,2014-08-31,record_date,single_visit,,,7.6108,0.000001,1,burned,0,FireALT 기여 자료(lastNm 열): Rocha,,ok,"기여자 Rocha; siteId Anaktuvuk River fire; plot 1개; 연중 방문 1회(8월 1일 이후 1회); msrType active; 식생 ; 영구동토 분포 C; 생태지역 Arctic foothills tundra; 화재 연도 2007, 화재 후 경과 연수 7; 원좌표 문자열 2개를 소수 4자리에서 묶음; v3 F4_direct 셀 476(ABoVE_AK)과 체비쇼프 0.0000° 로 0.01° 이내"
firealt_talucci2025,firealt_talucci2025_0673,Rocha Anaktuvuk River fire (burned),69.073890,-150.414916,2019,9,72.25,probe,direct_eos,20,United States,Alaska,"Talucci, A., Loranty, M., Holloway, J., Rogers, B., Alexander, H., et al. (2024) FireALT dataset: estimated active layer thickness for paired burned unburned sites measured from 2001-2023. NSF Arctic Data Center. https://doi.org/10.18739/A2RN3092P. 자료 논문: Talucci, A. C., et al. (2025) Permafrost-wildfire interactions: active layer thickness estimates for paired burned and unburned sites in northern high latitudes. Earth System Science Data 17, 2887-2909, https://doi.org/10.5194/essd-17-2887-2025",CC BY 4.0,,2019-09-02,record_date,single_visit,,,9.1931,0.000001,1,burned,0,FireALT 기여 자료(lastNm 열): Rocha,,ok,"기여자 Rocha; siteId Anaktuvuk River fire; plot 1개; 연중 방문 1회(8월 1일 이후 1회); msrType active; 식생 ; 영구동토 분포 C; 생태지역 Arctic foothills tundra; 화재 연도 2007, 화재 후 경과 연수 12; 원좌표 문자열 2개를 소수 4자리에서 묶음; v3 F4_direct 셀 476(ABoVE_AK)과 체비쇼프 0.0000° 로 0.01° 이내"
firealt_talucci2025,firealt_talucci2025_0674,Rocha Anaktuvuk River fire (burned),69.075019,-150.739099,2014,8,55,probe,direct_eos,20,United States,Alaska,"Talucci, A., Loranty, M., Holloway, J., Rogers, B., Alexander, H., et al. (2024) FireALT dataset: estimated active layer thickness for paired burned unburned sites measured from 2001-2023. NSF Arctic Data Center. https://doi.org/10.18739/A2RN3092P. 자료 논문: Talucci, A. C., et al. (2025) Permafrost-wildfire interactions: active layer thickness estimates for paired burned and unburned sites in northern high latitudes. Earth System Science Data 17, 2887-2909, https://doi.org/10.5194/essd-17-2887-2025",CC BY 4.0,,2014-08-31,record_date,single_visit,,,9.8675,0.000001,1,burned,0,FireALT 기여 자료(lastNm 열): Rocha,,ok,"기여자 Rocha; siteId Anaktuvuk River fire; plot 1개; 연중 방문 1회(8월 1일 이후 1회); msrType active; 식생 ; 영구동토 분포 C; 생태지역 Arctic foothills tundra; 화재 연도 2007, 화재 후 경과 연수 7; 원좌표 문자열 2개를 소수 4자리에서 묶음; v3 F4_direct 셀 500(ABoVE_AK)과 체비쇼프 0.0000° 로 0.01° 이내"
firealt_talucci2025,firealt_talucci2025_0674,Rocha Anaktuvuk River fire (burned),69.075019,-150.739099,2019,9,62.85,probe,direct_eos,20,United States,Alaska,"Talucci, A., Loranty, M., Holloway, J., Rogers, B., Alexander, H., et al. (2024) FireALT dataset: estimated active layer thickness for paired burned unburned sites measured from 2001-2023. NSF Arctic Data Center. https://doi.org/10.18739/A2RN3092P. 자료 논문: Talucci, A. C., et al. (2025) Permafrost-wildfire interactions: active layer thickness estimates for paired burned and unburned sites in northern high latitudes. Earth System Science Data 17, 2887-2909, https://doi.org/10.5194/essd-17-2887-2025",CC BY 4.0,,2019-09-02,record_date,single_visit,,,9.3205,0.000001,1,burned,0,FireALT 기여 자료(lastNm 열): Rocha,,ok,"기여자 Rocha; siteId Anaktuvuk River fire; plot 1개; 연중 방문 1회(8월 1일 이후 1회); msrType active; 식생 ; 영구동토 분포 C; 생태지역 Arctic foothills tundra; 화재 연도 2007, 화재 후 경과 연수 12; 원좌표 문자열 2개를 소수 4자리에서 묶음; v3 F4_direct 셀 500(ABoVE_AK)과 체비쇼프 0.0000° 로 0.01° 이내"
firealt_talucci2025,firealt_talucci2025_0675,Rocha Anaktuvuk River fire (unburned),69.083072,-150.192412,2014,8,54.9,probe,direct_eos,20,United States,Alaska,"Talucci, A., Loranty, M., Holloway, J., Rogers, B., Alexander, H., et al. (2024) FireALT dataset: estimated active layer thickness for paired burned unburned sites measured from 2001-2023. NSF Arctic Data Center. https://doi.org/10.18739/A2RN3092P. 자료 논문: Talucci, A. C., et al. (2025) Permafrost-wildfire interactions: active layer thickness estimates for paired burned and unburned sites in northern high latitudes. Earth System Science Data 17, 2887-2909, https://doi.org/10.5194/essd-17-2887-2025",CC BY 4.0,,2014-08-31,record_date,single_visit,,,15.0749,0.000001,0,,0,FireALT 기여 자료(lastNm 열): Rocha,,ok,기여자 Rocha; siteId Anaktuvuk River fire; plot 1개; 연중 방문 1회(8월 1일 이후 1회); msrType active; 식생 ; 영구동토 분포 C; 생태지역 Arctic foothills tundra; 원좌표 문자열 2개를 소수 4자리에서 묶음; v3 F4_direct 셀 477(ABoVE_AK)과 체비쇼프 0.0000° 로 0.01° 이내
firealt_talucci2025,firealt_talucci2025_0675,Rocha Anaktuvuk River fire (unburned),69.083072,-150.192412,2019,9,55.5,probe,direct_eos,20,United States,Alaska,"Talucci, A., Loranty, M., Holloway, J., Rogers, B., Alexander, H., et al. (2024) FireALT dataset: estimated active layer thickness for paired burned unburned sites measured from 2001-2023. NSF Arctic Data Center. https://doi.org/10.18739/A2RN3092P. 자료 논문: Talucci, A. C., et al. (2025) Permafrost-wildfire interactions: active layer thickness estimates for paired burned and unburned sites in northern high latitudes. Earth System Science Data 17, 2887-2909, https://doi.org/10.5194/essd-17-2887-2025",CC BY 4.0,,2019-09-02,record_date,single_visit,,,2.6057,0.000001,0,,0,FireALT 기여 자료(lastNm 열): Rocha,,ok,기여자 Rocha; siteId Anaktuvuk River fire; plot 1개; 연중 방문 1회(8월 1일 이후 1회); msrType active; 식생 ; 영구동토 분포 C; 생태지역 Arctic foothills tundra; 원좌표 문자열 2개를 소수 4자리에서 묶음; v3 F4_direct 셀 477(ABoVE_AK)과 체비쇼프 0.0000° 로 0.01° 이내
firealt_talucci2025,firealt_talucci2025_0676,Rocha Anaktuvuk River fire (burned),69.097620,-150.605488,2014,8,54.45,probe,direct_eos,20,United States,Alaska,"Talucci, A., Loranty, M., Holloway, J., Rogers, B., Alexander, H., et al. (2024) FireALT dataset: estimated active layer thickness for paired burned unburned sites measured from 2001-2023. NSF Arctic Data Center. https://doi.org/10.18739/A2RN3092P. 자료 논문: Talucci, A. C., et al. (2025) Permafrost-wildfire interactions: active layer thickness estimates for paired burned and unburned sites in northern high latitudes. Earth System Science Data 17, 2887-2909, https://doi.org/10.5194/essd-17-2887-2025",CC BY 4.0,,2014-08-31,record_date,single_visit,,,13.3119,0.000001,1,burned,0,FireALT 기여 자료(lastNm 열): Rocha,,ok,"기여자 Rocha; siteId Anaktuvuk River fire; plot 1개; 연중 방문 1회(8월 1일 이후 1회); msrType active; 식생 ; 영구동토 분포 C; 생태지역 Arctic foothills tundra; 화재 연도 2007, 화재 후 경과 연수 7; 원좌표 문자열 2개를 소수 4자리에서 묶음; v3 F4_direct 셀 501(ABoVE_AK)과 체비쇼프 0.0000° 로 0.01° 이내"
firealt_talucci2025,firealt_talucci2025_0676,Rocha Anaktuvuk River fire (burned),69.097620,-150.605488,2019,9,61.1,probe,direct_eos,20,United States,Alaska,"Talucci, A., Loranty, M., Holloway, J., Rogers, B., Alexander, H., et al. (2024) FireALT dataset: estimated active layer thickness for paired burned unburned sites measured from 2001-2023. NSF Arctic Data Center. https://doi.org/10.18739/A2RN3092P. 자료 논문: Talucci, A. C., et al. (2025) Permafrost-wildfire interactions: active layer thickness estimates for paired burned and unburned sites in northern high latitudes. Earth System Science Data 17, 2887-2909, https://doi.org/10.5194/essd-17-2887-2025",CC BY 4.0,,2019-09-02,record_date,single_visit,,,5.1596,0.000001,1,burned,0,FireALT 기여 자료(lastNm 열): Rocha,,ok,"기여자 Rocha; siteId Anaktuvuk River fire; plot 1개; 연중 방문 1회(8월 1일 이후 1회); msrType active; 식생 ; 영구동토 분포 C; 생태지역 Arctic foothills tundra; 화재 연도 2007, 화재 후 경과 연수 12; 원좌표 문자열 2개를 소수 4자리에서 묶음; v3 F4_direct 셀 501(ABoVE_AK)과 체비쇼프 0.0000° 로 0.01° 이내"
firealt_talucci2025,firealt_talucci2025_0677,Rocha Anaktuvuk River fire (unburned),69.117951,-150.522116,2014,8,63.25,probe,direct_eos,20,United States,Alaska,"Talucci, A., Loranty, M., Holloway, J., Rogers, B., Alexander, H., et al. (2024) FireALT dataset: estimated active layer thickness for paired burned unburned sites measured from 2001-2023. NSF Arctic Data Center. https://doi.org/10.18739/A2RN3092P. 자료 논문: Talucci, A. C., et al. (2025) Permafrost-wildfire interactions: active layer thickness estimates for paired burned and unburned sites in northern high latitudes. Earth System Science Data 17, 2887-2909, https://doi.org/10.5194/essd-17-2887-2025",CC BY 4.0,,2014-08-31,record_date,single_visit,,,9.6621,0.000001,0,,0,FireALT 기여 자료(lastNm 열): Rocha,,ok,기여자 Rocha; siteId Anaktuvuk River fire; plot 1개; 연중 방문 1회(8월 1일 이후 1회); msrType active; 식생 ; 영구동토 분포 C; 생태지역 Arctic foothills tundra; 원좌표 문자열 2개를 소수 4자리에서 묶음; v3 F4_direct 셀 479(ABoVE_AK)과 체비쇼프 0.0000° 로 0.01° 이내
firealt_talucci2025,firealt_talucci2025_0677,Rocha Anaktuvuk River fire (unburned),69.117951,-150.522116,2019,9,67.95,probe,direct_eos,20,United States,Alaska,"Talucci, A., Loranty, M., Holloway, J., Rogers, B., Alexander, H., et al. (2024) FireALT dataset: estimated active layer thickness for paired burned unburned sites measured from 2001-2023. NSF Arctic Data Center. https://doi.org/10.18739/A2RN3092P. 자료 논문: Talucci, A. C., et al. (2025) Permafrost-wildfire interactions: active layer thickness estimates for paired burned and unburned sites in northern high latitudes. Earth System Science Data 17, 2887-2909, https://doi.org/10.5194/essd-17-2887-2025",CC BY 4.0,,2019-09-02,record_date,single_visit,,,6.3451,0.000001,0,,0,FireALT 기여 자료(lastNm 열): Rocha,,ok,기여자 Rocha; siteId Anaktuvuk River fire; plot 1개; 연중 방문 1회(8월 1일 이후 1회); msrType active; 식생 ; 영구동토 분포 C; 생태지역 Arctic foothills tundra; 원좌표 문자열 2개를 소수 4자리에서 묶음; v3 F4_direct 셀 479(ABoVE_AK)과 체비쇼프 0.0000° 로 0.01° 이내
firealt_talucci2025,firealt_talucci2025_0678,Rocha Anaktuvuk River fire (burned),69.131160,-150.776308,2014,8,58.05,probe,direct_eos,20,United States,Alaska,"Talucci, A., Loranty, M., Holloway, J., Rogers, B., Alexander, H., et al. (2024) FireALT dataset: estimated active layer thickness for paired burned unburned sites measured from 2001-2023. NSF Arctic Data Center. https://doi.org/10.18739/A2RN3092P. 자료 논문: Talucci, A. C., et al. (2025) Permafrost-wildfire interactions: active layer thickness estimates for paired burned and unburned sites in northern high latitudes. Earth System Science Data 17, 2887-2909, https://doi.org/10.5194/essd-17-2887-2025",CC BY 4.0,,2014-08-31,record_date,single_visit,,,7.6466,0.000001,1,burned,0,FireALT 기여 자료(lastNm 열): Rocha,,ok,"기여자 Rocha; siteId Anaktuvuk River fire; plot 1개; 연중 방문 1회(8월 1일 이후 1회); msrType active; 식생 ; 영구동토 분포 C; 생태지역 Arctic foothills tundra; 화재 연도 2007, 화재 후 경과 연수 7; 원좌표 문자열 2개를 소수 4자리에서 묶음; v3 F4_direct 셀 499(ABoVE_AK)과 체비쇼프 0.0000° 로 0.01° 이내"
firealt_talucci2025,firealt_talucci2025_0678,Rocha Anaktuvuk River fire (burned),69.131160,-150.776308,2019,9,61.6,probe,direct_eos,20,United States,Alaska,"Talucci, A., Loranty, M., Holloway, J., Rogers, B., Alexander, H., et al. (2024) FireALT dataset: estimated active layer thickness for paired burned unburned sites measured from 2001-2023. NSF Arctic Data Center. https://doi.org/10.18739/A2RN3092P. 자료 논문: Talucci, A. C., et al. (2025) Permafrost-wildfire interactions: active layer thickness estimates for paired burned and unburned sites in northern high latitudes. Earth System Science Data 17, 2887-2909, https://doi.org/10.5194/essd-17-2887-2025",CC BY 4.0,,2019-09-02,record_date,single_visit,,,13.3235,0.000001,1,burned,0,FireALT 기여 자료(lastNm 열): Rocha,,ok,"기여자 Rocha; siteId Anaktuvuk River fire; plot 1개; 연중 방문 1회(8월 1일 이후 1회); msrType active; 식생 ; 영구동토 분포 C; 생태지역 Arctic foothills tundra; 화재 연도 2007, 화재 후 경과 연수 12; 원좌표 문자열 2개를 소수 4자리에서 묶음; v3 F4_direct 셀 499(ABoVE_AK)과 체비쇼프 0.0000° 로 0.01° 이내"
firealt_talucci2025,firealt_talucci2025_0679,Rocha Anaktuvuk River fire (burned),69.142568,-150.920614,2014,8,39.75,probe,direct_eos,20,United States,Alaska,"Talucci, A., Loranty, M., Holloway, J., Rogers, B., Alexander, H., et al. (2024) FireALT dataset: estimated active layer thickness for paired burned unburned sites measured from 2001-2023. NSF Arctic Data Center. https://doi.org/10.18739/A2RN3092P. 자료 논문: Talucci, A. C., et al. (2025) Permafrost-wildfire interactions: active layer thickness estimates for paired burned and unburned sites in northern high latitudes. Earth System Science Data 17, 2887-2909, https://doi.org/10.5194/essd-17-2887-2025",CC BY 4.0,,2014-08-31,record_date,single_visit,,,11.4977,0.000001,1,burned,0,FireALT 기여 자료(lastNm 열): Rocha,,ok,"기여자 Rocha; siteId Anaktuvuk River fire; plot 1개; 연중 방문 1회(8월 1일 이후 1회); msrType active; 식생 ; 영구동토 분포 C; 생태지역 Arctic foothills tundra; 화재 연도 2007, 화재 후 경과 연수 7; 원좌표 문자열 2개를 소수 4자리에서 묶음; v3 F4_direct 셀 498(ABoVE_AK)과 체비쇼프 0.0000° 로 0.01° 이내"
firealt_talucci2025,firealt_talucci2025_0679,Rocha Anaktuvuk River fire (burned),69.142568,-150.920614,2019,9,46.05,probe,direct_eos,20,United States,Alaska,"Talucci, A., Loranty, M., Holloway, J., Rogers, B., Alexander, H., et al. (2024) FireALT dataset: estimated active layer thickness for paired burned unburned sites measured from 2001-2023. NSF Arctic Data Center. https://doi.org/10.18739/A2RN3092P. 자료 논문: Talucci, A. C., et al. (2025) Permafrost-wildfire interactions: active layer thickness estimates for paired burned and unburned sites in northern high latitudes. Earth System Science Data 17, 2887-2909, https://doi.org/10.5194/essd-17-2887-2025",CC BY 4.0,,2019-09-02,record_date,single_visit,,,6.8401,0.000001,1,burned,0,FireALT 기여 자료(lastNm 열): Rocha,,ok,"기여자 Rocha; siteId Anaktuvuk River fire; plot 1개; 연중 방문 1회(8월 1일 이후 1회); msrType active; 식생 ; 영구동토 분포 C; 생태지역 Arctic foothills tundra; 화재 연도 2007, 화재 후 경과 연수 12; 원좌표 문자열 2개를 소수 4자리에서 묶음; v3 F4_direct 셀 498(ABoVE_AK)과 체비쇼프 0.0000° 로 0.01° 이내"
firealt_talucci2025,firealt_talucci2025_0680,Rocha Anaktuvuk River fire (burned),69.149420,-150.669106,2014,8,53.55,probe,direct_eos,20,United States,Alaska,"Talucci, A., Loranty, M., Holloway, J., Rogers, B., Alexander, H., et al. (2024) FireALT dataset: estimated active layer thickness for paired burned unburned sites measured from 2001-2023. NSF Arctic Data Center. https://doi.org/10.18739/A2RN3092P. 자료 논문: Talucci, A. C., et al. (2025) Permafrost-wildfire interactions: active layer thickness estimates for paired burned and unburned sites in northern high latitudes. Earth System Science Data 17, 2887-2909, https://doi.org/10.5194/essd-17-2887-2025",CC BY 4.0,,2014-08-31,record_date,single_visit,,,4.9786,0.00001,1,burned,0,FireALT 기여 자료(lastNm 열): Rocha,,ok,"기여자 Rocha; siteId Anaktuvuk River fire; plot 1개; 연중 방문 1회(8월 1일 이후 1회); msrType active; 식생 ; 영구동토 분포 C; 생태지역 Arctic foothills tundra; 화재 연도 2007, 화재 후 경과 연수 7; 원좌표 문자열 2개를 소수 4자리에서 묶음; v3 F4_direct 셀 502(ABoVE_AK)과 체비쇼프 0.0000° 로 0.01° 이내"
firealt_talucci2025,firealt_talucci2025_0680,Rocha Anaktuvuk River fire (burned),69.149420,-150.669106,2019,9,63.95,probe,direct_eos,20,United States,Alaska,"Talucci, A., Loranty, M., Holloway, J., Rogers, B., Alexander, H., et al. (2024) FireALT dataset: estimated active layer thickness for paired burned unburned sites measured from 2001-2023. NSF Arctic Data Center. https://doi.org/10.18739/A2RN3092P. 자료 논문: Talucci, A. C., et al. (2025) Permafrost-wildfire interactions: active layer thickness estimates for paired burned and unburned sites in northern high latitudes. Earth System Science Data 17, 2887-2909, https://doi.org/10.5194/essd-17-2887-2025",CC BY 4.0,,2019-09-02,record_date,single_visit,,,10.4048,0.00001,1,burned,0,FireALT 기여 자료(lastNm 열): Rocha,,ok,"기여자 Rocha; siteId Anaktuvuk River fire; plot 1개; 연중 방문 1회(8월 1일 이후 1회); msrType active; 식생 ; 영구동토 분포 C; 생태지역 Arctic foothills tundra; 화재 연도 2007, 화재 후 경과 연수 12; 원좌표 문자열 2개를 소수 4자리에서 묶음; v3 F4_direct 셀 502(ABoVE_AK)과 체비쇼프 0.0000° 로 0.01° 이내"
firealt_talucci2025,firealt_talucci2025_0681,Rocha Anaktuvuk River fire (unburned),69.159090,-150.372075,2014,8,32.6,probe,direct_eos,20,United States,Alaska,"Talucci, A., Loranty, M., Holloway, J., Rogers, B., Alexander, H., et al. (2024) FireALT dataset: estimated active layer thickness for paired burned unburned sites measured from 2001-2023. NSF Arctic Data Center. https://doi.org/10.18739/A2RN3092P. 자료 논문: Talucci, A. C., et al. (2025) Permafrost-wildfire interactions: active layer thickness estimates for paired burned and unburned sites in northern high latitudes. Earth System Science Data 17, 2887-2909, https://doi.org/10.5194/essd-17-2887-2025",CC BY 4.0,,2014-08-31,record_date,single_visit,,,4.0315,0.00001,0,,0,FireALT 기여 자료(lastNm 열): Rocha,,ok,기여자 Rocha; siteId Anaktuvuk River fire; plot 1개; 연중 방문 1회(8월 1일 이후 1회); msrType active; 식생 ; 영구동토 분포 C; 생태지역 Arctic foothills tundra; 원좌표 문자열 2개를 소수 4자리에서 묶음; v3 F4_direct 셀 478(ABoVE_AK)과 체비쇼프 0.0000° 로 0.01° 이내
firealt_talucci2025,firealt_talucci2025_0681,Rocha Anaktuvuk River fire (unburned),69.159090,-150.372075,2019,9,45.05,probe,direct_eos,20,United States,Alaska,"Talucci, A., Loranty, M., Holloway, J., Rogers, B., Alexander, H., et al. (2024) FireALT dataset: estimated active layer thickness for paired burned unburned sites measured from 2001-2023. NSF Arctic Data Center. https://doi.org/10.18739/A2RN3092P. 자료 논문: Talucci, A. C., et al. (2025) Permafrost-wildfire interactions: active layer thickness estimates for paired burned and unburned sites in northern high latitudes. Earth System Science Data 17, 2887-2909, https://doi.org/10.5194/essd-17-2887-2025",CC BY 4.0,,2019-09-02,record_date,single_visit,,,5.0625,0.00001,0,,0,FireALT 기여 자료(lastNm 열): Rocha,,ok,기여자 Rocha; siteId Anaktuvuk River fire; plot 1개; 연중 방문 1회(8월 1일 이후 1회); msrType active; 식생 ; 영구동토 분포 C; 생태지역 Arctic foothills tundra; 원좌표 문자열 2개를 소수 4자리에서 묶음; v3 F4_direct 셀 478(ABoVE_AK)과 체비쇼프 0.0000° 로 0.01° 이내
firealt_talucci2025,firealt_talucci2025_0682,Rocha Anaktuvuk River fire (unburned),69.173130,-150.832221,2014,8,56.85,probe,direct_eos,20,United States,Alaska,"Talucci, A., Loranty, M., Holloway, J., Rogers, B., Alexander, H., et al. (2024) FireALT dataset: estimated active layer thickness for paired burned unburned sites measured from 2001-2023. NSF Arctic Data Center. https://doi.org/10.18739/A2RN3092P. 자료 논문: Talucci, A. C., et al. (2025) Permafrost-wildfire interactions: active layer thickness estimates for paired burned and unburned sites in northern high latitudes. Earth System Science Data 17, 2887-2909, https://doi.org/10.5194/essd-17-2887-2025",CC BY 4.0,,2014-08-31,record_date,single_visit,,,13.4136,0.000001,0,,0,FireALT 기여 자료(lastNm 열): Rocha,,ok,기여자 Rocha; siteId Anaktuvuk River fire; plot 1개; 연중 방문 1회(8월 1일 이후 1회); msrType active; 식생 ; 영구동토 분포 C; 생태지역 Arctic foothills tundra; 원좌표 문자열 2개를 소수 4자리에서 묶음; v3 F4_direct 셀 497(ABoVE_AK)과 체비쇼프 0.0000° 로 0.01° 이내
firealt_talucci2025,firealt_talucci2025_0682,Rocha Anaktuvuk River fire (unburned),69.173130,-150.832221,2019,9,59.3,probe,direct_eos,20,United States,Alaska,"Talucci, A., Loranty, M., Holloway, J., Rogers, B., Alexander, H., et al. (2024) FireALT dataset: estimated active layer thickness for paired burned unburned sites measured from 2001-2023. NSF Arctic Data Center. https://doi.org/10.18739/A2RN3092P. 자료 논문: Talucci, A. C., et al. (2025) Permafrost-wildfire interactions: active layer thickness estimates for paired burned and unburned sites in northern high latitudes. Earth System Science Data 17, 2887-2909, https://doi.org/10.5194/essd-17-2887-2025",CC BY 4.0,,2019-09-02,record_date,single_visit,,,10.3624,0.000001,0,,0,FireALT 기여 자료(lastNm 열): Rocha,,ok,기여자 Rocha; siteId Anaktuvuk River fire; plot 1개; 연중 방문 1회(8월 1일 이후 1회); msrType active; 식생 ; 영구동토 분포 C; 생태지역 Arctic foothills tundra; 원좌표 문자열 2개를 소수 4자리에서 묶음; v3 F4_direct 셀 497(ABoVE_AK)과 체비쇼프 0.0000° 로 0.01° 이내
firealt_talucci2025,firealt_talucci2025_0683,Rocha Anaktuvuk River fire (burned),69.182428,-150.528712,2014,8,61,probe,direct_eos,20,United States,Alaska,"Talucci, A., Loranty, M., Holloway, J., Rogers, B., Alexander, H., et al. (2024) FireALT dataset: estimated active layer thickness for paired burned unburned sites measured from 2001-2023. NSF Arctic Data Center. https://doi.org/10.18739/A2RN3092P. 자료 논문: Talucci, A. C., et al. (2025) Permafrost-wildfire interactions: active layer thickness estimates for paired burned and unburned sites in northern high latitudes. Earth System Science Data 17, 2887-2909, https://doi.org/10.5194/essd-17-2887-2025",CC BY 4.0,,2014-08-31,record_date,single_visit,,,7.8338,0.000001,1,burned,0,FireALT 기여 자료(lastNm 열): Rocha,,ok,"기여자 Rocha; siteId Anaktuvuk River fire; plot 1개; 연중 방문 1회(8월 1일 이후 1회); msrType active; 식생 ; 영구동토 분포 C; 생태지역 Arctic foothills tundra; 화재 연도 2007, 화재 후 경과 연수 7; 원좌표 문자열 2개를 소수 4자리에서 묶음; v3 F4_direct 셀 503(ABoVE_AK)과 체비쇼프 0.0000° 로 0.01° 이내"
firealt_talucci2025,firealt_talucci2025_0683,Rocha Anaktuvuk River fire (burned),69.182428,-150.528712,2019,9,58.3,probe,direct_eos,20,United States,Alaska,"Talucci, A., Loranty, M., Holloway, J., Rogers, B., Alexander, H., et al. (2024) FireALT dataset: estimated active layer thickness for paired burned unburned sites measured from 2001-2023. NSF Arctic Data Center. https://doi.org/10.18739/A2RN3092P. 자료 논문: Talucci, A. C., et al. (2025) Permafrost-wildfire interactions: active layer thickness estimates for paired burned and unburned sites in northern high latitudes. Earth System Science Data 17, 2887-2909, https://doi.org/10.5194/essd-17-2887-2025",CC BY 4.0,,2019-09-02,record_date,single_visit,,,8.4548,0.000001,1,burned,0,FireALT 기여 자료(lastNm 열): Rocha,,ok,"기여자 Rocha; siteId Anaktuvuk River fire; plot 1개; 연중 방문 1회(8월 1일 이후 1회); msrType active; 식생 ; 영구동토 분포 C; 생태지역 Arctic foothills tundra; 화재 연도 2007, 화재 후 경과 연수 12; 원좌표 문자열 2개를 소수 4자리에서 묶음; v3 F4_direct 셀 503(ABoVE_AK)과 체비쇼프 0.0000° 로 0.01° 이내"
firealt_talucci2025,firealt_talucci2025_0684,Rocha Anaktuvuk River fire (burned),69.214349,-150.955404,2014,8,67.95,probe,direct_eos,20,United States,Alaska,"Talucci, A., Loranty, M., Holloway, J., Rogers, B., Alexander, H., et al. (2024) FireALT dataset: estimated active layer thickness for paired burned unburned sites measured from 2001-2023. NSF Arctic Data Center. https://doi.org/10.18739/A2RN3092P. 자료 논문: Talucci, A. C., et al. (2025) Permafrost-wildfire interactions: active layer thickness estimates for paired burned and unburned sites in northern high latitudes. Earth System Science Data 17, 2887-2909, https://doi.org/10.5194/essd-17-2887-2025",CC BY 4.0,,2014-08-31,record_date,single_visit,,,5.969,0.000001,1,burned,0,FireALT 기여 자료(lastNm 열): Rocha,,ok,"기여자 Rocha; siteId Anaktuvuk River fire; plot 1개; 연중 방문 1회(8월 1일 이후 1회); msrType active; 식생 ; 영구동토 분포 C; 생태지역 Arctic foothills tundra; 화재 연도 2007, 화재 후 경과 연수 7; v3 F4_direct 셀 495(ABoVE_AK)과 체비쇼프 0.0000° 로 0.01° 이내"
firealt_talucci2025,firealt_talucci2025_0685,Rocha Anaktuvuk River fire (burned),69.21435,-150.9554,2019,9,69.3,probe,direct_eos,20,United States,Alaska,"Talucci, A., Loranty, M., Holloway, J., Rogers, B., Alexander, H., et al. (2024) FireALT dataset: estimated active layer thickness for paired burned unburned sites measured from 2001-2023. NSF Arctic Data Center. https://doi.org/10.18739/A2RN3092P. 자료 논문: Talucci, A. C., et al. (2025) Permafrost-wildfire interactions: active layer thickness estimates for paired burned and unburned sites in northern high latitudes. Earth System Science Data 17, 2887-2909, https://doi.org/10.5194/essd-17-2887-2025",CC BY 4.0,,2019-09-02,record_date,single_visit,,,8.1763,0.0001,1,burned,0,FireALT 기여 자료(lastNm 열): Rocha,,ok,"기여자 Rocha; siteId Anaktuvuk River fire; plot 1개; 연중 방문 1회(8월 1일 이후 1회); msrType active; 식생 ; 영구동토 분포 C; 생태지역 Arctic foothills tundra; 화재 연도 2007, 화재 후 경과 연수 12; v3 F4_direct 셀 495(ABoVE_AK)과 체비쇼프 0.0000° 로 0.01° 이내"
firealt_talucci2025,firealt_talucci2025_0686,Rocha Anaktuvuk River fire (burned),69.215311,-150.879405,2014,8,63.4,probe,direct_eos,20,United States,Alaska,"Talucci, A., Loranty, M., Holloway, J., Rogers, B., Alexander, H., et al. (2024) FireALT dataset: estimated active layer thickness for paired burned unburned sites measured from 2001-2023. NSF Arctic Data Center. https://doi.org/10.18739/A2RN3092P. 자료 논문: Talucci, A. C., et al. (2025) Permafrost-wildfire interactions: active layer thickness estimates for paired burned and unburned sites in northern high latitudes. Earth System Science Data 17, 2887-2909, https://doi.org/10.5194/essd-17-2887-2025",CC BY 4.0,,2014-08-31,record_date,single_visit,,,9.784,0.000001,1,burned,0,FireALT 기여 자료(lastNm 열): Rocha,,ok,"기여자 Rocha; siteId Anaktuvuk River fire; plot 1개; 연중 방문 1회(8월 1일 이후 1회); msrType active; 식생 ; 영구동토 분포 C; 생태지역 Arctic foothills tundra; 화재 연도 2007, 화재 후 경과 연수 7; 원좌표 문자열 2개를 소수 4자리에서 묶음; v3 F4_direct 셀 496(ABoVE_AK)과 체비쇼프 0.0000° 로 0.01° 이내"
firealt_talucci2025,firealt_talucci2025_0686,Rocha Anaktuvuk River fire (burned),69.215311,-150.879405,2019,9,53.9,probe,direct_eos,20,United States,Alaska,"Talucci, A., Loranty, M., Holloway, J., Rogers, B., Alexander, H., et al. (2024) FireALT dataset: estimated active layer thickness for paired burned unburned sites measured from 2001-2023. NSF Arctic Data Center. https://doi.org/10.18739/A2RN3092P. 자료 논문: Talucci, A. C., et al. (2025) Permafrost-wildfire interactions: active layer thickness estimates for paired burned and unburned sites in northern high latitudes. Earth System Science Data 17, 2887-2909, https://doi.org/10.5194/essd-17-2887-2025",CC BY 4.0,,2019-09-02,record_date,single_visit,,,7.5107,0.000001,1,burned,0,FireALT 기여 자료(lastNm 열): Rocha,,ok,"기여자 Rocha; siteId Anaktuvuk River fire; plot 1개; 연중 방문 1회(8월 1일 이후 1회); msrType active; 식생 ; 영구동토 분포 C; 생태지역 Arctic foothills tundra; 화재 연도 2007, 화재 후 경과 연수 12; 원좌표 문자열 2개를 소수 4자리에서 묶음; v3 F4_direct 셀 496(ABoVE_AK)과 체비쇼프 0.0000° 로 0.01° 이내"
firealt_talucci2025,firealt_talucci2025_0687,Rocha Anaktuvuk River fire (burned),69.228118,-150.748097,2014,8,48.5,probe,direct_eos,20,United States,Alaska,"Talucci, A., Loranty, M., Holloway, J., Rogers, B., Alexander, H., et al. (2024) FireALT dataset: estimated active layer thickness for paired burned unburned sites measured from 2001-2023. NSF Arctic Data Center. https://doi.org/10.18739/A2RN3092P. 자료 논문: Talucci, A. C., et al. (2025) Permafrost-wildfire interactions: active layer thickness estimates for paired burned and unburned sites in northern high latitudes. Earth System Science Data 17, 2887-2909, https://doi.org/10.5194/essd-17-2887-2025",CC BY 4.0,,2014-08-31,record_date,single_visit,,,7.8506,0.000001,1,burned,0,FireALT 기여 자료(lastNm 열): Rocha,,ok,"기여자 Rocha; siteId Anaktuvuk River fire; plot 1개; 연중 방문 1회(8월 1일 이후 1회); msrType active; 식생 ; 영구동토 분포 C; 생태지역 Arctic foothills tundra; 화재 연도 2007, 화재 후 경과 연수 7; 원좌표 문자열 2개를 소수 4자리에서 묶음; v3 F4_direct 셀 493(ABoVE_AK)과 체비쇼프 0.0000° 로 0.01° 이내"
firealt_talucci2025,firealt_talucci2025_0687,Rocha Anaktuvuk River fire (burned),69.228118,-150.748097,2019,9,57.3,probe,direct_eos,20,United States,Alaska,"Talucci, A., Loranty, M., Holloway, J., Rogers, B., Alexander, H., et al. (2024) FireALT dataset: estimated active layer thickness for paired burned unburned sites measured from 2001-2023. NSF Arctic Data Center. https://doi.org/10.18739/A2RN3092P. 자료 논문: Talucci, A. C., et al. (2025) Permafrost-wildfire interactions: active layer thickness estimates for paired burned and unburned sites in northern high latitudes. Earth System Science Data 17, 2887-2909, https://doi.org/10.5194/essd-17-2887-2025",CC BY 4.0,,2019-09-02,record_date,single_visit,,,10.5036,0.000001,1,burned,0,FireALT 기여 자료(lastNm 열): Rocha,,ok,"기여자 Rocha; siteId Anaktuvuk River fire; plot 1개; 연중 방문 1회(8월 1일 이후 1회); msrType active; 식생 ; 영구동토 분포 C; 생태지역 Arctic foothills tundra; 화재 연도 2007, 화재 후 경과 연수 12; 원좌표 문자열 2개를 소수 4자리에서 묶음; v3 F4_direct 셀 493(ABoVE_AK)과 체비쇼프 0.0000° 로 0.01° 이내"
firealt_talucci2025,firealt_talucci2025_0688,Rocha Anaktuvuk River fire (burned),69.233691,-150.601318,2014,8,51.85,probe,direct_eos,20,United States,Alaska,"Talucci, A., Loranty, M., Holloway, J., Rogers, B., Alexander, H., et al. (2024) FireALT dataset: estimated active layer thickness for paired burned unburned sites measured from 2001-2023. NSF Arctic Data Center. https://doi.org/10.18739/A2RN3092P. 자료 논문: Talucci, A. C., et al. (2025) Permafrost-wildfire interactions: active layer thickness estimates for paired burned and unburned sites in northern high latitudes. Earth System Science Data 17, 2887-2909, https://doi.org/10.5194/essd-17-2887-2025",CC BY 4.0,,2014-08-31,record_date,single_visit,,,8.9459,0.000001,1,burned,0,FireALT 기여 자료(lastNm 열): Rocha,,ok,"기여자 Rocha; siteId Anaktuvuk River fire; plot 1개; 연중 방문 1회(8월 1일 이후 1회); msrType active; 식생 ; 영구동토 분포 C; 생태지역 Arctic foothills tundra; 화재 연도 2007, 화재 후 경과 연수 7; 원좌표 문자열 2개를 소수 4자리에서 묶음; v3 F4_direct 셀 492(ABoVE_AK)과 체비쇼프 0.0000° 로 0.01° 이내"
firealt_talucci2025,firealt_talucci2025_0688,Rocha Anaktuvuk River fire (burned),69.233691,-150.601318,2019,9,61.4,probe,direct_eos,20,United States,Alaska,"Talucci, A., Loranty, M., Holloway, J., Rogers, B., Alexander, H., et al. (2024) FireALT dataset: estimated active layer thickness for paired burned unburned sites measured from 2001-2023. NSF Arctic Data Center. https://doi.org/10.18739/A2RN3092P. 자료 논문: Talucci, A. C., et al. (2025) Permafrost-wildfire interactions: active layer thickness estimates for paired burned and unburned sites in northern high latitudes. Earth System Science Data 17, 2887-2909, https://doi.org/10.5194/essd-17-2887-2025",CC BY 4.0,,2019-09-02,record_date,single_visit,,,6.7777,0.000001,1,burned,0,FireALT 기여 자료(lastNm 열): Rocha,,ok,"기여자 Rocha; siteId Anaktuvuk River fire; plot 1개; 연중 방문 1회(8월 1일 이후 1회); msrType active; 식생 ; 영구동토 분포 C; 생태지역 Arctic foothills tundra; 화재 연도 2007, 화재 후 경과 연수 12; 원좌표 문자열 2개를 소수 4자리에서 묶음; v3 F4_direct 셀 492(ABoVE_AK)과 체비쇼프 0.0000° 로 0.01° 이내"
firealt_talucci2025,firealt_talucci2025_0689,Rocha Anaktuvuk River fire (unburned),69.261328,-150.891786,2014,8,49.65,probe,direct_eos,20,United States,Alaska,"Talucci, A., Loranty, M., Holloway, J., Rogers, B., Alexander, H., et al. (2024) FireALT dataset: estimated active layer thickness for paired burned unburned sites measured from 2001-2023. NSF Arctic Data Center. https://doi.org/10.18739/A2RN3092P. 자료 논문: Talucci, A. C., et al. (2025) Permafrost-wildfire interactions: active layer thickness estimates for paired burned and unburned sites in northern high latitudes. Earth System Science Data 17, 2887-2909, https://doi.org/10.5194/essd-17-2887-2025",CC BY 4.0,,2014-08-31,record_date,single_visit,,,7.0058,0.000001,0,,0,FireALT 기여 자료(lastNm 열): Rocha,,ok,기여자 Rocha; siteId Anaktuvuk River fire; plot 1개; 연중 방문 1회(8월 1일 이후 1회); msrType active; 식생 ; 영구동토 분포 C; 생태지역 Arctic foothills tundra; 원좌표 문자열 2개를 소수 4자리에서 묶음; v3 F4_direct 셀 494(ABoVE_AK)과 체비쇼프 0.0000° 로 0.01° 이내
firealt_talucci2025,firealt_talucci2025_0689,Rocha Anaktuvuk River fire (unburned),69.261328,-150.891786,2019,9,58.85,probe,direct_eos,20,United States,Alaska,"Talucci, A., Loranty, M., Holloway, J., Rogers, B., Alexander, H., et al. (2024) FireALT dataset: estimated active layer thickness for paired burned unburned sites measured from 2001-2023. NSF Arctic Data Center. https://doi.org/10.18739/A2RN3092P. 자료 논문: Talucci, A. C., et al. (2025) Permafrost-wildfire interactions: active layer thickness estimates for paired burned and unburned sites in northern high latitudes. Earth System Science Data 17, 2887-2909, https://doi.org/10.5194/essd-17-2887-2025",CC BY 4.0,,2019-09-02,record_date,single_visit,,,7.6453,0.000001,0,,0,FireALT 기여 자료(lastNm 열): Rocha,,ok,기여자 Rocha; siteId Anaktuvuk River fire; plot 1개; 연중 방문 1회(8월 1일 이후 1회); msrType active; 식생 ; 영구동토 분포 C; 생태지역 Arctic foothills tundra; 원좌표 문자열 2개를 소수 4자리에서 묶음; v3 F4_direct 셀 494(ABoVE_AK)과 체비쇼프 0.0000° 로 0.01° 이내
firealt_talucci2025,firealt_talucci2025_0690,Rocha Anaktuvuk River fire (unburned),69.279600,-150.662418,2014,8,54.8,probe,direct_eos,20,United States,Alaska,"Talucci, A., Loranty, M., Holloway, J., Rogers, B., Alexander, H., et al. (2024) FireALT dataset: estimated active layer thickness for paired burned unburned sites measured from 2001-2023. NSF Arctic Data Center. https://doi.org/10.18739/A2RN3092P. 자료 논문: Talucci, A. C., et al. (2025) Permafrost-wildfire interactions: active layer thickness estimates for paired burned and unburned sites in northern high latitudes. Earth System Science Data 17, 2887-2909, https://doi.org/10.5194/essd-17-2887-2025",CC BY 4.0,,2014-08-31,record_date,single_visit,,,5.4638,0.0001,0,,0,FireALT 기여 자료(lastNm 열): Rocha,,ok,기여자 Rocha; siteId Anaktuvuk River fire; plot 1개; 연중 방문 1회(8월 1일 이후 1회); msrType active; 식생 ; 영구동토 분포 C; 생태지역 Arctic foothills tundra; 원좌표 문자열 2개를 소수 4자리에서 묶음; v3 F4_direct 셀 490(ABoVE_AK)과 체비쇼프 0.0000° 로 0.01° 이내
firealt_talucci2025,firealt_talucci2025_0690,Rocha Anaktuvuk River fire (unburned),69.279600,-150.662418,2019,9,58.7,probe,direct_eos,20,United States,Alaska,"Talucci, A., Loranty, M., Holloway, J., Rogers, B., Alexander, H., et al. (2024) FireALT dataset: estimated active layer thickness for paired burned unburned sites measured from 2001-2023. NSF Arctic Data Center. https://doi.org/10.18739/A2RN3092P. 자료 논문: Talucci, A. C., et al. (2025) Permafrost-wildfire interactions: active layer thickness estimates for paired burned and unburned sites in northern high latitudes. Earth System Science Data 17, 2887-2909, https://doi.org/10.5194/essd-17-2887-2025",CC BY 4.0,,2019-09-02,record_date,single_visit,,,7.4417,0.0001,0,,0,FireALT 기여 자료(lastNm 열): Rocha,,ok,기여자 Rocha; siteId Anaktuvuk River fire; plot 1개; 연중 방문 1회(8월 1일 이후 1회); msrType active; 식생 ; 영구동토 분포 C; 생태지역 Arctic foothills tundra; 원좌표 문자열 2개를 소수 4자리에서 묶음; v3 F4_direct 셀 490(ABoVE_AK)과 체비쇼프 0.0000° 로 0.01° 이내
firealt_talucci2025,firealt_talucci2025_0691,Rocha Anaktuvuk River fire (burned),69.281249,-150.478394,2014,8,39.9,probe,direct_eos,20,United States,Alaska,"Talucci, A., Loranty, M., Holloway, J., Rogers, B., Alexander, H., et al. (2024) FireALT dataset: estimated active layer thickness for paired burned unburned sites measured from 2001-2023. NSF Arctic Data Center. https://doi.org/10.18739/A2RN3092P. 자료 논문: Talucci, A. C., et al. (2025) Permafrost-wildfire interactions: active layer thickness estimates for paired burned and unburned sites in northern high latitudes. Earth System Science Data 17, 2887-2909, https://doi.org/10.5194/essd-17-2887-2025",CC BY 4.0,,2014-08-31,record_date,single_visit,,,9.9467,0.000001,1,burned,0,FireALT 기여 자료(lastNm 열): Rocha,,ok,"기여자 Rocha; siteId Anaktuvuk River fire; plot 1개; 연중 방문 1회(8월 1일 이후 1회); msrType active; 식생 ; 영구동토 분포 C; 생태지역 Arctic foothills tundra; 화재 연도 2007, 화재 후 경과 연수 7; v3 F4_direct 셀 491(ABoVE_AK)과 체비쇼프 0.0000° 로 0.01° 이내"
firealt_talucci2025,firealt_talucci2025_0692,Rocha Anaktuvuk River fire (burned),69.28125,-150.4784,2019,9,54.35,probe,direct_eos,20,United States,Alaska,"Talucci, A., Loranty, M., Holloway, J., Rogers, B., Alexander, H., et al. (2024) FireALT dataset: estimated active layer thickness for paired burned unburned sites measured from 2001-2023. NSF Arctic Data Center. https://doi.org/10.18739/A2RN3092P. 자료 논문: Talucci, A. C., et al. (2025) Permafrost-wildfire interactions: active layer thickness estimates for paired burned and unburned sites in northern high latitudes. Earth System Science Data 17, 2887-2909, https://doi.org/10.5194/essd-17-2887-2025",CC BY 4.0,,2019-09-02,record_date,single_visit,,,7.1619,0.0001,1,burned,0,FireALT 기여 자료(lastNm 열): Rocha,,ok,"기여자 Rocha; siteId Anaktuvuk River fire; plot 1개; 연중 방문 1회(8월 1일 이후 1회); msrType active; 식생 ; 영구동토 분포 C; 생태지역 Arctic foothills tundra; 화재 연도 2007, 화재 후 경과 연수 12; v3 F4_direct 셀 491(ABoVE_AK)과 체비쇼프 0.0000° 로 0.01° 이내"
firealt_talucci2025,firealt_talucci2025_0693,Rocha Anaktuvuk River fire (burned),69.290308,-150.783894,2014,8,59.65,probe,direct_eos,20,United States,Alaska,"Talucci, A., Loranty, M., Holloway, J., Rogers, B., Alexander, H., et al. (2024) FireALT dataset: estimated active layer thickness for paired burned unburned sites measured from 2001-2023. NSF Arctic Data Center. https://doi.org/10.18739/A2RN3092P. 자료 논문: Talucci, A. C., et al. (2025) Permafrost-wildfire interactions: active layer thickness estimates for paired burned and unburned sites in northern high latitudes. Earth System Science Data 17, 2887-2909, https://doi.org/10.5194/essd-17-2887-2025",CC BY 4.0,,2014-08-31,record_date,single_visit,,,12.4954,0.000001,1,burned,0,FireALT 기여 자료(lastNm 열): Rocha,,ok,"기여자 Rocha; siteId Anaktuvuk River fire; plot 1개; 연중 방문 1회(8월 1일 이후 1회); msrType active; 식생 ; 영구동토 분포 C; 생태지역 Arctic foothills tundra; 화재 연도 2007, 화재 후 경과 연수 7; 원좌표 문자열 2개를 소수 4자리에서 묶음; v3 F4_direct 셀 488(ABoVE_AK)과 체비쇼프 0.0000° 로 0.01° 이내"
firealt_talucci2025,firealt_talucci2025_0693,Rocha Anaktuvuk River fire (burned),69.290308,-150.783894,2019,9,58.65,probe,direct_eos,20,United States,Alaska,"Talucci, A., Loranty, M., Holloway, J., Rogers, B., Alexander, H., et al. (2024) FireALT dataset: estimated active layer thickness for paired burned unburned sites measured from 2001-2023. NSF Arctic Data Center. https://doi.org/10.18739/A2RN3092P. 자료 논문: Talucci, A. C., et al. (2025) Permafrost-wildfire interactions: active layer thickness estimates for paired burned and unburned sites in northern high latitudes. Earth System Science Data 17, 2887-2909, https://doi.org/10.5194/essd-17-2887-2025",CC BY 4.0,,2019-09-02,record_date,single_visit,,,7.8356,0.000001,1,burned,0,FireALT 기여 자료(lastNm 열): Rocha,,ok,"기여자 Rocha; siteId Anaktuvuk River fire; plot 1개; 연중 방문 1회(8월 1일 이후 1회); msrType active; 식생 ; 영구동토 분포 C; 생태지역 Arctic foothills tundra; 화재 연도 2007, 화재 후 경과 연수 12; 원좌표 문자열 2개를 소수 4자리에서 묶음; v3 F4_direct 셀 488(ABoVE_AK)과 체비쇼프 0.0000° 로 0.01° 이내"
firealt_talucci2025,firealt_talucci2025_0694,Rocha Anaktuvuk River fire (burned),69.302731,-150.903301,2014,8,55.35,probe,direct_eos,20,United States,Alaska,"Talucci, A., Loranty, M., Holloway, J., Rogers, B., Alexander, H., et al. (2024) FireALT dataset: estimated active layer thickness for paired burned unburned sites measured from 2001-2023. NSF Arctic Data Center. https://doi.org/10.18739/A2RN3092P. 자료 논문: Talucci, A. C., et al. (2025) Permafrost-wildfire interactions: active layer thickness estimates for paired burned and unburned sites in northern high latitudes. Earth System Science Data 17, 2887-2909, https://doi.org/10.5194/essd-17-2887-2025",CC BY 4.0,,2014-08-31,record_date,single_visit,,,10.4794,0.000001,1,burned,0,FireALT 기여 자료(lastNm 열): Rocha,,ok,"기여자 Rocha; siteId Anaktuvuk River fire; plot 1개; 연중 방문 1회(8월 1일 이후 1회); msrType active; 식생 ; 영구동토 분포 C; 생태지역 Arctic foothills tundra; 화재 연도 2007, 화재 후 경과 연수 7; 원좌표 문자열 2개를 소수 4자리에서 묶음; v3 F4_direct 셀 487(ABoVE_AK)과 체비쇼프 0.0000° 로 0.01° 이내"
firealt_talucci2025,firealt_talucci2025_0694,Rocha Anaktuvuk River fire (burned),69.302731,-150.903301,2019,9,58.75,probe,direct_eos,20,United States,Alaska,"Talucci, A., Loranty, M., Holloway, J., Rogers, B., Alexander, H., et al. (2024) FireALT dataset: estimated active layer thickness for paired burned unburned sites measured from 2001-2023. NSF Arctic Data Center. https://doi.org/10.18739/A2RN3092P. 자료 논문: Talucci, A. C., et al. (2025) Permafrost-wildfire interactions: active layer thickness estimates for paired burned and unburned sites in northern high latitudes. Earth System Science Data 17, 2887-2909, https://doi.org/10.5194/essd-17-2887-2025",CC BY 4.0,,2019-09-02,record_date,single_visit,,,9.2729,0.000001,1,burned,0,FireALT 기여 자료(lastNm 열): Rocha,,ok,"기여자 Rocha; siteId Anaktuvuk River fire; plot 1개; 연중 방문 1회(8월 1일 이후 1회); msrType active; 식생 ; 영구동토 분포 C; 생태지역 Arctic foothills tundra; 화재 연도 2007, 화재 후 경과 연수 12; 원좌표 문자열 2개를 소수 4자리에서 묶음; v3 F4_direct 셀 487(ABoVE_AK)과 체비쇼프 0.0000° 로 0.01° 이내"
firealt_talucci2025,firealt_talucci2025_0695,Rocha Anaktuvuk River fire (burned),69.312698,-150.701602,2014,8,41.5,probe,direct_eos,20,United States,Alaska,"Talucci, A., Loranty, M., Holloway, J., Rogers, B., Alexander, H., et al. (2024) FireALT dataset: estimated active layer thickness for paired burned unburned sites measured from 2001-2023. NSF Arctic Data Center. https://doi.org/10.18739/A2RN3092P. 자료 논문: Talucci, A. C., et al. (2025) Permafrost-wildfire interactions: active layer thickness estimates for paired burned and unburned sites in northern high latitudes. Earth System Science Data 17, 2887-2909, https://doi.org/10.5194/essd-17-2887-2025",CC BY 4.0,,2014-08-31,record_date,single_visit,,,7.015,0.000001,1,burned,0,FireALT 기여 자료(lastNm 열): Rocha,,ok,"기여자 Rocha; siteId Anaktuvuk River fire; plot 1개; 연중 방문 1회(8월 1일 이후 1회); msrType active; 식생 ; 영구동토 분포 C; 생태지역 Arctic foothills tundra; 화재 연도 2007, 화재 후 경과 연수 7; 원좌표 문자열 2개를 소수 4자리에서 묶음; v3 F4_direct 셀 489(ABoVE_AK)과 체비쇼프 0.0000° 로 0.01° 이내"
firealt_talucci2025,firealt_talucci2025_0695,Rocha Anaktuvuk River fire (burned),69.312698,-150.701602,2019,9,53.05,probe,direct_eos,20,United States,Alaska,"Talucci, A., Loranty, M., Holloway, J., Rogers, B., Alexander, H., et al. (2024) FireALT dataset: estimated active layer thickness for paired burned unburned sites measured from 2001-2023. NSF Arctic Data Center. https://doi.org/10.18739/A2RN3092P. 자료 논문: Talucci, A. C., et al. (2025) Permafrost-wildfire interactions: active layer thickness estimates for paired burned and unburned sites in northern high latitudes. Earth System Science Data 17, 2887-2909, https://doi.org/10.5194/essd-17-2887-2025",CC BY 4.0,,2019-09-02,record_date,single_visit,,,7.3447,0.000001,1,burned,0,FireALT 기여 자료(lastNm 열): Rocha,,ok,"기여자 Rocha; siteId Anaktuvuk River fire; plot 1개; 연중 방문 1회(8월 1일 이후 1회); msrType active; 식생 ; 영구동토 분포 C; 생태지역 Arctic foothills tundra; 화재 연도 2007, 화재 후 경과 연수 12; 원좌표 문자열 2개를 소수 4자리에서 묶음; v3 F4_direct 셀 489(ABoVE_AK)과 체비쇼프 0.0000° 로 0.01° 이내"
firealt_talucci2025,firealt_talucci2025_0696,Rocha Anaktuvuk River fire (burned),69.321175,-151.064796,2014,8,45.25,probe,direct_eos,20,United States,Alaska,"Talucci, A., Loranty, M., Holloway, J., Rogers, B., Alexander, H., et al. (2024) FireALT dataset: estimated active layer thickness for paired burned unburned sites measured from 2001-2023. NSF Arctic Data Center. https://doi.org/10.18739/A2RN3092P. 자료 논문: Talucci, A. C., et al. (2025) Permafrost-wildfire interactions: active layer thickness estimates for paired burned and unburned sites in northern high latitudes. Earth System Science Data 17, 2887-2909, https://doi.org/10.5194/essd-17-2887-2025",CC BY 4.0,,2014-08-31,record_date,single_visit,,,5.2202,0.000001,1,burned,0,FireALT 기여 자료(lastNm 열): Rocha,,ok,"기여자 Rocha; siteId Anaktuvuk River fire; plot 1개; 연중 방문 1회(8월 1일 이후 1회); msrType active; 식생 ; 영구동토 분포 C; 생태지역 Arctic foothills tundra; 화재 연도 2007, 화재 후 경과 연수 7; v3 F4_direct 셀 480(ABoVE_AK)과 체비쇼프 0.0000° 로 0.01° 이내"
firealt_talucci2025,firealt_talucci2025_0697,Rocha Anaktuvuk River fire (burned),69.341871,-150.921317,2014,8,56.55,probe,direct_eos,20,United States,Alaska,"Talucci, A., Loranty, M., Holloway, J., Rogers, B., Alexander, H., et al. (2024) FireALT dataset: estimated active layer thickness for paired burned unburned sites measured from 2001-2023. NSF Arctic Data Center. https://doi.org/10.18739/A2RN3092P. 자료 논문: Talucci, A. C., et al. (2025) Permafrost-wildfire interactions: active layer thickness estimates for paired burned and unburned sites in northern high latitudes. Earth System Science Data 17, 2887-2909, https://doi.org/10.5194/essd-17-2887-2025",CC BY 4.0,,2014-08-31,record_date,single_visit,,,6.1257,0.000001,1,burned,0,FireALT 기여 자료(lastNm 열): Rocha,,ok,"기여자 Rocha; siteId Anaktuvuk River fire; plot 1개; 연중 방문 1회(8월 1일 이후 1회); msrType active; 식생 ; 영구동토 분포 C; 생태지역 Arctic foothills tundra; 화재 연도 2007, 화재 후 경과 연수 7; 원좌표 문자열 2개를 소수 4자리에서 묶음; v3 F4_direct 셀 486(ABoVE_AK)과 체비쇼프 0.0000° 로 0.01° 이내"
firealt_talucci2025,firealt_talucci2025_0697,Rocha Anaktuvuk River fire (burned),69.341871,-150.921317,2019,9,57.65,probe,direct_eos,20,United States,Alaska,"Talucci, A., Loranty, M., Holloway, J., Rogers, B., Alexander, H., et al. (2024) FireALT dataset: estimated active layer thickness for paired burned unburned sites measured from 2001-2023. NSF Arctic Data Center. https://doi.org/10.18739/A2RN3092P. 자료 논문: Talucci, A. C., et al. (2025) Permafrost-wildfire interactions: active layer thickness estimates for paired burned and unburned sites in northern high latitudes. Earth System Science Data 17, 2887-2909, https://doi.org/10.5194/essd-17-2887-2025",CC BY 4.0,,2019-09-02,record_date,single_visit,,,7.2929,0.000001,1,burned,0,FireALT 기여 자료(lastNm 열): Rocha,,ok,"기여자 Rocha; siteId Anaktuvuk River fire; plot 1개; 연중 방문 1회(8월 1일 이후 1회); msrType active; 식생 ; 영구동토 분포 C; 생태지역 Arctic foothills tundra; 화재 연도 2007, 화재 후 경과 연수 12; 원좌표 문자열 2개를 소수 4자리에서 묶음; v3 F4_direct 셀 486(ABoVE_AK)과 체비쇼프 0.0000° 로 0.01° 이내"
firealt_talucci2025,firealt_talucci2025_0698,Rocha Anaktuvuk River fire (burned),69.358040,-150.685305,2014,8,52.3,probe,direct_eos,20,United States,Alaska,"Talucci, A., Loranty, M., Holloway, J., Rogers, B., Alexander, H., et al. (2024) FireALT dataset: estimated active layer thickness for paired burned unburned sites measured from 2001-2023. NSF Arctic Data Center. https://doi.org/10.18739/A2RN3092P. 자료 논문: Talucci, A. C., et al. (2025) Permafrost-wildfire interactions: active layer thickness estimates for paired burned and unburned sites in northern high latitudes. Earth System Science Data 17, 2887-2909, https://doi.org/10.5194/essd-17-2887-2025",CC BY 4.0,,2014-08-31,record_date,single_visit,,,7.6441,0.00001,1,burned,0,FireALT 기여 자료(lastNm 열): Rocha,,ok,"기여자 Rocha; siteId Anaktuvuk River fire; plot 1개; 연중 방문 1회(8월 1일 이후 1회); msrType active; 식생 ; 영구동토 분포 C; 생태지역 Arctic foothills tundra; 화재 연도 2007, 화재 후 경과 연수 7; 원좌표 문자열 2개를 소수 4자리에서 묶음; v3 F4_direct 셀 485(ABoVE_AK)과 체비쇼프 0.0000° 로 0.01° 이내"
firealt_talucci2025,firealt_talucci2025_0698,Rocha Anaktuvuk River fire (burned),69.358040,-150.685305,2019,9,73.25,probe,direct_eos,20,United States,Alaska,"Talucci, A., Loranty, M., Holloway, J., Rogers, B., Alexander, H., et al. (2024) FireALT dataset: estimated active layer thickness for paired burned unburned sites measured from 2001-2023. NSF Arctic Data Center. https://doi.org/10.18739/A2RN3092P. 자료 논문: Talucci, A. C., et al. (2025) Permafrost-wildfire interactions: active layer thickness estimates for paired burned and unburned sites in northern high latitudes. Earth System Science Data 17, 2887-2909, https://doi.org/10.5194/essd-17-2887-2025",CC BY 4.0,,2019-09-02,record_date,single_visit,,,11.1633,0.00001,1,burned,0,FireALT 기여 자료(lastNm 열): Rocha,,ok,"기여자 Rocha; siteId Anaktuvuk River fire; plot 1개; 연중 방문 1회(8월 1일 이후 1회); msrType active; 식생 ; 영구동토 분포 C; 생태지역 Arctic foothills tundra; 화재 연도 2007, 화재 후 경과 연수 12; 원좌표 문자열 2개를 소수 4자리에서 묶음; v3 F4_direct 셀 485(ABoVE_AK)과 체비쇼프 0.0000° 로 0.01° 이내"
firealt_talucci2025,firealt_talucci2025_0699,Rocha Anaktuvuk River fire (burned),69.364545,-150.596434,2014,8,53.1,probe,direct_eos,20,United States,Alaska,"Talucci, A., Loranty, M., Holloway, J., Rogers, B., Alexander, H., et al. (2024) FireALT dataset: estimated active layer thickness for paired burned unburned sites measured from 2001-2023. NSF Arctic Data Center. https://doi.org/10.18739/A2RN3092P. 자료 논문: Talucci, A. C., et al. (2025) Permafrost-wildfire interactions: active layer thickness estimates for paired burned and unburned sites in northern high latitudes. Earth System Science Data 17, 2887-2909, https://doi.org/10.5194/essd-17-2887-2025",CC BY 4.0,,2014-08-31,record_date,single_visit,,,14.7787,0.000001,1,burned,0,FireALT 기여 자료(lastNm 열): Rocha,,ok,"기여자 Rocha; siteId Anaktuvuk River fire; plot 1개; 연중 방문 1회(8월 1일 이후 1회); msrType active; 식생 ; 영구동토 분포 C; 생태지역 Arctic foothills tundra; 화재 연도 2007, 화재 후 경과 연수 7; v3 F4_direct 셀 484(ABoVE_AK)과 체비쇼프 0.0000° 로 0.01° 이내"
firealt_talucci2025,firealt_talucci2025_0700,Rocha Anaktuvuk River fire (burned),69.36455,-150.5964,2019,9,51.2,probe,direct_eos,20,United States,Alaska,"Talucci, A., Loranty, M., Holloway, J., Rogers, B., Alexander, H., et al. (2024) FireALT dataset: estimated active layer thickness for paired burned unburned sites measured from 2001-2023. NSF Arctic Data Center. https://doi.org/10.18739/A2RN3092P. 자료 논문: Talucci, A. C., et al. (2025) Permafrost-wildfire interactions: active layer thickness estimates for paired burned and unburned sites in northern high latitudes. Earth System Science Data 17, 2887-2909, https://doi.org/10.5194/essd-17-2887-2025",CC BY 4.0,,2019-09-02,record_date,single_visit,,,8.3389,0.0001,1,burned,0,FireALT 기여 자료(lastNm 열): Rocha,,ok,"기여자 Rocha; siteId Anaktuvuk River fire; plot 1개; 연중 방문 1회(8월 1일 이후 1회); msrType active; 식생 ; 영구동토 분포 C; 생태지역 Arctic foothills tundra; 화재 연도 2007, 화재 후 경과 연수 12; v3 F4_direct 셀 484(ABoVE_AK)과 체비쇼프 0.0000° 로 0.01° 이내"
firealt_talucci2025,firealt_talucci2025_0701,Rocha Anaktuvuk River fire (unburned),69.384468,-150.928392,2014,8,52.7,probe,direct_eos,20,United States,Alaska,"Talucci, A., Loranty, M., Holloway, J., Rogers, B., Alexander, H., et al. (2024) FireALT dataset: estimated active layer thickness for paired burned unburned sites measured from 2001-2023. NSF Arctic Data Center. https://doi.org/10.18739/A2RN3092P. 자료 논문: Talucci, A. C., et al. (2025) Permafrost-wildfire interactions: active layer thickness estimates for paired burned and unburned sites in northern high latitudes. Earth System Science Data 17, 2887-2909, https://doi.org/10.5194/essd-17-2887-2025",CC BY 4.0,,2014-08-31,record_date,single_visit,,,4.3782,0.000001,0,,0,FireALT 기여 자료(lastNm 열): Rocha,,ok,기여자 Rocha; siteId Anaktuvuk River fire; plot 1개; 연중 방문 1회(8월 1일 이후 1회); msrType active; 식생 ; 영구동토 분포 C; 생태지역 Arctic foothills tundra; 원좌표 문자열 2개를 소수 4자리에서 묶음; v3 F4_direct 셀 481(ABoVE_AK)과 체비쇼프 0.0000° 로 0.01° 이내
firealt_talucci2025,firealt_talucci2025_0701,Rocha Anaktuvuk River fire (unburned),69.384468,-150.928392,2019,9,61.75,probe,direct_eos,20,United States,Alaska,"Talucci, A., Loranty, M., Holloway, J., Rogers, B., Alexander, H., et al. (2024) FireALT dataset: estimated active layer thickness for paired burned unburned sites measured from 2001-2023. NSF Arctic Data Center. https://doi.org/10.18739/A2RN3092P. 자료 논문: Talucci, A. C., et al. (2025) Permafrost-wildfire interactions: active layer thickness estimates for paired burned and unburned sites in northern high latitudes. Earth System Science Data 17, 2887-2909, https://doi.org/10.5194/essd-17-2887-2025",CC BY 4.0,,2019-09-02,record_date,single_visit,,,6.7969,0.000001,0,,0,FireALT 기여 자료(lastNm 열): Rocha,,ok,기여자 Rocha; siteId Anaktuvuk River fire; plot 1개; 연중 방문 1회(8월 1일 이후 1회); msrType active; 식생 ; 영구동토 분포 C; 생태지역 Arctic foothills tundra; 원좌표 문자열 2개를 소수 4자리에서 묶음; v3 F4_direct 셀 481(ABoVE_AK)과 체비쇼프 0.0000° 로 0.01° 이내
firealt_talucci2025,firealt_talucci2025_0702,Rocha Anaktuvuk River fire (unburned),69.397452,-150.700209,2014,8,59.55,probe,direct_eos,20,United States,Alaska,"Talucci, A., Loranty, M., Holloway, J., Rogers, B., Alexander, H., et al. (2024) FireALT dataset: estimated active layer thickness for paired burned unburned sites measured from 2001-2023. NSF Arctic Data Center. https://doi.org/10.18739/A2RN3092P. 자료 논문: Talucci, A. C., et al. (2025) Permafrost-wildfire interactions: active layer thickness estimates for paired burned and unburned sites in northern high latitudes. Earth System Science Data 17, 2887-2909, https://doi.org/10.5194/essd-17-2887-2025",CC BY 4.0,,2014-08-31,record_date,single_visit,,,6.194,0.000001,0,,0,FireALT 기여 자료(lastNm 열): Rocha,,ok,기여자 Rocha; siteId Anaktuvuk River fire; plot 1개; 연중 방문 1회(8월 1일 이후 1회); msrType active; 식생 ; 영구동토 분포 C; 생태지역 Arctic foothills tundra; 원좌표 문자열 2개를 소수 4자리에서 묶음; v3 F4_direct 셀 483(ABoVE_AK)과 체비쇼프 0.0000° 로 0.01° 이내
firealt_talucci2025,firealt_talucci2025_0702,Rocha Anaktuvuk River fire (unburned),69.397452,-150.700209,2019,9,66.6,probe,direct_eos,20,United States,Alaska,"Talucci, A., Loranty, M., Holloway, J., Rogers, B., Alexander, H., et al. (2024) FireALT dataset: estimated active layer thickness for paired burned unburned sites measured from 2001-2023. NSF Arctic Data Center. https://doi.org/10.18739/A2RN3092P. 자료 논문: Talucci, A. C., et al. (2025) Permafrost-wildfire interactions: active layer thickness estimates for paired burned and unburned sites in northern high latitudes. Earth System Science Data 17, 2887-2909, https://doi.org/10.5194/essd-17-2887-2025",CC BY 4.0,,2019-09-02,record_date,single_visit,,,5.5098,0.000001,0,,0,FireALT 기여 자료(lastNm 열): Rocha,,ok,기여자 Rocha; siteId Anaktuvuk River fire; plot 1개; 연중 방문 1회(8월 1일 이후 1회); msrType active; 식생 ; 영구동토 분포 C; 생태지역 Arctic foothills tundra; 원좌표 문자열 2개를 소수 4자리에서 묶음; v3 F4_direct 셀 483(ABoVE_AK)과 체비쇼프 0.0000° 로 0.01° 이내
firealt_talucci2025,firealt_talucci2025_0703,Rocha Anaktuvuk River fire (burned),69.429721,-150.873212,2014,8,50.55,probe,direct_eos,20,United States,Alaska,"Talucci, A., Loranty, M., Holloway, J., Rogers, B., Alexander, H., et al. (2024) FireALT dataset: estimated active layer thickness for paired burned unburned sites measured from 2001-2023. NSF Arctic Data Center. https://doi.org/10.18739/A2RN3092P. 자료 논문: Talucci, A. C., et al. (2025) Permafrost-wildfire interactions: active layer thickness estimates for paired burned and unburned sites in northern high latitudes. Earth System Science Data 17, 2887-2909, https://doi.org/10.5194/essd-17-2887-2025",CC BY 4.0,,2014-08-31,record_date,single_visit,,,9.7467,0.000001,1,burned,0,FireALT 기여 자료(lastNm 열): Rocha,,ok,"기여자 Rocha; siteId Anaktuvuk River fire; plot 1개; 연중 방문 1회(8월 1일 이후 1회); msrType active; 식생 ; 영구동토 분포 C; 생태지역 Arctic foothills tundra; 화재 연도 2007, 화재 후 경과 연수 7; 원좌표 문자열 2개를 소수 4자리에서 묶음; v3 F4_direct 셀 482(ABoVE_AK)과 체비쇼프 0.0000° 로 0.01° 이내"
firealt_talucci2025,firealt_talucci2025_0703,Rocha Anaktuvuk River fire (burned),69.429721,-150.873212,2019,9,55.55,probe,direct_eos,20,United States,Alaska,"Talucci, A., Loranty, M., Holloway, J., Rogers, B., Alexander, H., et al. (2024) FireALT dataset: estimated active layer thickness for paired burned unburned sites measured from 2001-2023. NSF Arctic Data Center. https://doi.org/10.18739/A2RN3092P. 자료 논문: Talucci, A. C., et al. (2025) Permafrost-wildfire interactions: active layer thickness estimates for paired burned and unburned sites in northern high latitudes. Earth System Science Data 17, 2887-2909, https://doi.org/10.5194/essd-17-2887-2025",CC BY 4.0,,2019-09-02,record_date,single_visit,,,9.1965,0.000001,1,burned,0,FireALT 기여 자료(lastNm 열): Rocha,,ok,"기여자 Rocha; siteId Anaktuvuk River fire; plot 1개; 연중 방문 1회(8월 1일 이후 1회); msrType active; 식생 ; 영구동토 분포 C; 생태지역 Arctic foothills tundra; 화재 연도 2007, 화재 후 경과 연수 12; 원좌표 문자열 2개를 소수 4자리에서 묶음; v3 F4_direct 셀 482(ABoVE_AK)과 체비쇼프 0.0000° 로 0.01° 이내"
firealt_talucci2025,firealt_talucci2025_0704,Rocha Kokolik Unburned (unburned),69.5304,-161.753,2013,9,55.7375,probe,direct_eos,80,United States,Alaska,"Talucci, A., Loranty, M., Holloway, J., Rogers, B., Alexander, H., et al. (2024) FireALT dataset: estimated active layer thickness for paired burned unburned sites measured from 2001-2023. NSF Arctic Data Center. https://doi.org/10.18739/A2RN3092P. 자료 논문: Talucci, A. C., et al. (2025) Permafrost-wildfire interactions: active layer thickness estimates for paired burned and unburned sites in northern high latitudes. Earth System Science Data 17, 2887-2909, https://doi.org/10.5194/essd-17-2887-2025",CC BY 4.0,,2013-09-02,record_date,single_visit,,,14.695,0.001,0,,0,FireALT 기여 자료(lastNm 열): Rocha,,ok,기여자 Rocha; siteId Kokolik Unburned; plot 1개; 연중 방문 1회(8월 1일 이후 1회); msrType active; 식생 GT; 영구동토 분포 C; 생태지역 Arctic foothills tundra
firealt_talucci2025,firealt_talucci2025_0705,Rocha Kokolik Burned (burned),69.53107,-161.826,2013,9,42.3,probe,direct_eos,80,United States,Alaska,"Talucci, A., Loranty, M., Holloway, J., Rogers, B., Alexander, H., et al. (2024) FireALT dataset: estimated active layer thickness for paired burned unburned sites measured from 2001-2023. NSF Arctic Data Center. https://doi.org/10.18739/A2RN3092P. 자료 논문: Talucci, A. C., et al. (2025) Permafrost-wildfire interactions: active layer thickness estimates for paired burned and unburned sites in northern high latitudes. Earth System Science Data 17, 2887-2909, https://doi.org/10.5194/essd-17-2887-2025",CC BY 4.0,,2013-09-02,record_date,single_visit,,,8.435,0.001,1,burned,0,FireALT 기여 자료(lastNm 열): Rocha,,ok,"기여자 Rocha; siteId Kokolik Burned; plot 1개; 연중 방문 1회(8월 1일 이후 1회); msrType active; 식생 P; 영구동토 분포 C; 생태지역 Arctic foothills tundra; 화재 연도 1977, 화재 후 경과 연수 36"
firealt_talucci2025,firealt_talucci2025_0706,Rocha Jones Old Burn (burned),69.91481,-159.532,2014,8,38.575,probe,direct_eos,40,United States,Alaska,"Talucci, A., Loranty, M., Holloway, J., Rogers, B., Alexander, H., et al. (2024) FireALT dataset: estimated active layer thickness for paired burned unburned sites measured from 2001-2023. NSF Arctic Data Center. https://doi.org/10.18739/A2RN3092P. 자료 논문: Talucci, A. C., et al. (2025) Permafrost-wildfire interactions: active layer thickness estimates for paired burned and unburned sites in northern high latitudes. Earth System Science Data 17, 2887-2909, https://doi.org/10.5194/essd-17-2887-2025",CC BY 4.0,,2014-08-27,record_date,annual_value,,,6.6598,0.001,1,burned,0,FireALT 기여 자료(lastNm 열): Rocha,,ok,"기여자 Rocha; siteId Jones Old Burn; plot 1개; 연중 방문 2회(8월 1일 이후 1회); msrType thaw; 식생 P; 영구동토 분포 C; 생태지역 Arctic foothills tundra; 화재 연도 1900, 화재 후 경과 연수 114"
firealt_talucci2025,firealt_talucci2025_0707,Rocha Jones Old Burn (burned),69.92933,-157.419,2014,8,42.075,probe,direct_eos,40,United States,Alaska,"Talucci, A., Loranty, M., Holloway, J., Rogers, B., Alexander, H., et al. (2024) FireALT dataset: estimated active layer thickness for paired burned unburned sites measured from 2001-2023. NSF Arctic Data Center. https://doi.org/10.18739/A2RN3092P. 자료 논문: Talucci, A. C., et al. (2025) Permafrost-wildfire interactions: active layer thickness estimates for paired burned and unburned sites in northern high latitudes. Earth System Science Data 17, 2887-2909, https://doi.org/10.5194/essd-17-2887-2025",CC BY 4.0,,2014-08-27,record_date,single_visit,,,6.8851,0.001,1,burned,0,FireALT 기여 자료(lastNm 열): Rocha,,ok,"기여자 Rocha; siteId Jones Old Burn; plot 1개; 연중 방문 1회(8월 1일 이후 1회); msrType thaw; 식생 P; 영구동토 분포 C; 생태지역 Arctic foothills tundra; 화재 연도 1900, 화재 후 경과 연수 114"
firealt_talucci2025,firealt_talucci2025_0708,Rocha DCKUN Unburned (unburned),69.94583,-158.858,2012,7,33.0125,probe,direct_dated,80,United States,Alaska,"Talucci, A., Loranty, M., Holloway, J., Rogers, B., Alexander, H., et al. (2024) FireALT dataset: estimated active layer thickness for paired burned unburned sites measured from 2001-2023. NSF Arctic Data Center. https://doi.org/10.18739/A2RN3092P. 자료 논문: Talucci, A. C., et al. (2025) Permafrost-wildfire interactions: active layer thickness estimates for paired burned and unburned sites in northern high latitudes. Earth System Science Data 17, 2887-2909, https://doi.org/10.5194/essd-17-2887-2025",CC BY 4.0,,2012-07-24,none,single_visit,,,6.2257,0.001,0,,0,FireALT 기여 자료(lastNm 열): Rocha,,ok,기여자 Rocha; siteId DCKUN Unburned; plot 1개; 연중 방문 1회(8월 1일 이후 0회); msrType active; 식생 GT; 영구동토 분포 C; 생태지역 Arctic foothills tundra
firealt_talucci2025,firealt_talucci2025_0709,Rocha Jones Old Burn (unburned),69.94794,-158.906,2014,8,41.075,probe,direct_eos,40,United States,Alaska,"Talucci, A., Loranty, M., Holloway, J., Rogers, B., Alexander, H., et al. (2024) FireALT dataset: estimated active layer thickness for paired burned unburned sites measured from 2001-2023. NSF Arctic Data Center. https://doi.org/10.18739/A2RN3092P. 자료 논문: Talucci, A. C., et al. (2025) Permafrost-wildfire interactions: active layer thickness estimates for paired burned and unburned sites in northern high latitudes. Earth System Science Data 17, 2887-2909, https://doi.org/10.5194/essd-17-2887-2025",CC BY 4.0,,2014-08-27,record_date,annual_value,,,4.4801,0.001,0,,0,FireALT 기여 자료(lastNm 열): Rocha,,ok,기여자 Rocha; siteId Jones Old Burn; plot 1개; 연중 방문 2회(8월 1일 이후 1회); msrType thaw; 식생 GT; 영구동토 분포 C; 생태지역 Arctic foothills tundra
firealt_talucci2025,firealt_talucci2025_0710,Rocha DCKN Burned (burned),69.95472,-159.049,2012,7,32.5063,probe,direct_dated,80,United States,Alaska,"Talucci, A., Loranty, M., Holloway, J., Rogers, B., Alexander, H., et al. (2024) FireALT dataset: estimated active layer thickness for paired burned unburned sites measured from 2001-2023. NSF Arctic Data Center. https://doi.org/10.18739/A2RN3092P. 자료 논문: Talucci, A. C., et al. (2025) Permafrost-wildfire interactions: active layer thickness estimates for paired burned and unburned sites in northern high latitudes. Earth System Science Data 17, 2887-2909, https://doi.org/10.5194/essd-17-2887-2025",CC BY 4.0,,2012-07-24,none,single_visit,,,5.7073,0.001,1,burned,0,FireALT 기여 자료(lastNm 열): Rocha,,ok,"기여자 Rocha; siteId DCKN Burned; plot 1개; 연중 방문 1회(8월 1일 이후 0회); msrType active; 식생 GT; 영구동토 분포 C; 생태지역 Arctic foothills tundra; 화재 연도 1993, 화재 후 경과 연수 19"
