src_id,site_id,site_name,lat,lon,year,month,alt_cm,method,label_def,n_obs,country,macro,citation,license,subunit,date,eos_basis,value_kind,year_min,year_max,alt_sd_cm,coord_prec_deg,disturbed,disturb_type,right_censored,orig_source,dup_of,qc_flag,notes
grl_ilulissat_scheer,ILU16001T,ILU16001T,69.24589,-51.04607,2020,,67,probe,direct_eos,1,Greenland,NAtlantic,"Scheer, Johanna; Caduff, Rafael; How, Penelope; Marcer, Marco; Strozzi, Tazio; Bartsch, Annett; Ingeman-Nielsen, Thomas (2024): Mapping the frost susceptibility of the ground from thaw-season InSAR surface displacements and extrapolated active layer thicknesses, Ilulissat, West-Greenland [dataset]. PANGAEA, https://doi.org/10.1594/PANGAEA.964306",CC-BY-4.0,Greenland,,dataset_statement,annual_value,,,,0.00001,,,0,,,ok,grp=borehole_ILU | src_comment=WTC and ALT_2016 measurements from drilling log information (08-2016) / Casing surrounded by pond and creek running close by / Between TSGT and BRSGT | florsurv_date=2020-09-03(식생 조사일)
grl_ilulissat_scheer,ILU16002T,ILU16002T,69.24645,-51.0462,2020,,68.6,probe,direct_eos,1,Greenland,NAtlantic,"Scheer, Johanna; Caduff, Rafael; How, Penelope; Marcer, Marco; Strozzi, Tazio; Bartsch, Annett; Ingeman-Nielsen, Thomas (2024): Mapping the frost susceptibility of the ground from thaw-season InSAR surface displacements and extrapolated active layer thicknesses, Ilulissat, West-Greenland [dataset]. PANGAEA, https://doi.org/10.1594/PANGAEA.964306",CC-BY-4.0,Greenland,,dataset_statement,annual_value,,,,0.00001,,,0,,,ok,grp=borehole_ILU | src_comment=PFT % estimated / WTC and ALT_2016 measurements from drilling log information (08-2016) / Switch to BRSGT eventually | florsurv_date=2020-09-03(식생 조사일)
grl_ilulissat_scheer,ILU16013T,ILU16013T,69.26154,-51.01941,2020,,85.6,probe,direct_eos,1,Greenland,NAtlantic,"Scheer, Johanna; Caduff, Rafael; How, Penelope; Marcer, Marco; Strozzi, Tazio; Bartsch, Annett; Ingeman-Nielsen, Thomas (2024): Mapping the frost susceptibility of the ground from thaw-season InSAR surface displacements and extrapolated active layer thicknesses, Ilulissat, West-Greenland [dataset]. PANGAEA, https://doi.org/10.1594/PANGAEA.964306",CC-BY-4.0,Greenland,,dataset_statement,annual_value,,,,0.00001,,,0,,,ok,grp=borehole_ILU | src_comment=PFT % estimated / WTC and ALT_2016 measurements from drilling log information (08-2016) / Ponds around casing at time of observation | florsurv_date=2020-09-03(식생 조사일)
grl_ilulissat_scheer,ILU16013T,ILU16013T,69.26154,-51.01941,2021,,107,probe,direct_eos,1,Greenland,NAtlantic,"Scheer, Johanna; Caduff, Rafael; How, Penelope; Marcer, Marco; Strozzi, Tazio; Bartsch, Annett; Ingeman-Nielsen, Thomas (2024): Mapping the frost susceptibility of the ground from thaw-season InSAR surface displacements and extrapolated active layer thicknesses, Ilulissat, West-Greenland [dataset]. PANGAEA, https://doi.org/10.1594/PANGAEA.964306",CC-BY-4.0,Greenland,,dataset_statement,annual_value,,,,0.00001,,,0,,,ok,grp=borehole_ILU | 값이 절단 표기 행의 값과 같다. 절단 여부는 확인하지 못했다 | src_comment=PFT % estimated / WTC and ALT_2016 measurements from drilling log information (08-2016) / Ponds around casing at time of observation | florsurv_date=2020-09-03(식생 조사일)
grl_ilulissat_scheer,ILU16015T,ILU16015T,69.26045,-51.02401,2020,,90,probe,direct_eos,1,Greenland,NAtlantic,"Scheer, Johanna; Caduff, Rafael; How, Penelope; Marcer, Marco; Strozzi, Tazio; Bartsch, Annett; Ingeman-Nielsen, Thomas (2024): Mapping the frost susceptibility of the ground from thaw-season InSAR surface displacements and extrapolated active layer thicknesses, Ilulissat, West-Greenland [dataset]. PANGAEA, https://doi.org/10.1594/PANGAEA.964306",CC-BY-4.0,Greenland,,dataset_statement,annual_value,,,,0.00001,,,0,,,ok,grp=borehole_ILU | src_comment=PFT % estimated / WTC and ALT_2016 measurements from drilling log information (08-2016) / Ponds around casing at time of observation | florsurv_date=2020-09-03(식생 조사일)
grl_ilulissat_scheer,ILU16019T,ILU16019T,69.26307,-51.02346,2020,,85.8,probe,direct_eos,1,Greenland,NAtlantic,"Scheer, Johanna; Caduff, Rafael; How, Penelope; Marcer, Marco; Strozzi, Tazio; Bartsch, Annett; Ingeman-Nielsen, Thomas (2024): Mapping the frost susceptibility of the ground from thaw-season InSAR surface displacements and extrapolated active layer thicknesses, Ilulissat, West-Greenland [dataset]. PANGAEA, https://doi.org/10.1594/PANGAEA.964306",CC-BY-4.0,Greenland,,dataset_statement,annual_value,,,,0.00001,,,0,,,ok,grp=borehole_ILU | src_comment=WTC and ALT_2016 measurements from drilling log information (08-2016) / Ponds in the surroundings | florsurv_date=2020-09-03(식생 조사일)
grl_ilulissat_scheer,ILU16019T,ILU16019T,69.26307,-51.02346,2021,,85,probe,direct_eos,1,Greenland,NAtlantic,"Scheer, Johanna; Caduff, Rafael; How, Penelope; Marcer, Marco; Strozzi, Tazio; Bartsch, Annett; Ingeman-Nielsen, Thomas (2024): Mapping the frost susceptibility of the ground from thaw-season InSAR surface displacements and extrapolated active layer thicknesses, Ilulissat, West-Greenland [dataset]. PANGAEA, https://doi.org/10.1594/PANGAEA.964306",CC-BY-4.0,Greenland,,dataset_statement,annual_value,,,,0.00001,,,0,,,ok,grp=borehole_ILU | src_comment=WTC and ALT_2016 measurements from drilling log information (08-2016) / Ponds in the surroundings | florsurv_date=2020-09-03(식생 조사일)
grl_ilulissat_scheer,ILU16022T,ILU16022T,69.25336,-51.04399,2020,,64.6,probe,direct_eos,1,Greenland,NAtlantic,"Scheer, Johanna; Caduff, Rafael; How, Penelope; Marcer, Marco; Strozzi, Tazio; Bartsch, Annett; Ingeman-Nielsen, Thomas (2024): Mapping the frost susceptibility of the ground from thaw-season InSAR surface displacements and extrapolated active layer thicknesses, Ilulissat, West-Greenland [dataset]. PANGAEA, https://doi.org/10.1594/PANGAEA.964306",CC-BY-4.0,Greenland,,dataset_statement,annual_value,,,,0.00001,,,0,,,ok,grp=borehole_ILU | src_comment=PFT % estimated / WTC and ALT_2016 measurements from drilling log information (08-2016) / Ponds in the surroundings / Could also be defined as BLDST | florsurv_date=2020-09-03(식생 조사일)
grl_ilulissat_scheer,ILU2018-03,ILU2018-03,69.21433,-51.1066,2020,,47.6,probe,direct_eos,1,Greenland,NAtlantic,"Scheer, Johanna; Caduff, Rafael; How, Penelope; Marcer, Marco; Strozzi, Tazio; Bartsch, Annett; Ingeman-Nielsen, Thomas (2024): Mapping the frost susceptibility of the ground from thaw-season InSAR surface displacements and extrapolated active layer thicknesses, Ilulissat, West-Greenland [dataset]. PANGAEA, https://doi.org/10.1594/PANGAEA.964306",CC-BY-4.0,Greenland,,dataset_statement,annual_value,,,,0.00001,,,0,,,ok,grp=borehole_ILU | src_comment=PFT % estimated / ALT_2018 from drilling log information (08-2018) | florsurv_date=2020-09-01(식생 조사일)
grl_ilulissat_scheer,ILU2018-03,ILU2018-03,69.21433,-51.1066,2021,,61,probe,direct_eos,1,Greenland,NAtlantic,"Scheer, Johanna; Caduff, Rafael; How, Penelope; Marcer, Marco; Strozzi, Tazio; Bartsch, Annett; Ingeman-Nielsen, Thomas (2024): Mapping the frost susceptibility of the ground from thaw-season InSAR surface displacements and extrapolated active layer thicknesses, Ilulissat, West-Greenland [dataset]. PANGAEA, https://doi.org/10.1594/PANGAEA.964306",CC-BY-4.0,Greenland,,dataset_statement,annual_value,,,,0.00001,,,0,,,ok,grp=borehole_ILU | src_comment=PFT % estimated / ALT_2018 from drilling log information (08-2018) | florsurv_date=2020-09-01(식생 조사일)
grl_ilulissat_scheer,ILU2018-04,ILU2018-04,69.23897,-51.06228,2020,,68.2,probe,direct_eos,1,Greenland,NAtlantic,"Scheer, Johanna; Caduff, Rafael; How, Penelope; Marcer, Marco; Strozzi, Tazio; Bartsch, Annett; Ingeman-Nielsen, Thomas (2024): Mapping the frost susceptibility of the ground from thaw-season InSAR surface displacements and extrapolated active layer thicknesses, Ilulissat, West-Greenland [dataset]. PANGAEA, https://doi.org/10.1594/PANGAEA.964306",CC-BY-4.0,Greenland,,dataset_statement,annual_value,,,,0.00001,,,0,,,ok,grp=borehole_ILU | 좌표가 ERT_station 와 같고 값은 다르다 | src_comment=PFT % estimated / ALT_2018 from drilling log information (08-2018) | florsurv_date=2020-09-03(식생 조사일)
grl_ilulissat_scheer,ILU2018-04,ILU2018-04,69.23897,-51.06228,2021,,82,probe,direct_eos,1,Greenland,NAtlantic,"Scheer, Johanna; Caduff, Rafael; How, Penelope; Marcer, Marco; Strozzi, Tazio; Bartsch, Annett; Ingeman-Nielsen, Thomas (2024): Mapping the frost susceptibility of the ground from thaw-season InSAR surface displacements and extrapolated active layer thicknesses, Ilulissat, West-Greenland [dataset]. PANGAEA, https://doi.org/10.1594/PANGAEA.964306",CC-BY-4.0,Greenland,,dataset_statement,annual_value,,,,0.00001,,,0,,,ok,grp=borehole_ILU | 좌표가 ERT_station 와 같고 값은 다르다 | src_comment=PFT % estimated / ALT_2018 from drilling log information (08-2018) | florsurv_date=2020-09-03(식생 조사일)
grl_ilulissat_scheer,CALM_station,CALM_station,69.21937,-51.05506,2020,,44.5,probe,direct_eos,1,Greenland,NAtlantic,"Scheer, Johanna; Caduff, Rafael; How, Penelope; Marcer, Marco; Strozzi, Tazio; Bartsch, Annett; Ingeman-Nielsen, Thomas (2024): Mapping the frost susceptibility of the ground from thaw-season InSAR surface displacements and extrapolated active layer thicknesses, Ilulissat, West-Greenland [dataset]. PANGAEA, https://doi.org/10.1594/PANGAEA.964306",CC-BY-4.0,Greenland,,dataset_statement,annual_value,,,,0.00001,,,0,,,ok,grp=other | florsurv_date=2020-09-09(식생 조사일)
grl_ilulissat_scheer,ERT_station,ERT_station,69.23897,-51.06228,2020,,90.33,probe,direct_eos,1,Greenland,NAtlantic,"Scheer, Johanna; Caduff, Rafael; How, Penelope; Marcer, Marco; Strozzi, Tazio; Bartsch, Annett; Ingeman-Nielsen, Thomas (2024): Mapping the frost susceptibility of the ground from thaw-season InSAR surface displacements and extrapolated active layer thicknesses, Ilulissat, West-Greenland [dataset]. PANGAEA, https://doi.org/10.1594/PANGAEA.964306",CC-BY-4.0,Greenland,,dataset_statement,annual_value,,,,0.00001,,,0,,,ok,grp=other | 좌표가 ILU2018-04 와 같고 값은 다르다 | src_comment=PFT % cover was estimated | florsurv_date=2020-09-11(식생 조사일)
grl_ilulissat_scheer,Q50_01,Q50_01,69.21403,-51.06457,2021,,40.67,probe,direct_eos,1,Greenland,NAtlantic,"Scheer, Johanna; Caduff, Rafael; How, Penelope; Marcer, Marco; Strozzi, Tazio; Bartsch, Annett; Ingeman-Nielsen, Thomas (2024): Mapping the frost susceptibility of the ground from thaw-season InSAR surface displacements and extrapolated active layer thicknesses, Ilulissat, West-Greenland [dataset]. PANGAEA, https://doi.org/10.1594/PANGAEA.964306",CC-BY-4.0,Greenland,,dataset_statement,annual_value,,,,0.00001,,,0,,,ok,grp=Q50 | florsurv_date=2021-09-22(식생 조사일)
grl_ilulissat_scheer,Q50_02,Q50_02,69.21484,-51.06334,2021,,43,probe,direct_eos,1,Greenland,NAtlantic,"Scheer, Johanna; Caduff, Rafael; How, Penelope; Marcer, Marco; Strozzi, Tazio; Bartsch, Annett; Ingeman-Nielsen, Thomas (2024): Mapping the frost susceptibility of the ground from thaw-season InSAR surface displacements and extrapolated active layer thicknesses, Ilulissat, West-Greenland [dataset]. PANGAEA, https://doi.org/10.1594/PANGAEA.964306",CC-BY-4.0,Greenland,,dataset_statement,annual_value,,,,0.00001,,,0,,,ok,"grp=Q50 | src_comment=Between BRSGT, BLDST and BSBFB | florsurv_date=2021-09-22(식생 조사일)"
grl_ilulissat_scheer,Q50_04,Q50_04,69.2149,-51.06746,2021,,85.33,probe,direct_eos,1,Greenland,NAtlantic,"Scheer, Johanna; Caduff, Rafael; How, Penelope; Marcer, Marco; Strozzi, Tazio; Bartsch, Annett; Ingeman-Nielsen, Thomas (2024): Mapping the frost susceptibility of the ground from thaw-season InSAR surface displacements and extrapolated active layer thicknesses, Ilulissat, West-Greenland [dataset]. PANGAEA, https://doi.org/10.1594/PANGAEA.964306",CC-BY-4.0,Greenland,,dataset_statement,annual_value,,,,0.00001,,,0,,,ok,grp=Q50 | src_comment=Could also be classified as LBFB | florsurv_date=2021-09-22(식생 조사일)
grl_ilulissat_scheer,Q50_05,Q50_05,69.2149,-51.06666,2021,,73.33,probe,direct_eos,1,Greenland,NAtlantic,"Scheer, Johanna; Caduff, Rafael; How, Penelope; Marcer, Marco; Strozzi, Tazio; Bartsch, Annett; Ingeman-Nielsen, Thomas (2024): Mapping the frost susceptibility of the ground from thaw-season InSAR surface displacements and extrapolated active layer thicknesses, Ilulissat, West-Greenland [dataset]. PANGAEA, https://doi.org/10.1594/PANGAEA.964306",CC-BY-4.0,Greenland,,dataset_statement,annual_value,,,,0.00001,,,0,,,ok,grp=Q50 | florsurv_date=2021-09-22(식생 조사일)
grl_ilulissat_scheer,Q50_06,Q50_06,69.21495,-51.06573,2021,,74.67,probe,direct_eos,1,Greenland,NAtlantic,"Scheer, Johanna; Caduff, Rafael; How, Penelope; Marcer, Marco; Strozzi, Tazio; Bartsch, Annett; Ingeman-Nielsen, Thomas (2024): Mapping the frost susceptibility of the ground from thaw-season InSAR surface displacements and extrapolated active layer thicknesses, Ilulissat, West-Greenland [dataset]. PANGAEA, https://doi.org/10.1594/PANGAEA.964306",CC-BY-4.0,Greenland,,dataset_statement,annual_value,,,,0.00001,,,0,,,ok,grp=Q50 | florsurv_date=2021-09-22(식생 조사일)
grl_ilulissat_scheer,Q50_07,Q50_07,69.21493,-51.06544,2021,,36.33,probe,direct_eos,1,Greenland,NAtlantic,"Scheer, Johanna; Caduff, Rafael; How, Penelope; Marcer, Marco; Strozzi, Tazio; Bartsch, Annett; Ingeman-Nielsen, Thomas (2024): Mapping the frost susceptibility of the ground from thaw-season InSAR surface displacements and extrapolated active layer thicknesses, Ilulissat, West-Greenland [dataset]. PANGAEA, https://doi.org/10.1594/PANGAEA.964306",CC-BY-4.0,Greenland,,dataset_statement,annual_value,,,,0.00001,,,0,,,ok,grp=Q50 | src_comment=Complicated landscape and vegetation patterns | florsurv_date=2021-09-22(식생 조사일)
grl_ilulissat_scheer,Q50_08,Q50_08,69.21495,-51.0645,2021,,35,probe,direct_eos,1,Greenland,NAtlantic,"Scheer, Johanna; Caduff, Rafael; How, Penelope; Marcer, Marco; Strozzi, Tazio; Bartsch, Annett; Ingeman-Nielsen, Thomas (2024): Mapping the frost susceptibility of the ground from thaw-season InSAR surface displacements and extrapolated active layer thicknesses, Ilulissat, West-Greenland [dataset]. PANGAEA, https://doi.org/10.1594/PANGAEA.964306",CC-BY-4.0,Greenland,,dataset_statement,annual_value,,,,0.00001,,,0,,,ok,grp=Q50 | src_comment=Complicated landscape and vegetation patterns | florsurv_date=2021-09-22(식생 조사일)
grl_ilulissat_scheer,A,A,69.21489,-51.06733,2021,,78,probe,direct_eos,1,Greenland,NAtlantic,"Scheer, Johanna; Caduff, Rafael; How, Penelope; Marcer, Marco; Strozzi, Tazio; Bartsch, Annett; Ingeman-Nielsen, Thomas (2024): Mapping the frost susceptibility of the ground from thaw-season InSAR surface displacements and extrapolated active layer thicknesses, Ilulissat, West-Greenland [dataset]. PANGAEA, https://doi.org/10.1594/PANGAEA.964306",CC-BY-4.0,Greenland,,dataset_statement,annual_value,,,,0.00001,,,0,,,ok,grp=letter | florsurv_date=2021-09-22(식생 조사일)
grl_ilulissat_scheer,B,B,69.2149,-51.06718,2021,,84,probe,direct_eos,1,Greenland,NAtlantic,"Scheer, Johanna; Caduff, Rafael; How, Penelope; Marcer, Marco; Strozzi, Tazio; Bartsch, Annett; Ingeman-Nielsen, Thomas (2024): Mapping the frost susceptibility of the ground from thaw-season InSAR surface displacements and extrapolated active layer thicknesses, Ilulissat, West-Greenland [dataset]. PANGAEA, https://doi.org/10.1594/PANGAEA.964306",CC-BY-4.0,Greenland,,dataset_statement,annual_value,,,,0.00001,,,0,,,ok,grp=letter | florsurv_date=2021-09-22(식생 조사일)
grl_ilulissat_scheer,C,C,69.21489,-51.06703,2021,,80,probe,direct_eos,1,Greenland,NAtlantic,"Scheer, Johanna; Caduff, Rafael; How, Penelope; Marcer, Marco; Strozzi, Tazio; Bartsch, Annett; Ingeman-Nielsen, Thomas (2024): Mapping the frost susceptibility of the ground from thaw-season InSAR surface displacements and extrapolated active layer thicknesses, Ilulissat, West-Greenland [dataset]. PANGAEA, https://doi.org/10.1594/PANGAEA.964306",CC-BY-4.0,Greenland,,dataset_statement,annual_value,,,,0.00001,,,0,,,ok,grp=letter | florsurv_date=2021-09-22(식생 조사일)
grl_ilulissat_scheer,D,D,69.21489,-51.06686,2021,,65,probe,direct_eos,1,Greenland,NAtlantic,"Scheer, Johanna; Caduff, Rafael; How, Penelope; Marcer, Marco; Strozzi, Tazio; Bartsch, Annett; Ingeman-Nielsen, Thomas (2024): Mapping the frost susceptibility of the ground from thaw-season InSAR surface displacements and extrapolated active layer thicknesses, Ilulissat, West-Greenland [dataset]. PANGAEA, https://doi.org/10.1594/PANGAEA.964306",CC-BY-4.0,Greenland,,dataset_statement,annual_value,,,,0.00001,,,0,,,ok,grp=letter | florsurv_date=2021-09-22(식생 조사일)
grl_ilulissat_scheer,E,E,69.21492,-51.06653,2021,,48,probe,direct_eos,1,Greenland,NAtlantic,"Scheer, Johanna; Caduff, Rafael; How, Penelope; Marcer, Marco; Strozzi, Tazio; Bartsch, Annett; Ingeman-Nielsen, Thomas (2024): Mapping the frost susceptibility of the ground from thaw-season InSAR surface displacements and extrapolated active layer thicknesses, Ilulissat, West-Greenland [dataset]. PANGAEA, https://doi.org/10.1594/PANGAEA.964306",CC-BY-4.0,Greenland,,dataset_statement,annual_value,,,,0.00001,,,0,,,ok,grp=letter | florsurv_date=2021-09-22(식생 조사일)
grl_ilulissat_scheer,F,F,69.21493,-51.06637,2021,,49,probe,direct_eos,1,Greenland,NAtlantic,"Scheer, Johanna; Caduff, Rafael; How, Penelope; Marcer, Marco; Strozzi, Tazio; Bartsch, Annett; Ingeman-Nielsen, Thomas (2024): Mapping the frost susceptibility of the ground from thaw-season InSAR surface displacements and extrapolated active layer thicknesses, Ilulissat, West-Greenland [dataset]. PANGAEA, https://doi.org/10.1594/PANGAEA.964306",CC-BY-4.0,Greenland,,dataset_statement,annual_value,,,,0.00001,,,0,,,ok,grp=letter | florsurv_date=2021-09-22(식생 조사일)
grl_ilulissat_scheer,G,G,69.21494,-51.06619,2021,,41,probe,direct_eos,1,Greenland,NAtlantic,"Scheer, Johanna; Caduff, Rafael; How, Penelope; Marcer, Marco; Strozzi, Tazio; Bartsch, Annett; Ingeman-Nielsen, Thomas (2024): Mapping the frost susceptibility of the ground from thaw-season InSAR surface displacements and extrapolated active layer thicknesses, Ilulissat, West-Greenland [dataset]. PANGAEA, https://doi.org/10.1594/PANGAEA.964306",CC-BY-4.0,Greenland,,dataset_statement,annual_value,,,,0.00001,,,0,,,ok,grp=letter | florsurv_date=2021-09-22(식생 조사일)
grl_ilulissat_scheer,H,H,69.21495,-51.06605,2021,,53,probe,direct_eos,1,Greenland,NAtlantic,"Scheer, Johanna; Caduff, Rafael; How, Penelope; Marcer, Marco; Strozzi, Tazio; Bartsch, Annett; Ingeman-Nielsen, Thomas (2024): Mapping the frost susceptibility of the ground from thaw-season InSAR surface displacements and extrapolated active layer thicknesses, Ilulissat, West-Greenland [dataset]. PANGAEA, https://doi.org/10.1594/PANGAEA.964306",CC-BY-4.0,Greenland,,dataset_statement,annual_value,,,,0.00001,,,0,,,ok,grp=letter | florsurv_date=2021-09-22(식생 조사일)
grl_ilulissat_scheer,I,I,69.21495,-51.06591,2021,,37,probe,direct_eos,1,Greenland,NAtlantic,"Scheer, Johanna; Caduff, Rafael; How, Penelope; Marcer, Marco; Strozzi, Tazio; Bartsch, Annett; Ingeman-Nielsen, Thomas (2024): Mapping the frost susceptibility of the ground from thaw-season InSAR surface displacements and extrapolated active layer thicknesses, Ilulissat, West-Greenland [dataset]. PANGAEA, https://doi.org/10.1594/PANGAEA.964306",CC-BY-4.0,Greenland,,dataset_statement,annual_value,,,,0.00001,,,0,,,ok,grp=letter | florsurv_date=2021-09-22(식생 조사일)
grl_ilulissat_scheer,J,J,69.21496,-51.06556,2021,,41,probe,direct_eos,1,Greenland,NAtlantic,"Scheer, Johanna; Caduff, Rafael; How, Penelope; Marcer, Marco; Strozzi, Tazio; Bartsch, Annett; Ingeman-Nielsen, Thomas (2024): Mapping the frost susceptibility of the ground from thaw-season InSAR surface displacements and extrapolated active layer thicknesses, Ilulissat, West-Greenland [dataset]. PANGAEA, https://doi.org/10.1594/PANGAEA.964306",CC-BY-4.0,Greenland,,dataset_statement,annual_value,,,,0.00001,,,0,,,ok,grp=letter | src_comment=Complicated landscape and vegetation patterns | florsurv_date=2021-09-22(식생 조사일)
grl_ilulissat_scheer,K,K,69.21494,-51.06528,2021,,78,probe,direct_eos,1,Greenland,NAtlantic,"Scheer, Johanna; Caduff, Rafael; How, Penelope; Marcer, Marco; Strozzi, Tazio; Bartsch, Annett; Ingeman-Nielsen, Thomas (2024): Mapping the frost susceptibility of the ground from thaw-season InSAR surface displacements and extrapolated active layer thicknesses, Ilulissat, West-Greenland [dataset]. PANGAEA, https://doi.org/10.1594/PANGAEA.964306",CC-BY-4.0,Greenland,,dataset_statement,annual_value,,,,0.00001,,,0,,,ok,grp=letter | florsurv_date=2021-09-22(식생 조사일)
grl_ilulissat_scheer,L,L,69.21496,-51.06516,2021,,73,probe,direct_eos,1,Greenland,NAtlantic,"Scheer, Johanna; Caduff, Rafael; How, Penelope; Marcer, Marco; Strozzi, Tazio; Bartsch, Annett; Ingeman-Nielsen, Thomas (2024): Mapping the frost susceptibility of the ground from thaw-season InSAR surface displacements and extrapolated active layer thicknesses, Ilulissat, West-Greenland [dataset]. PANGAEA, https://doi.org/10.1594/PANGAEA.964306",CC-BY-4.0,Greenland,,dataset_statement,annual_value,,,,0.00001,,,0,,,ok,grp=letter | florsurv_date=2021-09-22(식생 조사일)
grl_ilulissat_scheer,M,M,69.21496,-51.06498,2021,,83,probe,direct_eos,1,Greenland,NAtlantic,"Scheer, Johanna; Caduff, Rafael; How, Penelope; Marcer, Marco; Strozzi, Tazio; Bartsch, Annett; Ingeman-Nielsen, Thomas (2024): Mapping the frost susceptibility of the ground from thaw-season InSAR surface displacements and extrapolated active layer thicknesses, Ilulissat, West-Greenland [dataset]. PANGAEA, https://doi.org/10.1594/PANGAEA.964306",CC-BY-4.0,Greenland,,dataset_statement,annual_value,,,,0.00001,,,0,,,ok,grp=letter | florsurv_date=2021-09-22(식생 조사일)
grl_ilulissat_scheer,N,N,69.21496,-51.06481,2021,,62,probe,direct_eos,1,Greenland,NAtlantic,"Scheer, Johanna; Caduff, Rafael; How, Penelope; Marcer, Marco; Strozzi, Tazio; Bartsch, Annett; Ingeman-Nielsen, Thomas (2024): Mapping the frost susceptibility of the ground from thaw-season InSAR surface displacements and extrapolated active layer thicknesses, Ilulissat, West-Greenland [dataset]. PANGAEA, https://doi.org/10.1594/PANGAEA.964306",CC-BY-4.0,Greenland,,dataset_statement,annual_value,,,,0.00001,,,0,,,ok,grp=letter | src_comment=Complicated landscape and vegetation patterns | florsurv_date=2021-09-22(식생 조사일)
grl_ilulissat_scheer,O,O,69.21496,-51.06466,2021,,34,probe,direct_eos,1,Greenland,NAtlantic,"Scheer, Johanna; Caduff, Rafael; How, Penelope; Marcer, Marco; Strozzi, Tazio; Bartsch, Annett; Ingeman-Nielsen, Thomas (2024): Mapping the frost susceptibility of the ground from thaw-season InSAR surface displacements and extrapolated active layer thicknesses, Ilulissat, West-Greenland [dataset]. PANGAEA, https://doi.org/10.1594/PANGAEA.964306",CC-BY-4.0,Greenland,,dataset_statement,annual_value,,,,0.00001,,,0,,,ok,grp=letter | src_comment=Complicated landscape and vegetation patterns | florsurv_date=2021-09-22(식생 조사일)
grl_ilulissat_scheer,P,P,69.21496,-51.06434,2021,,33,probe,direct_eos,1,Greenland,NAtlantic,"Scheer, Johanna; Caduff, Rafael; How, Penelope; Marcer, Marco; Strozzi, Tazio; Bartsch, Annett; Ingeman-Nielsen, Thomas (2024): Mapping the frost susceptibility of the ground from thaw-season InSAR surface displacements and extrapolated active layer thicknesses, Ilulissat, West-Greenland [dataset]. PANGAEA, https://doi.org/10.1594/PANGAEA.964306",CC-BY-4.0,Greenland,,dataset_statement,annual_value,,,,0.00001,,,0,,,ok,grp=letter | src_comment=Complicated landscape and vegetation patterns | florsurv_date=2021-09-22(식생 조사일)
grl_ilulissat_scheer,Q,Q,69.21496,-51.06418,2021,,34,probe,direct_eos,1,Greenland,NAtlantic,"Scheer, Johanna; Caduff, Rafael; How, Penelope; Marcer, Marco; Strozzi, Tazio; Bartsch, Annett; Ingeman-Nielsen, Thomas (2024): Mapping the frost susceptibility of the ground from thaw-season InSAR surface displacements and extrapolated active layer thicknesses, Ilulissat, West-Greenland [dataset]. PANGAEA, https://doi.org/10.1594/PANGAEA.964306",CC-BY-4.0,Greenland,,dataset_statement,annual_value,,,,0.00001,,,0,,,ok,grp=letter | src_comment=Complicated landscape and vegetation patterns | florsurv_date=2021-09-22(식생 조사일)
grl_ilulissat_scheer,R,R,69.21497,-51.06401,2021,,45,probe,direct_eos,1,Greenland,NAtlantic,"Scheer, Johanna; Caduff, Rafael; How, Penelope; Marcer, Marco; Strozzi, Tazio; Bartsch, Annett; Ingeman-Nielsen, Thomas (2024): Mapping the frost susceptibility of the ground from thaw-season InSAR surface displacements and extrapolated active layer thicknesses, Ilulissat, West-Greenland [dataset]. PANGAEA, https://doi.org/10.1594/PANGAEA.964306",CC-BY-4.0,Greenland,,dataset_statement,annual_value,,,,0.00001,,,0,,,ok,grp=letter | src_comment=Complicated landscape and vegetation patterns | florsurv_date=2021-09-22(식생 조사일)
grl_ilulissat_scheer,S,S,69.21497,-51.0639,2021,,93,probe,direct_eos,1,Greenland,NAtlantic,"Scheer, Johanna; Caduff, Rafael; How, Penelope; Marcer, Marco; Strozzi, Tazio; Bartsch, Annett; Ingeman-Nielsen, Thomas (2024): Mapping the frost susceptibility of the ground from thaw-season InSAR surface displacements and extrapolated active layer thicknesses, Ilulissat, West-Greenland [dataset]. PANGAEA, https://doi.org/10.1594/PANGAEA.964306",CC-BY-4.0,Greenland,,dataset_statement,annual_value,,,,0.00001,,,0,,,ok,grp=letter | florsurv_date=2021-09-22(식생 조사일)
grl_ilulissat_scheer,T,T,69.21496,-51.06374,2021,,42,probe,direct_eos,1,Greenland,NAtlantic,"Scheer, Johanna; Caduff, Rafael; How, Penelope; Marcer, Marco; Strozzi, Tazio; Bartsch, Annett; Ingeman-Nielsen, Thomas (2024): Mapping the frost susceptibility of the ground from thaw-season InSAR surface displacements and extrapolated active layer thicknesses, Ilulissat, West-Greenland [dataset]. PANGAEA, https://doi.org/10.1594/PANGAEA.964306",CC-BY-4.0,Greenland,,dataset_statement,annual_value,,,,0.00001,,,0,,,ok,"grp=letter | src_comment=Between BRSGT, BLDST and BSBFB | florsurv_date=2021-09-22(식생 조사일)"
grl_ilulissat_scheer,U,U,69.21497,-51.06363,2021,,52,probe,direct_eos,1,Greenland,NAtlantic,"Scheer, Johanna; Caduff, Rafael; How, Penelope; Marcer, Marco; Strozzi, Tazio; Bartsch, Annett; Ingeman-Nielsen, Thomas (2024): Mapping the frost susceptibility of the ground from thaw-season InSAR surface displacements and extrapolated active layer thicknesses, Ilulissat, West-Greenland [dataset]. PANGAEA, https://doi.org/10.1594/PANGAEA.964306",CC-BY-4.0,Greenland,,dataset_statement,annual_value,,,,0.00001,,,0,,,ok,"grp=letter | src_comment=Between BRSGT, BLDST and BSBFB | florsurv_date=2021-09-22(식생 조사일)"
grl_ilulissat_scheer,V,V,69.21498,-51.06341,2021,,43,probe,direct_eos,1,Greenland,NAtlantic,"Scheer, Johanna; Caduff, Rafael; How, Penelope; Marcer, Marco; Strozzi, Tazio; Bartsch, Annett; Ingeman-Nielsen, Thomas (2024): Mapping the frost susceptibility of the ground from thaw-season InSAR surface displacements and extrapolated active layer thicknesses, Ilulissat, West-Greenland [dataset]. PANGAEA, https://doi.org/10.1594/PANGAEA.964306",CC-BY-4.0,Greenland,,dataset_statement,annual_value,,,,0.00001,,,0,,,ok,"grp=letter | src_comment=Between BRSGT, BLDST and BSBFB | florsurv_date=2021-09-22(식생 조사일)"
grl_ilulissat_scheer,W,W,69.21497,-51.06327,2021,,42,probe,direct_eos,1,Greenland,NAtlantic,"Scheer, Johanna; Caduff, Rafael; How, Penelope; Marcer, Marco; Strozzi, Tazio; Bartsch, Annett; Ingeman-Nielsen, Thomas (2024): Mapping the frost susceptibility of the ground from thaw-season InSAR surface displacements and extrapolated active layer thicknesses, Ilulissat, West-Greenland [dataset]. PANGAEA, https://doi.org/10.1594/PANGAEA.964306",CC-BY-4.0,Greenland,,dataset_statement,annual_value,,,,0.00001,,,0,,,ok,"grp=letter | src_comment=Between BRSGT, BLDST and BSBFB | florsurv_date=2021-09-22(식생 조사일)"
grl_ilulissat_scheer,X,X,69.21498,-51.06308,2021,,60,probe,direct_eos,1,Greenland,NAtlantic,"Scheer, Johanna; Caduff, Rafael; How, Penelope; Marcer, Marco; Strozzi, Tazio; Bartsch, Annett; Ingeman-Nielsen, Thomas (2024): Mapping the frost susceptibility of the ground from thaw-season InSAR surface displacements and extrapolated active layer thicknesses, Ilulissat, West-Greenland [dataset]. PANGAEA, https://doi.org/10.1594/PANGAEA.964306",CC-BY-4.0,Greenland,,dataset_statement,annual_value,,,,0.00001,,,0,,,ok,grp=letter | florsurv_date=2021-09-22(식생 조사일)
grl_ilulissat_scheer,Q50_09,Q50_09,69.21738,-51.03379,2021,,43,probe,direct_eos,1,Greenland,NAtlantic,"Scheer, Johanna; Caduff, Rafael; How, Penelope; Marcer, Marco; Strozzi, Tazio; Bartsch, Annett; Ingeman-Nielsen, Thomas (2024): Mapping the frost susceptibility of the ground from thaw-season InSAR surface displacements and extrapolated active layer thicknesses, Ilulissat, West-Greenland [dataset]. PANGAEA, https://doi.org/10.1594/PANGAEA.964306",CC-BY-4.0,Greenland,,dataset_statement,annual_value,,,,0.00001,,,0,,,ok,grp=Q50 | florsurv_date=2021-09-22(식생 조사일)
grl_ilulissat_scheer,Q50_10,Q50_10,69.21713,-51.0338,2021,,92,probe,direct_eos,1,Greenland,NAtlantic,"Scheer, Johanna; Caduff, Rafael; How, Penelope; Marcer, Marco; Strozzi, Tazio; Bartsch, Annett; Ingeman-Nielsen, Thomas (2024): Mapping the frost susceptibility of the ground from thaw-season InSAR surface displacements and extrapolated active layer thicknesses, Ilulissat, West-Greenland [dataset]. PANGAEA, https://doi.org/10.1594/PANGAEA.964306",CC-BY-4.0,Greenland,,dataset_statement,annual_value,,,,0.00001,,,0,,,ok,grp=Q50 | florsurv_date=2021-09-22(식생 조사일)
grl_ilulissat_scheer,Q50_11,Q50_11,69.21671,-51.03466,2021,,75,probe,direct_eos,1,Greenland,NAtlantic,"Scheer, Johanna; Caduff, Rafael; How, Penelope; Marcer, Marco; Strozzi, Tazio; Bartsch, Annett; Ingeman-Nielsen, Thomas (2024): Mapping the frost susceptibility of the ground from thaw-season InSAR surface displacements and extrapolated active layer thicknesses, Ilulissat, West-Greenland [dataset]. PANGAEA, https://doi.org/10.1594/PANGAEA.964306",CC-BY-4.0,Greenland,,dataset_statement,annual_value,,,,0.00001,,,0,,,ok,grp=Q50 | florsurv_date=2021-09-22(식생 조사일)
grl_ilulissat_scheer,Q50_12,Q50_12,69.2163,-51.03511,2021,,46.33,probe,direct_eos,1,Greenland,NAtlantic,"Scheer, Johanna; Caduff, Rafael; How, Penelope; Marcer, Marco; Strozzi, Tazio; Bartsch, Annett; Ingeman-Nielsen, Thomas (2024): Mapping the frost susceptibility of the ground from thaw-season InSAR surface displacements and extrapolated active layer thicknesses, Ilulissat, West-Greenland [dataset]. PANGAEA, https://doi.org/10.1594/PANGAEA.964306",CC-BY-4.0,Greenland,,dataset_statement,annual_value,,,,0.00001,,,0,,,ok,grp=Q50 | florsurv_date=2021-09-22(식생 조사일)
grl_ilulissat_scheer,Q50_P1,Q50_P1,69.21552,-51.03628,2021,,47,probe,direct_eos,1,Greenland,NAtlantic,"Scheer, Johanna; Caduff, Rafael; How, Penelope; Marcer, Marco; Strozzi, Tazio; Bartsch, Annett; Ingeman-Nielsen, Thomas (2024): Mapping the frost susceptibility of the ground from thaw-season InSAR surface displacements and extrapolated active layer thicknesses, Ilulissat, West-Greenland [dataset]. PANGAEA, https://doi.org/10.1594/PANGAEA.964306",CC-BY-4.0,Greenland,,dataset_statement,annual_value,,,,0.00001,,,0,,,ok,grp=Q50 | florsurv_date=2021-09-22(식생 조사일)
grl_ilulissat_scheer,Q50_R1,Q50_R1,69.21523,-51.03673,2021,,57,probe,direct_eos,1,Greenland,NAtlantic,"Scheer, Johanna; Caduff, Rafael; How, Penelope; Marcer, Marco; Strozzi, Tazio; Bartsch, Annett; Ingeman-Nielsen, Thomas (2024): Mapping the frost susceptibility of the ground from thaw-season InSAR surface displacements and extrapolated active layer thicknesses, Ilulissat, West-Greenland [dataset]. PANGAEA, https://doi.org/10.1594/PANGAEA.964306",CC-BY-4.0,Greenland,,dataset_statement,annual_value,,,,0.00001,,,0,,,ok,grp=Q50 | florsurv_date=2021-09-22(식생 조사일)
grl_ilulissat_scheer,Q50_S1,Q50_S1,69.21508,-51.03698,2021,,46,probe,direct_eos,1,Greenland,NAtlantic,"Scheer, Johanna; Caduff, Rafael; How, Penelope; Marcer, Marco; Strozzi, Tazio; Bartsch, Annett; Ingeman-Nielsen, Thomas (2024): Mapping the frost susceptibility of the ground from thaw-season InSAR surface displacements and extrapolated active layer thicknesses, Ilulissat, West-Greenland [dataset]. PANGAEA, https://doi.org/10.1594/PANGAEA.964306",CC-BY-4.0,Greenland,,dataset_statement,annual_value,,,,0.00001,,,0,,,ok,grp=Q50 | florsurv_date=2021-09-22(식생 조사일)
grl_ilulissat_scheer,A1,A1,69.21729,-51.03397,2021,,38,probe,direct_eos,1,Greenland,NAtlantic,"Scheer, Johanna; Caduff, Rafael; How, Penelope; Marcer, Marco; Strozzi, Tazio; Bartsch, Annett; Ingeman-Nielsen, Thomas (2024): Mapping the frost susceptibility of the ground from thaw-season InSAR surface displacements and extrapolated active layer thicknesses, Ilulissat, West-Greenland [dataset]. PANGAEA, https://doi.org/10.1594/PANGAEA.964306",CC-BY-4.0,Greenland,,dataset_statement,annual_value,,,,0.00001,,,0,,,ok,grp=letter | florsurv_date=2021-09-22(식생 조사일)
grl_ilulissat_scheer,B1,B1,69.21718,-51.03406,2021,,70,probe,direct_eos,1,Greenland,NAtlantic,"Scheer, Johanna; Caduff, Rafael; How, Penelope; Marcer, Marco; Strozzi, Tazio; Bartsch, Annett; Ingeman-Nielsen, Thomas (2024): Mapping the frost susceptibility of the ground from thaw-season InSAR surface displacements and extrapolated active layer thicknesses, Ilulissat, West-Greenland [dataset]. PANGAEA, https://doi.org/10.1594/PANGAEA.964306",CC-BY-4.0,Greenland,,dataset_statement,annual_value,,,,0.00001,,,0,,,ok,grp=letter | src_comment=Could also be classified as TSGT | florsurv_date=2021-09-22(식생 조사일)
grl_ilulissat_scheer,C1,C1,69.21709,-51.03418,2021,,70,probe,direct_eos,1,Greenland,NAtlantic,"Scheer, Johanna; Caduff, Rafael; How, Penelope; Marcer, Marco; Strozzi, Tazio; Bartsch, Annett; Ingeman-Nielsen, Thomas (2024): Mapping the frost susceptibility of the ground from thaw-season InSAR surface displacements and extrapolated active layer thicknesses, Ilulissat, West-Greenland [dataset]. PANGAEA, https://doi.org/10.1594/PANGAEA.964306",CC-BY-4.0,Greenland,,dataset_statement,annual_value,,,,0.00001,,,0,,,ok,grp=letter | src_comment=Could also be classified as TSGT | florsurv_date=2021-09-22(식생 조사일)
grl_ilulissat_scheer,D1,D1,69.21699,-51.03432,2021,,80,probe,direct_eos,1,Greenland,NAtlantic,"Scheer, Johanna; Caduff, Rafael; How, Penelope; Marcer, Marco; Strozzi, Tazio; Bartsch, Annett; Ingeman-Nielsen, Thomas (2024): Mapping the frost susceptibility of the ground from thaw-season InSAR surface displacements and extrapolated active layer thicknesses, Ilulissat, West-Greenland [dataset]. PANGAEA, https://doi.org/10.1594/PANGAEA.964306",CC-BY-4.0,Greenland,,dataset_statement,annual_value,,,,0.00001,,,0,,,ok,grp=letter | florsurv_date=2021-09-22(식생 조사일)
grl_ilulissat_scheer,E1,E1,69.21689,-51.03446,2021,,41,probe,direct_eos,1,Greenland,NAtlantic,"Scheer, Johanna; Caduff, Rafael; How, Penelope; Marcer, Marco; Strozzi, Tazio; Bartsch, Annett; Ingeman-Nielsen, Thomas (2024): Mapping the frost susceptibility of the ground from thaw-season InSAR surface displacements and extrapolated active layer thicknesses, Ilulissat, West-Greenland [dataset]. PANGAEA, https://doi.org/10.1594/PANGAEA.964306",CC-BY-4.0,Greenland,,dataset_statement,annual_value,,,,0.00001,,,0,,,ok,grp=letter | florsurv_date=2021-09-22(식생 조사일)
grl_ilulissat_scheer,F1,F1,69.2168,-51.03456,2021,,49,probe,direct_eos,1,Greenland,NAtlantic,"Scheer, Johanna; Caduff, Rafael; How, Penelope; Marcer, Marco; Strozzi, Tazio; Bartsch, Annett; Ingeman-Nielsen, Thomas (2024): Mapping the frost susceptibility of the ground from thaw-season InSAR surface displacements and extrapolated active layer thicknesses, Ilulissat, West-Greenland [dataset]. PANGAEA, https://doi.org/10.1594/PANGAEA.964306",CC-BY-4.0,Greenland,,dataset_statement,annual_value,,,,0.00001,,,0,,,ok,grp=letter | florsurv_date=2021-09-22(식생 조사일)
grl_ilulissat_scheer,G1,G1,69.21663,-51.03478,2021,,62,probe,direct_eos,1,Greenland,NAtlantic,"Scheer, Johanna; Caduff, Rafael; How, Penelope; Marcer, Marco; Strozzi, Tazio; Bartsch, Annett; Ingeman-Nielsen, Thomas (2024): Mapping the frost susceptibility of the ground from thaw-season InSAR surface displacements and extrapolated active layer thicknesses, Ilulissat, West-Greenland [dataset]. PANGAEA, https://doi.org/10.1594/PANGAEA.964306",CC-BY-4.0,Greenland,,dataset_statement,annual_value,,,,0.00001,,,0,,,ok,grp=letter | florsurv_date=2021-09-22(식생 조사일)
grl_ilulissat_scheer,H1,H1,69.21655,-51.0349,2021,,70,probe,direct_eos,1,Greenland,NAtlantic,"Scheer, Johanna; Caduff, Rafael; How, Penelope; Marcer, Marco; Strozzi, Tazio; Bartsch, Annett; Ingeman-Nielsen, Thomas (2024): Mapping the frost susceptibility of the ground from thaw-season InSAR surface displacements and extrapolated active layer thicknesses, Ilulissat, West-Greenland [dataset]. PANGAEA, https://doi.org/10.1594/PANGAEA.964306",CC-BY-4.0,Greenland,,dataset_statement,annual_value,,,,0.00001,,,0,,,ok,grp=letter | florsurv_date=2021-09-22(식생 조사일)
grl_ilulissat_scheer,I1,I1,69.21638,-51.03508,2021,,51,probe,direct_eos,1,Greenland,NAtlantic,"Scheer, Johanna; Caduff, Rafael; How, Penelope; Marcer, Marco; Strozzi, Tazio; Bartsch, Annett; Ingeman-Nielsen, Thomas (2024): Mapping the frost susceptibility of the ground from thaw-season InSAR surface displacements and extrapolated active layer thicknesses, Ilulissat, West-Greenland [dataset]. PANGAEA, https://doi.org/10.1594/PANGAEA.964306",CC-BY-4.0,Greenland,,dataset_statement,annual_value,,,,0.00001,,,0,,,ok,grp=letter | florsurv_date=2021-09-22(식생 조사일)
grl_ilulissat_scheer,J1,J1,69.21617,-51.03529,2021,,62,probe,direct_eos,1,Greenland,NAtlantic,"Scheer, Johanna; Caduff, Rafael; How, Penelope; Marcer, Marco; Strozzi, Tazio; Bartsch, Annett; Ingeman-Nielsen, Thomas (2024): Mapping the frost susceptibility of the ground from thaw-season InSAR surface displacements and extrapolated active layer thicknesses, Ilulissat, West-Greenland [dataset]. PANGAEA, https://doi.org/10.1594/PANGAEA.964306",CC-BY-4.0,Greenland,,dataset_statement,annual_value,,,,0.00001,,,0,,,ok,grp=letter | florsurv_date=2021-09-22(식생 조사일)
grl_ilulissat_scheer,K1,K1,69.21601,-51.03553,2021,,52,probe,direct_eos,1,Greenland,NAtlantic,"Scheer, Johanna; Caduff, Rafael; How, Penelope; Marcer, Marco; Strozzi, Tazio; Bartsch, Annett; Ingeman-Nielsen, Thomas (2024): Mapping the frost susceptibility of the ground from thaw-season InSAR surface displacements and extrapolated active layer thicknesses, Ilulissat, West-Greenland [dataset]. PANGAEA, https://doi.org/10.1594/PANGAEA.964306",CC-BY-4.0,Greenland,,dataset_statement,annual_value,,,,0.00001,,,0,,,ok,grp=letter | florsurv_date=2021-09-22(식생 조사일)
grl_ilulissat_scheer,L1,L1,69.21593,-51.03567,2021,,62,probe,direct_eos,1,Greenland,NAtlantic,"Scheer, Johanna; Caduff, Rafael; How, Penelope; Marcer, Marco; Strozzi, Tazio; Bartsch, Annett; Ingeman-Nielsen, Thomas (2024): Mapping the frost susceptibility of the ground from thaw-season InSAR surface displacements and extrapolated active layer thicknesses, Ilulissat, West-Greenland [dataset]. PANGAEA, https://doi.org/10.1594/PANGAEA.964306",CC-BY-4.0,Greenland,,dataset_statement,annual_value,,,,0.00001,,,0,,,ok,grp=letter | florsurv_date=2021-09-22(식생 조사일)
grl_ilulissat_scheer,M1,M1,69.21583,-51.03581,2021,,51,probe,direct_eos,1,Greenland,NAtlantic,"Scheer, Johanna; Caduff, Rafael; How, Penelope; Marcer, Marco; Strozzi, Tazio; Bartsch, Annett; Ingeman-Nielsen, Thomas (2024): Mapping the frost susceptibility of the ground from thaw-season InSAR surface displacements and extrapolated active layer thicknesses, Ilulissat, West-Greenland [dataset]. PANGAEA, https://doi.org/10.1594/PANGAEA.964306",CC-BY-4.0,Greenland,,dataset_statement,annual_value,,,,0.00001,,,0,,,ok,grp=letter | florsurv_date=2021-09-22(식생 조사일)
grl_ilulissat_scheer,N1,N1,69.21572,-51.03598,2021,,54,probe,direct_eos,1,Greenland,NAtlantic,"Scheer, Johanna; Caduff, Rafael; How, Penelope; Marcer, Marco; Strozzi, Tazio; Bartsch, Annett; Ingeman-Nielsen, Thomas (2024): Mapping the frost susceptibility of the ground from thaw-season InSAR surface displacements and extrapolated active layer thicknesses, Ilulissat, West-Greenland [dataset]. PANGAEA, https://doi.org/10.1594/PANGAEA.964306",CC-BY-4.0,Greenland,,dataset_statement,annual_value,,,,0.00001,,,0,,,ok,grp=letter | florsurv_date=2021-09-22(식생 조사일)
grl_ilulissat_scheer,O1,O1,69.21559,-51.03583,2021,,54,probe,direct_eos,1,Greenland,NAtlantic,"Scheer, Johanna; Caduff, Rafael; How, Penelope; Marcer, Marco; Strozzi, Tazio; Bartsch, Annett; Ingeman-Nielsen, Thomas (2024): Mapping the frost susceptibility of the ground from thaw-season InSAR surface displacements and extrapolated active layer thicknesses, Ilulissat, West-Greenland [dataset]. PANGAEA, https://doi.org/10.1594/PANGAEA.964306",CC-BY-4.0,Greenland,,dataset_statement,annual_value,,,,0.00001,,,0,,,ok,grp=letter | florsurv_date=2021-09-22(식생 조사일)
grl_ilulissat_scheer,Q1,Q1,69.21537,-51.03651,2021,,57,probe,direct_eos,1,Greenland,NAtlantic,"Scheer, Johanna; Caduff, Rafael; How, Penelope; Marcer, Marco; Strozzi, Tazio; Bartsch, Annett; Ingeman-Nielsen, Thomas (2024): Mapping the frost susceptibility of the ground from thaw-season InSAR surface displacements and extrapolated active layer thicknesses, Ilulissat, West-Greenland [dataset]. PANGAEA, https://doi.org/10.1594/PANGAEA.964306",CC-BY-4.0,Greenland,,dataset_statement,annual_value,,,,0.00001,,,0,,,ok,grp=letter | florsurv_date=2021-09-22(식생 조사일)
grl_ilulissat_scheer,Q50_13,Q50_13,69.23575,-51.05681,2021,,36.33,probe,direct_eos,1,Greenland,NAtlantic,"Scheer, Johanna; Caduff, Rafael; How, Penelope; Marcer, Marco; Strozzi, Tazio; Bartsch, Annett; Ingeman-Nielsen, Thomas (2024): Mapping the frost susceptibility of the ground from thaw-season InSAR surface displacements and extrapolated active layer thicknesses, Ilulissat, West-Greenland [dataset]. PANGAEA, https://doi.org/10.1594/PANGAEA.964306",CC-BY-4.0,Greenland,,dataset_statement,annual_value,,,,0.00001,,,0,,,ok,grp=Q50 | florsurv_date=2021-09-24(식생 조사일)
grl_ilulissat_scheer,Q50_14,Q50_14,69.23541,-51.05523,2021,,38,probe,direct_eos,1,Greenland,NAtlantic,"Scheer, Johanna; Caduff, Rafael; How, Penelope; Marcer, Marco; Strozzi, Tazio; Bartsch, Annett; Ingeman-Nielsen, Thomas (2024): Mapping the frost susceptibility of the ground from thaw-season InSAR surface displacements and extrapolated active layer thicknesses, Ilulissat, West-Greenland [dataset]. PANGAEA, https://doi.org/10.1594/PANGAEA.964306",CC-BY-4.0,Greenland,,dataset_statement,annual_value,,,,0.00001,,,0,,,ok,grp=Q50 | florsurv_date=2021-09-24(식생 조사일)
grl_ilulissat_scheer,Q50_15,Q50_15,69.23479,-51.05237,2021,,83.33,probe,direct_eos,1,Greenland,NAtlantic,"Scheer, Johanna; Caduff, Rafael; How, Penelope; Marcer, Marco; Strozzi, Tazio; Bartsch, Annett; Ingeman-Nielsen, Thomas (2024): Mapping the frost susceptibility of the ground from thaw-season InSAR surface displacements and extrapolated active layer thicknesses, Ilulissat, West-Greenland [dataset]. PANGAEA, https://doi.org/10.1594/PANGAEA.964306",CC-BY-4.0,Greenland,,dataset_statement,annual_value,,,,0.00001,,,0,,,ok,grp=Q50 | florsurv_date=2021-09-24(식생 조사일)
grl_ilulissat_scheer,A2,A2,69.23473,-51.05251,2021,,79,probe,direct_eos,1,Greenland,NAtlantic,"Scheer, Johanna; Caduff, Rafael; How, Penelope; Marcer, Marco; Strozzi, Tazio; Bartsch, Annett; Ingeman-Nielsen, Thomas (2024): Mapping the frost susceptibility of the ground from thaw-season InSAR surface displacements and extrapolated active layer thicknesses, Ilulissat, West-Greenland [dataset]. PANGAEA, https://doi.org/10.1594/PANGAEA.964306",CC-BY-4.0,Greenland,,dataset_statement,annual_value,,,,0.00001,,,0,,,ok,grp=letter | florsurv_date=2021-09-22(식생 조사일)
grl_ilulissat_scheer,Q50_B2,Q50_B2,69.23468,-51.0526,2021,,99,probe,direct_eos,1,Greenland,NAtlantic,"Scheer, Johanna; Caduff, Rafael; How, Penelope; Marcer, Marco; Strozzi, Tazio; Bartsch, Annett; Ingeman-Nielsen, Thomas (2024): Mapping the frost susceptibility of the ground from thaw-season InSAR surface displacements and extrapolated active layer thicknesses, Ilulissat, West-Greenland [dataset]. PANGAEA, https://doi.org/10.1594/PANGAEA.964306",CC-BY-4.0,Greenland,,dataset_statement,annual_value,,,,0.00001,,,0,,,ok,grp=Q50 | florsurv_date=2021-09-22(식생 조사일)
grl_ilulissat_scheer,C2,C2,69.23463,-51.05273,2021,,36,probe,direct_eos,1,Greenland,NAtlantic,"Scheer, Johanna; Caduff, Rafael; How, Penelope; Marcer, Marco; Strozzi, Tazio; Bartsch, Annett; Ingeman-Nielsen, Thomas (2024): Mapping the frost susceptibility of the ground from thaw-season InSAR surface displacements and extrapolated active layer thicknesses, Ilulissat, West-Greenland [dataset]. PANGAEA, https://doi.org/10.1594/PANGAEA.964306",CC-BY-4.0,Greenland,,dataset_statement,annual_value,,,,0.00001,,,0,,,ok,grp=letter | florsurv_date=2021-09-22(식생 조사일)
grl_ilulissat_scheer,Q50_D2,Q50_D2,69.23456,-51.05288,2021,,39,probe,direct_eos,1,Greenland,NAtlantic,"Scheer, Johanna; Caduff, Rafael; How, Penelope; Marcer, Marco; Strozzi, Tazio; Bartsch, Annett; Ingeman-Nielsen, Thomas (2024): Mapping the frost susceptibility of the ground from thaw-season InSAR surface displacements and extrapolated active layer thicknesses, Ilulissat, West-Greenland [dataset]. PANGAEA, https://doi.org/10.1594/PANGAEA.964306",CC-BY-4.0,Greenland,,dataset_statement,annual_value,,,,0.00001,,,0,,,ok,grp=Q50 | florsurv_date=2021-09-22(식생 조사일)
grl_ilulissat_scheer,E2,E2,69.23449,-51.05299,2021,,90,probe,direct_eos,1,Greenland,NAtlantic,"Scheer, Johanna; Caduff, Rafael; How, Penelope; Marcer, Marco; Strozzi, Tazio; Bartsch, Annett; Ingeman-Nielsen, Thomas (2024): Mapping the frost susceptibility of the ground from thaw-season InSAR surface displacements and extrapolated active layer thicknesses, Ilulissat, West-Greenland [dataset]. PANGAEA, https://doi.org/10.1594/PANGAEA.964306",CC-BY-4.0,Greenland,,dataset_statement,annual_value,,,,0.00001,,,0,,,ok,grp=letter | florsurv_date=2021-09-22(식생 조사일)
grl_ilulissat_scheer,Q50_F2,Q50_F2,69.23444,-51.05316,2021,,51,probe,direct_eos,1,Greenland,NAtlantic,"Scheer, Johanna; Caduff, Rafael; How, Penelope; Marcer, Marco; Strozzi, Tazio; Bartsch, Annett; Ingeman-Nielsen, Thomas (2024): Mapping the frost susceptibility of the ground from thaw-season InSAR surface displacements and extrapolated active layer thicknesses, Ilulissat, West-Greenland [dataset]. PANGAEA, https://doi.org/10.1594/PANGAEA.964306",CC-BY-4.0,Greenland,,dataset_statement,annual_value,,,,0.00001,,,0,,,ok,grp=Q50 | src_comment=Could also be classified as TSGT | florsurv_date=2021-09-22(식생 조사일)
grl_ilulissat_scheer,G2,G2,69.23436,-51.05329,2021,,39,probe,direct_eos,1,Greenland,NAtlantic,"Scheer, Johanna; Caduff, Rafael; How, Penelope; Marcer, Marco; Strozzi, Tazio; Bartsch, Annett; Ingeman-Nielsen, Thomas (2024): Mapping the frost susceptibility of the ground from thaw-season InSAR surface displacements and extrapolated active layer thicknesses, Ilulissat, West-Greenland [dataset]. PANGAEA, https://doi.org/10.1594/PANGAEA.964306",CC-BY-4.0,Greenland,,dataset_statement,annual_value,,,,0.00001,,,0,,,ok,grp=letter | florsurv_date=2021-09-22(식생 조사일)
grl_ilulissat_scheer,H2,H2,69.23432,-51.05336,2021,,107,probe,direct_eos,1,Greenland,NAtlantic,"Scheer, Johanna; Caduff, Rafael; How, Penelope; Marcer, Marco; Strozzi, Tazio; Bartsch, Annett; Ingeman-Nielsen, Thomas (2024): Mapping the frost susceptibility of the ground from thaw-season InSAR surface displacements and extrapolated active layer thicknesses, Ilulissat, West-Greenland [dataset]. PANGAEA, https://doi.org/10.1594/PANGAEA.964306",CC-BY-4.0,Greenland,,dataset_statement,annual_value,,,,0.00001,,,1,,,ok,grp=letter | right_censored 근거=out_of_range | src_comment=Out of range | florsurv_date=2021-09-22(식생 조사일)
grl_ilulissat_scheer,I2,I2,69.23426,-51.05347,2021,,82,probe,direct_eos,1,Greenland,NAtlantic,"Scheer, Johanna; Caduff, Rafael; How, Penelope; Marcer, Marco; Strozzi, Tazio; Bartsch, Annett; Ingeman-Nielsen, Thomas (2024): Mapping the frost susceptibility of the ground from thaw-season InSAR surface displacements and extrapolated active layer thicknesses, Ilulissat, West-Greenland [dataset]. PANGAEA, https://doi.org/10.1594/PANGAEA.964306",CC-BY-4.0,Greenland,,dataset_statement,annual_value,,,,0.00001,,,0,,,ok,grp=letter | florsurv_date=2021-09-22(식생 조사일)
grl_ilulissat_scheer,Q50_J2,Q50_J2,69.2342,-51.05365,2021,,76,probe,direct_eos,1,Greenland,NAtlantic,"Scheer, Johanna; Caduff, Rafael; How, Penelope; Marcer, Marco; Strozzi, Tazio; Bartsch, Annett; Ingeman-Nielsen, Thomas (2024): Mapping the frost susceptibility of the ground from thaw-season InSAR surface displacements and extrapolated active layer thicknesses, Ilulissat, West-Greenland [dataset]. PANGAEA, https://doi.org/10.1594/PANGAEA.964306",CC-BY-4.0,Greenland,,dataset_statement,annual_value,,,,0.00001,,,0,,,ok,grp=Q50 | florsurv_date=2021-09-22(식생 조사일)
grl_ilulissat_scheer,K2,K2,69.23409,-51.05388,2021,,76,probe,direct_eos,1,Greenland,NAtlantic,"Scheer, Johanna; Caduff, Rafael; How, Penelope; Marcer, Marco; Strozzi, Tazio; Bartsch, Annett; Ingeman-Nielsen, Thomas (2024): Mapping the frost susceptibility of the ground from thaw-season InSAR surface displacements and extrapolated active layer thicknesses, Ilulissat, West-Greenland [dataset]. PANGAEA, https://doi.org/10.1594/PANGAEA.964306",CC-BY-4.0,Greenland,,dataset_statement,annual_value,,,,0.00001,,,0,,,ok,grp=letter | florsurv_date=2021-09-22(식생 조사일)
grl_ilulissat_scheer,CALM_A1,CALM_A1,69.21902,-51.05426,2020,,46,probe,direct_eos,1,Greenland,NAtlantic,"Scheer, Johanna; Caduff, Rafael; How, Penelope; Marcer, Marco; Strozzi, Tazio; Bartsch, Annett; Ingeman-Nielsen, Thomas (2024): Mapping the frost susceptibility of the ground from thaw-season InSAR surface displacements and extrapolated active layer thicknesses, Ilulissat, West-Greenland [dataset]. PANGAEA, https://doi.org/10.1594/PANGAEA.964306",CC-BY-4.0,Greenland,,dataset_statement,annual_value,,,,0.00001,,,0,,,ok,grp=CALM_grid
grl_ilulissat_scheer,CALM_A1,CALM_A1,69.21902,-51.05426,2021,,49.5,probe,direct_eos,1,Greenland,NAtlantic,"Scheer, Johanna; Caduff, Rafael; How, Penelope; Marcer, Marco; Strozzi, Tazio; Bartsch, Annett; Ingeman-Nielsen, Thomas (2024): Mapping the frost susceptibility of the ground from thaw-season InSAR surface displacements and extrapolated active layer thicknesses, Ilulissat, West-Greenland [dataset]. PANGAEA, https://doi.org/10.1594/PANGAEA.964306",CC-BY-4.0,Greenland,,dataset_statement,annual_value,,,,0.00001,,,0,,,ok,grp=CALM_grid
grl_ilulissat_scheer,CALM_B1,CALM_B1,69.21904,-51.05436,2020,,83,probe,direct_eos,1,Greenland,NAtlantic,"Scheer, Johanna; Caduff, Rafael; How, Penelope; Marcer, Marco; Strozzi, Tazio; Bartsch, Annett; Ingeman-Nielsen, Thomas (2024): Mapping the frost susceptibility of the ground from thaw-season InSAR surface displacements and extrapolated active layer thicknesses, Ilulissat, West-Greenland [dataset]. PANGAEA, https://doi.org/10.1594/PANGAEA.964306",CC-BY-4.0,Greenland,,dataset_statement,annual_value,,,,0.00001,,,0,,,ok,grp=CALM_grid
grl_ilulissat_scheer,CALM_B1,CALM_B1,69.21904,-51.05436,2021,,84,probe,direct_eos,1,Greenland,NAtlantic,"Scheer, Johanna; Caduff, Rafael; How, Penelope; Marcer, Marco; Strozzi, Tazio; Bartsch, Annett; Ingeman-Nielsen, Thomas (2024): Mapping the frost susceptibility of the ground from thaw-season InSAR surface displacements and extrapolated active layer thicknesses, Ilulissat, West-Greenland [dataset]. PANGAEA, https://doi.org/10.1594/PANGAEA.964306",CC-BY-4.0,Greenland,,dataset_statement,annual_value,,,,0.00001,,,0,,,ok,grp=CALM_grid
grl_ilulissat_scheer,CALM_C1,CALM_C1,69.21907,-51.05446,2020,,69,probe,direct_eos,1,Greenland,NAtlantic,"Scheer, Johanna; Caduff, Rafael; How, Penelope; Marcer, Marco; Strozzi, Tazio; Bartsch, Annett; Ingeman-Nielsen, Thomas (2024): Mapping the frost susceptibility of the ground from thaw-season InSAR surface displacements and extrapolated active layer thicknesses, Ilulissat, West-Greenland [dataset]. PANGAEA, https://doi.org/10.1594/PANGAEA.964306",CC-BY-4.0,Greenland,,dataset_statement,annual_value,,,,0.00001,,,0,,,ok,grp=CALM_grid
grl_ilulissat_scheer,CALM_C1,CALM_C1,69.21907,-51.05446,2021,,61.5,probe,direct_eos,1,Greenland,NAtlantic,"Scheer, Johanna; Caduff, Rafael; How, Penelope; Marcer, Marco; Strozzi, Tazio; Bartsch, Annett; Ingeman-Nielsen, Thomas (2024): Mapping the frost susceptibility of the ground from thaw-season InSAR surface displacements and extrapolated active layer thicknesses, Ilulissat, West-Greenland [dataset]. PANGAEA, https://doi.org/10.1594/PANGAEA.964306",CC-BY-4.0,Greenland,,dataset_statement,annual_value,,,,0.00001,,,0,,,ok,grp=CALM_grid
grl_ilulissat_scheer,CALM_D1,CALM_D1,69.21909,-51.05456,2020,,60.5,probe,direct_eos,1,Greenland,NAtlantic,"Scheer, Johanna; Caduff, Rafael; How, Penelope; Marcer, Marco; Strozzi, Tazio; Bartsch, Annett; Ingeman-Nielsen, Thomas (2024): Mapping the frost susceptibility of the ground from thaw-season InSAR surface displacements and extrapolated active layer thicknesses, Ilulissat, West-Greenland [dataset]. PANGAEA, https://doi.org/10.1594/PANGAEA.964306",CC-BY-4.0,Greenland,,dataset_statement,annual_value,,,,0.00001,,,0,,,ok,grp=CALM_grid
grl_ilulissat_scheer,CALM_D1,CALM_D1,69.21909,-51.05456,2021,,66.5,probe,direct_eos,1,Greenland,NAtlantic,"Scheer, Johanna; Caduff, Rafael; How, Penelope; Marcer, Marco; Strozzi, Tazio; Bartsch, Annett; Ingeman-Nielsen, Thomas (2024): Mapping the frost susceptibility of the ground from thaw-season InSAR surface displacements and extrapolated active layer thicknesses, Ilulissat, West-Greenland [dataset]. PANGAEA, https://doi.org/10.1594/PANGAEA.964306",CC-BY-4.0,Greenland,,dataset_statement,annual_value,,,,0.00001,,,0,,,ok,grp=CALM_grid
grl_ilulissat_scheer,CALM_E1,CALM_E1,69.21912,-51.05466,2020,,72.5,probe,direct_eos,1,Greenland,NAtlantic,"Scheer, Johanna; Caduff, Rafael; How, Penelope; Marcer, Marco; Strozzi, Tazio; Bartsch, Annett; Ingeman-Nielsen, Thomas (2024): Mapping the frost susceptibility of the ground from thaw-season InSAR surface displacements and extrapolated active layer thicknesses, Ilulissat, West-Greenland [dataset]. PANGAEA, https://doi.org/10.1594/PANGAEA.964306",CC-BY-4.0,Greenland,,dataset_statement,annual_value,,,,0.00001,,,0,,,ok,grp=CALM_grid
grl_ilulissat_scheer,CALM_E1,CALM_E1,69.21912,-51.05466,2021,,72.5,probe,direct_eos,1,Greenland,NAtlantic,"Scheer, Johanna; Caduff, Rafael; How, Penelope; Marcer, Marco; Strozzi, Tazio; Bartsch, Annett; Ingeman-Nielsen, Thomas (2024): Mapping the frost susceptibility of the ground from thaw-season InSAR surface displacements and extrapolated active layer thicknesses, Ilulissat, West-Greenland [dataset]. PANGAEA, https://doi.org/10.1594/PANGAEA.964306",CC-BY-4.0,Greenland,,dataset_statement,annual_value,,,,0.00001,,,0,,,ok,grp=CALM_grid
grl_ilulissat_scheer,CALM_F1,CALM_F1,69.21915,-51.05476,2020,,87.5,probe,direct_eos,1,Greenland,NAtlantic,"Scheer, Johanna; Caduff, Rafael; How, Penelope; Marcer, Marco; Strozzi, Tazio; Bartsch, Annett; Ingeman-Nielsen, Thomas (2024): Mapping the frost susceptibility of the ground from thaw-season InSAR surface displacements and extrapolated active layer thicknesses, Ilulissat, West-Greenland [dataset]. PANGAEA, https://doi.org/10.1594/PANGAEA.964306",CC-BY-4.0,Greenland,,dataset_statement,annual_value,,,,0.00001,,,0,,,ok,grp=CALM_grid
grl_ilulissat_scheer,CALM_F1,CALM_F1,69.21915,-51.05476,2021,,75,probe,direct_eos,1,Greenland,NAtlantic,"Scheer, Johanna; Caduff, Rafael; How, Penelope; Marcer, Marco; Strozzi, Tazio; Bartsch, Annett; Ingeman-Nielsen, Thomas (2024): Mapping the frost susceptibility of the ground from thaw-season InSAR surface displacements and extrapolated active layer thicknesses, Ilulissat, West-Greenland [dataset]. PANGAEA, https://doi.org/10.1594/PANGAEA.964306",CC-BY-4.0,Greenland,,dataset_statement,annual_value,,,,0.00001,,,0,,,ok,grp=CALM_grid
grl_ilulissat_scheer,CALM_G1,CALM_G1,69.21917,-51.05486,2020,,84,probe,direct_eos,1,Greenland,NAtlantic,"Scheer, Johanna; Caduff, Rafael; How, Penelope; Marcer, Marco; Strozzi, Tazio; Bartsch, Annett; Ingeman-Nielsen, Thomas (2024): Mapping the frost susceptibility of the ground from thaw-season InSAR surface displacements and extrapolated active layer thicknesses, Ilulissat, West-Greenland [dataset]. PANGAEA, https://doi.org/10.1594/PANGAEA.964306",CC-BY-4.0,Greenland,,dataset_statement,annual_value,,,,0.00001,,,0,,,ok,grp=CALM_grid
grl_ilulissat_scheer,CALM_G1,CALM_G1,69.21917,-51.05486,2021,,77.5,probe,direct_eos,1,Greenland,NAtlantic,"Scheer, Johanna; Caduff, Rafael; How, Penelope; Marcer, Marco; Strozzi, Tazio; Bartsch, Annett; Ingeman-Nielsen, Thomas (2024): Mapping the frost susceptibility of the ground from thaw-season InSAR surface displacements and extrapolated active layer thicknesses, Ilulissat, West-Greenland [dataset]. PANGAEA, https://doi.org/10.1594/PANGAEA.964306",CC-BY-4.0,Greenland,,dataset_statement,annual_value,,,,0.00001,,,0,,,ok,grp=CALM_grid
grl_ilulissat_scheer,CALM_H1,CALM_H1,69.2192,-51.05496,2020,,90,probe,direct_eos,1,Greenland,NAtlantic,"Scheer, Johanna; Caduff, Rafael; How, Penelope; Marcer, Marco; Strozzi, Tazio; Bartsch, Annett; Ingeman-Nielsen, Thomas (2024): Mapping the frost susceptibility of the ground from thaw-season InSAR surface displacements and extrapolated active layer thicknesses, Ilulissat, West-Greenland [dataset]. PANGAEA, https://doi.org/10.1594/PANGAEA.964306",CC-BY-4.0,Greenland,,dataset_statement,annual_value,,,,0.00001,,,0,,,ok,grp=CALM_grid | src_comment=Could also be classified as BRSGT
grl_ilulissat_scheer,CALM_H1,CALM_H1,69.2192,-51.05496,2021,,90.5,probe,direct_eos,1,Greenland,NAtlantic,"Scheer, Johanna; Caduff, Rafael; How, Penelope; Marcer, Marco; Strozzi, Tazio; Bartsch, Annett; Ingeman-Nielsen, Thomas (2024): Mapping the frost susceptibility of the ground from thaw-season InSAR surface displacements and extrapolated active layer thicknesses, Ilulissat, West-Greenland [dataset]. PANGAEA, https://doi.org/10.1594/PANGAEA.964306",CC-BY-4.0,Greenland,,dataset_statement,annual_value,,,,0.00001,,,0,,,ok,grp=CALM_grid | src_comment=Could also be classified as BRSGT
grl_ilulissat_scheer,CALM_I1,CALM_I1,69.21922,-51.05506,2020,,67.5,probe,direct_eos,1,Greenland,NAtlantic,"Scheer, Johanna; Caduff, Rafael; How, Penelope; Marcer, Marco; Strozzi, Tazio; Bartsch, Annett; Ingeman-Nielsen, Thomas (2024): Mapping the frost susceptibility of the ground from thaw-season InSAR surface displacements and extrapolated active layer thicknesses, Ilulissat, West-Greenland [dataset]. PANGAEA, https://doi.org/10.1594/PANGAEA.964306",CC-BY-4.0,Greenland,,dataset_statement,annual_value,,,,0.00001,,,0,,,ok,grp=CALM_grid
grl_ilulissat_scheer,CALM_I1,CALM_I1,69.21922,-51.05506,2021,,69,probe,direct_eos,1,Greenland,NAtlantic,"Scheer, Johanna; Caduff, Rafael; How, Penelope; Marcer, Marco; Strozzi, Tazio; Bartsch, Annett; Ingeman-Nielsen, Thomas (2024): Mapping the frost susceptibility of the ground from thaw-season InSAR surface displacements and extrapolated active layer thicknesses, Ilulissat, West-Greenland [dataset]. PANGAEA, https://doi.org/10.1594/PANGAEA.964306",CC-BY-4.0,Greenland,,dataset_statement,annual_value,,,,0.00001,,,0,,,ok,grp=CALM_grid
grl_ilulissat_scheer,CALM_J1,CALM_J1,69.21925,-51.05516,2020,,69,probe,direct_eos,1,Greenland,NAtlantic,"Scheer, Johanna; Caduff, Rafael; How, Penelope; Marcer, Marco; Strozzi, Tazio; Bartsch, Annett; Ingeman-Nielsen, Thomas (2024): Mapping the frost susceptibility of the ground from thaw-season InSAR surface displacements and extrapolated active layer thicknesses, Ilulissat, West-Greenland [dataset]. PANGAEA, https://doi.org/10.1594/PANGAEA.964306",CC-BY-4.0,Greenland,,dataset_statement,annual_value,,,,0.00001,,,0,,,ok,grp=CALM_grid
grl_ilulissat_scheer,CALM_J1,CALM_J1,69.21925,-51.05516,2021,,64.5,probe,direct_eos,1,Greenland,NAtlantic,"Scheer, Johanna; Caduff, Rafael; How, Penelope; Marcer, Marco; Strozzi, Tazio; Bartsch, Annett; Ingeman-Nielsen, Thomas (2024): Mapping the frost susceptibility of the ground from thaw-season InSAR surface displacements and extrapolated active layer thicknesses, Ilulissat, West-Greenland [dataset]. PANGAEA, https://doi.org/10.1594/PANGAEA.964306",CC-BY-4.0,Greenland,,dataset_statement,annual_value,,,,0.00001,,,0,,,ok,grp=CALM_grid
grl_ilulissat_scheer,CALM_K1,CALM_K1,69.21928,-51.05525,2020,,73.5,probe,direct_eos,1,Greenland,NAtlantic,"Scheer, Johanna; Caduff, Rafael; How, Penelope; Marcer, Marco; Strozzi, Tazio; Bartsch, Annett; Ingeman-Nielsen, Thomas (2024): Mapping the frost susceptibility of the ground from thaw-season InSAR surface displacements and extrapolated active layer thicknesses, Ilulissat, West-Greenland [dataset]. PANGAEA, https://doi.org/10.1594/PANGAEA.964306",CC-BY-4.0,Greenland,,dataset_statement,annual_value,,,,0.00001,,,0,,,ok,grp=CALM_grid
grl_ilulissat_scheer,CALM_K1,CALM_K1,69.21928,-51.05525,2021,,76,probe,direct_eos,1,Greenland,NAtlantic,"Scheer, Johanna; Caduff, Rafael; How, Penelope; Marcer, Marco; Strozzi, Tazio; Bartsch, Annett; Ingeman-Nielsen, Thomas (2024): Mapping the frost susceptibility of the ground from thaw-season InSAR surface displacements and extrapolated active layer thicknesses, Ilulissat, West-Greenland [dataset]. PANGAEA, https://doi.org/10.1594/PANGAEA.964306",CC-BY-4.0,Greenland,,dataset_statement,annual_value,,,,0.00001,,,0,,,ok,grp=CALM_grid
grl_ilulissat_scheer,CALM_A2,CALM_A2,69.21898,-51.05433,2020,,51,probe,direct_eos,1,Greenland,NAtlantic,"Scheer, Johanna; Caduff, Rafael; How, Penelope; Marcer, Marco; Strozzi, Tazio; Bartsch, Annett; Ingeman-Nielsen, Thomas (2024): Mapping the frost susceptibility of the ground from thaw-season InSAR surface displacements and extrapolated active layer thicknesses, Ilulissat, West-Greenland [dataset]. PANGAEA, https://doi.org/10.1594/PANGAEA.964306",CC-BY-4.0,Greenland,,dataset_statement,annual_value,,,,0.00001,,,0,,,ok,grp=CALM_grid
grl_ilulissat_scheer,CALM_A2,CALM_A2,69.21898,-51.05433,2021,,61.5,probe,direct_eos,1,Greenland,NAtlantic,"Scheer, Johanna; Caduff, Rafael; How, Penelope; Marcer, Marco; Strozzi, Tazio; Bartsch, Annett; Ingeman-Nielsen, Thomas (2024): Mapping the frost susceptibility of the ground from thaw-season InSAR surface displacements and extrapolated active layer thicknesses, Ilulissat, West-Greenland [dataset]. PANGAEA, https://doi.org/10.1594/PANGAEA.964306",CC-BY-4.0,Greenland,,dataset_statement,annual_value,,,,0.00001,,,0,,,ok,grp=CALM_grid
grl_ilulissat_scheer,CALM_B2,CALM_B2,69.21901,-51.05443,2020,,82,probe,direct_eos,1,Greenland,NAtlantic,"Scheer, Johanna; Caduff, Rafael; How, Penelope; Marcer, Marco; Strozzi, Tazio; Bartsch, Annett; Ingeman-Nielsen, Thomas (2024): Mapping the frost susceptibility of the ground from thaw-season InSAR surface displacements and extrapolated active layer thicknesses, Ilulissat, West-Greenland [dataset]. PANGAEA, https://doi.org/10.1594/PANGAEA.964306",CC-BY-4.0,Greenland,,dataset_statement,annual_value,,,,0.00001,,,0,,,ok,grp=CALM_grid
grl_ilulissat_scheer,CALM_B2,CALM_B2,69.21901,-51.05443,2021,,88.5,probe,direct_eos,1,Greenland,NAtlantic,"Scheer, Johanna; Caduff, Rafael; How, Penelope; Marcer, Marco; Strozzi, Tazio; Bartsch, Annett; Ingeman-Nielsen, Thomas (2024): Mapping the frost susceptibility of the ground from thaw-season InSAR surface displacements and extrapolated active layer thicknesses, Ilulissat, West-Greenland [dataset]. PANGAEA, https://doi.org/10.1594/PANGAEA.964306",CC-BY-4.0,Greenland,,dataset_statement,annual_value,,,,0.00001,,,0,,,ok,grp=CALM_grid
grl_ilulissat_scheer,CALM_C2,CALM_C2,69.21903,-51.05453,2020,,83,probe,direct_eos,1,Greenland,NAtlantic,"Scheer, Johanna; Caduff, Rafael; How, Penelope; Marcer, Marco; Strozzi, Tazio; Bartsch, Annett; Ingeman-Nielsen, Thomas (2024): Mapping the frost susceptibility of the ground from thaw-season InSAR surface displacements and extrapolated active layer thicknesses, Ilulissat, West-Greenland [dataset]. PANGAEA, https://doi.org/10.1594/PANGAEA.964306",CC-BY-4.0,Greenland,,dataset_statement,annual_value,,,,0.00001,,,0,,,ok,grp=CALM_grid
grl_ilulissat_scheer,CALM_C2,CALM_C2,69.21903,-51.05453,2021,,89.5,probe,direct_eos,1,Greenland,NAtlantic,"Scheer, Johanna; Caduff, Rafael; How, Penelope; Marcer, Marco; Strozzi, Tazio; Bartsch, Annett; Ingeman-Nielsen, Thomas (2024): Mapping the frost susceptibility of the ground from thaw-season InSAR surface displacements and extrapolated active layer thicknesses, Ilulissat, West-Greenland [dataset]. PANGAEA, https://doi.org/10.1594/PANGAEA.964306",CC-BY-4.0,Greenland,,dataset_statement,annual_value,,,,0.00001,,,0,,,ok,grp=CALM_grid
grl_ilulissat_scheer,CALM_D2,CALM_D2,69.21906,-51.05463,2020,,82.5,probe,direct_eos,1,Greenland,NAtlantic,"Scheer, Johanna; Caduff, Rafael; How, Penelope; Marcer, Marco; Strozzi, Tazio; Bartsch, Annett; Ingeman-Nielsen, Thomas (2024): Mapping the frost susceptibility of the ground from thaw-season InSAR surface displacements and extrapolated active layer thicknesses, Ilulissat, West-Greenland [dataset]. PANGAEA, https://doi.org/10.1594/PANGAEA.964306",CC-BY-4.0,Greenland,,dataset_statement,annual_value,,,,0.00001,,,0,,,ok,grp=CALM_grid
grl_ilulissat_scheer,CALM_D2,CALM_D2,69.21906,-51.05463,2021,,78.5,probe,direct_eos,1,Greenland,NAtlantic,"Scheer, Johanna; Caduff, Rafael; How, Penelope; Marcer, Marco; Strozzi, Tazio; Bartsch, Annett; Ingeman-Nielsen, Thomas (2024): Mapping the frost susceptibility of the ground from thaw-season InSAR surface displacements and extrapolated active layer thicknesses, Ilulissat, West-Greenland [dataset]. PANGAEA, https://doi.org/10.1594/PANGAEA.964306",CC-BY-4.0,Greenland,,dataset_statement,annual_value,,,,0.00001,,,0,,,ok,grp=CALM_grid
grl_ilulissat_scheer,CALM_E2,CALM_E2,69.21909,-51.05473,2020,,69,probe,direct_eos,1,Greenland,NAtlantic,"Scheer, Johanna; Caduff, Rafael; How, Penelope; Marcer, Marco; Strozzi, Tazio; Bartsch, Annett; Ingeman-Nielsen, Thomas (2024): Mapping the frost susceptibility of the ground from thaw-season InSAR surface displacements and extrapolated active layer thicknesses, Ilulissat, West-Greenland [dataset]. PANGAEA, https://doi.org/10.1594/PANGAEA.964306",CC-BY-4.0,Greenland,,dataset_statement,annual_value,,,,0.00001,,,0,,,ok,grp=CALM_grid | src_comment=Could also be classified as BRSGT
grl_ilulissat_scheer,CALM_E2,CALM_E2,69.21909,-51.05473,2021,,68.5,probe,direct_eos,1,Greenland,NAtlantic,"Scheer, Johanna; Caduff, Rafael; How, Penelope; Marcer, Marco; Strozzi, Tazio; Bartsch, Annett; Ingeman-Nielsen, Thomas (2024): Mapping the frost susceptibility of the ground from thaw-season InSAR surface displacements and extrapolated active layer thicknesses, Ilulissat, West-Greenland [dataset]. PANGAEA, https://doi.org/10.1594/PANGAEA.964306",CC-BY-4.0,Greenland,,dataset_statement,annual_value,,,,0.00001,,,0,,,ok,grp=CALM_grid | src_comment=Could also be classified as BRSGT
grl_ilulissat_scheer,CALM_F2,CALM_F2,69.21911,-51.05483,2020,,79.5,probe,direct_eos,1,Greenland,NAtlantic,"Scheer, Johanna; Caduff, Rafael; How, Penelope; Marcer, Marco; Strozzi, Tazio; Bartsch, Annett; Ingeman-Nielsen, Thomas (2024): Mapping the frost susceptibility of the ground from thaw-season InSAR surface displacements and extrapolated active layer thicknesses, Ilulissat, West-Greenland [dataset]. PANGAEA, https://doi.org/10.1594/PANGAEA.964306",CC-BY-4.0,Greenland,,dataset_statement,annual_value,,,,0.00001,,,0,,,ok,grp=CALM_grid | src_comment=Could also be classified as BRSGT
grl_ilulissat_scheer,CALM_F2,CALM_F2,69.21911,-51.05483,2021,,78.5,probe,direct_eos,1,Greenland,NAtlantic,"Scheer, Johanna; Caduff, Rafael; How, Penelope; Marcer, Marco; Strozzi, Tazio; Bartsch, Annett; Ingeman-Nielsen, Thomas (2024): Mapping the frost susceptibility of the ground from thaw-season InSAR surface displacements and extrapolated active layer thicknesses, Ilulissat, West-Greenland [dataset]. PANGAEA, https://doi.org/10.1594/PANGAEA.964306",CC-BY-4.0,Greenland,,dataset_statement,annual_value,,,,0.00001,,,0,,,ok,grp=CALM_grid | src_comment=Could also be classified as BRSGT
grl_ilulissat_scheer,CALM_G2,CALM_G2,69.21914,-51.05493,2020,,57,probe,direct_eos,1,Greenland,NAtlantic,"Scheer, Johanna; Caduff, Rafael; How, Penelope; Marcer, Marco; Strozzi, Tazio; Bartsch, Annett; Ingeman-Nielsen, Thomas (2024): Mapping the frost susceptibility of the ground from thaw-season InSAR surface displacements and extrapolated active layer thicknesses, Ilulissat, West-Greenland [dataset]. PANGAEA, https://doi.org/10.1594/PANGAEA.964306",CC-BY-4.0,Greenland,,dataset_statement,annual_value,,,,0.00001,,,0,,,ok,grp=CALM_grid
grl_ilulissat_scheer,CALM_G2,CALM_G2,69.21914,-51.05493,2021,,46.5,probe,direct_eos,1,Greenland,NAtlantic,"Scheer, Johanna; Caduff, Rafael; How, Penelope; Marcer, Marco; Strozzi, Tazio; Bartsch, Annett; Ingeman-Nielsen, Thomas (2024): Mapping the frost susceptibility of the ground from thaw-season InSAR surface displacements and extrapolated active layer thicknesses, Ilulissat, West-Greenland [dataset]. PANGAEA, https://doi.org/10.1594/PANGAEA.964306",CC-BY-4.0,Greenland,,dataset_statement,annual_value,,,,0.00001,,,0,,,ok,grp=CALM_grid
grl_ilulissat_scheer,CALM_H2,CALM_H2,69.21916,-51.05503,2020,,63,probe,direct_eos,1,Greenland,NAtlantic,"Scheer, Johanna; Caduff, Rafael; How, Penelope; Marcer, Marco; Strozzi, Tazio; Bartsch, Annett; Ingeman-Nielsen, Thomas (2024): Mapping the frost susceptibility of the ground from thaw-season InSAR surface displacements and extrapolated active layer thicknesses, Ilulissat, West-Greenland [dataset]. PANGAEA, https://doi.org/10.1594/PANGAEA.964306",CC-BY-4.0,Greenland,,dataset_statement,annual_value,,,,0.00001,,,0,,,ok,grp=CALM_grid
grl_ilulissat_scheer,CALM_H2,CALM_H2,69.21916,-51.05503,2021,,70,probe,direct_eos,1,Greenland,NAtlantic,"Scheer, Johanna; Caduff, Rafael; How, Penelope; Marcer, Marco; Strozzi, Tazio; Bartsch, Annett; Ingeman-Nielsen, Thomas (2024): Mapping the frost susceptibility of the ground from thaw-season InSAR surface displacements and extrapolated active layer thicknesses, Ilulissat, West-Greenland [dataset]. PANGAEA, https://doi.org/10.1594/PANGAEA.964306",CC-BY-4.0,Greenland,,dataset_statement,annual_value,,,,0.00001,,,0,,,ok,grp=CALM_grid
grl_ilulissat_scheer,CALM_I2,CALM_I2,69.21919,-51.05513,2020,,65.5,probe,direct_eos,1,Greenland,NAtlantic,"Scheer, Johanna; Caduff, Rafael; How, Penelope; Marcer, Marco; Strozzi, Tazio; Bartsch, Annett; Ingeman-Nielsen, Thomas (2024): Mapping the frost susceptibility of the ground from thaw-season InSAR surface displacements and extrapolated active layer thicknesses, Ilulissat, West-Greenland [dataset]. PANGAEA, https://doi.org/10.1594/PANGAEA.964306",CC-BY-4.0,Greenland,,dataset_statement,annual_value,,,,0.00001,,,0,,,ok,grp=CALM_grid
grl_ilulissat_scheer,CALM_I2,CALM_I2,69.21919,-51.05513,2021,,75,probe,direct_eos,1,Greenland,NAtlantic,"Scheer, Johanna; Caduff, Rafael; How, Penelope; Marcer, Marco; Strozzi, Tazio; Bartsch, Annett; Ingeman-Nielsen, Thomas (2024): Mapping the frost susceptibility of the ground from thaw-season InSAR surface displacements and extrapolated active layer thicknesses, Ilulissat, West-Greenland [dataset]. PANGAEA, https://doi.org/10.1594/PANGAEA.964306",CC-BY-4.0,Greenland,,dataset_statement,annual_value,,,,0.00001,,,0,,,ok,grp=CALM_grid
grl_ilulissat_scheer,CALM_J2,CALM_J2,69.21922,-51.05523,2020,,77.5,probe,direct_eos,1,Greenland,NAtlantic,"Scheer, Johanna; Caduff, Rafael; How, Penelope; Marcer, Marco; Strozzi, Tazio; Bartsch, Annett; Ingeman-Nielsen, Thomas (2024): Mapping the frost susceptibility of the ground from thaw-season InSAR surface displacements and extrapolated active layer thicknesses, Ilulissat, West-Greenland [dataset]. PANGAEA, https://doi.org/10.1594/PANGAEA.964306",CC-BY-4.0,Greenland,,dataset_statement,annual_value,,,,0.00001,,,0,,,ok,grp=CALM_grid
grl_ilulissat_scheer,CALM_J2,CALM_J2,69.21922,-51.05523,2021,,78.5,probe,direct_eos,1,Greenland,NAtlantic,"Scheer, Johanna; Caduff, Rafael; How, Penelope; Marcer, Marco; Strozzi, Tazio; Bartsch, Annett; Ingeman-Nielsen, Thomas (2024): Mapping the frost susceptibility of the ground from thaw-season InSAR surface displacements and extrapolated active layer thicknesses, Ilulissat, West-Greenland [dataset]. PANGAEA, https://doi.org/10.1594/PANGAEA.964306",CC-BY-4.0,Greenland,,dataset_statement,annual_value,,,,0.00001,,,0,,,ok,grp=CALM_grid
grl_ilulissat_scheer,CALM_K2,CALM_K2,69.21924,-51.05533,2020,,67,probe,direct_eos,1,Greenland,NAtlantic,"Scheer, Johanna; Caduff, Rafael; How, Penelope; Marcer, Marco; Strozzi, Tazio; Bartsch, Annett; Ingeman-Nielsen, Thomas (2024): Mapping the frost susceptibility of the ground from thaw-season InSAR surface displacements and extrapolated active layer thicknesses, Ilulissat, West-Greenland [dataset]. PANGAEA, https://doi.org/10.1594/PANGAEA.964306",CC-BY-4.0,Greenland,,dataset_statement,annual_value,,,,0.00001,,,0,,,ok,grp=CALM_grid
grl_ilulissat_scheer,CALM_K2,CALM_K2,69.21924,-51.05533,2021,,65,probe,direct_eos,1,Greenland,NAtlantic,"Scheer, Johanna; Caduff, Rafael; How, Penelope; Marcer, Marco; Strozzi, Tazio; Bartsch, Annett; Ingeman-Nielsen, Thomas (2024): Mapping the frost susceptibility of the ground from thaw-season InSAR surface displacements and extrapolated active layer thicknesses, Ilulissat, West-Greenland [dataset]. PANGAEA, https://doi.org/10.1594/PANGAEA.964306",CC-BY-4.0,Greenland,,dataset_statement,annual_value,,,,0.00001,,,0,,,ok,grp=CALM_grid
grl_ilulissat_scheer,CALM_A3,CALM_A3,69.21895,-51.0544,2020,,76.5,probe,direct_eos,1,Greenland,NAtlantic,"Scheer, Johanna; Caduff, Rafael; How, Penelope; Marcer, Marco; Strozzi, Tazio; Bartsch, Annett; Ingeman-Nielsen, Thomas (2024): Mapping the frost susceptibility of the ground from thaw-season InSAR surface displacements and extrapolated active layer thicknesses, Ilulissat, West-Greenland [dataset]. PANGAEA, https://doi.org/10.1594/PANGAEA.964306",CC-BY-4.0,Greenland,,dataset_statement,annual_value,,,,0.00001,,,0,,,ok,grp=CALM_grid
grl_ilulissat_scheer,CALM_A3,CALM_A3,69.21895,-51.0544,2021,,83,probe,direct_eos,1,Greenland,NAtlantic,"Scheer, Johanna; Caduff, Rafael; How, Penelope; Marcer, Marco; Strozzi, Tazio; Bartsch, Annett; Ingeman-Nielsen, Thomas (2024): Mapping the frost susceptibility of the ground from thaw-season InSAR surface displacements and extrapolated active layer thicknesses, Ilulissat, West-Greenland [dataset]. PANGAEA, https://doi.org/10.1594/PANGAEA.964306",CC-BY-4.0,Greenland,,dataset_statement,annual_value,,,,0.00001,,,0,,,ok,grp=CALM_grid
grl_ilulissat_scheer,CALM_B3,CALM_B3,69.21897,-51.0545,2020,,73,probe,direct_eos,1,Greenland,NAtlantic,"Scheer, Johanna; Caduff, Rafael; How, Penelope; Marcer, Marco; Strozzi, Tazio; Bartsch, Annett; Ingeman-Nielsen, Thomas (2024): Mapping the frost susceptibility of the ground from thaw-season InSAR surface displacements and extrapolated active layer thicknesses, Ilulissat, West-Greenland [dataset]. PANGAEA, https://doi.org/10.1594/PANGAEA.964306",CC-BY-4.0,Greenland,,dataset_statement,annual_value,,,,0.00001,,,0,,,ok,grp=CALM_grid
grl_ilulissat_scheer,CALM_B3,CALM_B3,69.21897,-51.0545,2021,,72,probe,direct_eos,1,Greenland,NAtlantic,"Scheer, Johanna; Caduff, Rafael; How, Penelope; Marcer, Marco; Strozzi, Tazio; Bartsch, Annett; Ingeman-Nielsen, Thomas (2024): Mapping the frost susceptibility of the ground from thaw-season InSAR surface displacements and extrapolated active layer thicknesses, Ilulissat, West-Greenland [dataset]. PANGAEA, https://doi.org/10.1594/PANGAEA.964306",CC-BY-4.0,Greenland,,dataset_statement,annual_value,,,,0.00001,,,0,,,ok,grp=CALM_grid
grl_ilulissat_scheer,CALM_C3,CALM_C3,69.219,-51.0546,2020,,74,probe,direct_eos,1,Greenland,NAtlantic,"Scheer, Johanna; Caduff, Rafael; How, Penelope; Marcer, Marco; Strozzi, Tazio; Bartsch, Annett; Ingeman-Nielsen, Thomas (2024): Mapping the frost susceptibility of the ground from thaw-season InSAR surface displacements and extrapolated active layer thicknesses, Ilulissat, West-Greenland [dataset]. PANGAEA, https://doi.org/10.1594/PANGAEA.964306",CC-BY-4.0,Greenland,,dataset_statement,annual_value,,,,0.00001,,,0,,,ok,grp=CALM_grid
grl_ilulissat_scheer,CALM_C3,CALM_C3,69.219,-51.0546,2021,,79,probe,direct_eos,1,Greenland,NAtlantic,"Scheer, Johanna; Caduff, Rafael; How, Penelope; Marcer, Marco; Strozzi, Tazio; Bartsch, Annett; Ingeman-Nielsen, Thomas (2024): Mapping the frost susceptibility of the ground from thaw-season InSAR surface displacements and extrapolated active layer thicknesses, Ilulissat, West-Greenland [dataset]. PANGAEA, https://doi.org/10.1594/PANGAEA.964306",CC-BY-4.0,Greenland,,dataset_statement,annual_value,,,,0.00001,,,0,,,ok,grp=CALM_grid
grl_ilulissat_scheer,CALM_D3,CALM_D3,69.21902,-51.0547,2020,,66.5,probe,direct_eos,1,Greenland,NAtlantic,"Scheer, Johanna; Caduff, Rafael; How, Penelope; Marcer, Marco; Strozzi, Tazio; Bartsch, Annett; Ingeman-Nielsen, Thomas (2024): Mapping the frost susceptibility of the ground from thaw-season InSAR surface displacements and extrapolated active layer thicknesses, Ilulissat, West-Greenland [dataset]. PANGAEA, https://doi.org/10.1594/PANGAEA.964306",CC-BY-4.0,Greenland,,dataset_statement,annual_value,,,,0.00001,,,0,,,ok,grp=CALM_grid
grl_ilulissat_scheer,CALM_D3,CALM_D3,69.21902,-51.0547,2021,,66,probe,direct_eos,1,Greenland,NAtlantic,"Scheer, Johanna; Caduff, Rafael; How, Penelope; Marcer, Marco; Strozzi, Tazio; Bartsch, Annett; Ingeman-Nielsen, Thomas (2024): Mapping the frost susceptibility of the ground from thaw-season InSAR surface displacements and extrapolated active layer thicknesses, Ilulissat, West-Greenland [dataset]. PANGAEA, https://doi.org/10.1594/PANGAEA.964306",CC-BY-4.0,Greenland,,dataset_statement,annual_value,,,,0.00001,,,0,,,ok,grp=CALM_grid
grl_ilulissat_scheer,CALM_E3,CALM_E3,69.21905,-51.0548,2020,,68,probe,direct_eos,1,Greenland,NAtlantic,"Scheer, Johanna; Caduff, Rafael; How, Penelope; Marcer, Marco; Strozzi, Tazio; Bartsch, Annett; Ingeman-Nielsen, Thomas (2024): Mapping the frost susceptibility of the ground from thaw-season InSAR surface displacements and extrapolated active layer thicknesses, Ilulissat, West-Greenland [dataset]. PANGAEA, https://doi.org/10.1594/PANGAEA.964306",CC-BY-4.0,Greenland,,dataset_statement,annual_value,,,,0.00001,,,0,,,ok,grp=CALM_grid
grl_ilulissat_scheer,CALM_E3,CALM_E3,69.21905,-51.0548,2021,,71.5,probe,direct_eos,1,Greenland,NAtlantic,"Scheer, Johanna; Caduff, Rafael; How, Penelope; Marcer, Marco; Strozzi, Tazio; Bartsch, Annett; Ingeman-Nielsen, Thomas (2024): Mapping the frost susceptibility of the ground from thaw-season InSAR surface displacements and extrapolated active layer thicknesses, Ilulissat, West-Greenland [dataset]. PANGAEA, https://doi.org/10.1594/PANGAEA.964306",CC-BY-4.0,Greenland,,dataset_statement,annual_value,,,,0.00001,,,0,,,ok,grp=CALM_grid
grl_ilulissat_scheer,CALM_F3,CALM_F3,69.21907,-51.05493,2020,,72.5,probe,direct_eos,1,Greenland,NAtlantic,"Scheer, Johanna; Caduff, Rafael; How, Penelope; Marcer, Marco; Strozzi, Tazio; Bartsch, Annett; Ingeman-Nielsen, Thomas (2024): Mapping the frost susceptibility of the ground from thaw-season InSAR surface displacements and extrapolated active layer thicknesses, Ilulissat, West-Greenland [dataset]. PANGAEA, https://doi.org/10.1594/PANGAEA.964306",CC-BY-4.0,Greenland,,dataset_statement,annual_value,,,,0.00001,,,0,,,ok,grp=CALM_grid
grl_ilulissat_scheer,CALM_F3,CALM_F3,69.21907,-51.05493,2021,,67.5,probe,direct_eos,1,Greenland,NAtlantic,"Scheer, Johanna; Caduff, Rafael; How, Penelope; Marcer, Marco; Strozzi, Tazio; Bartsch, Annett; Ingeman-Nielsen, Thomas (2024): Mapping the frost susceptibility of the ground from thaw-season InSAR surface displacements and extrapolated active layer thicknesses, Ilulissat, West-Greenland [dataset]. PANGAEA, https://doi.org/10.1594/PANGAEA.964306",CC-BY-4.0,Greenland,,dataset_statement,annual_value,,,,0.00001,,,0,,,ok,grp=CALM_grid
grl_ilulissat_scheer,CALM_G3,CALM_G3,69.2191,-51.055,2020,,63.5,probe,direct_eos,1,Greenland,NAtlantic,"Scheer, Johanna; Caduff, Rafael; How, Penelope; Marcer, Marco; Strozzi, Tazio; Bartsch, Annett; Ingeman-Nielsen, Thomas (2024): Mapping the frost susceptibility of the ground from thaw-season InSAR surface displacements and extrapolated active layer thicknesses, Ilulissat, West-Greenland [dataset]. PANGAEA, https://doi.org/10.1594/PANGAEA.964306",CC-BY-4.0,Greenland,,dataset_statement,annual_value,,,,0.00001,,,0,,,ok,grp=CALM_grid
grl_ilulissat_scheer,CALM_G3,CALM_G3,69.2191,-51.055,2021,,63,probe,direct_eos,1,Greenland,NAtlantic,"Scheer, Johanna; Caduff, Rafael; How, Penelope; Marcer, Marco; Strozzi, Tazio; Bartsch, Annett; Ingeman-Nielsen, Thomas (2024): Mapping the frost susceptibility of the ground from thaw-season InSAR surface displacements and extrapolated active layer thicknesses, Ilulissat, West-Greenland [dataset]. PANGAEA, https://doi.org/10.1594/PANGAEA.964306",CC-BY-4.0,Greenland,,dataset_statement,annual_value,,,,0.00001,,,0,,,ok,grp=CALM_grid
grl_ilulissat_scheer,CALM_H3,CALM_H3,69.21913,-51.0551,2020,,55.5,probe,direct_eos,1,Greenland,NAtlantic,"Scheer, Johanna; Caduff, Rafael; How, Penelope; Marcer, Marco; Strozzi, Tazio; Bartsch, Annett; Ingeman-Nielsen, Thomas (2024): Mapping the frost susceptibility of the ground from thaw-season InSAR surface displacements and extrapolated active layer thicknesses, Ilulissat, West-Greenland [dataset]. PANGAEA, https://doi.org/10.1594/PANGAEA.964306",CC-BY-4.0,Greenland,,dataset_statement,annual_value,,,,0.00001,,,0,,,ok,grp=CALM_grid
grl_ilulissat_scheer,CALM_H3,CALM_H3,69.21913,-51.0551,2021,,56.5,probe,direct_eos,1,Greenland,NAtlantic,"Scheer, Johanna; Caduff, Rafael; How, Penelope; Marcer, Marco; Strozzi, Tazio; Bartsch, Annett; Ingeman-Nielsen, Thomas (2024): Mapping the frost susceptibility of the ground from thaw-season InSAR surface displacements and extrapolated active layer thicknesses, Ilulissat, West-Greenland [dataset]. PANGAEA, https://doi.org/10.1594/PANGAEA.964306",CC-BY-4.0,Greenland,,dataset_statement,annual_value,,,,0.00001,,,0,,,ok,grp=CALM_grid
grl_ilulissat_scheer,CALM_I3,CALM_I3,69.21913,-51.05522,2020,,73,probe,direct_eos,1,Greenland,NAtlantic,"Scheer, Johanna; Caduff, Rafael; How, Penelope; Marcer, Marco; Strozzi, Tazio; Bartsch, Annett; Ingeman-Nielsen, Thomas (2024): Mapping the frost susceptibility of the ground from thaw-season InSAR surface displacements and extrapolated active layer thicknesses, Ilulissat, West-Greenland [dataset]. PANGAEA, https://doi.org/10.1594/PANGAEA.964306",CC-BY-4.0,Greenland,,dataset_statement,annual_value,,,,0.00001,,,0,,,ok,grp=CALM_grid
grl_ilulissat_scheer,CALM_I3,CALM_I3,69.21913,-51.05522,2021,,72,probe,direct_eos,1,Greenland,NAtlantic,"Scheer, Johanna; Caduff, Rafael; How, Penelope; Marcer, Marco; Strozzi, Tazio; Bartsch, Annett; Ingeman-Nielsen, Thomas (2024): Mapping the frost susceptibility of the ground from thaw-season InSAR surface displacements and extrapolated active layer thicknesses, Ilulissat, West-Greenland [dataset]. PANGAEA, https://doi.org/10.1594/PANGAEA.964306",CC-BY-4.0,Greenland,,dataset_statement,annual_value,,,,0.00001,,,0,,,ok,grp=CALM_grid
grl_ilulissat_scheer,CALM_J3,CALM_J3,69.21918,-51.0553,2020,,82,probe,direct_eos,1,Greenland,NAtlantic,"Scheer, Johanna; Caduff, Rafael; How, Penelope; Marcer, Marco; Strozzi, Tazio; Bartsch, Annett; Ingeman-Nielsen, Thomas (2024): Mapping the frost susceptibility of the ground from thaw-season InSAR surface displacements and extrapolated active layer thicknesses, Ilulissat, West-Greenland [dataset]. PANGAEA, https://doi.org/10.1594/PANGAEA.964306",CC-BY-4.0,Greenland,,dataset_statement,annual_value,,,,0.00001,,,0,,,ok,grp=CALM_grid
grl_ilulissat_scheer,CALM_J3,CALM_J3,69.21918,-51.0553,2021,,82,probe,direct_eos,1,Greenland,NAtlantic,"Scheer, Johanna; Caduff, Rafael; How, Penelope; Marcer, Marco; Strozzi, Tazio; Bartsch, Annett; Ingeman-Nielsen, Thomas (2024): Mapping the frost susceptibility of the ground from thaw-season InSAR surface displacements and extrapolated active layer thicknesses, Ilulissat, West-Greenland [dataset]. PANGAEA, https://doi.org/10.1594/PANGAEA.964306",CC-BY-4.0,Greenland,,dataset_statement,annual_value,,,,0.00001,,,0,,,ok,grp=CALM_grid
grl_ilulissat_scheer,CALM_K3,CALM_K3,69.21921,-51.0554,2020,,81,probe,direct_eos,1,Greenland,NAtlantic,"Scheer, Johanna; Caduff, Rafael; How, Penelope; Marcer, Marco; Strozzi, Tazio; Bartsch, Annett; Ingeman-Nielsen, Thomas (2024): Mapping the frost susceptibility of the ground from thaw-season InSAR surface displacements and extrapolated active layer thicknesses, Ilulissat, West-Greenland [dataset]. PANGAEA, https://doi.org/10.1594/PANGAEA.964306",CC-BY-4.0,Greenland,,dataset_statement,annual_value,,,,0.00001,,,0,,,ok,grp=CALM_grid
grl_ilulissat_scheer,CALM_K3,CALM_K3,69.21921,-51.0554,2021,,78,probe,direct_eos,1,Greenland,NAtlantic,"Scheer, Johanna; Caduff, Rafael; How, Penelope; Marcer, Marco; Strozzi, Tazio; Bartsch, Annett; Ingeman-Nielsen, Thomas (2024): Mapping the frost susceptibility of the ground from thaw-season InSAR surface displacements and extrapolated active layer thicknesses, Ilulissat, West-Greenland [dataset]. PANGAEA, https://doi.org/10.1594/PANGAEA.964306",CC-BY-4.0,Greenland,,dataset_statement,annual_value,,,,0.00001,,,0,,,ok,grp=CALM_grid
grl_ilulissat_scheer,CALM_A4,CALM_A4,69.21891,-51.05448,2020,,65,probe,direct_eos,1,Greenland,NAtlantic,"Scheer, Johanna; Caduff, Rafael; How, Penelope; Marcer, Marco; Strozzi, Tazio; Bartsch, Annett; Ingeman-Nielsen, Thomas (2024): Mapping the frost susceptibility of the ground from thaw-season InSAR surface displacements and extrapolated active layer thicknesses, Ilulissat, West-Greenland [dataset]. PANGAEA, https://doi.org/10.1594/PANGAEA.964306",CC-BY-4.0,Greenland,,dataset_statement,annual_value,,,,0.00001,,,0,,,ok,grp=CALM_grid
grl_ilulissat_scheer,CALM_A4,CALM_A4,69.21891,-51.05448,2021,,60.5,probe,direct_eos,1,Greenland,NAtlantic,"Scheer, Johanna; Caduff, Rafael; How, Penelope; Marcer, Marco; Strozzi, Tazio; Bartsch, Annett; Ingeman-Nielsen, Thomas (2024): Mapping the frost susceptibility of the ground from thaw-season InSAR surface displacements and extrapolated active layer thicknesses, Ilulissat, West-Greenland [dataset]. PANGAEA, https://doi.org/10.1594/PANGAEA.964306",CC-BY-4.0,Greenland,,dataset_statement,annual_value,,,,0.00001,,,0,,,ok,grp=CALM_grid
grl_ilulissat_scheer,CALM_B4,CALM_B4,69.21894,-51.05458,2020,,70,probe,direct_eos,1,Greenland,NAtlantic,"Scheer, Johanna; Caduff, Rafael; How, Penelope; Marcer, Marco; Strozzi, Tazio; Bartsch, Annett; Ingeman-Nielsen, Thomas (2024): Mapping the frost susceptibility of the ground from thaw-season InSAR surface displacements and extrapolated active layer thicknesses, Ilulissat, West-Greenland [dataset]. PANGAEA, https://doi.org/10.1594/PANGAEA.964306",CC-BY-4.0,Greenland,,dataset_statement,annual_value,,,,0.00001,,,0,,,ok,grp=CALM_grid
grl_ilulissat_scheer,CALM_B4,CALM_B4,69.21894,-51.05458,2021,,70.5,probe,direct_eos,1,Greenland,NAtlantic,"Scheer, Johanna; Caduff, Rafael; How, Penelope; Marcer, Marco; Strozzi, Tazio; Bartsch, Annett; Ingeman-Nielsen, Thomas (2024): Mapping the frost susceptibility of the ground from thaw-season InSAR surface displacements and extrapolated active layer thicknesses, Ilulissat, West-Greenland [dataset]. PANGAEA, https://doi.org/10.1594/PANGAEA.964306",CC-BY-4.0,Greenland,,dataset_statement,annual_value,,,,0.00001,,,0,,,ok,grp=CALM_grid
grl_ilulissat_scheer,CALM_C4,CALM_C4,69.21896,-51.05468,2020,,53,probe,direct_eos,1,Greenland,NAtlantic,"Scheer, Johanna; Caduff, Rafael; How, Penelope; Marcer, Marco; Strozzi, Tazio; Bartsch, Annett; Ingeman-Nielsen, Thomas (2024): Mapping the frost susceptibility of the ground from thaw-season InSAR surface displacements and extrapolated active layer thicknesses, Ilulissat, West-Greenland [dataset]. PANGAEA, https://doi.org/10.1594/PANGAEA.964306",CC-BY-4.0,Greenland,,dataset_statement,annual_value,,,,0.00001,,,0,,,ok,grp=CALM_grid
grl_ilulissat_scheer,CALM_C4,CALM_C4,69.21896,-51.05468,2021,,53,probe,direct_eos,1,Greenland,NAtlantic,"Scheer, Johanna; Caduff, Rafael; How, Penelope; Marcer, Marco; Strozzi, Tazio; Bartsch, Annett; Ingeman-Nielsen, Thomas (2024): Mapping the frost susceptibility of the ground from thaw-season InSAR surface displacements and extrapolated active layer thicknesses, Ilulissat, West-Greenland [dataset]. PANGAEA, https://doi.org/10.1594/PANGAEA.964306",CC-BY-4.0,Greenland,,dataset_statement,annual_value,,,,0.00001,,,0,,,ok,grp=CALM_grid
grl_ilulissat_scheer,CALM_D4,CALM_D4,69.21899,-51.05478,2020,,55.5,probe,direct_eos,1,Greenland,NAtlantic,"Scheer, Johanna; Caduff, Rafael; How, Penelope; Marcer, Marco; Strozzi, Tazio; Bartsch, Annett; Ingeman-Nielsen, Thomas (2024): Mapping the frost susceptibility of the ground from thaw-season InSAR surface displacements and extrapolated active layer thicknesses, Ilulissat, West-Greenland [dataset]. PANGAEA, https://doi.org/10.1594/PANGAEA.964306",CC-BY-4.0,Greenland,,dataset_statement,annual_value,,,,0.00001,,,0,,,ok,grp=CALM_grid
grl_ilulissat_scheer,CALM_D4,CALM_D4,69.21899,-51.05478,2021,,66,probe,direct_eos,1,Greenland,NAtlantic,"Scheer, Johanna; Caduff, Rafael; How, Penelope; Marcer, Marco; Strozzi, Tazio; Bartsch, Annett; Ingeman-Nielsen, Thomas (2024): Mapping the frost susceptibility of the ground from thaw-season InSAR surface displacements and extrapolated active layer thicknesses, Ilulissat, West-Greenland [dataset]. PANGAEA, https://doi.org/10.1594/PANGAEA.964306",CC-BY-4.0,Greenland,,dataset_statement,annual_value,,,,0.00001,,,0,,,ok,grp=CALM_grid
grl_ilulissat_scheer,CALM_E4,CALM_E4,69.21901,-51.05488,2020,,66.5,probe,direct_eos,1,Greenland,NAtlantic,"Scheer, Johanna; Caduff, Rafael; How, Penelope; Marcer, Marco; Strozzi, Tazio; Bartsch, Annett; Ingeman-Nielsen, Thomas (2024): Mapping the frost susceptibility of the ground from thaw-season InSAR surface displacements and extrapolated active layer thicknesses, Ilulissat, West-Greenland [dataset]. PANGAEA, https://doi.org/10.1594/PANGAEA.964306",CC-BY-4.0,Greenland,,dataset_statement,annual_value,,,,0.00001,,,0,,,ok,grp=CALM_grid
grl_ilulissat_scheer,CALM_E4,CALM_E4,69.21901,-51.05488,2021,,70.5,probe,direct_eos,1,Greenland,NAtlantic,"Scheer, Johanna; Caduff, Rafael; How, Penelope; Marcer, Marco; Strozzi, Tazio; Bartsch, Annett; Ingeman-Nielsen, Thomas (2024): Mapping the frost susceptibility of the ground from thaw-season InSAR surface displacements and extrapolated active layer thicknesses, Ilulissat, West-Greenland [dataset]. PANGAEA, https://doi.org/10.1594/PANGAEA.964306",CC-BY-4.0,Greenland,,dataset_statement,annual_value,,,,0.00001,,,0,,,ok,grp=CALM_grid
grl_ilulissat_scheer,CALM_F4,CALM_F4,69.21904,-51.05498,2020,,69,probe,direct_eos,1,Greenland,NAtlantic,"Scheer, Johanna; Caduff, Rafael; How, Penelope; Marcer, Marco; Strozzi, Tazio; Bartsch, Annett; Ingeman-Nielsen, Thomas (2024): Mapping the frost susceptibility of the ground from thaw-season InSAR surface displacements and extrapolated active layer thicknesses, Ilulissat, West-Greenland [dataset]. PANGAEA, https://doi.org/10.1594/PANGAEA.964306",CC-BY-4.0,Greenland,,dataset_statement,annual_value,,,,0.00001,,,0,,,ok,grp=CALM_grid
grl_ilulissat_scheer,CALM_F4,CALM_F4,69.21904,-51.05498,2021,,60,probe,direct_eos,1,Greenland,NAtlantic,"Scheer, Johanna; Caduff, Rafael; How, Penelope; Marcer, Marco; Strozzi, Tazio; Bartsch, Annett; Ingeman-Nielsen, Thomas (2024): Mapping the frost susceptibility of the ground from thaw-season InSAR surface displacements and extrapolated active layer thicknesses, Ilulissat, West-Greenland [dataset]. PANGAEA, https://doi.org/10.1594/PANGAEA.964306",CC-BY-4.0,Greenland,,dataset_statement,annual_value,,,,0.00001,,,0,,,ok,grp=CALM_grid
grl_ilulissat_scheer,CALM_G4,CALM_G4,69.21907,-51.05508,2020,,80,probe,direct_eos,1,Greenland,NAtlantic,"Scheer, Johanna; Caduff, Rafael; How, Penelope; Marcer, Marco; Strozzi, Tazio; Bartsch, Annett; Ingeman-Nielsen, Thomas (2024): Mapping the frost susceptibility of the ground from thaw-season InSAR surface displacements and extrapolated active layer thicknesses, Ilulissat, West-Greenland [dataset]. PANGAEA, https://doi.org/10.1594/PANGAEA.964306",CC-BY-4.0,Greenland,,dataset_statement,annual_value,,,,0.00001,,,0,,,ok,grp=CALM_grid
grl_ilulissat_scheer,CALM_G4,CALM_G4,69.21907,-51.05508,2021,,78,probe,direct_eos,1,Greenland,NAtlantic,"Scheer, Johanna; Caduff, Rafael; How, Penelope; Marcer, Marco; Strozzi, Tazio; Bartsch, Annett; Ingeman-Nielsen, Thomas (2024): Mapping the frost susceptibility of the ground from thaw-season InSAR surface displacements and extrapolated active layer thicknesses, Ilulissat, West-Greenland [dataset]. PANGAEA, https://doi.org/10.1594/PANGAEA.964306",CC-BY-4.0,Greenland,,dataset_statement,annual_value,,,,0.00001,,,0,,,ok,grp=CALM_grid
grl_ilulissat_scheer,CALM_H4,CALM_H4,69.21909,-51.05517,2020,,72,probe,direct_eos,1,Greenland,NAtlantic,"Scheer, Johanna; Caduff, Rafael; How, Penelope; Marcer, Marco; Strozzi, Tazio; Bartsch, Annett; Ingeman-Nielsen, Thomas (2024): Mapping the frost susceptibility of the ground from thaw-season InSAR surface displacements and extrapolated active layer thicknesses, Ilulissat, West-Greenland [dataset]. PANGAEA, https://doi.org/10.1594/PANGAEA.964306",CC-BY-4.0,Greenland,,dataset_statement,annual_value,,,,0.00001,,,0,,,ok,grp=CALM_grid
grl_ilulissat_scheer,CALM_H4,CALM_H4,69.21909,-51.05517,2021,,72.5,probe,direct_eos,1,Greenland,NAtlantic,"Scheer, Johanna; Caduff, Rafael; How, Penelope; Marcer, Marco; Strozzi, Tazio; Bartsch, Annett; Ingeman-Nielsen, Thomas (2024): Mapping the frost susceptibility of the ground from thaw-season InSAR surface displacements and extrapolated active layer thicknesses, Ilulissat, West-Greenland [dataset]. PANGAEA, https://doi.org/10.1594/PANGAEA.964306",CC-BY-4.0,Greenland,,dataset_statement,annual_value,,,,0.00001,,,0,,,ok,grp=CALM_grid
grl_ilulissat_scheer,CALM_I4,CALM_I4,69.21912,-51.05527,2020,,76,probe,direct_eos,1,Greenland,NAtlantic,"Scheer, Johanna; Caduff, Rafael; How, Penelope; Marcer, Marco; Strozzi, Tazio; Bartsch, Annett; Ingeman-Nielsen, Thomas (2024): Mapping the frost susceptibility of the ground from thaw-season InSAR surface displacements and extrapolated active layer thicknesses, Ilulissat, West-Greenland [dataset]. PANGAEA, https://doi.org/10.1594/PANGAEA.964306",CC-BY-4.0,Greenland,,dataset_statement,annual_value,,,,0.00001,,,0,,,ok,grp=CALM_grid
grl_ilulissat_scheer,CALM_I4,CALM_I4,69.21912,-51.05527,2021,,78.5,probe,direct_eos,1,Greenland,NAtlantic,"Scheer, Johanna; Caduff, Rafael; How, Penelope; Marcer, Marco; Strozzi, Tazio; Bartsch, Annett; Ingeman-Nielsen, Thomas (2024): Mapping the frost susceptibility of the ground from thaw-season InSAR surface displacements and extrapolated active layer thicknesses, Ilulissat, West-Greenland [dataset]. PANGAEA, https://doi.org/10.1594/PANGAEA.964306",CC-BY-4.0,Greenland,,dataset_statement,annual_value,,,,0.00001,,,0,,,ok,grp=CALM_grid
grl_ilulissat_scheer,CALM_J4,CALM_J4,69.21914,-51.05537,2020,,77,probe,direct_eos,1,Greenland,NAtlantic,"Scheer, Johanna; Caduff, Rafael; How, Penelope; Marcer, Marco; Strozzi, Tazio; Bartsch, Annett; Ingeman-Nielsen, Thomas (2024): Mapping the frost susceptibility of the ground from thaw-season InSAR surface displacements and extrapolated active layer thicknesses, Ilulissat, West-Greenland [dataset]. PANGAEA, https://doi.org/10.1594/PANGAEA.964306",CC-BY-4.0,Greenland,,dataset_statement,annual_value,,,,0.00001,,,0,,,ok,grp=CALM_grid
grl_ilulissat_scheer,CALM_J4,CALM_J4,69.21914,-51.05537,2021,,75,probe,direct_eos,1,Greenland,NAtlantic,"Scheer, Johanna; Caduff, Rafael; How, Penelope; Marcer, Marco; Strozzi, Tazio; Bartsch, Annett; Ingeman-Nielsen, Thomas (2024): Mapping the frost susceptibility of the ground from thaw-season InSAR surface displacements and extrapolated active layer thicknesses, Ilulissat, West-Greenland [dataset]. PANGAEA, https://doi.org/10.1594/PANGAEA.964306",CC-BY-4.0,Greenland,,dataset_statement,annual_value,,,,0.00001,,,0,,,ok,grp=CALM_grid
grl_ilulissat_scheer,CALM_K4,CALM_K4,69.21917,-51.05547,2020,,77.5,probe,direct_eos,1,Greenland,NAtlantic,"Scheer, Johanna; Caduff, Rafael; How, Penelope; Marcer, Marco; Strozzi, Tazio; Bartsch, Annett; Ingeman-Nielsen, Thomas (2024): Mapping the frost susceptibility of the ground from thaw-season InSAR surface displacements and extrapolated active layer thicknesses, Ilulissat, West-Greenland [dataset]. PANGAEA, https://doi.org/10.1594/PANGAEA.964306",CC-BY-4.0,Greenland,,dataset_statement,annual_value,,,,0.00001,,,0,,,ok,grp=CALM_grid
grl_ilulissat_scheer,CALM_K4,CALM_K4,69.21917,-51.05547,2021,,82,probe,direct_eos,1,Greenland,NAtlantic,"Scheer, Johanna; Caduff, Rafael; How, Penelope; Marcer, Marco; Strozzi, Tazio; Bartsch, Annett; Ingeman-Nielsen, Thomas (2024): Mapping the frost susceptibility of the ground from thaw-season InSAR surface displacements and extrapolated active layer thicknesses, Ilulissat, West-Greenland [dataset]. PANGAEA, https://doi.org/10.1594/PANGAEA.964306",CC-BY-4.0,Greenland,,dataset_statement,annual_value,,,,0.00001,,,0,,,ok,grp=CALM_grid
grl_ilulissat_scheer,CALM_A5,CALM_A5,69.21887,-51.05455,2020,,56.5,probe,direct_eos,1,Greenland,NAtlantic,"Scheer, Johanna; Caduff, Rafael; How, Penelope; Marcer, Marco; Strozzi, Tazio; Bartsch, Annett; Ingeman-Nielsen, Thomas (2024): Mapping the frost susceptibility of the ground from thaw-season InSAR surface displacements and extrapolated active layer thicknesses, Ilulissat, West-Greenland [dataset]. PANGAEA, https://doi.org/10.1594/PANGAEA.964306",CC-BY-4.0,Greenland,,dataset_statement,annual_value,,,,0.00001,,,0,,,ok,grp=CALM_grid
grl_ilulissat_scheer,CALM_A5,CALM_A5,69.21887,-51.05455,2021,,59,probe,direct_eos,1,Greenland,NAtlantic,"Scheer, Johanna; Caduff, Rafael; How, Penelope; Marcer, Marco; Strozzi, Tazio; Bartsch, Annett; Ingeman-Nielsen, Thomas (2024): Mapping the frost susceptibility of the ground from thaw-season InSAR surface displacements and extrapolated active layer thicknesses, Ilulissat, West-Greenland [dataset]. PANGAEA, https://doi.org/10.1594/PANGAEA.964306",CC-BY-4.0,Greenland,,dataset_statement,annual_value,,,,0.00001,,,0,,,ok,grp=CALM_grid
grl_ilulissat_scheer,CALM_B5,CALM_B5,69.2189,-51.05465,2020,,75.5,probe,direct_eos,1,Greenland,NAtlantic,"Scheer, Johanna; Caduff, Rafael; How, Penelope; Marcer, Marco; Strozzi, Tazio; Bartsch, Annett; Ingeman-Nielsen, Thomas (2024): Mapping the frost susceptibility of the ground from thaw-season InSAR surface displacements and extrapolated active layer thicknesses, Ilulissat, West-Greenland [dataset]. PANGAEA, https://doi.org/10.1594/PANGAEA.964306",CC-BY-4.0,Greenland,,dataset_statement,annual_value,,,,0.00001,,,0,,,ok,grp=CALM_grid
grl_ilulissat_scheer,CALM_B5,CALM_B5,69.2189,-51.05465,2021,,81.5,probe,direct_eos,1,Greenland,NAtlantic,"Scheer, Johanna; Caduff, Rafael; How, Penelope; Marcer, Marco; Strozzi, Tazio; Bartsch, Annett; Ingeman-Nielsen, Thomas (2024): Mapping the frost susceptibility of the ground from thaw-season InSAR surface displacements and extrapolated active layer thicknesses, Ilulissat, West-Greenland [dataset]. PANGAEA, https://doi.org/10.1594/PANGAEA.964306",CC-BY-4.0,Greenland,,dataset_statement,annual_value,,,,0.00001,,,0,,,ok,grp=CALM_grid
grl_ilulissat_scheer,CALM_C5,CALM_C5,69.21893,-51.05475,2020,,69,probe,direct_eos,1,Greenland,NAtlantic,"Scheer, Johanna; Caduff, Rafael; How, Penelope; Marcer, Marco; Strozzi, Tazio; Bartsch, Annett; Ingeman-Nielsen, Thomas (2024): Mapping the frost susceptibility of the ground from thaw-season InSAR surface displacements and extrapolated active layer thicknesses, Ilulissat, West-Greenland [dataset]. PANGAEA, https://doi.org/10.1594/PANGAEA.964306",CC-BY-4.0,Greenland,,dataset_statement,annual_value,,,,0.00001,,,0,,,ok,grp=CALM_grid
grl_ilulissat_scheer,CALM_C5,CALM_C5,69.21893,-51.05475,2021,,72,probe,direct_eos,1,Greenland,NAtlantic,"Scheer, Johanna; Caduff, Rafael; How, Penelope; Marcer, Marco; Strozzi, Tazio; Bartsch, Annett; Ingeman-Nielsen, Thomas (2024): Mapping the frost susceptibility of the ground from thaw-season InSAR surface displacements and extrapolated active layer thicknesses, Ilulissat, West-Greenland [dataset]. PANGAEA, https://doi.org/10.1594/PANGAEA.964306",CC-BY-4.0,Greenland,,dataset_statement,annual_value,,,,0.00001,,,0,,,ok,grp=CALM_grid
grl_ilulissat_scheer,CALM_D5,CALM_D5,69.21895,-51.05485,2020,,64,probe,direct_eos,1,Greenland,NAtlantic,"Scheer, Johanna; Caduff, Rafael; How, Penelope; Marcer, Marco; Strozzi, Tazio; Bartsch, Annett; Ingeman-Nielsen, Thomas (2024): Mapping the frost susceptibility of the ground from thaw-season InSAR surface displacements and extrapolated active layer thicknesses, Ilulissat, West-Greenland [dataset]. PANGAEA, https://doi.org/10.1594/PANGAEA.964306",CC-BY-4.0,Greenland,,dataset_statement,annual_value,,,,0.00001,,,0,,,ok,grp=CALM_grid
grl_ilulissat_scheer,CALM_D5,CALM_D5,69.21895,-51.05485,2021,,72,probe,direct_eos,1,Greenland,NAtlantic,"Scheer, Johanna; Caduff, Rafael; How, Penelope; Marcer, Marco; Strozzi, Tazio; Bartsch, Annett; Ingeman-Nielsen, Thomas (2024): Mapping the frost susceptibility of the ground from thaw-season InSAR surface displacements and extrapolated active layer thicknesses, Ilulissat, West-Greenland [dataset]. PANGAEA, https://doi.org/10.1594/PANGAEA.964306",CC-BY-4.0,Greenland,,dataset_statement,annual_value,,,,0.00001,,,0,,,ok,grp=CALM_grid
grl_ilulissat_scheer,CALM_E5,CALM_E5,69.21898,-51.05495,2020,,65,probe,direct_eos,1,Greenland,NAtlantic,"Scheer, Johanna; Caduff, Rafael; How, Penelope; Marcer, Marco; Strozzi, Tazio; Bartsch, Annett; Ingeman-Nielsen, Thomas (2024): Mapping the frost susceptibility of the ground from thaw-season InSAR surface displacements and extrapolated active layer thicknesses, Ilulissat, West-Greenland [dataset]. PANGAEA, https://doi.org/10.1594/PANGAEA.964306",CC-BY-4.0,Greenland,,dataset_statement,annual_value,,,,0.00001,,,0,,,ok,grp=CALM_grid
grl_ilulissat_scheer,CALM_E5,CALM_E5,69.21898,-51.05495,2021,,72.5,probe,direct_eos,1,Greenland,NAtlantic,"Scheer, Johanna; Caduff, Rafael; How, Penelope; Marcer, Marco; Strozzi, Tazio; Bartsch, Annett; Ingeman-Nielsen, Thomas (2024): Mapping the frost susceptibility of the ground from thaw-season InSAR surface displacements and extrapolated active layer thicknesses, Ilulissat, West-Greenland [dataset]. PANGAEA, https://doi.org/10.1594/PANGAEA.964306",CC-BY-4.0,Greenland,,dataset_statement,annual_value,,,,0.00001,,,0,,,ok,grp=CALM_grid
grl_ilulissat_scheer,CALM_F5,CALM_F5,69.219,-51.05505,2020,,71.5,probe,direct_eos,1,Greenland,NAtlantic,"Scheer, Johanna; Caduff, Rafael; How, Penelope; Marcer, Marco; Strozzi, Tazio; Bartsch, Annett; Ingeman-Nielsen, Thomas (2024): Mapping the frost susceptibility of the ground from thaw-season InSAR surface displacements and extrapolated active layer thicknesses, Ilulissat, West-Greenland [dataset]. PANGAEA, https://doi.org/10.1594/PANGAEA.964306",CC-BY-4.0,Greenland,,dataset_statement,annual_value,,,,0.00001,,,0,,,ok,grp=CALM_grid
grl_ilulissat_scheer,CALM_F5,CALM_F5,69.219,-51.05505,2021,,72.5,probe,direct_eos,1,Greenland,NAtlantic,"Scheer, Johanna; Caduff, Rafael; How, Penelope; Marcer, Marco; Strozzi, Tazio; Bartsch, Annett; Ingeman-Nielsen, Thomas (2024): Mapping the frost susceptibility of the ground from thaw-season InSAR surface displacements and extrapolated active layer thicknesses, Ilulissat, West-Greenland [dataset]. PANGAEA, https://doi.org/10.1594/PANGAEA.964306",CC-BY-4.0,Greenland,,dataset_statement,annual_value,,,,0.00001,,,0,,,ok,grp=CALM_grid
grl_ilulissat_scheer,CALM_G5,CALM_G5,69.21903,-51.05515,2020,,67.5,probe,direct_eos,1,Greenland,NAtlantic,"Scheer, Johanna; Caduff, Rafael; How, Penelope; Marcer, Marco; Strozzi, Tazio; Bartsch, Annett; Ingeman-Nielsen, Thomas (2024): Mapping the frost susceptibility of the ground from thaw-season InSAR surface displacements and extrapolated active layer thicknesses, Ilulissat, West-Greenland [dataset]. PANGAEA, https://doi.org/10.1594/PANGAEA.964306",CC-BY-4.0,Greenland,,dataset_statement,annual_value,,,,0.00001,,,0,,,ok,grp=CALM_grid
grl_ilulissat_scheer,CALM_G5,CALM_G5,69.21903,-51.05515,2021,,71,probe,direct_eos,1,Greenland,NAtlantic,"Scheer, Johanna; Caduff, Rafael; How, Penelope; Marcer, Marco; Strozzi, Tazio; Bartsch, Annett; Ingeman-Nielsen, Thomas (2024): Mapping the frost susceptibility of the ground from thaw-season InSAR surface displacements and extrapolated active layer thicknesses, Ilulissat, West-Greenland [dataset]. PANGAEA, https://doi.org/10.1594/PANGAEA.964306",CC-BY-4.0,Greenland,,dataset_statement,annual_value,,,,0.00001,,,0,,,ok,grp=CALM_grid
grl_ilulissat_scheer,CALM_H5,CALM_H5,69.21906,-51.05525,2020,,72,probe,direct_eos,1,Greenland,NAtlantic,"Scheer, Johanna; Caduff, Rafael; How, Penelope; Marcer, Marco; Strozzi, Tazio; Bartsch, Annett; Ingeman-Nielsen, Thomas (2024): Mapping the frost susceptibility of the ground from thaw-season InSAR surface displacements and extrapolated active layer thicknesses, Ilulissat, West-Greenland [dataset]. PANGAEA, https://doi.org/10.1594/PANGAEA.964306",CC-BY-4.0,Greenland,,dataset_statement,annual_value,,,,0.00001,,,0,,,ok,grp=CALM_grid | src_comment=Data from iB A5-A30 included here / PFT % estimated | florsurv_date=2020-09-02(식생 조사일)
grl_ilulissat_scheer,CALM_H5,CALM_H5,69.21906,-51.05525,2021,,76.5,probe,direct_eos,1,Greenland,NAtlantic,"Scheer, Johanna; Caduff, Rafael; How, Penelope; Marcer, Marco; Strozzi, Tazio; Bartsch, Annett; Ingeman-Nielsen, Thomas (2024): Mapping the frost susceptibility of the ground from thaw-season InSAR surface displacements and extrapolated active layer thicknesses, Ilulissat, West-Greenland [dataset]. PANGAEA, https://doi.org/10.1594/PANGAEA.964306",CC-BY-4.0,Greenland,,dataset_statement,annual_value,,,,0.00001,,,0,,,ok,grp=CALM_grid | src_comment=Data from iB A5-A30 included here / PFT % estimated | florsurv_date=2020-09-02(식생 조사일)
grl_ilulissat_scheer,CALM_I5,CALM_I5,69.21908,-51.05535,2020,,65.5,probe,direct_eos,1,Greenland,NAtlantic,"Scheer, Johanna; Caduff, Rafael; How, Penelope; Marcer, Marco; Strozzi, Tazio; Bartsch, Annett; Ingeman-Nielsen, Thomas (2024): Mapping the frost susceptibility of the ground from thaw-season InSAR surface displacements and extrapolated active layer thicknesses, Ilulissat, West-Greenland [dataset]. PANGAEA, https://doi.org/10.1594/PANGAEA.964306",CC-BY-4.0,Greenland,,dataset_statement,annual_value,,,,0.00001,,,0,,,ok,grp=CALM_grid
grl_ilulissat_scheer,CALM_I5,CALM_I5,69.21908,-51.05535,2021,,74,probe,direct_eos,1,Greenland,NAtlantic,"Scheer, Johanna; Caduff, Rafael; How, Penelope; Marcer, Marco; Strozzi, Tazio; Bartsch, Annett; Ingeman-Nielsen, Thomas (2024): Mapping the frost susceptibility of the ground from thaw-season InSAR surface displacements and extrapolated active layer thicknesses, Ilulissat, West-Greenland [dataset]. PANGAEA, https://doi.org/10.1594/PANGAEA.964306",CC-BY-4.0,Greenland,,dataset_statement,annual_value,,,,0.00001,,,0,,,ok,grp=CALM_grid
grl_ilulissat_scheer,CALM_J5,CALM_J5,69.21911,-51.05545,2020,,73,probe,direct_eos,1,Greenland,NAtlantic,"Scheer, Johanna; Caduff, Rafael; How, Penelope; Marcer, Marco; Strozzi, Tazio; Bartsch, Annett; Ingeman-Nielsen, Thomas (2024): Mapping the frost susceptibility of the ground from thaw-season InSAR surface displacements and extrapolated active layer thicknesses, Ilulissat, West-Greenland [dataset]. PANGAEA, https://doi.org/10.1594/PANGAEA.964306",CC-BY-4.0,Greenland,,dataset_statement,annual_value,,,,0.00001,,,0,,,ok,grp=CALM_grid
grl_ilulissat_scheer,CALM_J5,CALM_J5,69.21911,-51.05545,2021,,76.5,probe,direct_eos,1,Greenland,NAtlantic,"Scheer, Johanna; Caduff, Rafael; How, Penelope; Marcer, Marco; Strozzi, Tazio; Bartsch, Annett; Ingeman-Nielsen, Thomas (2024): Mapping the frost susceptibility of the ground from thaw-season InSAR surface displacements and extrapolated active layer thicknesses, Ilulissat, West-Greenland [dataset]. PANGAEA, https://doi.org/10.1594/PANGAEA.964306",CC-BY-4.0,Greenland,,dataset_statement,annual_value,,,,0.00001,,,0,,,ok,grp=CALM_grid
grl_ilulissat_scheer,CALM_K5,CALM_K5,69.21913,-51.05555,2020,,75.5,probe,direct_eos,1,Greenland,NAtlantic,"Scheer, Johanna; Caduff, Rafael; How, Penelope; Marcer, Marco; Strozzi, Tazio; Bartsch, Annett; Ingeman-Nielsen, Thomas (2024): Mapping the frost susceptibility of the ground from thaw-season InSAR surface displacements and extrapolated active layer thicknesses, Ilulissat, West-Greenland [dataset]. PANGAEA, https://doi.org/10.1594/PANGAEA.964306",CC-BY-4.0,Greenland,,dataset_statement,annual_value,,,,0.00001,,,0,,,ok,grp=CALM_grid
grl_ilulissat_scheer,CALM_K5,CALM_K5,69.21913,-51.05555,2021,,83.5,probe,direct_eos,1,Greenland,NAtlantic,"Scheer, Johanna; Caduff, Rafael; How, Penelope; Marcer, Marco; Strozzi, Tazio; Bartsch, Annett; Ingeman-Nielsen, Thomas (2024): Mapping the frost susceptibility of the ground from thaw-season InSAR surface displacements and extrapolated active layer thicknesses, Ilulissat, West-Greenland [dataset]. PANGAEA, https://doi.org/10.1594/PANGAEA.964306",CC-BY-4.0,Greenland,,dataset_statement,annual_value,,,,0.00001,,,0,,,ok,grp=CALM_grid
grl_ilulissat_scheer,CALM_A6,CALM_A6,69.21883,-51.05463,2020,,48,probe,direct_eos,1,Greenland,NAtlantic,"Scheer, Johanna; Caduff, Rafael; How, Penelope; Marcer, Marco; Strozzi, Tazio; Bartsch, Annett; Ingeman-Nielsen, Thomas (2024): Mapping the frost susceptibility of the ground from thaw-season InSAR surface displacements and extrapolated active layer thicknesses, Ilulissat, West-Greenland [dataset]. PANGAEA, https://doi.org/10.1594/PANGAEA.964306",CC-BY-4.0,Greenland,,dataset_statement,annual_value,,,,0.00001,,,0,,,ok,grp=CALM_grid
grl_ilulissat_scheer,CALM_A6,CALM_A6,69.21883,-51.05463,2021,,51,probe,direct_eos,1,Greenland,NAtlantic,"Scheer, Johanna; Caduff, Rafael; How, Penelope; Marcer, Marco; Strozzi, Tazio; Bartsch, Annett; Ingeman-Nielsen, Thomas (2024): Mapping the frost susceptibility of the ground from thaw-season InSAR surface displacements and extrapolated active layer thicknesses, Ilulissat, West-Greenland [dataset]. PANGAEA, https://doi.org/10.1594/PANGAEA.964306",CC-BY-4.0,Greenland,,dataset_statement,annual_value,,,,0.00001,,,0,,,ok,grp=CALM_grid
grl_ilulissat_scheer,CALM_B6,CALM_B6,69.21886,-51.05472,2020,,64,probe,direct_eos,1,Greenland,NAtlantic,"Scheer, Johanna; Caduff, Rafael; How, Penelope; Marcer, Marco; Strozzi, Tazio; Bartsch, Annett; Ingeman-Nielsen, Thomas (2024): Mapping the frost susceptibility of the ground from thaw-season InSAR surface displacements and extrapolated active layer thicknesses, Ilulissat, West-Greenland [dataset]. PANGAEA, https://doi.org/10.1594/PANGAEA.964306",CC-BY-4.0,Greenland,,dataset_statement,annual_value,,,,0.00001,,,0,,,ok,grp=CALM_grid
grl_ilulissat_scheer,CALM_B6,CALM_B6,69.21886,-51.05472,2021,,67,probe,direct_eos,1,Greenland,NAtlantic,"Scheer, Johanna; Caduff, Rafael; How, Penelope; Marcer, Marco; Strozzi, Tazio; Bartsch, Annett; Ingeman-Nielsen, Thomas (2024): Mapping the frost susceptibility of the ground from thaw-season InSAR surface displacements and extrapolated active layer thicknesses, Ilulissat, West-Greenland [dataset]. PANGAEA, https://doi.org/10.1594/PANGAEA.964306",CC-BY-4.0,Greenland,,dataset_statement,annual_value,,,,0.00001,,,0,,,ok,grp=CALM_grid
grl_ilulissat_scheer,CALM_C6,CALM_C6,69.2189,-51.05482,2020,,76,probe,direct_eos,1,Greenland,NAtlantic,"Scheer, Johanna; Caduff, Rafael; How, Penelope; Marcer, Marco; Strozzi, Tazio; Bartsch, Annett; Ingeman-Nielsen, Thomas (2024): Mapping the frost susceptibility of the ground from thaw-season InSAR surface displacements and extrapolated active layer thicknesses, Ilulissat, West-Greenland [dataset]. PANGAEA, https://doi.org/10.1594/PANGAEA.964306",CC-BY-4.0,Greenland,,dataset_statement,annual_value,,,,0.00001,,,0,,,ok,grp=CALM_grid
grl_ilulissat_scheer,CALM_C6,CALM_C6,69.2189,-51.05482,2021,,69.5,probe,direct_eos,1,Greenland,NAtlantic,"Scheer, Johanna; Caduff, Rafael; How, Penelope; Marcer, Marco; Strozzi, Tazio; Bartsch, Annett; Ingeman-Nielsen, Thomas (2024): Mapping the frost susceptibility of the ground from thaw-season InSAR surface displacements and extrapolated active layer thicknesses, Ilulissat, West-Greenland [dataset]. PANGAEA, https://doi.org/10.1594/PANGAEA.964306",CC-BY-4.0,Greenland,,dataset_statement,annual_value,,,,0.00001,,,0,,,ok,grp=CALM_grid
grl_ilulissat_scheer,CALM_D6,CALM_D6,69.21892,-51.05492,2020,,78.5,probe,direct_eos,1,Greenland,NAtlantic,"Scheer, Johanna; Caduff, Rafael; How, Penelope; Marcer, Marco; Strozzi, Tazio; Bartsch, Annett; Ingeman-Nielsen, Thomas (2024): Mapping the frost susceptibility of the ground from thaw-season InSAR surface displacements and extrapolated active layer thicknesses, Ilulissat, West-Greenland [dataset]. PANGAEA, https://doi.org/10.1594/PANGAEA.964306",CC-BY-4.0,Greenland,,dataset_statement,annual_value,,,,0.00001,,,0,,,ok,grp=CALM_grid
grl_ilulissat_scheer,CALM_D6,CALM_D6,69.21892,-51.05492,2021,,82.5,probe,direct_eos,1,Greenland,NAtlantic,"Scheer, Johanna; Caduff, Rafael; How, Penelope; Marcer, Marco; Strozzi, Tazio; Bartsch, Annett; Ingeman-Nielsen, Thomas (2024): Mapping the frost susceptibility of the ground from thaw-season InSAR surface displacements and extrapolated active layer thicknesses, Ilulissat, West-Greenland [dataset]. PANGAEA, https://doi.org/10.1594/PANGAEA.964306",CC-BY-4.0,Greenland,,dataset_statement,annual_value,,,,0.00001,,,0,,,ok,grp=CALM_grid
grl_ilulissat_scheer,CALM_E6,CALM_E6,69.21894,-51.05502,2020,,64,probe,direct_eos,1,Greenland,NAtlantic,"Scheer, Johanna; Caduff, Rafael; How, Penelope; Marcer, Marco; Strozzi, Tazio; Bartsch, Annett; Ingeman-Nielsen, Thomas (2024): Mapping the frost susceptibility of the ground from thaw-season InSAR surface displacements and extrapolated active layer thicknesses, Ilulissat, West-Greenland [dataset]. PANGAEA, https://doi.org/10.1594/PANGAEA.964306",CC-BY-4.0,Greenland,,dataset_statement,annual_value,,,,0.00001,,,0,,,ok,grp=CALM_grid
grl_ilulissat_scheer,CALM_E6,CALM_E6,69.21894,-51.05502,2021,,77.5,probe,direct_eos,1,Greenland,NAtlantic,"Scheer, Johanna; Caduff, Rafael; How, Penelope; Marcer, Marco; Strozzi, Tazio; Bartsch, Annett; Ingeman-Nielsen, Thomas (2024): Mapping the frost susceptibility of the ground from thaw-season InSAR surface displacements and extrapolated active layer thicknesses, Ilulissat, West-Greenland [dataset]. PANGAEA, https://doi.org/10.1594/PANGAEA.964306",CC-BY-4.0,Greenland,,dataset_statement,annual_value,,,,0.00001,,,0,,,ok,grp=CALM_grid
grl_ilulissat_scheer,CALM_F6,CALM_F6,69.21897,-51.05512,2020,,73,probe,direct_eos,1,Greenland,NAtlantic,"Scheer, Johanna; Caduff, Rafael; How, Penelope; Marcer, Marco; Strozzi, Tazio; Bartsch, Annett; Ingeman-Nielsen, Thomas (2024): Mapping the frost susceptibility of the ground from thaw-season InSAR surface displacements and extrapolated active layer thicknesses, Ilulissat, West-Greenland [dataset]. PANGAEA, https://doi.org/10.1594/PANGAEA.964306",CC-BY-4.0,Greenland,,dataset_statement,annual_value,,,,0.00001,,,0,,,ok,grp=CALM_grid | src_comment=Data from iB B7-ABB included here / PFT % estimated | florsurv_date=2020-09-02(식생 조사일)
grl_ilulissat_scheer,CALM_F6,CALM_F6,69.21897,-51.05512,2021,,74,probe,direct_eos,1,Greenland,NAtlantic,"Scheer, Johanna; Caduff, Rafael; How, Penelope; Marcer, Marco; Strozzi, Tazio; Bartsch, Annett; Ingeman-Nielsen, Thomas (2024): Mapping the frost susceptibility of the ground from thaw-season InSAR surface displacements and extrapolated active layer thicknesses, Ilulissat, West-Greenland [dataset]. PANGAEA, https://doi.org/10.1594/PANGAEA.964306",CC-BY-4.0,Greenland,,dataset_statement,annual_value,,,,0.00001,,,0,,,ok,grp=CALM_grid | src_comment=Data from iB B7-ABB included here / PFT % estimated | florsurv_date=2020-09-02(식생 조사일)
grl_ilulissat_scheer,CALM_G6,CALM_G6,69.21899,-51.05522,2020,,70.5,probe,direct_eos,1,Greenland,NAtlantic,"Scheer, Johanna; Caduff, Rafael; How, Penelope; Marcer, Marco; Strozzi, Tazio; Bartsch, Annett; Ingeman-Nielsen, Thomas (2024): Mapping the frost susceptibility of the ground from thaw-season InSAR surface displacements and extrapolated active layer thicknesses, Ilulissat, West-Greenland [dataset]. PANGAEA, https://doi.org/10.1594/PANGAEA.964306",CC-BY-4.0,Greenland,,dataset_statement,annual_value,,,,0.00001,,,0,,,ok,grp=CALM_grid
grl_ilulissat_scheer,CALM_G6,CALM_G6,69.21899,-51.05522,2021,,67,probe,direct_eos,1,Greenland,NAtlantic,"Scheer, Johanna; Caduff, Rafael; How, Penelope; Marcer, Marco; Strozzi, Tazio; Bartsch, Annett; Ingeman-Nielsen, Thomas (2024): Mapping the frost susceptibility of the ground from thaw-season InSAR surface displacements and extrapolated active layer thicknesses, Ilulissat, West-Greenland [dataset]. PANGAEA, https://doi.org/10.1594/PANGAEA.964306",CC-BY-4.0,Greenland,,dataset_statement,annual_value,,,,0.00001,,,0,,,ok,grp=CALM_grid
grl_ilulissat_scheer,CALM_H6,CALM_H6,69.21902,-51.05532,2020,,76,probe,direct_eos,1,Greenland,NAtlantic,"Scheer, Johanna; Caduff, Rafael; How, Penelope; Marcer, Marco; Strozzi, Tazio; Bartsch, Annett; Ingeman-Nielsen, Thomas (2024): Mapping the frost susceptibility of the ground from thaw-season InSAR surface displacements and extrapolated active layer thicknesses, Ilulissat, West-Greenland [dataset]. PANGAEA, https://doi.org/10.1594/PANGAEA.964306",CC-BY-4.0,Greenland,,dataset_statement,annual_value,,,,0.00001,,,0,,,ok,grp=CALM_grid
grl_ilulissat_scheer,CALM_H6,CALM_H6,69.21902,-51.05532,2021,,73,probe,direct_eos,1,Greenland,NAtlantic,"Scheer, Johanna; Caduff, Rafael; How, Penelope; Marcer, Marco; Strozzi, Tazio; Bartsch, Annett; Ingeman-Nielsen, Thomas (2024): Mapping the frost susceptibility of the ground from thaw-season InSAR surface displacements and extrapolated active layer thicknesses, Ilulissat, West-Greenland [dataset]. PANGAEA, https://doi.org/10.1594/PANGAEA.964306",CC-BY-4.0,Greenland,,dataset_statement,annual_value,,,,0.00001,,,0,,,ok,grp=CALM_grid
grl_ilulissat_scheer,CALM_I6,CALM_I6,69.21905,-51.05542,2020,,73,probe,direct_eos,1,Greenland,NAtlantic,"Scheer, Johanna; Caduff, Rafael; How, Penelope; Marcer, Marco; Strozzi, Tazio; Bartsch, Annett; Ingeman-Nielsen, Thomas (2024): Mapping the frost susceptibility of the ground from thaw-season InSAR surface displacements and extrapolated active layer thicknesses, Ilulissat, West-Greenland [dataset]. PANGAEA, https://doi.org/10.1594/PANGAEA.964306",CC-BY-4.0,Greenland,,dataset_statement,annual_value,,,,0.00001,,,0,,,ok,grp=CALM_grid
grl_ilulissat_scheer,CALM_I6,CALM_I6,69.21905,-51.05542,2021,,66.5,probe,direct_eos,1,Greenland,NAtlantic,"Scheer, Johanna; Caduff, Rafael; How, Penelope; Marcer, Marco; Strozzi, Tazio; Bartsch, Annett; Ingeman-Nielsen, Thomas (2024): Mapping the frost susceptibility of the ground from thaw-season InSAR surface displacements and extrapolated active layer thicknesses, Ilulissat, West-Greenland [dataset]. PANGAEA, https://doi.org/10.1594/PANGAEA.964306",CC-BY-4.0,Greenland,,dataset_statement,annual_value,,,,0.00001,,,0,,,ok,grp=CALM_grid
grl_ilulissat_scheer,CALM_J6,CALM_J6,69.21907,-51.05552,2020,,73,probe,direct_eos,1,Greenland,NAtlantic,"Scheer, Johanna; Caduff, Rafael; How, Penelope; Marcer, Marco; Strozzi, Tazio; Bartsch, Annett; Ingeman-Nielsen, Thomas (2024): Mapping the frost susceptibility of the ground from thaw-season InSAR surface displacements and extrapolated active layer thicknesses, Ilulissat, West-Greenland [dataset]. PANGAEA, https://doi.org/10.1594/PANGAEA.964306",CC-BY-4.0,Greenland,,dataset_statement,annual_value,,,,0.00001,,,0,,,ok,grp=CALM_grid
grl_ilulissat_scheer,CALM_J6,CALM_J6,69.21907,-51.05552,2021,,80.5,probe,direct_eos,1,Greenland,NAtlantic,"Scheer, Johanna; Caduff, Rafael; How, Penelope; Marcer, Marco; Strozzi, Tazio; Bartsch, Annett; Ingeman-Nielsen, Thomas (2024): Mapping the frost susceptibility of the ground from thaw-season InSAR surface displacements and extrapolated active layer thicknesses, Ilulissat, West-Greenland [dataset]. PANGAEA, https://doi.org/10.1594/PANGAEA.964306",CC-BY-4.0,Greenland,,dataset_statement,annual_value,,,,0.00001,,,0,,,ok,grp=CALM_grid
grl_ilulissat_scheer,CALM_K6,CALM_K6,69.2191,-51.05562,2020,,75.5,probe,direct_eos,1,Greenland,NAtlantic,"Scheer, Johanna; Caduff, Rafael; How, Penelope; Marcer, Marco; Strozzi, Tazio; Bartsch, Annett; Ingeman-Nielsen, Thomas (2024): Mapping the frost susceptibility of the ground from thaw-season InSAR surface displacements and extrapolated active layer thicknesses, Ilulissat, West-Greenland [dataset]. PANGAEA, https://doi.org/10.1594/PANGAEA.964306",CC-BY-4.0,Greenland,,dataset_statement,annual_value,,,,0.00001,,,0,,,ok,grp=CALM_grid
grl_ilulissat_scheer,CALM_K6,CALM_K6,69.2191,-51.05562,2021,,87.5,probe,direct_eos,1,Greenland,NAtlantic,"Scheer, Johanna; Caduff, Rafael; How, Penelope; Marcer, Marco; Strozzi, Tazio; Bartsch, Annett; Ingeman-Nielsen, Thomas (2024): Mapping the frost susceptibility of the ground from thaw-season InSAR surface displacements and extrapolated active layer thicknesses, Ilulissat, West-Greenland [dataset]. PANGAEA, https://doi.org/10.1594/PANGAEA.964306",CC-BY-4.0,Greenland,,dataset_statement,annual_value,,,,0.00001,,,0,,,ok,grp=CALM_grid
grl_ilulissat_scheer,CALM_A7,CALM_A7,69.2188,-51.05469,2020,,83,probe,direct_eos,1,Greenland,NAtlantic,"Scheer, Johanna; Caduff, Rafael; How, Penelope; Marcer, Marco; Strozzi, Tazio; Bartsch, Annett; Ingeman-Nielsen, Thomas (2024): Mapping the frost susceptibility of the ground from thaw-season InSAR surface displacements and extrapolated active layer thicknesses, Ilulissat, West-Greenland [dataset]. PANGAEA, https://doi.org/10.1594/PANGAEA.964306",CC-BY-4.0,Greenland,,dataset_statement,annual_value,,,,0.00001,,,0,,,ok,grp=CALM_grid
grl_ilulissat_scheer,CALM_A7,CALM_A7,69.2188,-51.05469,2021,,86.5,probe,direct_eos,1,Greenland,NAtlantic,"Scheer, Johanna; Caduff, Rafael; How, Penelope; Marcer, Marco; Strozzi, Tazio; Bartsch, Annett; Ingeman-Nielsen, Thomas (2024): Mapping the frost susceptibility of the ground from thaw-season InSAR surface displacements and extrapolated active layer thicknesses, Ilulissat, West-Greenland [dataset]. PANGAEA, https://doi.org/10.1594/PANGAEA.964306",CC-BY-4.0,Greenland,,dataset_statement,annual_value,,,,0.00001,,,0,,,ok,grp=CALM_grid
grl_ilulissat_scheer,CALM_B7,CALM_B7,69.21883,-51.05479,2020,,78,probe,direct_eos,1,Greenland,NAtlantic,"Scheer, Johanna; Caduff, Rafael; How, Penelope; Marcer, Marco; Strozzi, Tazio; Bartsch, Annett; Ingeman-Nielsen, Thomas (2024): Mapping the frost susceptibility of the ground from thaw-season InSAR surface displacements and extrapolated active layer thicknesses, Ilulissat, West-Greenland [dataset]. PANGAEA, https://doi.org/10.1594/PANGAEA.964306",CC-BY-4.0,Greenland,,dataset_statement,annual_value,,,,0.00001,,,0,,,ok,grp=CALM_grid
grl_ilulissat_scheer,CALM_B7,CALM_B7,69.21883,-51.05479,2021,,83,probe,direct_eos,1,Greenland,NAtlantic,"Scheer, Johanna; Caduff, Rafael; How, Penelope; Marcer, Marco; Strozzi, Tazio; Bartsch, Annett; Ingeman-Nielsen, Thomas (2024): Mapping the frost susceptibility of the ground from thaw-season InSAR surface displacements and extrapolated active layer thicknesses, Ilulissat, West-Greenland [dataset]. PANGAEA, https://doi.org/10.1594/PANGAEA.964306",CC-BY-4.0,Greenland,,dataset_statement,annual_value,,,,0.00001,,,0,,,ok,grp=CALM_grid
grl_ilulissat_scheer,CALM_C7,CALM_C7,69.21885,-51.05489,2020,,81.5,probe,direct_eos,1,Greenland,NAtlantic,"Scheer, Johanna; Caduff, Rafael; How, Penelope; Marcer, Marco; Strozzi, Tazio; Bartsch, Annett; Ingeman-Nielsen, Thomas (2024): Mapping the frost susceptibility of the ground from thaw-season InSAR surface displacements and extrapolated active layer thicknesses, Ilulissat, West-Greenland [dataset]. PANGAEA, https://doi.org/10.1594/PANGAEA.964306",CC-BY-4.0,Greenland,,dataset_statement,annual_value,,,,0.00001,,,0,,,ok,grp=CALM_grid
grl_ilulissat_scheer,CALM_C7,CALM_C7,69.21885,-51.05489,2021,,83,probe,direct_eos,1,Greenland,NAtlantic,"Scheer, Johanna; Caduff, Rafael; How, Penelope; Marcer, Marco; Strozzi, Tazio; Bartsch, Annett; Ingeman-Nielsen, Thomas (2024): Mapping the frost susceptibility of the ground from thaw-season InSAR surface displacements and extrapolated active layer thicknesses, Ilulissat, West-Greenland [dataset]. PANGAEA, https://doi.org/10.1594/PANGAEA.964306",CC-BY-4.0,Greenland,,dataset_statement,annual_value,,,,0.00001,,,0,,,ok,grp=CALM_grid
grl_ilulissat_scheer,CALM_D7,CALM_D7,69.21888,-51.05499,2020,,87.5,probe,direct_eos,1,Greenland,NAtlantic,"Scheer, Johanna; Caduff, Rafael; How, Penelope; Marcer, Marco; Strozzi, Tazio; Bartsch, Annett; Ingeman-Nielsen, Thomas (2024): Mapping the frost susceptibility of the ground from thaw-season InSAR surface displacements and extrapolated active layer thicknesses, Ilulissat, West-Greenland [dataset]. PANGAEA, https://doi.org/10.1594/PANGAEA.964306",CC-BY-4.0,Greenland,,dataset_statement,annual_value,,,,0.00001,,,0,,,ok,grp=CALM_grid | src_comment=Data from iB E7-D3E included here / PFT % cover estimated | florsurv_date=2020-09-02(식생 조사일)
grl_ilulissat_scheer,CALM_D7,CALM_D7,69.21888,-51.05499,2021,,99,probe,direct_eos,1,Greenland,NAtlantic,"Scheer, Johanna; Caduff, Rafael; How, Penelope; Marcer, Marco; Strozzi, Tazio; Bartsch, Annett; Ingeman-Nielsen, Thomas (2024): Mapping the frost susceptibility of the ground from thaw-season InSAR surface displacements and extrapolated active layer thicknesses, Ilulissat, West-Greenland [dataset]. PANGAEA, https://doi.org/10.1594/PANGAEA.964306",CC-BY-4.0,Greenland,,dataset_statement,annual_value,,,,0.00001,,,0,,,ok,grp=CALM_grid | src_comment=Data from iB E7-D3E included here / PFT % cover estimated | florsurv_date=2020-09-02(식생 조사일)
grl_ilulissat_scheer,CALM_E7,CALM_E7,69.21891,-51.05509,2020,,74.5,probe,direct_eos,1,Greenland,NAtlantic,"Scheer, Johanna; Caduff, Rafael; How, Penelope; Marcer, Marco; Strozzi, Tazio; Bartsch, Annett; Ingeman-Nielsen, Thomas (2024): Mapping the frost susceptibility of the ground from thaw-season InSAR surface displacements and extrapolated active layer thicknesses, Ilulissat, West-Greenland [dataset]. PANGAEA, https://doi.org/10.1594/PANGAEA.964306",CC-BY-4.0,Greenland,,dataset_statement,annual_value,,,,0.00001,,,0,,,ok,grp=CALM_grid
grl_ilulissat_scheer,CALM_E7,CALM_E7,69.21891,-51.05509,2021,,80,probe,direct_eos,1,Greenland,NAtlantic,"Scheer, Johanna; Caduff, Rafael; How, Penelope; Marcer, Marco; Strozzi, Tazio; Bartsch, Annett; Ingeman-Nielsen, Thomas (2024): Mapping the frost susceptibility of the ground from thaw-season InSAR surface displacements and extrapolated active layer thicknesses, Ilulissat, West-Greenland [dataset]. PANGAEA, https://doi.org/10.1594/PANGAEA.964306",CC-BY-4.0,Greenland,,dataset_statement,annual_value,,,,0.00001,,,0,,,ok,grp=CALM_grid
grl_ilulissat_scheer,CALM_F7,CALM_F7,69.21893,-51.05519,2020,,88.5,probe,direct_eos,1,Greenland,NAtlantic,"Scheer, Johanna; Caduff, Rafael; How, Penelope; Marcer, Marco; Strozzi, Tazio; Bartsch, Annett; Ingeman-Nielsen, Thomas (2024): Mapping the frost susceptibility of the ground from thaw-season InSAR surface displacements and extrapolated active layer thicknesses, Ilulissat, West-Greenland [dataset]. PANGAEA, https://doi.org/10.1594/PANGAEA.964306",CC-BY-4.0,Greenland,,dataset_statement,annual_value,,,,0.00001,,,0,,,ok,grp=CALM_grid
grl_ilulissat_scheer,CALM_F7,CALM_F7,69.21893,-51.05519,2021,,91,probe,direct_eos,1,Greenland,NAtlantic,"Scheer, Johanna; Caduff, Rafael; How, Penelope; Marcer, Marco; Strozzi, Tazio; Bartsch, Annett; Ingeman-Nielsen, Thomas (2024): Mapping the frost susceptibility of the ground from thaw-season InSAR surface displacements and extrapolated active layer thicknesses, Ilulissat, West-Greenland [dataset]. PANGAEA, https://doi.org/10.1594/PANGAEA.964306",CC-BY-4.0,Greenland,,dataset_statement,annual_value,,,,0.00001,,,0,,,ok,grp=CALM_grid
grl_ilulissat_scheer,CALM_G7,CALM_G7,69.21896,-51.05529,2020,,68,probe,direct_eos,1,Greenland,NAtlantic,"Scheer, Johanna; Caduff, Rafael; How, Penelope; Marcer, Marco; Strozzi, Tazio; Bartsch, Annett; Ingeman-Nielsen, Thomas (2024): Mapping the frost susceptibility of the ground from thaw-season InSAR surface displacements and extrapolated active layer thicknesses, Ilulissat, West-Greenland [dataset]. PANGAEA, https://doi.org/10.1594/PANGAEA.964306",CC-BY-4.0,Greenland,,dataset_statement,annual_value,,,,0.00001,,,0,,,ok,grp=CALM_grid
grl_ilulissat_scheer,CALM_G7,CALM_G7,69.21896,-51.05529,2021,,65.5,probe,direct_eos,1,Greenland,NAtlantic,"Scheer, Johanna; Caduff, Rafael; How, Penelope; Marcer, Marco; Strozzi, Tazio; Bartsch, Annett; Ingeman-Nielsen, Thomas (2024): Mapping the frost susceptibility of the ground from thaw-season InSAR surface displacements and extrapolated active layer thicknesses, Ilulissat, West-Greenland [dataset]. PANGAEA, https://doi.org/10.1594/PANGAEA.964306",CC-BY-4.0,Greenland,,dataset_statement,annual_value,,,,0.00001,,,0,,,ok,grp=CALM_grid
grl_ilulissat_scheer,CALM_H7,CALM_H7,69.21898,-51.05539,2020,,71,probe,direct_eos,1,Greenland,NAtlantic,"Scheer, Johanna; Caduff, Rafael; How, Penelope; Marcer, Marco; Strozzi, Tazio; Bartsch, Annett; Ingeman-Nielsen, Thomas (2024): Mapping the frost susceptibility of the ground from thaw-season InSAR surface displacements and extrapolated active layer thicknesses, Ilulissat, West-Greenland [dataset]. PANGAEA, https://doi.org/10.1594/PANGAEA.964306",CC-BY-4.0,Greenland,,dataset_statement,annual_value,,,,0.00001,,,0,,,ok,grp=CALM_grid
grl_ilulissat_scheer,CALM_H7,CALM_H7,69.21898,-51.05539,2021,,81.5,probe,direct_eos,1,Greenland,NAtlantic,"Scheer, Johanna; Caduff, Rafael; How, Penelope; Marcer, Marco; Strozzi, Tazio; Bartsch, Annett; Ingeman-Nielsen, Thomas (2024): Mapping the frost susceptibility of the ground from thaw-season InSAR surface displacements and extrapolated active layer thicknesses, Ilulissat, West-Greenland [dataset]. PANGAEA, https://doi.org/10.1594/PANGAEA.964306",CC-BY-4.0,Greenland,,dataset_statement,annual_value,,,,0.00001,,,0,,,ok,grp=CALM_grid
grl_ilulissat_scheer,CALM_I7,CALM_I7,69.21901,-51.05549,2020,,62,probe,direct_eos,1,Greenland,NAtlantic,"Scheer, Johanna; Caduff, Rafael; How, Penelope; Marcer, Marco; Strozzi, Tazio; Bartsch, Annett; Ingeman-Nielsen, Thomas (2024): Mapping the frost susceptibility of the ground from thaw-season InSAR surface displacements and extrapolated active layer thicknesses, Ilulissat, West-Greenland [dataset]. PANGAEA, https://doi.org/10.1594/PANGAEA.964306",CC-BY-4.0,Greenland,,dataset_statement,annual_value,,,,0.00001,,,0,,,ok,grp=CALM_grid
grl_ilulissat_scheer,CALM_I7,CALM_I7,69.21901,-51.05549,2021,,75.5,probe,direct_eos,1,Greenland,NAtlantic,"Scheer, Johanna; Caduff, Rafael; How, Penelope; Marcer, Marco; Strozzi, Tazio; Bartsch, Annett; Ingeman-Nielsen, Thomas (2024): Mapping the frost susceptibility of the ground from thaw-season InSAR surface displacements and extrapolated active layer thicknesses, Ilulissat, West-Greenland [dataset]. PANGAEA, https://doi.org/10.1594/PANGAEA.964306",CC-BY-4.0,Greenland,,dataset_statement,annual_value,,,,0.00001,,,0,,,ok,grp=CALM_grid
grl_ilulissat_scheer,CALM_J7,CALM_J7,69.21904,-51.05559,2020,,76,probe,direct_eos,1,Greenland,NAtlantic,"Scheer, Johanna; Caduff, Rafael; How, Penelope; Marcer, Marco; Strozzi, Tazio; Bartsch, Annett; Ingeman-Nielsen, Thomas (2024): Mapping the frost susceptibility of the ground from thaw-season InSAR surface displacements and extrapolated active layer thicknesses, Ilulissat, West-Greenland [dataset]. PANGAEA, https://doi.org/10.1594/PANGAEA.964306",CC-BY-4.0,Greenland,,dataset_statement,annual_value,,,,0.00001,,,0,,,ok,grp=CALM_grid
grl_ilulissat_scheer,CALM_J7,CALM_J7,69.21904,-51.05559,2021,,68,probe,direct_eos,1,Greenland,NAtlantic,"Scheer, Johanna; Caduff, Rafael; How, Penelope; Marcer, Marco; Strozzi, Tazio; Bartsch, Annett; Ingeman-Nielsen, Thomas (2024): Mapping the frost susceptibility of the ground from thaw-season InSAR surface displacements and extrapolated active layer thicknesses, Ilulissat, West-Greenland [dataset]. PANGAEA, https://doi.org/10.1594/PANGAEA.964306",CC-BY-4.0,Greenland,,dataset_statement,annual_value,,,,0.00001,,,0,,,ok,grp=CALM_grid
grl_ilulissat_scheer,CALM_K7,CALM_K7,69.21906,-51.05569,2020,,75,probe,direct_eos,1,Greenland,NAtlantic,"Scheer, Johanna; Caduff, Rafael; How, Penelope; Marcer, Marco; Strozzi, Tazio; Bartsch, Annett; Ingeman-Nielsen, Thomas (2024): Mapping the frost susceptibility of the ground from thaw-season InSAR surface displacements and extrapolated active layer thicknesses, Ilulissat, West-Greenland [dataset]. PANGAEA, https://doi.org/10.1594/PANGAEA.964306",CC-BY-4.0,Greenland,,dataset_statement,annual_value,,,,0.00001,,,0,,,ok,grp=CALM_grid
grl_ilulissat_scheer,CALM_K7,CALM_K7,69.21906,-51.05569,2021,,78.5,probe,direct_eos,1,Greenland,NAtlantic,"Scheer, Johanna; Caduff, Rafael; How, Penelope; Marcer, Marco; Strozzi, Tazio; Bartsch, Annett; Ingeman-Nielsen, Thomas (2024): Mapping the frost susceptibility of the ground from thaw-season InSAR surface displacements and extrapolated active layer thicknesses, Ilulissat, West-Greenland [dataset]. PANGAEA, https://doi.org/10.1594/PANGAEA.964306",CC-BY-4.0,Greenland,,dataset_statement,annual_value,,,,0.00001,,,0,,,ok,grp=CALM_grid
grl_ilulissat_scheer,CALM_A8,CALM_A8,69.21877,-51.05476,2020,,91,probe,direct_eos,1,Greenland,NAtlantic,"Scheer, Johanna; Caduff, Rafael; How, Penelope; Marcer, Marco; Strozzi, Tazio; Bartsch, Annett; Ingeman-Nielsen, Thomas (2024): Mapping the frost susceptibility of the ground from thaw-season InSAR surface displacements and extrapolated active layer thicknesses, Ilulissat, West-Greenland [dataset]. PANGAEA, https://doi.org/10.1594/PANGAEA.964306",CC-BY-4.0,Greenland,,dataset_statement,annual_value,,,,0.00001,,,0,,,ok,grp=CALM_grid
grl_ilulissat_scheer,CALM_A8,CALM_A8,69.21877,-51.05476,2021,,95.5,probe,direct_eos,1,Greenland,NAtlantic,"Scheer, Johanna; Caduff, Rafael; How, Penelope; Marcer, Marco; Strozzi, Tazio; Bartsch, Annett; Ingeman-Nielsen, Thomas (2024): Mapping the frost susceptibility of the ground from thaw-season InSAR surface displacements and extrapolated active layer thicknesses, Ilulissat, West-Greenland [dataset]. PANGAEA, https://doi.org/10.1594/PANGAEA.964306",CC-BY-4.0,Greenland,,dataset_statement,annual_value,,,,0.00001,,,0,,,ok,grp=CALM_grid
grl_ilulissat_scheer,CALM_B8,CALM_B8,69.21879,-51.05486,2020,,91.5,probe,direct_eos,1,Greenland,NAtlantic,"Scheer, Johanna; Caduff, Rafael; How, Penelope; Marcer, Marco; Strozzi, Tazio; Bartsch, Annett; Ingeman-Nielsen, Thomas (2024): Mapping the frost susceptibility of the ground from thaw-season InSAR surface displacements and extrapolated active layer thicknesses, Ilulissat, West-Greenland [dataset]. PANGAEA, https://doi.org/10.1594/PANGAEA.964306",CC-BY-4.0,Greenland,,dataset_statement,annual_value,,,,0.00001,,,0,,,ok,grp=CALM_grid
grl_ilulissat_scheer,CALM_B8,CALM_B8,69.21879,-51.05486,2021,,96.5,probe,direct_eos,1,Greenland,NAtlantic,"Scheer, Johanna; Caduff, Rafael; How, Penelope; Marcer, Marco; Strozzi, Tazio; Bartsch, Annett; Ingeman-Nielsen, Thomas (2024): Mapping the frost susceptibility of the ground from thaw-season InSAR surface displacements and extrapolated active layer thicknesses, Ilulissat, West-Greenland [dataset]. PANGAEA, https://doi.org/10.1594/PANGAEA.964306",CC-BY-4.0,Greenland,,dataset_statement,annual_value,,,,0.00001,,,0,,,ok,grp=CALM_grid
grl_ilulissat_scheer,CALM_C8,CALM_C8,69.21882,-51.05496,2020,,80,probe,direct_eos,1,Greenland,NAtlantic,"Scheer, Johanna; Caduff, Rafael; How, Penelope; Marcer, Marco; Strozzi, Tazio; Bartsch, Annett; Ingeman-Nielsen, Thomas (2024): Mapping the frost susceptibility of the ground from thaw-season InSAR surface displacements and extrapolated active layer thicknesses, Ilulissat, West-Greenland [dataset]. PANGAEA, https://doi.org/10.1594/PANGAEA.964306",CC-BY-4.0,Greenland,,dataset_statement,annual_value,,,,0.00001,,,0,,,ok,grp=CALM_grid
grl_ilulissat_scheer,CALM_C8,CALM_C8,69.21882,-51.05496,2021,,89.5,probe,direct_eos,1,Greenland,NAtlantic,"Scheer, Johanna; Caduff, Rafael; How, Penelope; Marcer, Marco; Strozzi, Tazio; Bartsch, Annett; Ingeman-Nielsen, Thomas (2024): Mapping the frost susceptibility of the ground from thaw-season InSAR surface displacements and extrapolated active layer thicknesses, Ilulissat, West-Greenland [dataset]. PANGAEA, https://doi.org/10.1594/PANGAEA.964306",CC-BY-4.0,Greenland,,dataset_statement,annual_value,,,,0.00001,,,0,,,ok,grp=CALM_grid
grl_ilulissat_scheer,CALM_D8,CALM_D8,69.21884,-51.05506,2020,,85,probe,direct_eos,1,Greenland,NAtlantic,"Scheer, Johanna; Caduff, Rafael; How, Penelope; Marcer, Marco; Strozzi, Tazio; Bartsch, Annett; Ingeman-Nielsen, Thomas (2024): Mapping the frost susceptibility of the ground from thaw-season InSAR surface displacements and extrapolated active layer thicknesses, Ilulissat, West-Greenland [dataset]. PANGAEA, https://doi.org/10.1594/PANGAEA.964306",CC-BY-4.0,Greenland,,dataset_statement,annual_value,,,,0.00001,,,0,,,ok,grp=CALM_grid
grl_ilulissat_scheer,CALM_D8,CALM_D8,69.21884,-51.05506,2021,,93.5,probe,direct_eos,1,Greenland,NAtlantic,"Scheer, Johanna; Caduff, Rafael; How, Penelope; Marcer, Marco; Strozzi, Tazio; Bartsch, Annett; Ingeman-Nielsen, Thomas (2024): Mapping the frost susceptibility of the ground from thaw-season InSAR surface displacements and extrapolated active layer thicknesses, Ilulissat, West-Greenland [dataset]. PANGAEA, https://doi.org/10.1594/PANGAEA.964306",CC-BY-4.0,Greenland,,dataset_statement,annual_value,,,,0.00001,,,0,,,ok,grp=CALM_grid
grl_ilulissat_scheer,CALM_E8,CALM_E8,69.21887,-51.05516,2020,,71,probe,direct_eos,1,Greenland,NAtlantic,"Scheer, Johanna; Caduff, Rafael; How, Penelope; Marcer, Marco; Strozzi, Tazio; Bartsch, Annett; Ingeman-Nielsen, Thomas (2024): Mapping the frost susceptibility of the ground from thaw-season InSAR surface displacements and extrapolated active layer thicknesses, Ilulissat, West-Greenland [dataset]. PANGAEA, https://doi.org/10.1594/PANGAEA.964306",CC-BY-4.0,Greenland,,dataset_statement,annual_value,,,,0.00001,,,0,,,ok,grp=CALM_grid
grl_ilulissat_scheer,CALM_E8,CALM_E8,69.21887,-51.05516,2021,,83,probe,direct_eos,1,Greenland,NAtlantic,"Scheer, Johanna; Caduff, Rafael; How, Penelope; Marcer, Marco; Strozzi, Tazio; Bartsch, Annett; Ingeman-Nielsen, Thomas (2024): Mapping the frost susceptibility of the ground from thaw-season InSAR surface displacements and extrapolated active layer thicknesses, Ilulissat, West-Greenland [dataset]. PANGAEA, https://doi.org/10.1594/PANGAEA.964306",CC-BY-4.0,Greenland,,dataset_statement,annual_value,,,,0.00001,,,0,,,ok,grp=CALM_grid
grl_ilulissat_scheer,CALM_F8,CALM_F8,69.2189,-51.05526,2020,,82.5,probe,direct_eos,1,Greenland,NAtlantic,"Scheer, Johanna; Caduff, Rafael; How, Penelope; Marcer, Marco; Strozzi, Tazio; Bartsch, Annett; Ingeman-Nielsen, Thomas (2024): Mapping the frost susceptibility of the ground from thaw-season InSAR surface displacements and extrapolated active layer thicknesses, Ilulissat, West-Greenland [dataset]. PANGAEA, https://doi.org/10.1594/PANGAEA.964306",CC-BY-4.0,Greenland,,dataset_statement,annual_value,,,,0.00001,,,0,,,ok,grp=CALM_grid
grl_ilulissat_scheer,CALM_F8,CALM_F8,69.2189,-51.05526,2021,,82,probe,direct_eos,1,Greenland,NAtlantic,"Scheer, Johanna; Caduff, Rafael; How, Penelope; Marcer, Marco; Strozzi, Tazio; Bartsch, Annett; Ingeman-Nielsen, Thomas (2024): Mapping the frost susceptibility of the ground from thaw-season InSAR surface displacements and extrapolated active layer thicknesses, Ilulissat, West-Greenland [dataset]. PANGAEA, https://doi.org/10.1594/PANGAEA.964306",CC-BY-4.0,Greenland,,dataset_statement,annual_value,,,,0.00001,,,0,,,ok,grp=CALM_grid
grl_ilulissat_scheer,CALM_G8,CALM_G8,69.21892,-51.05536,2020,,88.5,probe,direct_eos,1,Greenland,NAtlantic,"Scheer, Johanna; Caduff, Rafael; How, Penelope; Marcer, Marco; Strozzi, Tazio; Bartsch, Annett; Ingeman-Nielsen, Thomas (2024): Mapping the frost susceptibility of the ground from thaw-season InSAR surface displacements and extrapolated active layer thicknesses, Ilulissat, West-Greenland [dataset]. PANGAEA, https://doi.org/10.1594/PANGAEA.964306",CC-BY-4.0,Greenland,,dataset_statement,annual_value,,,,0.00001,,,0,,,ok,grp=CALM_grid
grl_ilulissat_scheer,CALM_G8,CALM_G8,69.21892,-51.05536,2021,,92,probe,direct_eos,1,Greenland,NAtlantic,"Scheer, Johanna; Caduff, Rafael; How, Penelope; Marcer, Marco; Strozzi, Tazio; Bartsch, Annett; Ingeman-Nielsen, Thomas (2024): Mapping the frost susceptibility of the ground from thaw-season InSAR surface displacements and extrapolated active layer thicknesses, Ilulissat, West-Greenland [dataset]. PANGAEA, https://doi.org/10.1594/PANGAEA.964306",CC-BY-4.0,Greenland,,dataset_statement,annual_value,,,,0.00001,,,0,,,ok,grp=CALM_grid
grl_ilulissat_scheer,CALM_H8,CALM_H8,69.21895,-51.05546,2020,,95.5,probe,direct_eos,1,Greenland,NAtlantic,"Scheer, Johanna; Caduff, Rafael; How, Penelope; Marcer, Marco; Strozzi, Tazio; Bartsch, Annett; Ingeman-Nielsen, Thomas (2024): Mapping the frost susceptibility of the ground from thaw-season InSAR surface displacements and extrapolated active layer thicknesses, Ilulissat, West-Greenland [dataset]. PANGAEA, https://doi.org/10.1594/PANGAEA.964306",CC-BY-4.0,Greenland,,dataset_statement,annual_value,,,,0.00001,,,0,,,ok,grp=CALM_grid
grl_ilulissat_scheer,CALM_H8,CALM_H8,69.21895,-51.05546,2021,,94.5,probe,direct_eos,1,Greenland,NAtlantic,"Scheer, Johanna; Caduff, Rafael; How, Penelope; Marcer, Marco; Strozzi, Tazio; Bartsch, Annett; Ingeman-Nielsen, Thomas (2024): Mapping the frost susceptibility of the ground from thaw-season InSAR surface displacements and extrapolated active layer thicknesses, Ilulissat, West-Greenland [dataset]. PANGAEA, https://doi.org/10.1594/PANGAEA.964306",CC-BY-4.0,Greenland,,dataset_statement,annual_value,,,,0.00001,,,0,,,ok,grp=CALM_grid
grl_ilulissat_scheer,CALM_I8,CALM_I8,69.21897,-51.05556,2020,,90,probe,direct_eos,1,Greenland,NAtlantic,"Scheer, Johanna; Caduff, Rafael; How, Penelope; Marcer, Marco; Strozzi, Tazio; Bartsch, Annett; Ingeman-Nielsen, Thomas (2024): Mapping the frost susceptibility of the ground from thaw-season InSAR surface displacements and extrapolated active layer thicknesses, Ilulissat, West-Greenland [dataset]. PANGAEA, https://doi.org/10.1594/PANGAEA.964306",CC-BY-4.0,Greenland,,dataset_statement,annual_value,,,,0.00001,,,0,,,ok,grp=CALM_grid
grl_ilulissat_scheer,CALM_I8,CALM_I8,69.21897,-51.05556,2021,,89.5,probe,direct_eos,1,Greenland,NAtlantic,"Scheer, Johanna; Caduff, Rafael; How, Penelope; Marcer, Marco; Strozzi, Tazio; Bartsch, Annett; Ingeman-Nielsen, Thomas (2024): Mapping the frost susceptibility of the ground from thaw-season InSAR surface displacements and extrapolated active layer thicknesses, Ilulissat, West-Greenland [dataset]. PANGAEA, https://doi.org/10.1594/PANGAEA.964306",CC-BY-4.0,Greenland,,dataset_statement,annual_value,,,,0.00001,,,0,,,ok,grp=CALM_grid
grl_ilulissat_scheer,CALM_J8,CALM_J8,69.219,-51.05566,2020,,80,probe,direct_eos,1,Greenland,NAtlantic,"Scheer, Johanna; Caduff, Rafael; How, Penelope; Marcer, Marco; Strozzi, Tazio; Bartsch, Annett; Ingeman-Nielsen, Thomas (2024): Mapping the frost susceptibility of the ground from thaw-season InSAR surface displacements and extrapolated active layer thicknesses, Ilulissat, West-Greenland [dataset]. PANGAEA, https://doi.org/10.1594/PANGAEA.964306",CC-BY-4.0,Greenland,,dataset_statement,annual_value,,,,0.00001,,,0,,,ok,grp=CALM_grid
grl_ilulissat_scheer,CALM_J8,CALM_J8,69.219,-51.05566,2021,,86.5,probe,direct_eos,1,Greenland,NAtlantic,"Scheer, Johanna; Caduff, Rafael; How, Penelope; Marcer, Marco; Strozzi, Tazio; Bartsch, Annett; Ingeman-Nielsen, Thomas (2024): Mapping the frost susceptibility of the ground from thaw-season InSAR surface displacements and extrapolated active layer thicknesses, Ilulissat, West-Greenland [dataset]. PANGAEA, https://doi.org/10.1594/PANGAEA.964306",CC-BY-4.0,Greenland,,dataset_statement,annual_value,,,,0.00001,,,0,,,ok,grp=CALM_grid
grl_ilulissat_scheer,CALM_K8,CALM_K8,69.21903,-51.05576,2020,,72.5,probe,direct_eos,1,Greenland,NAtlantic,"Scheer, Johanna; Caduff, Rafael; How, Penelope; Marcer, Marco; Strozzi, Tazio; Bartsch, Annett; Ingeman-Nielsen, Thomas (2024): Mapping the frost susceptibility of the ground from thaw-season InSAR surface displacements and extrapolated active layer thicknesses, Ilulissat, West-Greenland [dataset]. PANGAEA, https://doi.org/10.1594/PANGAEA.964306",CC-BY-4.0,Greenland,,dataset_statement,annual_value,,,,0.00001,,,0,,,ok,grp=CALM_grid
grl_ilulissat_scheer,CALM_K8,CALM_K8,69.21903,-51.05576,2021,,76,probe,direct_eos,1,Greenland,NAtlantic,"Scheer, Johanna; Caduff, Rafael; How, Penelope; Marcer, Marco; Strozzi, Tazio; Bartsch, Annett; Ingeman-Nielsen, Thomas (2024): Mapping the frost susceptibility of the ground from thaw-season InSAR surface displacements and extrapolated active layer thicknesses, Ilulissat, West-Greenland [dataset]. PANGAEA, https://doi.org/10.1594/PANGAEA.964306",CC-BY-4.0,Greenland,,dataset_statement,annual_value,,,,0.00001,,,0,,,ok,grp=CALM_grid
grl_ilulissat_scheer,CALM_A9,CALM_A9,69.21873,-51.05483,2020,,64,probe,direct_eos,1,Greenland,NAtlantic,"Scheer, Johanna; Caduff, Rafael; How, Penelope; Marcer, Marco; Strozzi, Tazio; Bartsch, Annett; Ingeman-Nielsen, Thomas (2024): Mapping the frost susceptibility of the ground from thaw-season InSAR surface displacements and extrapolated active layer thicknesses, Ilulissat, West-Greenland [dataset]. PANGAEA, https://doi.org/10.1594/PANGAEA.964306",CC-BY-4.0,Greenland,,dataset_statement,annual_value,,,,0.00001,,,0,,,ok,grp=CALM_grid
grl_ilulissat_scheer,CALM_A9,CALM_A9,69.21873,-51.05483,2021,,64.5,probe,direct_eos,1,Greenland,NAtlantic,"Scheer, Johanna; Caduff, Rafael; How, Penelope; Marcer, Marco; Strozzi, Tazio; Bartsch, Annett; Ingeman-Nielsen, Thomas (2024): Mapping the frost susceptibility of the ground from thaw-season InSAR surface displacements and extrapolated active layer thicknesses, Ilulissat, West-Greenland [dataset]. PANGAEA, https://doi.org/10.1594/PANGAEA.964306",CC-BY-4.0,Greenland,,dataset_statement,annual_value,,,,0.00001,,,0,,,ok,grp=CALM_grid
grl_ilulissat_scheer,CALM_B9,CALM_B9,69.21876,-51.05493,2020,,62.5,probe,direct_eos,1,Greenland,NAtlantic,"Scheer, Johanna; Caduff, Rafael; How, Penelope; Marcer, Marco; Strozzi, Tazio; Bartsch, Annett; Ingeman-Nielsen, Thomas (2024): Mapping the frost susceptibility of the ground from thaw-season InSAR surface displacements and extrapolated active layer thicknesses, Ilulissat, West-Greenland [dataset]. PANGAEA, https://doi.org/10.1594/PANGAEA.964306",CC-BY-4.0,Greenland,,dataset_statement,annual_value,,,,0.00001,,,0,,,ok,grp=CALM_grid
grl_ilulissat_scheer,CALM_B9,CALM_B9,69.21876,-51.05493,2021,,54,probe,direct_eos,1,Greenland,NAtlantic,"Scheer, Johanna; Caduff, Rafael; How, Penelope; Marcer, Marco; Strozzi, Tazio; Bartsch, Annett; Ingeman-Nielsen, Thomas (2024): Mapping the frost susceptibility of the ground from thaw-season InSAR surface displacements and extrapolated active layer thicknesses, Ilulissat, West-Greenland [dataset]. PANGAEA, https://doi.org/10.1594/PANGAEA.964306",CC-BY-4.0,Greenland,,dataset_statement,annual_value,,,,0.00001,,,0,,,ok,grp=CALM_grid
grl_ilulissat_scheer,CALM_C9,CALM_C9,69.21878,-51.05503,2020,,79.5,probe,direct_eos,1,Greenland,NAtlantic,"Scheer, Johanna; Caduff, Rafael; How, Penelope; Marcer, Marco; Strozzi, Tazio; Bartsch, Annett; Ingeman-Nielsen, Thomas (2024): Mapping the frost susceptibility of the ground from thaw-season InSAR surface displacements and extrapolated active layer thicknesses, Ilulissat, West-Greenland [dataset]. PANGAEA, https://doi.org/10.1594/PANGAEA.964306",CC-BY-4.0,Greenland,,dataset_statement,annual_value,,,,0.00001,,,0,,,ok,grp=CALM_grid
grl_ilulissat_scheer,CALM_C9,CALM_C9,69.21878,-51.05503,2021,,87.5,probe,direct_eos,1,Greenland,NAtlantic,"Scheer, Johanna; Caduff, Rafael; How, Penelope; Marcer, Marco; Strozzi, Tazio; Bartsch, Annett; Ingeman-Nielsen, Thomas (2024): Mapping the frost susceptibility of the ground from thaw-season InSAR surface displacements and extrapolated active layer thicknesses, Ilulissat, West-Greenland [dataset]. PANGAEA, https://doi.org/10.1594/PANGAEA.964306",CC-BY-4.0,Greenland,,dataset_statement,annual_value,,,,0.00001,,,0,,,ok,grp=CALM_grid
grl_ilulissat_scheer,CALM_D9,CALM_D9,69.21881,-51.05513,2020,,69.5,probe,direct_eos,1,Greenland,NAtlantic,"Scheer, Johanna; Caduff, Rafael; How, Penelope; Marcer, Marco; Strozzi, Tazio; Bartsch, Annett; Ingeman-Nielsen, Thomas (2024): Mapping the frost susceptibility of the ground from thaw-season InSAR surface displacements and extrapolated active layer thicknesses, Ilulissat, West-Greenland [dataset]. PANGAEA, https://doi.org/10.1594/PANGAEA.964306",CC-BY-4.0,Greenland,,dataset_statement,annual_value,,,,0.00001,,,0,,,ok,grp=CALM_grid
grl_ilulissat_scheer,CALM_D9,CALM_D9,69.21881,-51.05513,2021,,73.5,probe,direct_eos,1,Greenland,NAtlantic,"Scheer, Johanna; Caduff, Rafael; How, Penelope; Marcer, Marco; Strozzi, Tazio; Bartsch, Annett; Ingeman-Nielsen, Thomas (2024): Mapping the frost susceptibility of the ground from thaw-season InSAR surface displacements and extrapolated active layer thicknesses, Ilulissat, West-Greenland [dataset]. PANGAEA, https://doi.org/10.1594/PANGAEA.964306",CC-BY-4.0,Greenland,,dataset_statement,annual_value,,,,0.00001,,,0,,,ok,grp=CALM_grid
grl_ilulissat_scheer,CALM_E9,CALM_E9,69.21883,-51.05523,2020,,73,probe,direct_eos,1,Greenland,NAtlantic,"Scheer, Johanna; Caduff, Rafael; How, Penelope; Marcer, Marco; Strozzi, Tazio; Bartsch, Annett; Ingeman-Nielsen, Thomas (2024): Mapping the frost susceptibility of the ground from thaw-season InSAR surface displacements and extrapolated active layer thicknesses, Ilulissat, West-Greenland [dataset]. PANGAEA, https://doi.org/10.1594/PANGAEA.964306",CC-BY-4.0,Greenland,,dataset_statement,annual_value,,,,0.00001,,,0,,,ok,grp=CALM_grid
grl_ilulissat_scheer,CALM_E9,CALM_E9,69.21883,-51.05523,2021,,69.5,probe,direct_eos,1,Greenland,NAtlantic,"Scheer, Johanna; Caduff, Rafael; How, Penelope; Marcer, Marco; Strozzi, Tazio; Bartsch, Annett; Ingeman-Nielsen, Thomas (2024): Mapping the frost susceptibility of the ground from thaw-season InSAR surface displacements and extrapolated active layer thicknesses, Ilulissat, West-Greenland [dataset]. PANGAEA, https://doi.org/10.1594/PANGAEA.964306",CC-BY-4.0,Greenland,,dataset_statement,annual_value,,,,0.00001,,,0,,,ok,grp=CALM_grid
grl_ilulissat_scheer,CALM_F9,CALM_F9,69.21886,-51.05533,2020,,62,probe,direct_eos,1,Greenland,NAtlantic,"Scheer, Johanna; Caduff, Rafael; How, Penelope; Marcer, Marco; Strozzi, Tazio; Bartsch, Annett; Ingeman-Nielsen, Thomas (2024): Mapping the frost susceptibility of the ground from thaw-season InSAR surface displacements and extrapolated active layer thicknesses, Ilulissat, West-Greenland [dataset]. PANGAEA, https://doi.org/10.1594/PANGAEA.964306",CC-BY-4.0,Greenland,,dataset_statement,annual_value,,,,0.00001,,,0,,,ok,grp=CALM_grid
grl_ilulissat_scheer,CALM_F9,CALM_F9,69.21886,-51.05533,2021,,66,probe,direct_eos,1,Greenland,NAtlantic,"Scheer, Johanna; Caduff, Rafael; How, Penelope; Marcer, Marco; Strozzi, Tazio; Bartsch, Annett; Ingeman-Nielsen, Thomas (2024): Mapping the frost susceptibility of the ground from thaw-season InSAR surface displacements and extrapolated active layer thicknesses, Ilulissat, West-Greenland [dataset]. PANGAEA, https://doi.org/10.1594/PANGAEA.964306",CC-BY-4.0,Greenland,,dataset_statement,annual_value,,,,0.00001,,,0,,,ok,grp=CALM_grid
grl_ilulissat_scheer,CALM_G9,CALM_G9,69.21889,-51.05543,2020,,68.5,probe,direct_eos,1,Greenland,NAtlantic,"Scheer, Johanna; Caduff, Rafael; How, Penelope; Marcer, Marco; Strozzi, Tazio; Bartsch, Annett; Ingeman-Nielsen, Thomas (2024): Mapping the frost susceptibility of the ground from thaw-season InSAR surface displacements and extrapolated active layer thicknesses, Ilulissat, West-Greenland [dataset]. PANGAEA, https://doi.org/10.1594/PANGAEA.964306",CC-BY-4.0,Greenland,,dataset_statement,annual_value,,,,0.00001,,,0,,,ok,grp=CALM_grid
grl_ilulissat_scheer,CALM_G9,CALM_G9,69.21889,-51.05543,2021,,71.5,probe,direct_eos,1,Greenland,NAtlantic,"Scheer, Johanna; Caduff, Rafael; How, Penelope; Marcer, Marco; Strozzi, Tazio; Bartsch, Annett; Ingeman-Nielsen, Thomas (2024): Mapping the frost susceptibility of the ground from thaw-season InSAR surface displacements and extrapolated active layer thicknesses, Ilulissat, West-Greenland [dataset]. PANGAEA, https://doi.org/10.1594/PANGAEA.964306",CC-BY-4.0,Greenland,,dataset_statement,annual_value,,,,0.00001,,,0,,,ok,grp=CALM_grid
grl_ilulissat_scheer,CALM_H9,CALM_H9,69.21891,-51.05553,2020,,81.5,probe,direct_eos,1,Greenland,NAtlantic,"Scheer, Johanna; Caduff, Rafael; How, Penelope; Marcer, Marco; Strozzi, Tazio; Bartsch, Annett; Ingeman-Nielsen, Thomas (2024): Mapping the frost susceptibility of the ground from thaw-season InSAR surface displacements and extrapolated active layer thicknesses, Ilulissat, West-Greenland [dataset]. PANGAEA, https://doi.org/10.1594/PANGAEA.964306",CC-BY-4.0,Greenland,,dataset_statement,annual_value,,,,0.00001,,,0,,,ok,grp=CALM_grid
grl_ilulissat_scheer,CALM_H9,CALM_H9,69.21891,-51.05553,2021,,89,probe,direct_eos,1,Greenland,NAtlantic,"Scheer, Johanna; Caduff, Rafael; How, Penelope; Marcer, Marco; Strozzi, Tazio; Bartsch, Annett; Ingeman-Nielsen, Thomas (2024): Mapping the frost susceptibility of the ground from thaw-season InSAR surface displacements and extrapolated active layer thicknesses, Ilulissat, West-Greenland [dataset]. PANGAEA, https://doi.org/10.1594/PANGAEA.964306",CC-BY-4.0,Greenland,,dataset_statement,annual_value,,,,0.00001,,,0,,,ok,grp=CALM_grid
grl_ilulissat_scheer,CALM_I9,CALM_I9,69.21894,-51.05563,2020,,79,probe,direct_eos,1,Greenland,NAtlantic,"Scheer, Johanna; Caduff, Rafael; How, Penelope; Marcer, Marco; Strozzi, Tazio; Bartsch, Annett; Ingeman-Nielsen, Thomas (2024): Mapping the frost susceptibility of the ground from thaw-season InSAR surface displacements and extrapolated active layer thicknesses, Ilulissat, West-Greenland [dataset]. PANGAEA, https://doi.org/10.1594/PANGAEA.964306",CC-BY-4.0,Greenland,,dataset_statement,annual_value,,,,0.00001,,,0,,,ok,grp=CALM_grid
grl_ilulissat_scheer,CALM_I9,CALM_I9,69.21894,-51.05563,2021,,83,probe,direct_eos,1,Greenland,NAtlantic,"Scheer, Johanna; Caduff, Rafael; How, Penelope; Marcer, Marco; Strozzi, Tazio; Bartsch, Annett; Ingeman-Nielsen, Thomas (2024): Mapping the frost susceptibility of the ground from thaw-season InSAR surface displacements and extrapolated active layer thicknesses, Ilulissat, West-Greenland [dataset]. PANGAEA, https://doi.org/10.1594/PANGAEA.964306",CC-BY-4.0,Greenland,,dataset_statement,annual_value,,,,0.00001,,,0,,,ok,grp=CALM_grid
grl_ilulissat_scheer,CALM_J9,CALM_J9,69.21896,-51.05573,2020,,97,probe,direct_eos,1,Greenland,NAtlantic,"Scheer, Johanna; Caduff, Rafael; How, Penelope; Marcer, Marco; Strozzi, Tazio; Bartsch, Annett; Ingeman-Nielsen, Thomas (2024): Mapping the frost susceptibility of the ground from thaw-season InSAR surface displacements and extrapolated active layer thicknesses, Ilulissat, West-Greenland [dataset]. PANGAEA, https://doi.org/10.1594/PANGAEA.964306",CC-BY-4.0,Greenland,,dataset_statement,annual_value,,,,0.00001,,,0,,,ok,grp=CALM_grid
grl_ilulissat_scheer,CALM_J9,CALM_J9,69.21896,-51.05573,2021,,101.5,probe,direct_eos,1,Greenland,NAtlantic,"Scheer, Johanna; Caduff, Rafael; How, Penelope; Marcer, Marco; Strozzi, Tazio; Bartsch, Annett; Ingeman-Nielsen, Thomas (2024): Mapping the frost susceptibility of the ground from thaw-season InSAR surface displacements and extrapolated active layer thicknesses, Ilulissat, West-Greenland [dataset]. PANGAEA, https://doi.org/10.1594/PANGAEA.964306",CC-BY-4.0,Greenland,,dataset_statement,annual_value,,,,0.00001,,,0,,,ok,grp=CALM_grid
grl_ilulissat_scheer,CALM_K9,CALM_K9,69.21899,-51.05583,2020,,83,probe,direct_eos,1,Greenland,NAtlantic,"Scheer, Johanna; Caduff, Rafael; How, Penelope; Marcer, Marco; Strozzi, Tazio; Bartsch, Annett; Ingeman-Nielsen, Thomas (2024): Mapping the frost susceptibility of the ground from thaw-season InSAR surface displacements and extrapolated active layer thicknesses, Ilulissat, West-Greenland [dataset]. PANGAEA, https://doi.org/10.1594/PANGAEA.964306",CC-BY-4.0,Greenland,,dataset_statement,annual_value,,,,0.00001,,,0,,,ok,grp=CALM_grid
grl_ilulissat_scheer,CALM_K9,CALM_K9,69.21899,-51.05583,2021,,81,probe,direct_eos,1,Greenland,NAtlantic,"Scheer, Johanna; Caduff, Rafael; How, Penelope; Marcer, Marco; Strozzi, Tazio; Bartsch, Annett; Ingeman-Nielsen, Thomas (2024): Mapping the frost susceptibility of the ground from thaw-season InSAR surface displacements and extrapolated active layer thicknesses, Ilulissat, West-Greenland [dataset]. PANGAEA, https://doi.org/10.1594/PANGAEA.964306",CC-BY-4.0,Greenland,,dataset_statement,annual_value,,,,0.00001,,,0,,,ok,grp=CALM_grid
grl_ilulissat_scheer,CALM_A10,CALM_A10,69.21869,-51.0549,2020,,74.5,probe,direct_eos,1,Greenland,NAtlantic,"Scheer, Johanna; Caduff, Rafael; How, Penelope; Marcer, Marco; Strozzi, Tazio; Bartsch, Annett; Ingeman-Nielsen, Thomas (2024): Mapping the frost susceptibility of the ground from thaw-season InSAR surface displacements and extrapolated active layer thicknesses, Ilulissat, West-Greenland [dataset]. PANGAEA, https://doi.org/10.1594/PANGAEA.964306",CC-BY-4.0,Greenland,,dataset_statement,annual_value,,,,0.00001,,,0,,,ok,grp=CALM_grid
grl_ilulissat_scheer,CALM_A10,CALM_A10,69.21869,-51.0549,2021,,82,probe,direct_eos,1,Greenland,NAtlantic,"Scheer, Johanna; Caduff, Rafael; How, Penelope; Marcer, Marco; Strozzi, Tazio; Bartsch, Annett; Ingeman-Nielsen, Thomas (2024): Mapping the frost susceptibility of the ground from thaw-season InSAR surface displacements and extrapolated active layer thicknesses, Ilulissat, West-Greenland [dataset]. PANGAEA, https://doi.org/10.1594/PANGAEA.964306",CC-BY-4.0,Greenland,,dataset_statement,annual_value,,,,0.00001,,,0,,,ok,grp=CALM_grid
grl_ilulissat_scheer,CALM_B10,CALM_B10,69.21872,-51.055,2020,,69,probe,direct_eos,1,Greenland,NAtlantic,"Scheer, Johanna; Caduff, Rafael; How, Penelope; Marcer, Marco; Strozzi, Tazio; Bartsch, Annett; Ingeman-Nielsen, Thomas (2024): Mapping the frost susceptibility of the ground from thaw-season InSAR surface displacements and extrapolated active layer thicknesses, Ilulissat, West-Greenland [dataset]. PANGAEA, https://doi.org/10.1594/PANGAEA.964306",CC-BY-4.0,Greenland,,dataset_statement,annual_value,,,,0.00001,,,0,,,ok,grp=CALM_grid
grl_ilulissat_scheer,CALM_B10,CALM_B10,69.21872,-51.055,2021,,71,probe,direct_eos,1,Greenland,NAtlantic,"Scheer, Johanna; Caduff, Rafael; How, Penelope; Marcer, Marco; Strozzi, Tazio; Bartsch, Annett; Ingeman-Nielsen, Thomas (2024): Mapping the frost susceptibility of the ground from thaw-season InSAR surface displacements and extrapolated active layer thicknesses, Ilulissat, West-Greenland [dataset]. PANGAEA, https://doi.org/10.1594/PANGAEA.964306",CC-BY-4.0,Greenland,,dataset_statement,annual_value,,,,0.00001,,,0,,,ok,grp=CALM_grid
grl_ilulissat_scheer,CALM_C10,CALM_C10,69.21875,-51.0551,2020,,85,probe,direct_eos,1,Greenland,NAtlantic,"Scheer, Johanna; Caduff, Rafael; How, Penelope; Marcer, Marco; Strozzi, Tazio; Bartsch, Annett; Ingeman-Nielsen, Thomas (2024): Mapping the frost susceptibility of the ground from thaw-season InSAR surface displacements and extrapolated active layer thicknesses, Ilulissat, West-Greenland [dataset]. PANGAEA, https://doi.org/10.1594/PANGAEA.964306",CC-BY-4.0,Greenland,,dataset_statement,annual_value,,,,0.00001,,,0,,,ok,grp=CALM_grid
grl_ilulissat_scheer,CALM_C10,CALM_C10,69.21875,-51.0551,2021,,81.5,probe,direct_eos,1,Greenland,NAtlantic,"Scheer, Johanna; Caduff, Rafael; How, Penelope; Marcer, Marco; Strozzi, Tazio; Bartsch, Annett; Ingeman-Nielsen, Thomas (2024): Mapping the frost susceptibility of the ground from thaw-season InSAR surface displacements and extrapolated active layer thicknesses, Ilulissat, West-Greenland [dataset]. PANGAEA, https://doi.org/10.1594/PANGAEA.964306",CC-BY-4.0,Greenland,,dataset_statement,annual_value,,,,0.00001,,,0,,,ok,grp=CALM_grid
grl_ilulissat_scheer,CALM_D10,CALM_D10,69.21877,-51.0552,2020,,62.5,probe,direct_eos,1,Greenland,NAtlantic,"Scheer, Johanna; Caduff, Rafael; How, Penelope; Marcer, Marco; Strozzi, Tazio; Bartsch, Annett; Ingeman-Nielsen, Thomas (2024): Mapping the frost susceptibility of the ground from thaw-season InSAR surface displacements and extrapolated active layer thicknesses, Ilulissat, West-Greenland [dataset]. PANGAEA, https://doi.org/10.1594/PANGAEA.964306",CC-BY-4.0,Greenland,,dataset_statement,annual_value,,,,0.00001,,,0,,,ok,grp=CALM_grid
grl_ilulissat_scheer,CALM_D10,CALM_D10,69.21877,-51.0552,2021,,59.5,probe,direct_eos,1,Greenland,NAtlantic,"Scheer, Johanna; Caduff, Rafael; How, Penelope; Marcer, Marco; Strozzi, Tazio; Bartsch, Annett; Ingeman-Nielsen, Thomas (2024): Mapping the frost susceptibility of the ground from thaw-season InSAR surface displacements and extrapolated active layer thicknesses, Ilulissat, West-Greenland [dataset]. PANGAEA, https://doi.org/10.1594/PANGAEA.964306",CC-BY-4.0,Greenland,,dataset_statement,annual_value,,,,0.00001,,,0,,,ok,grp=CALM_grid
grl_ilulissat_scheer,CALM_E10,CALM_E10,69.2188,-51.0553,2020,,82.5,probe,direct_eos,1,Greenland,NAtlantic,"Scheer, Johanna; Caduff, Rafael; How, Penelope; Marcer, Marco; Strozzi, Tazio; Bartsch, Annett; Ingeman-Nielsen, Thomas (2024): Mapping the frost susceptibility of the ground from thaw-season InSAR surface displacements and extrapolated active layer thicknesses, Ilulissat, West-Greenland [dataset]. PANGAEA, https://doi.org/10.1594/PANGAEA.964306",CC-BY-4.0,Greenland,,dataset_statement,annual_value,,,,0.00001,,,0,,,ok,grp=CALM_grid
grl_ilulissat_scheer,CALM_E10,CALM_E10,69.2188,-51.0553,2021,,81,probe,direct_eos,1,Greenland,NAtlantic,"Scheer, Johanna; Caduff, Rafael; How, Penelope; Marcer, Marco; Strozzi, Tazio; Bartsch, Annett; Ingeman-Nielsen, Thomas (2024): Mapping the frost susceptibility of the ground from thaw-season InSAR surface displacements and extrapolated active layer thicknesses, Ilulissat, West-Greenland [dataset]. PANGAEA, https://doi.org/10.1594/PANGAEA.964306",CC-BY-4.0,Greenland,,dataset_statement,annual_value,,,,0.00001,,,0,,,ok,grp=CALM_grid
grl_ilulissat_scheer,CALM_F10,CALM_F10,69.21882,-51.0554,2020,,66,probe,direct_eos,1,Greenland,NAtlantic,"Scheer, Johanna; Caduff, Rafael; How, Penelope; Marcer, Marco; Strozzi, Tazio; Bartsch, Annett; Ingeman-Nielsen, Thomas (2024): Mapping the frost susceptibility of the ground from thaw-season InSAR surface displacements and extrapolated active layer thicknesses, Ilulissat, West-Greenland [dataset]. PANGAEA, https://doi.org/10.1594/PANGAEA.964306",CC-BY-4.0,Greenland,,dataset_statement,annual_value,,,,0.00001,,,0,,,ok,grp=CALM_grid
grl_ilulissat_scheer,CALM_F10,CALM_F10,69.21882,-51.0554,2021,,70.5,probe,direct_eos,1,Greenland,NAtlantic,"Scheer, Johanna; Caduff, Rafael; How, Penelope; Marcer, Marco; Strozzi, Tazio; Bartsch, Annett; Ingeman-Nielsen, Thomas (2024): Mapping the frost susceptibility of the ground from thaw-season InSAR surface displacements and extrapolated active layer thicknesses, Ilulissat, West-Greenland [dataset]. PANGAEA, https://doi.org/10.1594/PANGAEA.964306",CC-BY-4.0,Greenland,,dataset_statement,annual_value,,,,0.00001,,,0,,,ok,grp=CALM_grid
grl_ilulissat_scheer,CALM_G10,CALM_G10,69.21885,-51.0555,2020,,67.5,probe,direct_eos,1,Greenland,NAtlantic,"Scheer, Johanna; Caduff, Rafael; How, Penelope; Marcer, Marco; Strozzi, Tazio; Bartsch, Annett; Ingeman-Nielsen, Thomas (2024): Mapping the frost susceptibility of the ground from thaw-season InSAR surface displacements and extrapolated active layer thicknesses, Ilulissat, West-Greenland [dataset]. PANGAEA, https://doi.org/10.1594/PANGAEA.964306",CC-BY-4.0,Greenland,,dataset_statement,annual_value,,,,0.00001,,,0,,,ok,grp=CALM_grid
grl_ilulissat_scheer,CALM_G10,CALM_G10,69.21885,-51.0555,2021,,80.5,probe,direct_eos,1,Greenland,NAtlantic,"Scheer, Johanna; Caduff, Rafael; How, Penelope; Marcer, Marco; Strozzi, Tazio; Bartsch, Annett; Ingeman-Nielsen, Thomas (2024): Mapping the frost susceptibility of the ground from thaw-season InSAR surface displacements and extrapolated active layer thicknesses, Ilulissat, West-Greenland [dataset]. PANGAEA, https://doi.org/10.1594/PANGAEA.964306",CC-BY-4.0,Greenland,,dataset_statement,annual_value,,,,0.00001,,,0,,,ok,grp=CALM_grid
grl_ilulissat_scheer,CALM_H10,CALM_H10,69.21888,-51.0556,2020,,82,probe,direct_eos,1,Greenland,NAtlantic,"Scheer, Johanna; Caduff, Rafael; How, Penelope; Marcer, Marco; Strozzi, Tazio; Bartsch, Annett; Ingeman-Nielsen, Thomas (2024): Mapping the frost susceptibility of the ground from thaw-season InSAR surface displacements and extrapolated active layer thicknesses, Ilulissat, West-Greenland [dataset]. PANGAEA, https://doi.org/10.1594/PANGAEA.964306",CC-BY-4.0,Greenland,,dataset_statement,annual_value,,,,0.00001,,,0,,,ok,grp=CALM_grid
grl_ilulissat_scheer,CALM_H10,CALM_H10,69.21888,-51.0556,2021,,87.5,probe,direct_eos,1,Greenland,NAtlantic,"Scheer, Johanna; Caduff, Rafael; How, Penelope; Marcer, Marco; Strozzi, Tazio; Bartsch, Annett; Ingeman-Nielsen, Thomas (2024): Mapping the frost susceptibility of the ground from thaw-season InSAR surface displacements and extrapolated active layer thicknesses, Ilulissat, West-Greenland [dataset]. PANGAEA, https://doi.org/10.1594/PANGAEA.964306",CC-BY-4.0,Greenland,,dataset_statement,annual_value,,,,0.00001,,,0,,,ok,grp=CALM_grid
grl_ilulissat_scheer,CALM_I10,CALM_I10,69.2189,-51.0557,2020,,63,probe,direct_eos,1,Greenland,NAtlantic,"Scheer, Johanna; Caduff, Rafael; How, Penelope; Marcer, Marco; Strozzi, Tazio; Bartsch, Annett; Ingeman-Nielsen, Thomas (2024): Mapping the frost susceptibility of the ground from thaw-season InSAR surface displacements and extrapolated active layer thicknesses, Ilulissat, West-Greenland [dataset]. PANGAEA, https://doi.org/10.1594/PANGAEA.964306",CC-BY-4.0,Greenland,,dataset_statement,annual_value,,,,0.00001,,,0,,,ok,grp=CALM_grid
grl_ilulissat_scheer,CALM_I10,CALM_I10,69.2189,-51.0557,2021,,60.5,probe,direct_eos,1,Greenland,NAtlantic,"Scheer, Johanna; Caduff, Rafael; How, Penelope; Marcer, Marco; Strozzi, Tazio; Bartsch, Annett; Ingeman-Nielsen, Thomas (2024): Mapping the frost susceptibility of the ground from thaw-season InSAR surface displacements and extrapolated active layer thicknesses, Ilulissat, West-Greenland [dataset]. PANGAEA, https://doi.org/10.1594/PANGAEA.964306",CC-BY-4.0,Greenland,,dataset_statement,annual_value,,,,0.00001,,,0,,,ok,grp=CALM_grid
grl_ilulissat_scheer,CALM_J10,CALM_J10,69.21893,-51.0558,2020,,73,probe,direct_eos,1,Greenland,NAtlantic,"Scheer, Johanna; Caduff, Rafael; How, Penelope; Marcer, Marco; Strozzi, Tazio; Bartsch, Annett; Ingeman-Nielsen, Thomas (2024): Mapping the frost susceptibility of the ground from thaw-season InSAR surface displacements and extrapolated active layer thicknesses, Ilulissat, West-Greenland [dataset]. PANGAEA, https://doi.org/10.1594/PANGAEA.964306",CC-BY-4.0,Greenland,,dataset_statement,annual_value,,,,0.00001,,,0,,,ok,grp=CALM_grid
grl_ilulissat_scheer,CALM_J10,CALM_J10,69.21893,-51.0558,2021,,67,probe,direct_eos,1,Greenland,NAtlantic,"Scheer, Johanna; Caduff, Rafael; How, Penelope; Marcer, Marco; Strozzi, Tazio; Bartsch, Annett; Ingeman-Nielsen, Thomas (2024): Mapping the frost susceptibility of the ground from thaw-season InSAR surface displacements and extrapolated active layer thicknesses, Ilulissat, West-Greenland [dataset]. PANGAEA, https://doi.org/10.1594/PANGAEA.964306",CC-BY-4.0,Greenland,,dataset_statement,annual_value,,,,0.00001,,,0,,,ok,grp=CALM_grid
grl_ilulissat_scheer,CALM_K10,CALM_K10,69.21895,-51.0559,2020,,87.5,probe,direct_eos,1,Greenland,NAtlantic,"Scheer, Johanna; Caduff, Rafael; How, Penelope; Marcer, Marco; Strozzi, Tazio; Bartsch, Annett; Ingeman-Nielsen, Thomas (2024): Mapping the frost susceptibility of the ground from thaw-season InSAR surface displacements and extrapolated active layer thicknesses, Ilulissat, West-Greenland [dataset]. PANGAEA, https://doi.org/10.1594/PANGAEA.964306",CC-BY-4.0,Greenland,,dataset_statement,annual_value,,,,0.00001,,,0,,,ok,grp=CALM_grid
grl_ilulissat_scheer,CALM_K10,CALM_K10,69.21895,-51.0559,2021,,96,probe,direct_eos,1,Greenland,NAtlantic,"Scheer, Johanna; Caduff, Rafael; How, Penelope; Marcer, Marco; Strozzi, Tazio; Bartsch, Annett; Ingeman-Nielsen, Thomas (2024): Mapping the frost susceptibility of the ground from thaw-season InSAR surface displacements and extrapolated active layer thicknesses, Ilulissat, West-Greenland [dataset]. PANGAEA, https://doi.org/10.1594/PANGAEA.964306",CC-BY-4.0,Greenland,,dataset_statement,annual_value,,,,0.00001,,,0,,,ok,grp=CALM_grid
grl_ilulissat_scheer,CALM_A11,CALM_A11,69.21866,-51.05497,2020,,67,probe,direct_eos,1,Greenland,NAtlantic,"Scheer, Johanna; Caduff, Rafael; How, Penelope; Marcer, Marco; Strozzi, Tazio; Bartsch, Annett; Ingeman-Nielsen, Thomas (2024): Mapping the frost susceptibility of the ground from thaw-season InSAR surface displacements and extrapolated active layer thicknesses, Ilulissat, West-Greenland [dataset]. PANGAEA, https://doi.org/10.1594/PANGAEA.964306",CC-BY-4.0,Greenland,,dataset_statement,annual_value,,,,0.00001,,,0,,,ok,grp=CALM_grid
grl_ilulissat_scheer,CALM_A11,CALM_A11,69.21866,-51.05497,2021,,63,probe,direct_eos,1,Greenland,NAtlantic,"Scheer, Johanna; Caduff, Rafael; How, Penelope; Marcer, Marco; Strozzi, Tazio; Bartsch, Annett; Ingeman-Nielsen, Thomas (2024): Mapping the frost susceptibility of the ground from thaw-season InSAR surface displacements and extrapolated active layer thicknesses, Ilulissat, West-Greenland [dataset]. PANGAEA, https://doi.org/10.1594/PANGAEA.964306",CC-BY-4.0,Greenland,,dataset_statement,annual_value,,,,0.00001,,,0,,,ok,grp=CALM_grid
grl_ilulissat_scheer,CALM_B11,CALM_B11,69.21868,-51.05507,2020,,65.5,probe,direct_eos,1,Greenland,NAtlantic,"Scheer, Johanna; Caduff, Rafael; How, Penelope; Marcer, Marco; Strozzi, Tazio; Bartsch, Annett; Ingeman-Nielsen, Thomas (2024): Mapping the frost susceptibility of the ground from thaw-season InSAR surface displacements and extrapolated active layer thicknesses, Ilulissat, West-Greenland [dataset]. PANGAEA, https://doi.org/10.1594/PANGAEA.964306",CC-BY-4.0,Greenland,,dataset_statement,annual_value,,,,0.00001,,,0,,,ok,grp=CALM_grid
grl_ilulissat_scheer,CALM_B11,CALM_B11,69.21868,-51.05507,2021,,67.5,probe,direct_eos,1,Greenland,NAtlantic,"Scheer, Johanna; Caduff, Rafael; How, Penelope; Marcer, Marco; Strozzi, Tazio; Bartsch, Annett; Ingeman-Nielsen, Thomas (2024): Mapping the frost susceptibility of the ground from thaw-season InSAR surface displacements and extrapolated active layer thicknesses, Ilulissat, West-Greenland [dataset]. PANGAEA, https://doi.org/10.1594/PANGAEA.964306",CC-BY-4.0,Greenland,,dataset_statement,annual_value,,,,0.00001,,,0,,,ok,grp=CALM_grid
grl_ilulissat_scheer,CALM_C11,CALM_C11,69.21871,-51.05517,2020,,73.5,probe,direct_eos,1,Greenland,NAtlantic,"Scheer, Johanna; Caduff, Rafael; How, Penelope; Marcer, Marco; Strozzi, Tazio; Bartsch, Annett; Ingeman-Nielsen, Thomas (2024): Mapping the frost susceptibility of the ground from thaw-season InSAR surface displacements and extrapolated active layer thicknesses, Ilulissat, West-Greenland [dataset]. PANGAEA, https://doi.org/10.1594/PANGAEA.964306",CC-BY-4.0,Greenland,,dataset_statement,annual_value,,,,0.00001,,,0,,,ok,grp=CALM_grid
grl_ilulissat_scheer,CALM_C11,CALM_C11,69.21871,-51.05517,2021,,81,probe,direct_eos,1,Greenland,NAtlantic,"Scheer, Johanna; Caduff, Rafael; How, Penelope; Marcer, Marco; Strozzi, Tazio; Bartsch, Annett; Ingeman-Nielsen, Thomas (2024): Mapping the frost susceptibility of the ground from thaw-season InSAR surface displacements and extrapolated active layer thicknesses, Ilulissat, West-Greenland [dataset]. PANGAEA, https://doi.org/10.1594/PANGAEA.964306",CC-BY-4.0,Greenland,,dataset_statement,annual_value,,,,0.00001,,,0,,,ok,grp=CALM_grid
grl_ilulissat_scheer,CALM_D11,CALM_D11,69.21873,-51.05527,2020,,78,probe,direct_eos,1,Greenland,NAtlantic,"Scheer, Johanna; Caduff, Rafael; How, Penelope; Marcer, Marco; Strozzi, Tazio; Bartsch, Annett; Ingeman-Nielsen, Thomas (2024): Mapping the frost susceptibility of the ground from thaw-season InSAR surface displacements and extrapolated active layer thicknesses, Ilulissat, West-Greenland [dataset]. PANGAEA, https://doi.org/10.1594/PANGAEA.964306",CC-BY-4.0,Greenland,,dataset_statement,annual_value,,,,0.00001,,,0,,,ok,grp=CALM_grid
grl_ilulissat_scheer,CALM_D11,CALM_D11,69.21873,-51.05527,2021,,64.5,probe,direct_eos,1,Greenland,NAtlantic,"Scheer, Johanna; Caduff, Rafael; How, Penelope; Marcer, Marco; Strozzi, Tazio; Bartsch, Annett; Ingeman-Nielsen, Thomas (2024): Mapping the frost susceptibility of the ground from thaw-season InSAR surface displacements and extrapolated active layer thicknesses, Ilulissat, West-Greenland [dataset]. PANGAEA, https://doi.org/10.1594/PANGAEA.964306",CC-BY-4.0,Greenland,,dataset_statement,annual_value,,,,0.00001,,,0,,,ok,grp=CALM_grid
grl_ilulissat_scheer,CALM_E11,CALM_E11,69.21876,-51.05537,2020,,79,probe,direct_eos,1,Greenland,NAtlantic,"Scheer, Johanna; Caduff, Rafael; How, Penelope; Marcer, Marco; Strozzi, Tazio; Bartsch, Annett; Ingeman-Nielsen, Thomas (2024): Mapping the frost susceptibility of the ground from thaw-season InSAR surface displacements and extrapolated active layer thicknesses, Ilulissat, West-Greenland [dataset]. PANGAEA, https://doi.org/10.1594/PANGAEA.964306",CC-BY-4.0,Greenland,,dataset_statement,annual_value,,,,0.00001,,,0,,,ok,grp=CALM_grid
grl_ilulissat_scheer,CALM_E11,CALM_E11,69.21876,-51.05537,2021,,77.5,probe,direct_eos,1,Greenland,NAtlantic,"Scheer, Johanna; Caduff, Rafael; How, Penelope; Marcer, Marco; Strozzi, Tazio; Bartsch, Annett; Ingeman-Nielsen, Thomas (2024): Mapping the frost susceptibility of the ground from thaw-season InSAR surface displacements and extrapolated active layer thicknesses, Ilulissat, West-Greenland [dataset]. PANGAEA, https://doi.org/10.1594/PANGAEA.964306",CC-BY-4.0,Greenland,,dataset_statement,annual_value,,,,0.00001,,,0,,,ok,grp=CALM_grid
grl_ilulissat_scheer,CALM_F11,CALM_F11,69.21878,-51.05547,2020,,82,probe,direct_eos,1,Greenland,NAtlantic,"Scheer, Johanna; Caduff, Rafael; How, Penelope; Marcer, Marco; Strozzi, Tazio; Bartsch, Annett; Ingeman-Nielsen, Thomas (2024): Mapping the frost susceptibility of the ground from thaw-season InSAR surface displacements and extrapolated active layer thicknesses, Ilulissat, West-Greenland [dataset]. PANGAEA, https://doi.org/10.1594/PANGAEA.964306",CC-BY-4.0,Greenland,,dataset_statement,annual_value,,,,0.00001,,,0,,,ok,grp=CALM_grid
grl_ilulissat_scheer,CALM_F11,CALM_F11,69.21878,-51.05547,2021,,89,probe,direct_eos,1,Greenland,NAtlantic,"Scheer, Johanna; Caduff, Rafael; How, Penelope; Marcer, Marco; Strozzi, Tazio; Bartsch, Annett; Ingeman-Nielsen, Thomas (2024): Mapping the frost susceptibility of the ground from thaw-season InSAR surface displacements and extrapolated active layer thicknesses, Ilulissat, West-Greenland [dataset]. PANGAEA, https://doi.org/10.1594/PANGAEA.964306",CC-BY-4.0,Greenland,,dataset_statement,annual_value,,,,0.00001,,,0,,,ok,grp=CALM_grid
grl_ilulissat_scheer,CALM_G11,CALM_G11,69.21881,-51.05557,2020,,81,probe,direct_eos,1,Greenland,NAtlantic,"Scheer, Johanna; Caduff, Rafael; How, Penelope; Marcer, Marco; Strozzi, Tazio; Bartsch, Annett; Ingeman-Nielsen, Thomas (2024): Mapping the frost susceptibility of the ground from thaw-season InSAR surface displacements and extrapolated active layer thicknesses, Ilulissat, West-Greenland [dataset]. PANGAEA, https://doi.org/10.1594/PANGAEA.964306",CC-BY-4.0,Greenland,,dataset_statement,annual_value,,,,0.00001,,,0,,,ok,grp=CALM_grid
grl_ilulissat_scheer,CALM_G11,CALM_G11,69.21881,-51.05557,2021,,90,probe,direct_eos,1,Greenland,NAtlantic,"Scheer, Johanna; Caduff, Rafael; How, Penelope; Marcer, Marco; Strozzi, Tazio; Bartsch, Annett; Ingeman-Nielsen, Thomas (2024): Mapping the frost susceptibility of the ground from thaw-season InSAR surface displacements and extrapolated active layer thicknesses, Ilulissat, West-Greenland [dataset]. PANGAEA, https://doi.org/10.1594/PANGAEA.964306",CC-BY-4.0,Greenland,,dataset_statement,annual_value,,,,0.00001,,,0,,,ok,grp=CALM_grid
grl_ilulissat_scheer,CALM_H11,CALM_H11,69.21884,-51.05567,2020,,91.5,probe,direct_eos,1,Greenland,NAtlantic,"Scheer, Johanna; Caduff, Rafael; How, Penelope; Marcer, Marco; Strozzi, Tazio; Bartsch, Annett; Ingeman-Nielsen, Thomas (2024): Mapping the frost susceptibility of the ground from thaw-season InSAR surface displacements and extrapolated active layer thicknesses, Ilulissat, West-Greenland [dataset]. PANGAEA, https://doi.org/10.1594/PANGAEA.964306",CC-BY-4.0,Greenland,,dataset_statement,annual_value,,,,0.00001,,,0,,,ok,grp=CALM_grid
grl_ilulissat_scheer,CALM_H11,CALM_H11,69.21884,-51.05567,2021,,89.5,probe,direct_eos,1,Greenland,NAtlantic,"Scheer, Johanna; Caduff, Rafael; How, Penelope; Marcer, Marco; Strozzi, Tazio; Bartsch, Annett; Ingeman-Nielsen, Thomas (2024): Mapping the frost susceptibility of the ground from thaw-season InSAR surface displacements and extrapolated active layer thicknesses, Ilulissat, West-Greenland [dataset]. PANGAEA, https://doi.org/10.1594/PANGAEA.964306",CC-BY-4.0,Greenland,,dataset_statement,annual_value,,,,0.00001,,,0,,,ok,grp=CALM_grid
grl_ilulissat_scheer,CALM_I11,CALM_I11,69.21886,-51.05577,2020,,70.5,probe,direct_eos,1,Greenland,NAtlantic,"Scheer, Johanna; Caduff, Rafael; How, Penelope; Marcer, Marco; Strozzi, Tazio; Bartsch, Annett; Ingeman-Nielsen, Thomas (2024): Mapping the frost susceptibility of the ground from thaw-season InSAR surface displacements and extrapolated active layer thicknesses, Ilulissat, West-Greenland [dataset]. PANGAEA, https://doi.org/10.1594/PANGAEA.964306",CC-BY-4.0,Greenland,,dataset_statement,annual_value,,,,0.00001,,,0,,,ok,grp=CALM_grid
grl_ilulissat_scheer,CALM_I11,CALM_I11,69.21886,-51.05577,2021,,79.5,probe,direct_eos,1,Greenland,NAtlantic,"Scheer, Johanna; Caduff, Rafael; How, Penelope; Marcer, Marco; Strozzi, Tazio; Bartsch, Annett; Ingeman-Nielsen, Thomas (2024): Mapping the frost susceptibility of the ground from thaw-season InSAR surface displacements and extrapolated active layer thicknesses, Ilulissat, West-Greenland [dataset]. PANGAEA, https://doi.org/10.1594/PANGAEA.964306",CC-BY-4.0,Greenland,,dataset_statement,annual_value,,,,0.00001,,,0,,,ok,grp=CALM_grid
grl_ilulissat_scheer,CALM_J11,CALM_J11,69.21889,-51.05587,2020,,72,probe,direct_eos,1,Greenland,NAtlantic,"Scheer, Johanna; Caduff, Rafael; How, Penelope; Marcer, Marco; Strozzi, Tazio; Bartsch, Annett; Ingeman-Nielsen, Thomas (2024): Mapping the frost susceptibility of the ground from thaw-season InSAR surface displacements and extrapolated active layer thicknesses, Ilulissat, West-Greenland [dataset]. PANGAEA, https://doi.org/10.1594/PANGAEA.964306",CC-BY-4.0,Greenland,,dataset_statement,annual_value,,,,0.00001,,,0,,,ok,grp=CALM_grid
grl_ilulissat_scheer,CALM_J11,CALM_J11,69.21889,-51.05587,2021,,75.5,probe,direct_eos,1,Greenland,NAtlantic,"Scheer, Johanna; Caduff, Rafael; How, Penelope; Marcer, Marco; Strozzi, Tazio; Bartsch, Annett; Ingeman-Nielsen, Thomas (2024): Mapping the frost susceptibility of the ground from thaw-season InSAR surface displacements and extrapolated active layer thicknesses, Ilulissat, West-Greenland [dataset]. PANGAEA, https://doi.org/10.1594/PANGAEA.964306",CC-BY-4.0,Greenland,,dataset_statement,annual_value,,,,0.00001,,,0,,,ok,grp=CALM_grid
grl_ilulissat_scheer,CALM_K11,CALM_K11,69.21892,-51.05597,2020,,79.5,probe,direct_eos,1,Greenland,NAtlantic,"Scheer, Johanna; Caduff, Rafael; How, Penelope; Marcer, Marco; Strozzi, Tazio; Bartsch, Annett; Ingeman-Nielsen, Thomas (2024): Mapping the frost susceptibility of the ground from thaw-season InSAR surface displacements and extrapolated active layer thicknesses, Ilulissat, West-Greenland [dataset]. PANGAEA, https://doi.org/10.1594/PANGAEA.964306",CC-BY-4.0,Greenland,,dataset_statement,annual_value,,,,0.00001,,,0,,,ok,grp=CALM_grid
grl_ilulissat_scheer,CALM_K11,CALM_K11,69.21892,-51.05597,2021,,79,probe,direct_eos,1,Greenland,NAtlantic,"Scheer, Johanna; Caduff, Rafael; How, Penelope; Marcer, Marco; Strozzi, Tazio; Bartsch, Annett; Ingeman-Nielsen, Thomas (2024): Mapping the frost susceptibility of the ground from thaw-season InSAR surface displacements and extrapolated active layer thicknesses, Ilulissat, West-Greenland [dataset]. PANGAEA, https://doi.org/10.1594/PANGAEA.964306",CC-BY-4.0,Greenland,,dataset_statement,annual_value,,,,0.00001,,,0,,,ok,grp=CALM_grid
grl_ilulissat_scheer,ERT_CALM_01,ERT_CALM_01,69.21709,-51.05882,2021,,53,probe,direct_eos,1,Greenland,NAtlantic,"Scheer, Johanna; Caduff, Rafael; How, Penelope; Marcer, Marco; Strozzi, Tazio; Bartsch, Annett; Ingeman-Nielsen, Thomas (2024): Mapping the frost susceptibility of the ground from thaw-season InSAR surface displacements and extrapolated active layer thicknesses, Ilulissat, West-Greenland [dataset]. PANGAEA, https://doi.org/10.1594/PANGAEA.964306",CC-BY-4.0,Greenland,,dataset_statement,annual_value,,,,0.00001,,,0,,,ok,grp=ERT_CALM | src_comment=Could also be classified as BSVFB
grl_ilulissat_scheer,ERT_CALM_02,ERT_CALM_02,69.21711,-51.05878,2021,,41,probe,direct_eos,1,Greenland,NAtlantic,"Scheer, Johanna; Caduff, Rafael; How, Penelope; Marcer, Marco; Strozzi, Tazio; Bartsch, Annett; Ingeman-Nielsen, Thomas (2024): Mapping the frost susceptibility of the ground from thaw-season InSAR surface displacements and extrapolated active layer thicknesses, Ilulissat, West-Greenland [dataset]. PANGAEA, https://doi.org/10.1594/PANGAEA.964306",CC-BY-4.0,Greenland,,dataset_statement,annual_value,,,,0.00001,,,0,,,ok,grp=ERT_CALM | src_comment=Could also be classified as BSVFB
grl_ilulissat_scheer,ERT_CALM_03,ERT_CALM_03,69.21713,-51.05875,2021,,51,probe,direct_eos,1,Greenland,NAtlantic,"Scheer, Johanna; Caduff, Rafael; How, Penelope; Marcer, Marco; Strozzi, Tazio; Bartsch, Annett; Ingeman-Nielsen, Thomas (2024): Mapping the frost susceptibility of the ground from thaw-season InSAR surface displacements and extrapolated active layer thicknesses, Ilulissat, West-Greenland [dataset]. PANGAEA, https://doi.org/10.1594/PANGAEA.964306",CC-BY-4.0,Greenland,,dataset_statement,annual_value,,,,0.00001,,,0,,,ok,grp=ERT_CALM | src_comment=Could also be classified as BSVFB
grl_ilulissat_scheer,ERT_CALM_04,ERT_CALM_04,69.21715,-51.05871,2021,,51,probe,direct_eos,1,Greenland,NAtlantic,"Scheer, Johanna; Caduff, Rafael; How, Penelope; Marcer, Marco; Strozzi, Tazio; Bartsch, Annett; Ingeman-Nielsen, Thomas (2024): Mapping the frost susceptibility of the ground from thaw-season InSAR surface displacements and extrapolated active layer thicknesses, Ilulissat, West-Greenland [dataset]. PANGAEA, https://doi.org/10.1594/PANGAEA.964306",CC-BY-4.0,Greenland,,dataset_statement,annual_value,,,,0.00001,,,0,,,ok,grp=ERT_CALM | src_comment=Could also be classified as BSVFB
grl_ilulissat_scheer,ERT_CALM_05,ERT_CALM_05,69.21716,-51.05868,2021,,35,probe,direct_eos,1,Greenland,NAtlantic,"Scheer, Johanna; Caduff, Rafael; How, Penelope; Marcer, Marco; Strozzi, Tazio; Bartsch, Annett; Ingeman-Nielsen, Thomas (2024): Mapping the frost susceptibility of the ground from thaw-season InSAR surface displacements and extrapolated active layer thicknesses, Ilulissat, West-Greenland [dataset]. PANGAEA, https://doi.org/10.1594/PANGAEA.964306",CC-BY-4.0,Greenland,,dataset_statement,annual_value,,,,0.00001,,,0,,,ok,grp=ERT_CALM | src_comment=Could also be classified as BSVFB
grl_ilulissat_scheer,ERT_CALM_06,ERT_CALM_06,69.21718,-51.05864,2021,,72,probe,direct_eos,1,Greenland,NAtlantic,"Scheer, Johanna; Caduff, Rafael; How, Penelope; Marcer, Marco; Strozzi, Tazio; Bartsch, Annett; Ingeman-Nielsen, Thomas (2024): Mapping the frost susceptibility of the ground from thaw-season InSAR surface displacements and extrapolated active layer thicknesses, Ilulissat, West-Greenland [dataset]. PANGAEA, https://doi.org/10.1594/PANGAEA.964306",CC-BY-4.0,Greenland,,dataset_statement,annual_value,,,,0.00001,,,0,,,ok,grp=ERT_CALM
grl_ilulissat_scheer,ERT_CALM_07,ERT_CALM_07,69.2172,-51.05861,2021,,90,probe,direct_eos,1,Greenland,NAtlantic,"Scheer, Johanna; Caduff, Rafael; How, Penelope; Marcer, Marco; Strozzi, Tazio; Bartsch, Annett; Ingeman-Nielsen, Thomas (2024): Mapping the frost susceptibility of the ground from thaw-season InSAR surface displacements and extrapolated active layer thicknesses, Ilulissat, West-Greenland [dataset]. PANGAEA, https://doi.org/10.1594/PANGAEA.964306",CC-BY-4.0,Greenland,,dataset_statement,annual_value,,,,0.00001,,,0,,,ok,grp=ERT_CALM
grl_ilulissat_scheer,ERT_CALM_08,ERT_CALM_08,69.21722,-51.05857,2021,,96,probe,direct_eos,1,Greenland,NAtlantic,"Scheer, Johanna; Caduff, Rafael; How, Penelope; Marcer, Marco; Strozzi, Tazio; Bartsch, Annett; Ingeman-Nielsen, Thomas (2024): Mapping the frost susceptibility of the ground from thaw-season InSAR surface displacements and extrapolated active layer thicknesses, Ilulissat, West-Greenland [dataset]. PANGAEA, https://doi.org/10.1594/PANGAEA.964306",CC-BY-4.0,Greenland,,dataset_statement,annual_value,,,,0.00001,,,0,,,ok,grp=ERT_CALM
grl_ilulissat_scheer,ERT_CALM_09,ERT_CALM_09,69.21724,-51.05854,2021,,60,probe,direct_eos,1,Greenland,NAtlantic,"Scheer, Johanna; Caduff, Rafael; How, Penelope; Marcer, Marco; Strozzi, Tazio; Bartsch, Annett; Ingeman-Nielsen, Thomas (2024): Mapping the frost susceptibility of the ground from thaw-season InSAR surface displacements and extrapolated active layer thicknesses, Ilulissat, West-Greenland [dataset]. PANGAEA, https://doi.org/10.1594/PANGAEA.964306",CC-BY-4.0,Greenland,,dataset_statement,annual_value,,,,0.00001,,,0,,,ok,grp=ERT_CALM
grl_ilulissat_scheer,ERT_CALM_10,ERT_CALM_10,69.21726,-51.0585,2021,,55,probe,direct_eos,1,Greenland,NAtlantic,"Scheer, Johanna; Caduff, Rafael; How, Penelope; Marcer, Marco; Strozzi, Tazio; Bartsch, Annett; Ingeman-Nielsen, Thomas (2024): Mapping the frost susceptibility of the ground from thaw-season InSAR surface displacements and extrapolated active layer thicknesses, Ilulissat, West-Greenland [dataset]. PANGAEA, https://doi.org/10.1594/PANGAEA.964306",CC-BY-4.0,Greenland,,dataset_statement,annual_value,,,,0.00001,,,0,,,ok,grp=ERT_CALM
grl_ilulissat_scheer,ERT_CALM_11,ERT_CALM_11,69.21728,-51.05847,2021,,58,probe,direct_eos,1,Greenland,NAtlantic,"Scheer, Johanna; Caduff, Rafael; How, Penelope; Marcer, Marco; Strozzi, Tazio; Bartsch, Annett; Ingeman-Nielsen, Thomas (2024): Mapping the frost susceptibility of the ground from thaw-season InSAR surface displacements and extrapolated active layer thicknesses, Ilulissat, West-Greenland [dataset]. PANGAEA, https://doi.org/10.1594/PANGAEA.964306",CC-BY-4.0,Greenland,,dataset_statement,annual_value,,,,0.00001,,,0,,,ok,grp=ERT_CALM
grl_ilulissat_scheer,ERT_CALM_12,ERT_CALM_12,69.2173,-51.05843,2021,,41,probe,direct_eos,1,Greenland,NAtlantic,"Scheer, Johanna; Caduff, Rafael; How, Penelope; Marcer, Marco; Strozzi, Tazio; Bartsch, Annett; Ingeman-Nielsen, Thomas (2024): Mapping the frost susceptibility of the ground from thaw-season InSAR surface displacements and extrapolated active layer thicknesses, Ilulissat, West-Greenland [dataset]. PANGAEA, https://doi.org/10.1594/PANGAEA.964306",CC-BY-4.0,Greenland,,dataset_statement,annual_value,,,,0.00001,,,0,,,ok,grp=ERT_CALM
grl_ilulissat_scheer,ERT_CALM_13,ERT_CALM_13,69.21731,-51.0584,2021,,41,probe,direct_eos,1,Greenland,NAtlantic,"Scheer, Johanna; Caduff, Rafael; How, Penelope; Marcer, Marco; Strozzi, Tazio; Bartsch, Annett; Ingeman-Nielsen, Thomas (2024): Mapping the frost susceptibility of the ground from thaw-season InSAR surface displacements and extrapolated active layer thicknesses, Ilulissat, West-Greenland [dataset]. PANGAEA, https://doi.org/10.1594/PANGAEA.964306",CC-BY-4.0,Greenland,,dataset_statement,annual_value,,,,0.00001,,,0,,,ok,grp=ERT_CALM
grl_ilulissat_scheer,ERT_CALM_14,ERT_CALM_14,69.21733,-51.05836,2021,,36,probe,direct_eos,1,Greenland,NAtlantic,"Scheer, Johanna; Caduff, Rafael; How, Penelope; Marcer, Marco; Strozzi, Tazio; Bartsch, Annett; Ingeman-Nielsen, Thomas (2024): Mapping the frost susceptibility of the ground from thaw-season InSAR surface displacements and extrapolated active layer thicknesses, Ilulissat, West-Greenland [dataset]. PANGAEA, https://doi.org/10.1594/PANGAEA.964306",CC-BY-4.0,Greenland,,dataset_statement,annual_value,,,,0.00001,,,0,,,ok,grp=ERT_CALM
grl_ilulissat_scheer,ERT_CALM_15,ERT_CALM_15,69.21735,-51.05833,2021,,50,probe,direct_eos,1,Greenland,NAtlantic,"Scheer, Johanna; Caduff, Rafael; How, Penelope; Marcer, Marco; Strozzi, Tazio; Bartsch, Annett; Ingeman-Nielsen, Thomas (2024): Mapping the frost susceptibility of the ground from thaw-season InSAR surface displacements and extrapolated active layer thicknesses, Ilulissat, West-Greenland [dataset]. PANGAEA, https://doi.org/10.1594/PANGAEA.964306",CC-BY-4.0,Greenland,,dataset_statement,annual_value,,,,0.00001,,,0,,,ok,grp=ERT_CALM
grl_ilulissat_scheer,ERT_CALM_16,ERT_CALM_16,69.21737,-51.05829,2021,,64,probe,direct_eos,1,Greenland,NAtlantic,"Scheer, Johanna; Caduff, Rafael; How, Penelope; Marcer, Marco; Strozzi, Tazio; Bartsch, Annett; Ingeman-Nielsen, Thomas (2024): Mapping the frost susceptibility of the ground from thaw-season InSAR surface displacements and extrapolated active layer thicknesses, Ilulissat, West-Greenland [dataset]. PANGAEA, https://doi.org/10.1594/PANGAEA.964306",CC-BY-4.0,Greenland,,dataset_statement,annual_value,,,,0.00001,,,0,,,ok,grp=ERT_CALM
grl_ilulissat_scheer,ERT_CALM_17,ERT_CALM_17,69.21739,-51.05826,2021,,60,probe,direct_eos,1,Greenland,NAtlantic,"Scheer, Johanna; Caduff, Rafael; How, Penelope; Marcer, Marco; Strozzi, Tazio; Bartsch, Annett; Ingeman-Nielsen, Thomas (2024): Mapping the frost susceptibility of the ground from thaw-season InSAR surface displacements and extrapolated active layer thicknesses, Ilulissat, West-Greenland [dataset]. PANGAEA, https://doi.org/10.1594/PANGAEA.964306",CC-BY-4.0,Greenland,,dataset_statement,annual_value,,,,0.00001,,,0,,,ok,grp=ERT_CALM
grl_ilulissat_scheer,ERT_CALM_18,ERT_CALM_18,69.21741,-51.05823,2021,,73,probe,direct_eos,1,Greenland,NAtlantic,"Scheer, Johanna; Caduff, Rafael; How, Penelope; Marcer, Marco; Strozzi, Tazio; Bartsch, Annett; Ingeman-Nielsen, Thomas (2024): Mapping the frost susceptibility of the ground from thaw-season InSAR surface displacements and extrapolated active layer thicknesses, Ilulissat, West-Greenland [dataset]. PANGAEA, https://doi.org/10.1594/PANGAEA.964306",CC-BY-4.0,Greenland,,dataset_statement,annual_value,,,,0.00001,,,0,,,ok,grp=ERT_CALM
grl_ilulissat_scheer,ERT_CALM_19,ERT_CALM_19,69.21743,-51.05819,2021,,79,probe,direct_eos,1,Greenland,NAtlantic,"Scheer, Johanna; Caduff, Rafael; How, Penelope; Marcer, Marco; Strozzi, Tazio; Bartsch, Annett; Ingeman-Nielsen, Thomas (2024): Mapping the frost susceptibility of the ground from thaw-season InSAR surface displacements and extrapolated active layer thicknesses, Ilulissat, West-Greenland [dataset]. PANGAEA, https://doi.org/10.1594/PANGAEA.964306",CC-BY-4.0,Greenland,,dataset_statement,annual_value,,,,0.00001,,,0,,,ok,grp=ERT_CALM
grl_ilulissat_scheer,ERT_CALM_20,ERT_CALM_20,69.21745,-51.05816,2021,,89,probe,direct_eos,1,Greenland,NAtlantic,"Scheer, Johanna; Caduff, Rafael; How, Penelope; Marcer, Marco; Strozzi, Tazio; Bartsch, Annett; Ingeman-Nielsen, Thomas (2024): Mapping the frost susceptibility of the ground from thaw-season InSAR surface displacements and extrapolated active layer thicknesses, Ilulissat, West-Greenland [dataset]. PANGAEA, https://doi.org/10.1594/PANGAEA.964306",CC-BY-4.0,Greenland,,dataset_statement,annual_value,,,,0.00001,,,0,,,ok,grp=ERT_CALM
grl_ilulissat_scheer,ERT_CALM_21,ERT_CALM_21,69.21746,-51.05813,2021,,61,probe,direct_eos,1,Greenland,NAtlantic,"Scheer, Johanna; Caduff, Rafael; How, Penelope; Marcer, Marco; Strozzi, Tazio; Bartsch, Annett; Ingeman-Nielsen, Thomas (2024): Mapping the frost susceptibility of the ground from thaw-season InSAR surface displacements and extrapolated active layer thicknesses, Ilulissat, West-Greenland [dataset]. PANGAEA, https://doi.org/10.1594/PANGAEA.964306",CC-BY-4.0,Greenland,,dataset_statement,annual_value,,,,0.00001,,,0,,,ok,grp=ERT_CALM
grl_ilulissat_scheer,ERT_CALM_22,ERT_CALM_22,69.21749,-51.05808,2021,,72,probe,direct_eos,1,Greenland,NAtlantic,"Scheer, Johanna; Caduff, Rafael; How, Penelope; Marcer, Marco; Strozzi, Tazio; Bartsch, Annett; Ingeman-Nielsen, Thomas (2024): Mapping the frost susceptibility of the ground from thaw-season InSAR surface displacements and extrapolated active layer thicknesses, Ilulissat, West-Greenland [dataset]. PANGAEA, https://doi.org/10.1594/PANGAEA.964306",CC-BY-4.0,Greenland,,dataset_statement,annual_value,,,,0.00001,,,1,,,ok,"grp=ERT_CALM | right_censored 근거=lower_bound_unreliable | src_comment=Measurement not reliable / ALT might be superior to indicated value, as soil was very hard/sticky"
grl_ilulissat_scheer,ERT_CALM_23,ERT_CALM_23,69.2175,-51.05804,2021,,66,probe,direct_eos,1,Greenland,NAtlantic,"Scheer, Johanna; Caduff, Rafael; How, Penelope; Marcer, Marco; Strozzi, Tazio; Bartsch, Annett; Ingeman-Nielsen, Thomas (2024): Mapping the frost susceptibility of the ground from thaw-season InSAR surface displacements and extrapolated active layer thicknesses, Ilulissat, West-Greenland [dataset]. PANGAEA, https://doi.org/10.1594/PANGAEA.964306",CC-BY-4.0,Greenland,,dataset_statement,annual_value,,,,0.00001,,,0,,,ok,grp=ERT_CALM
grl_ilulissat_scheer,ERT_CALM_24,ERT_CALM_24,69.21752,-51.05801,2021,,44,probe,direct_eos,1,Greenland,NAtlantic,"Scheer, Johanna; Caduff, Rafael; How, Penelope; Marcer, Marco; Strozzi, Tazio; Bartsch, Annett; Ingeman-Nielsen, Thomas (2024): Mapping the frost susceptibility of the ground from thaw-season InSAR surface displacements and extrapolated active layer thicknesses, Ilulissat, West-Greenland [dataset]. PANGAEA, https://doi.org/10.1594/PANGAEA.964306",CC-BY-4.0,Greenland,,dataset_statement,annual_value,,,,0.00001,,,0,,,ok,grp=ERT_CALM
grl_ilulissat_scheer,ERT_CALM_25,ERT_CALM_25,69.21754,-51.05797,2021,,52,probe,direct_eos,1,Greenland,NAtlantic,"Scheer, Johanna; Caduff, Rafael; How, Penelope; Marcer, Marco; Strozzi, Tazio; Bartsch, Annett; Ingeman-Nielsen, Thomas (2024): Mapping the frost susceptibility of the ground from thaw-season InSAR surface displacements and extrapolated active layer thicknesses, Ilulissat, West-Greenland [dataset]. PANGAEA, https://doi.org/10.1594/PANGAEA.964306",CC-BY-4.0,Greenland,,dataset_statement,annual_value,,,,0.00001,,,0,,,ok,grp=ERT_CALM
grl_ilulissat_scheer,ERT_CALM_26,ERT_CALM_26,69.21756,-51.05793,2021,,48,probe,direct_eos,1,Greenland,NAtlantic,"Scheer, Johanna; Caduff, Rafael; How, Penelope; Marcer, Marco; Strozzi, Tazio; Bartsch, Annett; Ingeman-Nielsen, Thomas (2024): Mapping the frost susceptibility of the ground from thaw-season InSAR surface displacements and extrapolated active layer thicknesses, Ilulissat, West-Greenland [dataset]. PANGAEA, https://doi.org/10.1594/PANGAEA.964306",CC-BY-4.0,Greenland,,dataset_statement,annual_value,,,,0.00001,,,0,,,ok,grp=ERT_CALM
grl_ilulissat_scheer,ERT_CALM_27,ERT_CALM_27,69.21758,-51.0579,2021,,40,probe,direct_eos,1,Greenland,NAtlantic,"Scheer, Johanna; Caduff, Rafael; How, Penelope; Marcer, Marco; Strozzi, Tazio; Bartsch, Annett; Ingeman-Nielsen, Thomas (2024): Mapping the frost susceptibility of the ground from thaw-season InSAR surface displacements and extrapolated active layer thicknesses, Ilulissat, West-Greenland [dataset]. PANGAEA, https://doi.org/10.1594/PANGAEA.964306",CC-BY-4.0,Greenland,,dataset_statement,annual_value,,,,0.00001,,,0,,,ok,grp=ERT_CALM
grl_ilulissat_scheer,ERT_CALM_28,ERT_CALM_28,69.2176,-51.05786,2021,,65,probe,direct_eos,1,Greenland,NAtlantic,"Scheer, Johanna; Caduff, Rafael; How, Penelope; Marcer, Marco; Strozzi, Tazio; Bartsch, Annett; Ingeman-Nielsen, Thomas (2024): Mapping the frost susceptibility of the ground from thaw-season InSAR surface displacements and extrapolated active layer thicknesses, Ilulissat, West-Greenland [dataset]. PANGAEA, https://doi.org/10.1594/PANGAEA.964306",CC-BY-4.0,Greenland,,dataset_statement,annual_value,,,,0.00001,,,0,,,ok,grp=ERT_CALM
grl_ilulissat_scheer,ERT_CALM_29,ERT_CALM_29,69.21761,-51.05783,2021,,71,probe,direct_eos,1,Greenland,NAtlantic,"Scheer, Johanna; Caduff, Rafael; How, Penelope; Marcer, Marco; Strozzi, Tazio; Bartsch, Annett; Ingeman-Nielsen, Thomas (2024): Mapping the frost susceptibility of the ground from thaw-season InSAR surface displacements and extrapolated active layer thicknesses, Ilulissat, West-Greenland [dataset]. PANGAEA, https://doi.org/10.1594/PANGAEA.964306",CC-BY-4.0,Greenland,,dataset_statement,annual_value,,,,0.00001,,,0,,,ok,grp=ERT_CALM
grl_ilulissat_scheer,ERT_CALM_30,ERT_CALM_30,69.21763,-51.05779,2021,,76,probe,direct_eos,1,Greenland,NAtlantic,"Scheer, Johanna; Caduff, Rafael; How, Penelope; Marcer, Marco; Strozzi, Tazio; Bartsch, Annett; Ingeman-Nielsen, Thomas (2024): Mapping the frost susceptibility of the ground from thaw-season InSAR surface displacements and extrapolated active layer thicknesses, Ilulissat, West-Greenland [dataset]. PANGAEA, https://doi.org/10.1594/PANGAEA.964306",CC-BY-4.0,Greenland,,dataset_statement,annual_value,,,,0.00001,,,0,,,ok,grp=ERT_CALM
grl_ilulissat_scheer,ERT_CALM_31,ERT_CALM_31,69.21765,-51.05775,2021,,70,probe,direct_eos,1,Greenland,NAtlantic,"Scheer, Johanna; Caduff, Rafael; How, Penelope; Marcer, Marco; Strozzi, Tazio; Bartsch, Annett; Ingeman-Nielsen, Thomas (2024): Mapping the frost susceptibility of the ground from thaw-season InSAR surface displacements and extrapolated active layer thicknesses, Ilulissat, West-Greenland [dataset]. PANGAEA, https://doi.org/10.1594/PANGAEA.964306",CC-BY-4.0,Greenland,,dataset_statement,annual_value,,,,0.00001,,,0,,,ok,grp=ERT_CALM
grl_ilulissat_scheer,ERT_CALM_32,ERT_CALM_32,69.21767,-51.05772,2021,,76,probe,direct_eos,1,Greenland,NAtlantic,"Scheer, Johanna; Caduff, Rafael; How, Penelope; Marcer, Marco; Strozzi, Tazio; Bartsch, Annett; Ingeman-Nielsen, Thomas (2024): Mapping the frost susceptibility of the ground from thaw-season InSAR surface displacements and extrapolated active layer thicknesses, Ilulissat, West-Greenland [dataset]. PANGAEA, https://doi.org/10.1594/PANGAEA.964306",CC-BY-4.0,Greenland,,dataset_statement,annual_value,,,,0.00001,,,0,,,ok,grp=ERT_CALM
grl_ilulissat_scheer,ERT_CALM_33,ERT_CALM_33,69.21769,-51.05768,2021,,51,probe,direct_eos,1,Greenland,NAtlantic,"Scheer, Johanna; Caduff, Rafael; How, Penelope; Marcer, Marco; Strozzi, Tazio; Bartsch, Annett; Ingeman-Nielsen, Thomas (2024): Mapping the frost susceptibility of the ground from thaw-season InSAR surface displacements and extrapolated active layer thicknesses, Ilulissat, West-Greenland [dataset]. PANGAEA, https://doi.org/10.1594/PANGAEA.964306",CC-BY-4.0,Greenland,,dataset_statement,annual_value,,,,0.00001,,,0,,,ok,grp=ERT_CALM
grl_ilulissat_scheer,ERT_CALM_34,ERT_CALM_34,69.21771,-51.05764,2021,,64,probe,direct_eos,1,Greenland,NAtlantic,"Scheer, Johanna; Caduff, Rafael; How, Penelope; Marcer, Marco; Strozzi, Tazio; Bartsch, Annett; Ingeman-Nielsen, Thomas (2024): Mapping the frost susceptibility of the ground from thaw-season InSAR surface displacements and extrapolated active layer thicknesses, Ilulissat, West-Greenland [dataset]. PANGAEA, https://doi.org/10.1594/PANGAEA.964306",CC-BY-4.0,Greenland,,dataset_statement,annual_value,,,,0.00001,,,0,,,ok,grp=ERT_CALM
grl_ilulissat_scheer,ERT_CALM_35,ERT_CALM_35,69.21772,-51.05761,2021,,48,probe,direct_eos,1,Greenland,NAtlantic,"Scheer, Johanna; Caduff, Rafael; How, Penelope; Marcer, Marco; Strozzi, Tazio; Bartsch, Annett; Ingeman-Nielsen, Thomas (2024): Mapping the frost susceptibility of the ground from thaw-season InSAR surface displacements and extrapolated active layer thicknesses, Ilulissat, West-Greenland [dataset]. PANGAEA, https://doi.org/10.1594/PANGAEA.964306",CC-BY-4.0,Greenland,,dataset_statement,annual_value,,,,0.00001,,,0,,,ok,grp=ERT_CALM
grl_ilulissat_scheer,ERT_CALM_36,ERT_CALM_36,69.21774,-51.05757,2021,,82,probe,direct_eos,1,Greenland,NAtlantic,"Scheer, Johanna; Caduff, Rafael; How, Penelope; Marcer, Marco; Strozzi, Tazio; Bartsch, Annett; Ingeman-Nielsen, Thomas (2024): Mapping the frost susceptibility of the ground from thaw-season InSAR surface displacements and extrapolated active layer thicknesses, Ilulissat, West-Greenland [dataset]. PANGAEA, https://doi.org/10.1594/PANGAEA.964306",CC-BY-4.0,Greenland,,dataset_statement,annual_value,,,,0.00001,,,0,,,ok,grp=ERT_CALM
grl_ilulissat_scheer,ERT_CALM_37,ERT_CALM_37,69.21776,-51.05754,2021,,77,probe,direct_eos,1,Greenland,NAtlantic,"Scheer, Johanna; Caduff, Rafael; How, Penelope; Marcer, Marco; Strozzi, Tazio; Bartsch, Annett; Ingeman-Nielsen, Thomas (2024): Mapping the frost susceptibility of the ground from thaw-season InSAR surface displacements and extrapolated active layer thicknesses, Ilulissat, West-Greenland [dataset]. PANGAEA, https://doi.org/10.1594/PANGAEA.964306",CC-BY-4.0,Greenland,,dataset_statement,annual_value,,,,0.00001,,,0,,,ok,grp=ERT_CALM
grl_ilulissat_scheer,ERT_CALM_38,ERT_CALM_38,69.21778,-51.0575,2021,,68,probe,direct_eos,1,Greenland,NAtlantic,"Scheer, Johanna; Caduff, Rafael; How, Penelope; Marcer, Marco; Strozzi, Tazio; Bartsch, Annett; Ingeman-Nielsen, Thomas (2024): Mapping the frost susceptibility of the ground from thaw-season InSAR surface displacements and extrapolated active layer thicknesses, Ilulissat, West-Greenland [dataset]. PANGAEA, https://doi.org/10.1594/PANGAEA.964306",CC-BY-4.0,Greenland,,dataset_statement,annual_value,,,,0.00001,,,0,,,ok,grp=ERT_CALM
grl_ilulissat_scheer,ERT_CALM_39,ERT_CALM_39,69.2178,-51.05746,2021,,103,probe,direct_eos,1,Greenland,NAtlantic,"Scheer, Johanna; Caduff, Rafael; How, Penelope; Marcer, Marco; Strozzi, Tazio; Bartsch, Annett; Ingeman-Nielsen, Thomas (2024): Mapping the frost susceptibility of the ground from thaw-season InSAR surface displacements and extrapolated active layer thicknesses, Ilulissat, West-Greenland [dataset]. PANGAEA, https://doi.org/10.1594/PANGAEA.964306",CC-BY-4.0,Greenland,,dataset_statement,annual_value,,,,0.00001,,,0,,,ok,grp=ERT_CALM | src_comment=Frozen
grl_ilulissat_scheer,ERT_CALM_40,ERT_CALM_40,69.21782,-51.05743,2021,,110,probe,direct_eos,1,Greenland,NAtlantic,"Scheer, Johanna; Caduff, Rafael; How, Penelope; Marcer, Marco; Strozzi, Tazio; Bartsch, Annett; Ingeman-Nielsen, Thomas (2024): Mapping the frost susceptibility of the ground from thaw-season InSAR surface displacements and extrapolated active layer thicknesses, Ilulissat, West-Greenland [dataset]. PANGAEA, https://doi.org/10.1594/PANGAEA.964306",CC-BY-4.0,Greenland,,dataset_statement,annual_value,,,,0.00001,,,1,,,ok,grp=ERT_CALM | right_censored 근거=out_of_range | src_comment=Top frozen / Out of range
grl_ilulissat_scheer,ERT_CALM_41,ERT_CALM_41,69.21783,-51.05739,2021,,110,probe,direct_eos,1,Greenland,NAtlantic,"Scheer, Johanna; Caduff, Rafael; How, Penelope; Marcer, Marco; Strozzi, Tazio; Bartsch, Annett; Ingeman-Nielsen, Thomas (2024): Mapping the frost susceptibility of the ground from thaw-season InSAR surface displacements and extrapolated active layer thicknesses, Ilulissat, West-Greenland [dataset]. PANGAEA, https://doi.org/10.1594/PANGAEA.964306",CC-BY-4.0,Greenland,,dataset_statement,annual_value,,,,0.00001,,,1,,,ok,grp=ERT_CALM | right_censored 근거=out_of_range | src_comment=Top frozen / Out of range
grl_ilulissat_scheer,ERT_CALM_42,ERT_CALM_42,69.21785,-51.05736,2021,,110,probe,direct_eos,1,Greenland,NAtlantic,"Scheer, Johanna; Caduff, Rafael; How, Penelope; Marcer, Marco; Strozzi, Tazio; Bartsch, Annett; Ingeman-Nielsen, Thomas (2024): Mapping the frost susceptibility of the ground from thaw-season InSAR surface displacements and extrapolated active layer thicknesses, Ilulissat, West-Greenland [dataset]. PANGAEA, https://doi.org/10.1594/PANGAEA.964306",CC-BY-4.0,Greenland,,dataset_statement,annual_value,,,,0.00001,,,1,,,ok,grp=ERT_CALM | right_censored 근거=out_of_range | src_comment=Ice thickness 14 cm / Out of range
grl_ilulissat_scheer,ERT_CALM_43,ERT_CALM_43,69.21787,-51.05732,2021,,110,probe,direct_eos,1,Greenland,NAtlantic,"Scheer, Johanna; Caduff, Rafael; How, Penelope; Marcer, Marco; Strozzi, Tazio; Bartsch, Annett; Ingeman-Nielsen, Thomas (2024): Mapping the frost susceptibility of the ground from thaw-season InSAR surface displacements and extrapolated active layer thicknesses, Ilulissat, West-Greenland [dataset]. PANGAEA, https://doi.org/10.1594/PANGAEA.964306",CC-BY-4.0,Greenland,,dataset_statement,annual_value,,,,0.00001,,,0,,,ok,grp=ERT_CALM | 값이 절단 표기 행의 값과 같다. 절단 여부는 확인하지 못했다
grl_ilulissat_scheer,ERT_CALM_44,ERT_CALM_44,69.21789,-51.05729,2021,,85,probe,direct_eos,1,Greenland,NAtlantic,"Scheer, Johanna; Caduff, Rafael; How, Penelope; Marcer, Marco; Strozzi, Tazio; Bartsch, Annett; Ingeman-Nielsen, Thomas (2024): Mapping the frost susceptibility of the ground from thaw-season InSAR surface displacements and extrapolated active layer thicknesses, Ilulissat, West-Greenland [dataset]. PANGAEA, https://doi.org/10.1594/PANGAEA.964306",CC-BY-4.0,Greenland,,dataset_statement,annual_value,,,,0.00001,,,0,,,ok,grp=ERT_CALM
grl_ilulissat_scheer,ERT_CALM_45,ERT_CALM_45,69.21791,-51.05726,2021,,83,probe,direct_eos,1,Greenland,NAtlantic,"Scheer, Johanna; Caduff, Rafael; How, Penelope; Marcer, Marco; Strozzi, Tazio; Bartsch, Annett; Ingeman-Nielsen, Thomas (2024): Mapping the frost susceptibility of the ground from thaw-season InSAR surface displacements and extrapolated active layer thicknesses, Ilulissat, West-Greenland [dataset]. PANGAEA, https://doi.org/10.1594/PANGAEA.964306",CC-BY-4.0,Greenland,,dataset_statement,annual_value,,,,0.00001,,,0,,,ok,grp=ERT_CALM
grl_ilulissat_scheer,ERT_CALM_46,ERT_CALM_46,69.21793,-51.05722,2021,,74,probe,direct_eos,1,Greenland,NAtlantic,"Scheer, Johanna; Caduff, Rafael; How, Penelope; Marcer, Marco; Strozzi, Tazio; Bartsch, Annett; Ingeman-Nielsen, Thomas (2024): Mapping the frost susceptibility of the ground from thaw-season InSAR surface displacements and extrapolated active layer thicknesses, Ilulissat, West-Greenland [dataset]. PANGAEA, https://doi.org/10.1594/PANGAEA.964306",CC-BY-4.0,Greenland,,dataset_statement,annual_value,,,,0.00001,,,0,,,ok,grp=ERT_CALM
grl_ilulissat_scheer,ERT_CALM_47,ERT_CALM_47,69.21795,-51.05719,2021,,53,probe,direct_eos,1,Greenland,NAtlantic,"Scheer, Johanna; Caduff, Rafael; How, Penelope; Marcer, Marco; Strozzi, Tazio; Bartsch, Annett; Ingeman-Nielsen, Thomas (2024): Mapping the frost susceptibility of the ground from thaw-season InSAR surface displacements and extrapolated active layer thicknesses, Ilulissat, West-Greenland [dataset]. PANGAEA, https://doi.org/10.1594/PANGAEA.964306",CC-BY-4.0,Greenland,,dataset_statement,annual_value,,,,0.00001,,,0,,,ok,grp=ERT_CALM
grl_ilulissat_scheer,ERT_CALM_48,ERT_CALM_48,69.21797,-51.05716,2021,,71,probe,direct_eos,1,Greenland,NAtlantic,"Scheer, Johanna; Caduff, Rafael; How, Penelope; Marcer, Marco; Strozzi, Tazio; Bartsch, Annett; Ingeman-Nielsen, Thomas (2024): Mapping the frost susceptibility of the ground from thaw-season InSAR surface displacements and extrapolated active layer thicknesses, Ilulissat, West-Greenland [dataset]. PANGAEA, https://doi.org/10.1594/PANGAEA.964306",CC-BY-4.0,Greenland,,dataset_statement,annual_value,,,,0.00001,,,0,,,ok,grp=ERT_CALM
grl_ilulissat_scheer,ERT_CALM_49,ERT_CALM_49,69.21799,-51.05712,2021,,64,probe,direct_eos,1,Greenland,NAtlantic,"Scheer, Johanna; Caduff, Rafael; How, Penelope; Marcer, Marco; Strozzi, Tazio; Bartsch, Annett; Ingeman-Nielsen, Thomas (2024): Mapping the frost susceptibility of the ground from thaw-season InSAR surface displacements and extrapolated active layer thicknesses, Ilulissat, West-Greenland [dataset]. PANGAEA, https://doi.org/10.1594/PANGAEA.964306",CC-BY-4.0,Greenland,,dataset_statement,annual_value,,,,0.00001,,,0,,,ok,grp=ERT_CALM
grl_ilulissat_scheer,ERT_CALM_50,ERT_CALM_50,69.21801,-51.05709,2021,,68,probe,direct_eos,1,Greenland,NAtlantic,"Scheer, Johanna; Caduff, Rafael; How, Penelope; Marcer, Marco; Strozzi, Tazio; Bartsch, Annett; Ingeman-Nielsen, Thomas (2024): Mapping the frost susceptibility of the ground from thaw-season InSAR surface displacements and extrapolated active layer thicknesses, Ilulissat, West-Greenland [dataset]. PANGAEA, https://doi.org/10.1594/PANGAEA.964306",CC-BY-4.0,Greenland,,dataset_statement,annual_value,,,,0.00001,,,0,,,ok,grp=ERT_CALM
grl_ilulissat_scheer,ERT_CALM_51,ERT_CALM_51,69.21802,-51.05706,2021,,58,probe,direct_eos,1,Greenland,NAtlantic,"Scheer, Johanna; Caduff, Rafael; How, Penelope; Marcer, Marco; Strozzi, Tazio; Bartsch, Annett; Ingeman-Nielsen, Thomas (2024): Mapping the frost susceptibility of the ground from thaw-season InSAR surface displacements and extrapolated active layer thicknesses, Ilulissat, West-Greenland [dataset]. PANGAEA, https://doi.org/10.1594/PANGAEA.964306",CC-BY-4.0,Greenland,,dataset_statement,annual_value,,,,0.00001,,,0,,,ok,grp=ERT_CALM
grl_ilulissat_scheer,ERT_CALM_52,ERT_CALM_52,69.21804,-51.05702,2021,,58,probe,direct_eos,1,Greenland,NAtlantic,"Scheer, Johanna; Caduff, Rafael; How, Penelope; Marcer, Marco; Strozzi, Tazio; Bartsch, Annett; Ingeman-Nielsen, Thomas (2024): Mapping the frost susceptibility of the ground from thaw-season InSAR surface displacements and extrapolated active layer thicknesses, Ilulissat, West-Greenland [dataset]. PANGAEA, https://doi.org/10.1594/PANGAEA.964306",CC-BY-4.0,Greenland,,dataset_statement,annual_value,,,,0.00001,,,0,,,ok,grp=ERT_CALM
grl_ilulissat_scheer,ERT_CALM_53,ERT_CALM_53,69.21806,-51.05699,2021,,79,probe,direct_eos,1,Greenland,NAtlantic,"Scheer, Johanna; Caduff, Rafael; How, Penelope; Marcer, Marco; Strozzi, Tazio; Bartsch, Annett; Ingeman-Nielsen, Thomas (2024): Mapping the frost susceptibility of the ground from thaw-season InSAR surface displacements and extrapolated active layer thicknesses, Ilulissat, West-Greenland [dataset]. PANGAEA, https://doi.org/10.1594/PANGAEA.964306",CC-BY-4.0,Greenland,,dataset_statement,annual_value,,,,0.00001,,,0,,,ok,grp=ERT_CALM
grl_ilulissat_scheer,ERT_CALM_54,ERT_CALM_54,69.21808,-51.05696,2021,,67,probe,direct_eos,1,Greenland,NAtlantic,"Scheer, Johanna; Caduff, Rafael; How, Penelope; Marcer, Marco; Strozzi, Tazio; Bartsch, Annett; Ingeman-Nielsen, Thomas (2024): Mapping the frost susceptibility of the ground from thaw-season InSAR surface displacements and extrapolated active layer thicknesses, Ilulissat, West-Greenland [dataset]. PANGAEA, https://doi.org/10.1594/PANGAEA.964306",CC-BY-4.0,Greenland,,dataset_statement,annual_value,,,,0.00001,,,0,,,ok,grp=ERT_CALM
grl_ilulissat_scheer,ERT_CALM_55,ERT_CALM_55,69.2181,-51.05692,2021,,57,probe,direct_eos,1,Greenland,NAtlantic,"Scheer, Johanna; Caduff, Rafael; How, Penelope; Marcer, Marco; Strozzi, Tazio; Bartsch, Annett; Ingeman-Nielsen, Thomas (2024): Mapping the frost susceptibility of the ground from thaw-season InSAR surface displacements and extrapolated active layer thicknesses, Ilulissat, West-Greenland [dataset]. PANGAEA, https://doi.org/10.1594/PANGAEA.964306",CC-BY-4.0,Greenland,,dataset_statement,annual_value,,,,0.00001,,,0,,,ok,grp=ERT_CALM
grl_ilulissat_scheer,ERT_CALM_56,ERT_CALM_56,69.21812,-51.05689,2021,,77,probe,direct_eos,1,Greenland,NAtlantic,"Scheer, Johanna; Caduff, Rafael; How, Penelope; Marcer, Marco; Strozzi, Tazio; Bartsch, Annett; Ingeman-Nielsen, Thomas (2024): Mapping the frost susceptibility of the ground from thaw-season InSAR surface displacements and extrapolated active layer thicknesses, Ilulissat, West-Greenland [dataset]. PANGAEA, https://doi.org/10.1594/PANGAEA.964306",CC-BY-4.0,Greenland,,dataset_statement,annual_value,,,,0.00001,,,0,,,ok,grp=ERT_CALM
grl_ilulissat_scheer,ERT_CALM_57,ERT_CALM_57,69.21814,-51.05686,2021,,58,probe,direct_eos,1,Greenland,NAtlantic,"Scheer, Johanna; Caduff, Rafael; How, Penelope; Marcer, Marco; Strozzi, Tazio; Bartsch, Annett; Ingeman-Nielsen, Thomas (2024): Mapping the frost susceptibility of the ground from thaw-season InSAR surface displacements and extrapolated active layer thicknesses, Ilulissat, West-Greenland [dataset]. PANGAEA, https://doi.org/10.1594/PANGAEA.964306",CC-BY-4.0,Greenland,,dataset_statement,annual_value,,,,0.00001,,,0,,,ok,grp=ERT_CALM
grl_ilulissat_scheer,ERT_CALM_58,ERT_CALM_58,69.21816,-51.05682,2021,,78,probe,direct_eos,1,Greenland,NAtlantic,"Scheer, Johanna; Caduff, Rafael; How, Penelope; Marcer, Marco; Strozzi, Tazio; Bartsch, Annett; Ingeman-Nielsen, Thomas (2024): Mapping the frost susceptibility of the ground from thaw-season InSAR surface displacements and extrapolated active layer thicknesses, Ilulissat, West-Greenland [dataset]. PANGAEA, https://doi.org/10.1594/PANGAEA.964306",CC-BY-4.0,Greenland,,dataset_statement,annual_value,,,,0.00001,,,0,,,ok,grp=ERT_CALM
grl_ilulissat_scheer,ERT_CALM_59,ERT_CALM_59,69.21818,-51.05679,2021,,74,probe,direct_eos,1,Greenland,NAtlantic,"Scheer, Johanna; Caduff, Rafael; How, Penelope; Marcer, Marco; Strozzi, Tazio; Bartsch, Annett; Ingeman-Nielsen, Thomas (2024): Mapping the frost susceptibility of the ground from thaw-season InSAR surface displacements and extrapolated active layer thicknesses, Ilulissat, West-Greenland [dataset]. PANGAEA, https://doi.org/10.1594/PANGAEA.964306",CC-BY-4.0,Greenland,,dataset_statement,annual_value,,,,0.00001,,,1,,,ok,"grp=ERT_CALM | right_censored 근거=lower_bound_unreliable | src_comment=Measurement not reliable, ALT might be superior to indicated value, as soil was very hard/sticky"
grl_ilulissat_scheer,ERT_CALM_60,ERT_CALM_60,69.2182,-51.05676,2021,,62,probe,direct_eos,1,Greenland,NAtlantic,"Scheer, Johanna; Caduff, Rafael; How, Penelope; Marcer, Marco; Strozzi, Tazio; Bartsch, Annett; Ingeman-Nielsen, Thomas (2024): Mapping the frost susceptibility of the ground from thaw-season InSAR surface displacements and extrapolated active layer thicknesses, Ilulissat, West-Greenland [dataset]. PANGAEA, https://doi.org/10.1594/PANGAEA.964306",CC-BY-4.0,Greenland,,dataset_statement,annual_value,,,,0.00001,,,0,,,ok,grp=ERT_CALM
grl_ilulissat_scheer,ERT_CALM_61,ERT_CALM_61,69.21821,-51.05673,2021,,57,probe,direct_eos,1,Greenland,NAtlantic,"Scheer, Johanna; Caduff, Rafael; How, Penelope; Marcer, Marco; Strozzi, Tazio; Bartsch, Annett; Ingeman-Nielsen, Thomas (2024): Mapping the frost susceptibility of the ground from thaw-season InSAR surface displacements and extrapolated active layer thicknesses, Ilulissat, West-Greenland [dataset]. PANGAEA, https://doi.org/10.1594/PANGAEA.964306",CC-BY-4.0,Greenland,,dataset_statement,annual_value,,,,0.00001,,,0,,,ok,grp=ERT_CALM
grl_ilulissat_scheer,South,South,69.21621,-51.03273,2021,,67,probe,direct_eos,1,Greenland,NAtlantic,"Scheer, Johanna; Caduff, Rafael; How, Penelope; Marcer, Marco; Strozzi, Tazio; Bartsch, Annett; Ingeman-Nielsen, Thomas (2024): Mapping the frost susceptibility of the ground from thaw-season InSAR surface displacements and extrapolated active layer thicknesses, Ilulissat, West-Greenland [dataset]. PANGAEA, https://doi.org/10.1594/PANGAEA.964306",CC-BY-4.0,Greenland,,dataset_statement,annual_value,,,,0.00001,,,0,,,ok,grp=other
grl_ilulissat_scheer,Center,Center,69.2162,-51.032,2021,,110,probe,direct_eos,1,Greenland,NAtlantic,"Scheer, Johanna; Caduff, Rafael; How, Penelope; Marcer, Marco; Strozzi, Tazio; Bartsch, Annett; Ingeman-Nielsen, Thomas (2024): Mapping the frost susceptibility of the ground from thaw-season InSAR surface displacements and extrapolated active layer thicknesses, Ilulissat, West-Greenland [dataset]. PANGAEA, https://doi.org/10.1594/PANGAEA.964306",CC-BY-4.0,Greenland,,dataset_statement,annual_value,,,,0.00001,,,1,,,ok,grp=other | right_censored 근거=out_of_range | src_comment=Out of range
grl_ilulissat_scheer,North,North,69.21619,-51.03173,2021,,82,probe,direct_eos,1,Greenland,NAtlantic,"Scheer, Johanna; Caduff, Rafael; How, Penelope; Marcer, Marco; Strozzi, Tazio; Bartsch, Annett; Ingeman-Nielsen, Thomas (2024): Mapping the frost susceptibility of the ground from thaw-season InSAR surface displacements and extrapolated active layer thicknesses, Ilulissat, West-Greenland [dataset]. PANGAEA, https://doi.org/10.1594/PANGAEA.964306",CC-BY-4.0,Greenland,,dataset_statement,annual_value,,,,0.00001,,,0,,,ok,grp=other
grl_ilulissat_scheer,North2,North2,69.21638,-51.03153,2021,,45,probe,direct_eos,1,Greenland,NAtlantic,"Scheer, Johanna; Caduff, Rafael; How, Penelope; Marcer, Marco; Strozzi, Tazio; Bartsch, Annett; Ingeman-Nielsen, Thomas (2024): Mapping the frost susceptibility of the ground from thaw-season InSAR surface displacements and extrapolated active layer thicknesses, Ilulissat, West-Greenland [dataset]. PANGAEA, https://doi.org/10.1594/PANGAEA.964306",CC-BY-4.0,Greenland,,dataset_statement,annual_value,,,,0.00001,,,0,,,ok,grp=other
grl_ilulissat_scheer,ILU2021-02,ILU2021-02,69.21925,-51.05489,2021,,77.4,probe,direct_eos,1,Greenland,NAtlantic,"Scheer, Johanna; Caduff, Rafael; How, Penelope; Marcer, Marco; Strozzi, Tazio; Bartsch, Annett; Ingeman-Nielsen, Thomas (2024): Mapping the frost susceptibility of the ground from thaw-season InSAR surface displacements and extrapolated active layer thicknesses, Ilulissat, West-Greenland [dataset]. PANGAEA, https://doi.org/10.1594/PANGAEA.964306",CC-BY-4.0,Greenland,,dataset_statement,annual_value,,,,0.00001,,,0,,,ok,grp=borehole_ILU
grl_ilulissat_scheer,00-CDD,00-CDD,69.2219,-51.07411,2020,,62.8,probe,direct_eos,1,Greenland,NAtlantic,"Scheer, Johanna; Caduff, Rafael; How, Penelope; Marcer, Marco; Strozzi, Tazio; Bartsch, Annett; Ingeman-Nielsen, Thomas (2024): Mapping the frost susceptibility of the ground from thaw-season InSAR surface displacements and extrapolated active layer thicknesses, Ilulissat, West-Greenland [dataset]. PANGAEA, https://doi.org/10.1594/PANGAEA.964306",CC-BY-4.0,Greenland,,dataset_statement,annual_value,,,,0.00001,,,0,,,ok,grp=iB | src_comment=PFT % estimated | florsurv_date=2020-08-30(식생 조사일)
grl_ilulissat_scheer,00-CDD,00-CDD,69.2219,-51.07411,2021,,72.8,probe,direct_eos,1,Greenland,NAtlantic,"Scheer, Johanna; Caduff, Rafael; How, Penelope; Marcer, Marco; Strozzi, Tazio; Bartsch, Annett; Ingeman-Nielsen, Thomas (2024): Mapping the frost susceptibility of the ground from thaw-season InSAR surface displacements and extrapolated active layer thicknesses, Ilulissat, West-Greenland [dataset]. PANGAEA, https://doi.org/10.1594/PANGAEA.964306",CC-BY-4.0,Greenland,,dataset_statement,annual_value,,,,0.00001,,,0,,,ok,grp=iB | src_comment=PFT % estimated | florsurv_date=2020-08-30(식생 조사일)
grl_ilulissat_scheer,35-CCF,35-CCF,69.22662,-51.08411,2020,,66,probe,direct_eos,1,Greenland,NAtlantic,"Scheer, Johanna; Caduff, Rafael; How, Penelope; Marcer, Marco; Strozzi, Tazio; Bartsch, Annett; Ingeman-Nielsen, Thomas (2024): Mapping the frost susceptibility of the ground from thaw-season InSAR surface displacements and extrapolated active layer thicknesses, Ilulissat, West-Greenland [dataset]. PANGAEA, https://doi.org/10.1594/PANGAEA.964306",CC-BY-4.0,Greenland,,dataset_statement,annual_value,,,,0.00001,,,0,,,ok,grp=iB | src_comment=PFT % estimated | florsurv_date=2020-08-30(식생 조사일)
grl_ilulissat_scheer,35-CCF,35-CCF,69.22662,-51.08411,2021,,66.6,probe,direct_eos,1,Greenland,NAtlantic,"Scheer, Johanna; Caduff, Rafael; How, Penelope; Marcer, Marco; Strozzi, Tazio; Bartsch, Annett; Ingeman-Nielsen, Thomas (2024): Mapping the frost susceptibility of the ground from thaw-season InSAR surface displacements and extrapolated active layer thicknesses, Ilulissat, West-Greenland [dataset]. PANGAEA, https://doi.org/10.1594/PANGAEA.964306",CC-BY-4.0,Greenland,,dataset_statement,annual_value,,,,0.00001,,,0,,,ok,grp=iB | src_comment=PFT % estimated | florsurv_date=2020-08-30(식생 조사일)
grl_ilulissat_scheer,36-C3E,36-C3E,69.23249,-51.06414,2020,,72,probe,direct_eos,1,Greenland,NAtlantic,"Scheer, Johanna; Caduff, Rafael; How, Penelope; Marcer, Marco; Strozzi, Tazio; Bartsch, Annett; Ingeman-Nielsen, Thomas (2024): Mapping the frost susceptibility of the ground from thaw-season InSAR surface displacements and extrapolated active layer thicknesses, Ilulissat, West-Greenland [dataset]. PANGAEA, https://doi.org/10.1594/PANGAEA.964306",CC-BY-4.0,Greenland,,dataset_statement,annual_value,,,,0.00001,,,0,,,ok,grp=iB | src_comment=PFT % estimated | florsurv_date=2020-08-31(식생 조사일)
grl_ilulissat_scheer,36-C3E,36-C3E,69.23249,-51.06414,2021,,80.2,probe,direct_eos,1,Greenland,NAtlantic,"Scheer, Johanna; Caduff, Rafael; How, Penelope; Marcer, Marco; Strozzi, Tazio; Bartsch, Annett; Ingeman-Nielsen, Thomas (2024): Mapping the frost susceptibility of the ground from thaw-season InSAR surface displacements and extrapolated active layer thicknesses, Ilulissat, West-Greenland [dataset]. PANGAEA, https://doi.org/10.1594/PANGAEA.964306",CC-BY-4.0,Greenland,,dataset_statement,annual_value,,,,0.00001,,,0,,,ok,grp=iB | src_comment=PFT % estimated | florsurv_date=2020-08-31(식생 조사일)
grl_ilulissat_scheer,5F-DC9,5F-DC9,69.22939,-51.07637,2020,,64.8,probe,direct_eos,1,Greenland,NAtlantic,"Scheer, Johanna; Caduff, Rafael; How, Penelope; Marcer, Marco; Strozzi, Tazio; Bartsch, Annett; Ingeman-Nielsen, Thomas (2024): Mapping the frost susceptibility of the ground from thaw-season InSAR surface displacements and extrapolated active layer thicknesses, Ilulissat, West-Greenland [dataset]. PANGAEA, https://doi.org/10.1594/PANGAEA.964306",CC-BY-4.0,Greenland,,dataset_statement,annual_value,,,,0.00001,,,0,,,ok,grp=iB | src_comment=PFT % estimated | florsurv_date=2020-09-02(식생 조사일)
grl_ilulissat_scheer,5F-DC9,5F-DC9,69.22939,-51.07637,2021,,75,probe,direct_eos,1,Greenland,NAtlantic,"Scheer, Johanna; Caduff, Rafael; How, Penelope; Marcer, Marco; Strozzi, Tazio; Bartsch, Annett; Ingeman-Nielsen, Thomas (2024): Mapping the frost susceptibility of the ground from thaw-season InSAR surface displacements and extrapolated active layer thicknesses, Ilulissat, West-Greenland [dataset]. PANGAEA, https://doi.org/10.1594/PANGAEA.964306",CC-BY-4.0,Greenland,,dataset_statement,annual_value,,,,0.00001,,,0,,,ok,grp=iB | src_comment=PFT % estimated | florsurv_date=2020-09-02(식생 조사일)
grl_ilulissat_scheer,65-20F,65-20F,69.23563,-51.08017,2020,,36.6,probe,direct_eos,1,Greenland,NAtlantic,"Scheer, Johanna; Caduff, Rafael; How, Penelope; Marcer, Marco; Strozzi, Tazio; Bartsch, Annett; Ingeman-Nielsen, Thomas (2024): Mapping the frost susceptibility of the ground from thaw-season InSAR surface displacements and extrapolated active layer thicknesses, Ilulissat, West-Greenland [dataset]. PANGAEA, https://doi.org/10.1594/PANGAEA.964306",CC-BY-4.0,Greenland,,dataset_statement,annual_value,,,,0.00001,,,0,,,ok,grp=iB | src_comment=PFT % estimated | florsurv_date=2020-08-31(식생 조사일)
grl_ilulissat_scheer,65-20F,65-20F,69.23563,-51.08017,2021,,42.2,probe,direct_eos,1,Greenland,NAtlantic,"Scheer, Johanna; Caduff, Rafael; How, Penelope; Marcer, Marco; Strozzi, Tazio; Bartsch, Annett; Ingeman-Nielsen, Thomas (2024): Mapping the frost susceptibility of the ground from thaw-season InSAR surface displacements and extrapolated active layer thicknesses, Ilulissat, West-Greenland [dataset]. PANGAEA, https://doi.org/10.1594/PANGAEA.964306",CC-BY-4.0,Greenland,,dataset_statement,annual_value,,,,0.00001,,,0,,,ok,grp=iB | src_comment=PFT % estimated | florsurv_date=2020-08-31(식생 조사일)
grl_ilulissat_scheer,71-F05,71-F05,69.23511,-51.05034,2020,,73.4,probe,direct_eos,1,Greenland,NAtlantic,"Scheer, Johanna; Caduff, Rafael; How, Penelope; Marcer, Marco; Strozzi, Tazio; Bartsch, Annett; Ingeman-Nielsen, Thomas (2024): Mapping the frost susceptibility of the ground from thaw-season InSAR surface displacements and extrapolated active layer thicknesses, Ilulissat, West-Greenland [dataset]. PANGAEA, https://doi.org/10.1594/PANGAEA.964306",CC-BY-4.0,Greenland,,dataset_statement,annual_value,,,,0.00001,,,0,,,ok,grp=iB | src_comment=PFT % estimated | florsurv_date=2020-08-31(식생 조사일)
grl_ilulissat_scheer,71-F05,71-F05,69.23511,-51.05034,2021,,81.8,probe,direct_eos,1,Greenland,NAtlantic,"Scheer, Johanna; Caduff, Rafael; How, Penelope; Marcer, Marco; Strozzi, Tazio; Bartsch, Annett; Ingeman-Nielsen, Thomas (2024): Mapping the frost susceptibility of the ground from thaw-season InSAR surface displacements and extrapolated active layer thicknesses, Ilulissat, West-Greenland [dataset]. PANGAEA, https://doi.org/10.1594/PANGAEA.964306",CC-BY-4.0,Greenland,,dataset_statement,annual_value,,,,0.00001,,,0,,,ok,grp=iB | src_comment=PFT % estimated | florsurv_date=2020-08-31(식생 조사일)
grl_ilulissat_scheer,80-03B,80-03B,69.20537,-51.11336,2021,,40,probe,direct_eos,1,Greenland,NAtlantic,"Scheer, Johanna; Caduff, Rafael; How, Penelope; Marcer, Marco; Strozzi, Tazio; Bartsch, Annett; Ingeman-Nielsen, Thomas (2024): Mapping the frost susceptibility of the ground from thaw-season InSAR surface displacements and extrapolated active layer thicknesses, Ilulissat, West-Greenland [dataset]. PANGAEA, https://doi.org/10.1594/PANGAEA.964306",CC-BY-4.0,Greenland,,dataset_statement,annual_value,,,,0.00001,,,0,,,ok,"grp=iB | src_comment=PFT % estimated / Stony area, yearly ALT might not be reliable | florsurv_date=2020-09-04(식생 조사일)"
grl_ilulissat_scheer,89-BFF,89-BFF,69.21905,-51.07804,2020,,47.2,probe,direct_eos,1,Greenland,NAtlantic,"Scheer, Johanna; Caduff, Rafael; How, Penelope; Marcer, Marco; Strozzi, Tazio; Bartsch, Annett; Ingeman-Nielsen, Thomas (2024): Mapping the frost susceptibility of the ground from thaw-season InSAR surface displacements and extrapolated active layer thicknesses, Ilulissat, West-Greenland [dataset]. PANGAEA, https://doi.org/10.1594/PANGAEA.964306",CC-BY-4.0,Greenland,,dataset_statement,annual_value,,,,0.00001,,,0,,,ok,grp=iB | src_comment=Soil type and OLT inferred from drilling log information from closest point Drill6 | florsurv_date=2020-08-30(식생 조사일)
grl_ilulissat_scheer,89-BFF,89-BFF,69.21905,-51.07804,2021,,46.6,probe,direct_eos,1,Greenland,NAtlantic,"Scheer, Johanna; Caduff, Rafael; How, Penelope; Marcer, Marco; Strozzi, Tazio; Bartsch, Annett; Ingeman-Nielsen, Thomas (2024): Mapping the frost susceptibility of the ground from thaw-season InSAR surface displacements and extrapolated active layer thicknesses, Ilulissat, West-Greenland [dataset]. PANGAEA, https://doi.org/10.1594/PANGAEA.964306",CC-BY-4.0,Greenland,,dataset_statement,annual_value,,,,0.00001,,,0,,,ok,grp=iB | src_comment=Soil type and OLT inferred from drilling log information from closest point Drill6 | florsurv_date=2020-08-30(식생 조사일)
grl_ilulissat_scheer,8E-C67,8E-C67,69.23257,-51.09127,2020,,66.6,probe,direct_eos,1,Greenland,NAtlantic,"Scheer, Johanna; Caduff, Rafael; How, Penelope; Marcer, Marco; Strozzi, Tazio; Bartsch, Annett; Ingeman-Nielsen, Thomas (2024): Mapping the frost susceptibility of the ground from thaw-season InSAR surface displacements and extrapolated active layer thicknesses, Ilulissat, West-Greenland [dataset]. PANGAEA, https://doi.org/10.1594/PANGAEA.964306",CC-BY-4.0,Greenland,,dataset_statement,annual_value,,,,0.00001,,,0,,,ok,grp=iB | src_comment=PFT % estimated | florsurv_date=2020-08-31(식생 조사일)
grl_ilulissat_scheer,8E-C67,8E-C67,69.23257,-51.09127,2021,,63.4,probe,direct_eos,1,Greenland,NAtlantic,"Scheer, Johanna; Caduff, Rafael; How, Penelope; Marcer, Marco; Strozzi, Tazio; Bartsch, Annett; Ingeman-Nielsen, Thomas (2024): Mapping the frost susceptibility of the ground from thaw-season InSAR surface displacements and extrapolated active layer thicknesses, Ilulissat, West-Greenland [dataset]. PANGAEA, https://doi.org/10.1594/PANGAEA.964306",CC-BY-4.0,Greenland,,dataset_statement,annual_value,,,,0.00001,,,0,,,ok,grp=iB | src_comment=PFT % estimated | florsurv_date=2020-08-31(식생 조사일)
grl_ilulissat_scheer,94-724,94-724,69.23626,-51.10577,2020,,75.6,probe,direct_eos,1,Greenland,NAtlantic,"Scheer, Johanna; Caduff, Rafael; How, Penelope; Marcer, Marco; Strozzi, Tazio; Bartsch, Annett; Ingeman-Nielsen, Thomas (2024): Mapping the frost susceptibility of the ground from thaw-season InSAR surface displacements and extrapolated active layer thicknesses, Ilulissat, West-Greenland [dataset]. PANGAEA, https://doi.org/10.1594/PANGAEA.964306",CC-BY-4.0,Greenland,,dataset_statement,annual_value,,,,0.00001,,,0,,,ok,grp=iB | src_comment=PFT % estimated / Ponds and very wet spots in the close vicinity / Switch to SGBT or transition point | florsurv_date=2020-08-31(식생 조사일)
grl_ilulissat_scheer,94-724,94-724,69.23626,-51.10577,2021,,81.67,probe,direct_eos,1,Greenland,NAtlantic,"Scheer, Johanna; Caduff, Rafael; How, Penelope; Marcer, Marco; Strozzi, Tazio; Bartsch, Annett; Ingeman-Nielsen, Thomas (2024): Mapping the frost susceptibility of the ground from thaw-season InSAR surface displacements and extrapolated active layer thicknesses, Ilulissat, West-Greenland [dataset]. PANGAEA, https://doi.org/10.1594/PANGAEA.964306",CC-BY-4.0,Greenland,,dataset_statement,annual_value,,,,0.00001,,,0,,,ok,grp=iB | src_comment=PFT % estimated / Ponds and very wet spots in the close vicinity / Switch to SGBT or transition point | florsurv_date=2020-08-31(식생 조사일)
grl_ilulissat_scheer,B0-DB6,B0-DB6,69.23179,-51.08474,2020,,60,probe,direct_eos,1,Greenland,NAtlantic,"Scheer, Johanna; Caduff, Rafael; How, Penelope; Marcer, Marco; Strozzi, Tazio; Bartsch, Annett; Ingeman-Nielsen, Thomas (2024): Mapping the frost susceptibility of the ground from thaw-season InSAR surface displacements and extrapolated active layer thicknesses, Ilulissat, West-Greenland [dataset]. PANGAEA, https://doi.org/10.1594/PANGAEA.964306",CC-BY-4.0,Greenland,,dataset_statement,annual_value,,,,0.00001,,,0,,,ok,grp=iB | src_comment=PFT % estimated / Transition between SGBT and EBDST | florsurv_date=2020-08-31(식생 조사일)
grl_ilulissat_scheer,B0-DB6,B0-DB6,69.23179,-51.08474,2021,,48.2,probe,direct_eos,1,Greenland,NAtlantic,"Scheer, Johanna; Caduff, Rafael; How, Penelope; Marcer, Marco; Strozzi, Tazio; Bartsch, Annett; Ingeman-Nielsen, Thomas (2024): Mapping the frost susceptibility of the ground from thaw-season InSAR surface displacements and extrapolated active layer thicknesses, Ilulissat, West-Greenland [dataset]. PANGAEA, https://doi.org/10.1594/PANGAEA.964306",CC-BY-4.0,Greenland,,dataset_statement,annual_value,,,,0.00001,,,0,,,ok,grp=iB | src_comment=PFT % estimated / Transition between SGBT and EBDST | florsurv_date=2020-08-31(식생 조사일)
grl_ilulissat_scheer,C5-992,C5-992,69.23199,-51.06939,2020,,80.4,probe,direct_eos,1,Greenland,NAtlantic,"Scheer, Johanna; Caduff, Rafael; How, Penelope; Marcer, Marco; Strozzi, Tazio; Bartsch, Annett; Ingeman-Nielsen, Thomas (2024): Mapping the frost susceptibility of the ground from thaw-season InSAR surface displacements and extrapolated active layer thicknesses, Ilulissat, West-Greenland [dataset]. PANGAEA, https://doi.org/10.1594/PANGAEA.964306",CC-BY-4.0,Greenland,,dataset_statement,annual_value,,,,0.00001,,,0,,,ok,grp=iB | src_comment=PFT % estimated / Close to transition with BRSGT | florsurv_date=2020-08-31(식생 조사일)
grl_ilulissat_scheer,C5-992,C5-992,69.23199,-51.06939,2021,,94.6,probe,direct_eos,1,Greenland,NAtlantic,"Scheer, Johanna; Caduff, Rafael; How, Penelope; Marcer, Marco; Strozzi, Tazio; Bartsch, Annett; Ingeman-Nielsen, Thomas (2024): Mapping the frost susceptibility of the ground from thaw-season InSAR surface displacements and extrapolated active layer thicknesses, Ilulissat, West-Greenland [dataset]. PANGAEA, https://doi.org/10.1594/PANGAEA.964306",CC-BY-4.0,Greenland,,dataset_statement,annual_value,,,,0.00001,,,0,,,ok,grp=iB | src_comment=PFT % estimated / Close to transition with BRSGT | florsurv_date=2020-08-31(식생 조사일)
grl_ilulissat_scheer,FC-52B,FC-52B,69.21567,-51.03605,2020,,47.2,probe,direct_eos,1,Greenland,NAtlantic,"Scheer, Johanna; Caduff, Rafael; How, Penelope; Marcer, Marco; Strozzi, Tazio; Bartsch, Annett; Ingeman-Nielsen, Thomas (2024): Mapping the frost susceptibility of the ground from thaw-season InSAR surface displacements and extrapolated active layer thicknesses, Ilulissat, West-Greenland [dataset]. PANGAEA, https://doi.org/10.1594/PANGAEA.964306",CC-BY-4.0,Greenland,,dataset_statement,annual_value,,,,0.00001,,,0,,,ok,grp=iB | src_comment=PFT % estimated / Switch eventually to LVFB | florsurv_date=2020-08-30(식생 조사일)
grl_ilulissat_scheer,FC-52B,FC-52B,69.21567,-51.03605,2021,,54.6,probe,direct_eos,1,Greenland,NAtlantic,"Scheer, Johanna; Caduff, Rafael; How, Penelope; Marcer, Marco; Strozzi, Tazio; Bartsch, Annett; Ingeman-Nielsen, Thomas (2024): Mapping the frost susceptibility of the ground from thaw-season InSAR surface displacements and extrapolated active layer thicknesses, Ilulissat, West-Greenland [dataset]. PANGAEA, https://doi.org/10.1594/PANGAEA.964306",CC-BY-4.0,Greenland,,dataset_statement,annual_value,,,,0.00001,,,0,,,ok,grp=iB | src_comment=PFT % estimated / Switch eventually to LVFB | florsurv_date=2020-08-30(식생 조사일)
grl_ilulissat_scheer,FD-48D,FD-48D,69.2252,-51.05975,2020,,76.2,probe,direct_eos,1,Greenland,NAtlantic,"Scheer, Johanna; Caduff, Rafael; How, Penelope; Marcer, Marco; Strozzi, Tazio; Bartsch, Annett; Ingeman-Nielsen, Thomas (2024): Mapping the frost susceptibility of the ground from thaw-season InSAR surface displacements and extrapolated active layer thicknesses, Ilulissat, West-Greenland [dataset]. PANGAEA, https://doi.org/10.1594/PANGAEA.964306",CC-BY-4.0,Greenland,,dataset_statement,annual_value,,,,0.00001,,,0,,,ok,grp=iB | src_comment=PFT % estimated | florsurv_date=2020-08-30(식생 조사일)
grl_ilulissat_scheer,FD-48D,FD-48D,69.2252,-51.05975,2021,,70,probe,direct_eos,1,Greenland,NAtlantic,"Scheer, Johanna; Caduff, Rafael; How, Penelope; Marcer, Marco; Strozzi, Tazio; Bartsch, Annett; Ingeman-Nielsen, Thomas (2024): Mapping the frost susceptibility of the ground from thaw-season InSAR surface displacements and extrapolated active layer thicknesses, Ilulissat, West-Greenland [dataset]. PANGAEA, https://doi.org/10.1594/PANGAEA.964306",CC-BY-4.0,Greenland,,dataset_statement,annual_value,,,,0.00001,,,0,,,ok,grp=iB | src_comment=PFT % estimated | florsurv_date=2020-08-30(식생 조사일)
grl_ilulissat_scheer,FD-B5D,FD-B5D,69.21302,-51.08801,2020,,69.4,probe,direct_eos,1,Greenland,NAtlantic,"Scheer, Johanna; Caduff, Rafael; How, Penelope; Marcer, Marco; Strozzi, Tazio; Bartsch, Annett; Ingeman-Nielsen, Thomas (2024): Mapping the frost susceptibility of the ground from thaw-season InSAR surface displacements and extrapolated active layer thicknesses, Ilulissat, West-Greenland [dataset]. PANGAEA, https://doi.org/10.1594/PANGAEA.964306",CC-BY-4.0,Greenland,,dataset_statement,annual_value,,,,0.00001,,,0,,,ok,grp=iB | src_comment=PFT % estimated | florsurv_date=2020-09-07(식생 조사일)
grl_ilulissat_scheer,FD-B5D,FD-B5D,69.21302,-51.08801,2021,,58.8,probe,direct_eos,1,Greenland,NAtlantic,"Scheer, Johanna; Caduff, Rafael; How, Penelope; Marcer, Marco; Strozzi, Tazio; Bartsch, Annett; Ingeman-Nielsen, Thomas (2024): Mapping the frost susceptibility of the ground from thaw-season InSAR surface displacements and extrapolated active layer thicknesses, Ilulissat, West-Greenland [dataset]. PANGAEA, https://doi.org/10.1594/PANGAEA.964306",CC-BY-4.0,Greenland,,dataset_statement,annual_value,,,,0.00001,,,0,,,ok,grp=iB | src_comment=PFT % estimated | florsurv_date=2020-09-07(식생 조사일)
grl_ilulissat_scheer,ALT_1,ALT_1,69.21184,-51.09353,2020,,68,probe,direct_eos,1,Greenland,NAtlantic,"Scheer, Johanna; Caduff, Rafael; How, Penelope; Marcer, Marco; Strozzi, Tazio; Bartsch, Annett; Ingeman-Nielsen, Thomas (2024): Mapping the frost susceptibility of the ground from thaw-season InSAR surface displacements and extrapolated active layer thicknesses, Ilulissat, West-Greenland [dataset]. PANGAEA, https://doi.org/10.1594/PANGAEA.964306",CC-BY-4.0,Greenland,,dataset_statement,annual_value,,,,0.00001,,,0,,,ok,grp=other | florsurv_date=2020-09-01(식생 조사일)
grl_ilulissat_scheer,ALT_2,ALT_2,69.21774,-51.0878,2020,,43.8,probe,direct_eos,1,Greenland,NAtlantic,"Scheer, Johanna; Caduff, Rafael; How, Penelope; Marcer, Marco; Strozzi, Tazio; Bartsch, Annett; Ingeman-Nielsen, Thomas (2024): Mapping the frost susceptibility of the ground from thaw-season InSAR surface displacements and extrapolated active layer thicknesses, Ilulissat, West-Greenland [dataset]. PANGAEA, https://doi.org/10.1594/PANGAEA.964306",CC-BY-4.0,Greenland,,dataset_statement,annual_value,,,,0.00001,,,0,,,ok,grp=other | florsurv_date=2020-09-01(식생 조사일)
grl_ilulissat_scheer,ALT_4,ALT_4,69.22946,-51.06084,2020,,64.67,probe,direct_eos,1,Greenland,NAtlantic,"Scheer, Johanna; Caduff, Rafael; How, Penelope; Marcer, Marco; Strozzi, Tazio; Bartsch, Annett; Ingeman-Nielsen, Thomas (2024): Mapping the frost susceptibility of the ground from thaw-season InSAR surface displacements and extrapolated active layer thicknesses, Ilulissat, West-Greenland [dataset]. PANGAEA, https://doi.org/10.1594/PANGAEA.964306",CC-BY-4.0,Greenland,,dataset_statement,annual_value,,,,0.00001,,,0,,,ok,grp=other | florsurv_date=2020-09-14(식생 조사일)
grl_ilulissat_scheer,ALT_5,ALT_5,69.22086,-51.06401,2020,,52.33,probe,direct_eos,1,Greenland,NAtlantic,"Scheer, Johanna; Caduff, Rafael; How, Penelope; Marcer, Marco; Strozzi, Tazio; Bartsch, Annett; Ingeman-Nielsen, Thomas (2024): Mapping the frost susceptibility of the ground from thaw-season InSAR surface displacements and extrapolated active layer thicknesses, Ilulissat, West-Greenland [dataset]. PANGAEA, https://doi.org/10.1594/PANGAEA.964306",CC-BY-4.0,Greenland,,dataset_statement,annual_value,,,,0.00001,,,0,,,ok,grp=other | florsurv_date=2020-09-14(식생 조사일)
grl_ilulissat_scheer,ALT_T_1,ALT_T_1,69.22112,-51.06139,2020,,49.5,probe,direct_eos,1,Greenland,NAtlantic,"Scheer, Johanna; Caduff, Rafael; How, Penelope; Marcer, Marco; Strozzi, Tazio; Bartsch, Annett; Ingeman-Nielsen, Thomas (2024): Mapping the frost susceptibility of the ground from thaw-season InSAR surface displacements and extrapolated active layer thicknesses, Ilulissat, West-Greenland [dataset]. PANGAEA, https://doi.org/10.1594/PANGAEA.964306",CC-BY-4.0,Greenland,,dataset_statement,annual_value,,,,0.00001,,,0,,,ok,grp=ALT_T | src_comment=Transect start | florsurv_date=2020-09-14(식생 조사일)
grl_ilulissat_scheer,ALT_T_10,ALT_T_10,69.22107,-51.06026,2020,,49,probe,direct_eos,1,Greenland,NAtlantic,"Scheer, Johanna; Caduff, Rafael; How, Penelope; Marcer, Marco; Strozzi, Tazio; Bartsch, Annett; Ingeman-Nielsen, Thomas (2024): Mapping the frost susceptibility of the ground from thaw-season InSAR surface displacements and extrapolated active layer thicknesses, Ilulissat, West-Greenland [dataset]. PANGAEA, https://doi.org/10.1594/PANGAEA.964306",CC-BY-4.0,Greenland,,dataset_statement,annual_value,,,,0.00001,,,0,,,ok,grp=ALT_T | src_comment=45m offset from start | florsurv_date=2020-09-14(식생 조사일)
grl_ilulissat_scheer,ALT_T_11,ALT_T_11,69.22107,-51.06013,2020,,56.5,probe,direct_eos,1,Greenland,NAtlantic,"Scheer, Johanna; Caduff, Rafael; How, Penelope; Marcer, Marco; Strozzi, Tazio; Bartsch, Annett; Ingeman-Nielsen, Thomas (2024): Mapping the frost susceptibility of the ground from thaw-season InSAR surface displacements and extrapolated active layer thicknesses, Ilulissat, West-Greenland [dataset]. PANGAEA, https://doi.org/10.1594/PANGAEA.964306",CC-BY-4.0,Greenland,,dataset_statement,annual_value,,,,0.00001,,,0,,,ok,grp=ALT_T | src_comment=50m offset from start | florsurv_date=2020-09-14(식생 조사일)
grl_ilulissat_scheer,ALT_T_12,ALT_T_12,69.22107,-51.06,2020,,55,probe,direct_eos,1,Greenland,NAtlantic,"Scheer, Johanna; Caduff, Rafael; How, Penelope; Marcer, Marco; Strozzi, Tazio; Bartsch, Annett; Ingeman-Nielsen, Thomas (2024): Mapping the frost susceptibility of the ground from thaw-season InSAR surface displacements and extrapolated active layer thicknesses, Ilulissat, West-Greenland [dataset]. PANGAEA, https://doi.org/10.1594/PANGAEA.964306",CC-BY-4.0,Greenland,,dataset_statement,annual_value,,,,0.00001,,,0,,,ok,grp=ALT_T | src_comment=55m offset from start | florsurv_date=2020-09-14(식생 조사일)
grl_ilulissat_scheer,ALT_T_13,ALT_T_13,69.22106,-51.05986,2020,,48.5,probe,direct_eos,1,Greenland,NAtlantic,"Scheer, Johanna; Caduff, Rafael; How, Penelope; Marcer, Marco; Strozzi, Tazio; Bartsch, Annett; Ingeman-Nielsen, Thomas (2024): Mapping the frost susceptibility of the ground from thaw-season InSAR surface displacements and extrapolated active layer thicknesses, Ilulissat, West-Greenland [dataset]. PANGAEA, https://doi.org/10.1594/PANGAEA.964306",CC-BY-4.0,Greenland,,dataset_statement,annual_value,,,,0.00001,,,0,,,ok,grp=ALT_T | src_comment=60m offset from start | florsurv_date=2020-09-14(식생 조사일)
grl_ilulissat_scheer,ALT_T_14,ALT_T_14,69.22105,-51.05974,2020,,41.5,probe,direct_eos,1,Greenland,NAtlantic,"Scheer, Johanna; Caduff, Rafael; How, Penelope; Marcer, Marco; Strozzi, Tazio; Bartsch, Annett; Ingeman-Nielsen, Thomas (2024): Mapping the frost susceptibility of the ground from thaw-season InSAR surface displacements and extrapolated active layer thicknesses, Ilulissat, West-Greenland [dataset]. PANGAEA, https://doi.org/10.1594/PANGAEA.964306",CC-BY-4.0,Greenland,,dataset_statement,annual_value,,,,0.00001,,,0,,,ok,grp=ALT_T | src_comment=65m offset from start | florsurv_date=2020-09-14(식생 조사일)
grl_ilulissat_scheer,ALT_T_15,ALT_T_15,69.22104,-51.05962,2020,,59.5,probe,direct_eos,1,Greenland,NAtlantic,"Scheer, Johanna; Caduff, Rafael; How, Penelope; Marcer, Marco; Strozzi, Tazio; Bartsch, Annett; Ingeman-Nielsen, Thomas (2024): Mapping the frost susceptibility of the ground from thaw-season InSAR surface displacements and extrapolated active layer thicknesses, Ilulissat, West-Greenland [dataset]. PANGAEA, https://doi.org/10.1594/PANGAEA.964306",CC-BY-4.0,Greenland,,dataset_statement,annual_value,,,,0.00001,,,0,,,ok,grp=ALT_T | src_comment=70m offset from start / Ponds in the surroundings | florsurv_date=2020-09-14(식생 조사일)
grl_ilulissat_scheer,ALT_T_16,ALT_T_16,69.22103,-51.05947,2020,,45,probe,direct_eos,1,Greenland,NAtlantic,"Scheer, Johanna; Caduff, Rafael; How, Penelope; Marcer, Marco; Strozzi, Tazio; Bartsch, Annett; Ingeman-Nielsen, Thomas (2024): Mapping the frost susceptibility of the ground from thaw-season InSAR surface displacements and extrapolated active layer thicknesses, Ilulissat, West-Greenland [dataset]. PANGAEA, https://doi.org/10.1594/PANGAEA.964306",CC-BY-4.0,Greenland,,dataset_statement,annual_value,,,,0.00001,,,0,,,ok,grp=ALT_T | src_comment=75m offset from start / Ponds in the surroundings | florsurv_date=2020-09-14(식생 조사일)
grl_ilulissat_scheer,ALT_T_17,ALT_T_17,69.22104,-51.05936,2020,,47.5,probe,direct_eos,1,Greenland,NAtlantic,"Scheer, Johanna; Caduff, Rafael; How, Penelope; Marcer, Marco; Strozzi, Tazio; Bartsch, Annett; Ingeman-Nielsen, Thomas (2024): Mapping the frost susceptibility of the ground from thaw-season InSAR surface displacements and extrapolated active layer thicknesses, Ilulissat, West-Greenland [dataset]. PANGAEA, https://doi.org/10.1594/PANGAEA.964306",CC-BY-4.0,Greenland,,dataset_statement,annual_value,,,,0.00001,,,0,,,ok,grp=ALT_T | src_comment=80m offset from start / Ponds in the surroundings | florsurv_date=2020-09-14(식생 조사일)
grl_ilulissat_scheer,ALT_T_18,ALT_T_18,69.22103,-51.05924,2020,,33,probe,direct_eos,1,Greenland,NAtlantic,"Scheer, Johanna; Caduff, Rafael; How, Penelope; Marcer, Marco; Strozzi, Tazio; Bartsch, Annett; Ingeman-Nielsen, Thomas (2024): Mapping the frost susceptibility of the ground from thaw-season InSAR surface displacements and extrapolated active layer thicknesses, Ilulissat, West-Greenland [dataset]. PANGAEA, https://doi.org/10.1594/PANGAEA.964306",CC-BY-4.0,Greenland,,dataset_statement,annual_value,,,,0.00001,,,0,,,ok,grp=ALT_T | src_comment=85m offset from start | florsurv_date=2020-09-14(식생 조사일)
grl_ilulissat_scheer,ALT_T_19,ALT_T_19,69.22103,-51.05912,2020,,31.5,probe,direct_eos,1,Greenland,NAtlantic,"Scheer, Johanna; Caduff, Rafael; How, Penelope; Marcer, Marco; Strozzi, Tazio; Bartsch, Annett; Ingeman-Nielsen, Thomas (2024): Mapping the frost susceptibility of the ground from thaw-season InSAR surface displacements and extrapolated active layer thicknesses, Ilulissat, West-Greenland [dataset]. PANGAEA, https://doi.org/10.1594/PANGAEA.964306",CC-BY-4.0,Greenland,,dataset_statement,annual_value,,,,0.00001,,,0,,,ok,grp=ALT_T | src_comment=90m offset from start | florsurv_date=2020-09-14(식생 조사일)
grl_ilulissat_scheer,ALT_T_2,ALT_T_2,69.22112,-51.06128,2020,,49.5,probe,direct_eos,1,Greenland,NAtlantic,"Scheer, Johanna; Caduff, Rafael; How, Penelope; Marcer, Marco; Strozzi, Tazio; Bartsch, Annett; Ingeman-Nielsen, Thomas (2024): Mapping the frost susceptibility of the ground from thaw-season InSAR surface displacements and extrapolated active layer thicknesses, Ilulissat, West-Greenland [dataset]. PANGAEA, https://doi.org/10.1594/PANGAEA.964306",CC-BY-4.0,Greenland,,dataset_statement,annual_value,,,,0.00001,,,0,,,ok,grp=ALT_T | src_comment=5m offset from start | florsurv_date=2020-09-14(식생 조사일)
grl_ilulissat_scheer,ALT_T_20,ALT_T_20,69.22102,-51.05898,2020,,41.5,probe,direct_eos,1,Greenland,NAtlantic,"Scheer, Johanna; Caduff, Rafael; How, Penelope; Marcer, Marco; Strozzi, Tazio; Bartsch, Annett; Ingeman-Nielsen, Thomas (2024): Mapping the frost susceptibility of the ground from thaw-season InSAR surface displacements and extrapolated active layer thicknesses, Ilulissat, West-Greenland [dataset]. PANGAEA, https://doi.org/10.1594/PANGAEA.964306",CC-BY-4.0,Greenland,,dataset_statement,annual_value,,,,0.00001,,,0,,,ok,grp=ALT_T | src_comment=95m offset from start / Ponds in the surroundings | florsurv_date=2020-09-14(식생 조사일)
grl_ilulissat_scheer,ALT_T_21,ALT_T_21,69.22101,-51.05888,2020,,46.5,probe,direct_eos,1,Greenland,NAtlantic,"Scheer, Johanna; Caduff, Rafael; How, Penelope; Marcer, Marco; Strozzi, Tazio; Bartsch, Annett; Ingeman-Nielsen, Thomas (2024): Mapping the frost susceptibility of the ground from thaw-season InSAR surface displacements and extrapolated active layer thicknesses, Ilulissat, West-Greenland [dataset]. PANGAEA, https://doi.org/10.1594/PANGAEA.964306",CC-BY-4.0,Greenland,,dataset_statement,annual_value,,,,0.00001,,,0,,,ok,grp=ALT_T | src_comment=100m offset from start / Ponds in the surroundings | florsurv_date=2020-09-14(식생 조사일)
grl_ilulissat_scheer,ALT_T_3,ALT_T_3,69.22113,-51.06112,2020,,55,probe,direct_eos,1,Greenland,NAtlantic,"Scheer, Johanna; Caduff, Rafael; How, Penelope; Marcer, Marco; Strozzi, Tazio; Bartsch, Annett; Ingeman-Nielsen, Thomas (2024): Mapping the frost susceptibility of the ground from thaw-season InSAR surface displacements and extrapolated active layer thicknesses, Ilulissat, West-Greenland [dataset]. PANGAEA, https://doi.org/10.1594/PANGAEA.964306",CC-BY-4.0,Greenland,,dataset_statement,annual_value,,,,0.00001,,,0,,,ok,grp=ALT_T | src_comment=10m offset from start | florsurv_date=2020-09-14(식생 조사일)
grl_ilulissat_scheer,ALT_T_4,ALT_T_4,69.22112,-51.061,2020,,35.5,probe,direct_eos,1,Greenland,NAtlantic,"Scheer, Johanna; Caduff, Rafael; How, Penelope; Marcer, Marco; Strozzi, Tazio; Bartsch, Annett; Ingeman-Nielsen, Thomas (2024): Mapping the frost susceptibility of the ground from thaw-season InSAR surface displacements and extrapolated active layer thicknesses, Ilulissat, West-Greenland [dataset]. PANGAEA, https://doi.org/10.1594/PANGAEA.964306",CC-BY-4.0,Greenland,,dataset_statement,annual_value,,,,0.00001,,,0,,,ok,grp=ALT_T | src_comment=15m offset from start | florsurv_date=2020-09-14(식생 조사일)
grl_ilulissat_scheer,ALT_T_5,ALT_T_5,69.22112,-51.06085,2020,,36,probe,direct_eos,1,Greenland,NAtlantic,"Scheer, Johanna; Caduff, Rafael; How, Penelope; Marcer, Marco; Strozzi, Tazio; Bartsch, Annett; Ingeman-Nielsen, Thomas (2024): Mapping the frost susceptibility of the ground from thaw-season InSAR surface displacements and extrapolated active layer thicknesses, Ilulissat, West-Greenland [dataset]. PANGAEA, https://doi.org/10.1594/PANGAEA.964306",CC-BY-4.0,Greenland,,dataset_statement,annual_value,,,,0.00001,,,0,,,ok,grp=ALT_T | src_comment=20m offset from start | florsurv_date=2020-09-14(식생 조사일)
grl_ilulissat_scheer,ALT_T_6,ALT_T_6,69.22112,-51.06076,2020,,40,probe,direct_eos,1,Greenland,NAtlantic,"Scheer, Johanna; Caduff, Rafael; How, Penelope; Marcer, Marco; Strozzi, Tazio; Bartsch, Annett; Ingeman-Nielsen, Thomas (2024): Mapping the frost susceptibility of the ground from thaw-season InSAR surface displacements and extrapolated active layer thicknesses, Ilulissat, West-Greenland [dataset]. PANGAEA, https://doi.org/10.1594/PANGAEA.964306",CC-BY-4.0,Greenland,,dataset_statement,annual_value,,,,0.00001,,,0,,,ok,grp=ALT_T | src_comment=25m offset from start | florsurv_date=2020-09-14(식생 조사일)
grl_ilulissat_scheer,ALT_T_7,ALT_T_7,69.22112,-51.06061,2020,,40.5,probe,direct_eos,1,Greenland,NAtlantic,"Scheer, Johanna; Caduff, Rafael; How, Penelope; Marcer, Marco; Strozzi, Tazio; Bartsch, Annett; Ingeman-Nielsen, Thomas (2024): Mapping the frost susceptibility of the ground from thaw-season InSAR surface displacements and extrapolated active layer thicknesses, Ilulissat, West-Greenland [dataset]. PANGAEA, https://doi.org/10.1594/PANGAEA.964306",CC-BY-4.0,Greenland,,dataset_statement,annual_value,,,,0.00001,,,0,,,ok,grp=ALT_T | src_comment=30m offset from start | florsurv_date=2020-09-14(식생 조사일)
grl_ilulissat_scheer,ALT_T_8,ALT_T_8,69.2211,-51.0605,2020,,64.5,probe,direct_eos,1,Greenland,NAtlantic,"Scheer, Johanna; Caduff, Rafael; How, Penelope; Marcer, Marco; Strozzi, Tazio; Bartsch, Annett; Ingeman-Nielsen, Thomas (2024): Mapping the frost susceptibility of the ground from thaw-season InSAR surface displacements and extrapolated active layer thicknesses, Ilulissat, West-Greenland [dataset]. PANGAEA, https://doi.org/10.1594/PANGAEA.964306",CC-BY-4.0,Greenland,,dataset_statement,annual_value,,,,0.00001,,,0,,,ok,grp=ALT_T | src_comment=35m offset from start | florsurv_date=2020-09-14(식생 조사일)
grl_ilulissat_scheer,ALT_T_9,ALT_T_9,69.22108,-51.06037,2020,,60.5,probe,direct_eos,1,Greenland,NAtlantic,"Scheer, Johanna; Caduff, Rafael; How, Penelope; Marcer, Marco; Strozzi, Tazio; Bartsch, Annett; Ingeman-Nielsen, Thomas (2024): Mapping the frost susceptibility of the ground from thaw-season InSAR surface displacements and extrapolated active layer thicknesses, Ilulissat, West-Greenland [dataset]. PANGAEA, https://doi.org/10.1594/PANGAEA.964306",CC-BY-4.0,Greenland,,dataset_statement,annual_value,,,,0.00001,,,0,,,ok,grp=ALT_T | src_comment=40m offset from start | florsurv_date=2020-09-14(식생 조사일)
grl_ilulissat_scheer,Drill10,Drill10,69.21506,-51.03767,2020,,58,probe,direct_eos,1,Greenland,NAtlantic,"Scheer, Johanna; Caduff, Rafael; How, Penelope; Marcer, Marco; Strozzi, Tazio; Bartsch, Annett; Ingeman-Nielsen, Thomas (2024): Mapping the frost susceptibility of the ground from thaw-season InSAR surface displacements and extrapolated active layer thicknesses, Ilulissat, West-Greenland [dataset]. PANGAEA, https://doi.org/10.1594/PANGAEA.964306",CC-BY-4.0,Greenland,,dataset_statement,annual_value,,,,0.00001,,,0,,,ok,grp=Drill | src_comment=Pond in the vicinity | florsurv_date=2020-09-08(식생 조사일)
grl_ilulissat_scheer,Drill11,Drill11,69.22474,-51.07771,2020,,76,probe,direct_eos,1,Greenland,NAtlantic,"Scheer, Johanna; Caduff, Rafael; How, Penelope; Marcer, Marco; Strozzi, Tazio; Bartsch, Annett; Ingeman-Nielsen, Thomas (2024): Mapping the frost susceptibility of the ground from thaw-season InSAR surface displacements and extrapolated active layer thicknesses, Ilulissat, West-Greenland [dataset]. PANGAEA, https://doi.org/10.1594/PANGAEA.964306",CC-BY-4.0,Greenland,,dataset_statement,annual_value,,,,0.00001,,,0,,,ok,grp=Drill | src_comment=Almost at the transition between BRSGT and BSVFB | florsurv_date=2020-09-10(식생 조사일)
grl_ilulissat_scheer,Drill13,Drill13,69.22279,-51.06859,2020,,69.67,probe,direct_eos,1,Greenland,NAtlantic,"Scheer, Johanna; Caduff, Rafael; How, Penelope; Marcer, Marco; Strozzi, Tazio; Bartsch, Annett; Ingeman-Nielsen, Thomas (2024): Mapping the frost susceptibility of the ground from thaw-season InSAR surface displacements and extrapolated active layer thicknesses, Ilulissat, West-Greenland [dataset]. PANGAEA, https://doi.org/10.1594/PANGAEA.964306",CC-BY-4.0,Greenland,,dataset_statement,annual_value,,,,0.00001,,,0,,,ok,grp=Drill | src_comment=Ponds and water accumulations in the close vicinity | florsurv_date=2020-09-10(식생 조사일)
grl_ilulissat_scheer,Drill14,Drill14,69.21879,-51.06982,2020,,92.67,probe,direct_eos,1,Greenland,NAtlantic,"Scheer, Johanna; Caduff, Rafael; How, Penelope; Marcer, Marco; Strozzi, Tazio; Bartsch, Annett; Ingeman-Nielsen, Thomas (2024): Mapping the frost susceptibility of the ground from thaw-season InSAR surface displacements and extrapolated active layer thicknesses, Ilulissat, West-Greenland [dataset]. PANGAEA, https://doi.org/10.1594/PANGAEA.964306",CC-BY-4.0,Greenland,,dataset_statement,annual_value,,,,0.00001,,,0,,,ok,grp=Drill | florsurv_date=2020-09-10(식생 조사일)
grl_ilulissat_scheer,Drill15,Drill15,69.23232,-51.04998,2020,,53.33,probe,direct_eos,1,Greenland,NAtlantic,"Scheer, Johanna; Caduff, Rafael; How, Penelope; Marcer, Marco; Strozzi, Tazio; Bartsch, Annett; Ingeman-Nielsen, Thomas (2024): Mapping the frost susceptibility of the ground from thaw-season InSAR surface displacements and extrapolated active layer thicknesses, Ilulissat, West-Greenland [dataset]. PANGAEA, https://doi.org/10.1594/PANGAEA.964306",CC-BY-4.0,Greenland,,dataset_statement,annual_value,,,,0.00001,,,0,,,ok,grp=Drill | src_comment=Small pond in the close vicinity / At transition between BRSGT and BSVFB | florsurv_date=2020-09-14(식생 조사일)
grl_ilulissat_scheer,Drill16_1,Drill16_1,69.23521,-51.05488,2020,,44.33,probe,direct_eos,1,Greenland,NAtlantic,"Scheer, Johanna; Caduff, Rafael; How, Penelope; Marcer, Marco; Strozzi, Tazio; Bartsch, Annett; Ingeman-Nielsen, Thomas (2024): Mapping the frost susceptibility of the ground from thaw-season InSAR surface displacements and extrapolated active layer thicknesses, Ilulissat, West-Greenland [dataset]. PANGAEA, https://doi.org/10.1594/PANGAEA.964306",CC-BY-4.0,Greenland,,dataset_statement,annual_value,,,,0.00001,,,0,,,ok,grp=Drill | src_comment=OLT comprising transition layer with decomposed OM | florsurv_date=2020-09-14(식생 조사일)
grl_ilulissat_scheer,Drill16_2,Drill16_2,69.23521,-51.05488,2020,,44.33,probe,direct_eos,1,Greenland,NAtlantic,"Scheer, Johanna; Caduff, Rafael; How, Penelope; Marcer, Marco; Strozzi, Tazio; Bartsch, Annett; Ingeman-Nielsen, Thomas (2024): Mapping the frost susceptibility of the ground from thaw-season InSAR surface displacements and extrapolated active layer thicknesses, Ilulissat, West-Greenland [dataset]. PANGAEA, https://doi.org/10.1594/PANGAEA.964306",CC-BY-4.0,Greenland,,dataset_statement,annual_value,,,,0.00001,,,0,,grl_ilulissat_scheer:Drill16_1,ok,grp=Drill | 좌표와 값이 Drill16_1 와 같다 | src_comment=OLT comprising transition layer with decomposed OM | florsurv_date=2020-09-14(식생 조사일)
grl_ilulissat_scheer,Drill5,Drill5,69.22375,-51.05806,2020,,91.33,probe,direct_eos,1,Greenland,NAtlantic,"Scheer, Johanna; Caduff, Rafael; How, Penelope; Marcer, Marco; Strozzi, Tazio; Bartsch, Annett; Ingeman-Nielsen, Thomas (2024): Mapping the frost susceptibility of the ground from thaw-season InSAR surface displacements and extrapolated active layer thicknesses, Ilulissat, West-Greenland [dataset]. PANGAEA, https://doi.org/10.1594/PANGAEA.964306",CC-BY-4.0,Greenland,,dataset_statement,annual_value,,,,0.00001,,,0,,,ok,grp=Drill | src_comment=Ponds in surroundings / Between BSBFB and LBFB | florsurv_date=2020-09-10(식생 조사일)
grl_ilulissat_scheer,Drill6,Drill6,69.21916,-51.07743,2020,,43,probe,direct_eos,1,Greenland,NAtlantic,"Scheer, Johanna; Caduff, Rafael; How, Penelope; Marcer, Marco; Strozzi, Tazio; Bartsch, Annett; Ingeman-Nielsen, Thomas (2024): Mapping the frost susceptibility of the ground from thaw-season InSAR surface displacements and extrapolated active layer thicknesses, Ilulissat, West-Greenland [dataset]. PANGAEA, https://doi.org/10.1594/PANGAEA.964306",CC-BY-4.0,Greenland,,dataset_statement,annual_value,,,,0.00001,,,0,,,ok,grp=Drill | src_comment=OLT comprising transition layer with decomposed OM | florsurv_date=2020-09-10(식생 조사일)
grl_ilulissat_scheer,Drill7,Drill7,69.21494,-51.06739,2020,,80,probe,direct_eos,1,Greenland,NAtlantic,"Scheer, Johanna; Caduff, Rafael; How, Penelope; Marcer, Marco; Strozzi, Tazio; Bartsch, Annett; Ingeman-Nielsen, Thomas (2024): Mapping the frost susceptibility of the ground from thaw-season InSAR surface displacements and extrapolated active layer thicknesses, Ilulissat, West-Greenland [dataset]. PANGAEA, https://doi.org/10.1594/PANGAEA.964306",CC-BY-4.0,Greenland,,dataset_statement,annual_value,,,,0.00001,,,0,,,ok,grp=Drill | src_comment=OLT comprising transition layer with decomposed OM / Ponds and water channels in the close vicinity | florsurv_date=2020-09-08(식생 조사일)
grl_ilulissat_scheer,T14_10,T14_10,69.22656,-51.07801,2020,,66.5,probe,direct_eos,1,Greenland,NAtlantic,"Scheer, Johanna; Caduff, Rafael; How, Penelope; Marcer, Marco; Strozzi, Tazio; Bartsch, Annett; Ingeman-Nielsen, Thomas (2024): Mapping the frost susceptibility of the ground from thaw-season InSAR surface displacements and extrapolated active layer thicknesses, Ilulissat, West-Greenland [dataset]. PANGAEA, https://doi.org/10.1594/PANGAEA.964306",CC-BY-4.0,Greenland,,dataset_statement,annual_value,,,,0.00001,,,0,,,ok,grp=T14 | florsurv_date=2020-09-09(식생 조사일)
grl_ilulissat_scheer,T14_11,T14_11,69.22655,-51.0775,2020,,81,probe,direct_eos,1,Greenland,NAtlantic,"Scheer, Johanna; Caduff, Rafael; How, Penelope; Marcer, Marco; Strozzi, Tazio; Bartsch, Annett; Ingeman-Nielsen, Thomas (2024): Mapping the frost susceptibility of the ground from thaw-season InSAR surface displacements and extrapolated active layer thicknesses, Ilulissat, West-Greenland [dataset]. PANGAEA, https://doi.org/10.1594/PANGAEA.964306",CC-BY-4.0,Greenland,,dataset_statement,annual_value,,,,0.00001,,,0,,,ok,grp=T14 | florsurv_date=2020-09-09(식생 조사일)
grl_ilulissat_scheer,T14_12,T14_12,69.22652,-51.07698,2020,,100,probe,direct_eos,1,Greenland,NAtlantic,"Scheer, Johanna; Caduff, Rafael; How, Penelope; Marcer, Marco; Strozzi, Tazio; Bartsch, Annett; Ingeman-Nielsen, Thomas (2024): Mapping the frost susceptibility of the ground from thaw-season InSAR surface displacements and extrapolated active layer thicknesses, Ilulissat, West-Greenland [dataset]. PANGAEA, https://doi.org/10.1594/PANGAEA.964306",CC-BY-4.0,Greenland,,dataset_statement,annual_value,,,,0.00001,,,0,,,ok,grp=T14 | florsurv_date=2020-09-09(식생 조사일)
grl_ilulissat_scheer,T14_13,T14_13,69.22649,-51.0765,2020,,64.5,probe,direct_eos,1,Greenland,NAtlantic,"Scheer, Johanna; Caduff, Rafael; How, Penelope; Marcer, Marco; Strozzi, Tazio; Bartsch, Annett; Ingeman-Nielsen, Thomas (2024): Mapping the frost susceptibility of the ground from thaw-season InSAR surface displacements and extrapolated active layer thicknesses, Ilulissat, West-Greenland [dataset]. PANGAEA, https://doi.org/10.1594/PANGAEA.964306",CC-BY-4.0,Greenland,,dataset_statement,annual_value,,,,0.00001,,,0,,,ok,grp=T14 | florsurv_date=2020-09-09(식생 조사일)
grl_ilulissat_scheer,T14_14,T14_14,69.22643,-51.07555,2020,,60,probe,direct_eos,1,Greenland,NAtlantic,"Scheer, Johanna; Caduff, Rafael; How, Penelope; Marcer, Marco; Strozzi, Tazio; Bartsch, Annett; Ingeman-Nielsen, Thomas (2024): Mapping the frost susceptibility of the ground from thaw-season InSAR surface displacements and extrapolated active layer thicknesses, Ilulissat, West-Greenland [dataset]. PANGAEA, https://doi.org/10.1594/PANGAEA.964306",CC-BY-4.0,Greenland,,dataset_statement,annual_value,,,,0.00001,,,0,,,ok,grp=T14 | florsurv_date=2020-09-09(식생 조사일)
grl_ilulissat_scheer,T14_15,T14_15,69.22639,-51.07505,2020,,84,probe,direct_eos,1,Greenland,NAtlantic,"Scheer, Johanna; Caduff, Rafael; How, Penelope; Marcer, Marco; Strozzi, Tazio; Bartsch, Annett; Ingeman-Nielsen, Thomas (2024): Mapping the frost susceptibility of the ground from thaw-season InSAR surface displacements and extrapolated active layer thicknesses, Ilulissat, West-Greenland [dataset]. PANGAEA, https://doi.org/10.1594/PANGAEA.964306",CC-BY-4.0,Greenland,,dataset_statement,annual_value,,,,0.00001,,,0,,,ok,grp=T14 | florsurv_date=2020-09-09(식생 조사일)
grl_ilulissat_scheer,T14_16,T14_16,69.22637,-51.07456,2020,,60,probe,direct_eos,1,Greenland,NAtlantic,"Scheer, Johanna; Caduff, Rafael; How, Penelope; Marcer, Marco; Strozzi, Tazio; Bartsch, Annett; Ingeman-Nielsen, Thomas (2024): Mapping the frost susceptibility of the ground from thaw-season InSAR surface displacements and extrapolated active layer thicknesses, Ilulissat, West-Greenland [dataset]. PANGAEA, https://doi.org/10.1594/PANGAEA.964306",CC-BY-4.0,Greenland,,dataset_statement,annual_value,,,,0.00001,,,0,,,ok,grp=T14 | florsurv_date=2020-09-09(식생 조사일)
grl_ilulissat_scheer,T14_17,T14_17,69.22634,-51.07407,2020,,67,probe,direct_eos,1,Greenland,NAtlantic,"Scheer, Johanna; Caduff, Rafael; How, Penelope; Marcer, Marco; Strozzi, Tazio; Bartsch, Annett; Ingeman-Nielsen, Thomas (2024): Mapping the frost susceptibility of the ground from thaw-season InSAR surface displacements and extrapolated active layer thicknesses, Ilulissat, West-Greenland [dataset]. PANGAEA, https://doi.org/10.1594/PANGAEA.964306",CC-BY-4.0,Greenland,,dataset_statement,annual_value,,,,0.00001,,,0,,,ok,grp=T14 | florsurv_date=2020-09-09(식생 조사일)
grl_ilulissat_scheer,T14_18,T14_18,69.22632,-51.0736,2020,,90.5,probe,direct_eos,1,Greenland,NAtlantic,"Scheer, Johanna; Caduff, Rafael; How, Penelope; Marcer, Marco; Strozzi, Tazio; Bartsch, Annett; Ingeman-Nielsen, Thomas (2024): Mapping the frost susceptibility of the ground from thaw-season InSAR surface displacements and extrapolated active layer thicknesses, Ilulissat, West-Greenland [dataset]. PANGAEA, https://doi.org/10.1594/PANGAEA.964306",CC-BY-4.0,Greenland,,dataset_statement,annual_value,,,,0.00001,,,0,,,ok,grp=T14 | florsurv_date=2020-09-09(식생 조사일)
grl_ilulissat_scheer,T14_19,T14_19,69.2263,-51.0731,2020,,89,probe,direct_eos,1,Greenland,NAtlantic,"Scheer, Johanna; Caduff, Rafael; How, Penelope; Marcer, Marco; Strozzi, Tazio; Bartsch, Annett; Ingeman-Nielsen, Thomas (2024): Mapping the frost susceptibility of the ground from thaw-season InSAR surface displacements and extrapolated active layer thicknesses, Ilulissat, West-Greenland [dataset]. PANGAEA, https://doi.org/10.1594/PANGAEA.964306",CC-BY-4.0,Greenland,,dataset_statement,annual_value,,,,0.00001,,,0,,,ok,grp=T14 | florsurv_date=2020-09-09(식생 조사일)
grl_ilulissat_scheer,T14_2,T14_2,69.22672,-51.08174,2020,,70.5,probe,direct_eos,1,Greenland,NAtlantic,"Scheer, Johanna; Caduff, Rafael; How, Penelope; Marcer, Marco; Strozzi, Tazio; Bartsch, Annett; Ingeman-Nielsen, Thomas (2024): Mapping the frost susceptibility of the ground from thaw-season InSAR surface displacements and extrapolated active layer thicknesses, Ilulissat, West-Greenland [dataset]. PANGAEA, https://doi.org/10.1594/PANGAEA.964306",CC-BY-4.0,Greenland,,dataset_statement,annual_value,,,,0.00001,,,0,,,ok,grp=T14 | florsurv_date=2020-09-09(식생 조사일)
grl_ilulissat_scheer,T14_20,T14_20,69.22626,-51.07258,2020,,75.5,probe,direct_eos,1,Greenland,NAtlantic,"Scheer, Johanna; Caduff, Rafael; How, Penelope; Marcer, Marco; Strozzi, Tazio; Bartsch, Annett; Ingeman-Nielsen, Thomas (2024): Mapping the frost susceptibility of the ground from thaw-season InSAR surface displacements and extrapolated active layer thicknesses, Ilulissat, West-Greenland [dataset]. PANGAEA, https://doi.org/10.1594/PANGAEA.964306",CC-BY-4.0,Greenland,,dataset_statement,annual_value,,,,0.00001,,,0,,,ok,grp=T14 | florsurv_date=2020-09-09(식생 조사일)
grl_ilulissat_scheer,T14_21,T14_21,69.22625,-51.07209,2020,,82.5,probe,direct_eos,1,Greenland,NAtlantic,"Scheer, Johanna; Caduff, Rafael; How, Penelope; Marcer, Marco; Strozzi, Tazio; Bartsch, Annett; Ingeman-Nielsen, Thomas (2024): Mapping the frost susceptibility of the ground from thaw-season InSAR surface displacements and extrapolated active layer thicknesses, Ilulissat, West-Greenland [dataset]. PANGAEA, https://doi.org/10.1594/PANGAEA.964306",CC-BY-4.0,Greenland,,dataset_statement,annual_value,,,,0.00001,,,0,,,ok,grp=T14 | florsurv_date=2020-09-09(식생 조사일)
grl_ilulissat_scheer,T14_3,T14_3,69.22668,-51.08123,2020,,82.5,probe,direct_eos,1,Greenland,NAtlantic,"Scheer, Johanna; Caduff, Rafael; How, Penelope; Marcer, Marco; Strozzi, Tazio; Bartsch, Annett; Ingeman-Nielsen, Thomas (2024): Mapping the frost susceptibility of the ground from thaw-season InSAR surface displacements and extrapolated active layer thicknesses, Ilulissat, West-Greenland [dataset]. PANGAEA, https://doi.org/10.1594/PANGAEA.964306",CC-BY-4.0,Greenland,,dataset_statement,annual_value,,,,0.00001,,,0,,,ok,grp=T14 | florsurv_date=2020-09-09(식생 조사일)
grl_ilulissat_scheer,T14_4,T14_4,69.2267,-51.08071,2020,,73.5,probe,direct_eos,1,Greenland,NAtlantic,"Scheer, Johanna; Caduff, Rafael; How, Penelope; Marcer, Marco; Strozzi, Tazio; Bartsch, Annett; Ingeman-Nielsen, Thomas (2024): Mapping the frost susceptibility of the ground from thaw-season InSAR surface displacements and extrapolated active layer thicknesses, Ilulissat, West-Greenland [dataset]. PANGAEA, https://doi.org/10.1594/PANGAEA.964306",CC-BY-4.0,Greenland,,dataset_statement,annual_value,,,,0.00001,,,0,,,ok,grp=T14 | florsurv_date=2020-09-09(식생 조사일)
grl_ilulissat_scheer,T14_5,T14_5,69.22668,-51.0805,2020,,78.5,probe,direct_eos,1,Greenland,NAtlantic,"Scheer, Johanna; Caduff, Rafael; How, Penelope; Marcer, Marco; Strozzi, Tazio; Bartsch, Annett; Ingeman-Nielsen, Thomas (2024): Mapping the frost susceptibility of the ground from thaw-season InSAR surface displacements and extrapolated active layer thicknesses, Ilulissat, West-Greenland [dataset]. PANGAEA, https://doi.org/10.1594/PANGAEA.964306",CC-BY-4.0,Greenland,,dataset_statement,annual_value,,,,0.00001,,,0,,,ok,grp=T14 | florsurv_date=2020-09-09(식생 조사일)
grl_ilulissat_scheer,T14_6,T14_6,69.22671,-51.07999,2020,,82.5,probe,direct_eos,1,Greenland,NAtlantic,"Scheer, Johanna; Caduff, Rafael; How, Penelope; Marcer, Marco; Strozzi, Tazio; Bartsch, Annett; Ingeman-Nielsen, Thomas (2024): Mapping the frost susceptibility of the ground from thaw-season InSAR surface displacements and extrapolated active layer thicknesses, Ilulissat, West-Greenland [dataset]. PANGAEA, https://doi.org/10.1594/PANGAEA.964306",CC-BY-4.0,Greenland,,dataset_statement,annual_value,,,,0.00001,,,0,,,ok,grp=T14 | src_comment=Could also be classified as BRSGT | florsurv_date=2020-09-09(식생 조사일)
grl_ilulissat_scheer,T14_7,T14_7,69.22667,-51.07951,2020,,61.5,probe,direct_eos,1,Greenland,NAtlantic,"Scheer, Johanna; Caduff, Rafael; How, Penelope; Marcer, Marco; Strozzi, Tazio; Bartsch, Annett; Ingeman-Nielsen, Thomas (2024): Mapping the frost susceptibility of the ground from thaw-season InSAR surface displacements and extrapolated active layer thicknesses, Ilulissat, West-Greenland [dataset]. PANGAEA, https://doi.org/10.1594/PANGAEA.964306",CC-BY-4.0,Greenland,,dataset_statement,annual_value,,,,0.00001,,,0,,,ok,grp=T14 | florsurv_date=2020-09-09(식생 조사일)
grl_ilulissat_scheer,T14_8,T14_8,69.22662,-51.07897,2020,,74,probe,direct_eos,1,Greenland,NAtlantic,"Scheer, Johanna; Caduff, Rafael; How, Penelope; Marcer, Marco; Strozzi, Tazio; Bartsch, Annett; Ingeman-Nielsen, Thomas (2024): Mapping the frost susceptibility of the ground from thaw-season InSAR surface displacements and extrapolated active layer thicknesses, Ilulissat, West-Greenland [dataset]. PANGAEA, https://doi.org/10.1594/PANGAEA.964306",CC-BY-4.0,Greenland,,dataset_statement,annual_value,,,,0.00001,,,0,,,ok,grp=T14 | florsurv_date=2020-09-09(식생 조사일)
grl_ilulissat_scheer,T14_9,T14_9,69.22659,-51.07854,2020,,75,probe,direct_eos,1,Greenland,NAtlantic,"Scheer, Johanna; Caduff, Rafael; How, Penelope; Marcer, Marco; Strozzi, Tazio; Bartsch, Annett; Ingeman-Nielsen, Thomas (2024): Mapping the frost susceptibility of the ground from thaw-season InSAR surface displacements and extrapolated active layer thicknesses, Ilulissat, West-Greenland [dataset]. PANGAEA, https://doi.org/10.1594/PANGAEA.964306",CC-BY-4.0,Greenland,,dataset_statement,annual_value,,,,0.00001,,,0,,,ok,grp=T14 | florsurv_date=2020-09-09(식생 조사일)
grl_ilulissat_scheer,T14_Drill1,T14_Drill1,69.22673,-51.08219,2020,,67.5,probe,direct_eos,1,Greenland,NAtlantic,"Scheer, Johanna; Caduff, Rafael; How, Penelope; Marcer, Marco; Strozzi, Tazio; Bartsch, Annett; Ingeman-Nielsen, Thomas (2024): Mapping the frost susceptibility of the ground from thaw-season InSAR surface displacements and extrapolated active layer thicknesses, Ilulissat, West-Greenland [dataset]. PANGAEA, https://doi.org/10.1594/PANGAEA.964306",CC-BY-4.0,Greenland,,dataset_statement,annual_value,,,,0.00001,,,0,,,ok,grp=T14 | florsurv_date=2020-09-09(식생 조사일)
grl_ilulissat_scheer,T14_Drill4_1,T14_Drill4_1,69.22626,-51.07163,2020,,75,probe,direct_eos,1,Greenland,NAtlantic,"Scheer, Johanna; Caduff, Rafael; How, Penelope; Marcer, Marco; Strozzi, Tazio; Bartsch, Annett; Ingeman-Nielsen, Thomas (2024): Mapping the frost susceptibility of the ground from thaw-season InSAR surface displacements and extrapolated active layer thicknesses, Ilulissat, West-Greenland [dataset]. PANGAEA, https://doi.org/10.1594/PANGAEA.964306",CC-BY-4.0,Greenland,,dataset_statement,annual_value,,,,0.00001,,,0,,,ok,grp=T14 | src_comment=OLT comprising transition layer with decomposed OM / Could also be classified as BSBFB | florsurv_date=2020-09-09(식생 조사일)
grl_ilulissat_scheer,T14_Drill4_2,T14_Drill4_2,69.22626,-51.07163,2020,,75,probe,direct_eos,1,Greenland,NAtlantic,"Scheer, Johanna; Caduff, Rafael; How, Penelope; Marcer, Marco; Strozzi, Tazio; Bartsch, Annett; Ingeman-Nielsen, Thomas (2024): Mapping the frost susceptibility of the ground from thaw-season InSAR surface displacements and extrapolated active layer thicknesses, Ilulissat, West-Greenland [dataset]. PANGAEA, https://doi.org/10.1594/PANGAEA.964306",CC-BY-4.0,Greenland,,dataset_statement,annual_value,,,,0.00001,,,0,,grl_ilulissat_scheer:T14_Drill4_1,ok,grp=T14 | 좌표와 값이 T14_Drill4_1 와 같다 | src_comment=OLT comprising transition layer with decomposed OM / Could also be classified as BSBFB | florsurv_date=2020-09-09(식생 조사일)
grl_ilulissat_scheer,T14_DrillA,T14_DrillA,69.22666,-51.0792,2020,,67.67,probe,direct_eos,1,Greenland,NAtlantic,"Scheer, Johanna; Caduff, Rafael; How, Penelope; Marcer, Marco; Strozzi, Tazio; Bartsch, Annett; Ingeman-Nielsen, Thomas (2024): Mapping the frost susceptibility of the ground from thaw-season InSAR surface displacements and extrapolated active layer thicknesses, Ilulissat, West-Greenland [dataset]. PANGAEA, https://doi.org/10.1594/PANGAEA.964306",CC-BY-4.0,Greenland,,dataset_statement,annual_value,,,,0.00001,,,0,,,ok,grp=T14 | florsurv_date=2020-09-09(식생 조사일)
grl_ilulissat_scheer,T14_DrillB,T14_DrillB,69.22643,-51.07599,2020,,59,probe,direct_eos,1,Greenland,NAtlantic,"Scheer, Johanna; Caduff, Rafael; How, Penelope; Marcer, Marco; Strozzi, Tazio; Bartsch, Annett; Ingeman-Nielsen, Thomas (2024): Mapping the frost susceptibility of the ground from thaw-season InSAR surface displacements and extrapolated active layer thicknesses, Ilulissat, West-Greenland [dataset]. PANGAEA, https://doi.org/10.1594/PANGAEA.964306",CC-BY-4.0,Greenland,,dataset_statement,annual_value,,,,0.00001,,,0,,,ok,grp=T14 | src_comment=Could also be classified as SGCVFB | florsurv_date=2020-09-09(식생 조사일)
grl_ilulissat_scheer,avg_CALM_1,avg_CALM_1,69.21897,-51.05455,2020,,70.4,probe,direct_eos,5,Greenland,NAtlantic,"Scheer, Johanna; Caduff, Rafael; How, Penelope; Marcer, Marco; Strozzi, Tazio; Bartsch, Annett; Ingeman-Nielsen, Thomas (2024): Mapping the frost susceptibility of the ground from thaw-season InSAR surface displacements and extrapolated active layer thicknesses, Ilulissat, West-Greenland [dataset]. PANGAEA, https://doi.org/10.1594/PANGAEA.964306",CC-BY-4.0,Greenland,,dataset_statement,annual_value,,,10.691,0.00001,,,0,,grl_ilulissat_scheer:CALM_B2;grl_ilulissat_scheer:CALM_B3;grl_ilulissat_scheer:CALM_C3;grl_ilulissat_scheer:CALM_B4;grl_ilulissat_scheer:CALM_C4,ok,"grp=avg_CALM | CALM 격자 절점 5개의 10 m 화소 평균(파생값, 절점 행과 중복)"
grl_ilulissat_scheer,avg_CALM_1,avg_CALM_1,69.21897,-51.05455,2021,,72.6,probe,direct_eos,5,Greenland,NAtlantic,"Scheer, Johanna; Caduff, Rafael; How, Penelope; Marcer, Marco; Strozzi, Tazio; Bartsch, Annett; Ingeman-Nielsen, Thomas (2024): Mapping the frost susceptibility of the ground from thaw-season InSAR surface displacements and extrapolated active layer thicknesses, Ilulissat, West-Greenland [dataset]. PANGAEA, https://doi.org/10.1594/PANGAEA.964306",CC-BY-4.0,Greenland,,dataset_statement,annual_value,,,13.064,0.00001,,,0,,grl_ilulissat_scheer:CALM_B2;grl_ilulissat_scheer:CALM_B3;grl_ilulissat_scheer:CALM_C3;grl_ilulissat_scheer:CALM_B4;grl_ilulissat_scheer:CALM_C4,ok,"grp=avg_CALM | CALM 격자 절점 5개의 10 m 화소 평균(파생값, 절점 행과 중복)"
grl_ilulissat_scheer,avg_CALM_2,avg_CALM_2,69.21879,-51.05531,2020,,72.6,probe,direct_eos,5,Greenland,NAtlantic,"Scheer, Johanna; Caduff, Rafael; How, Penelope; Marcer, Marco; Strozzi, Tazio; Bartsch, Annett; Ingeman-Nielsen, Thomas (2024): Mapping the frost susceptibility of the ground from thaw-season InSAR surface displacements and extrapolated active layer thicknesses, Ilulissat, West-Greenland [dataset]. PANGAEA, https://doi.org/10.1594/PANGAEA.964306",CC-BY-4.0,Greenland,,dataset_statement,annual_value,,,8.437,0.00001,,,0,,grl_ilulissat_scheer:CALM_E9;grl_ilulissat_scheer:CALM_D10;grl_ilulissat_scheer:CALM_E10;grl_ilulissat_scheer:CALM_F10;grl_ilulissat_scheer:CALM_E11,ok,"grp=avg_CALM | CALM 격자 절점 5개의 10 m 화소 평균(파생값, 절점 행과 중복)"
grl_ilulissat_scheer,avg_CALM_2,avg_CALM_2,69.21879,-51.05531,2021,,71.6,probe,direct_eos,5,Greenland,NAtlantic,"Scheer, Johanna; Caduff, Rafael; How, Penelope; Marcer, Marco; Strozzi, Tazio; Bartsch, Annett; Ingeman-Nielsen, Thomas (2024): Mapping the frost susceptibility of the ground from thaw-season InSAR surface displacements and extrapolated active layer thicknesses, Ilulissat, West-Greenland [dataset]. PANGAEA, https://doi.org/10.1594/PANGAEA.964306",CC-BY-4.0,Greenland,,dataset_statement,annual_value,,,8.295,0.00001,,,0,,grl_ilulissat_scheer:CALM_E9;grl_ilulissat_scheer:CALM_D10;grl_ilulissat_scheer:CALM_E10;grl_ilulissat_scheer:CALM_F10;grl_ilulissat_scheer:CALM_E11,ok,"grp=avg_CALM | CALM 격자 절점 5개의 10 m 화소 평균(파생값, 절점 행과 중복)"
grl_ilulissat_scheer,avg_CALM_3,avg_CALM_3,69.21906,-51.05506,2020,,70.75,probe,direct_eos,6,Greenland,NAtlantic,"Scheer, Johanna; Caduff, Rafael; How, Penelope; Marcer, Marco; Strozzi, Tazio; Bartsch, Annett; Ingeman-Nielsen, Thomas (2024): Mapping the frost susceptibility of the ground from thaw-season InSAR surface displacements and extrapolated active layer thicknesses, Ilulissat, West-Greenland [dataset]. PANGAEA, https://doi.org/10.1594/PANGAEA.964306",CC-BY-4.0,Greenland,,dataset_statement,annual_value,,,5.592,0.00001,,,0,,grl_ilulissat_scheer:CALM_F3;grl_ilulissat_scheer:CALM_G3;grl_ilulissat_scheer:CALM_F4;grl_ilulissat_scheer:CALM_G4;grl_ilulissat_scheer:CALM_H4;grl_ilulissat_scheer:CALM_G5,ok,"grp=avg_CALM | CALM 격자 절점 6개의 10 m 화소 평균(파생값, 절점 행과 중복)"
grl_ilulissat_scheer,avg_CALM_3,avg_CALM_3,69.21906,-51.05506,2021,,68.667,probe,direct_eos,6,Greenland,NAtlantic,"Scheer, Johanna; Caduff, Rafael; How, Penelope; Marcer, Marco; Strozzi, Tazio; Bartsch, Annett; Ingeman-Nielsen, Thomas (2024): Mapping the frost susceptibility of the ground from thaw-season InSAR surface displacements and extrapolated active layer thicknesses, Ilulissat, West-Greenland [dataset]. PANGAEA, https://doi.org/10.1594/PANGAEA.964306",CC-BY-4.0,Greenland,,dataset_statement,annual_value,,,6.570,0.00001,,,0,,grl_ilulissat_scheer:CALM_F3;grl_ilulissat_scheer:CALM_G3;grl_ilulissat_scheer:CALM_F4;grl_ilulissat_scheer:CALM_G4;grl_ilulissat_scheer:CALM_H4;grl_ilulissat_scheer:CALM_G5,ok,"grp=avg_CALM | CALM 격자 절점 6개의 10 m 화소 평균(파생값, 절점 행과 중복)"
grl_ilulissat_scheer,avg_CALM_4,avg_CALM_4,69.2187,-51.0548,2020,,69.25,probe,direct_eos,2,Greenland,NAtlantic,"Scheer, Johanna; Caduff, Rafael; How, Penelope; Marcer, Marco; Strozzi, Tazio; Bartsch, Annett; Ingeman-Nielsen, Thomas (2024): Mapping the frost susceptibility of the ground from thaw-season InSAR surface displacements and extrapolated active layer thicknesses, Ilulissat, West-Greenland [dataset]. PANGAEA, https://doi.org/10.1594/PANGAEA.964306",CC-BY-4.0,Greenland,,dataset_statement,annual_value,,,7.425,0.00001,,,0,,grl_ilulissat_scheer:CALM_A9;grl_ilulissat_scheer:CALM_A10,ok,"grp=avg_CALM | CALM 격자 절점 2개의 10 m 화소 평균(파생값, 절점 행과 중복)"
grl_ilulissat_scheer,avg_CALM_4,avg_CALM_4,69.2187,-51.0548,2021,,73.25,probe,direct_eos,2,Greenland,NAtlantic,"Scheer, Johanna; Caduff, Rafael; How, Penelope; Marcer, Marco; Strozzi, Tazio; Bartsch, Annett; Ingeman-Nielsen, Thomas (2024): Mapping the frost susceptibility of the ground from thaw-season InSAR surface displacements and extrapolated active layer thicknesses, Ilulissat, West-Greenland [dataset]. PANGAEA, https://doi.org/10.1594/PANGAEA.964306",CC-BY-4.0,Greenland,,dataset_statement,annual_value,,,12.374,0.00001,,,0,,grl_ilulissat_scheer:CALM_A9;grl_ilulissat_scheer:CALM_A10,ok,"grp=avg_CALM | CALM 격자 절점 2개의 10 m 화소 평균(파생값, 절점 행과 중복)"
grl_ilulissat_scheer,avg_CALM_5,avg_CALM_5,69.21915,-51.05506,2020,,61.333,probe,direct_eos,3,Greenland,NAtlantic,"Scheer, Johanna; Caduff, Rafael; How, Penelope; Marcer, Marco; Strozzi, Tazio; Bartsch, Annett; Ingeman-Nielsen, Thomas (2024): Mapping the frost susceptibility of the ground from thaw-season InSAR surface displacements and extrapolated active layer thicknesses, Ilulissat, West-Greenland [dataset]. PANGAEA, https://doi.org/10.1594/PANGAEA.964306",CC-BY-4.0,Greenland,,dataset_statement,annual_value,,,5.204,0.00001,,,0,,grl_ilulissat_scheer:CALM_H2;grl_ilulissat_scheer:CALM_I2;grl_ilulissat_scheer:CALM_H3,ok,"grp=avg_CALM | CALM 격자 절점 3개의 10 m 화소 평균(파생값, 절점 행과 중복)"
grl_ilulissat_scheer,avg_CALM_5,avg_CALM_5,69.21915,-51.05506,2021,,67.167,probe,direct_eos,3,Greenland,NAtlantic,"Scheer, Johanna; Caduff, Rafael; How, Penelope; Marcer, Marco; Strozzi, Tazio; Bartsch, Annett; Ingeman-Nielsen, Thomas (2024): Mapping the frost susceptibility of the ground from thaw-season InSAR surface displacements and extrapolated active layer thicknesses, Ilulissat, West-Greenland [dataset]. PANGAEA, https://doi.org/10.1594/PANGAEA.964306",CC-BY-4.0,Greenland,,dataset_statement,annual_value,,,9.570,0.00001,,,0,,grl_ilulissat_scheer:CALM_H2;grl_ilulissat_scheer:CALM_I2;grl_ilulissat_scheer:CALM_H3,ok,"grp=avg_CALM | CALM 격자 절점 3개의 10 m 화소 평균(파생값, 절점 행과 중복)"
grl_ilulissat_scheer,avg_CALM_6,avg_CALM_6,69.21897,-51.05581,2020,,89.167,probe,direct_eos,3,Greenland,NAtlantic,"Scheer, Johanna; Caduff, Rafael; How, Penelope; Marcer, Marco; Strozzi, Tazio; Bartsch, Annett; Ingeman-Nielsen, Thomas (2024): Mapping the frost susceptibility of the ground from thaw-season InSAR surface displacements and extrapolated active layer thicknesses, Ilulissat, West-Greenland [dataset]. PANGAEA, https://doi.org/10.1594/PANGAEA.964306",CC-BY-4.0,Greenland,,dataset_statement,annual_value,,,7.147,0.00001,,,0,,grl_ilulissat_scheer:CALM_J9;grl_ilulissat_scheer:CALM_K9;grl_ilulissat_scheer:CALM_K10,ok,"grp=avg_CALM | CALM 격자 절점 3개의 10 m 화소 평균(파생값, 절점 행과 중복)"
grl_ilulissat_scheer,avg_CALM_6,avg_CALM_6,69.21897,-51.05581,2021,,92.833,probe,direct_eos,3,Greenland,NAtlantic,"Scheer, Johanna; Caduff, Rafael; How, Penelope; Marcer, Marco; Strozzi, Tazio; Bartsch, Annett; Ingeman-Nielsen, Thomas (2024): Mapping the frost susceptibility of the ground from thaw-season InSAR surface displacements and extrapolated active layer thicknesses, Ilulissat, West-Greenland [dataset]. PANGAEA, https://doi.org/10.1594/PANGAEA.964306",CC-BY-4.0,Greenland,,dataset_statement,annual_value,,,10.611,0.00001,,,0,,grl_ilulissat_scheer:CALM_J9;grl_ilulissat_scheer:CALM_K9;grl_ilulissat_scheer:CALM_K10,ok,"grp=avg_CALM | CALM 격자 절점 3개의 10 m 화소 평균(파생값, 절점 행과 중복)"
grl_ilulissat_scheer,avg_CALM_7,avg_CALM_7,69.21888,-51.05455,2020,,65.667,probe,direct_eos,3,Greenland,NAtlantic,"Scheer, Johanna; Caduff, Rafael; How, Penelope; Marcer, Marco; Strozzi, Tazio; Bartsch, Annett; Ingeman-Nielsen, Thomas (2024): Mapping the frost susceptibility of the ground from thaw-season InSAR surface displacements and extrapolated active layer thicknesses, Ilulissat, West-Greenland [dataset]. PANGAEA, https://doi.org/10.1594/PANGAEA.964306",CC-BY-4.0,Greenland,,dataset_statement,annual_value,,,9.518,0.00001,,,0,,grl_ilulissat_scheer:CALM_A4;grl_ilulissat_scheer:CALM_A5;grl_ilulissat_scheer:CALM_B5,ok,"grp=avg_CALM | CALM 격자 절점 3개의 10 m 화소 평균(파생값, 절점 행과 중복)"
grl_ilulissat_scheer,avg_CALM_7,avg_CALM_7,69.21888,-51.05455,2021,,67,probe,direct_eos,3,Greenland,NAtlantic,"Scheer, Johanna; Caduff, Rafael; How, Penelope; Marcer, Marco; Strozzi, Tazio; Bartsch, Annett; Ingeman-Nielsen, Thomas (2024): Mapping the frost susceptibility of the ground from thaw-season InSAR surface displacements and extrapolated active layer thicknesses, Ilulissat, West-Greenland [dataset]. PANGAEA, https://doi.org/10.1594/PANGAEA.964306",CC-BY-4.0,Greenland,,dataset_statement,annual_value,,,12.580,0.00001,,,0,,grl_ilulissat_scheer:CALM_A4;grl_ilulissat_scheer:CALM_A5;grl_ilulissat_scheer:CALM_B5,ok,"grp=avg_CALM | CALM 격자 절점 3개의 10 m 화소 평균(파생값, 절점 행과 중복)"
grl_ilulissat_scheer,avg_CALM_8,avg_CALM_8,69.21888,-51.05556,2020,,77,probe,direct_eos,3,Greenland,NAtlantic,"Scheer, Johanna; Caduff, Rafael; How, Penelope; Marcer, Marco; Strozzi, Tazio; Bartsch, Annett; Ingeman-Nielsen, Thomas (2024): Mapping the frost susceptibility of the ground from thaw-season InSAR surface displacements and extrapolated active layer thicknesses, Ilulissat, West-Greenland [dataset]. PANGAEA, https://doi.org/10.1594/PANGAEA.964306",CC-BY-4.0,Greenland,,dataset_statement,annual_value,,,8.231,0.00001,,,0,,grl_ilulissat_scheer:CALM_H9;grl_ilulissat_scheer:CALM_G10;grl_ilulissat_scheer:CALM_H10,ok,"grp=avg_CALM | CALM 격자 절점 3개의 10 m 화소 평균(파생값, 절점 행과 중복)"
grl_ilulissat_scheer,avg_CALM_8,avg_CALM_8,69.21888,-51.05556,2021,,85.667,probe,direct_eos,3,Greenland,NAtlantic,"Scheer, Johanna; Caduff, Rafael; How, Penelope; Marcer, Marco; Strozzi, Tazio; Bartsch, Annett; Ingeman-Nielsen, Thomas (2024): Mapping the frost susceptibility of the ground from thaw-season InSAR surface displacements and extrapolated active layer thicknesses, Ilulissat, West-Greenland [dataset]. PANGAEA, https://doi.org/10.1594/PANGAEA.964306",CC-BY-4.0,Greenland,,dataset_statement,annual_value,,,4.537,0.00001,,,0,,grl_ilulissat_scheer:CALM_H9;grl_ilulissat_scheer:CALM_G10;grl_ilulissat_scheer:CALM_H10,ok,"grp=avg_CALM | CALM 격자 절점 3개의 10 m 화소 평균(파생값, 절점 행과 중복)"
grl_ilulissat_scheer,avg_CALM_9,avg_CALM_9,69.21915,-51.05531,2020,,77,probe,direct_eos,4,Greenland,NAtlantic,"Scheer, Johanna; Caduff, Rafael; How, Penelope; Marcer, Marco; Strozzi, Tazio; Bartsch, Annett; Ingeman-Nielsen, Thomas (2024): Mapping the frost susceptibility of the ground from thaw-season InSAR surface displacements and extrapolated active layer thicknesses, Ilulissat, West-Greenland [dataset]. PANGAEA, https://doi.org/10.1594/PANGAEA.964306",CC-BY-4.0,Greenland,,dataset_statement,annual_value,,,3.742,0.00001,,,0,,grl_ilulissat_scheer:CALM_I3;grl_ilulissat_scheer:CALM_J3;grl_ilulissat_scheer:CALM_I4;grl_ilulissat_scheer:CALM_J4,ok,"grp=avg_CALM | CALM 격자 절점 4개의 10 m 화소 평균(파생값, 절점 행과 중복)"
grl_ilulissat_scheer,avg_CALM_9,avg_CALM_9,69.21915,-51.05531,2021,,76.875,probe,direct_eos,4,Greenland,NAtlantic,"Scheer, Johanna; Caduff, Rafael; How, Penelope; Marcer, Marco; Strozzi, Tazio; Bartsch, Annett; Ingeman-Nielsen, Thomas (2024): Mapping the frost susceptibility of the ground from thaw-season InSAR surface displacements and extrapolated active layer thicknesses, Ilulissat, West-Greenland [dataset]. PANGAEA, https://doi.org/10.1594/PANGAEA.964306",CC-BY-4.0,Greenland,,dataset_statement,annual_value,,,4.328,0.00001,,,0,,grl_ilulissat_scheer:CALM_I3;grl_ilulissat_scheer:CALM_J3;grl_ilulissat_scheer:CALM_I4;grl_ilulissat_scheer:CALM_J4,ok,"grp=avg_CALM | CALM 격자 절점 4개의 10 m 화소 평균(파생값, 절점 행과 중복)"
grl_ilulissat_scheer,avg_CALM_10,avg_CALM_10,69.21915,-51.05556,2020,,75.333,probe,direct_eos,3,Greenland,NAtlantic,"Scheer, Johanna; Caduff, Rafael; How, Penelope; Marcer, Marco; Strozzi, Tazio; Bartsch, Annett; Ingeman-Nielsen, Thomas (2024): Mapping the frost susceptibility of the ground from thaw-season InSAR surface displacements and extrapolated active layer thicknesses, Ilulissat, West-Greenland [dataset]. PANGAEA, https://doi.org/10.1594/PANGAEA.964306",CC-BY-4.0,Greenland,,dataset_statement,annual_value,,,2.255,0.00001,,,0,,grl_ilulissat_scheer:CALM_K4;grl_ilulissat_scheer:CALM_J5;grl_ilulissat_scheer:CALM_K5,ok,"grp=avg_CALM | CALM 격자 절점 3개의 10 m 화소 평균(파생값, 절점 행과 중복)"
grl_ilulissat_scheer,avg_CALM_10,avg_CALM_10,69.21915,-51.05556,2021,,80.667,probe,direct_eos,3,Greenland,NAtlantic,"Scheer, Johanna; Caduff, Rafael; How, Penelope; Marcer, Marco; Strozzi, Tazio; Bartsch, Annett; Ingeman-Nielsen, Thomas (2024): Mapping the frost susceptibility of the ground from thaw-season InSAR surface displacements and extrapolated active layer thicknesses, Ilulissat, West-Greenland [dataset]. PANGAEA, https://doi.org/10.1594/PANGAEA.964306",CC-BY-4.0,Greenland,,dataset_statement,annual_value,,,3.686,0.00001,,,0,,grl_ilulissat_scheer:CALM_K4;grl_ilulissat_scheer:CALM_J5;grl_ilulissat_scheer:CALM_K5,ok,"grp=avg_CALM | CALM 격자 절점 3개의 10 m 화소 평균(파생값, 절점 행과 중복)"
grl_ilulissat_scheer,avg_CALM_11,avg_CALM_11,69.21862,-51.05506,2020,,67,probe,direct_eos,1,Greenland,NAtlantic,"Scheer, Johanna; Caduff, Rafael; How, Penelope; Marcer, Marco; Strozzi, Tazio; Bartsch, Annett; Ingeman-Nielsen, Thomas (2024): Mapping the frost susceptibility of the ground from thaw-season InSAR surface displacements and extrapolated active layer thicknesses, Ilulissat, West-Greenland [dataset]. PANGAEA, https://doi.org/10.1594/PANGAEA.964306",CC-BY-4.0,Greenland,,dataset_statement,annual_value,,,,0.00001,,,0,,grl_ilulissat_scheer:CALM_A11,ok,"grp=avg_CALM | CALM 격자 절점 1개의 10 m 화소 평균(파생값, 절점 행과 중복)"
grl_ilulissat_scheer,avg_CALM_11,avg_CALM_11,69.21862,-51.05506,2021,,63,probe,direct_eos,1,Greenland,NAtlantic,"Scheer, Johanna; Caduff, Rafael; How, Penelope; Marcer, Marco; Strozzi, Tazio; Bartsch, Annett; Ingeman-Nielsen, Thomas (2024): Mapping the frost susceptibility of the ground from thaw-season InSAR surface displacements and extrapolated active layer thicknesses, Ilulissat, West-Greenland [dataset]. PANGAEA, https://doi.org/10.1594/PANGAEA.964306",CC-BY-4.0,Greenland,,dataset_statement,annual_value,,,,0.00001,,,0,,grl_ilulissat_scheer:CALM_A11,ok,"grp=avg_CALM | CALM 격자 절점 1개의 10 m 화소 평균(파생값, 절점 행과 중복)"
grl_ilulissat_scheer,avg_CALM_12,avg_CALM_12,69.2187,-51.05506,2020,,73.25,probe,direct_eos,4,Greenland,NAtlantic,"Scheer, Johanna; Caduff, Rafael; How, Penelope; Marcer, Marco; Strozzi, Tazio; Bartsch, Annett; Ingeman-Nielsen, Thomas (2024): Mapping the frost susceptibility of the ground from thaw-season InSAR surface displacements and extrapolated active layer thicknesses, Ilulissat, West-Greenland [dataset]. PANGAEA, https://doi.org/10.1594/PANGAEA.964306",CC-BY-4.0,Greenland,,dataset_statement,annual_value,,,8.490,0.00001,,,0,,grl_ilulissat_scheer:CALM_B10;grl_ilulissat_scheer:CALM_C10;grl_ilulissat_scheer:CALM_B11;grl_ilulissat_scheer:CALM_C11,ok,"grp=avg_CALM | CALM 격자 절점 4개의 10 m 화소 평균(파생값, 절점 행과 중복)"
grl_ilulissat_scheer,avg_CALM_12,avg_CALM_12,69.2187,-51.05506,2021,,75.25,probe,direct_eos,4,Greenland,NAtlantic,"Scheer, Johanna; Caduff, Rafael; How, Penelope; Marcer, Marco; Strozzi, Tazio; Bartsch, Annett; Ingeman-Nielsen, Thomas (2024): Mapping the frost susceptibility of the ground from thaw-season InSAR surface displacements and extrapolated active layer thicknesses, Ilulissat, West-Greenland [dataset]. PANGAEA, https://doi.org/10.1594/PANGAEA.964306",CC-BY-4.0,Greenland,,dataset_statement,annual_value,,,7.077,0.00001,,,0,,grl_ilulissat_scheer:CALM_B10;grl_ilulissat_scheer:CALM_C10;grl_ilulissat_scheer:CALM_B11;grl_ilulissat_scheer:CALM_C11,ok,"grp=avg_CALM | CALM 격자 절점 4개의 10 m 화소 평균(파생값, 절점 행과 중복)"
grl_ilulissat_scheer,avg_CALM_13,avg_CALM_13,69.21897,-51.0548,2020,,62,probe,direct_eos,3,Greenland,NAtlantic,"Scheer, Johanna; Caduff, Rafael; How, Penelope; Marcer, Marco; Strozzi, Tazio; Bartsch, Annett; Ingeman-Nielsen, Thomas (2024): Mapping the frost susceptibility of the ground from thaw-season InSAR surface displacements and extrapolated active layer thicknesses, Ilulissat, West-Greenland [dataset]. PANGAEA, https://doi.org/10.1594/PANGAEA.964306",CC-BY-4.0,Greenland,,dataset_statement,annual_value,,,5.766,0.00001,,,0,,grl_ilulissat_scheer:CALM_D4;grl_ilulissat_scheer:CALM_E4;grl_ilulissat_scheer:CALM_D5,ok,"grp=avg_CALM | CALM 격자 절점 3개의 10 m 화소 평균(파생값, 절점 행과 중복)"
grl_ilulissat_scheer,avg_CALM_13,avg_CALM_13,69.21897,-51.0548,2021,,69.5,probe,direct_eos,3,Greenland,NAtlantic,"Scheer, Johanna; Caduff, Rafael; How, Penelope; Marcer, Marco; Strozzi, Tazio; Bartsch, Annett; Ingeman-Nielsen, Thomas (2024): Mapping the frost susceptibility of the ground from thaw-season InSAR surface displacements and extrapolated active layer thicknesses, Ilulissat, West-Greenland [dataset]. PANGAEA, https://doi.org/10.1594/PANGAEA.964306",CC-BY-4.0,Greenland,,dataset_statement,annual_value,,,3.122,0.00001,,,0,,grl_ilulissat_scheer:CALM_D4;grl_ilulissat_scheer:CALM_E4;grl_ilulissat_scheer:CALM_D5,ok,"grp=avg_CALM | CALM 격자 절점 3개의 10 m 화소 평균(파생값, 절점 행과 중복)"
grl_ilulissat_scheer,avg_CALM_14,avg_CALM_14,69.21888,-51.05581,2020,,69.625,probe,direct_eos,4,Greenland,NAtlantic,"Scheer, Johanna; Caduff, Rafael; How, Penelope; Marcer, Marco; Strozzi, Tazio; Bartsch, Annett; Ingeman-Nielsen, Thomas (2024): Mapping the frost susceptibility of the ground from thaw-season InSAR surface displacements and extrapolated active layer thicknesses, Ilulissat, West-Greenland [dataset]. PANGAEA, https://doi.org/10.1594/PANGAEA.964306",CC-BY-4.0,Greenland,,dataset_statement,annual_value,,,4.535,0.00001,,,0,,grl_ilulissat_scheer:CALM_I10;grl_ilulissat_scheer:CALM_J10;grl_ilulissat_scheer:CALM_I11;grl_ilulissat_scheer:CALM_J11,ok,"grp=avg_CALM | CALM 격자 절점 4개의 10 m 화소 평균(파생값, 절점 행과 중복)"
grl_ilulissat_scheer,avg_CALM_14,avg_CALM_14,69.21888,-51.05581,2021,,70.625,probe,direct_eos,4,Greenland,NAtlantic,"Scheer, Johanna; Caduff, Rafael; How, Penelope; Marcer, Marco; Strozzi, Tazio; Bartsch, Annett; Ingeman-Nielsen, Thomas (2024): Mapping the frost susceptibility of the ground from thaw-season InSAR surface displacements and extrapolated active layer thicknesses, Ilulissat, West-Greenland [dataset]. PANGAEA, https://doi.org/10.1594/PANGAEA.964306",CC-BY-4.0,Greenland,,dataset_statement,annual_value,,,8.528,0.00001,,,0,,grl_ilulissat_scheer:CALM_I10;grl_ilulissat_scheer:CALM_J10;grl_ilulissat_scheer:CALM_I11;grl_ilulissat_scheer:CALM_J11,ok,"grp=avg_CALM | CALM 격자 절점 4개의 10 m 화소 평균(파생값, 절점 행과 중복)"
grl_ilulissat_scheer,avg_CALM_15,avg_CALM_15,69.21897,-51.05506,2020,,68.375,probe,direct_eos,4,Greenland,NAtlantic,"Scheer, Johanna; Caduff, Rafael; How, Penelope; Marcer, Marco; Strozzi, Tazio; Bartsch, Annett; Ingeman-Nielsen, Thomas (2024): Mapping the frost susceptibility of the ground from thaw-season InSAR surface displacements and extrapolated active layer thicknesses, Ilulissat, West-Greenland [dataset]. PANGAEA, https://doi.org/10.1594/PANGAEA.964306",CC-BY-4.0,Greenland,,dataset_statement,annual_value,,,4.535,0.00001,,,0,,grl_ilulissat_scheer:CALM_E5;grl_ilulissat_scheer:CALM_F5;grl_ilulissat_scheer:CALM_E6;grl_ilulissat_scheer:CALM_F6,ok,"grp=avg_CALM | CALM 격자 절점 4개의 10 m 화소 평균(파생값, 절점 행과 중복)"
grl_ilulissat_scheer,avg_CALM_15,avg_CALM_15,69.21897,-51.05506,2021,,74.125,probe,direct_eos,4,Greenland,NAtlantic,"Scheer, Johanna; Caduff, Rafael; How, Penelope; Marcer, Marco; Strozzi, Tazio; Bartsch, Annett; Ingeman-Nielsen, Thomas (2024): Mapping the frost susceptibility of the ground from thaw-season InSAR surface displacements and extrapolated active layer thicknesses, Ilulissat, West-Greenland [dataset]. PANGAEA, https://doi.org/10.1594/PANGAEA.964306",CC-BY-4.0,Greenland,,dataset_statement,annual_value,,,2.358,0.00001,,,0,,grl_ilulissat_scheer:CALM_E5;grl_ilulissat_scheer:CALM_F5;grl_ilulissat_scheer:CALM_E6;grl_ilulissat_scheer:CALM_F6,ok,"grp=avg_CALM | CALM 격자 절점 4개의 10 m 화소 평균(파생값, 절점 행과 중복)"
grl_ilulissat_scheer,avg_CALM_16,avg_CALM_16,69.21879,-51.05556,2020,,84.833,probe,direct_eos,3,Greenland,NAtlantic,"Scheer, Johanna; Caduff, Rafael; How, Penelope; Marcer, Marco; Strozzi, Tazio; Bartsch, Annett; Ingeman-Nielsen, Thomas (2024): Mapping the frost susceptibility of the ground from thaw-season InSAR surface displacements and extrapolated active layer thicknesses, Ilulissat, West-Greenland [dataset]. PANGAEA, https://doi.org/10.1594/PANGAEA.964306",CC-BY-4.0,Greenland,,dataset_statement,annual_value,,,5.795,0.00001,,,0,,grl_ilulissat_scheer:CALM_F11;grl_ilulissat_scheer:CALM_G11;grl_ilulissat_scheer:CALM_H11,ok,"grp=avg_CALM | CALM 격자 절점 3개의 10 m 화소 평균(파생값, 절점 행과 중복)"
grl_ilulissat_scheer,avg_CALM_16,avg_CALM_16,69.21879,-51.05556,2021,,89.5,probe,direct_eos,3,Greenland,NAtlantic,"Scheer, Johanna; Caduff, Rafael; How, Penelope; Marcer, Marco; Strozzi, Tazio; Bartsch, Annett; Ingeman-Nielsen, Thomas (2024): Mapping the frost susceptibility of the ground from thaw-season InSAR surface displacements and extrapolated active layer thicknesses, Ilulissat, West-Greenland [dataset]. PANGAEA, https://doi.org/10.1594/PANGAEA.964306",CC-BY-4.0,Greenland,,dataset_statement,annual_value,,,0.500,0.00001,,,0,,grl_ilulissat_scheer:CALM_F11;grl_ilulissat_scheer:CALM_G11;grl_ilulissat_scheer:CALM_H11,ok,"grp=avg_CALM | CALM 격자 절점 3개의 10 m 화소 평균(파생값, 절점 행과 중복)"
grl_ilulissat_scheer,avg_CALM_17,avg_CALM_17,69.21888,-51.0548,2020,,73.8,probe,direct_eos,5,Greenland,NAtlantic,"Scheer, Johanna; Caduff, Rafael; How, Penelope; Marcer, Marco; Strozzi, Tazio; Bartsch, Annett; Ingeman-Nielsen, Thomas (2024): Mapping the frost susceptibility of the ground from thaw-season InSAR surface displacements and extrapolated active layer thicknesses, Ilulissat, West-Greenland [dataset]. PANGAEA, https://doi.org/10.1594/PANGAEA.964306",CC-BY-4.0,Greenland,,dataset_statement,annual_value,,,7.164,0.00001,,,0,,grl_ilulissat_scheer:CALM_C5;grl_ilulissat_scheer:CALM_B6;grl_ilulissat_scheer:CALM_C6;grl_ilulissat_scheer:CALM_D6;grl_ilulissat_scheer:CALM_C7,ok,"grp=avg_CALM | CALM 격자 절점 5개의 10 m 화소 평균(파생값, 절점 행과 중복)"
grl_ilulissat_scheer,avg_CALM_17,avg_CALM_17,69.21888,-51.0548,2021,,74.8,probe,direct_eos,5,Greenland,NAtlantic,"Scheer, Johanna; Caduff, Rafael; How, Penelope; Marcer, Marco; Strozzi, Tazio; Bartsch, Annett; Ingeman-Nielsen, Thomas (2024): Mapping the frost susceptibility of the ground from thaw-season InSAR surface displacements and extrapolated active layer thicknesses, Ilulissat, West-Greenland [dataset]. PANGAEA, https://doi.org/10.1594/PANGAEA.964306",CC-BY-4.0,Greenland,,dataset_statement,annual_value,,,7.472,0.00001,,,0,,grl_ilulissat_scheer:CALM_C5;grl_ilulissat_scheer:CALM_B6;grl_ilulissat_scheer:CALM_C6;grl_ilulissat_scheer:CALM_D6;grl_ilulissat_scheer:CALM_C7,ok,"grp=avg_CALM | CALM 격자 절점 5개의 10 m 화소 평균(파생값, 절점 행과 중복)"
grl_ilulissat_scheer,avg_CALM_18,avg_CALM_18,69.2187,-51.05531,2020,,78,probe,direct_eos,1,Greenland,NAtlantic,"Scheer, Johanna; Caduff, Rafael; How, Penelope; Marcer, Marco; Strozzi, Tazio; Bartsch, Annett; Ingeman-Nielsen, Thomas (2024): Mapping the frost susceptibility of the ground from thaw-season InSAR surface displacements and extrapolated active layer thicknesses, Ilulissat, West-Greenland [dataset]. PANGAEA, https://doi.org/10.1594/PANGAEA.964306",CC-BY-4.0,Greenland,,dataset_statement,annual_value,,,,0.00001,,,0,,grl_ilulissat_scheer:CALM_D11,ok,"grp=avg_CALM | CALM 격자 절점 1개의 10 m 화소 평균(파생값, 절점 행과 중복)"
grl_ilulissat_scheer,avg_CALM_18,avg_CALM_18,69.2187,-51.05531,2021,,64.5,probe,direct_eos,1,Greenland,NAtlantic,"Scheer, Johanna; Caduff, Rafael; How, Penelope; Marcer, Marco; Strozzi, Tazio; Bartsch, Annett; Ingeman-Nielsen, Thomas (2024): Mapping the frost susceptibility of the ground from thaw-season InSAR surface displacements and extrapolated active layer thicknesses, Ilulissat, West-Greenland [dataset]. PANGAEA, https://doi.org/10.1594/PANGAEA.964306",CC-BY-4.0,Greenland,,dataset_statement,annual_value,,,,0.00001,,,0,,grl_ilulissat_scheer:CALM_D11,ok,"grp=avg_CALM | CALM 격자 절점 1개의 10 m 화소 평균(파생값, 절점 행과 중복)"
grl_ilulissat_scheer,avg_CALM_19,avg_CALM_19,69.21879,-51.05455,2020,,48,probe,direct_eos,1,Greenland,NAtlantic,"Scheer, Johanna; Caduff, Rafael; How, Penelope; Marcer, Marco; Strozzi, Tazio; Bartsch, Annett; Ingeman-Nielsen, Thomas (2024): Mapping the frost susceptibility of the ground from thaw-season InSAR surface displacements and extrapolated active layer thicknesses, Ilulissat, West-Greenland [dataset]. PANGAEA, https://doi.org/10.1594/PANGAEA.964306",CC-BY-4.0,Greenland,,dataset_statement,annual_value,,,,0.00001,,,0,,grl_ilulissat_scheer:CALM_A6,ok,"grp=avg_CALM | CALM 격자 절점 1개의 10 m 화소 평균(파생값, 절점 행과 중복)"
grl_ilulissat_scheer,avg_CALM_19,avg_CALM_19,69.21879,-51.05455,2021,,51,probe,direct_eos,1,Greenland,NAtlantic,"Scheer, Johanna; Caduff, Rafael; How, Penelope; Marcer, Marco; Strozzi, Tazio; Bartsch, Annett; Ingeman-Nielsen, Thomas (2024): Mapping the frost susceptibility of the ground from thaw-season InSAR surface displacements and extrapolated active layer thicknesses, Ilulissat, West-Greenland [dataset]. PANGAEA, https://doi.org/10.1594/PANGAEA.964306",CC-BY-4.0,Greenland,,dataset_statement,annual_value,,,,0.00001,,,0,,grl_ilulissat_scheer:CALM_A6,ok,"grp=avg_CALM | CALM 격자 절점 1개의 10 m 화소 평균(파생값, 절점 행과 중복)"
grl_ilulissat_scheer,avg_CALM_20,avg_CALM_20,69.21897,-51.0543,2020,,57.833,probe,direct_eos,3,Greenland,NAtlantic,"Scheer, Johanna; Caduff, Rafael; How, Penelope; Marcer, Marco; Strozzi, Tazio; Bartsch, Annett; Ingeman-Nielsen, Thomas (2024): Mapping the frost susceptibility of the ground from thaw-season InSAR surface displacements and extrapolated active layer thicknesses, Ilulissat, West-Greenland [dataset]. PANGAEA, https://doi.org/10.1594/PANGAEA.964306",CC-BY-4.0,Greenland,,dataset_statement,annual_value,,,16.358,0.00001,,,0,,grl_ilulissat_scheer:CALM_A1;grl_ilulissat_scheer:CALM_A2;grl_ilulissat_scheer:CALM_A3,ok,"grp=avg_CALM | CALM 격자 절점 3개의 10 m 화소 평균(파생값, 절점 행과 중복)"
grl_ilulissat_scheer,avg_CALM_20,avg_CALM_20,69.21897,-51.0543,2021,,64.667,probe,direct_eos,3,Greenland,NAtlantic,"Scheer, Johanna; Caduff, Rafael; How, Penelope; Marcer, Marco; Strozzi, Tazio; Bartsch, Annett; Ingeman-Nielsen, Thomas (2024): Mapping the frost susceptibility of the ground from thaw-season InSAR surface displacements and extrapolated active layer thicknesses, Ilulissat, West-Greenland [dataset]. PANGAEA, https://doi.org/10.1594/PANGAEA.964306",CC-BY-4.0,Greenland,,dataset_statement,annual_value,,,16.973,0.00001,,,0,,grl_ilulissat_scheer:CALM_A1;grl_ilulissat_scheer:CALM_A2;grl_ilulissat_scheer:CALM_A3,ok,"grp=avg_CALM | CALM 격자 절점 3개의 10 m 화소 평균(파생값, 절점 행과 중복)"
grl_ilulissat_scheer,avg_CALM_21,avg_CALM_21,69.21906,-51.05531,2020,,71.625,probe,direct_eos,4,Greenland,NAtlantic,"Scheer, Johanna; Caduff, Rafael; How, Penelope; Marcer, Marco; Strozzi, Tazio; Bartsch, Annett; Ingeman-Nielsen, Thomas (2024): Mapping the frost susceptibility of the ground from thaw-season InSAR surface displacements and extrapolated active layer thicknesses, Ilulissat, West-Greenland [dataset]. PANGAEA, https://doi.org/10.1594/PANGAEA.964306",CC-BY-4.0,Greenland,,dataset_statement,annual_value,,,4.423,0.00001,,,0,,grl_ilulissat_scheer:CALM_H5;grl_ilulissat_scheer:CALM_I5;grl_ilulissat_scheer:CALM_H6;grl_ilulissat_scheer:CALM_I6,ok,"grp=avg_CALM | CALM 격자 절점 4개의 10 m 화소 평균(파생값, 절점 행과 중복)"
grl_ilulissat_scheer,avg_CALM_21,avg_CALM_21,69.21906,-51.05531,2021,,72.5,probe,direct_eos,4,Greenland,NAtlantic,"Scheer, Johanna; Caduff, Rafael; How, Penelope; Marcer, Marco; Strozzi, Tazio; Bartsch, Annett; Ingeman-Nielsen, Thomas (2024): Mapping the frost susceptibility of the ground from thaw-season InSAR surface displacements and extrapolated active layer thicknesses, Ilulissat, West-Greenland [dataset]. PANGAEA, https://doi.org/10.1594/PANGAEA.964306",CC-BY-4.0,Greenland,,dataset_statement,annual_value,,,4.262,0.00001,,,0,,grl_ilulissat_scheer:CALM_H5;grl_ilulissat_scheer:CALM_I5;grl_ilulissat_scheer:CALM_H6;grl_ilulissat_scheer:CALM_I6,ok,"grp=avg_CALM | CALM 격자 절점 4개의 10 m 화소 평균(파생값, 절점 행과 중복)"
grl_ilulissat_scheer,avg_CALM_22,avg_CALM_22,69.21888,-51.05607,2020,,79.5,probe,direct_eos,1,Greenland,NAtlantic,"Scheer, Johanna; Caduff, Rafael; How, Penelope; Marcer, Marco; Strozzi, Tazio; Bartsch, Annett; Ingeman-Nielsen, Thomas (2024): Mapping the frost susceptibility of the ground from thaw-season InSAR surface displacements and extrapolated active layer thicknesses, Ilulissat, West-Greenland [dataset]. PANGAEA, https://doi.org/10.1594/PANGAEA.964306",CC-BY-4.0,Greenland,,dataset_statement,annual_value,,,,0.00001,,,0,,grl_ilulissat_scheer:CALM_K11,ok,"grp=avg_CALM | CALM 격자 절점 1개의 10 m 화소 평균(파생값, 절점 행과 중복)"
grl_ilulissat_scheer,avg_CALM_22,avg_CALM_22,69.21888,-51.05607,2021,,79,probe,direct_eos,1,Greenland,NAtlantic,"Scheer, Johanna; Caduff, Rafael; How, Penelope; Marcer, Marco; Strozzi, Tazio; Bartsch, Annett; Ingeman-Nielsen, Thomas (2024): Mapping the frost susceptibility of the ground from thaw-season InSAR surface displacements and extrapolated active layer thicknesses, Ilulissat, West-Greenland [dataset]. PANGAEA, https://doi.org/10.1594/PANGAEA.964306",CC-BY-4.0,Greenland,,dataset_statement,annual_value,,,,0.00001,,,0,,grl_ilulissat_scheer:CALM_K11,ok,"grp=avg_CALM | CALM 격자 절점 1개의 10 m 화소 평균(파생값, 절점 행과 중복)"
grl_ilulissat_scheer,avg_CALM_23,avg_CALM_23,69.21906,-51.05556,2020,,74.833,probe,direct_eos,3,Greenland,NAtlantic,"Scheer, Johanna; Caduff, Rafael; How, Penelope; Marcer, Marco; Strozzi, Tazio; Bartsch, Annett; Ingeman-Nielsen, Thomas (2024): Mapping the frost susceptibility of the ground from thaw-season InSAR surface displacements and extrapolated active layer thicknesses, Ilulissat, West-Greenland [dataset]. PANGAEA, https://doi.org/10.1594/PANGAEA.964306",CC-BY-4.0,Greenland,,dataset_statement,annual_value,,,1.607,0.00001,,,0,,grl_ilulissat_scheer:CALM_J6;grl_ilulissat_scheer:CALM_K6;grl_ilulissat_scheer:CALM_J7,ok,"grp=avg_CALM | CALM 격자 절점 3개의 10 m 화소 평균(파생값, 절점 행과 중복)"
grl_ilulissat_scheer,avg_CALM_23,avg_CALM_23,69.21906,-51.05556,2021,,78.667,probe,direct_eos,3,Greenland,NAtlantic,"Scheer, Johanna; Caduff, Rafael; How, Penelope; Marcer, Marco; Strozzi, Tazio; Bartsch, Annett; Ingeman-Nielsen, Thomas (2024): Mapping the frost susceptibility of the ground from thaw-season InSAR surface displacements and extrapolated active layer thicknesses, Ilulissat, West-Greenland [dataset]. PANGAEA, https://doi.org/10.1594/PANGAEA.964306",CC-BY-4.0,Greenland,,dataset_statement,annual_value,,,9.878,0.00001,,,0,,grl_ilulissat_scheer:CALM_J6;grl_ilulissat_scheer:CALM_K6;grl_ilulissat_scheer:CALM_J7,ok,"grp=avg_CALM | CALM 격자 절점 3개의 10 m 화소 평균(파생값, 절점 행과 중복)"
grl_ilulissat_scheer,avg_CALM_24,avg_CALM_24,69.21906,-51.05455,2020,,73.75,probe,direct_eos,4,Greenland,NAtlantic,"Scheer, Johanna; Caduff, Rafael; How, Penelope; Marcer, Marco; Strozzi, Tazio; Bartsch, Annett; Ingeman-Nielsen, Thomas (2024): Mapping the frost susceptibility of the ground from thaw-season InSAR surface displacements and extrapolated active layer thicknesses, Ilulissat, West-Greenland [dataset]. PANGAEA, https://doi.org/10.1594/PANGAEA.964306",CC-BY-4.0,Greenland,,dataset_statement,annual_value,,,10.958,0.00001,,,0,,grl_ilulissat_scheer:CALM_C1;grl_ilulissat_scheer:CALM_D1;grl_ilulissat_scheer:CALM_C2;grl_ilulissat_scheer:CALM_D2,ok,"grp=avg_CALM | CALM 격자 절점 4개의 10 m 화소 평균(파생값, 절점 행과 중복)"
grl_ilulissat_scheer,avg_CALM_24,avg_CALM_24,69.21906,-51.05455,2021,,74,probe,direct_eos,4,Greenland,NAtlantic,"Scheer, Johanna; Caduff, Rafael; How, Penelope; Marcer, Marco; Strozzi, Tazio; Bartsch, Annett; Ingeman-Nielsen, Thomas (2024): Mapping the frost susceptibility of the ground from thaw-season InSAR surface displacements and extrapolated active layer thicknesses, Ilulissat, West-Greenland [dataset]. PANGAEA, https://doi.org/10.1594/PANGAEA.964306",CC-BY-4.0,Greenland,,dataset_statement,annual_value,,,12.557,0.00001,,,0,,grl_ilulissat_scheer:CALM_C1;grl_ilulissat_scheer:CALM_D1;grl_ilulissat_scheer:CALM_C2;grl_ilulissat_scheer:CALM_D2,ok,"grp=avg_CALM | CALM 격자 절점 4개의 10 m 화소 평균(파생값, 절점 행과 중복)"
grl_ilulissat_scheer,avg_CALM_25,avg_CALM_25,69.21897,-51.05531,2020,,74.5,probe,direct_eos,4,Greenland,NAtlantic,"Scheer, Johanna; Caduff, Rafael; How, Penelope; Marcer, Marco; Strozzi, Tazio; Bartsch, Annett; Ingeman-Nielsen, Thomas (2024): Mapping the frost susceptibility of the ground from thaw-season InSAR surface displacements and extrapolated active layer thicknesses, Ilulissat, West-Greenland [dataset]. PANGAEA, https://doi.org/10.1594/PANGAEA.964306",CC-BY-4.0,Greenland,,dataset_statement,annual_value,,,9.425,0.00001,,,0,,grl_ilulissat_scheer:CALM_G6;grl_ilulissat_scheer:CALM_F7;grl_ilulissat_scheer:CALM_G7;grl_ilulissat_scheer:CALM_H7,ok,"grp=avg_CALM | CALM 격자 절점 4개의 10 m 화소 평균(파생값, 절점 행과 중복)"
grl_ilulissat_scheer,avg_CALM_25,avg_CALM_25,69.21897,-51.05531,2021,,76.25,probe,direct_eos,4,Greenland,NAtlantic,"Scheer, Johanna; Caduff, Rafael; How, Penelope; Marcer, Marco; Strozzi, Tazio; Bartsch, Annett; Ingeman-Nielsen, Thomas (2024): Mapping the frost susceptibility of the ground from thaw-season InSAR surface displacements and extrapolated active layer thicknesses, Ilulissat, West-Greenland [dataset]. PANGAEA, https://doi.org/10.1594/PANGAEA.964306",CC-BY-4.0,Greenland,,dataset_statement,annual_value,,,12.196,0.00001,,,0,,grl_ilulissat_scheer:CALM_G6;grl_ilulissat_scheer:CALM_F7;grl_ilulissat_scheer:CALM_G7;grl_ilulissat_scheer:CALM_H7,ok,"grp=avg_CALM | CALM 격자 절점 4개의 10 m 화소 평균(파생값, 절점 행과 중복)"
grl_ilulissat_scheer,avg_CALM_26,avg_CALM_26,69.21906,-51.0543,2020,,83,probe,direct_eos,1,Greenland,NAtlantic,"Scheer, Johanna; Caduff, Rafael; How, Penelope; Marcer, Marco; Strozzi, Tazio; Bartsch, Annett; Ingeman-Nielsen, Thomas (2024): Mapping the frost susceptibility of the ground from thaw-season InSAR surface displacements and extrapolated active layer thicknesses, Ilulissat, West-Greenland [dataset]. PANGAEA, https://doi.org/10.1594/PANGAEA.964306",CC-BY-4.0,Greenland,,dataset_statement,annual_value,,,,0.00001,,,0,,grl_ilulissat_scheer:CALM_B1,ok,"grp=avg_CALM | CALM 격자 절점 1개의 10 m 화소 평균(파생값, 절점 행과 중복)"
grl_ilulissat_scheer,avg_CALM_26,avg_CALM_26,69.21906,-51.0543,2021,,84,probe,direct_eos,1,Greenland,NAtlantic,"Scheer, Johanna; Caduff, Rafael; How, Penelope; Marcer, Marco; Strozzi, Tazio; Bartsch, Annett; Ingeman-Nielsen, Thomas (2024): Mapping the frost susceptibility of the ground from thaw-season InSAR surface displacements and extrapolated active layer thicknesses, Ilulissat, West-Greenland [dataset]. PANGAEA, https://doi.org/10.1594/PANGAEA.964306",CC-BY-4.0,Greenland,,dataset_statement,annual_value,,,,0.00001,,,0,,grl_ilulissat_scheer:CALM_B1,ok,"grp=avg_CALM | CALM 격자 절점 1개의 10 m 화소 평균(파생값, 절점 행과 중복)"
grl_ilulissat_scheer,avg_CALM_27,avg_CALM_27,69.21888,-51.05506,2020,,79.5,probe,direct_eos,4,Greenland,NAtlantic,"Scheer, Johanna; Caduff, Rafael; How, Penelope; Marcer, Marco; Strozzi, Tazio; Bartsch, Annett; Ingeman-Nielsen, Thomas (2024): Mapping the frost susceptibility of the ground from thaw-season InSAR surface displacements and extrapolated active layer thicknesses, Ilulissat, West-Greenland [dataset]. PANGAEA, https://doi.org/10.1594/PANGAEA.964306",CC-BY-4.0,Greenland,,dataset_statement,annual_value,,,7.990,0.00001,,,0,,grl_ilulissat_scheer:CALM_D7;grl_ilulissat_scheer:CALM_E7;grl_ilulissat_scheer:CALM_D8;grl_ilulissat_scheer:CALM_E8,ok,"grp=avg_CALM | CALM 격자 절점 4개의 10 m 화소 평균(파생값, 절점 행과 중복)"
grl_ilulissat_scheer,avg_CALM_27,avg_CALM_27,69.21888,-51.05506,2021,,88.875,probe,direct_eos,4,Greenland,NAtlantic,"Scheer, Johanna; Caduff, Rafael; How, Penelope; Marcer, Marco; Strozzi, Tazio; Bartsch, Annett; Ingeman-Nielsen, Thomas (2024): Mapping the frost susceptibility of the ground from thaw-season InSAR surface displacements and extrapolated active layer thicknesses, Ilulissat, West-Greenland [dataset]. PANGAEA, https://doi.org/10.1594/PANGAEA.964306",CC-BY-4.0,Greenland,,dataset_statement,annual_value,,,8.892,0.00001,,,0,,grl_ilulissat_scheer:CALM_D7;grl_ilulissat_scheer:CALM_E7;grl_ilulissat_scheer:CALM_D8;grl_ilulissat_scheer:CALM_E8,ok,"grp=avg_CALM | CALM 격자 절점 4개의 10 m 화소 평균(파생값, 절점 행과 중복)"
grl_ilulissat_scheer,avg_CALM_28,avg_CALM_28,69.21915,-51.0548,2020,,77,probe,direct_eos,4,Greenland,NAtlantic,"Scheer, Johanna; Caduff, Rafael; How, Penelope; Marcer, Marco; Strozzi, Tazio; Bartsch, Annett; Ingeman-Nielsen, Thomas (2024): Mapping the frost susceptibility of the ground from thaw-season InSAR surface displacements and extrapolated active layer thicknesses, Ilulissat, West-Greenland [dataset]. PANGAEA, https://doi.org/10.1594/PANGAEA.964306",CC-BY-4.0,Greenland,,dataset_statement,annual_value,,,13.730,0.00001,,,0,,grl_ilulissat_scheer:CALM_F1;grl_ilulissat_scheer:CALM_G1;grl_ilulissat_scheer:CALM_F2;grl_ilulissat_scheer:CALM_G2,ok,"grp=avg_CALM | CALM 격자 절점 4개의 10 m 화소 평균(파생값, 절점 행과 중복)"
grl_ilulissat_scheer,avg_CALM_28,avg_CALM_28,69.21915,-51.0548,2021,,69.375,probe,direct_eos,4,Greenland,NAtlantic,"Scheer, Johanna; Caduff, Rafael; How, Penelope; Marcer, Marco; Strozzi, Tazio; Bartsch, Annett; Ingeman-Nielsen, Thomas (2024): Mapping the frost susceptibility of the ground from thaw-season InSAR surface displacements and extrapolated active layer thicknesses, Ilulissat, West-Greenland [dataset]. PANGAEA, https://doi.org/10.1594/PANGAEA.964306",CC-BY-4.0,Greenland,,dataset_statement,annual_value,,,15.321,0.00001,,,0,,grl_ilulissat_scheer:CALM_F1;grl_ilulissat_scheer:CALM_G1;grl_ilulissat_scheer:CALM_F2;grl_ilulissat_scheer:CALM_G2,ok,"grp=avg_CALM | CALM 격자 절점 4개의 10 m 화소 평균(파생값, 절점 행과 중복)"
grl_ilulissat_scheer,avg_CALM_29,avg_CALM_29,69.21879,-51.0548,2020,,85.875,probe,direct_eos,4,Greenland,NAtlantic,"Scheer, Johanna; Caduff, Rafael; How, Penelope; Marcer, Marco; Strozzi, Tazio; Bartsch, Annett; Ingeman-Nielsen, Thomas (2024): Mapping the frost susceptibility of the ground from thaw-season InSAR surface displacements and extrapolated active layer thicknesses, Ilulissat, West-Greenland [dataset]. PANGAEA, https://doi.org/10.1594/PANGAEA.964306",CC-BY-4.0,Greenland,,dataset_statement,annual_value,,,6.537,0.00001,,,0,,grl_ilulissat_scheer:CALM_A7;grl_ilulissat_scheer:CALM_B7;grl_ilulissat_scheer:CALM_A8;grl_ilulissat_scheer:CALM_B8,ok,"grp=avg_CALM | CALM 격자 절점 4개의 10 m 화소 평균(파생값, 절점 행과 중복)"
grl_ilulissat_scheer,avg_CALM_29,avg_CALM_29,69.21879,-51.0548,2021,,90.375,probe,direct_eos,4,Greenland,NAtlantic,"Scheer, Johanna; Caduff, Rafael; How, Penelope; Marcer, Marco; Strozzi, Tazio; Bartsch, Annett; Ingeman-Nielsen, Thomas (2024): Mapping the frost susceptibility of the ground from thaw-season InSAR surface displacements and extrapolated active layer thicknesses, Ilulissat, West-Greenland [dataset]. PANGAEA, https://doi.org/10.1594/PANGAEA.964306",CC-BY-4.0,Greenland,,dataset_statement,annual_value,,,6.663,0.00001,,,0,,grl_ilulissat_scheer:CALM_A7;grl_ilulissat_scheer:CALM_B7;grl_ilulissat_scheer:CALM_A8;grl_ilulissat_scheer:CALM_B8,ok,"grp=avg_CALM | CALM 격자 절점 4개의 10 m 화소 평균(파생값, 절점 행과 중복)"
grl_ilulissat_scheer,avg_CALM_30,avg_CALM_30,69.21915,-51.05455,2020,,72.5,probe,direct_eos,1,Greenland,NAtlantic,"Scheer, Johanna; Caduff, Rafael; How, Penelope; Marcer, Marco; Strozzi, Tazio; Bartsch, Annett; Ingeman-Nielsen, Thomas (2024): Mapping the frost susceptibility of the ground from thaw-season InSAR surface displacements and extrapolated active layer thicknesses, Ilulissat, West-Greenland [dataset]. PANGAEA, https://doi.org/10.1594/PANGAEA.964306",CC-BY-4.0,Greenland,,dataset_statement,annual_value,,,,0.00001,,,0,,grl_ilulissat_scheer:CALM_E1,ok,"grp=avg_CALM | CALM 격자 절점 1개의 10 m 화소 평균(파생값, 절점 행과 중복)"
grl_ilulissat_scheer,avg_CALM_30,avg_CALM_30,69.21915,-51.05455,2021,,72.5,probe,direct_eos,1,Greenland,NAtlantic,"Scheer, Johanna; Caduff, Rafael; How, Penelope; Marcer, Marco; Strozzi, Tazio; Bartsch, Annett; Ingeman-Nielsen, Thomas (2024): Mapping the frost susceptibility of the ground from thaw-season InSAR surface displacements and extrapolated active layer thicknesses, Ilulissat, West-Greenland [dataset]. PANGAEA, https://doi.org/10.1594/PANGAEA.964306",CC-BY-4.0,Greenland,,dataset_statement,annual_value,,,,0.00001,,,0,,grl_ilulissat_scheer:CALM_E1,ok,"grp=avg_CALM | CALM 격자 절점 1개의 10 m 화소 평균(파생값, 절점 행과 중복)"
grl_ilulissat_scheer,avg_CALM_31,avg_CALM_31,69.21906,-51.05581,2020,,73.75,probe,direct_eos,2,Greenland,NAtlantic,"Scheer, Johanna; Caduff, Rafael; How, Penelope; Marcer, Marco; Strozzi, Tazio; Bartsch, Annett; Ingeman-Nielsen, Thomas (2024): Mapping the frost susceptibility of the ground from thaw-season InSAR surface displacements and extrapolated active layer thicknesses, Ilulissat, West-Greenland [dataset]. PANGAEA, https://doi.org/10.1594/PANGAEA.964306",CC-BY-4.0,Greenland,,dataset_statement,annual_value,,,1.768,0.00001,,,0,,grl_ilulissat_scheer:CALM_K7;grl_ilulissat_scheer:CALM_K8,ok,"grp=avg_CALM | CALM 격자 절점 2개의 10 m 화소 평균(파생값, 절점 행과 중복)"
grl_ilulissat_scheer,avg_CALM_31,avg_CALM_31,69.21906,-51.05581,2021,,77.25,probe,direct_eos,2,Greenland,NAtlantic,"Scheer, Johanna; Caduff, Rafael; How, Penelope; Marcer, Marco; Strozzi, Tazio; Bartsch, Annett; Ingeman-Nielsen, Thomas (2024): Mapping the frost susceptibility of the ground from thaw-season InSAR surface displacements and extrapolated active layer thicknesses, Ilulissat, West-Greenland [dataset]. PANGAEA, https://doi.org/10.1594/PANGAEA.964306",CC-BY-4.0,Greenland,,dataset_statement,annual_value,,,1.768,0.00001,,,0,,grl_ilulissat_scheer:CALM_K7;grl_ilulissat_scheer:CALM_K8,ok,"grp=avg_CALM | CALM 격자 절점 2개의 10 m 화소 평균(파생값, 절점 행과 중복)"
grl_ilulissat_scheer,avg_CALM_32,avg_CALM_32,69.21924,-51.05531,2020,,74.75,probe,direct_eos,4,Greenland,NAtlantic,"Scheer, Johanna; Caduff, Rafael; How, Penelope; Marcer, Marco; Strozzi, Tazio; Bartsch, Annett; Ingeman-Nielsen, Thomas (2024): Mapping the frost susceptibility of the ground from thaw-season InSAR surface displacements and extrapolated active layer thicknesses, Ilulissat, West-Greenland [dataset]. PANGAEA, https://doi.org/10.1594/PANGAEA.964306",CC-BY-4.0,Greenland,,dataset_statement,annual_value,,,6.007,0.00001,,,0,,grl_ilulissat_scheer:CALM_K1;grl_ilulissat_scheer:CALM_J2;grl_ilulissat_scheer:CALM_K2;grl_ilulissat_scheer:CALM_K3,ok,"grp=avg_CALM | CALM 격자 절점 4개의 10 m 화소 평균(파생값, 절점 행과 중복)"
grl_ilulissat_scheer,avg_CALM_32,avg_CALM_32,69.21924,-51.05531,2021,,74.375,probe,direct_eos,4,Greenland,NAtlantic,"Scheer, Johanna; Caduff, Rafael; How, Penelope; Marcer, Marco; Strozzi, Tazio; Bartsch, Annett; Ingeman-Nielsen, Thomas (2024): Mapping the frost susceptibility of the ground from thaw-season InSAR surface displacements and extrapolated active layer thicknesses, Ilulissat, West-Greenland [dataset]. PANGAEA, https://doi.org/10.1594/PANGAEA.964306",CC-BY-4.0,Greenland,,dataset_statement,annual_value,,,6.343,0.00001,,,0,,grl_ilulissat_scheer:CALM_K1;grl_ilulissat_scheer:CALM_J2;grl_ilulissat_scheer:CALM_K2;grl_ilulissat_scheer:CALM_K3,ok,"grp=avg_CALM | CALM 격자 절점 4개의 10 m 화소 평균(파생값, 절점 행과 중복)"
grl_ilulissat_scheer,avg_CALM_33,avg_CALM_33,69.21897,-51.05556,2020,,81.3,probe,direct_eos,5,Greenland,NAtlantic,"Scheer, Johanna; Caduff, Rafael; How, Penelope; Marcer, Marco; Strozzi, Tazio; Bartsch, Annett; Ingeman-Nielsen, Thomas (2024): Mapping the frost susceptibility of the ground from thaw-season InSAR surface displacements and extrapolated active layer thicknesses, Ilulissat, West-Greenland [dataset]. PANGAEA, https://doi.org/10.1594/PANGAEA.964306",CC-BY-4.0,Greenland,,dataset_statement,annual_value,,,12.814,0.00001,,,0,,grl_ilulissat_scheer:CALM_I7;grl_ilulissat_scheer:CALM_H8;grl_ilulissat_scheer:CALM_I8;grl_ilulissat_scheer:CALM_J8;grl_ilulissat_scheer:CALM_I9,ok,"grp=avg_CALM | CALM 격자 절점 5개의 10 m 화소 평균(파생값, 절점 행과 중복)"
grl_ilulissat_scheer,avg_CALM_33,avg_CALM_33,69.21897,-51.05556,2021,,85.8,probe,direct_eos,5,Greenland,NAtlantic,"Scheer, Johanna; Caduff, Rafael; How, Penelope; Marcer, Marco; Strozzi, Tazio; Bartsch, Annett; Ingeman-Nielsen, Thomas (2024): Mapping the frost susceptibility of the ground from thaw-season InSAR surface displacements and extrapolated active layer thicknesses, Ilulissat, West-Greenland [dataset]. PANGAEA, https://doi.org/10.1594/PANGAEA.964306",CC-BY-4.0,Greenland,,dataset_statement,annual_value,,,7.138,0.00001,,,0,,grl_ilulissat_scheer:CALM_I7;grl_ilulissat_scheer:CALM_H8;grl_ilulissat_scheer:CALM_I8;grl_ilulissat_scheer:CALM_J8;grl_ilulissat_scheer:CALM_I9,ok,"grp=avg_CALM | CALM 격자 절점 5개의 10 m 화소 평균(파생값, 절점 행과 중복)"
grl_ilulissat_scheer,avg_CALM_34,avg_CALM_34,69.21924,-51.05506,2020,,75.5,probe,direct_eos,3,Greenland,NAtlantic,"Scheer, Johanna; Caduff, Rafael; How, Penelope; Marcer, Marco; Strozzi, Tazio; Bartsch, Annett; Ingeman-Nielsen, Thomas (2024): Mapping the frost susceptibility of the ground from thaw-season InSAR surface displacements and extrapolated active layer thicknesses, Ilulissat, West-Greenland [dataset]. PANGAEA, https://doi.org/10.1594/PANGAEA.964306",CC-BY-4.0,Greenland,,dataset_statement,annual_value,,,12.580,0.00001,,,0,,grl_ilulissat_scheer:CALM_H1;grl_ilulissat_scheer:CALM_I1;grl_ilulissat_scheer:CALM_J1,ok,"grp=avg_CALM | CALM 격자 절점 3개의 10 m 화소 평균(파생값, 절점 행과 중복)"
grl_ilulissat_scheer,avg_CALM_34,avg_CALM_34,69.21924,-51.05506,2021,,74.67,probe,direct_eos,3,Greenland,NAtlantic,"Scheer, Johanna; Caduff, Rafael; How, Penelope; Marcer, Marco; Strozzi, Tazio; Bartsch, Annett; Ingeman-Nielsen, Thomas (2024): Mapping the frost susceptibility of the ground from thaw-season InSAR surface displacements and extrapolated active layer thicknesses, Ilulissat, West-Greenland [dataset]. PANGAEA, https://doi.org/10.1594/PANGAEA.964306",CC-BY-4.0,Greenland,,dataset_statement,annual_value,,,13.895,0.00001,,,0,,grl_ilulissat_scheer:CALM_H1;grl_ilulissat_scheer:CALM_I1;grl_ilulissat_scheer:CALM_J1,ok,"grp=avg_CALM | CALM 격자 절점 3개의 10 m 화소 평균(파생값, 절점 행과 중복)"
grl_ilulissat_scheer,avg_CALM_35,avg_CALM_35,69.21888,-51.05531,2020,,75.375,probe,direct_eos,4,Greenland,NAtlantic,"Scheer, Johanna; Caduff, Rafael; How, Penelope; Marcer, Marco; Strozzi, Tazio; Bartsch, Annett; Ingeman-Nielsen, Thomas (2024): Mapping the frost susceptibility of the ground from thaw-season InSAR surface displacements and extrapolated active layer thicknesses, Ilulissat, West-Greenland [dataset]. PANGAEA, https://doi.org/10.1594/PANGAEA.964306",CC-BY-4.0,Greenland,,dataset_statement,annual_value,,,12.236,0.00001,,,0,,grl_ilulissat_scheer:CALM_F8;grl_ilulissat_scheer:CALM_G8;grl_ilulissat_scheer:CALM_F9;grl_ilulissat_scheer:CALM_G9,ok,"grp=avg_CALM | CALM 격자 절점 4개의 10 m 화소 평균(파생값, 절점 행과 중복)"
grl_ilulissat_scheer,avg_CALM_35,avg_CALM_35,69.21888,-51.05531,2021,,77.875,probe,direct_eos,4,Greenland,NAtlantic,"Scheer, Johanna; Caduff, Rafael; How, Penelope; Marcer, Marco; Strozzi, Tazio; Bartsch, Annett; Ingeman-Nielsen, Thomas (2024): Mapping the frost susceptibility of the ground from thaw-season InSAR surface displacements and extrapolated active layer thicknesses, Ilulissat, West-Greenland [dataset]. PANGAEA, https://doi.org/10.1594/PANGAEA.964306",CC-BY-4.0,Greenland,,dataset_statement,annual_value,,,11.521,0.00001,,,0,,grl_ilulissat_scheer:CALM_F8;grl_ilulissat_scheer:CALM_G8;grl_ilulissat_scheer:CALM_F9;grl_ilulissat_scheer:CALM_G9,ok,"grp=avg_CALM | CALM 격자 절점 4개의 10 m 화소 평균(파생값, 절점 행과 중복)"
grl_ilulissat_scheer,avg_CALM_36,avg_CALM_36,69.21906,-51.0548,2020,,67.833,probe,direct_eos,3,Greenland,NAtlantic,"Scheer, Johanna; Caduff, Rafael; How, Penelope; Marcer, Marco; Strozzi, Tazio; Bartsch, Annett; Ingeman-Nielsen, Thomas (2024): Mapping the frost susceptibility of the ground from thaw-season InSAR surface displacements and extrapolated active layer thicknesses, Ilulissat, West-Greenland [dataset]. PANGAEA, https://doi.org/10.1594/PANGAEA.964306",CC-BY-4.0,Greenland,,dataset_statement,annual_value,,,1.258,0.00001,,,0,,grl_ilulissat_scheer:CALM_E2;grl_ilulissat_scheer:CALM_D3;grl_ilulissat_scheer:CALM_E3,ok,"grp=avg_CALM | CALM 격자 절점 3개의 10 m 화소 평균(파생값, 절점 행과 중복)"
grl_ilulissat_scheer,avg_CALM_36,avg_CALM_36,69.21906,-51.0548,2021,,68.667,probe,direct_eos,3,Greenland,NAtlantic,"Scheer, Johanna; Caduff, Rafael; How, Penelope; Marcer, Marco; Strozzi, Tazio; Bartsch, Annett; Ingeman-Nielsen, Thomas (2024): Mapping the frost susceptibility of the ground from thaw-season InSAR surface displacements and extrapolated active layer thicknesses, Ilulissat, West-Greenland [dataset]. PANGAEA, https://doi.org/10.1594/PANGAEA.964306",CC-BY-4.0,Greenland,,dataset_statement,annual_value,,,2.754,0.00001,,,0,,grl_ilulissat_scheer:CALM_E2;grl_ilulissat_scheer:CALM_D3;grl_ilulissat_scheer:CALM_E3,ok,"grp=avg_CALM | CALM 격자 절점 3개의 10 m 화소 평균(파생값, 절점 행과 중복)"
grl_ilulissat_scheer,avg_CALM_37,avg_CALM_37,69.21879,-51.05506,2020,,72.875,probe,direct_eos,4,Greenland,NAtlantic,"Scheer, Johanna; Caduff, Rafael; How, Penelope; Marcer, Marco; Strozzi, Tazio; Bartsch, Annett; Ingeman-Nielsen, Thomas (2024): Mapping the frost susceptibility of the ground from thaw-season InSAR surface displacements and extrapolated active layer thicknesses, Ilulissat, West-Greenland [dataset]. PANGAEA, https://doi.org/10.1594/PANGAEA.964306",CC-BY-4.0,Greenland,,dataset_statement,annual_value,,,8.440,0.00001,,,0,,grl_ilulissat_scheer:CALM_C8;grl_ilulissat_scheer:CALM_B9;grl_ilulissat_scheer:CALM_C9;grl_ilulissat_scheer:CALM_D9,ok,"grp=avg_CALM | CALM 격자 절점 4개의 10 m 화소 평균(파생값, 절점 행과 중복)"
grl_ilulissat_scheer,avg_CALM_37,avg_CALM_37,69.21879,-51.05506,2021,,76.125,probe,direct_eos,4,Greenland,NAtlantic,"Scheer, Johanna; Caduff, Rafael; How, Penelope; Marcer, Marco; Strozzi, Tazio; Bartsch, Annett; Ingeman-Nielsen, Thomas (2024): Mapping the frost susceptibility of the ground from thaw-season InSAR surface displacements and extrapolated active layer thicknesses, Ilulissat, West-Greenland [dataset]. PANGAEA, https://doi.org/10.1594/PANGAEA.964306",CC-BY-4.0,Greenland,,dataset_statement,annual_value,,,16.378,0.00001,,,0,,grl_ilulissat_scheer:CALM_C8;grl_ilulissat_scheer:CALM_B9;grl_ilulissat_scheer:CALM_C9;grl_ilulissat_scheer:CALM_D9,ok,"grp=avg_CALM | CALM 격자 절점 4개의 10 m 화소 평균(파생값, 절점 행과 중복)"
