src_id,site_id,site_name,lat,lon,year,month,alt_cm,method,label_def,n_obs,country,macro,citation,license,subunit,date,eos_basis,value_kind,year_min,year_max,alt_sd_cm,coord_prec_deg,disturbed,disturb_type,right_censored,orig_source,dup_of,qc_flag,notes
qtp_fu_temp,XDT-1,Xidatan XDT-1,35.7158,94.0847833,2001,,304.0,borehole_temp,temp_derived,1,China,Tibet,"Fu, Ziteng (2025). Permafrost ground temperature and active layer thickness data on the Qinghai–Tibet Plateau (2001–2020). figshare. Dataset. https://doi.org/10.6084/m9.figshare.29206613.v1",CC BY 4.0,QTEC,,none,annual_value,,,,1.7e-05,,,0,,,ok,locality=Xidatan; elev_m=4503; magt_c=-0.71; dem_minus_elev_m=+5
qtp_fu_temp,XDT-1,Xidatan XDT-1,35.7158,94.0847833,2002,,304.0,borehole_temp,temp_derived,1,China,Tibet,"Fu, Ziteng (2025). Permafrost ground temperature and active layer thickness data on the Qinghai–Tibet Plateau (2001–2020). figshare. Dataset. https://doi.org/10.6084/m9.figshare.29206613.v1",CC BY 4.0,QTEC,,none,annual_value,,,,1.7e-05,,,0,,,ok,locality=Xidatan; elev_m=4503; magt_c=-0.71; dem_minus_elev_m=+5
qtp_fu_temp,XDT-1,Xidatan XDT-1,35.7158,94.0847833,2003,,304.0,borehole_temp,temp_derived,1,China,Tibet,"Fu, Ziteng (2025). Permafrost ground temperature and active layer thickness data on the Qinghai–Tibet Plateau (2001–2020). figshare. Dataset. https://doi.org/10.6084/m9.figshare.29206613.v1",CC BY 4.0,QTEC,,none,annual_value,,,,1.7e-05,,,0,,,ok,locality=Xidatan; elev_m=4503; magt_c=-0.71; dem_minus_elev_m=+5
qtp_fu_temp,XDT-1,Xidatan XDT-1,35.7158,94.0847833,2004,,302.0,borehole_temp,temp_derived,1,China,Tibet,"Fu, Ziteng (2025). Permafrost ground temperature and active layer thickness data on the Qinghai–Tibet Plateau (2001–2020). figshare. Dataset. https://doi.org/10.6084/m9.figshare.29206613.v1",CC BY 4.0,QTEC,,none,annual_value,,,,1.7e-05,,,0,,,ok,locality=Xidatan; elev_m=4503; magt_c=-0.71; dem_minus_elev_m=+5
qtp_fu_temp,XDT-1,Xidatan XDT-1,35.7158,94.0847833,2005,,300.0,borehole_temp,temp_derived,1,China,Tibet,"Fu, Ziteng (2025). Permafrost ground temperature and active layer thickness data on the Qinghai–Tibet Plateau (2001–2020). figshare. Dataset. https://doi.org/10.6084/m9.figshare.29206613.v1",CC BY 4.0,QTEC,,none,annual_value,,,,1.7e-05,,,0,,,ok,locality=Xidatan; elev_m=4503; magt_c=-0.71; dem_minus_elev_m=+5
qtp_fu_temp,XDT-1,Xidatan XDT-1,35.7158,94.0847833,2006,,314.0,borehole_temp,temp_derived,1,China,Tibet,"Fu, Ziteng (2025). Permafrost ground temperature and active layer thickness data on the Qinghai–Tibet Plateau (2001–2020). figshare. Dataset. https://doi.org/10.6084/m9.figshare.29206613.v1",CC BY 4.0,QTEC,,none,annual_value,,,,1.7e-05,,,0,,,ok,locality=Xidatan; elev_m=4503; magt_c=-0.71; dem_minus_elev_m=+5
qtp_fu_temp,XDT-1,Xidatan XDT-1,35.7158,94.0847833,2007,,312.0,borehole_temp,temp_derived,1,China,Tibet,"Fu, Ziteng (2025). Permafrost ground temperature and active layer thickness data on the Qinghai–Tibet Plateau (2001–2020). figshare. Dataset. https://doi.org/10.6084/m9.figshare.29206613.v1",CC BY 4.0,QTEC,,none,annual_value,,,,1.7e-05,,,0,,,ok,locality=Xidatan; elev_m=4503; magt_c=-0.71; dem_minus_elev_m=+5
qtp_fu_temp,XDT-1,Xidatan XDT-1,35.7158,94.0847833,2008,,303.0,borehole_temp,temp_derived,1,China,Tibet,"Fu, Ziteng (2025). Permafrost ground temperature and active layer thickness data on the Qinghai–Tibet Plateau (2001–2020). figshare. Dataset. https://doi.org/10.6084/m9.figshare.29206613.v1",CC BY 4.0,QTEC,,none,annual_value,,,,1.7e-05,,,0,,,ok,locality=Xidatan; elev_m=4503; magt_c=-0.71; dem_minus_elev_m=+5
qtp_fu_temp,XDT-1,Xidatan XDT-1,35.7158,94.0847833,2009,,302.0,borehole_temp,temp_derived,1,China,Tibet,"Fu, Ziteng (2025). Permafrost ground temperature and active layer thickness data on the Qinghai–Tibet Plateau (2001–2020). figshare. Dataset. https://doi.org/10.6084/m9.figshare.29206613.v1",CC BY 4.0,QTEC,,none,annual_value,,,,1.7e-05,,,0,,,ok,locality=Xidatan; elev_m=4503; magt_c=-0.71; dem_minus_elev_m=+5
qtp_fu_temp,XDT-1,Xidatan XDT-1,35.7158,94.0847833,2010,,317.0,borehole_temp,temp_derived,1,China,Tibet,"Fu, Ziteng (2025). Permafrost ground temperature and active layer thickness data on the Qinghai–Tibet Plateau (2001–2020). figshare. Dataset. https://doi.org/10.6084/m9.figshare.29206613.v1",CC BY 4.0,QTEC,,none,annual_value,,,,1.7e-05,,,0,,,ok,locality=Xidatan; elev_m=4503; magt_c=-0.71; dem_minus_elev_m=+5
qtp_fu_temp,XDT-1,Xidatan XDT-1,35.7158,94.0847833,2011,,314.0,borehole_temp,temp_derived,1,China,Tibet,"Fu, Ziteng (2025). Permafrost ground temperature and active layer thickness data on the Qinghai–Tibet Plateau (2001–2020). figshare. Dataset. https://doi.org/10.6084/m9.figshare.29206613.v1",CC BY 4.0,QTEC,,none,annual_value,,,,1.7e-05,,,0,,,ok,locality=Xidatan; elev_m=4503; magt_c=-0.71; dem_minus_elev_m=+5
qtp_fu_temp,XDT-1,Xidatan XDT-1,35.7158,94.0847833,2012,,313.0,borehole_temp,temp_derived,1,China,Tibet,"Fu, Ziteng (2025). Permafrost ground temperature and active layer thickness data on the Qinghai–Tibet Plateau (2001–2020). figshare. Dataset. https://doi.org/10.6084/m9.figshare.29206613.v1",CC BY 4.0,QTEC,,none,annual_value,,,,1.7e-05,,,0,,,ok,locality=Xidatan; elev_m=4503; magt_c=-0.71; dem_minus_elev_m=+5
qtp_fu_temp,XDT-1,Xidatan XDT-1,35.7158,94.0847833,2013,,314.0,borehole_temp,temp_derived,1,China,Tibet,"Fu, Ziteng (2025). Permafrost ground temperature and active layer thickness data on the Qinghai–Tibet Plateau (2001–2020). figshare. Dataset. https://doi.org/10.6084/m9.figshare.29206613.v1",CC BY 4.0,QTEC,,none,annual_value,,,,1.7e-05,,,0,,,ok,locality=Xidatan; elev_m=4503; magt_c=-0.71; dem_minus_elev_m=+5
qtp_fu_temp,XDT-1,Xidatan XDT-1,35.7158,94.0847833,2014,,313.0,borehole_temp,temp_derived,1,China,Tibet,"Fu, Ziteng (2025). Permafrost ground temperature and active layer thickness data on the Qinghai–Tibet Plateau (2001–2020). figshare. Dataset. https://doi.org/10.6084/m9.figshare.29206613.v1",CC BY 4.0,QTEC,,none,annual_value,,,,1.7e-05,,,0,,,ok,locality=Xidatan; elev_m=4503; magt_c=-0.71; dem_minus_elev_m=+5
qtp_fu_temp,XDT-1,Xidatan XDT-1,35.7158,94.0847833,2015,,314.0,borehole_temp,temp_derived,1,China,Tibet,"Fu, Ziteng (2025). Permafrost ground temperature and active layer thickness data on the Qinghai–Tibet Plateau (2001–2020). figshare. Dataset. https://doi.org/10.6084/m9.figshare.29206613.v1",CC BY 4.0,QTEC,,none,annual_value,,,,1.7e-05,,,0,,,ok,locality=Xidatan; elev_m=4503; magt_c=-0.71; dem_minus_elev_m=+5
qtp_fu_temp,XDT-1,Xidatan XDT-1,35.7158,94.0847833,2016,,318.0,borehole_temp,temp_derived,1,China,Tibet,"Fu, Ziteng (2025). Permafrost ground temperature and active layer thickness data on the Qinghai–Tibet Plateau (2001–2020). figshare. Dataset. https://doi.org/10.6084/m9.figshare.29206613.v1",CC BY 4.0,QTEC,,none,annual_value,,,,1.7e-05,,,0,,,ok,locality=Xidatan; elev_m=4503; magt_c=-0.71; dem_minus_elev_m=+5
qtp_fu_temp,XDT-1,Xidatan XDT-1,35.7158,94.0847833,2017,,317.0,borehole_temp,temp_derived,1,China,Tibet,"Fu, Ziteng (2025). Permafrost ground temperature and active layer thickness data on the Qinghai–Tibet Plateau (2001–2020). figshare. Dataset. https://doi.org/10.6084/m9.figshare.29206613.v1",CC BY 4.0,QTEC,,none,annual_value,,,,1.7e-05,,,0,,,ok,locality=Xidatan; elev_m=4503; magt_c=-0.71; dem_minus_elev_m=+5
qtp_fu_temp,XDT-1,Xidatan XDT-1,35.7158,94.0847833,2018,,318.0,borehole_temp,temp_derived,1,China,Tibet,"Fu, Ziteng (2025). Permafrost ground temperature and active layer thickness data on the Qinghai–Tibet Plateau (2001–2020). figshare. Dataset. https://doi.org/10.6084/m9.figshare.29206613.v1",CC BY 4.0,QTEC,,none,annual_value,,,,1.7e-05,,,0,,,ok,locality=Xidatan; elev_m=4503; magt_c=-0.71; dem_minus_elev_m=+5
qtp_fu_temp,XDT-1,Xidatan XDT-1,35.7158,94.0847833,2019,,316.0,borehole_temp,temp_derived,1,China,Tibet,"Fu, Ziteng (2025). Permafrost ground temperature and active layer thickness data on the Qinghai–Tibet Plateau (2001–2020). figshare. Dataset. https://doi.org/10.6084/m9.figshare.29206613.v1",CC BY 4.0,QTEC,,none,annual_value,,,,1.7e-05,,,0,,,ok,locality=Xidatan; elev_m=4503; magt_c=-0.71; dem_minus_elev_m=+5
qtp_fu_temp,XDT-1,Xidatan XDT-1,35.7158,94.0847833,2020,,311.0,borehole_temp,temp_derived,1,China,Tibet,"Fu, Ziteng (2025). Permafrost ground temperature and active layer thickness data on the Qinghai–Tibet Plateau (2001–2020). figshare. Dataset. https://doi.org/10.6084/m9.figshare.29206613.v1",CC BY 4.0,QTEC,,none,annual_value,,,,1.7e-05,,,0,,,ok,locality=Xidatan; elev_m=4503; magt_c=-0.71; dem_minus_elev_m=+5
qtp_fu_temp,KLS-1,Kunlun Mt. KLS-1,35.6511,94.0638167,2001,,161.0,borehole_temp,temp_derived,1,China,Tibet,"Fu, Ziteng (2025). Permafrost ground temperature and active layer thickness data on the Qinghai–Tibet Plateau (2001–2020). figshare. Dataset. https://doi.org/10.6084/m9.figshare.29206613.v1",CC BY 4.0,QTEC,,none,annual_value,,,,1.7e-05,,,0,,,ok,locality=Kunlun Mt.; elev_m=4728; magt_c=-2.50; dem_minus_elev_m=-3
qtp_fu_temp,KLS-1,Kunlun Mt. KLS-1,35.6511,94.0638167,2002,,161.0,borehole_temp,temp_derived,1,China,Tibet,"Fu, Ziteng (2025). Permafrost ground temperature and active layer thickness data on the Qinghai–Tibet Plateau (2001–2020). figshare. Dataset. https://doi.org/10.6084/m9.figshare.29206613.v1",CC BY 4.0,QTEC,,none,annual_value,,,,1.7e-05,,,0,,,ok,locality=Kunlun Mt.; elev_m=4728; magt_c=-2.50; dem_minus_elev_m=-3
qtp_fu_temp,KLS-1,Kunlun Mt. KLS-1,35.6511,94.0638167,2003,,164.0,borehole_temp,temp_derived,1,China,Tibet,"Fu, Ziteng (2025). Permafrost ground temperature and active layer thickness data on the Qinghai–Tibet Plateau (2001–2020). figshare. Dataset. https://doi.org/10.6084/m9.figshare.29206613.v1",CC BY 4.0,QTEC,,none,annual_value,,,,1.7e-05,,,0,,,ok,locality=Kunlun Mt.; elev_m=4728; magt_c=-2.50; dem_minus_elev_m=-3
qtp_fu_temp,KLS-1,Kunlun Mt. KLS-1,35.6511,94.0638167,2004,,151.0,borehole_temp,temp_derived,1,China,Tibet,"Fu, Ziteng (2025). Permafrost ground temperature and active layer thickness data on the Qinghai–Tibet Plateau (2001–2020). figshare. Dataset. https://doi.org/10.6084/m9.figshare.29206613.v1",CC BY 4.0,QTEC,,none,annual_value,,,,1.7e-05,,,0,,,ok,locality=Kunlun Mt.; elev_m=4728; magt_c=-2.50; dem_minus_elev_m=-3
qtp_fu_temp,KLS-1,Kunlun Mt. KLS-1,35.6511,94.0638167,2005,,166.0,borehole_temp,temp_derived,1,China,Tibet,"Fu, Ziteng (2025). Permafrost ground temperature and active layer thickness data on the Qinghai–Tibet Plateau (2001–2020). figshare. Dataset. https://doi.org/10.6084/m9.figshare.29206613.v1",CC BY 4.0,QTEC,,none,annual_value,,,,1.7e-05,,,0,,,ok,locality=Kunlun Mt.; elev_m=4728; magt_c=-2.50; dem_minus_elev_m=-3
qtp_fu_temp,KLS-1,Kunlun Mt. KLS-1,35.6511,94.0638167,2006,,168.0,borehole_temp,temp_derived,1,China,Tibet,"Fu, Ziteng (2025). Permafrost ground temperature and active layer thickness data on the Qinghai–Tibet Plateau (2001–2020). figshare. Dataset. https://doi.org/10.6084/m9.figshare.29206613.v1",CC BY 4.0,QTEC,,none,annual_value,,,,1.7e-05,,,0,,,ok,locality=Kunlun Mt.; elev_m=4728; magt_c=-2.50; dem_minus_elev_m=-3
qtp_fu_temp,KLS-1,Kunlun Mt. KLS-1,35.6511,94.0638167,2007,,171.0,borehole_temp,temp_derived,1,China,Tibet,"Fu, Ziteng (2025). Permafrost ground temperature and active layer thickness data on the Qinghai–Tibet Plateau (2001–2020). figshare. Dataset. https://doi.org/10.6084/m9.figshare.29206613.v1",CC BY 4.0,QTEC,,none,annual_value,,,,1.7e-05,,,0,,,ok,locality=Kunlun Mt.; elev_m=4728; magt_c=-2.50; dem_minus_elev_m=-3
qtp_fu_temp,KLS-1,Kunlun Mt. KLS-1,35.6511,94.0638167,2008,,166.0,borehole_temp,temp_derived,1,China,Tibet,"Fu, Ziteng (2025). Permafrost ground temperature and active layer thickness data on the Qinghai–Tibet Plateau (2001–2020). figshare. Dataset. https://doi.org/10.6084/m9.figshare.29206613.v1",CC BY 4.0,QTEC,,none,annual_value,,,,1.7e-05,,,0,,,ok,locality=Kunlun Mt.; elev_m=4728; magt_c=-2.50; dem_minus_elev_m=-3
qtp_fu_temp,KLS-1,Kunlun Mt. KLS-1,35.6511,94.0638167,2009,,167.0,borehole_temp,temp_derived,1,China,Tibet,"Fu, Ziteng (2025). Permafrost ground temperature and active layer thickness data on the Qinghai–Tibet Plateau (2001–2020). figshare. Dataset. https://doi.org/10.6084/m9.figshare.29206613.v1",CC BY 4.0,QTEC,,none,annual_value,,,,1.7e-05,,,0,,,ok,locality=Kunlun Mt.; elev_m=4728; magt_c=-2.50; dem_minus_elev_m=-3
qtp_fu_temp,KLS-1,Kunlun Mt. KLS-1,35.6511,94.0638167,2010,,176.0,borehole_temp,temp_derived,1,China,Tibet,"Fu, Ziteng (2025). Permafrost ground temperature and active layer thickness data on the Qinghai–Tibet Plateau (2001–2020). figshare. Dataset. https://doi.org/10.6084/m9.figshare.29206613.v1",CC BY 4.0,QTEC,,none,annual_value,,,,1.7e-05,,,0,,,ok,locality=Kunlun Mt.; elev_m=4728; magt_c=-2.50; dem_minus_elev_m=-3
qtp_fu_temp,KLS-1,Kunlun Mt. KLS-1,35.6511,94.0638167,2011,,175.0,borehole_temp,temp_derived,1,China,Tibet,"Fu, Ziteng (2025). Permafrost ground temperature and active layer thickness data on the Qinghai–Tibet Plateau (2001–2020). figshare. Dataset. https://doi.org/10.6084/m9.figshare.29206613.v1",CC BY 4.0,QTEC,,none,annual_value,,,,1.7e-05,,,0,,,ok,locality=Kunlun Mt.; elev_m=4728; magt_c=-2.50; dem_minus_elev_m=-3
qtp_fu_temp,KLS-1,Kunlun Mt. KLS-1,35.6511,94.0638167,2012,,175.0,borehole_temp,temp_derived,1,China,Tibet,"Fu, Ziteng (2025). Permafrost ground temperature and active layer thickness data on the Qinghai–Tibet Plateau (2001–2020). figshare. Dataset. https://doi.org/10.6084/m9.figshare.29206613.v1",CC BY 4.0,QTEC,,none,annual_value,,,,1.7e-05,,,0,,,ok,locality=Kunlun Mt.; elev_m=4728; magt_c=-2.50; dem_minus_elev_m=-3
qtp_fu_temp,KLS-1,Kunlun Mt. KLS-1,35.6511,94.0638167,2013,,181.0,borehole_temp,temp_derived,1,China,Tibet,"Fu, Ziteng (2025). Permafrost ground temperature and active layer thickness data on the Qinghai–Tibet Plateau (2001–2020). figshare. Dataset. https://doi.org/10.6084/m9.figshare.29206613.v1",CC BY 4.0,QTEC,,none,annual_value,,,,1.7e-05,,,0,,,ok,locality=Kunlun Mt.; elev_m=4728; magt_c=-2.50; dem_minus_elev_m=-3
qtp_fu_temp,KLS-1,Kunlun Mt. KLS-1,35.6511,94.0638167,2014,,182.0,borehole_temp,temp_derived,1,China,Tibet,"Fu, Ziteng (2025). Permafrost ground temperature and active layer thickness data on the Qinghai–Tibet Plateau (2001–2020). figshare. Dataset. https://doi.org/10.6084/m9.figshare.29206613.v1",CC BY 4.0,QTEC,,none,annual_value,,,,1.7e-05,,,0,,,ok,locality=Kunlun Mt.; elev_m=4728; magt_c=-2.50; dem_minus_elev_m=-3
qtp_fu_temp,KLS-1,Kunlun Mt. KLS-1,35.6511,94.0638167,2015,,183.0,borehole_temp,temp_derived,1,China,Tibet,"Fu, Ziteng (2025). Permafrost ground temperature and active layer thickness data on the Qinghai–Tibet Plateau (2001–2020). figshare. Dataset. https://doi.org/10.6084/m9.figshare.29206613.v1",CC BY 4.0,QTEC,,none,annual_value,,,,1.7e-05,,,0,,,ok,locality=Kunlun Mt.; elev_m=4728; magt_c=-2.50; dem_minus_elev_m=-3
qtp_fu_temp,KLS-1,Kunlun Mt. KLS-1,35.6511,94.0638167,2016,,190.0,borehole_temp,temp_derived,1,China,Tibet,"Fu, Ziteng (2025). Permafrost ground temperature and active layer thickness data on the Qinghai–Tibet Plateau (2001–2020). figshare. Dataset. https://doi.org/10.6084/m9.figshare.29206613.v1",CC BY 4.0,QTEC,,none,annual_value,,,,1.7e-05,,,0,,,ok,locality=Kunlun Mt.; elev_m=4728; magt_c=-2.50; dem_minus_elev_m=-3
qtp_fu_temp,KLS-1,Kunlun Mt. KLS-1,35.6511,94.0638167,2017,,187.0,borehole_temp,temp_derived,1,China,Tibet,"Fu, Ziteng (2025). Permafrost ground temperature and active layer thickness data on the Qinghai–Tibet Plateau (2001–2020). figshare. Dataset. https://doi.org/10.6084/m9.figshare.29206613.v1",CC BY 4.0,QTEC,,none,annual_value,,,,1.7e-05,,,0,,,ok,locality=Kunlun Mt.; elev_m=4728; magt_c=-2.50; dem_minus_elev_m=-3
qtp_fu_temp,KLS-1,Kunlun Mt. KLS-1,35.6511,94.0638167,2018,,191.0,borehole_temp,temp_derived,1,China,Tibet,"Fu, Ziteng (2025). Permafrost ground temperature and active layer thickness data on the Qinghai–Tibet Plateau (2001–2020). figshare. Dataset. https://doi.org/10.6084/m9.figshare.29206613.v1",CC BY 4.0,QTEC,,none,annual_value,,,,1.7e-05,,,0,,,ok,locality=Kunlun Mt.; elev_m=4728; magt_c=-2.50; dem_minus_elev_m=-3
qtp_fu_temp,KLS-1,Kunlun Mt. KLS-1,35.6511,94.0638167,2019,,185.0,borehole_temp,temp_derived,1,China,Tibet,"Fu, Ziteng (2025). Permafrost ground temperature and active layer thickness data on the Qinghai–Tibet Plateau (2001–2020). figshare. Dataset. https://doi.org/10.6084/m9.figshare.29206613.v1",CC BY 4.0,QTEC,,none,annual_value,,,,1.7e-05,,,0,,,ok,locality=Kunlun Mt.; elev_m=4728; magt_c=-2.50; dem_minus_elev_m=-3
qtp_fu_temp,KLS-1,Kunlun Mt. KLS-1,35.6511,94.0638167,2020,,183.0,borehole_temp,temp_derived,1,China,Tibet,"Fu, Ziteng (2025). Permafrost ground temperature and active layer thickness data on the Qinghai–Tibet Plateau (2001–2020). figshare. Dataset. https://doi.org/10.6084/m9.figshare.29206613.v1",CC BY 4.0,QTEC,,none,annual_value,,,,1.7e-05,,,0,,,ok,locality=Kunlun Mt.; elev_m=4728; magt_c=-2.50; dem_minus_elev_m=-3
qtp_fu_temp,KM2,Kunlunshan KM2,35.6171,94.05145,2001,,157.0,borehole_temp,temp_derived,1,China,Tibet,"Fu, Ziteng (2025). Permafrost ground temperature and active layer thickness data on the Qinghai–Tibet Plateau (2001–2020). figshare. Dataset. https://doi.org/10.6084/m9.figshare.29206613.v1",CC BY 4.0,QTEC,,none,annual_value,,,,1e-05,,,0,,,ok,locality=Kunlunshan; elev_m=4757; magt_c=-3.17; dem_minus_elev_m=-3
qtp_fu_temp,KM2,Kunlunshan KM2,35.6171,94.05145,2002,,156.0,borehole_temp,temp_derived,1,China,Tibet,"Fu, Ziteng (2025). Permafrost ground temperature and active layer thickness data on the Qinghai–Tibet Plateau (2001–2020). figshare. Dataset. https://doi.org/10.6084/m9.figshare.29206613.v1",CC BY 4.0,QTEC,,none,annual_value,,,,1e-05,,,0,,,ok,locality=Kunlunshan; elev_m=4757; magt_c=-3.17; dem_minus_elev_m=-3
qtp_fu_temp,KM2,Kunlunshan KM2,35.6171,94.05145,2003,,165.0,borehole_temp,temp_derived,1,China,Tibet,"Fu, Ziteng (2025). Permafrost ground temperature and active layer thickness data on the Qinghai–Tibet Plateau (2001–2020). figshare. Dataset. https://doi.org/10.6084/m9.figshare.29206613.v1",CC BY 4.0,QTEC,,none,annual_value,,,,1e-05,,,0,,,ok,locality=Kunlunshan; elev_m=4757; magt_c=-3.17; dem_minus_elev_m=-3
qtp_fu_temp,KM2,Kunlunshan KM2,35.6171,94.05145,2004,,166.0,borehole_temp,temp_derived,1,China,Tibet,"Fu, Ziteng (2025). Permafrost ground temperature and active layer thickness data on the Qinghai–Tibet Plateau (2001–2020). figshare. Dataset. https://doi.org/10.6084/m9.figshare.29206613.v1",CC BY 4.0,QTEC,,none,annual_value,,,,1e-05,,,0,,,ok,locality=Kunlunshan; elev_m=4757; magt_c=-3.17; dem_minus_elev_m=-3
qtp_fu_temp,KM2,Kunlunshan KM2,35.6171,94.05145,2005,,170.0,borehole_temp,temp_derived,1,China,Tibet,"Fu, Ziteng (2025). Permafrost ground temperature and active layer thickness data on the Qinghai–Tibet Plateau (2001–2020). figshare. Dataset. https://doi.org/10.6084/m9.figshare.29206613.v1",CC BY 4.0,QTEC,,none,annual_value,,,,1e-05,,,0,,,ok,locality=Kunlunshan; elev_m=4757; magt_c=-3.17; dem_minus_elev_m=-3
qtp_fu_temp,KM2,Kunlunshan KM2,35.6171,94.05145,2006,,188.0,borehole_temp,temp_derived,1,China,Tibet,"Fu, Ziteng (2025). Permafrost ground temperature and active layer thickness data on the Qinghai–Tibet Plateau (2001–2020). figshare. Dataset. https://doi.org/10.6084/m9.figshare.29206613.v1",CC BY 4.0,QTEC,,none,annual_value,,,,1e-05,,,0,,,ok,locality=Kunlunshan; elev_m=4757; magt_c=-3.17; dem_minus_elev_m=-3
qtp_fu_temp,KM2,Kunlunshan KM2,35.6171,94.05145,2007,,180.0,borehole_temp,temp_derived,1,China,Tibet,"Fu, Ziteng (2025). Permafrost ground temperature and active layer thickness data on the Qinghai–Tibet Plateau (2001–2020). figshare. Dataset. https://doi.org/10.6084/m9.figshare.29206613.v1",CC BY 4.0,QTEC,,none,annual_value,,,,1e-05,,,0,,,ok,locality=Kunlunshan; elev_m=4757; magt_c=-3.17; dem_minus_elev_m=-3
qtp_fu_temp,KM2,Kunlunshan KM2,35.6171,94.05145,2008,,171.0,borehole_temp,temp_derived,1,China,Tibet,"Fu, Ziteng (2025). Permafrost ground temperature and active layer thickness data on the Qinghai–Tibet Plateau (2001–2020). figshare. Dataset. https://doi.org/10.6084/m9.figshare.29206613.v1",CC BY 4.0,QTEC,,none,annual_value,,,,1e-05,,,0,,,ok,locality=Kunlunshan; elev_m=4757; magt_c=-3.17; dem_minus_elev_m=-3
qtp_fu_temp,KM2,Kunlunshan KM2,35.6171,94.05145,2009,,178.0,borehole_temp,temp_derived,1,China,Tibet,"Fu, Ziteng (2025). Permafrost ground temperature and active layer thickness data on the Qinghai–Tibet Plateau (2001–2020). figshare. Dataset. https://doi.org/10.6084/m9.figshare.29206613.v1",CC BY 4.0,QTEC,,none,annual_value,,,,1e-05,,,0,,,ok,locality=Kunlunshan; elev_m=4757; magt_c=-3.17; dem_minus_elev_m=-3
qtp_fu_temp,KM2,Kunlunshan KM2,35.6171,94.05145,2010,,194.0,borehole_temp,temp_derived,1,China,Tibet,"Fu, Ziteng (2025). Permafrost ground temperature and active layer thickness data on the Qinghai–Tibet Plateau (2001–2020). figshare. Dataset. https://doi.org/10.6084/m9.figshare.29206613.v1",CC BY 4.0,QTEC,,none,annual_value,,,,1e-05,,,0,,,ok,locality=Kunlunshan; elev_m=4757; magt_c=-3.17; dem_minus_elev_m=-3
qtp_fu_temp,KM2,Kunlunshan KM2,35.6171,94.05145,2011,,179.0,borehole_temp,temp_derived,1,China,Tibet,"Fu, Ziteng (2025). Permafrost ground temperature and active layer thickness data on the Qinghai–Tibet Plateau (2001–2020). figshare. Dataset. https://doi.org/10.6084/m9.figshare.29206613.v1",CC BY 4.0,QTEC,,none,annual_value,,,,1e-05,,,0,,,ok,locality=Kunlunshan; elev_m=4757; magt_c=-3.17; dem_minus_elev_m=-3
qtp_fu_temp,KM2,Kunlunshan KM2,35.6171,94.05145,2012,,179.0,borehole_temp,temp_derived,1,China,Tibet,"Fu, Ziteng (2025). Permafrost ground temperature and active layer thickness data on the Qinghai–Tibet Plateau (2001–2020). figshare. Dataset. https://doi.org/10.6084/m9.figshare.29206613.v1",CC BY 4.0,QTEC,,none,annual_value,,,,1e-05,,,0,,,ok,locality=Kunlunshan; elev_m=4757; magt_c=-3.17; dem_minus_elev_m=-3
qtp_fu_temp,KM2,Kunlunshan KM2,35.6171,94.05145,2013,,189.0,borehole_temp,temp_derived,1,China,Tibet,"Fu, Ziteng (2025). Permafrost ground temperature and active layer thickness data on the Qinghai–Tibet Plateau (2001–2020). figshare. Dataset. https://doi.org/10.6084/m9.figshare.29206613.v1",CC BY 4.0,QTEC,,none,annual_value,,,,1e-05,,,0,,,ok,locality=Kunlunshan; elev_m=4757; magt_c=-3.17; dem_minus_elev_m=-3
qtp_fu_temp,KM2,Kunlunshan KM2,35.6171,94.05145,2014,,183.0,borehole_temp,temp_derived,1,China,Tibet,"Fu, Ziteng (2025). Permafrost ground temperature and active layer thickness data on the Qinghai–Tibet Plateau (2001–2020). figshare. Dataset. https://doi.org/10.6084/m9.figshare.29206613.v1",CC BY 4.0,QTEC,,none,annual_value,,,,1e-05,,,0,,,ok,locality=Kunlunshan; elev_m=4757; magt_c=-3.17; dem_minus_elev_m=-3
qtp_fu_temp,KM2,Kunlunshan KM2,35.6171,94.05145,2015,,186.0,borehole_temp,temp_derived,1,China,Tibet,"Fu, Ziteng (2025). Permafrost ground temperature and active layer thickness data on the Qinghai–Tibet Plateau (2001–2020). figshare. Dataset. https://doi.org/10.6084/m9.figshare.29206613.v1",CC BY 4.0,QTEC,,none,annual_value,,,,1e-05,,,0,,,ok,locality=Kunlunshan; elev_m=4757; magt_c=-3.17; dem_minus_elev_m=-3
qtp_fu_temp,KM2,Kunlunshan KM2,35.6171,94.05145,2016,,200.0,borehole_temp,temp_derived,1,China,Tibet,"Fu, Ziteng (2025). Permafrost ground temperature and active layer thickness data on the Qinghai–Tibet Plateau (2001–2020). figshare. Dataset. https://doi.org/10.6084/m9.figshare.29206613.v1",CC BY 4.0,QTEC,,none,annual_value,,,,1e-05,,,0,,,ok,locality=Kunlunshan; elev_m=4757; magt_c=-3.17; dem_minus_elev_m=-3
qtp_fu_temp,KM2,Kunlunshan KM2,35.6171,94.05145,2017,,190.0,borehole_temp,temp_derived,1,China,Tibet,"Fu, Ziteng (2025). Permafrost ground temperature and active layer thickness data on the Qinghai–Tibet Plateau (2001–2020). figshare. Dataset. https://doi.org/10.6084/m9.figshare.29206613.v1",CC BY 4.0,QTEC,,none,annual_value,,,,1e-05,,,0,,,ok,locality=Kunlunshan; elev_m=4757; magt_c=-3.17; dem_minus_elev_m=-3
qtp_fu_temp,KM2,Kunlunshan KM2,35.6171,94.05145,2018,,198.0,borehole_temp,temp_derived,1,China,Tibet,"Fu, Ziteng (2025). Permafrost ground temperature and active layer thickness data on the Qinghai–Tibet Plateau (2001–2020). figshare. Dataset. https://doi.org/10.6084/m9.figshare.29206613.v1",CC BY 4.0,QTEC,,none,annual_value,,,,1e-05,,,0,,,ok,locality=Kunlunshan; elev_m=4757; magt_c=-3.17; dem_minus_elev_m=-3
qtp_fu_temp,KM2,Kunlunshan KM2,35.6171,94.05145,2019,,226.0,borehole_temp,temp_derived,1,China,Tibet,"Fu, Ziteng (2025). Permafrost ground temperature and active layer thickness data on the Qinghai–Tibet Plateau (2001–2020). figshare. Dataset. https://doi.org/10.6084/m9.figshare.29206613.v1",CC BY 4.0,QTEC,,none,annual_value,,,,1e-05,,,0,,,ok,locality=Kunlunshan; elev_m=4757; magt_c=-3.17; dem_minus_elev_m=-3
qtp_fu_temp,KM2,Kunlunshan KM2,35.6171,94.05145,2020,,234.0,borehole_temp,temp_derived,1,China,Tibet,"Fu, Ziteng (2025). Permafrost ground temperature and active layer thickness data on the Qinghai–Tibet Plateau (2001–2020). figshare. Dataset. https://doi.org/10.6084/m9.figshare.29206613.v1",CC BY 4.0,QTEC,,none,annual_value,,,,1e-05,,,0,,,ok,locality=Kunlunshan; elev_m=4757; magt_c=-3.17; dem_minus_elev_m=-3
qtp_fu_temp,BD1,Budongquan BD1,35.5518333,93.963333,2001,,219.0,borehole_temp,temp_derived,1,China,Tibet,"Fu, Ziteng (2025). Permafrost ground temperature and active layer thickness data on the Qinghai–Tibet Plateau (2001–2020). figshare. Dataset. https://doi.org/10.6084/m9.figshare.29206613.v1",CC BY 4.0,QTEC,,none,annual_value,,,,0.00017,,,0,,,ok,locality=Budongquan; elev_m=4636; magt_c=-0.60; dem_minus_elev_m=+2
qtp_fu_temp,BD1,Budongquan BD1,35.5518333,93.963333,2002,,231.0,borehole_temp,temp_derived,1,China,Tibet,"Fu, Ziteng (2025). Permafrost ground temperature and active layer thickness data on the Qinghai–Tibet Plateau (2001–2020). figshare. Dataset. https://doi.org/10.6084/m9.figshare.29206613.v1",CC BY 4.0,QTEC,,none,annual_value,,,,0.00017,,,0,,,ok,locality=Budongquan; elev_m=4636; magt_c=-0.60; dem_minus_elev_m=+2
qtp_fu_temp,BD1,Budongquan BD1,35.5518333,93.963333,2003,,224.0,borehole_temp,temp_derived,1,China,Tibet,"Fu, Ziteng (2025). Permafrost ground temperature and active layer thickness data on the Qinghai–Tibet Plateau (2001–2020). figshare. Dataset. https://doi.org/10.6084/m9.figshare.29206613.v1",CC BY 4.0,QTEC,,none,annual_value,,,,0.00017,,,0,,,ok,locality=Budongquan; elev_m=4636; magt_c=-0.60; dem_minus_elev_m=+2
qtp_fu_temp,BD1,Budongquan BD1,35.5518333,93.963333,2004,,230.0,borehole_temp,temp_derived,1,China,Tibet,"Fu, Ziteng (2025). Permafrost ground temperature and active layer thickness data on the Qinghai–Tibet Plateau (2001–2020). figshare. Dataset. https://doi.org/10.6084/m9.figshare.29206613.v1",CC BY 4.0,QTEC,,none,annual_value,,,,0.00017,,,0,,,ok,locality=Budongquan; elev_m=4636; magt_c=-0.60; dem_minus_elev_m=+2
qtp_fu_temp,BD1,Budongquan BD1,35.5518333,93.963333,2005,,229.0,borehole_temp,temp_derived,1,China,Tibet,"Fu, Ziteng (2025). Permafrost ground temperature and active layer thickness data on the Qinghai–Tibet Plateau (2001–2020). figshare. Dataset. https://doi.org/10.6084/m9.figshare.29206613.v1",CC BY 4.0,QTEC,,none,annual_value,,,,0.00017,,,0,,,ok,locality=Budongquan; elev_m=4636; magt_c=-0.60; dem_minus_elev_m=+2
qtp_fu_temp,BD1,Budongquan BD1,35.5518333,93.963333,2006,,245.0,borehole_temp,temp_derived,1,China,Tibet,"Fu, Ziteng (2025). Permafrost ground temperature and active layer thickness data on the Qinghai–Tibet Plateau (2001–2020). figshare. Dataset. https://doi.org/10.6084/m9.figshare.29206613.v1",CC BY 4.0,QTEC,,none,annual_value,,,,0.00017,,,0,,,ok,locality=Budongquan; elev_m=4636; magt_c=-0.60; dem_minus_elev_m=+2
qtp_fu_temp,BD1,Budongquan BD1,35.5518333,93.963333,2007,,246.0,borehole_temp,temp_derived,1,China,Tibet,"Fu, Ziteng (2025). Permafrost ground temperature and active layer thickness data on the Qinghai–Tibet Plateau (2001–2020). figshare. Dataset. https://doi.org/10.6084/m9.figshare.29206613.v1",CC BY 4.0,QTEC,,none,annual_value,,,,0.00017,,,0,,,ok,locality=Budongquan; elev_m=4636; magt_c=-0.60; dem_minus_elev_m=+2
qtp_fu_temp,BD1,Budongquan BD1,35.5518333,93.963333,2008,,242.0,borehole_temp,temp_derived,1,China,Tibet,"Fu, Ziteng (2025). Permafrost ground temperature and active layer thickness data on the Qinghai–Tibet Plateau (2001–2020). figshare. Dataset. https://doi.org/10.6084/m9.figshare.29206613.v1",CC BY 4.0,QTEC,,none,annual_value,,,,0.00017,,,0,,,ok,locality=Budongquan; elev_m=4636; magt_c=-0.60; dem_minus_elev_m=+2
qtp_fu_temp,BD1,Budongquan BD1,35.5518333,93.963333,2009,,247.0,borehole_temp,temp_derived,1,China,Tibet,"Fu, Ziteng (2025). Permafrost ground temperature and active layer thickness data on the Qinghai–Tibet Plateau (2001–2020). figshare. Dataset. https://doi.org/10.6084/m9.figshare.29206613.v1",CC BY 4.0,QTEC,,none,annual_value,,,,0.00017,,,0,,,ok,locality=Budongquan; elev_m=4636; magt_c=-0.60; dem_minus_elev_m=+2
qtp_fu_temp,BD1,Budongquan BD1,35.5518333,93.963333,2010,,273.0,borehole_temp,temp_derived,1,China,Tibet,"Fu, Ziteng (2025). Permafrost ground temperature and active layer thickness data on the Qinghai–Tibet Plateau (2001–2020). figshare. Dataset. https://doi.org/10.6084/m9.figshare.29206613.v1",CC BY 4.0,QTEC,,none,annual_value,,,,0.00017,,,0,,,ok,locality=Budongquan; elev_m=4636; magt_c=-0.60; dem_minus_elev_m=+2
qtp_fu_temp,BD1,Budongquan BD1,35.5518333,93.963333,2011,,263.0,borehole_temp,temp_derived,1,China,Tibet,"Fu, Ziteng (2025). Permafrost ground temperature and active layer thickness data on the Qinghai–Tibet Plateau (2001–2020). figshare. Dataset. https://doi.org/10.6084/m9.figshare.29206613.v1",CC BY 4.0,QTEC,,none,annual_value,,,,0.00017,,,0,,,ok,locality=Budongquan; elev_m=4636; magt_c=-0.60; dem_minus_elev_m=+2
qtp_fu_temp,BD1,Budongquan BD1,35.5518333,93.963333,2012,,266.0,borehole_temp,temp_derived,1,China,Tibet,"Fu, Ziteng (2025). Permafrost ground temperature and active layer thickness data on the Qinghai–Tibet Plateau (2001–2020). figshare. Dataset. https://doi.org/10.6084/m9.figshare.29206613.v1",CC BY 4.0,QTEC,,none,annual_value,,,,0.00017,,,0,,,ok,locality=Budongquan; elev_m=4636; magt_c=-0.60; dem_minus_elev_m=+2
qtp_fu_temp,BD1,Budongquan BD1,35.5518333,93.963333,2013,,281.0,borehole_temp,temp_derived,1,China,Tibet,"Fu, Ziteng (2025). Permafrost ground temperature and active layer thickness data on the Qinghai–Tibet Plateau (2001–2020). figshare. Dataset. https://doi.org/10.6084/m9.figshare.29206613.v1",CC BY 4.0,QTEC,,none,annual_value,,,,0.00017,,,0,,,ok,locality=Budongquan; elev_m=4636; magt_c=-0.60; dem_minus_elev_m=+2
qtp_fu_temp,BD1,Budongquan BD1,35.5518333,93.963333,2014,,264.0,borehole_temp,temp_derived,1,China,Tibet,"Fu, Ziteng (2025). Permafrost ground temperature and active layer thickness data on the Qinghai–Tibet Plateau (2001–2020). figshare. Dataset. https://doi.org/10.6084/m9.figshare.29206613.v1",CC BY 4.0,QTEC,,none,annual_value,,,,0.00017,,,0,,,ok,locality=Budongquan; elev_m=4636; magt_c=-0.60; dem_minus_elev_m=+2
qtp_fu_temp,BD1,Budongquan BD1,35.5518333,93.963333,2015,,282.0,borehole_temp,temp_derived,1,China,Tibet,"Fu, Ziteng (2025). Permafrost ground temperature and active layer thickness data on the Qinghai–Tibet Plateau (2001–2020). figshare. Dataset. https://doi.org/10.6084/m9.figshare.29206613.v1",CC BY 4.0,QTEC,,none,annual_value,,,,0.00017,,,0,,,ok,locality=Budongquan; elev_m=4636; magt_c=-0.60; dem_minus_elev_m=+2
qtp_fu_temp,BD1,Budongquan BD1,35.5518333,93.963333,2016,,294.0,borehole_temp,temp_derived,1,China,Tibet,"Fu, Ziteng (2025). Permafrost ground temperature and active layer thickness data on the Qinghai–Tibet Plateau (2001–2020). figshare. Dataset. https://doi.org/10.6084/m9.figshare.29206613.v1",CC BY 4.0,QTEC,,none,annual_value,,,,0.00017,,,0,,,ok,locality=Budongquan; elev_m=4636; magt_c=-0.60; dem_minus_elev_m=+2
qtp_fu_temp,BD1,Budongquan BD1,35.5518333,93.963333,2017,,312.0,borehole_temp,temp_derived,1,China,Tibet,"Fu, Ziteng (2025). Permafrost ground temperature and active layer thickness data on the Qinghai–Tibet Plateau (2001–2020). figshare. Dataset. https://doi.org/10.6084/m9.figshare.29206613.v1",CC BY 4.0,QTEC,,none,annual_value,,,,0.00017,,,0,,,ok,locality=Budongquan; elev_m=4636; magt_c=-0.60; dem_minus_elev_m=+2
qtp_fu_temp,BD1,Budongquan BD1,35.5518333,93.963333,2018,,327.0,borehole_temp,temp_derived,1,China,Tibet,"Fu, Ziteng (2025). Permafrost ground temperature and active layer thickness data on the Qinghai–Tibet Plateau (2001–2020). figshare. Dataset. https://doi.org/10.6084/m9.figshare.29206613.v1",CC BY 4.0,QTEC,,none,annual_value,,,,0.00017,,,0,,,ok,locality=Budongquan; elev_m=4636; magt_c=-0.60; dem_minus_elev_m=+2
qtp_fu_temp,BD1,Budongquan BD1,35.5518333,93.963333,2019,,315.0,borehole_temp,temp_derived,1,China,Tibet,"Fu, Ziteng (2025). Permafrost ground temperature and active layer thickness data on the Qinghai–Tibet Plateau (2001–2020). figshare. Dataset. https://doi.org/10.6084/m9.figshare.29206613.v1",CC BY 4.0,QTEC,,none,annual_value,,,,0.00017,,,0,,,ok,locality=Budongquan; elev_m=4636; magt_c=-0.60; dem_minus_elev_m=+2
qtp_fu_temp,BD1,Budongquan BD1,35.5518333,93.963333,2020,,306.0,borehole_temp,temp_derived,1,China,Tibet,"Fu, Ziteng (2025). Permafrost ground temperature and active layer thickness data on the Qinghai–Tibet Plateau (2001–2020). figshare. Dataset. https://doi.org/10.6084/m9.figshare.29206613.v1",CC BY 4.0,QTEC,,none,annual_value,,,,0.00017,,,0,,,ok,locality=Budongquan; elev_m=4636; magt_c=-0.60; dem_minus_elev_m=+2
qtp_fu_temp,XSH-1,Xieshuihe XSH-1,35.5200667,93.7638167,2001,,146.0,borehole_temp,temp_derived,1,China,Tibet,"Fu, Ziteng (2025). Permafrost ground temperature and active layer thickness data on the Qinghai–Tibet Plateau (2001–2020). figshare. Dataset. https://doi.org/10.6084/m9.figshare.29206613.v1",CC BY 4.0,QTEC,,none,annual_value,,,,1.7e-05,,,0,,,ok,locality=Xieshuihe; elev_m=4572; magt_c=-1.64; dem_minus_elev_m=-4
qtp_fu_temp,XSH-1,Xieshuihe XSH-1,35.5200667,93.7638167,2002,,144.0,borehole_temp,temp_derived,1,China,Tibet,"Fu, Ziteng (2025). Permafrost ground temperature and active layer thickness data on the Qinghai–Tibet Plateau (2001–2020). figshare. Dataset. https://doi.org/10.6084/m9.figshare.29206613.v1",CC BY 4.0,QTEC,,none,annual_value,,,,1.7e-05,,,0,,,ok,locality=Xieshuihe; elev_m=4572; magt_c=-1.64; dem_minus_elev_m=-4
qtp_fu_temp,XSH-1,Xieshuihe XSH-1,35.5200667,93.7638167,2003,,140.0,borehole_temp,temp_derived,1,China,Tibet,"Fu, Ziteng (2025). Permafrost ground temperature and active layer thickness data on the Qinghai–Tibet Plateau (2001–2020). figshare. Dataset. https://doi.org/10.6084/m9.figshare.29206613.v1",CC BY 4.0,QTEC,,none,annual_value,,,,1.7e-05,,,0,,,ok,locality=Xieshuihe; elev_m=4572; magt_c=-1.64; dem_minus_elev_m=-4
qtp_fu_temp,XSH-1,Xieshuihe XSH-1,35.5200667,93.7638167,2004,,160.0,borehole_temp,temp_derived,1,China,Tibet,"Fu, Ziteng (2025). Permafrost ground temperature and active layer thickness data on the Qinghai–Tibet Plateau (2001–2020). figshare. Dataset. https://doi.org/10.6084/m9.figshare.29206613.v1",CC BY 4.0,QTEC,,none,annual_value,,,,1.7e-05,,,0,,,ok,locality=Xieshuihe; elev_m=4572; magt_c=-1.64; dem_minus_elev_m=-4
qtp_fu_temp,XSH-1,Xieshuihe XSH-1,35.5200667,93.7638167,2005,,170.0,borehole_temp,temp_derived,1,China,Tibet,"Fu, Ziteng (2025). Permafrost ground temperature and active layer thickness data on the Qinghai–Tibet Plateau (2001–2020). figshare. Dataset. https://doi.org/10.6084/m9.figshare.29206613.v1",CC BY 4.0,QTEC,,none,annual_value,,,,1.7e-05,,,0,,,ok,locality=Xieshuihe; elev_m=4572; magt_c=-1.64; dem_minus_elev_m=-4
qtp_fu_temp,XSH-1,Xieshuihe XSH-1,35.5200667,93.7638167,2006,,181.0,borehole_temp,temp_derived,1,China,Tibet,"Fu, Ziteng (2025). Permafrost ground temperature and active layer thickness data on the Qinghai–Tibet Plateau (2001–2020). figshare. Dataset. https://doi.org/10.6084/m9.figshare.29206613.v1",CC BY 4.0,QTEC,,none,annual_value,,,,1.7e-05,,,0,,,ok,locality=Xieshuihe; elev_m=4572; magt_c=-1.64; dem_minus_elev_m=-4
qtp_fu_temp,XSH-1,Xieshuihe XSH-1,35.5200667,93.7638167,2007,,181.0,borehole_temp,temp_derived,1,China,Tibet,"Fu, Ziteng (2025). Permafrost ground temperature and active layer thickness data on the Qinghai–Tibet Plateau (2001–2020). figshare. Dataset. https://doi.org/10.6084/m9.figshare.29206613.v1",CC BY 4.0,QTEC,,none,annual_value,,,,1.7e-05,,,0,,,ok,locality=Xieshuihe; elev_m=4572; magt_c=-1.64; dem_minus_elev_m=-4
qtp_fu_temp,XSH-1,Xieshuihe XSH-1,35.5200667,93.7638167,2008,,169.0,borehole_temp,temp_derived,1,China,Tibet,"Fu, Ziteng (2025). Permafrost ground temperature and active layer thickness data on the Qinghai–Tibet Plateau (2001–2020). figshare. Dataset. https://doi.org/10.6084/m9.figshare.29206613.v1",CC BY 4.0,QTEC,,none,annual_value,,,,1.7e-05,,,0,,,ok,locality=Xieshuihe; elev_m=4572; magt_c=-1.64; dem_minus_elev_m=-4
qtp_fu_temp,XSH-1,Xieshuihe XSH-1,35.5200667,93.7638167,2009,,174.0,borehole_temp,temp_derived,1,China,Tibet,"Fu, Ziteng (2025). Permafrost ground temperature and active layer thickness data on the Qinghai–Tibet Plateau (2001–2020). figshare. Dataset. https://doi.org/10.6084/m9.figshare.29206613.v1",CC BY 4.0,QTEC,,none,annual_value,,,,1.7e-05,,,0,,,ok,locality=Xieshuihe; elev_m=4572; magt_c=-1.64; dem_minus_elev_m=-4
qtp_fu_temp,XSH-1,Xieshuihe XSH-1,35.5200667,93.7638167,2010,,182.0,borehole_temp,temp_derived,1,China,Tibet,"Fu, Ziteng (2025). Permafrost ground temperature and active layer thickness data on the Qinghai–Tibet Plateau (2001–2020). figshare. Dataset. https://doi.org/10.6084/m9.figshare.29206613.v1",CC BY 4.0,QTEC,,none,annual_value,,,,1.7e-05,,,0,,,ok,locality=Xieshuihe; elev_m=4572; magt_c=-1.64; dem_minus_elev_m=-4
qtp_fu_temp,XSH-1,Xieshuihe XSH-1,35.5200667,93.7638167,2011,,182.0,borehole_temp,temp_derived,1,China,Tibet,"Fu, Ziteng (2025). Permafrost ground temperature and active layer thickness data on the Qinghai–Tibet Plateau (2001–2020). figshare. Dataset. https://doi.org/10.6084/m9.figshare.29206613.v1",CC BY 4.0,QTEC,,none,annual_value,,,,1.7e-05,,,0,,,ok,locality=Xieshuihe; elev_m=4572; magt_c=-1.64; dem_minus_elev_m=-4
qtp_fu_temp,XSH-1,Xieshuihe XSH-1,35.5200667,93.7638167,2012,,184.0,borehole_temp,temp_derived,1,China,Tibet,"Fu, Ziteng (2025). Permafrost ground temperature and active layer thickness data on the Qinghai–Tibet Plateau (2001–2020). figshare. Dataset. https://doi.org/10.6084/m9.figshare.29206613.v1",CC BY 4.0,QTEC,,none,annual_value,,,,1.7e-05,,,0,,,ok,locality=Xieshuihe; elev_m=4572; magt_c=-1.64; dem_minus_elev_m=-4
qtp_fu_temp,XSH-1,Xieshuihe XSH-1,35.5200667,93.7638167,2013,,188.0,borehole_temp,temp_derived,1,China,Tibet,"Fu, Ziteng (2025). Permafrost ground temperature and active layer thickness data on the Qinghai–Tibet Plateau (2001–2020). figshare. Dataset. https://doi.org/10.6084/m9.figshare.29206613.v1",CC BY 4.0,QTEC,,none,annual_value,,,,1.7e-05,,,0,,,ok,locality=Xieshuihe; elev_m=4572; magt_c=-1.64; dem_minus_elev_m=-4
qtp_fu_temp,XSH-1,Xieshuihe XSH-1,35.5200667,93.7638167,2014,,183.0,borehole_temp,temp_derived,1,China,Tibet,"Fu, Ziteng (2025). Permafrost ground temperature and active layer thickness data on the Qinghai–Tibet Plateau (2001–2020). figshare. Dataset. https://doi.org/10.6084/m9.figshare.29206613.v1",CC BY 4.0,QTEC,,none,annual_value,,,,1.7e-05,,,0,,,ok,locality=Xieshuihe; elev_m=4572; magt_c=-1.64; dem_minus_elev_m=-4
qtp_fu_temp,XSH-1,Xieshuihe XSH-1,35.5200667,93.7638167,2015,,190.0,borehole_temp,temp_derived,1,China,Tibet,"Fu, Ziteng (2025). Permafrost ground temperature and active layer thickness data on the Qinghai–Tibet Plateau (2001–2020). figshare. Dataset. https://doi.org/10.6084/m9.figshare.29206613.v1",CC BY 4.0,QTEC,,none,annual_value,,,,1.7e-05,,,0,,,ok,locality=Xieshuihe; elev_m=4572; magt_c=-1.64; dem_minus_elev_m=-4
qtp_fu_temp,XSH-1,Xieshuihe XSH-1,35.5200667,93.7638167,2016,,210.0,borehole_temp,temp_derived,1,China,Tibet,"Fu, Ziteng (2025). Permafrost ground temperature and active layer thickness data on the Qinghai–Tibet Plateau (2001–2020). figshare. Dataset. https://doi.org/10.6084/m9.figshare.29206613.v1",CC BY 4.0,QTEC,,none,annual_value,,,,1.7e-05,,,0,,,ok,locality=Xieshuihe; elev_m=4572; magt_c=-1.64; dem_minus_elev_m=-4
qtp_fu_temp,XSH-1,Xieshuihe XSH-1,35.5200667,93.7638167,2017,,196.0,borehole_temp,temp_derived,1,China,Tibet,"Fu, Ziteng (2025). Permafrost ground temperature and active layer thickness data on the Qinghai–Tibet Plateau (2001–2020). figshare. Dataset. https://doi.org/10.6084/m9.figshare.29206613.v1",CC BY 4.0,QTEC,,none,annual_value,,,,1.7e-05,,,0,,,ok,locality=Xieshuihe; elev_m=4572; magt_c=-1.64; dem_minus_elev_m=-4
qtp_fu_temp,XSH-1,Xieshuihe XSH-1,35.5200667,93.7638167,2018,,202.0,borehole_temp,temp_derived,1,China,Tibet,"Fu, Ziteng (2025). Permafrost ground temperature and active layer thickness data on the Qinghai–Tibet Plateau (2001–2020). figshare. Dataset. https://doi.org/10.6084/m9.figshare.29206613.v1",CC BY 4.0,QTEC,,none,annual_value,,,,1.7e-05,,,0,,,ok,locality=Xieshuihe; elev_m=4572; magt_c=-1.64; dem_minus_elev_m=-4
qtp_fu_temp,XSH-1,Xieshuihe XSH-1,35.5200667,93.7638167,2019,,241.0,borehole_temp,temp_derived,1,China,Tibet,"Fu, Ziteng (2025). Permafrost ground temperature and active layer thickness data on the Qinghai–Tibet Plateau (2001–2020). figshare. Dataset. https://doi.org/10.6084/m9.figshare.29206613.v1",CC BY 4.0,QTEC,,none,annual_value,,,,1.7e-05,,,0,,,ok,locality=Xieshuihe; elev_m=4572; magt_c=-1.64; dem_minus_elev_m=-4
qtp_fu_temp,XSH-1,Xieshuihe XSH-1,35.5200667,93.7638167,2020,,252.0,borehole_temp,temp_derived,1,China,Tibet,"Fu, Ziteng (2025). Permafrost ground temperature and active layer thickness data on the Qinghai–Tibet Plateau (2001–2020). figshare. Dataset. https://doi.org/10.6084/m9.figshare.29206613.v1",CC BY 4.0,QTEC,,none,annual_value,,,,1.7e-05,,,0,,,ok,locality=Xieshuihe; elev_m=4572; magt_c=-1.64; dem_minus_elev_m=-4
qtp_fu_temp,XSH-2,Xieshuihe XSH-2,35.5188333,93.7591667,2001,,235.0,borehole_temp,temp_derived,1,China,Tibet,"Fu, Ziteng (2025). Permafrost ground temperature and active layer thickness data on the Qinghai–Tibet Plateau (2001–2020). figshare. Dataset. https://doi.org/10.6084/m9.figshare.29206613.v1",CC BY 4.0,QTEC,,none,annual_value,,,,0.00017,,,0,,,coord,locality=Xieshuihe; elev_m=4672; magt_c=-1.35; dem_minus_elev_m=-105
qtp_fu_temp,XSH-2,Xieshuihe XSH-2,35.5188333,93.7591667,2002,,254.0,borehole_temp,temp_derived,1,China,Tibet,"Fu, Ziteng (2025). Permafrost ground temperature and active layer thickness data on the Qinghai–Tibet Plateau (2001–2020). figshare. Dataset. https://doi.org/10.6084/m9.figshare.29206613.v1",CC BY 4.0,QTEC,,none,annual_value,,,,0.00017,,,0,,,coord,locality=Xieshuihe; elev_m=4672; magt_c=-1.35; dem_minus_elev_m=-105
qtp_fu_temp,XSH-2,Xieshuihe XSH-2,35.5188333,93.7591667,2003,,242.0,borehole_temp,temp_derived,1,China,Tibet,"Fu, Ziteng (2025). Permafrost ground temperature and active layer thickness data on the Qinghai–Tibet Plateau (2001–2020). figshare. Dataset. https://doi.org/10.6084/m9.figshare.29206613.v1",CC BY 4.0,QTEC,,none,annual_value,,,,0.00017,,,0,,,coord,locality=Xieshuihe; elev_m=4672; magt_c=-1.35; dem_minus_elev_m=-105
qtp_fu_temp,XSH-2,Xieshuihe XSH-2,35.5188333,93.7591667,2004,,252.0,borehole_temp,temp_derived,1,China,Tibet,"Fu, Ziteng (2025). Permafrost ground temperature and active layer thickness data on the Qinghai–Tibet Plateau (2001–2020). figshare. Dataset. https://doi.org/10.6084/m9.figshare.29206613.v1",CC BY 4.0,QTEC,,none,annual_value,,,,0.00017,,,0,,,coord,locality=Xieshuihe; elev_m=4672; magt_c=-1.35; dem_minus_elev_m=-105
qtp_fu_temp,XSH-2,Xieshuihe XSH-2,35.5188333,93.7591667,2005,,258.0,borehole_temp,temp_derived,1,China,Tibet,"Fu, Ziteng (2025). Permafrost ground temperature and active layer thickness data on the Qinghai–Tibet Plateau (2001–2020). figshare. Dataset. https://doi.org/10.6084/m9.figshare.29206613.v1",CC BY 4.0,QTEC,,none,annual_value,,,,0.00017,,,0,,,coord,locality=Xieshuihe; elev_m=4672; magt_c=-1.35; dem_minus_elev_m=-105
qtp_fu_temp,XSH-2,Xieshuihe XSH-2,35.5188333,93.7591667,2006,,279.0,borehole_temp,temp_derived,1,China,Tibet,"Fu, Ziteng (2025). Permafrost ground temperature and active layer thickness data on the Qinghai–Tibet Plateau (2001–2020). figshare. Dataset. https://doi.org/10.6084/m9.figshare.29206613.v1",CC BY 4.0,QTEC,,none,annual_value,,,,0.00017,,,0,,,coord,locality=Xieshuihe; elev_m=4672; magt_c=-1.35; dem_minus_elev_m=-105
qtp_fu_temp,XSH-2,Xieshuihe XSH-2,35.5188333,93.7591667,2007,,274.0,borehole_temp,temp_derived,1,China,Tibet,"Fu, Ziteng (2025). Permafrost ground temperature and active layer thickness data on the Qinghai–Tibet Plateau (2001–2020). figshare. Dataset. https://doi.org/10.6084/m9.figshare.29206613.v1",CC BY 4.0,QTEC,,none,annual_value,,,,0.00017,,,0,,,coord,locality=Xieshuihe; elev_m=4672; magt_c=-1.35; dem_minus_elev_m=-105
qtp_fu_temp,XSH-2,Xieshuihe XSH-2,35.5188333,93.7591667,2008,,266.0,borehole_temp,temp_derived,1,China,Tibet,"Fu, Ziteng (2025). Permafrost ground temperature and active layer thickness data on the Qinghai–Tibet Plateau (2001–2020). figshare. Dataset. https://doi.org/10.6084/m9.figshare.29206613.v1",CC BY 4.0,QTEC,,none,annual_value,,,,0.00017,,,0,,,coord,locality=Xieshuihe; elev_m=4672; magt_c=-1.35; dem_minus_elev_m=-105
qtp_fu_temp,XSH-2,Xieshuihe XSH-2,35.5188333,93.7591667,2009,,288.0,borehole_temp,temp_derived,1,China,Tibet,"Fu, Ziteng (2025). Permafrost ground temperature and active layer thickness data on the Qinghai–Tibet Plateau (2001–2020). figshare. Dataset. https://doi.org/10.6084/m9.figshare.29206613.v1",CC BY 4.0,QTEC,,none,annual_value,,,,0.00017,,,0,,,coord,locality=Xieshuihe; elev_m=4672; magt_c=-1.35; dem_minus_elev_m=-105
qtp_fu_temp,XSH-2,Xieshuihe XSH-2,35.5188333,93.7591667,2010,,306.0,borehole_temp,temp_derived,1,China,Tibet,"Fu, Ziteng (2025). Permafrost ground temperature and active layer thickness data on the Qinghai–Tibet Plateau (2001–2020). figshare. Dataset. https://doi.org/10.6084/m9.figshare.29206613.v1",CC BY 4.0,QTEC,,none,annual_value,,,,0.00017,,,0,,,coord,locality=Xieshuihe; elev_m=4672; magt_c=-1.35; dem_minus_elev_m=-105
qtp_fu_temp,XSH-2,Xieshuihe XSH-2,35.5188333,93.7591667,2011,,307.0,borehole_temp,temp_derived,1,China,Tibet,"Fu, Ziteng (2025). Permafrost ground temperature and active layer thickness data on the Qinghai–Tibet Plateau (2001–2020). figshare. Dataset. https://doi.org/10.6084/m9.figshare.29206613.v1",CC BY 4.0,QTEC,,none,annual_value,,,,0.00017,,,0,,,coord,locality=Xieshuihe; elev_m=4672; magt_c=-1.35; dem_minus_elev_m=-105
qtp_fu_temp,XSH-2,Xieshuihe XSH-2,35.5188333,93.7591667,2012,,316.0,borehole_temp,temp_derived,1,China,Tibet,"Fu, Ziteng (2025). Permafrost ground temperature and active layer thickness data on the Qinghai–Tibet Plateau (2001–2020). figshare. Dataset. https://doi.org/10.6084/m9.figshare.29206613.v1",CC BY 4.0,QTEC,,none,annual_value,,,,0.00017,,,0,,,coord,locality=Xieshuihe; elev_m=4672; magt_c=-1.35; dem_minus_elev_m=-105
qtp_fu_temp,XSH-2,Xieshuihe XSH-2,35.5188333,93.7591667,2013,,331.0,borehole_temp,temp_derived,1,China,Tibet,"Fu, Ziteng (2025). Permafrost ground temperature and active layer thickness data on the Qinghai–Tibet Plateau (2001–2020). figshare. Dataset. https://doi.org/10.6084/m9.figshare.29206613.v1",CC BY 4.0,QTEC,,none,annual_value,,,,0.00017,,,0,,,coord,locality=Xieshuihe; elev_m=4672; magt_c=-1.35; dem_minus_elev_m=-105
qtp_fu_temp,XSH-2,Xieshuihe XSH-2,35.5188333,93.7591667,2014,,312.0,borehole_temp,temp_derived,1,China,Tibet,"Fu, Ziteng (2025). Permafrost ground temperature and active layer thickness data on the Qinghai–Tibet Plateau (2001–2020). figshare. Dataset. https://doi.org/10.6084/m9.figshare.29206613.v1",CC BY 4.0,QTEC,,none,annual_value,,,,0.00017,,,0,,,coord,locality=Xieshuihe; elev_m=4672; magt_c=-1.35; dem_minus_elev_m=-105
qtp_fu_temp,XSH-2,Xieshuihe XSH-2,35.5188333,93.7591667,2015,,338.0,borehole_temp,temp_derived,1,China,Tibet,"Fu, Ziteng (2025). Permafrost ground temperature and active layer thickness data on the Qinghai–Tibet Plateau (2001–2020). figshare. Dataset. https://doi.org/10.6084/m9.figshare.29206613.v1",CC BY 4.0,QTEC,,none,annual_value,,,,0.00017,,,0,,,coord,locality=Xieshuihe; elev_m=4672; magt_c=-1.35; dem_minus_elev_m=-105
qtp_fu_temp,XSH-2,Xieshuihe XSH-2,35.5188333,93.7591667,2016,,358.0,borehole_temp,temp_derived,1,China,Tibet,"Fu, Ziteng (2025). Permafrost ground temperature and active layer thickness data on the Qinghai–Tibet Plateau (2001–2020). figshare. Dataset. https://doi.org/10.6084/m9.figshare.29206613.v1",CC BY 4.0,QTEC,,none,annual_value,,,,0.00017,,,0,,,coord,locality=Xieshuihe; elev_m=4672; magt_c=-1.35; dem_minus_elev_m=-105
qtp_fu_temp,XSH-2,Xieshuihe XSH-2,35.5188333,93.7591667,2017,,393.0,borehole_temp,temp_derived,1,China,Tibet,"Fu, Ziteng (2025). Permafrost ground temperature and active layer thickness data on the Qinghai–Tibet Plateau (2001–2020). figshare. Dataset. https://doi.org/10.6084/m9.figshare.29206613.v1",CC BY 4.0,QTEC,,none,annual_value,,,,0.00017,,,0,,,coord,locality=Xieshuihe; elev_m=4672; magt_c=-1.35; dem_minus_elev_m=-105
qtp_fu_temp,XSH-2,Xieshuihe XSH-2,35.5188333,93.7591667,2018,,402.0,borehole_temp,temp_derived,1,China,Tibet,"Fu, Ziteng (2025). Permafrost ground temperature and active layer thickness data on the Qinghai–Tibet Plateau (2001–2020). figshare. Dataset. https://doi.org/10.6084/m9.figshare.29206613.v1",CC BY 4.0,QTEC,,none,annual_value,,,,0.00017,,,0,,,coord,locality=Xieshuihe; elev_m=4672; magt_c=-1.35; dem_minus_elev_m=-105
qtp_fu_temp,XSH-2,Xieshuihe XSH-2,35.5188333,93.7591667,2019,,396.0,borehole_temp,temp_derived,1,China,Tibet,"Fu, Ziteng (2025). Permafrost ground temperature and active layer thickness data on the Qinghai–Tibet Plateau (2001–2020). figshare. Dataset. https://doi.org/10.6084/m9.figshare.29206613.v1",CC BY 4.0,QTEC,,none,annual_value,,,,0.00017,,,0,,,coord,locality=Xieshuihe; elev_m=4672; magt_c=-1.35; dem_minus_elev_m=-105
qtp_fu_temp,XSH-2,Xieshuihe XSH-2,35.5188333,93.7591667,2020,,374.0,borehole_temp,temp_derived,1,China,Tibet,"Fu, Ziteng (2025). Permafrost ground temperature and active layer thickness data on the Qinghai–Tibet Plateau (2001–2020). figshare. Dataset. https://doi.org/10.6084/m9.figshare.29206613.v1",CC BY 4.0,QTEC,,none,annual_value,,,,0.00017,,,0,,,coord,locality=Xieshuihe; elev_m=4672; magt_c=-1.35; dem_minus_elev_m=-105
qtp_fu_temp,CM3,Xieshuihe CM3,35.5021833,93.7259833,2001,,95.0,borehole_temp,temp_derived,1,China,Tibet,"Fu, Ziteng (2025). Permafrost ground temperature and active layer thickness data on the Qinghai–Tibet Plateau (2001–2020). figshare. Dataset. https://doi.org/10.6084/m9.figshare.29206613.v1",CC BY 4.0,QTEC,,none,annual_value,,,,1.7e-05,,,0,,,ok,locality=Xieshuihe; elev_m=4547; magt_c=-1.20; dem_minus_elev_m=-4
qtp_fu_temp,CM3,Xieshuihe CM3,35.5021833,93.7259833,2002,,95.0,borehole_temp,temp_derived,1,China,Tibet,"Fu, Ziteng (2025). Permafrost ground temperature and active layer thickness data on the Qinghai–Tibet Plateau (2001–2020). figshare. Dataset. https://doi.org/10.6084/m9.figshare.29206613.v1",CC BY 4.0,QTEC,,none,annual_value,,,,1.7e-05,,,0,,,ok,locality=Xieshuihe; elev_m=4547; magt_c=-1.20; dem_minus_elev_m=-4
qtp_fu_temp,CM3,Xieshuihe CM3,35.5021833,93.7259833,2003,,99.0,borehole_temp,temp_derived,1,China,Tibet,"Fu, Ziteng (2025). Permafrost ground temperature and active layer thickness data on the Qinghai–Tibet Plateau (2001–2020). figshare. Dataset. https://doi.org/10.6084/m9.figshare.29206613.v1",CC BY 4.0,QTEC,,none,annual_value,,,,1.7e-05,,,0,,,ok,locality=Xieshuihe; elev_m=4547; magt_c=-1.20; dem_minus_elev_m=-4
qtp_fu_temp,CM3,Xieshuihe CM3,35.5021833,93.7259833,2004,,82.0,borehole_temp,temp_derived,1,China,Tibet,"Fu, Ziteng (2025). Permafrost ground temperature and active layer thickness data on the Qinghai–Tibet Plateau (2001–2020). figshare. Dataset. https://doi.org/10.6084/m9.figshare.29206613.v1",CC BY 4.0,QTEC,,none,annual_value,,,,1.7e-05,,,0,,,ok,locality=Xieshuihe; elev_m=4547; magt_c=-1.20; dem_minus_elev_m=-4
qtp_fu_temp,CM3,Xieshuihe CM3,35.5021833,93.7259833,2005,,102.0,borehole_temp,temp_derived,1,China,Tibet,"Fu, Ziteng (2025). Permafrost ground temperature and active layer thickness data on the Qinghai–Tibet Plateau (2001–2020). figshare. Dataset. https://doi.org/10.6084/m9.figshare.29206613.v1",CC BY 4.0,QTEC,,none,annual_value,,,,1.7e-05,,,0,,,ok,locality=Xieshuihe; elev_m=4547; magt_c=-1.20; dem_minus_elev_m=-4
qtp_fu_temp,CM3,Xieshuihe CM3,35.5021833,93.7259833,2006,,107.0,borehole_temp,temp_derived,1,China,Tibet,"Fu, Ziteng (2025). Permafrost ground temperature and active layer thickness data on the Qinghai–Tibet Plateau (2001–2020). figshare. Dataset. https://doi.org/10.6084/m9.figshare.29206613.v1",CC BY 4.0,QTEC,,none,annual_value,,,,1.7e-05,,,0,,,ok,locality=Xieshuihe; elev_m=4547; magt_c=-1.20; dem_minus_elev_m=-4
qtp_fu_temp,CM3,Xieshuihe CM3,35.5021833,93.7259833,2007,,104.0,borehole_temp,temp_derived,1,China,Tibet,"Fu, Ziteng (2025). Permafrost ground temperature and active layer thickness data on the Qinghai–Tibet Plateau (2001–2020). figshare. Dataset. https://doi.org/10.6084/m9.figshare.29206613.v1",CC BY 4.0,QTEC,,none,annual_value,,,,1.7e-05,,,0,,,ok,locality=Xieshuihe; elev_m=4547; magt_c=-1.20; dem_minus_elev_m=-4
qtp_fu_temp,CM3,Xieshuihe CM3,35.5021833,93.7259833,2008,,97.0,borehole_temp,temp_derived,1,China,Tibet,"Fu, Ziteng (2025). Permafrost ground temperature and active layer thickness data on the Qinghai–Tibet Plateau (2001–2020). figshare. Dataset. https://doi.org/10.6084/m9.figshare.29206613.v1",CC BY 4.0,QTEC,,none,annual_value,,,,1.7e-05,,,0,,,ok,locality=Xieshuihe; elev_m=4547; magt_c=-1.20; dem_minus_elev_m=-4
qtp_fu_temp,CM3,Xieshuihe CM3,35.5021833,93.7259833,2009,,107.0,borehole_temp,temp_derived,1,China,Tibet,"Fu, Ziteng (2025). Permafrost ground temperature and active layer thickness data on the Qinghai–Tibet Plateau (2001–2020). figshare. Dataset. https://doi.org/10.6084/m9.figshare.29206613.v1",CC BY 4.0,QTEC,,none,annual_value,,,,1.7e-05,,,0,,,ok,locality=Xieshuihe; elev_m=4547; magt_c=-1.20; dem_minus_elev_m=-4
qtp_fu_temp,CM3,Xieshuihe CM3,35.5021833,93.7259833,2010,,124.0,borehole_temp,temp_derived,1,China,Tibet,"Fu, Ziteng (2025). Permafrost ground temperature and active layer thickness data on the Qinghai–Tibet Plateau (2001–2020). figshare. Dataset. https://doi.org/10.6084/m9.figshare.29206613.v1",CC BY 4.0,QTEC,,none,annual_value,,,,1.7e-05,,,0,,,ok,locality=Xieshuihe; elev_m=4547; magt_c=-1.20; dem_minus_elev_m=-4
qtp_fu_temp,CM3,Xieshuihe CM3,35.5021833,93.7259833,2011,,110.0,borehole_temp,temp_derived,1,China,Tibet,"Fu, Ziteng (2025). Permafrost ground temperature and active layer thickness data on the Qinghai–Tibet Plateau (2001–2020). figshare. Dataset. https://doi.org/10.6084/m9.figshare.29206613.v1",CC BY 4.0,QTEC,,none,annual_value,,,,1.7e-05,,,0,,,ok,locality=Xieshuihe; elev_m=4547; magt_c=-1.20; dem_minus_elev_m=-4
qtp_fu_temp,CM3,Xieshuihe CM3,35.5021833,93.7259833,2012,,116.0,borehole_temp,temp_derived,1,China,Tibet,"Fu, Ziteng (2025). Permafrost ground temperature and active layer thickness data on the Qinghai–Tibet Plateau (2001–2020). figshare. Dataset. https://doi.org/10.6084/m9.figshare.29206613.v1",CC BY 4.0,QTEC,,none,annual_value,,,,1.7e-05,,,0,,,ok,locality=Xieshuihe; elev_m=4547; magt_c=-1.20; dem_minus_elev_m=-4
qtp_fu_temp,CM3,Xieshuihe CM3,35.5021833,93.7259833,2013,,121.0,borehole_temp,temp_derived,1,China,Tibet,"Fu, Ziteng (2025). Permafrost ground temperature and active layer thickness data on the Qinghai–Tibet Plateau (2001–2020). figshare. Dataset. https://doi.org/10.6084/m9.figshare.29206613.v1",CC BY 4.0,QTEC,,none,annual_value,,,,1.7e-05,,,0,,,ok,locality=Xieshuihe; elev_m=4547; magt_c=-1.20; dem_minus_elev_m=-4
qtp_fu_temp,CM3,Xieshuihe CM3,35.5021833,93.7259833,2014,,118.0,borehole_temp,temp_derived,1,China,Tibet,"Fu, Ziteng (2025). Permafrost ground temperature and active layer thickness data on the Qinghai–Tibet Plateau (2001–2020). figshare. Dataset. https://doi.org/10.6084/m9.figshare.29206613.v1",CC BY 4.0,QTEC,,none,annual_value,,,,1.7e-05,,,0,,,ok,locality=Xieshuihe; elev_m=4547; magt_c=-1.20; dem_minus_elev_m=-4
qtp_fu_temp,CM3,Xieshuihe CM3,35.5021833,93.7259833,2015,,119.0,borehole_temp,temp_derived,1,China,Tibet,"Fu, Ziteng (2025). Permafrost ground temperature and active layer thickness data on the Qinghai–Tibet Plateau (2001–2020). figshare. Dataset. https://doi.org/10.6084/m9.figshare.29206613.v1",CC BY 4.0,QTEC,,none,annual_value,,,,1.7e-05,,,0,,,ok,locality=Xieshuihe; elev_m=4547; magt_c=-1.20; dem_minus_elev_m=-4
qtp_fu_temp,CM3,Xieshuihe CM3,35.5021833,93.7259833,2016,,132.0,borehole_temp,temp_derived,1,China,Tibet,"Fu, Ziteng (2025). Permafrost ground temperature and active layer thickness data on the Qinghai–Tibet Plateau (2001–2020). figshare. Dataset. https://doi.org/10.6084/m9.figshare.29206613.v1",CC BY 4.0,QTEC,,none,annual_value,,,,1.7e-05,,,0,,,ok,locality=Xieshuihe; elev_m=4547; magt_c=-1.20; dem_minus_elev_m=-4
qtp_fu_temp,CM3,Xieshuihe CM3,35.5021833,93.7259833,2017,,138.0,borehole_temp,temp_derived,1,China,Tibet,"Fu, Ziteng (2025). Permafrost ground temperature and active layer thickness data on the Qinghai–Tibet Plateau (2001–2020). figshare. Dataset. https://doi.org/10.6084/m9.figshare.29206613.v1",CC BY 4.0,QTEC,,none,annual_value,,,,1.7e-05,,,0,,,ok,locality=Xieshuihe; elev_m=4547; magt_c=-1.20; dem_minus_elev_m=-4
qtp_fu_temp,CM3,Xieshuihe CM3,35.5021833,93.7259833,2018,,135.0,borehole_temp,temp_derived,1,China,Tibet,"Fu, Ziteng (2025). Permafrost ground temperature and active layer thickness data on the Qinghai–Tibet Plateau (2001–2020). figshare. Dataset. https://doi.org/10.6084/m9.figshare.29206613.v1",CC BY 4.0,QTEC,,none,annual_value,,,,1.7e-05,,,0,,,ok,locality=Xieshuihe; elev_m=4547; magt_c=-1.20; dem_minus_elev_m=-4
qtp_fu_temp,CM3,Xieshuihe CM3,35.5021833,93.7259833,2019,,124.0,borehole_temp,temp_derived,1,China,Tibet,"Fu, Ziteng (2025). Permafrost ground temperature and active layer thickness data on the Qinghai–Tibet Plateau (2001–2020). figshare. Dataset. https://doi.org/10.6084/m9.figshare.29206613.v1",CC BY 4.0,QTEC,,none,annual_value,,,,1.7e-05,,,0,,,ok,locality=Xieshuihe; elev_m=4547; magt_c=-1.20; dem_minus_elev_m=-4
qtp_fu_temp,CM3,Xieshuihe CM3,35.5021833,93.7259833,2020,,122.0,borehole_temp,temp_derived,1,China,Tibet,"Fu, Ziteng (2025). Permafrost ground temperature and active layer thickness data on the Qinghai–Tibet Plateau (2001–2020). figshare. Dataset. https://doi.org/10.6084/m9.figshare.29206613.v1",CC BY 4.0,QTEC,,none,annual_value,,,,1.7e-05,,,0,,,ok,locality=Xieshuihe; elev_m=4547; magt_c=-1.20; dem_minus_elev_m=-4
qtp_fu_temp,QSH-1,Qingshuihe QSH-1,35.46245,93.6291167,2001,,152.0,borehole_temp,temp_derived,1,China,Tibet,"Fu, Ziteng (2025). Permafrost ground temperature and active layer thickness data on the Qinghai–Tibet Plateau (2001–2020). figshare. Dataset. https://doi.org/10.6084/m9.figshare.29206613.v1",CC BY 4.0,QTEC,,none,annual_value,,,,1.7e-05,,,0,,,ok,locality=Qingshuihe; elev_m=4484; magt_c=-0.51; dem_minus_elev_m=-7
qtp_fu_temp,QSH-1,Qingshuihe QSH-1,35.46245,93.6291167,2002,,163.0,borehole_temp,temp_derived,1,China,Tibet,"Fu, Ziteng (2025). Permafrost ground temperature and active layer thickness data on the Qinghai–Tibet Plateau (2001–2020). figshare. Dataset. https://doi.org/10.6084/m9.figshare.29206613.v1",CC BY 4.0,QTEC,,none,annual_value,,,,1.7e-05,,,0,,,ok,locality=Qingshuihe; elev_m=4484; magt_c=-0.51; dem_minus_elev_m=-7
qtp_fu_temp,QSH-1,Qingshuihe QSH-1,35.46245,93.6291167,2003,,170.0,borehole_temp,temp_derived,1,China,Tibet,"Fu, Ziteng (2025). Permafrost ground temperature and active layer thickness data on the Qinghai–Tibet Plateau (2001–2020). figshare. Dataset. https://doi.org/10.6084/m9.figshare.29206613.v1",CC BY 4.0,QTEC,,none,annual_value,,,,1.7e-05,,,0,,,ok,locality=Qingshuihe; elev_m=4484; magt_c=-0.51; dem_minus_elev_m=-7
qtp_fu_temp,QSH-1,Qingshuihe QSH-1,35.46245,93.6291167,2004,,168.0,borehole_temp,temp_derived,1,China,Tibet,"Fu, Ziteng (2025). Permafrost ground temperature and active layer thickness data on the Qinghai–Tibet Plateau (2001–2020). figshare. Dataset. https://doi.org/10.6084/m9.figshare.29206613.v1",CC BY 4.0,QTEC,,none,annual_value,,,,1.7e-05,,,0,,,ok,locality=Qingshuihe; elev_m=4484; magt_c=-0.51; dem_minus_elev_m=-7
qtp_fu_temp,QSH-1,Qingshuihe QSH-1,35.46245,93.6291167,2005,,170.0,borehole_temp,temp_derived,1,China,Tibet,"Fu, Ziteng (2025). Permafrost ground temperature and active layer thickness data on the Qinghai–Tibet Plateau (2001–2020). figshare. Dataset. https://doi.org/10.6084/m9.figshare.29206613.v1",CC BY 4.0,QTEC,,none,annual_value,,,,1.7e-05,,,0,,,ok,locality=Qingshuihe; elev_m=4484; magt_c=-0.51; dem_minus_elev_m=-7
qtp_fu_temp,QSH-1,Qingshuihe QSH-1,35.46245,93.6291167,2006,,176.0,borehole_temp,temp_derived,1,China,Tibet,"Fu, Ziteng (2025). Permafrost ground temperature and active layer thickness data on the Qinghai–Tibet Plateau (2001–2020). figshare. Dataset. https://doi.org/10.6084/m9.figshare.29206613.v1",CC BY 4.0,QTEC,,none,annual_value,,,,1.7e-05,,,0,,,ok,locality=Qingshuihe; elev_m=4484; magt_c=-0.51; dem_minus_elev_m=-7
qtp_fu_temp,QSH-1,Qingshuihe QSH-1,35.46245,93.6291167,2007,,176.0,borehole_temp,temp_derived,1,China,Tibet,"Fu, Ziteng (2025). Permafrost ground temperature and active layer thickness data on the Qinghai–Tibet Plateau (2001–2020). figshare. Dataset. https://doi.org/10.6084/m9.figshare.29206613.v1",CC BY 4.0,QTEC,,none,annual_value,,,,1.7e-05,,,0,,,ok,locality=Qingshuihe; elev_m=4484; magt_c=-0.51; dem_minus_elev_m=-7
qtp_fu_temp,QSH-1,Qingshuihe QSH-1,35.46245,93.6291167,2008,,172.0,borehole_temp,temp_derived,1,China,Tibet,"Fu, Ziteng (2025). Permafrost ground temperature and active layer thickness data on the Qinghai–Tibet Plateau (2001–2020). figshare. Dataset. https://doi.org/10.6084/m9.figshare.29206613.v1",CC BY 4.0,QTEC,,none,annual_value,,,,1.7e-05,,,0,,,ok,locality=Qingshuihe; elev_m=4484; magt_c=-0.51; dem_minus_elev_m=-7
qtp_fu_temp,QSH-1,Qingshuihe QSH-1,35.46245,93.6291167,2009,,178.0,borehole_temp,temp_derived,1,China,Tibet,"Fu, Ziteng (2025). Permafrost ground temperature and active layer thickness data on the Qinghai–Tibet Plateau (2001–2020). figshare. Dataset. https://doi.org/10.6084/m9.figshare.29206613.v1",CC BY 4.0,QTEC,,none,annual_value,,,,1.7e-05,,,0,,,ok,locality=Qingshuihe; elev_m=4484; magt_c=-0.51; dem_minus_elev_m=-7
qtp_fu_temp,QSH-1,Qingshuihe QSH-1,35.46245,93.6291167,2010,,177.0,borehole_temp,temp_derived,1,China,Tibet,"Fu, Ziteng (2025). Permafrost ground temperature and active layer thickness data on the Qinghai–Tibet Plateau (2001–2020). figshare. Dataset. https://doi.org/10.6084/m9.figshare.29206613.v1",CC BY 4.0,QTEC,,none,annual_value,,,,1.7e-05,,,0,,,ok,locality=Qingshuihe; elev_m=4484; magt_c=-0.51; dem_minus_elev_m=-7
qtp_fu_temp,QSH-1,Qingshuihe QSH-1,35.46245,93.6291167,2011,,180.0,borehole_temp,temp_derived,1,China,Tibet,"Fu, Ziteng (2025). Permafrost ground temperature and active layer thickness data on the Qinghai–Tibet Plateau (2001–2020). figshare. Dataset. https://doi.org/10.6084/m9.figshare.29206613.v1",CC BY 4.0,QTEC,,none,annual_value,,,,1.7e-05,,,0,,,ok,locality=Qingshuihe; elev_m=4484; magt_c=-0.51; dem_minus_elev_m=-7
qtp_fu_temp,QSH-1,Qingshuihe QSH-1,35.46245,93.6291167,2012,,188.0,borehole_temp,temp_derived,1,China,Tibet,"Fu, Ziteng (2025). Permafrost ground temperature and active layer thickness data on the Qinghai–Tibet Plateau (2001–2020). figshare. Dataset. https://doi.org/10.6084/m9.figshare.29206613.v1",CC BY 4.0,QTEC,,none,annual_value,,,,1.7e-05,,,0,,,ok,locality=Qingshuihe; elev_m=4484; magt_c=-0.51; dem_minus_elev_m=-7
qtp_fu_temp,QSH-1,Qingshuihe QSH-1,35.46245,93.6291167,2013,,194.0,borehole_temp,temp_derived,1,China,Tibet,"Fu, Ziteng (2025). Permafrost ground temperature and active layer thickness data on the Qinghai–Tibet Plateau (2001–2020). figshare. Dataset. https://doi.org/10.6084/m9.figshare.29206613.v1",CC BY 4.0,QTEC,,none,annual_value,,,,1.7e-05,,,0,,,ok,locality=Qingshuihe; elev_m=4484; magt_c=-0.51; dem_minus_elev_m=-7
qtp_fu_temp,QSH-1,Qingshuihe QSH-1,35.46245,93.6291167,2014,,202.0,borehole_temp,temp_derived,1,China,Tibet,"Fu, Ziteng (2025). Permafrost ground temperature and active layer thickness data on the Qinghai–Tibet Plateau (2001–2020). figshare. Dataset. https://doi.org/10.6084/m9.figshare.29206613.v1",CC BY 4.0,QTEC,,none,annual_value,,,,1.7e-05,,,0,,,ok,locality=Qingshuihe; elev_m=4484; magt_c=-0.51; dem_minus_elev_m=-7
qtp_fu_temp,QSH-1,Qingshuihe QSH-1,35.46245,93.6291167,2015,,196.0,borehole_temp,temp_derived,1,China,Tibet,"Fu, Ziteng (2025). Permafrost ground temperature and active layer thickness data on the Qinghai–Tibet Plateau (2001–2020). figshare. Dataset. https://doi.org/10.6084/m9.figshare.29206613.v1",CC BY 4.0,QTEC,,none,annual_value,,,,1.7e-05,,,0,,,ok,locality=Qingshuihe; elev_m=4484; magt_c=-0.51; dem_minus_elev_m=-7
qtp_fu_temp,QSH-1,Qingshuihe QSH-1,35.46245,93.6291167,2016,,238.0,borehole_temp,temp_derived,1,China,Tibet,"Fu, Ziteng (2025). Permafrost ground temperature and active layer thickness data on the Qinghai–Tibet Plateau (2001–2020). figshare. Dataset. https://doi.org/10.6084/m9.figshare.29206613.v1",CC BY 4.0,QTEC,,none,annual_value,,,,1.7e-05,,,0,,,ok,locality=Qingshuihe; elev_m=4484; magt_c=-0.51; dem_minus_elev_m=-7
qtp_fu_temp,QSH-1,Qingshuihe QSH-1,35.46245,93.6291167,2017,,247.0,borehole_temp,temp_derived,1,China,Tibet,"Fu, Ziteng (2025). Permafrost ground temperature and active layer thickness data on the Qinghai–Tibet Plateau (2001–2020). figshare. Dataset. https://doi.org/10.6084/m9.figshare.29206613.v1",CC BY 4.0,QTEC,,none,annual_value,,,,1.7e-05,,,0,,,ok,locality=Qingshuihe; elev_m=4484; magt_c=-0.51; dem_minus_elev_m=-7
qtp_fu_temp,QSH-1,Qingshuihe QSH-1,35.46245,93.6291167,2018,,250.0,borehole_temp,temp_derived,1,China,Tibet,"Fu, Ziteng (2025). Permafrost ground temperature and active layer thickness data on the Qinghai–Tibet Plateau (2001–2020). figshare. Dataset. https://doi.org/10.6084/m9.figshare.29206613.v1",CC BY 4.0,QTEC,,none,annual_value,,,,1.7e-05,,,0,,,ok,locality=Qingshuihe; elev_m=4484; magt_c=-0.51; dem_minus_elev_m=-7
qtp_fu_temp,QSH-1,Qingshuihe QSH-1,35.46245,93.6291167,2019,,242.0,borehole_temp,temp_derived,1,China,Tibet,"Fu, Ziteng (2025). Permafrost ground temperature and active layer thickness data on the Qinghai–Tibet Plateau (2001–2020). figshare. Dataset. https://doi.org/10.6084/m9.figshare.29206613.v1",CC BY 4.0,QTEC,,none,annual_value,,,,1.7e-05,,,0,,,ok,locality=Qingshuihe; elev_m=4484; magt_c=-0.51; dem_minus_elev_m=-7
qtp_fu_temp,QSH-1,Qingshuihe QSH-1,35.46245,93.6291167,2020,,239.0,borehole_temp,temp_derived,1,China,Tibet,"Fu, Ziteng (2025). Permafrost ground temperature and active layer thickness data on the Qinghai–Tibet Plateau (2001–2020). figshare. Dataset. https://doi.org/10.6084/m9.figshare.29206613.v1",CC BY 4.0,QTEC,,none,annual_value,,,,1.7e-05,,,0,,,ok,locality=Qingshuihe; elev_m=4484; magt_c=-0.51; dem_minus_elev_m=-7
qtp_fu_temp,QSH-2,Qingshuihe QSH-2,35.4439667,93.61435,2001,,236.0,borehole_temp,temp_derived,1,China,Tibet,"Fu, Ziteng (2025). Permafrost ground temperature and active layer thickness data on the Qinghai–Tibet Plateau (2001–2020). figshare. Dataset. https://doi.org/10.6084/m9.figshare.29206613.v1",CC BY 4.0,QTEC,,none,annual_value,,,,1.7e-05,,,0,,,ok,locality=Qingshuihe; elev_m=4478; magt_c=-1.22; dem_minus_elev_m=-7
qtp_fu_temp,QSH-2,Qingshuihe QSH-2,35.4439667,93.61435,2002,,252.0,borehole_temp,temp_derived,1,China,Tibet,"Fu, Ziteng (2025). Permafrost ground temperature and active layer thickness data on the Qinghai–Tibet Plateau (2001–2020). figshare. Dataset. https://doi.org/10.6084/m9.figshare.29206613.v1",CC BY 4.0,QTEC,,none,annual_value,,,,1.7e-05,,,0,,,ok,locality=Qingshuihe; elev_m=4478; magt_c=-1.22; dem_minus_elev_m=-7
qtp_fu_temp,QSH-2,Qingshuihe QSH-2,35.4439667,93.61435,2003,,258.0,borehole_temp,temp_derived,1,China,Tibet,"Fu, Ziteng (2025). Permafrost ground temperature and active layer thickness data on the Qinghai–Tibet Plateau (2001–2020). figshare. Dataset. https://doi.org/10.6084/m9.figshare.29206613.v1",CC BY 4.0,QTEC,,none,annual_value,,,,1.7e-05,,,0,,,ok,locality=Qingshuihe; elev_m=4478; magt_c=-1.22; dem_minus_elev_m=-7; value_same_as=QSH-3
qtp_fu_temp,QSH-2,Qingshuihe QSH-2,35.4439667,93.61435,2004,,248.0,borehole_temp,temp_derived,1,China,Tibet,"Fu, Ziteng (2025). Permafrost ground temperature and active layer thickness data on the Qinghai–Tibet Plateau (2001–2020). figshare. Dataset. https://doi.org/10.6084/m9.figshare.29206613.v1",CC BY 4.0,QTEC,,none,annual_value,,,,1.7e-05,,,0,,,ok,locality=Qingshuihe; elev_m=4478; magt_c=-1.22; dem_minus_elev_m=-7; value_same_as=QSH-3
qtp_fu_temp,QSH-2,Qingshuihe QSH-2,35.4439667,93.61435,2005,,258.0,borehole_temp,temp_derived,1,China,Tibet,"Fu, Ziteng (2025). Permafrost ground temperature and active layer thickness data on the Qinghai–Tibet Plateau (2001–2020). figshare. Dataset. https://doi.org/10.6084/m9.figshare.29206613.v1",CC BY 4.0,QTEC,,none,annual_value,,,,1.7e-05,,,0,,,ok,locality=Qingshuihe; elev_m=4478; magt_c=-1.22; dem_minus_elev_m=-7; value_same_as=QSH-3
qtp_fu_temp,QSH-2,Qingshuihe QSH-2,35.4439667,93.61435,2006,,270.0,borehole_temp,temp_derived,1,China,Tibet,"Fu, Ziteng (2025). Permafrost ground temperature and active layer thickness data on the Qinghai–Tibet Plateau (2001–2020). figshare. Dataset. https://doi.org/10.6084/m9.figshare.29206613.v1",CC BY 4.0,QTEC,,none,annual_value,,,,1.7e-05,,,0,,,ok,locality=Qingshuihe; elev_m=4478; magt_c=-1.22; dem_minus_elev_m=-7; value_same_as=QSH-3
qtp_fu_temp,QSH-2,Qingshuihe QSH-2,35.4439667,93.61435,2007,,268.0,borehole_temp,temp_derived,1,China,Tibet,"Fu, Ziteng (2025). Permafrost ground temperature and active layer thickness data on the Qinghai–Tibet Plateau (2001–2020). figshare. Dataset. https://doi.org/10.6084/m9.figshare.29206613.v1",CC BY 4.0,QTEC,,none,annual_value,,,,1.7e-05,,,0,,,ok,locality=Qingshuihe; elev_m=4478; magt_c=-1.22; dem_minus_elev_m=-7; value_same_as=QSH-3
qtp_fu_temp,QSH-2,Qingshuihe QSH-2,35.4439667,93.61435,2008,,261.0,borehole_temp,temp_derived,1,China,Tibet,"Fu, Ziteng (2025). Permafrost ground temperature and active layer thickness data on the Qinghai–Tibet Plateau (2001–2020). figshare. Dataset. https://doi.org/10.6084/m9.figshare.29206613.v1",CC BY 4.0,QTEC,,none,annual_value,,,,1.7e-05,,,0,,,ok,locality=Qingshuihe; elev_m=4478; magt_c=-1.22; dem_minus_elev_m=-7; value_same_as=QSH-3
qtp_fu_temp,QSH-2,Qingshuihe QSH-2,35.4439667,93.61435,2009,,268.0,borehole_temp,temp_derived,1,China,Tibet,"Fu, Ziteng (2025). Permafrost ground temperature and active layer thickness data on the Qinghai–Tibet Plateau (2001–2020). figshare. Dataset. https://doi.org/10.6084/m9.figshare.29206613.v1",CC BY 4.0,QTEC,,none,annual_value,,,,1.7e-05,,,0,,,ok,locality=Qingshuihe; elev_m=4478; magt_c=-1.22; dem_minus_elev_m=-7; value_same_as=QSH-3
qtp_fu_temp,QSH-2,Qingshuihe QSH-2,35.4439667,93.61435,2010,,306.0,borehole_temp,temp_derived,1,China,Tibet,"Fu, Ziteng (2025). Permafrost ground temperature and active layer thickness data on the Qinghai–Tibet Plateau (2001–2020). figshare. Dataset. https://doi.org/10.6084/m9.figshare.29206613.v1",CC BY 4.0,QTEC,,none,annual_value,,,,1.7e-05,,,0,,,ok,locality=Qingshuihe; elev_m=4478; magt_c=-1.22; dem_minus_elev_m=-7; value_same_as=QSH-3
qtp_fu_temp,QSH-2,Qingshuihe QSH-2,35.4439667,93.61435,2011,,292.0,borehole_temp,temp_derived,1,China,Tibet,"Fu, Ziteng (2025). Permafrost ground temperature and active layer thickness data on the Qinghai–Tibet Plateau (2001–2020). figshare. Dataset. https://doi.org/10.6084/m9.figshare.29206613.v1",CC BY 4.0,QTEC,,none,annual_value,,,,1.7e-05,,,0,,,ok,locality=Qingshuihe; elev_m=4478; magt_c=-1.22; dem_minus_elev_m=-7; value_same_as=QSH-3
qtp_fu_temp,QSH-2,Qingshuihe QSH-2,35.4439667,93.61435,2012,,312.0,borehole_temp,temp_derived,1,China,Tibet,"Fu, Ziteng (2025). Permafrost ground temperature and active layer thickness data on the Qinghai–Tibet Plateau (2001–2020). figshare. Dataset. https://doi.org/10.6084/m9.figshare.29206613.v1",CC BY 4.0,QTEC,,none,annual_value,,,,1.7e-05,,,0,,,ok,locality=Qingshuihe; elev_m=4478; magt_c=-1.22; dem_minus_elev_m=-7; value_same_as=QSH-3
qtp_fu_temp,QSH-2,Qingshuihe QSH-2,35.4439667,93.61435,2013,,318.0,borehole_temp,temp_derived,1,China,Tibet,"Fu, Ziteng (2025). Permafrost ground temperature and active layer thickness data on the Qinghai–Tibet Plateau (2001–2020). figshare. Dataset. https://doi.org/10.6084/m9.figshare.29206613.v1",CC BY 4.0,QTEC,,none,annual_value,,,,1.7e-05,,,0,,,ok,locality=Qingshuihe; elev_m=4478; magt_c=-1.22; dem_minus_elev_m=-7; value_same_as=QSH-3
qtp_fu_temp,QSH-2,Qingshuihe QSH-2,35.4439667,93.61435,2014,,318.0,borehole_temp,temp_derived,1,China,Tibet,"Fu, Ziteng (2025). Permafrost ground temperature and active layer thickness data on the Qinghai–Tibet Plateau (2001–2020). figshare. Dataset. https://doi.org/10.6084/m9.figshare.29206613.v1",CC BY 4.0,QTEC,,none,annual_value,,,,1.7e-05,,,0,,,ok,locality=Qingshuihe; elev_m=4478; magt_c=-1.22; dem_minus_elev_m=-7; value_same_as=QSH-3
qtp_fu_temp,QSH-2,Qingshuihe QSH-2,35.4439667,93.61435,2015,,311.0,borehole_temp,temp_derived,1,China,Tibet,"Fu, Ziteng (2025). Permafrost ground temperature and active layer thickness data on the Qinghai–Tibet Plateau (2001–2020). figshare. Dataset. https://doi.org/10.6084/m9.figshare.29206613.v1",CC BY 4.0,QTEC,,none,annual_value,,,,1.7e-05,,,0,,,ok,locality=Qingshuihe; elev_m=4478; magt_c=-1.22; dem_minus_elev_m=-7
qtp_fu_temp,QSH-2,Qingshuihe QSH-2,35.4439667,93.61435,2016,,340.0,borehole_temp,temp_derived,1,China,Tibet,"Fu, Ziteng (2025). Permafrost ground temperature and active layer thickness data on the Qinghai–Tibet Plateau (2001–2020). figshare. Dataset. https://doi.org/10.6084/m9.figshare.29206613.v1",CC BY 4.0,QTEC,,none,annual_value,,,,1.7e-05,,,0,,,ok,locality=Qingshuihe; elev_m=4478; magt_c=-1.22; dem_minus_elev_m=-7
qtp_fu_temp,QSH-2,Qingshuihe QSH-2,35.4439667,93.61435,2017,,350.0,borehole_temp,temp_derived,1,China,Tibet,"Fu, Ziteng (2025). Permafrost ground temperature and active layer thickness data on the Qinghai–Tibet Plateau (2001–2020). figshare. Dataset. https://doi.org/10.6084/m9.figshare.29206613.v1",CC BY 4.0,QTEC,,none,annual_value,,,,1.7e-05,,,0,,,ok,locality=Qingshuihe; elev_m=4478; magt_c=-1.22; dem_minus_elev_m=-7
qtp_fu_temp,QSH-2,Qingshuihe QSH-2,35.4439667,93.61435,2018,,399.0,borehole_temp,temp_derived,1,China,Tibet,"Fu, Ziteng (2025). Permafrost ground temperature and active layer thickness data on the Qinghai–Tibet Plateau (2001–2020). figshare. Dataset. https://doi.org/10.6084/m9.figshare.29206613.v1",CC BY 4.0,QTEC,,none,annual_value,,,,1.7e-05,,,0,,,ok,locality=Qingshuihe; elev_m=4478; magt_c=-1.22; dem_minus_elev_m=-7
qtp_fu_temp,QSH-2,Qingshuihe QSH-2,35.4439667,93.61435,2019,,348.0,borehole_temp,temp_derived,1,China,Tibet,"Fu, Ziteng (2025). Permafrost ground temperature and active layer thickness data on the Qinghai–Tibet Plateau (2001–2020). figshare. Dataset. https://doi.org/10.6084/m9.figshare.29206613.v1",CC BY 4.0,QTEC,,none,annual_value,,,,1.7e-05,,,0,,,ok,locality=Qingshuihe; elev_m=4478; magt_c=-1.22; dem_minus_elev_m=-7
qtp_fu_temp,QSH-2,Qingshuihe QSH-2,35.4439667,93.61435,2020,,348.0,borehole_temp,temp_derived,1,China,Tibet,"Fu, Ziteng (2025). Permafrost ground temperature and active layer thickness data on the Qinghai–Tibet Plateau (2001–2020). figshare. Dataset. https://doi.org/10.6084/m9.figshare.29206613.v1",CC BY 4.0,QTEC,,none,annual_value,,,,1.7e-05,,,0,,,ok,locality=Qingshuihe; elev_m=4478; magt_c=-1.22; dem_minus_elev_m=-7
qtp_fu_temp,QSH-3,Qingshuihe QSH-3,35.43545,93.6040333,2001,,278.0,borehole_temp,temp_derived,1,China,Tibet,"Fu, Ziteng (2025). Permafrost ground temperature and active layer thickness data on the Qinghai–Tibet Plateau (2001–2020). figshare. Dataset. https://doi.org/10.6084/m9.figshare.29206613.v1",CC BY 4.0,QTEC,,none,annual_value,,,,1.7e-05,,,0,,,ok,locality=Qingshuihe; elev_m=4464; magt_c=-0.49; dem_minus_elev_m=+0; v3_near=17430:F4_calm_temp:CALM_QTP_China
qtp_fu_temp,QSH-3,Qingshuihe QSH-3,35.43545,93.6040333,2002,,274.0,borehole_temp,temp_derived,1,China,Tibet,"Fu, Ziteng (2025). Permafrost ground temperature and active layer thickness data on the Qinghai–Tibet Plateau (2001–2020). figshare. Dataset. https://doi.org/10.6084/m9.figshare.29206613.v1",CC BY 4.0,QTEC,,none,annual_value,,,,1.7e-05,,,0,,,ok,locality=Qingshuihe; elev_m=4464; magt_c=-0.49; dem_minus_elev_m=+0; v3_near=17430:F4_calm_temp:CALM_QTP_China
qtp_fu_temp,QSH-3,Qingshuihe QSH-3,35.43545,93.6040333,2003,,258.0,borehole_temp,temp_derived,1,China,Tibet,"Fu, Ziteng (2025). Permafrost ground temperature and active layer thickness data on the Qinghai–Tibet Plateau (2001–2020). figshare. Dataset. https://doi.org/10.6084/m9.figshare.29206613.v1",CC BY 4.0,QTEC,,none,annual_value,,,,1.7e-05,,,0,,,ok,locality=Qingshuihe; elev_m=4464; magt_c=-0.49; dem_minus_elev_m=+0; value_same_as=QSH-2; v3_near=17430:F4_calm_temp:CALM_QTP_China
qtp_fu_temp,QSH-3,Qingshuihe QSH-3,35.43545,93.6040333,2004,,248.0,borehole_temp,temp_derived,1,China,Tibet,"Fu, Ziteng (2025). Permafrost ground temperature and active layer thickness data on the Qinghai–Tibet Plateau (2001–2020). figshare. Dataset. https://doi.org/10.6084/m9.figshare.29206613.v1",CC BY 4.0,QTEC,,none,annual_value,,,,1.7e-05,,,0,,,ok,locality=Qingshuihe; elev_m=4464; magt_c=-0.49; dem_minus_elev_m=+0; value_same_as=QSH-2; v3_near=17430:F4_calm_temp:CALM_QTP_China
qtp_fu_temp,QSH-3,Qingshuihe QSH-3,35.43545,93.6040333,2005,,258.0,borehole_temp,temp_derived,1,China,Tibet,"Fu, Ziteng (2025). Permafrost ground temperature and active layer thickness data on the Qinghai–Tibet Plateau (2001–2020). figshare. Dataset. https://doi.org/10.6084/m9.figshare.29206613.v1",CC BY 4.0,QTEC,,none,annual_value,,,,1.7e-05,,,0,,,ok,locality=Qingshuihe; elev_m=4464; magt_c=-0.49; dem_minus_elev_m=+0; value_same_as=QSH-2; v3_near=17430:F4_calm_temp:CALM_QTP_China
qtp_fu_temp,QSH-3,Qingshuihe QSH-3,35.43545,93.6040333,2006,,270.0,borehole_temp,temp_derived,1,China,Tibet,"Fu, Ziteng (2025). Permafrost ground temperature and active layer thickness data on the Qinghai–Tibet Plateau (2001–2020). figshare. Dataset. https://doi.org/10.6084/m9.figshare.29206613.v1",CC BY 4.0,QTEC,,none,annual_value,,,,1.7e-05,,,0,,,ok,locality=Qingshuihe; elev_m=4464; magt_c=-0.49; dem_minus_elev_m=+0; value_same_as=QSH-2; v3_near=17430:F4_calm_temp:CALM_QTP_China
qtp_fu_temp,QSH-3,Qingshuihe QSH-3,35.43545,93.6040333,2007,,268.0,borehole_temp,temp_derived,1,China,Tibet,"Fu, Ziteng (2025). Permafrost ground temperature and active layer thickness data on the Qinghai–Tibet Plateau (2001–2020). figshare. Dataset. https://doi.org/10.6084/m9.figshare.29206613.v1",CC BY 4.0,QTEC,,none,annual_value,,,,1.7e-05,,,0,,,ok,locality=Qingshuihe; elev_m=4464; magt_c=-0.49; dem_minus_elev_m=+0; value_same_as=QSH-2; v3_near=17430:F4_calm_temp:CALM_QTP_China
qtp_fu_temp,QSH-3,Qingshuihe QSH-3,35.43545,93.6040333,2008,,261.0,borehole_temp,temp_derived,1,China,Tibet,"Fu, Ziteng (2025). Permafrost ground temperature and active layer thickness data on the Qinghai–Tibet Plateau (2001–2020). figshare. Dataset. https://doi.org/10.6084/m9.figshare.29206613.v1",CC BY 4.0,QTEC,,none,annual_value,,,,1.7e-05,,,0,,,ok,locality=Qingshuihe; elev_m=4464; magt_c=-0.49; dem_minus_elev_m=+0; value_same_as=QSH-2; v3_near=17430:F4_calm_temp:CALM_QTP_China
qtp_fu_temp,QSH-3,Qingshuihe QSH-3,35.43545,93.6040333,2009,,268.0,borehole_temp,temp_derived,1,China,Tibet,"Fu, Ziteng (2025). Permafrost ground temperature and active layer thickness data on the Qinghai–Tibet Plateau (2001–2020). figshare. Dataset. https://doi.org/10.6084/m9.figshare.29206613.v1",CC BY 4.0,QTEC,,none,annual_value,,,,1.7e-05,,,0,,,ok,locality=Qingshuihe; elev_m=4464; magt_c=-0.49; dem_minus_elev_m=+0; value_same_as=QSH-2; v3_near=17430:F4_calm_temp:CALM_QTP_China
qtp_fu_temp,QSH-3,Qingshuihe QSH-3,35.43545,93.6040333,2010,,306.0,borehole_temp,temp_derived,1,China,Tibet,"Fu, Ziteng (2025). Permafrost ground temperature and active layer thickness data on the Qinghai–Tibet Plateau (2001–2020). figshare. Dataset. https://doi.org/10.6084/m9.figshare.29206613.v1",CC BY 4.0,QTEC,,none,annual_value,,,,1.7e-05,,,0,,,ok,locality=Qingshuihe; elev_m=4464; magt_c=-0.49; dem_minus_elev_m=+0; value_same_as=QSH-2; v3_near=17430:F4_calm_temp:CALM_QTP_China
qtp_fu_temp,QSH-3,Qingshuihe QSH-3,35.43545,93.6040333,2011,,292.0,borehole_temp,temp_derived,1,China,Tibet,"Fu, Ziteng (2025). Permafrost ground temperature and active layer thickness data on the Qinghai–Tibet Plateau (2001–2020). figshare. Dataset. https://doi.org/10.6084/m9.figshare.29206613.v1",CC BY 4.0,QTEC,,none,annual_value,,,,1.7e-05,,,0,,,ok,locality=Qingshuihe; elev_m=4464; magt_c=-0.49; dem_minus_elev_m=+0; value_same_as=QSH-2; v3_near=17430:F4_calm_temp:CALM_QTP_China
qtp_fu_temp,QSH-3,Qingshuihe QSH-3,35.43545,93.6040333,2012,,312.0,borehole_temp,temp_derived,1,China,Tibet,"Fu, Ziteng (2025). Permafrost ground temperature and active layer thickness data on the Qinghai–Tibet Plateau (2001–2020). figshare. Dataset. https://doi.org/10.6084/m9.figshare.29206613.v1",CC BY 4.0,QTEC,,none,annual_value,,,,1.7e-05,,,0,,,ok,locality=Qingshuihe; elev_m=4464; magt_c=-0.49; dem_minus_elev_m=+0; value_same_as=QSH-2; v3_near=17430:F4_calm_temp:CALM_QTP_China
qtp_fu_temp,QSH-3,Qingshuihe QSH-3,35.43545,93.6040333,2013,,318.0,borehole_temp,temp_derived,1,China,Tibet,"Fu, Ziteng (2025). Permafrost ground temperature and active layer thickness data on the Qinghai–Tibet Plateau (2001–2020). figshare. Dataset. https://doi.org/10.6084/m9.figshare.29206613.v1",CC BY 4.0,QTEC,,none,annual_value,,,,1.7e-05,,,0,,,ok,locality=Qingshuihe; elev_m=4464; magt_c=-0.49; dem_minus_elev_m=+0; value_same_as=QSH-2; v3_near=17430:F4_calm_temp:CALM_QTP_China
qtp_fu_temp,QSH-3,Qingshuihe QSH-3,35.43545,93.6040333,2014,,318.0,borehole_temp,temp_derived,1,China,Tibet,"Fu, Ziteng (2025). Permafrost ground temperature and active layer thickness data on the Qinghai–Tibet Plateau (2001–2020). figshare. Dataset. https://doi.org/10.6084/m9.figshare.29206613.v1",CC BY 4.0,QTEC,,none,annual_value,,,,1.7e-05,,,0,,,ok,locality=Qingshuihe; elev_m=4464; magt_c=-0.49; dem_minus_elev_m=+0; value_same_as=QSH-2; v3_near=17430:F4_calm_temp:CALM_QTP_China
qtp_fu_temp,QSH-3,Qingshuihe QSH-3,35.43545,93.6040333,2015,,333.0,borehole_temp,temp_derived,1,China,Tibet,"Fu, Ziteng (2025). Permafrost ground temperature and active layer thickness data on the Qinghai–Tibet Plateau (2001–2020). figshare. Dataset. https://doi.org/10.6084/m9.figshare.29206613.v1",CC BY 4.0,QTEC,,none,annual_value,,,,1.7e-05,,,0,,,ok,locality=Qingshuihe; elev_m=4464; magt_c=-0.49; dem_minus_elev_m=+0; v3_near=17430:F4_calm_temp:CALM_QTP_China
qtp_fu_temp,QSH-3,Qingshuihe QSH-3,35.43545,93.6040333,2016,,357.0,borehole_temp,temp_derived,1,China,Tibet,"Fu, Ziteng (2025). Permafrost ground temperature and active layer thickness data on the Qinghai–Tibet Plateau (2001–2020). figshare. Dataset. https://doi.org/10.6084/m9.figshare.29206613.v1",CC BY 4.0,QTEC,,none,annual_value,,,,1.7e-05,,,0,,,ok,locality=Qingshuihe; elev_m=4464; magt_c=-0.49; dem_minus_elev_m=+0; v3_near=17430:F4_calm_temp:CALM_QTP_China
qtp_fu_temp,QSH-3,Qingshuihe QSH-3,35.43545,93.6040333,2017,,361.0,borehole_temp,temp_derived,1,China,Tibet,"Fu, Ziteng (2025). Permafrost ground temperature and active layer thickness data on the Qinghai–Tibet Plateau (2001–2020). figshare. Dataset. https://doi.org/10.6084/m9.figshare.29206613.v1",CC BY 4.0,QTEC,,none,annual_value,,,,1.7e-05,,,0,,,ok,locality=Qingshuihe; elev_m=4464; magt_c=-0.49; dem_minus_elev_m=+0; v3_near=17430:F4_calm_temp:CALM_QTP_China
qtp_fu_temp,QSH-3,Qingshuihe QSH-3,35.43545,93.6040333,2018,,368.0,borehole_temp,temp_derived,1,China,Tibet,"Fu, Ziteng (2025). Permafrost ground temperature and active layer thickness data on the Qinghai–Tibet Plateau (2001–2020). figshare. Dataset. https://doi.org/10.6084/m9.figshare.29206613.v1",CC BY 4.0,QTEC,,none,annual_value,,,,1.7e-05,,,0,,,ok,locality=Qingshuihe; elev_m=4464; magt_c=-0.49; dem_minus_elev_m=+0; v3_near=17430:F4_calm_temp:CALM_QTP_China
qtp_fu_temp,QSH-3,Qingshuihe QSH-3,35.43545,93.6040333,2019,,370.0,borehole_temp,temp_derived,1,China,Tibet,"Fu, Ziteng (2025). Permafrost ground temperature and active layer thickness data on the Qinghai–Tibet Plateau (2001–2020). figshare. Dataset. https://doi.org/10.6084/m9.figshare.29206613.v1",CC BY 4.0,QTEC,,none,annual_value,,,,1.7e-05,,,0,,,ok,locality=Qingshuihe; elev_m=4464; magt_c=-0.49; dem_minus_elev_m=+0; v3_near=17430:F4_calm_temp:CALM_QTP_China
qtp_fu_temp,QSH-3,Qingshuihe QSH-3,35.43545,93.6040333,2020,,402.0,borehole_temp,temp_derived,1,China,Tibet,"Fu, Ziteng (2025). Permafrost ground temperature and active layer thickness data on the Qinghai–Tibet Plateau (2001–2020). figshare. Dataset. https://doi.org/10.6084/m9.figshare.29206613.v1",CC BY 4.0,QTEC,,none,annual_value,,,,1.7e-05,,,0,,,ok,locality=Qingshuihe; elev_m=4464; magt_c=-0.49; dem_minus_elev_m=+0; v3_near=17430:F4_calm_temp:CALM_QTP_China
qtp_fu_temp,CM5,Chumaerhe CM5,35.3639833,93.4465167,2001,,265.0,borehole_temp,temp_derived,1,China,Tibet,"Fu, Ziteng (2025). Permafrost ground temperature and active layer thickness data on the Qinghai–Tibet Plateau (2001–2020). figshare. Dataset. https://doi.org/10.6084/m9.figshare.29206613.v1",CC BY 4.0,QTEC,,none,annual_value,,,,1.7e-05,,,0,,,ok,locality=Chumaerhe; elev_m=4507; magt_c=-1.47; dem_minus_elev_m=-4
qtp_fu_temp,CM5,Chumaerhe CM5,35.3639833,93.4465167,2002,,264.0,borehole_temp,temp_derived,1,China,Tibet,"Fu, Ziteng (2025). Permafrost ground temperature and active layer thickness data on the Qinghai–Tibet Plateau (2001–2020). figshare. Dataset. https://doi.org/10.6084/m9.figshare.29206613.v1",CC BY 4.0,QTEC,,none,annual_value,,,,1.7e-05,,,0,,,ok,locality=Chumaerhe; elev_m=4507; magt_c=-1.47; dem_minus_elev_m=-4
qtp_fu_temp,CM5,Chumaerhe CM5,35.3639833,93.4465167,2003,,271.0,borehole_temp,temp_derived,1,China,Tibet,"Fu, Ziteng (2025). Permafrost ground temperature and active layer thickness data on the Qinghai–Tibet Plateau (2001–2020). figshare. Dataset. https://doi.org/10.6084/m9.figshare.29206613.v1",CC BY 4.0,QTEC,,none,annual_value,,,,1.7e-05,,,0,,,ok,locality=Chumaerhe; elev_m=4507; magt_c=-1.47; dem_minus_elev_m=-4
qtp_fu_temp,CM5,Chumaerhe CM5,35.3639833,93.4465167,2004,,245.0,borehole_temp,temp_derived,1,China,Tibet,"Fu, Ziteng (2025). Permafrost ground temperature and active layer thickness data on the Qinghai–Tibet Plateau (2001–2020). figshare. Dataset. https://doi.org/10.6084/m9.figshare.29206613.v1",CC BY 4.0,QTEC,,none,annual_value,,,,1.7e-05,,,0,,,ok,locality=Chumaerhe; elev_m=4507; magt_c=-1.47; dem_minus_elev_m=-4
qtp_fu_temp,CM5,Chumaerhe CM5,35.3639833,93.4465167,2005,,270.0,borehole_temp,temp_derived,1,China,Tibet,"Fu, Ziteng (2025). Permafrost ground temperature and active layer thickness data on the Qinghai–Tibet Plateau (2001–2020). figshare. Dataset. https://doi.org/10.6084/m9.figshare.29206613.v1",CC BY 4.0,QTEC,,none,annual_value,,,,1.7e-05,,,0,,,ok,locality=Chumaerhe; elev_m=4507; magt_c=-1.47; dem_minus_elev_m=-4
qtp_fu_temp,CM5,Chumaerhe CM5,35.3639833,93.4465167,2006,,289.0,borehole_temp,temp_derived,1,China,Tibet,"Fu, Ziteng (2025). Permafrost ground temperature and active layer thickness data on the Qinghai–Tibet Plateau (2001–2020). figshare. Dataset. https://doi.org/10.6084/m9.figshare.29206613.v1",CC BY 4.0,QTEC,,none,annual_value,,,,1.7e-05,,,0,,,ok,locality=Chumaerhe; elev_m=4507; magt_c=-1.47; dem_minus_elev_m=-4
qtp_fu_temp,CM5,Chumaerhe CM5,35.3639833,93.4465167,2007,,288.0,borehole_temp,temp_derived,1,China,Tibet,"Fu, Ziteng (2025). Permafrost ground temperature and active layer thickness data on the Qinghai–Tibet Plateau (2001–2020). figshare. Dataset. https://doi.org/10.6084/m9.figshare.29206613.v1",CC BY 4.0,QTEC,,none,annual_value,,,,1.7e-05,,,0,,,ok,locality=Chumaerhe; elev_m=4507; magt_c=-1.47; dem_minus_elev_m=-4
qtp_fu_temp,CM5,Chumaerhe CM5,35.3639833,93.4465167,2008,,283.0,borehole_temp,temp_derived,1,China,Tibet,"Fu, Ziteng (2025). Permafrost ground temperature and active layer thickness data on the Qinghai–Tibet Plateau (2001–2020). figshare. Dataset. https://doi.org/10.6084/m9.figshare.29206613.v1",CC BY 4.0,QTEC,,none,annual_value,,,,1.7e-05,,,0,,,ok,locality=Chumaerhe; elev_m=4507; magt_c=-1.47; dem_minus_elev_m=-4
qtp_fu_temp,CM5,Chumaerhe CM5,35.3639833,93.4465167,2009,,286.0,borehole_temp,temp_derived,1,China,Tibet,"Fu, Ziteng (2025). Permafrost ground temperature and active layer thickness data on the Qinghai–Tibet Plateau (2001–2020). figshare. Dataset. https://doi.org/10.6084/m9.figshare.29206613.v1",CC BY 4.0,QTEC,,none,annual_value,,,,1.7e-05,,,0,,,ok,locality=Chumaerhe; elev_m=4507; magt_c=-1.47; dem_minus_elev_m=-4
qtp_fu_temp,CM5,Chumaerhe CM5,35.3639833,93.4465167,2010,,291.0,borehole_temp,temp_derived,1,China,Tibet,"Fu, Ziteng (2025). Permafrost ground temperature and active layer thickness data on the Qinghai–Tibet Plateau (2001–2020). figshare. Dataset. https://doi.org/10.6084/m9.figshare.29206613.v1",CC BY 4.0,QTEC,,none,annual_value,,,,1.7e-05,,,0,,,ok,locality=Chumaerhe; elev_m=4507; magt_c=-1.47; dem_minus_elev_m=-4
qtp_fu_temp,CM5,Chumaerhe CM5,35.3639833,93.4465167,2011,,284.0,borehole_temp,temp_derived,1,China,Tibet,"Fu, Ziteng (2025). Permafrost ground temperature and active layer thickness data on the Qinghai–Tibet Plateau (2001–2020). figshare. Dataset. https://doi.org/10.6084/m9.figshare.29206613.v1",CC BY 4.0,QTEC,,none,annual_value,,,,1.7e-05,,,0,,,ok,locality=Chumaerhe; elev_m=4507; magt_c=-1.47; dem_minus_elev_m=-4
qtp_fu_temp,CM5,Chumaerhe CM5,35.3639833,93.4465167,2012,,281.0,borehole_temp,temp_derived,1,China,Tibet,"Fu, Ziteng (2025). Permafrost ground temperature and active layer thickness data on the Qinghai–Tibet Plateau (2001–2020). figshare. Dataset. https://doi.org/10.6084/m9.figshare.29206613.v1",CC BY 4.0,QTEC,,none,annual_value,,,,1.7e-05,,,0,,,ok,locality=Chumaerhe; elev_m=4507; magt_c=-1.47; dem_minus_elev_m=-4
qtp_fu_temp,CM5,Chumaerhe CM5,35.3639833,93.4465167,2013,,293.0,borehole_temp,temp_derived,1,China,Tibet,"Fu, Ziteng (2025). Permafrost ground temperature and active layer thickness data on the Qinghai–Tibet Plateau (2001–2020). figshare. Dataset. https://doi.org/10.6084/m9.figshare.29206613.v1",CC BY 4.0,QTEC,,none,annual_value,,,,1.7e-05,,,0,,,ok,locality=Chumaerhe; elev_m=4507; magt_c=-1.47; dem_minus_elev_m=-4
qtp_fu_temp,CM5,Chumaerhe CM5,35.3639833,93.4465167,2014,,288.0,borehole_temp,temp_derived,1,China,Tibet,"Fu, Ziteng (2025). Permafrost ground temperature and active layer thickness data on the Qinghai–Tibet Plateau (2001–2020). figshare. Dataset. https://doi.org/10.6084/m9.figshare.29206613.v1",CC BY 4.0,QTEC,,none,annual_value,,,,1.7e-05,,,0,,,ok,locality=Chumaerhe; elev_m=4507; magt_c=-1.47; dem_minus_elev_m=-4
qtp_fu_temp,CM5,Chumaerhe CM5,35.3639833,93.4465167,2015,,296.0,borehole_temp,temp_derived,1,China,Tibet,"Fu, Ziteng (2025). Permafrost ground temperature and active layer thickness data on the Qinghai–Tibet Plateau (2001–2020). figshare. Dataset. https://doi.org/10.6084/m9.figshare.29206613.v1",CC BY 4.0,QTEC,,none,annual_value,,,,1.7e-05,,,0,,,ok,locality=Chumaerhe; elev_m=4507; magt_c=-1.47; dem_minus_elev_m=-4
qtp_fu_temp,CM5,Chumaerhe CM5,35.3639833,93.4465167,2016,,328.0,borehole_temp,temp_derived,1,China,Tibet,"Fu, Ziteng (2025). Permafrost ground temperature and active layer thickness data on the Qinghai–Tibet Plateau (2001–2020). figshare. Dataset. https://doi.org/10.6084/m9.figshare.29206613.v1",CC BY 4.0,QTEC,,none,annual_value,,,,1.7e-05,,,0,,,ok,locality=Chumaerhe; elev_m=4507; magt_c=-1.47; dem_minus_elev_m=-4
qtp_fu_temp,CM5,Chumaerhe CM5,35.3639833,93.4465167,2017,,340.0,borehole_temp,temp_derived,1,China,Tibet,"Fu, Ziteng (2025). Permafrost ground temperature and active layer thickness data on the Qinghai–Tibet Plateau (2001–2020). figshare. Dataset. https://doi.org/10.6084/m9.figshare.29206613.v1",CC BY 4.0,QTEC,,none,annual_value,,,,1.7e-05,,,0,,,ok,locality=Chumaerhe; elev_m=4507; magt_c=-1.47; dem_minus_elev_m=-4
qtp_fu_temp,CM5,Chumaerhe CM5,35.3639833,93.4465167,2018,,340.0,borehole_temp,temp_derived,1,China,Tibet,"Fu, Ziteng (2025). Permafrost ground temperature and active layer thickness data on the Qinghai–Tibet Plateau (2001–2020). figshare. Dataset. https://doi.org/10.6084/m9.figshare.29206613.v1",CC BY 4.0,QTEC,,none,annual_value,,,,1.7e-05,,,0,,,ok,locality=Chumaerhe; elev_m=4507; magt_c=-1.47; dem_minus_elev_m=-4
qtp_fu_temp,CM5,Chumaerhe CM5,35.3639833,93.4465167,2019,,297.0,borehole_temp,temp_derived,1,China,Tibet,"Fu, Ziteng (2025). Permafrost ground temperature and active layer thickness data on the Qinghai–Tibet Plateau (2001–2020). figshare. Dataset. https://doi.org/10.6084/m9.figshare.29206613.v1",CC BY 4.0,QTEC,,none,annual_value,,,,1.7e-05,,,0,,,ok,locality=Chumaerhe; elev_m=4507; magt_c=-1.47; dem_minus_elev_m=-4
qtp_fu_temp,CM5,Chumaerhe CM5,35.3639833,93.4465167,2020,,297.0,borehole_temp,temp_derived,1,China,Tibet,"Fu, Ziteng (2025). Permafrost ground temperature and active layer thickness data on the Qinghai–Tibet Plateau (2001–2020). figshare. Dataset. https://doi.org/10.6084/m9.figshare.29206613.v1",CC BY 4.0,QTEC,,none,annual_value,,,,1.7e-05,,,0,,,ok,locality=Chumaerhe; elev_m=4507; magt_c=-1.47; dem_minus_elev_m=-4
qtp_fu_temp,CM6,Chumaerhe CM6,35.3636167,93.4445667,2001,,302.0,borehole_temp,temp_derived,1,China,Tibet,"Fu, Ziteng (2025). Permafrost ground temperature and active layer thickness data on the Qinghai–Tibet Plateau (2001–2020). figshare. Dataset. https://doi.org/10.6084/m9.figshare.29206613.v1",CC BY 4.0,QTEC,,none,annual_value,,,,1.7e-05,,,0,,,ok,locality=Chumaerhe; elev_m=4504; magt_c=-1.12; dem_minus_elev_m=+0
qtp_fu_temp,CM6,Chumaerhe CM6,35.3636167,93.4445667,2002,,301.0,borehole_temp,temp_derived,1,China,Tibet,"Fu, Ziteng (2025). Permafrost ground temperature and active layer thickness data on the Qinghai–Tibet Plateau (2001–2020). figshare. Dataset. https://doi.org/10.6084/m9.figshare.29206613.v1",CC BY 4.0,QTEC,,none,annual_value,,,,1.7e-05,,,0,,,ok,locality=Chumaerhe; elev_m=4504; magt_c=-1.12; dem_minus_elev_m=+0
qtp_fu_temp,CM6,Chumaerhe CM6,35.3636167,93.4445667,2003,,305.0,borehole_temp,temp_derived,1,China,Tibet,"Fu, Ziteng (2025). Permafrost ground temperature and active layer thickness data on the Qinghai–Tibet Plateau (2001–2020). figshare. Dataset. https://doi.org/10.6084/m9.figshare.29206613.v1",CC BY 4.0,QTEC,,none,annual_value,,,,1.7e-05,,,0,,,ok,locality=Chumaerhe; elev_m=4504; magt_c=-1.12; dem_minus_elev_m=+0
qtp_fu_temp,CM6,Chumaerhe CM6,35.3636167,93.4445667,2004,,292.0,borehole_temp,temp_derived,1,China,Tibet,"Fu, Ziteng (2025). Permafrost ground temperature and active layer thickness data on the Qinghai–Tibet Plateau (2001–2020). figshare. Dataset. https://doi.org/10.6084/m9.figshare.29206613.v1",CC BY 4.0,QTEC,,none,annual_value,,,,1.7e-05,,,0,,,ok,locality=Chumaerhe; elev_m=4504; magt_c=-1.12; dem_minus_elev_m=+0
qtp_fu_temp,CM6,Chumaerhe CM6,35.3636167,93.4445667,2005,,306.0,borehole_temp,temp_derived,1,China,Tibet,"Fu, Ziteng (2025). Permafrost ground temperature and active layer thickness data on the Qinghai–Tibet Plateau (2001–2020). figshare. Dataset. https://doi.org/10.6084/m9.figshare.29206613.v1",CC BY 4.0,QTEC,,none,annual_value,,,,1.7e-05,,,0,,,ok,locality=Chumaerhe; elev_m=4504; magt_c=-1.12; dem_minus_elev_m=+0
qtp_fu_temp,CM6,Chumaerhe CM6,35.3636167,93.4445667,2006,,316.0,borehole_temp,temp_derived,1,China,Tibet,"Fu, Ziteng (2025). Permafrost ground temperature and active layer thickness data on the Qinghai–Tibet Plateau (2001–2020). figshare. Dataset. https://doi.org/10.6084/m9.figshare.29206613.v1",CC BY 4.0,QTEC,,none,annual_value,,,,1.7e-05,,,0,,,ok,locality=Chumaerhe; elev_m=4504; magt_c=-1.12; dem_minus_elev_m=+0
qtp_fu_temp,CM6,Chumaerhe CM6,35.3636167,93.4445667,2007,,316.0,borehole_temp,temp_derived,1,China,Tibet,"Fu, Ziteng (2025). Permafrost ground temperature and active layer thickness data on the Qinghai–Tibet Plateau (2001–2020). figshare. Dataset. https://doi.org/10.6084/m9.figshare.29206613.v1",CC BY 4.0,QTEC,,none,annual_value,,,,1.7e-05,,,0,,,ok,locality=Chumaerhe; elev_m=4504; magt_c=-1.12; dem_minus_elev_m=+0
qtp_fu_temp,CM6,Chumaerhe CM6,35.3636167,93.4445667,2008,,304.0,borehole_temp,temp_derived,1,China,Tibet,"Fu, Ziteng (2025). Permafrost ground temperature and active layer thickness data on the Qinghai–Tibet Plateau (2001–2020). figshare. Dataset. https://doi.org/10.6084/m9.figshare.29206613.v1",CC BY 4.0,QTEC,,none,annual_value,,,,1.7e-05,,,0,,,ok,locality=Chumaerhe; elev_m=4504; magt_c=-1.12; dem_minus_elev_m=+0
qtp_fu_temp,CM6,Chumaerhe CM6,35.3636167,93.4445667,2009,,308.0,borehole_temp,temp_derived,1,China,Tibet,"Fu, Ziteng (2025). Permafrost ground temperature and active layer thickness data on the Qinghai–Tibet Plateau (2001–2020). figshare. Dataset. https://doi.org/10.6084/m9.figshare.29206613.v1",CC BY 4.0,QTEC,,none,annual_value,,,,1.7e-05,,,0,,,ok,locality=Chumaerhe; elev_m=4504; magt_c=-1.12; dem_minus_elev_m=+0
qtp_fu_temp,CM6,Chumaerhe CM6,35.3636167,93.4445667,2010,,319.0,borehole_temp,temp_derived,1,China,Tibet,"Fu, Ziteng (2025). Permafrost ground temperature and active layer thickness data on the Qinghai–Tibet Plateau (2001–2020). figshare. Dataset. https://doi.org/10.6084/m9.figshare.29206613.v1",CC BY 4.0,QTEC,,none,annual_value,,,,1.7e-05,,,0,,,ok,locality=Chumaerhe; elev_m=4504; magt_c=-1.12; dem_minus_elev_m=+0
qtp_fu_temp,CM6,Chumaerhe CM6,35.3636167,93.4445667,2011,,308.0,borehole_temp,temp_derived,1,China,Tibet,"Fu, Ziteng (2025). Permafrost ground temperature and active layer thickness data on the Qinghai–Tibet Plateau (2001–2020). figshare. Dataset. https://doi.org/10.6084/m9.figshare.29206613.v1",CC BY 4.0,QTEC,,none,annual_value,,,,1.7e-05,,,0,,,ok,locality=Chumaerhe; elev_m=4504; magt_c=-1.12; dem_minus_elev_m=+0
qtp_fu_temp,CM6,Chumaerhe CM6,35.3636167,93.4445667,2012,,309.0,borehole_temp,temp_derived,1,China,Tibet,"Fu, Ziteng (2025). Permafrost ground temperature and active layer thickness data on the Qinghai–Tibet Plateau (2001–2020). figshare. Dataset. https://doi.org/10.6084/m9.figshare.29206613.v1",CC BY 4.0,QTEC,,none,annual_value,,,,1.7e-05,,,0,,,ok,locality=Chumaerhe; elev_m=4504; magt_c=-1.12; dem_minus_elev_m=+0
qtp_fu_temp,CM6,Chumaerhe CM6,35.3636167,93.4445667,2013,,316.0,borehole_temp,temp_derived,1,China,Tibet,"Fu, Ziteng (2025). Permafrost ground temperature and active layer thickness data on the Qinghai–Tibet Plateau (2001–2020). figshare. Dataset. https://doi.org/10.6084/m9.figshare.29206613.v1",CC BY 4.0,QTEC,,none,annual_value,,,,1.7e-05,,,0,,,ok,locality=Chumaerhe; elev_m=4504; magt_c=-1.12; dem_minus_elev_m=+0
qtp_fu_temp,CM6,Chumaerhe CM6,35.3636167,93.4445667,2014,,306.0,borehole_temp,temp_derived,1,China,Tibet,"Fu, Ziteng (2025). Permafrost ground temperature and active layer thickness data on the Qinghai–Tibet Plateau (2001–2020). figshare. Dataset. https://doi.org/10.6084/m9.figshare.29206613.v1",CC BY 4.0,QTEC,,none,annual_value,,,,1.7e-05,,,0,,,ok,locality=Chumaerhe; elev_m=4504; magt_c=-1.12; dem_minus_elev_m=+0
qtp_fu_temp,CM6,Chumaerhe CM6,35.3636167,93.4445667,2015,,318.0,borehole_temp,temp_derived,1,China,Tibet,"Fu, Ziteng (2025). Permafrost ground temperature and active layer thickness data on the Qinghai–Tibet Plateau (2001–2020). figshare. Dataset. https://doi.org/10.6084/m9.figshare.29206613.v1",CC BY 4.0,QTEC,,none,annual_value,,,,1.7e-05,,,0,,,ok,locality=Chumaerhe; elev_m=4504; magt_c=-1.12; dem_minus_elev_m=+0
qtp_fu_temp,CM6,Chumaerhe CM6,35.3636167,93.4445667,2016,,333.0,borehole_temp,temp_derived,1,China,Tibet,"Fu, Ziteng (2025). Permafrost ground temperature and active layer thickness data on the Qinghai–Tibet Plateau (2001–2020). figshare. Dataset. https://doi.org/10.6084/m9.figshare.29206613.v1",CC BY 4.0,QTEC,,none,annual_value,,,,1.7e-05,,,0,,,ok,locality=Chumaerhe; elev_m=4504; magt_c=-1.12; dem_minus_elev_m=+0
qtp_fu_temp,CM6,Chumaerhe CM6,35.3636167,93.4445667,2017,,338.0,borehole_temp,temp_derived,1,China,Tibet,"Fu, Ziteng (2025). Permafrost ground temperature and active layer thickness data on the Qinghai–Tibet Plateau (2001–2020). figshare. Dataset. https://doi.org/10.6084/m9.figshare.29206613.v1",CC BY 4.0,QTEC,,none,annual_value,,,,1.7e-05,,,0,,,ok,locality=Chumaerhe; elev_m=4504; magt_c=-1.12; dem_minus_elev_m=+0
qtp_fu_temp,CM6,Chumaerhe CM6,35.3636167,93.4445667,2018,,340.0,borehole_temp,temp_derived,1,China,Tibet,"Fu, Ziteng (2025). Permafrost ground temperature and active layer thickness data on the Qinghai–Tibet Plateau (2001–2020). figshare. Dataset. https://doi.org/10.6084/m9.figshare.29206613.v1",CC BY 4.0,QTEC,,none,annual_value,,,,1.7e-05,,,0,,,ok,locality=Chumaerhe; elev_m=4504; magt_c=-1.12; dem_minus_elev_m=+0
qtp_fu_temp,CM6,Chumaerhe CM6,35.3636167,93.4445667,2019,,325.0,borehole_temp,temp_derived,1,China,Tibet,"Fu, Ziteng (2025). Permafrost ground temperature and active layer thickness data on the Qinghai–Tibet Plateau (2001–2020). figshare. Dataset. https://doi.org/10.6084/m9.figshare.29206613.v1",CC BY 4.0,QTEC,,none,annual_value,,,,1.7e-05,,,0,,,ok,locality=Chumaerhe; elev_m=4504; magt_c=-1.12; dem_minus_elev_m=+0
qtp_fu_temp,CM6,Chumaerhe CM6,35.3636167,93.4445667,2020,,331.0,borehole_temp,temp_derived,1,China,Tibet,"Fu, Ziteng (2025). Permafrost ground temperature and active layer thickness data on the Qinghai–Tibet Plateau (2001–2020). figshare. Dataset. https://doi.org/10.6084/m9.figshare.29206613.v1",CC BY 4.0,QTEC,,none,annual_value,,,,1.7e-05,,,0,,,ok,locality=Chumaerhe; elev_m=4504; magt_c=-1.12; dem_minus_elev_m=+0
qtp_fu_temp,CM7,Wudaoliang CM7,35.2774167,93.2218167,2001,,437.0,borehole_temp,temp_derived,1,China,Tibet,"Fu, Ziteng (2025). Permafrost ground temperature and active layer thickness data on the Qinghai–Tibet Plateau (2001–2020). figshare. Dataset. https://doi.org/10.6084/m9.figshare.29206613.v1",CC BY 4.0,QTEC,,none,annual_value,,,,1.7e-05,,,0,,,ok,locality=Wudaoliang; elev_m=4589; magt_c=-0.55; dem_minus_elev_m=-3
qtp_fu_temp,CM7,Wudaoliang CM7,35.2774167,93.2218167,2002,,435.0,borehole_temp,temp_derived,1,China,Tibet,"Fu, Ziteng (2025). Permafrost ground temperature and active layer thickness data on the Qinghai–Tibet Plateau (2001–2020). figshare. Dataset. https://doi.org/10.6084/m9.figshare.29206613.v1",CC BY 4.0,QTEC,,none,annual_value,,,,1.7e-05,,,0,,,ok,locality=Wudaoliang; elev_m=4589; magt_c=-0.55; dem_minus_elev_m=-3
qtp_fu_temp,CM7,Wudaoliang CM7,35.2774167,93.2218167,2003,,429.0,borehole_temp,temp_derived,1,China,Tibet,"Fu, Ziteng (2025). Permafrost ground temperature and active layer thickness data on the Qinghai–Tibet Plateau (2001–2020). figshare. Dataset. https://doi.org/10.6084/m9.figshare.29206613.v1",CC BY 4.0,QTEC,,none,annual_value,,,,1.7e-05,,,0,,,ok,locality=Wudaoliang; elev_m=4589; magt_c=-0.55; dem_minus_elev_m=-3
qtp_fu_temp,CM7,Wudaoliang CM7,35.2774167,93.2218167,2004,,459.0,borehole_temp,temp_derived,1,China,Tibet,"Fu, Ziteng (2025). Permafrost ground temperature and active layer thickness data on the Qinghai–Tibet Plateau (2001–2020). figshare. Dataset. https://doi.org/10.6084/m9.figshare.29206613.v1",CC BY 4.0,QTEC,,none,annual_value,,,,1.7e-05,,,0,,,ok,locality=Wudaoliang; elev_m=4589; magt_c=-0.55; dem_minus_elev_m=-3
qtp_fu_temp,CM7,Wudaoliang CM7,35.2774167,93.2218167,2005,,478.0,borehole_temp,temp_derived,1,China,Tibet,"Fu, Ziteng (2025). Permafrost ground temperature and active layer thickness data on the Qinghai–Tibet Plateau (2001–2020). figshare. Dataset. https://doi.org/10.6084/m9.figshare.29206613.v1",CC BY 4.0,QTEC,,none,annual_value,,,,1.7e-05,,,0,,,ok,locality=Wudaoliang; elev_m=4589; magt_c=-0.55; dem_minus_elev_m=-3
qtp_fu_temp,CM7,Wudaoliang CM7,35.2774167,93.2218167,2006,,490.0,borehole_temp,temp_derived,1,China,Tibet,"Fu, Ziteng (2025). Permafrost ground temperature and active layer thickness data on the Qinghai–Tibet Plateau (2001–2020). figshare. Dataset. https://doi.org/10.6084/m9.figshare.29206613.v1",CC BY 4.0,QTEC,,none,annual_value,,,,1.7e-05,,,0,,,ok,locality=Wudaoliang; elev_m=4589; magt_c=-0.55; dem_minus_elev_m=-3
qtp_fu_temp,CM7,Wudaoliang CM7,35.2774167,93.2218167,2007,,490.0,borehole_temp,temp_derived,1,China,Tibet,"Fu, Ziteng (2025). Permafrost ground temperature and active layer thickness data on the Qinghai–Tibet Plateau (2001–2020). figshare. Dataset. https://doi.org/10.6084/m9.figshare.29206613.v1",CC BY 4.0,QTEC,,none,annual_value,,,,1.7e-05,,,0,,,ok,locality=Wudaoliang; elev_m=4589; magt_c=-0.55; dem_minus_elev_m=-3
qtp_fu_temp,CM7,Wudaoliang CM7,35.2774167,93.2218167,2008,,474.0,borehole_temp,temp_derived,1,China,Tibet,"Fu, Ziteng (2025). Permafrost ground temperature and active layer thickness data on the Qinghai–Tibet Plateau (2001–2020). figshare. Dataset. https://doi.org/10.6084/m9.figshare.29206613.v1",CC BY 4.0,QTEC,,none,annual_value,,,,1.7e-05,,,0,,,ok,locality=Wudaoliang; elev_m=4589; magt_c=-0.55; dem_minus_elev_m=-3
qtp_fu_temp,CM7,Wudaoliang CM7,35.2774167,93.2218167,2009,,484.0,borehole_temp,temp_derived,1,China,Tibet,"Fu, Ziteng (2025). Permafrost ground temperature and active layer thickness data on the Qinghai–Tibet Plateau (2001–2020). figshare. Dataset. https://doi.org/10.6084/m9.figshare.29206613.v1",CC BY 4.0,QTEC,,none,annual_value,,,,1.7e-05,,,0,,,ok,locality=Wudaoliang; elev_m=4589; magt_c=-0.55; dem_minus_elev_m=-3
qtp_fu_temp,CM7,Wudaoliang CM7,35.2774167,93.2218167,2010,,494.0,borehole_temp,temp_derived,1,China,Tibet,"Fu, Ziteng (2025). Permafrost ground temperature and active layer thickness data on the Qinghai–Tibet Plateau (2001–2020). figshare. Dataset. https://doi.org/10.6084/m9.figshare.29206613.v1",CC BY 4.0,QTEC,,none,annual_value,,,,1.7e-05,,,0,,,ok,locality=Wudaoliang; elev_m=4589; magt_c=-0.55; dem_minus_elev_m=-3
qtp_fu_temp,CM7,Wudaoliang CM7,35.2774167,93.2218167,2011,,486.0,borehole_temp,temp_derived,1,China,Tibet,"Fu, Ziteng (2025). Permafrost ground temperature and active layer thickness data on the Qinghai–Tibet Plateau (2001–2020). figshare. Dataset. https://doi.org/10.6084/m9.figshare.29206613.v1",CC BY 4.0,QTEC,,none,annual_value,,,,1.7e-05,,,0,,,ok,locality=Wudaoliang; elev_m=4589; magt_c=-0.55; dem_minus_elev_m=-3
qtp_fu_temp,CM7,Wudaoliang CM7,35.2774167,93.2218167,2012,,490.0,borehole_temp,temp_derived,1,China,Tibet,"Fu, Ziteng (2025). Permafrost ground temperature and active layer thickness data on the Qinghai–Tibet Plateau (2001–2020). figshare. Dataset. https://doi.org/10.6084/m9.figshare.29206613.v1",CC BY 4.0,QTEC,,none,annual_value,,,,1.7e-05,,,0,,,ok,locality=Wudaoliang; elev_m=4589; magt_c=-0.55; dem_minus_elev_m=-3
qtp_fu_temp,CM7,Wudaoliang CM7,35.2774167,93.2218167,2013,,501.0,borehole_temp,temp_derived,1,China,Tibet,"Fu, Ziteng (2025). Permafrost ground temperature and active layer thickness data on the Qinghai–Tibet Plateau (2001–2020). figshare. Dataset. https://doi.org/10.6084/m9.figshare.29206613.v1",CC BY 4.0,QTEC,,none,annual_value,,,,1.7e-05,,,0,,,ok,locality=Wudaoliang; elev_m=4589; magt_c=-0.55; dem_minus_elev_m=-3
qtp_fu_temp,CM7,Wudaoliang CM7,35.2774167,93.2218167,2014,,497.0,borehole_temp,temp_derived,1,China,Tibet,"Fu, Ziteng (2025). Permafrost ground temperature and active layer thickness data on the Qinghai–Tibet Plateau (2001–2020). figshare. Dataset. https://doi.org/10.6084/m9.figshare.29206613.v1",CC BY 4.0,QTEC,,none,annual_value,,,,1.7e-05,,,0,,,ok,locality=Wudaoliang; elev_m=4589; magt_c=-0.55; dem_minus_elev_m=-3
qtp_fu_temp,CM7,Wudaoliang CM7,35.2774167,93.2218167,2015,,508.0,borehole_temp,temp_derived,1,China,Tibet,"Fu, Ziteng (2025). Permafrost ground temperature and active layer thickness data on the Qinghai–Tibet Plateau (2001–2020). figshare. Dataset. https://doi.org/10.6084/m9.figshare.29206613.v1",CC BY 4.0,QTEC,,none,annual_value,,,,1.7e-05,,,0,,,ok,locality=Wudaoliang; elev_m=4589; magt_c=-0.55; dem_minus_elev_m=-3
qtp_fu_temp,CM7,Wudaoliang CM7,35.2774167,93.2218167,2016,,538.0,borehole_temp,temp_derived,1,China,Tibet,"Fu, Ziteng (2025). Permafrost ground temperature and active layer thickness data on the Qinghai–Tibet Plateau (2001–2020). figshare. Dataset. https://doi.org/10.6084/m9.figshare.29206613.v1",CC BY 4.0,QTEC,,none,annual_value,,,,1.7e-05,,,0,,,ok,locality=Wudaoliang; elev_m=4589; magt_c=-0.55; dem_minus_elev_m=-3
qtp_fu_temp,CM7,Wudaoliang CM7,35.2774167,93.2218167,2017,,514.0,borehole_temp,temp_derived,1,China,Tibet,"Fu, Ziteng (2025). Permafrost ground temperature and active layer thickness data on the Qinghai–Tibet Plateau (2001–2020). figshare. Dataset. https://doi.org/10.6084/m9.figshare.29206613.v1",CC BY 4.0,QTEC,,none,annual_value,,,,1.7e-05,,,0,,,ok,locality=Wudaoliang; elev_m=4589; magt_c=-0.55; dem_minus_elev_m=-3
qtp_fu_temp,CM7,Wudaoliang CM7,35.2774167,93.2218167,2018,,523.0,borehole_temp,temp_derived,1,China,Tibet,"Fu, Ziteng (2025). Permafrost ground temperature and active layer thickness data on the Qinghai–Tibet Plateau (2001–2020). figshare. Dataset. https://doi.org/10.6084/m9.figshare.29206613.v1",CC BY 4.0,QTEC,,none,annual_value,,,,1.7e-05,,,0,,,ok,locality=Wudaoliang; elev_m=4589; magt_c=-0.55; dem_minus_elev_m=-3
qtp_fu_temp,CM7,Wudaoliang CM7,35.2774167,93.2218167,2019,,583.0,borehole_temp,temp_derived,1,China,Tibet,"Fu, Ziteng (2025). Permafrost ground temperature and active layer thickness data on the Qinghai–Tibet Plateau (2001–2020). figshare. Dataset. https://doi.org/10.6084/m9.figshare.29206613.v1",CC BY 4.0,QTEC,,none,annual_value,,,,1.7e-05,,,0,,,ok,locality=Wudaoliang; elev_m=4589; magt_c=-0.55; dem_minus_elev_m=-3
qtp_fu_temp,CM7,Wudaoliang CM7,35.2774167,93.2218167,2020,,600.0,borehole_temp,temp_derived,1,China,Tibet,"Fu, Ziteng (2025). Permafrost ground temperature and active layer thickness data on the Qinghai–Tibet Plateau (2001–2020). figshare. Dataset. https://doi.org/10.6084/m9.figshare.29206613.v1",CC BY 4.0,QTEC,,none,annual_value,,,,1.7e-05,,,0,,,ok,locality=Wudaoliang; elev_m=4589; magt_c=-0.55; dem_minus_elev_m=-3
qtp_fu_temp,CM2,Chumaerhe CM2,35.22277,93.52668,2001,,350.0,borehole_temp,temp_derived,1,China,Tibet,"Fu, Ziteng (2025). Permafrost ground temperature and active layer thickness data on the Qinghai–Tibet Plateau (2001–2020). figshare. Dataset. https://doi.org/10.6084/m9.figshare.29206613.v1",CC BY 4.0,QTEC,,none,annual_value,,,,1e-05,,,0,,,coord,locality=Chumaerhe; elev_m=4487; magt_c=-0.65; dem_minus_elev_m=+39; lat_same_as=WD1
qtp_fu_temp,CM2,Chumaerhe CM2,35.22277,93.52668,2002,,347.0,borehole_temp,temp_derived,1,China,Tibet,"Fu, Ziteng (2025). Permafrost ground temperature and active layer thickness data on the Qinghai–Tibet Plateau (2001–2020). figshare. Dataset. https://doi.org/10.6084/m9.figshare.29206613.v1",CC BY 4.0,QTEC,,none,annual_value,,,,1e-05,,,0,,,coord,locality=Chumaerhe; elev_m=4487; magt_c=-0.65; dem_minus_elev_m=+39; lat_same_as=WD1
qtp_fu_temp,CM2,Chumaerhe CM2,35.22277,93.52668,2003,,375.0,borehole_temp,temp_derived,1,China,Tibet,"Fu, Ziteng (2025). Permafrost ground temperature and active layer thickness data on the Qinghai–Tibet Plateau (2001–2020). figshare. Dataset. https://doi.org/10.6084/m9.figshare.29206613.v1",CC BY 4.0,QTEC,,none,annual_value,,,,1e-05,,,0,,,coord,locality=Chumaerhe; elev_m=4487; magt_c=-0.65; dem_minus_elev_m=+39; lat_same_as=WD1
qtp_fu_temp,CM2,Chumaerhe CM2,35.22277,93.52668,2004,,380.0,borehole_temp,temp_derived,1,China,Tibet,"Fu, Ziteng (2025). Permafrost ground temperature and active layer thickness data on the Qinghai–Tibet Plateau (2001–2020). figshare. Dataset. https://doi.org/10.6084/m9.figshare.29206613.v1",CC BY 4.0,QTEC,,none,annual_value,,,,1e-05,,,0,,,coord,locality=Chumaerhe; elev_m=4487; magt_c=-0.65; dem_minus_elev_m=+39; lat_same_as=WD1
qtp_fu_temp,CM2,Chumaerhe CM2,35.22277,93.52668,2005,,390.0,borehole_temp,temp_derived,1,China,Tibet,"Fu, Ziteng (2025). Permafrost ground temperature and active layer thickness data on the Qinghai–Tibet Plateau (2001–2020). figshare. Dataset. https://doi.org/10.6084/m9.figshare.29206613.v1",CC BY 4.0,QTEC,,none,annual_value,,,,1e-05,,,0,,,coord,locality=Chumaerhe; elev_m=4487; magt_c=-0.65; dem_minus_elev_m=+39; lat_same_as=WD1
qtp_fu_temp,CM2,Chumaerhe CM2,35.22277,93.52668,2006,,404.0,borehole_temp,temp_derived,1,China,Tibet,"Fu, Ziteng (2025). Permafrost ground temperature and active layer thickness data on the Qinghai–Tibet Plateau (2001–2020). figshare. Dataset. https://doi.org/10.6084/m9.figshare.29206613.v1",CC BY 4.0,QTEC,,none,annual_value,,,,1e-05,,,0,,,coord,locality=Chumaerhe; elev_m=4487; magt_c=-0.65; dem_minus_elev_m=+39; lat_same_as=WD1
qtp_fu_temp,CM2,Chumaerhe CM2,35.22277,93.52668,2007,,416.0,borehole_temp,temp_derived,1,China,Tibet,"Fu, Ziteng (2025). Permafrost ground temperature and active layer thickness data on the Qinghai–Tibet Plateau (2001–2020). figshare. Dataset. https://doi.org/10.6084/m9.figshare.29206613.v1",CC BY 4.0,QTEC,,none,annual_value,,,,1e-05,,,0,,,coord,locality=Chumaerhe; elev_m=4487; magt_c=-0.65; dem_minus_elev_m=+39; lat_same_as=WD1
qtp_fu_temp,CM2,Chumaerhe CM2,35.22277,93.52668,2008,,426.0,borehole_temp,temp_derived,1,China,Tibet,"Fu, Ziteng (2025). Permafrost ground temperature and active layer thickness data on the Qinghai–Tibet Plateau (2001–2020). figshare. Dataset. https://doi.org/10.6084/m9.figshare.29206613.v1",CC BY 4.0,QTEC,,none,annual_value,,,,1e-05,,,0,,,coord,locality=Chumaerhe; elev_m=4487; magt_c=-0.65; dem_minus_elev_m=+39; lat_same_as=WD1
qtp_fu_temp,CM2,Chumaerhe CM2,35.22277,93.52668,2009,,426.0,borehole_temp,temp_derived,1,China,Tibet,"Fu, Ziteng (2025). Permafrost ground temperature and active layer thickness data on the Qinghai–Tibet Plateau (2001–2020). figshare. Dataset. https://doi.org/10.6084/m9.figshare.29206613.v1",CC BY 4.0,QTEC,,none,annual_value,,,,1e-05,,,0,,,coord,locality=Chumaerhe; elev_m=4487; magt_c=-0.65; dem_minus_elev_m=+39; lat_same_as=WD1
qtp_fu_temp,CM2,Chumaerhe CM2,35.22277,93.52668,2010,,422.0,borehole_temp,temp_derived,1,China,Tibet,"Fu, Ziteng (2025). Permafrost ground temperature and active layer thickness data on the Qinghai–Tibet Plateau (2001–2020). figshare. Dataset. https://doi.org/10.6084/m9.figshare.29206613.v1",CC BY 4.0,QTEC,,none,annual_value,,,,1e-05,,,0,,,coord,locality=Chumaerhe; elev_m=4487; magt_c=-0.65; dem_minus_elev_m=+39; lat_same_as=WD1
qtp_fu_temp,CM2,Chumaerhe CM2,35.22277,93.52668,2011,,432.0,borehole_temp,temp_derived,1,China,Tibet,"Fu, Ziteng (2025). Permafrost ground temperature and active layer thickness data on the Qinghai–Tibet Plateau (2001–2020). figshare. Dataset. https://doi.org/10.6084/m9.figshare.29206613.v1",CC BY 4.0,QTEC,,none,annual_value,,,,1e-05,,,0,,,coord,locality=Chumaerhe; elev_m=4487; magt_c=-0.65; dem_minus_elev_m=+39; lat_same_as=WD1
qtp_fu_temp,CM2,Chumaerhe CM2,35.22277,93.52668,2012,,423.0,borehole_temp,temp_derived,1,China,Tibet,"Fu, Ziteng (2025). Permafrost ground temperature and active layer thickness data on the Qinghai–Tibet Plateau (2001–2020). figshare. Dataset. https://doi.org/10.6084/m9.figshare.29206613.v1",CC BY 4.0,QTEC,,none,annual_value,,,,1e-05,,,0,,,coord,locality=Chumaerhe; elev_m=4487; magt_c=-0.65; dem_minus_elev_m=+39; lat_same_as=WD1
qtp_fu_temp,CM2,Chumaerhe CM2,35.22277,93.52668,2013,,430.0,borehole_temp,temp_derived,1,China,Tibet,"Fu, Ziteng (2025). Permafrost ground temperature and active layer thickness data on the Qinghai–Tibet Plateau (2001–2020). figshare. Dataset. https://doi.org/10.6084/m9.figshare.29206613.v1",CC BY 4.0,QTEC,,none,annual_value,,,,1e-05,,,0,,,coord,locality=Chumaerhe; elev_m=4487; magt_c=-0.65; dem_minus_elev_m=+39; lat_same_as=WD1
qtp_fu_temp,CM2,Chumaerhe CM2,35.22277,93.52668,2014,,464.0,borehole_temp,temp_derived,1,China,Tibet,"Fu, Ziteng (2025). Permafrost ground temperature and active layer thickness data on the Qinghai–Tibet Plateau (2001–2020). figshare. Dataset. https://doi.org/10.6084/m9.figshare.29206613.v1",CC BY 4.0,QTEC,,none,annual_value,,,,1e-05,,,0,,,coord,locality=Chumaerhe; elev_m=4487; magt_c=-0.65; dem_minus_elev_m=+39; lat_same_as=WD1
qtp_fu_temp,CM2,Chumaerhe CM2,35.22277,93.52668,2015,,467.0,borehole_temp,temp_derived,1,China,Tibet,"Fu, Ziteng (2025). Permafrost ground temperature and active layer thickness data on the Qinghai–Tibet Plateau (2001–2020). figshare. Dataset. https://doi.org/10.6084/m9.figshare.29206613.v1",CC BY 4.0,QTEC,,none,annual_value,,,,1e-05,,,0,,,coord,locality=Chumaerhe; elev_m=4487; magt_c=-0.65; dem_minus_elev_m=+39; lat_same_as=WD1
qtp_fu_temp,CM2,Chumaerhe CM2,35.22277,93.52668,2016,,482.0,borehole_temp,temp_derived,1,China,Tibet,"Fu, Ziteng (2025). Permafrost ground temperature and active layer thickness data on the Qinghai–Tibet Plateau (2001–2020). figshare. Dataset. https://doi.org/10.6084/m9.figshare.29206613.v1",CC BY 4.0,QTEC,,none,annual_value,,,,1e-05,,,0,,,coord,locality=Chumaerhe; elev_m=4487; magt_c=-0.65; dem_minus_elev_m=+39; lat_same_as=WD1
qtp_fu_temp,CM2,Chumaerhe CM2,35.22277,93.52668,2017,,478.0,borehole_temp,temp_derived,1,China,Tibet,"Fu, Ziteng (2025). Permafrost ground temperature and active layer thickness data on the Qinghai–Tibet Plateau (2001–2020). figshare. Dataset. https://doi.org/10.6084/m9.figshare.29206613.v1",CC BY 4.0,QTEC,,none,annual_value,,,,1e-05,,,0,,,coord,locality=Chumaerhe; elev_m=4487; magt_c=-0.65; dem_minus_elev_m=+39; lat_same_as=WD1
qtp_fu_temp,CM2,Chumaerhe CM2,35.22277,93.52668,2018,,506.0,borehole_temp,temp_derived,1,China,Tibet,"Fu, Ziteng (2025). Permafrost ground temperature and active layer thickness data on the Qinghai–Tibet Plateau (2001–2020). figshare. Dataset. https://doi.org/10.6084/m9.figshare.29206613.v1",CC BY 4.0,QTEC,,none,annual_value,,,,1e-05,,,0,,,coord,locality=Chumaerhe; elev_m=4487; magt_c=-0.65; dem_minus_elev_m=+39; lat_same_as=WD1
qtp_fu_temp,CM2,Chumaerhe CM2,35.22277,93.52668,2019,,550.0,borehole_temp,temp_derived,1,China,Tibet,"Fu, Ziteng (2025). Permafrost ground temperature and active layer thickness data on the Qinghai–Tibet Plateau (2001–2020). figshare. Dataset. https://doi.org/10.6084/m9.figshare.29206613.v1",CC BY 4.0,QTEC,,none,annual_value,,,,1e-05,,,0,,,coord,locality=Chumaerhe; elev_m=4487; magt_c=-0.65; dem_minus_elev_m=+39; lat_same_as=WD1
qtp_fu_temp,CM2,Chumaerhe CM2,35.22277,93.52668,2020,,552.0,borehole_temp,temp_derived,1,China,Tibet,"Fu, Ziteng (2025). Permafrost ground temperature and active layer thickness data on the Qinghai–Tibet Plateau (2001–2020). figshare. Dataset. https://doi.org/10.6084/m9.figshare.29206613.v1",CC BY 4.0,QTEC,,none,annual_value,,,,1e-05,,,0,,,coord,locality=Chumaerhe; elev_m=4487; magt_c=-0.65; dem_minus_elev_m=+39; lat_same_as=WD1
qtp_fu_temp,WD1,Wudaoliang WD1,35.2227667,93.0819667,2001,,253.0,borehole_temp,temp_derived,1,China,Tibet,"Fu, Ziteng (2025). Permafrost ground temperature and active layer thickness data on the Qinghai–Tibet Plateau (2001–2020). figshare. Dataset. https://doi.org/10.6084/m9.figshare.29206613.v1",CC BY 4.0,QTEC,,none,annual_value,,,,1.7e-05,,,0,,,ok,locality=Wudaoliang; elev_m=4629; magt_c=-1.33; dem_minus_elev_m=-16; lat_same_as=CM2; v3_near=17389:F4_direct:QTP_CN
qtp_fu_temp,WD1,Wudaoliang WD1,35.2227667,93.0819667,2002,,266.0,borehole_temp,temp_derived,1,China,Tibet,"Fu, Ziteng (2025). Permafrost ground temperature and active layer thickness data on the Qinghai–Tibet Plateau (2001–2020). figshare. Dataset. https://doi.org/10.6084/m9.figshare.29206613.v1",CC BY 4.0,QTEC,,none,annual_value,,,,1.7e-05,,,0,,,ok,locality=Wudaoliang; elev_m=4629; magt_c=-1.33; dem_minus_elev_m=-16; lat_same_as=CM2; v3_near=17389:F4_direct:QTP_CN
qtp_fu_temp,WD1,Wudaoliang WD1,35.2227667,93.0819667,2003,,264.0,borehole_temp,temp_derived,1,China,Tibet,"Fu, Ziteng (2025). Permafrost ground temperature and active layer thickness data on the Qinghai–Tibet Plateau (2001–2020). figshare. Dataset. https://doi.org/10.6084/m9.figshare.29206613.v1",CC BY 4.0,QTEC,,none,annual_value,,,,1.7e-05,,,0,,,ok,locality=Wudaoliang; elev_m=4629; magt_c=-1.33; dem_minus_elev_m=-16; lat_same_as=CM2; v3_near=17389:F4_direct:QTP_CN
qtp_fu_temp,WD1,Wudaoliang WD1,35.2227667,93.0819667,2004,,264.0,borehole_temp,temp_derived,1,China,Tibet,"Fu, Ziteng (2025). Permafrost ground temperature and active layer thickness data on the Qinghai–Tibet Plateau (2001–2020). figshare. Dataset. https://doi.org/10.6084/m9.figshare.29206613.v1",CC BY 4.0,QTEC,,none,annual_value,,,,1.7e-05,,,0,,,ok,locality=Wudaoliang; elev_m=4629; magt_c=-1.33; dem_minus_elev_m=-16; lat_same_as=CM2; v3_near=17389:F4_direct:QTP_CN
qtp_fu_temp,WD1,Wudaoliang WD1,35.2227667,93.0819667,2005,,256.0,borehole_temp,temp_derived,1,China,Tibet,"Fu, Ziteng (2025). Permafrost ground temperature and active layer thickness data on the Qinghai–Tibet Plateau (2001–2020). figshare. Dataset. https://doi.org/10.6084/m9.figshare.29206613.v1",CC BY 4.0,QTEC,,none,annual_value,,,,1.7e-05,,,0,,,ok,locality=Wudaoliang; elev_m=4629; magt_c=-1.33; dem_minus_elev_m=-16; lat_same_as=CM2; v3_near=17389:F4_direct:QTP_CN
qtp_fu_temp,WD1,Wudaoliang WD1,35.2227667,93.0819667,2006,,288.0,borehole_temp,temp_derived,1,China,Tibet,"Fu, Ziteng (2025). Permafrost ground temperature and active layer thickness data on the Qinghai–Tibet Plateau (2001–2020). figshare. Dataset. https://doi.org/10.6084/m9.figshare.29206613.v1",CC BY 4.0,QTEC,,none,annual_value,,,,1.7e-05,,,0,,,ok,locality=Wudaoliang; elev_m=4629; magt_c=-1.33; dem_minus_elev_m=-16; lat_same_as=CM2; v3_near=17389:F4_direct:QTP_CN
qtp_fu_temp,WD1,Wudaoliang WD1,35.2227667,93.0819667,2007,,291.0,borehole_temp,temp_derived,1,China,Tibet,"Fu, Ziteng (2025). Permafrost ground temperature and active layer thickness data on the Qinghai–Tibet Plateau (2001–2020). figshare. Dataset. https://doi.org/10.6084/m9.figshare.29206613.v1",CC BY 4.0,QTEC,,none,annual_value,,,,1.7e-05,,,0,,,ok,locality=Wudaoliang; elev_m=4629; magt_c=-1.33; dem_minus_elev_m=-16; lat_same_as=CM2; v3_near=17389:F4_direct:QTP_CN
qtp_fu_temp,WD1,Wudaoliang WD1,35.2227667,93.0819667,2008,,267.0,borehole_temp,temp_derived,1,China,Tibet,"Fu, Ziteng (2025). Permafrost ground temperature and active layer thickness data on the Qinghai–Tibet Plateau (2001–2020). figshare. Dataset. https://doi.org/10.6084/m9.figshare.29206613.v1",CC BY 4.0,QTEC,,none,annual_value,,,,1.7e-05,,,0,,,ok,locality=Wudaoliang; elev_m=4629; magt_c=-1.33; dem_minus_elev_m=-16; lat_same_as=CM2; v3_near=17389:F4_direct:QTP_CN
qtp_fu_temp,WD1,Wudaoliang WD1,35.2227667,93.0819667,2009,,290.0,borehole_temp,temp_derived,1,China,Tibet,"Fu, Ziteng (2025). Permafrost ground temperature and active layer thickness data on the Qinghai–Tibet Plateau (2001–2020). figshare. Dataset. https://doi.org/10.6084/m9.figshare.29206613.v1",CC BY 4.0,QTEC,,none,annual_value,,,,1.7e-05,,,0,,,ok,locality=Wudaoliang; elev_m=4629; magt_c=-1.33; dem_minus_elev_m=-16; lat_same_as=CM2; v3_near=17389:F4_direct:QTP_CN
qtp_fu_temp,WD1,Wudaoliang WD1,35.2227667,93.0819667,2010,,301.0,borehole_temp,temp_derived,1,China,Tibet,"Fu, Ziteng (2025). Permafrost ground temperature and active layer thickness data on the Qinghai–Tibet Plateau (2001–2020). figshare. Dataset. https://doi.org/10.6084/m9.figshare.29206613.v1",CC BY 4.0,QTEC,,none,annual_value,,,,1.7e-05,,,0,,,ok,locality=Wudaoliang; elev_m=4629; magt_c=-1.33; dem_minus_elev_m=-16; lat_same_as=CM2; v3_near=17389:F4_direct:QTP_CN
qtp_fu_temp,WD1,Wudaoliang WD1,35.2227667,93.0819667,2011,,295.0,borehole_temp,temp_derived,1,China,Tibet,"Fu, Ziteng (2025). Permafrost ground temperature and active layer thickness data on the Qinghai–Tibet Plateau (2001–2020). figshare. Dataset. https://doi.org/10.6084/m9.figshare.29206613.v1",CC BY 4.0,QTEC,,none,annual_value,,,,1.7e-05,,,0,,,ok,locality=Wudaoliang; elev_m=4629; magt_c=-1.33; dem_minus_elev_m=-16; lat_same_as=CM2; v3_near=17389:F4_direct:QTP_CN
qtp_fu_temp,WD1,Wudaoliang WD1,35.2227667,93.0819667,2012,,295.0,borehole_temp,temp_derived,1,China,Tibet,"Fu, Ziteng (2025). Permafrost ground temperature and active layer thickness data on the Qinghai–Tibet Plateau (2001–2020). figshare. Dataset. https://doi.org/10.6084/m9.figshare.29206613.v1",CC BY 4.0,QTEC,,none,annual_value,,,,1.7e-05,,,0,,,ok,locality=Wudaoliang; elev_m=4629; magt_c=-1.33; dem_minus_elev_m=-16; lat_same_as=CM2; v3_near=17389:F4_direct:QTP_CN
qtp_fu_temp,WD1,Wudaoliang WD1,35.2227667,93.0819667,2013,,312.0,borehole_temp,temp_derived,1,China,Tibet,"Fu, Ziteng (2025). Permafrost ground temperature and active layer thickness data on the Qinghai–Tibet Plateau (2001–2020). figshare. Dataset. https://doi.org/10.6084/m9.figshare.29206613.v1",CC BY 4.0,QTEC,,none,annual_value,,,,1.7e-05,,,0,,,ok,locality=Wudaoliang; elev_m=4629; magt_c=-1.33; dem_minus_elev_m=-16; lat_same_as=CM2; v3_near=17389:F4_direct:QTP_CN
qtp_fu_temp,WD1,Wudaoliang WD1,35.2227667,93.0819667,2014,,315.0,borehole_temp,temp_derived,1,China,Tibet,"Fu, Ziteng (2025). Permafrost ground temperature and active layer thickness data on the Qinghai–Tibet Plateau (2001–2020). figshare. Dataset. https://doi.org/10.6084/m9.figshare.29206613.v1",CC BY 4.0,QTEC,,none,annual_value,,,,1.7e-05,,,0,,,ok,locality=Wudaoliang; elev_m=4629; magt_c=-1.33; dem_minus_elev_m=-16; lat_same_as=CM2; v3_near=17389:F4_direct:QTP_CN
qtp_fu_temp,WD1,Wudaoliang WD1,35.2227667,93.0819667,2015,,335.0,borehole_temp,temp_derived,1,China,Tibet,"Fu, Ziteng (2025). Permafrost ground temperature and active layer thickness data on the Qinghai–Tibet Plateau (2001–2020). figshare. Dataset. https://doi.org/10.6084/m9.figshare.29206613.v1",CC BY 4.0,QTEC,,none,annual_value,,,,1.7e-05,,,0,,,ok,locality=Wudaoliang; elev_m=4629; magt_c=-1.33; dem_minus_elev_m=-16; lat_same_as=CM2; v3_near=17389:F4_direct:QTP_CN
qtp_fu_temp,WD1,Wudaoliang WD1,35.2227667,93.0819667,2016,,356.0,borehole_temp,temp_derived,1,China,Tibet,"Fu, Ziteng (2025). Permafrost ground temperature and active layer thickness data on the Qinghai–Tibet Plateau (2001–2020). figshare. Dataset. https://doi.org/10.6084/m9.figshare.29206613.v1",CC BY 4.0,QTEC,,none,annual_value,,,,1.7e-05,,,0,,,ok,locality=Wudaoliang; elev_m=4629; magt_c=-1.33; dem_minus_elev_m=-16; lat_same_as=CM2; v3_near=17389:F4_direct:QTP_CN
qtp_fu_temp,WD1,Wudaoliang WD1,35.2227667,93.0819667,2017,,363.0,borehole_temp,temp_derived,1,China,Tibet,"Fu, Ziteng (2025). Permafrost ground temperature and active layer thickness data on the Qinghai–Tibet Plateau (2001–2020). figshare. Dataset. https://doi.org/10.6084/m9.figshare.29206613.v1",CC BY 4.0,QTEC,,none,annual_value,,,,1.7e-05,,,0,,,ok,locality=Wudaoliang; elev_m=4629; magt_c=-1.33; dem_minus_elev_m=-16; lat_same_as=CM2; v3_near=17389:F4_direct:QTP_CN
qtp_fu_temp,WD1,Wudaoliang WD1,35.2227667,93.0819667,2018,,361.0,borehole_temp,temp_derived,1,China,Tibet,"Fu, Ziteng (2025). Permafrost ground temperature and active layer thickness data on the Qinghai–Tibet Plateau (2001–2020). figshare. Dataset. https://doi.org/10.6084/m9.figshare.29206613.v1",CC BY 4.0,QTEC,,none,annual_value,,,,1.7e-05,,,0,,,ok,locality=Wudaoliang; elev_m=4629; magt_c=-1.33; dem_minus_elev_m=-16; lat_same_as=CM2; v3_near=17389:F4_direct:QTP_CN
qtp_fu_temp,WD1,Wudaoliang WD1,35.2227667,93.0819667,2019,,350.0,borehole_temp,temp_derived,1,China,Tibet,"Fu, Ziteng (2025). Permafrost ground temperature and active layer thickness data on the Qinghai–Tibet Plateau (2001–2020). figshare. Dataset. https://doi.org/10.6084/m9.figshare.29206613.v1",CC BY 4.0,QTEC,,none,annual_value,,,,1.7e-05,,,0,,,ok,locality=Wudaoliang; elev_m=4629; magt_c=-1.33; dem_minus_elev_m=-16; lat_same_as=CM2; v3_near=17389:F4_direct:QTP_CN
qtp_fu_temp,WD1,Wudaoliang WD1,35.2227667,93.0819667,2020,,356.0,borehole_temp,temp_derived,1,China,Tibet,"Fu, Ziteng (2025). Permafrost ground temperature and active layer thickness data on the Qinghai–Tibet Plateau (2001–2020). figshare. Dataset. https://doi.org/10.6084/m9.figshare.29206613.v1",CC BY 4.0,QTEC,,none,annual_value,,,,1.7e-05,,,0,,,ok,locality=Wudaoliang; elev_m=4629; magt_c=-1.33; dem_minus_elev_m=-16; lat_same_as=CM2; v3_near=17389:F4_direct:QTP_CN
qtp_fu_temp,WD4,Wudaoliang WD4,35.2042667,93.1115167,2001,,88.0,borehole_temp,temp_derived,1,China,Tibet,"Fu, Ziteng (2025). Permafrost ground temperature and active layer thickness data on the Qinghai–Tibet Plateau (2001–2020). figshare. Dataset. https://doi.org/10.6084/m9.figshare.29206613.v1",CC BY 4.0,QTEC,,none,annual_value,,,,1.7e-05,,,0,,,coord,locality=Wudaoliang; elev_m=4734; magt_c=-2.55; dem_minus_elev_m=-122; latlon_same_as=WD3
qtp_fu_temp,WD4,Wudaoliang WD4,35.2042667,93.1115167,2002,,92.0,borehole_temp,temp_derived,1,China,Tibet,"Fu, Ziteng (2025). Permafrost ground temperature and active layer thickness data on the Qinghai–Tibet Plateau (2001–2020). figshare. Dataset. https://doi.org/10.6084/m9.figshare.29206613.v1",CC BY 4.0,QTEC,,none,annual_value,,,,1.7e-05,,,0,,,coord,locality=Wudaoliang; elev_m=4734; magt_c=-2.55; dem_minus_elev_m=-122; latlon_same_as=WD3
qtp_fu_temp,WD4,Wudaoliang WD4,35.2042667,93.1115167,2003,,93.0,borehole_temp,temp_derived,1,China,Tibet,"Fu, Ziteng (2025). Permafrost ground temperature and active layer thickness data on the Qinghai–Tibet Plateau (2001–2020). figshare. Dataset. https://doi.org/10.6084/m9.figshare.29206613.v1",CC BY 4.0,QTEC,,none,annual_value,,,,1.7e-05,,,0,,,coord,locality=Wudaoliang; elev_m=4734; magt_c=-2.55; dem_minus_elev_m=-122; latlon_same_as=WD3
qtp_fu_temp,WD4,Wudaoliang WD4,35.2042667,93.1115167,2004,,89.0,borehole_temp,temp_derived,1,China,Tibet,"Fu, Ziteng (2025). Permafrost ground temperature and active layer thickness data on the Qinghai–Tibet Plateau (2001–2020). figshare. Dataset. https://doi.org/10.6084/m9.figshare.29206613.v1",CC BY 4.0,QTEC,,none,annual_value,,,,1.7e-05,,,0,,,coord,locality=Wudaoliang; elev_m=4734; magt_c=-2.55; dem_minus_elev_m=-122; latlon_same_as=WD3
qtp_fu_temp,WD4,Wudaoliang WD4,35.2042667,93.1115167,2005,,93.0,borehole_temp,temp_derived,1,China,Tibet,"Fu, Ziteng (2025). Permafrost ground temperature and active layer thickness data on the Qinghai–Tibet Plateau (2001–2020). figshare. Dataset. https://doi.org/10.6084/m9.figshare.29206613.v1",CC BY 4.0,QTEC,,none,annual_value,,,,1.7e-05,,,0,,,coord,locality=Wudaoliang; elev_m=4734; magt_c=-2.55; dem_minus_elev_m=-122; latlon_same_as=WD3
qtp_fu_temp,WD4,Wudaoliang WD4,35.2042667,93.1115167,2006,,88.0,borehole_temp,temp_derived,1,China,Tibet,"Fu, Ziteng (2025). Permafrost ground temperature and active layer thickness data on the Qinghai–Tibet Plateau (2001–2020). figshare. Dataset. https://doi.org/10.6084/m9.figshare.29206613.v1",CC BY 4.0,QTEC,,none,annual_value,,,,1.7e-05,,,0,,,coord,locality=Wudaoliang; elev_m=4734; magt_c=-2.55; dem_minus_elev_m=-122; latlon_same_as=WD3
qtp_fu_temp,WD4,Wudaoliang WD4,35.2042667,93.1115167,2007,,91.0,borehole_temp,temp_derived,1,China,Tibet,"Fu, Ziteng (2025). Permafrost ground temperature and active layer thickness data on the Qinghai–Tibet Plateau (2001–2020). figshare. Dataset. https://doi.org/10.6084/m9.figshare.29206613.v1",CC BY 4.0,QTEC,,none,annual_value,,,,1.7e-05,,,0,,,coord,locality=Wudaoliang; elev_m=4734; magt_c=-2.55; dem_minus_elev_m=-122; latlon_same_as=WD3
qtp_fu_temp,WD4,Wudaoliang WD4,35.2042667,93.1115167,2008,,96.0,borehole_temp,temp_derived,1,China,Tibet,"Fu, Ziteng (2025). Permafrost ground temperature and active layer thickness data on the Qinghai–Tibet Plateau (2001–2020). figshare. Dataset. https://doi.org/10.6084/m9.figshare.29206613.v1",CC BY 4.0,QTEC,,none,annual_value,,,,1.7e-05,,,0,,,coord,locality=Wudaoliang; elev_m=4734; magt_c=-2.55; dem_minus_elev_m=-122; latlon_same_as=WD3
qtp_fu_temp,WD4,Wudaoliang WD4,35.2042667,93.1115167,2009,,103.0,borehole_temp,temp_derived,1,China,Tibet,"Fu, Ziteng (2025). Permafrost ground temperature and active layer thickness data on the Qinghai–Tibet Plateau (2001–2020). figshare. Dataset. https://doi.org/10.6084/m9.figshare.29206613.v1",CC BY 4.0,QTEC,,none,annual_value,,,,1.7e-05,,,0,,,coord,locality=Wudaoliang; elev_m=4734; magt_c=-2.55; dem_minus_elev_m=-122; latlon_same_as=WD3
qtp_fu_temp,WD4,Wudaoliang WD4,35.2042667,93.1115167,2010,,117.0,borehole_temp,temp_derived,1,China,Tibet,"Fu, Ziteng (2025). Permafrost ground temperature and active layer thickness data on the Qinghai–Tibet Plateau (2001–2020). figshare. Dataset. https://doi.org/10.6084/m9.figshare.29206613.v1",CC BY 4.0,QTEC,,none,annual_value,,,,1.7e-05,,,0,,,coord,locality=Wudaoliang; elev_m=4734; magt_c=-2.55; dem_minus_elev_m=-122; latlon_same_as=WD3
qtp_fu_temp,WD4,Wudaoliang WD4,35.2042667,93.1115167,2011,,107.0,borehole_temp,temp_derived,1,China,Tibet,"Fu, Ziteng (2025). Permafrost ground temperature and active layer thickness data on the Qinghai–Tibet Plateau (2001–2020). figshare. Dataset. https://doi.org/10.6084/m9.figshare.29206613.v1",CC BY 4.0,QTEC,,none,annual_value,,,,1.7e-05,,,0,,,coord,locality=Wudaoliang; elev_m=4734; magt_c=-2.55; dem_minus_elev_m=-122; latlon_same_as=WD3
qtp_fu_temp,WD4,Wudaoliang WD4,35.2042667,93.1115167,2012,,107.0,borehole_temp,temp_derived,1,China,Tibet,"Fu, Ziteng (2025). Permafrost ground temperature and active layer thickness data on the Qinghai–Tibet Plateau (2001–2020). figshare. Dataset. https://doi.org/10.6084/m9.figshare.29206613.v1",CC BY 4.0,QTEC,,none,annual_value,,,,1.7e-05,,,0,,,coord,locality=Wudaoliang; elev_m=4734; magt_c=-2.55; dem_minus_elev_m=-122; latlon_same_as=WD3
qtp_fu_temp,WD4,Wudaoliang WD4,35.2042667,93.1115167,2013,,111.0,borehole_temp,temp_derived,1,China,Tibet,"Fu, Ziteng (2025). Permafrost ground temperature and active layer thickness data on the Qinghai–Tibet Plateau (2001–2020). figshare. Dataset. https://doi.org/10.6084/m9.figshare.29206613.v1",CC BY 4.0,QTEC,,none,annual_value,,,,1.7e-05,,,0,,,coord,locality=Wudaoliang; elev_m=4734; magt_c=-2.55; dem_minus_elev_m=-122; latlon_same_as=WD3
qtp_fu_temp,WD4,Wudaoliang WD4,35.2042667,93.1115167,2014,,111.0,borehole_temp,temp_derived,1,China,Tibet,"Fu, Ziteng (2025). Permafrost ground temperature and active layer thickness data on the Qinghai–Tibet Plateau (2001–2020). figshare. Dataset. https://doi.org/10.6084/m9.figshare.29206613.v1",CC BY 4.0,QTEC,,none,annual_value,,,,1.7e-05,,,0,,,coord,locality=Wudaoliang; elev_m=4734; magt_c=-2.55; dem_minus_elev_m=-122; latlon_same_as=WD3
qtp_fu_temp,WD4,Wudaoliang WD4,35.2042667,93.1115167,2015,,103.0,borehole_temp,temp_derived,1,China,Tibet,"Fu, Ziteng (2025). Permafrost ground temperature and active layer thickness data on the Qinghai–Tibet Plateau (2001–2020). figshare. Dataset. https://doi.org/10.6084/m9.figshare.29206613.v1",CC BY 4.0,QTEC,,none,annual_value,,,,1.7e-05,,,0,,,coord,locality=Wudaoliang; elev_m=4734; magt_c=-2.55; dem_minus_elev_m=-122; latlon_same_as=WD3
qtp_fu_temp,WD4,Wudaoliang WD4,35.2042667,93.1115167,2016,,114.0,borehole_temp,temp_derived,1,China,Tibet,"Fu, Ziteng (2025). Permafrost ground temperature and active layer thickness data on the Qinghai–Tibet Plateau (2001–2020). figshare. Dataset. https://doi.org/10.6084/m9.figshare.29206613.v1",CC BY 4.0,QTEC,,none,annual_value,,,,1.7e-05,,,0,,,coord,locality=Wudaoliang; elev_m=4734; magt_c=-2.55; dem_minus_elev_m=-122; latlon_same_as=WD3
qtp_fu_temp,WD4,Wudaoliang WD4,35.2042667,93.1115167,2017,,116.0,borehole_temp,temp_derived,1,China,Tibet,"Fu, Ziteng (2025). Permafrost ground temperature and active layer thickness data on the Qinghai–Tibet Plateau (2001–2020). figshare. Dataset. https://doi.org/10.6084/m9.figshare.29206613.v1",CC BY 4.0,QTEC,,none,annual_value,,,,1.7e-05,,,0,,,coord,locality=Wudaoliang; elev_m=4734; magt_c=-2.55; dem_minus_elev_m=-122; latlon_same_as=WD3
qtp_fu_temp,WD4,Wudaoliang WD4,35.2042667,93.1115167,2018,,126.0,borehole_temp,temp_derived,1,China,Tibet,"Fu, Ziteng (2025). Permafrost ground temperature and active layer thickness data on the Qinghai–Tibet Plateau (2001–2020). figshare. Dataset. https://doi.org/10.6084/m9.figshare.29206613.v1",CC BY 4.0,QTEC,,none,annual_value,,,,1.7e-05,,,0,,,coord,locality=Wudaoliang; elev_m=4734; magt_c=-2.55; dem_minus_elev_m=-122; latlon_same_as=WD3
qtp_fu_temp,WD4,Wudaoliang WD4,35.2042667,93.1115167,2019,,122.0,borehole_temp,temp_derived,1,China,Tibet,"Fu, Ziteng (2025). Permafrost ground temperature and active layer thickness data on the Qinghai–Tibet Plateau (2001–2020). figshare. Dataset. https://doi.org/10.6084/m9.figshare.29206613.v1",CC BY 4.0,QTEC,,none,annual_value,,,,1.7e-05,,,0,,,coord,locality=Wudaoliang; elev_m=4734; magt_c=-2.55; dem_minus_elev_m=-122; latlon_same_as=WD3
qtp_fu_temp,WD4,Wudaoliang WD4,35.2042667,93.1115167,2020,,126.0,borehole_temp,temp_derived,1,China,Tibet,"Fu, Ziteng (2025). Permafrost ground temperature and active layer thickness data on the Qinghai–Tibet Plateau (2001–2020). figshare. Dataset. https://doi.org/10.6084/m9.figshare.29206613.v1",CC BY 4.0,QTEC,,none,annual_value,,,,1.7e-05,,,0,,,coord,locality=Wudaoliang; elev_m=4734; magt_c=-2.55; dem_minus_elev_m=-122; latlon_same_as=WD3
qtp_fu_temp,WD3,wudaoliang WD3,35.2042667,93.1115167,2001,,200.0,borehole_temp,temp_derived,1,China,Tibet,"Fu, Ziteng (2025). Permafrost ground temperature and active layer thickness data on the Qinghai–Tibet Plateau (2001–2020). figshare. Dataset. https://doi.org/10.6084/m9.figshare.29206613.v1",CC BY 4.0,QTEC,,none,annual_value,,,,1.7e-05,,,0,,,ok,locality=wudaoliang; elev_m=4613; magt_c=-1.66; dem_minus_elev_m=-1; latlon_same_as=WD4
qtp_fu_temp,WD3,wudaoliang WD3,35.2042667,93.1115167,2002,,200.0,borehole_temp,temp_derived,1,China,Tibet,"Fu, Ziteng (2025). Permafrost ground temperature and active layer thickness data on the Qinghai–Tibet Plateau (2001–2020). figshare. Dataset. https://doi.org/10.6084/m9.figshare.29206613.v1",CC BY 4.0,QTEC,,none,annual_value,,,,1.7e-05,,,0,,,ok,locality=wudaoliang; elev_m=4613; magt_c=-1.66; dem_minus_elev_m=-1; latlon_same_as=WD4
qtp_fu_temp,WD3,wudaoliang WD3,35.2042667,93.1115167,2003,,207.0,borehole_temp,temp_derived,1,China,Tibet,"Fu, Ziteng (2025). Permafrost ground temperature and active layer thickness data on the Qinghai–Tibet Plateau (2001–2020). figshare. Dataset. https://doi.org/10.6084/m9.figshare.29206613.v1",CC BY 4.0,QTEC,,none,annual_value,,,,1.7e-05,,,0,,,ok,locality=wudaoliang; elev_m=4613; magt_c=-1.66; dem_minus_elev_m=-1; latlon_same_as=WD4
qtp_fu_temp,WD3,wudaoliang WD3,35.2042667,93.1115167,2004,,177.0,borehole_temp,temp_derived,1,China,Tibet,"Fu, Ziteng (2025). Permafrost ground temperature and active layer thickness data on the Qinghai–Tibet Plateau (2001–2020). figshare. Dataset. https://doi.org/10.6084/m9.figshare.29206613.v1",CC BY 4.0,QTEC,,none,annual_value,,,,1.7e-05,,,0,,,ok,locality=wudaoliang; elev_m=4613; magt_c=-1.66; dem_minus_elev_m=-1; latlon_same_as=WD4
qtp_fu_temp,WD3,wudaoliang WD3,35.2042667,93.1115167,2005,,211.0,borehole_temp,temp_derived,1,China,Tibet,"Fu, Ziteng (2025). Permafrost ground temperature and active layer thickness data on the Qinghai–Tibet Plateau (2001–2020). figshare. Dataset. https://doi.org/10.6084/m9.figshare.29206613.v1",CC BY 4.0,QTEC,,none,annual_value,,,,1.7e-05,,,0,,,ok,locality=wudaoliang; elev_m=4613; magt_c=-1.66; dem_minus_elev_m=-1; latlon_same_as=WD4
qtp_fu_temp,WD3,wudaoliang WD3,35.2042667,93.1115167,2006,,174.0,borehole_temp,temp_derived,1,China,Tibet,"Fu, Ziteng (2025). Permafrost ground temperature and active layer thickness data on the Qinghai–Tibet Plateau (2001–2020). figshare. Dataset. https://doi.org/10.6084/m9.figshare.29206613.v1",CC BY 4.0,QTEC,,none,annual_value,,,,1.7e-05,,,0,,,ok,locality=wudaoliang; elev_m=4613; magt_c=-1.66; dem_minus_elev_m=-1; latlon_same_as=WD4
qtp_fu_temp,WD3,wudaoliang WD3,35.2042667,93.1115167,2007,,184.0,borehole_temp,temp_derived,1,China,Tibet,"Fu, Ziteng (2025). Permafrost ground temperature and active layer thickness data on the Qinghai–Tibet Plateau (2001–2020). figshare. Dataset. https://doi.org/10.6084/m9.figshare.29206613.v1",CC BY 4.0,QTEC,,none,annual_value,,,,1.7e-05,,,0,,,ok,locality=wudaoliang; elev_m=4613; magt_c=-1.66; dem_minus_elev_m=-1; latlon_same_as=WD4
qtp_fu_temp,WD3,wudaoliang WD3,35.2042667,93.1115167,2008,,180.0,borehole_temp,temp_derived,1,China,Tibet,"Fu, Ziteng (2025). Permafrost ground temperature and active layer thickness data on the Qinghai–Tibet Plateau (2001–2020). figshare. Dataset. https://doi.org/10.6084/m9.figshare.29206613.v1",CC BY 4.0,QTEC,,none,annual_value,,,,1.7e-05,,,0,,,ok,locality=wudaoliang; elev_m=4613; magt_c=-1.66; dem_minus_elev_m=-1; latlon_same_as=WD4
qtp_fu_temp,WD3,wudaoliang WD3,35.2042667,93.1115167,2009,,188.0,borehole_temp,temp_derived,1,China,Tibet,"Fu, Ziteng (2025). Permafrost ground temperature and active layer thickness data on the Qinghai–Tibet Plateau (2001–2020). figshare. Dataset. https://doi.org/10.6084/m9.figshare.29206613.v1",CC BY 4.0,QTEC,,none,annual_value,,,,1.7e-05,,,0,,,ok,locality=wudaoliang; elev_m=4613; magt_c=-1.66; dem_minus_elev_m=-1; latlon_same_as=WD4
qtp_fu_temp,WD3,wudaoliang WD3,35.2042667,93.1115167,2010,,195.0,borehole_temp,temp_derived,1,China,Tibet,"Fu, Ziteng (2025). Permafrost ground temperature and active layer thickness data on the Qinghai–Tibet Plateau (2001–2020). figshare. Dataset. https://doi.org/10.6084/m9.figshare.29206613.v1",CC BY 4.0,QTEC,,none,annual_value,,,,1.7e-05,,,0,,,ok,locality=wudaoliang; elev_m=4613; magt_c=-1.66; dem_minus_elev_m=-1; latlon_same_as=WD4
qtp_fu_temp,WD3,wudaoliang WD3,35.2042667,93.1115167,2011,,190.0,borehole_temp,temp_derived,1,China,Tibet,"Fu, Ziteng (2025). Permafrost ground temperature and active layer thickness data on the Qinghai–Tibet Plateau (2001–2020). figshare. Dataset. https://doi.org/10.6084/m9.figshare.29206613.v1",CC BY 4.0,QTEC,,none,annual_value,,,,1.7e-05,,,0,,,ok,locality=wudaoliang; elev_m=4613; magt_c=-1.66; dem_minus_elev_m=-1; latlon_same_as=WD4
qtp_fu_temp,WD3,wudaoliang WD3,35.2042667,93.1115167,2012,,194.0,borehole_temp,temp_derived,1,China,Tibet,"Fu, Ziteng (2025). Permafrost ground temperature and active layer thickness data on the Qinghai–Tibet Plateau (2001–2020). figshare. Dataset. https://doi.org/10.6084/m9.figshare.29206613.v1",CC BY 4.0,QTEC,,none,annual_value,,,,1.7e-05,,,0,,,ok,locality=wudaoliang; elev_m=4613; magt_c=-1.66; dem_minus_elev_m=-1; latlon_same_as=WD4
qtp_fu_temp,WD3,wudaoliang WD3,35.2042667,93.1115167,2013,,194.0,borehole_temp,temp_derived,1,China,Tibet,"Fu, Ziteng (2025). Permafrost ground temperature and active layer thickness data on the Qinghai–Tibet Plateau (2001–2020). figshare. Dataset. https://doi.org/10.6084/m9.figshare.29206613.v1",CC BY 4.0,QTEC,,none,annual_value,,,,1.7e-05,,,0,,,ok,locality=wudaoliang; elev_m=4613; magt_c=-1.66; dem_minus_elev_m=-1; latlon_same_as=WD4
qtp_fu_temp,WD3,wudaoliang WD3,35.2042667,93.1115167,2014,,200.0,borehole_temp,temp_derived,1,China,Tibet,"Fu, Ziteng (2025). Permafrost ground temperature and active layer thickness data on the Qinghai–Tibet Plateau (2001–2020). figshare. Dataset. https://doi.org/10.6084/m9.figshare.29206613.v1",CC BY 4.0,QTEC,,none,annual_value,,,,1.7e-05,,,0,,,ok,locality=wudaoliang; elev_m=4613; magt_c=-1.66; dem_minus_elev_m=-1; latlon_same_as=WD4
qtp_fu_temp,WD3,wudaoliang WD3,35.2042667,93.1115167,2015,,195.0,borehole_temp,temp_derived,1,China,Tibet,"Fu, Ziteng (2025). Permafrost ground temperature and active layer thickness data on the Qinghai–Tibet Plateau (2001–2020). figshare. Dataset. https://doi.org/10.6084/m9.figshare.29206613.v1",CC BY 4.0,QTEC,,none,annual_value,,,,1.7e-05,,,0,,,ok,locality=wudaoliang; elev_m=4613; magt_c=-1.66; dem_minus_elev_m=-1; latlon_same_as=WD4
qtp_fu_temp,WD3,wudaoliang WD3,35.2042667,93.1115167,2016,,221.0,borehole_temp,temp_derived,1,China,Tibet,"Fu, Ziteng (2025). Permafrost ground temperature and active layer thickness data on the Qinghai–Tibet Plateau (2001–2020). figshare. Dataset. https://doi.org/10.6084/m9.figshare.29206613.v1",CC BY 4.0,QTEC,,none,annual_value,,,,1.7e-05,,,0,,,ok,locality=wudaoliang; elev_m=4613; magt_c=-1.66; dem_minus_elev_m=-1; latlon_same_as=WD4
qtp_fu_temp,WD3,wudaoliang WD3,35.2042667,93.1115167,2017,,220.0,borehole_temp,temp_derived,1,China,Tibet,"Fu, Ziteng (2025). Permafrost ground temperature and active layer thickness data on the Qinghai–Tibet Plateau (2001–2020). figshare. Dataset. https://doi.org/10.6084/m9.figshare.29206613.v1",CC BY 4.0,QTEC,,none,annual_value,,,,1.7e-05,,,0,,,ok,locality=wudaoliang; elev_m=4613; magt_c=-1.66; dem_minus_elev_m=-1; latlon_same_as=WD4
qtp_fu_temp,WD3,wudaoliang WD3,35.2042667,93.1115167,2018,,212.0,borehole_temp,temp_derived,1,China,Tibet,"Fu, Ziteng (2025). Permafrost ground temperature and active layer thickness data on the Qinghai–Tibet Plateau (2001–2020). figshare. Dataset. https://doi.org/10.6084/m9.figshare.29206613.v1",CC BY 4.0,QTEC,,none,annual_value,,,,1.7e-05,,,0,,,ok,locality=wudaoliang; elev_m=4613; magt_c=-1.66; dem_minus_elev_m=-1; latlon_same_as=WD4
qtp_fu_temp,WD3,wudaoliang WD3,35.2042667,93.1115167,2019,,189.0,borehole_temp,temp_derived,1,China,Tibet,"Fu, Ziteng (2025). Permafrost ground temperature and active layer thickness data on the Qinghai–Tibet Plateau (2001–2020). figshare. Dataset. https://doi.org/10.6084/m9.figshare.29206613.v1",CC BY 4.0,QTEC,,none,annual_value,,,,1.7e-05,,,0,,,ok,locality=wudaoliang; elev_m=4613; magt_c=-1.66; dem_minus_elev_m=-1; latlon_same_as=WD4
qtp_fu_temp,WD3,wudaoliang WD3,35.2042667,93.1115167,2020,,201.0,borehole_temp,temp_derived,1,China,Tibet,"Fu, Ziteng (2025). Permafrost ground temperature and active layer thickness data on the Qinghai–Tibet Plateau (2001–2020). figshare. Dataset. https://doi.org/10.6084/m9.figshare.29206613.v1",CC BY 4.0,QTEC,,none,annual_value,,,,1.7e-05,,,0,,,ok,locality=wudaoliang; elev_m=4613; magt_c=-1.66; dem_minus_elev_m=-1; latlon_same_as=WD4
qtp_fu_temp,WD2,Kekexili WD2,35.14055,93.03972,2001,,200.0,borehole_temp,temp_derived,1,China,Tibet,"Fu, Ziteng (2025). Permafrost ground temperature and active layer thickness data on the Qinghai–Tibet Plateau (2001–2020). figshare. Dataset. https://doi.org/10.6084/m9.figshare.29206613.v1",CC BY 4.0,QTEC,,none,annual_value,,,,1e-05,,,0,,,ok,locality=Kekexili; elev_m=4718; magt_c=-2.02; dem_minus_elev_m=-7
qtp_fu_temp,WD2,Kekexili WD2,35.14055,93.03972,2002,,208.0,borehole_temp,temp_derived,1,China,Tibet,"Fu, Ziteng (2025). Permafrost ground temperature and active layer thickness data on the Qinghai–Tibet Plateau (2001–2020). figshare. Dataset. https://doi.org/10.6084/m9.figshare.29206613.v1",CC BY 4.0,QTEC,,none,annual_value,,,,1e-05,,,0,,,ok,locality=Kekexili; elev_m=4718; magt_c=-2.02; dem_minus_elev_m=-7
qtp_fu_temp,WD2,Kekexili WD2,35.14055,93.03972,2003,,210.0,borehole_temp,temp_derived,1,China,Tibet,"Fu, Ziteng (2025). Permafrost ground temperature and active layer thickness data on the Qinghai–Tibet Plateau (2001–2020). figshare. Dataset. https://doi.org/10.6084/m9.figshare.29206613.v1",CC BY 4.0,QTEC,,none,annual_value,,,,1e-05,,,0,,,ok,locality=Kekexili; elev_m=4718; magt_c=-2.02; dem_minus_elev_m=-7
qtp_fu_temp,WD2,Kekexili WD2,35.14055,93.03972,2004,,202.0,borehole_temp,temp_derived,1,China,Tibet,"Fu, Ziteng (2025). Permafrost ground temperature and active layer thickness data on the Qinghai–Tibet Plateau (2001–2020). figshare. Dataset. https://doi.org/10.6084/m9.figshare.29206613.v1",CC BY 4.0,QTEC,,none,annual_value,,,,1e-05,,,0,,,ok,locality=Kekexili; elev_m=4718; magt_c=-2.02; dem_minus_elev_m=-7
qtp_fu_temp,WD2,Kekexili WD2,35.14055,93.03972,2005,,210.0,borehole_temp,temp_derived,1,China,Tibet,"Fu, Ziteng (2025). Permafrost ground temperature and active layer thickness data on the Qinghai–Tibet Plateau (2001–2020). figshare. Dataset. https://doi.org/10.6084/m9.figshare.29206613.v1",CC BY 4.0,QTEC,,none,annual_value,,,,1e-05,,,0,,,ok,locality=Kekexili; elev_m=4718; magt_c=-2.02; dem_minus_elev_m=-7
qtp_fu_temp,WD2,Kekexili WD2,35.14055,93.03972,2006,,220.0,borehole_temp,temp_derived,1,China,Tibet,"Fu, Ziteng (2025). Permafrost ground temperature and active layer thickness data on the Qinghai–Tibet Plateau (2001–2020). figshare. Dataset. https://doi.org/10.6084/m9.figshare.29206613.v1",CC BY 4.0,QTEC,,none,annual_value,,,,1e-05,,,0,,,ok,locality=Kekexili; elev_m=4718; magt_c=-2.02; dem_minus_elev_m=-7
qtp_fu_temp,WD2,Kekexili WD2,35.14055,93.03972,2007,,218.0,borehole_temp,temp_derived,1,China,Tibet,"Fu, Ziteng (2025). Permafrost ground temperature and active layer thickness data on the Qinghai–Tibet Plateau (2001–2020). figshare. Dataset. https://doi.org/10.6084/m9.figshare.29206613.v1",CC BY 4.0,QTEC,,none,annual_value,,,,1e-05,,,0,,,ok,locality=Kekexili; elev_m=4718; magt_c=-2.02; dem_minus_elev_m=-7
qtp_fu_temp,WD2,Kekexili WD2,35.14055,93.03972,2008,,216.0,borehole_temp,temp_derived,1,China,Tibet,"Fu, Ziteng (2025). Permafrost ground temperature and active layer thickness data on the Qinghai–Tibet Plateau (2001–2020). figshare. Dataset. https://doi.org/10.6084/m9.figshare.29206613.v1",CC BY 4.0,QTEC,,none,annual_value,,,,1e-05,,,0,,,ok,locality=Kekexili; elev_m=4718; magt_c=-2.02; dem_minus_elev_m=-7
qtp_fu_temp,WD2,Kekexili WD2,35.14055,93.03972,2009,,224.0,borehole_temp,temp_derived,1,China,Tibet,"Fu, Ziteng (2025). Permafrost ground temperature and active layer thickness data on the Qinghai–Tibet Plateau (2001–2020). figshare. Dataset. https://doi.org/10.6084/m9.figshare.29206613.v1",CC BY 4.0,QTEC,,none,annual_value,,,,1e-05,,,0,,,ok,locality=Kekexili; elev_m=4718; magt_c=-2.02; dem_minus_elev_m=-7
qtp_fu_temp,WD2,Kekexili WD2,35.14055,93.03972,2010,,228.0,borehole_temp,temp_derived,1,China,Tibet,"Fu, Ziteng (2025). Permafrost ground temperature and active layer thickness data on the Qinghai–Tibet Plateau (2001–2020). figshare. Dataset. https://doi.org/10.6084/m9.figshare.29206613.v1",CC BY 4.0,QTEC,,none,annual_value,,,,1e-05,,,0,,,ok,locality=Kekexili; elev_m=4718; magt_c=-2.02; dem_minus_elev_m=-7
qtp_fu_temp,WD2,Kekexili WD2,35.14055,93.03972,2011,,231.0,borehole_temp,temp_derived,1,China,Tibet,"Fu, Ziteng (2025). Permafrost ground temperature and active layer thickness data on the Qinghai–Tibet Plateau (2001–2020). figshare. Dataset. https://doi.org/10.6084/m9.figshare.29206613.v1",CC BY 4.0,QTEC,,none,annual_value,,,,1e-05,,,0,,,ok,locality=Kekexili; elev_m=4718; magt_c=-2.02; dem_minus_elev_m=-7
qtp_fu_temp,WD2,Kekexili WD2,35.14055,93.03972,2012,,238.0,borehole_temp,temp_derived,1,China,Tibet,"Fu, Ziteng (2025). Permafrost ground temperature and active layer thickness data on the Qinghai–Tibet Plateau (2001–2020). figshare. Dataset. https://doi.org/10.6084/m9.figshare.29206613.v1",CC BY 4.0,QTEC,,none,annual_value,,,,1e-05,,,0,,,ok,locality=Kekexili; elev_m=4718; magt_c=-2.02; dem_minus_elev_m=-7
qtp_fu_temp,WD2,Kekexili WD2,35.14055,93.03972,2013,,241.0,borehole_temp,temp_derived,1,China,Tibet,"Fu, Ziteng (2025). Permafrost ground temperature and active layer thickness data on the Qinghai–Tibet Plateau (2001–2020). figshare. Dataset. https://doi.org/10.6084/m9.figshare.29206613.v1",CC BY 4.0,QTEC,,none,annual_value,,,,1e-05,,,0,,,ok,locality=Kekexili; elev_m=4718; magt_c=-2.02; dem_minus_elev_m=-7
qtp_fu_temp,WD2,Kekexili WD2,35.14055,93.03972,2014,,239.0,borehole_temp,temp_derived,1,China,Tibet,"Fu, Ziteng (2025). Permafrost ground temperature and active layer thickness data on the Qinghai–Tibet Plateau (2001–2020). figshare. Dataset. https://doi.org/10.6084/m9.figshare.29206613.v1",CC BY 4.0,QTEC,,none,annual_value,,,,1e-05,,,0,,,ok,locality=Kekexili; elev_m=4718; magt_c=-2.02; dem_minus_elev_m=-7
qtp_fu_temp,WD2,Kekexili WD2,35.14055,93.03972,2015,,238.0,borehole_temp,temp_derived,1,China,Tibet,"Fu, Ziteng (2025). Permafrost ground temperature and active layer thickness data on the Qinghai–Tibet Plateau (2001–2020). figshare. Dataset. https://doi.org/10.6084/m9.figshare.29206613.v1",CC BY 4.0,QTEC,,none,annual_value,,,,1e-05,,,0,,,ok,locality=Kekexili; elev_m=4718; magt_c=-2.02; dem_minus_elev_m=-7
qtp_fu_temp,WD2,Kekexili WD2,35.14055,93.03972,2016,,253.0,borehole_temp,temp_derived,1,China,Tibet,"Fu, Ziteng (2025). Permafrost ground temperature and active layer thickness data on the Qinghai–Tibet Plateau (2001–2020). figshare. Dataset. https://doi.org/10.6084/m9.figshare.29206613.v1",CC BY 4.0,QTEC,,none,annual_value,,,,1e-05,,,0,,,ok,locality=Kekexili; elev_m=4718; magt_c=-2.02; dem_minus_elev_m=-7
qtp_fu_temp,WD2,Kekexili WD2,35.14055,93.03972,2017,,258.0,borehole_temp,temp_derived,1,China,Tibet,"Fu, Ziteng (2025). Permafrost ground temperature and active layer thickness data on the Qinghai–Tibet Plateau (2001–2020). figshare. Dataset. https://doi.org/10.6084/m9.figshare.29206613.v1",CC BY 4.0,QTEC,,none,annual_value,,,,1e-05,,,0,,,ok,locality=Kekexili; elev_m=4718; magt_c=-2.02; dem_minus_elev_m=-7
qtp_fu_temp,WD2,Kekexili WD2,35.14055,93.03972,2018,,283.0,borehole_temp,temp_derived,1,China,Tibet,"Fu, Ziteng (2025). Permafrost ground temperature and active layer thickness data on the Qinghai–Tibet Plateau (2001–2020). figshare. Dataset. https://doi.org/10.6084/m9.figshare.29206613.v1",CC BY 4.0,QTEC,,none,annual_value,,,,1e-05,,,0,,,ok,locality=Kekexili; elev_m=4718; magt_c=-2.02; dem_minus_elev_m=-7
qtp_fu_temp,WD2,Kekexili WD2,35.14055,93.03972,2019,,257.0,borehole_temp,temp_derived,1,China,Tibet,"Fu, Ziteng (2025). Permafrost ground temperature and active layer thickness data on the Qinghai–Tibet Plateau (2001–2020). figshare. Dataset. https://doi.org/10.6084/m9.figshare.29206613.v1",CC BY 4.0,QTEC,,none,annual_value,,,,1e-05,,,0,,,ok,locality=Kekexili; elev_m=4718; magt_c=-2.02; dem_minus_elev_m=-7
qtp_fu_temp,WD2,Kekexili WD2,35.14055,93.03972,2020,,257.0,borehole_temp,temp_derived,1,China,Tibet,"Fu, Ziteng (2025). Permafrost ground temperature and active layer thickness data on the Qinghai–Tibet Plateau (2001–2020). figshare. Dataset. https://doi.org/10.6084/m9.figshare.29206613.v1",CC BY 4.0,QTEC,,none,annual_value,,,,1e-05,,,0,,,ok,locality=Kekexili; elev_m=4718; magt_c=-2.02; dem_minus_elev_m=-7
qtp_fu_temp,HR3,Honglianghe HR3,35.0681833,93.02865,2001,,221.0,borehole_temp,temp_derived,1,China,Tibet,"Fu, Ziteng (2025). Permafrost ground temperature and active layer thickness data on the Qinghai–Tibet Plateau (2001–2020). figshare. Dataset. https://doi.org/10.6084/m9.figshare.29206613.v1",CC BY 4.0,QTEC,,none,annual_value,,,,1e-05,,,0,,,ok,locality=Honglianghe; elev_m=4675; magt_c=-1.23; dem_minus_elev_m=-4
qtp_fu_temp,HR3,Honglianghe HR3,35.0681833,93.02865,2002,,224.0,borehole_temp,temp_derived,1,China,Tibet,"Fu, Ziteng (2025). Permafrost ground temperature and active layer thickness data on the Qinghai–Tibet Plateau (2001–2020). figshare. Dataset. https://doi.org/10.6084/m9.figshare.29206613.v1",CC BY 4.0,QTEC,,none,annual_value,,,,1e-05,,,0,,,ok,locality=Honglianghe; elev_m=4675; magt_c=-1.23; dem_minus_elev_m=-4
qtp_fu_temp,HR3,Honglianghe HR3,35.0681833,93.02865,2003,,224.0,borehole_temp,temp_derived,1,China,Tibet,"Fu, Ziteng (2025). Permafrost ground temperature and active layer thickness data on the Qinghai–Tibet Plateau (2001–2020). figshare. Dataset. https://doi.org/10.6084/m9.figshare.29206613.v1",CC BY 4.0,QTEC,,none,annual_value,,,,1e-05,,,0,,,ok,locality=Honglianghe; elev_m=4675; magt_c=-1.23; dem_minus_elev_m=-4
qtp_fu_temp,HR3,Honglianghe HR3,35.0681833,93.02865,2004,,224.0,borehole_temp,temp_derived,1,China,Tibet,"Fu, Ziteng (2025). Permafrost ground temperature and active layer thickness data on the Qinghai–Tibet Plateau (2001–2020). figshare. Dataset. https://doi.org/10.6084/m9.figshare.29206613.v1",CC BY 4.0,QTEC,,none,annual_value,,,,1e-05,,,0,,,ok,locality=Honglianghe; elev_m=4675; magt_c=-1.23; dem_minus_elev_m=-4
qtp_fu_temp,HR3,Honglianghe HR3,35.0681833,93.02865,2005,,222.0,borehole_temp,temp_derived,1,China,Tibet,"Fu, Ziteng (2025). Permafrost ground temperature and active layer thickness data on the Qinghai–Tibet Plateau (2001–2020). figshare. Dataset. https://doi.org/10.6084/m9.figshare.29206613.v1",CC BY 4.0,QTEC,,none,annual_value,,,,1e-05,,,0,,,ok,locality=Honglianghe; elev_m=4675; magt_c=-1.23; dem_minus_elev_m=-4
qtp_fu_temp,HR3,Honglianghe HR3,35.0681833,93.02865,2006,,232.0,borehole_temp,temp_derived,1,China,Tibet,"Fu, Ziteng (2025). Permafrost ground temperature and active layer thickness data on the Qinghai–Tibet Plateau (2001–2020). figshare. Dataset. https://doi.org/10.6084/m9.figshare.29206613.v1",CC BY 4.0,QTEC,,none,annual_value,,,,1e-05,,,0,,,ok,locality=Honglianghe; elev_m=4675; magt_c=-1.23; dem_minus_elev_m=-4
qtp_fu_temp,HR3,Honglianghe HR3,35.0681833,93.02865,2007,,231.0,borehole_temp,temp_derived,1,China,Tibet,"Fu, Ziteng (2025). Permafrost ground temperature and active layer thickness data on the Qinghai–Tibet Plateau (2001–2020). figshare. Dataset. https://doi.org/10.6084/m9.figshare.29206613.v1",CC BY 4.0,QTEC,,none,annual_value,,,,1e-05,,,0,,,ok,locality=Honglianghe; elev_m=4675; magt_c=-1.23; dem_minus_elev_m=-4
qtp_fu_temp,HR3,Honglianghe HR3,35.0681833,93.02865,2008,,223.0,borehole_temp,temp_derived,1,China,Tibet,"Fu, Ziteng (2025). Permafrost ground temperature and active layer thickness data on the Qinghai–Tibet Plateau (2001–2020). figshare. Dataset. https://doi.org/10.6084/m9.figshare.29206613.v1",CC BY 4.0,QTEC,,none,annual_value,,,,1e-05,,,0,,,ok,locality=Honglianghe; elev_m=4675; magt_c=-1.23; dem_minus_elev_m=-4
qtp_fu_temp,HR3,Honglianghe HR3,35.0681833,93.02865,2009,,227.0,borehole_temp,temp_derived,1,China,Tibet,"Fu, Ziteng (2025). Permafrost ground temperature and active layer thickness data on the Qinghai–Tibet Plateau (2001–2020). figshare. Dataset. https://doi.org/10.6084/m9.figshare.29206613.v1",CC BY 4.0,QTEC,,none,annual_value,,,,1e-05,,,0,,,ok,locality=Honglianghe; elev_m=4675; magt_c=-1.23; dem_minus_elev_m=-4
qtp_fu_temp,HR3,Honglianghe HR3,35.0681833,93.02865,2010,,237.0,borehole_temp,temp_derived,1,China,Tibet,"Fu, Ziteng (2025). Permafrost ground temperature and active layer thickness data on the Qinghai–Tibet Plateau (2001–2020). figshare. Dataset. https://doi.org/10.6084/m9.figshare.29206613.v1",CC BY 4.0,QTEC,,none,annual_value,,,,1e-05,,,0,,,ok,locality=Honglianghe; elev_m=4675; magt_c=-1.23; dem_minus_elev_m=-4
qtp_fu_temp,HR3,Honglianghe HR3,35.0681833,93.02865,2011,,231.0,borehole_temp,temp_derived,1,China,Tibet,"Fu, Ziteng (2025). Permafrost ground temperature and active layer thickness data on the Qinghai–Tibet Plateau (2001–2020). figshare. Dataset. https://doi.org/10.6084/m9.figshare.29206613.v1",CC BY 4.0,QTEC,,none,annual_value,,,,1e-05,,,0,,,ok,locality=Honglianghe; elev_m=4675; magt_c=-1.23; dem_minus_elev_m=-4
qtp_fu_temp,HR3,Honglianghe HR3,35.0681833,93.02865,2012,,231.0,borehole_temp,temp_derived,1,China,Tibet,"Fu, Ziteng (2025). Permafrost ground temperature and active layer thickness data on the Qinghai–Tibet Plateau (2001–2020). figshare. Dataset. https://doi.org/10.6084/m9.figshare.29206613.v1",CC BY 4.0,QTEC,,none,annual_value,,,,1e-05,,,0,,,ok,locality=Honglianghe; elev_m=4675; magt_c=-1.23; dem_minus_elev_m=-4
qtp_fu_temp,HR3,Honglianghe HR3,35.0681833,93.02865,2013,,237.0,borehole_temp,temp_derived,1,China,Tibet,"Fu, Ziteng (2025). Permafrost ground temperature and active layer thickness data on the Qinghai–Tibet Plateau (2001–2020). figshare. Dataset. https://doi.org/10.6084/m9.figshare.29206613.v1",CC BY 4.0,QTEC,,none,annual_value,,,,1e-05,,,0,,,ok,locality=Honglianghe; elev_m=4675; magt_c=-1.23; dem_minus_elev_m=-4
qtp_fu_temp,HR3,Honglianghe HR3,35.0681833,93.02865,2014,,236.0,borehole_temp,temp_derived,1,China,Tibet,"Fu, Ziteng (2025). Permafrost ground temperature and active layer thickness data on the Qinghai–Tibet Plateau (2001–2020). figshare. Dataset. https://doi.org/10.6084/m9.figshare.29206613.v1",CC BY 4.0,QTEC,,none,annual_value,,,,1e-05,,,0,,,ok,locality=Honglianghe; elev_m=4675; magt_c=-1.23; dem_minus_elev_m=-4
qtp_fu_temp,HR3,Honglianghe HR3,35.0681833,93.02865,2015,,239.0,borehole_temp,temp_derived,1,China,Tibet,"Fu, Ziteng (2025). Permafrost ground temperature and active layer thickness data on the Qinghai–Tibet Plateau (2001–2020). figshare. Dataset. https://doi.org/10.6084/m9.figshare.29206613.v1",CC BY 4.0,QTEC,,none,annual_value,,,,1e-05,,,0,,,ok,locality=Honglianghe; elev_m=4675; magt_c=-1.23; dem_minus_elev_m=-4
qtp_fu_temp,HR3,Honglianghe HR3,35.0681833,93.02865,2016,,244.0,borehole_temp,temp_derived,1,China,Tibet,"Fu, Ziteng (2025). Permafrost ground temperature and active layer thickness data on the Qinghai–Tibet Plateau (2001–2020). figshare. Dataset. https://doi.org/10.6084/m9.figshare.29206613.v1",CC BY 4.0,QTEC,,none,annual_value,,,,1e-05,,,0,,,ok,locality=Honglianghe; elev_m=4675; magt_c=-1.23; dem_minus_elev_m=-4
qtp_fu_temp,HR3,Honglianghe HR3,35.0681833,93.02865,2017,,248.0,borehole_temp,temp_derived,1,China,Tibet,"Fu, Ziteng (2025). Permafrost ground temperature and active layer thickness data on the Qinghai–Tibet Plateau (2001–2020). figshare. Dataset. https://doi.org/10.6084/m9.figshare.29206613.v1",CC BY 4.0,QTEC,,none,annual_value,,,,1e-05,,,0,,,ok,locality=Honglianghe; elev_m=4675; magt_c=-1.23; dem_minus_elev_m=-4
qtp_fu_temp,HR3,Honglianghe HR3,35.0681833,93.02865,2018,,249.0,borehole_temp,temp_derived,1,China,Tibet,"Fu, Ziteng (2025). Permafrost ground temperature and active layer thickness data on the Qinghai–Tibet Plateau (2001–2020). figshare. Dataset. https://doi.org/10.6084/m9.figshare.29206613.v1",CC BY 4.0,QTEC,,none,annual_value,,,,1e-05,,,0,,,ok,locality=Honglianghe; elev_m=4675; magt_c=-1.23; dem_minus_elev_m=-4
qtp_fu_temp,HR3,Honglianghe HR3,35.0681833,93.02865,2019,,246.0,borehole_temp,temp_derived,1,China,Tibet,"Fu, Ziteng (2025). Permafrost ground temperature and active layer thickness data on the Qinghai–Tibet Plateau (2001–2020). figshare. Dataset. https://doi.org/10.6084/m9.figshare.29206613.v1",CC BY 4.0,QTEC,,none,annual_value,,,,1e-05,,,0,,,ok,locality=Honglianghe; elev_m=4675; magt_c=-1.23; dem_minus_elev_m=-4
qtp_fu_temp,HR3,Honglianghe HR3,35.0681833,93.02865,2020,,247.0,borehole_temp,temp_derived,1,China,Tibet,"Fu, Ziteng (2025). Permafrost ground temperature and active layer thickness data on the Qinghai–Tibet Plateau (2001–2020). figshare. Dataset. https://doi.org/10.6084/m9.figshare.29206613.v1",CC BY 4.0,QTEC,,none,annual_value,,,,1e-05,,,0,,,ok,locality=Honglianghe; elev_m=4675; magt_c=-1.23; dem_minus_elev_m=-4
qtp_fu_temp,BL4,Beiluhe Basin BL4,34.8541389,92.9395278,2001,,198.0,borehole_temp,temp_derived,1,China,Tibet,"Fu, Ziteng (2025). Permafrost ground temperature and active layer thickness data on the Qinghai–Tibet Plateau (2001–2020). figshare. Dataset. https://doi.org/10.6084/m9.figshare.29206613.v1",CC BY 4.0,QTEC,,none,annual_value,,,,2.8e-05,,,0,,,ok,locality=Beiluhe Basin; elev_m=4632; magt_c=-0.37; dem_minus_elev_m=-20
qtp_fu_temp,BL4,Beiluhe Basin BL4,34.8541389,92.9395278,2002,,200.0,borehole_temp,temp_derived,1,China,Tibet,"Fu, Ziteng (2025). Permafrost ground temperature and active layer thickness data on the Qinghai–Tibet Plateau (2001–2020). figshare. Dataset. https://doi.org/10.6084/m9.figshare.29206613.v1",CC BY 4.0,QTEC,,none,annual_value,,,,2.8e-05,,,0,,,ok,locality=Beiluhe Basin; elev_m=4632; magt_c=-0.37; dem_minus_elev_m=-20
qtp_fu_temp,BL4,Beiluhe Basin BL4,34.8541389,92.9395278,2003,,198.0,borehole_temp,temp_derived,1,China,Tibet,"Fu, Ziteng (2025). Permafrost ground temperature and active layer thickness data on the Qinghai–Tibet Plateau (2001–2020). figshare. Dataset. https://doi.org/10.6084/m9.figshare.29206613.v1",CC BY 4.0,QTEC,,none,annual_value,,,,2.8e-05,,,0,,,ok,locality=Beiluhe Basin; elev_m=4632; magt_c=-0.37; dem_minus_elev_m=-20
qtp_fu_temp,BL4,Beiluhe Basin BL4,34.8541389,92.9395278,2004,,205.0,borehole_temp,temp_derived,1,China,Tibet,"Fu, Ziteng (2025). Permafrost ground temperature and active layer thickness data on the Qinghai–Tibet Plateau (2001–2020). figshare. Dataset. https://doi.org/10.6084/m9.figshare.29206613.v1",CC BY 4.0,QTEC,,none,annual_value,,,,2.8e-05,,,0,,,ok,locality=Beiluhe Basin; elev_m=4632; magt_c=-0.37; dem_minus_elev_m=-20
qtp_fu_temp,BL4,Beiluhe Basin BL4,34.8541389,92.9395278,2005,,208.0,borehole_temp,temp_derived,1,China,Tibet,"Fu, Ziteng (2025). Permafrost ground temperature and active layer thickness data on the Qinghai–Tibet Plateau (2001–2020). figshare. Dataset. https://doi.org/10.6084/m9.figshare.29206613.v1",CC BY 4.0,QTEC,,none,annual_value,,,,2.8e-05,,,0,,,ok,locality=Beiluhe Basin; elev_m=4632; magt_c=-0.37; dem_minus_elev_m=-20
qtp_fu_temp,BL4,Beiluhe Basin BL4,34.8541389,92.9395278,2006,,214.0,borehole_temp,temp_derived,1,China,Tibet,"Fu, Ziteng (2025). Permafrost ground temperature and active layer thickness data on the Qinghai–Tibet Plateau (2001–2020). figshare. Dataset. https://doi.org/10.6084/m9.figshare.29206613.v1",CC BY 4.0,QTEC,,none,annual_value,,,,2.8e-05,,,0,,,ok,locality=Beiluhe Basin; elev_m=4632; magt_c=-0.37; dem_minus_elev_m=-20
qtp_fu_temp,BL4,Beiluhe Basin BL4,34.8541389,92.9395278,2007,,210.0,borehole_temp,temp_derived,1,China,Tibet,"Fu, Ziteng (2025). Permafrost ground temperature and active layer thickness data on the Qinghai–Tibet Plateau (2001–2020). figshare. Dataset. https://doi.org/10.6084/m9.figshare.29206613.v1",CC BY 4.0,QTEC,,none,annual_value,,,,2.8e-05,,,0,,,ok,locality=Beiluhe Basin; elev_m=4632; magt_c=-0.37; dem_minus_elev_m=-20
qtp_fu_temp,BL4,Beiluhe Basin BL4,34.8541389,92.9395278,2008,,218.0,borehole_temp,temp_derived,1,China,Tibet,"Fu, Ziteng (2025). Permafrost ground temperature and active layer thickness data on the Qinghai–Tibet Plateau (2001–2020). figshare. Dataset. https://doi.org/10.6084/m9.figshare.29206613.v1",CC BY 4.0,QTEC,,none,annual_value,,,,2.8e-05,,,0,,,ok,locality=Beiluhe Basin; elev_m=4632; magt_c=-0.37; dem_minus_elev_m=-20
qtp_fu_temp,BL4,Beiluhe Basin BL4,34.8541389,92.9395278,2009,,228.0,borehole_temp,temp_derived,1,China,Tibet,"Fu, Ziteng (2025). Permafrost ground temperature and active layer thickness data on the Qinghai–Tibet Plateau (2001–2020). figshare. Dataset. https://doi.org/10.6084/m9.figshare.29206613.v1",CC BY 4.0,QTEC,,none,annual_value,,,,2.8e-05,,,0,,,ok,locality=Beiluhe Basin; elev_m=4632; magt_c=-0.37; dem_minus_elev_m=-20
qtp_fu_temp,BL4,Beiluhe Basin BL4,34.8541389,92.9395278,2010,,233.0,borehole_temp,temp_derived,1,China,Tibet,"Fu, Ziteng (2025). Permafrost ground temperature and active layer thickness data on the Qinghai–Tibet Plateau (2001–2020). figshare. Dataset. https://doi.org/10.6084/m9.figshare.29206613.v1",CC BY 4.0,QTEC,,none,annual_value,,,,2.8e-05,,,0,,,ok,locality=Beiluhe Basin; elev_m=4632; magt_c=-0.37; dem_minus_elev_m=-20
qtp_fu_temp,BL4,Beiluhe Basin BL4,34.8541389,92.9395278,2011,,238.0,borehole_temp,temp_derived,1,China,Tibet,"Fu, Ziteng (2025). Permafrost ground temperature and active layer thickness data on the Qinghai–Tibet Plateau (2001–2020). figshare. Dataset. https://doi.org/10.6084/m9.figshare.29206613.v1",CC BY 4.0,QTEC,,none,annual_value,,,,2.8e-05,,,0,,,ok,locality=Beiluhe Basin; elev_m=4632; magt_c=-0.37; dem_minus_elev_m=-20
qtp_fu_temp,BL4,Beiluhe Basin BL4,34.8541389,92.9395278,2012,,242.0,borehole_temp,temp_derived,1,China,Tibet,"Fu, Ziteng (2025). Permafrost ground temperature and active layer thickness data on the Qinghai–Tibet Plateau (2001–2020). figshare. Dataset. https://doi.org/10.6084/m9.figshare.29206613.v1",CC BY 4.0,QTEC,,none,annual_value,,,,2.8e-05,,,0,,,ok,locality=Beiluhe Basin; elev_m=4632; magt_c=-0.37; dem_minus_elev_m=-20
qtp_fu_temp,BL4,Beiluhe Basin BL4,34.8541389,92.9395278,2013,,244.0,borehole_temp,temp_derived,1,China,Tibet,"Fu, Ziteng (2025). Permafrost ground temperature and active layer thickness data on the Qinghai–Tibet Plateau (2001–2020). figshare. Dataset. https://doi.org/10.6084/m9.figshare.29206613.v1",CC BY 4.0,QTEC,,none,annual_value,,,,2.8e-05,,,0,,,ok,locality=Beiluhe Basin; elev_m=4632; magt_c=-0.37; dem_minus_elev_m=-20
qtp_fu_temp,BL4,Beiluhe Basin BL4,34.8541389,92.9395278,2014,,249.0,borehole_temp,temp_derived,1,China,Tibet,"Fu, Ziteng (2025). Permafrost ground temperature and active layer thickness data on the Qinghai–Tibet Plateau (2001–2020). figshare. Dataset. https://doi.org/10.6084/m9.figshare.29206613.v1",CC BY 4.0,QTEC,,none,annual_value,,,,2.8e-05,,,0,,,ok,locality=Beiluhe Basin; elev_m=4632; magt_c=-0.37; dem_minus_elev_m=-20
qtp_fu_temp,BL4,Beiluhe Basin BL4,34.8541389,92.9395278,2015,,251.0,borehole_temp,temp_derived,1,China,Tibet,"Fu, Ziteng (2025). Permafrost ground temperature and active layer thickness data on the Qinghai–Tibet Plateau (2001–2020). figshare. Dataset. https://doi.org/10.6084/m9.figshare.29206613.v1",CC BY 4.0,QTEC,,none,annual_value,,,,2.8e-05,,,0,,,ok,locality=Beiluhe Basin; elev_m=4632; magt_c=-0.37; dem_minus_elev_m=-20
qtp_fu_temp,BL4,Beiluhe Basin BL4,34.8541389,92.9395278,2016,,272.0,borehole_temp,temp_derived,1,China,Tibet,"Fu, Ziteng (2025). Permafrost ground temperature and active layer thickness data on the Qinghai–Tibet Plateau (2001–2020). figshare. Dataset. https://doi.org/10.6084/m9.figshare.29206613.v1",CC BY 4.0,QTEC,,none,annual_value,,,,2.8e-05,,,0,,,ok,locality=Beiluhe Basin; elev_m=4632; magt_c=-0.37; dem_minus_elev_m=-20
qtp_fu_temp,BL4,Beiluhe Basin BL4,34.8541389,92.9395278,2017,,279.0,borehole_temp,temp_derived,1,China,Tibet,"Fu, Ziteng (2025). Permafrost ground temperature and active layer thickness data on the Qinghai–Tibet Plateau (2001–2020). figshare. Dataset. https://doi.org/10.6084/m9.figshare.29206613.v1",CC BY 4.0,QTEC,,none,annual_value,,,,2.8e-05,,,0,,,ok,locality=Beiluhe Basin; elev_m=4632; magt_c=-0.37; dem_minus_elev_m=-20
qtp_fu_temp,BL4,Beiluhe Basin BL4,34.8541389,92.9395278,2018,,288.0,borehole_temp,temp_derived,1,China,Tibet,"Fu, Ziteng (2025). Permafrost ground temperature and active layer thickness data on the Qinghai–Tibet Plateau (2001–2020). figshare. Dataset. https://doi.org/10.6084/m9.figshare.29206613.v1",CC BY 4.0,QTEC,,none,annual_value,,,,2.8e-05,,,0,,,ok,locality=Beiluhe Basin; elev_m=4632; magt_c=-0.37; dem_minus_elev_m=-20
qtp_fu_temp,BL4,Beiluhe Basin BL4,34.8541389,92.9395278,2019,,256.0,borehole_temp,temp_derived,1,China,Tibet,"Fu, Ziteng (2025). Permafrost ground temperature and active layer thickness data on the Qinghai–Tibet Plateau (2001–2020). figshare. Dataset. https://doi.org/10.6084/m9.figshare.29206613.v1",CC BY 4.0,QTEC,,none,annual_value,,,,2.8e-05,,,0,,,ok,locality=Beiluhe Basin; elev_m=4632; magt_c=-0.37; dem_minus_elev_m=-20
qtp_fu_temp,BL4,Beiluhe Basin BL4,34.8541389,92.9395278,2020,,261.0,borehole_temp,temp_derived,1,China,Tibet,"Fu, Ziteng (2025). Permafrost ground temperature and active layer thickness data on the Qinghai–Tibet Plateau (2001–2020). figshare. Dataset. https://doi.org/10.6084/m9.figshare.29206613.v1",CC BY 4.0,QTEC,,none,annual_value,,,,2.8e-05,,,0,,,ok,locality=Beiluhe Basin; elev_m=4632; magt_c=-0.37; dem_minus_elev_m=-20
qtp_fu_temp,BL5,Beiluhe Basin BL5,34.8539722,92.9396111,2001,,197.0,borehole_temp,temp_derived,1,China,Tibet,"Fu, Ziteng (2025). Permafrost ground temperature and active layer thickness data on the Qinghai–Tibet Plateau (2001–2020). figshare. Dataset. https://doi.org/10.6084/m9.figshare.29206613.v1",CC BY 4.0,QTEC,,none,annual_value,,,,2.8e-05,,,0,,,ok,locality=Beiluhe Basin; elev_m=4629; magt_c=-0.34; dem_minus_elev_m=-18
qtp_fu_temp,BL5,Beiluhe Basin BL5,34.8539722,92.9396111,2002,,198.0,borehole_temp,temp_derived,1,China,Tibet,"Fu, Ziteng (2025). Permafrost ground temperature and active layer thickness data on the Qinghai–Tibet Plateau (2001–2020). figshare. Dataset. https://doi.org/10.6084/m9.figshare.29206613.v1",CC BY 4.0,QTEC,,none,annual_value,,,,2.8e-05,,,0,,,ok,locality=Beiluhe Basin; elev_m=4629; magt_c=-0.34; dem_minus_elev_m=-18
qtp_fu_temp,BL5,Beiluhe Basin BL5,34.8539722,92.9396111,2003,,198.0,borehole_temp,temp_derived,1,China,Tibet,"Fu, Ziteng (2025). Permafrost ground temperature and active layer thickness data on the Qinghai–Tibet Plateau (2001–2020). figshare. Dataset. https://doi.org/10.6084/m9.figshare.29206613.v1",CC BY 4.0,QTEC,,none,annual_value,,,,2.8e-05,,,0,,,ok,locality=Beiluhe Basin; elev_m=4629; magt_c=-0.34; dem_minus_elev_m=-18
qtp_fu_temp,BL5,Beiluhe Basin BL5,34.8539722,92.9396111,2004,,186.0,borehole_temp,temp_derived,1,China,Tibet,"Fu, Ziteng (2025). Permafrost ground temperature and active layer thickness data on the Qinghai–Tibet Plateau (2001–2020). figshare. Dataset. https://doi.org/10.6084/m9.figshare.29206613.v1",CC BY 4.0,QTEC,,none,annual_value,,,,2.8e-05,,,0,,,ok,locality=Beiluhe Basin; elev_m=4629; magt_c=-0.34; dem_minus_elev_m=-18
qtp_fu_temp,BL5,Beiluhe Basin BL5,34.8539722,92.9396111,2005,,191.0,borehole_temp,temp_derived,1,China,Tibet,"Fu, Ziteng (2025). Permafrost ground temperature and active layer thickness data on the Qinghai–Tibet Plateau (2001–2020). figshare. Dataset. https://doi.org/10.6084/m9.figshare.29206613.v1",CC BY 4.0,QTEC,,none,annual_value,,,,2.8e-05,,,0,,,ok,locality=Beiluhe Basin; elev_m=4629; magt_c=-0.34; dem_minus_elev_m=-18
qtp_fu_temp,BL5,Beiluhe Basin BL5,34.8539722,92.9396111,2006,,200.0,borehole_temp,temp_derived,1,China,Tibet,"Fu, Ziteng (2025). Permafrost ground temperature and active layer thickness data on the Qinghai–Tibet Plateau (2001–2020). figshare. Dataset. https://doi.org/10.6084/m9.figshare.29206613.v1",CC BY 4.0,QTEC,,none,annual_value,,,,2.8e-05,,,0,,,ok,locality=Beiluhe Basin; elev_m=4629; magt_c=-0.34; dem_minus_elev_m=-18
qtp_fu_temp,BL5,Beiluhe Basin BL5,34.8539722,92.9396111,2007,,198.0,borehole_temp,temp_derived,1,China,Tibet,"Fu, Ziteng (2025). Permafrost ground temperature and active layer thickness data on the Qinghai–Tibet Plateau (2001–2020). figshare. Dataset. https://doi.org/10.6084/m9.figshare.29206613.v1",CC BY 4.0,QTEC,,none,annual_value,,,,2.8e-05,,,0,,,ok,locality=Beiluhe Basin; elev_m=4629; magt_c=-0.34; dem_minus_elev_m=-18
qtp_fu_temp,BL5,Beiluhe Basin BL5,34.8539722,92.9396111,2008,,195.0,borehole_temp,temp_derived,1,China,Tibet,"Fu, Ziteng (2025). Permafrost ground temperature and active layer thickness data on the Qinghai–Tibet Plateau (2001–2020). figshare. Dataset. https://doi.org/10.6084/m9.figshare.29206613.v1",CC BY 4.0,QTEC,,none,annual_value,,,,2.8e-05,,,0,,,ok,locality=Beiluhe Basin; elev_m=4629; magt_c=-0.34; dem_minus_elev_m=-18
qtp_fu_temp,BL5,Beiluhe Basin BL5,34.8539722,92.9396111,2009,,198.0,borehole_temp,temp_derived,1,China,Tibet,"Fu, Ziteng (2025). Permafrost ground temperature and active layer thickness data on the Qinghai–Tibet Plateau (2001–2020). figshare. Dataset. https://doi.org/10.6084/m9.figshare.29206613.v1",CC BY 4.0,QTEC,,none,annual_value,,,,2.8e-05,,,0,,,ok,locality=Beiluhe Basin; elev_m=4629; magt_c=-0.34; dem_minus_elev_m=-18
qtp_fu_temp,BL5,Beiluhe Basin BL5,34.8539722,92.9396111,2010,,202.0,borehole_temp,temp_derived,1,China,Tibet,"Fu, Ziteng (2025). Permafrost ground temperature and active layer thickness data on the Qinghai–Tibet Plateau (2001–2020). figshare. Dataset. https://doi.org/10.6084/m9.figshare.29206613.v1",CC BY 4.0,QTEC,,none,annual_value,,,,2.8e-05,,,0,,,ok,locality=Beiluhe Basin; elev_m=4629; magt_c=-0.34; dem_minus_elev_m=-18
qtp_fu_temp,BL5,Beiluhe Basin BL5,34.8539722,92.9396111,2011,,200.0,borehole_temp,temp_derived,1,China,Tibet,"Fu, Ziteng (2025). Permafrost ground temperature and active layer thickness data on the Qinghai–Tibet Plateau (2001–2020). figshare. Dataset. https://doi.org/10.6084/m9.figshare.29206613.v1",CC BY 4.0,QTEC,,none,annual_value,,,,2.8e-05,,,0,,,ok,locality=Beiluhe Basin; elev_m=4629; magt_c=-0.34; dem_minus_elev_m=-18
qtp_fu_temp,BL5,Beiluhe Basin BL5,34.8539722,92.9396111,2012,,204.0,borehole_temp,temp_derived,1,China,Tibet,"Fu, Ziteng (2025). Permafrost ground temperature and active layer thickness data on the Qinghai–Tibet Plateau (2001–2020). figshare. Dataset. https://doi.org/10.6084/m9.figshare.29206613.v1",CC BY 4.0,QTEC,,none,annual_value,,,,2.8e-05,,,0,,,ok,locality=Beiluhe Basin; elev_m=4629; magt_c=-0.34; dem_minus_elev_m=-18
qtp_fu_temp,BL5,Beiluhe Basin BL5,34.8539722,92.9396111,2013,,213.0,borehole_temp,temp_derived,1,China,Tibet,"Fu, Ziteng (2025). Permafrost ground temperature and active layer thickness data on the Qinghai–Tibet Plateau (2001–2020). figshare. Dataset. https://doi.org/10.6084/m9.figshare.29206613.v1",CC BY 4.0,QTEC,,none,annual_value,,,,2.8e-05,,,0,,,ok,locality=Beiluhe Basin; elev_m=4629; magt_c=-0.34; dem_minus_elev_m=-18
qtp_fu_temp,BL5,Beiluhe Basin BL5,34.8539722,92.9396111,2014,,213.0,borehole_temp,temp_derived,1,China,Tibet,"Fu, Ziteng (2025). Permafrost ground temperature and active layer thickness data on the Qinghai–Tibet Plateau (2001–2020). figshare. Dataset. https://doi.org/10.6084/m9.figshare.29206613.v1",CC BY 4.0,QTEC,,none,annual_value,,,,2.8e-05,,,0,,,ok,locality=Beiluhe Basin; elev_m=4629; magt_c=-0.34; dem_minus_elev_m=-18
qtp_fu_temp,BL5,Beiluhe Basin BL5,34.8539722,92.9396111,2015,,220.0,borehole_temp,temp_derived,1,China,Tibet,"Fu, Ziteng (2025). Permafrost ground temperature and active layer thickness data on the Qinghai–Tibet Plateau (2001–2020). figshare. Dataset. https://doi.org/10.6084/m9.figshare.29206613.v1",CC BY 4.0,QTEC,,none,annual_value,,,,2.8e-05,,,0,,,ok,locality=Beiluhe Basin; elev_m=4629; magt_c=-0.34; dem_minus_elev_m=-18
qtp_fu_temp,BL5,Beiluhe Basin BL5,34.8539722,92.9396111,2016,,228.0,borehole_temp,temp_derived,1,China,Tibet,"Fu, Ziteng (2025). Permafrost ground temperature and active layer thickness data on the Qinghai–Tibet Plateau (2001–2020). figshare. Dataset. https://doi.org/10.6084/m9.figshare.29206613.v1",CC BY 4.0,QTEC,,none,annual_value,,,,2.8e-05,,,0,,,ok,locality=Beiluhe Basin; elev_m=4629; magt_c=-0.34; dem_minus_elev_m=-18
qtp_fu_temp,BL5,Beiluhe Basin BL5,34.8539722,92.9396111,2017,,224.0,borehole_temp,temp_derived,1,China,Tibet,"Fu, Ziteng (2025). Permafrost ground temperature and active layer thickness data on the Qinghai–Tibet Plateau (2001–2020). figshare. Dataset. https://doi.org/10.6084/m9.figshare.29206613.v1",CC BY 4.0,QTEC,,none,annual_value,,,,2.8e-05,,,0,,,ok,locality=Beiluhe Basin; elev_m=4629; magt_c=-0.34; dem_minus_elev_m=-18
qtp_fu_temp,BL5,Beiluhe Basin BL5,34.8539722,92.9396111,2018,,233.0,borehole_temp,temp_derived,1,China,Tibet,"Fu, Ziteng (2025). Permafrost ground temperature and active layer thickness data on the Qinghai–Tibet Plateau (2001–2020). figshare. Dataset. https://doi.org/10.6084/m9.figshare.29206613.v1",CC BY 4.0,QTEC,,none,annual_value,,,,2.8e-05,,,0,,,ok,locality=Beiluhe Basin; elev_m=4629; magt_c=-0.34; dem_minus_elev_m=-18
qtp_fu_temp,BL5,Beiluhe Basin BL5,34.8539722,92.9396111,2019,,222.0,borehole_temp,temp_derived,1,China,Tibet,"Fu, Ziteng (2025). Permafrost ground temperature and active layer thickness data on the Qinghai–Tibet Plateau (2001–2020). figshare. Dataset. https://doi.org/10.6084/m9.figshare.29206613.v1",CC BY 4.0,QTEC,,none,annual_value,,,,2.8e-05,,,0,,,ok,locality=Beiluhe Basin; elev_m=4629; magt_c=-0.34; dem_minus_elev_m=-18
qtp_fu_temp,BL5,Beiluhe Basin BL5,34.8539722,92.9396111,2020,,230.0,borehole_temp,temp_derived,1,China,Tibet,"Fu, Ziteng (2025). Permafrost ground temperature and active layer thickness data on the Qinghai–Tibet Plateau (2001–2020). figshare. Dataset. https://doi.org/10.6084/m9.figshare.29206613.v1",CC BY 4.0,QTEC,,none,annual_value,,,,2.8e-05,,,0,,,ok,locality=Beiluhe Basin; elev_m=4629; magt_c=-0.34; dem_minus_elev_m=-18
qtp_fu_temp,BL6,Beiluhe Basin BL6,34.8436722,92.94455,2001,,208.0,borehole_temp,temp_derived,1,China,Tibet,"Fu, Ziteng (2025). Permafrost ground temperature and active layer thickness data on the Qinghai–Tibet Plateau (2001–2020). figshare. Dataset. https://doi.org/10.6084/m9.figshare.29206613.v1",CC BY 4.0,QTEC,,none,annual_value,,,,2.8e-06,,,0,,,ok,locality=Beiluhe Basin; elev_m=4642; magt_c=-0.47; dem_minus_elev_m=-8
qtp_fu_temp,BL6,Beiluhe Basin BL6,34.8436722,92.94455,2002,,216.0,borehole_temp,temp_derived,1,China,Tibet,"Fu, Ziteng (2025). Permafrost ground temperature and active layer thickness data on the Qinghai–Tibet Plateau (2001–2020). figshare. Dataset. https://doi.org/10.6084/m9.figshare.29206613.v1",CC BY 4.0,QTEC,,none,annual_value,,,,2.8e-06,,,0,,,ok,locality=Beiluhe Basin; elev_m=4642; magt_c=-0.47; dem_minus_elev_m=-8
qtp_fu_temp,BL6,Beiluhe Basin BL6,34.8436722,92.94455,2003,,208.0,borehole_temp,temp_derived,1,China,Tibet,"Fu, Ziteng (2025). Permafrost ground temperature and active layer thickness data on the Qinghai–Tibet Plateau (2001–2020). figshare. Dataset. https://doi.org/10.6084/m9.figshare.29206613.v1",CC BY 4.0,QTEC,,none,annual_value,,,,2.8e-06,,,0,,,ok,locality=Beiluhe Basin; elev_m=4642; magt_c=-0.47; dem_minus_elev_m=-8
qtp_fu_temp,BL6,Beiluhe Basin BL6,34.8436722,92.94455,2004,,214.0,borehole_temp,temp_derived,1,China,Tibet,"Fu, Ziteng (2025). Permafrost ground temperature and active layer thickness data on the Qinghai–Tibet Plateau (2001–2020). figshare. Dataset. https://doi.org/10.6084/m9.figshare.29206613.v1",CC BY 4.0,QTEC,,none,annual_value,,,,2.8e-06,,,0,,,ok,locality=Beiluhe Basin; elev_m=4642; magt_c=-0.47; dem_minus_elev_m=-8
qtp_fu_temp,BL6,Beiluhe Basin BL6,34.8436722,92.94455,2005,,214.0,borehole_temp,temp_derived,1,China,Tibet,"Fu, Ziteng (2025). Permafrost ground temperature and active layer thickness data on the Qinghai–Tibet Plateau (2001–2020). figshare. Dataset. https://doi.org/10.6084/m9.figshare.29206613.v1",CC BY 4.0,QTEC,,none,annual_value,,,,2.8e-06,,,0,,,ok,locality=Beiluhe Basin; elev_m=4642; magt_c=-0.47; dem_minus_elev_m=-8
qtp_fu_temp,BL6,Beiluhe Basin BL6,34.8436722,92.94455,2006,,231.0,borehole_temp,temp_derived,1,China,Tibet,"Fu, Ziteng (2025). Permafrost ground temperature and active layer thickness data on the Qinghai–Tibet Plateau (2001–2020). figshare. Dataset. https://doi.org/10.6084/m9.figshare.29206613.v1",CC BY 4.0,QTEC,,none,annual_value,,,,2.8e-06,,,0,,,ok,locality=Beiluhe Basin; elev_m=4642; magt_c=-0.47; dem_minus_elev_m=-8
qtp_fu_temp,BL6,Beiluhe Basin BL6,34.8436722,92.94455,2007,,234.0,borehole_temp,temp_derived,1,China,Tibet,"Fu, Ziteng (2025). Permafrost ground temperature and active layer thickness data on the Qinghai–Tibet Plateau (2001–2020). figshare. Dataset. https://doi.org/10.6084/m9.figshare.29206613.v1",CC BY 4.0,QTEC,,none,annual_value,,,,2.8e-06,,,0,,,ok,locality=Beiluhe Basin; elev_m=4642; magt_c=-0.47; dem_minus_elev_m=-8
qtp_fu_temp,BL6,Beiluhe Basin BL6,34.8436722,92.94455,2008,,220.0,borehole_temp,temp_derived,1,China,Tibet,"Fu, Ziteng (2025). Permafrost ground temperature and active layer thickness data on the Qinghai–Tibet Plateau (2001–2020). figshare. Dataset. https://doi.org/10.6084/m9.figshare.29206613.v1",CC BY 4.0,QTEC,,none,annual_value,,,,2.8e-06,,,0,,,ok,locality=Beiluhe Basin; elev_m=4642; magt_c=-0.47; dem_minus_elev_m=-8
qtp_fu_temp,BL6,Beiluhe Basin BL6,34.8436722,92.94455,2009,,234.0,borehole_temp,temp_derived,1,China,Tibet,"Fu, Ziteng (2025). Permafrost ground temperature and active layer thickness data on the Qinghai–Tibet Plateau (2001–2020). figshare. Dataset. https://doi.org/10.6084/m9.figshare.29206613.v1",CC BY 4.0,QTEC,,none,annual_value,,,,2.8e-06,,,0,,,ok,locality=Beiluhe Basin; elev_m=4642; magt_c=-0.47; dem_minus_elev_m=-8
qtp_fu_temp,BL6,Beiluhe Basin BL6,34.8436722,92.94455,2010,,245.0,borehole_temp,temp_derived,1,China,Tibet,"Fu, Ziteng (2025). Permafrost ground temperature and active layer thickness data on the Qinghai–Tibet Plateau (2001–2020). figshare. Dataset. https://doi.org/10.6084/m9.figshare.29206613.v1",CC BY 4.0,QTEC,,none,annual_value,,,,2.8e-06,,,0,,,ok,locality=Beiluhe Basin; elev_m=4642; magt_c=-0.47; dem_minus_elev_m=-8
qtp_fu_temp,BL6,Beiluhe Basin BL6,34.8436722,92.94455,2011,,243.0,borehole_temp,temp_derived,1,China,Tibet,"Fu, Ziteng (2025). Permafrost ground temperature and active layer thickness data on the Qinghai–Tibet Plateau (2001–2020). figshare. Dataset. https://doi.org/10.6084/m9.figshare.29206613.v1",CC BY 4.0,QTEC,,none,annual_value,,,,2.8e-06,,,0,,,ok,locality=Beiluhe Basin; elev_m=4642; magt_c=-0.47; dem_minus_elev_m=-8
qtp_fu_temp,BL6,Beiluhe Basin BL6,34.8436722,92.94455,2012,,251.0,borehole_temp,temp_derived,1,China,Tibet,"Fu, Ziteng (2025). Permafrost ground temperature and active layer thickness data on the Qinghai–Tibet Plateau (2001–2020). figshare. Dataset. https://doi.org/10.6084/m9.figshare.29206613.v1",CC BY 4.0,QTEC,,none,annual_value,,,,2.8e-06,,,0,,,ok,locality=Beiluhe Basin; elev_m=4642; magt_c=-0.47; dem_minus_elev_m=-8
qtp_fu_temp,BL6,Beiluhe Basin BL6,34.8436722,92.94455,2013,,267.0,borehole_temp,temp_derived,1,China,Tibet,"Fu, Ziteng (2025). Permafrost ground temperature and active layer thickness data on the Qinghai–Tibet Plateau (2001–2020). figshare. Dataset. https://doi.org/10.6084/m9.figshare.29206613.v1",CC BY 4.0,QTEC,,none,annual_value,,,,2.8e-06,,,0,,,ok,locality=Beiluhe Basin; elev_m=4642; magt_c=-0.47; dem_minus_elev_m=-8
qtp_fu_temp,BL6,Beiluhe Basin BL6,34.8436722,92.94455,2014,,259.0,borehole_temp,temp_derived,1,China,Tibet,"Fu, Ziteng (2025). Permafrost ground temperature and active layer thickness data on the Qinghai–Tibet Plateau (2001–2020). figshare. Dataset. https://doi.org/10.6084/m9.figshare.29206613.v1",CC BY 4.0,QTEC,,none,annual_value,,,,2.8e-06,,,0,,,ok,locality=Beiluhe Basin; elev_m=4642; magt_c=-0.47; dem_minus_elev_m=-8
qtp_fu_temp,BL6,Beiluhe Basin BL6,34.8436722,92.94455,2015,,273.0,borehole_temp,temp_derived,1,China,Tibet,"Fu, Ziteng (2025). Permafrost ground temperature and active layer thickness data on the Qinghai–Tibet Plateau (2001–2020). figshare. Dataset. https://doi.org/10.6084/m9.figshare.29206613.v1",CC BY 4.0,QTEC,,none,annual_value,,,,2.8e-06,,,0,,,ok,locality=Beiluhe Basin; elev_m=4642; magt_c=-0.47; dem_minus_elev_m=-8
qtp_fu_temp,BL6,Beiluhe Basin BL6,34.8436722,92.94455,2016,,287.0,borehole_temp,temp_derived,1,China,Tibet,"Fu, Ziteng (2025). Permafrost ground temperature and active layer thickness data on the Qinghai–Tibet Plateau (2001–2020). figshare. Dataset. https://doi.org/10.6084/m9.figshare.29206613.v1",CC BY 4.0,QTEC,,none,annual_value,,,,2.8e-06,,,0,,,ok,locality=Beiluhe Basin; elev_m=4642; magt_c=-0.47; dem_minus_elev_m=-8
qtp_fu_temp,BL6,Beiluhe Basin BL6,34.8436722,92.94455,2017,,287.0,borehole_temp,temp_derived,1,China,Tibet,"Fu, Ziteng (2025). Permafrost ground temperature and active layer thickness data on the Qinghai–Tibet Plateau (2001–2020). figshare. Dataset. https://doi.org/10.6084/m9.figshare.29206613.v1",CC BY 4.0,QTEC,,none,annual_value,,,,2.8e-06,,,0,,,ok,locality=Beiluhe Basin; elev_m=4642; magt_c=-0.47; dem_minus_elev_m=-8
qtp_fu_temp,BL6,Beiluhe Basin BL6,34.8436722,92.94455,2018,,298.0,borehole_temp,temp_derived,1,China,Tibet,"Fu, Ziteng (2025). Permafrost ground temperature and active layer thickness data on the Qinghai–Tibet Plateau (2001–2020). figshare. Dataset. https://doi.org/10.6084/m9.figshare.29206613.v1",CC BY 4.0,QTEC,,none,annual_value,,,,2.8e-06,,,0,,,ok,locality=Beiluhe Basin; elev_m=4642; magt_c=-0.47; dem_minus_elev_m=-8
qtp_fu_temp,BL6,Beiluhe Basin BL6,34.8436722,92.94455,2019,,298.0,borehole_temp,temp_derived,1,China,Tibet,"Fu, Ziteng (2025). Permafrost ground temperature and active layer thickness data on the Qinghai–Tibet Plateau (2001–2020). figshare. Dataset. https://doi.org/10.6084/m9.figshare.29206613.v1",CC BY 4.0,QTEC,,none,annual_value,,,,2.8e-06,,,0,,,ok,locality=Beiluhe Basin; elev_m=4642; magt_c=-0.47; dem_minus_elev_m=-8
qtp_fu_temp,BL6,Beiluhe Basin BL6,34.8436722,92.94455,2020,,292.0,borehole_temp,temp_derived,1,China,Tibet,"Fu, Ziteng (2025). Permafrost ground temperature and active layer thickness data on the Qinghai–Tibet Plateau (2001–2020). figshare. Dataset. https://doi.org/10.6084/m9.figshare.29206613.v1",CC BY 4.0,QTEC,,none,annual_value,,,,2.8e-06,,,0,,,ok,locality=Beiluhe Basin; elev_m=4642; magt_c=-0.47; dem_minus_elev_m=-8
qtp_fu_temp,BL7,Beiluhe Basin BL7,34.8425833,92.9441667,2001,,260.0,borehole_temp,temp_derived,1,China,Tibet,"Fu, Ziteng (2025). Permafrost ground temperature and active layer thickness data on the Qinghai–Tibet Plateau (2001–2020). figshare. Dataset. https://doi.org/10.6084/m9.figshare.29206613.v1",CC BY 4.0,QTEC,,none,annual_value,,,,2.8e-05,,,0,,,ok,locality=Beiluhe Basin; elev_m=4632; magt_c=-0.26; dem_minus_elev_m=-6
qtp_fu_temp,BL7,Beiluhe Basin BL7,34.8425833,92.9441667,2002,,282.0,borehole_temp,temp_derived,1,China,Tibet,"Fu, Ziteng (2025). Permafrost ground temperature and active layer thickness data on the Qinghai–Tibet Plateau (2001–2020). figshare. Dataset. https://doi.org/10.6084/m9.figshare.29206613.v1",CC BY 4.0,QTEC,,none,annual_value,,,,2.8e-05,,,0,,,ok,locality=Beiluhe Basin; elev_m=4632; magt_c=-0.26; dem_minus_elev_m=-6
qtp_fu_temp,BL7,Beiluhe Basin BL7,34.8425833,92.9441667,2003,,274.0,borehole_temp,temp_derived,1,China,Tibet,"Fu, Ziteng (2025). Permafrost ground temperature and active layer thickness data on the Qinghai–Tibet Plateau (2001–2020). figshare. Dataset. https://doi.org/10.6084/m9.figshare.29206613.v1",CC BY 4.0,QTEC,,none,annual_value,,,,2.8e-05,,,0,,,ok,locality=Beiluhe Basin; elev_m=4632; magt_c=-0.26; dem_minus_elev_m=-6
qtp_fu_temp,BL7,Beiluhe Basin BL7,34.8425833,92.9441667,2004,,254.0,borehole_temp,temp_derived,1,China,Tibet,"Fu, Ziteng (2025). Permafrost ground temperature and active layer thickness data on the Qinghai–Tibet Plateau (2001–2020). figshare. Dataset. https://doi.org/10.6084/m9.figshare.29206613.v1",CC BY 4.0,QTEC,,none,annual_value,,,,2.8e-05,,,0,,,ok,locality=Beiluhe Basin; elev_m=4632; magt_c=-0.26; dem_minus_elev_m=-6
qtp_fu_temp,BL7,Beiluhe Basin BL7,34.8425833,92.9441667,2005,,258.0,borehole_temp,temp_derived,1,China,Tibet,"Fu, Ziteng (2025). Permafrost ground temperature and active layer thickness data on the Qinghai–Tibet Plateau (2001–2020). figshare. Dataset. https://doi.org/10.6084/m9.figshare.29206613.v1",CC BY 4.0,QTEC,,none,annual_value,,,,2.8e-05,,,0,,,ok,locality=Beiluhe Basin; elev_m=4632; magt_c=-0.26; dem_minus_elev_m=-6
qtp_fu_temp,BL7,Beiluhe Basin BL7,34.8425833,92.9441667,2006,,291.0,borehole_temp,temp_derived,1,China,Tibet,"Fu, Ziteng (2025). Permafrost ground temperature and active layer thickness data on the Qinghai–Tibet Plateau (2001–2020). figshare. Dataset. https://doi.org/10.6084/m9.figshare.29206613.v1",CC BY 4.0,QTEC,,none,annual_value,,,,2.8e-05,,,0,,,ok,locality=Beiluhe Basin; elev_m=4632; magt_c=-0.26; dem_minus_elev_m=-6
qtp_fu_temp,BL7,Beiluhe Basin BL7,34.8425833,92.9441667,2007,,293.0,borehole_temp,temp_derived,1,China,Tibet,"Fu, Ziteng (2025). Permafrost ground temperature and active layer thickness data on the Qinghai–Tibet Plateau (2001–2020). figshare. Dataset. https://doi.org/10.6084/m9.figshare.29206613.v1",CC BY 4.0,QTEC,,none,annual_value,,,,2.8e-05,,,0,,,ok,locality=Beiluhe Basin; elev_m=4632; magt_c=-0.26; dem_minus_elev_m=-6
qtp_fu_temp,BL7,Beiluhe Basin BL7,34.8425833,92.9441667,2008,,280.0,borehole_temp,temp_derived,1,China,Tibet,"Fu, Ziteng (2025). Permafrost ground temperature and active layer thickness data on the Qinghai–Tibet Plateau (2001–2020). figshare. Dataset. https://doi.org/10.6084/m9.figshare.29206613.v1",CC BY 4.0,QTEC,,none,annual_value,,,,2.8e-05,,,0,,,ok,locality=Beiluhe Basin; elev_m=4632; magt_c=-0.26; dem_minus_elev_m=-6
qtp_fu_temp,BL7,Beiluhe Basin BL7,34.8425833,92.9441667,2009,,293.0,borehole_temp,temp_derived,1,China,Tibet,"Fu, Ziteng (2025). Permafrost ground temperature and active layer thickness data on the Qinghai–Tibet Plateau (2001–2020). figshare. Dataset. https://doi.org/10.6084/m9.figshare.29206613.v1",CC BY 4.0,QTEC,,none,annual_value,,,,2.8e-05,,,0,,,ok,locality=Beiluhe Basin; elev_m=4632; magt_c=-0.26; dem_minus_elev_m=-6
qtp_fu_temp,BL7,Beiluhe Basin BL7,34.8425833,92.9441667,2010,,296.0,borehole_temp,temp_derived,1,China,Tibet,"Fu, Ziteng (2025). Permafrost ground temperature and active layer thickness data on the Qinghai–Tibet Plateau (2001–2020). figshare. Dataset. https://doi.org/10.6084/m9.figshare.29206613.v1",CC BY 4.0,QTEC,,none,annual_value,,,,2.8e-05,,,0,,,ok,locality=Beiluhe Basin; elev_m=4632; magt_c=-0.26; dem_minus_elev_m=-6
qtp_fu_temp,BL7,Beiluhe Basin BL7,34.8425833,92.9441667,2011,,302.0,borehole_temp,temp_derived,1,China,Tibet,"Fu, Ziteng (2025). Permafrost ground temperature and active layer thickness data on the Qinghai–Tibet Plateau (2001–2020). figshare. Dataset. https://doi.org/10.6084/m9.figshare.29206613.v1",CC BY 4.0,QTEC,,none,annual_value,,,,2.8e-05,,,0,,,ok,locality=Beiluhe Basin; elev_m=4632; magt_c=-0.26; dem_minus_elev_m=-6
qtp_fu_temp,BL7,Beiluhe Basin BL7,34.8425833,92.9441667,2012,,323.0,borehole_temp,temp_derived,1,China,Tibet,"Fu, Ziteng (2025). Permafrost ground temperature and active layer thickness data on the Qinghai–Tibet Plateau (2001–2020). figshare. Dataset. https://doi.org/10.6084/m9.figshare.29206613.v1",CC BY 4.0,QTEC,,none,annual_value,,,,2.8e-05,,,0,,,ok,locality=Beiluhe Basin; elev_m=4632; magt_c=-0.26; dem_minus_elev_m=-6
qtp_fu_temp,BL7,Beiluhe Basin BL7,34.8425833,92.9441667,2013,,337.0,borehole_temp,temp_derived,1,China,Tibet,"Fu, Ziteng (2025). Permafrost ground temperature and active layer thickness data on the Qinghai–Tibet Plateau (2001–2020). figshare. Dataset. https://doi.org/10.6084/m9.figshare.29206613.v1",CC BY 4.0,QTEC,,none,annual_value,,,,2.8e-05,,,0,,,ok,locality=Beiluhe Basin; elev_m=4632; magt_c=-0.26; dem_minus_elev_m=-6
qtp_fu_temp,BL7,Beiluhe Basin BL7,34.8425833,92.9441667,2014,,331.0,borehole_temp,temp_derived,1,China,Tibet,"Fu, Ziteng (2025). Permafrost ground temperature and active layer thickness data on the Qinghai–Tibet Plateau (2001–2020). figshare. Dataset. https://doi.org/10.6084/m9.figshare.29206613.v1",CC BY 4.0,QTEC,,none,annual_value,,,,2.8e-05,,,0,,,ok,locality=Beiluhe Basin; elev_m=4632; magt_c=-0.26; dem_minus_elev_m=-6
qtp_fu_temp,BL7,Beiluhe Basin BL7,34.8425833,92.9441667,2015,,337.0,borehole_temp,temp_derived,1,China,Tibet,"Fu, Ziteng (2025). Permafrost ground temperature and active layer thickness data on the Qinghai–Tibet Plateau (2001–2020). figshare. Dataset. https://doi.org/10.6084/m9.figshare.29206613.v1",CC BY 4.0,QTEC,,none,annual_value,,,,2.8e-05,,,0,,,ok,locality=Beiluhe Basin; elev_m=4632; magt_c=-0.26; dem_minus_elev_m=-6
qtp_fu_temp,BL7,Beiluhe Basin BL7,34.8425833,92.9441667,2016,,356.0,borehole_temp,temp_derived,1,China,Tibet,"Fu, Ziteng (2025). Permafrost ground temperature and active layer thickness data on the Qinghai–Tibet Plateau (2001–2020). figshare. Dataset. https://doi.org/10.6084/m9.figshare.29206613.v1",CC BY 4.0,QTEC,,none,annual_value,,,,2.8e-05,,,0,,,ok,locality=Beiluhe Basin; elev_m=4632; magt_c=-0.26; dem_minus_elev_m=-6
qtp_fu_temp,BL7,Beiluhe Basin BL7,34.8425833,92.9441667,2017,,365.0,borehole_temp,temp_derived,1,China,Tibet,"Fu, Ziteng (2025). Permafrost ground temperature and active layer thickness data on the Qinghai–Tibet Plateau (2001–2020). figshare. Dataset. https://doi.org/10.6084/m9.figshare.29206613.v1",CC BY 4.0,QTEC,,none,annual_value,,,,2.8e-05,,,0,,,ok,locality=Beiluhe Basin; elev_m=4632; magt_c=-0.26; dem_minus_elev_m=-6
qtp_fu_temp,BL7,Beiluhe Basin BL7,34.8425833,92.9441667,2018,,389.0,borehole_temp,temp_derived,1,China,Tibet,"Fu, Ziteng (2025). Permafrost ground temperature and active layer thickness data on the Qinghai–Tibet Plateau (2001–2020). figshare. Dataset. https://doi.org/10.6084/m9.figshare.29206613.v1",CC BY 4.0,QTEC,,none,annual_value,,,,2.8e-05,,,0,,,ok,locality=Beiluhe Basin; elev_m=4632; magt_c=-0.26; dem_minus_elev_m=-6
qtp_fu_temp,BL7,Beiluhe Basin BL7,34.8425833,92.9441667,2019,,355.0,borehole_temp,temp_derived,1,China,Tibet,"Fu, Ziteng (2025). Permafrost ground temperature and active layer thickness data on the Qinghai–Tibet Plateau (2001–2020). figshare. Dataset. https://doi.org/10.6084/m9.figshare.29206613.v1",CC BY 4.0,QTEC,,none,annual_value,,,,2.8e-05,,,0,,,ok,locality=Beiluhe Basin; elev_m=4632; magt_c=-0.26; dem_minus_elev_m=-6
qtp_fu_temp,BL7,Beiluhe Basin BL7,34.8425833,92.9441667,2020,,385.0,borehole_temp,temp_derived,1,China,Tibet,"Fu, Ziteng (2025). Permafrost ground temperature and active layer thickness data on the Qinghai–Tibet Plateau (2001–2020). figshare. Dataset. https://doi.org/10.6084/m9.figshare.29206613.v1",CC BY 4.0,QTEC,,none,annual_value,,,,2.8e-05,,,0,,,ok,locality=Beiluhe Basin; elev_m=4632; magt_c=-0.26; dem_minus_elev_m=-6
qtp_fu_temp,BL2,Beiluhe Basin BL2,34.8330111,92.9313222,2001,,275.0,borehole_temp,temp_derived,1,China,Tibet,"Fu, Ziteng (2025). Permafrost ground temperature and active layer thickness data on the Qinghai–Tibet Plateau (2001–2020). figshare. Dataset. https://doi.org/10.6084/m9.figshare.29206613.v1",CC BY 4.0,QTEC,,none,annual_value,,,,2.8e-06,,,0,,,ok,locality=Beiluhe Basin; elev_m=4638; magt_c=-0.34; dem_minus_elev_m=+2
qtp_fu_temp,BL2,Beiluhe Basin BL2,34.8330111,92.9313222,2002,,264.0,borehole_temp,temp_derived,1,China,Tibet,"Fu, Ziteng (2025). Permafrost ground temperature and active layer thickness data on the Qinghai–Tibet Plateau (2001–2020). figshare. Dataset. https://doi.org/10.6084/m9.figshare.29206613.v1",CC BY 4.0,QTEC,,none,annual_value,,,,2.8e-06,,,0,,,ok,locality=Beiluhe Basin; elev_m=4638; magt_c=-0.34; dem_minus_elev_m=+2
qtp_fu_temp,BL2,Beiluhe Basin BL2,34.8330111,92.9313222,2003,,252.0,borehole_temp,temp_derived,1,China,Tibet,"Fu, Ziteng (2025). Permafrost ground temperature and active layer thickness data on the Qinghai–Tibet Plateau (2001–2020). figshare. Dataset. https://doi.org/10.6084/m9.figshare.29206613.v1",CC BY 4.0,QTEC,,none,annual_value,,,,2.8e-06,,,0,,,ok,locality=Beiluhe Basin; elev_m=4638; magt_c=-0.34; dem_minus_elev_m=+2
qtp_fu_temp,BL2,Beiluhe Basin BL2,34.8330111,92.9313222,2004,,238.0,borehole_temp,temp_derived,1,China,Tibet,"Fu, Ziteng (2025). Permafrost ground temperature and active layer thickness data on the Qinghai–Tibet Plateau (2001–2020). figshare. Dataset. https://doi.org/10.6084/m9.figshare.29206613.v1",CC BY 4.0,QTEC,,none,annual_value,,,,2.8e-06,,,0,,,ok,locality=Beiluhe Basin; elev_m=4638; magt_c=-0.34; dem_minus_elev_m=+2
qtp_fu_temp,BL2,Beiluhe Basin BL2,34.8330111,92.9313222,2005,,240.0,borehole_temp,temp_derived,1,China,Tibet,"Fu, Ziteng (2025). Permafrost ground temperature and active layer thickness data on the Qinghai–Tibet Plateau (2001–2020). figshare. Dataset. https://doi.org/10.6084/m9.figshare.29206613.v1",CC BY 4.0,QTEC,,none,annual_value,,,,2.8e-06,,,0,,,ok,locality=Beiluhe Basin; elev_m=4638; magt_c=-0.34; dem_minus_elev_m=+2
qtp_fu_temp,BL2,Beiluhe Basin BL2,34.8330111,92.9313222,2006,,253.0,borehole_temp,temp_derived,1,China,Tibet,"Fu, Ziteng (2025). Permafrost ground temperature and active layer thickness data on the Qinghai–Tibet Plateau (2001–2020). figshare. Dataset. https://doi.org/10.6084/m9.figshare.29206613.v1",CC BY 4.0,QTEC,,none,annual_value,,,,2.8e-06,,,0,,,ok,locality=Beiluhe Basin; elev_m=4638; magt_c=-0.34; dem_minus_elev_m=+2
qtp_fu_temp,BL2,Beiluhe Basin BL2,34.8330111,92.9313222,2007,,260.0,borehole_temp,temp_derived,1,China,Tibet,"Fu, Ziteng (2025). Permafrost ground temperature and active layer thickness data on the Qinghai–Tibet Plateau (2001–2020). figshare. Dataset. https://doi.org/10.6084/m9.figshare.29206613.v1",CC BY 4.0,QTEC,,none,annual_value,,,,2.8e-06,,,0,,,ok,locality=Beiluhe Basin; elev_m=4638; magt_c=-0.34; dem_minus_elev_m=+2
qtp_fu_temp,BL2,Beiluhe Basin BL2,34.8330111,92.9313222,2008,,238.0,borehole_temp,temp_derived,1,China,Tibet,"Fu, Ziteng (2025). Permafrost ground temperature and active layer thickness data on the Qinghai–Tibet Plateau (2001–2020). figshare. Dataset. https://doi.org/10.6084/m9.figshare.29206613.v1",CC BY 4.0,QTEC,,none,annual_value,,,,2.8e-06,,,0,,,ok,locality=Beiluhe Basin; elev_m=4638; magt_c=-0.34; dem_minus_elev_m=+2
qtp_fu_temp,BL2,Beiluhe Basin BL2,34.8330111,92.9313222,2009,,255.0,borehole_temp,temp_derived,1,China,Tibet,"Fu, Ziteng (2025). Permafrost ground temperature and active layer thickness data on the Qinghai–Tibet Plateau (2001–2020). figshare. Dataset. https://doi.org/10.6084/m9.figshare.29206613.v1",CC BY 4.0,QTEC,,none,annual_value,,,,2.8e-06,,,0,,,ok,locality=Beiluhe Basin; elev_m=4638; magt_c=-0.34; dem_minus_elev_m=+2
qtp_fu_temp,BL2,Beiluhe Basin BL2,34.8330111,92.9313222,2010,,285.0,borehole_temp,temp_derived,1,China,Tibet,"Fu, Ziteng (2025). Permafrost ground temperature and active layer thickness data on the Qinghai–Tibet Plateau (2001–2020). figshare. Dataset. https://doi.org/10.6084/m9.figshare.29206613.v1",CC BY 4.0,QTEC,,none,annual_value,,,,2.8e-06,,,0,,,ok,locality=Beiluhe Basin; elev_m=4638; magt_c=-0.34; dem_minus_elev_m=+2
qtp_fu_temp,BL2,Beiluhe Basin BL2,34.8330111,92.9313222,2011,,265.0,borehole_temp,temp_derived,1,China,Tibet,"Fu, Ziteng (2025). Permafrost ground temperature and active layer thickness data on the Qinghai–Tibet Plateau (2001–2020). figshare. Dataset. https://doi.org/10.6084/m9.figshare.29206613.v1",CC BY 4.0,QTEC,,none,annual_value,,,,2.8e-06,,,0,,,ok,locality=Beiluhe Basin; elev_m=4638; magt_c=-0.34; dem_minus_elev_m=+2
qtp_fu_temp,BL2,Beiluhe Basin BL2,34.8330111,92.9313222,2012,,292.0,borehole_temp,temp_derived,1,China,Tibet,"Fu, Ziteng (2025). Permafrost ground temperature and active layer thickness data on the Qinghai–Tibet Plateau (2001–2020). figshare. Dataset. https://doi.org/10.6084/m9.figshare.29206613.v1",CC BY 4.0,QTEC,,none,annual_value,,,,2.8e-06,,,0,,,ok,locality=Beiluhe Basin; elev_m=4638; magt_c=-0.34; dem_minus_elev_m=+2
qtp_fu_temp,BL2,Beiluhe Basin BL2,34.8330111,92.9313222,2013,,311.0,borehole_temp,temp_derived,1,China,Tibet,"Fu, Ziteng (2025). Permafrost ground temperature and active layer thickness data on the Qinghai–Tibet Plateau (2001–2020). figshare. Dataset. https://doi.org/10.6084/m9.figshare.29206613.v1",CC BY 4.0,QTEC,,none,annual_value,,,,2.8e-06,,,0,,,ok,locality=Beiluhe Basin; elev_m=4638; magt_c=-0.34; dem_minus_elev_m=+2
qtp_fu_temp,BL2,Beiluhe Basin BL2,34.8330111,92.9313222,2014,,298.0,borehole_temp,temp_derived,1,China,Tibet,"Fu, Ziteng (2025). Permafrost ground temperature and active layer thickness data on the Qinghai–Tibet Plateau (2001–2020). figshare. Dataset. https://doi.org/10.6084/m9.figshare.29206613.v1",CC BY 4.0,QTEC,,none,annual_value,,,,2.8e-06,,,0,,,ok,locality=Beiluhe Basin; elev_m=4638; magt_c=-0.34; dem_minus_elev_m=+2
qtp_fu_temp,BL2,Beiluhe Basin BL2,34.8330111,92.9313222,2015,,329.0,borehole_temp,temp_derived,1,China,Tibet,"Fu, Ziteng (2025). Permafrost ground temperature and active layer thickness data on the Qinghai–Tibet Plateau (2001–2020). figshare. Dataset. https://doi.org/10.6084/m9.figshare.29206613.v1",CC BY 4.0,QTEC,,none,annual_value,,,,2.8e-06,,,0,,,ok,locality=Beiluhe Basin; elev_m=4638; magt_c=-0.34; dem_minus_elev_m=+2
qtp_fu_temp,BL2,Beiluhe Basin BL2,34.8330111,92.9313222,2016,,348.0,borehole_temp,temp_derived,1,China,Tibet,"Fu, Ziteng (2025). Permafrost ground temperature and active layer thickness data on the Qinghai–Tibet Plateau (2001–2020). figshare. Dataset. https://doi.org/10.6084/m9.figshare.29206613.v1",CC BY 4.0,QTEC,,none,annual_value,,,,2.8e-06,,,0,,,ok,locality=Beiluhe Basin; elev_m=4638; magt_c=-0.34; dem_minus_elev_m=+2
qtp_fu_temp,BL2,Beiluhe Basin BL2,34.8330111,92.9313222,2017,,335.0,borehole_temp,temp_derived,1,China,Tibet,"Fu, Ziteng (2025). Permafrost ground temperature and active layer thickness data on the Qinghai–Tibet Plateau (2001–2020). figshare. Dataset. https://doi.org/10.6084/m9.figshare.29206613.v1",CC BY 4.0,QTEC,,none,annual_value,,,,2.8e-06,,,0,,,ok,locality=Beiluhe Basin; elev_m=4638; magt_c=-0.34; dem_minus_elev_m=+2
qtp_fu_temp,BL2,Beiluhe Basin BL2,34.8330111,92.9313222,2018,,349.0,borehole_temp,temp_derived,1,China,Tibet,"Fu, Ziteng (2025). Permafrost ground temperature and active layer thickness data on the Qinghai–Tibet Plateau (2001–2020). figshare. Dataset. https://doi.org/10.6084/m9.figshare.29206613.v1",CC BY 4.0,QTEC,,none,annual_value,,,,2.8e-06,,,0,,,ok,locality=Beiluhe Basin; elev_m=4638; magt_c=-0.34; dem_minus_elev_m=+2
qtp_fu_temp,BL2,Beiluhe Basin BL2,34.8330111,92.9313222,2019,,349.0,borehole_temp,temp_derived,1,China,Tibet,"Fu, Ziteng (2025). Permafrost ground temperature and active layer thickness data on the Qinghai–Tibet Plateau (2001–2020). figshare. Dataset. https://doi.org/10.6084/m9.figshare.29206613.v1",CC BY 4.0,QTEC,,none,annual_value,,,,2.8e-06,,,0,,,ok,locality=Beiluhe Basin; elev_m=4638; magt_c=-0.34; dem_minus_elev_m=+2
qtp_fu_temp,BL2,Beiluhe Basin BL2,34.8330111,92.9313222,2020,,342.0,borehole_temp,temp_derived,1,China,Tibet,"Fu, Ziteng (2025). Permafrost ground temperature and active layer thickness data on the Qinghai–Tibet Plateau (2001–2020). figshare. Dataset. https://doi.org/10.6084/m9.figshare.29206613.v1",CC BY 4.0,QTEC,,none,annual_value,,,,2.8e-06,,,0,,,ok,locality=Beiluhe Basin; elev_m=4638; magt_c=-0.34; dem_minus_elev_m=+2
qtp_fu_temp,BL3,Beiluhe Basin BL3,34.8321889,92.9301583,2001,,253.0,borehole_temp,temp_derived,1,China,Tibet,"Fu, Ziteng (2025). Permafrost ground temperature and active layer thickness data on the Qinghai–Tibet Plateau (2001–2020). figshare. Dataset. https://doi.org/10.6084/m9.figshare.29206613.v1",CC BY 4.0,QTEC,,none,annual_value,,,,2.8e-06,,,0,,,ok,locality=Beiluhe Basin; elev_m=4638; magt_c=-0.52; dem_minus_elev_m=-1
qtp_fu_temp,BL3,Beiluhe Basin BL3,34.8321889,92.9301583,2002,,249.0,borehole_temp,temp_derived,1,China,Tibet,"Fu, Ziteng (2025). Permafrost ground temperature and active layer thickness data on the Qinghai–Tibet Plateau (2001–2020). figshare. Dataset. https://doi.org/10.6084/m9.figshare.29206613.v1",CC BY 4.0,QTEC,,none,annual_value,,,,2.8e-06,,,0,,,ok,locality=Beiluhe Basin; elev_m=4638; magt_c=-0.52; dem_minus_elev_m=-1
qtp_fu_temp,BL3,Beiluhe Basin BL3,34.8321889,92.9301583,2003,,231.0,borehole_temp,temp_derived,1,China,Tibet,"Fu, Ziteng (2025). Permafrost ground temperature and active layer thickness data on the Qinghai–Tibet Plateau (2001–2020). figshare. Dataset. https://doi.org/10.6084/m9.figshare.29206613.v1",CC BY 4.0,QTEC,,none,annual_value,,,,2.8e-06,,,0,,,ok,locality=Beiluhe Basin; elev_m=4638; magt_c=-0.52; dem_minus_elev_m=-1
qtp_fu_temp,BL3,Beiluhe Basin BL3,34.8321889,92.9301583,2004,,216.0,borehole_temp,temp_derived,1,China,Tibet,"Fu, Ziteng (2025). Permafrost ground temperature and active layer thickness data on the Qinghai–Tibet Plateau (2001–2020). figshare. Dataset. https://doi.org/10.6084/m9.figshare.29206613.v1",CC BY 4.0,QTEC,,none,annual_value,,,,2.8e-06,,,0,,,ok,locality=Beiluhe Basin; elev_m=4638; magt_c=-0.52; dem_minus_elev_m=-1
qtp_fu_temp,BL3,Beiluhe Basin BL3,34.8321889,92.9301583,2005,,234.0,borehole_temp,temp_derived,1,China,Tibet,"Fu, Ziteng (2025). Permafrost ground temperature and active layer thickness data on the Qinghai–Tibet Plateau (2001–2020). figshare. Dataset. https://doi.org/10.6084/m9.figshare.29206613.v1",CC BY 4.0,QTEC,,none,annual_value,,,,2.8e-06,,,0,,,ok,locality=Beiluhe Basin; elev_m=4638; magt_c=-0.52; dem_minus_elev_m=-1
qtp_fu_temp,BL3,Beiluhe Basin BL3,34.8321889,92.9301583,2006,,254.0,borehole_temp,temp_derived,1,China,Tibet,"Fu, Ziteng (2025). Permafrost ground temperature and active layer thickness data on the Qinghai–Tibet Plateau (2001–2020). figshare. Dataset. https://doi.org/10.6084/m9.figshare.29206613.v1",CC BY 4.0,QTEC,,none,annual_value,,,,2.8e-06,,,0,,,ok,locality=Beiluhe Basin; elev_m=4638; magt_c=-0.52; dem_minus_elev_m=-1
qtp_fu_temp,BL3,Beiluhe Basin BL3,34.8321889,92.9301583,2007,,244.0,borehole_temp,temp_derived,1,China,Tibet,"Fu, Ziteng (2025). Permafrost ground temperature and active layer thickness data on the Qinghai–Tibet Plateau (2001–2020). figshare. Dataset. https://doi.org/10.6084/m9.figshare.29206613.v1",CC BY 4.0,QTEC,,none,annual_value,,,,2.8e-06,,,0,,,ok,locality=Beiluhe Basin; elev_m=4638; magt_c=-0.52; dem_minus_elev_m=-1
qtp_fu_temp,BL3,Beiluhe Basin BL3,34.8321889,92.9301583,2008,,232.0,borehole_temp,temp_derived,1,China,Tibet,"Fu, Ziteng (2025). Permafrost ground temperature and active layer thickness data on the Qinghai–Tibet Plateau (2001–2020). figshare. Dataset. https://doi.org/10.6084/m9.figshare.29206613.v1",CC BY 4.0,QTEC,,none,annual_value,,,,2.8e-06,,,0,,,ok,locality=Beiluhe Basin; elev_m=4638; magt_c=-0.52; dem_minus_elev_m=-1
qtp_fu_temp,BL3,Beiluhe Basin BL3,34.8321889,92.9301583,2009,,260.0,borehole_temp,temp_derived,1,China,Tibet,"Fu, Ziteng (2025). Permafrost ground temperature and active layer thickness data on the Qinghai–Tibet Plateau (2001–2020). figshare. Dataset. https://doi.org/10.6084/m9.figshare.29206613.v1",CC BY 4.0,QTEC,,none,annual_value,,,,2.8e-06,,,0,,,ok,locality=Beiluhe Basin; elev_m=4638; magt_c=-0.52; dem_minus_elev_m=-1
qtp_fu_temp,BL3,Beiluhe Basin BL3,34.8321889,92.9301583,2010,,269.0,borehole_temp,temp_derived,1,China,Tibet,"Fu, Ziteng (2025). Permafrost ground temperature and active layer thickness data on the Qinghai–Tibet Plateau (2001–2020). figshare. Dataset. https://doi.org/10.6084/m9.figshare.29206613.v1",CC BY 4.0,QTEC,,none,annual_value,,,,2.8e-06,,,0,,,ok,locality=Beiluhe Basin; elev_m=4638; magt_c=-0.52; dem_minus_elev_m=-1
qtp_fu_temp,BL3,Beiluhe Basin BL3,34.8321889,92.9301583,2011,,266.0,borehole_temp,temp_derived,1,China,Tibet,"Fu, Ziteng (2025). Permafrost ground temperature and active layer thickness data on the Qinghai–Tibet Plateau (2001–2020). figshare. Dataset. https://doi.org/10.6084/m9.figshare.29206613.v1",CC BY 4.0,QTEC,,none,annual_value,,,,2.8e-06,,,0,,,ok,locality=Beiluhe Basin; elev_m=4638; magt_c=-0.52; dem_minus_elev_m=-1
qtp_fu_temp,BL3,Beiluhe Basin BL3,34.8321889,92.9301583,2012,,288.0,borehole_temp,temp_derived,1,China,Tibet,"Fu, Ziteng (2025). Permafrost ground temperature and active layer thickness data on the Qinghai–Tibet Plateau (2001–2020). figshare. Dataset. https://doi.org/10.6084/m9.figshare.29206613.v1",CC BY 4.0,QTEC,,none,annual_value,,,,2.8e-06,,,0,,,ok,locality=Beiluhe Basin; elev_m=4638; magt_c=-0.52; dem_minus_elev_m=-1
qtp_fu_temp,BL3,Beiluhe Basin BL3,34.8321889,92.9301583,2013,,297.0,borehole_temp,temp_derived,1,China,Tibet,"Fu, Ziteng (2025). Permafrost ground temperature and active layer thickness data on the Qinghai–Tibet Plateau (2001–2020). figshare. Dataset. https://doi.org/10.6084/m9.figshare.29206613.v1",CC BY 4.0,QTEC,,none,annual_value,,,,2.8e-06,,,0,,,ok,locality=Beiluhe Basin; elev_m=4638; magt_c=-0.52; dem_minus_elev_m=-1
qtp_fu_temp,BL3,Beiluhe Basin BL3,34.8321889,92.9301583,2014,,287.0,borehole_temp,temp_derived,1,China,Tibet,"Fu, Ziteng (2025). Permafrost ground temperature and active layer thickness data on the Qinghai–Tibet Plateau (2001–2020). figshare. Dataset. https://doi.org/10.6084/m9.figshare.29206613.v1",CC BY 4.0,QTEC,,none,annual_value,,,,2.8e-06,,,0,,,ok,locality=Beiluhe Basin; elev_m=4638; magt_c=-0.52; dem_minus_elev_m=-1
qtp_fu_temp,BL3,Beiluhe Basin BL3,34.8321889,92.9301583,2015,,310.0,borehole_temp,temp_derived,1,China,Tibet,"Fu, Ziteng (2025). Permafrost ground temperature and active layer thickness data on the Qinghai–Tibet Plateau (2001–2020). figshare. Dataset. https://doi.org/10.6084/m9.figshare.29206613.v1",CC BY 4.0,QTEC,,none,annual_value,,,,2.8e-06,,,0,,,ok,locality=Beiluhe Basin; elev_m=4638; magt_c=-0.52; dem_minus_elev_m=-1
qtp_fu_temp,BL3,Beiluhe Basin BL3,34.8321889,92.9301583,2016,,335.0,borehole_temp,temp_derived,1,China,Tibet,"Fu, Ziteng (2025). Permafrost ground temperature and active layer thickness data on the Qinghai–Tibet Plateau (2001–2020). figshare. Dataset. https://doi.org/10.6084/m9.figshare.29206613.v1",CC BY 4.0,QTEC,,none,annual_value,,,,2.8e-06,,,0,,,ok,locality=Beiluhe Basin; elev_m=4638; magt_c=-0.52; dem_minus_elev_m=-1
qtp_fu_temp,BL3,Beiluhe Basin BL3,34.8321889,92.9301583,2017,,339.0,borehole_temp,temp_derived,1,China,Tibet,"Fu, Ziteng (2025). Permafrost ground temperature and active layer thickness data on the Qinghai–Tibet Plateau (2001–2020). figshare. Dataset. https://doi.org/10.6084/m9.figshare.29206613.v1",CC BY 4.0,QTEC,,none,annual_value,,,,2.8e-06,,,0,,,ok,locality=Beiluhe Basin; elev_m=4638; magt_c=-0.52; dem_minus_elev_m=-1
qtp_fu_temp,BL3,Beiluhe Basin BL3,34.8321889,92.9301583,2018,,347.0,borehole_temp,temp_derived,1,China,Tibet,"Fu, Ziteng (2025). Permafrost ground temperature and active layer thickness data on the Qinghai–Tibet Plateau (2001–2020). figshare. Dataset. https://doi.org/10.6084/m9.figshare.29206613.v1",CC BY 4.0,QTEC,,none,annual_value,,,,2.8e-06,,,0,,,ok,locality=Beiluhe Basin; elev_m=4638; magt_c=-0.52; dem_minus_elev_m=-1
qtp_fu_temp,BL3,Beiluhe Basin BL3,34.8321889,92.9301583,2019,,349.0,borehole_temp,temp_derived,1,China,Tibet,"Fu, Ziteng (2025). Permafrost ground temperature and active layer thickness data on the Qinghai–Tibet Plateau (2001–2020). figshare. Dataset. https://doi.org/10.6084/m9.figshare.29206613.v1",CC BY 4.0,QTEC,,none,annual_value,,,,2.8e-06,,,0,,,ok,locality=Beiluhe Basin; elev_m=4638; magt_c=-0.52; dem_minus_elev_m=-1
qtp_fu_temp,BL3,Beiluhe Basin BL3,34.8321889,92.9301583,2020,,382.0,borehole_temp,temp_derived,1,China,Tibet,"Fu, Ziteng (2025). Permafrost ground temperature and active layer thickness data on the Qinghai–Tibet Plateau (2001–2020). figshare. Dataset. https://doi.org/10.6084/m9.figshare.29206613.v1",CC BY 4.0,QTEC,,none,annual_value,,,,2.8e-06,,,0,,,ok,locality=Beiluhe Basin; elev_m=4638; magt_c=-0.52; dem_minus_elev_m=-1
qtp_fu_temp,BL1,Beiluhe Basin BL1,34.8294528,92.9325778,2001,,318.0,borehole_temp,temp_derived,1,China,Tibet,"Fu, Ziteng (2025). Permafrost ground temperature and active layer thickness data on the Qinghai–Tibet Plateau (2001–2020). figshare. Dataset. https://doi.org/10.6084/m9.figshare.29206613.v1",CC BY 4.0,QTEC,,none,annual_value,,,,2.8e-06,,,0,,,ok,locality=Beiluhe Basin; elev_m=4635; magt_c=-0.20; dem_minus_elev_m=+8
qtp_fu_temp,BL1,Beiluhe Basin BL1,34.8294528,92.9325778,2002,,338.0,borehole_temp,temp_derived,1,China,Tibet,"Fu, Ziteng (2025). Permafrost ground temperature and active layer thickness data on the Qinghai–Tibet Plateau (2001–2020). figshare. Dataset. https://doi.org/10.6084/m9.figshare.29206613.v1",CC BY 4.0,QTEC,,none,annual_value,,,,2.8e-06,,,0,,,ok,locality=Beiluhe Basin; elev_m=4635; magt_c=-0.20; dem_minus_elev_m=+8
qtp_fu_temp,BL1,Beiluhe Basin BL1,34.8294528,92.9325778,2003,,327.0,borehole_temp,temp_derived,1,China,Tibet,"Fu, Ziteng (2025). Permafrost ground temperature and active layer thickness data on the Qinghai–Tibet Plateau (2001–2020). figshare. Dataset. https://doi.org/10.6084/m9.figshare.29206613.v1",CC BY 4.0,QTEC,,none,annual_value,,,,2.8e-06,,,0,,,ok,locality=Beiluhe Basin; elev_m=4635; magt_c=-0.20; dem_minus_elev_m=+8
qtp_fu_temp,BL1,Beiluhe Basin BL1,34.8294528,92.9325778,2004,,328.0,borehole_temp,temp_derived,1,China,Tibet,"Fu, Ziteng (2025). Permafrost ground temperature and active layer thickness data on the Qinghai–Tibet Plateau (2001–2020). figshare. Dataset. https://doi.org/10.6084/m9.figshare.29206613.v1",CC BY 4.0,QTEC,,none,annual_value,,,,2.8e-06,,,0,,,ok,locality=Beiluhe Basin; elev_m=4635; magt_c=-0.20; dem_minus_elev_m=+8
qtp_fu_temp,BL1,Beiluhe Basin BL1,34.8294528,92.9325778,2005,,330.0,borehole_temp,temp_derived,1,China,Tibet,"Fu, Ziteng (2025). Permafrost ground temperature and active layer thickness data on the Qinghai–Tibet Plateau (2001–2020). figshare. Dataset. https://doi.org/10.6084/m9.figshare.29206613.v1",CC BY 4.0,QTEC,,none,annual_value,,,,2.8e-06,,,0,,,ok,locality=Beiluhe Basin; elev_m=4635; magt_c=-0.20; dem_minus_elev_m=+8
qtp_fu_temp,BL1,Beiluhe Basin BL1,34.8294528,92.9325778,2006,,344.0,borehole_temp,temp_derived,1,China,Tibet,"Fu, Ziteng (2025). Permafrost ground temperature and active layer thickness data on the Qinghai–Tibet Plateau (2001–2020). figshare. Dataset. https://doi.org/10.6084/m9.figshare.29206613.v1",CC BY 4.0,QTEC,,none,annual_value,,,,2.8e-06,,,0,,,ok,locality=Beiluhe Basin; elev_m=4635; magt_c=-0.20; dem_minus_elev_m=+8
qtp_fu_temp,BL1,Beiluhe Basin BL1,34.8294528,92.9325778,2007,,338.0,borehole_temp,temp_derived,1,China,Tibet,"Fu, Ziteng (2025). Permafrost ground temperature and active layer thickness data on the Qinghai–Tibet Plateau (2001–2020). figshare. Dataset. https://doi.org/10.6084/m9.figshare.29206613.v1",CC BY 4.0,QTEC,,none,annual_value,,,,2.8e-06,,,0,,,ok,locality=Beiluhe Basin; elev_m=4635; magt_c=-0.20; dem_minus_elev_m=+8
qtp_fu_temp,BL1,Beiluhe Basin BL1,34.8294528,92.9325778,2008,,326.0,borehole_temp,temp_derived,1,China,Tibet,"Fu, Ziteng (2025). Permafrost ground temperature and active layer thickness data on the Qinghai–Tibet Plateau (2001–2020). figshare. Dataset. https://doi.org/10.6084/m9.figshare.29206613.v1",CC BY 4.0,QTEC,,none,annual_value,,,,2.8e-06,,,0,,,ok,locality=Beiluhe Basin; elev_m=4635; magt_c=-0.20; dem_minus_elev_m=+8
qtp_fu_temp,BL1,Beiluhe Basin BL1,34.8294528,92.9325778,2009,,342.0,borehole_temp,temp_derived,1,China,Tibet,"Fu, Ziteng (2025). Permafrost ground temperature and active layer thickness data on the Qinghai–Tibet Plateau (2001–2020). figshare. Dataset. https://doi.org/10.6084/m9.figshare.29206613.v1",CC BY 4.0,QTEC,,none,annual_value,,,,2.8e-06,,,0,,,ok,locality=Beiluhe Basin; elev_m=4635; magt_c=-0.20; dem_minus_elev_m=+8
qtp_fu_temp,BL1,Beiluhe Basin BL1,34.8294528,92.9325778,2010,,350.0,borehole_temp,temp_derived,1,China,Tibet,"Fu, Ziteng (2025). Permafrost ground temperature and active layer thickness data on the Qinghai–Tibet Plateau (2001–2020). figshare. Dataset. https://doi.org/10.6084/m9.figshare.29206613.v1",CC BY 4.0,QTEC,,none,annual_value,,,,2.8e-06,,,0,,,ok,locality=Beiluhe Basin; elev_m=4635; magt_c=-0.20; dem_minus_elev_m=+8
qtp_fu_temp,BL1,Beiluhe Basin BL1,34.8294528,92.9325778,2011,,346.0,borehole_temp,temp_derived,1,China,Tibet,"Fu, Ziteng (2025). Permafrost ground temperature and active layer thickness data on the Qinghai–Tibet Plateau (2001–2020). figshare. Dataset. https://doi.org/10.6084/m9.figshare.29206613.v1",CC BY 4.0,QTEC,,none,annual_value,,,,2.8e-06,,,0,,,ok,locality=Beiluhe Basin; elev_m=4635; magt_c=-0.20; dem_minus_elev_m=+8
qtp_fu_temp,BL1,Beiluhe Basin BL1,34.8294528,92.9325778,2012,,350.0,borehole_temp,temp_derived,1,China,Tibet,"Fu, Ziteng (2025). Permafrost ground temperature and active layer thickness data on the Qinghai–Tibet Plateau (2001–2020). figshare. Dataset. https://doi.org/10.6084/m9.figshare.29206613.v1",CC BY 4.0,QTEC,,none,annual_value,,,,2.8e-06,,,0,,,ok,locality=Beiluhe Basin; elev_m=4635; magt_c=-0.20; dem_minus_elev_m=+8
qtp_fu_temp,BL1,Beiluhe Basin BL1,34.8294528,92.9325778,2013,,374.0,borehole_temp,temp_derived,1,China,Tibet,"Fu, Ziteng (2025). Permafrost ground temperature and active layer thickness data on the Qinghai–Tibet Plateau (2001–2020). figshare. Dataset. https://doi.org/10.6084/m9.figshare.29206613.v1",CC BY 4.0,QTEC,,none,annual_value,,,,2.8e-06,,,0,,,ok,locality=Beiluhe Basin; elev_m=4635; magt_c=-0.20; dem_minus_elev_m=+8
qtp_fu_temp,BL1,Beiluhe Basin BL1,34.8294528,92.9325778,2014,,370.0,borehole_temp,temp_derived,1,China,Tibet,"Fu, Ziteng (2025). Permafrost ground temperature and active layer thickness data on the Qinghai–Tibet Plateau (2001–2020). figshare. Dataset. https://doi.org/10.6084/m9.figshare.29206613.v1",CC BY 4.0,QTEC,,none,annual_value,,,,2.8e-06,,,0,,,ok,locality=Beiluhe Basin; elev_m=4635; magt_c=-0.20; dem_minus_elev_m=+8
qtp_fu_temp,BL1,Beiluhe Basin BL1,34.8294528,92.9325778,2015,,377.0,borehole_temp,temp_derived,1,China,Tibet,"Fu, Ziteng (2025). Permafrost ground temperature and active layer thickness data on the Qinghai–Tibet Plateau (2001–2020). figshare. Dataset. https://doi.org/10.6084/m9.figshare.29206613.v1",CC BY 4.0,QTEC,,none,annual_value,,,,2.8e-06,,,0,,,ok,locality=Beiluhe Basin; elev_m=4635; magt_c=-0.20; dem_minus_elev_m=+8
qtp_fu_temp,BL1,Beiluhe Basin BL1,34.8294528,92.9325778,2016,,392.0,borehole_temp,temp_derived,1,China,Tibet,"Fu, Ziteng (2025). Permafrost ground temperature and active layer thickness data on the Qinghai–Tibet Plateau (2001–2020). figshare. Dataset. https://doi.org/10.6084/m9.figshare.29206613.v1",CC BY 4.0,QTEC,,none,annual_value,,,,2.8e-06,,,0,,,ok,locality=Beiluhe Basin; elev_m=4635; magt_c=-0.20; dem_minus_elev_m=+8
qtp_fu_temp,BL1,Beiluhe Basin BL1,34.8294528,92.9325778,2017,,399.0,borehole_temp,temp_derived,1,China,Tibet,"Fu, Ziteng (2025). Permafrost ground temperature and active layer thickness data on the Qinghai–Tibet Plateau (2001–2020). figshare. Dataset. https://doi.org/10.6084/m9.figshare.29206613.v1",CC BY 4.0,QTEC,,none,annual_value,,,,2.8e-06,,,0,,,ok,locality=Beiluhe Basin; elev_m=4635; magt_c=-0.20; dem_minus_elev_m=+8
qtp_fu_temp,BL1,Beiluhe Basin BL1,34.8294528,92.9325778,2018,,417.0,borehole_temp,temp_derived,1,China,Tibet,"Fu, Ziteng (2025). Permafrost ground temperature and active layer thickness data on the Qinghai–Tibet Plateau (2001–2020). figshare. Dataset. https://doi.org/10.6084/m9.figshare.29206613.v1",CC BY 4.0,QTEC,,none,annual_value,,,,2.8e-06,,,0,,,ok,locality=Beiluhe Basin; elev_m=4635; magt_c=-0.20; dem_minus_elev_m=+8
qtp_fu_temp,BL1,Beiluhe Basin BL1,34.8294528,92.9325778,2019,,391.0,borehole_temp,temp_derived,1,China,Tibet,"Fu, Ziteng (2025). Permafrost ground temperature and active layer thickness data on the Qinghai–Tibet Plateau (2001–2020). figshare. Dataset. https://doi.org/10.6084/m9.figshare.29206613.v1",CC BY 4.0,QTEC,,none,annual_value,,,,2.8e-06,,,0,,,ok,locality=Beiluhe Basin; elev_m=4635; magt_c=-0.20; dem_minus_elev_m=+8
qtp_fu_temp,BL1,Beiluhe Basin BL1,34.8294528,92.9325778,2020,,421.0,borehole_temp,temp_derived,1,China,Tibet,"Fu, Ziteng (2025). Permafrost ground temperature and active layer thickness data on the Qinghai–Tibet Plateau (2001–2020). figshare. Dataset. https://doi.org/10.6084/m9.figshare.29206613.v1",CC BY 4.0,QTEC,,none,annual_value,,,,2.8e-06,,,0,,,ok,locality=Beiluhe Basin; elev_m=4635; magt_c=-0.20; dem_minus_elev_m=+8
qtp_fu_temp,BL10,Beiluhe Basin BL10,34.8274,92.9281,2001,,255.0,borehole_temp,temp_derived,1,China,Tibet,"Fu, Ziteng (2025). Permafrost ground temperature and active layer thickness data on the Qinghai–Tibet Plateau (2001–2020). figshare. Dataset. https://doi.org/10.6084/m9.figshare.29206613.v1",CC BY 4.0,QTEC,,none,annual_value,,,,0.0001,,,0,,,ok,locality=Beiluhe Basin; elev_m=4645; magt_c=-0.29; dem_minus_elev_m=-9
qtp_fu_temp,BL10,Beiluhe Basin BL10,34.8274,92.9281,2002,,255.0,borehole_temp,temp_derived,1,China,Tibet,"Fu, Ziteng (2025). Permafrost ground temperature and active layer thickness data on the Qinghai–Tibet Plateau (2001–2020). figshare. Dataset. https://doi.org/10.6084/m9.figshare.29206613.v1",CC BY 4.0,QTEC,,none,annual_value,,,,0.0001,,,0,,,ok,locality=Beiluhe Basin; elev_m=4645; magt_c=-0.29; dem_minus_elev_m=-9
qtp_fu_temp,BL10,Beiluhe Basin BL10,34.8274,92.9281,2003,,250.0,borehole_temp,temp_derived,1,China,Tibet,"Fu, Ziteng (2025). Permafrost ground temperature and active layer thickness data on the Qinghai–Tibet Plateau (2001–2020). figshare. Dataset. https://doi.org/10.6084/m9.figshare.29206613.v1",CC BY 4.0,QTEC,,none,annual_value,,,,0.0001,,,0,,,ok,locality=Beiluhe Basin; elev_m=4645; magt_c=-0.29; dem_minus_elev_m=-9
qtp_fu_temp,BL10,Beiluhe Basin BL10,34.8274,92.9281,2004,,265.0,borehole_temp,temp_derived,1,China,Tibet,"Fu, Ziteng (2025). Permafrost ground temperature and active layer thickness data on the Qinghai–Tibet Plateau (2001–2020). figshare. Dataset. https://doi.org/10.6084/m9.figshare.29206613.v1",CC BY 4.0,QTEC,,none,annual_value,,,,0.0001,,,0,,,ok,locality=Beiluhe Basin; elev_m=4645; magt_c=-0.29; dem_minus_elev_m=-9
qtp_fu_temp,BL10,Beiluhe Basin BL10,34.8274,92.9281,2005,,280.0,borehole_temp,temp_derived,1,China,Tibet,"Fu, Ziteng (2025). Permafrost ground temperature and active layer thickness data on the Qinghai–Tibet Plateau (2001–2020). figshare. Dataset. https://doi.org/10.6084/m9.figshare.29206613.v1",CC BY 4.0,QTEC,,none,annual_value,,,,0.0001,,,0,,,ok,locality=Beiluhe Basin; elev_m=4645; magt_c=-0.29; dem_minus_elev_m=-9
qtp_fu_temp,BL10,Beiluhe Basin BL10,34.8274,92.9281,2006,,282.0,borehole_temp,temp_derived,1,China,Tibet,"Fu, Ziteng (2025). Permafrost ground temperature and active layer thickness data on the Qinghai–Tibet Plateau (2001–2020). figshare. Dataset. https://doi.org/10.6084/m9.figshare.29206613.v1",CC BY 4.0,QTEC,,none,annual_value,,,,0.0001,,,0,,,ok,locality=Beiluhe Basin; elev_m=4645; magt_c=-0.29; dem_minus_elev_m=-9
qtp_fu_temp,BL10,Beiluhe Basin BL10,34.8274,92.9281,2007,,279.0,borehole_temp,temp_derived,1,China,Tibet,"Fu, Ziteng (2025). Permafrost ground temperature and active layer thickness data on the Qinghai–Tibet Plateau (2001–2020). figshare. Dataset. https://doi.org/10.6084/m9.figshare.29206613.v1",CC BY 4.0,QTEC,,none,annual_value,,,,0.0001,,,0,,,ok,locality=Beiluhe Basin; elev_m=4645; magt_c=-0.29; dem_minus_elev_m=-9
qtp_fu_temp,BL10,Beiluhe Basin BL10,34.8274,92.9281,2008,,260.0,borehole_temp,temp_derived,1,China,Tibet,"Fu, Ziteng (2025). Permafrost ground temperature and active layer thickness data on the Qinghai–Tibet Plateau (2001–2020). figshare. Dataset. https://doi.org/10.6084/m9.figshare.29206613.v1",CC BY 4.0,QTEC,,none,annual_value,,,,0.0001,,,0,,,ok,locality=Beiluhe Basin; elev_m=4645; magt_c=-0.29; dem_minus_elev_m=-9
qtp_fu_temp,BL10,Beiluhe Basin BL10,34.8274,92.9281,2009,,270.0,borehole_temp,temp_derived,1,China,Tibet,"Fu, Ziteng (2025). Permafrost ground temperature and active layer thickness data on the Qinghai–Tibet Plateau (2001–2020). figshare. Dataset. https://doi.org/10.6084/m9.figshare.29206613.v1",CC BY 4.0,QTEC,,none,annual_value,,,,0.0001,,,0,,,ok,locality=Beiluhe Basin; elev_m=4645; magt_c=-0.29; dem_minus_elev_m=-9
qtp_fu_temp,BL10,Beiluhe Basin BL10,34.8274,92.9281,2010,,280.0,borehole_temp,temp_derived,1,China,Tibet,"Fu, Ziteng (2025). Permafrost ground temperature and active layer thickness data on the Qinghai–Tibet Plateau (2001–2020). figshare. Dataset. https://doi.org/10.6084/m9.figshare.29206613.v1",CC BY 4.0,QTEC,,none,annual_value,,,,0.0001,,,0,,,ok,locality=Beiluhe Basin; elev_m=4645; magt_c=-0.29; dem_minus_elev_m=-9
qtp_fu_temp,BL10,Beiluhe Basin BL10,34.8274,92.9281,2011,,279.0,borehole_temp,temp_derived,1,China,Tibet,"Fu, Ziteng (2025). Permafrost ground temperature and active layer thickness data on the Qinghai–Tibet Plateau (2001–2020). figshare. Dataset. https://doi.org/10.6084/m9.figshare.29206613.v1",CC BY 4.0,QTEC,,none,annual_value,,,,0.0001,,,0,,,ok,locality=Beiluhe Basin; elev_m=4645; magt_c=-0.29; dem_minus_elev_m=-9
qtp_fu_temp,BL10,Beiluhe Basin BL10,34.8274,92.9281,2012,,280.0,borehole_temp,temp_derived,1,China,Tibet,"Fu, Ziteng (2025). Permafrost ground temperature and active layer thickness data on the Qinghai–Tibet Plateau (2001–2020). figshare. Dataset. https://doi.org/10.6084/m9.figshare.29206613.v1",CC BY 4.0,QTEC,,none,annual_value,,,,0.0001,,,0,,,ok,locality=Beiluhe Basin; elev_m=4645; magt_c=-0.29; dem_minus_elev_m=-9
qtp_fu_temp,BL10,Beiluhe Basin BL10,34.8274,92.9281,2013,,295.0,borehole_temp,temp_derived,1,China,Tibet,"Fu, Ziteng (2025). Permafrost ground temperature and active layer thickness data on the Qinghai–Tibet Plateau (2001–2020). figshare. Dataset. https://doi.org/10.6084/m9.figshare.29206613.v1",CC BY 4.0,QTEC,,none,annual_value,,,,0.0001,,,0,,,ok,locality=Beiluhe Basin; elev_m=4645; magt_c=-0.29; dem_minus_elev_m=-9
qtp_fu_temp,BL10,Beiluhe Basin BL10,34.8274,92.9281,2014,,290.0,borehole_temp,temp_derived,1,China,Tibet,"Fu, Ziteng (2025). Permafrost ground temperature and active layer thickness data on the Qinghai–Tibet Plateau (2001–2020). figshare. Dataset. https://doi.org/10.6084/m9.figshare.29206613.v1",CC BY 4.0,QTEC,,none,annual_value,,,,0.0001,,,0,,,ok,locality=Beiluhe Basin; elev_m=4645; magt_c=-0.29; dem_minus_elev_m=-9
qtp_fu_temp,BL10,Beiluhe Basin BL10,34.8274,92.9281,2015,,300.0,borehole_temp,temp_derived,1,China,Tibet,"Fu, Ziteng (2025). Permafrost ground temperature and active layer thickness data on the Qinghai–Tibet Plateau (2001–2020). figshare. Dataset. https://doi.org/10.6084/m9.figshare.29206613.v1",CC BY 4.0,QTEC,,none,annual_value,,,,0.0001,,,0,,,ok,locality=Beiluhe Basin; elev_m=4645; magt_c=-0.29; dem_minus_elev_m=-9
qtp_fu_temp,BL10,Beiluhe Basin BL10,34.8274,92.9281,2016,,325.0,borehole_temp,temp_derived,1,China,Tibet,"Fu, Ziteng (2025). Permafrost ground temperature and active layer thickness data on the Qinghai–Tibet Plateau (2001–2020). figshare. Dataset. https://doi.org/10.6084/m9.figshare.29206613.v1",CC BY 4.0,QTEC,,none,annual_value,,,,0.0001,,,0,,,ok,locality=Beiluhe Basin; elev_m=4645; magt_c=-0.29; dem_minus_elev_m=-9
qtp_fu_temp,BL10,Beiluhe Basin BL10,34.8274,92.9281,2017,,340.0,borehole_temp,temp_derived,1,China,Tibet,"Fu, Ziteng (2025). Permafrost ground temperature and active layer thickness data on the Qinghai–Tibet Plateau (2001–2020). figshare. Dataset. https://doi.org/10.6084/m9.figshare.29206613.v1",CC BY 4.0,QTEC,,none,annual_value,,,,0.0001,,,0,,,ok,locality=Beiluhe Basin; elev_m=4645; magt_c=-0.29; dem_minus_elev_m=-9
qtp_fu_temp,BL10,Beiluhe Basin BL10,34.8274,92.9281,2018,,343.0,borehole_temp,temp_derived,1,China,Tibet,"Fu, Ziteng (2025). Permafrost ground temperature and active layer thickness data on the Qinghai–Tibet Plateau (2001–2020). figshare. Dataset. https://doi.org/10.6084/m9.figshare.29206613.v1",CC BY 4.0,QTEC,,none,annual_value,,,,0.0001,,,0,,,ok,locality=Beiluhe Basin; elev_m=4645; magt_c=-0.29; dem_minus_elev_m=-9
qtp_fu_temp,BL10,Beiluhe Basin BL10,34.8274,92.9281,2019,,322.0,borehole_temp,temp_derived,1,China,Tibet,"Fu, Ziteng (2025). Permafrost ground temperature and active layer thickness data on the Qinghai–Tibet Plateau (2001–2020). figshare. Dataset. https://doi.org/10.6084/m9.figshare.29206613.v1",CC BY 4.0,QTEC,,none,annual_value,,,,0.0001,,,0,,,ok,locality=Beiluhe Basin; elev_m=4645; magt_c=-0.29; dem_minus_elev_m=-9
qtp_fu_temp,BL10,Beiluhe Basin BL10,34.8274,92.9281,2020,,304.0,borehole_temp,temp_derived,1,China,Tibet,"Fu, Ziteng (2025). Permafrost ground temperature and active layer thickness data on the Qinghai–Tibet Plateau (2001–2020). figshare. Dataset. https://doi.org/10.6084/m9.figshare.29206613.v1",CC BY 4.0,QTEC,,none,annual_value,,,,0.0001,,,0,,,ok,locality=Beiluhe Basin; elev_m=4645; magt_c=-0.29; dem_minus_elev_m=-9
qtp_fu_temp,BL11,Beiluhe Basin BL11,34.8246167,92.9244833,2001,,187.0,borehole_temp,temp_derived,1,China,Tibet,"Fu, Ziteng (2025). Permafrost ground temperature and active layer thickness data on the Qinghai–Tibet Plateau (2001–2020). figshare. Dataset. https://doi.org/10.6084/m9.figshare.29206613.v1",CC BY 4.0,QTEC,,none,annual_value,,,,1.7e-05,,,0,,,ok,locality=Beiluhe Basin; elev_m=4654; magt_c=-0.84; dem_minus_elev_m=-12
qtp_fu_temp,BL11,Beiluhe Basin BL11,34.8246167,92.9244833,2002,,192.0,borehole_temp,temp_derived,1,China,Tibet,"Fu, Ziteng (2025). Permafrost ground temperature and active layer thickness data on the Qinghai–Tibet Plateau (2001–2020). figshare. Dataset. https://doi.org/10.6084/m9.figshare.29206613.v1",CC BY 4.0,QTEC,,none,annual_value,,,,1.7e-05,,,0,,,ok,locality=Beiluhe Basin; elev_m=4654; magt_c=-0.84; dem_minus_elev_m=-12
qtp_fu_temp,BL11,Beiluhe Basin BL11,34.8246167,92.9244833,2003,,186.0,borehole_temp,temp_derived,1,China,Tibet,"Fu, Ziteng (2025). Permafrost ground temperature and active layer thickness data on the Qinghai–Tibet Plateau (2001–2020). figshare. Dataset. https://doi.org/10.6084/m9.figshare.29206613.v1",CC BY 4.0,QTEC,,none,annual_value,,,,1.7e-05,,,0,,,ok,locality=Beiluhe Basin; elev_m=4654; magt_c=-0.84; dem_minus_elev_m=-12
qtp_fu_temp,BL11,Beiluhe Basin BL11,34.8246167,92.9244833,2004,,196.0,borehole_temp,temp_derived,1,China,Tibet,"Fu, Ziteng (2025). Permafrost ground temperature and active layer thickness data on the Qinghai–Tibet Plateau (2001–2020). figshare. Dataset. https://doi.org/10.6084/m9.figshare.29206613.v1",CC BY 4.0,QTEC,,none,annual_value,,,,1.7e-05,,,0,,,ok,locality=Beiluhe Basin; elev_m=4654; magt_c=-0.84; dem_minus_elev_m=-12
qtp_fu_temp,BL11,Beiluhe Basin BL11,34.8246167,92.9244833,2005,,198.0,borehole_temp,temp_derived,1,China,Tibet,"Fu, Ziteng (2025). Permafrost ground temperature and active layer thickness data on the Qinghai–Tibet Plateau (2001–2020). figshare. Dataset. https://doi.org/10.6084/m9.figshare.29206613.v1",CC BY 4.0,QTEC,,none,annual_value,,,,1.7e-05,,,0,,,ok,locality=Beiluhe Basin; elev_m=4654; magt_c=-0.84; dem_minus_elev_m=-12
qtp_fu_temp,BL11,Beiluhe Basin BL11,34.8246167,92.9244833,2006,,199.0,borehole_temp,temp_derived,1,China,Tibet,"Fu, Ziteng (2025). Permafrost ground temperature and active layer thickness data on the Qinghai–Tibet Plateau (2001–2020). figshare. Dataset. https://doi.org/10.6084/m9.figshare.29206613.v1",CC BY 4.0,QTEC,,none,annual_value,,,,1.7e-05,,,0,,,ok,locality=Beiluhe Basin; elev_m=4654; magt_c=-0.84; dem_minus_elev_m=-12
qtp_fu_temp,BL11,Beiluhe Basin BL11,34.8246167,92.9244833,2007,,212.0,borehole_temp,temp_derived,1,China,Tibet,"Fu, Ziteng (2025). Permafrost ground temperature and active layer thickness data on the Qinghai–Tibet Plateau (2001–2020). figshare. Dataset. https://doi.org/10.6084/m9.figshare.29206613.v1",CC BY 4.0,QTEC,,none,annual_value,,,,1.7e-05,,,0,,,ok,locality=Beiluhe Basin; elev_m=4654; magt_c=-0.84; dem_minus_elev_m=-12
qtp_fu_temp,BL11,Beiluhe Basin BL11,34.8246167,92.9244833,2008,,190.0,borehole_temp,temp_derived,1,China,Tibet,"Fu, Ziteng (2025). Permafrost ground temperature and active layer thickness data on the Qinghai–Tibet Plateau (2001–2020). figshare. Dataset. https://doi.org/10.6084/m9.figshare.29206613.v1",CC BY 4.0,QTEC,,none,annual_value,,,,1.7e-05,,,0,,,ok,locality=Beiluhe Basin; elev_m=4654; magt_c=-0.84; dem_minus_elev_m=-12
qtp_fu_temp,BL11,Beiluhe Basin BL11,34.8246167,92.9244833,2009,,198.0,borehole_temp,temp_derived,1,China,Tibet,"Fu, Ziteng (2025). Permafrost ground temperature and active layer thickness data on the Qinghai–Tibet Plateau (2001–2020). figshare. Dataset. https://doi.org/10.6084/m9.figshare.29206613.v1",CC BY 4.0,QTEC,,none,annual_value,,,,1.7e-05,,,0,,,ok,locality=Beiluhe Basin; elev_m=4654; magt_c=-0.84; dem_minus_elev_m=-12
qtp_fu_temp,BL11,Beiluhe Basin BL11,34.8246167,92.9244833,2010,,218.0,borehole_temp,temp_derived,1,China,Tibet,"Fu, Ziteng (2025). Permafrost ground temperature and active layer thickness data on the Qinghai–Tibet Plateau (2001–2020). figshare. Dataset. https://doi.org/10.6084/m9.figshare.29206613.v1",CC BY 4.0,QTEC,,none,annual_value,,,,1.7e-05,,,0,,,ok,locality=Beiluhe Basin; elev_m=4654; magt_c=-0.84; dem_minus_elev_m=-12
qtp_fu_temp,BL11,Beiluhe Basin BL11,34.8246167,92.9244833,2011,,196.0,borehole_temp,temp_derived,1,China,Tibet,"Fu, Ziteng (2025). Permafrost ground temperature and active layer thickness data on the Qinghai–Tibet Plateau (2001–2020). figshare. Dataset. https://doi.org/10.6084/m9.figshare.29206613.v1",CC BY 4.0,QTEC,,none,annual_value,,,,1.7e-05,,,0,,,ok,locality=Beiluhe Basin; elev_m=4654; magt_c=-0.84; dem_minus_elev_m=-12
qtp_fu_temp,BL11,Beiluhe Basin BL11,34.8246167,92.9244833,2012,,211.0,borehole_temp,temp_derived,1,China,Tibet,"Fu, Ziteng (2025). Permafrost ground temperature and active layer thickness data on the Qinghai–Tibet Plateau (2001–2020). figshare. Dataset. https://doi.org/10.6084/m9.figshare.29206613.v1",CC BY 4.0,QTEC,,none,annual_value,,,,1.7e-05,,,0,,,ok,locality=Beiluhe Basin; elev_m=4654; magt_c=-0.84; dem_minus_elev_m=-12
qtp_fu_temp,BL11,Beiluhe Basin BL11,34.8246167,92.9244833,2013,,220.0,borehole_temp,temp_derived,1,China,Tibet,"Fu, Ziteng (2025). Permafrost ground temperature and active layer thickness data on the Qinghai–Tibet Plateau (2001–2020). figshare. Dataset. https://doi.org/10.6084/m9.figshare.29206613.v1",CC BY 4.0,QTEC,,none,annual_value,,,,1.7e-05,,,0,,,ok,locality=Beiluhe Basin; elev_m=4654; magt_c=-0.84; dem_minus_elev_m=-12
qtp_fu_temp,BL11,Beiluhe Basin BL11,34.8246167,92.9244833,2014,,200.0,borehole_temp,temp_derived,1,China,Tibet,"Fu, Ziteng (2025). Permafrost ground temperature and active layer thickness data on the Qinghai–Tibet Plateau (2001–2020). figshare. Dataset. https://doi.org/10.6084/m9.figshare.29206613.v1",CC BY 4.0,QTEC,,none,annual_value,,,,1.7e-05,,,0,,,ok,locality=Beiluhe Basin; elev_m=4654; magt_c=-0.84; dem_minus_elev_m=-12
qtp_fu_temp,BL11,Beiluhe Basin BL11,34.8246167,92.9244833,2015,,220.0,borehole_temp,temp_derived,1,China,Tibet,"Fu, Ziteng (2025). Permafrost ground temperature and active layer thickness data on the Qinghai–Tibet Plateau (2001–2020). figshare. Dataset. https://doi.org/10.6084/m9.figshare.29206613.v1",CC BY 4.0,QTEC,,none,annual_value,,,,1.7e-05,,,0,,,ok,locality=Beiluhe Basin; elev_m=4654; magt_c=-0.84; dem_minus_elev_m=-12
qtp_fu_temp,BL11,Beiluhe Basin BL11,34.8246167,92.9244833,2016,,246.0,borehole_temp,temp_derived,1,China,Tibet,"Fu, Ziteng (2025). Permafrost ground temperature and active layer thickness data on the Qinghai–Tibet Plateau (2001–2020). figshare. Dataset. https://doi.org/10.6084/m9.figshare.29206613.v1",CC BY 4.0,QTEC,,none,annual_value,,,,1.7e-05,,,0,,,ok,locality=Beiluhe Basin; elev_m=4654; magt_c=-0.84; dem_minus_elev_m=-12
qtp_fu_temp,BL11,Beiluhe Basin BL11,34.8246167,92.9244833,2017,,234.0,borehole_temp,temp_derived,1,China,Tibet,"Fu, Ziteng (2025). Permafrost ground temperature and active layer thickness data on the Qinghai–Tibet Plateau (2001–2020). figshare. Dataset. https://doi.org/10.6084/m9.figshare.29206613.v1",CC BY 4.0,QTEC,,none,annual_value,,,,1.7e-05,,,0,,,ok,locality=Beiluhe Basin; elev_m=4654; magt_c=-0.84; dem_minus_elev_m=-12
qtp_fu_temp,BL11,Beiluhe Basin BL11,34.8246167,92.9244833,2018,,249.0,borehole_temp,temp_derived,1,China,Tibet,"Fu, Ziteng (2025). Permafrost ground temperature and active layer thickness data on the Qinghai–Tibet Plateau (2001–2020). figshare. Dataset. https://doi.org/10.6084/m9.figshare.29206613.v1",CC BY 4.0,QTEC,,none,annual_value,,,,1.7e-05,,,0,,,ok,locality=Beiluhe Basin; elev_m=4654; magt_c=-0.84; dem_minus_elev_m=-12
qtp_fu_temp,BL11,Beiluhe Basin BL11,34.8246167,92.9244833,2019,,246.0,borehole_temp,temp_derived,1,China,Tibet,"Fu, Ziteng (2025). Permafrost ground temperature and active layer thickness data on the Qinghai–Tibet Plateau (2001–2020). figshare. Dataset. https://doi.org/10.6084/m9.figshare.29206613.v1",CC BY 4.0,QTEC,,none,annual_value,,,,1.7e-05,,,0,,,ok,locality=Beiluhe Basin; elev_m=4654; magt_c=-0.84; dem_minus_elev_m=-12
qtp_fu_temp,BL11,Beiluhe Basin BL11,34.8246167,92.9244833,2020,,307.0,borehole_temp,temp_derived,1,China,Tibet,"Fu, Ziteng (2025). Permafrost ground temperature and active layer thickness data on the Qinghai–Tibet Plateau (2001–2020). figshare. Dataset. https://doi.org/10.6084/m9.figshare.29206613.v1",CC BY 4.0,QTEC,,none,annual_value,,,,1.7e-05,,,0,,,ok,locality=Beiluhe Basin; elev_m=4654; magt_c=-0.84; dem_minus_elev_m=-12
qtp_fu_temp,BL12,Beiluhe Basin BL12,34.82335,92.92385,2001,,214.0,borehole_temp,temp_derived,1,China,Tibet,"Fu, Ziteng (2025). Permafrost ground temperature and active layer thickness data on the Qinghai–Tibet Plateau (2001–2020). figshare. Dataset. https://doi.org/10.6084/m9.figshare.29206613.v1",CC BY 4.0,QTEC,,none,annual_value,,,,1e-05,,,0,,,ok,locality=Beiluhe Basin; elev_m=4652; magt_c=-1.25; dem_minus_elev_m=-12
qtp_fu_temp,BL12,Beiluhe Basin BL12,34.82335,92.92385,2002,,222.0,borehole_temp,temp_derived,1,China,Tibet,"Fu, Ziteng (2025). Permafrost ground temperature and active layer thickness data on the Qinghai–Tibet Plateau (2001–2020). figshare. Dataset. https://doi.org/10.6084/m9.figshare.29206613.v1",CC BY 4.0,QTEC,,none,annual_value,,,,1e-05,,,0,,,ok,locality=Beiluhe Basin; elev_m=4652; magt_c=-1.25; dem_minus_elev_m=-12
qtp_fu_temp,BL12,Beiluhe Basin BL12,34.82335,92.92385,2003,,199.0,borehole_temp,temp_derived,1,China,Tibet,"Fu, Ziteng (2025). Permafrost ground temperature and active layer thickness data on the Qinghai–Tibet Plateau (2001–2020). figshare. Dataset. https://doi.org/10.6084/m9.figshare.29206613.v1",CC BY 4.0,QTEC,,none,annual_value,,,,1e-05,,,0,,,ok,locality=Beiluhe Basin; elev_m=4652; magt_c=-1.25; dem_minus_elev_m=-12
qtp_fu_temp,BL12,Beiluhe Basin BL12,34.82335,92.92385,2004,,208.0,borehole_temp,temp_derived,1,China,Tibet,"Fu, Ziteng (2025). Permafrost ground temperature and active layer thickness data on the Qinghai–Tibet Plateau (2001–2020). figshare. Dataset. https://doi.org/10.6084/m9.figshare.29206613.v1",CC BY 4.0,QTEC,,none,annual_value,,,,1e-05,,,0,,,ok,locality=Beiluhe Basin; elev_m=4652; magt_c=-1.25; dem_minus_elev_m=-12
qtp_fu_temp,BL12,Beiluhe Basin BL12,34.82335,92.92385,2005,,216.0,borehole_temp,temp_derived,1,China,Tibet,"Fu, Ziteng (2025). Permafrost ground temperature and active layer thickness data on the Qinghai–Tibet Plateau (2001–2020). figshare. Dataset. https://doi.org/10.6084/m9.figshare.29206613.v1",CC BY 4.0,QTEC,,none,annual_value,,,,1e-05,,,0,,,ok,locality=Beiluhe Basin; elev_m=4652; magt_c=-1.25; dem_minus_elev_m=-12
qtp_fu_temp,BL12,Beiluhe Basin BL12,34.82335,92.92385,2006,,226.0,borehole_temp,temp_derived,1,China,Tibet,"Fu, Ziteng (2025). Permafrost ground temperature and active layer thickness data on the Qinghai–Tibet Plateau (2001–2020). figshare. Dataset. https://doi.org/10.6084/m9.figshare.29206613.v1",CC BY 4.0,QTEC,,none,annual_value,,,,1e-05,,,0,,,ok,locality=Beiluhe Basin; elev_m=4652; magt_c=-1.25; dem_minus_elev_m=-12
qtp_fu_temp,BL12,Beiluhe Basin BL12,34.82335,92.92385,2007,,239.0,borehole_temp,temp_derived,1,China,Tibet,"Fu, Ziteng (2025). Permafrost ground temperature and active layer thickness data on the Qinghai–Tibet Plateau (2001–2020). figshare. Dataset. https://doi.org/10.6084/m9.figshare.29206613.v1",CC BY 4.0,QTEC,,none,annual_value,,,,1e-05,,,0,,,ok,locality=Beiluhe Basin; elev_m=4652; magt_c=-1.25; dem_minus_elev_m=-12
qtp_fu_temp,BL12,Beiluhe Basin BL12,34.82335,92.92385,2008,,236.0,borehole_temp,temp_derived,1,China,Tibet,"Fu, Ziteng (2025). Permafrost ground temperature and active layer thickness data on the Qinghai–Tibet Plateau (2001–2020). figshare. Dataset. https://doi.org/10.6084/m9.figshare.29206613.v1",CC BY 4.0,QTEC,,none,annual_value,,,,1e-05,,,0,,,ok,locality=Beiluhe Basin; elev_m=4652; magt_c=-1.25; dem_minus_elev_m=-12
qtp_fu_temp,BL12,Beiluhe Basin BL12,34.82335,92.92385,2009,,244.0,borehole_temp,temp_derived,1,China,Tibet,"Fu, Ziteng (2025). Permafrost ground temperature and active layer thickness data on the Qinghai–Tibet Plateau (2001–2020). figshare. Dataset. https://doi.org/10.6084/m9.figshare.29206613.v1",CC BY 4.0,QTEC,,none,annual_value,,,,1e-05,,,0,,,ok,locality=Beiluhe Basin; elev_m=4652; magt_c=-1.25; dem_minus_elev_m=-12
qtp_fu_temp,BL12,Beiluhe Basin BL12,34.82335,92.92385,2010,,248.0,borehole_temp,temp_derived,1,China,Tibet,"Fu, Ziteng (2025). Permafrost ground temperature and active layer thickness data on the Qinghai–Tibet Plateau (2001–2020). figshare. Dataset. https://doi.org/10.6084/m9.figshare.29206613.v1",CC BY 4.0,QTEC,,none,annual_value,,,,1e-05,,,0,,,ok,locality=Beiluhe Basin; elev_m=4652; magt_c=-1.25; dem_minus_elev_m=-12
qtp_fu_temp,BL12,Beiluhe Basin BL12,34.82335,92.92385,2011,,254.0,borehole_temp,temp_derived,1,China,Tibet,"Fu, Ziteng (2025). Permafrost ground temperature and active layer thickness data on the Qinghai–Tibet Plateau (2001–2020). figshare. Dataset. https://doi.org/10.6084/m9.figshare.29206613.v1",CC BY 4.0,QTEC,,none,annual_value,,,,1e-05,,,0,,,ok,locality=Beiluhe Basin; elev_m=4652; magt_c=-1.25; dem_minus_elev_m=-12
qtp_fu_temp,BL12,Beiluhe Basin BL12,34.82335,92.92385,2012,,266.0,borehole_temp,temp_derived,1,China,Tibet,"Fu, Ziteng (2025). Permafrost ground temperature and active layer thickness data on the Qinghai–Tibet Plateau (2001–2020). figshare. Dataset. https://doi.org/10.6084/m9.figshare.29206613.v1",CC BY 4.0,QTEC,,none,annual_value,,,,1e-05,,,0,,,ok,locality=Beiluhe Basin; elev_m=4652; magt_c=-1.25; dem_minus_elev_m=-12
qtp_fu_temp,BL12,Beiluhe Basin BL12,34.82335,92.92385,2013,,278.0,borehole_temp,temp_derived,1,China,Tibet,"Fu, Ziteng (2025). Permafrost ground temperature and active layer thickness data on the Qinghai–Tibet Plateau (2001–2020). figshare. Dataset. https://doi.org/10.6084/m9.figshare.29206613.v1",CC BY 4.0,QTEC,,none,annual_value,,,,1e-05,,,0,,,ok,locality=Beiluhe Basin; elev_m=4652; magt_c=-1.25; dem_minus_elev_m=-12
qtp_fu_temp,BL12,Beiluhe Basin BL12,34.82335,92.92385,2014,,283.0,borehole_temp,temp_derived,1,China,Tibet,"Fu, Ziteng (2025). Permafrost ground temperature and active layer thickness data on the Qinghai–Tibet Plateau (2001–2020). figshare. Dataset. https://doi.org/10.6084/m9.figshare.29206613.v1",CC BY 4.0,QTEC,,none,annual_value,,,,1e-05,,,0,,,ok,locality=Beiluhe Basin; elev_m=4652; magt_c=-1.25; dem_minus_elev_m=-12
qtp_fu_temp,BL12,Beiluhe Basin BL12,34.82335,92.92385,2015,,289.0,borehole_temp,temp_derived,1,China,Tibet,"Fu, Ziteng (2025). Permafrost ground temperature and active layer thickness data on the Qinghai–Tibet Plateau (2001–2020). figshare. Dataset. https://doi.org/10.6084/m9.figshare.29206613.v1",CC BY 4.0,QTEC,,none,annual_value,,,,1e-05,,,0,,,ok,locality=Beiluhe Basin; elev_m=4652; magt_c=-1.25; dem_minus_elev_m=-12
qtp_fu_temp,BL12,Beiluhe Basin BL12,34.82335,92.92385,2016,,292.0,borehole_temp,temp_derived,1,China,Tibet,"Fu, Ziteng (2025). Permafrost ground temperature and active layer thickness data on the Qinghai–Tibet Plateau (2001–2020). figshare. Dataset. https://doi.org/10.6084/m9.figshare.29206613.v1",CC BY 4.0,QTEC,,none,annual_value,,,,1e-05,,,0,,,ok,locality=Beiluhe Basin; elev_m=4652; magt_c=-1.25; dem_minus_elev_m=-12
qtp_fu_temp,BL12,Beiluhe Basin BL12,34.82335,92.92385,2017,,289.0,borehole_temp,temp_derived,1,China,Tibet,"Fu, Ziteng (2025). Permafrost ground temperature and active layer thickness data on the Qinghai–Tibet Plateau (2001–2020). figshare. Dataset. https://doi.org/10.6084/m9.figshare.29206613.v1",CC BY 4.0,QTEC,,none,annual_value,,,,1e-05,,,0,,,ok,locality=Beiluhe Basin; elev_m=4652; magt_c=-1.25; dem_minus_elev_m=-12
qtp_fu_temp,BL12,Beiluhe Basin BL12,34.82335,92.92385,2018,,300.0,borehole_temp,temp_derived,1,China,Tibet,"Fu, Ziteng (2025). Permafrost ground temperature and active layer thickness data on the Qinghai–Tibet Plateau (2001–2020). figshare. Dataset. https://doi.org/10.6084/m9.figshare.29206613.v1",CC BY 4.0,QTEC,,none,annual_value,,,,1e-05,,,0,,,ok,locality=Beiluhe Basin; elev_m=4652; magt_c=-1.25; dem_minus_elev_m=-12
qtp_fu_temp,BL12,Beiluhe Basin BL12,34.82335,92.92385,2019,,296.0,borehole_temp,temp_derived,1,China,Tibet,"Fu, Ziteng (2025). Permafrost ground temperature and active layer thickness data on the Qinghai–Tibet Plateau (2001–2020). figshare. Dataset. https://doi.org/10.6084/m9.figshare.29206613.v1",CC BY 4.0,QTEC,,none,annual_value,,,,1e-05,,,0,,,ok,locality=Beiluhe Basin; elev_m=4652; magt_c=-1.25; dem_minus_elev_m=-12
qtp_fu_temp,BL12,Beiluhe Basin BL12,34.82335,92.92385,2020,,299.0,borehole_temp,temp_derived,1,China,Tibet,"Fu, Ziteng (2025). Permafrost ground temperature and active layer thickness data on the Qinghai–Tibet Plateau (2001–2020). figshare. Dataset. https://doi.org/10.6084/m9.figshare.29206613.v1",CC BY 4.0,QTEC,,none,annual_value,,,,1e-05,,,0,,,ok,locality=Beiluhe Basin; elev_m=4652; magt_c=-1.25; dem_minus_elev_m=-12
qtp_fu_temp,BL8,Beiluhe Basin BL8,34.8163333,92.9205833,2001,,205.0,borehole_temp,temp_derived,1,China,Tibet,"Fu, Ziteng (2025). Permafrost ground temperature and active layer thickness data on the Qinghai–Tibet Plateau (2001–2020). figshare. Dataset. https://doi.org/10.6084/m9.figshare.29206613.v1",CC BY 4.0,QTEC,,none,annual_value,,,,2.8e-05,,,0,,,ok,locality=Beiluhe Basin; elev_m=4654; magt_c=-1.44; dem_minus_elev_m=-6
qtp_fu_temp,BL8,Beiluhe Basin BL8,34.8163333,92.9205833,2002,,212.0,borehole_temp,temp_derived,1,China,Tibet,"Fu, Ziteng (2025). Permafrost ground temperature and active layer thickness data on the Qinghai–Tibet Plateau (2001–2020). figshare. Dataset. https://doi.org/10.6084/m9.figshare.29206613.v1",CC BY 4.0,QTEC,,none,annual_value,,,,2.8e-05,,,0,,,ok,locality=Beiluhe Basin; elev_m=4654; magt_c=-1.44; dem_minus_elev_m=-6
qtp_fu_temp,BL8,Beiluhe Basin BL8,34.8163333,92.9205833,2003,,200.0,borehole_temp,temp_derived,1,China,Tibet,"Fu, Ziteng (2025). Permafrost ground temperature and active layer thickness data on the Qinghai–Tibet Plateau (2001–2020). figshare. Dataset. https://doi.org/10.6084/m9.figshare.29206613.v1",CC BY 4.0,QTEC,,none,annual_value,,,,2.8e-05,,,0,,,ok,locality=Beiluhe Basin; elev_m=4654; magt_c=-1.44; dem_minus_elev_m=-6
qtp_fu_temp,BL8,Beiluhe Basin BL8,34.8163333,92.9205833,2004,,204.0,borehole_temp,temp_derived,1,China,Tibet,"Fu, Ziteng (2025). Permafrost ground temperature and active layer thickness data on the Qinghai–Tibet Plateau (2001–2020). figshare. Dataset. https://doi.org/10.6084/m9.figshare.29206613.v1",CC BY 4.0,QTEC,,none,annual_value,,,,2.8e-05,,,0,,,ok,locality=Beiluhe Basin; elev_m=4654; magt_c=-1.44; dem_minus_elev_m=-6
qtp_fu_temp,BL8,Beiluhe Basin BL8,34.8163333,92.9205833,2005,,214.0,borehole_temp,temp_derived,1,China,Tibet,"Fu, Ziteng (2025). Permafrost ground temperature and active layer thickness data on the Qinghai–Tibet Plateau (2001–2020). figshare. Dataset. https://doi.org/10.6084/m9.figshare.29206613.v1",CC BY 4.0,QTEC,,none,annual_value,,,,2.8e-05,,,0,,,ok,locality=Beiluhe Basin; elev_m=4654; magt_c=-1.44; dem_minus_elev_m=-6
qtp_fu_temp,BL8,Beiluhe Basin BL8,34.8163333,92.9205833,2006,,215.0,borehole_temp,temp_derived,1,China,Tibet,"Fu, Ziteng (2025). Permafrost ground temperature and active layer thickness data on the Qinghai–Tibet Plateau (2001–2020). figshare. Dataset. https://doi.org/10.6084/m9.figshare.29206613.v1",CC BY 4.0,QTEC,,none,annual_value,,,,2.8e-05,,,0,,,ok,locality=Beiluhe Basin; elev_m=4654; magt_c=-1.44; dem_minus_elev_m=-6
qtp_fu_temp,BL8,Beiluhe Basin BL8,34.8163333,92.9205833,2007,,222.0,borehole_temp,temp_derived,1,China,Tibet,"Fu, Ziteng (2025). Permafrost ground temperature and active layer thickness data on the Qinghai–Tibet Plateau (2001–2020). figshare. Dataset. https://doi.org/10.6084/m9.figshare.29206613.v1",CC BY 4.0,QTEC,,none,annual_value,,,,2.8e-05,,,0,,,ok,locality=Beiluhe Basin; elev_m=4654; magt_c=-1.44; dem_minus_elev_m=-6
qtp_fu_temp,BL8,Beiluhe Basin BL8,34.8163333,92.9205833,2008,,222.0,borehole_temp,temp_derived,1,China,Tibet,"Fu, Ziteng (2025). Permafrost ground temperature and active layer thickness data on the Qinghai–Tibet Plateau (2001–2020). figshare. Dataset. https://doi.org/10.6084/m9.figshare.29206613.v1",CC BY 4.0,QTEC,,none,annual_value,,,,2.8e-05,,,0,,,ok,locality=Beiluhe Basin; elev_m=4654; magt_c=-1.44; dem_minus_elev_m=-6
qtp_fu_temp,BL8,Beiluhe Basin BL8,34.8163333,92.9205833,2009,,228.0,borehole_temp,temp_derived,1,China,Tibet,"Fu, Ziteng (2025). Permafrost ground temperature and active layer thickness data on the Qinghai–Tibet Plateau (2001–2020). figshare. Dataset. https://doi.org/10.6084/m9.figshare.29206613.v1",CC BY 4.0,QTEC,,none,annual_value,,,,2.8e-05,,,0,,,ok,locality=Beiluhe Basin; elev_m=4654; magt_c=-1.44; dem_minus_elev_m=-6
qtp_fu_temp,BL8,Beiluhe Basin BL8,34.8163333,92.9205833,2010,,232.0,borehole_temp,temp_derived,1,China,Tibet,"Fu, Ziteng (2025). Permafrost ground temperature and active layer thickness data on the Qinghai–Tibet Plateau (2001–2020). figshare. Dataset. https://doi.org/10.6084/m9.figshare.29206613.v1",CC BY 4.0,QTEC,,none,annual_value,,,,2.8e-05,,,0,,,ok,locality=Beiluhe Basin; elev_m=4654; magt_c=-1.44; dem_minus_elev_m=-6
qtp_fu_temp,BL8,Beiluhe Basin BL8,34.8163333,92.9205833,2011,,232.0,borehole_temp,temp_derived,1,China,Tibet,"Fu, Ziteng (2025). Permafrost ground temperature and active layer thickness data on the Qinghai–Tibet Plateau (2001–2020). figshare. Dataset. https://doi.org/10.6084/m9.figshare.29206613.v1",CC BY 4.0,QTEC,,none,annual_value,,,,2.8e-05,,,0,,,ok,locality=Beiluhe Basin; elev_m=4654; magt_c=-1.44; dem_minus_elev_m=-6
qtp_fu_temp,BL8,Beiluhe Basin BL8,34.8163333,92.9205833,2012,,240.0,borehole_temp,temp_derived,1,China,Tibet,"Fu, Ziteng (2025). Permafrost ground temperature and active layer thickness data on the Qinghai–Tibet Plateau (2001–2020). figshare. Dataset. https://doi.org/10.6084/m9.figshare.29206613.v1",CC BY 4.0,QTEC,,none,annual_value,,,,2.8e-05,,,0,,,ok,locality=Beiluhe Basin; elev_m=4654; magt_c=-1.44; dem_minus_elev_m=-6
qtp_fu_temp,BL8,Beiluhe Basin BL8,34.8163333,92.9205833,2013,,243.0,borehole_temp,temp_derived,1,China,Tibet,"Fu, Ziteng (2025). Permafrost ground temperature and active layer thickness data on the Qinghai–Tibet Plateau (2001–2020). figshare. Dataset. https://doi.org/10.6084/m9.figshare.29206613.v1",CC BY 4.0,QTEC,,none,annual_value,,,,2.8e-05,,,0,,,ok,locality=Beiluhe Basin; elev_m=4654; magt_c=-1.44; dem_minus_elev_m=-6
qtp_fu_temp,BL8,Beiluhe Basin BL8,34.8163333,92.9205833,2014,,244.0,borehole_temp,temp_derived,1,China,Tibet,"Fu, Ziteng (2025). Permafrost ground temperature and active layer thickness data on the Qinghai–Tibet Plateau (2001–2020). figshare. Dataset. https://doi.org/10.6084/m9.figshare.29206613.v1",CC BY 4.0,QTEC,,none,annual_value,,,,2.8e-05,,,0,,,ok,locality=Beiluhe Basin; elev_m=4654; magt_c=-1.44; dem_minus_elev_m=-6
qtp_fu_temp,BL8,Beiluhe Basin BL8,34.8163333,92.9205833,2015,,243.0,borehole_temp,temp_derived,1,China,Tibet,"Fu, Ziteng (2025). Permafrost ground temperature and active layer thickness data on the Qinghai–Tibet Plateau (2001–2020). figshare. Dataset. https://doi.org/10.6084/m9.figshare.29206613.v1",CC BY 4.0,QTEC,,none,annual_value,,,,2.8e-05,,,0,,,ok,locality=Beiluhe Basin; elev_m=4654; magt_c=-1.44; dem_minus_elev_m=-6
qtp_fu_temp,BL8,Beiluhe Basin BL8,34.8163333,92.9205833,2016,,247.0,borehole_temp,temp_derived,1,China,Tibet,"Fu, Ziteng (2025). Permafrost ground temperature and active layer thickness data on the Qinghai–Tibet Plateau (2001–2020). figshare. Dataset. https://doi.org/10.6084/m9.figshare.29206613.v1",CC BY 4.0,QTEC,,none,annual_value,,,,2.8e-05,,,0,,,ok,locality=Beiluhe Basin; elev_m=4654; magt_c=-1.44; dem_minus_elev_m=-6
qtp_fu_temp,BL8,Beiluhe Basin BL8,34.8163333,92.9205833,2017,,248.0,borehole_temp,temp_derived,1,China,Tibet,"Fu, Ziteng (2025). Permafrost ground temperature and active layer thickness data on the Qinghai–Tibet Plateau (2001–2020). figshare. Dataset. https://doi.org/10.6084/m9.figshare.29206613.v1",CC BY 4.0,QTEC,,none,annual_value,,,,2.8e-05,,,0,,,ok,locality=Beiluhe Basin; elev_m=4654; magt_c=-1.44; dem_minus_elev_m=-6
qtp_fu_temp,BL8,Beiluhe Basin BL8,34.8163333,92.9205833,2018,,267.0,borehole_temp,temp_derived,1,China,Tibet,"Fu, Ziteng (2025). Permafrost ground temperature and active layer thickness data on the Qinghai–Tibet Plateau (2001–2020). figshare. Dataset. https://doi.org/10.6084/m9.figshare.29206613.v1",CC BY 4.0,QTEC,,none,annual_value,,,,2.8e-05,,,0,,,ok,locality=Beiluhe Basin; elev_m=4654; magt_c=-1.44; dem_minus_elev_m=-6
qtp_fu_temp,BL8,Beiluhe Basin BL8,34.8163333,92.9205833,2019,,263.0,borehole_temp,temp_derived,1,China,Tibet,"Fu, Ziteng (2025). Permafrost ground temperature and active layer thickness data on the Qinghai–Tibet Plateau (2001–2020). figshare. Dataset. https://doi.org/10.6084/m9.figshare.29206613.v1",CC BY 4.0,QTEC,,none,annual_value,,,,2.8e-05,,,0,,,ok,locality=Beiluhe Basin; elev_m=4654; magt_c=-1.44; dem_minus_elev_m=-6
qtp_fu_temp,BL8,Beiluhe Basin BL8,34.8163333,92.9205833,2020,,254.0,borehole_temp,temp_derived,1,China,Tibet,"Fu, Ziteng (2025). Permafrost ground temperature and active layer thickness data on the Qinghai–Tibet Plateau (2001–2020). figshare. Dataset. https://doi.org/10.6084/m9.figshare.29206613.v1",CC BY 4.0,QTEC,,none,annual_value,,,,2.8e-05,,,0,,,ok,locality=Beiluhe Basin; elev_m=4654; magt_c=-1.44; dem_minus_elev_m=-6
qtp_fu_temp,BL9,Beiluhe Basin BL9,34.808,92.9153611,2001,,209.0,borehole_temp,temp_derived,1,China,Tibet,"Fu, Ziteng (2025). Permafrost ground temperature and active layer thickness data on the Qinghai–Tibet Plateau (2001–2020). figshare. Dataset. https://doi.org/10.6084/m9.figshare.29206613.v1",CC BY 4.0,QTEC,,none,annual_value,,,,2.8e-05,,,0,,,ok,locality=Beiluhe Basin; elev_m=4665; magt_c=-1.40; dem_minus_elev_m=-2
qtp_fu_temp,BL9,Beiluhe Basin BL9,34.808,92.9153611,2002,,207.0,borehole_temp,temp_derived,1,China,Tibet,"Fu, Ziteng (2025). Permafrost ground temperature and active layer thickness data on the Qinghai–Tibet Plateau (2001–2020). figshare. Dataset. https://doi.org/10.6084/m9.figshare.29206613.v1",CC BY 4.0,QTEC,,none,annual_value,,,,2.8e-05,,,0,,,ok,locality=Beiluhe Basin; elev_m=4665; magt_c=-1.40; dem_minus_elev_m=-2
qtp_fu_temp,BL9,Beiluhe Basin BL9,34.808,92.9153611,2003,,193.0,borehole_temp,temp_derived,1,China,Tibet,"Fu, Ziteng (2025). Permafrost ground temperature and active layer thickness data on the Qinghai–Tibet Plateau (2001–2020). figshare. Dataset. https://doi.org/10.6084/m9.figshare.29206613.v1",CC BY 4.0,QTEC,,none,annual_value,,,,2.8e-05,,,0,,,ok,locality=Beiluhe Basin; elev_m=4665; magt_c=-1.40; dem_minus_elev_m=-2
qtp_fu_temp,BL9,Beiluhe Basin BL9,34.808,92.9153611,2004,,187.0,borehole_temp,temp_derived,1,China,Tibet,"Fu, Ziteng (2025). Permafrost ground temperature and active layer thickness data on the Qinghai–Tibet Plateau (2001–2020). figshare. Dataset. https://doi.org/10.6084/m9.figshare.29206613.v1",CC BY 4.0,QTEC,,none,annual_value,,,,2.8e-05,,,0,,,ok,locality=Beiluhe Basin; elev_m=4665; magt_c=-1.40; dem_minus_elev_m=-2
qtp_fu_temp,BL9,Beiluhe Basin BL9,34.808,92.9153611,2005,,188.0,borehole_temp,temp_derived,1,China,Tibet,"Fu, Ziteng (2025). Permafrost ground temperature and active layer thickness data on the Qinghai–Tibet Plateau (2001–2020). figshare. Dataset. https://doi.org/10.6084/m9.figshare.29206613.v1",CC BY 4.0,QTEC,,none,annual_value,,,,2.8e-05,,,0,,,ok,locality=Beiluhe Basin; elev_m=4665; magt_c=-1.40; dem_minus_elev_m=-2
qtp_fu_temp,BL9,Beiluhe Basin BL9,34.808,92.9153611,2006,,198.0,borehole_temp,temp_derived,1,China,Tibet,"Fu, Ziteng (2025). Permafrost ground temperature and active layer thickness data on the Qinghai–Tibet Plateau (2001–2020). figshare. Dataset. https://doi.org/10.6084/m9.figshare.29206613.v1",CC BY 4.0,QTEC,,none,annual_value,,,,2.8e-05,,,0,,,ok,locality=Beiluhe Basin; elev_m=4665; magt_c=-1.40; dem_minus_elev_m=-2
qtp_fu_temp,BL9,Beiluhe Basin BL9,34.808,92.9153611,2007,,206.0,borehole_temp,temp_derived,1,China,Tibet,"Fu, Ziteng (2025). Permafrost ground temperature and active layer thickness data on the Qinghai–Tibet Plateau (2001–2020). figshare. Dataset. https://doi.org/10.6084/m9.figshare.29206613.v1",CC BY 4.0,QTEC,,none,annual_value,,,,2.8e-05,,,0,,,ok,locality=Beiluhe Basin; elev_m=4665; magt_c=-1.40; dem_minus_elev_m=-2
qtp_fu_temp,BL9,Beiluhe Basin BL9,34.808,92.9153611,2008,,204.0,borehole_temp,temp_derived,1,China,Tibet,"Fu, Ziteng (2025). Permafrost ground temperature and active layer thickness data on the Qinghai–Tibet Plateau (2001–2020). figshare. Dataset. https://doi.org/10.6084/m9.figshare.29206613.v1",CC BY 4.0,QTEC,,none,annual_value,,,,2.8e-05,,,0,,,ok,locality=Beiluhe Basin; elev_m=4665; magt_c=-1.40; dem_minus_elev_m=-2
qtp_fu_temp,BL9,Beiluhe Basin BL9,34.808,92.9153611,2009,,212.0,borehole_temp,temp_derived,1,China,Tibet,"Fu, Ziteng (2025). Permafrost ground temperature and active layer thickness data on the Qinghai–Tibet Plateau (2001–2020). figshare. Dataset. https://doi.org/10.6084/m9.figshare.29206613.v1",CC BY 4.0,QTEC,,none,annual_value,,,,2.8e-05,,,0,,,ok,locality=Beiluhe Basin; elev_m=4665; magt_c=-1.40; dem_minus_elev_m=-2
qtp_fu_temp,BL9,Beiluhe Basin BL9,34.808,92.9153611,2010,,219.0,borehole_temp,temp_derived,1,China,Tibet,"Fu, Ziteng (2025). Permafrost ground temperature and active layer thickness data on the Qinghai–Tibet Plateau (2001–2020). figshare. Dataset. https://doi.org/10.6084/m9.figshare.29206613.v1",CC BY 4.0,QTEC,,none,annual_value,,,,2.8e-05,,,0,,,ok,locality=Beiluhe Basin; elev_m=4665; magt_c=-1.40; dem_minus_elev_m=-2
qtp_fu_temp,BL9,Beiluhe Basin BL9,34.808,92.9153611,2011,,224.0,borehole_temp,temp_derived,1,China,Tibet,"Fu, Ziteng (2025). Permafrost ground temperature and active layer thickness data on the Qinghai–Tibet Plateau (2001–2020). figshare. Dataset. https://doi.org/10.6084/m9.figshare.29206613.v1",CC BY 4.0,QTEC,,none,annual_value,,,,2.8e-05,,,0,,,ok,locality=Beiluhe Basin; elev_m=4665; magt_c=-1.40; dem_minus_elev_m=-2
qtp_fu_temp,BL9,Beiluhe Basin BL9,34.808,92.9153611,2012,,234.0,borehole_temp,temp_derived,1,China,Tibet,"Fu, Ziteng (2025). Permafrost ground temperature and active layer thickness data on the Qinghai–Tibet Plateau (2001–2020). figshare. Dataset. https://doi.org/10.6084/m9.figshare.29206613.v1",CC BY 4.0,QTEC,,none,annual_value,,,,2.8e-05,,,0,,,ok,locality=Beiluhe Basin; elev_m=4665; magt_c=-1.40; dem_minus_elev_m=-2
qtp_fu_temp,BL9,Beiluhe Basin BL9,34.808,92.9153611,2013,,238.0,borehole_temp,temp_derived,1,China,Tibet,"Fu, Ziteng (2025). Permafrost ground temperature and active layer thickness data on the Qinghai–Tibet Plateau (2001–2020). figshare. Dataset. https://doi.org/10.6084/m9.figshare.29206613.v1",CC BY 4.0,QTEC,,none,annual_value,,,,2.8e-05,,,0,,,ok,locality=Beiluhe Basin; elev_m=4665; magt_c=-1.40; dem_minus_elev_m=-2
qtp_fu_temp,BL9,Beiluhe Basin BL9,34.808,92.9153611,2014,,239.0,borehole_temp,temp_derived,1,China,Tibet,"Fu, Ziteng (2025). Permafrost ground temperature and active layer thickness data on the Qinghai–Tibet Plateau (2001–2020). figshare. Dataset. https://doi.org/10.6084/m9.figshare.29206613.v1",CC BY 4.0,QTEC,,none,annual_value,,,,2.8e-05,,,0,,,ok,locality=Beiluhe Basin; elev_m=4665; magt_c=-1.40; dem_minus_elev_m=-2
qtp_fu_temp,BL9,Beiluhe Basin BL9,34.808,92.9153611,2015,,242.0,borehole_temp,temp_derived,1,China,Tibet,"Fu, Ziteng (2025). Permafrost ground temperature and active layer thickness data on the Qinghai–Tibet Plateau (2001–2020). figshare. Dataset. https://doi.org/10.6084/m9.figshare.29206613.v1",CC BY 4.0,QTEC,,none,annual_value,,,,2.8e-05,,,0,,,ok,locality=Beiluhe Basin; elev_m=4665; magt_c=-1.40; dem_minus_elev_m=-2
qtp_fu_temp,BL9,Beiluhe Basin BL9,34.808,92.9153611,2016,,246.0,borehole_temp,temp_derived,1,China,Tibet,"Fu, Ziteng (2025). Permafrost ground temperature and active layer thickness data on the Qinghai–Tibet Plateau (2001–2020). figshare. Dataset. https://doi.org/10.6084/m9.figshare.29206613.v1",CC BY 4.0,QTEC,,none,annual_value,,,,2.8e-05,,,0,,,ok,locality=Beiluhe Basin; elev_m=4665; magt_c=-1.40; dem_minus_elev_m=-2
qtp_fu_temp,BL9,Beiluhe Basin BL9,34.808,92.9153611,2017,,242.0,borehole_temp,temp_derived,1,China,Tibet,"Fu, Ziteng (2025). Permafrost ground temperature and active layer thickness data on the Qinghai–Tibet Plateau (2001–2020). figshare. Dataset. https://doi.org/10.6084/m9.figshare.29206613.v1",CC BY 4.0,QTEC,,none,annual_value,,,,2.8e-05,,,0,,,ok,locality=Beiluhe Basin; elev_m=4665; magt_c=-1.40; dem_minus_elev_m=-2
qtp_fu_temp,BL9,Beiluhe Basin BL9,34.808,92.9153611,2018,,266.0,borehole_temp,temp_derived,1,China,Tibet,"Fu, Ziteng (2025). Permafrost ground temperature and active layer thickness data on the Qinghai–Tibet Plateau (2001–2020). figshare. Dataset. https://doi.org/10.6084/m9.figshare.29206613.v1",CC BY 4.0,QTEC,,none,annual_value,,,,2.8e-05,,,0,,,ok,locality=Beiluhe Basin; elev_m=4665; magt_c=-1.40; dem_minus_elev_m=-2
qtp_fu_temp,BL9,Beiluhe Basin BL9,34.808,92.9153611,2019,,263.0,borehole_temp,temp_derived,1,China,Tibet,"Fu, Ziteng (2025). Permafrost ground temperature and active layer thickness data on the Qinghai–Tibet Plateau (2001–2020). figshare. Dataset. https://doi.org/10.6084/m9.figshare.29206613.v1",CC BY 4.0,QTEC,,none,annual_value,,,,2.8e-05,,,0,,,ok,locality=Beiluhe Basin; elev_m=4665; magt_c=-1.40; dem_minus_elev_m=-2
qtp_fu_temp,BL9,Beiluhe Basin BL9,34.808,92.9153611,2020,,280.0,borehole_temp,temp_derived,1,China,Tibet,"Fu, Ziteng (2025). Permafrost ground temperature and active layer thickness data on the Qinghai–Tibet Plateau (2001–2020). figshare. Dataset. https://doi.org/10.6084/m9.figshare.29206613.v1",CC BY 4.0,QTEC,,none,annual_value,,,,2.8e-05,,,0,,,ok,locality=Beiluhe Basin; elev_m=4665; magt_c=-1.40; dem_minus_elev_m=-2
qtp_fu_temp,FH1,Fenghuoshan FH1,34.67992,92.91628,2001,,161.0,borehole_temp,temp_derived,1,China,Tibet,"Fu, Ziteng (2025). Permafrost ground temperature and active layer thickness data on the Qinghai–Tibet Plateau (2001–2020). figshare. Dataset. https://doi.org/10.6084/m9.figshare.29206613.v1",CC BY 4.0,QTEC,,none,annual_value,,,,1e-05,,,0,,,ok,locality=Fenghuoshan; elev_m=4950; magt_c=-3.25; dem_minus_elev_m=+2
qtp_fu_temp,FH1,Fenghuoshan FH1,34.67992,92.91628,2002,,160.0,borehole_temp,temp_derived,1,China,Tibet,"Fu, Ziteng (2025). Permafrost ground temperature and active layer thickness data on the Qinghai–Tibet Plateau (2001–2020). figshare. Dataset. https://doi.org/10.6084/m9.figshare.29206613.v1",CC BY 4.0,QTEC,,none,annual_value,,,,1e-05,,,0,,,ok,locality=Fenghuoshan; elev_m=4950; magt_c=-3.25; dem_minus_elev_m=+2
qtp_fu_temp,FH1,Fenghuoshan FH1,34.67992,92.91628,2003,,172.0,borehole_temp,temp_derived,1,China,Tibet,"Fu, Ziteng (2025). Permafrost ground temperature and active layer thickness data on the Qinghai–Tibet Plateau (2001–2020). figshare. Dataset. https://doi.org/10.6084/m9.figshare.29206613.v1",CC BY 4.0,QTEC,,none,annual_value,,,,1e-05,,,0,,,ok,locality=Fenghuoshan; elev_m=4950; magt_c=-3.25; dem_minus_elev_m=+2
qtp_fu_temp,FH1,Fenghuoshan FH1,34.67992,92.91628,2004,,168.0,borehole_temp,temp_derived,1,China,Tibet,"Fu, Ziteng (2025). Permafrost ground temperature and active layer thickness data on the Qinghai–Tibet Plateau (2001–2020). figshare. Dataset. https://doi.org/10.6084/m9.figshare.29206613.v1",CC BY 4.0,QTEC,,none,annual_value,,,,1e-05,,,0,,,ok,locality=Fenghuoshan; elev_m=4950; magt_c=-3.25; dem_minus_elev_m=+2
qtp_fu_temp,FH1,Fenghuoshan FH1,34.67992,92.91628,2005,,172.0,borehole_temp,temp_derived,1,China,Tibet,"Fu, Ziteng (2025). Permafrost ground temperature and active layer thickness data on the Qinghai–Tibet Plateau (2001–2020). figshare. Dataset. https://doi.org/10.6084/m9.figshare.29206613.v1",CC BY 4.0,QTEC,,none,annual_value,,,,1e-05,,,0,,,ok,locality=Fenghuoshan; elev_m=4950; magt_c=-3.25; dem_minus_elev_m=+2
qtp_fu_temp,FH1,Fenghuoshan FH1,34.67992,92.91628,2006,,190.0,borehole_temp,temp_derived,1,China,Tibet,"Fu, Ziteng (2025). Permafrost ground temperature and active layer thickness data on the Qinghai–Tibet Plateau (2001–2020). figshare. Dataset. https://doi.org/10.6084/m9.figshare.29206613.v1",CC BY 4.0,QTEC,,none,annual_value,,,,1e-05,,,0,,,ok,locality=Fenghuoshan; elev_m=4950; magt_c=-3.25; dem_minus_elev_m=+2
qtp_fu_temp,FH1,Fenghuoshan FH1,34.67992,92.91628,2007,,182.0,borehole_temp,temp_derived,1,China,Tibet,"Fu, Ziteng (2025). Permafrost ground temperature and active layer thickness data on the Qinghai–Tibet Plateau (2001–2020). figshare. Dataset. https://doi.org/10.6084/m9.figshare.29206613.v1",CC BY 4.0,QTEC,,none,annual_value,,,,1e-05,,,0,,,ok,locality=Fenghuoshan; elev_m=4950; magt_c=-3.25; dem_minus_elev_m=+2
qtp_fu_temp,FH1,Fenghuoshan FH1,34.67992,92.91628,2008,,183.0,borehole_temp,temp_derived,1,China,Tibet,"Fu, Ziteng (2025). Permafrost ground temperature and active layer thickness data on the Qinghai–Tibet Plateau (2001–2020). figshare. Dataset. https://doi.org/10.6084/m9.figshare.29206613.v1",CC BY 4.0,QTEC,,none,annual_value,,,,1e-05,,,0,,,ok,locality=Fenghuoshan; elev_m=4950; magt_c=-3.25; dem_minus_elev_m=+2
qtp_fu_temp,FH1,Fenghuoshan FH1,34.67992,92.91628,2009,,187.0,borehole_temp,temp_derived,1,China,Tibet,"Fu, Ziteng (2025). Permafrost ground temperature and active layer thickness data on the Qinghai–Tibet Plateau (2001–2020). figshare. Dataset. https://doi.org/10.6084/m9.figshare.29206613.v1",CC BY 4.0,QTEC,,none,annual_value,,,,1e-05,,,0,,,ok,locality=Fenghuoshan; elev_m=4950; magt_c=-3.25; dem_minus_elev_m=+2
qtp_fu_temp,FH1,Fenghuoshan FH1,34.67992,92.91628,2010,,195.0,borehole_temp,temp_derived,1,China,Tibet,"Fu, Ziteng (2025). Permafrost ground temperature and active layer thickness data on the Qinghai–Tibet Plateau (2001–2020). figshare. Dataset. https://doi.org/10.6084/m9.figshare.29206613.v1",CC BY 4.0,QTEC,,none,annual_value,,,,1e-05,,,0,,,ok,locality=Fenghuoshan; elev_m=4950; magt_c=-3.25; dem_minus_elev_m=+2
qtp_fu_temp,FH1,Fenghuoshan FH1,34.67992,92.91628,2011,,198.0,borehole_temp,temp_derived,1,China,Tibet,"Fu, Ziteng (2025). Permafrost ground temperature and active layer thickness data on the Qinghai–Tibet Plateau (2001–2020). figshare. Dataset. https://doi.org/10.6084/m9.figshare.29206613.v1",CC BY 4.0,QTEC,,none,annual_value,,,,1e-05,,,0,,,ok,locality=Fenghuoshan; elev_m=4950; magt_c=-3.25; dem_minus_elev_m=+2
qtp_fu_temp,FH1,Fenghuoshan FH1,34.67992,92.91628,2012,,205.0,borehole_temp,temp_derived,1,China,Tibet,"Fu, Ziteng (2025). Permafrost ground temperature and active layer thickness data on the Qinghai–Tibet Plateau (2001–2020). figshare. Dataset. https://doi.org/10.6084/m9.figshare.29206613.v1",CC BY 4.0,QTEC,,none,annual_value,,,,1e-05,,,0,,,ok,locality=Fenghuoshan; elev_m=4950; magt_c=-3.25; dem_minus_elev_m=+2
qtp_fu_temp,FH1,Fenghuoshan FH1,34.67992,92.91628,2013,,234.0,borehole_temp,temp_derived,1,China,Tibet,"Fu, Ziteng (2025). Permafrost ground temperature and active layer thickness data on the Qinghai–Tibet Plateau (2001–2020). figshare. Dataset. https://doi.org/10.6084/m9.figshare.29206613.v1",CC BY 4.0,QTEC,,none,annual_value,,,,1e-05,,,0,,,ok,locality=Fenghuoshan; elev_m=4950; magt_c=-3.25; dem_minus_elev_m=+2
qtp_fu_temp,FH1,Fenghuoshan FH1,34.67992,92.91628,2014,,235.0,borehole_temp,temp_derived,1,China,Tibet,"Fu, Ziteng (2025). Permafrost ground temperature and active layer thickness data on the Qinghai–Tibet Plateau (2001–2020). figshare. Dataset. https://doi.org/10.6084/m9.figshare.29206613.v1",CC BY 4.0,QTEC,,none,annual_value,,,,1e-05,,,0,,,ok,locality=Fenghuoshan; elev_m=4950; magt_c=-3.25; dem_minus_elev_m=+2
qtp_fu_temp,FH1,Fenghuoshan FH1,34.67992,92.91628,2015,,238.0,borehole_temp,temp_derived,1,China,Tibet,"Fu, Ziteng (2025). Permafrost ground temperature and active layer thickness data on the Qinghai–Tibet Plateau (2001–2020). figshare. Dataset. https://doi.org/10.6084/m9.figshare.29206613.v1",CC BY 4.0,QTEC,,none,annual_value,,,,1e-05,,,0,,,ok,locality=Fenghuoshan; elev_m=4950; magt_c=-3.25; dem_minus_elev_m=+2
qtp_fu_temp,FH1,Fenghuoshan FH1,34.67992,92.91628,2016,,252.0,borehole_temp,temp_derived,1,China,Tibet,"Fu, Ziteng (2025). Permafrost ground temperature and active layer thickness data on the Qinghai–Tibet Plateau (2001–2020). figshare. Dataset. https://doi.org/10.6084/m9.figshare.29206613.v1",CC BY 4.0,QTEC,,none,annual_value,,,,1e-05,,,0,,,ok,locality=Fenghuoshan; elev_m=4950; magt_c=-3.25; dem_minus_elev_m=+2
qtp_fu_temp,FH1,Fenghuoshan FH1,34.67992,92.91628,2017,,257.0,borehole_temp,temp_derived,1,China,Tibet,"Fu, Ziteng (2025). Permafrost ground temperature and active layer thickness data on the Qinghai–Tibet Plateau (2001–2020). figshare. Dataset. https://doi.org/10.6084/m9.figshare.29206613.v1",CC BY 4.0,QTEC,,none,annual_value,,,,1e-05,,,0,,,ok,locality=Fenghuoshan; elev_m=4950; magt_c=-3.25; dem_minus_elev_m=+2
qtp_fu_temp,FH1,Fenghuoshan FH1,34.67992,92.91628,2018,,286.0,borehole_temp,temp_derived,1,China,Tibet,"Fu, Ziteng (2025). Permafrost ground temperature and active layer thickness data on the Qinghai–Tibet Plateau (2001–2020). figshare. Dataset. https://doi.org/10.6084/m9.figshare.29206613.v1",CC BY 4.0,QTEC,,none,annual_value,,,,1e-05,,,0,,,ok,locality=Fenghuoshan; elev_m=4950; magt_c=-3.25; dem_minus_elev_m=+2
qtp_fu_temp,FH1,Fenghuoshan FH1,34.67992,92.91628,2019,,257.0,borehole_temp,temp_derived,1,China,Tibet,"Fu, Ziteng (2025). Permafrost ground temperature and active layer thickness data on the Qinghai–Tibet Plateau (2001–2020). figshare. Dataset. https://doi.org/10.6084/m9.figshare.29206613.v1",CC BY 4.0,QTEC,,none,annual_value,,,,1e-05,,,0,,,ok,locality=Fenghuoshan; elev_m=4950; magt_c=-3.25; dem_minus_elev_m=+2
qtp_fu_temp,FH1,Fenghuoshan FH1,34.67992,92.91628,2020,,251.0,borehole_temp,temp_derived,1,China,Tibet,"Fu, Ziteng (2025). Permafrost ground temperature and active layer thickness data on the Qinghai–Tibet Plateau (2001–2020). figshare. Dataset. https://doi.org/10.6084/m9.figshare.29206613.v1",CC BY 4.0,QTEC,,none,annual_value,,,,1e-05,,,0,,,ok,locality=Fenghuoshan; elev_m=4950; magt_c=-3.25; dem_minus_elev_m=+2
qtp_fu_temp,FH2,Fenghuoshan FH2,34.6724333,92.8986,2001,,136.0,borehole_temp,temp_derived,1,China,Tibet,"Fu, Ziteng (2025). Permafrost ground temperature and active layer thickness data on the Qinghai–Tibet Plateau (2001–2020). figshare. Dataset. https://doi.org/10.6084/m9.figshare.29206613.v1",CC BY 4.0,QTEC,,none,annual_value,,,,1.7e-05,,,0,,,ok,locality=Fenghuoshan; elev_m=4894; magt_c=-2.18; dem_minus_elev_m=-7
qtp_fu_temp,FH2,Fenghuoshan FH2,34.6724333,92.8986,2002,,134.0,borehole_temp,temp_derived,1,China,Tibet,"Fu, Ziteng (2025). Permafrost ground temperature and active layer thickness data on the Qinghai–Tibet Plateau (2001–2020). figshare. Dataset. https://doi.org/10.6084/m9.figshare.29206613.v1",CC BY 4.0,QTEC,,none,annual_value,,,,1.7e-05,,,0,,,ok,locality=Fenghuoshan; elev_m=4894; magt_c=-2.18; dem_minus_elev_m=-7
qtp_fu_temp,FH2,Fenghuoshan FH2,34.6724333,92.8986,2003,,127.0,borehole_temp,temp_derived,1,China,Tibet,"Fu, Ziteng (2025). Permafrost ground temperature and active layer thickness data on the Qinghai–Tibet Plateau (2001–2020). figshare. Dataset. https://doi.org/10.6084/m9.figshare.29206613.v1",CC BY 4.0,QTEC,,none,annual_value,,,,1.7e-05,,,0,,,ok,locality=Fenghuoshan; elev_m=4894; magt_c=-2.18; dem_minus_elev_m=-7
qtp_fu_temp,FH2,Fenghuoshan FH2,34.6724333,92.8986,2004,,160.0,borehole_temp,temp_derived,1,China,Tibet,"Fu, Ziteng (2025). Permafrost ground temperature and active layer thickness data on the Qinghai–Tibet Plateau (2001–2020). figshare. Dataset. https://doi.org/10.6084/m9.figshare.29206613.v1",CC BY 4.0,QTEC,,none,annual_value,,,,1.7e-05,,,0,,,ok,locality=Fenghuoshan; elev_m=4894; magt_c=-2.18; dem_minus_elev_m=-7
qtp_fu_temp,FH2,Fenghuoshan FH2,34.6724333,92.8986,2005,,176.0,borehole_temp,temp_derived,1,China,Tibet,"Fu, Ziteng (2025). Permafrost ground temperature and active layer thickness data on the Qinghai–Tibet Plateau (2001–2020). figshare. Dataset. https://doi.org/10.6084/m9.figshare.29206613.v1",CC BY 4.0,QTEC,,none,annual_value,,,,1.7e-05,,,0,,,ok,locality=Fenghuoshan; elev_m=4894; magt_c=-2.18; dem_minus_elev_m=-7
qtp_fu_temp,FH2,Fenghuoshan FH2,34.6724333,92.8986,2006,,174.0,borehole_temp,temp_derived,1,China,Tibet,"Fu, Ziteng (2025). Permafrost ground temperature and active layer thickness data on the Qinghai–Tibet Plateau (2001–2020). figshare. Dataset. https://doi.org/10.6084/m9.figshare.29206613.v1",CC BY 4.0,QTEC,,none,annual_value,,,,1.7e-05,,,0,,,ok,locality=Fenghuoshan; elev_m=4894; magt_c=-2.18; dem_minus_elev_m=-7
qtp_fu_temp,FH2,Fenghuoshan FH2,34.6724333,92.8986,2007,,166.0,borehole_temp,temp_derived,1,China,Tibet,"Fu, Ziteng (2025). Permafrost ground temperature and active layer thickness data on the Qinghai–Tibet Plateau (2001–2020). figshare. Dataset. https://doi.org/10.6084/m9.figshare.29206613.v1",CC BY 4.0,QTEC,,none,annual_value,,,,1.7e-05,,,0,,,ok,locality=Fenghuoshan; elev_m=4894; magt_c=-2.18; dem_minus_elev_m=-7
qtp_fu_temp,FH2,Fenghuoshan FH2,34.6724333,92.8986,2008,,162.0,borehole_temp,temp_derived,1,China,Tibet,"Fu, Ziteng (2025). Permafrost ground temperature and active layer thickness data on the Qinghai–Tibet Plateau (2001–2020). figshare. Dataset. https://doi.org/10.6084/m9.figshare.29206613.v1",CC BY 4.0,QTEC,,none,annual_value,,,,1.7e-05,,,0,,,ok,locality=Fenghuoshan; elev_m=4894; magt_c=-2.18; dem_minus_elev_m=-7
qtp_fu_temp,FH2,Fenghuoshan FH2,34.6724333,92.8986,2009,,179.0,borehole_temp,temp_derived,1,China,Tibet,"Fu, Ziteng (2025). Permafrost ground temperature and active layer thickness data on the Qinghai–Tibet Plateau (2001–2020). figshare. Dataset. https://doi.org/10.6084/m9.figshare.29206613.v1",CC BY 4.0,QTEC,,none,annual_value,,,,1.7e-05,,,0,,,ok,locality=Fenghuoshan; elev_m=4894; magt_c=-2.18; dem_minus_elev_m=-7
qtp_fu_temp,FH2,Fenghuoshan FH2,34.6724333,92.8986,2010,,212.0,borehole_temp,temp_derived,1,China,Tibet,"Fu, Ziteng (2025). Permafrost ground temperature and active layer thickness data on the Qinghai–Tibet Plateau (2001–2020). figshare. Dataset. https://doi.org/10.6084/m9.figshare.29206613.v1",CC BY 4.0,QTEC,,none,annual_value,,,,1.7e-05,,,0,,,ok,locality=Fenghuoshan; elev_m=4894; magt_c=-2.18; dem_minus_elev_m=-7
qtp_fu_temp,FH2,Fenghuoshan FH2,34.6724333,92.8986,2011,,194.0,borehole_temp,temp_derived,1,China,Tibet,"Fu, Ziteng (2025). Permafrost ground temperature and active layer thickness data on the Qinghai–Tibet Plateau (2001–2020). figshare. Dataset. https://doi.org/10.6084/m9.figshare.29206613.v1",CC BY 4.0,QTEC,,none,annual_value,,,,1.7e-05,,,0,,,ok,locality=Fenghuoshan; elev_m=4894; magt_c=-2.18; dem_minus_elev_m=-7
qtp_fu_temp,FH2,Fenghuoshan FH2,34.6724333,92.8986,2012,,200.0,borehole_temp,temp_derived,1,China,Tibet,"Fu, Ziteng (2025). Permafrost ground temperature and active layer thickness data on the Qinghai–Tibet Plateau (2001–2020). figshare. Dataset. https://doi.org/10.6084/m9.figshare.29206613.v1",CC BY 4.0,QTEC,,none,annual_value,,,,1.7e-05,,,0,,,ok,locality=Fenghuoshan; elev_m=4894; magt_c=-2.18; dem_minus_elev_m=-7
qtp_fu_temp,FH2,Fenghuoshan FH2,34.6724333,92.8986,2013,,214.0,borehole_temp,temp_derived,1,China,Tibet,"Fu, Ziteng (2025). Permafrost ground temperature and active layer thickness data on the Qinghai–Tibet Plateau (2001–2020). figshare. Dataset. https://doi.org/10.6084/m9.figshare.29206613.v1",CC BY 4.0,QTEC,,none,annual_value,,,,1.7e-05,,,0,,,ok,locality=Fenghuoshan; elev_m=4894; magt_c=-2.18; dem_minus_elev_m=-7
qtp_fu_temp,FH2,Fenghuoshan FH2,34.6724333,92.8986,2014,,210.0,borehole_temp,temp_derived,1,China,Tibet,"Fu, Ziteng (2025). Permafrost ground temperature and active layer thickness data on the Qinghai–Tibet Plateau (2001–2020). figshare. Dataset. https://doi.org/10.6084/m9.figshare.29206613.v1",CC BY 4.0,QTEC,,none,annual_value,,,,1.7e-05,,,0,,,ok,locality=Fenghuoshan; elev_m=4894; magt_c=-2.18; dem_minus_elev_m=-7
qtp_fu_temp,FH2,Fenghuoshan FH2,34.6724333,92.8986,2015,,215.0,borehole_temp,temp_derived,1,China,Tibet,"Fu, Ziteng (2025). Permafrost ground temperature and active layer thickness data on the Qinghai–Tibet Plateau (2001–2020). figshare. Dataset. https://doi.org/10.6084/m9.figshare.29206613.v1",CC BY 4.0,QTEC,,none,annual_value,,,,1.7e-05,,,0,,,ok,locality=Fenghuoshan; elev_m=4894; magt_c=-2.18; dem_minus_elev_m=-7
qtp_fu_temp,FH2,Fenghuoshan FH2,34.6724333,92.8986,2016,,230.0,borehole_temp,temp_derived,1,China,Tibet,"Fu, Ziteng (2025). Permafrost ground temperature and active layer thickness data on the Qinghai–Tibet Plateau (2001–2020). figshare. Dataset. https://doi.org/10.6084/m9.figshare.29206613.v1",CC BY 4.0,QTEC,,none,annual_value,,,,1.7e-05,,,0,,,ok,locality=Fenghuoshan; elev_m=4894; magt_c=-2.18; dem_minus_elev_m=-7
qtp_fu_temp,FH2,Fenghuoshan FH2,34.6724333,92.8986,2017,,236.0,borehole_temp,temp_derived,1,China,Tibet,"Fu, Ziteng (2025). Permafrost ground temperature and active layer thickness data on the Qinghai–Tibet Plateau (2001–2020). figshare. Dataset. https://doi.org/10.6084/m9.figshare.29206613.v1",CC BY 4.0,QTEC,,none,annual_value,,,,1.7e-05,,,0,,,ok,locality=Fenghuoshan; elev_m=4894; magt_c=-2.18; dem_minus_elev_m=-7
qtp_fu_temp,FH2,Fenghuoshan FH2,34.6724333,92.8986,2018,,246.0,borehole_temp,temp_derived,1,China,Tibet,"Fu, Ziteng (2025). Permafrost ground temperature and active layer thickness data on the Qinghai–Tibet Plateau (2001–2020). figshare. Dataset. https://doi.org/10.6084/m9.figshare.29206613.v1",CC BY 4.0,QTEC,,none,annual_value,,,,1.7e-05,,,0,,,ok,locality=Fenghuoshan; elev_m=4894; magt_c=-2.18; dem_minus_elev_m=-7
qtp_fu_temp,FH2,Fenghuoshan FH2,34.6724333,92.8986,2019,,295.0,borehole_temp,temp_derived,1,China,Tibet,"Fu, Ziteng (2025). Permafrost ground temperature and active layer thickness data on the Qinghai–Tibet Plateau (2001–2020). figshare. Dataset. https://doi.org/10.6084/m9.figshare.29206613.v1",CC BY 4.0,QTEC,,none,annual_value,,,,1.7e-05,,,0,,,ok,locality=Fenghuoshan; elev_m=4894; magt_c=-2.18; dem_minus_elev_m=-7
qtp_fu_temp,FH2,Fenghuoshan FH2,34.6724333,92.8986,2020,,295.0,borehole_temp,temp_derived,1,China,Tibet,"Fu, Ziteng (2025). Permafrost ground temperature and active layer thickness data on the Qinghai–Tibet Plateau (2001–2020). figshare. Dataset. https://doi.org/10.6084/m9.figshare.29206613.v1",CC BY 4.0,QTEC,,none,annual_value,,,,1.7e-05,,,0,,,ok,locality=Fenghuoshan; elev_m=4894; magt_c=-2.18; dem_minus_elev_m=-7
qtp_fu_temp,FH3,Fenghuoshan FH3,34.6104333,92.7823333,2001,,396.0,borehole_temp,temp_derived,1,China,Tibet,"Fu, Ziteng (2025). Permafrost ground temperature and active layer thickness data on the Qinghai–Tibet Plateau (2001–2020). figshare. Dataset. https://doi.org/10.6084/m9.figshare.29206613.v1",CC BY 4.0,QTEC,,none,annual_value,,,,1.7e-05,,,0,,,ok,locality=Fenghuoshan; elev_m=4715; magt_c=-0.66; dem_minus_elev_m=-9
qtp_fu_temp,FH3,Fenghuoshan FH3,34.6104333,92.7823333,2002,,399.0,borehole_temp,temp_derived,1,China,Tibet,"Fu, Ziteng (2025). Permafrost ground temperature and active layer thickness data on the Qinghai–Tibet Plateau (2001–2020). figshare. Dataset. https://doi.org/10.6084/m9.figshare.29206613.v1",CC BY 4.0,QTEC,,none,annual_value,,,,1.7e-05,,,0,,,ok,locality=Fenghuoshan; elev_m=4715; magt_c=-0.66; dem_minus_elev_m=-9
qtp_fu_temp,FH3,Fenghuoshan FH3,34.6104333,92.7823333,2003,,397.0,borehole_temp,temp_derived,1,China,Tibet,"Fu, Ziteng (2025). Permafrost ground temperature and active layer thickness data on the Qinghai–Tibet Plateau (2001–2020). figshare. Dataset. https://doi.org/10.6084/m9.figshare.29206613.v1",CC BY 4.0,QTEC,,none,annual_value,,,,1.7e-05,,,0,,,ok,locality=Fenghuoshan; elev_m=4715; magt_c=-0.66; dem_minus_elev_m=-9
qtp_fu_temp,FH3,Fenghuoshan FH3,34.6104333,92.7823333,2004,,399.0,borehole_temp,temp_derived,1,China,Tibet,"Fu, Ziteng (2025). Permafrost ground temperature and active layer thickness data on the Qinghai–Tibet Plateau (2001–2020). figshare. Dataset. https://doi.org/10.6084/m9.figshare.29206613.v1",CC BY 4.0,QTEC,,none,annual_value,,,,1.7e-05,,,0,,,ok,locality=Fenghuoshan; elev_m=4715; magt_c=-0.66; dem_minus_elev_m=-9
qtp_fu_temp,FH3,Fenghuoshan FH3,34.6104333,92.7823333,2005,,400.0,borehole_temp,temp_derived,1,China,Tibet,"Fu, Ziteng (2025). Permafrost ground temperature and active layer thickness data on the Qinghai–Tibet Plateau (2001–2020). figshare. Dataset. https://doi.org/10.6084/m9.figshare.29206613.v1",CC BY 4.0,QTEC,,none,annual_value,,,,1.7e-05,,,0,,,ok,locality=Fenghuoshan; elev_m=4715; magt_c=-0.66; dem_minus_elev_m=-9
qtp_fu_temp,FH3,Fenghuoshan FH3,34.6104333,92.7823333,2006,,399.0,borehole_temp,temp_derived,1,China,Tibet,"Fu, Ziteng (2025). Permafrost ground temperature and active layer thickness data on the Qinghai–Tibet Plateau (2001–2020). figshare. Dataset. https://doi.org/10.6084/m9.figshare.29206613.v1",CC BY 4.0,QTEC,,none,annual_value,,,,1.7e-05,,,0,,,ok,locality=Fenghuoshan; elev_m=4715; magt_c=-0.66; dem_minus_elev_m=-9
qtp_fu_temp,FH3,Fenghuoshan FH3,34.6104333,92.7823333,2007,,402.0,borehole_temp,temp_derived,1,China,Tibet,"Fu, Ziteng (2025). Permafrost ground temperature and active layer thickness data on the Qinghai–Tibet Plateau (2001–2020). figshare. Dataset. https://doi.org/10.6084/m9.figshare.29206613.v1",CC BY 4.0,QTEC,,none,annual_value,,,,1.7e-05,,,0,,,ok,locality=Fenghuoshan; elev_m=4715; magt_c=-0.66; dem_minus_elev_m=-9
qtp_fu_temp,FH3,Fenghuoshan FH3,34.6104333,92.7823333,2008,,405.0,borehole_temp,temp_derived,1,China,Tibet,"Fu, Ziteng (2025). Permafrost ground temperature and active layer thickness data on the Qinghai–Tibet Plateau (2001–2020). figshare. Dataset. https://doi.org/10.6084/m9.figshare.29206613.v1",CC BY 4.0,QTEC,,none,annual_value,,,,1.7e-05,,,0,,,ok,locality=Fenghuoshan; elev_m=4715; magt_c=-0.66; dem_minus_elev_m=-9
qtp_fu_temp,FH3,Fenghuoshan FH3,34.6104333,92.7823333,2009,,409.0,borehole_temp,temp_derived,1,China,Tibet,"Fu, Ziteng (2025). Permafrost ground temperature and active layer thickness data on the Qinghai–Tibet Plateau (2001–2020). figshare. Dataset. https://doi.org/10.6084/m9.figshare.29206613.v1",CC BY 4.0,QTEC,,none,annual_value,,,,1.7e-05,,,0,,,ok,locality=Fenghuoshan; elev_m=4715; magt_c=-0.66; dem_minus_elev_m=-9
qtp_fu_temp,FH3,Fenghuoshan FH3,34.6104333,92.7823333,2010,,411.0,borehole_temp,temp_derived,1,China,Tibet,"Fu, Ziteng (2025). Permafrost ground temperature and active layer thickness data on the Qinghai–Tibet Plateau (2001–2020). figshare. Dataset. https://doi.org/10.6084/m9.figshare.29206613.v1",CC BY 4.0,QTEC,,none,annual_value,,,,1.7e-05,,,0,,,ok,locality=Fenghuoshan; elev_m=4715; magt_c=-0.66; dem_minus_elev_m=-9
qtp_fu_temp,FH3,Fenghuoshan FH3,34.6104333,92.7823333,2011,,409.0,borehole_temp,temp_derived,1,China,Tibet,"Fu, Ziteng (2025). Permafrost ground temperature and active layer thickness data on the Qinghai–Tibet Plateau (2001–2020). figshare. Dataset. https://doi.org/10.6084/m9.figshare.29206613.v1",CC BY 4.0,QTEC,,none,annual_value,,,,1.7e-05,,,0,,,ok,locality=Fenghuoshan; elev_m=4715; magt_c=-0.66; dem_minus_elev_m=-9
qtp_fu_temp,FH3,Fenghuoshan FH3,34.6104333,92.7823333,2012,,422.0,borehole_temp,temp_derived,1,China,Tibet,"Fu, Ziteng (2025). Permafrost ground temperature and active layer thickness data on the Qinghai–Tibet Plateau (2001–2020). figshare. Dataset. https://doi.org/10.6084/m9.figshare.29206613.v1",CC BY 4.0,QTEC,,none,annual_value,,,,1.7e-05,,,0,,,ok,locality=Fenghuoshan; elev_m=4715; magt_c=-0.66; dem_minus_elev_m=-9
qtp_fu_temp,FH3,Fenghuoshan FH3,34.6104333,92.7823333,2013,,417.0,borehole_temp,temp_derived,1,China,Tibet,"Fu, Ziteng (2025). Permafrost ground temperature and active layer thickness data on the Qinghai–Tibet Plateau (2001–2020). figshare. Dataset. https://doi.org/10.6084/m9.figshare.29206613.v1",CC BY 4.0,QTEC,,none,annual_value,,,,1.7e-05,,,0,,,ok,locality=Fenghuoshan; elev_m=4715; magt_c=-0.66; dem_minus_elev_m=-9
qtp_fu_temp,FH3,Fenghuoshan FH3,34.6104333,92.7823333,2014,,411.0,borehole_temp,temp_derived,1,China,Tibet,"Fu, Ziteng (2025). Permafrost ground temperature and active layer thickness data on the Qinghai–Tibet Plateau (2001–2020). figshare. Dataset. https://doi.org/10.6084/m9.figshare.29206613.v1",CC BY 4.0,QTEC,,none,annual_value,,,,1.7e-05,,,0,,,ok,locality=Fenghuoshan; elev_m=4715; magt_c=-0.66; dem_minus_elev_m=-9
qtp_fu_temp,FH3,Fenghuoshan FH3,34.6104333,92.7823333,2015,,418.0,borehole_temp,temp_derived,1,China,Tibet,"Fu, Ziteng (2025). Permafrost ground temperature and active layer thickness data on the Qinghai–Tibet Plateau (2001–2020). figshare. Dataset. https://doi.org/10.6084/m9.figshare.29206613.v1",CC BY 4.0,QTEC,,none,annual_value,,,,1.7e-05,,,0,,,ok,locality=Fenghuoshan; elev_m=4715; magt_c=-0.66; dem_minus_elev_m=-9
qtp_fu_temp,FH3,Fenghuoshan FH3,34.6104333,92.7823333,2016,,444.0,borehole_temp,temp_derived,1,China,Tibet,"Fu, Ziteng (2025). Permafrost ground temperature and active layer thickness data on the Qinghai–Tibet Plateau (2001–2020). figshare. Dataset. https://doi.org/10.6084/m9.figshare.29206613.v1",CC BY 4.0,QTEC,,none,annual_value,,,,1.7e-05,,,0,,,ok,locality=Fenghuoshan; elev_m=4715; magt_c=-0.66; dem_minus_elev_m=-9
qtp_fu_temp,FH3,Fenghuoshan FH3,34.6104333,92.7823333,2017,,449.0,borehole_temp,temp_derived,1,China,Tibet,"Fu, Ziteng (2025). Permafrost ground temperature and active layer thickness data on the Qinghai–Tibet Plateau (2001–2020). figshare. Dataset. https://doi.org/10.6084/m9.figshare.29206613.v1",CC BY 4.0,QTEC,,none,annual_value,,,,1.7e-05,,,0,,,ok,locality=Fenghuoshan; elev_m=4715; magt_c=-0.66; dem_minus_elev_m=-9
qtp_fu_temp,FH3,Fenghuoshan FH3,34.6104333,92.7823333,2018,,449.0,borehole_temp,temp_derived,1,China,Tibet,"Fu, Ziteng (2025). Permafrost ground temperature and active layer thickness data on the Qinghai–Tibet Plateau (2001–2020). figshare. Dataset. https://doi.org/10.6084/m9.figshare.29206613.v1",CC BY 4.0,QTEC,,none,annual_value,,,,1.7e-05,,,0,,,ok,locality=Fenghuoshan; elev_m=4715; magt_c=-0.66; dem_minus_elev_m=-9
qtp_fu_temp,FH3,Fenghuoshan FH3,34.6104333,92.7823333,2019,,461.0,borehole_temp,temp_derived,1,China,Tibet,"Fu, Ziteng (2025). Permafrost ground temperature and active layer thickness data on the Qinghai–Tibet Plateau (2001–2020). figshare. Dataset. https://doi.org/10.6084/m9.figshare.29206613.v1",CC BY 4.0,QTEC,,none,annual_value,,,,1.7e-05,,,0,,,ok,locality=Fenghuoshan; elev_m=4715; magt_c=-0.66; dem_minus_elev_m=-9
qtp_fu_temp,FH3,Fenghuoshan FH3,34.6104333,92.7823333,2020,,466.0,borehole_temp,temp_derived,1,China,Tibet,"Fu, Ziteng (2025). Permafrost ground temperature and active layer thickness data on the Qinghai–Tibet Plateau (2001–2020). figshare. Dataset. https://doi.org/10.6084/m9.figshare.29206613.v1",CC BY 4.0,QTEC,,none,annual_value,,,,1.7e-05,,,0,,,ok,locality=Fenghuoshan; elev_m=4715; magt_c=-0.66; dem_minus_elev_m=-9
qtp_fu_temp,YM1,Yamaerhe YM1,34.5757333,92.7437833,2001,,260.0,borehole_temp,temp_derived,1,China,Tibet,"Fu, Ziteng (2025). Permafrost ground temperature and active layer thickness data on the Qinghai–Tibet Plateau (2001–2020). figshare. Dataset. https://doi.org/10.6084/m9.figshare.29206613.v1",CC BY 4.0,QTEC,,none,annual_value,,,,1.7e-05,,,0,,,ok,locality=Yamaerhe; elev_m=4654; magt_c=-0.23; dem_minus_elev_m=-8
qtp_fu_temp,YM1,Yamaerhe YM1,34.5757333,92.7437833,2002,,297.0,borehole_temp,temp_derived,1,China,Tibet,"Fu, Ziteng (2025). Permafrost ground temperature and active layer thickness data on the Qinghai–Tibet Plateau (2001–2020). figshare. Dataset. https://doi.org/10.6084/m9.figshare.29206613.v1",CC BY 4.0,QTEC,,none,annual_value,,,,1.7e-05,,,0,,,ok,locality=Yamaerhe; elev_m=4654; magt_c=-0.23; dem_minus_elev_m=-8
qtp_fu_temp,YM1,Yamaerhe YM1,34.5757333,92.7437833,2003,,277.0,borehole_temp,temp_derived,1,China,Tibet,"Fu, Ziteng (2025). Permafrost ground temperature and active layer thickness data on the Qinghai–Tibet Plateau (2001–2020). figshare. Dataset. https://doi.org/10.6084/m9.figshare.29206613.v1",CC BY 4.0,QTEC,,none,annual_value,,,,1.7e-05,,,0,,,ok,locality=Yamaerhe; elev_m=4654; magt_c=-0.23; dem_minus_elev_m=-8
qtp_fu_temp,YM1,Yamaerhe YM1,34.5757333,92.7437833,2004,,294.0,borehole_temp,temp_derived,1,China,Tibet,"Fu, Ziteng (2025). Permafrost ground temperature and active layer thickness data on the Qinghai–Tibet Plateau (2001–2020). figshare. Dataset. https://doi.org/10.6084/m9.figshare.29206613.v1",CC BY 4.0,QTEC,,none,annual_value,,,,1.7e-05,,,0,,,ok,locality=Yamaerhe; elev_m=4654; magt_c=-0.23; dem_minus_elev_m=-8
qtp_fu_temp,YM1,Yamaerhe YM1,34.5757333,92.7437833,2005,,304.0,borehole_temp,temp_derived,1,China,Tibet,"Fu, Ziteng (2025). Permafrost ground temperature and active layer thickness data on the Qinghai–Tibet Plateau (2001–2020). figshare. Dataset. https://doi.org/10.6084/m9.figshare.29206613.v1",CC BY 4.0,QTEC,,none,annual_value,,,,1.7e-05,,,0,,,ok,locality=Yamaerhe; elev_m=4654; magt_c=-0.23; dem_minus_elev_m=-8
qtp_fu_temp,YM1,Yamaerhe YM1,34.5757333,92.7437833,2006,,325.0,borehole_temp,temp_derived,1,China,Tibet,"Fu, Ziteng (2025). Permafrost ground temperature and active layer thickness data on the Qinghai–Tibet Plateau (2001–2020). figshare. Dataset. https://doi.org/10.6084/m9.figshare.29206613.v1",CC BY 4.0,QTEC,,none,annual_value,,,,1.7e-05,,,0,,,ok,locality=Yamaerhe; elev_m=4654; magt_c=-0.23; dem_minus_elev_m=-8
qtp_fu_temp,YM1,Yamaerhe YM1,34.5757333,92.7437833,2007,,332.0,borehole_temp,temp_derived,1,China,Tibet,"Fu, Ziteng (2025). Permafrost ground temperature and active layer thickness data on the Qinghai–Tibet Plateau (2001–2020). figshare. Dataset. https://doi.org/10.6084/m9.figshare.29206613.v1",CC BY 4.0,QTEC,,none,annual_value,,,,1.7e-05,,,0,,,ok,locality=Yamaerhe; elev_m=4654; magt_c=-0.23; dem_minus_elev_m=-8
qtp_fu_temp,YM1,Yamaerhe YM1,34.5757333,92.7437833,2008,,334.0,borehole_temp,temp_derived,1,China,Tibet,"Fu, Ziteng (2025). Permafrost ground temperature and active layer thickness data on the Qinghai–Tibet Plateau (2001–2020). figshare. Dataset. https://doi.org/10.6084/m9.figshare.29206613.v1",CC BY 4.0,QTEC,,none,annual_value,,,,1.7e-05,,,0,,,ok,locality=Yamaerhe; elev_m=4654; magt_c=-0.23; dem_minus_elev_m=-8
qtp_fu_temp,YM1,Yamaerhe YM1,34.5757333,92.7437833,2009,,341.0,borehole_temp,temp_derived,1,China,Tibet,"Fu, Ziteng (2025). Permafrost ground temperature and active layer thickness data on the Qinghai–Tibet Plateau (2001–2020). figshare. Dataset. https://doi.org/10.6084/m9.figshare.29206613.v1",CC BY 4.0,QTEC,,none,annual_value,,,,1.7e-05,,,0,,,ok,locality=Yamaerhe; elev_m=4654; magt_c=-0.23; dem_minus_elev_m=-8
qtp_fu_temp,YM1,Yamaerhe YM1,34.5757333,92.7437833,2010,,402.0,borehole_temp,temp_derived,1,China,Tibet,"Fu, Ziteng (2025). Permafrost ground temperature and active layer thickness data on the Qinghai–Tibet Plateau (2001–2020). figshare. Dataset. https://doi.org/10.6084/m9.figshare.29206613.v1",CC BY 4.0,QTEC,,none,annual_value,,,,1.7e-05,,,0,,,ok,locality=Yamaerhe; elev_m=4654; magt_c=-0.23; dem_minus_elev_m=-8
qtp_fu_temp,YM1,Yamaerhe YM1,34.5757333,92.7437833,2011,,407.0,borehole_temp,temp_derived,1,China,Tibet,"Fu, Ziteng (2025). Permafrost ground temperature and active layer thickness data on the Qinghai–Tibet Plateau (2001–2020). figshare. Dataset. https://doi.org/10.6084/m9.figshare.29206613.v1",CC BY 4.0,QTEC,,none,annual_value,,,,1.7e-05,,,0,,,ok,locality=Yamaerhe; elev_m=4654; magt_c=-0.23; dem_minus_elev_m=-8
qtp_fu_temp,YM1,Yamaerhe YM1,34.5757333,92.7437833,2012,,405.0,borehole_temp,temp_derived,1,China,Tibet,"Fu, Ziteng (2025). Permafrost ground temperature and active layer thickness data on the Qinghai–Tibet Plateau (2001–2020). figshare. Dataset. https://doi.org/10.6084/m9.figshare.29206613.v1",CC BY 4.0,QTEC,,none,annual_value,,,,1.7e-05,,,0,,,ok,locality=Yamaerhe; elev_m=4654; magt_c=-0.23; dem_minus_elev_m=-8
qtp_fu_temp,YM1,Yamaerhe YM1,34.5757333,92.7437833,2013,,426.0,borehole_temp,temp_derived,1,China,Tibet,"Fu, Ziteng (2025). Permafrost ground temperature and active layer thickness data on the Qinghai–Tibet Plateau (2001–2020). figshare. Dataset. https://doi.org/10.6084/m9.figshare.29206613.v1",CC BY 4.0,QTEC,,none,annual_value,,,,1.7e-05,,,0,,,ok,locality=Yamaerhe; elev_m=4654; magt_c=-0.23; dem_minus_elev_m=-8
qtp_fu_temp,YM1,Yamaerhe YM1,34.5757333,92.7437833,2014,,428.0,borehole_temp,temp_derived,1,China,Tibet,"Fu, Ziteng (2025). Permafrost ground temperature and active layer thickness data on the Qinghai–Tibet Plateau (2001–2020). figshare. Dataset. https://doi.org/10.6084/m9.figshare.29206613.v1",CC BY 4.0,QTEC,,none,annual_value,,,,1.7e-05,,,0,,,ok,locality=Yamaerhe; elev_m=4654; magt_c=-0.23; dem_minus_elev_m=-8
qtp_fu_temp,YM1,Yamaerhe YM1,34.5757333,92.7437833,2015,,430.0,borehole_temp,temp_derived,1,China,Tibet,"Fu, Ziteng (2025). Permafrost ground temperature and active layer thickness data on the Qinghai–Tibet Plateau (2001–2020). figshare. Dataset. https://doi.org/10.6084/m9.figshare.29206613.v1",CC BY 4.0,QTEC,,none,annual_value,,,,1.7e-05,,,0,,,ok,locality=Yamaerhe; elev_m=4654; magt_c=-0.23; dem_minus_elev_m=-8
qtp_fu_temp,YM1,Yamaerhe YM1,34.5757333,92.7437833,2016,,510.0,borehole_temp,temp_derived,1,China,Tibet,"Fu, Ziteng (2025). Permafrost ground temperature and active layer thickness data on the Qinghai–Tibet Plateau (2001–2020). figshare. Dataset. https://doi.org/10.6084/m9.figshare.29206613.v1",CC BY 4.0,QTEC,,none,annual_value,,,,1.7e-05,,,0,,,ok,locality=Yamaerhe; elev_m=4654; magt_c=-0.23; dem_minus_elev_m=-8
qtp_fu_temp,YM1,Yamaerhe YM1,34.5757333,92.7437833,2017,,533.0,borehole_temp,temp_derived,1,China,Tibet,"Fu, Ziteng (2025). Permafrost ground temperature and active layer thickness data on the Qinghai–Tibet Plateau (2001–2020). figshare. Dataset. https://doi.org/10.6084/m9.figshare.29206613.v1",CC BY 4.0,QTEC,,none,annual_value,,,,1.7e-05,,,0,,,ok,locality=Yamaerhe; elev_m=4654; magt_c=-0.23; dem_minus_elev_m=-8
qtp_fu_temp,YM1,Yamaerhe YM1,34.5757333,92.7437833,2018,,582.0,borehole_temp,temp_derived,1,China,Tibet,"Fu, Ziteng (2025). Permafrost ground temperature and active layer thickness data on the Qinghai–Tibet Plateau (2001–2020). figshare. Dataset. https://doi.org/10.6084/m9.figshare.29206613.v1",CC BY 4.0,QTEC,,none,annual_value,,,,1.7e-05,,,0,,,ok,locality=Yamaerhe; elev_m=4654; magt_c=-0.23; dem_minus_elev_m=-8
qtp_fu_temp,YM1,Yamaerhe YM1,34.5757333,92.7437833,2019,,594.0,borehole_temp,temp_derived,1,China,Tibet,"Fu, Ziteng (2025). Permafrost ground temperature and active layer thickness data on the Qinghai–Tibet Plateau (2001–2020). figshare. Dataset. https://doi.org/10.6084/m9.figshare.29206613.v1",CC BY 4.0,QTEC,,none,annual_value,,,,1.7e-05,,,0,,,ok,locality=Yamaerhe; elev_m=4654; magt_c=-0.23; dem_minus_elev_m=-8
qtp_fu_temp,YM1,Yamaerhe YM1,34.5757333,92.7437833,2020,,582.0,borehole_temp,temp_derived,1,China,Tibet,"Fu, Ziteng (2025). Permafrost ground temperature and active layer thickness data on the Qinghai–Tibet Plateau (2001–2020). figshare. Dataset. https://doi.org/10.6084/m9.figshare.29206613.v1",CC BY 4.0,QTEC,,none,annual_value,,,,1.7e-05,,,0,,,ok,locality=Yamaerhe; elev_m=4654; magt_c=-0.23; dem_minus_elev_m=-8
qtp_fu_temp,WL1,Wuli WL1,34.4818833,92.726,2001,,291.0,borehole_temp,temp_derived,1,China,Tibet,"Fu, Ziteng (2025). Permafrost ground temperature and active layer thickness data on the Qinghai–Tibet Plateau (2001–2020). figshare. Dataset. https://doi.org/10.6084/m9.figshare.29206613.v1",CC BY 4.0,QTEC,,none,annual_value,,,,1.7e-05,,,0,,,ok,locality=Wuli; elev_m=4616; magt_c=-0.45; dem_minus_elev_m=-38
qtp_fu_temp,WL1,Wuli WL1,34.4818833,92.726,2002,,290.0,borehole_temp,temp_derived,1,China,Tibet,"Fu, Ziteng (2025). Permafrost ground temperature and active layer thickness data on the Qinghai–Tibet Plateau (2001–2020). figshare. Dataset. https://doi.org/10.6084/m9.figshare.29206613.v1",CC BY 4.0,QTEC,,none,annual_value,,,,1.7e-05,,,0,,,ok,locality=Wuli; elev_m=4616; magt_c=-0.45; dem_minus_elev_m=-38
qtp_fu_temp,WL1,Wuli WL1,34.4818833,92.726,2003,,294.0,borehole_temp,temp_derived,1,China,Tibet,"Fu, Ziteng (2025). Permafrost ground temperature and active layer thickness data on the Qinghai–Tibet Plateau (2001–2020). figshare. Dataset. https://doi.org/10.6084/m9.figshare.29206613.v1",CC BY 4.0,QTEC,,none,annual_value,,,,1.7e-05,,,0,,,ok,locality=Wuli; elev_m=4616; magt_c=-0.45; dem_minus_elev_m=-38
qtp_fu_temp,WL1,Wuli WL1,34.4818833,92.726,2004,,279.0,borehole_temp,temp_derived,1,China,Tibet,"Fu, Ziteng (2025). Permafrost ground temperature and active layer thickness data on the Qinghai–Tibet Plateau (2001–2020). figshare. Dataset. https://doi.org/10.6084/m9.figshare.29206613.v1",CC BY 4.0,QTEC,,none,annual_value,,,,1.7e-05,,,0,,,ok,locality=Wuli; elev_m=4616; magt_c=-0.45; dem_minus_elev_m=-38
qtp_fu_temp,WL1,Wuli WL1,34.4818833,92.726,2005,,295.0,borehole_temp,temp_derived,1,China,Tibet,"Fu, Ziteng (2025). Permafrost ground temperature and active layer thickness data on the Qinghai–Tibet Plateau (2001–2020). figshare. Dataset. https://doi.org/10.6084/m9.figshare.29206613.v1",CC BY 4.0,QTEC,,none,annual_value,,,,1.7e-05,,,0,,,ok,locality=Wuli; elev_m=4616; magt_c=-0.45; dem_minus_elev_m=-38
qtp_fu_temp,WL1,Wuli WL1,34.4818833,92.726,2006,,317.0,borehole_temp,temp_derived,1,China,Tibet,"Fu, Ziteng (2025). Permafrost ground temperature and active layer thickness data on the Qinghai–Tibet Plateau (2001–2020). figshare. Dataset. https://doi.org/10.6084/m9.figshare.29206613.v1",CC BY 4.0,QTEC,,none,annual_value,,,,1.7e-05,,,0,,,ok,locality=Wuli; elev_m=4616; magt_c=-0.45; dem_minus_elev_m=-38
qtp_fu_temp,WL1,Wuli WL1,34.4818833,92.726,2007,,312.0,borehole_temp,temp_derived,1,China,Tibet,"Fu, Ziteng (2025). Permafrost ground temperature and active layer thickness data on the Qinghai–Tibet Plateau (2001–2020). figshare. Dataset. https://doi.org/10.6084/m9.figshare.29206613.v1",CC BY 4.0,QTEC,,none,annual_value,,,,1.7e-05,,,0,,,ok,locality=Wuli; elev_m=4616; magt_c=-0.45; dem_minus_elev_m=-38
qtp_fu_temp,WL1,Wuli WL1,34.4818833,92.726,2008,,295.0,borehole_temp,temp_derived,1,China,Tibet,"Fu, Ziteng (2025). Permafrost ground temperature and active layer thickness data on the Qinghai–Tibet Plateau (2001–2020). figshare. Dataset. https://doi.org/10.6084/m9.figshare.29206613.v1",CC BY 4.0,QTEC,,none,annual_value,,,,1.7e-05,,,0,,,ok,locality=Wuli; elev_m=4616; magt_c=-0.45; dem_minus_elev_m=-38
qtp_fu_temp,WL1,Wuli WL1,34.4818833,92.726,2009,,297.0,borehole_temp,temp_derived,1,China,Tibet,"Fu, Ziteng (2025). Permafrost ground temperature and active layer thickness data on the Qinghai–Tibet Plateau (2001–2020). figshare. Dataset. https://doi.org/10.6084/m9.figshare.29206613.v1",CC BY 4.0,QTEC,,none,annual_value,,,,1.7e-05,,,0,,,ok,locality=Wuli; elev_m=4616; magt_c=-0.45; dem_minus_elev_m=-38
qtp_fu_temp,WL1,Wuli WL1,34.4818833,92.726,2010,,314.0,borehole_temp,temp_derived,1,China,Tibet,"Fu, Ziteng (2025). Permafrost ground temperature and active layer thickness data on the Qinghai–Tibet Plateau (2001–2020). figshare. Dataset. https://doi.org/10.6084/m9.figshare.29206613.v1",CC BY 4.0,QTEC,,none,annual_value,,,,1.7e-05,,,0,,,ok,locality=Wuli; elev_m=4616; magt_c=-0.45; dem_minus_elev_m=-38
qtp_fu_temp,WL1,Wuli WL1,34.4818833,92.726,2011,,293.0,borehole_temp,temp_derived,1,China,Tibet,"Fu, Ziteng (2025). Permafrost ground temperature and active layer thickness data on the Qinghai–Tibet Plateau (2001–2020). figshare. Dataset. https://doi.org/10.6084/m9.figshare.29206613.v1",CC BY 4.0,QTEC,,none,annual_value,,,,1.7e-05,,,0,,,ok,locality=Wuli; elev_m=4616; magt_c=-0.45; dem_minus_elev_m=-38
qtp_fu_temp,WL1,Wuli WL1,34.4818833,92.726,2012,,291.0,borehole_temp,temp_derived,1,China,Tibet,"Fu, Ziteng (2025). Permafrost ground temperature and active layer thickness data on the Qinghai–Tibet Plateau (2001–2020). figshare. Dataset. https://doi.org/10.6084/m9.figshare.29206613.v1",CC BY 4.0,QTEC,,none,annual_value,,,,1.7e-05,,,0,,,ok,locality=Wuli; elev_m=4616; magt_c=-0.45; dem_minus_elev_m=-38
qtp_fu_temp,WL1,Wuli WL1,34.4818833,92.726,2013,,304.0,borehole_temp,temp_derived,1,China,Tibet,"Fu, Ziteng (2025). Permafrost ground temperature and active layer thickness data on the Qinghai–Tibet Plateau (2001–2020). figshare. Dataset. https://doi.org/10.6084/m9.figshare.29206613.v1",CC BY 4.0,QTEC,,none,annual_value,,,,1.7e-05,,,0,,,ok,locality=Wuli; elev_m=4616; magt_c=-0.45; dem_minus_elev_m=-38
qtp_fu_temp,WL1,Wuli WL1,34.4818833,92.726,2014,,294.0,borehole_temp,temp_derived,1,China,Tibet,"Fu, Ziteng (2025). Permafrost ground temperature and active layer thickness data on the Qinghai–Tibet Plateau (2001–2020). figshare. Dataset. https://doi.org/10.6084/m9.figshare.29206613.v1",CC BY 4.0,QTEC,,none,annual_value,,,,1.7e-05,,,0,,,ok,locality=Wuli; elev_m=4616; magt_c=-0.45; dem_minus_elev_m=-38
qtp_fu_temp,WL1,Wuli WL1,34.4818833,92.726,2015,,311.0,borehole_temp,temp_derived,1,China,Tibet,"Fu, Ziteng (2025). Permafrost ground temperature and active layer thickness data on the Qinghai–Tibet Plateau (2001–2020). figshare. Dataset. https://doi.org/10.6084/m9.figshare.29206613.v1",CC BY 4.0,QTEC,,none,annual_value,,,,1.7e-05,,,0,,,ok,locality=Wuli; elev_m=4616; magt_c=-0.45; dem_minus_elev_m=-38
qtp_fu_temp,WL1,Wuli WL1,34.4818833,92.726,2016,,324.0,borehole_temp,temp_derived,1,China,Tibet,"Fu, Ziteng (2025). Permafrost ground temperature and active layer thickness data on the Qinghai–Tibet Plateau (2001–2020). figshare. Dataset. https://doi.org/10.6084/m9.figshare.29206613.v1",CC BY 4.0,QTEC,,none,annual_value,,,,1.7e-05,,,0,,,ok,locality=Wuli; elev_m=4616; magt_c=-0.45; dem_minus_elev_m=-38
qtp_fu_temp,WL1,Wuli WL1,34.4818833,92.726,2017,,331.0,borehole_temp,temp_derived,1,China,Tibet,"Fu, Ziteng (2025). Permafrost ground temperature and active layer thickness data on the Qinghai–Tibet Plateau (2001–2020). figshare. Dataset. https://doi.org/10.6084/m9.figshare.29206613.v1",CC BY 4.0,QTEC,,none,annual_value,,,,1.7e-05,,,0,,,ok,locality=Wuli; elev_m=4616; magt_c=-0.45; dem_minus_elev_m=-38
qtp_fu_temp,WL1,Wuli WL1,34.4818833,92.726,2018,,333.0,borehole_temp,temp_derived,1,China,Tibet,"Fu, Ziteng (2025). Permafrost ground temperature and active layer thickness data on the Qinghai–Tibet Plateau (2001–2020). figshare. Dataset. https://doi.org/10.6084/m9.figshare.29206613.v1",CC BY 4.0,QTEC,,none,annual_value,,,,1.7e-05,,,0,,,ok,locality=Wuli; elev_m=4616; magt_c=-0.45; dem_minus_elev_m=-38
qtp_fu_temp,WL1,Wuli WL1,34.4818833,92.726,2019,,316.0,borehole_temp,temp_derived,1,China,Tibet,"Fu, Ziteng (2025). Permafrost ground temperature and active layer thickness data on the Qinghai–Tibet Plateau (2001–2020). figshare. Dataset. https://doi.org/10.6084/m9.figshare.29206613.v1",CC BY 4.0,QTEC,,none,annual_value,,,,1.7e-05,,,0,,,ok,locality=Wuli; elev_m=4616; magt_c=-0.45; dem_minus_elev_m=-38
qtp_fu_temp,WL1,Wuli WL1,34.4818833,92.726,2020,,322.0,borehole_temp,temp_derived,1,China,Tibet,"Fu, Ziteng (2025). Permafrost ground temperature and active layer thickness data on the Qinghai–Tibet Plateau (2001–2020). figshare. Dataset. https://doi.org/10.6084/m9.figshare.29206613.v1",CC BY 4.0,QTEC,,none,annual_value,,,,1.7e-05,,,0,,,ok,locality=Wuli; elev_m=4616; magt_c=-0.45; dem_minus_elev_m=-38
qtp_fu_temp,KL1,Kaixinling KL1,34.0113,92.33985,2001,,217.0,borehole_temp,temp_derived,1,China,Tibet,"Fu, Ziteng (2025). Permafrost ground temperature and active layer thickness data on the Qinghai–Tibet Plateau (2001–2020). figshare. Dataset. https://doi.org/10.6084/m9.figshare.29206613.v1",CC BY 4.0,QTEC,,none,annual_value,,,,1e-05,,,0,,,ok,locality=Kaixinling; elev_m=4672; magt_c=-0.74; dem_minus_elev_m=+4
qtp_fu_temp,KL1,Kaixinling KL1,34.0113,92.33985,2002,,216.0,borehole_temp,temp_derived,1,China,Tibet,"Fu, Ziteng (2025). Permafrost ground temperature and active layer thickness data on the Qinghai–Tibet Plateau (2001–2020). figshare. Dataset. https://doi.org/10.6084/m9.figshare.29206613.v1",CC BY 4.0,QTEC,,none,annual_value,,,,1e-05,,,0,,,ok,locality=Kaixinling; elev_m=4672; magt_c=-0.74; dem_minus_elev_m=+4
qtp_fu_temp,KL1,Kaixinling KL1,34.0113,92.33985,2003,,227.0,borehole_temp,temp_derived,1,China,Tibet,"Fu, Ziteng (2025). Permafrost ground temperature and active layer thickness data on the Qinghai–Tibet Plateau (2001–2020). figshare. Dataset. https://doi.org/10.6084/m9.figshare.29206613.v1",CC BY 4.0,QTEC,,none,annual_value,,,,1e-05,,,0,,,ok,locality=Kaixinling; elev_m=4672; magt_c=-0.74; dem_minus_elev_m=+4
qtp_fu_temp,KL1,Kaixinling KL1,34.0113,92.33985,2004,,223.0,borehole_temp,temp_derived,1,China,Tibet,"Fu, Ziteng (2025). Permafrost ground temperature and active layer thickness data on the Qinghai–Tibet Plateau (2001–2020). figshare. Dataset. https://doi.org/10.6084/m9.figshare.29206613.v1",CC BY 4.0,QTEC,,none,annual_value,,,,1e-05,,,0,,,ok,locality=Kaixinling; elev_m=4672; magt_c=-0.74; dem_minus_elev_m=+4
qtp_fu_temp,KL1,Kaixinling KL1,34.0113,92.33985,2005,,231.0,borehole_temp,temp_derived,1,China,Tibet,"Fu, Ziteng (2025). Permafrost ground temperature and active layer thickness data on the Qinghai–Tibet Plateau (2001–2020). figshare. Dataset. https://doi.org/10.6084/m9.figshare.29206613.v1",CC BY 4.0,QTEC,,none,annual_value,,,,1e-05,,,0,,,ok,locality=Kaixinling; elev_m=4672; magt_c=-0.74; dem_minus_elev_m=+4
qtp_fu_temp,KL1,Kaixinling KL1,34.0113,92.33985,2006,,238.0,borehole_temp,temp_derived,1,China,Tibet,"Fu, Ziteng (2025). Permafrost ground temperature and active layer thickness data on the Qinghai–Tibet Plateau (2001–2020). figshare. Dataset. https://doi.org/10.6084/m9.figshare.29206613.v1",CC BY 4.0,QTEC,,none,annual_value,,,,1e-05,,,0,,,ok,locality=Kaixinling; elev_m=4672; magt_c=-0.74; dem_minus_elev_m=+4
qtp_fu_temp,KL1,Kaixinling KL1,34.0113,92.33985,2007,,239.0,borehole_temp,temp_derived,1,China,Tibet,"Fu, Ziteng (2025). Permafrost ground temperature and active layer thickness data on the Qinghai–Tibet Plateau (2001–2020). figshare. Dataset. https://doi.org/10.6084/m9.figshare.29206613.v1",CC BY 4.0,QTEC,,none,annual_value,,,,1e-05,,,0,,,ok,locality=Kaixinling; elev_m=4672; magt_c=-0.74; dem_minus_elev_m=+4
qtp_fu_temp,KL1,Kaixinling KL1,34.0113,92.33985,2008,,236.0,borehole_temp,temp_derived,1,China,Tibet,"Fu, Ziteng (2025). Permafrost ground temperature and active layer thickness data on the Qinghai–Tibet Plateau (2001–2020). figshare. Dataset. https://doi.org/10.6084/m9.figshare.29206613.v1",CC BY 4.0,QTEC,,none,annual_value,,,,1e-05,,,0,,,ok,locality=Kaixinling; elev_m=4672; magt_c=-0.74; dem_minus_elev_m=+4
qtp_fu_temp,KL1,Kaixinling KL1,34.0113,92.33985,2009,,243.0,borehole_temp,temp_derived,1,China,Tibet,"Fu, Ziteng (2025). Permafrost ground temperature and active layer thickness data on the Qinghai–Tibet Plateau (2001–2020). figshare. Dataset. https://doi.org/10.6084/m9.figshare.29206613.v1",CC BY 4.0,QTEC,,none,annual_value,,,,1e-05,,,0,,,ok,locality=Kaixinling; elev_m=4672; magt_c=-0.74; dem_minus_elev_m=+4
qtp_fu_temp,KL1,Kaixinling KL1,34.0113,92.33985,2010,,249.0,borehole_temp,temp_derived,1,China,Tibet,"Fu, Ziteng (2025). Permafrost ground temperature and active layer thickness data on the Qinghai–Tibet Plateau (2001–2020). figshare. Dataset. https://doi.org/10.6084/m9.figshare.29206613.v1",CC BY 4.0,QTEC,,none,annual_value,,,,1e-05,,,0,,,ok,locality=Kaixinling; elev_m=4672; magt_c=-0.74; dem_minus_elev_m=+4
qtp_fu_temp,KL1,Kaixinling KL1,34.0113,92.33985,2011,,250.0,borehole_temp,temp_derived,1,China,Tibet,"Fu, Ziteng (2025). Permafrost ground temperature and active layer thickness data on the Qinghai–Tibet Plateau (2001–2020). figshare. Dataset. https://doi.org/10.6084/m9.figshare.29206613.v1",CC BY 4.0,QTEC,,none,annual_value,,,,1e-05,,,0,,,ok,locality=Kaixinling; elev_m=4672; magt_c=-0.74; dem_minus_elev_m=+4
qtp_fu_temp,KL1,Kaixinling KL1,34.0113,92.33985,2012,,258.0,borehole_temp,temp_derived,1,China,Tibet,"Fu, Ziteng (2025). Permafrost ground temperature and active layer thickness data on the Qinghai–Tibet Plateau (2001–2020). figshare. Dataset. https://doi.org/10.6084/m9.figshare.29206613.v1",CC BY 4.0,QTEC,,none,annual_value,,,,1e-05,,,0,,,ok,locality=Kaixinling; elev_m=4672; magt_c=-0.74; dem_minus_elev_m=+4
qtp_fu_temp,KL1,Kaixinling KL1,34.0113,92.33985,2013,,268.0,borehole_temp,temp_derived,1,China,Tibet,"Fu, Ziteng (2025). Permafrost ground temperature and active layer thickness data on the Qinghai–Tibet Plateau (2001–2020). figshare. Dataset. https://doi.org/10.6084/m9.figshare.29206613.v1",CC BY 4.0,QTEC,,none,annual_value,,,,1e-05,,,0,,,ok,locality=Kaixinling; elev_m=4672; magt_c=-0.74; dem_minus_elev_m=+4
qtp_fu_temp,KL1,Kaixinling KL1,34.0113,92.33985,2014,,276.0,borehole_temp,temp_derived,1,China,Tibet,"Fu, Ziteng (2025). Permafrost ground temperature and active layer thickness data on the Qinghai–Tibet Plateau (2001–2020). figshare. Dataset. https://doi.org/10.6084/m9.figshare.29206613.v1",CC BY 4.0,QTEC,,none,annual_value,,,,1e-05,,,0,,,ok,locality=Kaixinling; elev_m=4672; magt_c=-0.74; dem_minus_elev_m=+4
qtp_fu_temp,KL1,Kaixinling KL1,34.0113,92.33985,2015,,288.0,borehole_temp,temp_derived,1,China,Tibet,"Fu, Ziteng (2025). Permafrost ground temperature and active layer thickness data on the Qinghai–Tibet Plateau (2001–2020). figshare. Dataset. https://doi.org/10.6084/m9.figshare.29206613.v1",CC BY 4.0,QTEC,,none,annual_value,,,,1e-05,,,0,,,ok,locality=Kaixinling; elev_m=4672; magt_c=-0.74; dem_minus_elev_m=+4
qtp_fu_temp,KL1,Kaixinling KL1,34.0113,92.33985,2016,,294.0,borehole_temp,temp_derived,1,China,Tibet,"Fu, Ziteng (2025). Permafrost ground temperature and active layer thickness data on the Qinghai–Tibet Plateau (2001–2020). figshare. Dataset. https://doi.org/10.6084/m9.figshare.29206613.v1",CC BY 4.0,QTEC,,none,annual_value,,,,1e-05,,,0,,,ok,locality=Kaixinling; elev_m=4672; magt_c=-0.74; dem_minus_elev_m=+4
qtp_fu_temp,KL1,Kaixinling KL1,34.0113,92.33985,2017,,315.0,borehole_temp,temp_derived,1,China,Tibet,"Fu, Ziteng (2025). Permafrost ground temperature and active layer thickness data on the Qinghai–Tibet Plateau (2001–2020). figshare. Dataset. https://doi.org/10.6084/m9.figshare.29206613.v1",CC BY 4.0,QTEC,,none,annual_value,,,,1e-05,,,0,,,ok,locality=Kaixinling; elev_m=4672; magt_c=-0.74; dem_minus_elev_m=+4
qtp_fu_temp,KL1,Kaixinling KL1,34.0113,92.33985,2018,,334.0,borehole_temp,temp_derived,1,China,Tibet,"Fu, Ziteng (2025). Permafrost ground temperature and active layer thickness data on the Qinghai–Tibet Plateau (2001–2020). figshare. Dataset. https://doi.org/10.6084/m9.figshare.29206613.v1",CC BY 4.0,QTEC,,none,annual_value,,,,1e-05,,,0,,,ok,locality=Kaixinling; elev_m=4672; magt_c=-0.74; dem_minus_elev_m=+4
qtp_fu_temp,KL1,Kaixinling KL1,34.0113,92.33985,2019,,295.0,borehole_temp,temp_derived,1,China,Tibet,"Fu, Ziteng (2025). Permafrost ground temperature and active layer thickness data on the Qinghai–Tibet Plateau (2001–2020). figshare. Dataset. https://doi.org/10.6084/m9.figshare.29206613.v1",CC BY 4.0,QTEC,,none,annual_value,,,,1e-05,,,0,,,ok,locality=Kaixinling; elev_m=4672; magt_c=-0.74; dem_minus_elev_m=+4
qtp_fu_temp,KL1,Kaixinling KL1,34.0113,92.33985,2020,,295.0,borehole_temp,temp_derived,1,China,Tibet,"Fu, Ziteng (2025). Permafrost ground temperature and active layer thickness data on the Qinghai–Tibet Plateau (2001–2020). figshare. Dataset. https://doi.org/10.6084/m9.figshare.29206613.v1",CC BY 4.0,QTEC,,none,annual_value,,,,1e-05,,,0,,,ok,locality=Kaixinling; elev_m=4672; magt_c=-0.74; dem_minus_elev_m=+4
qtp_fu_temp,KXL1,Kaixinling KXL1,33.9569667,92.3496667,2001,,135.0,borehole_temp,temp_derived,1,China,Tibet,"Fu, Ziteng (2025). Permafrost ground temperature and active layer thickness data on the Qinghai–Tibet Plateau (2001–2020). figshare. Dataset. https://doi.org/10.6084/m9.figshare.29206613.v1",CC BY 4.0,QTEC,,none,annual_value,,,,1.7e-05,,,0,,,ok,locality=Kaixinling; elev_m=4627; magt_c=-0.92; dem_minus_elev_m=-4
qtp_fu_temp,KXL1,Kaixinling KXL1,33.9569667,92.3496667,2002,,146.0,borehole_temp,temp_derived,1,China,Tibet,"Fu, Ziteng (2025). Permafrost ground temperature and active layer thickness data on the Qinghai–Tibet Plateau (2001–2020). figshare. Dataset. https://doi.org/10.6084/m9.figshare.29206613.v1",CC BY 4.0,QTEC,,none,annual_value,,,,1.7e-05,,,0,,,ok,locality=Kaixinling; elev_m=4627; magt_c=-0.92; dem_minus_elev_m=-4
qtp_fu_temp,KXL1,Kaixinling KXL1,33.9569667,92.3496667,2003,,143.0,borehole_temp,temp_derived,1,China,Tibet,"Fu, Ziteng (2025). Permafrost ground temperature and active layer thickness data on the Qinghai–Tibet Plateau (2001–2020). figshare. Dataset. https://doi.org/10.6084/m9.figshare.29206613.v1",CC BY 4.0,QTEC,,none,annual_value,,,,1.7e-05,,,0,,,ok,locality=Kaixinling; elev_m=4627; magt_c=-0.92; dem_minus_elev_m=-4
qtp_fu_temp,KXL1,Kaixinling KXL1,33.9569667,92.3496667,2004,,146.0,borehole_temp,temp_derived,1,China,Tibet,"Fu, Ziteng (2025). Permafrost ground temperature and active layer thickness data on the Qinghai–Tibet Plateau (2001–2020). figshare. Dataset. https://doi.org/10.6084/m9.figshare.29206613.v1",CC BY 4.0,QTEC,,none,annual_value,,,,1.7e-05,,,0,,,ok,locality=Kaixinling; elev_m=4627; magt_c=-0.92; dem_minus_elev_m=-4
qtp_fu_temp,KXL1,Kaixinling KXL1,33.9569667,92.3496667,2005,,147.0,borehole_temp,temp_derived,1,China,Tibet,"Fu, Ziteng (2025). Permafrost ground temperature and active layer thickness data on the Qinghai–Tibet Plateau (2001–2020). figshare. Dataset. https://doi.org/10.6084/m9.figshare.29206613.v1",CC BY 4.0,QTEC,,none,annual_value,,,,1.7e-05,,,0,,,ok,locality=Kaixinling; elev_m=4627; magt_c=-0.92; dem_minus_elev_m=-4
qtp_fu_temp,KXL1,Kaixinling KXL1,33.9569667,92.3496667,2006,,156.0,borehole_temp,temp_derived,1,China,Tibet,"Fu, Ziteng (2025). Permafrost ground temperature and active layer thickness data on the Qinghai–Tibet Plateau (2001–2020). figshare. Dataset. https://doi.org/10.6084/m9.figshare.29206613.v1",CC BY 4.0,QTEC,,none,annual_value,,,,1.7e-05,,,0,,,ok,locality=Kaixinling; elev_m=4627; magt_c=-0.92; dem_minus_elev_m=-4
qtp_fu_temp,KXL1,Kaixinling KXL1,33.9569667,92.3496667,2007,,164.0,borehole_temp,temp_derived,1,China,Tibet,"Fu, Ziteng (2025). Permafrost ground temperature and active layer thickness data on the Qinghai–Tibet Plateau (2001–2020). figshare. Dataset. https://doi.org/10.6084/m9.figshare.29206613.v1",CC BY 4.0,QTEC,,none,annual_value,,,,1.7e-05,,,0,,,ok,locality=Kaixinling; elev_m=4627; magt_c=-0.92; dem_minus_elev_m=-4
qtp_fu_temp,KXL1,Kaixinling KXL1,33.9569667,92.3496667,2008,,154.0,borehole_temp,temp_derived,1,China,Tibet,"Fu, Ziteng (2025). Permafrost ground temperature and active layer thickness data on the Qinghai–Tibet Plateau (2001–2020). figshare. Dataset. https://doi.org/10.6084/m9.figshare.29206613.v1",CC BY 4.0,QTEC,,none,annual_value,,,,1.7e-05,,,0,,,ok,locality=Kaixinling; elev_m=4627; magt_c=-0.92; dem_minus_elev_m=-4
qtp_fu_temp,KXL1,Kaixinling KXL1,33.9569667,92.3496667,2009,,171.0,borehole_temp,temp_derived,1,China,Tibet,"Fu, Ziteng (2025). Permafrost ground temperature and active layer thickness data on the Qinghai–Tibet Plateau (2001–2020). figshare. Dataset. https://doi.org/10.6084/m9.figshare.29206613.v1",CC BY 4.0,QTEC,,none,annual_value,,,,1.7e-05,,,0,,,ok,locality=Kaixinling; elev_m=4627; magt_c=-0.92; dem_minus_elev_m=-4
qtp_fu_temp,KXL1,Kaixinling KXL1,33.9569667,92.3496667,2010,,170.0,borehole_temp,temp_derived,1,China,Tibet,"Fu, Ziteng (2025). Permafrost ground temperature and active layer thickness data on the Qinghai–Tibet Plateau (2001–2020). figshare. Dataset. https://doi.org/10.6084/m9.figshare.29206613.v1",CC BY 4.0,QTEC,,none,annual_value,,,,1.7e-05,,,0,,,ok,locality=Kaixinling; elev_m=4627; magt_c=-0.92; dem_minus_elev_m=-4
qtp_fu_temp,KXL1,Kaixinling KXL1,33.9569667,92.3496667,2011,,176.0,borehole_temp,temp_derived,1,China,Tibet,"Fu, Ziteng (2025). Permafrost ground temperature and active layer thickness data on the Qinghai–Tibet Plateau (2001–2020). figshare. Dataset. https://doi.org/10.6084/m9.figshare.29206613.v1",CC BY 4.0,QTEC,,none,annual_value,,,,1.7e-05,,,0,,,ok,locality=Kaixinling; elev_m=4627; magt_c=-0.92; dem_minus_elev_m=-4
qtp_fu_temp,KXL1,Kaixinling KXL1,33.9569667,92.3496667,2012,,182.0,borehole_temp,temp_derived,1,China,Tibet,"Fu, Ziteng (2025). Permafrost ground temperature and active layer thickness data on the Qinghai–Tibet Plateau (2001–2020). figshare. Dataset. https://doi.org/10.6084/m9.figshare.29206613.v1",CC BY 4.0,QTEC,,none,annual_value,,,,1.7e-05,,,0,,,ok,locality=Kaixinling; elev_m=4627; magt_c=-0.92; dem_minus_elev_m=-4
qtp_fu_temp,KXL1,Kaixinling KXL1,33.9569667,92.3496667,2013,,185.0,borehole_temp,temp_derived,1,China,Tibet,"Fu, Ziteng (2025). Permafrost ground temperature and active layer thickness data on the Qinghai–Tibet Plateau (2001–2020). figshare. Dataset. https://doi.org/10.6084/m9.figshare.29206613.v1",CC BY 4.0,QTEC,,none,annual_value,,,,1.7e-05,,,0,,,ok,locality=Kaixinling; elev_m=4627; magt_c=-0.92; dem_minus_elev_m=-4
qtp_fu_temp,KXL1,Kaixinling KXL1,33.9569667,92.3496667,2014,,188.0,borehole_temp,temp_derived,1,China,Tibet,"Fu, Ziteng (2025). Permafrost ground temperature and active layer thickness data on the Qinghai–Tibet Plateau (2001–2020). figshare. Dataset. https://doi.org/10.6084/m9.figshare.29206613.v1",CC BY 4.0,QTEC,,none,annual_value,,,,1.7e-05,,,0,,,ok,locality=Kaixinling; elev_m=4627; magt_c=-0.92; dem_minus_elev_m=-4
qtp_fu_temp,KXL1,Kaixinling KXL1,33.9569667,92.3496667,2015,,192.0,borehole_temp,temp_derived,1,China,Tibet,"Fu, Ziteng (2025). Permafrost ground temperature and active layer thickness data on the Qinghai–Tibet Plateau (2001–2020). figshare. Dataset. https://doi.org/10.6084/m9.figshare.29206613.v1",CC BY 4.0,QTEC,,none,annual_value,,,,1.7e-05,,,0,,,ok,locality=Kaixinling; elev_m=4627; magt_c=-0.92; dem_minus_elev_m=-4
qtp_fu_temp,KXL1,Kaixinling KXL1,33.9569667,92.3496667,2016,,199.0,borehole_temp,temp_derived,1,China,Tibet,"Fu, Ziteng (2025). Permafrost ground temperature and active layer thickness data on the Qinghai–Tibet Plateau (2001–2020). figshare. Dataset. https://doi.org/10.6084/m9.figshare.29206613.v1",CC BY 4.0,QTEC,,none,annual_value,,,,1.7e-05,,,0,,,ok,locality=Kaixinling; elev_m=4627; magt_c=-0.92; dem_minus_elev_m=-4
qtp_fu_temp,KXL1,Kaixinling KXL1,33.9569667,92.3496667,2017,,221.0,borehole_temp,temp_derived,1,China,Tibet,"Fu, Ziteng (2025). Permafrost ground temperature and active layer thickness data on the Qinghai–Tibet Plateau (2001–2020). figshare. Dataset. https://doi.org/10.6084/m9.figshare.29206613.v1",CC BY 4.0,QTEC,,none,annual_value,,,,1.7e-05,,,0,,,ok,locality=Kaixinling; elev_m=4627; magt_c=-0.92; dem_minus_elev_m=-4
qtp_fu_temp,KXL1,Kaixinling KXL1,33.9569667,92.3496667,2018,,235.0,borehole_temp,temp_derived,1,China,Tibet,"Fu, Ziteng (2025). Permafrost ground temperature and active layer thickness data on the Qinghai–Tibet Plateau (2001–2020). figshare. Dataset. https://doi.org/10.6084/m9.figshare.29206613.v1",CC BY 4.0,QTEC,,none,annual_value,,,,1.7e-05,,,0,,,ok,locality=Kaixinling; elev_m=4627; magt_c=-0.92; dem_minus_elev_m=-4
qtp_fu_temp,KXL1,Kaixinling KXL1,33.9569667,92.3496667,2019,,232.0,borehole_temp,temp_derived,1,China,Tibet,"Fu, Ziteng (2025). Permafrost ground temperature and active layer thickness data on the Qinghai–Tibet Plateau (2001–2020). figshare. Dataset. https://doi.org/10.6084/m9.figshare.29206613.v1",CC BY 4.0,QTEC,,none,annual_value,,,,1.7e-05,,,0,,,ok,locality=Kaixinling; elev_m=4627; magt_c=-0.92; dem_minus_elev_m=-4
qtp_fu_temp,KXL1,Kaixinling KXL1,33.9569667,92.3496667,2020,,237.0,borehole_temp,temp_derived,1,China,Tibet,"Fu, Ziteng (2025). Permafrost ground temperature and active layer thickness data on the Qinghai–Tibet Plateau (2001–2020). figshare. Dataset. https://doi.org/10.6084/m9.figshare.29206613.v1",CC BY 4.0,QTEC,,none,annual_value,,,,1.7e-05,,,0,,,ok,locality=Kaixinling; elev_m=4627; magt_c=-0.92; dem_minus_elev_m=-4
qtp_fu_temp,KL3,Kaixinling KL3,33.95575,92.33975,2001,,256.0,borehole_temp,temp_derived,1,China,Tibet,"Fu, Ziteng (2025). Permafrost ground temperature and active layer thickness data on the Qinghai–Tibet Plateau (2001–2020). figshare. Dataset. https://doi.org/10.6084/m9.figshare.29206613.v1",CC BY 4.0,QTEC,,none,annual_value,,,,1.7e-05,,,0,,,ok,locality=Kaixinling; elev_m=4622; magt_c=-0.84; dem_minus_elev_m=+2
qtp_fu_temp,KL3,Kaixinling KL3,33.95575,92.33975,2002,,262.0,borehole_temp,temp_derived,1,China,Tibet,"Fu, Ziteng (2025). Permafrost ground temperature and active layer thickness data on the Qinghai–Tibet Plateau (2001–2020). figshare. Dataset. https://doi.org/10.6084/m9.figshare.29206613.v1",CC BY 4.0,QTEC,,none,annual_value,,,,1.7e-05,,,0,,,ok,locality=Kaixinling; elev_m=4622; magt_c=-0.84; dem_minus_elev_m=+2
qtp_fu_temp,KL3,Kaixinling KL3,33.95575,92.33975,2003,,259.0,borehole_temp,temp_derived,1,China,Tibet,"Fu, Ziteng (2025). Permafrost ground temperature and active layer thickness data on the Qinghai–Tibet Plateau (2001–2020). figshare. Dataset. https://doi.org/10.6084/m9.figshare.29206613.v1",CC BY 4.0,QTEC,,none,annual_value,,,,1.7e-05,,,0,,,ok,locality=Kaixinling; elev_m=4622; magt_c=-0.84; dem_minus_elev_m=+2
qtp_fu_temp,KL3,Kaixinling KL3,33.95575,92.33975,2004,,263.0,borehole_temp,temp_derived,1,China,Tibet,"Fu, Ziteng (2025). Permafrost ground temperature and active layer thickness data on the Qinghai–Tibet Plateau (2001–2020). figshare. Dataset. https://doi.org/10.6084/m9.figshare.29206613.v1",CC BY 4.0,QTEC,,none,annual_value,,,,1.7e-05,,,0,,,ok,locality=Kaixinling; elev_m=4622; magt_c=-0.84; dem_minus_elev_m=+2
qtp_fu_temp,KL3,Kaixinling KL3,33.95575,92.33975,2005,,274.0,borehole_temp,temp_derived,1,China,Tibet,"Fu, Ziteng (2025). Permafrost ground temperature and active layer thickness data on the Qinghai–Tibet Plateau (2001–2020). figshare. Dataset. https://doi.org/10.6084/m9.figshare.29206613.v1",CC BY 4.0,QTEC,,none,annual_value,,,,1.7e-05,,,0,,,ok,locality=Kaixinling; elev_m=4622; magt_c=-0.84; dem_minus_elev_m=+2
qtp_fu_temp,KL3,Kaixinling KL3,33.95575,92.33975,2006,,284.0,borehole_temp,temp_derived,1,China,Tibet,"Fu, Ziteng (2025). Permafrost ground temperature and active layer thickness data on the Qinghai–Tibet Plateau (2001–2020). figshare. Dataset. https://doi.org/10.6084/m9.figshare.29206613.v1",CC BY 4.0,QTEC,,none,annual_value,,,,1.7e-05,,,0,,,ok,locality=Kaixinling; elev_m=4622; magt_c=-0.84; dem_minus_elev_m=+2
qtp_fu_temp,KL3,Kaixinling KL3,33.95575,92.33975,2007,,285.0,borehole_temp,temp_derived,1,China,Tibet,"Fu, Ziteng (2025). Permafrost ground temperature and active layer thickness data on the Qinghai–Tibet Plateau (2001–2020). figshare. Dataset. https://doi.org/10.6084/m9.figshare.29206613.v1",CC BY 4.0,QTEC,,none,annual_value,,,,1.7e-05,,,0,,,ok,locality=Kaixinling; elev_m=4622; magt_c=-0.84; dem_minus_elev_m=+2
qtp_fu_temp,KL3,Kaixinling KL3,33.95575,92.33975,2008,,273.0,borehole_temp,temp_derived,1,China,Tibet,"Fu, Ziteng (2025). Permafrost ground temperature and active layer thickness data on the Qinghai–Tibet Plateau (2001–2020). figshare. Dataset. https://doi.org/10.6084/m9.figshare.29206613.v1",CC BY 4.0,QTEC,,none,annual_value,,,,1.7e-05,,,0,,,ok,locality=Kaixinling; elev_m=4622; magt_c=-0.84; dem_minus_elev_m=+2
qtp_fu_temp,KL3,Kaixinling KL3,33.95575,92.33975,2009,,283.0,borehole_temp,temp_derived,1,China,Tibet,"Fu, Ziteng (2025). Permafrost ground temperature and active layer thickness data on the Qinghai–Tibet Plateau (2001–2020). figshare. Dataset. https://doi.org/10.6084/m9.figshare.29206613.v1",CC BY 4.0,QTEC,,none,annual_value,,,,1.7e-05,,,0,,,ok,locality=Kaixinling; elev_m=4622; magt_c=-0.84; dem_minus_elev_m=+2
qtp_fu_temp,KL3,Kaixinling KL3,33.95575,92.33975,2010,,285.0,borehole_temp,temp_derived,1,China,Tibet,"Fu, Ziteng (2025). Permafrost ground temperature and active layer thickness data on the Qinghai–Tibet Plateau (2001–2020). figshare. Dataset. https://doi.org/10.6084/m9.figshare.29206613.v1",CC BY 4.0,QTEC,,none,annual_value,,,,1.7e-05,,,0,,,ok,locality=Kaixinling; elev_m=4622; magt_c=-0.84; dem_minus_elev_m=+2
qtp_fu_temp,KL3,Kaixinling KL3,33.95575,92.33975,2011,,278.0,borehole_temp,temp_derived,1,China,Tibet,"Fu, Ziteng (2025). Permafrost ground temperature and active layer thickness data on the Qinghai–Tibet Plateau (2001–2020). figshare. Dataset. https://doi.org/10.6084/m9.figshare.29206613.v1",CC BY 4.0,QTEC,,none,annual_value,,,,1.7e-05,,,0,,,ok,locality=Kaixinling; elev_m=4622; magt_c=-0.84; dem_minus_elev_m=+2
qtp_fu_temp,KL3,Kaixinling KL3,33.95575,92.33975,2012,,284.0,borehole_temp,temp_derived,1,China,Tibet,"Fu, Ziteng (2025). Permafrost ground temperature and active layer thickness data on the Qinghai–Tibet Plateau (2001–2020). figshare. Dataset. https://doi.org/10.6084/m9.figshare.29206613.v1",CC BY 4.0,QTEC,,none,annual_value,,,,1.7e-05,,,0,,,ok,locality=Kaixinling; elev_m=4622; magt_c=-0.84; dem_minus_elev_m=+2
qtp_fu_temp,KL3,Kaixinling KL3,33.95575,92.33975,2013,,291.0,borehole_temp,temp_derived,1,China,Tibet,"Fu, Ziteng (2025). Permafrost ground temperature and active layer thickness data on the Qinghai–Tibet Plateau (2001–2020). figshare. Dataset. https://doi.org/10.6084/m9.figshare.29206613.v1",CC BY 4.0,QTEC,,none,annual_value,,,,1.7e-05,,,0,,,ok,locality=Kaixinling; elev_m=4622; magt_c=-0.84; dem_minus_elev_m=+2
qtp_fu_temp,KL3,Kaixinling KL3,33.95575,92.33975,2014,,294.0,borehole_temp,temp_derived,1,China,Tibet,"Fu, Ziteng (2025). Permafrost ground temperature and active layer thickness data on the Qinghai–Tibet Plateau (2001–2020). figshare. Dataset. https://doi.org/10.6084/m9.figshare.29206613.v1",CC BY 4.0,QTEC,,none,annual_value,,,,1.7e-05,,,0,,,ok,locality=Kaixinling; elev_m=4622; magt_c=-0.84; dem_minus_elev_m=+2
qtp_fu_temp,KL3,Kaixinling KL3,33.95575,92.33975,2015,,293.0,borehole_temp,temp_derived,1,China,Tibet,"Fu, Ziteng (2025). Permafrost ground temperature and active layer thickness data on the Qinghai–Tibet Plateau (2001–2020). figshare. Dataset. https://doi.org/10.6084/m9.figshare.29206613.v1",CC BY 4.0,QTEC,,none,annual_value,,,,1.7e-05,,,0,,,ok,locality=Kaixinling; elev_m=4622; magt_c=-0.84; dem_minus_elev_m=+2
qtp_fu_temp,KL3,Kaixinling KL3,33.95575,92.33975,2016,,316.0,borehole_temp,temp_derived,1,China,Tibet,"Fu, Ziteng (2025). Permafrost ground temperature and active layer thickness data on the Qinghai–Tibet Plateau (2001–2020). figshare. Dataset. https://doi.org/10.6084/m9.figshare.29206613.v1",CC BY 4.0,QTEC,,none,annual_value,,,,1.7e-05,,,0,,,ok,locality=Kaixinling; elev_m=4622; magt_c=-0.84; dem_minus_elev_m=+2
qtp_fu_temp,KL3,Kaixinling KL3,33.95575,92.33975,2017,,388.0,borehole_temp,temp_derived,1,China,Tibet,"Fu, Ziteng (2025). Permafrost ground temperature and active layer thickness data on the Qinghai–Tibet Plateau (2001–2020). figshare. Dataset. https://doi.org/10.6084/m9.figshare.29206613.v1",CC BY 4.0,QTEC,,none,annual_value,,,,1.7e-05,,,0,,,ok,locality=Kaixinling; elev_m=4622; magt_c=-0.84; dem_minus_elev_m=+2
qtp_fu_temp,KL3,Kaixinling KL3,33.95575,92.33975,2018,,391.0,borehole_temp,temp_derived,1,China,Tibet,"Fu, Ziteng (2025). Permafrost ground temperature and active layer thickness data on the Qinghai–Tibet Plateau (2001–2020). figshare. Dataset. https://doi.org/10.6084/m9.figshare.29206613.v1",CC BY 4.0,QTEC,,none,annual_value,,,,1.7e-05,,,0,,,ok,locality=Kaixinling; elev_m=4622; magt_c=-0.84; dem_minus_elev_m=+2
qtp_fu_temp,KL3,Kaixinling KL3,33.95575,92.33975,2019,,386.0,borehole_temp,temp_derived,1,China,Tibet,"Fu, Ziteng (2025). Permafrost ground temperature and active layer thickness data on the Qinghai–Tibet Plateau (2001–2020). figshare. Dataset. https://doi.org/10.6084/m9.figshare.29206613.v1",CC BY 4.0,QTEC,,none,annual_value,,,,1.7e-05,,,0,,,ok,locality=Kaixinling; elev_m=4622; magt_c=-0.84; dem_minus_elev_m=+2
qtp_fu_temp,KL3,Kaixinling KL3,33.95575,92.33975,2020,,387.0,borehole_temp,temp_derived,1,China,Tibet,"Fu, Ziteng (2025). Permafrost ground temperature and active layer thickness data on the Qinghai–Tibet Plateau (2001–2020). figshare. Dataset. https://doi.org/10.6084/m9.figshare.29206613.v1",CC BY 4.0,QTEC,,none,annual_value,,,,1.7e-05,,,0,,,ok,locality=Kaixinling; elev_m=4622; magt_c=-0.84; dem_minus_elev_m=+2
qtp_fu_temp,TT1,Buquhe TT1,33.7732667,92.2344333,2001,,170.0,borehole_temp,temp_derived,1,China,Tibet,"Fu, Ziteng (2025). Permafrost ground temperature and active layer thickness data on the Qinghai–Tibet Plateau (2001–2020). figshare. Dataset. https://doi.org/10.6084/m9.figshare.29206613.v1",CC BY 4.0,QTEC,,none,annual_value,,,,1.7e-05,,,0,,,ok,locality=Buquhe; elev_m=4622; magt_c=-0.33; dem_minus_elev_m=+16
qtp_fu_temp,TT1,Buquhe TT1,33.7732667,92.2344333,2002,,175.0,borehole_temp,temp_derived,1,China,Tibet,"Fu, Ziteng (2025). Permafrost ground temperature and active layer thickness data on the Qinghai–Tibet Plateau (2001–2020). figshare. Dataset. https://doi.org/10.6084/m9.figshare.29206613.v1",CC BY 4.0,QTEC,,none,annual_value,,,,1.7e-05,,,0,,,ok,locality=Buquhe; elev_m=4622; magt_c=-0.33; dem_minus_elev_m=+16
qtp_fu_temp,TT1,Buquhe TT1,33.7732667,92.2344333,2003,,185.0,borehole_temp,temp_derived,1,China,Tibet,"Fu, Ziteng (2025). Permafrost ground temperature and active layer thickness data on the Qinghai–Tibet Plateau (2001–2020). figshare. Dataset. https://doi.org/10.6084/m9.figshare.29206613.v1",CC BY 4.0,QTEC,,none,annual_value,,,,1.7e-05,,,0,,,ok,locality=Buquhe; elev_m=4622; magt_c=-0.33; dem_minus_elev_m=+16
qtp_fu_temp,TT1,Buquhe TT1,33.7732667,92.2344333,2004,,203.0,borehole_temp,temp_derived,1,China,Tibet,"Fu, Ziteng (2025). Permafrost ground temperature and active layer thickness data on the Qinghai–Tibet Plateau (2001–2020). figshare. Dataset. https://doi.org/10.6084/m9.figshare.29206613.v1",CC BY 4.0,QTEC,,none,annual_value,,,,1.7e-05,,,0,,,ok,locality=Buquhe; elev_m=4622; magt_c=-0.33; dem_minus_elev_m=+16
qtp_fu_temp,TT1,Buquhe TT1,33.7732667,92.2344333,2005,,242.0,borehole_temp,temp_derived,1,China,Tibet,"Fu, Ziteng (2025). Permafrost ground temperature and active layer thickness data on the Qinghai–Tibet Plateau (2001–2020). figshare. Dataset. https://doi.org/10.6084/m9.figshare.29206613.v1",CC BY 4.0,QTEC,,none,annual_value,,,,1.7e-05,,,0,,,ok,locality=Buquhe; elev_m=4622; magt_c=-0.33; dem_minus_elev_m=+16
qtp_fu_temp,TT1,Buquhe TT1,33.7732667,92.2344333,2006,,251.0,borehole_temp,temp_derived,1,China,Tibet,"Fu, Ziteng (2025). Permafrost ground temperature and active layer thickness data on the Qinghai–Tibet Plateau (2001–2020). figshare. Dataset. https://doi.org/10.6084/m9.figshare.29206613.v1",CC BY 4.0,QTEC,,none,annual_value,,,,1.7e-05,,,0,,,ok,locality=Buquhe; elev_m=4622; magt_c=-0.33; dem_minus_elev_m=+16
qtp_fu_temp,TT1,Buquhe TT1,33.7732667,92.2344333,2007,,268.0,borehole_temp,temp_derived,1,China,Tibet,"Fu, Ziteng (2025). Permafrost ground temperature and active layer thickness data on the Qinghai–Tibet Plateau (2001–2020). figshare. Dataset. https://doi.org/10.6084/m9.figshare.29206613.v1",CC BY 4.0,QTEC,,none,annual_value,,,,1.7e-05,,,0,,,ok,locality=Buquhe; elev_m=4622; magt_c=-0.33; dem_minus_elev_m=+16
qtp_fu_temp,TT1,Buquhe TT1,33.7732667,92.2344333,2008,,260.0,borehole_temp,temp_derived,1,China,Tibet,"Fu, Ziteng (2025). Permafrost ground temperature and active layer thickness data on the Qinghai–Tibet Plateau (2001–2020). figshare. Dataset. https://doi.org/10.6084/m9.figshare.29206613.v1",CC BY 4.0,QTEC,,none,annual_value,,,,1.7e-05,,,0,,,ok,locality=Buquhe; elev_m=4622; magt_c=-0.33; dem_minus_elev_m=+16
qtp_fu_temp,TT1,Buquhe TT1,33.7732667,92.2344333,2009,,257.0,borehole_temp,temp_derived,1,China,Tibet,"Fu, Ziteng (2025). Permafrost ground temperature and active layer thickness data on the Qinghai–Tibet Plateau (2001–2020). figshare. Dataset. https://doi.org/10.6084/m9.figshare.29206613.v1",CC BY 4.0,QTEC,,none,annual_value,,,,1.7e-05,,,0,,,ok,locality=Buquhe; elev_m=4622; magt_c=-0.33; dem_minus_elev_m=+16
qtp_fu_temp,TT1,Buquhe TT1,33.7732667,92.2344333,2010,,276.0,borehole_temp,temp_derived,1,China,Tibet,"Fu, Ziteng (2025). Permafrost ground temperature and active layer thickness data on the Qinghai–Tibet Plateau (2001–2020). figshare. Dataset. https://doi.org/10.6084/m9.figshare.29206613.v1",CC BY 4.0,QTEC,,none,annual_value,,,,1.7e-05,,,0,,,ok,locality=Buquhe; elev_m=4622; magt_c=-0.33; dem_minus_elev_m=+16
qtp_fu_temp,TT1,Buquhe TT1,33.7732667,92.2344333,2011,,311.0,borehole_temp,temp_derived,1,China,Tibet,"Fu, Ziteng (2025). Permafrost ground temperature and active layer thickness data on the Qinghai–Tibet Plateau (2001–2020). figshare. Dataset. https://doi.org/10.6084/m9.figshare.29206613.v1",CC BY 4.0,QTEC,,none,annual_value,,,,1.7e-05,,,0,,,ok,locality=Buquhe; elev_m=4622; magt_c=-0.33; dem_minus_elev_m=+16
qtp_fu_temp,TT1,Buquhe TT1,33.7732667,92.2344333,2012,,376.0,borehole_temp,temp_derived,1,China,Tibet,"Fu, Ziteng (2025). Permafrost ground temperature and active layer thickness data on the Qinghai–Tibet Plateau (2001–2020). figshare. Dataset. https://doi.org/10.6084/m9.figshare.29206613.v1",CC BY 4.0,QTEC,,none,annual_value,,,,1.7e-05,,,0,,,ok,locality=Buquhe; elev_m=4622; magt_c=-0.33; dem_minus_elev_m=+16
qtp_fu_temp,TT1,Buquhe TT1,33.7732667,92.2344333,2013,,381.0,borehole_temp,temp_derived,1,China,Tibet,"Fu, Ziteng (2025). Permafrost ground temperature and active layer thickness data on the Qinghai–Tibet Plateau (2001–2020). figshare. Dataset. https://doi.org/10.6084/m9.figshare.29206613.v1",CC BY 4.0,QTEC,,none,annual_value,,,,1.7e-05,,,0,,,ok,locality=Buquhe; elev_m=4622; magt_c=-0.33; dem_minus_elev_m=+16
qtp_fu_temp,TT1,Buquhe TT1,33.7732667,92.2344333,2014,,411.0,borehole_temp,temp_derived,1,China,Tibet,"Fu, Ziteng (2025). Permafrost ground temperature and active layer thickness data on the Qinghai–Tibet Plateau (2001–2020). figshare. Dataset. https://doi.org/10.6084/m9.figshare.29206613.v1",CC BY 4.0,QTEC,,none,annual_value,,,,1.7e-05,,,0,,,ok,locality=Buquhe; elev_m=4622; magt_c=-0.33; dem_minus_elev_m=+16
qtp_fu_temp,TT1,Buquhe TT1,33.7732667,92.2344333,2015,,438.0,borehole_temp,temp_derived,1,China,Tibet,"Fu, Ziteng (2025). Permafrost ground temperature and active layer thickness data on the Qinghai–Tibet Plateau (2001–2020). figshare. Dataset. https://doi.org/10.6084/m9.figshare.29206613.v1",CC BY 4.0,QTEC,,none,annual_value,,,,1.7e-05,,,0,,,ok,locality=Buquhe; elev_m=4622; magt_c=-0.33; dem_minus_elev_m=+16
qtp_fu_temp,TT1,Buquhe TT1,33.7732667,92.2344333,2016,,463.0,borehole_temp,temp_derived,1,China,Tibet,"Fu, Ziteng (2025). Permafrost ground temperature and active layer thickness data on the Qinghai–Tibet Plateau (2001–2020). figshare. Dataset. https://doi.org/10.6084/m9.figshare.29206613.v1",CC BY 4.0,QTEC,,none,annual_value,,,,1.7e-05,,,0,,,ok,locality=Buquhe; elev_m=4622; magt_c=-0.33; dem_minus_elev_m=+16
qtp_fu_temp,TT1,Buquhe TT1,33.7732667,92.2344333,2017,,502.0,borehole_temp,temp_derived,1,China,Tibet,"Fu, Ziteng (2025). Permafrost ground temperature and active layer thickness data on the Qinghai–Tibet Plateau (2001–2020). figshare. Dataset. https://doi.org/10.6084/m9.figshare.29206613.v1",CC BY 4.0,QTEC,,none,annual_value,,,,1.7e-05,,,0,,,ok,locality=Buquhe; elev_m=4622; magt_c=-0.33; dem_minus_elev_m=+16
qtp_fu_temp,TT1,Buquhe TT1,33.7732667,92.2344333,2018,,519.0,borehole_temp,temp_derived,1,China,Tibet,"Fu, Ziteng (2025). Permafrost ground temperature and active layer thickness data on the Qinghai–Tibet Plateau (2001–2020). figshare. Dataset. https://doi.org/10.6084/m9.figshare.29206613.v1",CC BY 4.0,QTEC,,none,annual_value,,,,1.7e-05,,,0,,,ok,locality=Buquhe; elev_m=4622; magt_c=-0.33; dem_minus_elev_m=+16
qtp_fu_temp,TT1,Buquhe TT1,33.7732667,92.2344333,2019,,560.0,borehole_temp,temp_derived,1,China,Tibet,"Fu, Ziteng (2025). Permafrost ground temperature and active layer thickness data on the Qinghai–Tibet Plateau (2001–2020). figshare. Dataset. https://doi.org/10.6084/m9.figshare.29206613.v1",CC BY 4.0,QTEC,,none,annual_value,,,,1.7e-05,,,0,,,ok,locality=Buquhe; elev_m=4622; magt_c=-0.33; dem_minus_elev_m=+16
qtp_fu_temp,TT1,Buquhe TT1,33.7732667,92.2344333,2020,,659.0,borehole_temp,temp_derived,1,China,Tibet,"Fu, Ziteng (2025). Permafrost ground temperature and active layer thickness data on the Qinghai–Tibet Plateau (2001–2020). figshare. Dataset. https://doi.org/10.6084/m9.figshare.29206613.v1",CC BY 4.0,QTEC,,none,annual_value,,,,1.7e-05,,,0,,,range,locality=Buquhe; elev_m=4622; magt_c=-0.33; dem_minus_elev_m=+16
qtp_fu_temp,WQ1,Wenquang WQ1,33.46865,91.93935,2001,,443.0,borehole_temp,temp_derived,1,China,Tibet,"Fu, Ziteng (2025). Permafrost ground temperature and active layer thickness data on the Qinghai–Tibet Plateau (2001–2020). figshare. Dataset. https://doi.org/10.6084/m9.figshare.29206613.v1",CC BY 4.0,QTEC,,none,annual_value,,,,1e-05,,,0,,,ok,locality=Wenquang; elev_m=4778; magt_c=-0.09; dem_minus_elev_m=-8
qtp_fu_temp,WQ1,Wenquang WQ1,33.46865,91.93935,2002,,442.0,borehole_temp,temp_derived,1,China,Tibet,"Fu, Ziteng (2025). Permafrost ground temperature and active layer thickness data on the Qinghai–Tibet Plateau (2001–2020). figshare. Dataset. https://doi.org/10.6084/m9.figshare.29206613.v1",CC BY 4.0,QTEC,,none,annual_value,,,,1e-05,,,0,,,ok,locality=Wenquang; elev_m=4778; magt_c=-0.09; dem_minus_elev_m=-8
qtp_fu_temp,WQ1,Wenquang WQ1,33.46865,91.93935,2003,,450.0,borehole_temp,temp_derived,1,China,Tibet,"Fu, Ziteng (2025). Permafrost ground temperature and active layer thickness data on the Qinghai–Tibet Plateau (2001–2020). figshare. Dataset. https://doi.org/10.6084/m9.figshare.29206613.v1",CC BY 4.0,QTEC,,none,annual_value,,,,1e-05,,,0,,,ok,locality=Wenquang; elev_m=4778; magt_c=-0.09; dem_minus_elev_m=-8
qtp_fu_temp,WQ1,Wenquang WQ1,33.46865,91.93935,2004,,416.0,borehole_temp,temp_derived,1,China,Tibet,"Fu, Ziteng (2025). Permafrost ground temperature and active layer thickness data on the Qinghai–Tibet Plateau (2001–2020). figshare. Dataset. https://doi.org/10.6084/m9.figshare.29206613.v1",CC BY 4.0,QTEC,,none,annual_value,,,,1e-05,,,0,,,ok,locality=Wenquang; elev_m=4778; magt_c=-0.09; dem_minus_elev_m=-8
qtp_fu_temp,WQ1,Wenquang WQ1,33.46865,91.93935,2005,,438.0,borehole_temp,temp_derived,1,China,Tibet,"Fu, Ziteng (2025). Permafrost ground temperature and active layer thickness data on the Qinghai–Tibet Plateau (2001–2020). figshare. Dataset. https://doi.org/10.6084/m9.figshare.29206613.v1",CC BY 4.0,QTEC,,none,annual_value,,,,1e-05,,,0,,,ok,locality=Wenquang; elev_m=4778; magt_c=-0.09; dem_minus_elev_m=-8
qtp_fu_temp,WQ1,Wenquang WQ1,33.46865,91.93935,2006,,473.0,borehole_temp,temp_derived,1,China,Tibet,"Fu, Ziteng (2025). Permafrost ground temperature and active layer thickness data on the Qinghai–Tibet Plateau (2001–2020). figshare. Dataset. https://doi.org/10.6084/m9.figshare.29206613.v1",CC BY 4.0,QTEC,,none,annual_value,,,,1e-05,,,0,,,ok,locality=Wenquang; elev_m=4778; magt_c=-0.09; dem_minus_elev_m=-8
qtp_fu_temp,WQ1,Wenquang WQ1,33.46865,91.93935,2007,,496.0,borehole_temp,temp_derived,1,China,Tibet,"Fu, Ziteng (2025). Permafrost ground temperature and active layer thickness data on the Qinghai–Tibet Plateau (2001–2020). figshare. Dataset. https://doi.org/10.6084/m9.figshare.29206613.v1",CC BY 4.0,QTEC,,none,annual_value,,,,1e-05,,,0,,,ok,locality=Wenquang; elev_m=4778; magt_c=-0.09; dem_minus_elev_m=-8
qtp_fu_temp,WQ1,Wenquang WQ1,33.46865,91.93935,2008,,503.0,borehole_temp,temp_derived,1,China,Tibet,"Fu, Ziteng (2025). Permafrost ground temperature and active layer thickness data on the Qinghai–Tibet Plateau (2001–2020). figshare. Dataset. https://doi.org/10.6084/m9.figshare.29206613.v1",CC BY 4.0,QTEC,,none,annual_value,,,,1e-05,,,0,,,ok,locality=Wenquang; elev_m=4778; magt_c=-0.09; dem_minus_elev_m=-8
qtp_fu_temp,WQ1,Wenquang WQ1,33.46865,91.93935,2009,,488.0,borehole_temp,temp_derived,1,China,Tibet,"Fu, Ziteng (2025). Permafrost ground temperature and active layer thickness data on the Qinghai–Tibet Plateau (2001–2020). figshare. Dataset. https://doi.org/10.6084/m9.figshare.29206613.v1",CC BY 4.0,QTEC,,none,annual_value,,,,1e-05,,,0,,,ok,locality=Wenquang; elev_m=4778; magt_c=-0.09; dem_minus_elev_m=-8
qtp_fu_temp,WQ1,Wenquang WQ1,33.46865,91.93935,2010,,483.0,borehole_temp,temp_derived,1,China,Tibet,"Fu, Ziteng (2025). Permafrost ground temperature and active layer thickness data on the Qinghai–Tibet Plateau (2001–2020). figshare. Dataset. https://doi.org/10.6084/m9.figshare.29206613.v1",CC BY 4.0,QTEC,,none,annual_value,,,,1e-05,,,0,,,ok,locality=Wenquang; elev_m=4778; magt_c=-0.09; dem_minus_elev_m=-8
qtp_fu_temp,WQ1,Wenquang WQ1,33.46865,91.93935,2011,,451.0,borehole_temp,temp_derived,1,China,Tibet,"Fu, Ziteng (2025). Permafrost ground temperature and active layer thickness data on the Qinghai–Tibet Plateau (2001–2020). figshare. Dataset. https://doi.org/10.6084/m9.figshare.29206613.v1",CC BY 4.0,QTEC,,none,annual_value,,,,1e-05,,,0,,,ok,locality=Wenquang; elev_m=4778; magt_c=-0.09; dem_minus_elev_m=-8
qtp_fu_temp,WQ1,Wenquang WQ1,33.46865,91.93935,2012,,436.0,borehole_temp,temp_derived,1,China,Tibet,"Fu, Ziteng (2025). Permafrost ground temperature and active layer thickness data on the Qinghai–Tibet Plateau (2001–2020). figshare. Dataset. https://doi.org/10.6084/m9.figshare.29206613.v1",CC BY 4.0,QTEC,,none,annual_value,,,,1e-05,,,0,,,ok,locality=Wenquang; elev_m=4778; magt_c=-0.09; dem_minus_elev_m=-8
qtp_fu_temp,WQ1,Wenquang WQ1,33.46865,91.93935,2013,,474.0,borehole_temp,temp_derived,1,China,Tibet,"Fu, Ziteng (2025). Permafrost ground temperature and active layer thickness data on the Qinghai–Tibet Plateau (2001–2020). figshare. Dataset. https://doi.org/10.6084/m9.figshare.29206613.v1",CC BY 4.0,QTEC,,none,annual_value,,,,1e-05,,,0,,,ok,locality=Wenquang; elev_m=4778; magt_c=-0.09; dem_minus_elev_m=-8
qtp_fu_temp,WQ1,Wenquang WQ1,33.46865,91.93935,2014,,458.0,borehole_temp,temp_derived,1,China,Tibet,"Fu, Ziteng (2025). Permafrost ground temperature and active layer thickness data on the Qinghai–Tibet Plateau (2001–2020). figshare. Dataset. https://doi.org/10.6084/m9.figshare.29206613.v1",CC BY 4.0,QTEC,,none,annual_value,,,,1e-05,,,0,,,ok,locality=Wenquang; elev_m=4778; magt_c=-0.09; dem_minus_elev_m=-8
qtp_fu_temp,WQ1,Wenquang WQ1,33.46865,91.93935,2015,,500.0,borehole_temp,temp_derived,1,China,Tibet,"Fu, Ziteng (2025). Permafrost ground temperature and active layer thickness data on the Qinghai–Tibet Plateau (2001–2020). figshare. Dataset. https://doi.org/10.6084/m9.figshare.29206613.v1",CC BY 4.0,QTEC,,none,annual_value,,,,1e-05,,,0,,,ok,locality=Wenquang; elev_m=4778; magt_c=-0.09; dem_minus_elev_m=-8
qtp_fu_temp,WQ1,Wenquang WQ1,33.46865,91.93935,2016,,520.0,borehole_temp,temp_derived,1,China,Tibet,"Fu, Ziteng (2025). Permafrost ground temperature and active layer thickness data on the Qinghai–Tibet Plateau (2001–2020). figshare. Dataset. https://doi.org/10.6084/m9.figshare.29206613.v1",CC BY 4.0,QTEC,,none,annual_value,,,,1e-05,,,0,,,ok,locality=Wenquang; elev_m=4778; magt_c=-0.09; dem_minus_elev_m=-8
qtp_fu_temp,WQ1,Wenquang WQ1,33.46865,91.93935,2017,,546.0,borehole_temp,temp_derived,1,China,Tibet,"Fu, Ziteng (2025). Permafrost ground temperature and active layer thickness data on the Qinghai–Tibet Plateau (2001–2020). figshare. Dataset. https://doi.org/10.6084/m9.figshare.29206613.v1",CC BY 4.0,QTEC,,none,annual_value,,,,1e-05,,,0,,,ok,locality=Wenquang; elev_m=4778; magt_c=-0.09; dem_minus_elev_m=-8
qtp_fu_temp,WQ1,Wenquang WQ1,33.46865,91.93935,2018,,546.0,borehole_temp,temp_derived,1,China,Tibet,"Fu, Ziteng (2025). Permafrost ground temperature and active layer thickness data on the Qinghai–Tibet Plateau (2001–2020). figshare. Dataset. https://doi.org/10.6084/m9.figshare.29206613.v1",CC BY 4.0,QTEC,,none,annual_value,,,,1e-05,,,0,,,ok,locality=Wenquang; elev_m=4778; magt_c=-0.09; dem_minus_elev_m=-8
qtp_fu_temp,WQ1,Wenquang WQ1,33.46865,91.93935,2019,,487.0,borehole_temp,temp_derived,1,China,Tibet,"Fu, Ziteng (2025). Permafrost ground temperature and active layer thickness data on the Qinghai–Tibet Plateau (2001–2020). figshare. Dataset. https://doi.org/10.6084/m9.figshare.29206613.v1",CC BY 4.0,QTEC,,none,annual_value,,,,1e-05,,,0,,,ok,locality=Wenquang; elev_m=4778; magt_c=-0.09; dem_minus_elev_m=-8
qtp_fu_temp,WQ1,Wenquang WQ1,33.46865,91.93935,2020,,487.0,borehole_temp,temp_derived,1,China,Tibet,"Fu, Ziteng (2025). Permafrost ground temperature and active layer thickness data on the Qinghai–Tibet Plateau (2001–2020). figshare. Dataset. https://doi.org/10.6084/m9.figshare.29206613.v1",CC BY 4.0,QTEC,,none,annual_value,,,,1e-05,,,0,,,ok,locality=Wenquang; elev_m=4778; magt_c=-0.09; dem_minus_elev_m=-8
qtp_fu_temp,WQ2,Wenquang WQ2,33.3979,91.9458833,2001,,294.0,borehole_temp,temp_derived,1,China,Tibet,"Fu, Ziteng (2025). Permafrost ground temperature and active layer thickness data on the Qinghai–Tibet Plateau (2001–2020). figshare. Dataset. https://doi.org/10.6084/m9.figshare.29206613.v1",CC BY 4.0,QTEC,,none,annual_value,,,,1.7e-05,,,0,,,ok,locality=Wenquang; elev_m=4817; magt_c=-0.36; dem_minus_elev_m=-9
qtp_fu_temp,WQ2,Wenquang WQ2,33.3979,91.9458833,2002,,299.0,borehole_temp,temp_derived,1,China,Tibet,"Fu, Ziteng (2025). Permafrost ground temperature and active layer thickness data on the Qinghai–Tibet Plateau (2001–2020). figshare. Dataset. https://doi.org/10.6084/m9.figshare.29206613.v1",CC BY 4.0,QTEC,,none,annual_value,,,,1.7e-05,,,0,,,ok,locality=Wenquang; elev_m=4817; magt_c=-0.36; dem_minus_elev_m=-9
qtp_fu_temp,WQ2,Wenquang WQ2,33.3979,91.9458833,2003,,306.0,borehole_temp,temp_derived,1,China,Tibet,"Fu, Ziteng (2025). Permafrost ground temperature and active layer thickness data on the Qinghai–Tibet Plateau (2001–2020). figshare. Dataset. https://doi.org/10.6084/m9.figshare.29206613.v1",CC BY 4.0,QTEC,,none,annual_value,,,,1.7e-05,,,0,,,ok,locality=Wenquang; elev_m=4817; magt_c=-0.36; dem_minus_elev_m=-9
qtp_fu_temp,WQ2,Wenquang WQ2,33.3979,91.9458833,2004,,312.0,borehole_temp,temp_derived,1,China,Tibet,"Fu, Ziteng (2025). Permafrost ground temperature and active layer thickness data on the Qinghai–Tibet Plateau (2001–2020). figshare. Dataset. https://doi.org/10.6084/m9.figshare.29206613.v1",CC BY 4.0,QTEC,,none,annual_value,,,,1.7e-05,,,0,,,ok,locality=Wenquang; elev_m=4817; magt_c=-0.36; dem_minus_elev_m=-9
qtp_fu_temp,WQ2,Wenquang WQ2,33.3979,91.9458833,2005,,316.0,borehole_temp,temp_derived,1,China,Tibet,"Fu, Ziteng (2025). Permafrost ground temperature and active layer thickness data on the Qinghai–Tibet Plateau (2001–2020). figshare. Dataset. https://doi.org/10.6084/m9.figshare.29206613.v1",CC BY 4.0,QTEC,,none,annual_value,,,,1.7e-05,,,0,,,ok,locality=Wenquang; elev_m=4817; magt_c=-0.36; dem_minus_elev_m=-9
qtp_fu_temp,WQ2,Wenquang WQ2,33.3979,91.9458833,2006,,337.0,borehole_temp,temp_derived,1,China,Tibet,"Fu, Ziteng (2025). Permafrost ground temperature and active layer thickness data on the Qinghai–Tibet Plateau (2001–2020). figshare. Dataset. https://doi.org/10.6084/m9.figshare.29206613.v1",CC BY 4.0,QTEC,,none,annual_value,,,,1.7e-05,,,0,,,ok,locality=Wenquang; elev_m=4817; magt_c=-0.36; dem_minus_elev_m=-9
qtp_fu_temp,WQ2,Wenquang WQ2,33.3979,91.9458833,2007,,340.0,borehole_temp,temp_derived,1,China,Tibet,"Fu, Ziteng (2025). Permafrost ground temperature and active layer thickness data on the Qinghai–Tibet Plateau (2001–2020). figshare. Dataset. https://doi.org/10.6084/m9.figshare.29206613.v1",CC BY 4.0,QTEC,,none,annual_value,,,,1.7e-05,,,0,,,ok,locality=Wenquang; elev_m=4817; magt_c=-0.36; dem_minus_elev_m=-9
qtp_fu_temp,WQ2,Wenquang WQ2,33.3979,91.9458833,2008,,343.0,borehole_temp,temp_derived,1,China,Tibet,"Fu, Ziteng (2025). Permafrost ground temperature and active layer thickness data on the Qinghai–Tibet Plateau (2001–2020). figshare. Dataset. https://doi.org/10.6084/m9.figshare.29206613.v1",CC BY 4.0,QTEC,,none,annual_value,,,,1.7e-05,,,0,,,ok,locality=Wenquang; elev_m=4817; magt_c=-0.36; dem_minus_elev_m=-9
qtp_fu_temp,WQ2,Wenquang WQ2,33.3979,91.9458833,2009,,349.0,borehole_temp,temp_derived,1,China,Tibet,"Fu, Ziteng (2025). Permafrost ground temperature and active layer thickness data on the Qinghai–Tibet Plateau (2001–2020). figshare. Dataset. https://doi.org/10.6084/m9.figshare.29206613.v1",CC BY 4.0,QTEC,,none,annual_value,,,,1.7e-05,,,0,,,ok,locality=Wenquang; elev_m=4817; magt_c=-0.36; dem_minus_elev_m=-9
qtp_fu_temp,WQ2,Wenquang WQ2,33.3979,91.9458833,2010,,358.0,borehole_temp,temp_derived,1,China,Tibet,"Fu, Ziteng (2025). Permafrost ground temperature and active layer thickness data on the Qinghai–Tibet Plateau (2001–2020). figshare. Dataset. https://doi.org/10.6084/m9.figshare.29206613.v1",CC BY 4.0,QTEC,,none,annual_value,,,,1.7e-05,,,0,,,ok,locality=Wenquang; elev_m=4817; magt_c=-0.36; dem_minus_elev_m=-9
qtp_fu_temp,WQ2,Wenquang WQ2,33.3979,91.9458833,2011,,358.0,borehole_temp,temp_derived,1,China,Tibet,"Fu, Ziteng (2025). Permafrost ground temperature and active layer thickness data on the Qinghai–Tibet Plateau (2001–2020). figshare. Dataset. https://doi.org/10.6084/m9.figshare.29206613.v1",CC BY 4.0,QTEC,,none,annual_value,,,,1.7e-05,,,0,,,ok,locality=Wenquang; elev_m=4817; magt_c=-0.36; dem_minus_elev_m=-9
qtp_fu_temp,WQ2,Wenquang WQ2,33.3979,91.9458833,2012,,369.0,borehole_temp,temp_derived,1,China,Tibet,"Fu, Ziteng (2025). Permafrost ground temperature and active layer thickness data on the Qinghai–Tibet Plateau (2001–2020). figshare. Dataset. https://doi.org/10.6084/m9.figshare.29206613.v1",CC BY 4.0,QTEC,,none,annual_value,,,,1.7e-05,,,0,,,ok,locality=Wenquang; elev_m=4817; magt_c=-0.36; dem_minus_elev_m=-9
qtp_fu_temp,WQ2,Wenquang WQ2,33.3979,91.9458833,2013,,381.0,borehole_temp,temp_derived,1,China,Tibet,"Fu, Ziteng (2025). Permafrost ground temperature and active layer thickness data on the Qinghai–Tibet Plateau (2001–2020). figshare. Dataset. https://doi.org/10.6084/m9.figshare.29206613.v1",CC BY 4.0,QTEC,,none,annual_value,,,,1.7e-05,,,0,,,ok,locality=Wenquang; elev_m=4817; magt_c=-0.36; dem_minus_elev_m=-9
qtp_fu_temp,WQ2,Wenquang WQ2,33.3979,91.9458833,2014,,385.0,borehole_temp,temp_derived,1,China,Tibet,"Fu, Ziteng (2025). Permafrost ground temperature and active layer thickness data on the Qinghai–Tibet Plateau (2001–2020). figshare. Dataset. https://doi.org/10.6084/m9.figshare.29206613.v1",CC BY 4.0,QTEC,,none,annual_value,,,,1.7e-05,,,0,,,ok,locality=Wenquang; elev_m=4817; magt_c=-0.36; dem_minus_elev_m=-9
qtp_fu_temp,WQ2,Wenquang WQ2,33.3979,91.9458833,2015,,390.0,borehole_temp,temp_derived,1,China,Tibet,"Fu, Ziteng (2025). Permafrost ground temperature and active layer thickness data on the Qinghai–Tibet Plateau (2001–2020). figshare. Dataset. https://doi.org/10.6084/m9.figshare.29206613.v1",CC BY 4.0,QTEC,,none,annual_value,,,,1.7e-05,,,0,,,ok,locality=Wenquang; elev_m=4817; magt_c=-0.36; dem_minus_elev_m=-9
qtp_fu_temp,WQ2,Wenquang WQ2,33.3979,91.9458833,2016,,400.0,borehole_temp,temp_derived,1,China,Tibet,"Fu, Ziteng (2025). Permafrost ground temperature and active layer thickness data on the Qinghai–Tibet Plateau (2001–2020). figshare. Dataset. https://doi.org/10.6084/m9.figshare.29206613.v1",CC BY 4.0,QTEC,,none,annual_value,,,,1.7e-05,,,0,,,ok,locality=Wenquang; elev_m=4817; magt_c=-0.36; dem_minus_elev_m=-9
qtp_fu_temp,WQ2,Wenquang WQ2,33.3979,91.9458833,2017,,420.0,borehole_temp,temp_derived,1,China,Tibet,"Fu, Ziteng (2025). Permafrost ground temperature and active layer thickness data on the Qinghai–Tibet Plateau (2001–2020). figshare. Dataset. https://doi.org/10.6084/m9.figshare.29206613.v1",CC BY 4.0,QTEC,,none,annual_value,,,,1.7e-05,,,0,,,ok,locality=Wenquang; elev_m=4817; magt_c=-0.36; dem_minus_elev_m=-9
qtp_fu_temp,WQ2,Wenquang WQ2,33.3979,91.9458833,2018,,436.0,borehole_temp,temp_derived,1,China,Tibet,"Fu, Ziteng (2025). Permafrost ground temperature and active layer thickness data on the Qinghai–Tibet Plateau (2001–2020). figshare. Dataset. https://doi.org/10.6084/m9.figshare.29206613.v1",CC BY 4.0,QTEC,,none,annual_value,,,,1.7e-05,,,0,,,ok,locality=Wenquang; elev_m=4817; magt_c=-0.36; dem_minus_elev_m=-9
qtp_fu_temp,WQ2,Wenquang WQ2,33.3979,91.9458833,2019,,435.0,borehole_temp,temp_derived,1,China,Tibet,"Fu, Ziteng (2025). Permafrost ground temperature and active layer thickness data on the Qinghai–Tibet Plateau (2001–2020). figshare. Dataset. https://doi.org/10.6084/m9.figshare.29206613.v1",CC BY 4.0,QTEC,,none,annual_value,,,,1.7e-05,,,0,,,ok,locality=Wenquang; elev_m=4817; magt_c=-0.36; dem_minus_elev_m=-9
qtp_fu_temp,WQ2,Wenquang WQ2,33.3979,91.9458833,2020,,448.0,borehole_temp,temp_derived,1,China,Tibet,"Fu, Ziteng (2025). Permafrost ground temperature and active layer thickness data on the Qinghai–Tibet Plateau (2001–2020). figshare. Dataset. https://doi.org/10.6084/m9.figshare.29206613.v1",CC BY 4.0,QTEC,,none,annual_value,,,,1.7e-05,,,0,,,ok,locality=Wenquang; elev_m=4817; magt_c=-0.36; dem_minus_elev_m=-9
qtp_fu_temp,TG2,Tanggulashan TG2,33.3036833,91.8748833,2001,,438.0,borehole_temp,temp_derived,1,China,Tibet,"Fu, Ziteng (2025). Permafrost ground temperature and active layer thickness data on the Qinghai–Tibet Plateau (2001–2020). figshare. Dataset. https://doi.org/10.6084/m9.figshare.29206613.v1",CC BY 4.0,QTEC,,none,annual_value,,,,1.7e-05,,,0,,,ok,locality=Tanggulashan; elev_m=4841; magt_c=0.66; dem_minus_elev_m=-7
qtp_fu_temp,TG2,Tanggulashan TG2,33.3036833,91.8748833,2002,,446.0,borehole_temp,temp_derived,1,China,Tibet,"Fu, Ziteng (2025). Permafrost ground temperature and active layer thickness data on the Qinghai–Tibet Plateau (2001–2020). figshare. Dataset. https://doi.org/10.6084/m9.figshare.29206613.v1",CC BY 4.0,QTEC,,none,annual_value,,,,1.7e-05,,,0,,,ok,locality=Tanggulashan; elev_m=4841; magt_c=0.66; dem_minus_elev_m=-7
qtp_fu_temp,TG2,Tanggulashan TG2,33.3036833,91.8748833,2003,,458.0,borehole_temp,temp_derived,1,China,Tibet,"Fu, Ziteng (2025). Permafrost ground temperature and active layer thickness data on the Qinghai–Tibet Plateau (2001–2020). figshare. Dataset. https://doi.org/10.6084/m9.figshare.29206613.v1",CC BY 4.0,QTEC,,none,annual_value,,,,1.7e-05,,,0,,,ok,locality=Tanggulashan; elev_m=4841; magt_c=0.66; dem_minus_elev_m=-7
qtp_fu_temp,TG2,Tanggulashan TG2,33.3036833,91.8748833,2004,,469.0,borehole_temp,temp_derived,1,China,Tibet,"Fu, Ziteng (2025). Permafrost ground temperature and active layer thickness data on the Qinghai–Tibet Plateau (2001–2020). figshare. Dataset. https://doi.org/10.6084/m9.figshare.29206613.v1",CC BY 4.0,QTEC,,none,annual_value,,,,1.7e-05,,,0,,,ok,locality=Tanggulashan; elev_m=4841; magt_c=0.66; dem_minus_elev_m=-7
qtp_fu_temp,TG2,Tanggulashan TG2,33.3036833,91.8748833,2005,,455.0,borehole_temp,temp_derived,1,China,Tibet,"Fu, Ziteng (2025). Permafrost ground temperature and active layer thickness data on the Qinghai–Tibet Plateau (2001–2020). figshare. Dataset. https://doi.org/10.6084/m9.figshare.29206613.v1",CC BY 4.0,QTEC,,none,annual_value,,,,1.7e-05,,,0,,,ok,locality=Tanggulashan; elev_m=4841; magt_c=0.66; dem_minus_elev_m=-7
qtp_fu_temp,TG2,Tanggulashan TG2,33.3036833,91.8748833,2006,,472.0,borehole_temp,temp_derived,1,China,Tibet,"Fu, Ziteng (2025). Permafrost ground temperature and active layer thickness data on the Qinghai–Tibet Plateau (2001–2020). figshare. Dataset. https://doi.org/10.6084/m9.figshare.29206613.v1",CC BY 4.0,QTEC,,none,annual_value,,,,1.7e-05,,,0,,,ok,locality=Tanggulashan; elev_m=4841; magt_c=0.66; dem_minus_elev_m=-7
qtp_fu_temp,TG2,Tanggulashan TG2,33.3036833,91.8748833,2007,,540.0,borehole_temp,temp_derived,1,China,Tibet,"Fu, Ziteng (2025). Permafrost ground temperature and active layer thickness data on the Qinghai–Tibet Plateau (2001–2020). figshare. Dataset. https://doi.org/10.6084/m9.figshare.29206613.v1",CC BY 4.0,QTEC,,none,annual_value,,,,1.7e-05,,,0,,,ok,locality=Tanggulashan; elev_m=4841; magt_c=0.66; dem_minus_elev_m=-7
qtp_fu_temp,TG2,Tanggulashan TG2,33.3036833,91.8748833,2008,,552.0,borehole_temp,temp_derived,1,China,Tibet,"Fu, Ziteng (2025). Permafrost ground temperature and active layer thickness data on the Qinghai–Tibet Plateau (2001–2020). figshare. Dataset. https://doi.org/10.6084/m9.figshare.29206613.v1",CC BY 4.0,QTEC,,none,annual_value,,,,1.7e-05,,,0,,,ok,locality=Tanggulashan; elev_m=4841; magt_c=0.66; dem_minus_elev_m=-7
qtp_fu_temp,TG2,Tanggulashan TG2,33.3036833,91.8748833,2009,,551.0,borehole_temp,temp_derived,1,China,Tibet,"Fu, Ziteng (2025). Permafrost ground temperature and active layer thickness data on the Qinghai–Tibet Plateau (2001–2020). figshare. Dataset. https://doi.org/10.6084/m9.figshare.29206613.v1",CC BY 4.0,QTEC,,none,annual_value,,,,1.7e-05,,,0,,,ok,locality=Tanggulashan; elev_m=4841; magt_c=0.66; dem_minus_elev_m=-7
qtp_fu_temp,TG2,Tanggulashan TG2,33.3036833,91.8748833,2010,,555.0,borehole_temp,temp_derived,1,China,Tibet,"Fu, Ziteng (2025). Permafrost ground temperature and active layer thickness data on the Qinghai–Tibet Plateau (2001–2020). figshare. Dataset. https://doi.org/10.6084/m9.figshare.29206613.v1",CC BY 4.0,QTEC,,none,annual_value,,,,1.7e-05,,,0,,,ok,locality=Tanggulashan; elev_m=4841; magt_c=0.66; dem_minus_elev_m=-7
qtp_fu_temp,TG2,Tanggulashan TG2,33.3036833,91.8748833,2011,,564.0,borehole_temp,temp_derived,1,China,Tibet,"Fu, Ziteng (2025). Permafrost ground temperature and active layer thickness data on the Qinghai–Tibet Plateau (2001–2020). figshare. Dataset. https://doi.org/10.6084/m9.figshare.29206613.v1",CC BY 4.0,QTEC,,none,annual_value,,,,1.7e-05,,,0,,,ok,locality=Tanggulashan; elev_m=4841; magt_c=0.66; dem_minus_elev_m=-7
qtp_fu_temp,TG2,Tanggulashan TG2,33.3036833,91.8748833,2012,,571.0,borehole_temp,temp_derived,1,China,Tibet,"Fu, Ziteng (2025). Permafrost ground temperature and active layer thickness data on the Qinghai–Tibet Plateau (2001–2020). figshare. Dataset. https://doi.org/10.6084/m9.figshare.29206613.v1",CC BY 4.0,QTEC,,none,annual_value,,,,1.7e-05,,,0,,,ok,locality=Tanggulashan; elev_m=4841; magt_c=0.66; dem_minus_elev_m=-7
qtp_fu_temp,TG2,Tanggulashan TG2,33.3036833,91.8748833,2013,,578.0,borehole_temp,temp_derived,1,China,Tibet,"Fu, Ziteng (2025). Permafrost ground temperature and active layer thickness data on the Qinghai–Tibet Plateau (2001–2020). figshare. Dataset. https://doi.org/10.6084/m9.figshare.29206613.v1",CC BY 4.0,QTEC,,none,annual_value,,,,1.7e-05,,,0,,,ok,locality=Tanggulashan; elev_m=4841; magt_c=0.66; dem_minus_elev_m=-7
qtp_fu_temp,TG2,Tanggulashan TG2,33.3036833,91.8748833,2014,,579.0,borehole_temp,temp_derived,1,China,Tibet,"Fu, Ziteng (2025). Permafrost ground temperature and active layer thickness data on the Qinghai–Tibet Plateau (2001–2020). figshare. Dataset. https://doi.org/10.6084/m9.figshare.29206613.v1",CC BY 4.0,QTEC,,none,annual_value,,,,1.7e-05,,,0,,,ok,locality=Tanggulashan; elev_m=4841; magt_c=0.66; dem_minus_elev_m=-7
qtp_fu_temp,TG2,Tanggulashan TG2,33.3036833,91.8748833,2015,,580.0,borehole_temp,temp_derived,1,China,Tibet,"Fu, Ziteng (2025). Permafrost ground temperature and active layer thickness data on the Qinghai–Tibet Plateau (2001–2020). figshare. Dataset. https://doi.org/10.6084/m9.figshare.29206613.v1",CC BY 4.0,QTEC,,none,annual_value,,,,1.7e-05,,,0,,,ok,locality=Tanggulashan; elev_m=4841; magt_c=0.66; dem_minus_elev_m=-7
qtp_fu_temp,TG2,Tanggulashan TG2,33.3036833,91.8748833,2016,,640.0,borehole_temp,temp_derived,1,China,Tibet,"Fu, Ziteng (2025). Permafrost ground temperature and active layer thickness data on the Qinghai–Tibet Plateau (2001–2020). figshare. Dataset. https://doi.org/10.6084/m9.figshare.29206613.v1",CC BY 4.0,QTEC,,none,annual_value,,,,1.7e-05,,,0,,,range,locality=Tanggulashan; elev_m=4841; magt_c=0.66; dem_minus_elev_m=-7
qtp_fu_temp,TG2,Tanggulashan TG2,33.3036833,91.8748833,2017,,657.0,borehole_temp,temp_derived,1,China,Tibet,"Fu, Ziteng (2025). Permafrost ground temperature and active layer thickness data on the Qinghai–Tibet Plateau (2001–2020). figshare. Dataset. https://doi.org/10.6084/m9.figshare.29206613.v1",CC BY 4.0,QTEC,,none,annual_value,,,,1.7e-05,,,0,,,range,locality=Tanggulashan; elev_m=4841; magt_c=0.66; dem_minus_elev_m=-7
qtp_fu_temp,TG2,Tanggulashan TG2,33.3036833,91.8748833,2018,,685.0,borehole_temp,temp_derived,1,China,Tibet,"Fu, Ziteng (2025). Permafrost ground temperature and active layer thickness data on the Qinghai–Tibet Plateau (2001–2020). figshare. Dataset. https://doi.org/10.6084/m9.figshare.29206613.v1",CC BY 4.0,QTEC,,none,annual_value,,,,1.7e-05,,,0,,,range,locality=Tanggulashan; elev_m=4841; magt_c=0.66; dem_minus_elev_m=-7
qtp_fu_temp,TG2,Tanggulashan TG2,33.3036833,91.8748833,2019,,683.0,borehole_temp,temp_derived,1,China,Tibet,"Fu, Ziteng (2025). Permafrost ground temperature and active layer thickness data on the Qinghai–Tibet Plateau (2001–2020). figshare. Dataset. https://doi.org/10.6084/m9.figshare.29206613.v1",CC BY 4.0,QTEC,,none,annual_value,,,,1.7e-05,,,0,,,range,locality=Tanggulashan; elev_m=4841; magt_c=0.66; dem_minus_elev_m=-7
qtp_fu_temp,TG2,Tanggulashan TG2,33.3036833,91.8748833,2020,,705.0,borehole_temp,temp_derived,1,China,Tibet,"Fu, Ziteng (2025). Permafrost ground temperature and active layer thickness data on the Qinghai–Tibet Plateau (2001–2020). figshare. Dataset. https://doi.org/10.6084/m9.figshare.29206613.v1",CC BY 4.0,QTEC,,none,annual_value,,,,1.7e-05,,,0,,,range,locality=Tanggulashan; elev_m=4841; magt_c=0.66; dem_minus_elev_m=-7
qtp_fu_temp,TGB1,Tanggulashan TGB1,33.0984,91.8988667,2001,,182.0,borehole_temp,temp_derived,1,China,Tibet,"Fu, Ziteng (2025). Permafrost ground temperature and active layer thickness data on the Qinghai–Tibet Plateau (2001–2020). figshare. Dataset. https://doi.org/10.6084/m9.figshare.29206613.v1",CC BY 4.0,QTEC,,none,annual_value,,,,1.7e-05,,,0,,,ok,locality=Tanggulashan; elev_m=4948; magt_c=-1.23; dem_minus_elev_m=-3
qtp_fu_temp,TGB1,Tanggulashan TGB1,33.0984,91.8988667,2002,,190.0,borehole_temp,temp_derived,1,China,Tibet,"Fu, Ziteng (2025). Permafrost ground temperature and active layer thickness data on the Qinghai–Tibet Plateau (2001–2020). figshare. Dataset. https://doi.org/10.6084/m9.figshare.29206613.v1",CC BY 4.0,QTEC,,none,annual_value,,,,1.7e-05,,,0,,,ok,locality=Tanggulashan; elev_m=4948; magt_c=-1.23; dem_minus_elev_m=-3
qtp_fu_temp,TGB1,Tanggulashan TGB1,33.0984,91.8988667,2003,,182.0,borehole_temp,temp_derived,1,China,Tibet,"Fu, Ziteng (2025). Permafrost ground temperature and active layer thickness data on the Qinghai–Tibet Plateau (2001–2020). figshare. Dataset. https://doi.org/10.6084/m9.figshare.29206613.v1",CC BY 4.0,QTEC,,none,annual_value,,,,1.7e-05,,,0,,,ok,locality=Tanggulashan; elev_m=4948; magt_c=-1.23; dem_minus_elev_m=-3
qtp_fu_temp,TGB1,Tanggulashan TGB1,33.0984,91.8988667,2004,,189.0,borehole_temp,temp_derived,1,China,Tibet,"Fu, Ziteng (2025). Permafrost ground temperature and active layer thickness data on the Qinghai–Tibet Plateau (2001–2020). figshare. Dataset. https://doi.org/10.6084/m9.figshare.29206613.v1",CC BY 4.0,QTEC,,none,annual_value,,,,1.7e-05,,,0,,,ok,locality=Tanggulashan; elev_m=4948; magt_c=-1.23; dem_minus_elev_m=-3
qtp_fu_temp,TGB1,Tanggulashan TGB1,33.0984,91.8988667,2005,,189.0,borehole_temp,temp_derived,1,China,Tibet,"Fu, Ziteng (2025). Permafrost ground temperature and active layer thickness data on the Qinghai–Tibet Plateau (2001–2020). figshare. Dataset. https://doi.org/10.6084/m9.figshare.29206613.v1",CC BY 4.0,QTEC,,none,annual_value,,,,1.7e-05,,,0,,,ok,locality=Tanggulashan; elev_m=4948; magt_c=-1.23; dem_minus_elev_m=-3
qtp_fu_temp,TGB1,Tanggulashan TGB1,33.0984,91.8988667,2006,,196.0,borehole_temp,temp_derived,1,China,Tibet,"Fu, Ziteng (2025). Permafrost ground temperature and active layer thickness data on the Qinghai–Tibet Plateau (2001–2020). figshare. Dataset. https://doi.org/10.6084/m9.figshare.29206613.v1",CC BY 4.0,QTEC,,none,annual_value,,,,1.7e-05,,,0,,,ok,locality=Tanggulashan; elev_m=4948; magt_c=-1.23; dem_minus_elev_m=-3
qtp_fu_temp,TGB1,Tanggulashan TGB1,33.0984,91.8988667,2007,,198.0,borehole_temp,temp_derived,1,China,Tibet,"Fu, Ziteng (2025). Permafrost ground temperature and active layer thickness data on the Qinghai–Tibet Plateau (2001–2020). figshare. Dataset. https://doi.org/10.6084/m9.figshare.29206613.v1",CC BY 4.0,QTEC,,none,annual_value,,,,1.7e-05,,,0,,,ok,locality=Tanggulashan; elev_m=4948; magt_c=-1.23; dem_minus_elev_m=-3
qtp_fu_temp,TGB1,Tanggulashan TGB1,33.0984,91.8988667,2008,,194.0,borehole_temp,temp_derived,1,China,Tibet,"Fu, Ziteng (2025). Permafrost ground temperature and active layer thickness data on the Qinghai–Tibet Plateau (2001–2020). figshare. Dataset. https://doi.org/10.6084/m9.figshare.29206613.v1",CC BY 4.0,QTEC,,none,annual_value,,,,1.7e-05,,,0,,,ok,locality=Tanggulashan; elev_m=4948; magt_c=-1.23; dem_minus_elev_m=-3
qtp_fu_temp,TGB1,Tanggulashan TGB1,33.0984,91.8988667,2009,,202.0,borehole_temp,temp_derived,1,China,Tibet,"Fu, Ziteng (2025). Permafrost ground temperature and active layer thickness data on the Qinghai–Tibet Plateau (2001–2020). figshare. Dataset. https://doi.org/10.6084/m9.figshare.29206613.v1",CC BY 4.0,QTEC,,none,annual_value,,,,1.7e-05,,,0,,,ok,locality=Tanggulashan; elev_m=4948; magt_c=-1.23; dem_minus_elev_m=-3
qtp_fu_temp,TGB1,Tanggulashan TGB1,33.0984,91.8988667,2010,,212.0,borehole_temp,temp_derived,1,China,Tibet,"Fu, Ziteng (2025). Permafrost ground temperature and active layer thickness data on the Qinghai–Tibet Plateau (2001–2020). figshare. Dataset. https://doi.org/10.6084/m9.figshare.29206613.v1",CC BY 4.0,QTEC,,none,annual_value,,,,1.7e-05,,,0,,,ok,locality=Tanggulashan; elev_m=4948; magt_c=-1.23; dem_minus_elev_m=-3
qtp_fu_temp,TGB1,Tanggulashan TGB1,33.0984,91.8988667,2011,,204.0,borehole_temp,temp_derived,1,China,Tibet,"Fu, Ziteng (2025). Permafrost ground temperature and active layer thickness data on the Qinghai–Tibet Plateau (2001–2020). figshare. Dataset. https://doi.org/10.6084/m9.figshare.29206613.v1",CC BY 4.0,QTEC,,none,annual_value,,,,1.7e-05,,,0,,,ok,locality=Tanggulashan; elev_m=4948; magt_c=-1.23; dem_minus_elev_m=-3
qtp_fu_temp,TGB1,Tanggulashan TGB1,33.0984,91.8988667,2012,,218.0,borehole_temp,temp_derived,1,China,Tibet,"Fu, Ziteng (2025). Permafrost ground temperature and active layer thickness data on the Qinghai–Tibet Plateau (2001–2020). figshare. Dataset. https://doi.org/10.6084/m9.figshare.29206613.v1",CC BY 4.0,QTEC,,none,annual_value,,,,1.7e-05,,,0,,,ok,locality=Tanggulashan; elev_m=4948; magt_c=-1.23; dem_minus_elev_m=-3
qtp_fu_temp,TGB1,Tanggulashan TGB1,33.0984,91.8988667,2013,,227.0,borehole_temp,temp_derived,1,China,Tibet,"Fu, Ziteng (2025). Permafrost ground temperature and active layer thickness data on the Qinghai–Tibet Plateau (2001–2020). figshare. Dataset. https://doi.org/10.6084/m9.figshare.29206613.v1",CC BY 4.0,QTEC,,none,annual_value,,,,1.7e-05,,,0,,,ok,locality=Tanggulashan; elev_m=4948; magt_c=-1.23; dem_minus_elev_m=-3
qtp_fu_temp,TGB1,Tanggulashan TGB1,33.0984,91.8988667,2014,,214.0,borehole_temp,temp_derived,1,China,Tibet,"Fu, Ziteng (2025). Permafrost ground temperature and active layer thickness data on the Qinghai–Tibet Plateau (2001–2020). figshare. Dataset. https://doi.org/10.6084/m9.figshare.29206613.v1",CC BY 4.0,QTEC,,none,annual_value,,,,1.7e-05,,,0,,,ok,locality=Tanggulashan; elev_m=4948; magt_c=-1.23; dem_minus_elev_m=-3
qtp_fu_temp,TGB1,Tanggulashan TGB1,33.0984,91.8988667,2015,,230.0,borehole_temp,temp_derived,1,China,Tibet,"Fu, Ziteng (2025). Permafrost ground temperature and active layer thickness data on the Qinghai–Tibet Plateau (2001–2020). figshare. Dataset. https://doi.org/10.6084/m9.figshare.29206613.v1",CC BY 4.0,QTEC,,none,annual_value,,,,1.7e-05,,,0,,,ok,locality=Tanggulashan; elev_m=4948; magt_c=-1.23; dem_minus_elev_m=-3
qtp_fu_temp,TGB1,Tanggulashan TGB1,33.0984,91.8988667,2016,,240.0,borehole_temp,temp_derived,1,China,Tibet,"Fu, Ziteng (2025). Permafrost ground temperature and active layer thickness data on the Qinghai–Tibet Plateau (2001–2020). figshare. Dataset. https://doi.org/10.6084/m9.figshare.29206613.v1",CC BY 4.0,QTEC,,none,annual_value,,,,1.7e-05,,,0,,,ok,locality=Tanggulashan; elev_m=4948; magt_c=-1.23; dem_minus_elev_m=-3
qtp_fu_temp,TGB1,Tanggulashan TGB1,33.0984,91.8988667,2017,,240.0,borehole_temp,temp_derived,1,China,Tibet,"Fu, Ziteng (2025). Permafrost ground temperature and active layer thickness data on the Qinghai–Tibet Plateau (2001–2020). figshare. Dataset. https://doi.org/10.6084/m9.figshare.29206613.v1",CC BY 4.0,QTEC,,none,annual_value,,,,1.7e-05,,,0,,,ok,locality=Tanggulashan; elev_m=4948; magt_c=-1.23; dem_minus_elev_m=-3
qtp_fu_temp,TGB1,Tanggulashan TGB1,33.0984,91.8988667,2018,,248.0,borehole_temp,temp_derived,1,China,Tibet,"Fu, Ziteng (2025). Permafrost ground temperature and active layer thickness data on the Qinghai–Tibet Plateau (2001–2020). figshare. Dataset. https://doi.org/10.6084/m9.figshare.29206613.v1",CC BY 4.0,QTEC,,none,annual_value,,,,1.7e-05,,,0,,,ok,locality=Tanggulashan; elev_m=4948; magt_c=-1.23; dem_minus_elev_m=-3
qtp_fu_temp,TGB1,Tanggulashan TGB1,33.0984,91.8988667,2019,,248.0,borehole_temp,temp_derived,1,China,Tibet,"Fu, Ziteng (2025). Permafrost ground temperature and active layer thickness data on the Qinghai–Tibet Plateau (2001–2020). figshare. Dataset. https://doi.org/10.6084/m9.figshare.29206613.v1",CC BY 4.0,QTEC,,none,annual_value,,,,1.7e-05,,,0,,,ok,locality=Tanggulashan; elev_m=4948; magt_c=-1.23; dem_minus_elev_m=-3
qtp_fu_temp,TGB1,Tanggulashan TGB1,33.0984,91.8988667,2020,,244.0,borehole_temp,temp_derived,1,China,Tibet,"Fu, Ziteng (2025). Permafrost ground temperature and active layer thickness data on the Qinghai–Tibet Plateau (2001–2020). figshare. Dataset. https://doi.org/10.6084/m9.figshare.29206613.v1",CC BY 4.0,QTEC,,none,annual_value,,,,1.7e-05,,,0,,,ok,locality=Tanggulashan; elev_m=4948; magt_c=-1.23; dem_minus_elev_m=-3
qtp_fu_temp,TG3,Tanggulashan TG3,33.0714667,91.7524667,2001,,263.0,borehole_temp,temp_derived,1,China,Tibet,"Fu, Ziteng (2025). Permafrost ground temperature and active layer thickness data on the Qinghai–Tibet Plateau (2001–2020). figshare. Dataset. https://doi.org/10.6084/m9.figshare.29206613.v1",CC BY 4.0,QTEC,,none,annual_value,,,,1.7e-05,,,0,,,ok,locality=Tanggulashan; elev_m=4926; magt_c=-1.20; dem_minus_elev_m=+40
qtp_fu_temp,TG3,Tanggulashan TG3,33.0714667,91.7524667,2002,,266.0,borehole_temp,temp_derived,1,China,Tibet,"Fu, Ziteng (2025). Permafrost ground temperature and active layer thickness data on the Qinghai–Tibet Plateau (2001–2020). figshare. Dataset. https://doi.org/10.6084/m9.figshare.29206613.v1",CC BY 4.0,QTEC,,none,annual_value,,,,1.7e-05,,,0,,,ok,locality=Tanggulashan; elev_m=4926; magt_c=-1.20; dem_minus_elev_m=+40
qtp_fu_temp,TG3,Tanggulashan TG3,33.0714667,91.7524667,2003,,264.0,borehole_temp,temp_derived,1,China,Tibet,"Fu, Ziteng (2025). Permafrost ground temperature and active layer thickness data on the Qinghai–Tibet Plateau (2001–2020). figshare. Dataset. https://doi.org/10.6084/m9.figshare.29206613.v1",CC BY 4.0,QTEC,,none,annual_value,,,,1.7e-05,,,0,,,ok,locality=Tanggulashan; elev_m=4926; magt_c=-1.20; dem_minus_elev_m=+40
qtp_fu_temp,TG3,Tanggulashan TG3,33.0714667,91.7524667,2004,,268.0,borehole_temp,temp_derived,1,China,Tibet,"Fu, Ziteng (2025). Permafrost ground temperature and active layer thickness data on the Qinghai–Tibet Plateau (2001–2020). figshare. Dataset. https://doi.org/10.6084/m9.figshare.29206613.v1",CC BY 4.0,QTEC,,none,annual_value,,,,1.7e-05,,,0,,,ok,locality=Tanggulashan; elev_m=4926; magt_c=-1.20; dem_minus_elev_m=+40
qtp_fu_temp,TG3,Tanggulashan TG3,33.0714667,91.7524667,2005,,300.0,borehole_temp,temp_derived,1,China,Tibet,"Fu, Ziteng (2025). Permafrost ground temperature and active layer thickness data on the Qinghai–Tibet Plateau (2001–2020). figshare. Dataset. https://doi.org/10.6084/m9.figshare.29206613.v1",CC BY 4.0,QTEC,,none,annual_value,,,,1.7e-05,,,0,,,ok,locality=Tanggulashan; elev_m=4926; magt_c=-1.20; dem_minus_elev_m=+40
qtp_fu_temp,TG3,Tanggulashan TG3,33.0714667,91.7524667,2006,,295.0,borehole_temp,temp_derived,1,China,Tibet,"Fu, Ziteng (2025). Permafrost ground temperature and active layer thickness data on the Qinghai–Tibet Plateau (2001–2020). figshare. Dataset. https://doi.org/10.6084/m9.figshare.29206613.v1",CC BY 4.0,QTEC,,none,annual_value,,,,1.7e-05,,,0,,,ok,locality=Tanggulashan; elev_m=4926; magt_c=-1.20; dem_minus_elev_m=+40
qtp_fu_temp,TG3,Tanggulashan TG3,33.0714667,91.7524667,2007,,291.0,borehole_temp,temp_derived,1,China,Tibet,"Fu, Ziteng (2025). Permafrost ground temperature and active layer thickness data on the Qinghai–Tibet Plateau (2001–2020). figshare. Dataset. https://doi.org/10.6084/m9.figshare.29206613.v1",CC BY 4.0,QTEC,,none,annual_value,,,,1.7e-05,,,0,,,ok,locality=Tanggulashan; elev_m=4926; magt_c=-1.20; dem_minus_elev_m=+40
qtp_fu_temp,TG3,Tanggulashan TG3,33.0714667,91.7524667,2008,,283.0,borehole_temp,temp_derived,1,China,Tibet,"Fu, Ziteng (2025). Permafrost ground temperature and active layer thickness data on the Qinghai–Tibet Plateau (2001–2020). figshare. Dataset. https://doi.org/10.6084/m9.figshare.29206613.v1",CC BY 4.0,QTEC,,none,annual_value,,,,1.7e-05,,,0,,,ok,locality=Tanggulashan; elev_m=4926; magt_c=-1.20; dem_minus_elev_m=+40
qtp_fu_temp,TG3,Tanggulashan TG3,33.0714667,91.7524667,2009,,276.0,borehole_temp,temp_derived,1,China,Tibet,"Fu, Ziteng (2025). Permafrost ground temperature and active layer thickness data on the Qinghai–Tibet Plateau (2001–2020). figshare. Dataset. https://doi.org/10.6084/m9.figshare.29206613.v1",CC BY 4.0,QTEC,,none,annual_value,,,,1.7e-05,,,0,,,ok,locality=Tanggulashan; elev_m=4926; magt_c=-1.20; dem_minus_elev_m=+40
qtp_fu_temp,TG3,Tanggulashan TG3,33.0714667,91.7524667,2010,,284.0,borehole_temp,temp_derived,1,China,Tibet,"Fu, Ziteng (2025). Permafrost ground temperature and active layer thickness data on the Qinghai–Tibet Plateau (2001–2020). figshare. Dataset. https://doi.org/10.6084/m9.figshare.29206613.v1",CC BY 4.0,QTEC,,none,annual_value,,,,1.7e-05,,,0,,,ok,locality=Tanggulashan; elev_m=4926; magt_c=-1.20; dem_minus_elev_m=+40
qtp_fu_temp,TG3,Tanggulashan TG3,33.0714667,91.7524667,2011,,279.0,borehole_temp,temp_derived,1,China,Tibet,"Fu, Ziteng (2025). Permafrost ground temperature and active layer thickness data on the Qinghai–Tibet Plateau (2001–2020). figshare. Dataset. https://doi.org/10.6084/m9.figshare.29206613.v1",CC BY 4.0,QTEC,,none,annual_value,,,,1.7e-05,,,0,,,ok,locality=Tanggulashan; elev_m=4926; magt_c=-1.20; dem_minus_elev_m=+40
qtp_fu_temp,TG3,Tanggulashan TG3,33.0714667,91.7524667,2012,,247.0,borehole_temp,temp_derived,1,China,Tibet,"Fu, Ziteng (2025). Permafrost ground temperature and active layer thickness data on the Qinghai–Tibet Plateau (2001–2020). figshare. Dataset. https://doi.org/10.6084/m9.figshare.29206613.v1",CC BY 4.0,QTEC,,none,annual_value,,,,1.7e-05,,,0,,,ok,locality=Tanggulashan; elev_m=4926; magt_c=-1.20; dem_minus_elev_m=+40
qtp_fu_temp,TG3,Tanggulashan TG3,33.0714667,91.7524667,2013,,268.0,borehole_temp,temp_derived,1,China,Tibet,"Fu, Ziteng (2025). Permafrost ground temperature and active layer thickness data on the Qinghai–Tibet Plateau (2001–2020). figshare. Dataset. https://doi.org/10.6084/m9.figshare.29206613.v1",CC BY 4.0,QTEC,,none,annual_value,,,,1.7e-05,,,0,,,ok,locality=Tanggulashan; elev_m=4926; magt_c=-1.20; dem_minus_elev_m=+40
qtp_fu_temp,TG3,Tanggulashan TG3,33.0714667,91.7524667,2014,,277.0,borehole_temp,temp_derived,1,China,Tibet,"Fu, Ziteng (2025). Permafrost ground temperature and active layer thickness data on the Qinghai–Tibet Plateau (2001–2020). figshare. Dataset. https://doi.org/10.6084/m9.figshare.29206613.v1",CC BY 4.0,QTEC,,none,annual_value,,,,1.7e-05,,,0,,,ok,locality=Tanggulashan; elev_m=4926; magt_c=-1.20; dem_minus_elev_m=+40
qtp_fu_temp,TG3,Tanggulashan TG3,33.0714667,91.7524667,2015,,240.0,borehole_temp,temp_derived,1,China,Tibet,"Fu, Ziteng (2025). Permafrost ground temperature and active layer thickness data on the Qinghai–Tibet Plateau (2001–2020). figshare. Dataset. https://doi.org/10.6084/m9.figshare.29206613.v1",CC BY 4.0,QTEC,,none,annual_value,,,,1.7e-05,,,0,,,ok,locality=Tanggulashan; elev_m=4926; magt_c=-1.20; dem_minus_elev_m=+40
qtp_fu_temp,TG3,Tanggulashan TG3,33.0714667,91.7524667,2016,,269.0,borehole_temp,temp_derived,1,China,Tibet,"Fu, Ziteng (2025). Permafrost ground temperature and active layer thickness data on the Qinghai–Tibet Plateau (2001–2020). figshare. Dataset. https://doi.org/10.6084/m9.figshare.29206613.v1",CC BY 4.0,QTEC,,none,annual_value,,,,1.7e-05,,,0,,,ok,locality=Tanggulashan; elev_m=4926; magt_c=-1.20; dem_minus_elev_m=+40
qtp_fu_temp,TG3,Tanggulashan TG3,33.0714667,91.7524667,2017,,282.0,borehole_temp,temp_derived,1,China,Tibet,"Fu, Ziteng (2025). Permafrost ground temperature and active layer thickness data on the Qinghai–Tibet Plateau (2001–2020). figshare. Dataset. https://doi.org/10.6084/m9.figshare.29206613.v1",CC BY 4.0,QTEC,,none,annual_value,,,,1.7e-05,,,0,,,ok,locality=Tanggulashan; elev_m=4926; magt_c=-1.20; dem_minus_elev_m=+40
qtp_fu_temp,TG3,Tanggulashan TG3,33.0714667,91.7524667,2018,,294.0,borehole_temp,temp_derived,1,China,Tibet,"Fu, Ziteng (2025). Permafrost ground temperature and active layer thickness data on the Qinghai–Tibet Plateau (2001–2020). figshare. Dataset. https://doi.org/10.6084/m9.figshare.29206613.v1",CC BY 4.0,QTEC,,none,annual_value,,,,1.7e-05,,,0,,,ok,locality=Tanggulashan; elev_m=4926; magt_c=-1.20; dem_minus_elev_m=+40
qtp_fu_temp,TG3,Tanggulashan TG3,33.0714667,91.7524667,2019,,278.0,borehole_temp,temp_derived,1,China,Tibet,"Fu, Ziteng (2025). Permafrost ground temperature and active layer thickness data on the Qinghai–Tibet Plateau (2001–2020). figshare. Dataset. https://doi.org/10.6084/m9.figshare.29206613.v1",CC BY 4.0,QTEC,,none,annual_value,,,,1.7e-05,,,0,,,ok,locality=Tanggulashan; elev_m=4926; magt_c=-1.20; dem_minus_elev_m=+40
qtp_fu_temp,TG3,Tanggulashan TG3,33.0714667,91.7524667,2020,,372.0,borehole_temp,temp_derived,1,China,Tibet,"Fu, Ziteng (2025). Permafrost ground temperature and active layer thickness data on the Qinghai–Tibet Plateau (2001–2020). figshare. Dataset. https://doi.org/10.6084/m9.figshare.29206613.v1",CC BY 4.0,QTEC,,none,annual_value,,,,1.7e-05,,,0,,,ok,locality=Tanggulashan; elev_m=4926; magt_c=-1.20; dem_minus_elev_m=+40
qtp_fu_temp,TG4,Tanggulashan TG4,33.0106667,91.6632833,2001,,194.0,borehole_temp,temp_derived,1,China,Tibet,"Fu, Ziteng (2025). Permafrost ground temperature and active layer thickness data on the Qinghai–Tibet Plateau (2001–2020). figshare. Dataset. https://doi.org/10.6084/m9.figshare.29206613.v1",CC BY 4.0,QTEC,,none,annual_value,,,,1.7e-05,,,0,,,coord,locality=Tanggulashan; elev_m=4974; magt_c=-1.28; dem_minus_elev_m=+101
qtp_fu_temp,TG4,Tanggulashan TG4,33.0106667,91.6632833,2002,,193.0,borehole_temp,temp_derived,1,China,Tibet,"Fu, Ziteng (2025). Permafrost ground temperature and active layer thickness data on the Qinghai–Tibet Plateau (2001–2020). figshare. Dataset. https://doi.org/10.6084/m9.figshare.29206613.v1",CC BY 4.0,QTEC,,none,annual_value,,,,1.7e-05,,,0,,,coord,locality=Tanggulashan; elev_m=4974; magt_c=-1.28; dem_minus_elev_m=+101
qtp_fu_temp,TG4,Tanggulashan TG4,33.0106667,91.6632833,2003,,204.0,borehole_temp,temp_derived,1,China,Tibet,"Fu, Ziteng (2025). Permafrost ground temperature and active layer thickness data on the Qinghai–Tibet Plateau (2001–2020). figshare. Dataset. https://doi.org/10.6084/m9.figshare.29206613.v1",CC BY 4.0,QTEC,,none,annual_value,,,,1.7e-05,,,0,,,coord,locality=Tanggulashan; elev_m=4974; magt_c=-1.28; dem_minus_elev_m=+101
qtp_fu_temp,TG4,Tanggulashan TG4,33.0106667,91.6632833,2004,,157.0,borehole_temp,temp_derived,1,China,Tibet,"Fu, Ziteng (2025). Permafrost ground temperature and active layer thickness data on the Qinghai–Tibet Plateau (2001–2020). figshare. Dataset. https://doi.org/10.6084/m9.figshare.29206613.v1",CC BY 4.0,QTEC,,none,annual_value,,,,1.7e-05,,,0,,,coord,locality=Tanggulashan; elev_m=4974; magt_c=-1.28; dem_minus_elev_m=+101
qtp_fu_temp,TG4,Tanggulashan TG4,33.0106667,91.6632833,2005,,220.0,borehole_temp,temp_derived,1,China,Tibet,"Fu, Ziteng (2025). Permafrost ground temperature and active layer thickness data on the Qinghai–Tibet Plateau (2001–2020). figshare. Dataset. https://doi.org/10.6084/m9.figshare.29206613.v1",CC BY 4.0,QTEC,,none,annual_value,,,,1.7e-05,,,0,,,coord,locality=Tanggulashan; elev_m=4974; magt_c=-1.28; dem_minus_elev_m=+101
qtp_fu_temp,TG4,Tanggulashan TG4,33.0106667,91.6632833,2006,,189.0,borehole_temp,temp_derived,1,China,Tibet,"Fu, Ziteng (2025). Permafrost ground temperature and active layer thickness data on the Qinghai–Tibet Plateau (2001–2020). figshare. Dataset. https://doi.org/10.6084/m9.figshare.29206613.v1",CC BY 4.0,QTEC,,none,annual_value,,,,1.7e-05,,,0,,,coord,locality=Tanggulashan; elev_m=4974; magt_c=-1.28; dem_minus_elev_m=+101
qtp_fu_temp,TG4,Tanggulashan TG4,33.0106667,91.6632833,2007,,239.0,borehole_temp,temp_derived,1,China,Tibet,"Fu, Ziteng (2025). Permafrost ground temperature and active layer thickness data on the Qinghai–Tibet Plateau (2001–2020). figshare. Dataset. https://doi.org/10.6084/m9.figshare.29206613.v1",CC BY 4.0,QTEC,,none,annual_value,,,,1.7e-05,,,0,,,coord,locality=Tanggulashan; elev_m=4974; magt_c=-1.28; dem_minus_elev_m=+101
qtp_fu_temp,TG4,Tanggulashan TG4,33.0106667,91.6632833,2008,,223.0,borehole_temp,temp_derived,1,China,Tibet,"Fu, Ziteng (2025). Permafrost ground temperature and active layer thickness data on the Qinghai–Tibet Plateau (2001–2020). figshare. Dataset. https://doi.org/10.6084/m9.figshare.29206613.v1",CC BY 4.0,QTEC,,none,annual_value,,,,1.7e-05,,,0,,,coord,locality=Tanggulashan; elev_m=4974; magt_c=-1.28; dem_minus_elev_m=+101
qtp_fu_temp,TG4,Tanggulashan TG4,33.0106667,91.6632833,2009,,213.0,borehole_temp,temp_derived,1,China,Tibet,"Fu, Ziteng (2025). Permafrost ground temperature and active layer thickness data on the Qinghai–Tibet Plateau (2001–2020). figshare. Dataset. https://doi.org/10.6084/m9.figshare.29206613.v1",CC BY 4.0,QTEC,,none,annual_value,,,,1.7e-05,,,0,,,coord,locality=Tanggulashan; elev_m=4974; magt_c=-1.28; dem_minus_elev_m=+101
qtp_fu_temp,TG4,Tanggulashan TG4,33.0106667,91.6632833,2010,,249.0,borehole_temp,temp_derived,1,China,Tibet,"Fu, Ziteng (2025). Permafrost ground temperature and active layer thickness data on the Qinghai–Tibet Plateau (2001–2020). figshare. Dataset. https://doi.org/10.6084/m9.figshare.29206613.v1",CC BY 4.0,QTEC,,none,annual_value,,,,1.7e-05,,,0,,,coord,locality=Tanggulashan; elev_m=4974; magt_c=-1.28; dem_minus_elev_m=+101
qtp_fu_temp,TG4,Tanggulashan TG4,33.0106667,91.6632833,2011,,237.0,borehole_temp,temp_derived,1,China,Tibet,"Fu, Ziteng (2025). Permafrost ground temperature and active layer thickness data on the Qinghai–Tibet Plateau (2001–2020). figshare. Dataset. https://doi.org/10.6084/m9.figshare.29206613.v1",CC BY 4.0,QTEC,,none,annual_value,,,,1.7e-05,,,0,,,coord,locality=Tanggulashan; elev_m=4974; magt_c=-1.28; dem_minus_elev_m=+101
qtp_fu_temp,TG4,Tanggulashan TG4,33.0106667,91.6632833,2012,,251.0,borehole_temp,temp_derived,1,China,Tibet,"Fu, Ziteng (2025). Permafrost ground temperature and active layer thickness data on the Qinghai–Tibet Plateau (2001–2020). figshare. Dataset. https://doi.org/10.6084/m9.figshare.29206613.v1",CC BY 4.0,QTEC,,none,annual_value,,,,1.7e-05,,,0,,,coord,locality=Tanggulashan; elev_m=4974; magt_c=-1.28; dem_minus_elev_m=+101
qtp_fu_temp,TG4,Tanggulashan TG4,33.0106667,91.6632833,2013,,266.0,borehole_temp,temp_derived,1,China,Tibet,"Fu, Ziteng (2025). Permafrost ground temperature and active layer thickness data on the Qinghai–Tibet Plateau (2001–2020). figshare. Dataset. https://doi.org/10.6084/m9.figshare.29206613.v1",CC BY 4.0,QTEC,,none,annual_value,,,,1.7e-05,,,0,,,coord,locality=Tanggulashan; elev_m=4974; magt_c=-1.28; dem_minus_elev_m=+101
qtp_fu_temp,TG4,Tanggulashan TG4,33.0106667,91.6632833,2014,,269.0,borehole_temp,temp_derived,1,China,Tibet,"Fu, Ziteng (2025). Permafrost ground temperature and active layer thickness data on the Qinghai–Tibet Plateau (2001–2020). figshare. Dataset. https://doi.org/10.6084/m9.figshare.29206613.v1",CC BY 4.0,QTEC,,none,annual_value,,,,1.7e-05,,,0,,,coord,locality=Tanggulashan; elev_m=4974; magt_c=-1.28; dem_minus_elev_m=+101
qtp_fu_temp,TG4,Tanggulashan TG4,33.0106667,91.6632833,2015,,273.0,borehole_temp,temp_derived,1,China,Tibet,"Fu, Ziteng (2025). Permafrost ground temperature and active layer thickness data on the Qinghai–Tibet Plateau (2001–2020). figshare. Dataset. https://doi.org/10.6084/m9.figshare.29206613.v1",CC BY 4.0,QTEC,,none,annual_value,,,,1.7e-05,,,0,,,coord,locality=Tanggulashan; elev_m=4974; magt_c=-1.28; dem_minus_elev_m=+101
qtp_fu_temp,TG4,Tanggulashan TG4,33.0106667,91.6632833,2016,,298.0,borehole_temp,temp_derived,1,China,Tibet,"Fu, Ziteng (2025). Permafrost ground temperature and active layer thickness data on the Qinghai–Tibet Plateau (2001–2020). figshare. Dataset. https://doi.org/10.6084/m9.figshare.29206613.v1",CC BY 4.0,QTEC,,none,annual_value,,,,1.7e-05,,,0,,,coord,locality=Tanggulashan; elev_m=4974; magt_c=-1.28; dem_minus_elev_m=+101
qtp_fu_temp,TG4,Tanggulashan TG4,33.0106667,91.6632833,2017,,287.0,borehole_temp,temp_derived,1,China,Tibet,"Fu, Ziteng (2025). Permafrost ground temperature and active layer thickness data on the Qinghai–Tibet Plateau (2001–2020). figshare. Dataset. https://doi.org/10.6084/m9.figshare.29206613.v1",CC BY 4.0,QTEC,,none,annual_value,,,,1.7e-05,,,0,,,coord,locality=Tanggulashan; elev_m=4974; magt_c=-1.28; dem_minus_elev_m=+101
qtp_fu_temp,TG4,Tanggulashan TG4,33.0106667,91.6632833,2018,,302.0,borehole_temp,temp_derived,1,China,Tibet,"Fu, Ziteng (2025). Permafrost ground temperature and active layer thickness data on the Qinghai–Tibet Plateau (2001–2020). figshare. Dataset. https://doi.org/10.6084/m9.figshare.29206613.v1",CC BY 4.0,QTEC,,none,annual_value,,,,1.7e-05,,,0,,,coord,locality=Tanggulashan; elev_m=4974; magt_c=-1.28; dem_minus_elev_m=+101
qtp_fu_temp,TG4,Tanggulashan TG4,33.0106667,91.6632833,2019,,280.0,borehole_temp,temp_derived,1,China,Tibet,"Fu, Ziteng (2025). Permafrost ground temperature and active layer thickness data on the Qinghai–Tibet Plateau (2001–2020). figshare. Dataset. https://doi.org/10.6084/m9.figshare.29206613.v1",CC BY 4.0,QTEC,,none,annual_value,,,,1.7e-05,,,0,,,coord,locality=Tanggulashan; elev_m=4974; magt_c=-1.28; dem_minus_elev_m=+101
qtp_fu_temp,TG4,Tanggulashan TG4,33.0106667,91.6632833,2020,,273.0,borehole_temp,temp_derived,1,China,Tibet,"Fu, Ziteng (2025). Permafrost ground temperature and active layer thickness data on the Qinghai–Tibet Plateau (2001–2020). figshare. Dataset. https://doi.org/10.6084/m9.figshare.29206613.v1",CC BY 4.0,QTEC,,none,annual_value,,,,1.7e-05,,,0,,,coord,locality=Tanggulashan; elev_m=4974; magt_c=-1.28; dem_minus_elev_m=+101
qtp_fu_temp,TG1,Tanggulashan TG1,32.707633,91.87705,2001,,265.0,borehole_temp,temp_derived,1,China,Tibet,"Fu, Ziteng (2025). Permafrost ground temperature and active layer thickness data on the Qinghai–Tibet Plateau (2001–2020). figshare. Dataset. https://doi.org/10.6084/m9.figshare.29206613.v1",CC BY 4.0,QTEC,,none,annual_value,,,,1e-05,,,0,,,ok,locality=Tanggulashan; elev_m=4995; magt_c=-0.92; dem_minus_elev_m=-6
qtp_fu_temp,TG1,Tanggulashan TG1,32.707633,91.87705,2002,,271.0,borehole_temp,temp_derived,1,China,Tibet,"Fu, Ziteng (2025). Permafrost ground temperature and active layer thickness data on the Qinghai–Tibet Plateau (2001–2020). figshare. Dataset. https://doi.org/10.6084/m9.figshare.29206613.v1",CC BY 4.0,QTEC,,none,annual_value,,,,1e-05,,,0,,,ok,locality=Tanggulashan; elev_m=4995; magt_c=-0.92; dem_minus_elev_m=-6
qtp_fu_temp,TG1,Tanggulashan TG1,32.707633,91.87705,2003,,268.0,borehole_temp,temp_derived,1,China,Tibet,"Fu, Ziteng (2025). Permafrost ground temperature and active layer thickness data on the Qinghai–Tibet Plateau (2001–2020). figshare. Dataset. https://doi.org/10.6084/m9.figshare.29206613.v1",CC BY 4.0,QTEC,,none,annual_value,,,,1e-05,,,0,,,ok,locality=Tanggulashan; elev_m=4995; magt_c=-0.92; dem_minus_elev_m=-6
qtp_fu_temp,TG1,Tanggulashan TG1,32.707633,91.87705,2004,,272.0,borehole_temp,temp_derived,1,China,Tibet,"Fu, Ziteng (2025). Permafrost ground temperature and active layer thickness data on the Qinghai–Tibet Plateau (2001–2020). figshare. Dataset. https://doi.org/10.6084/m9.figshare.29206613.v1",CC BY 4.0,QTEC,,none,annual_value,,,,1e-05,,,0,,,ok,locality=Tanggulashan; elev_m=4995; magt_c=-0.92; dem_minus_elev_m=-6
qtp_fu_temp,TG1,Tanggulashan TG1,32.707633,91.87705,2005,,274.0,borehole_temp,temp_derived,1,China,Tibet,"Fu, Ziteng (2025). Permafrost ground temperature and active layer thickness data on the Qinghai–Tibet Plateau (2001–2020). figshare. Dataset. https://doi.org/10.6084/m9.figshare.29206613.v1",CC BY 4.0,QTEC,,none,annual_value,,,,1e-05,,,0,,,ok,locality=Tanggulashan; elev_m=4995; magt_c=-0.92; dem_minus_elev_m=-6
qtp_fu_temp,TG1,Tanggulashan TG1,32.707633,91.87705,2006,,282.0,borehole_temp,temp_derived,1,China,Tibet,"Fu, Ziteng (2025). Permafrost ground temperature and active layer thickness data on the Qinghai–Tibet Plateau (2001–2020). figshare. Dataset. https://doi.org/10.6084/m9.figshare.29206613.v1",CC BY 4.0,QTEC,,none,annual_value,,,,1e-05,,,0,,,ok,locality=Tanggulashan; elev_m=4995; magt_c=-0.92; dem_minus_elev_m=-6
qtp_fu_temp,TG1,Tanggulashan TG1,32.707633,91.87705,2007,,292.0,borehole_temp,temp_derived,1,China,Tibet,"Fu, Ziteng (2025). Permafrost ground temperature and active layer thickness data on the Qinghai–Tibet Plateau (2001–2020). figshare. Dataset. https://doi.org/10.6084/m9.figshare.29206613.v1",CC BY 4.0,QTEC,,none,annual_value,,,,1e-05,,,0,,,ok,locality=Tanggulashan; elev_m=4995; magt_c=-0.92; dem_minus_elev_m=-6
qtp_fu_temp,TG1,Tanggulashan TG1,32.707633,91.87705,2008,,281.0,borehole_temp,temp_derived,1,China,Tibet,"Fu, Ziteng (2025). Permafrost ground temperature and active layer thickness data on the Qinghai–Tibet Plateau (2001–2020). figshare. Dataset. https://doi.org/10.6084/m9.figshare.29206613.v1",CC BY 4.0,QTEC,,none,annual_value,,,,1e-05,,,0,,,ok,locality=Tanggulashan; elev_m=4995; magt_c=-0.92; dem_minus_elev_m=-6
qtp_fu_temp,TG1,Tanggulashan TG1,32.707633,91.87705,2009,,294.0,borehole_temp,temp_derived,1,China,Tibet,"Fu, Ziteng (2025). Permafrost ground temperature and active layer thickness data on the Qinghai–Tibet Plateau (2001–2020). figshare. Dataset. https://doi.org/10.6084/m9.figshare.29206613.v1",CC BY 4.0,QTEC,,none,annual_value,,,,1e-05,,,0,,,ok,locality=Tanggulashan; elev_m=4995; magt_c=-0.92; dem_minus_elev_m=-6
qtp_fu_temp,TG1,Tanggulashan TG1,32.707633,91.87705,2010,,288.0,borehole_temp,temp_derived,1,China,Tibet,"Fu, Ziteng (2025). Permafrost ground temperature and active layer thickness data on the Qinghai–Tibet Plateau (2001–2020). figshare. Dataset. https://doi.org/10.6084/m9.figshare.29206613.v1",CC BY 4.0,QTEC,,none,annual_value,,,,1e-05,,,0,,,ok,locality=Tanggulashan; elev_m=4995; magt_c=-0.92; dem_minus_elev_m=-6
qtp_fu_temp,TG1,Tanggulashan TG1,32.707633,91.87705,2011,,283.0,borehole_temp,temp_derived,1,China,Tibet,"Fu, Ziteng (2025). Permafrost ground temperature and active layer thickness data on the Qinghai–Tibet Plateau (2001–2020). figshare. Dataset. https://doi.org/10.6084/m9.figshare.29206613.v1",CC BY 4.0,QTEC,,none,annual_value,,,,1e-05,,,0,,,ok,locality=Tanggulashan; elev_m=4995; magt_c=-0.92; dem_minus_elev_m=-6
qtp_fu_temp,TG1,Tanggulashan TG1,32.707633,91.87705,2012,,306.0,borehole_temp,temp_derived,1,China,Tibet,"Fu, Ziteng (2025). Permafrost ground temperature and active layer thickness data on the Qinghai–Tibet Plateau (2001–2020). figshare. Dataset. https://doi.org/10.6084/m9.figshare.29206613.v1",CC BY 4.0,QTEC,,none,annual_value,,,,1e-05,,,0,,,ok,locality=Tanggulashan; elev_m=4995; magt_c=-0.92; dem_minus_elev_m=-6
qtp_fu_temp,TG1,Tanggulashan TG1,32.707633,91.87705,2013,,305.0,borehole_temp,temp_derived,1,China,Tibet,"Fu, Ziteng (2025). Permafrost ground temperature and active layer thickness data on the Qinghai–Tibet Plateau (2001–2020). figshare. Dataset. https://doi.org/10.6084/m9.figshare.29206613.v1",CC BY 4.0,QTEC,,none,annual_value,,,,1e-05,,,0,,,ok,locality=Tanggulashan; elev_m=4995; magt_c=-0.92; dem_minus_elev_m=-6
qtp_fu_temp,TG1,Tanggulashan TG1,32.707633,91.87705,2014,,305.0,borehole_temp,temp_derived,1,China,Tibet,"Fu, Ziteng (2025). Permafrost ground temperature and active layer thickness data on the Qinghai–Tibet Plateau (2001–2020). figshare. Dataset. https://doi.org/10.6084/m9.figshare.29206613.v1",CC BY 4.0,QTEC,,none,annual_value,,,,1e-05,,,0,,,ok,locality=Tanggulashan; elev_m=4995; magt_c=-0.92; dem_minus_elev_m=-6
qtp_fu_temp,TG1,Tanggulashan TG1,32.707633,91.87705,2015,,323.0,borehole_temp,temp_derived,1,China,Tibet,"Fu, Ziteng (2025). Permafrost ground temperature and active layer thickness data on the Qinghai–Tibet Plateau (2001–2020). figshare. Dataset. https://doi.org/10.6084/m9.figshare.29206613.v1",CC BY 4.0,QTEC,,none,annual_value,,,,1e-05,,,0,,,ok,locality=Tanggulashan; elev_m=4995; magt_c=-0.92; dem_minus_elev_m=-6
qtp_fu_temp,TG1,Tanggulashan TG1,32.707633,91.87705,2016,,331.0,borehole_temp,temp_derived,1,China,Tibet,"Fu, Ziteng (2025). Permafrost ground temperature and active layer thickness data on the Qinghai–Tibet Plateau (2001–2020). figshare. Dataset. https://doi.org/10.6084/m9.figshare.29206613.v1",CC BY 4.0,QTEC,,none,annual_value,,,,1e-05,,,0,,,ok,locality=Tanggulashan; elev_m=4995; magt_c=-0.92; dem_minus_elev_m=-6
qtp_fu_temp,TG1,Tanggulashan TG1,32.707633,91.87705,2017,,373.0,borehole_temp,temp_derived,1,China,Tibet,"Fu, Ziteng (2025). Permafrost ground temperature and active layer thickness data on the Qinghai–Tibet Plateau (2001–2020). figshare. Dataset. https://doi.org/10.6084/m9.figshare.29206613.v1",CC BY 4.0,QTEC,,none,annual_value,,,,1e-05,,,0,,,ok,locality=Tanggulashan; elev_m=4995; magt_c=-0.92; dem_minus_elev_m=-6
qtp_fu_temp,TG1,Tanggulashan TG1,32.707633,91.87705,2018,,377.0,borehole_temp,temp_derived,1,China,Tibet,"Fu, Ziteng (2025). Permafrost ground temperature and active layer thickness data on the Qinghai–Tibet Plateau (2001–2020). figshare. Dataset. https://doi.org/10.6084/m9.figshare.29206613.v1",CC BY 4.0,QTEC,,none,annual_value,,,,1e-05,,,0,,,ok,locality=Tanggulashan; elev_m=4995; magt_c=-0.92; dem_minus_elev_m=-6
qtp_fu_temp,TG1,Tanggulashan TG1,32.707633,91.87705,2019,,377.0,borehole_temp,temp_derived,1,China,Tibet,"Fu, Ziteng (2025). Permafrost ground temperature and active layer thickness data on the Qinghai–Tibet Plateau (2001–2020). figshare. Dataset. https://doi.org/10.6084/m9.figshare.29206613.v1",CC BY 4.0,QTEC,,none,annual_value,,,,1e-05,,,0,,,ok,locality=Tanggulashan; elev_m=4995; magt_c=-0.92; dem_minus_elev_m=-6
qtp_fu_temp,TG1,Tanggulashan TG1,32.707633,91.87705,2020,,414.0,borehole_temp,temp_derived,1,China,Tibet,"Fu, Ziteng (2025). Permafrost ground temperature and active layer thickness data on the Qinghai–Tibet Plateau (2001–2020). figshare. Dataset. https://doi.org/10.6084/m9.figshare.29206613.v1",CC BY 4.0,QTEC,,none,annual_value,,,,1e-05,,,0,,,ok,locality=Tanggulashan; elev_m=4995; magt_c=-0.92; dem_minus_elev_m=-6
qtp_fu_temp,TEM1,Touerjiushan TEM1,32.6127167,91.8567667,2001,,263.0,borehole_temp,temp_derived,1,China,Tibet,"Fu, Ziteng (2025). Permafrost ground temperature and active layer thickness data on the Qinghai–Tibet Plateau (2001–2020). figshare. Dataset. https://doi.org/10.6084/m9.figshare.29206613.v1",CC BY 4.0,QTEC,,none,annual_value,,,,1.7e-05,,,0,,,ok,locality=Touerjiushan; elev_m=5059; magt_c=-1.00; dem_minus_elev_m=-7
qtp_fu_temp,TEM1,Touerjiushan TEM1,32.6127167,91.8567667,2002,,270.0,borehole_temp,temp_derived,1,China,Tibet,"Fu, Ziteng (2025). Permafrost ground temperature and active layer thickness data on the Qinghai–Tibet Plateau (2001–2020). figshare. Dataset. https://doi.org/10.6084/m9.figshare.29206613.v1",CC BY 4.0,QTEC,,none,annual_value,,,,1.7e-05,,,0,,,ok,locality=Touerjiushan; elev_m=5059; magt_c=-1.00; dem_minus_elev_m=-7
qtp_fu_temp,TEM1,Touerjiushan TEM1,32.6127167,91.8567667,2003,,265.0,borehole_temp,temp_derived,1,China,Tibet,"Fu, Ziteng (2025). Permafrost ground temperature and active layer thickness data on the Qinghai–Tibet Plateau (2001–2020). figshare. Dataset. https://doi.org/10.6084/m9.figshare.29206613.v1",CC BY 4.0,QTEC,,none,annual_value,,,,1.7e-05,,,0,,,ok,locality=Touerjiushan; elev_m=5059; magt_c=-1.00; dem_minus_elev_m=-7
qtp_fu_temp,TEM1,Touerjiushan TEM1,32.6127167,91.8567667,2004,,275.0,borehole_temp,temp_derived,1,China,Tibet,"Fu, Ziteng (2025). Permafrost ground temperature and active layer thickness data on the Qinghai–Tibet Plateau (2001–2020). figshare. Dataset. https://doi.org/10.6084/m9.figshare.29206613.v1",CC BY 4.0,QTEC,,none,annual_value,,,,1.7e-05,,,0,,,ok,locality=Touerjiushan; elev_m=5059; magt_c=-1.00; dem_minus_elev_m=-7
qtp_fu_temp,TEM1,Touerjiushan TEM1,32.6127167,91.8567667,2005,,270.0,borehole_temp,temp_derived,1,China,Tibet,"Fu, Ziteng (2025). Permafrost ground temperature and active layer thickness data on the Qinghai–Tibet Plateau (2001–2020). figshare. Dataset. https://doi.org/10.6084/m9.figshare.29206613.v1",CC BY 4.0,QTEC,,none,annual_value,,,,1.7e-05,,,0,,,ok,locality=Touerjiushan; elev_m=5059; magt_c=-1.00; dem_minus_elev_m=-7
qtp_fu_temp,TEM1,Touerjiushan TEM1,32.6127167,91.8567667,2006,,288.0,borehole_temp,temp_derived,1,China,Tibet,"Fu, Ziteng (2025). Permafrost ground temperature and active layer thickness data on the Qinghai–Tibet Plateau (2001–2020). figshare. Dataset. https://doi.org/10.6084/m9.figshare.29206613.v1",CC BY 4.0,QTEC,,none,annual_value,,,,1.7e-05,,,0,,,ok,locality=Touerjiushan; elev_m=5059; magt_c=-1.00; dem_minus_elev_m=-7
qtp_fu_temp,TEM1,Touerjiushan TEM1,32.6127167,91.8567667,2007,,301.0,borehole_temp,temp_derived,1,China,Tibet,"Fu, Ziteng (2025). Permafrost ground temperature and active layer thickness data on the Qinghai–Tibet Plateau (2001–2020). figshare. Dataset. https://doi.org/10.6084/m9.figshare.29206613.v1",CC BY 4.0,QTEC,,none,annual_value,,,,1.7e-05,,,0,,,ok,locality=Touerjiushan; elev_m=5059; magt_c=-1.00; dem_minus_elev_m=-7
qtp_fu_temp,TEM1,Touerjiushan TEM1,32.6127167,91.8567667,2008,,276.0,borehole_temp,temp_derived,1,China,Tibet,"Fu, Ziteng (2025). Permafrost ground temperature and active layer thickness data on the Qinghai–Tibet Plateau (2001–2020). figshare. Dataset. https://doi.org/10.6084/m9.figshare.29206613.v1",CC BY 4.0,QTEC,,none,annual_value,,,,1.7e-05,,,0,,,ok,locality=Touerjiushan; elev_m=5059; magt_c=-1.00; dem_minus_elev_m=-7
qtp_fu_temp,TEM1,Touerjiushan TEM1,32.6127167,91.8567667,2009,,281.0,borehole_temp,temp_derived,1,China,Tibet,"Fu, Ziteng (2025). Permafrost ground temperature and active layer thickness data on the Qinghai–Tibet Plateau (2001–2020). figshare. Dataset. https://doi.org/10.6084/m9.figshare.29206613.v1",CC BY 4.0,QTEC,,none,annual_value,,,,1.7e-05,,,0,,,ok,locality=Touerjiushan; elev_m=5059; magt_c=-1.00; dem_minus_elev_m=-7
qtp_fu_temp,TEM1,Touerjiushan TEM1,32.6127167,91.8567667,2010,,291.0,borehole_temp,temp_derived,1,China,Tibet,"Fu, Ziteng (2025). Permafrost ground temperature and active layer thickness data on the Qinghai–Tibet Plateau (2001–2020). figshare. Dataset. https://doi.org/10.6084/m9.figshare.29206613.v1",CC BY 4.0,QTEC,,none,annual_value,,,,1.7e-05,,,0,,,ok,locality=Touerjiushan; elev_m=5059; magt_c=-1.00; dem_minus_elev_m=-7
qtp_fu_temp,TEM1,Touerjiushan TEM1,32.6127167,91.8567667,2011,,278.0,borehole_temp,temp_derived,1,China,Tibet,"Fu, Ziteng (2025). Permafrost ground temperature and active layer thickness data on the Qinghai–Tibet Plateau (2001–2020). figshare. Dataset. https://doi.org/10.6084/m9.figshare.29206613.v1",CC BY 4.0,QTEC,,none,annual_value,,,,1.7e-05,,,0,,,ok,locality=Touerjiushan; elev_m=5059; magt_c=-1.00; dem_minus_elev_m=-7
qtp_fu_temp,TEM1,Touerjiushan TEM1,32.6127167,91.8567667,2012,,297.0,borehole_temp,temp_derived,1,China,Tibet,"Fu, Ziteng (2025). Permafrost ground temperature and active layer thickness data on the Qinghai–Tibet Plateau (2001–2020). figshare. Dataset. https://doi.org/10.6084/m9.figshare.29206613.v1",CC BY 4.0,QTEC,,none,annual_value,,,,1.7e-05,,,0,,,ok,locality=Touerjiushan; elev_m=5059; magt_c=-1.00; dem_minus_elev_m=-7
qtp_fu_temp,TEM1,Touerjiushan TEM1,32.6127167,91.8567667,2013,,304.0,borehole_temp,temp_derived,1,China,Tibet,"Fu, Ziteng (2025). Permafrost ground temperature and active layer thickness data on the Qinghai–Tibet Plateau (2001–2020). figshare. Dataset. https://doi.org/10.6084/m9.figshare.29206613.v1",CC BY 4.0,QTEC,,none,annual_value,,,,1.7e-05,,,0,,,ok,locality=Touerjiushan; elev_m=5059; magt_c=-1.00; dem_minus_elev_m=-7
qtp_fu_temp,TEM1,Touerjiushan TEM1,32.6127167,91.8567667,2014,,304.0,borehole_temp,temp_derived,1,China,Tibet,"Fu, Ziteng (2025). Permafrost ground temperature and active layer thickness data on the Qinghai–Tibet Plateau (2001–2020). figshare. Dataset. https://doi.org/10.6084/m9.figshare.29206613.v1",CC BY 4.0,QTEC,,none,annual_value,,,,1.7e-05,,,0,,,ok,locality=Touerjiushan; elev_m=5059; magt_c=-1.00; dem_minus_elev_m=-7
qtp_fu_temp,TEM1,Touerjiushan TEM1,32.6127167,91.8567667,2015,,317.0,borehole_temp,temp_derived,1,China,Tibet,"Fu, Ziteng (2025). Permafrost ground temperature and active layer thickness data on the Qinghai–Tibet Plateau (2001–2020). figshare. Dataset. https://doi.org/10.6084/m9.figshare.29206613.v1",CC BY 4.0,QTEC,,none,annual_value,,,,1.7e-05,,,0,,,ok,locality=Touerjiushan; elev_m=5059; magt_c=-1.00; dem_minus_elev_m=-7
qtp_fu_temp,TEM1,Touerjiushan TEM1,32.6127167,91.8567667,2016,,340.0,borehole_temp,temp_derived,1,China,Tibet,"Fu, Ziteng (2025). Permafrost ground temperature and active layer thickness data on the Qinghai–Tibet Plateau (2001–2020). figshare. Dataset. https://doi.org/10.6084/m9.figshare.29206613.v1",CC BY 4.0,QTEC,,none,annual_value,,,,1.7e-05,,,0,,,ok,locality=Touerjiushan; elev_m=5059; magt_c=-1.00; dem_minus_elev_m=-7
qtp_fu_temp,TEM1,Touerjiushan TEM1,32.6127167,91.8567667,2017,,341.0,borehole_temp,temp_derived,1,China,Tibet,"Fu, Ziteng (2025). Permafrost ground temperature and active layer thickness data on the Qinghai–Tibet Plateau (2001–2020). figshare. Dataset. https://doi.org/10.6084/m9.figshare.29206613.v1",CC BY 4.0,QTEC,,none,annual_value,,,,1.7e-05,,,0,,,ok,locality=Touerjiushan; elev_m=5059; magt_c=-1.00; dem_minus_elev_m=-7
qtp_fu_temp,TEM1,Touerjiushan TEM1,32.6127167,91.8567667,2018,,355.0,borehole_temp,temp_derived,1,China,Tibet,"Fu, Ziteng (2025). Permafrost ground temperature and active layer thickness data on the Qinghai–Tibet Plateau (2001–2020). figshare. Dataset. https://doi.org/10.6084/m9.figshare.29206613.v1",CC BY 4.0,QTEC,,none,annual_value,,,,1.7e-05,,,0,,,ok,locality=Touerjiushan; elev_m=5059; magt_c=-1.00; dem_minus_elev_m=-7
qtp_fu_temp,TEM1,Touerjiushan TEM1,32.6127167,91.8567667,2019,,351.0,borehole_temp,temp_derived,1,China,Tibet,"Fu, Ziteng (2025). Permafrost ground temperature and active layer thickness data on the Qinghai–Tibet Plateau (2001–2020). figshare. Dataset. https://doi.org/10.6084/m9.figshare.29206613.v1",CC BY 4.0,QTEC,,none,annual_value,,,,1.7e-05,,,0,,,ok,locality=Touerjiushan; elev_m=5059; magt_c=-1.00; dem_minus_elev_m=-7
qtp_fu_temp,TEM1,Touerjiushan TEM1,32.6127167,91.8567667,2020,,443.0,borehole_temp,temp_derived,1,China,Tibet,"Fu, Ziteng (2025). Permafrost ground temperature and active layer thickness data on the Qinghai–Tibet Plateau (2001–2020). figshare. Dataset. https://doi.org/10.6084/m9.figshare.29206613.v1",CC BY 4.0,QTEC,,none,annual_value,,,,1.7e-05,,,0,,,ok,locality=Touerjiushan; elev_m=5059; magt_c=-1.00; dem_minus_elev_m=-7
qtp_fu_temp,TJ1,Touerjiushan TJ1,32.50775,91.5340833,2001,,422.0,borehole_temp,temp_derived,1,China,Tibet,"Fu, Ziteng (2025). Permafrost ground temperature and active layer thickness data on the Qinghai–Tibet Plateau (2001–2020). figshare. Dataset. https://doi.org/10.6084/m9.figshare.29206613.v1",CC BY 4.0,QTEC,,none,annual_value,,,,1e-05,,,0,,,ok,locality=Touerjiushan; elev_m=4868; magt_c=-0.23; dem_minus_elev_m=-18
qtp_fu_temp,TJ1,Touerjiushan TJ1,32.50775,91.5340833,2002,,427.0,borehole_temp,temp_derived,1,China,Tibet,"Fu, Ziteng (2025). Permafrost ground temperature and active layer thickness data on the Qinghai–Tibet Plateau (2001–2020). figshare. Dataset. https://doi.org/10.6084/m9.figshare.29206613.v1",CC BY 4.0,QTEC,,none,annual_value,,,,1e-05,,,0,,,ok,locality=Touerjiushan; elev_m=4868; magt_c=-0.23; dem_minus_elev_m=-18
qtp_fu_temp,TJ1,Touerjiushan TJ1,32.50775,91.5340833,2003,,423.0,borehole_temp,temp_derived,1,China,Tibet,"Fu, Ziteng (2025). Permafrost ground temperature and active layer thickness data on the Qinghai–Tibet Plateau (2001–2020). figshare. Dataset. https://doi.org/10.6084/m9.figshare.29206613.v1",CC BY 4.0,QTEC,,none,annual_value,,,,1e-05,,,0,,,ok,locality=Touerjiushan; elev_m=4868; magt_c=-0.23; dem_minus_elev_m=-18
qtp_fu_temp,TJ1,Touerjiushan TJ1,32.50775,91.5340833,2004,,429.0,borehole_temp,temp_derived,1,China,Tibet,"Fu, Ziteng (2025). Permafrost ground temperature and active layer thickness data on the Qinghai–Tibet Plateau (2001–2020). figshare. Dataset. https://doi.org/10.6084/m9.figshare.29206613.v1",CC BY 4.0,QTEC,,none,annual_value,,,,1e-05,,,0,,,ok,locality=Touerjiushan; elev_m=4868; magt_c=-0.23; dem_minus_elev_m=-18
qtp_fu_temp,TJ1,Touerjiushan TJ1,32.50775,91.5340833,2005,,557.0,borehole_temp,temp_derived,1,China,Tibet,"Fu, Ziteng (2025). Permafrost ground temperature and active layer thickness data on the Qinghai–Tibet Plateau (2001–2020). figshare. Dataset. https://doi.org/10.6084/m9.figshare.29206613.v1",CC BY 4.0,QTEC,,none,annual_value,,,,1e-05,,,0,,,ok,locality=Touerjiushan; elev_m=4868; magt_c=-0.23; dem_minus_elev_m=-18
qtp_fu_temp,TJ1,Touerjiushan TJ1,32.50775,91.5340833,2006,,485.0,borehole_temp,temp_derived,1,China,Tibet,"Fu, Ziteng (2025). Permafrost ground temperature and active layer thickness data on the Qinghai–Tibet Plateau (2001–2020). figshare. Dataset. https://doi.org/10.6084/m9.figshare.29206613.v1",CC BY 4.0,QTEC,,none,annual_value,,,,1e-05,,,0,,,ok,locality=Touerjiushan; elev_m=4868; magt_c=-0.23; dem_minus_elev_m=-18
qtp_fu_temp,TJ1,Touerjiushan TJ1,32.50775,91.5340833,2007,,436.0,borehole_temp,temp_derived,1,China,Tibet,"Fu, Ziteng (2025). Permafrost ground temperature and active layer thickness data on the Qinghai–Tibet Plateau (2001–2020). figshare. Dataset. https://doi.org/10.6084/m9.figshare.29206613.v1",CC BY 4.0,QTEC,,none,annual_value,,,,1e-05,,,0,,,ok,locality=Touerjiushan; elev_m=4868; magt_c=-0.23; dem_minus_elev_m=-18
qtp_fu_temp,TJ1,Touerjiushan TJ1,32.50775,91.5340833,2008,,413.0,borehole_temp,temp_derived,1,China,Tibet,"Fu, Ziteng (2025). Permafrost ground temperature and active layer thickness data on the Qinghai–Tibet Plateau (2001–2020). figshare. Dataset. https://doi.org/10.6084/m9.figshare.29206613.v1",CC BY 4.0,QTEC,,none,annual_value,,,,1e-05,,,0,,,ok,locality=Touerjiushan; elev_m=4868; magt_c=-0.23; dem_minus_elev_m=-18
qtp_fu_temp,TJ1,Touerjiushan TJ1,32.50775,91.5340833,2009,,427.0,borehole_temp,temp_derived,1,China,Tibet,"Fu, Ziteng (2025). Permafrost ground temperature and active layer thickness data on the Qinghai–Tibet Plateau (2001–2020). figshare. Dataset. https://doi.org/10.6084/m9.figshare.29206613.v1",CC BY 4.0,QTEC,,none,annual_value,,,,1e-05,,,0,,,ok,locality=Touerjiushan; elev_m=4868; magt_c=-0.23; dem_minus_elev_m=-18
qtp_fu_temp,TJ1,Touerjiushan TJ1,32.50775,91.5340833,2010,,417.0,borehole_temp,temp_derived,1,China,Tibet,"Fu, Ziteng (2025). Permafrost ground temperature and active layer thickness data on the Qinghai–Tibet Plateau (2001–2020). figshare. Dataset. https://doi.org/10.6084/m9.figshare.29206613.v1",CC BY 4.0,QTEC,,none,annual_value,,,,1e-05,,,0,,,ok,locality=Touerjiushan; elev_m=4868; magt_c=-0.23; dem_minus_elev_m=-18
qtp_fu_temp,TJ1,Touerjiushan TJ1,32.50775,91.5340833,2011,,417.0,borehole_temp,temp_derived,1,China,Tibet,"Fu, Ziteng (2025). Permafrost ground temperature and active layer thickness data on the Qinghai–Tibet Plateau (2001–2020). figshare. Dataset. https://doi.org/10.6084/m9.figshare.29206613.v1",CC BY 4.0,QTEC,,none,annual_value,,,,1e-05,,,0,,,ok,locality=Touerjiushan; elev_m=4868; magt_c=-0.23; dem_minus_elev_m=-18
qtp_fu_temp,TJ1,Touerjiushan TJ1,32.50775,91.5340833,2012,,373.0,borehole_temp,temp_derived,1,China,Tibet,"Fu, Ziteng (2025). Permafrost ground temperature and active layer thickness data on the Qinghai–Tibet Plateau (2001–2020). figshare. Dataset. https://doi.org/10.6084/m9.figshare.29206613.v1",CC BY 4.0,QTEC,,none,annual_value,,,,1e-05,,,0,,,ok,locality=Touerjiushan; elev_m=4868; magt_c=-0.23; dem_minus_elev_m=-18
qtp_fu_temp,TJ1,Touerjiushan TJ1,32.50775,91.5340833,2013,,387.0,borehole_temp,temp_derived,1,China,Tibet,"Fu, Ziteng (2025). Permafrost ground temperature and active layer thickness data on the Qinghai–Tibet Plateau (2001–2020). figshare. Dataset. https://doi.org/10.6084/m9.figshare.29206613.v1",CC BY 4.0,QTEC,,none,annual_value,,,,1e-05,,,0,,,ok,locality=Touerjiushan; elev_m=4868; magt_c=-0.23; dem_minus_elev_m=-18
qtp_fu_temp,TJ1,Touerjiushan TJ1,32.50775,91.5340833,2014,,390.0,borehole_temp,temp_derived,1,China,Tibet,"Fu, Ziteng (2025). Permafrost ground temperature and active layer thickness data on the Qinghai–Tibet Plateau (2001–2020). figshare. Dataset. https://doi.org/10.6084/m9.figshare.29206613.v1",CC BY 4.0,QTEC,,none,annual_value,,,,1e-05,,,0,,,ok,locality=Touerjiushan; elev_m=4868; magt_c=-0.23; dem_minus_elev_m=-18
qtp_fu_temp,TJ1,Touerjiushan TJ1,32.50775,91.5340833,2015,,376.0,borehole_temp,temp_derived,1,China,Tibet,"Fu, Ziteng (2025). Permafrost ground temperature and active layer thickness data on the Qinghai–Tibet Plateau (2001–2020). figshare. Dataset. https://doi.org/10.6084/m9.figshare.29206613.v1",CC BY 4.0,QTEC,,none,annual_value,,,,1e-05,,,0,,,ok,locality=Touerjiushan; elev_m=4868; magt_c=-0.23; dem_minus_elev_m=-18
qtp_fu_temp,TJ1,Touerjiushan TJ1,32.50775,91.5340833,2016,,413.0,borehole_temp,temp_derived,1,China,Tibet,"Fu, Ziteng (2025). Permafrost ground temperature and active layer thickness data on the Qinghai–Tibet Plateau (2001–2020). figshare. Dataset. https://doi.org/10.6084/m9.figshare.29206613.v1",CC BY 4.0,QTEC,,none,annual_value,,,,1e-05,,,0,,,ok,locality=Touerjiushan; elev_m=4868; magt_c=-0.23; dem_minus_elev_m=-18
qtp_fu_temp,TJ1,Touerjiushan TJ1,32.50775,91.5340833,2017,,514.0,borehole_temp,temp_derived,1,China,Tibet,"Fu, Ziteng (2025). Permafrost ground temperature and active layer thickness data on the Qinghai–Tibet Plateau (2001–2020). figshare. Dataset. https://doi.org/10.6084/m9.figshare.29206613.v1",CC BY 4.0,QTEC,,none,annual_value,,,,1e-05,,,0,,,ok,locality=Touerjiushan; elev_m=4868; magt_c=-0.23; dem_minus_elev_m=-18
qtp_fu_temp,TJ1,Touerjiushan TJ1,32.50775,91.5340833,2018,,566.0,borehole_temp,temp_derived,1,China,Tibet,"Fu, Ziteng (2025). Permafrost ground temperature and active layer thickness data on the Qinghai–Tibet Plateau (2001–2020). figshare. Dataset. https://doi.org/10.6084/m9.figshare.29206613.v1",CC BY 4.0,QTEC,,none,annual_value,,,,1e-05,,,0,,,ok,locality=Touerjiushan; elev_m=4868; magt_c=-0.23; dem_minus_elev_m=-18
qtp_fu_temp,TJ1,Touerjiushan TJ1,32.50775,91.5340833,2019,,550.0,borehole_temp,temp_derived,1,China,Tibet,"Fu, Ziteng (2025). Permafrost ground temperature and active layer thickness data on the Qinghai–Tibet Plateau (2001–2020). figshare. Dataset. https://doi.org/10.6084/m9.figshare.29206613.v1",CC BY 4.0,QTEC,,none,annual_value,,,,1e-05,,,0,,,ok,locality=Touerjiushan; elev_m=4868; magt_c=-0.23; dem_minus_elev_m=-18
qtp_fu_temp,TJ1,Touerjiushan TJ1,32.50775,91.5340833,2020,,544.0,borehole_temp,temp_derived,1,China,Tibet,"Fu, Ziteng (2025). Permafrost ground temperature and active layer thickness data on the Qinghai–Tibet Plateau (2001–2020). figshare. Dataset. https://doi.org/10.6084/m9.figshare.29206613.v1",CC BY 4.0,QTEC,,none,annual_value,,,,1e-05,,,0,,,ok,locality=Touerjiushan; elev_m=4868; magt_c=-0.23; dem_minus_elev_m=-18
qtp_fu_temp,TM1,Touerjiushan TM1,32.486317,91.8269,2001,,435.0,borehole_temp,temp_derived,1,China,Tibet,"Fu, Ziteng (2025). Permafrost ground temperature and active layer thickness data on the Qinghai–Tibet Plateau (2001–2020). figshare. Dataset. https://doi.org/10.6084/m9.figshare.29206613.v1",CC BY 4.0,QTEC,,none,annual_value,,,,1.7e-05,,,0,,,ok,locality=Touerjiushan; elev_m=4897; magt_c=-0.82; dem_minus_elev_m=-1
qtp_fu_temp,TM1,Touerjiushan TM1,32.486317,91.8269,2002,,445.0,borehole_temp,temp_derived,1,China,Tibet,"Fu, Ziteng (2025). Permafrost ground temperature and active layer thickness data on the Qinghai–Tibet Plateau (2001–2020). figshare. Dataset. https://doi.org/10.6084/m9.figshare.29206613.v1",CC BY 4.0,QTEC,,none,annual_value,,,,1.7e-05,,,0,,,ok,locality=Touerjiushan; elev_m=4897; magt_c=-0.82; dem_minus_elev_m=-1
qtp_fu_temp,TM1,Touerjiushan TM1,32.486317,91.8269,2003,,461.0,borehole_temp,temp_derived,1,China,Tibet,"Fu, Ziteng (2025). Permafrost ground temperature and active layer thickness data on the Qinghai–Tibet Plateau (2001–2020). figshare. Dataset. https://doi.org/10.6084/m9.figshare.29206613.v1",CC BY 4.0,QTEC,,none,annual_value,,,,1.7e-05,,,0,,,ok,locality=Touerjiushan; elev_m=4897; magt_c=-0.82; dem_minus_elev_m=-1
qtp_fu_temp,TM1,Touerjiushan TM1,32.486317,91.8269,2004,,475.0,borehole_temp,temp_derived,1,China,Tibet,"Fu, Ziteng (2025). Permafrost ground temperature and active layer thickness data on the Qinghai–Tibet Plateau (2001–2020). figshare. Dataset. https://doi.org/10.6084/m9.figshare.29206613.v1",CC BY 4.0,QTEC,,none,annual_value,,,,1.7e-05,,,0,,,ok,locality=Touerjiushan; elev_m=4897; magt_c=-0.82; dem_minus_elev_m=-1
qtp_fu_temp,TM1,Touerjiushan TM1,32.486317,91.8269,2005,,488.0,borehole_temp,temp_derived,1,China,Tibet,"Fu, Ziteng (2025). Permafrost ground temperature and active layer thickness data on the Qinghai–Tibet Plateau (2001–2020). figshare. Dataset. https://doi.org/10.6084/m9.figshare.29206613.v1",CC BY 4.0,QTEC,,none,annual_value,,,,1.7e-05,,,0,,,ok,locality=Touerjiushan; elev_m=4897; magt_c=-0.82; dem_minus_elev_m=-1
qtp_fu_temp,TM1,Touerjiushan TM1,32.486317,91.8269,2006,,526.0,borehole_temp,temp_derived,1,China,Tibet,"Fu, Ziteng (2025). Permafrost ground temperature and active layer thickness data on the Qinghai–Tibet Plateau (2001–2020). figshare. Dataset. https://doi.org/10.6084/m9.figshare.29206613.v1",CC BY 4.0,QTEC,,none,annual_value,,,,1.7e-05,,,0,,,ok,locality=Touerjiushan; elev_m=4897; magt_c=-0.82; dem_minus_elev_m=-1
qtp_fu_temp,TM1,Touerjiushan TM1,32.486317,91.8269,2007,,540.0,borehole_temp,temp_derived,1,China,Tibet,"Fu, Ziteng (2025). Permafrost ground temperature and active layer thickness data on the Qinghai–Tibet Plateau (2001–2020). figshare. Dataset. https://doi.org/10.6084/m9.figshare.29206613.v1",CC BY 4.0,QTEC,,none,annual_value,,,,1.7e-05,,,0,,,ok,locality=Touerjiushan; elev_m=4897; magt_c=-0.82; dem_minus_elev_m=-1
qtp_fu_temp,TM1,Touerjiushan TM1,32.486317,91.8269,2008,,539.0,borehole_temp,temp_derived,1,China,Tibet,"Fu, Ziteng (2025). Permafrost ground temperature and active layer thickness data on the Qinghai–Tibet Plateau (2001–2020). figshare. Dataset. https://doi.org/10.6084/m9.figshare.29206613.v1",CC BY 4.0,QTEC,,none,annual_value,,,,1.7e-05,,,0,,,ok,locality=Touerjiushan; elev_m=4897; magt_c=-0.82; dem_minus_elev_m=-1
qtp_fu_temp,TM1,Touerjiushan TM1,32.486317,91.8269,2009,,559.0,borehole_temp,temp_derived,1,China,Tibet,"Fu, Ziteng (2025). Permafrost ground temperature and active layer thickness data on the Qinghai–Tibet Plateau (2001–2020). figshare. Dataset. https://doi.org/10.6084/m9.figshare.29206613.v1",CC BY 4.0,QTEC,,none,annual_value,,,,1.7e-05,,,0,,,ok,locality=Touerjiushan; elev_m=4897; magt_c=-0.82; dem_minus_elev_m=-1
qtp_fu_temp,TM1,Touerjiushan TM1,32.486317,91.8269,2010,,579.0,borehole_temp,temp_derived,1,China,Tibet,"Fu, Ziteng (2025). Permafrost ground temperature and active layer thickness data on the Qinghai–Tibet Plateau (2001–2020). figshare. Dataset. https://doi.org/10.6084/m9.figshare.29206613.v1",CC BY 4.0,QTEC,,none,annual_value,,,,1.7e-05,,,0,,,ok,locality=Touerjiushan; elev_m=4897; magt_c=-0.82; dem_minus_elev_m=-1
qtp_fu_temp,TM1,Touerjiushan TM1,32.486317,91.8269,2011,,586.0,borehole_temp,temp_derived,1,China,Tibet,"Fu, Ziteng (2025). Permafrost ground temperature and active layer thickness data on the Qinghai–Tibet Plateau (2001–2020). figshare. Dataset. https://doi.org/10.6084/m9.figshare.29206613.v1",CC BY 4.0,QTEC,,none,annual_value,,,,1.7e-05,,,0,,,ok,locality=Touerjiushan; elev_m=4897; magt_c=-0.82; dem_minus_elev_m=-1
qtp_fu_temp,TM1,Touerjiushan TM1,32.486317,91.8269,2012,,606.0,borehole_temp,temp_derived,1,China,Tibet,"Fu, Ziteng (2025). Permafrost ground temperature and active layer thickness data on the Qinghai–Tibet Plateau (2001–2020). figshare. Dataset. https://doi.org/10.6084/m9.figshare.29206613.v1",CC BY 4.0,QTEC,,none,annual_value,,,,1.7e-05,,,0,,,range,locality=Touerjiushan; elev_m=4897; magt_c=-0.82; dem_minus_elev_m=-1
qtp_fu_temp,TM1,Touerjiushan TM1,32.486317,91.8269,2013,,622.0,borehole_temp,temp_derived,1,China,Tibet,"Fu, Ziteng (2025). Permafrost ground temperature and active layer thickness data on the Qinghai–Tibet Plateau (2001–2020). figshare. Dataset. https://doi.org/10.6084/m9.figshare.29206613.v1",CC BY 4.0,QTEC,,none,annual_value,,,,1.7e-05,,,0,,,range,locality=Touerjiushan; elev_m=4897; magt_c=-0.82; dem_minus_elev_m=-1
qtp_fu_temp,TM1,Touerjiushan TM1,32.486317,91.8269,2014,,626.0,borehole_temp,temp_derived,1,China,Tibet,"Fu, Ziteng (2025). Permafrost ground temperature and active layer thickness data on the Qinghai–Tibet Plateau (2001–2020). figshare. Dataset. https://doi.org/10.6084/m9.figshare.29206613.v1",CC BY 4.0,QTEC,,none,annual_value,,,,1.7e-05,,,0,,,range,locality=Touerjiushan; elev_m=4897; magt_c=-0.82; dem_minus_elev_m=-1
qtp_fu_temp,TM1,Touerjiushan TM1,32.486317,91.8269,2015,,658.0,borehole_temp,temp_derived,1,China,Tibet,"Fu, Ziteng (2025). Permafrost ground temperature and active layer thickness data on the Qinghai–Tibet Plateau (2001–2020). figshare. Dataset. https://doi.org/10.6084/m9.figshare.29206613.v1",CC BY 4.0,QTEC,,none,annual_value,,,,1.7e-05,,,0,,,range,locality=Touerjiushan; elev_m=4897; magt_c=-0.82; dem_minus_elev_m=-1
qtp_fu_temp,TM1,Touerjiushan TM1,32.486317,91.8269,2016,,675.0,borehole_temp,temp_derived,1,China,Tibet,"Fu, Ziteng (2025). Permafrost ground temperature and active layer thickness data on the Qinghai–Tibet Plateau (2001–2020). figshare. Dataset. https://doi.org/10.6084/m9.figshare.29206613.v1",CC BY 4.0,QTEC,,none,annual_value,,,,1.7e-05,,,0,,,range,locality=Touerjiushan; elev_m=4897; magt_c=-0.82; dem_minus_elev_m=-1
qtp_fu_temp,TM1,Touerjiushan TM1,32.486317,91.8269,2017,,718.0,borehole_temp,temp_derived,1,China,Tibet,"Fu, Ziteng (2025). Permafrost ground temperature and active layer thickness data on the Qinghai–Tibet Plateau (2001–2020). figshare. Dataset. https://doi.org/10.6084/m9.figshare.29206613.v1",CC BY 4.0,QTEC,,none,annual_value,,,,1.7e-05,,,0,,,range,locality=Touerjiushan; elev_m=4897; magt_c=-0.82; dem_minus_elev_m=-1
qtp_fu_temp,TM1,Touerjiushan TM1,32.486317,91.8269,2018,,754.0,borehole_temp,temp_derived,1,China,Tibet,"Fu, Ziteng (2025). Permafrost ground temperature and active layer thickness data on the Qinghai–Tibet Plateau (2001–2020). figshare. Dataset. https://doi.org/10.6084/m9.figshare.29206613.v1",CC BY 4.0,QTEC,,none,annual_value,,,,1.7e-05,,,0,,,range,locality=Touerjiushan; elev_m=4897; magt_c=-0.82; dem_minus_elev_m=-1
qtp_fu_temp,TM1,Touerjiushan TM1,32.486317,91.8269,2019,,752.0,borehole_temp,temp_derived,1,China,Tibet,"Fu, Ziteng (2025). Permafrost ground temperature and active layer thickness data on the Qinghai–Tibet Plateau (2001–2020). figshare. Dataset. https://doi.org/10.6084/m9.figshare.29206613.v1",CC BY 4.0,QTEC,,none,annual_value,,,,1.7e-05,,,0,,,range,locality=Touerjiushan; elev_m=4897; magt_c=-0.82; dem_minus_elev_m=-1
qtp_fu_temp,TM1,Touerjiushan TM1,32.486317,91.8269,2020,,780.0,borehole_temp,temp_derived,1,China,Tibet,"Fu, Ziteng (2025). Permafrost ground temperature and active layer thickness data on the Qinghai–Tibet Plateau (2001–2020). figshare. Dataset. https://doi.org/10.6084/m9.figshare.29206613.v1",CC BY 4.0,QTEC,,none,annual_value,,,,1.7e-05,,,0,,,range,locality=Touerjiushan; elev_m=4897; magt_c=-0.82; dem_minus_elev_m=-1
qtp_fu_temp,AMD1,Amduo AMD1,32.40355,91.74895,2001,,390.0,borehole_temp,temp_derived,1,China,Tibet,"Fu, Ziteng (2025). Permafrost ground temperature and active layer thickness data on the Qinghai–Tibet Plateau (2001–2020). figshare. Dataset. https://doi.org/10.6084/m9.figshare.29206613.v1",CC BY 4.0,QTEC,,none,annual_value,,,,1e-05,,,0,,,ok,locality=Amduo; elev_m=4801; magt_c=-0.01; dem_minus_elev_m=+2
qtp_fu_temp,AMD1,Amduo AMD1,32.40355,91.74895,2002,,419.0,borehole_temp,temp_derived,1,China,Tibet,"Fu, Ziteng (2025). Permafrost ground temperature and active layer thickness data on the Qinghai–Tibet Plateau (2001–2020). figshare. Dataset. https://doi.org/10.6084/m9.figshare.29206613.v1",CC BY 4.0,QTEC,,none,annual_value,,,,1e-05,,,0,,,ok,locality=Amduo; elev_m=4801; magt_c=-0.01; dem_minus_elev_m=+2
qtp_fu_temp,AMD1,Amduo AMD1,32.40355,91.74895,2003,,403.0,borehole_temp,temp_derived,1,China,Tibet,"Fu, Ziteng (2025). Permafrost ground temperature and active layer thickness data on the Qinghai–Tibet Plateau (2001–2020). figshare. Dataset. https://doi.org/10.6084/m9.figshare.29206613.v1",CC BY 4.0,QTEC,,none,annual_value,,,,1e-05,,,0,,,ok,locality=Amduo; elev_m=4801; magt_c=-0.01; dem_minus_elev_m=+2
qtp_fu_temp,AMD1,Amduo AMD1,32.40355,91.74895,2004,,417.0,borehole_temp,temp_derived,1,China,Tibet,"Fu, Ziteng (2025). Permafrost ground temperature and active layer thickness data on the Qinghai–Tibet Plateau (2001–2020). figshare. Dataset. https://doi.org/10.6084/m9.figshare.29206613.v1",CC BY 4.0,QTEC,,none,annual_value,,,,1e-05,,,0,,,ok,locality=Amduo; elev_m=4801; magt_c=-0.01; dem_minus_elev_m=+2
qtp_fu_temp,AMD1,Amduo AMD1,32.40355,91.74895,2005,,425.0,borehole_temp,temp_derived,1,China,Tibet,"Fu, Ziteng (2025). Permafrost ground temperature and active layer thickness data on the Qinghai–Tibet Plateau (2001–2020). figshare. Dataset. https://doi.org/10.6084/m9.figshare.29206613.v1",CC BY 4.0,QTEC,,none,annual_value,,,,1e-05,,,0,,,ok,locality=Amduo; elev_m=4801; magt_c=-0.01; dem_minus_elev_m=+2
qtp_fu_temp,AMD1,Amduo AMD1,32.40355,91.74895,2006,,447.0,borehole_temp,temp_derived,1,China,Tibet,"Fu, Ziteng (2025). Permafrost ground temperature and active layer thickness data on the Qinghai–Tibet Plateau (2001–2020). figshare. Dataset. https://doi.org/10.6084/m9.figshare.29206613.v1",CC BY 4.0,QTEC,,none,annual_value,,,,1e-05,,,0,,,ok,locality=Amduo; elev_m=4801; magt_c=-0.01; dem_minus_elev_m=+2
qtp_fu_temp,AMD1,Amduo AMD1,32.40355,91.74895,2007,,450.0,borehole_temp,temp_derived,1,China,Tibet,"Fu, Ziteng (2025). Permafrost ground temperature and active layer thickness data on the Qinghai–Tibet Plateau (2001–2020). figshare. Dataset. https://doi.org/10.6084/m9.figshare.29206613.v1",CC BY 4.0,QTEC,,none,annual_value,,,,1e-05,,,0,,,ok,locality=Amduo; elev_m=4801; magt_c=-0.01; dem_minus_elev_m=+2
qtp_fu_temp,AMD1,Amduo AMD1,32.40355,91.74895,2008,,448.0,borehole_temp,temp_derived,1,China,Tibet,"Fu, Ziteng (2025). Permafrost ground temperature and active layer thickness data on the Qinghai–Tibet Plateau (2001–2020). figshare. Dataset. https://doi.org/10.6084/m9.figshare.29206613.v1",CC BY 4.0,QTEC,,none,annual_value,,,,1e-05,,,0,,,ok,locality=Amduo; elev_m=4801; magt_c=-0.01; dem_minus_elev_m=+2
qtp_fu_temp,AMD1,Amduo AMD1,32.40355,91.74895,2009,,464.0,borehole_temp,temp_derived,1,China,Tibet,"Fu, Ziteng (2025). Permafrost ground temperature and active layer thickness data on the Qinghai–Tibet Plateau (2001–2020). figshare. Dataset. https://doi.org/10.6084/m9.figshare.29206613.v1",CC BY 4.0,QTEC,,none,annual_value,,,,1e-05,,,0,,,ok,locality=Amduo; elev_m=4801; magt_c=-0.01; dem_minus_elev_m=+2
qtp_fu_temp,AMD1,Amduo AMD1,32.40355,91.74895,2010,,489.0,borehole_temp,temp_derived,1,China,Tibet,"Fu, Ziteng (2025). Permafrost ground temperature and active layer thickness data on the Qinghai–Tibet Plateau (2001–2020). figshare. Dataset. https://doi.org/10.6084/m9.figshare.29206613.v1",CC BY 4.0,QTEC,,none,annual_value,,,,1e-05,,,0,,,ok,locality=Amduo; elev_m=4801; magt_c=-0.01; dem_minus_elev_m=+2
qtp_fu_temp,AMD1,Amduo AMD1,32.40355,91.74895,2011,,485.0,borehole_temp,temp_derived,1,China,Tibet,"Fu, Ziteng (2025). Permafrost ground temperature and active layer thickness data on the Qinghai–Tibet Plateau (2001–2020). figshare. Dataset. https://doi.org/10.6084/m9.figshare.29206613.v1",CC BY 4.0,QTEC,,none,annual_value,,,,1e-05,,,0,,,ok,locality=Amduo; elev_m=4801; magt_c=-0.01; dem_minus_elev_m=+2
qtp_fu_temp,AMD1,Amduo AMD1,32.40355,91.74895,2012,,496.0,borehole_temp,temp_derived,1,China,Tibet,"Fu, Ziteng (2025). Permafrost ground temperature and active layer thickness data on the Qinghai–Tibet Plateau (2001–2020). figshare. Dataset. https://doi.org/10.6084/m9.figshare.29206613.v1",CC BY 4.0,QTEC,,none,annual_value,,,,1e-05,,,0,,,ok,locality=Amduo; elev_m=4801; magt_c=-0.01; dem_minus_elev_m=+2
qtp_fu_temp,AMD1,Amduo AMD1,32.40355,91.74895,2013,,528.0,borehole_temp,temp_derived,1,China,Tibet,"Fu, Ziteng (2025). Permafrost ground temperature and active layer thickness data on the Qinghai–Tibet Plateau (2001–2020). figshare. Dataset. https://doi.org/10.6084/m9.figshare.29206613.v1",CC BY 4.0,QTEC,,none,annual_value,,,,1e-05,,,0,,,ok,locality=Amduo; elev_m=4801; magt_c=-0.01; dem_minus_elev_m=+2
qtp_fu_temp,AMD1,Amduo AMD1,32.40355,91.74895,2014,,544.0,borehole_temp,temp_derived,1,China,Tibet,"Fu, Ziteng (2025). Permafrost ground temperature and active layer thickness data on the Qinghai–Tibet Plateau (2001–2020). figshare. Dataset. https://doi.org/10.6084/m9.figshare.29206613.v1",CC BY 4.0,QTEC,,none,annual_value,,,,1e-05,,,0,,,ok,locality=Amduo; elev_m=4801; magt_c=-0.01; dem_minus_elev_m=+2
qtp_fu_temp,AMD1,Amduo AMD1,32.40355,91.74895,2015,,564.0,borehole_temp,temp_derived,1,China,Tibet,"Fu, Ziteng (2025). Permafrost ground temperature and active layer thickness data on the Qinghai–Tibet Plateau (2001–2020). figshare. Dataset. https://doi.org/10.6084/m9.figshare.29206613.v1",CC BY 4.0,QTEC,,none,annual_value,,,,1e-05,,,0,,,ok,locality=Amduo; elev_m=4801; magt_c=-0.01; dem_minus_elev_m=+2
qtp_fu_temp,AMD1,Amduo AMD1,32.40355,91.74895,2016,,588.0,borehole_temp,temp_derived,1,China,Tibet,"Fu, Ziteng (2025). Permafrost ground temperature and active layer thickness data on the Qinghai–Tibet Plateau (2001–2020). figshare. Dataset. https://doi.org/10.6084/m9.figshare.29206613.v1",CC BY 4.0,QTEC,,none,annual_value,,,,1e-05,,,0,,,ok,locality=Amduo; elev_m=4801; magt_c=-0.01; dem_minus_elev_m=+2
qtp_fu_temp,AMD1,Amduo AMD1,32.40355,91.74895,2017,,600.0,borehole_temp,temp_derived,1,China,Tibet,"Fu, Ziteng (2025). Permafrost ground temperature and active layer thickness data on the Qinghai–Tibet Plateau (2001–2020). figshare. Dataset. https://doi.org/10.6084/m9.figshare.29206613.v1",CC BY 4.0,QTEC,,none,annual_value,,,,1e-05,,,0,,,ok,locality=Amduo; elev_m=4801; magt_c=-0.01; dem_minus_elev_m=+2
qtp_fu_temp,AMD1,Amduo AMD1,32.40355,91.74895,2018,,643.0,borehole_temp,temp_derived,1,China,Tibet,"Fu, Ziteng (2025). Permafrost ground temperature and active layer thickness data on the Qinghai–Tibet Plateau (2001–2020). figshare. Dataset. https://doi.org/10.6084/m9.figshare.29206613.v1",CC BY 4.0,QTEC,,none,annual_value,,,,1e-05,,,0,,,range,locality=Amduo; elev_m=4801; magt_c=-0.01; dem_minus_elev_m=+2
qtp_fu_temp,AMD1,Amduo AMD1,32.40355,91.74895,2019,,648.0,borehole_temp,temp_derived,1,China,Tibet,"Fu, Ziteng (2025). Permafrost ground temperature and active layer thickness data on the Qinghai–Tibet Plateau (2001–2020). figshare. Dataset. https://doi.org/10.6084/m9.figshare.29206613.v1",CC BY 4.0,QTEC,,none,annual_value,,,,1e-05,,,0,,,range,locality=Amduo; elev_m=4801; magt_c=-0.01; dem_minus_elev_m=+2
qtp_fu_temp,AMD1,Amduo AMD1,32.40355,91.74895,2020,,655.0,borehole_temp,temp_derived,1,China,Tibet,"Fu, Ziteng (2025). Permafrost ground temperature and active layer thickness data on the Qinghai–Tibet Plateau (2001–2020). figshare. Dataset. https://doi.org/10.6084/m9.figshare.29206613.v1",CC BY 4.0,QTEC,,none,annual_value,,,,1e-05,,,0,,,range,locality=Amduo; elev_m=4801; magt_c=-0.01; dem_minus_elev_m=+2
qtp_fu_temp,TJ2,Touerjiushan TJ2,32.3947667,91.6205,2001,,297.0,borehole_temp,temp_derived,1,China,Tibet,"Fu, Ziteng (2025). Permafrost ground temperature and active layer thickness data on the Qinghai–Tibet Plateau (2001–2020). figshare. Dataset. https://doi.org/10.6084/m9.figshare.29206613.v1",CC BY 4.0,QTEC,,none,annual_value,,,,1.7e-05,,,0,,,ok,locality=Touerjiushan; elev_m=4887; magt_c=-0.06; dem_minus_elev_m=+2
qtp_fu_temp,TJ2,Touerjiushan TJ2,32.3947667,91.6205,2002,,318.0,borehole_temp,temp_derived,1,China,Tibet,"Fu, Ziteng (2025). Permafrost ground temperature and active layer thickness data on the Qinghai–Tibet Plateau (2001–2020). figshare. Dataset. https://doi.org/10.6084/m9.figshare.29206613.v1",CC BY 4.0,QTEC,,none,annual_value,,,,1.7e-05,,,0,,,ok,locality=Touerjiushan; elev_m=4887; magt_c=-0.06; dem_minus_elev_m=+2
qtp_fu_temp,TJ2,Touerjiushan TJ2,32.3947667,91.6205,2003,,306.0,borehole_temp,temp_derived,1,China,Tibet,"Fu, Ziteng (2025). Permafrost ground temperature and active layer thickness data on the Qinghai–Tibet Plateau (2001–2020). figshare. Dataset. https://doi.org/10.6084/m9.figshare.29206613.v1",CC BY 4.0,QTEC,,none,annual_value,,,,1.7e-05,,,0,,,ok,locality=Touerjiushan; elev_m=4887; magt_c=-0.06; dem_minus_elev_m=+2
qtp_fu_temp,TJ2,Touerjiushan TJ2,32.3947667,91.6205,2004,,316.0,borehole_temp,temp_derived,1,China,Tibet,"Fu, Ziteng (2025). Permafrost ground temperature and active layer thickness data on the Qinghai–Tibet Plateau (2001–2020). figshare. Dataset. https://doi.org/10.6084/m9.figshare.29206613.v1",CC BY 4.0,QTEC,,none,annual_value,,,,1.7e-05,,,0,,,ok,locality=Touerjiushan; elev_m=4887; magt_c=-0.06; dem_minus_elev_m=+2
qtp_fu_temp,TJ2,Touerjiushan TJ2,32.3947667,91.6205,2005,,338.0,borehole_temp,temp_derived,1,China,Tibet,"Fu, Ziteng (2025). Permafrost ground temperature and active layer thickness data on the Qinghai–Tibet Plateau (2001–2020). figshare. Dataset. https://doi.org/10.6084/m9.figshare.29206613.v1",CC BY 4.0,QTEC,,none,annual_value,,,,1.7e-05,,,0,,,ok,locality=Touerjiushan; elev_m=4887; magt_c=-0.06; dem_minus_elev_m=+2
qtp_fu_temp,TJ2,Touerjiushan TJ2,32.3947667,91.6205,2006,,340.0,borehole_temp,temp_derived,1,China,Tibet,"Fu, Ziteng (2025). Permafrost ground temperature and active layer thickness data on the Qinghai–Tibet Plateau (2001–2020). figshare. Dataset. https://doi.org/10.6084/m9.figshare.29206613.v1",CC BY 4.0,QTEC,,none,annual_value,,,,1.7e-05,,,0,,,ok,locality=Touerjiushan; elev_m=4887; magt_c=-0.06; dem_minus_elev_m=+2
qtp_fu_temp,TJ2,Touerjiushan TJ2,32.3947667,91.6205,2007,,346.0,borehole_temp,temp_derived,1,China,Tibet,"Fu, Ziteng (2025). Permafrost ground temperature and active layer thickness data on the Qinghai–Tibet Plateau (2001–2020). figshare. Dataset. https://doi.org/10.6084/m9.figshare.29206613.v1",CC BY 4.0,QTEC,,none,annual_value,,,,1.7e-05,,,0,,,ok,locality=Touerjiushan; elev_m=4887; magt_c=-0.06; dem_minus_elev_m=+2
qtp_fu_temp,TJ2,Touerjiushan TJ2,32.3947667,91.6205,2008,,343.0,borehole_temp,temp_derived,1,China,Tibet,"Fu, Ziteng (2025). Permafrost ground temperature and active layer thickness data on the Qinghai–Tibet Plateau (2001–2020). figshare. Dataset. https://doi.org/10.6084/m9.figshare.29206613.v1",CC BY 4.0,QTEC,,none,annual_value,,,,1.7e-05,,,0,,,ok,locality=Touerjiushan; elev_m=4887; magt_c=-0.06; dem_minus_elev_m=+2
qtp_fu_temp,TJ2,Touerjiushan TJ2,32.3947667,91.6205,2009,,346.0,borehole_temp,temp_derived,1,China,Tibet,"Fu, Ziteng (2025). Permafrost ground temperature and active layer thickness data on the Qinghai–Tibet Plateau (2001–2020). figshare. Dataset. https://doi.org/10.6084/m9.figshare.29206613.v1",CC BY 4.0,QTEC,,none,annual_value,,,,1.7e-05,,,0,,,ok,locality=Touerjiushan; elev_m=4887; magt_c=-0.06; dem_minus_elev_m=+2
qtp_fu_temp,TJ2,Touerjiushan TJ2,32.3947667,91.6205,2010,,366.0,borehole_temp,temp_derived,1,China,Tibet,"Fu, Ziteng (2025). Permafrost ground temperature and active layer thickness data on the Qinghai–Tibet Plateau (2001–2020). figshare. Dataset. https://doi.org/10.6084/m9.figshare.29206613.v1",CC BY 4.0,QTEC,,none,annual_value,,,,1.7e-05,,,0,,,ok,locality=Touerjiushan; elev_m=4887; magt_c=-0.06; dem_minus_elev_m=+2
qtp_fu_temp,TJ2,Touerjiushan TJ2,32.3947667,91.6205,2011,,365.0,borehole_temp,temp_derived,1,China,Tibet,"Fu, Ziteng (2025). Permafrost ground temperature and active layer thickness data on the Qinghai–Tibet Plateau (2001–2020). figshare. Dataset. https://doi.org/10.6084/m9.figshare.29206613.v1",CC BY 4.0,QTEC,,none,annual_value,,,,1.7e-05,,,0,,,ok,locality=Touerjiushan; elev_m=4887; magt_c=-0.06; dem_minus_elev_m=+2
qtp_fu_temp,TJ2,Touerjiushan TJ2,32.3947667,91.6205,2012,,385.0,borehole_temp,temp_derived,1,China,Tibet,"Fu, Ziteng (2025). Permafrost ground temperature and active layer thickness data on the Qinghai–Tibet Plateau (2001–2020). figshare. Dataset. https://doi.org/10.6084/m9.figshare.29206613.v1",CC BY 4.0,QTEC,,none,annual_value,,,,1.7e-05,,,0,,,ok,locality=Touerjiushan; elev_m=4887; magt_c=-0.06; dem_minus_elev_m=+2
qtp_fu_temp,TJ2,Touerjiushan TJ2,32.3947667,91.6205,2013,,375.0,borehole_temp,temp_derived,1,China,Tibet,"Fu, Ziteng (2025). Permafrost ground temperature and active layer thickness data on the Qinghai–Tibet Plateau (2001–2020). figshare. Dataset. https://doi.org/10.6084/m9.figshare.29206613.v1",CC BY 4.0,QTEC,,none,annual_value,,,,1.7e-05,,,0,,,ok,locality=Touerjiushan; elev_m=4887; magt_c=-0.06; dem_minus_elev_m=+2
qtp_fu_temp,TJ2,Touerjiushan TJ2,32.3947667,91.6205,2014,,375.0,borehole_temp,temp_derived,1,China,Tibet,"Fu, Ziteng (2025). Permafrost ground temperature and active layer thickness data on the Qinghai–Tibet Plateau (2001–2020). figshare. Dataset. https://doi.org/10.6084/m9.figshare.29206613.v1",CC BY 4.0,QTEC,,none,annual_value,,,,1.7e-05,,,0,,,ok,locality=Touerjiushan; elev_m=4887; magt_c=-0.06; dem_minus_elev_m=+2
qtp_fu_temp,TJ2,Touerjiushan TJ2,32.3947667,91.6205,2015,,395.0,borehole_temp,temp_derived,1,China,Tibet,"Fu, Ziteng (2025). Permafrost ground temperature and active layer thickness data on the Qinghai–Tibet Plateau (2001–2020). figshare. Dataset. https://doi.org/10.6084/m9.figshare.29206613.v1",CC BY 4.0,QTEC,,none,annual_value,,,,1.7e-05,,,0,,,ok,locality=Touerjiushan; elev_m=4887; magt_c=-0.06; dem_minus_elev_m=+2
qtp_fu_temp,TJ2,Touerjiushan TJ2,32.3947667,91.6205,2016,,397.0,borehole_temp,temp_derived,1,China,Tibet,"Fu, Ziteng (2025). Permafrost ground temperature and active layer thickness data on the Qinghai–Tibet Plateau (2001–2020). figshare. Dataset. https://doi.org/10.6084/m9.figshare.29206613.v1",CC BY 4.0,QTEC,,none,annual_value,,,,1.7e-05,,,0,,,ok,locality=Touerjiushan; elev_m=4887; magt_c=-0.06; dem_minus_elev_m=+2
qtp_fu_temp,TJ2,Touerjiushan TJ2,32.3947667,91.6205,2017,,458.0,borehole_temp,temp_derived,1,China,Tibet,"Fu, Ziteng (2025). Permafrost ground temperature and active layer thickness data on the Qinghai–Tibet Plateau (2001–2020). figshare. Dataset. https://doi.org/10.6084/m9.figshare.29206613.v1",CC BY 4.0,QTEC,,none,annual_value,,,,1.7e-05,,,0,,,ok,locality=Touerjiushan; elev_m=4887; magt_c=-0.06; dem_minus_elev_m=+2
qtp_fu_temp,TJ2,Touerjiushan TJ2,32.3947667,91.6205,2018,,492.0,borehole_temp,temp_derived,1,China,Tibet,"Fu, Ziteng (2025). Permafrost ground temperature and active layer thickness data on the Qinghai–Tibet Plateau (2001–2020). figshare. Dataset. https://doi.org/10.6084/m9.figshare.29206613.v1",CC BY 4.0,QTEC,,none,annual_value,,,,1.7e-05,,,0,,,ok,locality=Touerjiushan; elev_m=4887; magt_c=-0.06; dem_minus_elev_m=+2
qtp_fu_temp,TJ2,Touerjiushan TJ2,32.3947667,91.6205,2019,,494.0,borehole_temp,temp_derived,1,China,Tibet,"Fu, Ziteng (2025). Permafrost ground temperature and active layer thickness data on the Qinghai–Tibet Plateau (2001–2020). figshare. Dataset. https://doi.org/10.6084/m9.figshare.29206613.v1",CC BY 4.0,QTEC,,none,annual_value,,,,1.7e-05,,,0,,,ok,locality=Touerjiushan; elev_m=4887; magt_c=-0.06; dem_minus_elev_m=+2
qtp_fu_temp,TJ2,Touerjiushan TJ2,32.3947667,91.6205,2020,,494.0,borehole_temp,temp_derived,1,China,Tibet,"Fu, Ziteng (2025). Permafrost ground temperature and active layer thickness data on the Qinghai–Tibet Plateau (2001–2020). figshare. Dataset. https://doi.org/10.6084/m9.figshare.29206613.v1",CC BY 4.0,QTEC,,none,annual_value,,,,1.7e-05,,,0,,,ok,locality=Touerjiushan; elev_m=4887; magt_c=-0.06; dem_minus_elev_m=+2
qtp_fu_temp,AD1,Amduo AD1,32.3910333,91.7153667,2001,,205.0,borehole_temp,temp_derived,1,China,Tibet,"Fu, Ziteng (2025). Permafrost ground temperature and active layer thickness data on the Qinghai–Tibet Plateau (2001–2020). figshare. Dataset. https://doi.org/10.6084/m9.figshare.29206613.v1",CC BY 4.0,QTEC,,none,annual_value,,,,1.7e-05,,,0,,,ok,locality=Amduo; elev_m=4784; magt_c=-0.09; dem_minus_elev_m=+1
qtp_fu_temp,AD1,Amduo AD1,32.3910333,91.7153667,2002,,210.0,borehole_temp,temp_derived,1,China,Tibet,"Fu, Ziteng (2025). Permafrost ground temperature and active layer thickness data on the Qinghai–Tibet Plateau (2001–2020). figshare. Dataset. https://doi.org/10.6084/m9.figshare.29206613.v1",CC BY 4.0,QTEC,,none,annual_value,,,,1.7e-05,,,0,,,ok,locality=Amduo; elev_m=4784; magt_c=-0.09; dem_minus_elev_m=+1
qtp_fu_temp,AD1,Amduo AD1,32.3910333,91.7153667,2003,,220.0,borehole_temp,temp_derived,1,China,Tibet,"Fu, Ziteng (2025). Permafrost ground temperature and active layer thickness data on the Qinghai–Tibet Plateau (2001–2020). figshare. Dataset. https://doi.org/10.6084/m9.figshare.29206613.v1",CC BY 4.0,QTEC,,none,annual_value,,,,1.7e-05,,,0,,,ok,locality=Amduo; elev_m=4784; magt_c=-0.09; dem_minus_elev_m=+1
qtp_fu_temp,AD1,Amduo AD1,32.3910333,91.7153667,2004,,238.0,borehole_temp,temp_derived,1,China,Tibet,"Fu, Ziteng (2025). Permafrost ground temperature and active layer thickness data on the Qinghai–Tibet Plateau (2001–2020). figshare. Dataset. https://doi.org/10.6084/m9.figshare.29206613.v1",CC BY 4.0,QTEC,,none,annual_value,,,,1.7e-05,,,0,,,ok,locality=Amduo; elev_m=4784; magt_c=-0.09; dem_minus_elev_m=+1
qtp_fu_temp,AD1,Amduo AD1,32.3910333,91.7153667,2005,,256.0,borehole_temp,temp_derived,1,China,Tibet,"Fu, Ziteng (2025). Permafrost ground temperature and active layer thickness data on the Qinghai–Tibet Plateau (2001–2020). figshare. Dataset. https://doi.org/10.6084/m9.figshare.29206613.v1",CC BY 4.0,QTEC,,none,annual_value,,,,1.7e-05,,,0,,,ok,locality=Amduo; elev_m=4784; magt_c=-0.09; dem_minus_elev_m=+1
qtp_fu_temp,AD1,Amduo AD1,32.3910333,91.7153667,2006,,292.0,borehole_temp,temp_derived,1,China,Tibet,"Fu, Ziteng (2025). Permafrost ground temperature and active layer thickness data on the Qinghai–Tibet Plateau (2001–2020). figshare. Dataset. https://doi.org/10.6084/m9.figshare.29206613.v1",CC BY 4.0,QTEC,,none,annual_value,,,,1.7e-05,,,0,,,ok,locality=Amduo; elev_m=4784; magt_c=-0.09; dem_minus_elev_m=+1
qtp_fu_temp,AD1,Amduo AD1,32.3910333,91.7153667,2007,,292.0,borehole_temp,temp_derived,1,China,Tibet,"Fu, Ziteng (2025). Permafrost ground temperature and active layer thickness data on the Qinghai–Tibet Plateau (2001–2020). figshare. Dataset. https://doi.org/10.6084/m9.figshare.29206613.v1",CC BY 4.0,QTEC,,none,annual_value,,,,1.7e-05,,,0,,,ok,locality=Amduo; elev_m=4784; magt_c=-0.09; dem_minus_elev_m=+1
qtp_fu_temp,AD1,Amduo AD1,32.3910333,91.7153667,2008,,324.0,borehole_temp,temp_derived,1,China,Tibet,"Fu, Ziteng (2025). Permafrost ground temperature and active layer thickness data on the Qinghai–Tibet Plateau (2001–2020). figshare. Dataset. https://doi.org/10.6084/m9.figshare.29206613.v1",CC BY 4.0,QTEC,,none,annual_value,,,,1.7e-05,,,0,,,ok,locality=Amduo; elev_m=4784; magt_c=-0.09; dem_minus_elev_m=+1
qtp_fu_temp,AD1,Amduo AD1,32.3910333,91.7153667,2009,,308.0,borehole_temp,temp_derived,1,China,Tibet,"Fu, Ziteng (2025). Permafrost ground temperature and active layer thickness data on the Qinghai–Tibet Plateau (2001–2020). figshare. Dataset. https://doi.org/10.6084/m9.figshare.29206613.v1",CC BY 4.0,QTEC,,none,annual_value,,,,1.7e-05,,,0,,,ok,locality=Amduo; elev_m=4784; magt_c=-0.09; dem_minus_elev_m=+1
qtp_fu_temp,AD1,Amduo AD1,32.3910333,91.7153667,2010,,314.0,borehole_temp,temp_derived,1,China,Tibet,"Fu, Ziteng (2025). Permafrost ground temperature and active layer thickness data on the Qinghai–Tibet Plateau (2001–2020). figshare. Dataset. https://doi.org/10.6084/m9.figshare.29206613.v1",CC BY 4.0,QTEC,,none,annual_value,,,,1.7e-05,,,0,,,ok,locality=Amduo; elev_m=4784; magt_c=-0.09; dem_minus_elev_m=+1
qtp_fu_temp,AD1,Amduo AD1,32.3910333,91.7153667,2011,,348.0,borehole_temp,temp_derived,1,China,Tibet,"Fu, Ziteng (2025). Permafrost ground temperature and active layer thickness data on the Qinghai–Tibet Plateau (2001–2020). figshare. Dataset. https://doi.org/10.6084/m9.figshare.29206613.v1",CC BY 4.0,QTEC,,none,annual_value,,,,1.7e-05,,,0,,,ok,locality=Amduo; elev_m=4784; magt_c=-0.09; dem_minus_elev_m=+1
qtp_fu_temp,AD1,Amduo AD1,32.3910333,91.7153667,2012,,404.0,borehole_temp,temp_derived,1,China,Tibet,"Fu, Ziteng (2025). Permafrost ground temperature and active layer thickness data on the Qinghai–Tibet Plateau (2001–2020). figshare. Dataset. https://doi.org/10.6084/m9.figshare.29206613.v1",CC BY 4.0,QTEC,,none,annual_value,,,,1.7e-05,,,0,,,ok,locality=Amduo; elev_m=4784; magt_c=-0.09; dem_minus_elev_m=+1
qtp_fu_temp,AD1,Amduo AD1,32.3910333,91.7153667,2013,,411.0,borehole_temp,temp_derived,1,China,Tibet,"Fu, Ziteng (2025). Permafrost ground temperature and active layer thickness data on the Qinghai–Tibet Plateau (2001–2020). figshare. Dataset. https://doi.org/10.6084/m9.figshare.29206613.v1",CC BY 4.0,QTEC,,none,annual_value,,,,1.7e-05,,,0,,,ok,locality=Amduo; elev_m=4784; magt_c=-0.09; dem_minus_elev_m=+1
qtp_fu_temp,AD1,Amduo AD1,32.3910333,91.7153667,2014,,449.0,borehole_temp,temp_derived,1,China,Tibet,"Fu, Ziteng (2025). Permafrost ground temperature and active layer thickness data on the Qinghai–Tibet Plateau (2001–2020). figshare. Dataset. https://doi.org/10.6084/m9.figshare.29206613.v1",CC BY 4.0,QTEC,,none,annual_value,,,,1.7e-05,,,0,,,ok,locality=Amduo; elev_m=4784; magt_c=-0.09; dem_minus_elev_m=+1
qtp_fu_temp,AD1,Amduo AD1,32.3910333,91.7153667,2015,,476.0,borehole_temp,temp_derived,1,China,Tibet,"Fu, Ziteng (2025). Permafrost ground temperature and active layer thickness data on the Qinghai–Tibet Plateau (2001–2020). figshare. Dataset. https://doi.org/10.6084/m9.figshare.29206613.v1",CC BY 4.0,QTEC,,none,annual_value,,,,1.7e-05,,,0,,,ok,locality=Amduo; elev_m=4784; magt_c=-0.09; dem_minus_elev_m=+1
qtp_fu_temp,AD1,Amduo AD1,32.3910333,91.7153667,2016,,502.0,borehole_temp,temp_derived,1,China,Tibet,"Fu, Ziteng (2025). Permafrost ground temperature and active layer thickness data on the Qinghai–Tibet Plateau (2001–2020). figshare. Dataset. https://doi.org/10.6084/m9.figshare.29206613.v1",CC BY 4.0,QTEC,,none,annual_value,,,,1.7e-05,,,0,,,ok,locality=Amduo; elev_m=4784; magt_c=-0.09; dem_minus_elev_m=+1
qtp_fu_temp,AD1,Amduo AD1,32.3910333,91.7153667,2017,,541.0,borehole_temp,temp_derived,1,China,Tibet,"Fu, Ziteng (2025). Permafrost ground temperature and active layer thickness data on the Qinghai–Tibet Plateau (2001–2020). figshare. Dataset. https://doi.org/10.6084/m9.figshare.29206613.v1",CC BY 4.0,QTEC,,none,annual_value,,,,1.7e-05,,,0,,,ok,locality=Amduo; elev_m=4784; magt_c=-0.09; dem_minus_elev_m=+1
qtp_fu_temp,AD1,Amduo AD1,32.3910333,91.7153667,2018,,558.0,borehole_temp,temp_derived,1,China,Tibet,"Fu, Ziteng (2025). Permafrost ground temperature and active layer thickness data on the Qinghai–Tibet Plateau (2001–2020). figshare. Dataset. https://doi.org/10.6084/m9.figshare.29206613.v1",CC BY 4.0,QTEC,,none,annual_value,,,,1.7e-05,,,0,,,ok,locality=Amduo; elev_m=4784; magt_c=-0.09; dem_minus_elev_m=+1
qtp_fu_temp,AD1,Amduo AD1,32.3910333,91.7153667,2019,,600.0,borehole_temp,temp_derived,1,China,Tibet,"Fu, Ziteng (2025). Permafrost ground temperature and active layer thickness data on the Qinghai–Tibet Plateau (2001–2020). figshare. Dataset. https://doi.org/10.6084/m9.figshare.29206613.v1",CC BY 4.0,QTEC,,none,annual_value,,,,1.7e-05,,,0,,,ok,locality=Amduo; elev_m=4784; magt_c=-0.09; dem_minus_elev_m=+1
qtp_fu_temp,AD1,Amduo AD1,32.3910333,91.7153667,2020,,700.0,borehole_temp,temp_derived,1,China,Tibet,"Fu, Ziteng (2025). Permafrost ground temperature and active layer thickness data on the Qinghai–Tibet Plateau (2001–2020). figshare. Dataset. https://doi.org/10.6084/m9.figshare.29206613.v1",CC BY 4.0,QTEC,,none,annual_value,,,,1.7e-05,,,0,,,range,locality=Amduo; elev_m=4784; magt_c=-0.09; dem_minus_elev_m=+1
qtp_fu_temp,AD2,Amduo AD2,32.3095,91.5815167,2001,,209.0,borehole_temp,temp_derived,1,China,Tibet,"Fu, Ziteng (2025). Permafrost ground temperature and active layer thickness data on the Qinghai–Tibet Plateau (2001–2020). figshare. Dataset. https://doi.org/10.6084/m9.figshare.29206613.v1",CC BY 4.0,QTEC,,none,annual_value,,,,1.7e-05,,,0,,,ok,locality=Amduo; elev_m=4814; magt_c=-0.06; dem_minus_elev_m=-10
qtp_fu_temp,AD2,Amduo AD2,32.3095,91.5815167,2002,,221.0,borehole_temp,temp_derived,1,China,Tibet,"Fu, Ziteng (2025). Permafrost ground temperature and active layer thickness data on the Qinghai–Tibet Plateau (2001–2020). figshare. Dataset. https://doi.org/10.6084/m9.figshare.29206613.v1",CC BY 4.0,QTEC,,none,annual_value,,,,1.7e-05,,,0,,,ok,locality=Amduo; elev_m=4814; magt_c=-0.06; dem_minus_elev_m=-10
qtp_fu_temp,AD2,Amduo AD2,32.3095,91.5815167,2003,,215.0,borehole_temp,temp_derived,1,China,Tibet,"Fu, Ziteng (2025). Permafrost ground temperature and active layer thickness data on the Qinghai–Tibet Plateau (2001–2020). figshare. Dataset. https://doi.org/10.6084/m9.figshare.29206613.v1",CC BY 4.0,QTEC,,none,annual_value,,,,1.7e-05,,,0,,,ok,locality=Amduo; elev_m=4814; magt_c=-0.06; dem_minus_elev_m=-10
qtp_fu_temp,AD2,Amduo AD2,32.3095,91.5815167,2004,,220.0,borehole_temp,temp_derived,1,China,Tibet,"Fu, Ziteng (2025). Permafrost ground temperature and active layer thickness data on the Qinghai–Tibet Plateau (2001–2020). figshare. Dataset. https://doi.org/10.6084/m9.figshare.29206613.v1",CC BY 4.0,QTEC,,none,annual_value,,,,1.7e-05,,,0,,,ok,locality=Amduo; elev_m=4814; magt_c=-0.06; dem_minus_elev_m=-10
qtp_fu_temp,AD2,Amduo AD2,32.3095,91.5815167,2005,,225.0,borehole_temp,temp_derived,1,China,Tibet,"Fu, Ziteng (2025). Permafrost ground temperature and active layer thickness data on the Qinghai–Tibet Plateau (2001–2020). figshare. Dataset. https://doi.org/10.6084/m9.figshare.29206613.v1",CC BY 4.0,QTEC,,none,annual_value,,,,1.7e-05,,,0,,,ok,locality=Amduo; elev_m=4814; magt_c=-0.06; dem_minus_elev_m=-10
qtp_fu_temp,AD2,Amduo AD2,32.3095,91.5815167,2006,,227.0,borehole_temp,temp_derived,1,China,Tibet,"Fu, Ziteng (2025). Permafrost ground temperature and active layer thickness data on the Qinghai–Tibet Plateau (2001–2020). figshare. Dataset. https://doi.org/10.6084/m9.figshare.29206613.v1",CC BY 4.0,QTEC,,none,annual_value,,,,1.7e-05,,,0,,,ok,locality=Amduo; elev_m=4814; magt_c=-0.06; dem_minus_elev_m=-10
qtp_fu_temp,AD2,Amduo AD2,32.3095,91.5815167,2007,,232.0,borehole_temp,temp_derived,1,China,Tibet,"Fu, Ziteng (2025). Permafrost ground temperature and active layer thickness data on the Qinghai–Tibet Plateau (2001–2020). figshare. Dataset. https://doi.org/10.6084/m9.figshare.29206613.v1",CC BY 4.0,QTEC,,none,annual_value,,,,1.7e-05,,,0,,,ok,locality=Amduo; elev_m=4814; magt_c=-0.06; dem_minus_elev_m=-10
qtp_fu_temp,AD2,Amduo AD2,32.3095,91.5815167,2008,,234.0,borehole_temp,temp_derived,1,China,Tibet,"Fu, Ziteng (2025). Permafrost ground temperature and active layer thickness data on the Qinghai–Tibet Plateau (2001–2020). figshare. Dataset. https://doi.org/10.6084/m9.figshare.29206613.v1",CC BY 4.0,QTEC,,none,annual_value,,,,1.7e-05,,,0,,,ok,locality=Amduo; elev_m=4814; magt_c=-0.06; dem_minus_elev_m=-10
qtp_fu_temp,AD2,Amduo AD2,32.3095,91.5815167,2009,,241.0,borehole_temp,temp_derived,1,China,Tibet,"Fu, Ziteng (2025). Permafrost ground temperature and active layer thickness data on the Qinghai–Tibet Plateau (2001–2020). figshare. Dataset. https://doi.org/10.6084/m9.figshare.29206613.v1",CC BY 4.0,QTEC,,none,annual_value,,,,1.7e-05,,,0,,,ok,locality=Amduo; elev_m=4814; magt_c=-0.06; dem_minus_elev_m=-10
qtp_fu_temp,AD2,Amduo AD2,32.3095,91.5815167,2010,,246.0,borehole_temp,temp_derived,1,China,Tibet,"Fu, Ziteng (2025). Permafrost ground temperature and active layer thickness data on the Qinghai–Tibet Plateau (2001–2020). figshare. Dataset. https://doi.org/10.6084/m9.figshare.29206613.v1",CC BY 4.0,QTEC,,none,annual_value,,,,1.7e-05,,,0,,,ok,locality=Amduo; elev_m=4814; magt_c=-0.06; dem_minus_elev_m=-10
qtp_fu_temp,AD2,Amduo AD2,32.3095,91.5815167,2011,,247.0,borehole_temp,temp_derived,1,China,Tibet,"Fu, Ziteng (2025). Permafrost ground temperature and active layer thickness data on the Qinghai–Tibet Plateau (2001–2020). figshare. Dataset. https://doi.org/10.6084/m9.figshare.29206613.v1",CC BY 4.0,QTEC,,none,annual_value,,,,1.7e-05,,,0,,,ok,locality=Amduo; elev_m=4814; magt_c=-0.06; dem_minus_elev_m=-10
qtp_fu_temp,AD2,Amduo AD2,32.3095,91.5815167,2012,,255.0,borehole_temp,temp_derived,1,China,Tibet,"Fu, Ziteng (2025). Permafrost ground temperature and active layer thickness data on the Qinghai–Tibet Plateau (2001–2020). figshare. Dataset. https://doi.org/10.6084/m9.figshare.29206613.v1",CC BY 4.0,QTEC,,none,annual_value,,,,1.7e-05,,,0,,,ok,locality=Amduo; elev_m=4814; magt_c=-0.06; dem_minus_elev_m=-10
qtp_fu_temp,AD2,Amduo AD2,32.3095,91.5815167,2013,,268.0,borehole_temp,temp_derived,1,China,Tibet,"Fu, Ziteng (2025). Permafrost ground temperature and active layer thickness data on the Qinghai–Tibet Plateau (2001–2020). figshare. Dataset. https://doi.org/10.6084/m9.figshare.29206613.v1",CC BY 4.0,QTEC,,none,annual_value,,,,1.7e-05,,,0,,,ok,locality=Amduo; elev_m=4814; magt_c=-0.06; dem_minus_elev_m=-10
qtp_fu_temp,AD2,Amduo AD2,32.3095,91.5815167,2014,,274.0,borehole_temp,temp_derived,1,China,Tibet,"Fu, Ziteng (2025). Permafrost ground temperature and active layer thickness data on the Qinghai–Tibet Plateau (2001–2020). figshare. Dataset. https://doi.org/10.6084/m9.figshare.29206613.v1",CC BY 4.0,QTEC,,none,annual_value,,,,1.7e-05,,,0,,,ok,locality=Amduo; elev_m=4814; magt_c=-0.06; dem_minus_elev_m=-10
qtp_fu_temp,AD2,Amduo AD2,32.3095,91.5815167,2015,,283.0,borehole_temp,temp_derived,1,China,Tibet,"Fu, Ziteng (2025). Permafrost ground temperature and active layer thickness data on the Qinghai–Tibet Plateau (2001–2020). figshare. Dataset. https://doi.org/10.6084/m9.figshare.29206613.v1",CC BY 4.0,QTEC,,none,annual_value,,,,1.7e-05,,,0,,,ok,locality=Amduo; elev_m=4814; magt_c=-0.06; dem_minus_elev_m=-10
qtp_fu_temp,AD2,Amduo AD2,32.3095,91.5815167,2016,,292.0,borehole_temp,temp_derived,1,China,Tibet,"Fu, Ziteng (2025). Permafrost ground temperature and active layer thickness data on the Qinghai–Tibet Plateau (2001–2020). figshare. Dataset. https://doi.org/10.6084/m9.figshare.29206613.v1",CC BY 4.0,QTEC,,none,annual_value,,,,1.7e-05,,,0,,,ok,locality=Amduo; elev_m=4814; magt_c=-0.06; dem_minus_elev_m=-10
qtp_fu_temp,AD2,Amduo AD2,32.3095,91.5815167,2017,,296.0,borehole_temp,temp_derived,1,China,Tibet,"Fu, Ziteng (2025). Permafrost ground temperature and active layer thickness data on the Qinghai–Tibet Plateau (2001–2020). figshare. Dataset. https://doi.org/10.6084/m9.figshare.29206613.v1",CC BY 4.0,QTEC,,none,annual_value,,,,1.7e-05,,,0,,,ok,locality=Amduo; elev_m=4814; magt_c=-0.06; dem_minus_elev_m=-10
qtp_fu_temp,AD2,Amduo AD2,32.3095,91.5815167,2018,,308.0,borehole_temp,temp_derived,1,China,Tibet,"Fu, Ziteng (2025). Permafrost ground temperature and active layer thickness data on the Qinghai–Tibet Plateau (2001–2020). figshare. Dataset. https://doi.org/10.6084/m9.figshare.29206613.v1",CC BY 4.0,QTEC,,none,annual_value,,,,1.7e-05,,,0,,,ok,locality=Amduo; elev_m=4814; magt_c=-0.06; dem_minus_elev_m=-10
qtp_fu_temp,AD2,Amduo AD2,32.3095,91.5815167,2019,,300.0,borehole_temp,temp_derived,1,China,Tibet,"Fu, Ziteng (2025). Permafrost ground temperature and active layer thickness data on the Qinghai–Tibet Plateau (2001–2020). figshare. Dataset. https://doi.org/10.6084/m9.figshare.29206613.v1",CC BY 4.0,QTEC,,none,annual_value,,,,1.7e-05,,,0,,,ok,locality=Amduo; elev_m=4814; magt_c=-0.06; dem_minus_elev_m=-10
qtp_fu_temp,AD2,Amduo AD2,32.3095,91.5815167,2020,,326.0,borehole_temp,temp_derived,1,China,Tibet,"Fu, Ziteng (2025). Permafrost ground temperature and active layer thickness data on the Qinghai–Tibet Plateau (2001–2020). figshare. Dataset. https://doi.org/10.6084/m9.figshare.29206613.v1",CC BY 4.0,QTEC,,none,annual_value,,,,1.7e-05,,,0,,,ok,locality=Amduo; elev_m=4814; magt_c=-0.06; dem_minus_elev_m=-10
