[2026-09-29T13:55:55Z]: Launching [ -f lgx_payload.tar.gz ] && tar xzf lgx_payload.tar.gz; LGX_SMOKE_BUDGET_MIN=165 bash scripts/rescale/run_lgx_smoke.sh, Working dir: /enc/ukrprod_gLyfeb/work.  Process output follows:
[2026-09-29T13:55:56Z]: [payload] created_utc=2026-09-29T13:42:30Z
[2026-09-29T13:55:56Z]: [payload] git_commit=858c7dd
[2026-09-29T13:55:56Z]: [payload] git_uncommitted_paths=2
[2026-09-29T13:55:56Z]: [payload] h40_sha16_main_run=7098f59dabe2b73f
[2026-09-29T13:55:56Z]: [payload] reference_shards=19 (from results/rescale_lg_smoke)
[2026-09-29T13:55:56Z]: [payload] sha256 7098f59dabe2b73f scripts/3_deep_learning/h40_label_grid.py
[2026-09-29T13:55:56Z]: [payload] sha256 22e215e435e157be scripts/3_deep_learning/h42_label_grid_ext.py
[2026-09-29T13:55:56Z]: [payload] sha256 492373e4d37b5ea4 scripts/2_evaluation/h41_validation_ladder.py
[2026-09-29T13:55:56Z]: [payload] sha256 db746179789f21a7 src/polar/m1_core.py
[2026-09-29T13:55:56Z]: [payload] sha256 6f4ba47bf407cdfa src/polar/tab_models.py
[2026-09-29T13:55:56Z]: [payload] sha256 4b6b888275d5f47f src/polar/h4_common.py
[2026-09-29T13:55:56Z]: [payload] sha256 2a910d36299ee2fb src/polar/m1_stats.py
[2026-09-29T13:55:56Z]: [payload] sha256 b799bd4e6aeb69b5 src/polar/physics.py
[2026-09-29T13:55:56Z]: [payload] sha256 a49559e2dce61535 src/polar/fidelity.py
[2026-09-29T13:55:56Z]: [payload] sha256 45e8adc32cf2a949 src/polar/m1_ext.py
[2026-09-29T13:55:56Z]: [payload] sha256 e196cd053d4a1210 tests/test_h42_ext.py
[2026-09-29T13:55:56Z]: [payload] sha256 9d303efa41d11aab tests/test_h41_ladder.py
[2026-09-29T13:55:56Z]: [payload] sha256 af1c1f2bf081ac8d scripts/rescale/lg_common.sh
[2026-09-29T13:55:56Z]: [payload] sha256 df8ac154b578b8ff scripts/rescale/lgx_common.sh
[2026-09-29T13:55:56Z]: [payload] sha256 8e3fd1d027091f28 scripts/rescale/run_lgx.sh
[2026-09-29T13:55:56Z]: [payload] sha256 980e0f6317b999ea scripts/rescale/run_lgx_smoke.sh
[2026-09-29T13:55:56Z]: [payload] sha256 8023f6ccf25d40e4 scripts/rescale/lgx_timing_table.py
[2026-09-29T13:55:56Z]: [payload] sha256 d84217e5ab7d2586 scripts/rescale/lgx_gate_check.py
[2026-09-29T13:55:56Z]: [payload] sha256 71b5d3f6c297770d data/processed/fidelity_base_v3.csv
[2026-09-29T13:55:56Z]: [payload] sha256 711d0cd3ba0e2e41 data/processed/e5_soil_tdd_v3.csv
[2026-09-29T13:55:56Z]: [payload] sha256 87bd06f98bb1d141 data/processed/lg_subregion_map_v1.csv
[2026-09-29T13:55:56Z]: [payload] sha256 bfb4eab409938967 data/processed/lgx_label_flags_v1.csv
[2026-09-29T13:55:56Z]: [payload] sha256 e6ce00b2020565a8 data/processed/lgx_tdd_matched_v1.csv
[2026-09-29T13:55:56Z]: [payload] sha256 a417fa4e9799bea3 data/processed/lgx_cluster_map_v1.csv
[2026-09-29T13:55:56Z]: [2026-09-29T13:55:56Z] [env] 작업 디렉터리 /enc/ukrprod_gLyfeb/work
[2026-09-29T13:55:56Z]: [2026-09-29T13:55:56Z] [env] 코어 수 4 (RESCALE_CORES_PER_SLOT = 4, OMP_NUM_THREADS = 없음) · 메모리 27 GB (여유 25 GB)
[2026-09-29T13:55:56Z]: [2026-09-29T13:55:56Z] [env] 디스크 175G 여유 / 175G
[2026-09-29T13:55:56Z]: [2026-09-29T13:55:56Z] [env] python /program/pytorch-2.4.1/venv/bin/python3 · pip /program/pytorch-2.4.1/venv/bin/pip
[2026-09-29T13:55:58Z]: [env] python 3.11.10 · Linux-4.18.0-553.153.1.el8_10.x86_64-x86_64-with-glibc2.28
[2026-09-29T13:55:58Z]: [env] 가상환경 True · prefix /program/pytorch-2.4.1/venv
[2026-09-29T13:55:58Z]: [env] numpy 2.1.1
[2026-09-29T13:55:58Z]: [env] pandas 없음
[2026-09-29T13:55:58Z]: [env] scipy 없음
[2026-09-29T13:55:58Z]: [env] scikit-learn 없음
[2026-09-29T13:55:58Z]: [env] catboost 없음
[2026-09-29T13:55:58Z]: [env] pytabkit 없음
[2026-09-29T13:55:58Z]: [env] pytest 없음
[2026-09-29T13:55:58Z]: [env] torch 2.4.1
[2026-09-29T13:55:58Z]: [env] CUDA_VISIBLE_DEVICES = None
[2026-09-29T13:56:20Z]: [env] torch 2.4.1+cu121 · CUDA 빌드 12.1 · CUDA 사용 가능 True · GPU 수 1
[2026-09-29T13:56:20Z]: [env] GPU 0: Tesla T4 · 15.6 GiB
[2026-09-29T13:56:22Z]: [env] nvidia-smi: index, name, memory.total [MiB], memory.used [MiB], utilization.gpu [%]
[2026-09-29T13:56:22Z]: [env] nvidia-smi: 0, Tesla T4, 16384 MiB, 1 MiB, 0 %
[2026-09-29T13:56:22Z]: [2026-09-29T13:56:22Z] [deps] 고정 판 설치(--target /enc/ukrprod_gLyfeb/work/.pydeps): catboost==1.2.10 scikit-learn==1.9.1 pandas==2.3.3 scipy==1.17.1 · numpy==2.4.6
[2026-09-29T13:56:59Z]: [2026-09-29T13:56:59Z] [deps] 필수 패키지가 모두 있다. 설치를 건너뛴다
[2026-09-29T13:57:02Z]: [deps] 확인: catboost 1.2.10 · scikit-learn 1.9.1 · pandas 2.3.3 · scipy 1.17.1 · numpy 2.4.6
[2026-09-29T13:57:03Z]: [deps] 판 대조: numpy 설치 2.4.6 · 고정 2.4.6 · 같다
[2026-09-29T13:57:03Z]: [deps] 판 대조: catboost 설치 1.2.10 · 고정 1.2.10 · 같다
[2026-09-29T13:57:04Z]: [deps] 판 대조: scikit-learn 설치 1.9.1 · 고정 1.9.1 · 같다
[2026-09-29T13:57:04Z]: [deps] 판 대조: pandas 설치 2.3.3 · 고정 2.3.3 · 같다
[2026-09-29T13:57:04Z]: [deps] 판 대조: scipy 설치 1.17.1 · 고정 1.17.1 · 같다
[2026-09-29T13:57:04Z]: [2026-09-29T13:57:04Z] [deps] pip install --user pytabkit==1.7.3
[2026-09-29T13:57:04Z]: ERROR: Can not perform a '--user' install. User site-packages are not visible in this virtualenv.
[2026-09-29T13:57:04Z]: [2026-09-29T13:57:04Z] [deps] --user 설치 실패(가상환경이면 정상이다). 기본 위치에 다시 시도한다
[2026-09-29T13:57:38Z]: [2026-09-29T13:57:38Z] [deps] 선택 패키지 pytabkit 설치함(pytabkit==1.7.3)
[2026-09-29T13:57:43Z]: [2026-09-29T13:57:43Z] [deps] pip install --user pytest>=7
[2026-09-29T13:57:43Z]: ERROR: Can not perform a '--user' install. User site-packages are not visible in this virtualenv.
[2026-09-29T13:57:43Z]: [2026-09-29T13:57:43Z] [deps] --user 설치 실패(가상환경이면 정상이다). 기본 위치에 다시 시도한다
[2026-09-29T13:57:46Z]: [2026-09-29T13:57:46Z] [deps] 선택 패키지 pytest 설치함(pytest>=7)
[2026-09-29T13:57:48Z]: [env] numpy 2.4.6
[2026-09-29T13:57:48Z]: [env] pandas 2.3.3
[2026-09-29T13:57:48Z]: [env] scipy 1.17.1
[2026-09-29T13:57:48Z]: [env] scikit-learn 1.9.1
[2026-09-29T13:57:48Z]: [env] catboost 1.2.10
[2026-09-29T13:57:48Z]: [env] pytabkit 1.7.3
[2026-09-29T13:57:48Z]: [env] pytest 9.1.1
[2026-09-29T13:57:48Z]: [env] torch 2.4.1
[2026-09-29T13:57:48Z]: [env] torch 2.4.1+cu121 · CUDA 빌드 12.1 · CUDA 사용 가능 True · GPU 수 1
[2026-09-29T13:57:50Z]: [2026-09-29T13:57:50Z] [smoke] 보이는 GPU: '0'(방식 require) · 스레드 4 · 스모크 학습기 mlp,cfm,ddpm,tabm,nflow,ftt,realmlp · 시간 한도 165 min · 묶음 ',smoke,pytest,count,precheck,'
[2026-09-29T13:57:50Z]: [2026-09-29T13:57:50Z] [stage] smoke_gpu 시작(백그라운드, 제한 1800 s): env LG_RESCALE=1 python3 -u scripts/3_deep_learning/h42_label_grid_ext.py --part gpu --smoke --gpus 0 --procs-per-gpu 1 --threads 1 --epochs 5 --learners mlp,cfm,ddpm,tabm,nflow,ftt,realmlp --no-summarize
[2026-09-29T13:57:50Z]: [2026-09-29T13:57:50Z] [stage] smoke_cpu 시작(제한 2700 s): env LG_RESCALE=1 python3 -u scripts/3_deep_learning/h42_label_grid_ext.py --part cpu --smoke --workers 1 --threads 4 --no-summarize
[2026-09-29T13:57:51Z]: [data] 부분 cpu · 축 ['base', 'x1', 'x2', 'x9', 'n3', 'prox', 'x5', 'x9f', 'n4', 'n4a', 'ridge'] · 작업 단위 33(건너뜀 0) · 축별 {'base': 3, 'x1': 3, 'x2': 3, 'x9': 3, 'n3': 3, 'prox': 3, 'x5': 3, 'x9f': 3, 'n4': 3, 'n4a': 3, 'ridge': 3}
[2026-09-29T13:57:51Z]: [plan] 실행 33 · 선택 작업 3 · 재개로 건너뜀 0 · 프로세스 1 · 스레드 4 · 장치 CPU · epochs 100 · RealMLP epochs 256
[2026-09-29T14:01:16Z]:   [select] Canada|x: catboost_tuned 선택 표 18행 → /enc/ukrprod_gLyfeb/work/data/processed/lgx/lgx_smoke_tuned_select.csv · 남은 선택 작업 2
[2026-09-29T14:04:47Z]:   [select] Russia_W|x: catboost_tuned 선택 표 36행 → /enc/ukrprod_gLyfeb/work/data/processed/lgx/lgx_smoke_tuned_select.csv · 남은 선택 작업 1
[2026-09-29T14:09:21Z]:   [select] AL-3|i: catboost_tuned 선택 표 54행 → /enc/ukrprod_gLyfeb/work/data/processed/lgx/lgx_smoke_tuned_select.csv · 남은 선택 작업 0
[2026-09-29T14:09:36Z]:   [base|Canada|x|s1] 적합 19 · 행 53 · A 355 · 채점 393/20블록 · 원천 16697 · 15.2s · 장치 '' · 상태 ok(실패 0) · 완료 1/33 · 누적 705s
[2026-09-29T14:09:48Z]:   [base|Russia_W|x|s1] 적합 14 · 행 40 · A 16 · 채점 12/7블록 · 원천 17436 · 11.6s · 장치 '' · 상태 ok(실패 0) · 완료 2/33 · 누적 717s
[2026-09-29T14:09:59Z]:   [x1|Canada|x|s1] 적합 38 · 행 89 · A 355 · 채점 393/20블록 · 원천 16697 · 10.9s · 장치 '' · 상태 ok(실패 0) · 완료 3/33 · 누적 728s
[2026-09-29T14:10:07Z]:   [x1|Russia_W|x|s1] 적합 28 · 행 67 · A 16 · 채점 12/7블록 · 원천 17436 · 8.3s · 장치 '' · 상태 ok(실패 0) · 완료 4/33 · 누적 736s
[2026-09-29T14:11:08Z]:   [x2|Canada|x|s1] 적합 44 · 행 92 · A 355 · 채점 393/20블록 · 원천 16697 · 61.1s · 장치 '' · 상태 ok(실패 0) · 완료 5/33 · 누적 797s
[2026-09-29T14:11:48Z]:   [x2|Russia_W|x|s1] 적합 28 · 행 58 · A 16 · 채점 12/7블록 · 원천 17436 · 39.9s · 장치 '' · 상태 ok(실패 0) · 완료 6/33 · 누적 837s
[2026-09-29T14:12:03Z]:   [x9|Canada|x|s1] 적합 51 · 행 222 · A 355 · 채점 393/20블록 · 원천 16697 · 14.9s · 장치 '' · 상태 ok(실패 0) · 완료 7/33 · 누적 852s
[2026-09-29T14:12:14Z]:   [x9|Russia_W|x|s1] 적합 37 · 행 171 · A 16 · 채점 12/7블록 · 원천 17436 · 10.8s · 장치 '' · 상태 ok(실패 0) · 완료 8/33 · 누적 863s
[2026-09-29T14:13:57Z]:   [n3|Canada|x|s1] 적합 37 · 행 109 · A 355 · 채점 393/20블록 · 원천 16697 · 102.8s · 장치 '' · 상태 ok(실패 0) · 완료 9/33 · 누적 966s
[2026-09-29T14:15:14Z]:   [n3|Russia_W|x|s1] 적합 27 · 행 82 · A 16 · 채점 12/7블록 · 원천 17436 · 77.5s · 장치 '' · 상태 ok(실패 0) · 완료 10/33 · 누적 1043s
[2026-09-29T14:15:29Z]:   [base|AL-3|i|s1] 적합 19 · 행 53 · A 334 · 채점 317/4블록 · 원천 16816 · 14.7s · 장치 '' · 상태 ok(실패 0) · 완료 11/33 · 누적 1058s
[2026-09-29T14:15:40Z]:   [x1|AL-3|i|s1] 적합 38 · 행 89 · A 334 · 채점 317/4블록 · 원천 16816 · 10.8s · 장치 '' · 상태 ok(실패 0) · 완료 12/33 · 누적 1069s
[2026-09-29T14:16:38Z]:   [x2|AL-3|i|s1] 적합 44 · 행 92 · A 334 · 채점 317/4블록 · 원천 16816 · 58.3s · 장치 '' · 상태 ok(실패 0) · 완료 13/33 · 누적 1127s
[2026-09-29T14:16:53Z]:   [x9|AL-3|i|s1] 적합 51 · 행 222 · A 334 · 채점 317/4블록 · 원천 16816 · 14.6s · 장치 '' · 상태 ok(실패 0) · 완료 14/33 · 누적 1142s
[2026-09-29T14:18:39Z]:   [n3|AL-3|i|s1] 적합 37 · 행 109 · A 334 · 채점 317/4블록 · 원천 16816 · 106.5s · 장치 '' · 상태 ok(실패 0) · 완료 15/33 · 누적 1248s
[2026-09-29T14:19:06Z]:   [prox|Canada|x|s1] 적합 92 · 행 71 · A 355 · 채점 393/20블록 · 원천 16697 · 26.6s · 장치 '' · 상태 ok(실패 0) · 완료 16/33 · 누적 1275s
[2026-09-29T14:19:27Z]:   [prox|Russia_W|x|s1] 적합 72 · 행 61 · A 16 · 채점 12/7블록 · 원천 17436 · 21.0s · 장치 '' · 상태 ok(실패 0) · 완료 17/33 · 누적 1296s
[2026-09-29T14:19:53Z]:   [prox|AL-3|i|s1] 적합 92 · 행 71 · A 334 · 채점 317/4블록 · 원천 16816 · 26.4s · 장치 '' · 상태 ok(실패 0) · 완료 18/33 · 누적 1322s
[2026-09-29T14:20:07Z]:   [x5|Canada|x|s1] 적합 48 · 행 45 · A 355 · 채점 393/20블록 · 원천 16697 · 14.0s · 장치 '' · 상태 ok(실패 0) · 완료 19/33 · 누적 1336s
[2026-09-29T14:20:17Z]:   [x5|Russia_W|x|s1] 적합 35 · 행 33 · A 16 · 채점 12/7블록 · 원천 17436 · 10.2s · 장치 '' · 상태 ok(실패 0) · 완료 20/33 · 누적 1346s
[2026-09-29T14:20:32Z]:   [x5|AL-3|i|s1] 적합 49 · 행 45 · A 334 · 채점 317/4블록 · 원천 16816 · 14.3s · 장치 '' · 상태 ok(실패 0) · 완료 21/33 · 누적 1361s
[2026-09-29T14:20:37Z]:   [x9f|Canada|x|s1] 적합 22 · 행 67 · A 355 · 채점 393/20블록 · 원천 16697 · 5.2s · 장치 '' · 상태 ok(실패 0) · 완료 22/33 · 누적 1366s
[2026-09-29T14:20:41Z]:   [x9f|Russia_W|x|s1] 적합 16 · 행 51 · A 16 · 채점 12/7블록 · 원천 17436 · 3.9s · 장치 '' · 상태 ok(실패 0) · 완료 23/33 · 누적 1370s
[2026-09-29T14:20:46Z]:   [x9f|AL-3|i|s1] 적합 22 · 행 67 · A 334 · 채점 317/4블록 · 원천 16816 · 5.2s · 장치 '' · 상태 ok(실패 0) · 완료 24/33 · 누적 1375s
[2026-09-29T14:20:49Z]:   [n4|Canada|x|s1] 적합 11 · 행 37 · A 355 · 채점 393/20블록 · 원천 16697 · 3.2s · 장치 '' · 상태 ok(실패 0) · 완료 25/33 · 누적 1378s
[2026-09-29T14:20:52Z]:   [n4|Russia_W|x|s1] 적합 8 · 행 28 · A 16 · 채점 12/7블록 · 원천 17436 · 2.4s · 장치 '' · 상태 ok(실패 0) · 완료 26/33 · 누적 1381s
[2026-09-29T14:20:55Z]:   [n4|AL-3|i|s1] 적합 11 · 행 37 · A 334 · 채점 317/4블록 · 원천 16816 · 3.2s · 장치 '' · 상태 ok(실패 0) · 완료 27/33 · 누적 1384s
[2026-09-29T14:20:55Z]:   [n4a|Canada|x|s1] 적합 0 · 행 7 · A 355 · 채점 393/20블록 · 원천 16697 · 0.0s · 장치 '' · 상태 ok(실패 0) · 완료 28/33 · 누적 1384s
[2026-09-29T14:20:55Z]:   [n4a|Russia_W|x|s1] 적합 0 · 행 5 · A 16 · 채점 12/7블록 · 원천 17436 · 0.0s · 장치 '' · 상태 ok(실패 0) · 완료 29/33 · 누적 1384s
[2026-09-29T14:20:55Z]:   [n4a|AL-3|i|s1] 적합 0 · 행 7 · A 334 · 채점 317/4블록 · 원천 16816 · 0.0s · 장치 '' · 상태 ok(실패 0) · 완료 30/33 · 누적 1384s
[2026-09-29T14:20:56Z]:   [ridge|Canada|x|s1] 적합 30 · 행 69 · A 355 · 채점 393/20블록 · 원천 16697 · 1.2s · 장치 '' · 상태 ok(실패 0) · 완료 31/33 · 누적 1385s
[2026-09-29T14:20:57Z]:   [ridge|Russia_W|x|s1] 적합 22 · 행 52 · A 16 · 채점 12/7블록 · 원천 17436 · 0.9s · 장치 '' · 상태 ok(실패 0) · 완료 32/33 · 누적 1386s
[2026-09-29T14:20:58Z]:   [ridge|AL-3|i|s1] 적합 30 · 행 69 · A 334 · 채점 317/4블록 · 원천 16816 · 1.2s · 장치 '' · 상태 ok(실패 0) · 완료 33/33 · 누적 1387s
[2026-09-29T14:20:58Z]: [done] 완료 33 · 실패 0 · 일부 적합 실패 0 · 선택 설정 없는 n3 조각 0 · 1387s
[2026-09-29T14:20:58Z]: [2026-09-29T14:20:58Z] [stage] smoke_cpu 끝: 종료 코드 0 · 1388 s · 경과 25 min
[2026-09-29T14:20:59Z]: [2026-09-29T14:20:59Z] [stage] smoke_h41 시작(제한 1500 s): env LG_RESCALE=1 python3 -u scripts/2_evaluation/h41_validation_ladder.py --smoke --workers 1 --threads 4 --no-summarize
[2026-09-29T14:21:00Z]: [data] 17,467셀 · 채점 17,374셀/174블록 · 부분 all · 단 ['V-R', 'V-B', 'V-C100', 'V-G', 'W2-Lena', 'W1-Lena'] · 반복 1(지역 내 1) · fold 5 · seed [0] · 학습기 ['catboost_lo', 'catboost', 'rf'] · λ [0.25, 0.5, 1.0] · 작업 단위 30(건너뜀 27) · 연도 정합 도일 표 lgx_tdd_matched_v1.csv:54f132e461ea
[2026-09-29T14:21:00Z]: [plan] 실행 30 · 재개로 건너뜀 0 · 프로세스 1 · 스레드 4
[2026-09-29T14:21:10Z]:   [V-G|r1|f0] 적합 9 · 키 31 · 학습 3860 · 채점 13606 · 버퍼 제외 1 · 8.6s · 상태 ok(실패 0) · 완료 1/30 · 누적 11s
[2026-09-29T14:21:24Z]:   [V-G|r1|f1] 적합 9 · 키 31 · 학습 14429 · 채점 2958 · 버퍼 제외 1 · 13.3s · 상태 ok(실패 0) · 완료 2/30 · 누적 24s
[2026-09-29T14:21:39Z]:   [V-G|r1|f2] 적합 9 · 키 31 · 학습 16697 · 채점 747 · 버퍼 제외 20 · 15.1s · 상태 ok(실패 0) · 완료 3/30 · 누적 39s
[2026-09-29T14:21:54Z]:   [V-G|r1|f3] 적합 9 · 키 31 · 학습 17436 · 채점 28 · 버퍼 제외 0 · 14.8s · 상태 ok(실패 0) · 완료 4/30 · 누적 54s
[2026-09-29T14:22:09Z]:   [V-G|r1|f4] 적합 9 · 키 31 · 학습 17437 · 채점 27 · 버퍼 제외 0 · 15.0s · 상태 ok(실패 0) · 완료 5/30 · 누적 69s
[2026-09-29T14:22:22Z]:   [V-G|r1|f5] 적합 9 · 키 31 · 학습 16208 · 채점 7 · 버퍼 제외 1252 · 13.6s · 상태 ok(실패 0) · 완료 6/30 · 누적 82s
[2026-09-29T14:22:37Z]:   [V-G|r1|f6] 적합 9 · 키 31 · 학습 17464 · 채점 1 · 버퍼 제외 0 · 14.7s · 상태 ok(실패 0) · 완료 7/30 · 누적 97s
[2026-09-29T14:22:49Z]:   [V-R|r1|f0] 적합 9 · 키 18 · 학습 13973 · 채점 3467 · 버퍼 제외 0 · 12.4s · 상태 ok(실패 0) · 완료 8/30 · 누적 110s
[2026-09-29T14:23:02Z]:   [V-R|r1|f1] 적합 9 · 키 18 · 학습 13973 · 채점 3478 · 버퍼 제외 0 · 12.5s · 상태 ok(실패 0) · 완료 9/30 · 누적 122s
[2026-09-29T14:23:14Z]:   [V-R|r1|f2] 적합 9 · 키 18 · 학습 13974 · 채점 3475 · 버퍼 제외 0 · 12.4s · 상태 ok(실패 0) · 완료 10/30 · 누적 134s
[2026-09-29T14:23:27Z]:   [V-R|r1|f3] 적합 9 · 키 18 · 학습 13974 · 채점 3475 · 버퍼 제외 0 · 12.4s · 상태 ok(실패 0) · 완료 11/30 · 누적 147s
[2026-09-29T14:23:39Z]:   [V-R|r1|f4] 적합 9 · 키 18 · 학습 13974 · 채점 3479 · 버퍼 제외 0 · 12.6s · 상태 ok(실패 0) · 완료 12/30 · 누적 160s
[2026-09-29T14:23:54Z]:   [W2-Lena|r1|f0] 적합 14 · 키 24 · 학습 16558 · 채점 908 · 버퍼 제외 1 · 15.2s · 상태 ok(실패 0) · 완료 13/30 · 누적 175s
[2026-09-29T14:24:10Z]:   [W2-Lena|r1|f1] 적합 14 · 키 24 · 학습 17027 · 채점 439 · 버퍼 제외 1 · 15.6s · 상태 ok(실패 0) · 완료 14/30 · 누적 190s
[2026-09-29T14:24:26Z]:   [W2-Lena|r1|f2] 적합 14 · 키 24 · 학습 17289 · 채점 123 · 버퍼 제외 1 · 15.7s · 상태 ok(실패 0) · 완료 15/30 · 누적 206s
[2026-09-29T14:24:41Z]:   [W2-Lena|r1|f3] 적합 14 · 키 24 · 학습 16128 · 채점 1313 · 버퍼 제외 1 · 14.8s · 상태 ok(실패 0) · 완료 16/30 · 누적 221s
[2026-09-29T14:24:56Z]:   [W2-Lena|r1|f4] 적합 14 · 키 24 · 학습 17291 · 채점 175 · 버퍼 제외 1 · 15.6s · 상태 ok(실패 0) · 완료 17/30 · 누적 236s
[2026-09-29T14:25:06Z]:   [V-B|r1|f0] 적합 9 · 키 18 · 학습 10640 · 채점 6767 · 버퍼 제외 0 · 9.8s · 상태 ok(실패 0) · 완료 18/30 · 누적 246s
[2026-09-29T14:25:19Z]:   [V-B|r1|f1] 적합 9 · 키 18 · 학습 15047 · 채점 2398 · 버퍼 제외 0 · 12.7s · 상태 ok(실패 0) · 완료 19/30 · 누적 259s
[2026-09-29T14:25:31Z]:   [V-B|r1|f2] 적합 9 · 키 18 · 학습 14433 · 채점 3033 · 버퍼 제외 0 · 12.6s · 상태 ok(실패 0) · 완료 20/30 · 누적 271s
[2026-09-29T14:25:44Z]:   [V-B|r1|f3] 적합 9 · 키 18 · 학습 14701 · 채점 2762 · 버퍼 제외 0 · 12.5s · 상태 ok(실패 0) · 완료 21/30 · 누적 284s
[2026-09-29T14:25:56Z]:   [V-B|r1|f4] 적합 9 · 키 18 · 학습 15047 · 채점 2414 · 버퍼 제외 0 · 12.2s · 상태 ok(실패 0) · 완료 22/30 · 누적 296s
[2026-09-29T14:26:11Z]:   [V-C100|r1|f0] 적합 9 · 키 18 · 학습 17464 · 채점 2 · 버퍼 제외 0 · 14.6s · 상태 ok(실패 0) · 완료 23/30 · 누적 311s
[2026-09-29T14:26:23Z]:   [V-C100|r1|f3] 적합 9 · 키 18 · 학습 14753 · 채점 1783 · 버퍼 제외 928 · 12.3s · 상태 ok(실패 0) · 완료 24/30 · 누적 323s
[2026-09-29T14:26:35Z]:   [V-C100|r1|f4] 적합 9 · 키 18 · 학습 14478 · 채점 1177 · 버퍼 제외 1736 · 12.1s · 상태 ok(실패 0) · 완료 25/30 · 누적 335s
[2026-09-29T14:26:38Z]:   [W1-Lena|r1|f0] 적합 8 · 키 15 · 학습 2129 · 채점 908 · 버퍼 제외 0 · 3.5s · 상태 ok(실패 0) · 완료 26/30 · 누적 339s
[2026-09-29T14:26:42Z]:   [W1-Lena|r1|f1] 적합 8 · 키 15 · 학습 2598 · 채점 439 · 버퍼 제외 0 · 3.7s · 상태 ok(실패 0) · 완료 27/30 · 누적 342s
[2026-09-29T14:26:46Z]:   [W1-Lena|r1|f2] 적합 8 · 키 15 · 학습 2860 · 채점 123 · 버퍼 제외 0 · 4.1s · 상태 ok(실패 0) · 완료 28/30 · 누적 347s
[2026-09-29T14:26:49Z]:   [W1-Lena|r1|f3] 적합 8 · 키 15 · 학습 1699 · 채점 1313 · 버퍼 제외 0 · 3.1s · 상태 ok(실패 0) · 완료 29/30 · 누적 350s
[2026-09-29T14:26:53Z]:   [W1-Lena|r1|f4] 적합 8 · 키 15 · 학습 2862 · 채점 175 · 버퍼 제외 0 · 4.0s · 상태 ok(실패 0) · 완료 30/30 · 누적 354s
[2026-09-29T14:26:54Z]: [done] 완료 30 · 실패 0 · 일부 적합 실패 0 · 354s
[2026-09-29T14:26:54Z]: [2026-09-29T14:26:54Z] [stage] smoke_h41 끝: 종료 코드 0 · 355 s · 경과 30 min
[2026-09-29T14:26:54Z]:   [smoke_gpu] [data] 부분 gpu · 축 ['r0', 'g45', 'nn'] · 작업 단위 48(건너뜀 0) · 축별 {'r0': 18, 'g45': 21, 'nn': 9}
[2026-09-29T14:26:54Z]:   [smoke_gpu] [plan] 실행 48 · 선택 작업 0 · 재개로 건너뜀 0 · 프로세스 1 · 스레드 1 · 장치 GPU 0 · epochs 3 · RealMLP epochs 3
[2026-09-29T14:26:54Z]:   [smoke_gpu] [done] 완료 48 · 실패 0 · 일부 적합 실패 0 · 선택 설정 없는 n3 조각 0 · 686s
[2026-09-29T14:26:54Z]:   [smoke_gpu] LOCAL_RANK: 0 - CUDA_VISIBLE_DEVICES: [0]
[2026-09-29T14:26:54Z]:   [smoke_gpu] `Trainer.fit` stopped: `max_epochs=3` reached.
[2026-09-29T14:26:54Z]:   [smoke_gpu] GPU available: True (cuda), used: True
[2026-09-29T14:26:54Z]:   [smoke_gpu] TPU available: False, using: 0 TPU cores
[2026-09-29T14:26:54Z]:   [smoke_gpu] 💡 Tip: For seamless cloud logging and experiment tracking, try installing [litlogger](https://pypi.org/project/litlogger/) to enable LitLogger, which logs metrics and artifacts automatically to the Lightning Experiments platform.
[2026-09-29T14:26:54Z]:   [smoke_gpu] LOCAL_RANK: 0 - CUDA_VISIBLE_DEVICES: [0]
[2026-09-29T14:26:54Z]:   [smoke_gpu]   [g45|AL-3|i|s4|realmlp] 적합 12 · 행 41 · A 349 · 채점 302/7블록 · 원천 16816 · 76.8s · 장치 '0' · 상태 ok(실패 0) · 완료 48/48 · 누적 685s
[2026-09-29T14:26:54Z]:   [smoke_gpu] [done] 완료 48 · 실패 0 · 일부 적합 실패 0 · 선택 설정 없는 n3 조각 0 · 686s
[2026-09-29T14:26:54Z]: [2026-09-29T14:26:54Z] [stage] smoke_gpu 끝: 종료 코드 0 · 1744 s · 경과 30 min
[2026-09-29T14:26:54Z]: [2026-09-29T14:26:54Z] [pack] results_lgx_smoke.tar.gz 3.1M · 파일 321개 · 조각 포함 1
[2026-09-29T14:26:54Z]: [2026-09-29T14:26:54Z] [stage] smoke_sum_h42 시작(제한 1200 s): env LG_RESCALE=1 python3 -u scripts/3_deep_learning/h42_label_grid_ext.py --smoke --summarize-only --workers 2 --threads 2 --gate-tag lg_smoke
[2026-09-29T14:27:18Z]: [summarize] 재현 점검: 3/3 단위 통과 → lgx_smoke_gate.csv
[2026-09-29T14:27:18Z]: [summarize] 조각 81 · runs 3,380 · curve 3,082(16s, 프로세스 2) · tests 915 · 22s → /enc/ukrprod_gLyfeb/work/data/processed/lgx/lgx_smoke_*
[2026-09-29T14:27:18Z]: test_id role                                                                                                                                                                                verdict
[2026-09-29T14:27:18Z]:      L9   보조                                                                                                                                               부분(지역 2/4, 분할 1/2): 미지지: 구현을 점검하고 표만 싣는다
[2026-09-29T14:27:18Z]:     L10    주                                                                                                                                                   판정 불가(분할 1/2. 등록한 분할이 모두 채워진 뒤 판정한다)
[2026-09-29T14:27:18Z]:     L10   보조                                                                                                                                                   판정 불가(분할 1/2. 등록한 분할이 모두 채워진 뒤 판정한다)
[2026-09-29T14:27:18Z]:     L11   보조                                                                                                                                                                 부분(지역 2/4, 분할 1/2): 지지
[2026-09-29T14:27:18Z]:     L12    주                                                                                                                                                   판정 불가(분할 1/2. 등록한 분할이 모두 채워진 뒤 판정한다)
[2026-09-29T14:27:18Z]:     L13   보조                                                                                                                                                                부분(지역 2/4, 분할 1/2): 미지지
[2026-09-29T14:27:18Z]:     L13   보조                                                                                                                                                 부분(대상 1/2(없는 대상: CA-3|i), 분할 1/2): 미지지
[2026-09-29T14:27:18Z]:     L14   보조                                                                                                                                                 부분(지역 2/4, 분할 1/2): 혼재 또는 미결정: 표로 보고한다
[2026-09-29T14:27:18Z]:     L15    주                                                                                                                                                   판정 불가(분할 1/2. 등록한 분할이 모두 채워진 뒤 판정한다)
[2026-09-29T14:27:18Z]:     L16   보조                                                                                                                                부분(지역 2/4, 분할 1/2): 비율 의존: 표로 보고한다(기준 r = 10 은 바꾸지 않는다)
[2026-09-29T14:27:18Z]:     L16   보조                                                                                                                                                 부분(지역 2/4, 분할 1/2): 수렴 문장의 조건을 충족하지 못함
[2026-09-29T14:27:18Z]:     L17   보조                                                                                                                              부분(지역 2/4, 분할 1/2): 대상 라벨의 공변량과 잔차의 관계가 기여한다: n=-1 λ=0.25
[2026-09-29T14:27:18Z]:     L18   보조                                                                      부분(대비 2/6(없는 대비: α=10 n=40, α=10 n=160, α=100 n=40, α=100 n=160), 지역 2/4, 분할 1/2): 지지: 가중을 주어도 증강 결합은 R1 보다 낫지 않다
[2026-09-29T14:27:18Z]:     L23   보조                                                                                                                                                    부분(지역 2/4, 분할 1/2): 근접 성분은 확인되지 않았다
[2026-09-29T14:27:18Z]:     L24   보조                                                                                                                                         판정 불가(대상 1/4, 기준 2개 이상. 남은 대상에 따라 결과가 바뀔 수 있다)
[2026-09-29T14:27:18Z]:     L24   보조                                                                                                                                         판정 불가(대상 1/4, 기준 3개 이상. 남은 대상에 따라 결과가 바뀔 수 있다)
[2026-09-29T14:27:18Z]:     L25   보조                                                                                                                                                     판정 불가(칸 1/6. 남은 칸에 따라 결과가 바뀔 수 있다)
[2026-09-29T14:27:18Z]:     L26   보조                                                                                                                                       판정 불가(5분할 판정에서 제외: 분할 일부만 있다. LG 의 3분할 판정을 유지한다)
[2026-09-29T14:27:18Z]:     L26   보조                                                                                                                                       판정 불가(5분할 판정에서 제외: 분할 일부만 있다. LG 의 3분할 판정을 유지한다)
[2026-09-29T14:27:18Z]:     L26   보조                                                                                                                                       판정 불가(5분할 판정에서 제외: 분할 일부만 있다. LG 의 3분할 판정을 유지한다)
[2026-09-29T14:27:18Z]:     L26   보조                                                                                                                                       판정 불가(5분할 판정에서 제외: 분할 일부만 있다. LG 의 3분할 판정을 유지한다)
[2026-09-29T14:27:18Z]:     L26   보조                                                                                                                                       판정 불가(5분할 판정에서 제외: 분할 일부만 있다. LG 의 3분할 판정을 유지한다)
[2026-09-29T14:27:18Z]:     L26   보조                                                                                                                                       판정 불가(5분할 판정에서 제외: 분할 일부만 있다. LG 의 3분할 판정을 유지한다)
[2026-09-29T14:27:18Z]:     L26   보조                                                                                                                                       판정 불가(5분할 판정에서 제외: 분할 일부만 있다. LG 의 3분할 판정을 유지한다)
[2026-09-29T14:27:18Z]:     L26   보조                                                                                                                                       판정 불가(5분할 판정에서 제외: 분할 일부만 있다. LG 의 3분할 판정을 유지한다)
[2026-09-29T14:27:18Z]:     L27   보조                                                                                                                               판정 불가(시험한 학습기 0/8, 부호가 같은 학습기 0. 남은 학습기에 따라 결과가 바뀔 수 있다)
[2026-09-29T14:27:18Z]:     L28   보조                                                                                                                                                                 부분(지역 2/4, 분할 1/2): 강건
[2026-09-29T14:27:18Z]:     L28   보조                                                                                                                                                                 부분(지역 2/4, 분할 1/2): 강건
[2026-09-29T14:27:18Z]:     L28   보조                                                                                                                                                                      판정 불가(판정한 대비 0/5)
[2026-09-29T14:27:18Z]:     L28   보조                                                                                                                                                                      판정 불가(판정한 대비 0/5)
[2026-09-29T14:27:18Z]:     L28   보조                                                                                                                                                                 부분(지역 2/4, 분할 1/2): 강건
[2026-09-29T14:27:18Z]:     L28   보조                                                                                                                                                                 부분(지역 2/4, 분할 1/2): 약화
[2026-09-29T14:27:18Z]:     L28   보조                                                                                                                                                                 부분(지역 2/4, 분할 1/2): 약화
[2026-09-29T14:27:18Z]:     L28   보조                                                                                                                                                                 부분(지역 2/4, 분할 1/2): 약화
[2026-09-29T14:27:18Z]:     L28   보조                                                                                                                                                                 부분(지역 2/4, 분할 1/2): 약화
[2026-09-29T14:27:18Z]:     L28   보조                                                                                                                                                                 부분(지역 2/4, 분할 1/2): 강건
[2026-09-29T14:27:18Z]:     L28   보조                                                                                                                                                       부분(지역 2/4, 분할 1/2): 앵커 교체의 이득 없음
[2026-09-29T14:27:18Z]:     L29    주                                                                                                                                                   판정 불가(분할 1/2. 등록한 분할이 모두 채워진 뒤 판정한다)
[2026-09-29T14:27:18Z]:     L29   보조 판정 불가(대비 12/24; 없는 대비: B:ens n=40, P1@soil n=40, P1@ku n=40, P1@ed n=40, P1@cci n=40, P1@tddm n=40, B:ens n=160, P1@soil n=160, P1@ku n=160, P1@ed n=160, P1@cci n=160, P1@tddm n=160)
[2026-09-29T14:27:18Z]:     L29   보조                                                                                                                                                   판정 불가(분할 1/2. 등록한 분할이 모두 채워진 뒤 판정한다)
[2026-09-29T14:27:18Z]:     L30    주                                                                                                                                                   판정 불가(분할 1/2. 등록한 분할이 모두 채워진 뒤 판정한다)
[2026-09-29T14:27:18Z]:     L31   보조                                                                                                                                                   판정 불가(지역 2/4. 남은 지역에 따라 결과가 바뀔 수 있다)
[2026-09-29T14:27:18Z]: [2026-09-29T14:27:18Z] [stage] smoke_sum_h42 끝: 종료 코드 0 · 24 s · 경과 31 min
[2026-09-29T14:27:18Z]: [2026-09-29T14:27:18Z] [stage] smoke_sum_h41 시작(제한 600 s): env LG_RESCALE=1 python3 -u scripts/2_evaluation/h41_validation_ladder.py --smoke --summarize-only --threads 4
[2026-09-29T14:27:20Z]: [data] 17,467셀 · 채점 17,374셀/174블록 · 부분 all · 단 ['V-R', 'V-B', 'V-C100', 'V-G', 'W2-Lena', 'W1-Lena'] · 반복 1(지역 내 1) · fold 5 · seed [0] · 학습기 ['catboost_lo', 'catboost', 'rf'] · λ [0.25, 0.5, 1.0] · 작업 단위 30(건너뜀 27) · 연도 정합 도일 표 lgx_tdd_matched_v1.csv:54f132e461ea
[2026-09-29T14:27:20Z]:   [warn] V-C100 r1: 예측되지 않은 채점 셀이 14412개다(범위 0.1705). --allow-partial: 통계에 넣는다
[2026-09-29T14:27:27Z]: [summarize] 학습기별 적합 시간(전 조각 합계)
[2026-09-29T14:27:27Z]:    axis     learner  n_fit    sec  sec_per_fit
[2026-09-29T14:27:27Z]:  pooled    catboost     40  60.20      1.50500
[2026-09-29T14:27:27Z]:  pooled catboost_lo    100  27.64      0.27640
[2026-09-29T14:27:27Z]:  pooled          rf     40 160.07      4.00175
[2026-09-29T14:27:27Z]:      w1    catboost     10   6.15      0.61500
[2026-09-29T14:27:27Z]:      w1 catboost_lo     20   1.93      0.09650
[2026-09-29T14:27:27Z]:      w1          rf     10  10.23      1.02300
[2026-09-29T14:27:27Z]:      w2    catboost     10  16.00      1.60000
[2026-09-29T14:27:27Z]:      w2 catboost_lo     30   8.85      0.29500
[2026-09-29T14:27:27Z]:      w2          rf     10  46.22      4.62200
[2026-09-29T14:27:27Z]: w2_nest catboost_lo     20   5.73      0.28650
[2026-09-29T14:27:27Z]: [summarize] 조각 30 · 지표 835 · 대비 1,557 · 판정 표 183 · 실패 기록 1 · 8s → /enc/ukrprod_gLyfeb/work/data/processed/lgx/ladder/lgv_smoke_*
[2026-09-29T14:27:27Z]: test_id role                                             verdict                                                                                                                                                                                                  stat
[2026-09-29T14:27:27Z]:     L19    주 지지하지 않음(V-R 에서 우세가 아니다. '역전' 표현을 쓰지 않고 열화 크기만 보고한다) catboost_lo | V-R: Δ -4.11 [-6.17, -1.02], 블록 등가중 [-2.67, 0.55], 지역 5/5, 미결정 | V-G: Δ 6.48 [3.97, 9.29], 블록 등가중 [3.74, 7.05], 지역 5/5, 열세 | 열화: Δ 10.73 [7.26, 13.53], 블록 등가중 [4.71, 7.90], 지역 5/5, 열세
[2026-09-29T14:27:27Z]:     L19   보조                                                  지지   catboost | V-R: Δ -6.23 [-8.74, -2.52], 블록 등가중 [-4.85, -0.80], 지역 5/5, 우세 | V-G: Δ 7.08 [4.33, 9.69], 블록 등가중 [3.87, 7.56], 지역 5/5, 열세 | 열화: Δ 13.44 [9.89, 15.91], 블록 등가중 [6.43, 10.36], 지역 5/5, 열세
[2026-09-29T14:27:27Z]:     L19   보조                                                  지지        rf | V-R: Δ -6.49 [-8.40, -3.59], 블록 등가중 [-5.32, -1.62], 지역 5/5, 우세 | V-G: Δ 5.88 [4.14, 8.04], 블록 등가중 [3.94, 7.05], 지역 5/5, 열세 | 열화: Δ 12.50 [10.27, 14.16], 블록 등가중 [7.12, 10.54], 지역 5/5, 열세
[2026-09-29T14:27:27Z]:     L20    주                           판정 불가(점 추정이 없는 단: V-C500)                                                                                                                      catboost_lo | V-R 22.69, V-B 27.28, V-C100 17.02, V-G 33.42 | V-C500 − V-R: 행 없음
[2026-09-29T14:27:27Z]:     L20   보조                           판정 불가(점 추정이 없는 단: V-C500)                                                                                                                         catboost | V-R 20.58, V-B 27.13, V-C100 17.25, V-G 34.02 | V-C500 − V-R: 행 없음
[2026-09-29T14:27:27Z]:     L20   보조                           판정 불가(점 추정이 없는 단: V-C500)                                                                                                                               rf | V-R 20.32, V-B 26.50, V-C100 18.68, V-G 32.82 | V-C500 − V-R: 행 없음
[2026-09-29T14:27:27Z]:     L21    주                                                  지지                                                                                                                      catboost_lo, λ 0.25 | Δ -9.07 [-11.36, -6.19], 블록 등가중 [-6.85, -4.16], 지역 5/5, 우세
[2026-09-29T14:27:27Z]:     L21   보조                                                  지지                                                                                                                        catboost_lo, λ 0.5 | Δ -6.71 [-8.25, -4.64], 블록 등가중 [-5.09, -3.06], 지역 5/5, 우세
[2026-09-29T14:27:27Z]:     L21   보조                                        지지하지 않음(미결정)                                                                                                                        catboost_lo, λ 1.0 | Δ -1.44 [-2.21, -0.48], 블록 등가중 [-1.40, 0.14], 지역 5/5, 미결정
[2026-09-29T14:27:27Z]:     L21   보조                                                  지지                                                                                                                        catboost, λ 0.25 | Δ -10.64 [-12.70, -7.70], 블록 등가중 [-8.27, -5.22], 지역 5/5, 우세
[2026-09-29T14:27:27Z]:     L21   보조                                                  지지                                                                                                                           catboost, λ 0.5 | Δ -7.05 [-8.69, -4.83], 블록 등가중 [-5.43, -3.37], 지역 5/5, 우세
[2026-09-29T14:27:27Z]:     L21   보조                                        지지하지 않음(미결정)                                                                                                                            catboost, λ 1.0 | Δ -0.04 [-1.34, 1.76], 블록 등가중 [-0.12, 1.32], 지역 5/5, 미결정
[2026-09-29T14:27:27Z]:     L21   보조                                                  지지                                                                                                                               rf, λ 0.25 | Δ -9.64 [-11.01, -7.79], 블록 등가중 [-8.31, -5.60], 지역 5/5, 우세
[2026-09-29T14:27:27Z]:     L21   보조                                                  지지                                                                                                                                 rf, λ 0.5 | Δ -6.22 [-7.52, -4.61], 블록 등가중 [-5.43, -3.43], 지역 5/5, 우세
[2026-09-29T14:27:27Z]:     L21   보조                                        지지하지 않음(미결정)                                                                                                                                    rf, λ 1.0 | Δ 0.50 [-1.13, 2.36], 블록 등가중 [0.12, 1.68], 지역 5/5, 미결정
[2026-09-29T14:27:27Z]:     L22    주                                     우세 지역 1/1: Lena                                                                                                              R1w[catboost_lo, λ 0.25] | k = 1/1 | Lena: Δ -0.78 [-2.38, -0.15], 우세 | Alaska 는 재현(비맹검)
[2026-09-29T14:27:27Z]:     L22   보조                                     우세 지역 1/1: Lena                                                                                                               R1w[catboost_lo, λ 0.5] | k = 1/1 | Lena: Δ -1.34 [-4.60, -0.06], 우세 | Alaska 는 재현(비맹검)
[2026-09-29T14:27:27Z]:     L22   보조                 지역 내 조건에서도 재보정 물리식 대비 순가치는 확인되지 않았다                                                                                                               R1w[catboost_lo, λ 1.0] | k = 0/1 | Lena: Δ -1.72 [-8.40, 0.99], 미결정 | Alaska 는 재현(비맹검)
[2026-09-29T14:27:27Z]:     L22   보조                 지역 내 조건에서도 재보정 물리식 대비 순가치는 확인되지 않았다                                                                                                         R1w@nest[catboost_lo, λ -1.0] | k = 0/1 | Lena: Δ -0.76 [-2.37, 0.04], 미결정 | Alaska 는 재현(비맹검)
[2026-09-29T14:27:27Z]:     L22   보조                                     우세 지역 1/1: Lena                                                                                                                 R1w[catboost, λ 0.25] | k = 1/1 | Lena: Δ -1.05 [-3.21, -0.16], 우세 | Alaska 는 재현(비맹검)
[2026-09-29T14:27:27Z]:     L22   보조                 지역 내 조건에서도 재보정 물리식 대비 순가치는 확인되지 않았다                                                                                                                       R1w[rf, λ 0.25] | k = 0/1 | Lena: Δ -0.94 [-2.60, 0.02], 미결정 | Alaska 는 재현(비맹검)
[2026-09-29T14:27:27Z]: [2026-09-29T14:27:27Z] [stage] smoke_sum_h41 끝: 종료 코드 0 · 9 s · 경과 31 min
[2026-09-29T14:27:27Z]: [2026-09-29T14:27:27Z] [stage] gate_smoke 시작(제한 180 s): env OMP_NUM_THREADS=1 python3 -u scripts/rescale/lgx_gate_check.py --smoke --gate-tag lg_smoke --out-csv lgx_smoke_gate_check.csv
[2026-09-29T14:27:29Z]: [gate] 확장 기준 축 조각 3개(tag lgxb_smoke) · 기준 tag lg_smoke · 기준 조각이 있는 단위 3개 · 허용 차 물리식 1e-09 cm, CatBoost 0.02 cm
[2026-09-29T14:27:29Z]:   target mode  split status  n_keys  n_keys_phys  n_keys_ml  max_diff_phys  max_diff_ml  blocks_equal code_sha_h40_ref code_sha_h40_now                                         worst_key
[2026-09-29T14:27:29Z]:     AL-3    i      1     ok      40            7         33            0.0          0.0          True     ffd0b3a76d36     ffd0b3a76d36 ["R2", "catboost_lo", "1", "cell", -1, 0, 0, 1.0]
[2026-09-29T14:27:29Z]:   Canada    x      1     ok      40            7         33            0.0          0.0          True     ffd0b3a76d36     ffd0b3a76d36 ["R2", "catboost_lo", "1", "cell", -1, 0, 0, 1.0]
[2026-09-29T14:27:29Z]: Russia_W    x      1     ok      27            5         22            0.0          0.0          True     ffd0b3a76d36     ffd0b3a76d36 ["R2", "catboost_lo", "1", "cell", -1, 0, 0, 1.0]
[2026-09-29T14:27:29Z]: [gate] 통과 3/3 단위 · 물리식 최대 차 0 cm · CatBoost 최대 차 0 cm
[2026-09-29T14:27:29Z]: [2026-09-29T14:27:29Z] [stage] gate_smoke 끝: 종료 코드 0 · 2 s · 경과 31 min
[2026-09-29T14:27:29Z]: [2026-09-29T14:27:29Z] [stage] timing 시작(제한 300 s): python3 -u scripts/rescale/lgx_timing_table.py --lgx-dir data/processed/lgx --lg-dir data/processed/lg --out-dir . --prefix lgx_smoke
[2026-09-29T14:27:29Z]: [timing] LG 사전 점검의 gpu 조각 7개를 분할 4·5 축(g45)의 실측으로 읽었다
[2026-09-29T14:27:29Z]: [timing] 조각 115 · 행 189 → lgx_smoke_timing_by_learner.csv
[2026-09-29T14:27:29Z]: harness           tag part    axis        learner  n_fit     sec  sec_full_epochs    est_s  epochs_run  sec_per_fit  calib
[2026-09-29T14:27:29Z]:     h41     lgv_smoke  cpu     V-B       catboost     10   14.76           14.760    34.64         NaN        1.476  0.426
[2026-09-29T14:27:29Z]:     h41     lgv_smoke  cpu     V-B    catboost_lo     25    6.79            6.790     6.70         NaN        0.272  1.013
[2026-09-29T14:27:29Z]:     h41     lgv_smoke  cpu     V-B             rf     10   38.05           38.050    50.22         NaN        3.805  0.758
[2026-09-29T14:27:29Z]:     h41     lgv_smoke  cpu  V-C100       catboost      6    9.37            9.370    22.68         NaN        1.562  0.413
[2026-09-29T14:27:29Z]:     h41     lgv_smoke  cpu  V-C100    catboost_lo     15    4.26            4.260     4.35         NaN        0.284  0.979
[2026-09-29T14:27:29Z]:     h41     lgv_smoke  cpu  V-C100             rf      6   24.59           24.590    33.54         NaN        4.098  0.733
[2026-09-29T14:27:29Z]:     h41     lgv_smoke  cpu     V-G       catboost     14   20.93           20.930    50.28         NaN        1.495  0.416
[2026-09-29T14:27:29Z]:     h41     lgv_smoke  cpu     V-G    catboost_lo     35    9.56            9.560     9.55         NaN        0.273  1.001
[2026-09-29T14:27:29Z]:     h41     lgv_smoke  cpu     V-G             rf     14   57.42           57.420    74.36         NaN        4.101  0.772
[2026-09-29T14:27:29Z]:     h41     lgv_smoke  cpu     V-R       catboost     10   15.14           15.140    34.70         NaN        1.514  0.436
[2026-09-29T14:27:29Z]:     h41     lgv_smoke  cpu     V-R    catboost_lo     25    7.03            7.030     6.75         NaN        0.281  1.041
[2026-09-29T14:27:29Z]:     h41     lgv_smoke  cpu     V-R             rf     10   40.01           40.010    50.20         NaN        4.001  0.797
[2026-09-29T14:27:29Z]:     h41     lgv_smoke  cpu W1-Lena       catboost     10    6.15            6.150     8.52         NaN        0.615  0.722
[2026-09-29T14:27:29Z]:     h41     lgv_smoke  cpu W1-Lena    catboost_lo     20    1.93            1.930     1.88         NaN        0.096  1.027
[2026-09-29T14:27:29Z]:     h41     lgv_smoke  cpu W1-Lena             rf     10   10.23           10.230     8.72         NaN        1.023  1.173
[2026-09-29T14:27:29Z]:     h41     lgv_smoke  cpu W2-Lena       catboost     10   16.00           16.000    40.28         NaN        1.600  0.397
[2026-09-29T14:27:29Z]:     h41     lgv_smoke  cpu W2-Lena    catboost_lo     50   14.58           14.580    14.96         NaN        0.292  0.975
[2026-09-29T14:27:29Z]:     h41     lgv_smoke  cpu W2-Lena             rf     10   46.22           46.220    60.56         NaN        4.622  0.763
[2026-09-29T14:27:29Z]:     h42   lg_precheck  gpu     g45            cfm      6   67.52           67.520    43.42       100.0       11.253  1.555
[2026-09-29T14:27:29Z]:     h42   lg_precheck  gpu     g45           ddpm      6   77.17           77.170    54.28       100.0       12.862  1.422
[2026-09-29T14:27:29Z]:     h42   lg_precheck  gpu     g45            ftt      6 1333.29         1333.290   405.30       100.0      222.215  3.290
[2026-09-29T14:27:29Z]:     h42   lg_precheck  gpu     g45            mlp     16   29.08           29.080    47.05       100.0        1.818  0.618
[2026-09-29T14:27:29Z]:     h42   lg_precheck  gpu     g45          nflow      6  256.28          256.280   311.20       100.0       42.713  0.824
[2026-09-29T14:27:29Z]:     h42   lg_precheck  gpu     g45           tabm      6   26.62           26.620    94.08       100.0        4.437  0.283
[2026-09-29T14:27:29Z]:     h42 lgrm_precheck  gpu     g45        realmlp      6   76.48         2447.360  5844.18         8.0       12.747  0.419
[2026-09-29T14:27:29Z]:     h42    lgx1_smoke  cpu      x1    catboost_lo    104   29.79           29.790    31.50         NaN        0.286  0.946
[2026-09-29T14:27:29Z]:     h42    lgx2_smoke  cpu      x2    catboost_lo    116  159.26          159.260   125.60         NaN        1.373  1.268
[2026-09-29T14:27:29Z]:     h42    lgx5_smoke  cpu      x5    catboost_lo    132   38.09           38.090    39.39         NaN        0.289  0.967
[2026-09-29T14:27:29Z]:     h42    lgx9_smoke  cpu      x9    catboost_lo    139   40.01           40.010    42.15         NaN        0.288  0.949
[2026-09-29T14:27:29Z]:     h42   lgx9f_smoke  cpu     x9f    catboost_lo     60   14.28           14.280    13.89         NaN        0.238  1.028
[2026-09-29T14:27:29Z]:     h42    lgxb_smoke  cpu    base    catboost_lo     52   41.26           41.260    37.15         NaN        0.793  1.111
[2026-09-29T14:27:29Z]:     h42    lgxg_smoke  gpu     g45            cfm     33    9.12          304.000   242.51         3.0        0.276  1.254
[2026-09-29T14:27:29Z]:     h42    lgxg_smoke  gpu     g45           ddpm     33   23.74          791.333   303.15         3.0        0.719  2.610
[2026-09-29T14:27:29Z]:     h42    lgxg_smoke  gpu     g45            ftt     33  268.75         8958.333  2263.42         3.0        8.144  3.958
[2026-09-29T14:27:29Z]:     h42    lgxg_smoke  gpu     g45            mlp    113   12.40          366.450   303.55         3.0        0.110  1.207
[2026-09-29T14:27:29Z]:     h42    lgxg_smoke  gpu     g45          nflow     33   27.68          922.667  1737.97         3.0        0.839  0.531
[2026-09-29T14:27:29Z]:     h42    lgxg_smoke  gpu     g45        realmlp     33  202.81        17306.453 32637.52         3.0        6.146  0.530
[2026-09-29T14:27:29Z]:     h42    lgxg_smoke  gpu     g45           tabm     33    9.82          327.333   525.43         3.0        0.298  0.623
[2026-09-29T14:27:29Z]:     h42   lgxn3_smoke  cpu      n3       catboost     41  111.77          111.770   169.68         NaN        2.726  0.659
[2026-09-29T14:27:29Z]:     h42   lgxn3_smoke  cpu      n3 catboost_tuned     30   32.18           32.180    66.77         NaN        1.073  0.482
[2026-09-29T14:27:29Z]:     h42   lgxn3_smoke  cpu      n3             rf     30  142.60          142.600   122.29         NaN        4.753  1.166
[2026-09-29T14:27:29Z]:     h42   lgxn4_smoke  cpu      n4    catboost_lo     30    8.75            8.750     9.09         NaN        0.292  0.963
[2026-09-29T14:27:29Z]:     h42   lgxnn_smoke  gpu      nn            ftt     30   58.16         1938.667   476.54         3.0        1.939  4.068
[2026-09-29T14:27:29Z]:     h42   lgxnn_smoke  gpu      nn            mlp     30    1.78           59.333    42.56         3.0        0.059  1.394
[2026-09-29T14:27:29Z]:     h42   lgxnn_smoke  gpu      nn           tabm     30    2.66           88.667   110.63         3.0        0.089  0.801
[2026-09-29T14:27:29Z]:     h42    lgxp_smoke  cpu    prox    catboost_lo    256   73.86           73.860    78.16         NaN        0.289  0.945
[2026-09-29T14:27:29Z]:     h42   lgxr0_smoke  cpu   ridge          ridge     82    3.15            3.150     9.74         NaN        0.038  0.323
[2026-09-29T14:27:29Z]:     h42   lgxr0_smoke  gpu      r0            cfm     11    1.71           57.000    18.71         3.0        0.155  3.046
[2026-09-29T14:27:29Z]:     h42   lgxr0_smoke  gpu      r0           ddpm     11    5.80          193.333    23.40         3.0        0.527  8.262
[2026-09-29T14:27:29Z]:     h42   lgxr0_smoke  gpu      r0            ftt     11   20.22          674.000   174.70         3.0        1.838  3.858
[2026-09-29T14:27:29Z]:     h42   lgxr0_smoke  gpu      r0          nflow     11    6.76          225.333   134.14         3.0        0.615  1.680
[2026-09-29T14:27:29Z]:     h42   lgxr0_smoke  gpu      r0        realmlp     11   18.85         1608.533  2519.07         3.0        1.714  0.639
[2026-09-29T14:27:29Z]:     h42   lgxr0_smoke  gpu      r0           tabm     11    5.80          193.333    40.56         3.0        0.527  4.767
[2026-09-29T14:27:29Z]: [timing] 적합 수 표(lgx_count_<부분>_detail.csv, ladder/lgv_count.csv)가 없어 본 실행 환산을 생략한다
[2026-09-29T14:27:29Z]: [2026-09-29T14:27:29Z] [stage] timing 끝: 종료 코드 0 · 0 s · 경과 31 min
[2026-09-29T14:27:30Z]: [2026-09-29T14:27:30Z] [pack] results_lgx_smoke.tar.gz 4.1M · 파일 347개 · 조각 포함 1
[2026-09-29T14:27:30Z]: [2026-09-29T14:27:30Z] [stage] pytest_h42 시작(제한 1800 s): env -u LG_RESCALE LG_RUN_HEAVY=1 CUDA_VISIBLE_DEVICES= python3 -m pytest -q -rfEs -p no:cacheprovider tests/test_h42_ext.py
[2026-09-29T14:31:08Z]: ............................                                             [100%]
[2026-09-29T14:31:08Z]: 28 passed in 217.46s (0:03:37)
[2026-09-29T14:31:08Z]: [2026-09-29T14:31:08Z] [stage] pytest_h42 끝: 종료 코드 0 · 218 s · 경과 35 min
[2026-09-29T14:31:08Z]: [2026-09-29T14:31:08Z] [stage] pytest_h41 시작(제한 1200 s): env -u LG_RESCALE LG_RUN_HEAVY=1 CUDA_VISIBLE_DEVICES= python3 -m pytest -q -rfEs -p no:cacheprovider tests/test_h41_ladder.py
[2026-09-29T14:32:30Z]: .......................                                                  [100%]
[2026-09-29T14:32:30Z]: 23 passed in 81.32s (0:01:21)
[2026-09-29T14:32:30Z]: [2026-09-29T14:32:30Z] [stage] pytest_h41 끝: 종료 코드 0 · 82 s · 경과 36 min
[2026-09-29T14:32:30Z]: [2026-09-29T14:32:30Z] [pack] results_lgx_smoke.tar.gz 4.1M · 파일 349개 · 조각 포함 1
[2026-09-29T14:32:30Z]: [2026-09-29T14:32:30Z] [stage] count_cpu 시작(제한 420 s): env LG_RESCALE=1 python3 -u scripts/3_deep_learning/h42_label_grid_ext.py --part cpu --count-only --threads 4
[2026-09-29T14:32:38Z]: [data] 부분 cpu · 축 ['base', 'x1', 'x2', 'x9', 'n3', 'prox', 'x5', 'x9f', 'n4', 'n4a', 'ridge'] · 작업 단위 3860(건너뜀 955) · 축별 {'base': 117, 'x1': 117, 'x2': 117, 'x9': 117, 'n3': 55, 'prox': 117, 'x5': 117, 'x9f': 117, 'n4': 620, 'n4a': 2311, 'ridge': 55}
[2026-09-29T14:33:41Z]: [count-only] 부분 cpu · 축 ['base', 'x1', 'x2', 'x9', 'n3', 'prox', 'x5', 'x9f', 'n4', 'n4a', 'ridge'] · 작업 단위 3860 · 건너뜀 955
[2026-09-29T14:33:41Z]:        units  targets  fit_total    rows  est_h
[2026-09-29T14:33:41Z]: axis                                           
[2026-09-29T14:33:41Z]: base     117       17      28156   68253   4.21
[2026-09-29T14:33:41Z]: x1       117       17      56312  122194   3.69
[2026-09-29T14:33:41Z]: x2       117       17      51608  105798  11.89
[2026-09-29T14:33:41Z]: x9       117       17      65058  224823   4.33
[2026-09-29T14:33:41Z]: n3        55       12       6870   18415   4.82
[2026-09-29T14:33:41Z]: prox     117       17      45736   25893   3.10
[2026-09-29T14:33:41Z]: x5       117       17      18619   20733   1.23
[2026-09-29T14:33:41Z]: x9f      117       17      20466   53121   1.08
[2026-09-29T14:33:41Z]: n4       620       15      19880   56940   1.51
[2026-09-29T14:33:41Z]: n4a     2311       15          0   90483   0.00
[2026-09-29T14:33:41Z]: ridge     55       12       5540   11935   0.12
[2026-09-29T14:33:41Z]: [count-only] 축·학습기별 적합 수와 추정 누적 시간(프로세스 1개 기준. catboost·rf·catboost_tuned 의 기준 시간은 가정값이다)
[2026-09-29T14:33:41Z]:  axis        learner  n_fit  est_h
[2026-09-29T14:33:41Z]:  base    catboost_lo  28156  4.206
[2026-09-29T14:33:41Z]:    n3       catboost   2770  2.333
[2026-09-29T14:33:41Z]:    n3 catboost_tuned   2050  0.946
[2026-09-29T14:33:41Z]:    n3             rf   2050  1.540
[2026-09-29T14:33:41Z]:    n4    catboost_lo  19880  1.508
[2026-09-29T14:33:41Z]:  prox    catboost_lo  45736  3.098
[2026-09-29T14:33:41Z]: ridge          ridge   5540  0.120
[2026-09-29T14:33:41Z]:    x1    catboost_lo  56312  3.688
[2026-09-29T14:33:41Z]:    x2    catboost_lo  51608 11.888
[2026-09-29T14:33:41Z]:    x5    catboost_lo  18619  1.226
[2026-09-29T14:33:41Z]:    x9    catboost_lo  65058  4.332
[2026-09-29T14:33:41Z]:   x9f    catboost_lo  20466  1.078
[2026-09-29T14:33:41Z]: [count-only] catboost_tuned 선택 단계: 대상 12 · 적합 900(본 적합 수에 들어 있지 않다)
[2026-09-29T14:33:41Z]: [count-only] 총 적합 318,245(선택 단계 900 별도) · 저장 행 798,588 · 추정 누적 36.0 h
[2026-09-29T14:33:42Z]: [2026-09-29T14:33:42Z] [stage] count_cpu 끝: 종료 코드 0 · 72 s · 경과 37 min
[2026-09-29T14:33:42Z]: [2026-09-29T14:33:42Z] [stage] count_gpu 시작(제한 300 s): env LG_RESCALE=1 python3 -u scripts/3_deep_learning/h42_label_grid_ext.py --part gpu --count-only --threads 4 --learners mlp,cfm,ddpm,tabm,nflow,ftt,realmlp
[2026-09-29T14:33:43Z]: [data] 부분 gpu · 축 ['r0', 'g45', 'nn'] · 작업 단위 649(건너뜀 12) · 축별 {'r0': 330, 'g45': 154, 'nn': 165}
[2026-09-29T14:34:02Z]: [count-only] 부분 gpu · 축 ['r0', 'g45', 'nn'] · 작업 단위 649 · 건너뜀 12
[2026-09-29T14:34:02Z]:       units  targets  fit_total   rows   est_h
[2026-09-29T14:34:02Z]: axis                                          
[2026-09-29T14:34:02Z]: r0      330       12       4320  15450   35.22
[2026-09-29T14:34:02Z]: g45     154       11       8612  23612  181.32
[2026-09-29T14:34:02Z]: nn      165       12       6150  12045    7.92
[2026-09-29T14:34:02Z]: [count-only] 축·학습기별 적합 수와 추정 누적 시간(프로세스 1개 기준. catboost·rf·catboost_tuned 의 기준 시간은 가정값이다)
[2026-09-29T14:34:02Z]: axis learner  n_fit   est_h
[2026-09-29T14:34:02Z]:  g45     cfm    876   1.154
[2026-09-29T14:34:02Z]:  g45    ddpm    876   1.443
[2026-09-29T14:34:02Z]:  g45     ftt    876  10.769
[2026-09-29T14:34:02Z]:  g45     mlp   3356   1.897
[2026-09-29T14:34:02Z]:  g45   nflow    876   8.269
[2026-09-29T14:34:02Z]:  g45 realmlp    876 155.289
[2026-09-29T14:34:02Z]:  g45    tabm    876   2.499
[2026-09-29T14:34:02Z]:   nn     ftt   2050   5.995
[2026-09-29T14:34:02Z]:   nn     mlp   2050   0.536
[2026-09-29T14:34:02Z]:   nn    tabm   2050   1.392
[2026-09-29T14:34:02Z]:   r0     cfm    720   0.227
[2026-09-29T14:34:02Z]:   r0    ddpm    720   0.283
[2026-09-29T14:34:02Z]:   r0     ftt    720   2.114
[2026-09-29T14:34:02Z]:   r0   nflow    720   1.623
[2026-09-29T14:34:02Z]:   r0 realmlp    720  30.486
[2026-09-29T14:34:02Z]:   r0    tabm    720   0.491
[2026-09-29T14:34:02Z]: [count-only] 총 적합 19,082(선택 단계 0 별도) · 저장 행 51,107 · 추정 누적 224.5 h
[2026-09-29T14:34:02Z]: [2026-09-29T14:34:02Z] [stage] count_gpu 끝: 종료 코드 0 · 20 s · 경과 38 min
[2026-09-29T14:34:02Z]: [2026-09-29T14:34:02Z] [stage] count_h41 시작(제한 300 s): env LG_RESCALE=1 python3 -u scripts/2_evaluation/h41_validation_ladder.py --count-only --threads 4
[2026-09-29T14:34:04Z]: [data] 17,467셀 · 채점 17,374셀/174블록 · 부분 all · 단 ['V-R', 'V-P', 'V-S', 'V-B', 'V-C0', 'V-C100', 'V-C500', 'V-G', 'W2-Alaska', 'W2-Lena', 'W2-Canada', 'W1-Alaska', 'W1-Lena', 'W1-Canada'] · 반복 3(지역 내 5) · fold 5 · seed [0, 1] · 학습기 ['catboost_lo', 'catboost', 'rf'] · λ [0.25, 0.5, 1.0] · 작업 단위 292(건너뜀 15) · 연도 정합 도일 표 lgx_tdd_matched_v1.csv:54f132e461ea
[2026-09-29T14:34:13Z]: [count-only] 작업 단위 292 · 건너뜀 15(no_eval) · 군집 정의 map:lgx_cluster_map_v1.csv
[2026-09-29T14:34:13Z]:            units  n_train_min  n_train_med  n_train_max  n_test_sum  buf_excl_max  lt1000  fit_total  keys  est_h
[2026-09-29T14:34:13Z]: scheme                                                                                                           
[2026-09-29T14:34:13Z]: V-G            7         3860      16697.0        17464       17374          1252       0        126   336   0.07
[2026-09-29T14:34:13Z]: V-R           15        13973      13974.0        13974       52122             0       0        270   525   0.15
[2026-09-29T14:34:13Z]: W2-Alaska     25        11703      15260.0        15771       68030             1       0        600  1125   0.28
[2026-09-29T14:34:13Z]: W2-Canada     25        17216      17310.0        17349        3735            20       0        600  1125   0.32
[2026-09-29T14:34:13Z]: W2-Lena       25        16096      17111.0        17291       14790             1       0        600  1125   0.31
[2026-09-29T14:34:13Z]: V-B           15        10640      14376.0        15193       52122             0       0        270   525   0.15
[2026-09-29T14:34:13Z]: V-C100        25        10044      17323.0        17465       17374          5461       0        450   875   0.29
[2026-09-29T14:34:13Z]: V-C500        25         6888      17119.0        17465       17374          9930       0        450   875   0.26
[2026-09-29T14:34:13Z]: V-C0          25        12343      17350.0        17465       17374             0       0        450   875   0.30
[2026-09-29T14:34:13Z]: V-P           15        13758      14011.0        14116       52122             0       0        270   525   0.15
[2026-09-29T14:34:13Z]: V-S           15        13590      13979.0        14221       52122             0       0        270   525   0.15
[2026-09-29T14:34:13Z]: W1-Alaska     25         7843      11400.0        11911       68030             0       0        400   725   0.20
[2026-09-29T14:34:13Z]: W1-Canada     25          519        613.0          652        3735             0      25        400   725   0.02
[2026-09-29T14:34:13Z]: W1-Lena       25         1667       2682.0         2862       14790             0       0        400   725   0.05
[2026-09-29T14:34:13Z]: [count-only] 학습기별 추정(프로세스 1개, 4스레드 기준 누적 시간. measured = False 는 가정값)
[2026-09-29T14:34:13Z]:     learner  n_fit  rows_per_fit  base_s  est_h  measured
[2026-09-29T14:34:13Z]:          rf   1168         12693     6.0   1.48     False
[2026-09-29T14:34:13Z]:    catboost   1168         12693     4.0   1.02     False
[2026-09-29T14:34:13Z]: catboost_lo   3220         13464     0.3   0.23      True
[2026-09-29T14:34:13Z]: [count-only] 총 적합 5,556 · 저장 키 10,611 · 추정 누적 2.7 h → 워커 2개 1.4 h · 워커 14개 0.2 h
[2026-09-29T14:34:13Z]: [2026-09-29T14:34:13Z] [stage] count_h41 끝: 종료 코드 0 · 11 s · 경과 38 min
[2026-09-29T14:34:13Z]: [2026-09-29T14:34:13Z] [stage] precheck_cpu 시작(제한 1200 s): env LG_RESCALE=1 python3 -u scripts/3_deep_learning/h42_label_grid_ext.py --part cpu --precheck --workers 1 --threads 4 --gate-tag lg_precheck --no-summarize
[2026-09-29T14:34:15Z]: [data] 부분 cpu · 축 ['base', 'x1', 'x2', 'x9', 'n3', 'prox', 'x5', 'x9f', 'n4', 'n4a', 'ridge'] · 작업 단위 11(건너뜀 0) · 축별 {'base': 1, 'x1': 1, 'x2': 1, 'x9': 1, 'n3': 1, 'prox': 1, 'x5': 1, 'x9f': 1, 'n4': 1, 'n4a': 1, 'ridge': 1}
[2026-09-29T14:34:15Z]: [plan] 실행 11 · 선택 작업 1 · 재개로 건너뜀 0 · 프로세스 1 · 스레드 4 · 장치 CPU · epochs 100 · RealMLP epochs 256
[2026-09-29T14:36:54Z]:   [select] Canada|x: catboost_tuned 선택 표 18행 → /enc/ukrprod_gLyfeb/work/data/processed/lgx/lgx_precheck_tuned_select.csv · 남은 선택 작업 0
[2026-09-29T14:37:02Z]:   [base|Canada|x|s1] 적합 9 · 행 27 · A 355 · 채점 393/20블록 · 원천 16697 · 7.5s · 장치 '' · 상태 ok(실패 0) · 완료 1/11 · 누적 168s
[2026-09-29T14:37:07Z]:   [x1|Canada|x|s1] 적합 18 · 행 45 · A 355 · 채점 393/20블록 · 원천 16697 · 5.3s · 장치 '' · 상태 ok(실패 0) · 완료 2/11 · 누적 173s
[2026-09-29T14:37:46Z]:   [x2|Canada|x|s1] 적합 27 · 행 53 · A 355 · 채점 393/20블록 · 원천 16697 · 39.2s · 장치 '' · 상태 ok(실패 0) · 완료 3/11 · 누적 212s
[2026-09-29T14:37:53Z]:   [x9|Canada|x|s1] 적합 22 · 행 119 · A 355 · 채점 393/20블록 · 원천 16697 · 6.3s · 장치 '' · 상태 ok(실패 0) · 완료 4/11 · 누적 219s
[2026-09-29T14:38:40Z]:   [n3|Canada|x|s1] 적합 17 · 행 55 · A 355 · 채점 393/20블록 · 원천 16697 · 47.1s · 장치 '' · 상태 ok(실패 0) · 완료 5/11 · 누적 266s
[2026-09-29T14:39:04Z]:   [prox|Canada|x|s1] 적합 82 · 행 66 · A 355 · 채점 393/20블록 · 원천 16697 · 23.7s · 장치 '' · 상태 ok(실패 0) · 완료 6/11 · 누적 289s
[2026-09-29T14:39:10Z]:   [x5|Canada|x|s1] 적합 23 · 행 21 · A 355 · 채점 393/20블록 · 원천 16697 · 6.7s · 장치 '' · 상태 ok(실패 0) · 완료 7/11 · 누적 296s
[2026-09-29T14:39:13Z]:   [x9f|Canada|x|s1] 적합 10 · 행 35 · A 355 · 채점 393/20블록 · 원천 16697 · 2.4s · 장치 '' · 상태 ok(실패 0) · 완료 8/11 · 누적 298s
[2026-09-29T14:39:14Z]:   [n4|Canada|x|s1] 적합 5 · 행 19 · A 355 · 채점 393/20블록 · 원천 16697 · 1.5s · 장치 '' · 상태 ok(실패 0) · 완료 9/11 · 누적 300s
[2026-09-29T14:39:14Z]:   [n4a|Canada|x|s1] 적합 0 · 행 3 · A 355 · 채점 393/20블록 · 원천 16697 · 0.0s · 장치 '' · 상태 ok(실패 0) · 완료 10/11 · 누적 300s
[2026-09-29T14:39:15Z]:   [ridge|Canada|x|s1] 적합 14 · 행 35 · A 355 · 채점 393/20블록 · 원천 16697 · 0.6s · 장치 '' · 상태 ok(실패 0) · 완료 11/11 · 누적 301s
[2026-09-29T14:39:15Z]: [done] 완료 11 · 실패 0 · 일부 적합 실패 0 · 선택 설정 없는 n3 조각 0 · 301s
[2026-09-29T14:39:15Z]: [2026-09-29T14:39:15Z] [stage] precheck_cpu 끝: 종료 코드 0 · 302 s · 경과 43 min
[2026-09-29T14:39:15Z]: [2026-09-29T14:39:15Z] [stage] precheck_gpu 시작(제한 1500 s): env LG_RESCALE=1 python3 -u scripts/3_deep_learning/h42_label_grid_ext.py --part gpu --precheck --gpus 0 --procs-per-gpu 3 --threads 1 --learners mlp,cfm,ddpm,tabm,nflow,ftt --no-summarize
[2026-09-29T14:39:17Z]: [data] 부분 gpu · 축 ['r0', 'nn'] · 작업 단위 8(건너뜀 0) · 축별 {'r0': 5, 'nn': 3}
[2026-09-29T14:39:17Z]: [plan] 실행 8 · 선택 작업 0 · 재개로 건너뜀 0 · 프로세스 3 · 스레드 1 · 장치 GPU 0 · epochs 100 · RealMLP epochs 256
[2026-09-29T14:39:26Z]:   [r0|Canada|x|s1|tabm] 적합 2 · 행 9 · A 355 · 채점 393/20블록 · 원천 16697 · 6.1s · 장치 '0' · 상태 ok(실패 0) · 완료 1/8 · 누적 9s
[2026-09-29T14:39:27Z]:   [r0|Canada|x|s1|cfm] 적합 2 · 행 9 · A 355 · 채점 393/20블록 · 원천 16697 · 7.6s · 장치 '0' · 상태 ok(실패 0) · 완료 2/8 · 누적 11s
[2026-09-29T14:39:30Z]:   [r0|Canada|x|s1|ddpm] 적합 2 · 행 9 · A 355 · 채점 393/20블록 · 원천 16697 · 9.9s · 장치 '0' · 상태 ok(실패 0) · 완료 3/8 · 누적 13s
[2026-09-29T14:39:31Z]:   [nn|Canada|x|s1|mlp] 적합 5 · 행 13 · A 355 · 채점 393/20블록 · 원천 16697 · 5.7s · 장치 '0' · 상태 ok(실패 0) · 완료 4/8 · 누적 15s
[2026-09-29T14:39:38Z]:   [nn|Canada|x|s1|tabm] 적합 5 · 행 13 · A 355 · 채점 393/20블록 · 원천 16697 · 10.4s · 장치 '0' · 상태 ok(실패 0) · 완료 5/8 · 누적 21s
[2026-09-29T14:41:14Z]:   [r0|Canada|x|s1|nflow] 적합 2 · 행 9 · A 355 · 채점 393/20블록 · 원천 16697 · 104.2s · 장치 '0' · 상태 ok(실패 0) · 완료 6/8 · 누적 117s
[2026-09-29T14:43:15Z]:   [r0|Canada|x|s1|ftt] 적합 2 · 행 9 · A 355 · 채점 393/20블록 · 원천 16697 · 223.3s · 장치 '0' · 상태 ok(실패 0) · 완료 7/8 · 누적 238s
[2026-09-29T14:45:29Z]:   [nn|Canada|x|s1|ftt] 적합 5 · 행 13 · A 355 · 채점 393/20블록 · 원천 16697 · 351.8s · 장치 '0' · 상태 ok(실패 0) · 완료 8/8 · 누적 373s
[2026-09-29T14:45:30Z]: [done] 완료 8 · 실패 0 · 일부 적합 실패 0 · 선택 설정 없는 n3 조각 0 · 374s
[2026-09-29T14:45:31Z]: [2026-09-29T14:45:31Z] [stage] precheck_gpu 끝: 종료 코드 0 · 376 s · 경과 49 min
[2026-09-29T14:45:31Z]: [2026-09-29T14:45:31Z] [stage] precheck_realmlp 시작(제한 900 s): env LG_RESCALE=1 python3 -u scripts/3_deep_learning/h42_label_grid_ext.py --part gpu --precheck --axes r0 --gpus 0 --procs-per-gpu 1 --threads 4 --learners realmlp --no-summarize
[2026-09-29T14:45:32Z]: [data] 부분 gpu · 축 ['r0'] · 작업 단위 1(건너뜀 0) · 축별 {'r0': 1}
[2026-09-29T14:45:32Z]: [plan] 실행 1 · 선택 작업 0 · 재개로 건너뜀 0 · 프로세스 1 · 스레드 4 · 장치 GPU 0 · epochs 100 · RealMLP epochs 256
[2026-09-29T14:45:39Z]: GPU available: True (cuda), used: True
[2026-09-29T14:45:39Z]: TPU available: False, using: 0 TPU cores
[2026-09-29T14:45:39Z]: 💡 Tip: For seamless cloud logging and experiment tracking, try installing [litlogger](https://pypi.org/project/litlogger/) to enable LitLogger, which logs metrics and artifacts automatically to the Lightning Experiments platform.
[2026-09-29T14:45:39Z]: LOCAL_RANK: 0 - CUDA_VISIBLE_DEVICES: [0]
[2026-09-29T14:47:02Z]: `Trainer.fit` stopped: `max_epochs=256` reached.
[2026-09-29T14:47:02Z]: GPU available: True (cuda), used: True
[2026-09-29T14:47:02Z]: TPU available: False, using: 0 TPU cores
[2026-09-29T14:47:02Z]: 💡 Tip: For seamless cloud logging and experiment tracking, try installing [litlogger](https://pypi.org/project/litlogger/) to enable LitLogger, which logs metrics and artifacts automatically to the Lightning Experiments platform.
[2026-09-29T14:47:02Z]: LOCAL_RANK: 0 - CUDA_VISIBLE_DEVICES: [0]
[2026-09-29T14:47:02Z]: GPU available: True (cuda), used: True
[2026-09-29T14:47:02Z]: TPU available: False, using: 0 TPU cores
[2026-09-29T14:47:02Z]: 💡 Tip: For seamless cloud logging and experiment tracking, try installing [litlogger](https://pypi.org/project/litlogger/) to enable LitLogger, which logs metrics and artifacts automatically to the Lightning Experiments platform.
[2026-09-29T14:47:02Z]: LOCAL_RANK: 0 - CUDA_VISIBLE_DEVICES: [0]
[2026-09-29T14:48:25Z]: `Trainer.fit` stopped: `max_epochs=256` reached.
[2026-09-29T14:48:25Z]: GPU available: True (cuda), used: True
[2026-09-29T14:48:25Z]: TPU available: False, using: 0 TPU cores
[2026-09-29T14:48:25Z]: 💡 Tip: For seamless cloud logging and experiment tracking, try installing [litlogger](https://pypi.org/project/litlogger/) to enable LitLogger, which logs metrics and artifacts automatically to the Lightning Experiments platform.
[2026-09-29T14:48:25Z]: LOCAL_RANK: 0 - CUDA_VISIBLE_DEVICES: [0]
[2026-09-29T14:48:25Z]:   [r0|Canada|x|s1|realmlp] 적합 2 · 행 9 · A 355 · 채점 393/20블록 · 원천 16697 · 170.2s · 장치 '0' · 상태 ok(실패 0) · 완료 1/1 · 누적 173s
[2026-09-29T14:48:26Z]: [done] 완료 1 · 실패 0 · 일부 적합 실패 0 · 선택 설정 없는 n3 조각 0 · 174s
[2026-09-29T14:48:26Z]: [2026-09-29T14:48:26Z] [stage] precheck_realmlp 끝: 종료 코드 0 · 175 s · 경과 52 min
[2026-09-29T14:48:26Z]: [2026-09-29T14:48:26Z] [stage] precheck_sum 시작(제한 600 s): env LG_RESCALE=1 python3 -u scripts/3_deep_learning/h42_label_grid_ext.py --precheck --summarize-only --workers 2 --threads 2 --gate-tag lg_precheck
[2026-09-29T14:48:33Z]: [summarize] 재현 점검: 1/1 단위 통과 → lgx_precheck_gate.csv
[2026-09-29T14:48:33Z]: [summarize] 조각 20 · runs 521 · curve 460(4s, 프로세스 1) · tests 493 · 5s → /enc/ukrprod_gLyfeb/work/data/processed/lgx/lgx_precheck_*
[2026-09-29T14:48:33Z]: test_id role                                                                                                                                                                                                                                                                                                                                         verdict
[2026-09-29T14:48:33Z]:      L9   보조                                                                                                                                                                                                                                                                                                           판정 불가(대비 0/3; 없는 대비: n=0, n=10, n=-1)
[2026-09-29T14:48:33Z]:     L10    주                                                                                                                                                                                                                                                                          판정 불가(대비 0/4; 없는 대비: n=0 R0-F1k, n=0 R0-F1a, n=10 R1-F1k, n=10 R1-F1n)
[2026-09-29T14:48:33Z]:     L10   보조                                                                                                                                                                                                                                                                    판정 불가(대비 0/4; 없는 대비: n=0 R0-F1k, n=10 R1-F1k, n=0 R0-F1k@tr, n=10 R1-F1k@tr)
[2026-09-29T14:48:33Z]:     L11   보조                                                                                                                                                                                                                                                                                                                    판정 불가(대비 0/1; 없는 대비: F1k-P0)
[2026-09-29T14:48:33Z]:     L12    주                                                                                                                                                                                                                                                                          판정 불가(대비 0/4; 없는 대비: n=10 λ=0.25, n=10 λ=1.0, n=-1 λ=0.25, n=-1 λ=1.0)
[2026-09-29T14:48:33Z]:     L13   보조                                                                                                                                                                                                                                                                                                              판정 불가(대비 0/2; 없는 대비: V2-P1, V2-R1)
[2026-09-29T14:48:33Z]:     L13   보조                                                                                                                                                                                                                                                                                                             부분(대상 1/2(없는 대상: CA-3|i)): 지지 조건 충족
[2026-09-29T14:48:33Z]:     L14   보조                                                                                                                                                                                                                                     판정 불가(대비 0/9; 없는 대비: D0t n=0, D0t n=10, D0t n=-1, D0c n=0, D0c n=10, D0c n=-1, D0m n=0, D0m n=10, D0m n=-1)
[2026-09-29T14:48:33Z]:     L15    주                                                                                                                                                                                                              판정 불가(대비 0/8; 없는 대비: shuffle n=0, shuffle n=10, const_t n=0, const_t n=10, const_src n=0, const_src n=10, tddlin n=0, tddlin n=10)
[2026-09-29T14:48:33Z]:     L16   보조                                                                                                                                                                             판정 불가(대비 0/12; 없는 대비: D1@r1 n=0, D1@r1 n=10, D1@r3 n=0, D1@r3 n=10, D1@r30 n=0, D1@r30 n=10, R2@r1 n=0, R2@r1 n=10, R2@r3 n=0, R2@r3 n=10, R2@r30 n=0, R2@r30 n=10)
[2026-09-29T14:48:33Z]:     L16   보조                                                                                                                                                                                                                                                                                                                 판정 불가(D1@r30 − P0 또는 모방 지수가 없다)
[2026-09-29T14:48:33Z]:     L17   보조                                                                                                                                                                                                                                                                          판정 불가(대비 0/4; 없는 대비: n=10 λ=0.25, n=10 λ=1.0, n=-1 λ=0.25, n=-1 λ=1.0)
[2026-09-29T14:48:33Z]:     L18   보조                                                                                                                                                                                                                                                     판정 불가(대비 0/6; 없는 대비: α=10 n=10, α=10 n=40, α=10 n=160, α=100 n=10, α=100 n=40, α=100 n=160)
[2026-09-29T14:48:33Z]:     L23   보조                                                                                                                                                                                                                                                                                                                    판정 불가(대비 0/1; 없는 대비: (b) D0)
[2026-09-29T14:48:33Z]:     L24   보조                                                                                                                                                                                                                                                                                                  판정 불가(대상 1/4, 기준 2개 이상. 남은 대상에 따라 결과가 바뀔 수 있다)
[2026-09-29T14:48:33Z]:     L24   보조                                                                                                                                                                                                                                                                                                  판정 불가(대상 1/4, 기준 3개 이상. 남은 대상에 따라 결과가 바뀔 수 있다)
[2026-09-29T14:48:33Z]:     L25   보조                                                                                                                                                                                                                                                                                                              판정 불가(칸 1/6. 남은 칸에 따라 결과가 바뀔 수 있다)
[2026-09-29T14:48:33Z]:     L26   보조                                                                                                                                                                                                                                                                                                판정 불가(5분할 판정에서 제외: 분할 일부만 있다. LG 의 3분할 판정을 유지한다)
[2026-09-29T14:48:33Z]:     L26   보조                                                                                                                                                                                                                                                                                                판정 불가(5분할 판정에서 제외: 분할 일부만 있다. LG 의 3분할 판정을 유지한다)
[2026-09-29T14:48:33Z]:     L26   보조                                                                                                                                                                                                                                                                                                판정 불가(5분할 판정에서 제외: 분할 일부만 있다. LG 의 3분할 판정을 유지한다)
[2026-09-29T14:48:33Z]:     L26   보조                                                                                                                                                                                                                                                                                                판정 불가(5분할 판정에서 제외: 분할 일부만 있다. LG 의 3분할 판정을 유지한다)
[2026-09-29T14:48:33Z]:     L26   보조                                                                                                                                                                                                                                                                                                판정 불가(5분할 판정에서 제외: 분할 일부만 있다. LG 의 3분할 판정을 유지한다)
[2026-09-29T14:48:33Z]:     L26   보조                                                                                                                                                                                                                                                   판정 불가(대비 0/6; 없는 대비: n=0 λ=0.25, n=0 λ=1.0, n=10 λ=0.25, n=10 λ=1.0, n=-1 λ=0.25, n=-1 λ=1.0)
[2026-09-29T14:48:33Z]:     L26   보조                                                                                                                                                                                                                                                                                                판정 불가(5분할 판정에서 제외: 분할 일부만 있다. LG 의 3분할 판정을 유지한다)
[2026-09-29T14:48:33Z]:     L27   보조                                                                                                                                                                                                                                                                                        판정 불가(시험한 학습기 0/8, 부호가 같은 학습기 0. 남은 학습기에 따라 결과가 바뀔 수 있다)
[2026-09-29T14:48:33Z]:     L28   보조                                                                                                                                                                                                                                                                                                                               판정 불가(판정한 대비 0/5)
[2026-09-29T14:48:33Z]:     L28   보조                                                                                                                                                                                                                                                                                                                               판정 불가(판정한 대비 0/5)
[2026-09-29T14:48:33Z]:     L28   보조                                                                                                                                                                                                                                                                                                                               판정 불가(판정한 대비 0/5)
[2026-09-29T14:48:33Z]:     L28   보조                                                                                                                                                                                                                                                                                                                               판정 불가(판정한 대비 0/5)
[2026-09-29T14:48:33Z]:     L28   보조                                                                                                                                                                                                                                                                                                                               판정 불가(판정한 대비 0/5)
[2026-09-29T14:48:33Z]:     L28   보조                                                                                                                                                                                                                                                                                                                               판정 불가(판정한 대비 0/5)
[2026-09-29T14:48:33Z]:     L28   보조                                                                                                                                                                                                                                                                                                                               판정 불가(판정한 대비 0/5)
[2026-09-29T14:48:33Z]:     L28   보조                                                                                                                                                                                                                                                                                                                               판정 불가(판정한 대비 0/5)
[2026-09-29T14:48:33Z]:     L28   보조                                                                                                                                                                                                                                                                                                                               판정 불가(판정한 대비 0/5)
[2026-09-29T14:48:33Z]:     L28   보조                                                                                                                                                                                                                                                                                                                               판정 불가(판정한 대비 0/5)
[2026-09-29T14:48:33Z]:     L28   보조                                                                                                                                                                                                                       판정 불가(대비 0/10; 없는 대비: soil n=10, soil n=-1, ku n=10, ku n=-1, ed n=10, ed n=-1, cci n=10, cci n=-1, tddm n=10, tddm n=-1)
[2026-09-29T14:48:33Z]:     L29    주                                                                                                                                                                                                                       판정 불가(기준선 0/11; 없는 기준선: B:s_aff, B:ed_raw, B:ku_raw, B:cci_raw, B:cci_aff, B:ens, P0@soil, P0@ku, P0@ed, P0@cci, P0@tddm)
[2026-09-29T14:48:33Z]:     L29   보조 판정 불가(대비 0/24; 없는 대비: B:ens n=10, P1@soil n=10, P1@ku n=10, P1@ed n=10, P1@cci n=10, P1@tddm n=10, B:ens n=40, P1@soil n=40, P1@ku n=40, P1@ed n=40, P1@cci n=40, P1@tddm n=40, B:ens n=160, P1@soil n=160, P1@ku n=160, P1@ed n=160, P1@cci n=160, P1@tddm n=160, B:ens n=-1, P1@soil n=-1, P1@ku n=-1, P1@ed n=-1, P1@cci n=-1, P1@tddm n=-1)
[2026-09-29T14:48:33Z]:     L29   보조                                                                                                                                                                                                                        판정 불가(기준선 0/10; 없는 기준선: B:ku_raw_tr, B:ed_raw_tr, P0@ku_tr, P0@ed_tr, B:ens_tr, B:ku_raw, B:ed_raw, P0@ku, P0@ed, B:ens)
[2026-09-29T14:48:33Z]:     L30    주                                                                                                                                                                                                                                                                                              판정 불가(대비 0/3; 없는 대비: catboost, rf, catboost_tuned)
[2026-09-29T14:48:33Z]:     L31   보조                                                                                                                                                                                                                                                                                                            판정 불가(지역 0/4. 남은 지역에 따라 결과가 바뀔 수 있다)
[2026-09-29T14:48:33Z]: [2026-09-29T14:48:33Z] [stage] precheck_sum 끝: 종료 코드 0 · 7 s · 경과 52 min
[2026-09-29T14:48:33Z]: [2026-09-29T14:48:33Z] [stage] gate_precheck 시작(제한 180 s): env OMP_NUM_THREADS=1 python3 -u scripts/rescale/lgx_gate_check.py --precheck --gate-tag lg_precheck --out-csv lgx_precheck_gate_check.csv
[2026-09-29T14:48:34Z]: [gate] 확장 기준 축 조각 1개(tag lgxb_precheck) · 기준 tag lg_precheck · 기준 조각이 있는 단위 1개 · 허용 차 물리식 1e-09 cm, CatBoost 0.02 cm
[2026-09-29T14:48:34Z]: target mode  split status  n_keys  n_keys_phys  n_keys_ml  max_diff_phys  max_diff_ml  blocks_equal code_sha_h40_ref code_sha_h40_now                                         worst_key
[2026-09-29T14:48:34Z]: Canada    x      1     ok      27            5         22            0.0          0.0          True     ffd0b3a76d36     ffd0b3a76d36 ["R2", "catboost_lo", "1", "cell", 40, 0, 0, 1.0]
[2026-09-29T14:48:34Z]: [gate] 통과 1/1 단위 · 물리식 최대 차 0 cm · CatBoost 최대 차 0 cm
[2026-09-29T14:48:34Z]: [2026-09-29T14:48:34Z] [stage] gate_precheck 끝: 종료 코드 0 · 1 s · 경과 52 min
[2026-09-29T14:48:34Z]: [2026-09-29T14:48:34Z] [stage] timing_final 시작(제한 300 s): python3 -u scripts/rescale/lgx_timing_table.py --lgx-dir data/processed/lgx --lg-dir data/processed/lg --out-dir . --prefix lgx_smoke
[2026-09-29T14:48:35Z]: [timing] LG 사전 점검의 gpu 조각 7개를 분할 4·5 축(g45)의 실측으로 읽었다
[2026-09-29T14:48:35Z]: [timing] 조각 134 · 행 279 → lgx_smoke_timing_by_learner.csv
[2026-09-29T14:48:35Z]: harness            tag part    axis        learner  n_fit     sec  sec_full_epochs    est_s  epochs_run  sec_per_fit  calib
[2026-09-29T14:48:35Z]:     h41      lgv_smoke  cpu     V-B       catboost     10   14.76           14.760    34.64         NaN        1.476  0.426
[2026-09-29T14:48:35Z]:     h41      lgv_smoke  cpu     V-B    catboost_lo     25    6.79            6.790     6.70         NaN        0.272  1.013
[2026-09-29T14:48:35Z]:     h41      lgv_smoke  cpu     V-B             rf     10   38.05           38.050    50.22         NaN        3.805  0.758
[2026-09-29T14:48:35Z]:     h41      lgv_smoke  cpu  V-C100       catboost      6    9.37            9.370    22.68         NaN        1.562  0.413
[2026-09-29T14:48:35Z]:     h41      lgv_smoke  cpu  V-C100    catboost_lo     15    4.26            4.260     4.35         NaN        0.284  0.979
[2026-09-29T14:48:35Z]:     h41      lgv_smoke  cpu  V-C100             rf      6   24.59           24.590    33.54         NaN        4.098  0.733
[2026-09-29T14:48:35Z]:     h41      lgv_smoke  cpu     V-G       catboost     14   20.93           20.930    50.28         NaN        1.495  0.416
[2026-09-29T14:48:35Z]:     h41      lgv_smoke  cpu     V-G    catboost_lo     35    9.56            9.560     9.55         NaN        0.273  1.001
[2026-09-29T14:48:35Z]:     h41      lgv_smoke  cpu     V-G             rf     14   57.42           57.420    74.36         NaN        4.101  0.772
[2026-09-29T14:48:35Z]:     h41      lgv_smoke  cpu     V-R       catboost     10   15.14           15.140    34.70         NaN        1.514  0.436
[2026-09-29T14:48:35Z]:     h41      lgv_smoke  cpu     V-R    catboost_lo     25    7.03            7.030     6.75         NaN        0.281  1.041
[2026-09-29T14:48:35Z]:     h41      lgv_smoke  cpu     V-R             rf     10   40.01           40.010    50.20         NaN        4.001  0.797
[2026-09-29T14:48:35Z]:     h41      lgv_smoke  cpu W1-Lena       catboost     10    6.15            6.150     8.52         NaN        0.615  0.722
[2026-09-29T14:48:35Z]:     h41      lgv_smoke  cpu W1-Lena    catboost_lo     20    1.93            1.930     1.88         NaN        0.096  1.027
[2026-09-29T14:48:35Z]:     h41      lgv_smoke  cpu W1-Lena             rf     10   10.23           10.230     8.72         NaN        1.023  1.173
[2026-09-29T14:48:35Z]:     h41      lgv_smoke  cpu W2-Lena       catboost     10   16.00           16.000    40.28         NaN        1.600  0.397
[2026-09-29T14:48:35Z]:     h41      lgv_smoke  cpu W2-Lena    catboost_lo     50   14.58           14.580    14.96         NaN        0.292  0.975
[2026-09-29T14:48:35Z]:     h41      lgv_smoke  cpu W2-Lena             rf     10   46.22           46.220    60.56         NaN        4.622  0.763
[2026-09-29T14:48:35Z]:     h42    lg_precheck  gpu     g45            cfm      6   67.52           67.520    43.42       100.0       11.253  1.555
[2026-09-29T14:48:35Z]:     h42    lg_precheck  gpu     g45           ddpm      6   77.17           77.170    54.28       100.0       12.862  1.422
[2026-09-29T14:48:35Z]:     h42    lg_precheck  gpu     g45            ftt      6 1333.29         1333.290   405.30       100.0      222.215  3.290
[2026-09-29T14:48:35Z]:     h42    lg_precheck  gpu     g45            mlp     16   29.08           29.080    47.05       100.0        1.818  0.618
[2026-09-29T14:48:35Z]:     h42    lg_precheck  gpu     g45          nflow      6  256.28          256.280   311.20       100.0       42.713  0.824
[2026-09-29T14:48:35Z]:     h42    lg_precheck  gpu     g45           tabm      6   26.62           26.620    94.08       100.0        4.437  0.283
[2026-09-29T14:48:35Z]:     h42  lgrm_precheck  gpu     g45        realmlp      6   76.48         2447.360  5844.18         8.0       12.747  0.419
[2026-09-29T14:48:35Z]:     h42  lgx1_precheck  cpu      x1    catboost_lo     18    5.23            5.230     5.40         NaN        0.291  0.969
[2026-09-29T14:48:35Z]:     h42     lgx1_smoke  cpu      x1    catboost_lo    104   29.79           29.790    31.50         NaN        0.286  0.946
[2026-09-29T14:48:35Z]:     h42  lgx2_precheck  cpu      x2    catboost_lo     27   39.15           39.150    30.08         NaN        1.450  1.302
[2026-09-29T14:48:35Z]:     h42     lgx2_smoke  cpu      x2    catboost_lo    116  159.26          159.260   125.60         NaN        1.373  1.268
[2026-09-29T14:48:35Z]:     h42  lgx5_precheck  cpu      x5    catboost_lo     23    6.62            6.620     6.68         NaN        0.288  0.991
[2026-09-29T14:48:35Z]:     h42     lgx5_smoke  cpu      x5    catboost_lo    132   38.09           38.090    39.39         NaN        0.289  0.967
[2026-09-29T14:48:35Z]:     h42  lgx9_precheck  cpu      x9    catboost_lo     22    6.25            6.250     6.60         NaN        0.284  0.947
[2026-09-29T14:48:35Z]:     h42     lgx9_smoke  cpu      x9    catboost_lo    139   40.01           40.010    42.15         NaN        0.288  0.949
[2026-09-29T14:48:35Z]:     h42 lgx9f_precheck  cpu     x9f    catboost_lo     10    2.35            2.350     2.27         NaN        0.235  1.035
[2026-09-29T14:48:35Z]:     h42    lgx9f_smoke  cpu     x9f    catboost_lo     60   14.28           14.280    13.89         NaN        0.238  1.028
[2026-09-29T14:48:35Z]:     h42  lgxb_precheck  cpu    base    catboost_lo      9    7.44            7.440     6.56         NaN        0.827  1.134
[2026-09-29T14:48:35Z]:     h42     lgxb_smoke  cpu    base    catboost_lo     52   41.26           41.260    37.15         NaN        0.793  1.111
[2026-09-29T14:48:35Z]:     h42     lgxg_smoke  gpu     g45            cfm     33    9.12          304.000   242.51         3.0        0.276  1.254
[2026-09-29T14:48:35Z]:     h42     lgxg_smoke  gpu     g45           ddpm     33   23.74          791.333   303.15         3.0        0.719  2.610
[2026-09-29T14:48:35Z]:     h42     lgxg_smoke  gpu     g45            ftt     33  268.75         8958.333  2263.42         3.0        8.144  3.958
[2026-09-29T14:48:35Z]:     h42     lgxg_smoke  gpu     g45            mlp    113   12.40          366.450   303.55         3.0        0.110  1.207
[2026-09-29T14:48:35Z]:     h42     lgxg_smoke  gpu     g45          nflow     33   27.68          922.667  1737.97         3.0        0.839  0.531
[2026-09-29T14:48:35Z]:     h42     lgxg_smoke  gpu     g45        realmlp     33  202.81        17306.453 32637.52         3.0        6.146  0.530
[2026-09-29T14:48:35Z]:     h42     lgxg_smoke  gpu     g45           tabm     33    9.82          327.333   525.43         3.0        0.298  0.623
[2026-09-29T14:48:35Z]:     h42 lgxn3_precheck  cpu      n3       catboost      7   19.60           19.600    29.55         NaN        2.800  0.663
[2026-09-29T14:48:35Z]:     h42 lgxn3_precheck  cpu      n3 catboost_tuned      5    4.67            4.670    11.00         NaN        0.934  0.425
[2026-09-29T14:48:35Z]:     h42 lgxn3_precheck  cpu      n3             rf      5   22.80           22.800    20.03         NaN        4.560  1.138
[2026-09-29T14:48:35Z]:     h42    lgxn3_smoke  cpu      n3       catboost     41  111.77          111.770   169.68         NaN        2.726  0.659
[2026-09-29T14:48:35Z]:     h42    lgxn3_smoke  cpu      n3 catboost_tuned     30   32.18           32.180    66.77         NaN        1.073  0.482
[2026-09-29T14:48:35Z]:     h42    lgxn3_smoke  cpu      n3             rf     30  142.60          142.600   122.29         NaN        4.753  1.166
[2026-09-29T14:48:35Z]:     h42 lgxn4_precheck  cpu      n4    catboost_lo      5    1.45            1.450     1.50         NaN        0.290  0.967
[2026-09-29T14:48:35Z]:     h42    lgxn4_smoke  cpu      n4    catboost_lo     30    8.75            8.750     9.09         NaN        0.292  0.963
[2026-09-29T14:48:35Z]:     h42 lgxnn_precheck  gpu      nn            ftt      5  351.77          351.770    78.04       100.0       70.354  4.508
[2026-09-29T14:48:35Z]:     h42 lgxnn_precheck  gpu      nn            mlp      5    5.60            5.600     6.97       100.0        1.120  0.803
[2026-09-29T14:48:35Z]:     h42 lgxnn_precheck  gpu      nn           tabm      5   10.26           10.260    18.11       100.0        2.052  0.567
[2026-09-29T14:48:35Z]:     h42    lgxnn_smoke  gpu      nn            ftt     30   58.16         1938.667   476.54         3.0        1.939  4.068
[2026-09-29T14:48:35Z]:     h42    lgxnn_smoke  gpu      nn            mlp     30    1.78           59.333    42.56         3.0        0.059  1.394
[2026-09-29T14:48:35Z]:     h42    lgxnn_smoke  gpu      nn           tabm     30    2.66           88.667   110.63         3.0        0.089  0.801
[2026-09-29T14:48:35Z]:     h42  lgxp_precheck  cpu    prox    catboost_lo     82   23.65           23.650    24.96         NaN        0.288  0.948
[2026-09-29T14:48:35Z]:     h42     lgxp_smoke  cpu    prox    catboost_lo    256   73.86           73.860    78.16         NaN        0.289  0.945
[2026-09-29T14:48:35Z]:     h42 lgxr0_precheck  cpu   ridge          ridge     14    0.53            0.530     1.70         NaN        0.038  0.312
[2026-09-29T14:48:35Z]:     h42 lgxr0_precheck  gpu      r0            cfm      2    6.43            6.430     3.34       100.0        3.215  1.925
[2026-09-29T14:48:35Z]:     h42 lgxr0_precheck  gpu      r0           ddpm      2    8.69            8.690     4.18       100.0        4.345  2.079
[2026-09-29T14:48:35Z]:     h42 lgxr0_precheck  gpu      r0            ftt      2  223.26          223.260    31.21       100.0      111.630  7.153
[2026-09-29T14:48:35Z]:     h42 lgxr0_precheck  gpu      r0          nflow      2  104.03          104.030    23.96       100.0       52.015  4.342
[2026-09-29T14:48:35Z]:     h42 lgxr0_precheck  gpu      r0        realmlp      2  169.05          169.050   449.97       256.0       84.525  0.376
[2026-09-29T14:48:35Z]:     h42 lgxr0_precheck  gpu      r0           tabm      2    4.94            4.940     7.24       100.0        2.470  0.682
[2026-09-29T14:48:35Z]:     h42    lgxr0_smoke  cpu   ridge          ridge     82    3.15            3.150     9.74         NaN        0.038  0.323
[2026-09-29T14:48:35Z]:     h42    lgxr0_smoke  gpu      r0            cfm     11    1.71           57.000    18.71         3.0        0.155  3.046
[2026-09-29T14:48:35Z]:     h42    lgxr0_smoke  gpu      r0           ddpm     11    5.80          193.333    23.40         3.0        0.527  8.262
[2026-09-29T14:48:35Z]:     h42    lgxr0_smoke  gpu      r0            ftt     11   20.22          674.000   174.70         3.0        1.838  3.858
[2026-09-29T14:48:35Z]:     h42    lgxr0_smoke  gpu      r0          nflow     11    6.76          225.333   134.14         3.0        0.615  1.680
[2026-09-29T14:48:35Z]:     h42    lgxr0_smoke  gpu      r0        realmlp     11   18.85         1608.533  2519.07         3.0        1.714  0.639
[2026-09-29T14:48:35Z]:     h42    lgxr0_smoke  gpu      r0           tabm     11    5.80          193.333    40.56         3.0        0.527  4.767
[2026-09-29T14:48:35Z]: [timing] 본 실행 환산 → lgx_smoke_full_projection.csv (누적 시간 h, 워커 수로 나눈 벽시계 h)
[2026-09-29T14:48:35Z]: harness part      axis        learner  n_fit_full  est_h_full  proj_h_full  calib_mean  n_fit_measured         source  workers  proj_wall_h
[2026-09-29T14:48:35Z]:     h42  cpu      base    catboost_lo       28156       4.206        4.735       1.126               9 축·학습기·방법/사전 점검       14        0.338
[2026-09-29T14:48:35Z]:     h42  cpu        n3       catboost        2770       2.333        1.554       0.666               7 축·학습기·방법/사전 점검       14        0.111
[2026-09-29T14:48:35Z]:     h42  cpu        n3 catboost_tuned        2050       0.946        0.416       0.440               5 축·학습기·방법/사전 점검       14        0.030
[2026-09-29T14:48:35Z]:     h42  cpu        n3             rf        2050       1.540        1.755       1.140               5 축·학습기·방법/사전 점검       14        0.125
[2026-09-29T14:48:35Z]:     h42  cpu        n4    catboost_lo       19880       1.508        1.452       0.963               5 축·학습기·방법/사전 점검       14        0.104
[2026-09-29T14:48:35Z]:     h42  cpu      prox    catboost_lo       45736       3.098        2.935       0.948              82 축·학습기·방법/사전 점검       14        0.210
[2026-09-29T14:48:35Z]:     h42  cpu     ridge          ridge        5540       0.120        0.037       0.305              14 축·학습기·방법/사전 점검       14        0.003
[2026-09-29T14:48:35Z]:     h42  cpu        x1    catboost_lo       56312       3.688        3.611       0.979              18 축·학습기·방법/사전 점검       14        0.258
[2026-09-29T14:48:35Z]:     h42  cpu        x2    catboost_lo       51608      11.888       15.322       1.289              27 축·학습기·방법/사전 점검       14        1.094
[2026-09-29T14:48:35Z]:     h42  cpu        x5    catboost_lo       18619       1.226        1.204       0.982              23 축·학습기·방법/사전 점검       14        0.086
[2026-09-29T14:48:35Z]:     h42  cpu        x9    catboost_lo       65058       4.332        4.061       0.937              22 축·학습기·방법/사전 점검       14        0.290
[2026-09-29T14:48:35Z]:     h42  cpu       x9f    catboost_lo       20466       1.078        1.114       1.033              10 축·학습기·방법/사전 점검       14        0.080
[2026-09-29T14:48:35Z]:     h42  gpu       g45            cfm         876       1.154        1.796       1.556               6 축·학습기·방법/사전 점검       12        0.150
[2026-09-29T14:48:35Z]:     h42  gpu       g45           ddpm         876       1.443        2.054       1.424               6 축·학습기·방법/사전 점검       12        0.171
[2026-09-29T14:48:35Z]:     h42  gpu       g45            ftt         876      10.769       35.442       3.291               6 축·학습기·방법/사전 점검       12        2.954
[2026-09-29T14:48:35Z]:     h42  gpu       g45            mlp        3356       1.897        1.450       0.764              44 축·학습기·방법/사전 점검       12        0.121
[2026-09-29T14:48:35Z]:     h42  gpu       g45          nflow         876       8.269        6.849       0.828               6 축·학습기·방법/사전 점검       12        0.571
[2026-09-29T14:48:35Z]:     h42  gpu       g45        realmlp         876     155.289       65.066       0.419               6 축·학습기·방법/사전 점검       12        5.422
[2026-09-29T14:48:35Z]:     h42  gpu       g45           tabm         876       2.499        0.709       0.284               6 축·학습기·방법/사전 점검       12        0.059
[2026-09-29T14:48:35Z]:     h42  gpu        nn            ftt        2050       5.995       26.394       4.403               5 축·학습기·방법/사전 점검       12        2.199
[2026-09-29T14:48:35Z]:     h42  gpu        nn            mlp        2050       0.536        0.419       0.782               5 축·학습기·방법/사전 점검       12        0.035
[2026-09-29T14:48:35Z]:     h42  gpu        nn           tabm        2050       1.392        0.790       0.567               5 축·학습기·방법/사전 점검       12        0.066
[2026-09-29T14:48:35Z]:     h42  gpu        r0            cfm         720       0.227        0.437       1.925               2 축·학습기·방법/사전 점검       12        0.036
[2026-09-29T14:48:35Z]:     h42  gpu        r0           ddpm         720       0.283        0.588       2.079               2 축·학습기·방법/사전 점검       12        0.049
[2026-09-29T14:48:35Z]:     h42  gpu        r0            ftt         720       2.114       15.122       7.153               2 축·학습기·방법/사전 점검       12        1.260
[2026-09-29T14:48:35Z]:     h42  gpu        r0          nflow         720       1.623        7.047       4.342               2 축·학습기·방법/사전 점검       12        0.587
[2026-09-29T14:48:35Z]:     h42  gpu        r0        realmlp         720      30.486       11.453       0.376               2 축·학습기·방법/사전 점검       12        0.954
[2026-09-29T14:48:35Z]:     h42  gpu        r0           tabm         720       0.491        0.335       0.682               2 축·학습기·방법/사전 점검       12        0.028
[2026-09-29T14:48:35Z]:     h41  cpu       V-G           (전체)         126       0.075        0.049       0.655              63      같은 단의 스모크        2        0.024
[2026-09-29T14:48:35Z]:     h41  cpu       V-R           (전체)         270       0.153        0.104       0.678              45      같은 단의 스모크        2        0.052
[2026-09-29T14:48:35Z]:     h41  cpu W2-Alaska           (전체)         600       0.278        0.186       0.669               0         전체 스모크        2        0.093
[2026-09-29T14:48:35Z]:     h41  cpu W2-Canada           (전체)         600       0.321        0.215       0.669               0         전체 스모크        2        0.107
[2026-09-29T14:48:35Z]:     h41  cpu   W2-Lena           (전체)         600       0.314        0.208       0.663              70      같은 단의 스모크        2        0.104
[2026-09-29T14:48:35Z]:     h41  cpu       V-B           (전체)         270       0.153        0.099       0.651              45      같은 단의 스모크        2        0.050
[2026-09-29T14:48:35Z]:     h41  cpu    V-C100           (전체)         450       0.293        0.185       0.631              27      같은 단의 스모크        2        0.092
[2026-09-29T14:48:35Z]:     h41  cpu    V-C500           (전체)         450       0.265        0.177       0.669               0         전체 스모크        2        0.089
[2026-09-29T14:48:35Z]:     h41  cpu      V-C0           (전체)         450       0.300        0.200       0.669               0         전체 스모크        2        0.100
[2026-09-29T14:48:35Z]:     h41  cpu       V-P           (전체)         270       0.153        0.102       0.669               0         전체 스모크        2        0.051
[2026-09-29T14:48:35Z]:     h41  cpu       V-S           (전체)         270       0.153        0.102       0.669               0         전체 스모크        2        0.051
[2026-09-29T14:48:35Z]:     h41  cpu W1-Alaska           (전체)         400       0.200        0.134       0.669               0         전체 스모크        2        0.067
[2026-09-29T14:48:35Z]:     h41  cpu W1-Canada           (전체)         400       0.016        0.011       0.669               0         전체 스모크        2        0.005
[2026-09-29T14:48:35Z]:     h41  cpu   W1-Lena           (전체)         400       0.053        0.051       0.958              40      같은 단의 스모크        2        0.025
[2026-09-29T14:48:35Z]: [timing] h42 cpu: 환산 누적 38.2 h · 벽시계 2.7 h(워커 14개) · 실측 없는 (축, 학습기) []
[2026-09-29T14:48:35Z]: [timing] h42 gpu: 환산 누적 176.0 h · 벽시계 14.7 h(워커 12개) · 실측 없는 (축, 학습기) []
[2026-09-29T14:48:35Z]: [timing] h41 cpu: 환산 누적 1.8 h · 벽시계 0.9 h(워커 2개) · 실측 없는 (축, 학습기) []
[2026-09-29T14:48:35Z]: [timing] h42 gpu: RealMLP 제외 99.4 GPU-h · RealMLP 76.5 GPU-h(환산이 없는 항목은 0 으로 더했다)
[2026-09-29T14:48:35Z]: [2026-09-29T14:48:35Z] [stage] timing_final 끝: 종료 코드 0 · 1 s · 경과 52 min
[2026-09-29T14:48:36Z]: [2026-09-29T14:48:36Z] [pack] results_lgx_smoke.tar.gz 4.5M · 파일 443개 · 조각 포함 1
[2026-09-29T14:48:36Z]: [2026-09-29T14:48:36Z] [smoke] 단계별 상태
[2026-09-29T14:48:36Z]:   stage,required,rc,sec,note
[2026-09-29T14:48:36Z]:   inputs,1,0,0,ok
[2026-09-29T14:48:36Z]:   deps,1,0,66,ok
[2026-09-29T14:48:36Z]:   deps_versions,0,0,0,사전 점검과 같은 판
[2026-09-29T14:48:36Z]:   smoke_cpu,1,0,1388,
[2026-09-29T14:48:36Z]:   smoke_h41,1,0,355,
[2026-09-29T14:48:36Z]:   smoke_gpu,1,0,1744,
[2026-09-29T14:48:36Z]:   smoke_sum_h42,1,0,24,
[2026-09-29T14:48:36Z]:   smoke_sum_h41,1,0,9,
[2026-09-29T14:48:36Z]:   gate_smoke,0,0,2,
[2026-09-29T14:48:36Z]:   timing,1,0,0,
[2026-09-29T14:48:36Z]:   pytest_h42,1,0,218,
[2026-09-29T14:48:36Z]:   pytest_h41,1,0,82,
[2026-09-29T14:48:36Z]:   count_cpu,0,0,72,
[2026-09-29T14:48:36Z]:   count_gpu,0,0,20,
[2026-09-29T14:48:36Z]:   count_h41,0,0,11,
[2026-09-29T14:48:36Z]:   precheck_cpu,0,0,302,
[2026-09-29T14:48:36Z]:   precheck_gpu,0,0,376,
[2026-09-29T14:48:36Z]:   precheck_realmlp,0,0,175,
[2026-09-29T14:48:36Z]:   precheck_sum,0,0,7,
[2026-09-29T14:48:36Z]:   gate_precheck,0,0,1,
[2026-09-29T14:48:36Z]:   timing_final,0,0,1,
[2026-09-29T14:48:36Z]: [2026-09-29T14:48:36Z] [smoke] 모든 단계 통과 · 경과 52 min
[2026-09-29T14:48:36Z]: Exited with code 0
[2026-09-29T14:48:36Z]: 
